{
"smt2FileSizeByte_All_splitClauses_1":["42889"],
"generatedPredicateNumber_All_splitClauses_1":["10800000"],
"unlabeledTemplateRelationSymbolNumber_PredictedCDHG_splitClauses_0":["23"],
"relationSymbolNumberBeforeSimplification_Unlabeled_splitClauses_1":["252"],
"predicateGeneratorTime_Term_splitClauses_0":["10800000"],
"averagePredicateSize_Random_splitClauses_1":["1"],
"labeledBinaryVariableTemplatesNumber_Labeled_splitClauses_1":["6"],
"clauseNumberBeforeSimplification_All_splitClauses_1":["114"],
"minedTemplateRelationSymbolNumber_Term_splitClauses_0":["23"],
"solvingTime_Labeled_splitClauses_1":["317"],
"unlabeledTemplateNumber_Labeled_splitClauses_1":["972"],
"relationSymbolNumberAfterSimplification_All_splitClauses_1":["116"],
"minedTemplateRelationSymbolNumber_Octagon_splitClauses_1":["23"],
"clauseNumberAfterSimplification_Mined_splitClauses_1":["79"],
"relationSymbolNumberBeforeSimplification_Octagon_splitClauses_0":["252"],
"unlabeledBinaryVariableTemplatesNumber_Term_splitClauses_0":["600"],
"labeledTemplateNumber_PredictedCDHG_splitClauses_0":["7"],
"solvability_Empty_splitClauses_0":["10800000"],
"unlabeledTemplateRelationSymbolNumber_Random_splitClauses_1":["23"],
"labeledBinaryVariableTemplatesNumber_Octagon_splitClauses_0":["6"],
"relationSymbolNumberBeforeSimplification_Random_splitClauses_1":["252"],
"minedTemplateRelationSymbolNumber_Random_splitClauses_1":["23"],
"unlabeledSingleVariableTemplatesNumber_Mined_splitClauses_0":["372"],
"unlabeledBinaryVariableTemplatesNumber_PredictedCG_splitClauses_1":["600"],
"solvability_All_splitClauses_0":["10800000"],
"predicateGeneratorTime_RelationalEqs_splitClauses_1":["184"],
"relationSymbolNumberBeforeSimplification_PredictedCDHG_splitClauses_1":["252"],
"smt2FileSizeByte_PredictedCG_splitClauses_1":["42889"],
"labeledSingleVariableTemplatesNumber_Unlabeled_splitClauses_1":["1"],
"labeledBinaryVariableTemplatesNumber_PredictedCG_splitClauses_1":["6"],
"minedBinaryVariableTemplatesNumber_PredictedCG_splitClauses_0":["6"],
"solvability_Random_splitClauses_0":["10800000"],
"relationSymbolNumberAfterSimplification_PredictedCG_splitClauses_1":["116"],
"clauseNumberBeforeSimplification_PredictedCDHG_splitClauses_1":["114"],
"labeledSingleVariableTemplatesNumber_Mined_splitClauses_0":["1"],
"solvability_Unlabeled_splitClauses_1":["1"],
"cegarIterationNumber_Labeled_splitClauses_1":["4"],
"smt2FileSizeByte_Mined_splitClauses_0":["42889"],
"relationSymbolNumberAfterSimplification_Mined_splitClauses_0":["116"],
"labeledSingleVariableTemplatesNumber_PredictedCG_splitClauses_1":["1"],
"smt2FileSizeByte_Octagon_splitClauses_1":["42889"],
"minedTemplateNumber_Labeled_splitClauses_1":["132"],
"labeledSingleVariableTemplatesNumber_RelationalIneqs_splitClauses_1":["1"],
"clauseNumberAfterSimplification_Labeled_splitClauses_1":["79"],
"relationSymbolNumberAfterSimplification_Labeled_splitClauses_0":["116"],
"smt2FileSizeByte_Random_splitClauses_0":["42889"],
"relationSymbolNumberAfterSimplification_PredictedCDHG_splitClauses_0":["116"],
"unlabeledTemplateRelationSymbolNumber_PredictedCDHG_splitClauses_1":["23"],
"labeledSingleVariableTemplatesNumber_Term_splitClauses_0":["1"],
"generatedPredicateNumber_PredictedCDHG_splitClauses_1":["10800000"],
"minedSingleVariableTemplatesNumber_Unlabeled_splitClauses_0":["126"],
"generatedPredicateNumber_Octagon_splitClauses_1":["8"],
"labeledSingleVariableTemplatesNumber_RelationalEqs_splitClauses_0":["1"],
"predicateGeneratorTime_PredictedCG_splitClauses_1":["10800000"],
"relationSymbolNumberAfterSimplification_Octagon_splitClauses_0":["116"],
"labeledTemplateNumber_Labeled_splitClauses_1":["7"],
"labeledSingleVariableTemplatesNumber_Empty_splitClauses_0":["1"],
"minedTemplateRelationSymbolNumber_RelationalIneqs_splitClauses_1":["23"],
"unlabeledSingleVariableTemplatesNumber_All_splitClauses_1":["372"],
"labeledBinaryVariableTemplatesNumber_PredictedCDHG_splitClauses_1":["6"],
"unlabeledSingleVariableTemplatesNumber_RelationalEqs_splitClauses_1":["372"],
"cegarIterationNumber_Term_splitClauses_0":["10800000"],
"unlabeledBinaryVariableTemplatesNumber_Labeled_splitClauses_1":["600"],
"unlabeledSingleVariableTemplatesNumber_Term_splitClauses_1":["372"],
"clauseNumberAfterSimplification_All_splitClauses_1":["79"],
"minedSingleVariableTemplatesNumber_Random_splitClauses_0":["126"],
"solvability_RelationalIneqs_splitClauses_1":["1"],
"minedTemplateNumber_Labeled_splitClauses_0":["132"],
"minedSingleVariableTemplatesNumber_Octagon_splitClauses_0":["126"],
"minedSingleVariableTemplatesNumber_Term_splitClauses_1":["126"],
"minedBinaryVariableTemplatesNumber_PredictedCDHG_splitClauses_1":["6"],
"generatedPredicateNumber_Mined_splitClauses_1":["8"],
"labeledSingleVariableTemplatesNumber_RelationalIneqs_splitClauses_0":["1"],
"averagePredicateSize_Mined_splitClauses_0":["10800000"],
"cegarIterationNumber_Unlabeled_splitClauses_0":["10800000"],
"minedBinaryVariableTemplatesNumber_Random_splitClauses_0":["6"],
"labeledTemplateNumber_Mined_splitClauses_1":["7"],
"labeledBinaryVariableTemplatesNumber_Random_splitClauses_0":["6"],
"unlabeledTemplateRelationSymbolNumber_Unlabeled_splitClauses_1":["23"],
"cegarIterationNumber_Mined_splitClauses_0":["10800000"],
"minedTemplateRelationSymbolNumber_Labeled_splitClauses_0":["23"],
"unlabeledBinaryVariableTemplatesNumber_RelationalIneqs_splitClauses_1":["600"],
"unlabeledBinaryVariableTemplatesNumber_Octagon_splitClauses_0":["600"],
"solvability_Mined_splitClauses_0":["10800000"],
"averagePredicateSize_RelationalEqs_splitClauses_0":["10800000"],
"clauseNumberAfterSimplification_Term_splitClauses_0":["79"],
"unlabeledTemplateNumber_Mined_splitClauses_0":["972"],
"relationSymbolNumberAfterSimplification_Random_splitClauses_1":["116"],
"unlabeledTemplateNumber_PredictedCDHG_splitClauses_0":["972"],
"cegarIterationNumber_RelationalIneqs_splitClauses_1":["4"],
"minedBinaryVariableTemplatesNumber_Unlabeled_splitClauses_1":["6"],
"labeledTemplateNumber_PredictedCG_splitClauses_1":["7"],
"labeledTemplateRelationSymbolNumber_Mined_splitClauses_0":["3"],
"labeledBinaryVariableTemplatesNumber_Mined_splitClauses_1":["6"],
"relationSymbolNumberBeforeSimplification_Mined_splitClauses_0":["252"],
"relationSymbolNumberBeforeSimplification_RelationalIneqs_splitClauses_0":["252"],
"clauseNumberAfterSimplification_RelationalIneqs_splitClauses_1":["79"],
"minedSingleVariableTemplatesNumber_PredictedCDHG_splitClauses_0":["126"],
"solvability_Labeled_splitClauses_1":["1"],
"labeledSingleVariableTemplatesNumber_Octagon_splitClauses_1":["1"],
"averagePredicateSize_Random_splitClauses_0":["10800000"],
"smt2FileSizeByte_RelationalIneqs_splitClauses_0":["42889"],
"generatedPredicateNumber_Unlabeled_splitClauses_0":["10800000"],
"solvability_RelationalEqs_splitClauses_0":["10800000"],
"predicateGeneratorTime_Empty_splitClauses_1":["175"],
"minedSingleVariableTemplatesNumber_Mined_splitClauses_0":["126"],
"relationSymbolNumberAfterSimplification_Unlabeled_splitClauses_0":["116"],
"minedTemplateRelationSymbolNumber_PredictedCDHG_splitClauses_1":["23"],
"minedTemplateNumber_PredictedCG_splitClauses_0":["132"],
"averagePredicateSize_RelationalIneqs_splitClauses_1":["1"],
"labeledTemplateRelationSymbolNumber_Random_splitClauses_1":["3"],
"minedTemplateNumber_RelationalIneqs_splitClauses_0":["132"],
"predicateGeneratorTime_RelationalIneqs_splitClauses_0":["10800000"],
"labeledTemplateRelationSymbolNumber_Empty_splitClauses_0":["3"],
"minedBinaryVariableTemplatesNumber_Octagon_splitClauses_0":["6"],
"labeledSingleVariableTemplatesNumber_Term_splitClauses_1":["1"],
"labeledBinaryVariableTemplatesNumber_Empty_splitClauses_0":["6"],
"minedTemplateNumber_Octagon_splitClauses_0":["132"],
"labeledBinaryVariableTemplatesNumber_Unlabeled_splitClauses_0":["6"],
"relationSymbolNumberBeforeSimplification_Empty_splitClauses_0":["252"],
"clauseNumberAfterSimplification_PredictedCDHG_splitClauses_0":["79"],
"smt2FileSizeByte_PredictedCG_splitClauses_0":["42889"],
"minedBinaryVariableTemplatesNumber_RelationalEqs_splitClauses_0":["6"],
"relationSymbolNumberBeforeSimplification_Unlabeled_splitClauses_0":["252"],
"labeledTemplateRelationSymbolNumber_RelationalEqs_splitClauses_1":["3"],
"minedBinaryVariableTemplatesNumber_Random_splitClauses_1":["6"],
"clauseNumberAfterSimplification_Unlabeled_splitClauses_1":["79"],
"minedSingleVariableTemplatesNumber_PredictedCDHG_splitClauses_1":["126"],
"labeledBinaryVariableTemplatesNumber_Term_splitClauses_1":["6"],
"clauseNumberBeforeSimplification_Empty_splitClauses_1":["114"],
"relationSymbolNumberAfterSimplification_Octagon_splitClauses_1":["116"],
"relationSymbolNumberAfterSimplification_Term_splitClauses_0":["116"],
"minedBinaryVariableTemplatesNumber_Mined_splitClauses_1":["6"],
"unlabeledBinaryVariableTemplatesNumber_Unlabeled_splitClauses_1":["600"],
"relationSymbolNumberBeforeSimplification_Random_splitClauses_0":["252"],
"relationSymbolNumberAfterSimplification_PredictedCDHG_splitClauses_1":["116"],
"unlabeledTemplateNumber_PredictedCG_splitClauses_1":["972"],
"generatedPredicateNumber_Empty_splitClauses_0":["10800000"],
"predicateGeneratorTime_RelationalIneqs_splitClauses_1":["186"],
"unlabeledSingleVariableTemplatesNumber_Empty_splitClauses_0":["372"],
"cegarIterationNumber_Octagon_splitClauses_0":["10800000"],
"clauseNumberAfterSimplification_Octagon_splitClauses_1":["79"],
"unlabeledSingleVariableTemplatesNumber_Labeled_splitClauses_1":["372"],
"clauseNumberBeforeSimplification_Random_splitClauses_1":["114"],
"minedTemplateRelationSymbolNumber_All_splitClauses_0":["23"],
"unlabeledTemplateRelationSymbolNumber_RelationalEqs_splitClauses_0":["23"],
"minedSingleVariableTemplatesNumber_Unlabeled_splitClauses_1":["126"],
"clauseNumberBeforeSimplification_RelationalEqs_splitClauses_0":["114"],
"minedTemplateNumber_Unlabeled_splitClauses_0":["132"],
"generatedPredicateNumber_Octagon_splitClauses_0":["10800000"],
"predicateGeneratorTime_PredictedCDHG_splitClauses_0":["10800000"],
"clauseNumberAfterSimplification_PredictedCG_splitClauses_1":["79"],
"labeledSingleVariableTemplatesNumber_RelationalEqs_splitClauses_1":["1"],
"smt2FileSizeByte_Random_splitClauses_1":["42889"],
"averagePredicateSize_PredictedCG_splitClauses_1":["10800000"],
"cegarIterationNumber_PredictedCDHG_splitClauses_1":["10800000"],
"clauseNumberAfterSimplification_RelationalEqs_splitClauses_1":["79"],
"minedBinaryVariableTemplatesNumber_Empty_splitClauses_1":["6"],
"relationSymbolNumberAfterSimplification_RelationalEqs_splitClauses_1":["116"],
"minedTemplateNumber_PredictedCDHG_splitClauses_0":["132"],
"labeledBinaryVariableTemplatesNumber_All_splitClauses_1":["6"],
"solvingTime_RelationalIneqs_splitClauses_1":["254"],
"unlabeledTemplateRelationSymbolNumber_RelationalEqs_splitClauses_1":["23"],
"smt2FileSizeByte_Unlabeled_splitClauses_0":["42889"],
"relationSymbolNumberBeforeSimplification_Mined_splitClauses_1":["252"],
"relationSymbolNumberAfterSimplification_Mined_splitClauses_1":["116"],
"generatedPredicateNumber_All_splitClauses_0":["10800000"],
"relationSymbolNumberBeforeSimplification_Octagon_splitClauses_1":["252"],
"predicateGeneratorTime_Octagon_splitClauses_1":["170"],
"solvability_Mined_splitClauses_1":["1"],
"minedTemplateRelationSymbolNumber_Term_splitClauses_1":["23"],
"clauseNumberAfterSimplification_Mined_splitClauses_0":["79"],
"solvability_PredictedCDHG_splitClauses_0":["10800000"],
"solvingTime_Empty_splitClauses_0":["10800000"],
"unlabeledSingleVariableTemplatesNumber_Unlabeled_splitClauses_1":["372"],
"minedTemplateNumber_Term_splitClauses_1":["132"],
"averagePredicateSize_Octagon_splitClauses_1":["1"],
"unlabeledSingleVariableTemplatesNumber_Octagon_splitClauses_1":["372"],
"minedTemplateRelationSymbolNumber_RelationalEqs_splitClauses_1":["23"],
"relationSymbolNumberBeforeSimplification_All_splitClauses_1":["252"],
"minedBinaryVariableTemplatesNumber_RelationalIneqs_splitClauses_0":["6"],
"predicateGeneratorTime_Term_splitClauses_1":["148"],
"solvingTime_Labeled_splitClauses_0":["10800000"],
"unlabeledBinaryVariableTemplatesNumber_PredictedCG_splitClauses_0":["600"],
"minedTemplateNumber_All_splitClauses_0":["132"],
"predicateGeneratorTime_Labeled_splitClauses_1":["217"],
"unlabeledTemplateRelationSymbolNumber_Empty_splitClauses_0":["23"],
"unlabeledTemplateNumber_Mined_splitClauses_1":["972"],
"solvability_PredictedCG_splitClauses_1":["10800000"],
"unlabeledTemplateNumber_Term_splitClauses_0":["972"],
"minedBinaryVariableTemplatesNumber_PredictedCG_splitClauses_1":["6"],
"labeledSingleVariableTemplatesNumber_PredictedCDHG_splitClauses_0":["1"],
"minedBinaryVariableTemplatesNumber_All_splitClauses_0":["6"],
"averagePredicateSize_PredictedCDHG_splitClauses_1":["10800000"],
"predicateGeneratorTime_PredictedCG_splitClauses_0":["10800000"],
"generatedPredicateNumber_RelationalIneqs_splitClauses_0":["10800000"],
"labeledTemplateNumber_Empty_splitClauses_0":["7"],
"relationSymbolNumberAfterSimplification_RelationalIneqs_splitClauses_1":["116"],
"unlabeledTemplateRelationSymbolNumber_Term_splitClauses_0":["23"],
"minedTemplateNumber_All_splitClauses_1":["132"],
"labeledSingleVariableTemplatesNumber_Empty_splitClauses_1":["1"],
"minedBinaryVariableTemplatesNumber_Unlabeled_splitClauses_0":["6"],
"labeledTemplateNumber_Random_splitClauses_0":["7"],
"minedBinaryVariableTemplatesNumber_All_splitClauses_1":["6"],
"unlabeledSingleVariableTemplatesNumber_All_splitClauses_0":["372"],
"relationSymbolNumberBeforeSimplification_Labeled_splitClauses_1":["252"],
"smt2FileSizeByte_PredictedCDHG_splitClauses_1":["42889"],
"labeledBinaryVariableTemplatesNumber_PredictedCDHG_splitClauses_0":["6"],
"averagePredicateSize_RelationalEqs_splitClauses_1":["1"],
"minedSingleVariableTemplatesNumber_Term_splitClauses_0":["126"],
"labeledTemplateRelationSymbolNumber_Term_splitClauses_1":["3"],
"generatedPredicateNumber_Random_splitClauses_0":["10800000"],
"labeledBinaryVariableTemplatesNumber_Empty_splitClauses_1":["6"],
"relationSymbolNumberAfterSimplification_Term_splitClauses_1":["116"],
"clauseNumberAfterSimplification_Labeled_splitClauses_0":["79"],
"labeledSingleVariableTemplatesNumber_Labeled_splitClauses_0":["1"],
"minedTemplateNumber_Mined_splitClauses_1":["132"],
"labeledTemplateRelationSymbolNumber_Labeled_splitClauses_0":["3"],
"unlabeledTemplateRelationSymbolNumber_Mined_splitClauses_1":["23"],
"solvability_Labeled_splitClauses_0":["10800000"],
"minedTemplateNumber_RelationalEqs_splitClauses_1":["132"],
"solvingTime_Random_splitClauses_1":["245"],
"minedTemplateNumber_Random_splitClauses_0":["132"],
"cegarIterationNumber_Unlabeled_splitClauses_1":["4"],
"minedTemplateNumber_RelationalIneqs_splitClauses_1":["132"],
"unlabeledBinaryVariableTemplatesNumber_Octagon_splitClauses_1":["600"],
"minedSingleVariableTemplatesNumber_Octagon_splitClauses_1":["126"],
"minedSingleVariableTemplatesNumber_Random_splitClauses_1":["126"],
"averagePredicateSize_All_splitClauses_1":["10800000"],
"minedTemplateNumber_Empty_splitClauses_0":["132"],
"labeledTemplateNumber_Mined_splitClauses_0":["7"],
"unlabeledBinaryVariableTemplatesNumber_All_splitClauses_0":["600"],
"relationSymbolNumberAfterSimplification_Labeled_splitClauses_1":["116"],
"labeledSingleVariableTemplatesNumber_PredictedCDHG_splitClauses_1":["1"],
"minedSingleVariableTemplatesNumber_Mined_splitClauses_1":["126"],
"labeledTemplateRelationSymbolNumber_Term_splitClauses_0":["3"],
"unlabeledTemplateRelationSymbolNumber_Term_splitClauses_1":["23"],
"predicateGeneratorTime_All_splitClauses_1":["10800000"],
"unlabeledSingleVariableTemplatesNumber_Random_splitClauses_0":["372"],
"predicateGeneratorTime_Unlabeled_splitClauses_1":["210"],
"cegarIterationNumber_PredictedCDHG_splitClauses_0":["10800000"],
"labeledTemplateNumber_RelationalEqs_splitClauses_0":["7"],
"labeledTemplateRelationSymbolNumber_Mined_splitClauses_1":["3"],
"labeledTemplateRelationSymbolNumber_Random_splitClauses_0":["3"],
"labeledBinaryVariableTemplatesNumber_RelationalEqs_splitClauses_1":["6"],
"generatedPredicateNumber_RelationalIneqs_splitClauses_1":["8"],
"unlabeledTemplateRelationSymbolNumber_PredictedCG_splitClauses_1":["23"],
"unlabeledSingleVariableTemplatesNumber_RelationalEqs_splitClauses_0":["372"],
"labeledBinaryVariableTemplatesNumber_Labeled_splitClauses_0":["6"],
"minedBinaryVariableTemplatesNumber_PredictedCDHG_splitClauses_0":["6"],
"unlabeledTemplateRelationSymbolNumber_Unlabeled_splitClauses_0":["23"],
"clauseNumberAfterSimplification_Term_splitClauses_1":["79"],
"unlabeledTemplateNumber_Octagon_splitClauses_0":["972"],
"unlabeledBinaryVariableTemplatesNumber_RelationalEqs_splitClauses_1":["600"],
"unlabeledTemplateNumber_PredictedCG_splitClauses_0":["972"],
"unlabeledTemplateNumber_All_splitClauses_0":["972"],
"labeledTemplateRelationSymbolNumber_RelationalIneqs_splitClauses_1":["3"],
"unlabeledSingleVariableTemplatesNumber_Mined_splitClauses_1":["372"],
"labeledTemplateRelationSymbolNumber_Unlabeled_splitClauses_1":["3"],
"labeledBinaryVariableTemplatesNumber_Random_splitClauses_1":["6"],
"solvability_Random_splitClauses_1":["1"],
"solvingTime_Term_splitClauses_0":["10800000"],
"minedSingleVariableTemplatesNumber_Labeled_splitClauses_1":["126"],
"clauseNumberBeforeSimplification_Term_splitClauses_0":["114"],
"relationSymbolNumberBeforeSimplification_RelationalIneqs_splitClauses_1":["252"],
"minedTemplateRelationSymbolNumber_Mined_splitClauses_0":["23"],
"solvability_Octagon_splitClauses_1":["1"],
"minedSingleVariableTemplatesNumber_RelationalIneqs_splitClauses_1":["126"],
"smt2FileSizeByte_Labeled_splitClauses_0":["42889"],
"solvability_RelationalEqs_splitClauses_1":["1"],
"unlabeledSingleVariableTemplatesNumber_Empty_splitClauses_1":["372"],
"labeledTemplateNumber_PredictedCDHG_splitClauses_1":["7"],
"minedTemplateRelationSymbolNumber_Octagon_splitClauses_0":["23"],
"clauseNumberAfterSimplification_Unlabeled_splitClauses_0":["79"],
"clauseNumberBeforeSimplification_Unlabeled_splitClauses_0":["114"],
"clauseNumberBeforeSimplification_PredictedCDHG_splitClauses_0":["114"],
"cegarIterationNumber_RelationalIneqs_splitClauses_0":["10800000"],
"labeledTemplateRelationSymbolNumber_RelationalEqs_splitClauses_0":["3"],
"averagePredicateSize_Labeled_splitClauses_0":["10800000"],
"smt2FileSizeByte_RelationalIneqs_splitClauses_1":["42889"],
"clauseNumberBeforeSimplification_RelationalEqs_splitClauses_1":["114"],
"unlabeledTemplateRelationSymbolNumber_RelationalIneqs_splitClauses_1":["23"],
"clauseNumberBeforeSimplification_PredictedCG_splitClauses_0":["114"],
"solvingTime_PredictedCDHG_splitClauses_0":["10800000"],
"labeledTemplateRelationSymbolNumber_Octagon_splitClauses_1":["3"],
"minedTemplateRelationSymbolNumber_PredictedCG_splitClauses_1":["23"],
"relationSymbolNumberBeforeSimplification_RelationalEqs_splitClauses_1":["252"],
"labeledTemplateNumber_Random_splitClauses_1":["7"],
"solvingTime_RelationalIneqs_splitClauses_0":["10800000"],
"labeledTemplateNumber_All_splitClauses_1":["7"],
"unlabeledTemplateNumber_Random_splitClauses_1":["972"],
"relationSymbolNumberBeforeSimplification_All_splitClauses_0":["252"],
"smt2FileSizeByte_Unlabeled_splitClauses_1":["42889"],
"cegarIterationNumber_PredictedCG_splitClauses_0":["10800000"],
"predicateGeneratorTime_Octagon_splitClauses_0":["10800000"],
"unlabeledTemplateNumber_RelationalEqs_splitClauses_1":["972"],
"clauseNumberAfterSimplification_Octagon_splitClauses_0":["79"],
"cegarIterationNumber_Random_splitClauses_0":["10800000"],
"solvability_PredictedCDHG_splitClauses_1":["10800000"],
"solvability_PredictedCG_splitClauses_0":["10800000"],
"solvingTime_PredictedCG_splitClauses_1":["10800000"],
"unlabeledSingleVariableTemplatesNumber_Unlabeled_splitClauses_0":["372"],
"unlabeledTemplateNumber_Unlabeled_splitClauses_0":["972"],
"labeledTemplateRelationSymbolNumber_RelationalIneqs_splitClauses_0":["3"],
"minedTemplateNumber_Random_splitClauses_1":["132"],
"generatedPredicateNumber_RelationalEqs_splitClauses_0":["10800000"],
"minedTemplateNumber_Term_splitClauses_0":["132"],
"solvingTime_All_splitClauses_1":["10800000"],
"minedSingleVariableTemplatesNumber_PredictedCG_splitClauses_0":["126"],
"smt2FileSizeByte_Term_splitClauses_1":["42889"],
"labeledBinaryVariableTemplatesNumber_All_splitClauses_0":["6"],
"minedTemplateNumber_PredictedCDHG_splitClauses_1":["132"],
"minedTemplateRelationSymbolNumber_PredictedCDHG_splitClauses_0":["23"],
"averagePredicateSize_Unlabeled_splitClauses_0":["10800000"],
"minedBinaryVariableTemplatesNumber_Octagon_splitClauses_1":["6"],
"unlabeledSingleVariableTemplatesNumber_Random_splitClauses_1":["372"],
"clauseNumberBeforeSimplification_Random_splitClauses_0":["114"],
"solvingTime_Unlabeled_splitClauses_1":["294"],
"predicateGeneratorTime_PredictedCDHG_splitClauses_1":["10800000"],
"averagePredicateSize_PredictedCDHG_splitClauses_0":["10800000"],
"relationSymbolNumberAfterSimplification_RelationalEqs_splitClauses_0":["116"],
"minedBinaryVariableTemplatesNumber_Term_splitClauses_0":["6"],
"labeledTemplateNumber_RelationalIneqs_splitClauses_0":["7"],
"clauseNumberAfterSimplification_Random_splitClauses_0":["79"],
"clauseNumberAfterSimplification_PredictedCG_splitClauses_0":["79"],
"generatedPredicateNumber_Empty_splitClauses_1":["8"],
"clauseNumberBeforeSimplification_Octagon_splitClauses_0":["114"],
"unlabeledTemplateNumber_Empty_splitClauses_0":["972"],
"minedSingleVariableTemplatesNumber_All_splitClauses_0":["126"],
"labeledTemplateRelationSymbolNumber_Octagon_splitClauses_0":["3"],
"generatedPredicateNumber_Random_splitClauses_1":["8"],
"clauseNumberAfterSimplification_RelationalEqs_splitClauses_0":["79"],
"labeledBinaryVariableTemplatesNumber_Term_splitClauses_0":["6"],
"minedSingleVariableTemplatesNumber_RelationalEqs_splitClauses_0":["126"],
"minedTemplateNumber_Mined_splitClauses_0":["132"],
"relationSymbolNumberBeforeSimplification_PredictedCG_splitClauses_0":["252"],
"averagePredicateSize_Octagon_splitClauses_0":["10800000"],
"unlabeledBinaryVariableTemplatesNumber_Empty_splitClauses_1":["600"],
"unlabeledSingleVariableTemplatesNumber_PredictedCDHG_splitClauses_0":["372"],
"unlabeledSingleVariableTemplatesNumber_PredictedCG_splitClauses_1":["372"],
"labeledTemplateRelationSymbolNumber_Labeled_splitClauses_1":["3"],
"minedTemplateRelationSymbolNumber_Random_splitClauses_0":["23"],
"unlabeledTemplateRelationSymbolNumber_PredictedCG_splitClauses_0":["23"],
"unlabeledTemplateNumber_RelationalIneqs_splitClauses_0":["972"],
"unlabeledSingleVariableTemplatesNumber_Labeled_splitClauses_0":["372"],
"relationSymbolNumberAfterSimplification_PredictedCG_splitClauses_0":["116"],
"minedTemplateNumber_Unlabeled_splitClauses_1":["132"],
"generatedPredicateNumber_PredictedCG_splitClauses_0":["10800000"],
"labeledTemplateNumber_Unlabeled_splitClauses_1":["7"],
"unlabeledTemplateRelationSymbolNumber_Empty_splitClauses_1":["23"],
"clauseNumberBeforeSimplification_Empty_splitClauses_0":["114"],
"solvingTime_Octagon_splitClauses_1":["243"],
"cegarIterationNumber_Mined_splitClauses_1":["4"],
"clauseNumberBeforeSimplification_Mined_splitClauses_1":["114"],
"smt2FileSizeByte_PredictedCDHG_splitClauses_0":["42889"],
"averagePredicateSize_PredictedCG_splitClauses_0":["10800000"],
"solvingTime_Random_splitClauses_0":["10800000"],
"minedTemplateNumber_RelationalEqs_splitClauses_0":["132"],
"unlabeledSingleVariableTemplatesNumber_RelationalIneqs_splitClauses_0":["372"],
"unlabeledTemplateNumber_Unlabeled_splitClauses_1":["972"],
"labeledBinaryVariableTemplatesNumber_RelationalEqs_splitClauses_0":["6"],
"generatedPredicateNumber_PredictedCDHG_splitClauses_0":["10800000"],
"relationSymbolNumberAfterSimplification_RelationalIneqs_splitClauses_0":["116"],
"minedTemplateRelationSymbolNumber_Empty_splitClauses_1":["23"],
"predicateGeneratorTime_Random_splitClauses_1":["158"],
"labeledTemplateNumber_Term_splitClauses_1":["7"],
"relationSymbolNumberBeforeSimplification_RelationalEqs_splitClauses_0":["252"],
"minedSingleVariableTemplatesNumber_Empty_splitClauses_1":["126"],
"minedSingleVariableTemplatesNumber_RelationalIneqs_splitClauses_0":["126"],
"clauseNumberAfterSimplification_All_splitClauses_0":["79"],
"unlabeledBinaryVariableTemplatesNumber_RelationalEqs_splitClauses_0":["600"],
"cegarIterationNumber_RelationalEqs_splitClauses_0":["10800000"],
"labeledTemplateRelationSymbolNumber_PredictedCDHG_splitClauses_0":["3"],
"labeledSingleVariableTemplatesNumber_Labeled_splitClauses_1":["1"],
"unlabeledBinaryVariableTemplatesNumber_All_splitClauses_1":["600"],
"minedTemplateRelationSymbolNumber_Unlabeled_splitClauses_1":["23"],
"solvingTime_RelationalEqs_splitClauses_0":["10800000"],
"solvingTime_RelationalEqs_splitClauses_1":["260"],
"minedBinaryVariableTemplatesNumber_Mined_splitClauses_0":["6"],
"clauseNumberBeforeSimplification_All_splitClauses_0":["114"],
"clauseNumberBeforeSimplification_RelationalIneqs_splitClauses_1":["114"],
"labeledTemplateNumber_RelationalEqs_splitClauses_1":["7"],
"labeledBinaryVariableTemplatesNumber_RelationalIneqs_splitClauses_0":["6"],
"relationSymbolNumberBeforeSimplification_Labeled_splitClauses_0":["252"],
"clauseNumberAfterSimplification_Empty_splitClauses_0":["79"],
"averagePredicateSize_Empty_splitClauses_0":["10800000"],
"unlabeledTemplateNumber_Term_splitClauses_1":["972"],
"predicateGeneratorTime_Mined_splitClauses_1":["172"],
"labeledBinaryVariableTemplatesNumber_RelationalIneqs_splitClauses_1":["6"],
"predicateGeneratorTime_Unlabeled_splitClauses_0":["10800000"],
"relationSymbolNumberAfterSimplification_Empty_splitClauses_0":["116"],
"generatedPredicateNumber_Mined_splitClauses_0":["10800000"],
"generatedPredicateNumber_RelationalEqs_splitClauses_1":["8"],
"labeledTemplateRelationSymbolNumber_PredictedCG_splitClauses_0":["3"],
"minedSingleVariableTemplatesNumber_PredictedCG_splitClauses_1":["126"],
"minedTemplateRelationSymbolNumber_PredictedCG_splitClauses_0":["23"],
"unlabeledTemplateRelationSymbolNumber_Labeled_splitClauses_0":["23"],
"solvability_Empty_splitClauses_1":["1"],
"averagePredicateSize_Term_splitClauses_0":["10800000"],
"cegarIterationNumber_Random_splitClauses_1":["4"],
"averagePredicateSize_Labeled_splitClauses_1":["1"],
"unlabeledBinaryVariableTemplatesNumber_Unlabeled_splitClauses_0":["600"],
"generatedPredicateNumber_Unlabeled_splitClauses_1":["8"],
"predicateGeneratorTime_All_splitClauses_0":["10800000"],
"unlabeledBinaryVariableTemplatesNumber_PredictedCDHG_splitClauses_1":["600"],
"clauseNumberBeforeSimplification_Labeled_splitClauses_1":["114"],
"minedBinaryVariableTemplatesNumber_Labeled_splitClauses_1":["6"],
"labeledSingleVariableTemplatesNumber_All_splitClauses_0":["1"],
"unlabeledTemplateRelationSymbolNumber_Mined_splitClauses_0":["23"],
"cegarIterationNumber_Octagon_splitClauses_1":["4"],
"labeledTemplateNumber_Octagon_splitClauses_0":["7"],
"labeledTemplateRelationSymbolNumber_All_splitClauses_1":["3"],
"smt2FileSizeByte_Empty_splitClauses_0":["42889"],
"unlabeledTemplateNumber_Octagon_splitClauses_1":["972"],
"predicateGeneratorTime_RelationalEqs_splitClauses_0":["10800000"],
"unlabeledTemplateRelationSymbolNumber_RelationalIneqs_splitClauses_0":["23"],
"smt2FileSizeByte_RelationalEqs_splitClauses_1":["42889"],
"unlabeledTemplateNumber_Labeled_splitClauses_0":["972"],
"minedSingleVariableTemplatesNumber_Labeled_splitClauses_0":["126"],
"solvingTime_PredictedCDHG_splitClauses_1":["10800000"],
"relationSymbolNumberBeforeSimplification_Term_splitClauses_1":["252"],
"minedTemplateNumber_Octagon_splitClauses_1":["132"],
"clauseNumberBeforeSimplification_Mined_splitClauses_0":["114"],
"smt2FileSizeByte_All_splitClauses_0":["42889"],
"solvingTime_All_splitClauses_0":["10800000"],
"minedBinaryVariableTemplatesNumber_Term_splitClauses_1":["6"],
"unlabeledTemplateRelationSymbolNumber_Random_splitClauses_0":["23"],
"cegarIterationNumber_All_splitClauses_0":["10800000"],
"smt2FileSizeByte_RelationalEqs_splitClauses_0":["42889"],
"unlabeledSingleVariableTemplatesNumber_PredictedCDHG_splitClauses_1":["372"],
"clauseNumberBeforeSimplification_Labeled_splitClauses_0":["114"],
"cegarIterationNumber_PredictedCG_splitClauses_1":["10800000"],
"labeledTemplateRelationSymbolNumber_Unlabeled_splitClauses_0":["3"],
"unlabeledTemplateRelationSymbolNumber_Octagon_splitClauses_1":["23"],
"unlabeledTemplateNumber_Empty_splitClauses_1":["972"],
"clauseNumberBeforeSimplification_Octagon_splitClauses_1":["114"],
"labeledTemplateNumber_Unlabeled_splitClauses_0":["7"],
"labeledBinaryVariableTemplatesNumber_PredictedCG_splitClauses_0":["6"],
"solvability_Term_splitClauses_1":["1"],
"solvability_Octagon_splitClauses_0":["10800000"],
"minedTemplateRelationSymbolNumber_RelationalIneqs_splitClauses_0":["23"],
"clauseNumberBeforeSimplification_RelationalIneqs_splitClauses_0":["114"],
"labeledTemplateNumber_PredictedCG_splitClauses_0":["7"],
"cegarIterationNumber_Labeled_splitClauses_0":["10800000"],
"smt2FileSizeByte_Labeled_splitClauses_1":["42889"],
"clauseNumberBeforeSimplification_Unlabeled_splitClauses_1":["114"],
"generatedPredicateNumber_Term_splitClauses_1":["8"],
"solvingTime_Term_splitClauses_1":["210"],
"unlabeledBinaryVariableTemplatesNumber_Random_splitClauses_1":["600"],
"unlabeledSingleVariableTemplatesNumber_Octagon_splitClauses_0":["372"],
"solvingTime_Octagon_splitClauses_0":["10800000"],
"labeledSingleVariableTemplatesNumber_Mined_splitClauses_1":["1"],
"averagePredicateSize_Term_splitClauses_1":["1"],
"labeledTemplateNumber_Labeled_splitClauses_0":["7"],
"unlabeledSingleVariableTemplatesNumber_PredictedCG_splitClauses_0":["372"],
"smt2FileSizeByte_Mined_splitClauses_1":["42889"],
"labeledBinaryVariableTemplatesNumber_Unlabeled_splitClauses_1":["6"],
"labeledTemplateNumber_All_splitClauses_0":["7"],
"unlabeledTemplateNumber_Random_splitClauses_0":["972"],
"labeledTemplateNumber_Octagon_splitClauses_1":["7"],
"unlabeledTemplateNumber_PredictedCDHG_splitClauses_1":["972"],
"unlabeledBinaryVariableTemplatesNumber_Mined_splitClauses_0":["600"],
"minedTemplateRelationSymbolNumber_Mined_splitClauses_1":["23"],
"labeledTemplateNumber_RelationalIneqs_splitClauses_1":["7"],
"relationSymbolNumberAfterSimplification_All_splitClauses_0":["116"],
"relationSymbolNumberBeforeSimplification_PredictedCDHG_splitClauses_0":["252"],
"solvability_Term_splitClauses_0":["10800000"],
"clauseNumberBeforeSimplification_PredictedCG_splitClauses_1":["114"],
"generatedPredicateNumber_Labeled_splitClauses_1":["8"],
"labeledSingleVariableTemplatesNumber_Unlabeled_splitClauses_0":["1"],
"unlabeledBinaryVariableTemplatesNumber_Empty_splitClauses_0":["600"],
"solvingTime_Mined_splitClauses_0":["10800000"],
"unlabeledTemplateNumber_All_splitClauses_1":["972"],
"clauseNumberAfterSimplification_Random_splitClauses_1":["79"],
"labeledBinaryVariableTemplatesNumber_Octagon_splitClauses_1":["6"],
"unlabeledBinaryVariableTemplatesNumber_Labeled_splitClauses_0":["600"],
"smt2FileSizeByte_Octagon_splitClauses_0":["42889"],
"labeledSingleVariableTemplatesNumber_Random_splitClauses_1":["1"],
"solvability_Unlabeled_splitClauses_0":["10800000"],
"solvingTime_Unlabeled_splitClauses_0":["10800000"],
"unlabeledTemplateRelationSymbolNumber_All_splitClauses_1":["23"],
"minedTemplateNumber_Empty_splitClauses_1":["132"],
"solvability_RelationalIneqs_splitClauses_0":["10800000"],
"unlabeledTemplateRelationSymbolNumber_Labeled_splitClauses_1":["23"],
"cegarIterationNumber_RelationalEqs_splitClauses_1":["4"],
"minedSingleVariableTemplatesNumber_RelationalEqs_splitClauses_1":["126"],
"clauseNumberAfterSimplification_PredictedCDHG_splitClauses_1":["79"],
"minedBinaryVariableTemplatesNumber_RelationalIneqs_splitClauses_1":["6"],
"unlabeledBinaryVariableTemplatesNumber_Mined_splitClauses_1":["600"],
"unlabeledBinaryVariableTemplatesNumber_PredictedCDHG_splitClauses_0":["600"],
"solvingTime_Empty_splitClauses_1":["255"],
"labeledTemplateRelationSymbolNumber_Empty_splitClauses_1":["3"],
"generatedPredicateNumber_Term_splitClauses_0":["10800000"],
"averagePredicateSize_Empty_splitClauses_1":["1"],
"generatedPredicateNumber_PredictedCG_splitClauses_1":["10800000"],
"labeledTemplateRelationSymbolNumber_PredictedCDHG_splitClauses_1":["3"],
"predicateGeneratorTime_Mined_splitClauses_0":["10800000"],
"relationSymbolNumberBeforeSimplification_Term_splitClauses_0":["252"],
"predicateGeneratorTime_Labeled_splitClauses_0":["10800000"],
"labeledSingleVariableTemplatesNumber_Random_splitClauses_0":["1"],
"unlabeledTemplateRelationSymbolNumber_All_splitClauses_0":["23"],
"minedBinaryVariableTemplatesNumber_Labeled_splitClauses_0":["6"],
"generatedPredicateNumber_Labeled_splitClauses_0":["10800000"],
"relationSymbolNumberAfterSimplification_Empty_splitClauses_1":["116"],
"solvingTime_Mined_splitClauses_1":["248"],
"minedSingleVariableTemplatesNumber_All_splitClauses_1":["126"],
"predicateGeneratorTime_Random_splitClauses_0":["10800000"],
"cegarIterationNumber_Term_splitClauses_1":["4"],
"labeledTemplateNumber_Empty_splitClauses_1":["7"],
"clauseNumberAfterSimplification_Empty_splitClauses_1":["79"],
"minedTemplateRelationSymbolNumber_Empty_splitClauses_0":["23"],
"unlabeledSingleVariableTemplatesNumber_Term_splitClauses_0":["372"],
"minedSingleVariableTemplatesNumber_Empty_splitClauses_0":["126"],
"relationSymbolNumberAfterSimplification_Random_splitClauses_0":["116"],
"minedTemplateRelationSymbolNumber_RelationalEqs_splitClauses_0":["23"],
"cegarIterationNumber_Empty_splitClauses_0":["10800000"],
"minedBinaryVariableTemplatesNumber_RelationalEqs_splitClauses_1":["6"],
"relationSymbolNumberBeforeSimplification_PredictedCG_splitClauses_1":["252"],
"labeledSingleVariableTemplatesNumber_All_splitClauses_1":["1"],
"unlabeledTemplateRelationSymbolNumber_Octagon_splitClauses_0":["23"],
"minedTemplateRelationSymbolNumber_Unlabeled_splitClauses_0":["23"],
"labeledBinaryVariableTemplatesNumber_Mined_splitClauses_0":["6"],
"relationSymbolNumberAfterSimplification_Unlabeled_splitClauses_1":["116"],
"minedTemplateNumber_PredictedCG_splitClauses_1":["132"],
"cegarIterationNumber_Empty_splitClauses_1":["4"],
"averagePredicateSize_RelationalIneqs_splitClauses_0":["10800000"],
"solvability_All_splitClauses_1":["10800000"],
"unlabeledBinaryVariableTemplatesNumber_Term_splitClauses_1":["600"],
"minedTemplateRelationSymbolNumber_Labeled_splitClauses_1":["23"],
"averagePredicateSize_Unlabeled_splitClauses_1":["1"],
"labeledTemplateNumber_Term_splitClauses_0":["7"],
"smt2FileSizeByte_Empty_splitClauses_1":["42889"],
"solvingTime_PredictedCG_splitClauses_0":["10800000"],
"cegarIterationNumber_All_splitClauses_1":["10800000"],
"clauseNumberBeforeSimplification_Term_splitClauses_1":["114"],
"predicateGeneratorTime_Empty_splitClauses_0":["10800000"],
"relationSymbolNumberBeforeSimplification_Empty_splitClauses_1":["252"],
"averagePredicateSize_All_splitClauses_0":["10800000"],
"unlabeledBinaryVariableTemplatesNumber_Random_splitClauses_0":["600"],
"smt2FileSizeByte_Term_splitClauses_0":["42889"],
"averagePredicateSize_Mined_splitClauses_1":["1"],
"minedBinaryVariableTemplatesNumber_Empty_splitClauses_0":["6"],
"minedTemplateRelationSymbolNumber_All_splitClauses_1":["23"],
"labeledSingleVariableTemplatesNumber_PredictedCG_splitClauses_0":["1"],
"unlabeledBinaryVariableTemplatesNumber_RelationalIneqs_splitClauses_0":["600"],
"unlabeledSingleVariableTemplatesNumber_RelationalIneqs_splitClauses_1":["372"],
"clauseNumberAfterSimplification_RelationalIneqs_splitClauses_0":["79"],
"unlabeledTemplateNumber_RelationalEqs_splitClauses_0":["972"],
"unlabeledTemplateNumber_RelationalIneqs_splitClauses_1":["972"],
"labeledTemplateRelationSymbolNumber_PredictedCG_splitClauses_1":["3"],
"labeledTemplateRelationSymbolNumber_All_splitClauses_0":["3"],
"labeledSingleVariableTemplatesNumber_Octagon_splitClauses_0":["1"],
"dummyFiled":[]
}