{
"cegarIterationNumber_Term_splitClauses_0":[1],
"cegarIterationNumber_RelationalIneqs_splitClauses_1":[3],
"cegarIterationNumber_Octagon_splitClauses_0":[1],
"solvingTime_RelationalIneqs_splitClauses_1":[217],
"solvingTime_Term_splitClauses_0":[174],
"cegarIterationNumber_RelationalIneqs_splitClauses_0":[1],
"solvingTime_RelationalIneqs_splitClauses_0":[296],
"solvingTime_Octagon_splitClauses_1":[243],
"cegarIterationNumber_RelationalEqs_splitClauses_0":[1],
"solvingTime_RelationalEqs_splitClauses_0":[190],
"solvingTime_RelationalEqs_splitClauses_1":[179],
"cegarIterationNumber_Octagon_splitClauses_1":[3],
"solvingTime_Term_splitClauses_1":[242],
"solvingTime_Octagon_splitClauses_0":[168],
"cegarIterationNumber_RelationalEqs_splitClauses_1":[3],
"cegarIterationNumber_Term_splitClauses_1":[3],
"dummyFiled":[]
}