{
"cegarIterationNumber_Term_splitClauses_0":[2],
"cegarIterationNumber_RelationalIneqs_splitClauses_1":[170],
"cegarIterationNumber_Octagon_splitClauses_0":[2],
"solvingTime_RelationalIneqs_splitClauses_1":[9809],
"solvingTime_Term_splitClauses_0":[1140],
"cegarIterationNumber_RelationalIneqs_splitClauses_0":[2],
"solvingTime_RelationalIneqs_splitClauses_0":[1264],
"solvingTime_Octagon_splitClauses_1":[10470],
"cegarIterationNumber_RelationalEqs_splitClauses_0":[2],
"solvingTime_RelationalEqs_splitClauses_0":[1167],
"solvingTime_RelationalEqs_splitClauses_1":[9736],
"cegarIterationNumber_Octagon_splitClauses_1":[170],
"solvingTime_Term_splitClauses_1":[9339],
"solvingTime_Octagon_splitClauses_0":[1325],
"cegarIterationNumber_RelationalEqs_splitClauses_1":[170],
"cegarIterationNumber_Term_splitClauses_1":[170],
"dummyFiled":[]
}