{
"smt2FileSizeByte_All_splitClauses_1":["8741"],
"generatedPredicateNumber_All_splitClauses_1":["10800000"],
"unlabeledTemplateRelationSymbolNumber_PredictedCDHG_splitClauses_0":["8"],
"relationSymbolNumberBeforeSimplification_Unlabeled_splitClauses_1":["55"],
"predicateGeneratorTime_Term_splitClauses_0":["10800000"],
"averagePredicateSize_Random_splitClauses_1":["10800000"],
"labeledBinaryVariableTemplatesNumber_Labeled_splitClauses_1":["39"],
"clauseNumberBeforeSimplification_All_splitClauses_1":["28"],
"minedTemplateRelationSymbolNumber_Term_splitClauses_0":["8"],
"solvingTime_Labeled_splitClauses_1":["10800000"],
"unlabeledTemplateNumber_Labeled_splitClauses_1":["501"],
"relationSymbolNumberAfterSimplification_All_splitClauses_1":["53"],
"minedTemplateRelationSymbolNumber_Octagon_splitClauses_1":["8"],
"clauseNumberAfterSimplification_Mined_splitClauses_1":["27"],
"relationSymbolNumberBeforeSimplification_Octagon_splitClauses_0":["55"],
"unlabeledBinaryVariableTemplatesNumber_Term_splitClauses_0":["318"],
"labeledTemplateNumber_PredictedCDHG_splitClauses_0":["42"],
"solvability_Empty_splitClauses_0":["10800000"],
"unlabeledTemplateRelationSymbolNumber_Random_splitClauses_1":["8"],
"labeledBinaryVariableTemplatesNumber_Octagon_splitClauses_0":["39"],
"relationSymbolNumberBeforeSimplification_Random_splitClauses_1":["55"],
"minedTemplateRelationSymbolNumber_Random_splitClauses_1":["8"],
"unlabeledSingleVariableTemplatesNumber_Mined_splitClauses_0":["183"],
"unlabeledBinaryVariableTemplatesNumber_PredictedCG_splitClauses_1":["318"],
"solvability_All_splitClauses_0":["10800000"],
"predicateGeneratorTime_RelationalEqs_splitClauses_1":["10800000"],
"relationSymbolNumberBeforeSimplification_PredictedCDHG_splitClauses_1":["55"],
"smt2FileSizeByte_PredictedCG_splitClauses_1":["8741"],
"labeledSingleVariableTemplatesNumber_Unlabeled_splitClauses_1":["3"],
"labeledBinaryVariableTemplatesNumber_PredictedCG_splitClauses_1":["39"],
"minedBinaryVariableTemplatesNumber_PredictedCG_splitClauses_0":["39"],
"solvability_Random_splitClauses_0":["10800000"],
"relationSymbolNumberAfterSimplification_PredictedCG_splitClauses_1":["53"],
"clauseNumberBeforeSimplification_PredictedCDHG_splitClauses_1":["28"],
"labeledSingleVariableTemplatesNumber_Mined_splitClauses_0":["3"],
"solvability_Unlabeled_splitClauses_1":["10800000"],
"cegarIterationNumber_Labeled_splitClauses_1":["10800000"],
"smt2FileSizeByte_Mined_splitClauses_0":["8741"],
"relationSymbolNumberAfterSimplification_Mined_splitClauses_0":["53"],
"labeledSingleVariableTemplatesNumber_PredictedCG_splitClauses_1":["3"],
"smt2FileSizeByte_Octagon_splitClauses_1":["8741"],
"minedTemplateNumber_Labeled_splitClauses_1":["100"],
"labeledSingleVariableTemplatesNumber_RelationalIneqs_splitClauses_1":["3"],
"clauseNumberAfterSimplification_Labeled_splitClauses_1":["27"],
"relationSymbolNumberAfterSimplification_Labeled_splitClauses_0":["53"],
"smt2FileSizeByte_Random_splitClauses_0":["8741"],
"relationSymbolNumberAfterSimplification_PredictedCDHG_splitClauses_0":["53"],
"unlabeledTemplateRelationSymbolNumber_PredictedCDHG_splitClauses_1":["8"],
"labeledSingleVariableTemplatesNumber_Term_splitClauses_0":["3"],
"generatedPredicateNumber_PredictedCDHG_splitClauses_1":["10800000"],
"minedSingleVariableTemplatesNumber_Unlabeled_splitClauses_0":["61"],
"generatedPredicateNumber_Octagon_splitClauses_1":["10800000"],
"labeledSingleVariableTemplatesNumber_RelationalEqs_splitClauses_0":["3"],
"predicateGeneratorTime_PredictedCG_splitClauses_1":["10800000"],
"relationSymbolNumberAfterSimplification_Octagon_splitClauses_0":["53"],
"labeledTemplateNumber_Labeled_splitClauses_1":["42"],
"labeledSingleVariableTemplatesNumber_Empty_splitClauses_0":["3"],
"minedTemplateRelationSymbolNumber_RelationalIneqs_splitClauses_1":["8"],
"unlabeledSingleVariableTemplatesNumber_All_splitClauses_1":["183"],
"labeledBinaryVariableTemplatesNumber_PredictedCDHG_splitClauses_1":["39"],
"unlabeledSingleVariableTemplatesNumber_RelationalEqs_splitClauses_1":["183"],
"cegarIterationNumber_Term_splitClauses_0":["10800000"],
"unlabeledBinaryVariableTemplatesNumber_Labeled_splitClauses_1":["318"],
"unlabeledSingleVariableTemplatesNumber_Term_splitClauses_1":["183"],
"clauseNumberAfterSimplification_All_splitClauses_1":["27"],
"minedSingleVariableTemplatesNumber_Random_splitClauses_0":["61"],
"solvability_RelationalIneqs_splitClauses_1":["10800000"],
"minedTemplateNumber_Labeled_splitClauses_0":["100"],
"minedSingleVariableTemplatesNumber_Octagon_splitClauses_0":["61"],
"minedSingleVariableTemplatesNumber_Term_splitClauses_1":["61"],
"minedBinaryVariableTemplatesNumber_PredictedCDHG_splitClauses_1":["39"],
"generatedPredicateNumber_Mined_splitClauses_1":["42"],
"labeledSingleVariableTemplatesNumber_RelationalIneqs_splitClauses_0":["3"],
"averagePredicateSize_Mined_splitClauses_0":["10800000"],
"cegarIterationNumber_Unlabeled_splitClauses_0":["10800000"],
"minedBinaryVariableTemplatesNumber_Random_splitClauses_0":["39"],
"labeledTemplateNumber_Mined_splitClauses_1":["42"],
"labeledBinaryVariableTemplatesNumber_Random_splitClauses_0":["39"],
"unlabeledTemplateRelationSymbolNumber_Unlabeled_splitClauses_1":["8"],
"cegarIterationNumber_Mined_splitClauses_0":["10800000"],
"minedTemplateRelationSymbolNumber_Labeled_splitClauses_0":["8"],
"unlabeledBinaryVariableTemplatesNumber_RelationalIneqs_splitClauses_1":["318"],
"unlabeledBinaryVariableTemplatesNumber_Octagon_splitClauses_0":["318"],
"solvability_Mined_splitClauses_0":["10800000"],
"averagePredicateSize_RelationalEqs_splitClauses_0":["10800000"],
"clauseNumberAfterSimplification_Term_splitClauses_0":["27"],
"unlabeledTemplateNumber_Mined_splitClauses_0":["501"],
"relationSymbolNumberAfterSimplification_Random_splitClauses_1":["53"],
"unlabeledTemplateNumber_PredictedCDHG_splitClauses_0":["501"],
"cegarIterationNumber_RelationalIneqs_splitClauses_1":["10800000"],
"minedBinaryVariableTemplatesNumber_Unlabeled_splitClauses_1":["39"],
"labeledTemplateNumber_PredictedCG_splitClauses_1":["42"],
"labeledTemplateRelationSymbolNumber_Mined_splitClauses_0":["7"],
"labeledBinaryVariableTemplatesNumber_Mined_splitClauses_1":["39"],
"relationSymbolNumberBeforeSimplification_Mined_splitClauses_0":["55"],
"relationSymbolNumberBeforeSimplification_RelationalIneqs_splitClauses_0":["55"],
"clauseNumberAfterSimplification_RelationalIneqs_splitClauses_1":["27"],
"minedSingleVariableTemplatesNumber_PredictedCDHG_splitClauses_0":["61"],
"solvability_Labeled_splitClauses_1":["10800000"],
"labeledSingleVariableTemplatesNumber_Octagon_splitClauses_1":["3"],
"averagePredicateSize_Random_splitClauses_0":["10800000"],
"smt2FileSizeByte_RelationalIneqs_splitClauses_0":["8741"],
"generatedPredicateNumber_Unlabeled_splitClauses_0":["10800000"],
"solvability_RelationalEqs_splitClauses_0":["10800000"],
"predicateGeneratorTime_Empty_splitClauses_1":["10800000"],
"minedSingleVariableTemplatesNumber_Mined_splitClauses_0":["61"],
"relationSymbolNumberAfterSimplification_Unlabeled_splitClauses_0":["53"],
"minedTemplateRelationSymbolNumber_PredictedCDHG_splitClauses_1":["8"],
"minedTemplateNumber_PredictedCG_splitClauses_0":["100"],
"averagePredicateSize_RelationalIneqs_splitClauses_1":["10800000"],
"labeledTemplateRelationSymbolNumber_Random_splitClauses_1":["7"],
"minedTemplateNumber_RelationalIneqs_splitClauses_0":["100"],
"predicateGeneratorTime_RelationalIneqs_splitClauses_0":["10800000"],
"labeledTemplateRelationSymbolNumber_Empty_splitClauses_0":["7"],
"minedBinaryVariableTemplatesNumber_Octagon_splitClauses_0":["39"],
"labeledSingleVariableTemplatesNumber_Term_splitClauses_1":["3"],
"labeledBinaryVariableTemplatesNumber_Empty_splitClauses_0":["39"],
"minedTemplateNumber_Octagon_splitClauses_0":["100"],
"labeledBinaryVariableTemplatesNumber_Unlabeled_splitClauses_0":["39"],
"relationSymbolNumberBeforeSimplification_Empty_splitClauses_0":["55"],
"clauseNumberAfterSimplification_PredictedCDHG_splitClauses_0":["27"],
"smt2FileSizeByte_PredictedCG_splitClauses_0":["8741"],
"minedBinaryVariableTemplatesNumber_RelationalEqs_splitClauses_0":["39"],
"relationSymbolNumberBeforeSimplification_Unlabeled_splitClauses_0":["55"],
"labeledTemplateRelationSymbolNumber_RelationalEqs_splitClauses_1":["7"],
"minedBinaryVariableTemplatesNumber_Random_splitClauses_1":["39"],
"clauseNumberAfterSimplification_Unlabeled_splitClauses_1":["27"],
"minedSingleVariableTemplatesNumber_PredictedCDHG_splitClauses_1":["61"],
"labeledBinaryVariableTemplatesNumber_Term_splitClauses_1":["39"],
"clauseNumberBeforeSimplification_Empty_splitClauses_1":["28"],
"relationSymbolNumberAfterSimplification_Octagon_splitClauses_1":["53"],
"relationSymbolNumberAfterSimplification_Term_splitClauses_0":["53"],
"minedBinaryVariableTemplatesNumber_Mined_splitClauses_1":["39"],
"unlabeledBinaryVariableTemplatesNumber_Unlabeled_splitClauses_1":["318"],
"relationSymbolNumberBeforeSimplification_Random_splitClauses_0":["55"],
"relationSymbolNumberAfterSimplification_PredictedCDHG_splitClauses_1":["53"],
"unlabeledTemplateNumber_PredictedCG_splitClauses_1":["501"],
"generatedPredicateNumber_Empty_splitClauses_0":["10800000"],
"predicateGeneratorTime_RelationalIneqs_splitClauses_1":["10800000"],
"unlabeledSingleVariableTemplatesNumber_Empty_splitClauses_0":["183"],
"cegarIterationNumber_Octagon_splitClauses_0":["10800000"],
"clauseNumberAfterSimplification_Octagon_splitClauses_1":["27"],
"unlabeledSingleVariableTemplatesNumber_Labeled_splitClauses_1":["183"],
"clauseNumberBeforeSimplification_Random_splitClauses_1":["28"],
"minedTemplateRelationSymbolNumber_All_splitClauses_0":["8"],
"unlabeledTemplateRelationSymbolNumber_RelationalEqs_splitClauses_0":["8"],
"minedSingleVariableTemplatesNumber_Unlabeled_splitClauses_1":["61"],
"clauseNumberBeforeSimplification_RelationalEqs_splitClauses_0":["28"],
"minedTemplateNumber_Unlabeled_splitClauses_0":["100"],
"generatedPredicateNumber_Octagon_splitClauses_0":["10800000"],
"predicateGeneratorTime_PredictedCDHG_splitClauses_0":["10800000"],
"clauseNumberAfterSimplification_PredictedCG_splitClauses_1":["27"],
"labeledSingleVariableTemplatesNumber_RelationalEqs_splitClauses_1":["3"],
"smt2FileSizeByte_Random_splitClauses_1":["8741"],
"averagePredicateSize_PredictedCG_splitClauses_1":["10800000"],
"cegarIterationNumber_PredictedCDHG_splitClauses_1":["10800000"],
"clauseNumberAfterSimplification_RelationalEqs_splitClauses_1":["27"],
"minedBinaryVariableTemplatesNumber_Empty_splitClauses_1":["39"],
"relationSymbolNumberAfterSimplification_RelationalEqs_splitClauses_1":["53"],
"minedTemplateNumber_PredictedCDHG_splitClauses_0":["100"],
"labeledBinaryVariableTemplatesNumber_All_splitClauses_1":["39"],
"solvingTime_RelationalIneqs_splitClauses_1":["10800000"],
"unlabeledTemplateRelationSymbolNumber_RelationalEqs_splitClauses_1":["8"],
"smt2FileSizeByte_Unlabeled_splitClauses_0":["8741"],
"relationSymbolNumberBeforeSimplification_Mined_splitClauses_1":["55"],
"relationSymbolNumberAfterSimplification_Mined_splitClauses_1":["53"],
"generatedPredicateNumber_All_splitClauses_0":["10800000"],
"relationSymbolNumberBeforeSimplification_Octagon_splitClauses_1":["55"],
"predicateGeneratorTime_Octagon_splitClauses_1":["10800000"],
"solvability_Mined_splitClauses_1":["1"],
"minedTemplateRelationSymbolNumber_Term_splitClauses_1":["8"],
"clauseNumberAfterSimplification_Mined_splitClauses_0":["27"],
"solvability_PredictedCDHG_splitClauses_0":["10800000"],
"solvingTime_Empty_splitClauses_0":["10800000"],
"unlabeledSingleVariableTemplatesNumber_Unlabeled_splitClauses_1":["183"],
"minedTemplateNumber_Term_splitClauses_1":["100"],
"averagePredicateSize_Octagon_splitClauses_1":["10800000"],
"unlabeledSingleVariableTemplatesNumber_Octagon_splitClauses_1":["183"],
"minedTemplateRelationSymbolNumber_RelationalEqs_splitClauses_1":["8"],
"relationSymbolNumberBeforeSimplification_All_splitClauses_1":["55"],
"minedBinaryVariableTemplatesNumber_RelationalIneqs_splitClauses_0":["39"],
"predicateGeneratorTime_Term_splitClauses_1":["10800000"],
"solvingTime_Labeled_splitClauses_0":["10800000"],
"unlabeledBinaryVariableTemplatesNumber_PredictedCG_splitClauses_0":["318"],
"minedTemplateNumber_All_splitClauses_0":["100"],
"predicateGeneratorTime_Labeled_splitClauses_1":["10800000"],
"unlabeledTemplateRelationSymbolNumber_Empty_splitClauses_0":["8"],
"unlabeledTemplateNumber_Mined_splitClauses_1":["501"],
"solvability_PredictedCG_splitClauses_1":["10800000"],
"unlabeledTemplateNumber_Term_splitClauses_0":["501"],
"minedBinaryVariableTemplatesNumber_PredictedCG_splitClauses_1":["39"],
"labeledSingleVariableTemplatesNumber_PredictedCDHG_splitClauses_0":["3"],
"minedBinaryVariableTemplatesNumber_All_splitClauses_0":["39"],
"averagePredicateSize_PredictedCDHG_splitClauses_1":["10800000"],
"predicateGeneratorTime_PredictedCG_splitClauses_0":["10800000"],
"generatedPredicateNumber_RelationalIneqs_splitClauses_0":["10800000"],
"labeledTemplateNumber_Empty_splitClauses_0":["42"],
"relationSymbolNumberAfterSimplification_RelationalIneqs_splitClauses_1":["53"],
"unlabeledTemplateRelationSymbolNumber_Term_splitClauses_0":["8"],
"minedTemplateNumber_All_splitClauses_1":["100"],
"labeledSingleVariableTemplatesNumber_Empty_splitClauses_1":["3"],
"minedBinaryVariableTemplatesNumber_Unlabeled_splitClauses_0":["39"],
"labeledTemplateNumber_Random_splitClauses_0":["42"],
"minedBinaryVariableTemplatesNumber_All_splitClauses_1":["39"],
"unlabeledSingleVariableTemplatesNumber_All_splitClauses_0":["183"],
"relationSymbolNumberBeforeSimplification_Labeled_splitClauses_1":["55"],
"smt2FileSizeByte_PredictedCDHG_splitClauses_1":["8741"],
"labeledBinaryVariableTemplatesNumber_PredictedCDHG_splitClauses_0":["39"],
"averagePredicateSize_RelationalEqs_splitClauses_1":["10800000"],
"minedSingleVariableTemplatesNumber_Term_splitClauses_0":["61"],
"labeledTemplateRelationSymbolNumber_Term_splitClauses_1":["7"],
"generatedPredicateNumber_Random_splitClauses_0":["10800000"],
"labeledBinaryVariableTemplatesNumber_Empty_splitClauses_1":["39"],
"relationSymbolNumberAfterSimplification_Term_splitClauses_1":["53"],
"clauseNumberAfterSimplification_Labeled_splitClauses_0":["27"],
"labeledSingleVariableTemplatesNumber_Labeled_splitClauses_0":["3"],
"minedTemplateNumber_Mined_splitClauses_1":["100"],
"labeledTemplateRelationSymbolNumber_Labeled_splitClauses_0":["7"],
"unlabeledTemplateRelationSymbolNumber_Mined_splitClauses_1":["8"],
"solvability_Labeled_splitClauses_0":["10800000"],
"minedTemplateNumber_RelationalEqs_splitClauses_1":["100"],
"solvingTime_Random_splitClauses_1":["10800000"],
"minedTemplateNumber_Random_splitClauses_0":["100"],
"cegarIterationNumber_Unlabeled_splitClauses_1":["10800000"],
"minedTemplateNumber_RelationalIneqs_splitClauses_1":["100"],
"unlabeledBinaryVariableTemplatesNumber_Octagon_splitClauses_1":["318"],
"minedSingleVariableTemplatesNumber_Octagon_splitClauses_1":["61"],
"minedSingleVariableTemplatesNumber_Random_splitClauses_1":["61"],
"averagePredicateSize_All_splitClauses_1":["10800000"],
"minedTemplateNumber_Empty_splitClauses_0":["100"],
"labeledTemplateNumber_Mined_splitClauses_0":["42"],
"unlabeledBinaryVariableTemplatesNumber_All_splitClauses_0":["318"],
"relationSymbolNumberAfterSimplification_Labeled_splitClauses_1":["53"],
"labeledSingleVariableTemplatesNumber_PredictedCDHG_splitClauses_1":["3"],
"minedSingleVariableTemplatesNumber_Mined_splitClauses_1":["61"],
"labeledTemplateRelationSymbolNumber_Term_splitClauses_0":["7"],
"unlabeledTemplateRelationSymbolNumber_Term_splitClauses_1":["8"],
"predicateGeneratorTime_All_splitClauses_1":["10800000"],
"unlabeledSingleVariableTemplatesNumber_Random_splitClauses_0":["183"],
"predicateGeneratorTime_Unlabeled_splitClauses_1":["10800000"],
"cegarIterationNumber_PredictedCDHG_splitClauses_0":["10800000"],
"labeledTemplateNumber_RelationalEqs_splitClauses_0":["42"],
"labeledTemplateRelationSymbolNumber_Mined_splitClauses_1":["7"],
"labeledTemplateRelationSymbolNumber_Random_splitClauses_0":["7"],
"labeledBinaryVariableTemplatesNumber_RelationalEqs_splitClauses_1":["39"],
"generatedPredicateNumber_RelationalIneqs_splitClauses_1":["10800000"],
"unlabeledTemplateRelationSymbolNumber_PredictedCG_splitClauses_1":["8"],
"unlabeledSingleVariableTemplatesNumber_RelationalEqs_splitClauses_0":["183"],
"labeledBinaryVariableTemplatesNumber_Labeled_splitClauses_0":["39"],
"minedBinaryVariableTemplatesNumber_PredictedCDHG_splitClauses_0":["39"],
"unlabeledTemplateRelationSymbolNumber_Unlabeled_splitClauses_0":["8"],
"clauseNumberAfterSimplification_Term_splitClauses_1":["27"],
"unlabeledTemplateNumber_Octagon_splitClauses_0":["501"],
"unlabeledBinaryVariableTemplatesNumber_RelationalEqs_splitClauses_1":["318"],
"unlabeledTemplateNumber_PredictedCG_splitClauses_0":["501"],
"unlabeledTemplateNumber_All_splitClauses_0":["501"],
"labeledTemplateRelationSymbolNumber_RelationalIneqs_splitClauses_1":["7"],
"unlabeledSingleVariableTemplatesNumber_Mined_splitClauses_1":["183"],
"labeledTemplateRelationSymbolNumber_Unlabeled_splitClauses_1":["7"],
"labeledBinaryVariableTemplatesNumber_Random_splitClauses_1":["39"],
"solvability_Random_splitClauses_1":["10800000"],
"solvingTime_Term_splitClauses_0":["10800000"],
"minedSingleVariableTemplatesNumber_Labeled_splitClauses_1":["61"],
"clauseNumberBeforeSimplification_Term_splitClauses_0":["28"],
"relationSymbolNumberBeforeSimplification_RelationalIneqs_splitClauses_1":["55"],
"minedTemplateRelationSymbolNumber_Mined_splitClauses_0":["8"],
"solvability_Octagon_splitClauses_1":["10800000"],
"minedSingleVariableTemplatesNumber_RelationalIneqs_splitClauses_1":["61"],
"smt2FileSizeByte_Labeled_splitClauses_0":["8741"],
"solvability_RelationalEqs_splitClauses_1":["10800000"],
"unlabeledSingleVariableTemplatesNumber_Empty_splitClauses_1":["183"],
"labeledTemplateNumber_PredictedCDHG_splitClauses_1":["42"],
"minedTemplateRelationSymbolNumber_Octagon_splitClauses_0":["8"],
"clauseNumberAfterSimplification_Unlabeled_splitClauses_0":["27"],
"clauseNumberBeforeSimplification_Unlabeled_splitClauses_0":["28"],
"clauseNumberBeforeSimplification_PredictedCDHG_splitClauses_0":["28"],
"cegarIterationNumber_RelationalIneqs_splitClauses_0":["10800000"],
"labeledTemplateRelationSymbolNumber_RelationalEqs_splitClauses_0":["7"],
"averagePredicateSize_Labeled_splitClauses_0":["10800000"],
"smt2FileSizeByte_RelationalIneqs_splitClauses_1":["8741"],
"clauseNumberBeforeSimplification_RelationalEqs_splitClauses_1":["28"],
"unlabeledTemplateRelationSymbolNumber_RelationalIneqs_splitClauses_1":["8"],
"clauseNumberBeforeSimplification_PredictedCG_splitClauses_0":["28"],
"solvingTime_PredictedCDHG_splitClauses_0":["10800000"],
"labeledTemplateRelationSymbolNumber_Octagon_splitClauses_1":["7"],
"minedTemplateRelationSymbolNumber_PredictedCG_splitClauses_1":["8"],
"relationSymbolNumberBeforeSimplification_RelationalEqs_splitClauses_1":["55"],
"labeledTemplateNumber_Random_splitClauses_1":["42"],
"solvingTime_RelationalIneqs_splitClauses_0":["10800000"],
"labeledTemplateNumber_All_splitClauses_1":["42"],
"unlabeledTemplateNumber_Random_splitClauses_1":["501"],
"relationSymbolNumberBeforeSimplification_All_splitClauses_0":["55"],
"smt2FileSizeByte_Unlabeled_splitClauses_1":["8741"],
"cegarIterationNumber_PredictedCG_splitClauses_0":["10800000"],
"predicateGeneratorTime_Octagon_splitClauses_0":["10800000"],
"unlabeledTemplateNumber_RelationalEqs_splitClauses_1":["501"],
"clauseNumberAfterSimplification_Octagon_splitClauses_0":["27"],
"cegarIterationNumber_Random_splitClauses_0":["10800000"],
"solvability_PredictedCDHG_splitClauses_1":["10800000"],
"solvability_PredictedCG_splitClauses_0":["10800000"],
"solvingTime_PredictedCG_splitClauses_1":["10800000"],
"unlabeledSingleVariableTemplatesNumber_Unlabeled_splitClauses_0":["183"],
"unlabeledTemplateNumber_Unlabeled_splitClauses_0":["501"],
"labeledTemplateRelationSymbolNumber_RelationalIneqs_splitClauses_0":["7"],
"minedTemplateNumber_Random_splitClauses_1":["100"],
"generatedPredicateNumber_RelationalEqs_splitClauses_0":["10800000"],
"minedTemplateNumber_Term_splitClauses_0":["100"],
"solvingTime_All_splitClauses_1":["10800000"],
"minedSingleVariableTemplatesNumber_PredictedCG_splitClauses_0":["61"],
"smt2FileSizeByte_Term_splitClauses_1":["8741"],
"labeledBinaryVariableTemplatesNumber_All_splitClauses_0":["39"],
"minedTemplateNumber_PredictedCDHG_splitClauses_1":["100"],
"minedTemplateRelationSymbolNumber_PredictedCDHG_splitClauses_0":["8"],
"averagePredicateSize_Unlabeled_splitClauses_0":["10800000"],
"minedBinaryVariableTemplatesNumber_Octagon_splitClauses_1":["39"],
"unlabeledSingleVariableTemplatesNumber_Random_splitClauses_1":["183"],
"clauseNumberBeforeSimplification_Random_splitClauses_0":["28"],
"solvingTime_Unlabeled_splitClauses_1":["10800000"],
"predicateGeneratorTime_PredictedCDHG_splitClauses_1":["10800000"],
"averagePredicateSize_PredictedCDHG_splitClauses_0":["10800000"],
"relationSymbolNumberAfterSimplification_RelationalEqs_splitClauses_0":["53"],
"minedBinaryVariableTemplatesNumber_Term_splitClauses_0":["39"],
"labeledTemplateNumber_RelationalIneqs_splitClauses_0":["42"],
"clauseNumberAfterSimplification_Random_splitClauses_0":["27"],
"clauseNumberAfterSimplification_PredictedCG_splitClauses_0":["27"],
"generatedPredicateNumber_Empty_splitClauses_1":["10800000"],
"clauseNumberBeforeSimplification_Octagon_splitClauses_0":["28"],
"unlabeledTemplateNumber_Empty_splitClauses_0":["501"],
"minedSingleVariableTemplatesNumber_All_splitClauses_0":["61"],
"labeledTemplateRelationSymbolNumber_Octagon_splitClauses_0":["7"],
"generatedPredicateNumber_Random_splitClauses_1":["10800000"],
"clauseNumberAfterSimplification_RelationalEqs_splitClauses_0":["27"],
"labeledBinaryVariableTemplatesNumber_Term_splitClauses_0":["39"],
"minedSingleVariableTemplatesNumber_RelationalEqs_splitClauses_0":["61"],
"minedTemplateNumber_Mined_splitClauses_0":["100"],
"relationSymbolNumberBeforeSimplification_PredictedCG_splitClauses_0":["55"],
"averagePredicateSize_Octagon_splitClauses_0":["10800000"],
"unlabeledBinaryVariableTemplatesNumber_Empty_splitClauses_1":["318"],
"unlabeledSingleVariableTemplatesNumber_PredictedCDHG_splitClauses_0":["183"],
"unlabeledSingleVariableTemplatesNumber_PredictedCG_splitClauses_1":["183"],
"labeledTemplateRelationSymbolNumber_Labeled_splitClauses_1":["7"],
"minedTemplateRelationSymbolNumber_Random_splitClauses_0":["8"],
"unlabeledTemplateRelationSymbolNumber_PredictedCG_splitClauses_0":["8"],
"unlabeledTemplateNumber_RelationalIneqs_splitClauses_0":["501"],
"unlabeledSingleVariableTemplatesNumber_Labeled_splitClauses_0":["183"],
"relationSymbolNumberAfterSimplification_PredictedCG_splitClauses_0":["53"],
"minedTemplateNumber_Unlabeled_splitClauses_1":["100"],
"generatedPredicateNumber_PredictedCG_splitClauses_0":["10800000"],
"labeledTemplateNumber_Unlabeled_splitClauses_1":["42"],
"unlabeledTemplateRelationSymbolNumber_Empty_splitClauses_1":["8"],
"clauseNumberBeforeSimplification_Empty_splitClauses_0":["28"],
"solvingTime_Octagon_splitClauses_1":["10800000"],
"cegarIterationNumber_Mined_splitClauses_1":["10"],
"clauseNumberBeforeSimplification_Mined_splitClauses_1":["28"],
"smt2FileSizeByte_PredictedCDHG_splitClauses_0":["8741"],
"averagePredicateSize_PredictedCG_splitClauses_0":["10800000"],
"solvingTime_Random_splitClauses_0":["10800000"],
"minedTemplateNumber_RelationalEqs_splitClauses_0":["100"],
"unlabeledSingleVariableTemplatesNumber_RelationalIneqs_splitClauses_0":["183"],
"unlabeledTemplateNumber_Unlabeled_splitClauses_1":["501"],
"labeledBinaryVariableTemplatesNumber_RelationalEqs_splitClauses_0":["39"],
"generatedPredicateNumber_PredictedCDHG_splitClauses_0":["10800000"],
"relationSymbolNumberAfterSimplification_RelationalIneqs_splitClauses_0":["53"],
"minedTemplateRelationSymbolNumber_Empty_splitClauses_1":["8"],
"predicateGeneratorTime_Random_splitClauses_1":["10800000"],
"labeledTemplateNumber_Term_splitClauses_1":["42"],
"relationSymbolNumberBeforeSimplification_RelationalEqs_splitClauses_0":["55"],
"minedSingleVariableTemplatesNumber_Empty_splitClauses_1":["61"],
"minedSingleVariableTemplatesNumber_RelationalIneqs_splitClauses_0":["61"],
"clauseNumberAfterSimplification_All_splitClauses_0":["27"],
"unlabeledBinaryVariableTemplatesNumber_RelationalEqs_splitClauses_0":["318"],
"cegarIterationNumber_RelationalEqs_splitClauses_0":["10800000"],
"labeledTemplateRelationSymbolNumber_PredictedCDHG_splitClauses_0":["7"],
"labeledSingleVariableTemplatesNumber_Labeled_splitClauses_1":["3"],
"unlabeledBinaryVariableTemplatesNumber_All_splitClauses_1":["318"],
"minedTemplateRelationSymbolNumber_Unlabeled_splitClauses_1":["8"],
"solvingTime_RelationalEqs_splitClauses_0":["10800000"],
"solvingTime_RelationalEqs_splitClauses_1":["10800000"],
"minedBinaryVariableTemplatesNumber_Mined_splitClauses_0":["39"],
"clauseNumberBeforeSimplification_All_splitClauses_0":["28"],
"clauseNumberBeforeSimplification_RelationalIneqs_splitClauses_1":["28"],
"labeledTemplateNumber_RelationalEqs_splitClauses_1":["42"],
"labeledBinaryVariableTemplatesNumber_RelationalIneqs_splitClauses_0":["39"],
"relationSymbolNumberBeforeSimplification_Labeled_splitClauses_0":["55"],
"clauseNumberAfterSimplification_Empty_splitClauses_0":["27"],
"averagePredicateSize_Empty_splitClauses_0":["10800000"],
"unlabeledTemplateNumber_Term_splitClauses_1":["501"],
"predicateGeneratorTime_Mined_splitClauses_1":["345"],
"labeledBinaryVariableTemplatesNumber_RelationalIneqs_splitClauses_1":["39"],
"predicateGeneratorTime_Unlabeled_splitClauses_0":["10800000"],
"relationSymbolNumberAfterSimplification_Empty_splitClauses_0":["53"],
"generatedPredicateNumber_Mined_splitClauses_0":["10800000"],
"generatedPredicateNumber_RelationalEqs_splitClauses_1":["10800000"],
"labeledTemplateRelationSymbolNumber_PredictedCG_splitClauses_0":["7"],
"minedSingleVariableTemplatesNumber_PredictedCG_splitClauses_1":["61"],
"minedTemplateRelationSymbolNumber_PredictedCG_splitClauses_0":["8"],
"unlabeledTemplateRelationSymbolNumber_Labeled_splitClauses_0":["8"],
"solvability_Empty_splitClauses_1":["10800000"],
"averagePredicateSize_Term_splitClauses_0":["10800000"],
"cegarIterationNumber_Random_splitClauses_1":["10800000"],
"averagePredicateSize_Labeled_splitClauses_1":["10800000"],
"unlabeledBinaryVariableTemplatesNumber_Unlabeled_splitClauses_0":["318"],
"generatedPredicateNumber_Unlabeled_splitClauses_1":["10800000"],
"predicateGeneratorTime_All_splitClauses_0":["10800000"],
"unlabeledBinaryVariableTemplatesNumber_PredictedCDHG_splitClauses_1":["318"],
"clauseNumberBeforeSimplification_Labeled_splitClauses_1":["28"],
"minedBinaryVariableTemplatesNumber_Labeled_splitClauses_1":["39"],
"labeledSingleVariableTemplatesNumber_All_splitClauses_0":["3"],
"unlabeledTemplateRelationSymbolNumber_Mined_splitClauses_0":["8"],
"cegarIterationNumber_Octagon_splitClauses_1":["10800000"],
"labeledTemplateNumber_Octagon_splitClauses_0":["42"],
"labeledTemplateRelationSymbolNumber_All_splitClauses_1":["7"],
"smt2FileSizeByte_Empty_splitClauses_0":["8741"],
"unlabeledTemplateNumber_Octagon_splitClauses_1":["501"],
"predicateGeneratorTime_RelationalEqs_splitClauses_0":["10800000"],
"unlabeledTemplateRelationSymbolNumber_RelationalIneqs_splitClauses_0":["8"],
"smt2FileSizeByte_RelationalEqs_splitClauses_1":["8741"],
"unlabeledTemplateNumber_Labeled_splitClauses_0":["501"],
"minedSingleVariableTemplatesNumber_Labeled_splitClauses_0":["61"],
"solvingTime_PredictedCDHG_splitClauses_1":["10800000"],
"relationSymbolNumberBeforeSimplification_Term_splitClauses_1":["55"],
"minedTemplateNumber_Octagon_splitClauses_1":["100"],
"clauseNumberBeforeSimplification_Mined_splitClauses_0":["28"],
"smt2FileSizeByte_All_splitClauses_0":["8741"],
"solvingTime_All_splitClauses_0":["10800000"],
"minedBinaryVariableTemplatesNumber_Term_splitClauses_1":["39"],
"unlabeledTemplateRelationSymbolNumber_Random_splitClauses_0":["8"],
"cegarIterationNumber_All_splitClauses_0":["10800000"],
"smt2FileSizeByte_RelationalEqs_splitClauses_0":["8741"],
"unlabeledSingleVariableTemplatesNumber_PredictedCDHG_splitClauses_1":["183"],
"clauseNumberBeforeSimplification_Labeled_splitClauses_0":["28"],
"cegarIterationNumber_PredictedCG_splitClauses_1":["10800000"],
"labeledTemplateRelationSymbolNumber_Unlabeled_splitClauses_0":["7"],
"unlabeledTemplateRelationSymbolNumber_Octagon_splitClauses_1":["8"],
"unlabeledTemplateNumber_Empty_splitClauses_1":["501"],
"clauseNumberBeforeSimplification_Octagon_splitClauses_1":["28"],
"labeledTemplateNumber_Unlabeled_splitClauses_0":["42"],
"labeledBinaryVariableTemplatesNumber_PredictedCG_splitClauses_0":["39"],
"solvability_Term_splitClauses_1":["10800000"],
"solvability_Octagon_splitClauses_0":["10800000"],
"minedTemplateRelationSymbolNumber_RelationalIneqs_splitClauses_0":["8"],
"clauseNumberBeforeSimplification_RelationalIneqs_splitClauses_0":["28"],
"labeledTemplateNumber_PredictedCG_splitClauses_0":["42"],
"cegarIterationNumber_Labeled_splitClauses_0":["10800000"],
"smt2FileSizeByte_Labeled_splitClauses_1":["8741"],
"clauseNumberBeforeSimplification_Unlabeled_splitClauses_1":["28"],
"generatedPredicateNumber_Term_splitClauses_1":["10800000"],
"solvingTime_Term_splitClauses_1":["10800000"],
"unlabeledBinaryVariableTemplatesNumber_Random_splitClauses_1":["318"],
"unlabeledSingleVariableTemplatesNumber_Octagon_splitClauses_0":["183"],
"solvingTime_Octagon_splitClauses_0":["10800000"],
"labeledSingleVariableTemplatesNumber_Mined_splitClauses_1":["3"],
"averagePredicateSize_Term_splitClauses_1":["10800000"],
"labeledTemplateNumber_Labeled_splitClauses_0":["42"],
"unlabeledSingleVariableTemplatesNumber_PredictedCG_splitClauses_0":["183"],
"smt2FileSizeByte_Mined_splitClauses_1":["8741"],
"labeledBinaryVariableTemplatesNumber_Unlabeled_splitClauses_1":["39"],
"labeledTemplateNumber_All_splitClauses_0":["42"],
"unlabeledTemplateNumber_Random_splitClauses_0":["501"],
"labeledTemplateNumber_Octagon_splitClauses_1":["42"],
"unlabeledTemplateNumber_PredictedCDHG_splitClauses_1":["501"],
"unlabeledBinaryVariableTemplatesNumber_Mined_splitClauses_0":["318"],
"minedTemplateRelationSymbolNumber_Mined_splitClauses_1":["8"],
"labeledTemplateNumber_RelationalIneqs_splitClauses_1":["42"],
"relationSymbolNumberAfterSimplification_All_splitClauses_0":["53"],
"relationSymbolNumberBeforeSimplification_PredictedCDHG_splitClauses_0":["55"],
"solvability_Term_splitClauses_0":["10800000"],
"clauseNumberBeforeSimplification_PredictedCG_splitClauses_1":["28"],
"generatedPredicateNumber_Labeled_splitClauses_1":["10800000"],
"labeledSingleVariableTemplatesNumber_Unlabeled_splitClauses_0":["3"],
"unlabeledBinaryVariableTemplatesNumber_Empty_splitClauses_0":["318"],
"solvingTime_Mined_splitClauses_0":["10800000"],
"unlabeledTemplateNumber_All_splitClauses_1":["501"],
"clauseNumberAfterSimplification_Random_splitClauses_1":["27"],
"labeledBinaryVariableTemplatesNumber_Octagon_splitClauses_1":["39"],
"unlabeledBinaryVariableTemplatesNumber_Labeled_splitClauses_0":["318"],
"smt2FileSizeByte_Octagon_splitClauses_0":["8741"],
"labeledSingleVariableTemplatesNumber_Random_splitClauses_1":["3"],
"solvability_Unlabeled_splitClauses_0":["10800000"],
"solvingTime_Unlabeled_splitClauses_0":["10800000"],
"unlabeledTemplateRelationSymbolNumber_All_splitClauses_1":["8"],
"minedTemplateNumber_Empty_splitClauses_1":["100"],
"solvability_RelationalIneqs_splitClauses_0":["10800000"],
"unlabeledTemplateRelationSymbolNumber_Labeled_splitClauses_1":["8"],
"cegarIterationNumber_RelationalEqs_splitClauses_1":["10800000"],
"minedSingleVariableTemplatesNumber_RelationalEqs_splitClauses_1":["61"],
"clauseNumberAfterSimplification_PredictedCDHG_splitClauses_1":["27"],
"minedBinaryVariableTemplatesNumber_RelationalIneqs_splitClauses_1":["39"],
"unlabeledBinaryVariableTemplatesNumber_Mined_splitClauses_1":["318"],
"unlabeledBinaryVariableTemplatesNumber_PredictedCDHG_splitClauses_0":["318"],
"solvingTime_Empty_splitClauses_1":["10800000"],
"labeledTemplateRelationSymbolNumber_Empty_splitClauses_1":["7"],
"generatedPredicateNumber_Term_splitClauses_0":["10800000"],
"averagePredicateSize_Empty_splitClauses_1":["10800000"],
"generatedPredicateNumber_PredictedCG_splitClauses_1":["10800000"],
"labeledTemplateRelationSymbolNumber_PredictedCDHG_splitClauses_1":["7"],
"predicateGeneratorTime_Mined_splitClauses_0":["10800000"],
"relationSymbolNumberBeforeSimplification_Term_splitClauses_0":["55"],
"predicateGeneratorTime_Labeled_splitClauses_0":["10800000"],
"labeledSingleVariableTemplatesNumber_Random_splitClauses_0":["3"],
"unlabeledTemplateRelationSymbolNumber_All_splitClauses_0":["8"],
"minedBinaryVariableTemplatesNumber_Labeled_splitClauses_0":["39"],
"generatedPredicateNumber_Labeled_splitClauses_0":["10800000"],
"relationSymbolNumberAfterSimplification_Empty_splitClauses_1":["53"],
"solvingTime_Mined_splitClauses_1":["1134"],
"minedSingleVariableTemplatesNumber_All_splitClauses_1":["61"],
"predicateGeneratorTime_Random_splitClauses_0":["10800000"],
"cegarIterationNumber_Term_splitClauses_1":["10800000"],
"labeledTemplateNumber_Empty_splitClauses_1":["42"],
"clauseNumberAfterSimplification_Empty_splitClauses_1":["27"],
"minedTemplateRelationSymbolNumber_Empty_splitClauses_0":["8"],
"unlabeledSingleVariableTemplatesNumber_Term_splitClauses_0":["183"],
"minedSingleVariableTemplatesNumber_Empty_splitClauses_0":["61"],
"relationSymbolNumberAfterSimplification_Random_splitClauses_0":["53"],
"minedTemplateRelationSymbolNumber_RelationalEqs_splitClauses_0":["8"],
"cegarIterationNumber_Empty_splitClauses_0":["10800000"],
"minedBinaryVariableTemplatesNumber_RelationalEqs_splitClauses_1":["39"],
"relationSymbolNumberBeforeSimplification_PredictedCG_splitClauses_1":["55"],
"labeledSingleVariableTemplatesNumber_All_splitClauses_1":["3"],
"unlabeledTemplateRelationSymbolNumber_Octagon_splitClauses_0":["8"],
"minedTemplateRelationSymbolNumber_Unlabeled_splitClauses_0":["8"],
"labeledBinaryVariableTemplatesNumber_Mined_splitClauses_0":["39"],
"relationSymbolNumberAfterSimplification_Unlabeled_splitClauses_1":["53"],
"minedTemplateNumber_PredictedCG_splitClauses_1":["100"],
"cegarIterationNumber_Empty_splitClauses_1":["10800000"],
"averagePredicateSize_RelationalIneqs_splitClauses_0":["10800000"],
"solvability_All_splitClauses_1":["10800000"],
"unlabeledBinaryVariableTemplatesNumber_Term_splitClauses_1":["318"],
"minedTemplateRelationSymbolNumber_Labeled_splitClauses_1":["8"],
"averagePredicateSize_Unlabeled_splitClauses_1":["10800000"],
"labeledTemplateNumber_Term_splitClauses_0":["42"],
"smt2FileSizeByte_Empty_splitClauses_1":["8741"],
"solvingTime_PredictedCG_splitClauses_0":["10800000"],
"cegarIterationNumber_All_splitClauses_1":["10800000"],
"clauseNumberBeforeSimplification_Term_splitClauses_1":["28"],
"predicateGeneratorTime_Empty_splitClauses_0":["10800000"],
"relationSymbolNumberBeforeSimplification_Empty_splitClauses_1":["55"],
"averagePredicateSize_All_splitClauses_0":["10800000"],
"unlabeledBinaryVariableTemplatesNumber_Random_splitClauses_0":["318"],
"smt2FileSizeByte_Term_splitClauses_0":["8741"],
"averagePredicateSize_Mined_splitClauses_1":["1"],
"minedBinaryVariableTemplatesNumber_Empty_splitClauses_0":["39"],
"minedTemplateRelationSymbolNumber_All_splitClauses_1":["8"],
"labeledSingleVariableTemplatesNumber_PredictedCG_splitClauses_0":["3"],
"unlabeledBinaryVariableTemplatesNumber_RelationalIneqs_splitClauses_0":["318"],
"unlabeledSingleVariableTemplatesNumber_RelationalIneqs_splitClauses_1":["183"],
"clauseNumberAfterSimplification_RelationalIneqs_splitClauses_0":["27"],
"unlabeledTemplateNumber_RelationalEqs_splitClauses_0":["501"],
"unlabeledTemplateNumber_RelationalIneqs_splitClauses_1":["501"],
"labeledTemplateRelationSymbolNumber_PredictedCG_splitClauses_1":["7"],
"labeledTemplateRelationSymbolNumber_All_splitClauses_0":["7"],
"labeledSingleVariableTemplatesNumber_Octagon_splitClauses_0":["3"],
"dummyFiled":[]
}