{
"smt2FileSizeByte_All_splitClauses_1":["5748"],
"generatedPredicateNumber_All_splitClauses_1":["10800000"],
"unlabeledTemplateRelationSymbolNumber_PredictedCDHG_splitClauses_0":["1"],
"relationSymbolNumberBeforeSimplification_Unlabeled_splitClauses_1":["5"],
"predicateGeneratorTime_Term_splitClauses_0":["10800000"],
"averagePredicateSize_Random_splitClauses_1":["1"],
"labeledBinaryVariableTemplatesNumber_Labeled_splitClauses_1":["2"],
"clauseNumberBeforeSimplification_All_splitClauses_1":["3"],
"minedTemplateRelationSymbolNumber_Term_splitClauses_0":["1"],
"solvingTime_Labeled_splitClauses_1":["1086"],
"unlabeledTemplateNumber_Labeled_splitClauses_1":["35"],
"relationSymbolNumberAfterSimplification_All_splitClauses_1":["77"],
"minedTemplateRelationSymbolNumber_Octagon_splitClauses_1":["1"],
"clauseNumberAfterSimplification_Mined_splitClauses_1":["39"],
"relationSymbolNumberBeforeSimplification_Octagon_splitClauses_0":["5"],
"unlabeledBinaryVariableTemplatesNumber_Term_splitClauses_0":["18"],
"labeledTemplateNumber_PredictedCDHG_splitClauses_0":["7"],
"solvability_Empty_splitClauses_0":["10800000"],
"unlabeledTemplateRelationSymbolNumber_Random_splitClauses_1":["1"],
"labeledBinaryVariableTemplatesNumber_Octagon_splitClauses_0":["2"],
"relationSymbolNumberBeforeSimplification_Random_splitClauses_1":["5"],
"minedTemplateRelationSymbolNumber_Random_splitClauses_1":["1"],
"unlabeledSingleVariableTemplatesNumber_Mined_splitClauses_0":["17"],
"unlabeledBinaryVariableTemplatesNumber_PredictedCG_splitClauses_1":["18"],
"solvability_All_splitClauses_0":["10800000"],
"predicateGeneratorTime_RelationalEqs_splitClauses_1":["3582"],
"relationSymbolNumberBeforeSimplification_PredictedCDHG_splitClauses_1":["5"],
"smt2FileSizeByte_PredictedCG_splitClauses_1":["5748"],
"labeledSingleVariableTemplatesNumber_Unlabeled_splitClauses_1":["5"],
"labeledBinaryVariableTemplatesNumber_PredictedCG_splitClauses_1":["2"],
"minedBinaryVariableTemplatesNumber_PredictedCG_splitClauses_0":["2"],
"solvability_Random_splitClauses_0":["10800000"],
"relationSymbolNumberAfterSimplification_PredictedCG_splitClauses_1":["77"],
"clauseNumberBeforeSimplification_PredictedCDHG_splitClauses_1":["3"],
"labeledSingleVariableTemplatesNumber_Mined_splitClauses_0":["5"],
"solvability_Unlabeled_splitClauses_1":["1"],
"cegarIterationNumber_Labeled_splitClauses_1":["8"],
"smt2FileSizeByte_Mined_splitClauses_0":["5748"],
"relationSymbolNumberAfterSimplification_Mined_splitClauses_0":["77"],
"labeledSingleVariableTemplatesNumber_PredictedCG_splitClauses_1":["5"],
"smt2FileSizeByte_Octagon_splitClauses_1":["5748"],
"minedTemplateNumber_Labeled_splitClauses_1":["11"],
"labeledSingleVariableTemplatesNumber_RelationalIneqs_splitClauses_1":["5"],
"clauseNumberAfterSimplification_Labeled_splitClauses_1":["39"],
"relationSymbolNumberAfterSimplification_Labeled_splitClauses_0":["77"],
"smt2FileSizeByte_Random_splitClauses_0":["5748"],
"relationSymbolNumberAfterSimplification_PredictedCDHG_splitClauses_0":["77"],
"unlabeledTemplateRelationSymbolNumber_PredictedCDHG_splitClauses_1":["1"],
"labeledSingleVariableTemplatesNumber_Term_splitClauses_0":["5"],
"generatedPredicateNumber_PredictedCDHG_splitClauses_1":["10800000"],
"minedSingleVariableTemplatesNumber_Unlabeled_splitClauses_0":["9"],
"generatedPredicateNumber_Octagon_splitClauses_1":["12"],
"labeledSingleVariableTemplatesNumber_RelationalEqs_splitClauses_0":["5"],
"predicateGeneratorTime_PredictedCG_splitClauses_1":["10800000"],
"relationSymbolNumberAfterSimplification_Octagon_splitClauses_0":["77"],
"labeledTemplateNumber_Labeled_splitClauses_1":["7"],
"labeledSingleVariableTemplatesNumber_Empty_splitClauses_0":["5"],
"minedTemplateRelationSymbolNumber_RelationalIneqs_splitClauses_1":["1"],
"unlabeledSingleVariableTemplatesNumber_All_splitClauses_1":["17"],
"labeledBinaryVariableTemplatesNumber_PredictedCDHG_splitClauses_1":["2"],
"unlabeledSingleVariableTemplatesNumber_RelationalEqs_splitClauses_1":["17"],
"cegarIterationNumber_Term_splitClauses_0":["10800000"],
"unlabeledBinaryVariableTemplatesNumber_Labeled_splitClauses_1":["18"],
"unlabeledSingleVariableTemplatesNumber_Term_splitClauses_1":["17"],
"clauseNumberAfterSimplification_All_splitClauses_1":["39"],
"minedSingleVariableTemplatesNumber_Random_splitClauses_0":["9"],
"solvability_RelationalIneqs_splitClauses_1":["1"],
"minedTemplateNumber_Labeled_splitClauses_0":["11"],
"minedSingleVariableTemplatesNumber_Octagon_splitClauses_0":["9"],
"minedSingleVariableTemplatesNumber_Term_splitClauses_1":["9"],
"minedBinaryVariableTemplatesNumber_PredictedCDHG_splitClauses_1":["2"],
"generatedPredicateNumber_Mined_splitClauses_1":["11"],
"labeledSingleVariableTemplatesNumber_RelationalIneqs_splitClauses_0":["5"],
"averagePredicateSize_Mined_splitClauses_0":["10800000"],
"cegarIterationNumber_Unlabeled_splitClauses_0":["10800000"],
"minedBinaryVariableTemplatesNumber_Random_splitClauses_0":["2"],
"labeledTemplateNumber_Mined_splitClauses_1":["7"],
"labeledBinaryVariableTemplatesNumber_Random_splitClauses_0":["2"],
"unlabeledTemplateRelationSymbolNumber_Unlabeled_splitClauses_1":["1"],
"cegarIterationNumber_Mined_splitClauses_0":["10800000"],
"minedTemplateRelationSymbolNumber_Labeled_splitClauses_0":["1"],
"unlabeledBinaryVariableTemplatesNumber_RelationalIneqs_splitClauses_1":["18"],
"unlabeledBinaryVariableTemplatesNumber_Octagon_splitClauses_0":["18"],
"solvability_Mined_splitClauses_0":["10800000"],
"averagePredicateSize_RelationalEqs_splitClauses_0":["10800000"],
"clauseNumberAfterSimplification_Term_splitClauses_0":["39"],
"unlabeledTemplateNumber_Mined_splitClauses_0":["35"],
"relationSymbolNumberAfterSimplification_Random_splitClauses_1":["77"],
"unlabeledTemplateNumber_PredictedCDHG_splitClauses_0":["35"],
"cegarIterationNumber_RelationalIneqs_splitClauses_1":["8"],
"minedBinaryVariableTemplatesNumber_Unlabeled_splitClauses_1":["2"],
"labeledTemplateNumber_PredictedCG_splitClauses_1":["7"],
"labeledTemplateRelationSymbolNumber_Mined_splitClauses_0":["1"],
"labeledBinaryVariableTemplatesNumber_Mined_splitClauses_1":["2"],
"relationSymbolNumberBeforeSimplification_Mined_splitClauses_0":["5"],
"relationSymbolNumberBeforeSimplification_RelationalIneqs_splitClauses_0":["5"],
"clauseNumberAfterSimplification_RelationalIneqs_splitClauses_1":["39"],
"minedSingleVariableTemplatesNumber_PredictedCDHG_splitClauses_0":["9"],
"solvability_Labeled_splitClauses_1":["1"],
"labeledSingleVariableTemplatesNumber_Octagon_splitClauses_1":["5"],
"averagePredicateSize_Random_splitClauses_0":["10800000"],
"smt2FileSizeByte_RelationalIneqs_splitClauses_0":["5748"],
"generatedPredicateNumber_Unlabeled_splitClauses_0":["10800000"],
"solvability_RelationalEqs_splitClauses_0":["10800000"],
"predicateGeneratorTime_Empty_splitClauses_1":["340"],
"minedSingleVariableTemplatesNumber_Mined_splitClauses_0":["9"],
"relationSymbolNumberAfterSimplification_Unlabeled_splitClauses_0":["77"],
"minedTemplateRelationSymbolNumber_PredictedCDHG_splitClauses_1":["1"],
"minedTemplateNumber_PredictedCG_splitClauses_0":["11"],
"averagePredicateSize_RelationalIneqs_splitClauses_1":["1"],
"labeledTemplateRelationSymbolNumber_Random_splitClauses_1":["1"],
"minedTemplateNumber_RelationalIneqs_splitClauses_0":["11"],
"predicateGeneratorTime_RelationalIneqs_splitClauses_0":["10800000"],
"labeledTemplateRelationSymbolNumber_Empty_splitClauses_0":["1"],
"minedBinaryVariableTemplatesNumber_Octagon_splitClauses_0":["2"],
"labeledSingleVariableTemplatesNumber_Term_splitClauses_1":["5"],
"labeledBinaryVariableTemplatesNumber_Empty_splitClauses_0":["2"],
"minedTemplateNumber_Octagon_splitClauses_0":["11"],
"labeledBinaryVariableTemplatesNumber_Unlabeled_splitClauses_0":["2"],
"relationSymbolNumberBeforeSimplification_Empty_splitClauses_0":["5"],
"clauseNumberAfterSimplification_PredictedCDHG_splitClauses_0":["39"],
"smt2FileSizeByte_PredictedCG_splitClauses_0":["5748"],
"minedBinaryVariableTemplatesNumber_RelationalEqs_splitClauses_0":["2"],
"relationSymbolNumberBeforeSimplification_Unlabeled_splitClauses_0":["5"],
"labeledTemplateRelationSymbolNumber_RelationalEqs_splitClauses_1":["1"],
"minedBinaryVariableTemplatesNumber_Random_splitClauses_1":["2"],
"clauseNumberAfterSimplification_Unlabeled_splitClauses_1":["39"],
"minedSingleVariableTemplatesNumber_PredictedCDHG_splitClauses_1":["9"],
"labeledBinaryVariableTemplatesNumber_Term_splitClauses_1":["2"],
"clauseNumberBeforeSimplification_Empty_splitClauses_1":["3"],
"relationSymbolNumberAfterSimplification_Octagon_splitClauses_1":["77"],
"relationSymbolNumberAfterSimplification_Term_splitClauses_0":["77"],
"minedBinaryVariableTemplatesNumber_Mined_splitClauses_1":["2"],
"unlabeledBinaryVariableTemplatesNumber_Unlabeled_splitClauses_1":["18"],
"relationSymbolNumberBeforeSimplification_Random_splitClauses_0":["5"],
"relationSymbolNumberAfterSimplification_PredictedCDHG_splitClauses_1":["77"],
"unlabeledTemplateNumber_PredictedCG_splitClauses_1":["35"],
"generatedPredicateNumber_Empty_splitClauses_0":["10800000"],
"predicateGeneratorTime_RelationalIneqs_splitClauses_1":["4327"],
"unlabeledSingleVariableTemplatesNumber_Empty_splitClauses_0":["17"],
"cegarIterationNumber_Octagon_splitClauses_0":["10800000"],
"clauseNumberAfterSimplification_Octagon_splitClauses_1":["39"],
"unlabeledSingleVariableTemplatesNumber_Labeled_splitClauses_1":["17"],
"clauseNumberBeforeSimplification_Random_splitClauses_1":["3"],
"minedTemplateRelationSymbolNumber_All_splitClauses_0":["1"],
"unlabeledTemplateRelationSymbolNumber_RelationalEqs_splitClauses_0":["1"],
"minedSingleVariableTemplatesNumber_Unlabeled_splitClauses_1":["9"],
"clauseNumberBeforeSimplification_RelationalEqs_splitClauses_0":["3"],
"minedTemplateNumber_Unlabeled_splitClauses_0":["11"],
"generatedPredicateNumber_Octagon_splitClauses_0":["10800000"],
"predicateGeneratorTime_PredictedCDHG_splitClauses_0":["10800000"],
"clauseNumberAfterSimplification_PredictedCG_splitClauses_1":["39"],
"labeledSingleVariableTemplatesNumber_RelationalEqs_splitClauses_1":["5"],
"smt2FileSizeByte_Random_splitClauses_1":["5748"],
"averagePredicateSize_PredictedCG_splitClauses_1":["10800000"],
"cegarIterationNumber_PredictedCDHG_splitClauses_1":["10800000"],
"clauseNumberAfterSimplification_RelationalEqs_splitClauses_1":["39"],
"minedBinaryVariableTemplatesNumber_Empty_splitClauses_1":["2"],
"relationSymbolNumberAfterSimplification_RelationalEqs_splitClauses_1":["77"],
"minedTemplateNumber_PredictedCDHG_splitClauses_0":["11"],
"labeledBinaryVariableTemplatesNumber_All_splitClauses_1":["2"],
"solvingTime_RelationalIneqs_splitClauses_1":["4933"],
"unlabeledTemplateRelationSymbolNumber_RelationalEqs_splitClauses_1":["1"],
"smt2FileSizeByte_Unlabeled_splitClauses_0":["5748"],
"relationSymbolNumberBeforeSimplification_Mined_splitClauses_1":["5"],
"relationSymbolNumberAfterSimplification_Mined_splitClauses_1":["77"],
"generatedPredicateNumber_All_splitClauses_0":["10800000"],
"relationSymbolNumberBeforeSimplification_Octagon_splitClauses_1":["5"],
"predicateGeneratorTime_Octagon_splitClauses_1":["2674"],
"solvability_Mined_splitClauses_1":["1"],
"minedTemplateRelationSymbolNumber_Term_splitClauses_1":["1"],
"clauseNumberAfterSimplification_Mined_splitClauses_0":["39"],
"solvability_PredictedCDHG_splitClauses_0":["10800000"],
"solvingTime_Empty_splitClauses_0":["10800000"],
"unlabeledSingleVariableTemplatesNumber_Unlabeled_splitClauses_1":["17"],
"minedTemplateNumber_Term_splitClauses_1":["11"],
"averagePredicateSize_Octagon_splitClauses_1":["1"],
"unlabeledSingleVariableTemplatesNumber_Octagon_splitClauses_1":["17"],
"minedTemplateRelationSymbolNumber_RelationalEqs_splitClauses_1":["1"],
"relationSymbolNumberBeforeSimplification_All_splitClauses_1":["5"],
"minedBinaryVariableTemplatesNumber_RelationalIneqs_splitClauses_0":["2"],
"predicateGeneratorTime_Term_splitClauses_1":["950"],
"solvingTime_Labeled_splitClauses_0":["10800000"],
"unlabeledBinaryVariableTemplatesNumber_PredictedCG_splitClauses_0":["18"],
"minedTemplateNumber_All_splitClauses_0":["11"],
"predicateGeneratorTime_Labeled_splitClauses_1":["548"],
"unlabeledTemplateRelationSymbolNumber_Empty_splitClauses_0":["1"],
"unlabeledTemplateNumber_Mined_splitClauses_1":["35"],
"solvability_PredictedCG_splitClauses_1":["10800000"],
"unlabeledTemplateNumber_Term_splitClauses_0":["35"],
"minedBinaryVariableTemplatesNumber_PredictedCG_splitClauses_1":["2"],
"labeledSingleVariableTemplatesNumber_PredictedCDHG_splitClauses_0":["5"],
"minedBinaryVariableTemplatesNumber_All_splitClauses_0":["2"],
"averagePredicateSize_PredictedCDHG_splitClauses_1":["10800000"],
"predicateGeneratorTime_PredictedCG_splitClauses_0":["10800000"],
"generatedPredicateNumber_RelationalIneqs_splitClauses_0":["10800000"],
"labeledTemplateNumber_Empty_splitClauses_0":["7"],
"relationSymbolNumberAfterSimplification_RelationalIneqs_splitClauses_1":["77"],
"unlabeledTemplateRelationSymbolNumber_Term_splitClauses_0":["1"],
"minedTemplateNumber_All_splitClauses_1":["11"],
"labeledSingleVariableTemplatesNumber_Empty_splitClauses_1":["5"],
"minedBinaryVariableTemplatesNumber_Unlabeled_splitClauses_0":["2"],
"labeledTemplateNumber_Random_splitClauses_0":["7"],
"minedBinaryVariableTemplatesNumber_All_splitClauses_1":["2"],
"unlabeledSingleVariableTemplatesNumber_All_splitClauses_0":["17"],
"relationSymbolNumberBeforeSimplification_Labeled_splitClauses_1":["5"],
"smt2FileSizeByte_PredictedCDHG_splitClauses_1":["5748"],
"labeledBinaryVariableTemplatesNumber_PredictedCDHG_splitClauses_0":["2"],
"averagePredicateSize_RelationalEqs_splitClauses_1":["1"],
"minedSingleVariableTemplatesNumber_Term_splitClauses_0":["9"],
"labeledTemplateRelationSymbolNumber_Term_splitClauses_1":["1"],
"generatedPredicateNumber_Random_splitClauses_0":["10800000"],
"labeledBinaryVariableTemplatesNumber_Empty_splitClauses_1":["2"],
"relationSymbolNumberAfterSimplification_Term_splitClauses_1":["77"],
"clauseNumberAfterSimplification_Labeled_splitClauses_0":["39"],
"labeledSingleVariableTemplatesNumber_Labeled_splitClauses_0":["5"],
"minedTemplateNumber_Mined_splitClauses_1":["11"],
"labeledTemplateRelationSymbolNumber_Labeled_splitClauses_0":["1"],
"unlabeledTemplateRelationSymbolNumber_Mined_splitClauses_1":["1"],
"solvability_Labeled_splitClauses_0":["10800000"],
"minedTemplateNumber_RelationalEqs_splitClauses_1":["11"],
"solvingTime_Random_splitClauses_1":["2900"],
"minedTemplateNumber_Random_splitClauses_0":["11"],
"cegarIterationNumber_Unlabeled_splitClauses_1":["8"],
"minedTemplateNumber_RelationalIneqs_splitClauses_1":["11"],
"unlabeledBinaryVariableTemplatesNumber_Octagon_splitClauses_1":["18"],
"minedSingleVariableTemplatesNumber_Octagon_splitClauses_1":["9"],
"minedSingleVariableTemplatesNumber_Random_splitClauses_1":["9"],
"averagePredicateSize_All_splitClauses_1":["10800000"],
"minedTemplateNumber_Empty_splitClauses_0":["11"],
"labeledTemplateNumber_Mined_splitClauses_0":["7"],
"unlabeledBinaryVariableTemplatesNumber_All_splitClauses_0":["18"],
"relationSymbolNumberAfterSimplification_Labeled_splitClauses_1":["77"],
"labeledSingleVariableTemplatesNumber_PredictedCDHG_splitClauses_1":["5"],
"minedSingleVariableTemplatesNumber_Mined_splitClauses_1":["9"],
"labeledTemplateRelationSymbolNumber_Term_splitClauses_0":["1"],
"unlabeledTemplateRelationSymbolNumber_Term_splitClauses_1":["1"],
"predicateGeneratorTime_All_splitClauses_1":["10800000"],
"unlabeledSingleVariableTemplatesNumber_Random_splitClauses_0":["17"],
"predicateGeneratorTime_Unlabeled_splitClauses_1":["2584"],
"cegarIterationNumber_PredictedCDHG_splitClauses_0":["10800000"],
"labeledTemplateNumber_RelationalEqs_splitClauses_0":["7"],
"labeledTemplateRelationSymbolNumber_Mined_splitClauses_1":["1"],
"labeledTemplateRelationSymbolNumber_Random_splitClauses_0":["1"],
"labeledBinaryVariableTemplatesNumber_RelationalEqs_splitClauses_1":["2"],
"generatedPredicateNumber_RelationalIneqs_splitClauses_1":["12"],
"unlabeledTemplateRelationSymbolNumber_PredictedCG_splitClauses_1":["1"],
"unlabeledSingleVariableTemplatesNumber_RelationalEqs_splitClauses_0":["17"],
"labeledBinaryVariableTemplatesNumber_Labeled_splitClauses_0":["2"],
"minedBinaryVariableTemplatesNumber_PredictedCDHG_splitClauses_0":["2"],
"unlabeledTemplateRelationSymbolNumber_Unlabeled_splitClauses_0":["1"],
"clauseNumberAfterSimplification_Term_splitClauses_1":["39"],
"unlabeledTemplateNumber_Octagon_splitClauses_0":["35"],
"unlabeledBinaryVariableTemplatesNumber_RelationalEqs_splitClauses_1":["18"],
"unlabeledTemplateNumber_PredictedCG_splitClauses_0":["35"],
"unlabeledTemplateNumber_All_splitClauses_0":["35"],
"labeledTemplateRelationSymbolNumber_RelationalIneqs_splitClauses_1":["1"],
"unlabeledSingleVariableTemplatesNumber_Mined_splitClauses_1":["17"],
"labeledTemplateRelationSymbolNumber_Unlabeled_splitClauses_1":["1"],
"labeledBinaryVariableTemplatesNumber_Random_splitClauses_1":["2"],
"solvability_Random_splitClauses_1":["1"],
"solvingTime_Term_splitClauses_0":["10800000"],
"minedSingleVariableTemplatesNumber_Labeled_splitClauses_1":["9"],
"clauseNumberBeforeSimplification_Term_splitClauses_0":["3"],
"relationSymbolNumberBeforeSimplification_RelationalIneqs_splitClauses_1":["5"],
"minedTemplateRelationSymbolNumber_Mined_splitClauses_0":["1"],
"solvability_Octagon_splitClauses_1":["1"],
"minedSingleVariableTemplatesNumber_RelationalIneqs_splitClauses_1":["9"],
"smt2FileSizeByte_Labeled_splitClauses_0":["5748"],
"solvability_RelationalEqs_splitClauses_1":["1"],
"unlabeledSingleVariableTemplatesNumber_Empty_splitClauses_1":["17"],
"labeledTemplateNumber_PredictedCDHG_splitClauses_1":["7"],
"minedTemplateRelationSymbolNumber_Octagon_splitClauses_0":["1"],
"clauseNumberAfterSimplification_Unlabeled_splitClauses_0":["39"],
"clauseNumberBeforeSimplification_Unlabeled_splitClauses_0":["3"],
"clauseNumberBeforeSimplification_PredictedCDHG_splitClauses_0":["3"],
"cegarIterationNumber_RelationalIneqs_splitClauses_0":["10800000"],
"labeledTemplateRelationSymbolNumber_RelationalEqs_splitClauses_0":["1"],
"averagePredicateSize_Labeled_splitClauses_0":["10800000"],
"smt2FileSizeByte_RelationalIneqs_splitClauses_1":["5748"],
"clauseNumberBeforeSimplification_RelationalEqs_splitClauses_1":["3"],
"unlabeledTemplateRelationSymbolNumber_RelationalIneqs_splitClauses_1":["1"],
"clauseNumberBeforeSimplification_PredictedCG_splitClauses_0":["3"],
"solvingTime_PredictedCDHG_splitClauses_0":["10800000"],
"labeledTemplateRelationSymbolNumber_Octagon_splitClauses_1":["1"],
"minedTemplateRelationSymbolNumber_PredictedCG_splitClauses_1":["1"],
"relationSymbolNumberBeforeSimplification_RelationalEqs_splitClauses_1":["5"],
"labeledTemplateNumber_Random_splitClauses_1":["7"],
"solvingTime_RelationalIneqs_splitClauses_0":["10800000"],
"labeledTemplateNumber_All_splitClauses_1":["7"],
"unlabeledTemplateNumber_Random_splitClauses_1":["35"],
"relationSymbolNumberBeforeSimplification_All_splitClauses_0":["5"],
"smt2FileSizeByte_Unlabeled_splitClauses_1":["5748"],
"cegarIterationNumber_PredictedCG_splitClauses_0":["10800000"],
"predicateGeneratorTime_Octagon_splitClauses_0":["10800000"],
"unlabeledTemplateNumber_RelationalEqs_splitClauses_1":["35"],
"clauseNumberAfterSimplification_Octagon_splitClauses_0":["39"],
"cegarIterationNumber_Random_splitClauses_0":["10800000"],
"solvability_PredictedCDHG_splitClauses_1":["10800000"],
"solvability_PredictedCG_splitClauses_0":["10800000"],
"solvingTime_PredictedCG_splitClauses_1":["10800000"],
"unlabeledSingleVariableTemplatesNumber_Unlabeled_splitClauses_0":["17"],
"unlabeledTemplateNumber_Unlabeled_splitClauses_0":["35"],
"labeledTemplateRelationSymbolNumber_RelationalIneqs_splitClauses_0":["1"],
"minedTemplateNumber_Random_splitClauses_1":["11"],
"generatedPredicateNumber_RelationalEqs_splitClauses_0":["10800000"],
"minedTemplateNumber_Term_splitClauses_0":["11"],
"solvingTime_All_splitClauses_1":["10800000"],
"minedSingleVariableTemplatesNumber_PredictedCG_splitClauses_0":["9"],
"smt2FileSizeByte_Term_splitClauses_1":["5748"],
"labeledBinaryVariableTemplatesNumber_All_splitClauses_0":["2"],
"minedTemplateNumber_PredictedCDHG_splitClauses_1":["11"],
"minedTemplateRelationSymbolNumber_PredictedCDHG_splitClauses_0":["1"],
"averagePredicateSize_Unlabeled_splitClauses_0":["10800000"],
"minedBinaryVariableTemplatesNumber_Octagon_splitClauses_1":["2"],
"unlabeledSingleVariableTemplatesNumber_Random_splitClauses_1":["17"],
"clauseNumberBeforeSimplification_Random_splitClauses_0":["3"],
"solvingTime_Unlabeled_splitClauses_1":["3033"],
"predicateGeneratorTime_PredictedCDHG_splitClauses_1":["10800000"],
"averagePredicateSize_PredictedCDHG_splitClauses_0":["10800000"],
"relationSymbolNumberAfterSimplification_RelationalEqs_splitClauses_0":["77"],
"minedBinaryVariableTemplatesNumber_Term_splitClauses_0":["2"],
"labeledTemplateNumber_RelationalIneqs_splitClauses_0":["7"],
"clauseNumberAfterSimplification_Random_splitClauses_0":["39"],
"clauseNumberAfterSimplification_PredictedCG_splitClauses_0":["39"],
"generatedPredicateNumber_Empty_splitClauses_1":["11"],
"clauseNumberBeforeSimplification_Octagon_splitClauses_0":["3"],
"unlabeledTemplateNumber_Empty_splitClauses_0":["35"],
"minedSingleVariableTemplatesNumber_All_splitClauses_0":["9"],
"labeledTemplateRelationSymbolNumber_Octagon_splitClauses_0":["1"],
"generatedPredicateNumber_Random_splitClauses_1":["11"],
"clauseNumberAfterSimplification_RelationalEqs_splitClauses_0":["39"],
"labeledBinaryVariableTemplatesNumber_Term_splitClauses_0":["2"],
"minedSingleVariableTemplatesNumber_RelationalEqs_splitClauses_0":["9"],
"minedTemplateNumber_Mined_splitClauses_0":["11"],
"relationSymbolNumberBeforeSimplification_PredictedCG_splitClauses_0":["5"],
"averagePredicateSize_Octagon_splitClauses_0":["10800000"],
"unlabeledBinaryVariableTemplatesNumber_Empty_splitClauses_1":["18"],
"unlabeledSingleVariableTemplatesNumber_PredictedCDHG_splitClauses_0":["17"],
"unlabeledSingleVariableTemplatesNumber_PredictedCG_splitClauses_1":["17"],
"labeledTemplateRelationSymbolNumber_Labeled_splitClauses_1":["1"],
"minedTemplateRelationSymbolNumber_Random_splitClauses_0":["1"],
"unlabeledTemplateRelationSymbolNumber_PredictedCG_splitClauses_0":["1"],
"unlabeledTemplateNumber_RelationalIneqs_splitClauses_0":["35"],
"unlabeledSingleVariableTemplatesNumber_Labeled_splitClauses_0":["17"],
"relationSymbolNumberAfterSimplification_PredictedCG_splitClauses_0":["77"],
"minedTemplateNumber_Unlabeled_splitClauses_1":["11"],
"generatedPredicateNumber_PredictedCG_splitClauses_0":["10800000"],
"labeledTemplateNumber_Unlabeled_splitClauses_1":["7"],
"unlabeledTemplateRelationSymbolNumber_Empty_splitClauses_1":["1"],
"clauseNumberBeforeSimplification_Empty_splitClauses_0":["3"],
"solvingTime_Octagon_splitClauses_1":["3091"],
"cegarIterationNumber_Mined_splitClauses_1":["8"],
"clauseNumberBeforeSimplification_Mined_splitClauses_1":["3"],
"smt2FileSizeByte_PredictedCDHG_splitClauses_0":["5748"],
"averagePredicateSize_PredictedCG_splitClauses_0":["10800000"],
"solvingTime_Random_splitClauses_0":["10800000"],
"minedTemplateNumber_RelationalEqs_splitClauses_0":["11"],
"unlabeledSingleVariableTemplatesNumber_RelationalIneqs_splitClauses_0":["17"],
"unlabeledTemplateNumber_Unlabeled_splitClauses_1":["35"],
"labeledBinaryVariableTemplatesNumber_RelationalEqs_splitClauses_0":["2"],
"generatedPredicateNumber_PredictedCDHG_splitClauses_0":["10800000"],
"relationSymbolNumberAfterSimplification_RelationalIneqs_splitClauses_0":["77"],
"minedTemplateRelationSymbolNumber_Empty_splitClauses_1":["1"],
"predicateGeneratorTime_Random_splitClauses_1":["2409"],
"labeledTemplateNumber_Term_splitClauses_1":["7"],
"relationSymbolNumberBeforeSimplification_RelationalEqs_splitClauses_0":["5"],
"minedSingleVariableTemplatesNumber_Empty_splitClauses_1":["9"],
"minedSingleVariableTemplatesNumber_RelationalIneqs_splitClauses_0":["9"],
"clauseNumberAfterSimplification_All_splitClauses_0":["39"],
"unlabeledBinaryVariableTemplatesNumber_RelationalEqs_splitClauses_0":["18"],
"cegarIterationNumber_RelationalEqs_splitClauses_0":["10800000"],
"labeledTemplateRelationSymbolNumber_PredictedCDHG_splitClauses_0":["1"],
"labeledSingleVariableTemplatesNumber_Labeled_splitClauses_1":["5"],
"unlabeledBinaryVariableTemplatesNumber_All_splitClauses_1":["18"],
"minedTemplateRelationSymbolNumber_Unlabeled_splitClauses_1":["1"],
"solvingTime_RelationalEqs_splitClauses_0":["10800000"],
"solvingTime_RelationalEqs_splitClauses_1":["3915"],
"minedBinaryVariableTemplatesNumber_Mined_splitClauses_0":["2"],
"clauseNumberBeforeSimplification_All_splitClauses_0":["3"],
"clauseNumberBeforeSimplification_RelationalIneqs_splitClauses_1":["3"],
"labeledTemplateNumber_RelationalEqs_splitClauses_1":["7"],
"labeledBinaryVariableTemplatesNumber_RelationalIneqs_splitClauses_0":["2"],
"relationSymbolNumberBeforeSimplification_Labeled_splitClauses_0":["5"],
"clauseNumberAfterSimplification_Empty_splitClauses_0":["39"],
"averagePredicateSize_Empty_splitClauses_0":["10800000"],
"unlabeledTemplateNumber_Term_splitClauses_1":["35"],
"predicateGeneratorTime_Mined_splitClauses_1":["1259"],
"labeledBinaryVariableTemplatesNumber_RelationalIneqs_splitClauses_1":["2"],
"predicateGeneratorTime_Unlabeled_splitClauses_0":["10800000"],
"relationSymbolNumberAfterSimplification_Empty_splitClauses_0":["77"],
"generatedPredicateNumber_Mined_splitClauses_0":["10800000"],
"generatedPredicateNumber_RelationalEqs_splitClauses_1":["13"],
"labeledTemplateRelationSymbolNumber_PredictedCG_splitClauses_0":["1"],
"minedSingleVariableTemplatesNumber_PredictedCG_splitClauses_1":["9"],
"minedTemplateRelationSymbolNumber_PredictedCG_splitClauses_0":["1"],
"unlabeledTemplateRelationSymbolNumber_Labeled_splitClauses_0":["1"],
"solvability_Empty_splitClauses_1":["1"],
"averagePredicateSize_Term_splitClauses_0":["10800000"],
"cegarIterationNumber_Random_splitClauses_1":["9"],
"averagePredicateSize_Labeled_splitClauses_1":["1"],
"unlabeledBinaryVariableTemplatesNumber_Unlabeled_splitClauses_0":["18"],
"generatedPredicateNumber_Unlabeled_splitClauses_1":["11"],
"predicateGeneratorTime_All_splitClauses_0":["10800000"],
"unlabeledBinaryVariableTemplatesNumber_PredictedCDHG_splitClauses_1":["18"],
"clauseNumberBeforeSimplification_Labeled_splitClauses_1":["3"],
"minedBinaryVariableTemplatesNumber_Labeled_splitClauses_1":["2"],
"labeledSingleVariableTemplatesNumber_All_splitClauses_0":["5"],
"unlabeledTemplateRelationSymbolNumber_Mined_splitClauses_0":["1"],
"cegarIterationNumber_Octagon_splitClauses_1":["8"],
"labeledTemplateNumber_Octagon_splitClauses_0":["7"],
"labeledTemplateRelationSymbolNumber_All_splitClauses_1":["1"],
"smt2FileSizeByte_Empty_splitClauses_0":["5748"],
"unlabeledTemplateNumber_Octagon_splitClauses_1":["35"],
"predicateGeneratorTime_RelationalEqs_splitClauses_0":["10800000"],
"unlabeledTemplateRelationSymbolNumber_RelationalIneqs_splitClauses_0":["1"],
"smt2FileSizeByte_RelationalEqs_splitClauses_1":["5748"],
"unlabeledTemplateNumber_Labeled_splitClauses_0":["35"],
"minedSingleVariableTemplatesNumber_Labeled_splitClauses_0":["9"],
"solvingTime_PredictedCDHG_splitClauses_1":["10800000"],
"relationSymbolNumberBeforeSimplification_Term_splitClauses_1":["5"],
"minedTemplateNumber_Octagon_splitClauses_1":["11"],
"clauseNumberBeforeSimplification_Mined_splitClauses_0":["3"],
"smt2FileSizeByte_All_splitClauses_0":["5748"],
"solvingTime_All_splitClauses_0":["10800000"],
"minedBinaryVariableTemplatesNumber_Term_splitClauses_1":["2"],
"unlabeledTemplateRelationSymbolNumber_Random_splitClauses_0":["1"],
"cegarIterationNumber_All_splitClauses_0":["10800000"],
"smt2FileSizeByte_RelationalEqs_splitClauses_0":["5748"],
"unlabeledSingleVariableTemplatesNumber_PredictedCDHG_splitClauses_1":["17"],
"clauseNumberBeforeSimplification_Labeled_splitClauses_0":["3"],
"cegarIterationNumber_PredictedCG_splitClauses_1":["10800000"],
"labeledTemplateRelationSymbolNumber_Unlabeled_splitClauses_0":["1"],
"unlabeledTemplateRelationSymbolNumber_Octagon_splitClauses_1":["1"],
"unlabeledTemplateNumber_Empty_splitClauses_1":["35"],
"clauseNumberBeforeSimplification_Octagon_splitClauses_1":["3"],
"labeledTemplateNumber_Unlabeled_splitClauses_0":["7"],
"labeledBinaryVariableTemplatesNumber_PredictedCG_splitClauses_0":["2"],
"solvability_Term_splitClauses_1":["1"],
"solvability_Octagon_splitClauses_0":["10800000"],
"minedTemplateRelationSymbolNumber_RelationalIneqs_splitClauses_0":["1"],
"clauseNumberBeforeSimplification_RelationalIneqs_splitClauses_0":["3"],
"labeledTemplateNumber_PredictedCG_splitClauses_0":["7"],
"cegarIterationNumber_Labeled_splitClauses_0":["10800000"],
"smt2FileSizeByte_Labeled_splitClauses_1":["5748"],
"clauseNumberBeforeSimplification_Unlabeled_splitClauses_1":["3"],
"generatedPredicateNumber_Term_splitClauses_1":["11"],
"solvingTime_Term_splitClauses_1":["1504"],
"unlabeledBinaryVariableTemplatesNumber_Random_splitClauses_1":["18"],
"unlabeledSingleVariableTemplatesNumber_Octagon_splitClauses_0":["17"],
"solvingTime_Octagon_splitClauses_0":["10800000"],
"labeledSingleVariableTemplatesNumber_Mined_splitClauses_1":["5"],
"averagePredicateSize_Term_splitClauses_1":["1"],
"labeledTemplateNumber_Labeled_splitClauses_0":["7"],
"unlabeledSingleVariableTemplatesNumber_PredictedCG_splitClauses_0":["17"],
"smt2FileSizeByte_Mined_splitClauses_1":["5748"],
"labeledBinaryVariableTemplatesNumber_Unlabeled_splitClauses_1":["2"],
"labeledTemplateNumber_All_splitClauses_0":["7"],
"unlabeledTemplateNumber_Random_splitClauses_0":["35"],
"labeledTemplateNumber_Octagon_splitClauses_1":["7"],
"unlabeledTemplateNumber_PredictedCDHG_splitClauses_1":["35"],
"unlabeledBinaryVariableTemplatesNumber_Mined_splitClauses_0":["18"],
"minedTemplateRelationSymbolNumber_Mined_splitClauses_1":["1"],
"labeledTemplateNumber_RelationalIneqs_splitClauses_1":["7"],
"relationSymbolNumberAfterSimplification_All_splitClauses_0":["77"],
"relationSymbolNumberBeforeSimplification_PredictedCDHG_splitClauses_0":["5"],
"solvability_Term_splitClauses_0":["10800000"],
"clauseNumberBeforeSimplification_PredictedCG_splitClauses_1":["3"],
"generatedPredicateNumber_Labeled_splitClauses_1":["12"],
"labeledSingleVariableTemplatesNumber_Unlabeled_splitClauses_0":["5"],
"unlabeledBinaryVariableTemplatesNumber_Empty_splitClauses_0":["18"],
"solvingTime_Mined_splitClauses_0":["10800000"],
"unlabeledTemplateNumber_All_splitClauses_1":["35"],
"clauseNumberAfterSimplification_Random_splitClauses_1":["39"],
"labeledBinaryVariableTemplatesNumber_Octagon_splitClauses_1":["2"],
"unlabeledBinaryVariableTemplatesNumber_Labeled_splitClauses_0":["18"],
"smt2FileSizeByte_Octagon_splitClauses_0":["5748"],
"labeledSingleVariableTemplatesNumber_Random_splitClauses_1":["5"],
"solvability_Unlabeled_splitClauses_0":["10800000"],
"solvingTime_Unlabeled_splitClauses_0":["10800000"],
"unlabeledTemplateRelationSymbolNumber_All_splitClauses_1":["1"],
"minedTemplateNumber_Empty_splitClauses_1":["11"],
"solvability_RelationalIneqs_splitClauses_0":["10800000"],
"unlabeledTemplateRelationSymbolNumber_Labeled_splitClauses_1":["1"],
"cegarIterationNumber_RelationalEqs_splitClauses_1":["8"],
"minedSingleVariableTemplatesNumber_RelationalEqs_splitClauses_1":["9"],
"clauseNumberAfterSimplification_PredictedCDHG_splitClauses_1":["39"],
"minedBinaryVariableTemplatesNumber_RelationalIneqs_splitClauses_1":["2"],
"unlabeledBinaryVariableTemplatesNumber_Mined_splitClauses_1":["18"],
"unlabeledBinaryVariableTemplatesNumber_PredictedCDHG_splitClauses_0":["18"],
"solvingTime_Empty_splitClauses_1":["1048"],
"labeledTemplateRelationSymbolNumber_Empty_splitClauses_1":["1"],
"generatedPredicateNumber_Term_splitClauses_0":["10800000"],
"averagePredicateSize_Empty_splitClauses_1":["1"],
"generatedPredicateNumber_PredictedCG_splitClauses_1":["10800000"],
"labeledTemplateRelationSymbolNumber_PredictedCDHG_splitClauses_1":["1"],
"predicateGeneratorTime_Mined_splitClauses_0":["10800000"],
"relationSymbolNumberBeforeSimplification_Term_splitClauses_0":["5"],
"predicateGeneratorTime_Labeled_splitClauses_0":["10800000"],
"labeledSingleVariableTemplatesNumber_Random_splitClauses_0":["5"],
"unlabeledTemplateRelationSymbolNumber_All_splitClauses_0":["1"],
"minedBinaryVariableTemplatesNumber_Labeled_splitClauses_0":["2"],
"generatedPredicateNumber_Labeled_splitClauses_0":["10800000"],
"relationSymbolNumberAfterSimplification_Empty_splitClauses_1":["77"],
"solvingTime_Mined_splitClauses_1":["1745"],
"minedSingleVariableTemplatesNumber_All_splitClauses_1":["9"],
"predicateGeneratorTime_Random_splitClauses_0":["10800000"],
"cegarIterationNumber_Term_splitClauses_1":["8"],
"labeledTemplateNumber_Empty_splitClauses_1":["7"],
"clauseNumberAfterSimplification_Empty_splitClauses_1":["39"],
"minedTemplateRelationSymbolNumber_Empty_splitClauses_0":["1"],
"unlabeledSingleVariableTemplatesNumber_Term_splitClauses_0":["17"],
"minedSingleVariableTemplatesNumber_Empty_splitClauses_0":["9"],
"relationSymbolNumberAfterSimplification_Random_splitClauses_0":["77"],
"minedTemplateRelationSymbolNumber_RelationalEqs_splitClauses_0":["1"],
"cegarIterationNumber_Empty_splitClauses_0":["10800000"],
"minedBinaryVariableTemplatesNumber_RelationalEqs_splitClauses_1":["2"],
"relationSymbolNumberBeforeSimplification_PredictedCG_splitClauses_1":["5"],
"labeledSingleVariableTemplatesNumber_All_splitClauses_1":["5"],
"unlabeledTemplateRelationSymbolNumber_Octagon_splitClauses_0":["1"],
"minedTemplateRelationSymbolNumber_Unlabeled_splitClauses_0":["1"],
"labeledBinaryVariableTemplatesNumber_Mined_splitClauses_0":["2"],
"relationSymbolNumberAfterSimplification_Unlabeled_splitClauses_1":["77"],
"minedTemplateNumber_PredictedCG_splitClauses_1":["11"],
"cegarIterationNumber_Empty_splitClauses_1":["10"],
"averagePredicateSize_RelationalIneqs_splitClauses_0":["10800000"],
"solvability_All_splitClauses_1":["10800000"],
"unlabeledBinaryVariableTemplatesNumber_Term_splitClauses_1":["18"],
"minedTemplateRelationSymbolNumber_Labeled_splitClauses_1":["1"],
"averagePredicateSize_Unlabeled_splitClauses_1":["1"],
"labeledTemplateNumber_Term_splitClauses_0":["7"],
"smt2FileSizeByte_Empty_splitClauses_1":["5748"],
"solvingTime_PredictedCG_splitClauses_0":["10800000"],
"cegarIterationNumber_All_splitClauses_1":["10800000"],
"clauseNumberBeforeSimplification_Term_splitClauses_1":["3"],
"predicateGeneratorTime_Empty_splitClauses_0":["10800000"],
"relationSymbolNumberBeforeSimplification_Empty_splitClauses_1":["5"],
"averagePredicateSize_All_splitClauses_0":["10800000"],
"unlabeledBinaryVariableTemplatesNumber_Random_splitClauses_0":["18"],
"smt2FileSizeByte_Term_splitClauses_0":["5748"],
"averagePredicateSize_Mined_splitClauses_1":["1"],
"minedBinaryVariableTemplatesNumber_Empty_splitClauses_0":["2"],
"minedTemplateRelationSymbolNumber_All_splitClauses_1":["1"],
"labeledSingleVariableTemplatesNumber_PredictedCG_splitClauses_0":["5"],
"unlabeledBinaryVariableTemplatesNumber_RelationalIneqs_splitClauses_0":["18"],
"unlabeledSingleVariableTemplatesNumber_RelationalIneqs_splitClauses_1":["17"],
"clauseNumberAfterSimplification_RelationalIneqs_splitClauses_0":["39"],
"unlabeledTemplateNumber_RelationalEqs_splitClauses_0":["35"],
"unlabeledTemplateNumber_RelationalIneqs_splitClauses_1":["35"],
"labeledTemplateRelationSymbolNumber_PredictedCG_splitClauses_1":["1"],
"labeledTemplateRelationSymbolNumber_All_splitClauses_0":["1"],
"labeledSingleVariableTemplatesNumber_Octagon_splitClauses_0":["5"],
"dummyFiled":[]
}