{
"cegarIterationNumber_Term_splitClauses_0":[2],
"cegarIterationNumber_RelationalIneqs_splitClauses_1":[2],
"cegarIterationNumber_Octagon_splitClauses_0":[2],
"solvingTime_RelationalIneqs_splitClauses_1":[188],
"solvingTime_Term_splitClauses_0":[148],
"cegarIterationNumber_RelationalIneqs_splitClauses_0":[2],
"solvingTime_RelationalIneqs_splitClauses_0":[133],
"solvingTime_Octagon_splitClauses_1":[190],
"cegarIterationNumber_RelationalEqs_splitClauses_0":[2],
"solvingTime_RelationalEqs_splitClauses_0":[177],
"solvingTime_RelationalEqs_splitClauses_1":[169],
"cegarIterationNumber_Octagon_splitClauses_1":[2],
"solvingTime_Term_splitClauses_1":[168],
"solvingTime_Octagon_splitClauses_0":[153],
"cegarIterationNumber_RelationalEqs_splitClauses_1":[2],
"cegarIterationNumber_Term_splitClauses_1":[2],
"dummyFiled":[]
}