{
"cegarIterationNumber_Term_splitClauses_0":[9],
"cegarIterationNumber_RelationalIneqs_splitClauses_1":[6],
"cegarIterationNumber_Octagon_splitClauses_0":[9],
"solvingTime_RelationalIneqs_splitClauses_1":[501],
"solvingTime_Term_splitClauses_0":[946],
"cegarIterationNumber_RelationalIneqs_splitClauses_0":[9],
"solvingTime_RelationalIneqs_splitClauses_0":[1109],
"solvingTime_Octagon_splitClauses_1":[570],
"cegarIterationNumber_RelationalEqs_splitClauses_0":[9],
"solvingTime_RelationalEqs_splitClauses_0":[1068],
"solvingTime_RelationalEqs_splitClauses_1":[513],
"cegarIterationNumber_Octagon_splitClauses_1":[6],
"solvingTime_Term_splitClauses_1":[515],
"solvingTime_Octagon_splitClauses_0":[1018],
"cegarIterationNumber_RelationalEqs_splitClauses_1":[6],
"cegarIterationNumber_Term_splitClauses_1":[6],
"dummyFiled":[]
}