{
"smt2FileSizeByte_All_splitClauses_1":["96032"],
"generatedPredicateNumber_All_splitClauses_1":["10800000"],
"unlabeledTemplateRelationSymbolNumber_PredictedCDHG_splitClauses_0":["29"],
"relationSymbolNumberBeforeSimplification_Unlabeled_splitClauses_1":["378"],
"predicateGeneratorTime_Term_splitClauses_0":["10800000"],
"averagePredicateSize_Random_splitClauses_1":["1"],
"labeledBinaryVariableTemplatesNumber_Labeled_splitClauses_1":["56"],
"clauseNumberBeforeSimplification_All_splitClauses_1":["144"],
"minedTemplateRelationSymbolNumber_Term_splitClauses_0":["29"],
"solvingTime_Labeled_splitClauses_1":["1390"],
"unlabeledTemplateNumber_Labeled_splitClauses_1":["2105"],
"relationSymbolNumberAfterSimplification_All_splitClauses_1":["161"],
"minedTemplateRelationSymbolNumber_Octagon_splitClauses_1":["29"],
"clauseNumberAfterSimplification_Mined_splitClauses_1":["100"],
"relationSymbolNumberBeforeSimplification_Octagon_splitClauses_0":["378"],
"unlabeledBinaryVariableTemplatesNumber_Term_splitClauses_0":["1338"],
"labeledTemplateNumber_PredictedCDHG_splitClauses_0":["59"],
"solvability_Empty_splitClauses_0":["10800000"],
"unlabeledTemplateRelationSymbolNumber_Random_splitClauses_1":["29"],
"labeledBinaryVariableTemplatesNumber_Octagon_splitClauses_0":["56"],
"relationSymbolNumberBeforeSimplification_Random_splitClauses_1":["378"],
"minedTemplateRelationSymbolNumber_Random_splitClauses_1":["29"],
"unlabeledSingleVariableTemplatesNumber_Mined_splitClauses_0":["767"],
"unlabeledBinaryVariableTemplatesNumber_PredictedCG_splitClauses_1":["1338"],
"solvability_All_splitClauses_0":["10800000"],
"predicateGeneratorTime_RelationalEqs_splitClauses_1":["955"],
"relationSymbolNumberBeforeSimplification_PredictedCDHG_splitClauses_1":["378"],
"smt2FileSizeByte_PredictedCG_splitClauses_1":["96032"],
"labeledSingleVariableTemplatesNumber_Unlabeled_splitClauses_1":["3"],
"labeledBinaryVariableTemplatesNumber_PredictedCG_splitClauses_1":["56"],
"minedBinaryVariableTemplatesNumber_PredictedCG_splitClauses_0":["56"],
"solvability_Random_splitClauses_0":["10800000"],
"relationSymbolNumberAfterSimplification_PredictedCG_splitClauses_1":["161"],
"clauseNumberBeforeSimplification_PredictedCDHG_splitClauses_1":["144"],
"labeledSingleVariableTemplatesNumber_Mined_splitClauses_0":["3"],
"solvability_Unlabeled_splitClauses_1":["1"],
"cegarIterationNumber_Labeled_splitClauses_1":["33"],
"smt2FileSizeByte_Mined_splitClauses_0":["96032"],
"relationSymbolNumberAfterSimplification_Mined_splitClauses_0":["161"],
"labeledSingleVariableTemplatesNumber_PredictedCG_splitClauses_1":["3"],
"smt2FileSizeByte_Octagon_splitClauses_1":["96032"],
"minedTemplateNumber_Labeled_splitClauses_1":["319"],
"labeledSingleVariableTemplatesNumber_RelationalIneqs_splitClauses_1":["3"],
"clauseNumberAfterSimplification_Labeled_splitClauses_1":["100"],
"relationSymbolNumberAfterSimplification_Labeled_splitClauses_0":["161"],
"smt2FileSizeByte_Random_splitClauses_0":["96032"],
"relationSymbolNumberAfterSimplification_PredictedCDHG_splitClauses_0":["161"],
"unlabeledTemplateRelationSymbolNumber_PredictedCDHG_splitClauses_1":["29"],
"labeledSingleVariableTemplatesNumber_Term_splitClauses_0":["3"],
"generatedPredicateNumber_PredictedCDHG_splitClauses_1":["10800000"],
"minedSingleVariableTemplatesNumber_Unlabeled_splitClauses_0":["263"],
"generatedPredicateNumber_Octagon_splitClauses_1":["75"],
"labeledSingleVariableTemplatesNumber_RelationalEqs_splitClauses_0":["3"],
"predicateGeneratorTime_PredictedCG_splitClauses_1":["10800000"],
"relationSymbolNumberAfterSimplification_Octagon_splitClauses_0":["161"],
"labeledTemplateNumber_Labeled_splitClauses_1":["59"],
"labeledSingleVariableTemplatesNumber_Empty_splitClauses_0":["3"],
"minedTemplateRelationSymbolNumber_RelationalIneqs_splitClauses_1":["29"],
"unlabeledSingleVariableTemplatesNumber_All_splitClauses_1":["767"],
"labeledBinaryVariableTemplatesNumber_PredictedCDHG_splitClauses_1":["56"],
"unlabeledSingleVariableTemplatesNumber_RelationalEqs_splitClauses_1":["767"],
"cegarIterationNumber_Term_splitClauses_0":["10800000"],
"unlabeledBinaryVariableTemplatesNumber_Labeled_splitClauses_1":["1338"],
"unlabeledSingleVariableTemplatesNumber_Term_splitClauses_1":["767"],
"clauseNumberAfterSimplification_All_splitClauses_1":["100"],
"minedSingleVariableTemplatesNumber_Random_splitClauses_0":["263"],
"solvability_RelationalIneqs_splitClauses_1":["1"],
"minedTemplateNumber_Labeled_splitClauses_0":["319"],
"minedSingleVariableTemplatesNumber_Octagon_splitClauses_0":["263"],
"minedSingleVariableTemplatesNumber_Term_splitClauses_1":["263"],
"minedBinaryVariableTemplatesNumber_PredictedCDHG_splitClauses_1":["56"],
"generatedPredicateNumber_Mined_splitClauses_1":["75"],
"labeledSingleVariableTemplatesNumber_RelationalIneqs_splitClauses_0":["3"],
"averagePredicateSize_Mined_splitClauses_0":["10800000"],
"cegarIterationNumber_Unlabeled_splitClauses_0":["10800000"],
"minedBinaryVariableTemplatesNumber_Random_splitClauses_0":["56"],
"labeledTemplateNumber_Mined_splitClauses_1":["59"],
"labeledBinaryVariableTemplatesNumber_Random_splitClauses_0":["56"],
"unlabeledTemplateRelationSymbolNumber_Unlabeled_splitClauses_1":["29"],
"cegarIterationNumber_Mined_splitClauses_0":["10800000"],
"minedTemplateRelationSymbolNumber_Labeled_splitClauses_0":["29"],
"unlabeledBinaryVariableTemplatesNumber_RelationalIneqs_splitClauses_1":["1338"],
"unlabeledBinaryVariableTemplatesNumber_Octagon_splitClauses_0":["1338"],
"solvability_Mined_splitClauses_0":["10800000"],
"averagePredicateSize_RelationalEqs_splitClauses_0":["10800000"],
"clauseNumberAfterSimplification_Term_splitClauses_0":["100"],
"unlabeledTemplateNumber_Mined_splitClauses_0":["2105"],
"relationSymbolNumberAfterSimplification_Random_splitClauses_1":["161"],
"unlabeledTemplateNumber_PredictedCDHG_splitClauses_0":["2105"],
"cegarIterationNumber_RelationalIneqs_splitClauses_1":["33"],
"minedBinaryVariableTemplatesNumber_Unlabeled_splitClauses_1":["56"],
"labeledTemplateNumber_PredictedCG_splitClauses_1":["59"],
"labeledTemplateRelationSymbolNumber_Mined_splitClauses_0":["22"],
"labeledBinaryVariableTemplatesNumber_Mined_splitClauses_1":["56"],
"relationSymbolNumberBeforeSimplification_Mined_splitClauses_0":["378"],
"relationSymbolNumberBeforeSimplification_RelationalIneqs_splitClauses_0":["378"],
"clauseNumberAfterSimplification_RelationalIneqs_splitClauses_1":["100"],
"minedSingleVariableTemplatesNumber_PredictedCDHG_splitClauses_0":["263"],
"solvability_Labeled_splitClauses_1":["1"],
"labeledSingleVariableTemplatesNumber_Octagon_splitClauses_1":["3"],
"averagePredicateSize_Random_splitClauses_0":["10800000"],
"smt2FileSizeByte_RelationalIneqs_splitClauses_0":["96032"],
"generatedPredicateNumber_Unlabeled_splitClauses_0":["10800000"],
"solvability_RelationalEqs_splitClauses_0":["10800000"],
"predicateGeneratorTime_Empty_splitClauses_1":["888"],
"minedSingleVariableTemplatesNumber_Mined_splitClauses_0":["263"],
"relationSymbolNumberAfterSimplification_Unlabeled_splitClauses_0":["161"],
"minedTemplateRelationSymbolNumber_PredictedCDHG_splitClauses_1":["29"],
"minedTemplateNumber_PredictedCG_splitClauses_0":["319"],
"averagePredicateSize_RelationalIneqs_splitClauses_1":["1"],
"labeledTemplateRelationSymbolNumber_Random_splitClauses_1":["22"],
"minedTemplateNumber_RelationalIneqs_splitClauses_0":["319"],
"predicateGeneratorTime_RelationalIneqs_splitClauses_0":["10800000"],
"labeledTemplateRelationSymbolNumber_Empty_splitClauses_0":["22"],
"minedBinaryVariableTemplatesNumber_Octagon_splitClauses_0":["56"],
"labeledSingleVariableTemplatesNumber_Term_splitClauses_1":["3"],
"labeledBinaryVariableTemplatesNumber_Empty_splitClauses_0":["56"],
"minedTemplateNumber_Octagon_splitClauses_0":["319"],
"labeledBinaryVariableTemplatesNumber_Unlabeled_splitClauses_0":["56"],
"relationSymbolNumberBeforeSimplification_Empty_splitClauses_0":["378"],
"clauseNumberAfterSimplification_PredictedCDHG_splitClauses_0":["100"],
"smt2FileSizeByte_PredictedCG_splitClauses_0":["96032"],
"minedBinaryVariableTemplatesNumber_RelationalEqs_splitClauses_0":["56"],
"relationSymbolNumberBeforeSimplification_Unlabeled_splitClauses_0":["378"],
"labeledTemplateRelationSymbolNumber_RelationalEqs_splitClauses_1":["22"],
"minedBinaryVariableTemplatesNumber_Random_splitClauses_1":["56"],
"clauseNumberAfterSimplification_Unlabeled_splitClauses_1":["100"],
"minedSingleVariableTemplatesNumber_PredictedCDHG_splitClauses_1":["263"],
"labeledBinaryVariableTemplatesNumber_Term_splitClauses_1":["56"],
"clauseNumberBeforeSimplification_Empty_splitClauses_1":["144"],
"relationSymbolNumberAfterSimplification_Octagon_splitClauses_1":["161"],
"relationSymbolNumberAfterSimplification_Term_splitClauses_0":["161"],
"minedBinaryVariableTemplatesNumber_Mined_splitClauses_1":["56"],
"unlabeledBinaryVariableTemplatesNumber_Unlabeled_splitClauses_1":["1338"],
"relationSymbolNumberBeforeSimplification_Random_splitClauses_0":["378"],
"relationSymbolNumberAfterSimplification_PredictedCDHG_splitClauses_1":["161"],
"unlabeledTemplateNumber_PredictedCG_splitClauses_1":["2105"],
"generatedPredicateNumber_Empty_splitClauses_0":["10800000"],
"predicateGeneratorTime_RelationalIneqs_splitClauses_1":["834"],
"unlabeledSingleVariableTemplatesNumber_Empty_splitClauses_0":["767"],
"cegarIterationNumber_Octagon_splitClauses_0":["10800000"],
"clauseNumberAfterSimplification_Octagon_splitClauses_1":["100"],
"unlabeledSingleVariableTemplatesNumber_Labeled_splitClauses_1":["767"],
"clauseNumberBeforeSimplification_Random_splitClauses_1":["144"],
"minedTemplateRelationSymbolNumber_All_splitClauses_0":["29"],
"unlabeledTemplateRelationSymbolNumber_RelationalEqs_splitClauses_0":["29"],
"minedSingleVariableTemplatesNumber_Unlabeled_splitClauses_1":["263"],
"clauseNumberBeforeSimplification_RelationalEqs_splitClauses_0":["144"],
"minedTemplateNumber_Unlabeled_splitClauses_0":["319"],
"generatedPredicateNumber_Octagon_splitClauses_0":["10800000"],
"predicateGeneratorTime_PredictedCDHG_splitClauses_0":["10800000"],
"clauseNumberAfterSimplification_PredictedCG_splitClauses_1":["100"],
"labeledSingleVariableTemplatesNumber_RelationalEqs_splitClauses_1":["3"],
"smt2FileSizeByte_Random_splitClauses_1":["96032"],
"averagePredicateSize_PredictedCG_splitClauses_1":["10800000"],
"cegarIterationNumber_PredictedCDHG_splitClauses_1":["10800000"],
"clauseNumberAfterSimplification_RelationalEqs_splitClauses_1":["100"],
"minedBinaryVariableTemplatesNumber_Empty_splitClauses_1":["56"],
"relationSymbolNumberAfterSimplification_RelationalEqs_splitClauses_1":["161"],
"minedTemplateNumber_PredictedCDHG_splitClauses_0":["319"],
"labeledBinaryVariableTemplatesNumber_All_splitClauses_1":["56"],
"solvingTime_RelationalIneqs_splitClauses_1":["1478"],
"unlabeledTemplateRelationSymbolNumber_RelationalEqs_splitClauses_1":["29"],
"smt2FileSizeByte_Unlabeled_splitClauses_0":["96032"],
"relationSymbolNumberBeforeSimplification_Mined_splitClauses_1":["378"],
"relationSymbolNumberAfterSimplification_Mined_splitClauses_1":["161"],
"generatedPredicateNumber_All_splitClauses_0":["10800000"],
"relationSymbolNumberBeforeSimplification_Octagon_splitClauses_1":["378"],
"predicateGeneratorTime_Octagon_splitClauses_1":["870"],
"solvability_Mined_splitClauses_1":["1"],
"minedTemplateRelationSymbolNumber_Term_splitClauses_1":["29"],
"clauseNumberAfterSimplification_Mined_splitClauses_0":["100"],
"solvability_PredictedCDHG_splitClauses_0":["10800000"],
"solvingTime_Empty_splitClauses_0":["10800000"],
"unlabeledSingleVariableTemplatesNumber_Unlabeled_splitClauses_1":["767"],
"minedTemplateNumber_Term_splitClauses_1":["319"],
"averagePredicateSize_Octagon_splitClauses_1":["1"],
"unlabeledSingleVariableTemplatesNumber_Octagon_splitClauses_1":["767"],
"minedTemplateRelationSymbolNumber_RelationalEqs_splitClauses_1":["29"],
"relationSymbolNumberBeforeSimplification_All_splitClauses_1":["378"],
"minedBinaryVariableTemplatesNumber_RelationalIneqs_splitClauses_0":["56"],
"predicateGeneratorTime_Term_splitClauses_1":["907"],
"solvingTime_Labeled_splitClauses_0":["10800000"],
"unlabeledBinaryVariableTemplatesNumber_PredictedCG_splitClauses_0":["1338"],
"minedTemplateNumber_All_splitClauses_0":["319"],
"predicateGeneratorTime_Labeled_splitClauses_1":["784"],
"unlabeledTemplateRelationSymbolNumber_Empty_splitClauses_0":["29"],
"unlabeledTemplateNumber_Mined_splitClauses_1":["2105"],
"solvability_PredictedCG_splitClauses_1":["10800000"],
"unlabeledTemplateNumber_Term_splitClauses_0":["2105"],
"minedBinaryVariableTemplatesNumber_PredictedCG_splitClauses_1":["56"],
"labeledSingleVariableTemplatesNumber_PredictedCDHG_splitClauses_0":["3"],
"minedBinaryVariableTemplatesNumber_All_splitClauses_0":["56"],
"averagePredicateSize_PredictedCDHG_splitClauses_1":["10800000"],
"predicateGeneratorTime_PredictedCG_splitClauses_0":["10800000"],
"generatedPredicateNumber_RelationalIneqs_splitClauses_0":["10800000"],
"labeledTemplateNumber_Empty_splitClauses_0":["59"],
"relationSymbolNumberAfterSimplification_RelationalIneqs_splitClauses_1":["161"],
"unlabeledTemplateRelationSymbolNumber_Term_splitClauses_0":["29"],
"minedTemplateNumber_All_splitClauses_1":["319"],
"labeledSingleVariableTemplatesNumber_Empty_splitClauses_1":["3"],
"minedBinaryVariableTemplatesNumber_Unlabeled_splitClauses_0":["56"],
"labeledTemplateNumber_Random_splitClauses_0":["59"],
"minedBinaryVariableTemplatesNumber_All_splitClauses_1":["56"],
"unlabeledSingleVariableTemplatesNumber_All_splitClauses_0":["767"],
"relationSymbolNumberBeforeSimplification_Labeled_splitClauses_1":["378"],
"smt2FileSizeByte_PredictedCDHG_splitClauses_1":["96032"],
"labeledBinaryVariableTemplatesNumber_PredictedCDHG_splitClauses_0":["56"],
"averagePredicateSize_RelationalEqs_splitClauses_1":["1"],
"minedSingleVariableTemplatesNumber_Term_splitClauses_0":["263"],
"labeledTemplateRelationSymbolNumber_Term_splitClauses_1":["22"],
"generatedPredicateNumber_Random_splitClauses_0":["10800000"],
"labeledBinaryVariableTemplatesNumber_Empty_splitClauses_1":["56"],
"relationSymbolNumberAfterSimplification_Term_splitClauses_1":["161"],
"clauseNumberAfterSimplification_Labeled_splitClauses_0":["100"],
"labeledSingleVariableTemplatesNumber_Labeled_splitClauses_0":["3"],
"minedTemplateNumber_Mined_splitClauses_1":["319"],
"labeledTemplateRelationSymbolNumber_Labeled_splitClauses_0":["22"],
"unlabeledTemplateRelationSymbolNumber_Mined_splitClauses_1":["29"],
"solvability_Labeled_splitClauses_0":["10800000"],
"minedTemplateNumber_RelationalEqs_splitClauses_1":["319"],
"solvingTime_Random_splitClauses_1":["1584"],
"minedTemplateNumber_Random_splitClauses_0":["319"],
"cegarIterationNumber_Unlabeled_splitClauses_1":["33"],
"minedTemplateNumber_RelationalIneqs_splitClauses_1":["319"],
"unlabeledBinaryVariableTemplatesNumber_Octagon_splitClauses_1":["1338"],
"minedSingleVariableTemplatesNumber_Octagon_splitClauses_1":["263"],
"minedSingleVariableTemplatesNumber_Random_splitClauses_1":["263"],
"averagePredicateSize_All_splitClauses_1":["10800000"],
"minedTemplateNumber_Empty_splitClauses_0":["319"],
"labeledTemplateNumber_Mined_splitClauses_0":["59"],
"unlabeledBinaryVariableTemplatesNumber_All_splitClauses_0":["1338"],
"relationSymbolNumberAfterSimplification_Labeled_splitClauses_1":["161"],
"labeledSingleVariableTemplatesNumber_PredictedCDHG_splitClauses_1":["3"],
"minedSingleVariableTemplatesNumber_Mined_splitClauses_1":["263"],
"labeledTemplateRelationSymbolNumber_Term_splitClauses_0":["22"],
"unlabeledTemplateRelationSymbolNumber_Term_splitClauses_1":["29"],
"predicateGeneratorTime_All_splitClauses_1":["10800000"],
"unlabeledSingleVariableTemplatesNumber_Random_splitClauses_0":["767"],
"predicateGeneratorTime_Unlabeled_splitClauses_1":["841"],
"cegarIterationNumber_PredictedCDHG_splitClauses_0":["10800000"],
"labeledTemplateNumber_RelationalEqs_splitClauses_0":["59"],
"labeledTemplateRelationSymbolNumber_Mined_splitClauses_1":["22"],
"labeledTemplateRelationSymbolNumber_Random_splitClauses_0":["22"],
"labeledBinaryVariableTemplatesNumber_RelationalEqs_splitClauses_1":["56"],
"generatedPredicateNumber_RelationalIneqs_splitClauses_1":["75"],
"unlabeledTemplateRelationSymbolNumber_PredictedCG_splitClauses_1":["29"],
"unlabeledSingleVariableTemplatesNumber_RelationalEqs_splitClauses_0":["767"],
"labeledBinaryVariableTemplatesNumber_Labeled_splitClauses_0":["56"],
"minedBinaryVariableTemplatesNumber_PredictedCDHG_splitClauses_0":["56"],
"unlabeledTemplateRelationSymbolNumber_Unlabeled_splitClauses_0":["29"],
"clauseNumberAfterSimplification_Term_splitClauses_1":["100"],
"unlabeledTemplateNumber_Octagon_splitClauses_0":["2105"],
"unlabeledBinaryVariableTemplatesNumber_RelationalEqs_splitClauses_1":["1338"],
"unlabeledTemplateNumber_PredictedCG_splitClauses_0":["2105"],
"unlabeledTemplateNumber_All_splitClauses_0":["2105"],
"labeledTemplateRelationSymbolNumber_RelationalIneqs_splitClauses_1":["22"],
"unlabeledSingleVariableTemplatesNumber_Mined_splitClauses_1":["767"],
"labeledTemplateRelationSymbolNumber_Unlabeled_splitClauses_1":["22"],
"labeledBinaryVariableTemplatesNumber_Random_splitClauses_1":["56"],
"solvability_Random_splitClauses_1":["1"],
"solvingTime_Term_splitClauses_0":["10800000"],
"minedSingleVariableTemplatesNumber_Labeled_splitClauses_1":["263"],
"clauseNumberBeforeSimplification_Term_splitClauses_0":["144"],
"relationSymbolNumberBeforeSimplification_RelationalIneqs_splitClauses_1":["378"],
"minedTemplateRelationSymbolNumber_Mined_splitClauses_0":["29"],
"solvability_Octagon_splitClauses_1":["1"],
"minedSingleVariableTemplatesNumber_RelationalIneqs_splitClauses_1":["263"],
"smt2FileSizeByte_Labeled_splitClauses_0":["96032"],
"solvability_RelationalEqs_splitClauses_1":["1"],
"unlabeledSingleVariableTemplatesNumber_Empty_splitClauses_1":["767"],
"labeledTemplateNumber_PredictedCDHG_splitClauses_1":["59"],
"minedTemplateRelationSymbolNumber_Octagon_splitClauses_0":["29"],
"clauseNumberAfterSimplification_Unlabeled_splitClauses_0":["100"],
"clauseNumberBeforeSimplification_Unlabeled_splitClauses_0":["144"],
"clauseNumberBeforeSimplification_PredictedCDHG_splitClauses_0":["144"],
"cegarIterationNumber_RelationalIneqs_splitClauses_0":["10800000"],
"labeledTemplateRelationSymbolNumber_RelationalEqs_splitClauses_0":["22"],
"averagePredicateSize_Labeled_splitClauses_0":["10800000"],
"smt2FileSizeByte_RelationalIneqs_splitClauses_1":["96032"],
"clauseNumberBeforeSimplification_RelationalEqs_splitClauses_1":["144"],
"unlabeledTemplateRelationSymbolNumber_RelationalIneqs_splitClauses_1":["29"],
"clauseNumberBeforeSimplification_PredictedCG_splitClauses_0":["144"],
"solvingTime_PredictedCDHG_splitClauses_0":["10800000"],
"labeledTemplateRelationSymbolNumber_Octagon_splitClauses_1":["22"],
"minedTemplateRelationSymbolNumber_PredictedCG_splitClauses_1":["29"],
"relationSymbolNumberBeforeSimplification_RelationalEqs_splitClauses_1":["378"],
"labeledTemplateNumber_Random_splitClauses_1":["59"],
"solvingTime_RelationalIneqs_splitClauses_0":["10800000"],
"labeledTemplateNumber_All_splitClauses_1":["59"],
"unlabeledTemplateNumber_Random_splitClauses_1":["2105"],
"relationSymbolNumberBeforeSimplification_All_splitClauses_0":["378"],
"smt2FileSizeByte_Unlabeled_splitClauses_1":["96032"],
"cegarIterationNumber_PredictedCG_splitClauses_0":["10800000"],
"predicateGeneratorTime_Octagon_splitClauses_0":["10800000"],
"unlabeledTemplateNumber_RelationalEqs_splitClauses_1":["2105"],
"clauseNumberAfterSimplification_Octagon_splitClauses_0":["100"],
"cegarIterationNumber_Random_splitClauses_0":["10800000"],
"solvability_PredictedCDHG_splitClauses_1":["10800000"],
"solvability_PredictedCG_splitClauses_0":["10800000"],
"solvingTime_PredictedCG_splitClauses_1":["10800000"],
"unlabeledSingleVariableTemplatesNumber_Unlabeled_splitClauses_0":["767"],
"unlabeledTemplateNumber_Unlabeled_splitClauses_0":["2105"],
"labeledTemplateRelationSymbolNumber_RelationalIneqs_splitClauses_0":["22"],
"minedTemplateNumber_Random_splitClauses_1":["319"],
"generatedPredicateNumber_RelationalEqs_splitClauses_0":["10800000"],
"minedTemplateNumber_Term_splitClauses_0":["319"],
"solvingTime_All_splitClauses_1":["10800000"],
"minedSingleVariableTemplatesNumber_PredictedCG_splitClauses_0":["263"],
"smt2FileSizeByte_Term_splitClauses_1":["96032"],
"labeledBinaryVariableTemplatesNumber_All_splitClauses_0":["56"],
"minedTemplateNumber_PredictedCDHG_splitClauses_1":["319"],
"minedTemplateRelationSymbolNumber_PredictedCDHG_splitClauses_0":["29"],
"averagePredicateSize_Unlabeled_splitClauses_0":["10800000"],
"minedBinaryVariableTemplatesNumber_Octagon_splitClauses_1":["56"],
"unlabeledSingleVariableTemplatesNumber_Random_splitClauses_1":["767"],
"clauseNumberBeforeSimplification_Random_splitClauses_0":["144"],
"solvingTime_Unlabeled_splitClauses_1":["1519"],
"predicateGeneratorTime_PredictedCDHG_splitClauses_1":["10800000"],
"averagePredicateSize_PredictedCDHG_splitClauses_0":["10800000"],
"relationSymbolNumberAfterSimplification_RelationalEqs_splitClauses_0":["161"],
"minedBinaryVariableTemplatesNumber_Term_splitClauses_0":["56"],
"labeledTemplateNumber_RelationalIneqs_splitClauses_0":["59"],
"clauseNumberAfterSimplification_Random_splitClauses_0":["100"],
"clauseNumberAfterSimplification_PredictedCG_splitClauses_0":["100"],
"generatedPredicateNumber_Empty_splitClauses_1":["75"],
"clauseNumberBeforeSimplification_Octagon_splitClauses_0":["144"],
"unlabeledTemplateNumber_Empty_splitClauses_0":["2105"],
"minedSingleVariableTemplatesNumber_All_splitClauses_0":["263"],
"labeledTemplateRelationSymbolNumber_Octagon_splitClauses_0":["22"],
"generatedPredicateNumber_Random_splitClauses_1":["75"],
"clauseNumberAfterSimplification_RelationalEqs_splitClauses_0":["100"],
"labeledBinaryVariableTemplatesNumber_Term_splitClauses_0":["56"],
"minedSingleVariableTemplatesNumber_RelationalEqs_splitClauses_0":["263"],
"minedTemplateNumber_Mined_splitClauses_0":["319"],
"relationSymbolNumberBeforeSimplification_PredictedCG_splitClauses_0":["378"],
"averagePredicateSize_Octagon_splitClauses_0":["10800000"],
"unlabeledBinaryVariableTemplatesNumber_Empty_splitClauses_1":["1338"],
"unlabeledSingleVariableTemplatesNumber_PredictedCDHG_splitClauses_0":["767"],
"unlabeledSingleVariableTemplatesNumber_PredictedCG_splitClauses_1":["767"],
"labeledTemplateRelationSymbolNumber_Labeled_splitClauses_1":["22"],
"minedTemplateRelationSymbolNumber_Random_splitClauses_0":["29"],
"unlabeledTemplateRelationSymbolNumber_PredictedCG_splitClauses_0":["29"],
"unlabeledTemplateNumber_RelationalIneqs_splitClauses_0":["2105"],
"unlabeledSingleVariableTemplatesNumber_Labeled_splitClauses_0":["767"],
"relationSymbolNumberAfterSimplification_PredictedCG_splitClauses_0":["161"],
"minedTemplateNumber_Unlabeled_splitClauses_1":["319"],
"generatedPredicateNumber_PredictedCG_splitClauses_0":["10800000"],
"labeledTemplateNumber_Unlabeled_splitClauses_1":["59"],
"unlabeledTemplateRelationSymbolNumber_Empty_splitClauses_1":["29"],
"clauseNumberBeforeSimplification_Empty_splitClauses_0":["144"],
"solvingTime_Octagon_splitClauses_1":["1490"],
"cegarIterationNumber_Mined_splitClauses_1":["33"],
"clauseNumberBeforeSimplification_Mined_splitClauses_1":["144"],
"smt2FileSizeByte_PredictedCDHG_splitClauses_0":["96032"],
"averagePredicateSize_PredictedCG_splitClauses_0":["10800000"],
"solvingTime_Random_splitClauses_0":["10800000"],
"minedTemplateNumber_RelationalEqs_splitClauses_0":["319"],
"unlabeledSingleVariableTemplatesNumber_RelationalIneqs_splitClauses_0":["767"],
"unlabeledTemplateNumber_Unlabeled_splitClauses_1":["2105"],
"labeledBinaryVariableTemplatesNumber_RelationalEqs_splitClauses_0":["56"],
"generatedPredicateNumber_PredictedCDHG_splitClauses_0":["10800000"],
"relationSymbolNumberAfterSimplification_RelationalIneqs_splitClauses_0":["161"],
"minedTemplateRelationSymbolNumber_Empty_splitClauses_1":["29"],
"predicateGeneratorTime_Random_splitClauses_1":["842"],
"labeledTemplateNumber_Term_splitClauses_1":["59"],
"relationSymbolNumberBeforeSimplification_RelationalEqs_splitClauses_0":["378"],
"minedSingleVariableTemplatesNumber_Empty_splitClauses_1":["263"],
"minedSingleVariableTemplatesNumber_RelationalIneqs_splitClauses_0":["263"],
"clauseNumberAfterSimplification_All_splitClauses_0":["100"],
"unlabeledBinaryVariableTemplatesNumber_RelationalEqs_splitClauses_0":["1338"],
"cegarIterationNumber_RelationalEqs_splitClauses_0":["10800000"],
"labeledTemplateRelationSymbolNumber_PredictedCDHG_splitClauses_0":["22"],
"labeledSingleVariableTemplatesNumber_Labeled_splitClauses_1":["3"],
"unlabeledBinaryVariableTemplatesNumber_All_splitClauses_1":["1338"],
"minedTemplateRelationSymbolNumber_Unlabeled_splitClauses_1":["29"],
"solvingTime_RelationalEqs_splitClauses_0":["10800000"],
"solvingTime_RelationalEqs_splitClauses_1":["1670"],
"minedBinaryVariableTemplatesNumber_Mined_splitClauses_0":["56"],
"clauseNumberBeforeSimplification_All_splitClauses_0":["144"],
"clauseNumberBeforeSimplification_RelationalIneqs_splitClauses_1":["144"],
"labeledTemplateNumber_RelationalEqs_splitClauses_1":["59"],
"labeledBinaryVariableTemplatesNumber_RelationalIneqs_splitClauses_0":["56"],
"relationSymbolNumberBeforeSimplification_Labeled_splitClauses_0":["378"],
"clauseNumberAfterSimplification_Empty_splitClauses_0":["100"],
"averagePredicateSize_Empty_splitClauses_0":["10800000"],
"unlabeledTemplateNumber_Term_splitClauses_1":["2105"],
"predicateGeneratorTime_Mined_splitClauses_1":["1049"],
"labeledBinaryVariableTemplatesNumber_RelationalIneqs_splitClauses_1":["56"],
"predicateGeneratorTime_Unlabeled_splitClauses_0":["10800000"],
"relationSymbolNumberAfterSimplification_Empty_splitClauses_0":["161"],
"generatedPredicateNumber_Mined_splitClauses_0":["10800000"],
"generatedPredicateNumber_RelationalEqs_splitClauses_1":["75"],
"labeledTemplateRelationSymbolNumber_PredictedCG_splitClauses_0":["22"],
"minedSingleVariableTemplatesNumber_PredictedCG_splitClauses_1":["263"],
"minedTemplateRelationSymbolNumber_PredictedCG_splitClauses_0":["29"],
"unlabeledTemplateRelationSymbolNumber_Labeled_splitClauses_0":["29"],
"solvability_Empty_splitClauses_1":["1"],
"averagePredicateSize_Term_splitClauses_0":["10800000"],
"cegarIterationNumber_Random_splitClauses_1":["33"],
"averagePredicateSize_Labeled_splitClauses_1":["1"],
"unlabeledBinaryVariableTemplatesNumber_Unlabeled_splitClauses_0":["1338"],
"generatedPredicateNumber_Unlabeled_splitClauses_1":["75"],
"predicateGeneratorTime_All_splitClauses_0":["10800000"],
"unlabeledBinaryVariableTemplatesNumber_PredictedCDHG_splitClauses_1":["1338"],
"clauseNumberBeforeSimplification_Labeled_splitClauses_1":["144"],
"minedBinaryVariableTemplatesNumber_Labeled_splitClauses_1":["56"],
"labeledSingleVariableTemplatesNumber_All_splitClauses_0":["3"],
"unlabeledTemplateRelationSymbolNumber_Mined_splitClauses_0":["29"],
"cegarIterationNumber_Octagon_splitClauses_1":["33"],
"labeledTemplateNumber_Octagon_splitClauses_0":["59"],
"labeledTemplateRelationSymbolNumber_All_splitClauses_1":["22"],
"smt2FileSizeByte_Empty_splitClauses_0":["96032"],
"unlabeledTemplateNumber_Octagon_splitClauses_1":["2105"],
"predicateGeneratorTime_RelationalEqs_splitClauses_0":["10800000"],
"unlabeledTemplateRelationSymbolNumber_RelationalIneqs_splitClauses_0":["29"],
"smt2FileSizeByte_RelationalEqs_splitClauses_1":["96032"],
"unlabeledTemplateNumber_Labeled_splitClauses_0":["2105"],
"minedSingleVariableTemplatesNumber_Labeled_splitClauses_0":["263"],
"solvingTime_PredictedCDHG_splitClauses_1":["10800000"],
"relationSymbolNumberBeforeSimplification_Term_splitClauses_1":["378"],
"minedTemplateNumber_Octagon_splitClauses_1":["319"],
"clauseNumberBeforeSimplification_Mined_splitClauses_0":["144"],
"smt2FileSizeByte_All_splitClauses_0":["96032"],
"solvingTime_All_splitClauses_0":["10800000"],
"minedBinaryVariableTemplatesNumber_Term_splitClauses_1":["56"],
"unlabeledTemplateRelationSymbolNumber_Random_splitClauses_0":["29"],
"cegarIterationNumber_All_splitClauses_0":["10800000"],
"smt2FileSizeByte_RelationalEqs_splitClauses_0":["96032"],
"unlabeledSingleVariableTemplatesNumber_PredictedCDHG_splitClauses_1":["767"],
"clauseNumberBeforeSimplification_Labeled_splitClauses_0":["144"],
"cegarIterationNumber_PredictedCG_splitClauses_1":["10800000"],
"labeledTemplateRelationSymbolNumber_Unlabeled_splitClauses_0":["22"],
"unlabeledTemplateRelationSymbolNumber_Octagon_splitClauses_1":["29"],
"unlabeledTemplateNumber_Empty_splitClauses_1":["2105"],
"clauseNumberBeforeSimplification_Octagon_splitClauses_1":["144"],
"labeledTemplateNumber_Unlabeled_splitClauses_0":["59"],
"labeledBinaryVariableTemplatesNumber_PredictedCG_splitClauses_0":["56"],
"solvability_Term_splitClauses_1":["1"],
"solvability_Octagon_splitClauses_0":["10800000"],
"minedTemplateRelationSymbolNumber_RelationalIneqs_splitClauses_0":["29"],
"clauseNumberBeforeSimplification_RelationalIneqs_splitClauses_0":["144"],
"labeledTemplateNumber_PredictedCG_splitClauses_0":["59"],
"cegarIterationNumber_Labeled_splitClauses_0":["10800000"],
"smt2FileSizeByte_Labeled_splitClauses_1":["96032"],
"clauseNumberBeforeSimplification_Unlabeled_splitClauses_1":["144"],
"generatedPredicateNumber_Term_splitClauses_1":["75"],
"solvingTime_Term_splitClauses_1":["1643"],
"unlabeledBinaryVariableTemplatesNumber_Random_splitClauses_1":["1338"],
"unlabeledSingleVariableTemplatesNumber_Octagon_splitClauses_0":["767"],
"solvingTime_Octagon_splitClauses_0":["10800000"],
"labeledSingleVariableTemplatesNumber_Mined_splitClauses_1":["3"],
"averagePredicateSize_Term_splitClauses_1":["1"],
"labeledTemplateNumber_Labeled_splitClauses_0":["59"],
"unlabeledSingleVariableTemplatesNumber_PredictedCG_splitClauses_0":["767"],
"smt2FileSizeByte_Mined_splitClauses_1":["96032"],
"labeledBinaryVariableTemplatesNumber_Unlabeled_splitClauses_1":["56"],
"labeledTemplateNumber_All_splitClauses_0":["59"],
"unlabeledTemplateNumber_Random_splitClauses_0":["2105"],
"labeledTemplateNumber_Octagon_splitClauses_1":["59"],
"unlabeledTemplateNumber_PredictedCDHG_splitClauses_1":["2105"],
"unlabeledBinaryVariableTemplatesNumber_Mined_splitClauses_0":["1338"],
"minedTemplateRelationSymbolNumber_Mined_splitClauses_1":["29"],
"labeledTemplateNumber_RelationalIneqs_splitClauses_1":["59"],
"relationSymbolNumberAfterSimplification_All_splitClauses_0":["161"],
"relationSymbolNumberBeforeSimplification_PredictedCDHG_splitClauses_0":["378"],
"solvability_Term_splitClauses_0":["10800000"],
"clauseNumberBeforeSimplification_PredictedCG_splitClauses_1":["144"],
"generatedPredicateNumber_Labeled_splitClauses_1":["75"],
"labeledSingleVariableTemplatesNumber_Unlabeled_splitClauses_0":["3"],
"unlabeledBinaryVariableTemplatesNumber_Empty_splitClauses_0":["1338"],
"solvingTime_Mined_splitClauses_0":["10800000"],
"unlabeledTemplateNumber_All_splitClauses_1":["2105"],
"clauseNumberAfterSimplification_Random_splitClauses_1":["100"],
"labeledBinaryVariableTemplatesNumber_Octagon_splitClauses_1":["56"],
"unlabeledBinaryVariableTemplatesNumber_Labeled_splitClauses_0":["1338"],
"smt2FileSizeByte_Octagon_splitClauses_0":["96032"],
"labeledSingleVariableTemplatesNumber_Random_splitClauses_1":["3"],
"solvability_Unlabeled_splitClauses_0":["10800000"],
"solvingTime_Unlabeled_splitClauses_0":["10800000"],
"unlabeledTemplateRelationSymbolNumber_All_splitClauses_1":["29"],
"minedTemplateNumber_Empty_splitClauses_1":["319"],
"solvability_RelationalIneqs_splitClauses_0":["10800000"],
"unlabeledTemplateRelationSymbolNumber_Labeled_splitClauses_1":["29"],
"cegarIterationNumber_RelationalEqs_splitClauses_1":["33"],
"minedSingleVariableTemplatesNumber_RelationalEqs_splitClauses_1":["263"],
"clauseNumberAfterSimplification_PredictedCDHG_splitClauses_1":["100"],
"minedBinaryVariableTemplatesNumber_RelationalIneqs_splitClauses_1":["56"],
"unlabeledBinaryVariableTemplatesNumber_Mined_splitClauses_1":["1338"],
"unlabeledBinaryVariableTemplatesNumber_PredictedCDHG_splitClauses_0":["1338"],
"solvingTime_Empty_splitClauses_1":["1687"],
"labeledTemplateRelationSymbolNumber_Empty_splitClauses_1":["22"],
"generatedPredicateNumber_Term_splitClauses_0":["10800000"],
"averagePredicateSize_Empty_splitClauses_1":["1"],
"generatedPredicateNumber_PredictedCG_splitClauses_1":["10800000"],
"labeledTemplateRelationSymbolNumber_PredictedCDHG_splitClauses_1":["22"],
"predicateGeneratorTime_Mined_splitClauses_0":["10800000"],
"relationSymbolNumberBeforeSimplification_Term_splitClauses_0":["378"],
"predicateGeneratorTime_Labeled_splitClauses_0":["10800000"],
"labeledSingleVariableTemplatesNumber_Random_splitClauses_0":["3"],
"unlabeledTemplateRelationSymbolNumber_All_splitClauses_0":["29"],
"minedBinaryVariableTemplatesNumber_Labeled_splitClauses_0":["56"],
"generatedPredicateNumber_Labeled_splitClauses_0":["10800000"],
"relationSymbolNumberAfterSimplification_Empty_splitClauses_1":["161"],
"solvingTime_Mined_splitClauses_1":["1945"],
"minedSingleVariableTemplatesNumber_All_splitClauses_1":["263"],
"predicateGeneratorTime_Random_splitClauses_0":["10800000"],
"cegarIterationNumber_Term_splitClauses_1":["33"],
"labeledTemplateNumber_Empty_splitClauses_1":["59"],
"clauseNumberAfterSimplification_Empty_splitClauses_1":["100"],
"minedTemplateRelationSymbolNumber_Empty_splitClauses_0":["29"],
"unlabeledSingleVariableTemplatesNumber_Term_splitClauses_0":["767"],
"minedSingleVariableTemplatesNumber_Empty_splitClauses_0":["263"],
"relationSymbolNumberAfterSimplification_Random_splitClauses_0":["161"],
"minedTemplateRelationSymbolNumber_RelationalEqs_splitClauses_0":["29"],
"cegarIterationNumber_Empty_splitClauses_0":["10800000"],
"minedBinaryVariableTemplatesNumber_RelationalEqs_splitClauses_1":["56"],
"relationSymbolNumberBeforeSimplification_PredictedCG_splitClauses_1":["378"],
"labeledSingleVariableTemplatesNumber_All_splitClauses_1":["3"],
"unlabeledTemplateRelationSymbolNumber_Octagon_splitClauses_0":["29"],
"minedTemplateRelationSymbolNumber_Unlabeled_splitClauses_0":["29"],
"labeledBinaryVariableTemplatesNumber_Mined_splitClauses_0":["56"],
"relationSymbolNumberAfterSimplification_Unlabeled_splitClauses_1":["161"],
"minedTemplateNumber_PredictedCG_splitClauses_1":["319"],
"cegarIterationNumber_Empty_splitClauses_1":["33"],
"averagePredicateSize_RelationalIneqs_splitClauses_0":["10800000"],
"solvability_All_splitClauses_1":["10800000"],
"unlabeledBinaryVariableTemplatesNumber_Term_splitClauses_1":["1338"],
"minedTemplateRelationSymbolNumber_Labeled_splitClauses_1":["29"],
"averagePredicateSize_Unlabeled_splitClauses_1":["1"],
"labeledTemplateNumber_Term_splitClauses_0":["59"],
"smt2FileSizeByte_Empty_splitClauses_1":["96032"],
"solvingTime_PredictedCG_splitClauses_0":["10800000"],
"cegarIterationNumber_All_splitClauses_1":["10800000"],
"clauseNumberBeforeSimplification_Term_splitClauses_1":["144"],
"predicateGeneratorTime_Empty_splitClauses_0":["10800000"],
"relationSymbolNumberBeforeSimplification_Empty_splitClauses_1":["378"],
"averagePredicateSize_All_splitClauses_0":["10800000"],
"unlabeledBinaryVariableTemplatesNumber_Random_splitClauses_0":["1338"],
"smt2FileSizeByte_Term_splitClauses_0":["96032"],
"averagePredicateSize_Mined_splitClauses_1":["1"],
"minedBinaryVariableTemplatesNumber_Empty_splitClauses_0":["56"],
"minedTemplateRelationSymbolNumber_All_splitClauses_1":["29"],
"labeledSingleVariableTemplatesNumber_PredictedCG_splitClauses_0":["3"],
"unlabeledBinaryVariableTemplatesNumber_RelationalIneqs_splitClauses_0":["1338"],
"unlabeledSingleVariableTemplatesNumber_RelationalIneqs_splitClauses_1":["767"],
"clauseNumberAfterSimplification_RelationalIneqs_splitClauses_0":["100"],
"unlabeledTemplateNumber_RelationalEqs_splitClauses_0":["2105"],
"unlabeledTemplateNumber_RelationalIneqs_splitClauses_1":["2105"],
"labeledTemplateRelationSymbolNumber_PredictedCG_splitClauses_1":["22"],
"labeledTemplateRelationSymbolNumber_All_splitClauses_0":["22"],
"labeledSingleVariableTemplatesNumber_Octagon_splitClauses_0":["3"],
"dummyFiled":[]
}