{
"cegarIterationNumber_Term_splitClauses_0":[61],
"cegarIterationNumber_RelationalIneqs_splitClauses_1":[62],
"cegarIterationNumber_Octagon_splitClauses_0":[61],
"solvingTime_RelationalIneqs_splitClauses_1":[1967],
"solvingTime_Term_splitClauses_0":[2192],
"cegarIterationNumber_RelationalIneqs_splitClauses_0":[61],
"solvingTime_RelationalIneqs_splitClauses_0":[1876],
"solvingTime_Octagon_splitClauses_1":[2040],
"cegarIterationNumber_RelationalEqs_splitClauses_0":[61],
"solvingTime_RelationalEqs_splitClauses_0":[2107],
"solvingTime_RelationalEqs_splitClauses_1":[1951],
"cegarIterationNumber_Octagon_splitClauses_1":[62],
"solvingTime_Term_splitClauses_1":[1720],
"solvingTime_Octagon_splitClauses_0":[1810],
"cegarIterationNumber_RelationalEqs_splitClauses_1":[62],
"cegarIterationNumber_Term_splitClauses_1":[62],
"dummyFiled":[]
}