{
"cegarIterationNumber_Term_splitClauses_0":[3],
"cegarIterationNumber_RelationalIneqs_splitClauses_1":[1548],
"cegarIterationNumber_Octagon_splitClauses_0":[3],
"solvingTime_RelationalIneqs_splitClauses_1":[133846],
"solvingTime_Term_splitClauses_0":[1621],
"cegarIterationNumber_RelationalIneqs_splitClauses_0":[3],
"solvingTime_RelationalIneqs_splitClauses_0":[2421],
"solvingTime_Octagon_splitClauses_1":[134856],
"cegarIterationNumber_RelationalEqs_splitClauses_0":[3],
"solvingTime_RelationalEqs_splitClauses_0":[1676],
"solvingTime_RelationalEqs_splitClauses_1":[134941],
"cegarIterationNumber_Octagon_splitClauses_1":[1548],
"solvingTime_Term_splitClauses_1":[145708],
"solvingTime_Octagon_splitClauses_0":[2511],
"cegarIterationNumber_RelationalEqs_splitClauses_1":[1548],
"cegarIterationNumber_Term_splitClauses_1":[1548],
"dummyFiled":[]
}