{
"cegarIterationNumber_Term_splitClauses_0":[5],
"cegarIterationNumber_RelationalIneqs_splitClauses_1":[14],
"cegarIterationNumber_Octagon_splitClauses_0":[5],
"solvingTime_RelationalIneqs_splitClauses_1":[361],
"solvingTime_Term_splitClauses_0":[1311],
"cegarIterationNumber_RelationalIneqs_splitClauses_0":[5],
"solvingTime_RelationalIneqs_splitClauses_0":[1533],
"solvingTime_Octagon_splitClauses_1":[394],
"cegarIterationNumber_RelationalEqs_splitClauses_0":[5],
"solvingTime_RelationalEqs_splitClauses_0":[1112],
"solvingTime_RelationalEqs_splitClauses_1":[338],
"cegarIterationNumber_Octagon_splitClauses_1":[14],
"solvingTime_Term_splitClauses_1":[554],
"solvingTime_Octagon_splitClauses_0":[1424],
"cegarIterationNumber_RelationalEqs_splitClauses_1":[14],
"cegarIterationNumber_Term_splitClauses_1":[14],
"dummyFiled":[]
}