{
"smt2FileSizeByte_All_splitClauses_1":["17819"],
"generatedPredicateNumber_All_splitClauses_1":["10800000"],
"unlabeledTemplateRelationSymbolNumber_PredictedCDHG_splitClauses_0":["8"],
"predicateGeneratorTime_Term_splitClauses_0":["10800000"],
"averagePredicateSize_Random_splitClauses_1":["10800000"],
"labeledBinaryVariableTemplatesNumber_Labeled_splitClauses_1":["12"],
"clauseNumberBeforeSimplification_All_splitClauses_1":["37"],
"minedTemplateRelationSymbolNumber_Term_splitClauses_0":["8"],
"solvingTime_Labeled_splitClauses_1":["10800000"],
"unlabeledTemplateNumber_Labeled_splitClauses_1":["433"],
"relationSymbolNumber_Term_splitClauses_1":["26"],
"minedTemplateRelationSymbolNumber_Octagon_splitClauses_1":["8"],
"clauseNumberAfterSimplification_Mined_splitClauses_1":["18"],
"unlabeledBinaryVariableTemplatesNumber_Term_splitClauses_0":["270"],
"labeledTemplateNumber_PredictedCDHG_splitClauses_0":["12"],
"relationSymbolNumber_RelationalEqs_splitClauses_1":["26"],
"solvability_Empty_splitClauses_0":["10800000"],
"unlabeledTemplateRelationSymbolNumber_Random_splitClauses_1":["8"],
"labeledBinaryVariableTemplatesNumber_Octagon_splitClauses_0":["12"],
"minedTemplateRelationSymbolNumber_Random_splitClauses_1":["8"],
"unlabeledSingleVariableTemplatesNumber_Mined_splitClauses_0":["163"],
"unlabeledBinaryVariableTemplatesNumber_PredictedCG_splitClauses_1":["270"],
"solvability_All_splitClauses_0":["10800000"],
"predicateGeneratorTime_RelationalEqs_splitClauses_1":["10800000"],
"smt2FileSizeByte_PredictedCG_splitClauses_1":["17819"],
"labeledSingleVariableTemplatesNumber_Unlabeled_splitClauses_1":["0"],
"labeledBinaryVariableTemplatesNumber_PredictedCG_splitClauses_1":["12"],
"minedBinaryVariableTemplatesNumber_PredictedCG_splitClauses_0":["12"],
"solvability_Random_splitClauses_0":["10800000"],
"clauseNumberBeforeSimplification_PredictedCDHG_splitClauses_1":["37"],
"labeledSingleVariableTemplatesNumber_Mined_splitClauses_0":["0"],
"solvability_Unlabeled_splitClauses_1":["10800000"],
"cegarIterationNumber_Labeled_splitClauses_1":["10800000"],
"smt2FileSizeByte_Mined_splitClauses_0":["17819"],
"labeledSingleVariableTemplatesNumber_PredictedCG_splitClauses_1":["0"],
"smt2FileSizeByte_Octagon_splitClauses_1":["17819"],
"minedTemplateNumber_Labeled_splitClauses_1":["69"],
"labeledSingleVariableTemplatesNumber_RelationalIneqs_splitClauses_1":["0"],
"clauseNumberAfterSimplification_Labeled_splitClauses_1":["18"],
"smt2FileSizeByte_Random_splitClauses_0":["17819"],
"unlabeledTemplateRelationSymbolNumber_PredictedCDHG_splitClauses_1":["8"],
"labeledSingleVariableTemplatesNumber_Term_splitClauses_0":["0"],
"generatedPredicateNumber_PredictedCDHG_splitClauses_1":["10800000"],
"minedSingleVariableTemplatesNumber_Unlabeled_splitClauses_0":["57"],
"generatedPredicateNumber_Octagon_splitClauses_1":["10800000"],
"labeledSingleVariableTemplatesNumber_RelationalEqs_splitClauses_0":["0"],
"predicateGeneratorTime_PredictedCG_splitClauses_1":["10800000"],
"labeledTemplateNumber_Labeled_splitClauses_1":["12"],
"labeledSingleVariableTemplatesNumber_Empty_splitClauses_0":["0"],
"minedTemplateRelationSymbolNumber_RelationalIneqs_splitClauses_1":["8"],
"unlabeledSingleVariableTemplatesNumber_All_splitClauses_1":["163"],
"labeledBinaryVariableTemplatesNumber_PredictedCDHG_splitClauses_1":["12"],
"unlabeledSingleVariableTemplatesNumber_RelationalEqs_splitClauses_1":["163"],
"cegarIterationNumber_Term_splitClauses_0":["10800000"],
"unlabeledBinaryVariableTemplatesNumber_Labeled_splitClauses_1":["270"],
"unlabeledSingleVariableTemplatesNumber_Term_splitClauses_1":["163"],
"clauseNumberAfterSimplification_All_splitClauses_1":["18"],
"minedSingleVariableTemplatesNumber_Random_splitClauses_0":["57"],
"solvability_RelationalIneqs_splitClauses_1":["10800000"],
"minedTemplateNumber_Labeled_splitClauses_0":["69"],
"minedSingleVariableTemplatesNumber_Octagon_splitClauses_0":["57"],
"minedSingleVariableTemplatesNumber_Term_splitClauses_1":["57"],
"minedBinaryVariableTemplatesNumber_PredictedCDHG_splitClauses_1":["12"],
"generatedPredicateNumber_Mined_splitClauses_1":["13"],
"relationSymbolNumber_Octagon_splitClauses_1":["26"],
"relationSymbolNumber_Unlabeled_splitClauses_1":["26"],
"labeledSingleVariableTemplatesNumber_RelationalIneqs_splitClauses_0":["0"],
"averagePredicateSize_Mined_splitClauses_0":["10800000"],
"cegarIterationNumber_Unlabeled_splitClauses_0":["10800000"],
"minedBinaryVariableTemplatesNumber_Random_splitClauses_0":["12"],
"labeledTemplateNumber_Mined_splitClauses_1":["12"],
"labeledBinaryVariableTemplatesNumber_Random_splitClauses_0":["12"],
"unlabeledTemplateRelationSymbolNumber_Unlabeled_splitClauses_1":["8"],
"cegarIterationNumber_Mined_splitClauses_0":["10800000"],
"minedTemplateRelationSymbolNumber_Labeled_splitClauses_0":["8"],
"unlabeledBinaryVariableTemplatesNumber_RelationalIneqs_splitClauses_1":["270"],
"unlabeledBinaryVariableTemplatesNumber_Octagon_splitClauses_0":["270"],
"solvability_Mined_splitClauses_0":["10800000"],
"averagePredicateSize_RelationalEqs_splitClauses_0":["10800000"],
"clauseNumberAfterSimplification_Term_splitClauses_0":["18"],
"unlabeledTemplateNumber_Mined_splitClauses_0":["433"],
"unlabeledTemplateNumber_PredictedCDHG_splitClauses_0":["433"],
"cegarIterationNumber_RelationalIneqs_splitClauses_1":["10800000"],
"minedBinaryVariableTemplatesNumber_Unlabeled_splitClauses_1":["12"],
"labeledTemplateNumber_PredictedCG_splitClauses_1":["12"],
"labeledTemplateRelationSymbolNumber_Mined_splitClauses_0":["6"],
"labeledBinaryVariableTemplatesNumber_Mined_splitClauses_1":["12"],
"clauseNumberAfterSimplification_RelationalIneqs_splitClauses_1":["18"],
"minedSingleVariableTemplatesNumber_PredictedCDHG_splitClauses_0":["57"],
"solvability_Labeled_splitClauses_1":["10800000"],
"labeledSingleVariableTemplatesNumber_Octagon_splitClauses_1":["0"],
"averagePredicateSize_Random_splitClauses_0":["10800000"],
"smt2FileSizeByte_RelationalIneqs_splitClauses_0":["17819"],
"generatedPredicateNumber_Unlabeled_splitClauses_0":["10800000"],
"solvability_RelationalEqs_splitClauses_0":["10800000"],
"predicateGeneratorTime_Empty_splitClauses_1":["10800000"],
"minedSingleVariableTemplatesNumber_Mined_splitClauses_0":["57"],
"minedTemplateRelationSymbolNumber_PredictedCDHG_splitClauses_1":["8"],
"minedTemplateNumber_PredictedCG_splitClauses_0":["69"],
"averagePredicateSize_RelationalIneqs_splitClauses_1":["10800000"],
"labeledTemplateRelationSymbolNumber_Random_splitClauses_1":["6"],
"minedTemplateNumber_RelationalIneqs_splitClauses_0":["69"],
"predicateGeneratorTime_RelationalIneqs_splitClauses_0":["10800000"],
"labeledTemplateRelationSymbolNumber_Empty_splitClauses_0":["6"],
"minedBinaryVariableTemplatesNumber_Octagon_splitClauses_0":["12"],
"relationSymbolNumber_Labeled_splitClauses_0":["26"],
"labeledSingleVariableTemplatesNumber_Term_splitClauses_1":["0"],
"labeledBinaryVariableTemplatesNumber_Empty_splitClauses_0":["12"],
"minedTemplateNumber_Octagon_splitClauses_0":["69"],
"labeledBinaryVariableTemplatesNumber_Unlabeled_splitClauses_0":["12"],
"clauseNumberAfterSimplification_PredictedCDHG_splitClauses_0":["18"],
"smt2FileSizeByte_PredictedCG_splitClauses_0":["17819"],
"minedBinaryVariableTemplatesNumber_RelationalEqs_splitClauses_0":["12"],
"labeledTemplateRelationSymbolNumber_RelationalEqs_splitClauses_1":["6"],
"minedBinaryVariableTemplatesNumber_Random_splitClauses_1":["12"],
"clauseNumberAfterSimplification_Unlabeled_splitClauses_1":["18"],
"minedSingleVariableTemplatesNumber_PredictedCDHG_splitClauses_1":["57"],
"labeledBinaryVariableTemplatesNumber_Term_splitClauses_1":["12"],
"clauseNumberBeforeSimplification_Empty_splitClauses_1":["37"],
"minedBinaryVariableTemplatesNumber_Mined_splitClauses_1":["12"],
"unlabeledBinaryVariableTemplatesNumber_Unlabeled_splitClauses_1":["270"],
"unlabeledTemplateNumber_PredictedCG_splitClauses_1":["433"],
"generatedPredicateNumber_Empty_splitClauses_0":["10800000"],
"predicateGeneratorTime_RelationalIneqs_splitClauses_1":["10800000"],
"unlabeledSingleVariableTemplatesNumber_Empty_splitClauses_0":["163"],
"cegarIterationNumber_Octagon_splitClauses_0":["10800000"],
"clauseNumberAfterSimplification_Octagon_splitClauses_1":["18"],
"unlabeledSingleVariableTemplatesNumber_Labeled_splitClauses_1":["163"],
"clauseNumberBeforeSimplification_Random_splitClauses_1":["37"],
"minedTemplateRelationSymbolNumber_All_splitClauses_0":["8"],
"unlabeledTemplateRelationSymbolNumber_RelationalEqs_splitClauses_0":["8"],
"minedSingleVariableTemplatesNumber_Unlabeled_splitClauses_1":["57"],
"clauseNumberBeforeSimplification_RelationalEqs_splitClauses_0":["37"],
"minedTemplateNumber_Unlabeled_splitClauses_0":["69"],
"generatedPredicateNumber_Octagon_splitClauses_0":["10800000"],
"predicateGeneratorTime_PredictedCDHG_splitClauses_0":["10800000"],
"clauseNumberAfterSimplification_PredictedCG_splitClauses_1":["18"],
"labeledSingleVariableTemplatesNumber_RelationalEqs_splitClauses_1":["0"],
"smt2FileSizeByte_Random_splitClauses_1":["17819"],
"averagePredicateSize_PredictedCG_splitClauses_1":["10800000"],
"cegarIterationNumber_PredictedCDHG_splitClauses_1":["10800000"],
"clauseNumberAfterSimplification_RelationalEqs_splitClauses_1":["18"],
"minedBinaryVariableTemplatesNumber_Empty_splitClauses_1":["12"],
"minedTemplateNumber_PredictedCDHG_splitClauses_0":["69"],
"labeledBinaryVariableTemplatesNumber_All_splitClauses_1":["12"],
"solvingTime_RelationalIneqs_splitClauses_1":["10800000"],
"unlabeledTemplateRelationSymbolNumber_RelationalEqs_splitClauses_1":["8"],
"smt2FileSizeByte_Unlabeled_splitClauses_0":["17819"],
"generatedPredicateNumber_All_splitClauses_0":["10800000"],
"predicateGeneratorTime_Octagon_splitClauses_1":["10800000"],
"solvability_Mined_splitClauses_1":["1"],
"minedTemplateRelationSymbolNumber_Term_splitClauses_1":["8"],
"clauseNumberAfterSimplification_Mined_splitClauses_0":["18"],
"solvability_PredictedCDHG_splitClauses_0":["10800000"],
"solvingTime_Empty_splitClauses_0":["10800000"],
"unlabeledSingleVariableTemplatesNumber_Unlabeled_splitClauses_1":["163"],
"minedTemplateNumber_Term_splitClauses_1":["69"],
"averagePredicateSize_Octagon_splitClauses_1":["10800000"],
"relationSymbolNumber_Empty_splitClauses_1":["26"],
"unlabeledSingleVariableTemplatesNumber_Octagon_splitClauses_1":["163"],
"minedTemplateRelationSymbolNumber_RelationalEqs_splitClauses_1":["8"],
"minedBinaryVariableTemplatesNumber_RelationalIneqs_splitClauses_0":["12"],
"predicateGeneratorTime_Term_splitClauses_1":["10800000"],
"solvingTime_Labeled_splitClauses_0":["10800000"],
"unlabeledBinaryVariableTemplatesNumber_PredictedCG_splitClauses_0":["270"],
"minedTemplateNumber_All_splitClauses_0":["69"],
"predicateGeneratorTime_Labeled_splitClauses_1":["10800000"],
"unlabeledTemplateRelationSymbolNumber_Empty_splitClauses_0":["8"],
"unlabeledTemplateNumber_Mined_splitClauses_1":["433"],
"solvability_PredictedCG_splitClauses_1":["10800000"],
"unlabeledTemplateNumber_Term_splitClauses_0":["433"],
"minedBinaryVariableTemplatesNumber_PredictedCG_splitClauses_1":["12"],
"labeledSingleVariableTemplatesNumber_PredictedCDHG_splitClauses_0":["0"],
"minedBinaryVariableTemplatesNumber_All_splitClauses_0":["12"],
"averagePredicateSize_PredictedCDHG_splitClauses_1":["10800000"],
"predicateGeneratorTime_PredictedCG_splitClauses_0":["10800000"],
"generatedPredicateNumber_RelationalIneqs_splitClauses_0":["10800000"],
"labeledTemplateNumber_Empty_splitClauses_0":["12"],
"unlabeledTemplateRelationSymbolNumber_Term_splitClauses_0":["8"],
"minedTemplateNumber_All_splitClauses_1":["69"],
"labeledSingleVariableTemplatesNumber_Empty_splitClauses_1":["0"],
"minedBinaryVariableTemplatesNumber_Unlabeled_splitClauses_0":["12"],
"labeledTemplateNumber_Random_splitClauses_0":["12"],
"minedBinaryVariableTemplatesNumber_All_splitClauses_1":["12"],
"unlabeledSingleVariableTemplatesNumber_All_splitClauses_0":["163"],
"smt2FileSizeByte_PredictedCDHG_splitClauses_1":["17819"],
"labeledBinaryVariableTemplatesNumber_PredictedCDHG_splitClauses_0":["12"],
"averagePredicateSize_RelationalEqs_splitClauses_1":["10800000"],
"minedSingleVariableTemplatesNumber_Term_splitClauses_0":["57"],
"labeledTemplateRelationSymbolNumber_Term_splitClauses_1":["6"],
"generatedPredicateNumber_Random_splitClauses_0":["10800000"],
"labeledBinaryVariableTemplatesNumber_Empty_splitClauses_1":["12"],
"clauseNumberAfterSimplification_Labeled_splitClauses_0":["18"],
"labeledSingleVariableTemplatesNumber_Labeled_splitClauses_0":["0"],
"minedTemplateNumber_Mined_splitClauses_1":["69"],
"labeledTemplateRelationSymbolNumber_Labeled_splitClauses_0":["6"],
"unlabeledTemplateRelationSymbolNumber_Mined_splitClauses_1":["8"],
"solvability_Labeled_splitClauses_0":["10800000"],
"minedTemplateNumber_RelationalEqs_splitClauses_1":["69"],
"solvingTime_Random_splitClauses_1":["10800000"],
"minedTemplateNumber_Random_splitClauses_0":["69"],
"cegarIterationNumber_Unlabeled_splitClauses_1":["10800000"],
"minedTemplateNumber_RelationalIneqs_splitClauses_1":["69"],
"unlabeledBinaryVariableTemplatesNumber_Octagon_splitClauses_1":["270"],
"minedSingleVariableTemplatesNumber_Octagon_splitClauses_1":["57"],
"minedSingleVariableTemplatesNumber_Random_splitClauses_1":["57"],
"averagePredicateSize_All_splitClauses_1":["10800000"],
"minedTemplateNumber_Empty_splitClauses_0":["69"],
"labeledTemplateNumber_Mined_splitClauses_0":["12"],
"unlabeledBinaryVariableTemplatesNumber_All_splitClauses_0":["270"],
"labeledSingleVariableTemplatesNumber_PredictedCDHG_splitClauses_1":["0"],
"minedSingleVariableTemplatesNumber_Mined_splitClauses_1":["57"],
"labeledTemplateRelationSymbolNumber_Term_splitClauses_0":["6"],
"unlabeledTemplateRelationSymbolNumber_Term_splitClauses_1":["8"],
"predicateGeneratorTime_All_splitClauses_1":["10800000"],
"unlabeledSingleVariableTemplatesNumber_Random_splitClauses_0":["163"],
"predicateGeneratorTime_Unlabeled_splitClauses_1":["10800000"],
"cegarIterationNumber_PredictedCDHG_splitClauses_0":["10800000"],
"labeledTemplateNumber_RelationalEqs_splitClauses_0":["12"],
"labeledTemplateRelationSymbolNumber_Mined_splitClauses_1":["6"],
"labeledTemplateRelationSymbolNumber_Random_splitClauses_0":["6"],
"labeledBinaryVariableTemplatesNumber_RelationalEqs_splitClauses_1":["12"],
"generatedPredicateNumber_RelationalIneqs_splitClauses_1":["10800000"],
"unlabeledTemplateRelationSymbolNumber_PredictedCG_splitClauses_1":["8"],
"unlabeledSingleVariableTemplatesNumber_RelationalEqs_splitClauses_0":["163"],
"labeledBinaryVariableTemplatesNumber_Labeled_splitClauses_0":["12"],
"minedBinaryVariableTemplatesNumber_PredictedCDHG_splitClauses_0":["12"],
"unlabeledTemplateRelationSymbolNumber_Unlabeled_splitClauses_0":["8"],
"clauseNumberAfterSimplification_Term_splitClauses_1":["18"],
"relationSymbolNumber_RelationalIneqs_splitClauses_0":["26"],
"unlabeledTemplateNumber_Octagon_splitClauses_0":["433"],
"unlabeledBinaryVariableTemplatesNumber_RelationalEqs_splitClauses_1":["270"],
"unlabeledTemplateNumber_PredictedCG_splitClauses_0":["433"],
"unlabeledTemplateNumber_All_splitClauses_0":["433"],
"labeledTemplateRelationSymbolNumber_RelationalIneqs_splitClauses_1":["6"],
"unlabeledSingleVariableTemplatesNumber_Mined_splitClauses_1":["163"],
"labeledTemplateRelationSymbolNumber_Unlabeled_splitClauses_1":["6"],
"labeledBinaryVariableTemplatesNumber_Random_splitClauses_1":["12"],
"relationSymbolNumber_RelationalEqs_splitClauses_0":["26"],
"solvability_Random_splitClauses_1":["10800000"],
"solvingTime_Term_splitClauses_0":["10800000"],
"minedSingleVariableTemplatesNumber_Labeled_splitClauses_1":["57"],
"relationSymbolNumber_Random_splitClauses_0":["26"],
"clauseNumberBeforeSimplification_Term_splitClauses_0":["37"],
"minedTemplateRelationSymbolNumber_Mined_splitClauses_0":["8"],
"solvability_Octagon_splitClauses_1":["10800000"],
"relationSymbolNumber_Labeled_splitClauses_1":["26"],
"minedSingleVariableTemplatesNumber_RelationalIneqs_splitClauses_1":["57"],
"smt2FileSizeByte_Labeled_splitClauses_0":["17819"],
"solvability_RelationalEqs_splitClauses_1":["10800000"],
"unlabeledSingleVariableTemplatesNumber_Empty_splitClauses_1":["163"],
"labeledTemplateNumber_PredictedCDHG_splitClauses_1":["12"],
"minedTemplateRelationSymbolNumber_Octagon_splitClauses_0":["8"],
"clauseNumberAfterSimplification_Unlabeled_splitClauses_0":["18"],
"clauseNumberBeforeSimplification_Unlabeled_splitClauses_0":["37"],
"clauseNumberBeforeSimplification_PredictedCDHG_splitClauses_0":["37"],
"cegarIterationNumber_RelationalIneqs_splitClauses_0":["10800000"],
"relationSymbolNumber_All_splitClauses_0":["26"],
"labeledTemplateRelationSymbolNumber_RelationalEqs_splitClauses_0":["6"],
"averagePredicateSize_Labeled_splitClauses_0":["10800000"],
"smt2FileSizeByte_RelationalIneqs_splitClauses_1":["17819"],
"clauseNumberBeforeSimplification_RelationalEqs_splitClauses_1":["37"],
"unlabeledTemplateRelationSymbolNumber_RelationalIneqs_splitClauses_1":["8"],
"clauseNumberBeforeSimplification_PredictedCG_splitClauses_0":["37"],
"solvingTime_PredictedCDHG_splitClauses_0":["10800000"],
"labeledTemplateRelationSymbolNumber_Octagon_splitClauses_1":["6"],
"minedTemplateRelationSymbolNumber_PredictedCG_splitClauses_1":["8"],
"labeledTemplateNumber_Random_splitClauses_1":["12"],
"solvingTime_RelationalIneqs_splitClauses_0":["10800000"],
"labeledTemplateNumber_All_splitClauses_1":["12"],
"unlabeledTemplateNumber_Random_splitClauses_1":["433"],
"relationSymbolNumber_PredictedCDHG_splitClauses_1":["26"],
"smt2FileSizeByte_Unlabeled_splitClauses_1":["17819"],
"cegarIterationNumber_PredictedCG_splitClauses_0":["10800000"],
"predicateGeneratorTime_Octagon_splitClauses_0":["10800000"],
"unlabeledTemplateNumber_RelationalEqs_splitClauses_1":["433"],
"clauseNumberAfterSimplification_Octagon_splitClauses_0":["18"],
"cegarIterationNumber_Random_splitClauses_0":["10800000"],
"solvability_PredictedCDHG_splitClauses_1":["10800000"],
"solvability_PredictedCG_splitClauses_0":["10800000"],
"solvingTime_PredictedCG_splitClauses_1":["10800000"],
"unlabeledSingleVariableTemplatesNumber_Unlabeled_splitClauses_0":["163"],
"unlabeledTemplateNumber_Unlabeled_splitClauses_0":["433"],
"labeledTemplateRelationSymbolNumber_RelationalIneqs_splitClauses_0":["6"],
"minedTemplateNumber_Random_splitClauses_1":["69"],
"relationSymbolNumber_PredictedCG_splitClauses_0":["26"],
"generatedPredicateNumber_RelationalEqs_splitClauses_0":["10800000"],
"minedTemplateNumber_Term_splitClauses_0":["69"],
"solvingTime_All_splitClauses_1":["10800000"],
"minedSingleVariableTemplatesNumber_PredictedCG_splitClauses_0":["57"],
"smt2FileSizeByte_Term_splitClauses_1":["17819"],
"labeledBinaryVariableTemplatesNumber_All_splitClauses_0":["12"],
"minedTemplateNumber_PredictedCDHG_splitClauses_1":["69"],
"minedTemplateRelationSymbolNumber_PredictedCDHG_splitClauses_0":["8"],
"averagePredicateSize_Unlabeled_splitClauses_0":["10800000"],
"minedBinaryVariableTemplatesNumber_Octagon_splitClauses_1":["12"],
"unlabeledSingleVariableTemplatesNumber_Random_splitClauses_1":["163"],
"clauseNumberBeforeSimplification_Random_splitClauses_0":["37"],
"solvingTime_Unlabeled_splitClauses_1":["10800000"],
"predicateGeneratorTime_PredictedCDHG_splitClauses_1":["10800000"],
"averagePredicateSize_PredictedCDHG_splitClauses_0":["10800000"],
"minedBinaryVariableTemplatesNumber_Term_splitClauses_0":["12"],
"labeledTemplateNumber_RelationalIneqs_splitClauses_0":["12"],
"clauseNumberAfterSimplification_Random_splitClauses_0":["18"],
"clauseNumberAfterSimplification_PredictedCG_splitClauses_0":["18"],
"generatedPredicateNumber_Empty_splitClauses_1":["10800000"],
"clauseNumberBeforeSimplification_Octagon_splitClauses_0":["37"],
"unlabeledTemplateNumber_Empty_splitClauses_0":["433"],
"minedSingleVariableTemplatesNumber_All_splitClauses_0":["57"],
"labeledTemplateRelationSymbolNumber_Octagon_splitClauses_0":["6"],
"generatedPredicateNumber_Random_splitClauses_1":["10800000"],
"clauseNumberAfterSimplification_RelationalEqs_splitClauses_0":["18"],
"labeledBinaryVariableTemplatesNumber_Term_splitClauses_0":["12"],
"minedSingleVariableTemplatesNumber_RelationalEqs_splitClauses_0":["57"],
"minedTemplateNumber_Mined_splitClauses_0":["69"],
"averagePredicateSize_Octagon_splitClauses_0":["10800000"],
"unlabeledBinaryVariableTemplatesNumber_Empty_splitClauses_1":["270"],
"relationSymbolNumber_Unlabeled_splitClauses_0":["26"],
"unlabeledSingleVariableTemplatesNumber_PredictedCDHG_splitClauses_0":["163"],
"unlabeledSingleVariableTemplatesNumber_PredictedCG_splitClauses_1":["163"],
"labeledTemplateRelationSymbolNumber_Labeled_splitClauses_1":["6"],
"minedTemplateRelationSymbolNumber_Random_splitClauses_0":["8"],
"unlabeledTemplateRelationSymbolNumber_PredictedCG_splitClauses_0":["8"],
"unlabeledTemplateNumber_RelationalIneqs_splitClauses_0":["433"],
"unlabeledSingleVariableTemplatesNumber_Labeled_splitClauses_0":["163"],
"minedTemplateNumber_Unlabeled_splitClauses_1":["69"],
"generatedPredicateNumber_PredictedCG_splitClauses_0":["10800000"],
"labeledTemplateNumber_Unlabeled_splitClauses_1":["12"],
"unlabeledTemplateRelationSymbolNumber_Empty_splitClauses_1":["8"],
"clauseNumberBeforeSimplification_Empty_splitClauses_0":["37"],
"solvingTime_Octagon_splitClauses_1":["10800000"],
"cegarIterationNumber_Mined_splitClauses_1":["8"],
"clauseNumberBeforeSimplification_Mined_splitClauses_1":["37"],
"smt2FileSizeByte_PredictedCDHG_splitClauses_0":["17819"],
"averagePredicateSize_PredictedCG_splitClauses_0":["10800000"],
"solvingTime_Random_splitClauses_0":["10800000"],
"minedTemplateNumber_RelationalEqs_splitClauses_0":["69"],
"unlabeledSingleVariableTemplatesNumber_RelationalIneqs_splitClauses_0":["163"],
"unlabeledTemplateNumber_Unlabeled_splitClauses_1":["433"],
"labeledBinaryVariableTemplatesNumber_RelationalEqs_splitClauses_0":["12"],
"generatedPredicateNumber_PredictedCDHG_splitClauses_0":["10800000"],
"minedTemplateRelationSymbolNumber_Empty_splitClauses_1":["8"],
"predicateGeneratorTime_Random_splitClauses_1":["10800000"],
"labeledTemplateNumber_Term_splitClauses_1":["12"],
"minedSingleVariableTemplatesNumber_Empty_splitClauses_1":["57"],
"minedSingleVariableTemplatesNumber_RelationalIneqs_splitClauses_0":["57"],
"clauseNumberAfterSimplification_All_splitClauses_0":["18"],
"unlabeledBinaryVariableTemplatesNumber_RelationalEqs_splitClauses_0":["270"],
"cegarIterationNumber_RelationalEqs_splitClauses_0":["10800000"],
"labeledTemplateRelationSymbolNumber_PredictedCDHG_splitClauses_0":["6"],
"labeledSingleVariableTemplatesNumber_Labeled_splitClauses_1":["0"],
"unlabeledBinaryVariableTemplatesNumber_All_splitClauses_1":["270"],
"minedTemplateRelationSymbolNumber_Unlabeled_splitClauses_1":["8"],
"solvingTime_RelationalEqs_splitClauses_0":["10800000"],
"solvingTime_RelationalEqs_splitClauses_1":["10800000"],
"minedBinaryVariableTemplatesNumber_Mined_splitClauses_0":["12"],
"clauseNumberBeforeSimplification_All_splitClauses_0":["37"],
"clauseNumberBeforeSimplification_RelationalIneqs_splitClauses_1":["37"],
"labeledTemplateNumber_RelationalEqs_splitClauses_1":["12"],
"labeledBinaryVariableTemplatesNumber_RelationalIneqs_splitClauses_0":["12"],
"clauseNumberAfterSimplification_Empty_splitClauses_0":["18"],
"averagePredicateSize_Empty_splitClauses_0":["10800000"],
"relationSymbolNumber_PredictedCG_splitClauses_1":["26"],
"unlabeledTemplateNumber_Term_splitClauses_1":["433"],
"predicateGeneratorTime_Mined_splitClauses_1":["405"],
"relationSymbolNumber_Mined_splitClauses_0":["26"],
"labeledBinaryVariableTemplatesNumber_RelationalIneqs_splitClauses_1":["12"],
"predicateGeneratorTime_Unlabeled_splitClauses_0":["10800000"],
"generatedPredicateNumber_Mined_splitClauses_0":["10800000"],
"generatedPredicateNumber_RelationalEqs_splitClauses_1":["10800000"],
"labeledTemplateRelationSymbolNumber_PredictedCG_splitClauses_0":["6"],
"minedSingleVariableTemplatesNumber_PredictedCG_splitClauses_1":["57"],
"minedTemplateRelationSymbolNumber_PredictedCG_splitClauses_0":["8"],
"unlabeledTemplateRelationSymbolNumber_Labeled_splitClauses_0":["8"],
"solvability_Empty_splitClauses_1":["10800000"],
"averagePredicateSize_Term_splitClauses_0":["10800000"],
"cegarIterationNumber_Random_splitClauses_1":["10800000"],
"relationSymbolNumber_All_splitClauses_1":["26"],
"averagePredicateSize_Labeled_splitClauses_1":["10800000"],
"unlabeledBinaryVariableTemplatesNumber_Unlabeled_splitClauses_0":["270"],
"generatedPredicateNumber_Unlabeled_splitClauses_1":["10800000"],
"predicateGeneratorTime_All_splitClauses_0":["10800000"],
"unlabeledBinaryVariableTemplatesNumber_PredictedCDHG_splitClauses_1":["270"],
"clauseNumberBeforeSimplification_Labeled_splitClauses_1":["37"],
"minedBinaryVariableTemplatesNumber_Labeled_splitClauses_1":["12"],
"labeledSingleVariableTemplatesNumber_All_splitClauses_0":["0"],
"unlabeledTemplateRelationSymbolNumber_Mined_splitClauses_0":["8"],
"cegarIterationNumber_Octagon_splitClauses_1":["10800000"],
"labeledTemplateNumber_Octagon_splitClauses_0":["12"],
"labeledTemplateRelationSymbolNumber_All_splitClauses_1":["6"],
"smt2FileSizeByte_Empty_splitClauses_0":["17819"],
"relationSymbolNumber_RelationalIneqs_splitClauses_1":["26"],
"unlabeledTemplateNumber_Octagon_splitClauses_1":["433"],
"predicateGeneratorTime_RelationalEqs_splitClauses_0":["10800000"],
"unlabeledTemplateRelationSymbolNumber_RelationalIneqs_splitClauses_0":["8"],
"smt2FileSizeByte_RelationalEqs_splitClauses_1":["17819"],
"unlabeledTemplateNumber_Labeled_splitClauses_0":["433"],
"relationSymbolNumber_Random_splitClauses_1":["26"],
"minedSingleVariableTemplatesNumber_Labeled_splitClauses_0":["57"],
"solvingTime_PredictedCDHG_splitClauses_1":["10800000"],
"minedTemplateNumber_Octagon_splitClauses_1":["69"],
"clauseNumberBeforeSimplification_Mined_splitClauses_0":["37"],
"smt2FileSizeByte_All_splitClauses_0":["17819"],
"solvingTime_All_splitClauses_0":["10800000"],
"minedBinaryVariableTemplatesNumber_Term_splitClauses_1":["12"],
"unlabeledTemplateRelationSymbolNumber_Random_splitClauses_0":["8"],
"cegarIterationNumber_All_splitClauses_0":["10800000"],
"smt2FileSizeByte_RelationalEqs_splitClauses_0":["17819"],
"unlabeledSingleVariableTemplatesNumber_PredictedCDHG_splitClauses_1":["163"],
"clauseNumberBeforeSimplification_Labeled_splitClauses_0":["37"],
"cegarIterationNumber_PredictedCG_splitClauses_1":["10800000"],
"labeledTemplateRelationSymbolNumber_Unlabeled_splitClauses_0":["6"],
"unlabeledTemplateRelationSymbolNumber_Octagon_splitClauses_1":["8"],
"unlabeledTemplateNumber_Empty_splitClauses_1":["433"],
"clauseNumberBeforeSimplification_Octagon_splitClauses_1":["37"],
"labeledTemplateNumber_Unlabeled_splitClauses_0":["12"],
"labeledBinaryVariableTemplatesNumber_PredictedCG_splitClauses_0":["12"],
"solvability_Term_splitClauses_1":["10800000"],
"solvability_Octagon_splitClauses_0":["10800000"],
"minedTemplateRelationSymbolNumber_RelationalIneqs_splitClauses_0":["8"],
"clauseNumberBeforeSimplification_RelationalIneqs_splitClauses_0":["37"],
"labeledTemplateNumber_PredictedCG_splitClauses_0":["12"],
"cegarIterationNumber_Labeled_splitClauses_0":["10800000"],
"smt2FileSizeByte_Labeled_splitClauses_1":["17819"],
"clauseNumberBeforeSimplification_Unlabeled_splitClauses_1":["37"],
"generatedPredicateNumber_Term_splitClauses_1":["10800000"],
"solvingTime_Term_splitClauses_1":["10800000"],
"unlabeledBinaryVariableTemplatesNumber_Random_splitClauses_1":["270"],
"unlabeledSingleVariableTemplatesNumber_Octagon_splitClauses_0":["163"],
"solvingTime_Octagon_splitClauses_0":["10800000"],
"labeledSingleVariableTemplatesNumber_Mined_splitClauses_1":["0"],
"averagePredicateSize_Term_splitClauses_1":["10800000"],
"labeledTemplateNumber_Labeled_splitClauses_0":["12"],
"unlabeledSingleVariableTemplatesNumber_PredictedCG_splitClauses_0":["163"],
"smt2FileSizeByte_Mined_splitClauses_1":["17819"],
"labeledBinaryVariableTemplatesNumber_Unlabeled_splitClauses_1":["12"],
"labeledTemplateNumber_All_splitClauses_0":["12"],
"unlabeledTemplateNumber_Random_splitClauses_0":["433"],
"labeledTemplateNumber_Octagon_splitClauses_1":["12"],
"unlabeledTemplateNumber_PredictedCDHG_splitClauses_1":["433"],
"unlabeledBinaryVariableTemplatesNumber_Mined_splitClauses_0":["270"],
"minedTemplateRelationSymbolNumber_Mined_splitClauses_1":["8"],
"labeledTemplateNumber_RelationalIneqs_splitClauses_1":["12"],
"solvability_Term_splitClauses_0":["10800000"],
"relationSymbolNumber_Octagon_splitClauses_0":["26"],
"clauseNumberBeforeSimplification_PredictedCG_splitClauses_1":["37"],
"generatedPredicateNumber_Labeled_splitClauses_1":["10800000"],
"labeledSingleVariableTemplatesNumber_Unlabeled_splitClauses_0":["0"],
"unlabeledBinaryVariableTemplatesNumber_Empty_splitClauses_0":["270"],
"solvingTime_Mined_splitClauses_0":["10800000"],
"unlabeledTemplateNumber_All_splitClauses_1":["433"],
"clauseNumberAfterSimplification_Random_splitClauses_1":["18"],
"labeledBinaryVariableTemplatesNumber_Octagon_splitClauses_1":["12"],
"unlabeledBinaryVariableTemplatesNumber_Labeled_splitClauses_0":["270"],
"smt2FileSizeByte_Octagon_splitClauses_0":["17819"],
"labeledSingleVariableTemplatesNumber_Random_splitClauses_1":["0"],
"solvability_Unlabeled_splitClauses_0":["10800000"],
"solvingTime_Unlabeled_splitClauses_0":["10800000"],
"unlabeledTemplateRelationSymbolNumber_All_splitClauses_1":["8"],
"minedTemplateNumber_Empty_splitClauses_1":["69"],
"solvability_RelationalIneqs_splitClauses_0":["10800000"],
"unlabeledTemplateRelationSymbolNumber_Labeled_splitClauses_1":["8"],
"cegarIterationNumber_RelationalEqs_splitClauses_1":["10800000"],
"minedSingleVariableTemplatesNumber_RelationalEqs_splitClauses_1":["57"],
"clauseNumberAfterSimplification_PredictedCDHG_splitClauses_1":["18"],
"minedBinaryVariableTemplatesNumber_RelationalIneqs_splitClauses_1":["12"],
"unlabeledBinaryVariableTemplatesNumber_Mined_splitClauses_1":["270"],
"unlabeledBinaryVariableTemplatesNumber_PredictedCDHG_splitClauses_0":["270"],
"solvingTime_Empty_splitClauses_1":["10800000"],
"labeledTemplateRelationSymbolNumber_Empty_splitClauses_1":["6"],
"generatedPredicateNumber_Term_splitClauses_0":["10800000"],
"averagePredicateSize_Empty_splitClauses_1":["10800000"],
"generatedPredicateNumber_PredictedCG_splitClauses_1":["10800000"],
"labeledTemplateRelationSymbolNumber_PredictedCDHG_splitClauses_1":["6"],
"relationSymbolNumber_Mined_splitClauses_1":["26"],
"predicateGeneratorTime_Mined_splitClauses_0":["10800000"],
"predicateGeneratorTime_Labeled_splitClauses_0":["10800000"],
"labeledSingleVariableTemplatesNumber_Random_splitClauses_0":["0"],
"unlabeledTemplateRelationSymbolNumber_All_splitClauses_0":["8"],
"minedBinaryVariableTemplatesNumber_Labeled_splitClauses_0":["12"],
"generatedPredicateNumber_Labeled_splitClauses_0":["10800000"],
"relationSymbolNumber_Empty_splitClauses_0":["26"],
"solvingTime_Mined_splitClauses_1":["508"],
"minedSingleVariableTemplatesNumber_All_splitClauses_1":["57"],
"predicateGeneratorTime_Random_splitClauses_0":["10800000"],
"cegarIterationNumber_Term_splitClauses_1":["10800000"],
"labeledTemplateNumber_Empty_splitClauses_1":["12"],
"clauseNumberAfterSimplification_Empty_splitClauses_1":["18"],
"minedTemplateRelationSymbolNumber_Empty_splitClauses_0":["8"],
"unlabeledSingleVariableTemplatesNumber_Term_splitClauses_0":["163"],
"minedSingleVariableTemplatesNumber_Empty_splitClauses_0":["57"],
"minedTemplateRelationSymbolNumber_RelationalEqs_splitClauses_0":["8"],
"cegarIterationNumber_Empty_splitClauses_0":["10800000"],
"minedBinaryVariableTemplatesNumber_RelationalEqs_splitClauses_1":["12"],
"labeledSingleVariableTemplatesNumber_All_splitClauses_1":["0"],
"unlabeledTemplateRelationSymbolNumber_Octagon_splitClauses_0":["8"],
"minedTemplateRelationSymbolNumber_Unlabeled_splitClauses_0":["8"],
"labeledBinaryVariableTemplatesNumber_Mined_splitClauses_0":["12"],
"minedTemplateNumber_PredictedCG_splitClauses_1":["69"],
"cegarIterationNumber_Empty_splitClauses_1":["10800000"],
"averagePredicateSize_RelationalIneqs_splitClauses_0":["10800000"],
"solvability_All_splitClauses_1":["10800000"],
"unlabeledBinaryVariableTemplatesNumber_Term_splitClauses_1":["270"],
"relationSymbolNumber_PredictedCDHG_splitClauses_0":["26"],
"minedTemplateRelationSymbolNumber_Labeled_splitClauses_1":["8"],
"averagePredicateSize_Unlabeled_splitClauses_1":["10800000"],
"labeledTemplateNumber_Term_splitClauses_0":["12"],
"smt2FileSizeByte_Empty_splitClauses_1":["17819"],
"solvingTime_PredictedCG_splitClauses_0":["10800000"],
"relationSymbolNumber_Term_splitClauses_0":["26"],
"cegarIterationNumber_All_splitClauses_1":["10800000"],
"clauseNumberBeforeSimplification_Term_splitClauses_1":["37"],
"predicateGeneratorTime_Empty_splitClauses_0":["10800000"],
"averagePredicateSize_All_splitClauses_0":["10800000"],
"unlabeledBinaryVariableTemplatesNumber_Random_splitClauses_0":["270"],
"smt2FileSizeByte_Term_splitClauses_0":["17819"],
"averagePredicateSize_Mined_splitClauses_1":["1"],
"minedBinaryVariableTemplatesNumber_Empty_splitClauses_0":["12"],
"minedTemplateRelationSymbolNumber_All_splitClauses_1":["8"],
"labeledSingleVariableTemplatesNumber_PredictedCG_splitClauses_0":["0"],
"unlabeledBinaryVariableTemplatesNumber_RelationalIneqs_splitClauses_0":["270"],
"unlabeledSingleVariableTemplatesNumber_RelationalIneqs_splitClauses_1":["163"],
"clauseNumberAfterSimplification_RelationalIneqs_splitClauses_0":["18"],
"unlabeledTemplateNumber_RelationalEqs_splitClauses_0":["433"],
"unlabeledTemplateNumber_RelationalIneqs_splitClauses_1":["433"],
"labeledTemplateRelationSymbolNumber_PredictedCG_splitClauses_1":["6"],
"labeledTemplateRelationSymbolNumber_All_splitClauses_0":["6"],
"labeledSingleVariableTemplatesNumber_Octagon_splitClauses_0":["0"],
"dummyFiled":[]
}