{
"cegarIterationNumber_Term_splitClauses_0":[6],
"cegarIterationNumber_RelationalIneqs_splitClauses_1":[14],
"cegarIterationNumber_Octagon_splitClauses_0":[6],
"solvingTime_RelationalIneqs_splitClauses_1":[766],
"solvingTime_Term_splitClauses_0":[260],
"cegarIterationNumber_RelationalIneqs_splitClauses_0":[6],
"solvingTime_RelationalIneqs_splitClauses_0":[248],
"solvingTime_Octagon_splitClauses_1":[451],
"cegarIterationNumber_RelationalEqs_splitClauses_0":[6],
"solvingTime_RelationalEqs_splitClauses_0":[305],
"solvingTime_RelationalEqs_splitClauses_1":[408],
"cegarIterationNumber_Octagon_splitClauses_1":[14],
"solvingTime_Term_splitClauses_1":[434],
"solvingTime_Octagon_splitClauses_0":[266],
"cegarIterationNumber_RelationalEqs_splitClauses_1":[14],
"cegarIterationNumber_Term_splitClauses_1":[14],
"dummyFiled":[]
}