{
"cegarIterationNumber_Term_splitClauses_0":[37],
"cegarIterationNumber_RelationalIneqs_splitClauses_1":[37],
"cegarIterationNumber_Octagon_splitClauses_0":[37],
"solvingTime_RelationalIneqs_splitClauses_1":[744],
"solvingTime_Term_splitClauses_0":[1101],
"cegarIterationNumber_RelationalIneqs_splitClauses_0":[37],
"solvingTime_RelationalIneqs_splitClauses_0":[1036],
"solvingTime_Octagon_splitClauses_1":[1157],
"cegarIterationNumber_RelationalEqs_splitClauses_0":[37],
"solvingTime_RelationalEqs_splitClauses_0":[925],
"solvingTime_RelationalEqs_splitClauses_1":[1092],
"cegarIterationNumber_Octagon_splitClauses_1":[37],
"solvingTime_Term_splitClauses_1":[967],
"solvingTime_Octagon_splitClauses_0":[1155],
"cegarIterationNumber_RelationalEqs_splitClauses_1":[37],
"cegarIterationNumber_Term_splitClauses_1":[37],
"dummyFiled":[]
}