{
"smt2FileSizeByte_All_splitClauses_1":["31638"],
"generatedPredicateNumber_All_splitClauses_1":["10800000"],
"unlabeledTemplateRelationSymbolNumber_PredictedCDHG_splitClauses_0":["7"],
"relationSymbolNumberBeforeSimplification_Unlabeled_splitClauses_1":["167"],
"predicateGeneratorTime_Term_splitClauses_0":["10800000"],
"averagePredicateSize_Random_splitClauses_1":["1"],
"labeledBinaryVariableTemplatesNumber_Labeled_splitClauses_1":["10"],
"clauseNumberBeforeSimplification_All_splitClauses_1":["79"],
"minedTemplateRelationSymbolNumber_Term_splitClauses_0":["7"],
"solvingTime_Labeled_splitClauses_1":["367"],
"unlabeledTemplateNumber_Labeled_splitClauses_1":["294"],
"relationSymbolNumberAfterSimplification_All_splitClauses_1":["47"],
"minedTemplateRelationSymbolNumber_Octagon_splitClauses_1":["7"],
"clauseNumberAfterSimplification_Mined_splitClauses_1":["36"],
"relationSymbolNumberBeforeSimplification_Octagon_splitClauses_0":["167"],
"unlabeledBinaryVariableTemplatesNumber_Term_splitClauses_0":["180"],
"labeledTemplateNumber_PredictedCDHG_splitClauses_0":["11"],
"solvability_Empty_splitClauses_0":["10800000"],
"unlabeledTemplateRelationSymbolNumber_Random_splitClauses_1":["7"],
"labeledBinaryVariableTemplatesNumber_Octagon_splitClauses_0":["10"],
"relationSymbolNumberBeforeSimplification_Random_splitClauses_1":["167"],
"minedTemplateRelationSymbolNumber_Random_splitClauses_1":["7"],
"unlabeledSingleVariableTemplatesNumber_Mined_splitClauses_0":["114"],
"unlabeledBinaryVariableTemplatesNumber_PredictedCG_splitClauses_1":["180"],
"solvability_All_splitClauses_0":["10800000"],
"predicateGeneratorTime_RelationalEqs_splitClauses_1":["206"],
"relationSymbolNumberBeforeSimplification_PredictedCDHG_splitClauses_1":["167"],
"smt2FileSizeByte_PredictedCG_splitClauses_1":["31638"],
"labeledSingleVariableTemplatesNumber_Unlabeled_splitClauses_1":["1"],
"labeledBinaryVariableTemplatesNumber_PredictedCG_splitClauses_1":["10"],
"minedBinaryVariableTemplatesNumber_PredictedCG_splitClauses_0":["10"],
"solvability_Random_splitClauses_0":["10800000"],
"relationSymbolNumberAfterSimplification_PredictedCG_splitClauses_1":["47"],
"clauseNumberBeforeSimplification_PredictedCDHG_splitClauses_1":["79"],
"labeledSingleVariableTemplatesNumber_Mined_splitClauses_0":["1"],
"solvability_Unlabeled_splitClauses_1":["1"],
"cegarIterationNumber_Labeled_splitClauses_1":["7"],
"smt2FileSizeByte_Mined_splitClauses_0":["31638"],
"relationSymbolNumberAfterSimplification_Mined_splitClauses_0":["47"],
"labeledSingleVariableTemplatesNumber_PredictedCG_splitClauses_1":["1"],
"smt2FileSizeByte_Octagon_splitClauses_1":["31638"],
"minedTemplateNumber_Labeled_splitClauses_1":["51"],
"labeledSingleVariableTemplatesNumber_RelationalIneqs_splitClauses_1":["1"],
"clauseNumberAfterSimplification_Labeled_splitClauses_1":["36"],
"relationSymbolNumberAfterSimplification_Labeled_splitClauses_0":["47"],
"smt2FileSizeByte_Random_splitClauses_0":["31638"],
"relationSymbolNumberAfterSimplification_PredictedCDHG_splitClauses_0":["47"],
"unlabeledTemplateRelationSymbolNumber_PredictedCDHG_splitClauses_1":["7"],
"labeledSingleVariableTemplatesNumber_Term_splitClauses_0":["1"],
"generatedPredicateNumber_PredictedCDHG_splitClauses_1":["10800000"],
"minedSingleVariableTemplatesNumber_Unlabeled_splitClauses_0":["41"],
"generatedPredicateNumber_Octagon_splitClauses_1":["11"],
"labeledSingleVariableTemplatesNumber_RelationalEqs_splitClauses_0":["1"],
"predicateGeneratorTime_PredictedCG_splitClauses_1":["10800000"],
"relationSymbolNumberAfterSimplification_Octagon_splitClauses_0":["47"],
"labeledTemplateNumber_Labeled_splitClauses_1":["11"],
"labeledSingleVariableTemplatesNumber_Empty_splitClauses_0":["1"],
"minedTemplateRelationSymbolNumber_RelationalIneqs_splitClauses_1":["7"],
"unlabeledSingleVariableTemplatesNumber_All_splitClauses_1":["114"],
"labeledBinaryVariableTemplatesNumber_PredictedCDHG_splitClauses_1":["10"],
"unlabeledSingleVariableTemplatesNumber_RelationalEqs_splitClauses_1":["114"],
"cegarIterationNumber_Term_splitClauses_0":["10800000"],
"unlabeledBinaryVariableTemplatesNumber_Labeled_splitClauses_1":["180"],
"unlabeledSingleVariableTemplatesNumber_Term_splitClauses_1":["114"],
"clauseNumberAfterSimplification_All_splitClauses_1":["36"],
"minedSingleVariableTemplatesNumber_Random_splitClauses_0":["41"],
"solvability_RelationalIneqs_splitClauses_1":["1"],
"minedTemplateNumber_Labeled_splitClauses_0":["51"],
"minedSingleVariableTemplatesNumber_Octagon_splitClauses_0":["41"],
"minedSingleVariableTemplatesNumber_Term_splitClauses_1":["41"],
"minedBinaryVariableTemplatesNumber_PredictedCDHG_splitClauses_1":["10"],
"generatedPredicateNumber_Mined_splitClauses_1":["11"],
"labeledSingleVariableTemplatesNumber_RelationalIneqs_splitClauses_0":["1"],
"averagePredicateSize_Mined_splitClauses_0":["10800000"],
"cegarIterationNumber_Unlabeled_splitClauses_0":["10800000"],
"minedBinaryVariableTemplatesNumber_Random_splitClauses_0":["10"],
"labeledTemplateNumber_Mined_splitClauses_1":["11"],
"labeledBinaryVariableTemplatesNumber_Random_splitClauses_0":["10"],
"unlabeledTemplateRelationSymbolNumber_Unlabeled_splitClauses_1":["7"],
"cegarIterationNumber_Mined_splitClauses_0":["10800000"],
"minedTemplateRelationSymbolNumber_Labeled_splitClauses_0":["7"],
"unlabeledBinaryVariableTemplatesNumber_RelationalIneqs_splitClauses_1":["180"],
"unlabeledBinaryVariableTemplatesNumber_Octagon_splitClauses_0":["180"],
"solvability_Mined_splitClauses_0":["10800000"],
"averagePredicateSize_RelationalEqs_splitClauses_0":["10800000"],
"clauseNumberAfterSimplification_Term_splitClauses_0":["36"],
"unlabeledTemplateNumber_Mined_splitClauses_0":["294"],
"relationSymbolNumberAfterSimplification_Random_splitClauses_1":["47"],
"unlabeledTemplateNumber_PredictedCDHG_splitClauses_0":["294"],
"cegarIterationNumber_RelationalIneqs_splitClauses_1":["7"],
"minedBinaryVariableTemplatesNumber_Unlabeled_splitClauses_1":["10"],
"labeledTemplateNumber_PredictedCG_splitClauses_1":["11"],
"labeledTemplateRelationSymbolNumber_Mined_splitClauses_0":["4"],
"labeledBinaryVariableTemplatesNumber_Mined_splitClauses_1":["10"],
"relationSymbolNumberBeforeSimplification_Mined_splitClauses_0":["167"],
"relationSymbolNumberBeforeSimplification_RelationalIneqs_splitClauses_0":["167"],
"clauseNumberAfterSimplification_RelationalIneqs_splitClauses_1":["36"],
"minedSingleVariableTemplatesNumber_PredictedCDHG_splitClauses_0":["41"],
"solvability_Labeled_splitClauses_1":["1"],
"labeledSingleVariableTemplatesNumber_Octagon_splitClauses_1":["1"],
"averagePredicateSize_Random_splitClauses_0":["10800000"],
"smt2FileSizeByte_RelationalIneqs_splitClauses_0":["31638"],
"generatedPredicateNumber_Unlabeled_splitClauses_0":["10800000"],
"solvability_RelationalEqs_splitClauses_0":["10800000"],
"predicateGeneratorTime_Empty_splitClauses_1":["219"],
"minedSingleVariableTemplatesNumber_Mined_splitClauses_0":["41"],
"relationSymbolNumberAfterSimplification_Unlabeled_splitClauses_0":["47"],
"minedTemplateRelationSymbolNumber_PredictedCDHG_splitClauses_1":["7"],
"minedTemplateNumber_PredictedCG_splitClauses_0":["51"],
"averagePredicateSize_RelationalIneqs_splitClauses_1":["1"],
"labeledTemplateRelationSymbolNumber_Random_splitClauses_1":["4"],
"minedTemplateNumber_RelationalIneqs_splitClauses_0":["51"],
"predicateGeneratorTime_RelationalIneqs_splitClauses_0":["10800000"],
"labeledTemplateRelationSymbolNumber_Empty_splitClauses_0":["4"],
"minedBinaryVariableTemplatesNumber_Octagon_splitClauses_0":["10"],
"labeledSingleVariableTemplatesNumber_Term_splitClauses_1":["1"],
"labeledBinaryVariableTemplatesNumber_Empty_splitClauses_0":["10"],
"minedTemplateNumber_Octagon_splitClauses_0":["51"],
"labeledBinaryVariableTemplatesNumber_Unlabeled_splitClauses_0":["10"],
"relationSymbolNumberBeforeSimplification_Empty_splitClauses_0":["167"],
"clauseNumberAfterSimplification_PredictedCDHG_splitClauses_0":["36"],
"smt2FileSizeByte_PredictedCG_splitClauses_0":["31638"],
"minedBinaryVariableTemplatesNumber_RelationalEqs_splitClauses_0":["10"],
"relationSymbolNumberBeforeSimplification_Unlabeled_splitClauses_0":["167"],
"labeledTemplateRelationSymbolNumber_RelationalEqs_splitClauses_1":["4"],
"minedBinaryVariableTemplatesNumber_Random_splitClauses_1":["10"],
"clauseNumberAfterSimplification_Unlabeled_splitClauses_1":["36"],
"minedSingleVariableTemplatesNumber_PredictedCDHG_splitClauses_1":["41"],
"labeledBinaryVariableTemplatesNumber_Term_splitClauses_1":["10"],
"clauseNumberBeforeSimplification_Empty_splitClauses_1":["79"],
"relationSymbolNumberAfterSimplification_Octagon_splitClauses_1":["47"],
"relationSymbolNumberAfterSimplification_Term_splitClauses_0":["47"],
"minedBinaryVariableTemplatesNumber_Mined_splitClauses_1":["10"],
"unlabeledBinaryVariableTemplatesNumber_Unlabeled_splitClauses_1":["180"],
"relationSymbolNumberBeforeSimplification_Random_splitClauses_0":["167"],
"relationSymbolNumberAfterSimplification_PredictedCDHG_splitClauses_1":["47"],
"unlabeledTemplateNumber_PredictedCG_splitClauses_1":["294"],
"generatedPredicateNumber_Empty_splitClauses_0":["10800000"],
"predicateGeneratorTime_RelationalIneqs_splitClauses_1":["237"],
"unlabeledSingleVariableTemplatesNumber_Empty_splitClauses_0":["114"],
"cegarIterationNumber_Octagon_splitClauses_0":["10800000"],
"clauseNumberAfterSimplification_Octagon_splitClauses_1":["36"],
"unlabeledSingleVariableTemplatesNumber_Labeled_splitClauses_1":["114"],
"clauseNumberBeforeSimplification_Random_splitClauses_1":["79"],
"minedTemplateRelationSymbolNumber_All_splitClauses_0":["7"],
"unlabeledTemplateRelationSymbolNumber_RelationalEqs_splitClauses_0":["7"],
"minedSingleVariableTemplatesNumber_Unlabeled_splitClauses_1":["41"],
"clauseNumberBeforeSimplification_RelationalEqs_splitClauses_0":["79"],
"minedTemplateNumber_Unlabeled_splitClauses_0":["51"],
"generatedPredicateNumber_Octagon_splitClauses_0":["10800000"],
"predicateGeneratorTime_PredictedCDHG_splitClauses_0":["10800000"],
"clauseNumberAfterSimplification_PredictedCG_splitClauses_1":["36"],
"labeledSingleVariableTemplatesNumber_RelationalEqs_splitClauses_1":["1"],
"smt2FileSizeByte_Random_splitClauses_1":["31638"],
"averagePredicateSize_PredictedCG_splitClauses_1":["10800000"],
"cegarIterationNumber_PredictedCDHG_splitClauses_1":["10800000"],
"clauseNumberAfterSimplification_RelationalEqs_splitClauses_1":["36"],
"minedBinaryVariableTemplatesNumber_Empty_splitClauses_1":["10"],
"relationSymbolNumberAfterSimplification_RelationalEqs_splitClauses_1":["47"],
"minedTemplateNumber_PredictedCDHG_splitClauses_0":["51"],
"labeledBinaryVariableTemplatesNumber_All_splitClauses_1":["10"],
"solvingTime_RelationalIneqs_splitClauses_1":["340"],
"unlabeledTemplateRelationSymbolNumber_RelationalEqs_splitClauses_1":["7"],
"smt2FileSizeByte_Unlabeled_splitClauses_0":["31638"],
"relationSymbolNumberBeforeSimplification_Mined_splitClauses_1":["167"],
"relationSymbolNumberAfterSimplification_Mined_splitClauses_1":["47"],
"generatedPredicateNumber_All_splitClauses_0":["10800000"],
"relationSymbolNumberBeforeSimplification_Octagon_splitClauses_1":["167"],
"predicateGeneratorTime_Octagon_splitClauses_1":["233"],
"solvability_Mined_splitClauses_1":["1"],
"minedTemplateRelationSymbolNumber_Term_splitClauses_1":["7"],
"clauseNumberAfterSimplification_Mined_splitClauses_0":["36"],
"solvability_PredictedCDHG_splitClauses_0":["10800000"],
"solvingTime_Empty_splitClauses_0":["10800000"],
"unlabeledSingleVariableTemplatesNumber_Unlabeled_splitClauses_1":["114"],
"minedTemplateNumber_Term_splitClauses_1":["51"],
"averagePredicateSize_Octagon_splitClauses_1":["1"],
"unlabeledSingleVariableTemplatesNumber_Octagon_splitClauses_1":["114"],
"minedTemplateRelationSymbolNumber_RelationalEqs_splitClauses_1":["7"],
"relationSymbolNumberBeforeSimplification_All_splitClauses_1":["167"],
"minedBinaryVariableTemplatesNumber_RelationalIneqs_splitClauses_0":["10"],
"predicateGeneratorTime_Term_splitClauses_1":["242"],
"solvingTime_Labeled_splitClauses_0":["10800000"],
"unlabeledBinaryVariableTemplatesNumber_PredictedCG_splitClauses_0":["180"],
"minedTemplateNumber_All_splitClauses_0":["51"],
"predicateGeneratorTime_Labeled_splitClauses_1":["251"],
"unlabeledTemplateRelationSymbolNumber_Empty_splitClauses_0":["7"],
"unlabeledTemplateNumber_Mined_splitClauses_1":["294"],
"solvability_PredictedCG_splitClauses_1":["10800000"],
"unlabeledTemplateNumber_Term_splitClauses_0":["294"],
"minedBinaryVariableTemplatesNumber_PredictedCG_splitClauses_1":["10"],
"labeledSingleVariableTemplatesNumber_PredictedCDHG_splitClauses_0":["1"],
"minedBinaryVariableTemplatesNumber_All_splitClauses_0":["10"],
"averagePredicateSize_PredictedCDHG_splitClauses_1":["10800000"],
"predicateGeneratorTime_PredictedCG_splitClauses_0":["10800000"],
"generatedPredicateNumber_RelationalIneqs_splitClauses_0":["10800000"],
"labeledTemplateNumber_Empty_splitClauses_0":["11"],
"relationSymbolNumberAfterSimplification_RelationalIneqs_splitClauses_1":["47"],
"unlabeledTemplateRelationSymbolNumber_Term_splitClauses_0":["7"],
"minedTemplateNumber_All_splitClauses_1":["51"],
"labeledSingleVariableTemplatesNumber_Empty_splitClauses_1":["1"],
"minedBinaryVariableTemplatesNumber_Unlabeled_splitClauses_0":["10"],
"labeledTemplateNumber_Random_splitClauses_0":["11"],
"minedBinaryVariableTemplatesNumber_All_splitClauses_1":["10"],
"unlabeledSingleVariableTemplatesNumber_All_splitClauses_0":["114"],
"relationSymbolNumberBeforeSimplification_Labeled_splitClauses_1":["167"],
"smt2FileSizeByte_PredictedCDHG_splitClauses_1":["31638"],
"labeledBinaryVariableTemplatesNumber_PredictedCDHG_splitClauses_0":["10"],
"averagePredicateSize_RelationalEqs_splitClauses_1":["1"],
"minedSingleVariableTemplatesNumber_Term_splitClauses_0":["41"],
"labeledTemplateRelationSymbolNumber_Term_splitClauses_1":["4"],
"generatedPredicateNumber_Random_splitClauses_0":["10800000"],
"labeledBinaryVariableTemplatesNumber_Empty_splitClauses_1":["10"],
"relationSymbolNumberAfterSimplification_Term_splitClauses_1":["47"],
"clauseNumberAfterSimplification_Labeled_splitClauses_0":["36"],
"labeledSingleVariableTemplatesNumber_Labeled_splitClauses_0":["1"],
"minedTemplateNumber_Mined_splitClauses_1":["51"],
"labeledTemplateRelationSymbolNumber_Labeled_splitClauses_0":["4"],
"unlabeledTemplateRelationSymbolNumber_Mined_splitClauses_1":["7"],
"solvability_Labeled_splitClauses_0":["10800000"],
"minedTemplateNumber_RelationalEqs_splitClauses_1":["51"],
"solvingTime_Random_splitClauses_1":["452"],
"minedTemplateNumber_Random_splitClauses_0":["51"],
"cegarIterationNumber_Unlabeled_splitClauses_1":["7"],
"minedTemplateNumber_RelationalIneqs_splitClauses_1":["51"],
"unlabeledBinaryVariableTemplatesNumber_Octagon_splitClauses_1":["180"],
"minedSingleVariableTemplatesNumber_Octagon_splitClauses_1":["41"],
"minedSingleVariableTemplatesNumber_Random_splitClauses_1":["41"],
"averagePredicateSize_All_splitClauses_1":["10800000"],
"minedTemplateNumber_Empty_splitClauses_0":["51"],
"labeledTemplateNumber_Mined_splitClauses_0":["11"],
"unlabeledBinaryVariableTemplatesNumber_All_splitClauses_0":["180"],
"relationSymbolNumberAfterSimplification_Labeled_splitClauses_1":["47"],
"labeledSingleVariableTemplatesNumber_PredictedCDHG_splitClauses_1":["1"],
"minedSingleVariableTemplatesNumber_Mined_splitClauses_1":["41"],
"labeledTemplateRelationSymbolNumber_Term_splitClauses_0":["4"],
"unlabeledTemplateRelationSymbolNumber_Term_splitClauses_1":["7"],
"predicateGeneratorTime_All_splitClauses_1":["10800000"],
"unlabeledSingleVariableTemplatesNumber_Random_splitClauses_0":["114"],
"predicateGeneratorTime_Unlabeled_splitClauses_1":["252"],
"cegarIterationNumber_PredictedCDHG_splitClauses_0":["10800000"],
"labeledTemplateNumber_RelationalEqs_splitClauses_0":["11"],
"labeledTemplateRelationSymbolNumber_Mined_splitClauses_1":["4"],
"labeledTemplateRelationSymbolNumber_Random_splitClauses_0":["4"],
"labeledBinaryVariableTemplatesNumber_RelationalEqs_splitClauses_1":["10"],
"generatedPredicateNumber_RelationalIneqs_splitClauses_1":["11"],
"unlabeledTemplateRelationSymbolNumber_PredictedCG_splitClauses_1":["7"],
"unlabeledSingleVariableTemplatesNumber_RelationalEqs_splitClauses_0":["114"],
"labeledBinaryVariableTemplatesNumber_Labeled_splitClauses_0":["10"],
"minedBinaryVariableTemplatesNumber_PredictedCDHG_splitClauses_0":["10"],
"unlabeledTemplateRelationSymbolNumber_Unlabeled_splitClauses_0":["7"],
"clauseNumberAfterSimplification_Term_splitClauses_1":["36"],
"unlabeledTemplateNumber_Octagon_splitClauses_0":["294"],
"unlabeledBinaryVariableTemplatesNumber_RelationalEqs_splitClauses_1":["180"],
"unlabeledTemplateNumber_PredictedCG_splitClauses_0":["294"],
"unlabeledTemplateNumber_All_splitClauses_0":["294"],
"labeledTemplateRelationSymbolNumber_RelationalIneqs_splitClauses_1":["4"],
"unlabeledSingleVariableTemplatesNumber_Mined_splitClauses_1":["114"],
"labeledTemplateRelationSymbolNumber_Unlabeled_splitClauses_1":["4"],
"labeledBinaryVariableTemplatesNumber_Random_splitClauses_1":["10"],
"solvability_Random_splitClauses_1":["1"],
"solvingTime_Term_splitClauses_0":["10800000"],
"minedSingleVariableTemplatesNumber_Labeled_splitClauses_1":["41"],
"clauseNumberBeforeSimplification_Term_splitClauses_0":["79"],
"relationSymbolNumberBeforeSimplification_RelationalIneqs_splitClauses_1":["167"],
"minedTemplateRelationSymbolNumber_Mined_splitClauses_0":["7"],
"solvability_Octagon_splitClauses_1":["1"],
"minedSingleVariableTemplatesNumber_RelationalIneqs_splitClauses_1":["41"],
"smt2FileSizeByte_Labeled_splitClauses_0":["31638"],
"solvability_RelationalEqs_splitClauses_1":["1"],
"unlabeledSingleVariableTemplatesNumber_Empty_splitClauses_1":["114"],
"labeledTemplateNumber_PredictedCDHG_splitClauses_1":["11"],
"minedTemplateRelationSymbolNumber_Octagon_splitClauses_0":["7"],
"clauseNumberAfterSimplification_Unlabeled_splitClauses_0":["36"],
"clauseNumberBeforeSimplification_Unlabeled_splitClauses_0":["79"],
"clauseNumberBeforeSimplification_PredictedCDHG_splitClauses_0":["79"],
"cegarIterationNumber_RelationalIneqs_splitClauses_0":["10800000"],
"labeledTemplateRelationSymbolNumber_RelationalEqs_splitClauses_0":["4"],
"averagePredicateSize_Labeled_splitClauses_0":["10800000"],
"smt2FileSizeByte_RelationalIneqs_splitClauses_1":["31638"],
"clauseNumberBeforeSimplification_RelationalEqs_splitClauses_1":["79"],
"unlabeledTemplateRelationSymbolNumber_RelationalIneqs_splitClauses_1":["7"],
"clauseNumberBeforeSimplification_PredictedCG_splitClauses_0":["79"],
"solvingTime_PredictedCDHG_splitClauses_0":["10800000"],
"labeledTemplateRelationSymbolNumber_Octagon_splitClauses_1":["4"],
"minedTemplateRelationSymbolNumber_PredictedCG_splitClauses_1":["7"],
"relationSymbolNumberBeforeSimplification_RelationalEqs_splitClauses_1":["167"],
"labeledTemplateNumber_Random_splitClauses_1":["11"],
"solvingTime_RelationalIneqs_splitClauses_0":["10800000"],
"labeledTemplateNumber_All_splitClauses_1":["11"],
"unlabeledTemplateNumber_Random_splitClauses_1":["294"],
"relationSymbolNumberBeforeSimplification_All_splitClauses_0":["167"],
"smt2FileSizeByte_Unlabeled_splitClauses_1":["31638"],
"cegarIterationNumber_PredictedCG_splitClauses_0":["10800000"],
"predicateGeneratorTime_Octagon_splitClauses_0":["10800000"],
"unlabeledTemplateNumber_RelationalEqs_splitClauses_1":["294"],
"clauseNumberAfterSimplification_Octagon_splitClauses_0":["36"],
"cegarIterationNumber_Random_splitClauses_0":["10800000"],
"solvability_PredictedCDHG_splitClauses_1":["10800000"],
"solvability_PredictedCG_splitClauses_0":["10800000"],
"solvingTime_PredictedCG_splitClauses_1":["10800000"],
"unlabeledSingleVariableTemplatesNumber_Unlabeled_splitClauses_0":["114"],
"unlabeledTemplateNumber_Unlabeled_splitClauses_0":["294"],
"labeledTemplateRelationSymbolNumber_RelationalIneqs_splitClauses_0":["4"],
"minedTemplateNumber_Random_splitClauses_1":["51"],
"generatedPredicateNumber_RelationalEqs_splitClauses_0":["10800000"],
"minedTemplateNumber_Term_splitClauses_0":["51"],
"solvingTime_All_splitClauses_1":["10800000"],
"minedSingleVariableTemplatesNumber_PredictedCG_splitClauses_0":["41"],
"smt2FileSizeByte_Term_splitClauses_1":["31638"],
"labeledBinaryVariableTemplatesNumber_All_splitClauses_0":["10"],
"minedTemplateNumber_PredictedCDHG_splitClauses_1":["51"],
"minedTemplateRelationSymbolNumber_PredictedCDHG_splitClauses_0":["7"],
"averagePredicateSize_Unlabeled_splitClauses_0":["10800000"],
"minedBinaryVariableTemplatesNumber_Octagon_splitClauses_1":["10"],
"unlabeledSingleVariableTemplatesNumber_Random_splitClauses_1":["114"],
"clauseNumberBeforeSimplification_Random_splitClauses_0":["79"],
"solvingTime_Unlabeled_splitClauses_1":["376"],
"predicateGeneratorTime_PredictedCDHG_splitClauses_1":["10800000"],
"averagePredicateSize_PredictedCDHG_splitClauses_0":["10800000"],
"relationSymbolNumberAfterSimplification_RelationalEqs_splitClauses_0":["47"],
"minedBinaryVariableTemplatesNumber_Term_splitClauses_0":["10"],
"labeledTemplateNumber_RelationalIneqs_splitClauses_0":["11"],
"clauseNumberAfterSimplification_Random_splitClauses_0":["36"],
"clauseNumberAfterSimplification_PredictedCG_splitClauses_0":["36"],
"generatedPredicateNumber_Empty_splitClauses_1":["11"],
"clauseNumberBeforeSimplification_Octagon_splitClauses_0":["79"],
"unlabeledTemplateNumber_Empty_splitClauses_0":["294"],
"minedSingleVariableTemplatesNumber_All_splitClauses_0":["41"],
"labeledTemplateRelationSymbolNumber_Octagon_splitClauses_0":["4"],
"generatedPredicateNumber_Random_splitClauses_1":["11"],
"clauseNumberAfterSimplification_RelationalEqs_splitClauses_0":["36"],
"labeledBinaryVariableTemplatesNumber_Term_splitClauses_0":["10"],
"minedSingleVariableTemplatesNumber_RelationalEqs_splitClauses_0":["41"],
"minedTemplateNumber_Mined_splitClauses_0":["51"],
"relationSymbolNumberBeforeSimplification_PredictedCG_splitClauses_0":["167"],
"averagePredicateSize_Octagon_splitClauses_0":["10800000"],
"unlabeledBinaryVariableTemplatesNumber_Empty_splitClauses_1":["180"],
"unlabeledSingleVariableTemplatesNumber_PredictedCDHG_splitClauses_0":["114"],
"unlabeledSingleVariableTemplatesNumber_PredictedCG_splitClauses_1":["114"],
"labeledTemplateRelationSymbolNumber_Labeled_splitClauses_1":["4"],
"minedTemplateRelationSymbolNumber_Random_splitClauses_0":["7"],
"unlabeledTemplateRelationSymbolNumber_PredictedCG_splitClauses_0":["7"],
"unlabeledTemplateNumber_RelationalIneqs_splitClauses_0":["294"],
"unlabeledSingleVariableTemplatesNumber_Labeled_splitClauses_0":["114"],
"relationSymbolNumberAfterSimplification_PredictedCG_splitClauses_0":["47"],
"minedTemplateNumber_Unlabeled_splitClauses_1":["51"],
"generatedPredicateNumber_PredictedCG_splitClauses_0":["10800000"],
"labeledTemplateNumber_Unlabeled_splitClauses_1":["11"],
"unlabeledTemplateRelationSymbolNumber_Empty_splitClauses_1":["7"],
"clauseNumberBeforeSimplification_Empty_splitClauses_0":["79"],
"solvingTime_Octagon_splitClauses_1":["326"],
"cegarIterationNumber_Mined_splitClauses_1":["7"],
"clauseNumberBeforeSimplification_Mined_splitClauses_1":["79"],
"smt2FileSizeByte_PredictedCDHG_splitClauses_0":["31638"],
"averagePredicateSize_PredictedCG_splitClauses_0":["10800000"],
"solvingTime_Random_splitClauses_0":["10800000"],
"minedTemplateNumber_RelationalEqs_splitClauses_0":["51"],
"unlabeledSingleVariableTemplatesNumber_RelationalIneqs_splitClauses_0":["114"],
"unlabeledTemplateNumber_Unlabeled_splitClauses_1":["294"],
"labeledBinaryVariableTemplatesNumber_RelationalEqs_splitClauses_0":["10"],
"generatedPredicateNumber_PredictedCDHG_splitClauses_0":["10800000"],
"relationSymbolNumberAfterSimplification_RelationalIneqs_splitClauses_0":["47"],
"minedTemplateRelationSymbolNumber_Empty_splitClauses_1":["7"],
"predicateGeneratorTime_Random_splitClauses_1":["316"],
"labeledTemplateNumber_Term_splitClauses_1":["11"],
"relationSymbolNumberBeforeSimplification_RelationalEqs_splitClauses_0":["167"],
"minedSingleVariableTemplatesNumber_Empty_splitClauses_1":["41"],
"minedSingleVariableTemplatesNumber_RelationalIneqs_splitClauses_0":["41"],
"clauseNumberAfterSimplification_All_splitClauses_0":["36"],
"unlabeledBinaryVariableTemplatesNumber_RelationalEqs_splitClauses_0":["180"],
"cegarIterationNumber_RelationalEqs_splitClauses_0":["10800000"],
"labeledTemplateRelationSymbolNumber_PredictedCDHG_splitClauses_0":["4"],
"labeledSingleVariableTemplatesNumber_Labeled_splitClauses_1":["1"],
"unlabeledBinaryVariableTemplatesNumber_All_splitClauses_1":["180"],
"minedTemplateRelationSymbolNumber_Unlabeled_splitClauses_1":["7"],
"solvingTime_RelationalEqs_splitClauses_0":["10800000"],
"solvingTime_RelationalEqs_splitClauses_1":["288"],
"minedBinaryVariableTemplatesNumber_Mined_splitClauses_0":["10"],
"clauseNumberBeforeSimplification_All_splitClauses_0":["79"],
"clauseNumberBeforeSimplification_RelationalIneqs_splitClauses_1":["79"],
"labeledTemplateNumber_RelationalEqs_splitClauses_1":["11"],
"labeledBinaryVariableTemplatesNumber_RelationalIneqs_splitClauses_0":["10"],
"relationSymbolNumberBeforeSimplification_Labeled_splitClauses_0":["167"],
"clauseNumberAfterSimplification_Empty_splitClauses_0":["36"],
"averagePredicateSize_Empty_splitClauses_0":["10800000"],
"unlabeledTemplateNumber_Term_splitClauses_1":["294"],
"predicateGeneratorTime_Mined_splitClauses_1":["284"],
"labeledBinaryVariableTemplatesNumber_RelationalIneqs_splitClauses_1":["10"],
"predicateGeneratorTime_Unlabeled_splitClauses_0":["10800000"],
"relationSymbolNumberAfterSimplification_Empty_splitClauses_0":["47"],
"generatedPredicateNumber_Mined_splitClauses_0":["10800000"],
"generatedPredicateNumber_RelationalEqs_splitClauses_1":["11"],
"labeledTemplateRelationSymbolNumber_PredictedCG_splitClauses_0":["4"],
"minedSingleVariableTemplatesNumber_PredictedCG_splitClauses_1":["41"],
"minedTemplateRelationSymbolNumber_PredictedCG_splitClauses_0":["7"],
"unlabeledTemplateRelationSymbolNumber_Labeled_splitClauses_0":["7"],
"solvability_Empty_splitClauses_1":["1"],
"averagePredicateSize_Term_splitClauses_0":["10800000"],
"cegarIterationNumber_Random_splitClauses_1":["7"],
"averagePredicateSize_Labeled_splitClauses_1":["1"],
"unlabeledBinaryVariableTemplatesNumber_Unlabeled_splitClauses_0":["180"],
"generatedPredicateNumber_Unlabeled_splitClauses_1":["11"],
"predicateGeneratorTime_All_splitClauses_0":["10800000"],
"unlabeledBinaryVariableTemplatesNumber_PredictedCDHG_splitClauses_1":["180"],
"clauseNumberBeforeSimplification_Labeled_splitClauses_1":["79"],
"minedBinaryVariableTemplatesNumber_Labeled_splitClauses_1":["10"],
"labeledSingleVariableTemplatesNumber_All_splitClauses_0":["1"],
"unlabeledTemplateRelationSymbolNumber_Mined_splitClauses_0":["7"],
"cegarIterationNumber_Octagon_splitClauses_1":["7"],
"labeledTemplateNumber_Octagon_splitClauses_0":["11"],
"labeledTemplateRelationSymbolNumber_All_splitClauses_1":["4"],
"smt2FileSizeByte_Empty_splitClauses_0":["31638"],
"unlabeledTemplateNumber_Octagon_splitClauses_1":["294"],
"predicateGeneratorTime_RelationalEqs_splitClauses_0":["10800000"],
"unlabeledTemplateRelationSymbolNumber_RelationalIneqs_splitClauses_0":["7"],
"smt2FileSizeByte_RelationalEqs_splitClauses_1":["31638"],
"unlabeledTemplateNumber_Labeled_splitClauses_0":["294"],
"minedSingleVariableTemplatesNumber_Labeled_splitClauses_0":["41"],
"solvingTime_PredictedCDHG_splitClauses_1":["10800000"],
"relationSymbolNumberBeforeSimplification_Term_splitClauses_1":["167"],
"minedTemplateNumber_Octagon_splitClauses_1":["51"],
"clauseNumberBeforeSimplification_Mined_splitClauses_0":["79"],
"smt2FileSizeByte_All_splitClauses_0":["31638"],
"solvingTime_All_splitClauses_0":["10800000"],
"minedBinaryVariableTemplatesNumber_Term_splitClauses_1":["10"],
"unlabeledTemplateRelationSymbolNumber_Random_splitClauses_0":["7"],
"cegarIterationNumber_All_splitClauses_0":["10800000"],
"smt2FileSizeByte_RelationalEqs_splitClauses_0":["31638"],
"unlabeledSingleVariableTemplatesNumber_PredictedCDHG_splitClauses_1":["114"],
"clauseNumberBeforeSimplification_Labeled_splitClauses_0":["79"],
"cegarIterationNumber_PredictedCG_splitClauses_1":["10800000"],
"labeledTemplateRelationSymbolNumber_Unlabeled_splitClauses_0":["4"],
"unlabeledTemplateRelationSymbolNumber_Octagon_splitClauses_1":["7"],
"unlabeledTemplateNumber_Empty_splitClauses_1":["294"],
"clauseNumberBeforeSimplification_Octagon_splitClauses_1":["79"],
"labeledTemplateNumber_Unlabeled_splitClauses_0":["11"],
"labeledBinaryVariableTemplatesNumber_PredictedCG_splitClauses_0":["10"],
"solvability_Term_splitClauses_1":["1"],
"solvability_Octagon_splitClauses_0":["10800000"],
"minedTemplateRelationSymbolNumber_RelationalIneqs_splitClauses_0":["7"],
"clauseNumberBeforeSimplification_RelationalIneqs_splitClauses_0":["79"],
"labeledTemplateNumber_PredictedCG_splitClauses_0":["11"],
"cegarIterationNumber_Labeled_splitClauses_0":["10800000"],
"smt2FileSizeByte_Labeled_splitClauses_1":["31638"],
"clauseNumberBeforeSimplification_Unlabeled_splitClauses_1":["79"],
"generatedPredicateNumber_Term_splitClauses_1":["11"],
"solvingTime_Term_splitClauses_1":["339"],
"unlabeledBinaryVariableTemplatesNumber_Random_splitClauses_1":["180"],
"unlabeledSingleVariableTemplatesNumber_Octagon_splitClauses_0":["114"],
"solvingTime_Octagon_splitClauses_0":["10800000"],
"labeledSingleVariableTemplatesNumber_Mined_splitClauses_1":["1"],
"averagePredicateSize_Term_splitClauses_1":["1"],
"labeledTemplateNumber_Labeled_splitClauses_0":["11"],
"unlabeledSingleVariableTemplatesNumber_PredictedCG_splitClauses_0":["114"],
"smt2FileSizeByte_Mined_splitClauses_1":["31638"],
"labeledBinaryVariableTemplatesNumber_Unlabeled_splitClauses_1":["10"],
"labeledTemplateNumber_All_splitClauses_0":["11"],
"unlabeledTemplateNumber_Random_splitClauses_0":["294"],
"labeledTemplateNumber_Octagon_splitClauses_1":["11"],
"unlabeledTemplateNumber_PredictedCDHG_splitClauses_1":["294"],
"unlabeledBinaryVariableTemplatesNumber_Mined_splitClauses_0":["180"],
"minedTemplateRelationSymbolNumber_Mined_splitClauses_1":["7"],
"labeledTemplateNumber_RelationalIneqs_splitClauses_1":["11"],
"relationSymbolNumberAfterSimplification_All_splitClauses_0":["47"],
"relationSymbolNumberBeforeSimplification_PredictedCDHG_splitClauses_0":["167"],
"solvability_Term_splitClauses_0":["10800000"],
"clauseNumberBeforeSimplification_PredictedCG_splitClauses_1":["79"],
"generatedPredicateNumber_Labeled_splitClauses_1":["11"],
"labeledSingleVariableTemplatesNumber_Unlabeled_splitClauses_0":["1"],
"unlabeledBinaryVariableTemplatesNumber_Empty_splitClauses_0":["180"],
"solvingTime_Mined_splitClauses_0":["10800000"],
"unlabeledTemplateNumber_All_splitClauses_1":["294"],
"clauseNumberAfterSimplification_Random_splitClauses_1":["36"],
"labeledBinaryVariableTemplatesNumber_Octagon_splitClauses_1":["10"],
"unlabeledBinaryVariableTemplatesNumber_Labeled_splitClauses_0":["180"],
"smt2FileSizeByte_Octagon_splitClauses_0":["31638"],
"labeledSingleVariableTemplatesNumber_Random_splitClauses_1":["1"],
"solvability_Unlabeled_splitClauses_0":["10800000"],
"solvingTime_Unlabeled_splitClauses_0":["10800000"],
"unlabeledTemplateRelationSymbolNumber_All_splitClauses_1":["7"],
"minedTemplateNumber_Empty_splitClauses_1":["51"],
"solvability_RelationalIneqs_splitClauses_0":["10800000"],
"unlabeledTemplateRelationSymbolNumber_Labeled_splitClauses_1":["7"],
"cegarIterationNumber_RelationalEqs_splitClauses_1":["7"],
"minedSingleVariableTemplatesNumber_RelationalEqs_splitClauses_1":["41"],
"clauseNumberAfterSimplification_PredictedCDHG_splitClauses_1":["36"],
"minedBinaryVariableTemplatesNumber_RelationalIneqs_splitClauses_1":["10"],
"unlabeledBinaryVariableTemplatesNumber_Mined_splitClauses_1":["180"],
"unlabeledBinaryVariableTemplatesNumber_PredictedCDHG_splitClauses_0":["180"],
"solvingTime_Empty_splitClauses_1":["324"],
"labeledTemplateRelationSymbolNumber_Empty_splitClauses_1":["4"],
"generatedPredicateNumber_Term_splitClauses_0":["10800000"],
"averagePredicateSize_Empty_splitClauses_1":["1"],
"generatedPredicateNumber_PredictedCG_splitClauses_1":["10800000"],
"labeledTemplateRelationSymbolNumber_PredictedCDHG_splitClauses_1":["4"],
"predicateGeneratorTime_Mined_splitClauses_0":["10800000"],
"relationSymbolNumberBeforeSimplification_Term_splitClauses_0":["167"],
"predicateGeneratorTime_Labeled_splitClauses_0":["10800000"],
"labeledSingleVariableTemplatesNumber_Random_splitClauses_0":["1"],
"unlabeledTemplateRelationSymbolNumber_All_splitClauses_0":["7"],
"minedBinaryVariableTemplatesNumber_Labeled_splitClauses_0":["10"],
"generatedPredicateNumber_Labeled_splitClauses_0":["10800000"],
"relationSymbolNumberAfterSimplification_Empty_splitClauses_1":["47"],
"solvingTime_Mined_splitClauses_1":["414"],
"minedSingleVariableTemplatesNumber_All_splitClauses_1":["41"],
"predicateGeneratorTime_Random_splitClauses_0":["10800000"],
"cegarIterationNumber_Term_splitClauses_1":["7"],
"labeledTemplateNumber_Empty_splitClauses_1":["11"],
"clauseNumberAfterSimplification_Empty_splitClauses_1":["36"],
"minedTemplateRelationSymbolNumber_Empty_splitClauses_0":["7"],
"unlabeledSingleVariableTemplatesNumber_Term_splitClauses_0":["114"],
"minedSingleVariableTemplatesNumber_Empty_splitClauses_0":["41"],
"relationSymbolNumberAfterSimplification_Random_splitClauses_0":["47"],
"minedTemplateRelationSymbolNumber_RelationalEqs_splitClauses_0":["7"],
"cegarIterationNumber_Empty_splitClauses_0":["10800000"],
"minedBinaryVariableTemplatesNumber_RelationalEqs_splitClauses_1":["10"],
"relationSymbolNumberBeforeSimplification_PredictedCG_splitClauses_1":["167"],
"labeledSingleVariableTemplatesNumber_All_splitClauses_1":["1"],
"unlabeledTemplateRelationSymbolNumber_Octagon_splitClauses_0":["7"],
"minedTemplateRelationSymbolNumber_Unlabeled_splitClauses_0":["7"],
"labeledBinaryVariableTemplatesNumber_Mined_splitClauses_0":["10"],
"relationSymbolNumberAfterSimplification_Unlabeled_splitClauses_1":["47"],
"minedTemplateNumber_PredictedCG_splitClauses_1":["51"],
"cegarIterationNumber_Empty_splitClauses_1":["7"],
"averagePredicateSize_RelationalIneqs_splitClauses_0":["10800000"],
"solvability_All_splitClauses_1":["10800000"],
"unlabeledBinaryVariableTemplatesNumber_Term_splitClauses_1":["180"],
"minedTemplateRelationSymbolNumber_Labeled_splitClauses_1":["7"],
"averagePredicateSize_Unlabeled_splitClauses_1":["1"],
"labeledTemplateNumber_Term_splitClauses_0":["11"],
"smt2FileSizeByte_Empty_splitClauses_1":["31638"],
"solvingTime_PredictedCG_splitClauses_0":["10800000"],
"cegarIterationNumber_All_splitClauses_1":["10800000"],
"clauseNumberBeforeSimplification_Term_splitClauses_1":["79"],
"predicateGeneratorTime_Empty_splitClauses_0":["10800000"],
"relationSymbolNumberBeforeSimplification_Empty_splitClauses_1":["167"],
"averagePredicateSize_All_splitClauses_0":["10800000"],
"unlabeledBinaryVariableTemplatesNumber_Random_splitClauses_0":["180"],
"smt2FileSizeByte_Term_splitClauses_0":["31638"],
"averagePredicateSize_Mined_splitClauses_1":["1"],
"minedBinaryVariableTemplatesNumber_Empty_splitClauses_0":["10"],
"minedTemplateRelationSymbolNumber_All_splitClauses_1":["7"],
"labeledSingleVariableTemplatesNumber_PredictedCG_splitClauses_0":["1"],
"unlabeledBinaryVariableTemplatesNumber_RelationalIneqs_splitClauses_0":["180"],
"unlabeledSingleVariableTemplatesNumber_RelationalIneqs_splitClauses_1":["114"],
"clauseNumberAfterSimplification_RelationalIneqs_splitClauses_0":["36"],
"unlabeledTemplateNumber_RelationalEqs_splitClauses_0":["294"],
"unlabeledTemplateNumber_RelationalIneqs_splitClauses_1":["294"],
"labeledTemplateRelationSymbolNumber_PredictedCG_splitClauses_1":["4"],
"labeledTemplateRelationSymbolNumber_All_splitClauses_0":["4"],
"labeledSingleVariableTemplatesNumber_Octagon_splitClauses_0":["1"],
"dummyFiled":[]
}