{
"smt2FileSizeByte_All_splitClauses_1":["29064"],
"generatedPredicateNumber_All_splitClauses_1":["10800000"],
"unlabeledTemplateRelationSymbolNumber_PredictedCDHG_splitClauses_0":["15"],
"predicateGeneratorTime_Term_splitClauses_0":["10800000"],
"averagePredicateSize_Random_splitClauses_1":["10800000"],
"labeledBinaryVariableTemplatesNumber_Labeled_splitClauses_1":["8"],
"clauseNumberBeforeSimplification_All_splitClauses_1":["66"],
"minedTemplateRelationSymbolNumber_Term_splitClauses_0":["15"],
"solvingTime_Labeled_splitClauses_1":["10800000"],
"unlabeledTemplateNumber_Labeled_splitClauses_1":["1107"],
"relationSymbolNumber_Term_splitClauses_1":["74"],
"minedTemplateRelationSymbolNumber_Octagon_splitClauses_1":["15"],
"clauseNumberAfterSimplification_Mined_splitClauses_1":["37"],
"unlabeledBinaryVariableTemplatesNumber_Term_splitClauses_0":["702"],
"labeledTemplateNumber_PredictedCDHG_splitClauses_0":["8"],
"relationSymbolNumber_RelationalEqs_splitClauses_1":["74"],
"solvability_Empty_splitClauses_0":["10800000"],
"unlabeledTemplateRelationSymbolNumber_Random_splitClauses_1":["15"],
"labeledBinaryVariableTemplatesNumber_Octagon_splitClauses_0":["8"],
"minedTemplateRelationSymbolNumber_Random_splitClauses_1":["15"],
"unlabeledSingleVariableTemplatesNumber_Mined_splitClauses_0":["405"],
"unlabeledBinaryVariableTemplatesNumber_PredictedCG_splitClauses_1":["702"],
"solvability_All_splitClauses_0":["10800000"],
"predicateGeneratorTime_RelationalEqs_splitClauses_1":["10800000"],
"smt2FileSizeByte_PredictedCG_splitClauses_1":["29064"],
"labeledSingleVariableTemplatesNumber_Unlabeled_splitClauses_1":["0"],
"labeledBinaryVariableTemplatesNumber_PredictedCG_splitClauses_1":["8"],
"minedBinaryVariableTemplatesNumber_PredictedCG_splitClauses_0":["8"],
"solvability_Random_splitClauses_0":["10800000"],
"clauseNumberBeforeSimplification_PredictedCDHG_splitClauses_1":["66"],
"labeledSingleVariableTemplatesNumber_Mined_splitClauses_0":["0"],
"solvability_Unlabeled_splitClauses_1":["10800000"],
"cegarIterationNumber_Labeled_splitClauses_1":["10800000"],
"smt2FileSizeByte_Mined_splitClauses_0":["29064"],
"labeledSingleVariableTemplatesNumber_PredictedCG_splitClauses_1":["0"],
"smt2FileSizeByte_Octagon_splitClauses_1":["29064"],
"minedTemplateNumber_Labeled_splitClauses_1":["149"],
"labeledSingleVariableTemplatesNumber_RelationalIneqs_splitClauses_1":["0"],
"clauseNumberAfterSimplification_Labeled_splitClauses_1":["37"],
"smt2FileSizeByte_Random_splitClauses_0":["29064"],
"unlabeledTemplateRelationSymbolNumber_PredictedCDHG_splitClauses_1":["15"],
"labeledSingleVariableTemplatesNumber_Term_splitClauses_0":["0"],
"generatedPredicateNumber_PredictedCDHG_splitClauses_1":["10800000"],
"minedSingleVariableTemplatesNumber_Unlabeled_splitClauses_0":["141"],
"generatedPredicateNumber_Octagon_splitClauses_1":["10800000"],
"labeledSingleVariableTemplatesNumber_RelationalEqs_splitClauses_0":["0"],
"predicateGeneratorTime_PredictedCG_splitClauses_1":["10800000"],
"labeledTemplateNumber_Labeled_splitClauses_1":["8"],
"labeledSingleVariableTemplatesNumber_Empty_splitClauses_0":["0"],
"minedTemplateRelationSymbolNumber_RelationalIneqs_splitClauses_1":["15"],
"unlabeledSingleVariableTemplatesNumber_All_splitClauses_1":["405"],
"labeledBinaryVariableTemplatesNumber_PredictedCDHG_splitClauses_1":["8"],
"unlabeledSingleVariableTemplatesNumber_RelationalEqs_splitClauses_1":["405"],
"cegarIterationNumber_Term_splitClauses_0":["10800000"],
"unlabeledBinaryVariableTemplatesNumber_Labeled_splitClauses_1":["702"],
"unlabeledSingleVariableTemplatesNumber_Term_splitClauses_1":["405"],
"clauseNumberAfterSimplification_All_splitClauses_1":["37"],
"minedSingleVariableTemplatesNumber_Random_splitClauses_0":["141"],
"solvability_RelationalIneqs_splitClauses_1":["10800000"],
"minedTemplateNumber_Labeled_splitClauses_0":["149"],
"minedSingleVariableTemplatesNumber_Octagon_splitClauses_0":["141"],
"minedSingleVariableTemplatesNumber_Term_splitClauses_1":["141"],
"minedBinaryVariableTemplatesNumber_PredictedCDHG_splitClauses_1":["8"],
"generatedPredicateNumber_Mined_splitClauses_1":["6"],
"relationSymbolNumber_Octagon_splitClauses_1":["74"],
"relationSymbolNumber_Unlabeled_splitClauses_1":["74"],
"labeledSingleVariableTemplatesNumber_RelationalIneqs_splitClauses_0":["0"],
"averagePredicateSize_Mined_splitClauses_0":["10800000"],
"cegarIterationNumber_Unlabeled_splitClauses_0":["10800000"],
"minedBinaryVariableTemplatesNumber_Random_splitClauses_0":["8"],
"labeledTemplateNumber_Mined_splitClauses_1":["8"],
"labeledBinaryVariableTemplatesNumber_Random_splitClauses_0":["8"],
"unlabeledTemplateRelationSymbolNumber_Unlabeled_splitClauses_1":["15"],
"cegarIterationNumber_Mined_splitClauses_0":["10800000"],
"minedTemplateRelationSymbolNumber_Labeled_splitClauses_0":["15"],
"unlabeledBinaryVariableTemplatesNumber_RelationalIneqs_splitClauses_1":["702"],
"unlabeledBinaryVariableTemplatesNumber_Octagon_splitClauses_0":["702"],
"solvability_Mined_splitClauses_0":["10800000"],
"averagePredicateSize_RelationalEqs_splitClauses_0":["10800000"],
"clauseNumberAfterSimplification_Term_splitClauses_0":["37"],
"unlabeledTemplateNumber_Mined_splitClauses_0":["1107"],
"unlabeledTemplateNumber_PredictedCDHG_splitClauses_0":["1107"],
"cegarIterationNumber_RelationalIneqs_splitClauses_1":["10800000"],
"minedBinaryVariableTemplatesNumber_Unlabeled_splitClauses_1":["8"],
"labeledTemplateNumber_PredictedCG_splitClauses_1":["8"],
"labeledTemplateRelationSymbolNumber_Mined_splitClauses_0":["3"],
"labeledBinaryVariableTemplatesNumber_Mined_splitClauses_1":["8"],
"clauseNumberAfterSimplification_RelationalIneqs_splitClauses_1":["37"],
"minedSingleVariableTemplatesNumber_PredictedCDHG_splitClauses_0":["141"],
"solvability_Labeled_splitClauses_1":["10800000"],
"labeledSingleVariableTemplatesNumber_Octagon_splitClauses_1":["0"],
"averagePredicateSize_Random_splitClauses_0":["10800000"],
"smt2FileSizeByte_RelationalIneqs_splitClauses_0":["29064"],
"generatedPredicateNumber_Unlabeled_splitClauses_0":["10800000"],
"solvability_RelationalEqs_splitClauses_0":["10800000"],
"predicateGeneratorTime_Empty_splitClauses_1":["10800000"],
"minedSingleVariableTemplatesNumber_Mined_splitClauses_0":["141"],
"minedTemplateRelationSymbolNumber_PredictedCDHG_splitClauses_1":["15"],
"minedTemplateNumber_PredictedCG_splitClauses_0":["149"],
"averagePredicateSize_RelationalIneqs_splitClauses_1":["10800000"],
"labeledTemplateRelationSymbolNumber_Random_splitClauses_1":["3"],
"minedTemplateNumber_RelationalIneqs_splitClauses_0":["149"],
"predicateGeneratorTime_RelationalIneqs_splitClauses_0":["10800000"],
"labeledTemplateRelationSymbolNumber_Empty_splitClauses_0":["3"],
"minedBinaryVariableTemplatesNumber_Octagon_splitClauses_0":["8"],
"relationSymbolNumber_Labeled_splitClauses_0":["74"],
"labeledSingleVariableTemplatesNumber_Term_splitClauses_1":["0"],
"labeledBinaryVariableTemplatesNumber_Empty_splitClauses_0":["8"],
"minedTemplateNumber_Octagon_splitClauses_0":["149"],
"labeledBinaryVariableTemplatesNumber_Unlabeled_splitClauses_0":["8"],
"clauseNumberAfterSimplification_PredictedCDHG_splitClauses_0":["37"],
"smt2FileSizeByte_PredictedCG_splitClauses_0":["29064"],
"minedBinaryVariableTemplatesNumber_RelationalEqs_splitClauses_0":["8"],
"labeledTemplateRelationSymbolNumber_RelationalEqs_splitClauses_1":["3"],
"minedBinaryVariableTemplatesNumber_Random_splitClauses_1":["8"],
"clauseNumberAfterSimplification_Unlabeled_splitClauses_1":["37"],
"minedSingleVariableTemplatesNumber_PredictedCDHG_splitClauses_1":["141"],
"labeledBinaryVariableTemplatesNumber_Term_splitClauses_1":["8"],
"clauseNumberBeforeSimplification_Empty_splitClauses_1":["66"],
"minedBinaryVariableTemplatesNumber_Mined_splitClauses_1":["8"],
"unlabeledBinaryVariableTemplatesNumber_Unlabeled_splitClauses_1":["702"],
"unlabeledTemplateNumber_PredictedCG_splitClauses_1":["1107"],
"generatedPredicateNumber_Empty_splitClauses_0":["10800000"],
"predicateGeneratorTime_RelationalIneqs_splitClauses_1":["10800000"],
"unlabeledSingleVariableTemplatesNumber_Empty_splitClauses_0":["405"],
"cegarIterationNumber_Octagon_splitClauses_0":["10800000"],
"clauseNumberAfterSimplification_Octagon_splitClauses_1":["37"],
"unlabeledSingleVariableTemplatesNumber_Labeled_splitClauses_1":["405"],
"clauseNumberBeforeSimplification_Random_splitClauses_1":["66"],
"minedTemplateRelationSymbolNumber_All_splitClauses_0":["15"],
"unlabeledTemplateRelationSymbolNumber_RelationalEqs_splitClauses_0":["15"],
"minedSingleVariableTemplatesNumber_Unlabeled_splitClauses_1":["141"],
"clauseNumberBeforeSimplification_RelationalEqs_splitClauses_0":["66"],
"minedTemplateNumber_Unlabeled_splitClauses_0":["149"],
"generatedPredicateNumber_Octagon_splitClauses_0":["10800000"],
"predicateGeneratorTime_PredictedCDHG_splitClauses_0":["10800000"],
"clauseNumberAfterSimplification_PredictedCG_splitClauses_1":["37"],
"labeledSingleVariableTemplatesNumber_RelationalEqs_splitClauses_1":["0"],
"smt2FileSizeByte_Random_splitClauses_1":["29064"],
"averagePredicateSize_PredictedCG_splitClauses_1":["10800000"],
"cegarIterationNumber_PredictedCDHG_splitClauses_1":["10800000"],
"clauseNumberAfterSimplification_RelationalEqs_splitClauses_1":["37"],
"minedBinaryVariableTemplatesNumber_Empty_splitClauses_1":["8"],
"minedTemplateNumber_PredictedCDHG_splitClauses_0":["149"],
"labeledBinaryVariableTemplatesNumber_All_splitClauses_1":["8"],
"solvingTime_RelationalIneqs_splitClauses_1":["10800000"],
"unlabeledTemplateRelationSymbolNumber_RelationalEqs_splitClauses_1":["15"],
"smt2FileSizeByte_Unlabeled_splitClauses_0":["29064"],
"generatedPredicateNumber_All_splitClauses_0":["10800000"],
"predicateGeneratorTime_Octagon_splitClauses_1":["10800000"],
"solvability_Mined_splitClauses_1":["1"],
"minedTemplateRelationSymbolNumber_Term_splitClauses_1":["15"],
"clauseNumberAfterSimplification_Mined_splitClauses_0":["37"],
"solvability_PredictedCDHG_splitClauses_0":["10800000"],
"solvingTime_Empty_splitClauses_0":["10800000"],
"unlabeledSingleVariableTemplatesNumber_Unlabeled_splitClauses_1":["405"],
"minedTemplateNumber_Term_splitClauses_1":["149"],
"averagePredicateSize_Octagon_splitClauses_1":["10800000"],
"relationSymbolNumber_Empty_splitClauses_1":["74"],
"unlabeledSingleVariableTemplatesNumber_Octagon_splitClauses_1":["405"],
"minedTemplateRelationSymbolNumber_RelationalEqs_splitClauses_1":["15"],
"minedBinaryVariableTemplatesNumber_RelationalIneqs_splitClauses_0":["8"],
"predicateGeneratorTime_Term_splitClauses_1":["10800000"],
"solvingTime_Labeled_splitClauses_0":["10800000"],
"unlabeledBinaryVariableTemplatesNumber_PredictedCG_splitClauses_0":["702"],
"minedTemplateNumber_All_splitClauses_0":["149"],
"predicateGeneratorTime_Labeled_splitClauses_1":["10800000"],
"unlabeledTemplateRelationSymbolNumber_Empty_splitClauses_0":["15"],
"unlabeledTemplateNumber_Mined_splitClauses_1":["1107"],
"solvability_PredictedCG_splitClauses_1":["10800000"],
"unlabeledTemplateNumber_Term_splitClauses_0":["1107"],
"minedBinaryVariableTemplatesNumber_PredictedCG_splitClauses_1":["8"],
"labeledSingleVariableTemplatesNumber_PredictedCDHG_splitClauses_0":["0"],
"minedBinaryVariableTemplatesNumber_All_splitClauses_0":["8"],
"averagePredicateSize_PredictedCDHG_splitClauses_1":["10800000"],
"predicateGeneratorTime_PredictedCG_splitClauses_0":["10800000"],
"generatedPredicateNumber_RelationalIneqs_splitClauses_0":["10800000"],
"labeledTemplateNumber_Empty_splitClauses_0":["8"],
"unlabeledTemplateRelationSymbolNumber_Term_splitClauses_0":["15"],
"minedTemplateNumber_All_splitClauses_1":["149"],
"labeledSingleVariableTemplatesNumber_Empty_splitClauses_1":["0"],
"minedBinaryVariableTemplatesNumber_Unlabeled_splitClauses_0":["8"],
"labeledTemplateNumber_Random_splitClauses_0":["8"],
"minedBinaryVariableTemplatesNumber_All_splitClauses_1":["8"],
"unlabeledSingleVariableTemplatesNumber_All_splitClauses_0":["405"],
"smt2FileSizeByte_PredictedCDHG_splitClauses_1":["29064"],
"labeledBinaryVariableTemplatesNumber_PredictedCDHG_splitClauses_0":["8"],
"averagePredicateSize_RelationalEqs_splitClauses_1":["10800000"],
"minedSingleVariableTemplatesNumber_Term_splitClauses_0":["141"],
"labeledTemplateRelationSymbolNumber_Term_splitClauses_1":["3"],
"generatedPredicateNumber_Random_splitClauses_0":["10800000"],
"labeledBinaryVariableTemplatesNumber_Empty_splitClauses_1":["8"],
"clauseNumberAfterSimplification_Labeled_splitClauses_0":["37"],
"labeledSingleVariableTemplatesNumber_Labeled_splitClauses_0":["0"],
"minedTemplateNumber_Mined_splitClauses_1":["149"],
"labeledTemplateRelationSymbolNumber_Labeled_splitClauses_0":["3"],
"unlabeledTemplateRelationSymbolNumber_Mined_splitClauses_1":["15"],
"solvability_Labeled_splitClauses_0":["10800000"],
"minedTemplateNumber_RelationalEqs_splitClauses_1":["149"],
"solvingTime_Random_splitClauses_1":["10800000"],
"minedTemplateNumber_Random_splitClauses_0":["149"],
"cegarIterationNumber_Unlabeled_splitClauses_1":["10800000"],
"minedTemplateNumber_RelationalIneqs_splitClauses_1":["149"],
"unlabeledBinaryVariableTemplatesNumber_Octagon_splitClauses_1":["702"],
"minedSingleVariableTemplatesNumber_Octagon_splitClauses_1":["141"],
"minedSingleVariableTemplatesNumber_Random_splitClauses_1":["141"],
"averagePredicateSize_All_splitClauses_1":["10800000"],
"minedTemplateNumber_Empty_splitClauses_0":["149"],
"labeledTemplateNumber_Mined_splitClauses_0":["8"],
"unlabeledBinaryVariableTemplatesNumber_All_splitClauses_0":["702"],
"labeledSingleVariableTemplatesNumber_PredictedCDHG_splitClauses_1":["0"],
"minedSingleVariableTemplatesNumber_Mined_splitClauses_1":["141"],
"labeledTemplateRelationSymbolNumber_Term_splitClauses_0":["3"],
"unlabeledTemplateRelationSymbolNumber_Term_splitClauses_1":["15"],
"predicateGeneratorTime_All_splitClauses_1":["10800000"],
"unlabeledSingleVariableTemplatesNumber_Random_splitClauses_0":["405"],
"predicateGeneratorTime_Unlabeled_splitClauses_1":["10800000"],
"cegarIterationNumber_PredictedCDHG_splitClauses_0":["10800000"],
"labeledTemplateNumber_RelationalEqs_splitClauses_0":["8"],
"labeledTemplateRelationSymbolNumber_Mined_splitClauses_1":["3"],
"labeledTemplateRelationSymbolNumber_Random_splitClauses_0":["3"],
"labeledBinaryVariableTemplatesNumber_RelationalEqs_splitClauses_1":["8"],
"generatedPredicateNumber_RelationalIneqs_splitClauses_1":["10800000"],
"unlabeledTemplateRelationSymbolNumber_PredictedCG_splitClauses_1":["15"],
"unlabeledSingleVariableTemplatesNumber_RelationalEqs_splitClauses_0":["405"],
"labeledBinaryVariableTemplatesNumber_Labeled_splitClauses_0":["8"],
"minedBinaryVariableTemplatesNumber_PredictedCDHG_splitClauses_0":["8"],
"unlabeledTemplateRelationSymbolNumber_Unlabeled_splitClauses_0":["15"],
"clauseNumberAfterSimplification_Term_splitClauses_1":["37"],
"relationSymbolNumber_RelationalIneqs_splitClauses_0":["74"],
"unlabeledTemplateNumber_Octagon_splitClauses_0":["1107"],
"unlabeledBinaryVariableTemplatesNumber_RelationalEqs_splitClauses_1":["702"],
"unlabeledTemplateNumber_PredictedCG_splitClauses_0":["1107"],
"unlabeledTemplateNumber_All_splitClauses_0":["1107"],
"labeledTemplateRelationSymbolNumber_RelationalIneqs_splitClauses_1":["3"],
"unlabeledSingleVariableTemplatesNumber_Mined_splitClauses_1":["405"],
"labeledTemplateRelationSymbolNumber_Unlabeled_splitClauses_1":["3"],
"labeledBinaryVariableTemplatesNumber_Random_splitClauses_1":["8"],
"relationSymbolNumber_RelationalEqs_splitClauses_0":["74"],
"solvability_Random_splitClauses_1":["10800000"],
"solvingTime_Term_splitClauses_0":["10800000"],
"minedSingleVariableTemplatesNumber_Labeled_splitClauses_1":["141"],
"relationSymbolNumber_Random_splitClauses_0":["74"],
"clauseNumberBeforeSimplification_Term_splitClauses_0":["66"],
"minedTemplateRelationSymbolNumber_Mined_splitClauses_0":["15"],
"solvability_Octagon_splitClauses_1":["10800000"],
"relationSymbolNumber_Labeled_splitClauses_1":["74"],
"minedSingleVariableTemplatesNumber_RelationalIneqs_splitClauses_1":["141"],
"smt2FileSizeByte_Labeled_splitClauses_0":["29064"],
"solvability_RelationalEqs_splitClauses_1":["10800000"],
"unlabeledSingleVariableTemplatesNumber_Empty_splitClauses_1":["405"],
"labeledTemplateNumber_PredictedCDHG_splitClauses_1":["8"],
"minedTemplateRelationSymbolNumber_Octagon_splitClauses_0":["15"],
"clauseNumberAfterSimplification_Unlabeled_splitClauses_0":["37"],
"clauseNumberBeforeSimplification_Unlabeled_splitClauses_0":["66"],
"clauseNumberBeforeSimplification_PredictedCDHG_splitClauses_0":["66"],
"cegarIterationNumber_RelationalIneqs_splitClauses_0":["10800000"],
"relationSymbolNumber_All_splitClauses_0":["74"],
"labeledTemplateRelationSymbolNumber_RelationalEqs_splitClauses_0":["3"],
"averagePredicateSize_Labeled_splitClauses_0":["10800000"],
"smt2FileSizeByte_RelationalIneqs_splitClauses_1":["29064"],
"clauseNumberBeforeSimplification_RelationalEqs_splitClauses_1":["66"],
"unlabeledTemplateRelationSymbolNumber_RelationalIneqs_splitClauses_1":["15"],
"clauseNumberBeforeSimplification_PredictedCG_splitClauses_0":["66"],
"solvingTime_PredictedCDHG_splitClauses_0":["10800000"],
"labeledTemplateRelationSymbolNumber_Octagon_splitClauses_1":["3"],
"minedTemplateRelationSymbolNumber_PredictedCG_splitClauses_1":["15"],
"labeledTemplateNumber_Random_splitClauses_1":["8"],
"solvingTime_RelationalIneqs_splitClauses_0":["10800000"],
"labeledTemplateNumber_All_splitClauses_1":["8"],
"unlabeledTemplateNumber_Random_splitClauses_1":["1107"],
"relationSymbolNumber_PredictedCDHG_splitClauses_1":["74"],
"smt2FileSizeByte_Unlabeled_splitClauses_1":["29064"],
"cegarIterationNumber_PredictedCG_splitClauses_0":["10800000"],
"predicateGeneratorTime_Octagon_splitClauses_0":["10800000"],
"unlabeledTemplateNumber_RelationalEqs_splitClauses_1":["1107"],
"clauseNumberAfterSimplification_Octagon_splitClauses_0":["37"],
"cegarIterationNumber_Random_splitClauses_0":["10800000"],
"solvability_PredictedCDHG_splitClauses_1":["10800000"],
"solvability_PredictedCG_splitClauses_0":["10800000"],
"solvingTime_PredictedCG_splitClauses_1":["10800000"],
"unlabeledSingleVariableTemplatesNumber_Unlabeled_splitClauses_0":["405"],
"unlabeledTemplateNumber_Unlabeled_splitClauses_0":["1107"],
"labeledTemplateRelationSymbolNumber_RelationalIneqs_splitClauses_0":["3"],
"minedTemplateNumber_Random_splitClauses_1":["149"],
"relationSymbolNumber_PredictedCG_splitClauses_0":["74"],
"generatedPredicateNumber_RelationalEqs_splitClauses_0":["10800000"],
"minedTemplateNumber_Term_splitClauses_0":["149"],
"solvingTime_All_splitClauses_1":["10800000"],
"minedSingleVariableTemplatesNumber_PredictedCG_splitClauses_0":["141"],
"smt2FileSizeByte_Term_splitClauses_1":["29064"],
"labeledBinaryVariableTemplatesNumber_All_splitClauses_0":["8"],
"minedTemplateNumber_PredictedCDHG_splitClauses_1":["149"],
"minedTemplateRelationSymbolNumber_PredictedCDHG_splitClauses_0":["15"],
"averagePredicateSize_Unlabeled_splitClauses_0":["10800000"],
"minedBinaryVariableTemplatesNumber_Octagon_splitClauses_1":["8"],
"unlabeledSingleVariableTemplatesNumber_Random_splitClauses_1":["405"],
"clauseNumberBeforeSimplification_Random_splitClauses_0":["66"],
"solvingTime_Unlabeled_splitClauses_1":["10800000"],
"predicateGeneratorTime_PredictedCDHG_splitClauses_1":["10800000"],
"averagePredicateSize_PredictedCDHG_splitClauses_0":["10800000"],
"minedBinaryVariableTemplatesNumber_Term_splitClauses_0":["8"],
"labeledTemplateNumber_RelationalIneqs_splitClauses_0":["8"],
"clauseNumberAfterSimplification_Random_splitClauses_0":["37"],
"clauseNumberAfterSimplification_PredictedCG_splitClauses_0":["37"],
"generatedPredicateNumber_Empty_splitClauses_1":["10800000"],
"clauseNumberBeforeSimplification_Octagon_splitClauses_0":["66"],
"unlabeledTemplateNumber_Empty_splitClauses_0":["1107"],
"minedSingleVariableTemplatesNumber_All_splitClauses_0":["141"],
"labeledTemplateRelationSymbolNumber_Octagon_splitClauses_0":["3"],
"generatedPredicateNumber_Random_splitClauses_1":["10800000"],
"clauseNumberAfterSimplification_RelationalEqs_splitClauses_0":["37"],
"labeledBinaryVariableTemplatesNumber_Term_splitClauses_0":["8"],
"minedSingleVariableTemplatesNumber_RelationalEqs_splitClauses_0":["141"],
"minedTemplateNumber_Mined_splitClauses_0":["149"],
"averagePredicateSize_Octagon_splitClauses_0":["10800000"],
"unlabeledBinaryVariableTemplatesNumber_Empty_splitClauses_1":["702"],
"relationSymbolNumber_Unlabeled_splitClauses_0":["74"],
"unlabeledSingleVariableTemplatesNumber_PredictedCDHG_splitClauses_0":["405"],
"unlabeledSingleVariableTemplatesNumber_PredictedCG_splitClauses_1":["405"],
"labeledTemplateRelationSymbolNumber_Labeled_splitClauses_1":["3"],
"minedTemplateRelationSymbolNumber_Random_splitClauses_0":["15"],
"unlabeledTemplateRelationSymbolNumber_PredictedCG_splitClauses_0":["15"],
"unlabeledTemplateNumber_RelationalIneqs_splitClauses_0":["1107"],
"unlabeledSingleVariableTemplatesNumber_Labeled_splitClauses_0":["405"],
"minedTemplateNumber_Unlabeled_splitClauses_1":["149"],
"generatedPredicateNumber_PredictedCG_splitClauses_0":["10800000"],
"labeledTemplateNumber_Unlabeled_splitClauses_1":["8"],
"unlabeledTemplateRelationSymbolNumber_Empty_splitClauses_1":["15"],
"clauseNumberBeforeSimplification_Empty_splitClauses_0":["66"],
"solvingTime_Octagon_splitClauses_1":["10800000"],
"cegarIterationNumber_Mined_splitClauses_1":["3"],
"clauseNumberBeforeSimplification_Mined_splitClauses_1":["66"],
"smt2FileSizeByte_PredictedCDHG_splitClauses_0":["29064"],
"averagePredicateSize_PredictedCG_splitClauses_0":["10800000"],
"solvingTime_Random_splitClauses_0":["10800000"],
"minedTemplateNumber_RelationalEqs_splitClauses_0":["149"],
"unlabeledSingleVariableTemplatesNumber_RelationalIneqs_splitClauses_0":["405"],
"unlabeledTemplateNumber_Unlabeled_splitClauses_1":["1107"],
"labeledBinaryVariableTemplatesNumber_RelationalEqs_splitClauses_0":["8"],
"generatedPredicateNumber_PredictedCDHG_splitClauses_0":["10800000"],
"minedTemplateRelationSymbolNumber_Empty_splitClauses_1":["15"],
"predicateGeneratorTime_Random_splitClauses_1":["10800000"],
"labeledTemplateNumber_Term_splitClauses_1":["8"],
"minedSingleVariableTemplatesNumber_Empty_splitClauses_1":["141"],
"minedSingleVariableTemplatesNumber_RelationalIneqs_splitClauses_0":["141"],
"clauseNumberAfterSimplification_All_splitClauses_0":["37"],
"unlabeledBinaryVariableTemplatesNumber_RelationalEqs_splitClauses_0":["702"],
"cegarIterationNumber_RelationalEqs_splitClauses_0":["10800000"],
"labeledTemplateRelationSymbolNumber_PredictedCDHG_splitClauses_0":["3"],
"labeledSingleVariableTemplatesNumber_Labeled_splitClauses_1":["0"],
"unlabeledBinaryVariableTemplatesNumber_All_splitClauses_1":["702"],
"minedTemplateRelationSymbolNumber_Unlabeled_splitClauses_1":["15"],
"solvingTime_RelationalEqs_splitClauses_0":["10800000"],
"solvingTime_RelationalEqs_splitClauses_1":["10800000"],
"minedBinaryVariableTemplatesNumber_Mined_splitClauses_0":["8"],
"clauseNumberBeforeSimplification_All_splitClauses_0":["66"],
"clauseNumberBeforeSimplification_RelationalIneqs_splitClauses_1":["66"],
"labeledTemplateNumber_RelationalEqs_splitClauses_1":["8"],
"labeledBinaryVariableTemplatesNumber_RelationalIneqs_splitClauses_0":["8"],
"clauseNumberAfterSimplification_Empty_splitClauses_0":["37"],
"averagePredicateSize_Empty_splitClauses_0":["10800000"],
"relationSymbolNumber_PredictedCG_splitClauses_1":["74"],
"unlabeledTemplateNumber_Term_splitClauses_1":["1107"],
"predicateGeneratorTime_Mined_splitClauses_1":["402"],
"relationSymbolNumber_Mined_splitClauses_0":["74"],
"labeledBinaryVariableTemplatesNumber_RelationalIneqs_splitClauses_1":["8"],
"predicateGeneratorTime_Unlabeled_splitClauses_0":["10800000"],
"generatedPredicateNumber_Mined_splitClauses_0":["10800000"],
"generatedPredicateNumber_RelationalEqs_splitClauses_1":["10800000"],
"labeledTemplateRelationSymbolNumber_PredictedCG_splitClauses_0":["3"],
"minedSingleVariableTemplatesNumber_PredictedCG_splitClauses_1":["141"],
"minedTemplateRelationSymbolNumber_PredictedCG_splitClauses_0":["15"],
"unlabeledTemplateRelationSymbolNumber_Labeled_splitClauses_0":["15"],
"solvability_Empty_splitClauses_1":["10800000"],
"averagePredicateSize_Term_splitClauses_0":["10800000"],
"cegarIterationNumber_Random_splitClauses_1":["10800000"],
"relationSymbolNumber_All_splitClauses_1":["74"],
"averagePredicateSize_Labeled_splitClauses_1":["10800000"],
"unlabeledBinaryVariableTemplatesNumber_Unlabeled_splitClauses_0":["702"],
"generatedPredicateNumber_Unlabeled_splitClauses_1":["10800000"],
"predicateGeneratorTime_All_splitClauses_0":["10800000"],
"unlabeledBinaryVariableTemplatesNumber_PredictedCDHG_splitClauses_1":["702"],
"clauseNumberBeforeSimplification_Labeled_splitClauses_1":["66"],
"minedBinaryVariableTemplatesNumber_Labeled_splitClauses_1":["8"],
"labeledSingleVariableTemplatesNumber_All_splitClauses_0":["0"],
"unlabeledTemplateRelationSymbolNumber_Mined_splitClauses_0":["15"],
"cegarIterationNumber_Octagon_splitClauses_1":["10800000"],
"labeledTemplateNumber_Octagon_splitClauses_0":["8"],
"labeledTemplateRelationSymbolNumber_All_splitClauses_1":["3"],
"smt2FileSizeByte_Empty_splitClauses_0":["29064"],
"relationSymbolNumber_RelationalIneqs_splitClauses_1":["74"],
"unlabeledTemplateNumber_Octagon_splitClauses_1":["1107"],
"predicateGeneratorTime_RelationalEqs_splitClauses_0":["10800000"],
"unlabeledTemplateRelationSymbolNumber_RelationalIneqs_splitClauses_0":["15"],
"smt2FileSizeByte_RelationalEqs_splitClauses_1":["29064"],
"unlabeledTemplateNumber_Labeled_splitClauses_0":["1107"],
"relationSymbolNumber_Random_splitClauses_1":["74"],
"minedSingleVariableTemplatesNumber_Labeled_splitClauses_0":["141"],
"solvingTime_PredictedCDHG_splitClauses_1":["10800000"],
"minedTemplateNumber_Octagon_splitClauses_1":["149"],
"clauseNumberBeforeSimplification_Mined_splitClauses_0":["66"],
"smt2FileSizeByte_All_splitClauses_0":["29064"],
"solvingTime_All_splitClauses_0":["10800000"],
"minedBinaryVariableTemplatesNumber_Term_splitClauses_1":["8"],
"unlabeledTemplateRelationSymbolNumber_Random_splitClauses_0":["15"],
"cegarIterationNumber_All_splitClauses_0":["10800000"],
"smt2FileSizeByte_RelationalEqs_splitClauses_0":["29064"],
"unlabeledSingleVariableTemplatesNumber_PredictedCDHG_splitClauses_1":["405"],
"clauseNumberBeforeSimplification_Labeled_splitClauses_0":["66"],
"cegarIterationNumber_PredictedCG_splitClauses_1":["10800000"],
"labeledTemplateRelationSymbolNumber_Unlabeled_splitClauses_0":["3"],
"unlabeledTemplateRelationSymbolNumber_Octagon_splitClauses_1":["15"],
"unlabeledTemplateNumber_Empty_splitClauses_1":["1107"],
"clauseNumberBeforeSimplification_Octagon_splitClauses_1":["66"],
"labeledTemplateNumber_Unlabeled_splitClauses_0":["8"],
"labeledBinaryVariableTemplatesNumber_PredictedCG_splitClauses_0":["8"],
"solvability_Term_splitClauses_1":["10800000"],
"solvability_Octagon_splitClauses_0":["10800000"],
"minedTemplateRelationSymbolNumber_RelationalIneqs_splitClauses_0":["15"],
"clauseNumberBeforeSimplification_RelationalIneqs_splitClauses_0":["66"],
"labeledTemplateNumber_PredictedCG_splitClauses_0":["8"],
"cegarIterationNumber_Labeled_splitClauses_0":["10800000"],
"smt2FileSizeByte_Labeled_splitClauses_1":["29064"],
"clauseNumberBeforeSimplification_Unlabeled_splitClauses_1":["66"],
"generatedPredicateNumber_Term_splitClauses_1":["10800000"],
"solvingTime_Term_splitClauses_1":["10800000"],
"unlabeledBinaryVariableTemplatesNumber_Random_splitClauses_1":["702"],
"unlabeledSingleVariableTemplatesNumber_Octagon_splitClauses_0":["405"],
"solvingTime_Octagon_splitClauses_0":["10800000"],
"labeledSingleVariableTemplatesNumber_Mined_splitClauses_1":["0"],
"averagePredicateSize_Term_splitClauses_1":["10800000"],
"labeledTemplateNumber_Labeled_splitClauses_0":["8"],
"unlabeledSingleVariableTemplatesNumber_PredictedCG_splitClauses_0":["405"],
"smt2FileSizeByte_Mined_splitClauses_1":["29064"],
"labeledBinaryVariableTemplatesNumber_Unlabeled_splitClauses_1":["8"],
"labeledTemplateNumber_All_splitClauses_0":["8"],
"unlabeledTemplateNumber_Random_splitClauses_0":["1107"],
"labeledTemplateNumber_Octagon_splitClauses_1":["8"],
"unlabeledTemplateNumber_PredictedCDHG_splitClauses_1":["1107"],
"unlabeledBinaryVariableTemplatesNumber_Mined_splitClauses_0":["702"],
"minedTemplateRelationSymbolNumber_Mined_splitClauses_1":["15"],
"labeledTemplateNumber_RelationalIneqs_splitClauses_1":["8"],
"solvability_Term_splitClauses_0":["10800000"],
"relationSymbolNumber_Octagon_splitClauses_0":["74"],
"clauseNumberBeforeSimplification_PredictedCG_splitClauses_1":["66"],
"generatedPredicateNumber_Labeled_splitClauses_1":["10800000"],
"labeledSingleVariableTemplatesNumber_Unlabeled_splitClauses_0":["0"],
"unlabeledBinaryVariableTemplatesNumber_Empty_splitClauses_0":["702"],
"solvingTime_Mined_splitClauses_0":["10800000"],
"unlabeledTemplateNumber_All_splitClauses_1":["1107"],
"clauseNumberAfterSimplification_Random_splitClauses_1":["37"],
"labeledBinaryVariableTemplatesNumber_Octagon_splitClauses_1":["8"],
"unlabeledBinaryVariableTemplatesNumber_Labeled_splitClauses_0":["702"],
"smt2FileSizeByte_Octagon_splitClauses_0":["29064"],
"labeledSingleVariableTemplatesNumber_Random_splitClauses_1":["0"],
"solvability_Unlabeled_splitClauses_0":["10800000"],
"solvingTime_Unlabeled_splitClauses_0":["10800000"],
"unlabeledTemplateRelationSymbolNumber_All_splitClauses_1":["15"],
"minedTemplateNumber_Empty_splitClauses_1":["149"],
"solvability_RelationalIneqs_splitClauses_0":["10800000"],
"unlabeledTemplateRelationSymbolNumber_Labeled_splitClauses_1":["15"],
"cegarIterationNumber_RelationalEqs_splitClauses_1":["10800000"],
"minedSingleVariableTemplatesNumber_RelationalEqs_splitClauses_1":["141"],
"clauseNumberAfterSimplification_PredictedCDHG_splitClauses_1":["37"],
"minedBinaryVariableTemplatesNumber_RelationalIneqs_splitClauses_1":["8"],
"unlabeledBinaryVariableTemplatesNumber_Mined_splitClauses_1":["702"],
"unlabeledBinaryVariableTemplatesNumber_PredictedCDHG_splitClauses_0":["702"],
"solvingTime_Empty_splitClauses_1":["10800000"],
"labeledTemplateRelationSymbolNumber_Empty_splitClauses_1":["3"],
"generatedPredicateNumber_Term_splitClauses_0":["10800000"],
"averagePredicateSize_Empty_splitClauses_1":["10800000"],
"generatedPredicateNumber_PredictedCG_splitClauses_1":["10800000"],
"labeledTemplateRelationSymbolNumber_PredictedCDHG_splitClauses_1":["3"],
"relationSymbolNumber_Mined_splitClauses_1":["74"],
"predicateGeneratorTime_Mined_splitClauses_0":["10800000"],
"predicateGeneratorTime_Labeled_splitClauses_0":["10800000"],
"labeledSingleVariableTemplatesNumber_Random_splitClauses_0":["0"],
"unlabeledTemplateRelationSymbolNumber_All_splitClauses_0":["15"],
"minedBinaryVariableTemplatesNumber_Labeled_splitClauses_0":["8"],
"generatedPredicateNumber_Labeled_splitClauses_0":["10800000"],
"relationSymbolNumber_Empty_splitClauses_0":["74"],
"solvingTime_Mined_splitClauses_1":["510"],
"minedSingleVariableTemplatesNumber_All_splitClauses_1":["141"],
"predicateGeneratorTime_Random_splitClauses_0":["10800000"],
"cegarIterationNumber_Term_splitClauses_1":["10800000"],
"labeledTemplateNumber_Empty_splitClauses_1":["8"],
"clauseNumberAfterSimplification_Empty_splitClauses_1":["37"],
"minedTemplateRelationSymbolNumber_Empty_splitClauses_0":["15"],
"unlabeledSingleVariableTemplatesNumber_Term_splitClauses_0":["405"],
"minedSingleVariableTemplatesNumber_Empty_splitClauses_0":["141"],
"minedTemplateRelationSymbolNumber_RelationalEqs_splitClauses_0":["15"],
"cegarIterationNumber_Empty_splitClauses_0":["10800000"],
"minedBinaryVariableTemplatesNumber_RelationalEqs_splitClauses_1":["8"],
"labeledSingleVariableTemplatesNumber_All_splitClauses_1":["0"],
"unlabeledTemplateRelationSymbolNumber_Octagon_splitClauses_0":["15"],
"minedTemplateRelationSymbolNumber_Unlabeled_splitClauses_0":["15"],
"labeledBinaryVariableTemplatesNumber_Mined_splitClauses_0":["8"],
"minedTemplateNumber_PredictedCG_splitClauses_1":["149"],
"cegarIterationNumber_Empty_splitClauses_1":["10800000"],
"averagePredicateSize_RelationalIneqs_splitClauses_0":["10800000"],
"solvability_All_splitClauses_1":["10800000"],
"unlabeledBinaryVariableTemplatesNumber_Term_splitClauses_1":["702"],
"relationSymbolNumber_PredictedCDHG_splitClauses_0":["74"],
"minedTemplateRelationSymbolNumber_Labeled_splitClauses_1":["15"],
"averagePredicateSize_Unlabeled_splitClauses_1":["10800000"],
"labeledTemplateNumber_Term_splitClauses_0":["8"],
"smt2FileSizeByte_Empty_splitClauses_1":["29064"],
"solvingTime_PredictedCG_splitClauses_0":["10800000"],
"relationSymbolNumber_Term_splitClauses_0":["74"],
"cegarIterationNumber_All_splitClauses_1":["10800000"],
"clauseNumberBeforeSimplification_Term_splitClauses_1":["66"],
"predicateGeneratorTime_Empty_splitClauses_0":["10800000"],
"averagePredicateSize_All_splitClauses_0":["10800000"],
"unlabeledBinaryVariableTemplatesNumber_Random_splitClauses_0":["702"],
"smt2FileSizeByte_Term_splitClauses_0":["29064"],
"averagePredicateSize_Mined_splitClauses_1":["1"],
"minedBinaryVariableTemplatesNumber_Empty_splitClauses_0":["8"],
"minedTemplateRelationSymbolNumber_All_splitClauses_1":["15"],
"labeledSingleVariableTemplatesNumber_PredictedCG_splitClauses_0":["0"],
"unlabeledBinaryVariableTemplatesNumber_RelationalIneqs_splitClauses_0":["702"],
"unlabeledSingleVariableTemplatesNumber_RelationalIneqs_splitClauses_1":["405"],
"clauseNumberAfterSimplification_RelationalIneqs_splitClauses_0":["37"],
"unlabeledTemplateNumber_RelationalEqs_splitClauses_0":["1107"],
"unlabeledTemplateNumber_RelationalIneqs_splitClauses_1":["1107"],
"labeledTemplateRelationSymbolNumber_PredictedCG_splitClauses_1":["3"],
"labeledTemplateRelationSymbolNumber_All_splitClauses_0":["3"],
"labeledSingleVariableTemplatesNumber_Octagon_splitClauses_0":["0"],
"dummyFiled":[]
}