{
"smt2FileSizeByte_All_splitClauses_1":["25394"],
"generatedPredicateNumber_All_splitClauses_1":["10800000"],
"unlabeledTemplateRelationSymbolNumber_PredictedCDHG_splitClauses_0":["1"],
"relationSymbolNumberBeforeSimplification_Unlabeled_splitClauses_1":["9"],
"predicateGeneratorTime_Term_splitClauses_0":["10800000"],
"averagePredicateSize_Random_splitClauses_1":["1"],
"labeledBinaryVariableTemplatesNumber_Labeled_splitClauses_1":["7"],
"clauseNumberBeforeSimplification_All_splitClauses_1":["5"],
"minedTemplateRelationSymbolNumber_Term_splitClauses_0":["1"],
"solvingTime_Labeled_splitClauses_1":["79553"],
"unlabeledTemplateNumber_Labeled_splitClauses_1":["87"],
"relationSymbolNumberAfterSimplification_All_splitClauses_1":["24744"],
"minedTemplateRelationSymbolNumber_Octagon_splitClauses_1":["1"],
"clauseNumberAfterSimplification_Mined_splitClauses_1":["24660"],
"relationSymbolNumberBeforeSimplification_Octagon_splitClauses_0":["9"],
"unlabeledBinaryVariableTemplatesNumber_Term_splitClauses_0":["48"],
"labeledTemplateNumber_PredictedCDHG_splitClauses_0":["8"],
"solvability_Empty_splitClauses_0":["10800000"],
"unlabeledTemplateRelationSymbolNumber_Random_splitClauses_1":["1"],
"labeledBinaryVariableTemplatesNumber_Octagon_splitClauses_0":["7"],
"relationSymbolNumberBeforeSimplification_Random_splitClauses_1":["9"],
"minedTemplateRelationSymbolNumber_Random_splitClauses_1":["1"],
"unlabeledSingleVariableTemplatesNumber_Mined_splitClauses_0":["39"],
"unlabeledBinaryVariableTemplatesNumber_PredictedCG_splitClauses_1":["48"],
"solvability_All_splitClauses_0":["10800000"],
"predicateGeneratorTime_RelationalEqs_splitClauses_1":["14972"],
"relationSymbolNumberBeforeSimplification_PredictedCDHG_splitClauses_1":["9"],
"smt2FileSizeByte_PredictedCG_splitClauses_1":["25394"],
"labeledSingleVariableTemplatesNumber_Unlabeled_splitClauses_1":["1"],
"labeledBinaryVariableTemplatesNumber_PredictedCG_splitClauses_1":["7"],
"minedBinaryVariableTemplatesNumber_PredictedCG_splitClauses_0":["7"],
"solvability_Random_splitClauses_0":["10800000"],
"relationSymbolNumberAfterSimplification_PredictedCG_splitClauses_1":["24744"],
"clauseNumberBeforeSimplification_PredictedCDHG_splitClauses_1":["5"],
"labeledSingleVariableTemplatesNumber_Mined_splitClauses_0":["1"],
"solvability_Unlabeled_splitClauses_1":["1"],
"cegarIterationNumber_Labeled_splitClauses_1":["13"],
"smt2FileSizeByte_Mined_splitClauses_0":["25394"],
"relationSymbolNumberAfterSimplification_Mined_splitClauses_0":["24744"],
"labeledSingleVariableTemplatesNumber_PredictedCG_splitClauses_1":["1"],
"smt2FileSizeByte_Octagon_splitClauses_1":["25394"],
"minedTemplateNumber_Labeled_splitClauses_1":["29"],
"labeledSingleVariableTemplatesNumber_RelationalIneqs_splitClauses_1":["1"],
"clauseNumberAfterSimplification_Labeled_splitClauses_1":["24660"],
"relationSymbolNumberAfterSimplification_Labeled_splitClauses_0":["24744"],
"smt2FileSizeByte_Random_splitClauses_0":["25394"],
"relationSymbolNumberAfterSimplification_PredictedCDHG_splitClauses_0":["24744"],
"unlabeledTemplateRelationSymbolNumber_PredictedCDHG_splitClauses_1":["1"],
"labeledSingleVariableTemplatesNumber_Term_splitClauses_0":["1"],
"generatedPredicateNumber_PredictedCDHG_splitClauses_1":["10800000"],
"minedSingleVariableTemplatesNumber_Unlabeled_splitClauses_0":["22"],
"generatedPredicateNumber_Octagon_splitClauses_1":["27"],
"labeledSingleVariableTemplatesNumber_RelationalEqs_splitClauses_0":["1"],
"predicateGeneratorTime_PredictedCG_splitClauses_1":["10800000"],
"relationSymbolNumberAfterSimplification_Octagon_splitClauses_0":["24744"],
"labeledTemplateNumber_Labeled_splitClauses_1":["8"],
"labeledSingleVariableTemplatesNumber_Empty_splitClauses_0":["1"],
"minedTemplateRelationSymbolNumber_RelationalIneqs_splitClauses_1":["1"],
"unlabeledSingleVariableTemplatesNumber_All_splitClauses_1":["39"],
"labeledBinaryVariableTemplatesNumber_PredictedCDHG_splitClauses_1":["7"],
"unlabeledSingleVariableTemplatesNumber_RelationalEqs_splitClauses_1":["39"],
"cegarIterationNumber_Term_splitClauses_0":["10800000"],
"unlabeledBinaryVariableTemplatesNumber_Labeled_splitClauses_1":["48"],
"unlabeledSingleVariableTemplatesNumber_Term_splitClauses_1":["39"],
"clauseNumberAfterSimplification_All_splitClauses_1":["24660"],
"minedSingleVariableTemplatesNumber_Random_splitClauses_0":["22"],
"solvability_RelationalIneqs_splitClauses_1":["1"],
"minedTemplateNumber_Labeled_splitClauses_0":["29"],
"minedSingleVariableTemplatesNumber_Octagon_splitClauses_0":["22"],
"minedSingleVariableTemplatesNumber_Term_splitClauses_1":["22"],
"minedBinaryVariableTemplatesNumber_PredictedCDHG_splitClauses_1":["7"],
"generatedPredicateNumber_Mined_splitClauses_1":["38"],
"labeledSingleVariableTemplatesNumber_RelationalIneqs_splitClauses_0":["1"],
"averagePredicateSize_Mined_splitClauses_0":["10800000"],
"cegarIterationNumber_Unlabeled_splitClauses_0":["10800000"],
"minedBinaryVariableTemplatesNumber_Random_splitClauses_0":["7"],
"labeledTemplateNumber_Mined_splitClauses_1":["8"],
"labeledBinaryVariableTemplatesNumber_Random_splitClauses_0":["7"],
"unlabeledTemplateRelationSymbolNumber_Unlabeled_splitClauses_1":["1"],
"cegarIterationNumber_Mined_splitClauses_0":["10800000"],
"minedTemplateRelationSymbolNumber_Labeled_splitClauses_0":["1"],
"unlabeledBinaryVariableTemplatesNumber_RelationalIneqs_splitClauses_1":["48"],
"unlabeledBinaryVariableTemplatesNumber_Octagon_splitClauses_0":["48"],
"solvability_Mined_splitClauses_0":["10800000"],
"averagePredicateSize_RelationalEqs_splitClauses_0":["10800000"],
"clauseNumberAfterSimplification_Term_splitClauses_0":["24660"],
"unlabeledTemplateNumber_Mined_splitClauses_0":["87"],
"relationSymbolNumberAfterSimplification_Random_splitClauses_1":["24744"],
"unlabeledTemplateNumber_PredictedCDHG_splitClauses_0":["87"],
"cegarIterationNumber_RelationalIneqs_splitClauses_1":["14"],
"minedBinaryVariableTemplatesNumber_Unlabeled_splitClauses_1":["7"],
"labeledTemplateNumber_PredictedCG_splitClauses_1":["8"],
"labeledTemplateRelationSymbolNumber_Mined_splitClauses_0":["1"],
"labeledBinaryVariableTemplatesNumber_Mined_splitClauses_1":["7"],
"relationSymbolNumberBeforeSimplification_Mined_splitClauses_0":["9"],
"relationSymbolNumberBeforeSimplification_RelationalIneqs_splitClauses_0":["9"],
"clauseNumberAfterSimplification_RelationalIneqs_splitClauses_1":["24660"],
"minedSingleVariableTemplatesNumber_PredictedCDHG_splitClauses_0":["22"],
"solvability_Labeled_splitClauses_1":["1"],
"labeledSingleVariableTemplatesNumber_Octagon_splitClauses_1":["1"],
"averagePredicateSize_Random_splitClauses_0":["10800000"],
"smt2FileSizeByte_RelationalIneqs_splitClauses_0":["25394"],
"generatedPredicateNumber_Unlabeled_splitClauses_0":["10800000"],
"solvability_RelationalEqs_splitClauses_0":["10800000"],
"predicateGeneratorTime_Empty_splitClauses_1":["641"],
"minedSingleVariableTemplatesNumber_Mined_splitClauses_0":["22"],
"relationSymbolNumberAfterSimplification_Unlabeled_splitClauses_0":["24744"],
"minedTemplateRelationSymbolNumber_PredictedCDHG_splitClauses_1":["1"],
"minedTemplateNumber_PredictedCG_splitClauses_0":["29"],
"averagePredicateSize_RelationalIneqs_splitClauses_1":["1"],
"labeledTemplateRelationSymbolNumber_Random_splitClauses_1":["1"],
"minedTemplateNumber_RelationalIneqs_splitClauses_0":["29"],
"predicateGeneratorTime_RelationalIneqs_splitClauses_0":["10800000"],
"labeledTemplateRelationSymbolNumber_Empty_splitClauses_0":["1"],
"minedBinaryVariableTemplatesNumber_Octagon_splitClauses_0":["7"],
"labeledSingleVariableTemplatesNumber_Term_splitClauses_1":["1"],
"labeledBinaryVariableTemplatesNumber_Empty_splitClauses_0":["7"],
"minedTemplateNumber_Octagon_splitClauses_0":["29"],
"labeledBinaryVariableTemplatesNumber_Unlabeled_splitClauses_0":["7"],
"relationSymbolNumberBeforeSimplification_Empty_splitClauses_0":["9"],
"clauseNumberAfterSimplification_PredictedCDHG_splitClauses_0":["24660"],
"smt2FileSizeByte_PredictedCG_splitClauses_0":["25394"],
"minedBinaryVariableTemplatesNumber_RelationalEqs_splitClauses_0":["7"],
"relationSymbolNumberBeforeSimplification_Unlabeled_splitClauses_0":["9"],
"labeledTemplateRelationSymbolNumber_RelationalEqs_splitClauses_1":["1"],
"minedBinaryVariableTemplatesNumber_Random_splitClauses_1":["7"],
"clauseNumberAfterSimplification_Unlabeled_splitClauses_1":["24660"],
"minedSingleVariableTemplatesNumber_PredictedCDHG_splitClauses_1":["22"],
"labeledBinaryVariableTemplatesNumber_Term_splitClauses_1":["7"],
"clauseNumberBeforeSimplification_Empty_splitClauses_1":["5"],
"relationSymbolNumberAfterSimplification_Octagon_splitClauses_1":["24744"],
"relationSymbolNumberAfterSimplification_Term_splitClauses_0":["24744"],
"minedBinaryVariableTemplatesNumber_Mined_splitClauses_1":["7"],
"unlabeledBinaryVariableTemplatesNumber_Unlabeled_splitClauses_1":["48"],
"relationSymbolNumberBeforeSimplification_Random_splitClauses_0":["9"],
"relationSymbolNumberAfterSimplification_PredictedCDHG_splitClauses_1":["24744"],
"unlabeledTemplateNumber_PredictedCG_splitClauses_1":["87"],
"generatedPredicateNumber_Empty_splitClauses_0":["10800000"],
"predicateGeneratorTime_RelationalIneqs_splitClauses_1":["14689"],
"unlabeledSingleVariableTemplatesNumber_Empty_splitClauses_0":["39"],
"cegarIterationNumber_Octagon_splitClauses_0":["10800000"],
"clauseNumberAfterSimplification_Octagon_splitClauses_1":["24660"],
"unlabeledSingleVariableTemplatesNumber_Labeled_splitClauses_1":["39"],
"clauseNumberBeforeSimplification_Random_splitClauses_1":["5"],
"minedTemplateRelationSymbolNumber_All_splitClauses_0":["1"],
"unlabeledTemplateRelationSymbolNumber_RelationalEqs_splitClauses_0":["1"],
"minedSingleVariableTemplatesNumber_Unlabeled_splitClauses_1":["22"],
"clauseNumberBeforeSimplification_RelationalEqs_splitClauses_0":["5"],
"minedTemplateNumber_Unlabeled_splitClauses_0":["29"],
"generatedPredicateNumber_Octagon_splitClauses_0":["10800000"],
"predicateGeneratorTime_PredictedCDHG_splitClauses_0":["10800000"],
"clauseNumberAfterSimplification_PredictedCG_splitClauses_1":["24660"],
"labeledSingleVariableTemplatesNumber_RelationalEqs_splitClauses_1":["1"],
"smt2FileSizeByte_Random_splitClauses_1":["25394"],
"averagePredicateSize_PredictedCG_splitClauses_1":["10800000"],
"cegarIterationNumber_PredictedCDHG_splitClauses_1":["10800000"],
"clauseNumberAfterSimplification_RelationalEqs_splitClauses_1":["24660"],
"minedBinaryVariableTemplatesNumber_Empty_splitClauses_1":["7"],
"relationSymbolNumberAfterSimplification_RelationalEqs_splitClauses_1":["24744"],
"minedTemplateNumber_PredictedCDHG_splitClauses_0":["29"],
"labeledBinaryVariableTemplatesNumber_All_splitClauses_1":["7"],
"solvingTime_RelationalIneqs_splitClauses_1":["71717"],
"unlabeledTemplateRelationSymbolNumber_RelationalEqs_splitClauses_1":["1"],
"smt2FileSizeByte_Unlabeled_splitClauses_0":["25394"],
"relationSymbolNumberBeforeSimplification_Mined_splitClauses_1":["9"],
"relationSymbolNumberAfterSimplification_Mined_splitClauses_1":["24744"],
"generatedPredicateNumber_All_splitClauses_0":["10800000"],
"relationSymbolNumberBeforeSimplification_Octagon_splitClauses_1":["9"],
"predicateGeneratorTime_Octagon_splitClauses_1":["13107"],
"solvability_Mined_splitClauses_1":["1"],
"minedTemplateRelationSymbolNumber_Term_splitClauses_1":["1"],
"clauseNumberAfterSimplification_Mined_splitClauses_0":["24660"],
"solvability_PredictedCDHG_splitClauses_0":["10800000"],
"solvingTime_Empty_splitClauses_0":["10800000"],
"unlabeledSingleVariableTemplatesNumber_Unlabeled_splitClauses_1":["39"],
"minedTemplateNumber_Term_splitClauses_1":["29"],
"averagePredicateSize_Octagon_splitClauses_1":["1"],
"unlabeledSingleVariableTemplatesNumber_Octagon_splitClauses_1":["39"],
"minedTemplateRelationSymbolNumber_RelationalEqs_splitClauses_1":["1"],
"relationSymbolNumberBeforeSimplification_All_splitClauses_1":["9"],
"minedBinaryVariableTemplatesNumber_RelationalIneqs_splitClauses_0":["7"],
"predicateGeneratorTime_Term_splitClauses_1":["8708"],
"solvingTime_Labeled_splitClauses_0":["10800000"],
"unlabeledBinaryVariableTemplatesNumber_PredictedCG_splitClauses_0":["48"],
"minedTemplateNumber_All_splitClauses_0":["29"],
"predicateGeneratorTime_Labeled_splitClauses_1":["6738"],
"unlabeledTemplateRelationSymbolNumber_Empty_splitClauses_0":["1"],
"unlabeledTemplateNumber_Mined_splitClauses_1":["87"],
"solvability_PredictedCG_splitClauses_1":["10800000"],
"unlabeledTemplateNumber_Term_splitClauses_0":["87"],
"minedBinaryVariableTemplatesNumber_PredictedCG_splitClauses_1":["7"],
"labeledSingleVariableTemplatesNumber_PredictedCDHG_splitClauses_0":["1"],
"minedBinaryVariableTemplatesNumber_All_splitClauses_0":["7"],
"averagePredicateSize_PredictedCDHG_splitClauses_1":["10800000"],
"predicateGeneratorTime_PredictedCG_splitClauses_0":["10800000"],
"generatedPredicateNumber_RelationalIneqs_splitClauses_0":["10800000"],
"labeledTemplateNumber_Empty_splitClauses_0":["8"],
"relationSymbolNumberAfterSimplification_RelationalIneqs_splitClauses_1":["24744"],
"unlabeledTemplateRelationSymbolNumber_Term_splitClauses_0":["1"],
"minedTemplateNumber_All_splitClauses_1":["29"],
"labeledSingleVariableTemplatesNumber_Empty_splitClauses_1":["1"],
"minedBinaryVariableTemplatesNumber_Unlabeled_splitClauses_0":["7"],
"labeledTemplateNumber_Random_splitClauses_0":["8"],
"minedBinaryVariableTemplatesNumber_All_splitClauses_1":["7"],
"unlabeledSingleVariableTemplatesNumber_All_splitClauses_0":["39"],
"relationSymbolNumberBeforeSimplification_Labeled_splitClauses_1":["9"],
"smt2FileSizeByte_PredictedCDHG_splitClauses_1":["25394"],
"labeledBinaryVariableTemplatesNumber_PredictedCDHG_splitClauses_0":["7"],
"averagePredicateSize_RelationalEqs_splitClauses_1":["1"],
"minedSingleVariableTemplatesNumber_Term_splitClauses_0":["22"],
"labeledTemplateRelationSymbolNumber_Term_splitClauses_1":["1"],
"generatedPredicateNumber_Random_splitClauses_0":["10800000"],
"labeledBinaryVariableTemplatesNumber_Empty_splitClauses_1":["7"],
"relationSymbolNumberAfterSimplification_Term_splitClauses_1":["24744"],
"clauseNumberAfterSimplification_Labeled_splitClauses_0":["24660"],
"labeledSingleVariableTemplatesNumber_Labeled_splitClauses_0":["1"],
"minedTemplateNumber_Mined_splitClauses_1":["29"],
"labeledTemplateRelationSymbolNumber_Labeled_splitClauses_0":["1"],
"unlabeledTemplateRelationSymbolNumber_Mined_splitClauses_1":["1"],
"solvability_Labeled_splitClauses_0":["10800000"],
"minedTemplateNumber_RelationalEqs_splitClauses_1":["29"],
"solvingTime_Random_splitClauses_1":["71145"],
"minedTemplateNumber_Random_splitClauses_0":["29"],
"cegarIterationNumber_Unlabeled_splitClauses_1":["11"],
"minedTemplateNumber_RelationalIneqs_splitClauses_1":["29"],
"unlabeledBinaryVariableTemplatesNumber_Octagon_splitClauses_1":["48"],
"minedSingleVariableTemplatesNumber_Octagon_splitClauses_1":["22"],
"minedSingleVariableTemplatesNumber_Random_splitClauses_1":["22"],
"averagePredicateSize_All_splitClauses_1":["10800000"],
"minedTemplateNumber_Empty_splitClauses_0":["29"],
"labeledTemplateNumber_Mined_splitClauses_0":["8"],
"unlabeledBinaryVariableTemplatesNumber_All_splitClauses_0":["48"],
"relationSymbolNumberAfterSimplification_Labeled_splitClauses_1":["24744"],
"labeledSingleVariableTemplatesNumber_PredictedCDHG_splitClauses_1":["1"],
"minedSingleVariableTemplatesNumber_Mined_splitClauses_1":["22"],
"labeledTemplateRelationSymbolNumber_Term_splitClauses_0":["1"],
"unlabeledTemplateRelationSymbolNumber_Term_splitClauses_1":["1"],
"predicateGeneratorTime_All_splitClauses_1":["10800000"],
"unlabeledSingleVariableTemplatesNumber_Random_splitClauses_0":["39"],
"predicateGeneratorTime_Unlabeled_splitClauses_1":["10781"],
"cegarIterationNumber_PredictedCDHG_splitClauses_0":["10800000"],
"labeledTemplateNumber_RelationalEqs_splitClauses_0":["8"],
"labeledTemplateRelationSymbolNumber_Mined_splitClauses_1":["1"],
"labeledTemplateRelationSymbolNumber_Random_splitClauses_0":["1"],
"labeledBinaryVariableTemplatesNumber_RelationalEqs_splitClauses_1":["7"],
"generatedPredicateNumber_RelationalIneqs_splitClauses_1":["33"],
"unlabeledTemplateRelationSymbolNumber_PredictedCG_splitClauses_1":["1"],
"unlabeledSingleVariableTemplatesNumber_RelationalEqs_splitClauses_0":["39"],
"labeledBinaryVariableTemplatesNumber_Labeled_splitClauses_0":["7"],
"minedBinaryVariableTemplatesNumber_PredictedCDHG_splitClauses_0":["7"],
"unlabeledTemplateRelationSymbolNumber_Unlabeled_splitClauses_0":["1"],
"clauseNumberAfterSimplification_Term_splitClauses_1":["24660"],
"unlabeledTemplateNumber_Octagon_splitClauses_0":["87"],
"unlabeledBinaryVariableTemplatesNumber_RelationalEqs_splitClauses_1":["48"],
"unlabeledTemplateNumber_PredictedCG_splitClauses_0":["87"],
"unlabeledTemplateNumber_All_splitClauses_0":["87"],
"labeledTemplateRelationSymbolNumber_RelationalIneqs_splitClauses_1":["1"],
"unlabeledSingleVariableTemplatesNumber_Mined_splitClauses_1":["39"],
"labeledTemplateRelationSymbolNumber_Unlabeled_splitClauses_1":["1"],
"labeledBinaryVariableTemplatesNumber_Random_splitClauses_1":["7"],
"solvability_Random_splitClauses_1":["1"],
"solvingTime_Term_splitClauses_0":["10800000"],
"minedSingleVariableTemplatesNumber_Labeled_splitClauses_1":["22"],
"clauseNumberBeforeSimplification_Term_splitClauses_0":["5"],
"relationSymbolNumberBeforeSimplification_RelationalIneqs_splitClauses_1":["9"],
"minedTemplateRelationSymbolNumber_Mined_splitClauses_0":["1"],
"solvability_Octagon_splitClauses_1":["1"],
"minedSingleVariableTemplatesNumber_RelationalIneqs_splitClauses_1":["22"],
"smt2FileSizeByte_Labeled_splitClauses_0":["25394"],
"solvability_RelationalEqs_splitClauses_1":["1"],
"unlabeledSingleVariableTemplatesNumber_Empty_splitClauses_1":["39"],
"labeledTemplateNumber_PredictedCDHG_splitClauses_1":["8"],
"minedTemplateRelationSymbolNumber_Octagon_splitClauses_0":["1"],
"clauseNumberAfterSimplification_Unlabeled_splitClauses_0":["24660"],
"clauseNumberBeforeSimplification_Unlabeled_splitClauses_0":["5"],
"clauseNumberBeforeSimplification_PredictedCDHG_splitClauses_0":["5"],
"cegarIterationNumber_RelationalIneqs_splitClauses_0":["10800000"],
"labeledTemplateRelationSymbolNumber_RelationalEqs_splitClauses_0":["1"],
"averagePredicateSize_Labeled_splitClauses_0":["10800000"],
"smt2FileSizeByte_RelationalIneqs_splitClauses_1":["25394"],
"clauseNumberBeforeSimplification_RelationalEqs_splitClauses_1":["5"],
"unlabeledTemplateRelationSymbolNumber_RelationalIneqs_splitClauses_1":["1"],
"clauseNumberBeforeSimplification_PredictedCG_splitClauses_0":["5"],
"solvingTime_PredictedCDHG_splitClauses_0":["10800000"],
"labeledTemplateRelationSymbolNumber_Octagon_splitClauses_1":["1"],
"minedTemplateRelationSymbolNumber_PredictedCG_splitClauses_1":["1"],
"relationSymbolNumberBeforeSimplification_RelationalEqs_splitClauses_1":["9"],
"labeledTemplateNumber_Random_splitClauses_1":["8"],
"solvingTime_RelationalIneqs_splitClauses_0":["10800000"],
"labeledTemplateNumber_All_splitClauses_1":["8"],
"unlabeledTemplateNumber_Random_splitClauses_1":["87"],
"relationSymbolNumberBeforeSimplification_All_splitClauses_0":["9"],
"smt2FileSizeByte_Unlabeled_splitClauses_1":["25394"],
"cegarIterationNumber_PredictedCG_splitClauses_0":["10800000"],
"predicateGeneratorTime_Octagon_splitClauses_0":["10800000"],
"unlabeledTemplateNumber_RelationalEqs_splitClauses_1":["87"],
"clauseNumberAfterSimplification_Octagon_splitClauses_0":["24660"],
"cegarIterationNumber_Random_splitClauses_0":["10800000"],
"solvability_PredictedCDHG_splitClauses_1":["10800000"],
"solvability_PredictedCG_splitClauses_0":["10800000"],
"solvingTime_PredictedCG_splitClauses_1":["10800000"],
"unlabeledSingleVariableTemplatesNumber_Unlabeled_splitClauses_0":["39"],
"unlabeledTemplateNumber_Unlabeled_splitClauses_0":["87"],
"labeledTemplateRelationSymbolNumber_RelationalIneqs_splitClauses_0":["1"],
"minedTemplateNumber_Random_splitClauses_1":["29"],
"generatedPredicateNumber_RelationalEqs_splitClauses_0":["10800000"],
"minedTemplateNumber_Term_splitClauses_0":["29"],
"solvingTime_All_splitClauses_1":["10800000"],
"minedSingleVariableTemplatesNumber_PredictedCG_splitClauses_0":["22"],
"smt2FileSizeByte_Term_splitClauses_1":["25394"],
"labeledBinaryVariableTemplatesNumber_All_splitClauses_0":["7"],
"minedTemplateNumber_PredictedCDHG_splitClauses_1":["29"],
"minedTemplateRelationSymbolNumber_PredictedCDHG_splitClauses_0":["1"],
"averagePredicateSize_Unlabeled_splitClauses_0":["10800000"],
"minedBinaryVariableTemplatesNumber_Octagon_splitClauses_1":["7"],
"unlabeledSingleVariableTemplatesNumber_Random_splitClauses_1":["39"],
"clauseNumberBeforeSimplification_Random_splitClauses_0":["5"],
"solvingTime_Unlabeled_splitClauses_1":["50969"],
"predicateGeneratorTime_PredictedCDHG_splitClauses_1":["10800000"],
"averagePredicateSize_PredictedCDHG_splitClauses_0":["10800000"],
"relationSymbolNumberAfterSimplification_RelationalEqs_splitClauses_0":["24744"],
"minedBinaryVariableTemplatesNumber_Term_splitClauses_0":["7"],
"labeledTemplateNumber_RelationalIneqs_splitClauses_0":["8"],
"clauseNumberAfterSimplification_Random_splitClauses_0":["24660"],
"clauseNumberAfterSimplification_PredictedCG_splitClauses_0":["24660"],
"generatedPredicateNumber_Empty_splitClauses_1":["28"],
"clauseNumberBeforeSimplification_Octagon_splitClauses_0":["5"],
"unlabeledTemplateNumber_Empty_splitClauses_0":["87"],
"minedSingleVariableTemplatesNumber_All_splitClauses_0":["22"],
"labeledTemplateRelationSymbolNumber_Octagon_splitClauses_0":["1"],
"generatedPredicateNumber_Random_splitClauses_1":["46"],
"clauseNumberAfterSimplification_RelationalEqs_splitClauses_0":["24660"],
"labeledBinaryVariableTemplatesNumber_Term_splitClauses_0":["7"],
"minedSingleVariableTemplatesNumber_RelationalEqs_splitClauses_0":["22"],
"minedTemplateNumber_Mined_splitClauses_0":["29"],
"relationSymbolNumberBeforeSimplification_PredictedCG_splitClauses_0":["9"],
"averagePredicateSize_Octagon_splitClauses_0":["10800000"],
"unlabeledBinaryVariableTemplatesNumber_Empty_splitClauses_1":["48"],
"unlabeledSingleVariableTemplatesNumber_PredictedCDHG_splitClauses_0":["39"],
"unlabeledSingleVariableTemplatesNumber_PredictedCG_splitClauses_1":["39"],
"labeledTemplateRelationSymbolNumber_Labeled_splitClauses_1":["1"],
"minedTemplateRelationSymbolNumber_Random_splitClauses_0":["1"],
"unlabeledTemplateRelationSymbolNumber_PredictedCG_splitClauses_0":["1"],
"unlabeledTemplateNumber_RelationalIneqs_splitClauses_0":["87"],
"unlabeledSingleVariableTemplatesNumber_Labeled_splitClauses_0":["39"],
"relationSymbolNumberAfterSimplification_PredictedCG_splitClauses_0":["24744"],
"minedTemplateNumber_Unlabeled_splitClauses_1":["29"],
"generatedPredicateNumber_PredictedCG_splitClauses_0":["10800000"],
"labeledTemplateNumber_Unlabeled_splitClauses_1":["8"],
"unlabeledTemplateRelationSymbolNumber_Empty_splitClauses_1":["1"],
"clauseNumberBeforeSimplification_Empty_splitClauses_0":["5"],
"solvingTime_Octagon_splitClauses_1":["50837"],
"cegarIterationNumber_Mined_splitClauses_1":["15"],
"clauseNumberBeforeSimplification_Mined_splitClauses_1":["5"],
"smt2FileSizeByte_PredictedCDHG_splitClauses_0":["25394"],
"averagePredicateSize_PredictedCG_splitClauses_0":["10800000"],
"solvingTime_Random_splitClauses_0":["10800000"],
"minedTemplateNumber_RelationalEqs_splitClauses_0":["29"],
"unlabeledSingleVariableTemplatesNumber_RelationalIneqs_splitClauses_0":["39"],
"unlabeledTemplateNumber_Unlabeled_splitClauses_1":["87"],
"labeledBinaryVariableTemplatesNumber_RelationalEqs_splitClauses_0":["7"],
"generatedPredicateNumber_PredictedCDHG_splitClauses_0":["10800000"],
"relationSymbolNumberAfterSimplification_RelationalIneqs_splitClauses_0":["24744"],
"minedTemplateRelationSymbolNumber_Empty_splitClauses_1":["1"],
"predicateGeneratorTime_Random_splitClauses_1":["13460"],
"labeledTemplateNumber_Term_splitClauses_1":["8"],
"relationSymbolNumberBeforeSimplification_RelationalEqs_splitClauses_0":["9"],
"minedSingleVariableTemplatesNumber_Empty_splitClauses_1":["22"],
"minedSingleVariableTemplatesNumber_RelationalIneqs_splitClauses_0":["22"],
"clauseNumberAfterSimplification_All_splitClauses_0":["24660"],
"unlabeledBinaryVariableTemplatesNumber_RelationalEqs_splitClauses_0":["48"],
"cegarIterationNumber_RelationalEqs_splitClauses_0":["10800000"],
"labeledTemplateRelationSymbolNumber_PredictedCDHG_splitClauses_0":["1"],
"labeledSingleVariableTemplatesNumber_Labeled_splitClauses_1":["1"],
"unlabeledBinaryVariableTemplatesNumber_All_splitClauses_1":["48"],
"minedTemplateRelationSymbolNumber_Unlabeled_splitClauses_1":["1"],
"solvingTime_RelationalEqs_splitClauses_0":["10800000"],
"solvingTime_RelationalEqs_splitClauses_1":["76215"],
"minedBinaryVariableTemplatesNumber_Mined_splitClauses_0":["7"],
"clauseNumberBeforeSimplification_All_splitClauses_0":["5"],
"clauseNumberBeforeSimplification_RelationalIneqs_splitClauses_1":["5"],
"labeledTemplateNumber_RelationalEqs_splitClauses_1":["8"],
"labeledBinaryVariableTemplatesNumber_RelationalIneqs_splitClauses_0":["7"],
"relationSymbolNumberBeforeSimplification_Labeled_splitClauses_0":["9"],
"clauseNumberAfterSimplification_Empty_splitClauses_0":["24660"],
"averagePredicateSize_Empty_splitClauses_0":["10800000"],
"unlabeledTemplateNumber_Term_splitClauses_1":["87"],
"predicateGeneratorTime_Mined_splitClauses_1":["9901"],
"labeledBinaryVariableTemplatesNumber_RelationalIneqs_splitClauses_1":["7"],
"predicateGeneratorTime_Unlabeled_splitClauses_0":["10800000"],
"relationSymbolNumberAfterSimplification_Empty_splitClauses_0":["24744"],
"generatedPredicateNumber_Mined_splitClauses_0":["10800000"],
"generatedPredicateNumber_RelationalEqs_splitClauses_1":["38"],
"labeledTemplateRelationSymbolNumber_PredictedCG_splitClauses_0":["1"],
"minedSingleVariableTemplatesNumber_PredictedCG_splitClauses_1":["22"],
"minedTemplateRelationSymbolNumber_PredictedCG_splitClauses_0":["1"],
"unlabeledTemplateRelationSymbolNumber_Labeled_splitClauses_0":["1"],
"solvability_Empty_splitClauses_1":["1"],
"averagePredicateSize_Term_splitClauses_0":["10800000"],
"cegarIterationNumber_Random_splitClauses_1":["14"],
"averagePredicateSize_Labeled_splitClauses_1":["1"],
"unlabeledBinaryVariableTemplatesNumber_Unlabeled_splitClauses_0":["48"],
"generatedPredicateNumber_Unlabeled_splitClauses_1":["30"],
"predicateGeneratorTime_All_splitClauses_0":["10800000"],
"unlabeledBinaryVariableTemplatesNumber_PredictedCDHG_splitClauses_1":["48"],
"clauseNumberBeforeSimplification_Labeled_splitClauses_1":["5"],
"minedBinaryVariableTemplatesNumber_Labeled_splitClauses_1":["7"],
"labeledSingleVariableTemplatesNumber_All_splitClauses_0":["1"],
"unlabeledTemplateRelationSymbolNumber_Mined_splitClauses_0":["1"],
"cegarIterationNumber_Octagon_splitClauses_1":["12"],
"labeledTemplateNumber_Octagon_splitClauses_0":["8"],
"labeledTemplateRelationSymbolNumber_All_splitClauses_1":["1"],
"smt2FileSizeByte_Empty_splitClauses_0":["25394"],
"unlabeledTemplateNumber_Octagon_splitClauses_1":["87"],
"predicateGeneratorTime_RelationalEqs_splitClauses_0":["10800000"],
"unlabeledTemplateRelationSymbolNumber_RelationalIneqs_splitClauses_0":["1"],
"smt2FileSizeByte_RelationalEqs_splitClauses_1":["25394"],
"unlabeledTemplateNumber_Labeled_splitClauses_0":["87"],
"minedSingleVariableTemplatesNumber_Labeled_splitClauses_0":["22"],
"solvingTime_PredictedCDHG_splitClauses_1":["10800000"],
"relationSymbolNumberBeforeSimplification_Term_splitClauses_1":["9"],
"minedTemplateNumber_Octagon_splitClauses_1":["29"],
"clauseNumberBeforeSimplification_Mined_splitClauses_0":["5"],
"smt2FileSizeByte_All_splitClauses_0":["25394"],
"solvingTime_All_splitClauses_0":["10800000"],
"minedBinaryVariableTemplatesNumber_Term_splitClauses_1":["7"],
"unlabeledTemplateRelationSymbolNumber_Random_splitClauses_0":["1"],
"cegarIterationNumber_All_splitClauses_0":["10800000"],
"smt2FileSizeByte_RelationalEqs_splitClauses_0":["25394"],
"unlabeledSingleVariableTemplatesNumber_PredictedCDHG_splitClauses_1":["39"],
"clauseNumberBeforeSimplification_Labeled_splitClauses_0":["5"],
"cegarIterationNumber_PredictedCG_splitClauses_1":["10800000"],
"labeledTemplateRelationSymbolNumber_Unlabeled_splitClauses_0":["1"],
"unlabeledTemplateRelationSymbolNumber_Octagon_splitClauses_1":["1"],
"unlabeledTemplateNumber_Empty_splitClauses_1":["87"],
"clauseNumberBeforeSimplification_Octagon_splitClauses_1":["5"],
"labeledTemplateNumber_Unlabeled_splitClauses_0":["8"],
"labeledBinaryVariableTemplatesNumber_PredictedCG_splitClauses_0":["7"],
"solvability_Term_splitClauses_1":["1"],
"solvability_Octagon_splitClauses_0":["10800000"],
"minedTemplateRelationSymbolNumber_RelationalIneqs_splitClauses_0":["1"],
"clauseNumberBeforeSimplification_RelationalIneqs_splitClauses_0":["5"],
"labeledTemplateNumber_PredictedCG_splitClauses_0":["8"],
"cegarIterationNumber_Labeled_splitClauses_0":["10800000"],
"smt2FileSizeByte_Labeled_splitClauses_1":["25394"],
"clauseNumberBeforeSimplification_Unlabeled_splitClauses_1":["5"],
"generatedPredicateNumber_Term_splitClauses_1":["41"],
"solvingTime_Term_splitClauses_1":["57249"],
"unlabeledBinaryVariableTemplatesNumber_Random_splitClauses_1":["48"],
"unlabeledSingleVariableTemplatesNumber_Octagon_splitClauses_0":["39"],
"solvingTime_Octagon_splitClauses_0":["10800000"],
"labeledSingleVariableTemplatesNumber_Mined_splitClauses_1":["1"],
"averagePredicateSize_Term_splitClauses_1":["1"],
"labeledTemplateNumber_Labeled_splitClauses_0":["8"],
"unlabeledSingleVariableTemplatesNumber_PredictedCG_splitClauses_0":["39"],
"smt2FileSizeByte_Mined_splitClauses_1":["25394"],
"labeledBinaryVariableTemplatesNumber_Unlabeled_splitClauses_1":["7"],
"labeledTemplateNumber_All_splitClauses_0":["8"],
"unlabeledTemplateNumber_Random_splitClauses_0":["87"],
"labeledTemplateNumber_Octagon_splitClauses_1":["8"],
"unlabeledTemplateNumber_PredictedCDHG_splitClauses_1":["87"],
"unlabeledBinaryVariableTemplatesNumber_Mined_splitClauses_0":["48"],
"minedTemplateRelationSymbolNumber_Mined_splitClauses_1":["1"],
"labeledTemplateNumber_RelationalIneqs_splitClauses_1":["8"],
"relationSymbolNumberAfterSimplification_All_splitClauses_0":["24744"],
"relationSymbolNumberBeforeSimplification_PredictedCDHG_splitClauses_0":["9"],
"solvability_Term_splitClauses_0":["10800000"],
"clauseNumberBeforeSimplification_PredictedCG_splitClauses_1":["5"],
"generatedPredicateNumber_Labeled_splitClauses_1":["37"],
"labeledSingleVariableTemplatesNumber_Unlabeled_splitClauses_0":["1"],
"unlabeledBinaryVariableTemplatesNumber_Empty_splitClauses_0":["48"],
"solvingTime_Mined_splitClauses_0":["10800000"],
"unlabeledTemplateNumber_All_splitClauses_1":["87"],
"clauseNumberAfterSimplification_Random_splitClauses_1":["24660"],
"labeledBinaryVariableTemplatesNumber_Octagon_splitClauses_1":["7"],
"unlabeledBinaryVariableTemplatesNumber_Labeled_splitClauses_0":["48"],
"smt2FileSizeByte_Octagon_splitClauses_0":["25394"],
"labeledSingleVariableTemplatesNumber_Random_splitClauses_1":["1"],
"solvability_Unlabeled_splitClauses_0":["10800000"],
"solvingTime_Unlabeled_splitClauses_0":["10800000"],
"unlabeledTemplateRelationSymbolNumber_All_splitClauses_1":["1"],
"minedTemplateNumber_Empty_splitClauses_1":["29"],
"solvability_RelationalIneqs_splitClauses_0":["10800000"],
"unlabeledTemplateRelationSymbolNumber_Labeled_splitClauses_1":["1"],
"cegarIterationNumber_RelationalEqs_splitClauses_1":["15"],
"minedSingleVariableTemplatesNumber_RelationalEqs_splitClauses_1":["22"],
"clauseNumberAfterSimplification_PredictedCDHG_splitClauses_1":["24660"],
"minedBinaryVariableTemplatesNumber_RelationalIneqs_splitClauses_1":["7"],
"unlabeledBinaryVariableTemplatesNumber_Mined_splitClauses_1":["48"],
"unlabeledBinaryVariableTemplatesNumber_PredictedCDHG_splitClauses_0":["48"],
"solvingTime_Empty_splitClauses_1":["42223"],
"labeledTemplateRelationSymbolNumber_Empty_splitClauses_1":["1"],
"generatedPredicateNumber_Term_splitClauses_0":["10800000"],
"averagePredicateSize_Empty_splitClauses_1":["1"],
"generatedPredicateNumber_PredictedCG_splitClauses_1":["10800000"],
"labeledTemplateRelationSymbolNumber_PredictedCDHG_splitClauses_1":["1"],
"predicateGeneratorTime_Mined_splitClauses_0":["10800000"],
"relationSymbolNumberBeforeSimplification_Term_splitClauses_0":["9"],
"predicateGeneratorTime_Labeled_splitClauses_0":["10800000"],
"labeledSingleVariableTemplatesNumber_Random_splitClauses_0":["1"],
"unlabeledTemplateRelationSymbolNumber_All_splitClauses_0":["1"],
"minedBinaryVariableTemplatesNumber_Labeled_splitClauses_0":["7"],
"generatedPredicateNumber_Labeled_splitClauses_0":["10800000"],
"relationSymbolNumberAfterSimplification_Empty_splitClauses_1":["24744"],
"solvingTime_Mined_splitClauses_1":["74916"],
"minedSingleVariableTemplatesNumber_All_splitClauses_1":["22"],
"predicateGeneratorTime_Random_splitClauses_0":["10800000"],
"cegarIterationNumber_Term_splitClauses_1":["17"],
"labeledTemplateNumber_Empty_splitClauses_1":["8"],
"clauseNumberAfterSimplification_Empty_splitClauses_1":["24660"],
"minedTemplateRelationSymbolNumber_Empty_splitClauses_0":["1"],
"unlabeledSingleVariableTemplatesNumber_Term_splitClauses_0":["39"],
"minedSingleVariableTemplatesNumber_Empty_splitClauses_0":["22"],
"relationSymbolNumberAfterSimplification_Random_splitClauses_0":["24744"],
"minedTemplateRelationSymbolNumber_RelationalEqs_splitClauses_0":["1"],
"cegarIterationNumber_Empty_splitClauses_0":["10800000"],
"minedBinaryVariableTemplatesNumber_RelationalEqs_splitClauses_1":["7"],
"relationSymbolNumberBeforeSimplification_PredictedCG_splitClauses_1":["9"],
"labeledSingleVariableTemplatesNumber_All_splitClauses_1":["1"],
"unlabeledTemplateRelationSymbolNumber_Octagon_splitClauses_0":["1"],
"minedTemplateRelationSymbolNumber_Unlabeled_splitClauses_0":["1"],
"labeledBinaryVariableTemplatesNumber_Mined_splitClauses_0":["7"],
"relationSymbolNumberAfterSimplification_Unlabeled_splitClauses_1":["24744"],
"minedTemplateNumber_PredictedCG_splitClauses_1":["29"],
"cegarIterationNumber_Empty_splitClauses_1":["21"],
"averagePredicateSize_RelationalIneqs_splitClauses_0":["10800000"],
"solvability_All_splitClauses_1":["10800000"],
"unlabeledBinaryVariableTemplatesNumber_Term_splitClauses_1":["48"],
"minedTemplateRelationSymbolNumber_Labeled_splitClauses_1":["1"],
"averagePredicateSize_Unlabeled_splitClauses_1":["1"],
"labeledTemplateNumber_Term_splitClauses_0":["8"],
"smt2FileSizeByte_Empty_splitClauses_1":["25394"],
"solvingTime_PredictedCG_splitClauses_0":["10800000"],
"cegarIterationNumber_All_splitClauses_1":["10800000"],
"clauseNumberBeforeSimplification_Term_splitClauses_1":["5"],
"predicateGeneratorTime_Empty_splitClauses_0":["10800000"],
"relationSymbolNumberBeforeSimplification_Empty_splitClauses_1":["9"],
"averagePredicateSize_All_splitClauses_0":["10800000"],
"unlabeledBinaryVariableTemplatesNumber_Random_splitClauses_0":["48"],
"smt2FileSizeByte_Term_splitClauses_0":["25394"],
"averagePredicateSize_Mined_splitClauses_1":["1"],
"minedBinaryVariableTemplatesNumber_Empty_splitClauses_0":["7"],
"minedTemplateRelationSymbolNumber_All_splitClauses_1":["1"],
"labeledSingleVariableTemplatesNumber_PredictedCG_splitClauses_0":["1"],
"unlabeledBinaryVariableTemplatesNumber_RelationalIneqs_splitClauses_0":["48"],
"unlabeledSingleVariableTemplatesNumber_RelationalIneqs_splitClauses_1":["39"],
"clauseNumberAfterSimplification_RelationalIneqs_splitClauses_0":["24660"],
"unlabeledTemplateNumber_RelationalEqs_splitClauses_0":["87"],
"unlabeledTemplateNumber_RelationalIneqs_splitClauses_1":["87"],
"labeledTemplateRelationSymbolNumber_PredictedCG_splitClauses_1":["1"],
"labeledTemplateRelationSymbolNumber_All_splitClauses_0":["1"],
"labeledSingleVariableTemplatesNumber_Octagon_splitClauses_0":["1"],
"dummyFiled":[]
}