{
"cegarIterationNumber_Term_splitClauses_0":[2],
"cegarIterationNumber_RelationalIneqs_splitClauses_1":[2],
"cegarIterationNumber_Octagon_splitClauses_0":[2],
"solvingTime_RelationalIneqs_splitClauses_1":[158],
"solvingTime_Term_splitClauses_0":[193],
"cegarIterationNumber_RelationalIneqs_splitClauses_0":[2],
"solvingTime_RelationalIneqs_splitClauses_0":[126],
"solvingTime_Octagon_splitClauses_1":[149],
"cegarIterationNumber_RelationalEqs_splitClauses_0":[2],
"solvingTime_RelationalEqs_splitClauses_0":[188],
"solvingTime_RelationalEqs_splitClauses_1":[204],
"cegarIterationNumber_Octagon_splitClauses_1":[2],
"solvingTime_Term_splitClauses_1":[173],
"solvingTime_Octagon_splitClauses_0":[230],
"cegarIterationNumber_RelationalEqs_splitClauses_1":[2],
"cegarIterationNumber_Term_splitClauses_1":[2],
"dummyFiled":[]
}