{
"cegarIterationNumber_Term_splitClauses_0":[32],
"cegarIterationNumber_RelationalIneqs_splitClauses_1":[35],
"cegarIterationNumber_Octagon_splitClauses_0":[32],
"solvingTime_RelationalIneqs_splitClauses_1":[1196],
"solvingTime_Term_splitClauses_0":[1210],
"cegarIterationNumber_RelationalIneqs_splitClauses_0":[32],
"solvingTime_RelationalIneqs_splitClauses_0":[1527],
"solvingTime_Octagon_splitClauses_1":[1181],
"cegarIterationNumber_RelationalEqs_splitClauses_0":[32],
"solvingTime_RelationalEqs_splitClauses_0":[1423],
"solvingTime_RelationalEqs_splitClauses_1":[1295],
"cegarIterationNumber_Octagon_splitClauses_1":[35],
"solvingTime_Term_splitClauses_1":[1064],
"solvingTime_Octagon_splitClauses_0":[1211],
"cegarIterationNumber_RelationalEqs_splitClauses_1":[35],
"cegarIterationNumber_Term_splitClauses_1":[35],
"dummyFiled":[]
}