{
"smt2FileSizeByte_All_splitClauses_1":["5247"],
"generatedPredicateNumber_All_splitClauses_1":["10800000"],
"unlabeledTemplateRelationSymbolNumber_PredictedCDHG_splitClauses_0":["1"],
"predicateGeneratorTime_Term_splitClauses_0":["10800000"],
"averagePredicateSize_Random_splitClauses_1":["10800000"],
"labeledBinaryVariableTemplatesNumber_Labeled_splitClauses_1":["1"],
"clauseNumberBeforeSimplification_All_splitClauses_1":["11"],
"minedTemplateRelationSymbolNumber_Term_splitClauses_0":["1"],
"solvingTime_Labeled_splitClauses_1":["10800000"],
"unlabeledTemplateNumber_Labeled_splitClauses_1":["34"],
"relationSymbolNumber_Term_splitClauses_1":["890"],
"minedTemplateRelationSymbolNumber_Octagon_splitClauses_1":["1"],
"clauseNumberAfterSimplification_Mined_splitClauses_1":["493"],
"unlabeledBinaryVariableTemplatesNumber_Term_splitClauses_0":["18"],
"labeledTemplateNumber_PredictedCDHG_splitClauses_0":["4"],
"relationSymbolNumber_RelationalEqs_splitClauses_1":["890"],
"solvability_Empty_splitClauses_0":["10800000"],
"unlabeledTemplateRelationSymbolNumber_Random_splitClauses_1":["1"],
"labeledBinaryVariableTemplatesNumber_Octagon_splitClauses_0":["1"],
"minedTemplateRelationSymbolNumber_Random_splitClauses_1":["1"],
"unlabeledSingleVariableTemplatesNumber_Mined_splitClauses_0":["16"],
"unlabeledBinaryVariableTemplatesNumber_PredictedCG_splitClauses_1":["18"],
"solvability_All_splitClauses_0":["10800000"],
"predicateGeneratorTime_RelationalEqs_splitClauses_1":["10800000"],
"smt2FileSizeByte_PredictedCG_splitClauses_1":["5247"],
"labeledSingleVariableTemplatesNumber_Unlabeled_splitClauses_1":["3"],
"labeledBinaryVariableTemplatesNumber_PredictedCG_splitClauses_1":["1"],
"minedBinaryVariableTemplatesNumber_PredictedCG_splitClauses_0":["1"],
"solvability_Random_splitClauses_0":["10800000"],
"clauseNumberBeforeSimplification_PredictedCDHG_splitClauses_1":["11"],
"labeledSingleVariableTemplatesNumber_Mined_splitClauses_0":["3"],
"solvability_Unlabeled_splitClauses_1":["10800000"],
"cegarIterationNumber_Labeled_splitClauses_1":["10800000"],
"smt2FileSizeByte_Mined_splitClauses_0":["5247"],
"labeledSingleVariableTemplatesNumber_PredictedCG_splitClauses_1":["3"],
"smt2FileSizeByte_Octagon_splitClauses_1":["5247"],
"minedTemplateNumber_Labeled_splitClauses_1":["10"],
"labeledSingleVariableTemplatesNumber_RelationalIneqs_splitClauses_1":["3"],
"clauseNumberAfterSimplification_Labeled_splitClauses_1":["493"],
"smt2FileSizeByte_Random_splitClauses_0":["5247"],
"unlabeledTemplateRelationSymbolNumber_PredictedCDHG_splitClauses_1":["1"],
"labeledSingleVariableTemplatesNumber_Term_splitClauses_0":["3"],
"generatedPredicateNumber_PredictedCDHG_splitClauses_1":["10800000"],
"minedSingleVariableTemplatesNumber_Unlabeled_splitClauses_0":["9"],
"generatedPredicateNumber_Octagon_splitClauses_1":["10800000"],
"labeledSingleVariableTemplatesNumber_RelationalEqs_splitClauses_0":["3"],
"predicateGeneratorTime_PredictedCG_splitClauses_1":["10800000"],
"labeledTemplateNumber_Labeled_splitClauses_1":["4"],
"labeledSingleVariableTemplatesNumber_Empty_splitClauses_0":["3"],
"minedTemplateRelationSymbolNumber_RelationalIneqs_splitClauses_1":["1"],
"unlabeledSingleVariableTemplatesNumber_All_splitClauses_1":["16"],
"labeledBinaryVariableTemplatesNumber_PredictedCDHG_splitClauses_1":["1"],
"unlabeledSingleVariableTemplatesNumber_RelationalEqs_splitClauses_1":["16"],
"cegarIterationNumber_Term_splitClauses_0":["10800000"],
"unlabeledBinaryVariableTemplatesNumber_Labeled_splitClauses_1":["18"],
"unlabeledSingleVariableTemplatesNumber_Term_splitClauses_1":["16"],
"clauseNumberAfterSimplification_All_splitClauses_1":["493"],
"minedSingleVariableTemplatesNumber_Random_splitClauses_0":["9"],
"solvability_RelationalIneqs_splitClauses_1":["10800000"],
"minedTemplateNumber_Labeled_splitClauses_0":["10"],
"minedSingleVariableTemplatesNumber_Octagon_splitClauses_0":["9"],
"minedSingleVariableTemplatesNumber_Term_splitClauses_1":["9"],
"minedBinaryVariableTemplatesNumber_PredictedCDHG_splitClauses_1":["1"],
"generatedPredicateNumber_Mined_splitClauses_1":["5"],
"relationSymbolNumber_Octagon_splitClauses_1":["890"],
"relationSymbolNumber_Unlabeled_splitClauses_1":["890"],
"labeledSingleVariableTemplatesNumber_RelationalIneqs_splitClauses_0":["3"],
"averagePredicateSize_Mined_splitClauses_0":["10800000"],
"cegarIterationNumber_Unlabeled_splitClauses_0":["10800000"],
"minedBinaryVariableTemplatesNumber_Random_splitClauses_0":["1"],
"labeledTemplateNumber_Mined_splitClauses_1":["4"],
"labeledBinaryVariableTemplatesNumber_Random_splitClauses_0":["1"],
"unlabeledTemplateRelationSymbolNumber_Unlabeled_splitClauses_1":["1"],
"cegarIterationNumber_Mined_splitClauses_0":["10800000"],
"minedTemplateRelationSymbolNumber_Labeled_splitClauses_0":["1"],
"unlabeledBinaryVariableTemplatesNumber_RelationalIneqs_splitClauses_1":["18"],
"unlabeledBinaryVariableTemplatesNumber_Octagon_splitClauses_0":["18"],
"solvability_Mined_splitClauses_0":["10800000"],
"averagePredicateSize_RelationalEqs_splitClauses_0":["10800000"],
"clauseNumberAfterSimplification_Term_splitClauses_0":["493"],
"unlabeledTemplateNumber_Mined_splitClauses_0":["34"],
"unlabeledTemplateNumber_PredictedCDHG_splitClauses_0":["34"],
"cegarIterationNumber_RelationalIneqs_splitClauses_1":["10800000"],
"minedBinaryVariableTemplatesNumber_Unlabeled_splitClauses_1":["1"],
"labeledTemplateNumber_PredictedCG_splitClauses_1":["4"],
"labeledTemplateRelationSymbolNumber_Mined_splitClauses_0":["1"],
"labeledBinaryVariableTemplatesNumber_Mined_splitClauses_1":["1"],
"clauseNumberAfterSimplification_RelationalIneqs_splitClauses_1":["493"],
"minedSingleVariableTemplatesNumber_PredictedCDHG_splitClauses_0":["9"],
"solvability_Labeled_splitClauses_1":["10800000"],
"labeledSingleVariableTemplatesNumber_Octagon_splitClauses_1":["3"],
"averagePredicateSize_Random_splitClauses_0":["10800000"],
"smt2FileSizeByte_RelationalIneqs_splitClauses_0":["5247"],
"generatedPredicateNumber_Unlabeled_splitClauses_0":["10800000"],
"solvability_RelationalEqs_splitClauses_0":["10800000"],
"predicateGeneratorTime_Empty_splitClauses_1":["10800000"],
"minedSingleVariableTemplatesNumber_Mined_splitClauses_0":["9"],
"minedTemplateRelationSymbolNumber_PredictedCDHG_splitClauses_1":["1"],
"minedTemplateNumber_PredictedCG_splitClauses_0":["10"],
"averagePredicateSize_RelationalIneqs_splitClauses_1":["10800000"],
"labeledTemplateRelationSymbolNumber_Random_splitClauses_1":["1"],
"minedTemplateNumber_RelationalIneqs_splitClauses_0":["10"],
"predicateGeneratorTime_RelationalIneqs_splitClauses_0":["10800000"],
"labeledTemplateRelationSymbolNumber_Empty_splitClauses_0":["1"],
"minedBinaryVariableTemplatesNumber_Octagon_splitClauses_0":["1"],
"relationSymbolNumber_Labeled_splitClauses_0":["890"],
"labeledSingleVariableTemplatesNumber_Term_splitClauses_1":["3"],
"labeledBinaryVariableTemplatesNumber_Empty_splitClauses_0":["1"],
"minedTemplateNumber_Octagon_splitClauses_0":["10"],
"labeledBinaryVariableTemplatesNumber_Unlabeled_splitClauses_0":["1"],
"clauseNumberAfterSimplification_PredictedCDHG_splitClauses_0":["493"],
"smt2FileSizeByte_PredictedCG_splitClauses_0":["5247"],
"minedBinaryVariableTemplatesNumber_RelationalEqs_splitClauses_0":["1"],
"labeledTemplateRelationSymbolNumber_RelationalEqs_splitClauses_1":["1"],
"minedBinaryVariableTemplatesNumber_Random_splitClauses_1":["1"],
"clauseNumberAfterSimplification_Unlabeled_splitClauses_1":["493"],
"minedSingleVariableTemplatesNumber_PredictedCDHG_splitClauses_1":["9"],
"labeledBinaryVariableTemplatesNumber_Term_splitClauses_1":["1"],
"clauseNumberBeforeSimplification_Empty_splitClauses_1":["11"],
"minedBinaryVariableTemplatesNumber_Mined_splitClauses_1":["1"],
"unlabeledBinaryVariableTemplatesNumber_Unlabeled_splitClauses_1":["18"],
"unlabeledTemplateNumber_PredictedCG_splitClauses_1":["34"],
"generatedPredicateNumber_Empty_splitClauses_0":["10800000"],
"predicateGeneratorTime_RelationalIneqs_splitClauses_1":["10800000"],
"unlabeledSingleVariableTemplatesNumber_Empty_splitClauses_0":["16"],
"cegarIterationNumber_Octagon_splitClauses_0":["10800000"],
"clauseNumberAfterSimplification_Octagon_splitClauses_1":["493"],
"unlabeledSingleVariableTemplatesNumber_Labeled_splitClauses_1":["16"],
"clauseNumberBeforeSimplification_Random_splitClauses_1":["11"],
"minedTemplateRelationSymbolNumber_All_splitClauses_0":["1"],
"unlabeledTemplateRelationSymbolNumber_RelationalEqs_splitClauses_0":["1"],
"minedSingleVariableTemplatesNumber_Unlabeled_splitClauses_1":["9"],
"clauseNumberBeforeSimplification_RelationalEqs_splitClauses_0":["11"],
"minedTemplateNumber_Unlabeled_splitClauses_0":["10"],
"generatedPredicateNumber_Octagon_splitClauses_0":["10800000"],
"predicateGeneratorTime_PredictedCDHG_splitClauses_0":["10800000"],
"clauseNumberAfterSimplification_PredictedCG_splitClauses_1":["493"],
"labeledSingleVariableTemplatesNumber_RelationalEqs_splitClauses_1":["3"],
"smt2FileSizeByte_Random_splitClauses_1":["5247"],
"averagePredicateSize_PredictedCG_splitClauses_1":["10800000"],
"cegarIterationNumber_PredictedCDHG_splitClauses_1":["10800000"],
"clauseNumberAfterSimplification_RelationalEqs_splitClauses_1":["493"],
"minedBinaryVariableTemplatesNumber_Empty_splitClauses_1":["1"],
"minedTemplateNumber_PredictedCDHG_splitClauses_0":["10"],
"labeledBinaryVariableTemplatesNumber_All_splitClauses_1":["1"],
"solvingTime_RelationalIneqs_splitClauses_1":["10800000"],
"unlabeledTemplateRelationSymbolNumber_RelationalEqs_splitClauses_1":["1"],
"smt2FileSizeByte_Unlabeled_splitClauses_0":["5247"],
"generatedPredicateNumber_All_splitClauses_0":["10800000"],
"predicateGeneratorTime_Octagon_splitClauses_1":["10800000"],
"solvability_Mined_splitClauses_1":["1"],
"minedTemplateRelationSymbolNumber_Term_splitClauses_1":["1"],
"clauseNumberAfterSimplification_Mined_splitClauses_0":["493"],
"solvability_PredictedCDHG_splitClauses_0":["10800000"],
"solvingTime_Empty_splitClauses_0":["10800000"],
"unlabeledSingleVariableTemplatesNumber_Unlabeled_splitClauses_1":["16"],
"minedTemplateNumber_Term_splitClauses_1":["10"],
"averagePredicateSize_Octagon_splitClauses_1":["10800000"],
"relationSymbolNumber_Empty_splitClauses_1":["890"],
"unlabeledSingleVariableTemplatesNumber_Octagon_splitClauses_1":["16"],
"minedTemplateRelationSymbolNumber_RelationalEqs_splitClauses_1":["1"],
"minedBinaryVariableTemplatesNumber_RelationalIneqs_splitClauses_0":["1"],
"predicateGeneratorTime_Term_splitClauses_1":["10800000"],
"solvingTime_Labeled_splitClauses_0":["10800000"],
"unlabeledBinaryVariableTemplatesNumber_PredictedCG_splitClauses_0":["18"],
"minedTemplateNumber_All_splitClauses_0":["10"],
"predicateGeneratorTime_Labeled_splitClauses_1":["10800000"],
"unlabeledTemplateRelationSymbolNumber_Empty_splitClauses_0":["1"],
"unlabeledTemplateNumber_Mined_splitClauses_1":["34"],
"solvability_PredictedCG_splitClauses_1":["10800000"],
"unlabeledTemplateNumber_Term_splitClauses_0":["34"],
"minedBinaryVariableTemplatesNumber_PredictedCG_splitClauses_1":["1"],
"labeledSingleVariableTemplatesNumber_PredictedCDHG_splitClauses_0":["3"],
"minedBinaryVariableTemplatesNumber_All_splitClauses_0":["1"],
"averagePredicateSize_PredictedCDHG_splitClauses_1":["10800000"],
"predicateGeneratorTime_PredictedCG_splitClauses_0":["10800000"],
"generatedPredicateNumber_RelationalIneqs_splitClauses_0":["10800000"],
"labeledTemplateNumber_Empty_splitClauses_0":["4"],
"unlabeledTemplateRelationSymbolNumber_Term_splitClauses_0":["1"],
"minedTemplateNumber_All_splitClauses_1":["10"],
"labeledSingleVariableTemplatesNumber_Empty_splitClauses_1":["3"],
"minedBinaryVariableTemplatesNumber_Unlabeled_splitClauses_0":["1"],
"labeledTemplateNumber_Random_splitClauses_0":["4"],
"minedBinaryVariableTemplatesNumber_All_splitClauses_1":["1"],
"unlabeledSingleVariableTemplatesNumber_All_splitClauses_0":["16"],
"smt2FileSizeByte_PredictedCDHG_splitClauses_1":["5247"],
"labeledBinaryVariableTemplatesNumber_PredictedCDHG_splitClauses_0":["1"],
"averagePredicateSize_RelationalEqs_splitClauses_1":["10800000"],
"minedSingleVariableTemplatesNumber_Term_splitClauses_0":["9"],
"labeledTemplateRelationSymbolNumber_Term_splitClauses_1":["1"],
"generatedPredicateNumber_Random_splitClauses_0":["10800000"],
"labeledBinaryVariableTemplatesNumber_Empty_splitClauses_1":["1"],
"clauseNumberAfterSimplification_Labeled_splitClauses_0":["493"],
"labeledSingleVariableTemplatesNumber_Labeled_splitClauses_0":["3"],
"minedTemplateNumber_Mined_splitClauses_1":["10"],
"labeledTemplateRelationSymbolNumber_Labeled_splitClauses_0":["1"],
"unlabeledTemplateRelationSymbolNumber_Mined_splitClauses_1":["1"],
"solvability_Labeled_splitClauses_0":["10800000"],
"minedTemplateNumber_RelationalEqs_splitClauses_1":["10"],
"solvingTime_Random_splitClauses_1":["10800000"],
"minedTemplateNumber_Random_splitClauses_0":["10"],
"cegarIterationNumber_Unlabeled_splitClauses_1":["10800000"],
"minedTemplateNumber_RelationalIneqs_splitClauses_1":["10"],
"unlabeledBinaryVariableTemplatesNumber_Octagon_splitClauses_1":["18"],
"minedSingleVariableTemplatesNumber_Octagon_splitClauses_1":["9"],
"minedSingleVariableTemplatesNumber_Random_splitClauses_1":["9"],
"averagePredicateSize_All_splitClauses_1":["10800000"],
"minedTemplateNumber_Empty_splitClauses_0":["10"],
"labeledTemplateNumber_Mined_splitClauses_0":["4"],
"unlabeledBinaryVariableTemplatesNumber_All_splitClauses_0":["18"],
"labeledSingleVariableTemplatesNumber_PredictedCDHG_splitClauses_1":["3"],
"minedSingleVariableTemplatesNumber_Mined_splitClauses_1":["9"],
"labeledTemplateRelationSymbolNumber_Term_splitClauses_0":["1"],
"unlabeledTemplateRelationSymbolNumber_Term_splitClauses_1":["1"],
"predicateGeneratorTime_All_splitClauses_1":["10800000"],
"unlabeledSingleVariableTemplatesNumber_Random_splitClauses_0":["16"],
"predicateGeneratorTime_Unlabeled_splitClauses_1":["10800000"],
"cegarIterationNumber_PredictedCDHG_splitClauses_0":["10800000"],
"labeledTemplateNumber_RelationalEqs_splitClauses_0":["4"],
"labeledTemplateRelationSymbolNumber_Mined_splitClauses_1":["1"],
"labeledTemplateRelationSymbolNumber_Random_splitClauses_0":["1"],
"labeledBinaryVariableTemplatesNumber_RelationalEqs_splitClauses_1":["1"],
"generatedPredicateNumber_RelationalIneqs_splitClauses_1":["10800000"],
"unlabeledTemplateRelationSymbolNumber_PredictedCG_splitClauses_1":["1"],
"unlabeledSingleVariableTemplatesNumber_RelationalEqs_splitClauses_0":["16"],
"labeledBinaryVariableTemplatesNumber_Labeled_splitClauses_0":["1"],
"minedBinaryVariableTemplatesNumber_PredictedCDHG_splitClauses_0":["1"],
"unlabeledTemplateRelationSymbolNumber_Unlabeled_splitClauses_0":["1"],
"clauseNumberAfterSimplification_Term_splitClauses_1":["493"],
"relationSymbolNumber_RelationalIneqs_splitClauses_0":["890"],
"unlabeledTemplateNumber_Octagon_splitClauses_0":["34"],
"unlabeledBinaryVariableTemplatesNumber_RelationalEqs_splitClauses_1":["18"],
"unlabeledTemplateNumber_PredictedCG_splitClauses_0":["34"],
"unlabeledTemplateNumber_All_splitClauses_0":["34"],
"labeledTemplateRelationSymbolNumber_RelationalIneqs_splitClauses_1":["1"],
"unlabeledSingleVariableTemplatesNumber_Mined_splitClauses_1":["16"],
"labeledTemplateRelationSymbolNumber_Unlabeled_splitClauses_1":["1"],
"labeledBinaryVariableTemplatesNumber_Random_splitClauses_1":["1"],
"relationSymbolNumber_RelationalEqs_splitClauses_0":["890"],
"solvability_Random_splitClauses_1":["10800000"],
"solvingTime_Term_splitClauses_0":["10800000"],
"minedSingleVariableTemplatesNumber_Labeled_splitClauses_1":["9"],
"relationSymbolNumber_Random_splitClauses_0":["890"],
"clauseNumberBeforeSimplification_Term_splitClauses_0":["11"],
"minedTemplateRelationSymbolNumber_Mined_splitClauses_0":["1"],
"solvability_Octagon_splitClauses_1":["10800000"],
"relationSymbolNumber_Labeled_splitClauses_1":["890"],
"minedSingleVariableTemplatesNumber_RelationalIneqs_splitClauses_1":["9"],
"smt2FileSizeByte_Labeled_splitClauses_0":["5247"],
"solvability_RelationalEqs_splitClauses_1":["10800000"],
"unlabeledSingleVariableTemplatesNumber_Empty_splitClauses_1":["16"],
"labeledTemplateNumber_PredictedCDHG_splitClauses_1":["4"],
"minedTemplateRelationSymbolNumber_Octagon_splitClauses_0":["1"],
"clauseNumberAfterSimplification_Unlabeled_splitClauses_0":["493"],
"clauseNumberBeforeSimplification_Unlabeled_splitClauses_0":["11"],
"clauseNumberBeforeSimplification_PredictedCDHG_splitClauses_0":["11"],
"cegarIterationNumber_RelationalIneqs_splitClauses_0":["10800000"],
"relationSymbolNumber_All_splitClauses_0":["890"],
"labeledTemplateRelationSymbolNumber_RelationalEqs_splitClauses_0":["1"],
"averagePredicateSize_Labeled_splitClauses_0":["10800000"],
"smt2FileSizeByte_RelationalIneqs_splitClauses_1":["5247"],
"clauseNumberBeforeSimplification_RelationalEqs_splitClauses_1":["11"],
"unlabeledTemplateRelationSymbolNumber_RelationalIneqs_splitClauses_1":["1"],
"clauseNumberBeforeSimplification_PredictedCG_splitClauses_0":["11"],
"solvingTime_PredictedCDHG_splitClauses_0":["10800000"],
"labeledTemplateRelationSymbolNumber_Octagon_splitClauses_1":["1"],
"minedTemplateRelationSymbolNumber_PredictedCG_splitClauses_1":["1"],
"labeledTemplateNumber_Random_splitClauses_1":["4"],
"solvingTime_RelationalIneqs_splitClauses_0":["10800000"],
"labeledTemplateNumber_All_splitClauses_1":["4"],
"unlabeledTemplateNumber_Random_splitClauses_1":["34"],
"relationSymbolNumber_PredictedCDHG_splitClauses_1":["890"],
"smt2FileSizeByte_Unlabeled_splitClauses_1":["5247"],
"cegarIterationNumber_PredictedCG_splitClauses_0":["10800000"],
"predicateGeneratorTime_Octagon_splitClauses_0":["10800000"],
"unlabeledTemplateNumber_RelationalEqs_splitClauses_1":["34"],
"clauseNumberAfterSimplification_Octagon_splitClauses_0":["493"],
"cegarIterationNumber_Random_splitClauses_0":["10800000"],
"solvability_PredictedCDHG_splitClauses_1":["10800000"],
"solvability_PredictedCG_splitClauses_0":["10800000"],
"solvingTime_PredictedCG_splitClauses_1":["10800000"],
"unlabeledSingleVariableTemplatesNumber_Unlabeled_splitClauses_0":["16"],
"unlabeledTemplateNumber_Unlabeled_splitClauses_0":["34"],
"labeledTemplateRelationSymbolNumber_RelationalIneqs_splitClauses_0":["1"],
"minedTemplateNumber_Random_splitClauses_1":["10"],
"relationSymbolNumber_PredictedCG_splitClauses_0":["890"],
"generatedPredicateNumber_RelationalEqs_splitClauses_0":["10800000"],
"minedTemplateNumber_Term_splitClauses_0":["10"],
"solvingTime_All_splitClauses_1":["10800000"],
"minedSingleVariableTemplatesNumber_PredictedCG_splitClauses_0":["9"],
"smt2FileSizeByte_Term_splitClauses_1":["5247"],
"labeledBinaryVariableTemplatesNumber_All_splitClauses_0":["1"],
"minedTemplateNumber_PredictedCDHG_splitClauses_1":["10"],
"minedTemplateRelationSymbolNumber_PredictedCDHG_splitClauses_0":["1"],
"averagePredicateSize_Unlabeled_splitClauses_0":["10800000"],
"minedBinaryVariableTemplatesNumber_Octagon_splitClauses_1":["1"],
"unlabeledSingleVariableTemplatesNumber_Random_splitClauses_1":["16"],
"clauseNumberBeforeSimplification_Random_splitClauses_0":["11"],
"solvingTime_Unlabeled_splitClauses_1":["10800000"],
"predicateGeneratorTime_PredictedCDHG_splitClauses_1":["10800000"],
"averagePredicateSize_PredictedCDHG_splitClauses_0":["10800000"],
"minedBinaryVariableTemplatesNumber_Term_splitClauses_0":["1"],
"labeledTemplateNumber_RelationalIneqs_splitClauses_0":["4"],
"clauseNumberAfterSimplification_Random_splitClauses_0":["493"],
"clauseNumberAfterSimplification_PredictedCG_splitClauses_0":["493"],
"generatedPredicateNumber_Empty_splitClauses_1":["10800000"],
"clauseNumberBeforeSimplification_Octagon_splitClauses_0":["11"],
"unlabeledTemplateNumber_Empty_splitClauses_0":["34"],
"minedSingleVariableTemplatesNumber_All_splitClauses_0":["9"],
"labeledTemplateRelationSymbolNumber_Octagon_splitClauses_0":["1"],
"generatedPredicateNumber_Random_splitClauses_1":["10800000"],
"clauseNumberAfterSimplification_RelationalEqs_splitClauses_0":["493"],
"labeledBinaryVariableTemplatesNumber_Term_splitClauses_0":["1"],
"minedSingleVariableTemplatesNumber_RelationalEqs_splitClauses_0":["9"],
"minedTemplateNumber_Mined_splitClauses_0":["10"],
"averagePredicateSize_Octagon_splitClauses_0":["10800000"],
"unlabeledBinaryVariableTemplatesNumber_Empty_splitClauses_1":["18"],
"relationSymbolNumber_Unlabeled_splitClauses_0":["890"],
"unlabeledSingleVariableTemplatesNumber_PredictedCDHG_splitClauses_0":["16"],
"unlabeledSingleVariableTemplatesNumber_PredictedCG_splitClauses_1":["16"],
"labeledTemplateRelationSymbolNumber_Labeled_splitClauses_1":["1"],
"minedTemplateRelationSymbolNumber_Random_splitClauses_0":["1"],
"unlabeledTemplateRelationSymbolNumber_PredictedCG_splitClauses_0":["1"],
"unlabeledTemplateNumber_RelationalIneqs_splitClauses_0":["34"],
"unlabeledSingleVariableTemplatesNumber_Labeled_splitClauses_0":["16"],
"minedTemplateNumber_Unlabeled_splitClauses_1":["10"],
"generatedPredicateNumber_PredictedCG_splitClauses_0":["10800000"],
"labeledTemplateNumber_Unlabeled_splitClauses_1":["4"],
"unlabeledTemplateRelationSymbolNumber_Empty_splitClauses_1":["1"],
"clauseNumberBeforeSimplification_Empty_splitClauses_0":["11"],
"solvingTime_Octagon_splitClauses_1":["10800000"],
"cegarIterationNumber_Mined_splitClauses_1":["5"],
"clauseNumberBeforeSimplification_Mined_splitClauses_1":["11"],
"smt2FileSizeByte_PredictedCDHG_splitClauses_0":["5247"],
"averagePredicateSize_PredictedCG_splitClauses_0":["10800000"],
"solvingTime_Random_splitClauses_0":["10800000"],
"minedTemplateNumber_RelationalEqs_splitClauses_0":["10"],
"unlabeledSingleVariableTemplatesNumber_RelationalIneqs_splitClauses_0":["16"],
"unlabeledTemplateNumber_Unlabeled_splitClauses_1":["34"],
"labeledBinaryVariableTemplatesNumber_RelationalEqs_splitClauses_0":["1"],
"generatedPredicateNumber_PredictedCDHG_splitClauses_0":["10800000"],
"minedTemplateRelationSymbolNumber_Empty_splitClauses_1":["1"],
"predicateGeneratorTime_Random_splitClauses_1":["10800000"],
"labeledTemplateNumber_Term_splitClauses_1":["4"],
"minedSingleVariableTemplatesNumber_Empty_splitClauses_1":["9"],
"minedSingleVariableTemplatesNumber_RelationalIneqs_splitClauses_0":["9"],
"clauseNumberAfterSimplification_All_splitClauses_0":["493"],
"unlabeledBinaryVariableTemplatesNumber_RelationalEqs_splitClauses_0":["18"],
"cegarIterationNumber_RelationalEqs_splitClauses_0":["10800000"],
"labeledTemplateRelationSymbolNumber_PredictedCDHG_splitClauses_0":["1"],
"labeledSingleVariableTemplatesNumber_Labeled_splitClauses_1":["3"],
"unlabeledBinaryVariableTemplatesNumber_All_splitClauses_1":["18"],
"minedTemplateRelationSymbolNumber_Unlabeled_splitClauses_1":["1"],
"solvingTime_RelationalEqs_splitClauses_0":["10800000"],
"solvingTime_RelationalEqs_splitClauses_1":["10800000"],
"minedBinaryVariableTemplatesNumber_Mined_splitClauses_0":["1"],
"clauseNumberBeforeSimplification_All_splitClauses_0":["11"],
"clauseNumberBeforeSimplification_RelationalIneqs_splitClauses_1":["11"],
"labeledTemplateNumber_RelationalEqs_splitClauses_1":["4"],
"labeledBinaryVariableTemplatesNumber_RelationalIneqs_splitClauses_0":["1"],
"clauseNumberAfterSimplification_Empty_splitClauses_0":["493"],
"averagePredicateSize_Empty_splitClauses_0":["10800000"],
"relationSymbolNumber_PredictedCG_splitClauses_1":["890"],
"unlabeledTemplateNumber_Term_splitClauses_1":["34"],
"predicateGeneratorTime_Mined_splitClauses_1":["115"],
"relationSymbolNumber_Mined_splitClauses_0":["890"],
"labeledBinaryVariableTemplatesNumber_RelationalIneqs_splitClauses_1":["1"],
"predicateGeneratorTime_Unlabeled_splitClauses_0":["10800000"],
"generatedPredicateNumber_Mined_splitClauses_0":["10800000"],
"generatedPredicateNumber_RelationalEqs_splitClauses_1":["10800000"],
"labeledTemplateRelationSymbolNumber_PredictedCG_splitClauses_0":["1"],
"minedSingleVariableTemplatesNumber_PredictedCG_splitClauses_1":["9"],
"minedTemplateRelationSymbolNumber_PredictedCG_splitClauses_0":["1"],
"unlabeledTemplateRelationSymbolNumber_Labeled_splitClauses_0":["1"],
"solvability_Empty_splitClauses_1":["10800000"],
"averagePredicateSize_Term_splitClauses_0":["10800000"],
"cegarIterationNumber_Random_splitClauses_1":["10800000"],
"relationSymbolNumber_All_splitClauses_1":["890"],
"averagePredicateSize_Labeled_splitClauses_1":["10800000"],
"unlabeledBinaryVariableTemplatesNumber_Unlabeled_splitClauses_0":["18"],
"generatedPredicateNumber_Unlabeled_splitClauses_1":["10800000"],
"predicateGeneratorTime_All_splitClauses_0":["10800000"],
"unlabeledBinaryVariableTemplatesNumber_PredictedCDHG_splitClauses_1":["18"],
"clauseNumberBeforeSimplification_Labeled_splitClauses_1":["11"],
"minedBinaryVariableTemplatesNumber_Labeled_splitClauses_1":["1"],
"labeledSingleVariableTemplatesNumber_All_splitClauses_0":["3"],
"unlabeledTemplateRelationSymbolNumber_Mined_splitClauses_0":["1"],
"cegarIterationNumber_Octagon_splitClauses_1":["10800000"],
"labeledTemplateNumber_Octagon_splitClauses_0":["4"],
"labeledTemplateRelationSymbolNumber_All_splitClauses_1":["1"],
"smt2FileSizeByte_Empty_splitClauses_0":["5247"],
"relationSymbolNumber_RelationalIneqs_splitClauses_1":["890"],
"unlabeledTemplateNumber_Octagon_splitClauses_1":["34"],
"predicateGeneratorTime_RelationalEqs_splitClauses_0":["10800000"],
"unlabeledTemplateRelationSymbolNumber_RelationalIneqs_splitClauses_0":["1"],
"smt2FileSizeByte_RelationalEqs_splitClauses_1":["5247"],
"unlabeledTemplateNumber_Labeled_splitClauses_0":["34"],
"relationSymbolNumber_Random_splitClauses_1":["890"],
"minedSingleVariableTemplatesNumber_Labeled_splitClauses_0":["9"],
"solvingTime_PredictedCDHG_splitClauses_1":["10800000"],
"minedTemplateNumber_Octagon_splitClauses_1":["10"],
"clauseNumberBeforeSimplification_Mined_splitClauses_0":["11"],
"smt2FileSizeByte_All_splitClauses_0":["5247"],
"solvingTime_All_splitClauses_0":["10800000"],
"minedBinaryVariableTemplatesNumber_Term_splitClauses_1":["1"],
"unlabeledTemplateRelationSymbolNumber_Random_splitClauses_0":["1"],
"cegarIterationNumber_All_splitClauses_0":["10800000"],
"smt2FileSizeByte_RelationalEqs_splitClauses_0":["5247"],
"unlabeledSingleVariableTemplatesNumber_PredictedCDHG_splitClauses_1":["16"],
"clauseNumberBeforeSimplification_Labeled_splitClauses_0":["11"],
"cegarIterationNumber_PredictedCG_splitClauses_1":["10800000"],
"labeledTemplateRelationSymbolNumber_Unlabeled_splitClauses_0":["1"],
"unlabeledTemplateRelationSymbolNumber_Octagon_splitClauses_1":["1"],
"unlabeledTemplateNumber_Empty_splitClauses_1":["34"],
"clauseNumberBeforeSimplification_Octagon_splitClauses_1":["11"],
"labeledTemplateNumber_Unlabeled_splitClauses_0":["4"],
"labeledBinaryVariableTemplatesNumber_PredictedCG_splitClauses_0":["1"],
"solvability_Term_splitClauses_1":["10800000"],
"solvability_Octagon_splitClauses_0":["10800000"],
"minedTemplateRelationSymbolNumber_RelationalIneqs_splitClauses_0":["1"],
"clauseNumberBeforeSimplification_RelationalIneqs_splitClauses_0":["11"],
"labeledTemplateNumber_PredictedCG_splitClauses_0":["4"],
"cegarIterationNumber_Labeled_splitClauses_0":["10800000"],
"smt2FileSizeByte_Labeled_splitClauses_1":["5247"],
"clauseNumberBeforeSimplification_Unlabeled_splitClauses_1":["11"],
"generatedPredicateNumber_Term_splitClauses_1":["10800000"],
"solvingTime_Term_splitClauses_1":["10800000"],
"unlabeledBinaryVariableTemplatesNumber_Random_splitClauses_1":["18"],
"unlabeledSingleVariableTemplatesNumber_Octagon_splitClauses_0":["16"],
"solvingTime_Octagon_splitClauses_0":["10800000"],
"labeledSingleVariableTemplatesNumber_Mined_splitClauses_1":["3"],
"averagePredicateSize_Term_splitClauses_1":["10800000"],
"labeledTemplateNumber_Labeled_splitClauses_0":["4"],
"unlabeledSingleVariableTemplatesNumber_PredictedCG_splitClauses_0":["16"],
"smt2FileSizeByte_Mined_splitClauses_1":["5247"],
"labeledBinaryVariableTemplatesNumber_Unlabeled_splitClauses_1":["1"],
"labeledTemplateNumber_All_splitClauses_0":["4"],
"unlabeledTemplateNumber_Random_splitClauses_0":["34"],
"labeledTemplateNumber_Octagon_splitClauses_1":["4"],
"unlabeledTemplateNumber_PredictedCDHG_splitClauses_1":["34"],
"unlabeledBinaryVariableTemplatesNumber_Mined_splitClauses_0":["18"],
"minedTemplateRelationSymbolNumber_Mined_splitClauses_1":["1"],
"labeledTemplateNumber_RelationalIneqs_splitClauses_1":["4"],
"solvability_Term_splitClauses_0":["10800000"],
"relationSymbolNumber_Octagon_splitClauses_0":["890"],
"clauseNumberBeforeSimplification_PredictedCG_splitClauses_1":["11"],
"generatedPredicateNumber_Labeled_splitClauses_1":["10800000"],
"labeledSingleVariableTemplatesNumber_Unlabeled_splitClauses_0":["3"],
"unlabeledBinaryVariableTemplatesNumber_Empty_splitClauses_0":["18"],
"solvingTime_Mined_splitClauses_0":["10800000"],
"unlabeledTemplateNumber_All_splitClauses_1":["34"],
"clauseNumberAfterSimplification_Random_splitClauses_1":["493"],
"labeledBinaryVariableTemplatesNumber_Octagon_splitClauses_1":["1"],
"unlabeledBinaryVariableTemplatesNumber_Labeled_splitClauses_0":["18"],
"smt2FileSizeByte_Octagon_splitClauses_0":["5247"],
"labeledSingleVariableTemplatesNumber_Random_splitClauses_1":["3"],
"solvability_Unlabeled_splitClauses_0":["10800000"],
"solvingTime_Unlabeled_splitClauses_0":["10800000"],
"unlabeledTemplateRelationSymbolNumber_All_splitClauses_1":["1"],
"minedTemplateNumber_Empty_splitClauses_1":["10"],
"solvability_RelationalIneqs_splitClauses_0":["10800000"],
"unlabeledTemplateRelationSymbolNumber_Labeled_splitClauses_1":["1"],
"cegarIterationNumber_RelationalEqs_splitClauses_1":["10800000"],
"minedSingleVariableTemplatesNumber_RelationalEqs_splitClauses_1":["9"],
"clauseNumberAfterSimplification_PredictedCDHG_splitClauses_1":["493"],
"minedBinaryVariableTemplatesNumber_RelationalIneqs_splitClauses_1":["1"],
"unlabeledBinaryVariableTemplatesNumber_Mined_splitClauses_1":["18"],
"unlabeledBinaryVariableTemplatesNumber_PredictedCDHG_splitClauses_0":["18"],
"solvingTime_Empty_splitClauses_1":["10800000"],
"labeledTemplateRelationSymbolNumber_Empty_splitClauses_1":["1"],
"generatedPredicateNumber_Term_splitClauses_0":["10800000"],
"averagePredicateSize_Empty_splitClauses_1":["10800000"],
"generatedPredicateNumber_PredictedCG_splitClauses_1":["10800000"],
"labeledTemplateRelationSymbolNumber_PredictedCDHG_splitClauses_1":["1"],
"relationSymbolNumber_Mined_splitClauses_1":["890"],
"predicateGeneratorTime_Mined_splitClauses_0":["10800000"],
"predicateGeneratorTime_Labeled_splitClauses_0":["10800000"],
"labeledSingleVariableTemplatesNumber_Random_splitClauses_0":["3"],
"unlabeledTemplateRelationSymbolNumber_All_splitClauses_0":["1"],
"minedBinaryVariableTemplatesNumber_Labeled_splitClauses_0":["1"],
"generatedPredicateNumber_Labeled_splitClauses_0":["10800000"],
"relationSymbolNumber_Empty_splitClauses_0":["890"],
"solvingTime_Mined_splitClauses_1":["374"],
"minedSingleVariableTemplatesNumber_All_splitClauses_1":["9"],
"predicateGeneratorTime_Random_splitClauses_0":["10800000"],
"cegarIterationNumber_Term_splitClauses_1":["10800000"],
"labeledTemplateNumber_Empty_splitClauses_1":["4"],
"clauseNumberAfterSimplification_Empty_splitClauses_1":["493"],
"minedTemplateRelationSymbolNumber_Empty_splitClauses_0":["1"],
"unlabeledSingleVariableTemplatesNumber_Term_splitClauses_0":["16"],
"minedSingleVariableTemplatesNumber_Empty_splitClauses_0":["9"],
"minedTemplateRelationSymbolNumber_RelationalEqs_splitClauses_0":["1"],
"cegarIterationNumber_Empty_splitClauses_0":["10800000"],
"minedBinaryVariableTemplatesNumber_RelationalEqs_splitClauses_1":["1"],
"labeledSingleVariableTemplatesNumber_All_splitClauses_1":["3"],
"unlabeledTemplateRelationSymbolNumber_Octagon_splitClauses_0":["1"],
"minedTemplateRelationSymbolNumber_Unlabeled_splitClauses_0":["1"],
"labeledBinaryVariableTemplatesNumber_Mined_splitClauses_0":["1"],
"minedTemplateNumber_PredictedCG_splitClauses_1":["10"],
"cegarIterationNumber_Empty_splitClauses_1":["10800000"],
"averagePredicateSize_RelationalIneqs_splitClauses_0":["10800000"],
"solvability_All_splitClauses_1":["10800000"],
"unlabeledBinaryVariableTemplatesNumber_Term_splitClauses_1":["18"],
"relationSymbolNumber_PredictedCDHG_splitClauses_0":["890"],
"minedTemplateRelationSymbolNumber_Labeled_splitClauses_1":["1"],
"averagePredicateSize_Unlabeled_splitClauses_1":["10800000"],
"labeledTemplateNumber_Term_splitClauses_0":["4"],
"smt2FileSizeByte_Empty_splitClauses_1":["5247"],
"solvingTime_PredictedCG_splitClauses_0":["10800000"],
"relationSymbolNumber_Term_splitClauses_0":["890"],
"cegarIterationNumber_All_splitClauses_1":["10800000"],
"clauseNumberBeforeSimplification_Term_splitClauses_1":["11"],
"predicateGeneratorTime_Empty_splitClauses_0":["10800000"],
"averagePredicateSize_All_splitClauses_0":["10800000"],
"unlabeledBinaryVariableTemplatesNumber_Random_splitClauses_0":["18"],
"smt2FileSizeByte_Term_splitClauses_0":["5247"],
"averagePredicateSize_Mined_splitClauses_1":["1"],
"minedBinaryVariableTemplatesNumber_Empty_splitClauses_0":["1"],
"minedTemplateRelationSymbolNumber_All_splitClauses_1":["1"],
"labeledSingleVariableTemplatesNumber_PredictedCG_splitClauses_0":["3"],
"unlabeledBinaryVariableTemplatesNumber_RelationalIneqs_splitClauses_0":["18"],
"unlabeledSingleVariableTemplatesNumber_RelationalIneqs_splitClauses_1":["16"],
"clauseNumberAfterSimplification_RelationalIneqs_splitClauses_0":["493"],
"unlabeledTemplateNumber_RelationalEqs_splitClauses_0":["34"],
"unlabeledTemplateNumber_RelationalIneqs_splitClauses_1":["34"],
"labeledTemplateRelationSymbolNumber_PredictedCG_splitClauses_1":["1"],
"labeledTemplateRelationSymbolNumber_All_splitClauses_0":["1"],
"labeledSingleVariableTemplatesNumber_Octagon_splitClauses_0":["3"],
"dummyFiled":[]
}