{
"smt2FileSizeByte_All_splitClauses_1":["75638"],
"generatedPredicateNumber_All_splitClauses_1":["10800000"],
"unlabeledTemplateRelationSymbolNumber_PredictedCDHG_splitClauses_0":["22"],
"predicateGeneratorTime_Term_splitClauses_0":["10800000"],
"averagePredicateSize_Random_splitClauses_1":["10800000"],
"labeledBinaryVariableTemplatesNumber_Labeled_splitClauses_1":["49"],
"clauseNumberBeforeSimplification_All_splitClauses_1":["105"],
"minedTemplateRelationSymbolNumber_Term_splitClauses_0":["22"],
"solvingTime_Labeled_splitClauses_1":["10800000"],
"unlabeledTemplateNumber_Labeled_splitClauses_1":["1318"],
"relationSymbolNumber_Term_splitClauses_1":["114"],
"minedTemplateRelationSymbolNumber_Octagon_splitClauses_1":["22"],
"clauseNumberAfterSimplification_Mined_splitClauses_1":["69"],
"unlabeledBinaryVariableTemplatesNumber_Term_splitClauses_0":["828"],
"labeledTemplateNumber_PredictedCDHG_splitClauses_0":["52"],
"relationSymbolNumber_RelationalEqs_splitClauses_1":["114"],
"solvability_Empty_splitClauses_0":["10800000"],
"unlabeledTemplateRelationSymbolNumber_Random_splitClauses_1":["22"],
"labeledBinaryVariableTemplatesNumber_Octagon_splitClauses_0":["49"],
"minedTemplateRelationSymbolNumber_Random_splitClauses_1":["22"],
"unlabeledSingleVariableTemplatesNumber_Mined_splitClauses_0":["490"],
"unlabeledBinaryVariableTemplatesNumber_PredictedCG_splitClauses_1":["828"],
"solvability_All_splitClauses_0":["10800000"],
"predicateGeneratorTime_RelationalEqs_splitClauses_1":["10800000"],
"smt2FileSizeByte_PredictedCG_splitClauses_1":["75638"],
"labeledSingleVariableTemplatesNumber_Unlabeled_splitClauses_1":["3"],
"labeledBinaryVariableTemplatesNumber_PredictedCG_splitClauses_1":["49"],
"minedBinaryVariableTemplatesNumber_PredictedCG_splitClauses_0":["49"],
"solvability_Random_splitClauses_0":["10800000"],
"clauseNumberBeforeSimplification_PredictedCDHG_splitClauses_1":["105"],
"labeledSingleVariableTemplatesNumber_Mined_splitClauses_0":["3"],
"solvability_Unlabeled_splitClauses_1":["10800000"],
"cegarIterationNumber_Labeled_splitClauses_1":["10800000"],
"smt2FileSizeByte_Mined_splitClauses_0":["75638"],
"labeledSingleVariableTemplatesNumber_PredictedCG_splitClauses_1":["3"],
"smt2FileSizeByte_Octagon_splitClauses_1":["75638"],
"minedTemplateNumber_Labeled_splitClauses_1":["219"],
"labeledSingleVariableTemplatesNumber_RelationalIneqs_splitClauses_1":["3"],
"clauseNumberAfterSimplification_Labeled_splitClauses_1":["69"],
"smt2FileSizeByte_Random_splitClauses_0":["75638"],
"unlabeledTemplateRelationSymbolNumber_PredictedCDHG_splitClauses_1":["22"],
"labeledSingleVariableTemplatesNumber_Term_splitClauses_0":["3"],
"generatedPredicateNumber_PredictedCDHG_splitClauses_1":["10800000"],
"minedSingleVariableTemplatesNumber_Unlabeled_splitClauses_0":["170"],
"generatedPredicateNumber_Octagon_splitClauses_1":["10800000"],
"labeledSingleVariableTemplatesNumber_RelationalEqs_splitClauses_0":["3"],
"predicateGeneratorTime_PredictedCG_splitClauses_1":["10800000"],
"labeledTemplateNumber_Labeled_splitClauses_1":["52"],
"labeledSingleVariableTemplatesNumber_Empty_splitClauses_0":["3"],
"minedTemplateRelationSymbolNumber_RelationalIneqs_splitClauses_1":["22"],
"unlabeledSingleVariableTemplatesNumber_All_splitClauses_1":["490"],
"labeledBinaryVariableTemplatesNumber_PredictedCDHG_splitClauses_1":["49"],
"unlabeledSingleVariableTemplatesNumber_RelationalEqs_splitClauses_1":["490"],
"cegarIterationNumber_Term_splitClauses_0":["10800000"],
"unlabeledBinaryVariableTemplatesNumber_Labeled_splitClauses_1":["828"],
"unlabeledSingleVariableTemplatesNumber_Term_splitClauses_1":["490"],
"clauseNumberAfterSimplification_All_splitClauses_1":["69"],
"minedSingleVariableTemplatesNumber_Random_splitClauses_0":["170"],
"solvability_RelationalIneqs_splitClauses_1":["10800000"],
"minedTemplateNumber_Labeled_splitClauses_0":["219"],
"minedSingleVariableTemplatesNumber_Octagon_splitClauses_0":["170"],
"minedSingleVariableTemplatesNumber_Term_splitClauses_1":["170"],
"minedBinaryVariableTemplatesNumber_PredictedCDHG_splitClauses_1":["49"],
"generatedPredicateNumber_Mined_splitClauses_1":["54"],
"relationSymbolNumber_Octagon_splitClauses_1":["114"],
"relationSymbolNumber_Unlabeled_splitClauses_1":["114"],
"labeledSingleVariableTemplatesNumber_RelationalIneqs_splitClauses_0":["3"],
"averagePredicateSize_Mined_splitClauses_0":["10800000"],
"cegarIterationNumber_Unlabeled_splitClauses_0":["10800000"],
"minedBinaryVariableTemplatesNumber_Random_splitClauses_0":["49"],
"labeledTemplateNumber_Mined_splitClauses_1":["52"],
"labeledBinaryVariableTemplatesNumber_Random_splitClauses_0":["49"],
"unlabeledTemplateRelationSymbolNumber_Unlabeled_splitClauses_1":["22"],
"cegarIterationNumber_Mined_splitClauses_0":["10800000"],
"minedTemplateRelationSymbolNumber_Labeled_splitClauses_0":["22"],
"unlabeledBinaryVariableTemplatesNumber_RelationalIneqs_splitClauses_1":["828"],
"unlabeledBinaryVariableTemplatesNumber_Octagon_splitClauses_0":["828"],
"solvability_Mined_splitClauses_0":["10800000"],
"averagePredicateSize_RelationalEqs_splitClauses_0":["10800000"],
"clauseNumberAfterSimplification_Term_splitClauses_0":["69"],
"unlabeledTemplateNumber_Mined_splitClauses_0":["1318"],
"unlabeledTemplateNumber_PredictedCDHG_splitClauses_0":["1318"],
"cegarIterationNumber_RelationalIneqs_splitClauses_1":["10800000"],
"minedBinaryVariableTemplatesNumber_Unlabeled_splitClauses_1":["49"],
"labeledTemplateNumber_PredictedCG_splitClauses_1":["52"],
"labeledTemplateRelationSymbolNumber_Mined_splitClauses_0":["20"],
"labeledBinaryVariableTemplatesNumber_Mined_splitClauses_1":["49"],
"clauseNumberAfterSimplification_RelationalIneqs_splitClauses_1":["69"],
"minedSingleVariableTemplatesNumber_PredictedCDHG_splitClauses_0":["170"],
"solvability_Labeled_splitClauses_1":["10800000"],
"labeledSingleVariableTemplatesNumber_Octagon_splitClauses_1":["3"],
"averagePredicateSize_Random_splitClauses_0":["10800000"],
"smt2FileSizeByte_RelationalIneqs_splitClauses_0":["75638"],
"generatedPredicateNumber_Unlabeled_splitClauses_0":["10800000"],
"solvability_RelationalEqs_splitClauses_0":["10800000"],
"predicateGeneratorTime_Empty_splitClauses_1":["10800000"],
"minedSingleVariableTemplatesNumber_Mined_splitClauses_0":["170"],
"minedTemplateRelationSymbolNumber_PredictedCDHG_splitClauses_1":["22"],
"minedTemplateNumber_PredictedCG_splitClauses_0":["219"],
"averagePredicateSize_RelationalIneqs_splitClauses_1":["10800000"],
"labeledTemplateRelationSymbolNumber_Random_splitClauses_1":["20"],
"minedTemplateNumber_RelationalIneqs_splitClauses_0":["219"],
"predicateGeneratorTime_RelationalIneqs_splitClauses_0":["10800000"],
"labeledTemplateRelationSymbolNumber_Empty_splitClauses_0":["20"],
"minedBinaryVariableTemplatesNumber_Octagon_splitClauses_0":["49"],
"relationSymbolNumber_Labeled_splitClauses_0":["114"],
"labeledSingleVariableTemplatesNumber_Term_splitClauses_1":["3"],
"labeledBinaryVariableTemplatesNumber_Empty_splitClauses_0":["49"],
"minedTemplateNumber_Octagon_splitClauses_0":["219"],
"labeledBinaryVariableTemplatesNumber_Unlabeled_splitClauses_0":["49"],
"clauseNumberAfterSimplification_PredictedCDHG_splitClauses_0":["69"],
"smt2FileSizeByte_PredictedCG_splitClauses_0":["75638"],
"minedBinaryVariableTemplatesNumber_RelationalEqs_splitClauses_0":["49"],
"labeledTemplateRelationSymbolNumber_RelationalEqs_splitClauses_1":["20"],
"minedBinaryVariableTemplatesNumber_Random_splitClauses_1":["49"],
"clauseNumberAfterSimplification_Unlabeled_splitClauses_1":["69"],
"minedSingleVariableTemplatesNumber_PredictedCDHG_splitClauses_1":["170"],
"labeledBinaryVariableTemplatesNumber_Term_splitClauses_1":["49"],
"clauseNumberBeforeSimplification_Empty_splitClauses_1":["105"],
"minedBinaryVariableTemplatesNumber_Mined_splitClauses_1":["49"],
"unlabeledBinaryVariableTemplatesNumber_Unlabeled_splitClauses_1":["828"],
"unlabeledTemplateNumber_PredictedCG_splitClauses_1":["1318"],
"generatedPredicateNumber_Empty_splitClauses_0":["10800000"],
"predicateGeneratorTime_RelationalIneqs_splitClauses_1":["10800000"],
"unlabeledSingleVariableTemplatesNumber_Empty_splitClauses_0":["490"],
"cegarIterationNumber_Octagon_splitClauses_0":["10800000"],
"clauseNumberAfterSimplification_Octagon_splitClauses_1":["69"],
"unlabeledSingleVariableTemplatesNumber_Labeled_splitClauses_1":["490"],
"clauseNumberBeforeSimplification_Random_splitClauses_1":["105"],
"minedTemplateRelationSymbolNumber_All_splitClauses_0":["22"],
"unlabeledTemplateRelationSymbolNumber_RelationalEqs_splitClauses_0":["22"],
"minedSingleVariableTemplatesNumber_Unlabeled_splitClauses_1":["170"],
"clauseNumberBeforeSimplification_RelationalEqs_splitClauses_0":["105"],
"minedTemplateNumber_Unlabeled_splitClauses_0":["219"],
"generatedPredicateNumber_Octagon_splitClauses_0":["10800000"],
"predicateGeneratorTime_PredictedCDHG_splitClauses_0":["10800000"],
"clauseNumberAfterSimplification_PredictedCG_splitClauses_1":["69"],
"labeledSingleVariableTemplatesNumber_RelationalEqs_splitClauses_1":["3"],
"smt2FileSizeByte_Random_splitClauses_1":["75638"],
"averagePredicateSize_PredictedCG_splitClauses_1":["10800000"],
"cegarIterationNumber_PredictedCDHG_splitClauses_1":["10800000"],
"clauseNumberAfterSimplification_RelationalEqs_splitClauses_1":["69"],
"minedBinaryVariableTemplatesNumber_Empty_splitClauses_1":["49"],
"minedTemplateNumber_PredictedCDHG_splitClauses_0":["219"],
"labeledBinaryVariableTemplatesNumber_All_splitClauses_1":["49"],
"solvingTime_RelationalIneqs_splitClauses_1":["10800000"],
"unlabeledTemplateRelationSymbolNumber_RelationalEqs_splitClauses_1":["22"],
"smt2FileSizeByte_Unlabeled_splitClauses_0":["75638"],
"generatedPredicateNumber_All_splitClauses_0":["10800000"],
"predicateGeneratorTime_Octagon_splitClauses_1":["10800000"],
"solvability_Mined_splitClauses_1":["1"],
"minedTemplateRelationSymbolNumber_Term_splitClauses_1":["22"],
"clauseNumberAfterSimplification_Mined_splitClauses_0":["69"],
"solvability_PredictedCDHG_splitClauses_0":["10800000"],
"solvingTime_Empty_splitClauses_0":["10800000"],
"unlabeledSingleVariableTemplatesNumber_Unlabeled_splitClauses_1":["490"],
"minedTemplateNumber_Term_splitClauses_1":["219"],
"averagePredicateSize_Octagon_splitClauses_1":["10800000"],
"relationSymbolNumber_Empty_splitClauses_1":["114"],
"unlabeledSingleVariableTemplatesNumber_Octagon_splitClauses_1":["490"],
"minedTemplateRelationSymbolNumber_RelationalEqs_splitClauses_1":["22"],
"minedBinaryVariableTemplatesNumber_RelationalIneqs_splitClauses_0":["49"],
"predicateGeneratorTime_Term_splitClauses_1":["10800000"],
"solvingTime_Labeled_splitClauses_0":["10800000"],
"unlabeledBinaryVariableTemplatesNumber_PredictedCG_splitClauses_0":["828"],
"minedTemplateNumber_All_splitClauses_0":["219"],
"predicateGeneratorTime_Labeled_splitClauses_1":["10800000"],
"unlabeledTemplateRelationSymbolNumber_Empty_splitClauses_0":["22"],
"unlabeledTemplateNumber_Mined_splitClauses_1":["1318"],
"solvability_PredictedCG_splitClauses_1":["10800000"],
"unlabeledTemplateNumber_Term_splitClauses_0":["1318"],
"minedBinaryVariableTemplatesNumber_PredictedCG_splitClauses_1":["49"],
"labeledSingleVariableTemplatesNumber_PredictedCDHG_splitClauses_0":["3"],
"minedBinaryVariableTemplatesNumber_All_splitClauses_0":["49"],
"averagePredicateSize_PredictedCDHG_splitClauses_1":["10800000"],
"predicateGeneratorTime_PredictedCG_splitClauses_0":["10800000"],
"generatedPredicateNumber_RelationalIneqs_splitClauses_0":["10800000"],
"labeledTemplateNumber_Empty_splitClauses_0":["52"],
"unlabeledTemplateRelationSymbolNumber_Term_splitClauses_0":["22"],
"minedTemplateNumber_All_splitClauses_1":["219"],
"labeledSingleVariableTemplatesNumber_Empty_splitClauses_1":["3"],
"minedBinaryVariableTemplatesNumber_Unlabeled_splitClauses_0":["49"],
"labeledTemplateNumber_Random_splitClauses_0":["52"],
"minedBinaryVariableTemplatesNumber_All_splitClauses_1":["49"],
"unlabeledSingleVariableTemplatesNumber_All_splitClauses_0":["490"],
"smt2FileSizeByte_PredictedCDHG_splitClauses_1":["75638"],
"labeledBinaryVariableTemplatesNumber_PredictedCDHG_splitClauses_0":["49"],
"averagePredicateSize_RelationalEqs_splitClauses_1":["10800000"],
"minedSingleVariableTemplatesNumber_Term_splitClauses_0":["170"],
"labeledTemplateRelationSymbolNumber_Term_splitClauses_1":["20"],
"generatedPredicateNumber_Random_splitClauses_0":["10800000"],
"labeledBinaryVariableTemplatesNumber_Empty_splitClauses_1":["49"],
"clauseNumberAfterSimplification_Labeled_splitClauses_0":["69"],
"labeledSingleVariableTemplatesNumber_Labeled_splitClauses_0":["3"],
"minedTemplateNumber_Mined_splitClauses_1":["219"],
"labeledTemplateRelationSymbolNumber_Labeled_splitClauses_0":["20"],
"unlabeledTemplateRelationSymbolNumber_Mined_splitClauses_1":["22"],
"solvability_Labeled_splitClauses_0":["10800000"],
"minedTemplateNumber_RelationalEqs_splitClauses_1":["219"],
"solvingTime_Random_splitClauses_1":["10800000"],
"minedTemplateNumber_Random_splitClauses_0":["219"],
"cegarIterationNumber_Unlabeled_splitClauses_1":["10800000"],
"minedTemplateNumber_RelationalIneqs_splitClauses_1":["219"],
"unlabeledBinaryVariableTemplatesNumber_Octagon_splitClauses_1":["828"],
"minedSingleVariableTemplatesNumber_Octagon_splitClauses_1":["170"],
"minedSingleVariableTemplatesNumber_Random_splitClauses_1":["170"],
"averagePredicateSize_All_splitClauses_1":["10800000"],
"minedTemplateNumber_Empty_splitClauses_0":["219"],
"labeledTemplateNumber_Mined_splitClauses_0":["52"],
"unlabeledBinaryVariableTemplatesNumber_All_splitClauses_0":["828"],
"labeledSingleVariableTemplatesNumber_PredictedCDHG_splitClauses_1":["3"],
"minedSingleVariableTemplatesNumber_Mined_splitClauses_1":["170"],
"labeledTemplateRelationSymbolNumber_Term_splitClauses_0":["20"],
"unlabeledTemplateRelationSymbolNumber_Term_splitClauses_1":["22"],
"predicateGeneratorTime_All_splitClauses_1":["10800000"],
"unlabeledSingleVariableTemplatesNumber_Random_splitClauses_0":["490"],
"predicateGeneratorTime_Unlabeled_splitClauses_1":["10800000"],
"cegarIterationNumber_PredictedCDHG_splitClauses_0":["10800000"],
"labeledTemplateNumber_RelationalEqs_splitClauses_0":["52"],
"labeledTemplateRelationSymbolNumber_Mined_splitClauses_1":["20"],
"labeledTemplateRelationSymbolNumber_Random_splitClauses_0":["20"],
"labeledBinaryVariableTemplatesNumber_RelationalEqs_splitClauses_1":["49"],
"generatedPredicateNumber_RelationalIneqs_splitClauses_1":["10800000"],
"unlabeledTemplateRelationSymbolNumber_PredictedCG_splitClauses_1":["22"],
"unlabeledSingleVariableTemplatesNumber_RelationalEqs_splitClauses_0":["490"],
"labeledBinaryVariableTemplatesNumber_Labeled_splitClauses_0":["49"],
"minedBinaryVariableTemplatesNumber_PredictedCDHG_splitClauses_0":["49"],
"unlabeledTemplateRelationSymbolNumber_Unlabeled_splitClauses_0":["22"],
"clauseNumberAfterSimplification_Term_splitClauses_1":["69"],
"relationSymbolNumber_RelationalIneqs_splitClauses_0":["114"],
"unlabeledTemplateNumber_Octagon_splitClauses_0":["1318"],
"unlabeledBinaryVariableTemplatesNumber_RelationalEqs_splitClauses_1":["828"],
"unlabeledTemplateNumber_PredictedCG_splitClauses_0":["1318"],
"unlabeledTemplateNumber_All_splitClauses_0":["1318"],
"labeledTemplateRelationSymbolNumber_RelationalIneqs_splitClauses_1":["20"],
"unlabeledSingleVariableTemplatesNumber_Mined_splitClauses_1":["490"],
"labeledTemplateRelationSymbolNumber_Unlabeled_splitClauses_1":["20"],
"labeledBinaryVariableTemplatesNumber_Random_splitClauses_1":["49"],
"relationSymbolNumber_RelationalEqs_splitClauses_0":["114"],
"solvability_Random_splitClauses_1":["10800000"],
"solvingTime_Term_splitClauses_0":["10800000"],
"minedSingleVariableTemplatesNumber_Labeled_splitClauses_1":["170"],
"relationSymbolNumber_Random_splitClauses_0":["114"],
"clauseNumberBeforeSimplification_Term_splitClauses_0":["105"],
"minedTemplateRelationSymbolNumber_Mined_splitClauses_0":["22"],
"solvability_Octagon_splitClauses_1":["10800000"],
"relationSymbolNumber_Labeled_splitClauses_1":["114"],
"minedSingleVariableTemplatesNumber_RelationalIneqs_splitClauses_1":["170"],
"smt2FileSizeByte_Labeled_splitClauses_0":["75638"],
"solvability_RelationalEqs_splitClauses_1":["10800000"],
"unlabeledSingleVariableTemplatesNumber_Empty_splitClauses_1":["490"],
"labeledTemplateNumber_PredictedCDHG_splitClauses_1":["52"],
"minedTemplateRelationSymbolNumber_Octagon_splitClauses_0":["22"],
"clauseNumberAfterSimplification_Unlabeled_splitClauses_0":["69"],
"clauseNumberBeforeSimplification_Unlabeled_splitClauses_0":["105"],
"clauseNumberBeforeSimplification_PredictedCDHG_splitClauses_0":["105"],
"cegarIterationNumber_RelationalIneqs_splitClauses_0":["10800000"],
"relationSymbolNumber_All_splitClauses_0":["114"],
"labeledTemplateRelationSymbolNumber_RelationalEqs_splitClauses_0":["20"],
"averagePredicateSize_Labeled_splitClauses_0":["10800000"],
"smt2FileSizeByte_RelationalIneqs_splitClauses_1":["75638"],
"clauseNumberBeforeSimplification_RelationalEqs_splitClauses_1":["105"],
"unlabeledTemplateRelationSymbolNumber_RelationalIneqs_splitClauses_1":["22"],
"clauseNumberBeforeSimplification_PredictedCG_splitClauses_0":["105"],
"solvingTime_PredictedCDHG_splitClauses_0":["10800000"],
"labeledTemplateRelationSymbolNumber_Octagon_splitClauses_1":["20"],
"minedTemplateRelationSymbolNumber_PredictedCG_splitClauses_1":["22"],
"labeledTemplateNumber_Random_splitClauses_1":["52"],
"solvingTime_RelationalIneqs_splitClauses_0":["10800000"],
"labeledTemplateNumber_All_splitClauses_1":["52"],
"unlabeledTemplateNumber_Random_splitClauses_1":["1318"],
"relationSymbolNumber_PredictedCDHG_splitClauses_1":["114"],
"smt2FileSizeByte_Unlabeled_splitClauses_1":["75638"],
"cegarIterationNumber_PredictedCG_splitClauses_0":["10800000"],
"predicateGeneratorTime_Octagon_splitClauses_0":["10800000"],
"unlabeledTemplateNumber_RelationalEqs_splitClauses_1":["1318"],
"clauseNumberAfterSimplification_Octagon_splitClauses_0":["69"],
"cegarIterationNumber_Random_splitClauses_0":["10800000"],
"solvability_PredictedCDHG_splitClauses_1":["10800000"],
"solvability_PredictedCG_splitClauses_0":["10800000"],
"solvingTime_PredictedCG_splitClauses_1":["10800000"],
"unlabeledSingleVariableTemplatesNumber_Unlabeled_splitClauses_0":["490"],
"unlabeledTemplateNumber_Unlabeled_splitClauses_0":["1318"],
"labeledTemplateRelationSymbolNumber_RelationalIneqs_splitClauses_0":["20"],
"minedTemplateNumber_Random_splitClauses_1":["219"],
"relationSymbolNumber_PredictedCG_splitClauses_0":["114"],
"generatedPredicateNumber_RelationalEqs_splitClauses_0":["10800000"],
"minedTemplateNumber_Term_splitClauses_0":["219"],
"solvingTime_All_splitClauses_1":["10800000"],
"minedSingleVariableTemplatesNumber_PredictedCG_splitClauses_0":["170"],
"smt2FileSizeByte_Term_splitClauses_1":["75638"],
"labeledBinaryVariableTemplatesNumber_All_splitClauses_0":["49"],
"minedTemplateNumber_PredictedCDHG_splitClauses_1":["219"],
"minedTemplateRelationSymbolNumber_PredictedCDHG_splitClauses_0":["22"],
"averagePredicateSize_Unlabeled_splitClauses_0":["10800000"],
"minedBinaryVariableTemplatesNumber_Octagon_splitClauses_1":["49"],
"unlabeledSingleVariableTemplatesNumber_Random_splitClauses_1":["490"],
"clauseNumberBeforeSimplification_Random_splitClauses_0":["105"],
"solvingTime_Unlabeled_splitClauses_1":["10800000"],
"predicateGeneratorTime_PredictedCDHG_splitClauses_1":["10800000"],
"averagePredicateSize_PredictedCDHG_splitClauses_0":["10800000"],
"minedBinaryVariableTemplatesNumber_Term_splitClauses_0":["49"],
"labeledTemplateNumber_RelationalIneqs_splitClauses_0":["52"],
"clauseNumberAfterSimplification_Random_splitClauses_0":["69"],
"clauseNumberAfterSimplification_PredictedCG_splitClauses_0":["69"],
"generatedPredicateNumber_Empty_splitClauses_1":["10800000"],
"clauseNumberBeforeSimplification_Octagon_splitClauses_0":["105"],
"unlabeledTemplateNumber_Empty_splitClauses_0":["1318"],
"minedSingleVariableTemplatesNumber_All_splitClauses_0":["170"],
"labeledTemplateRelationSymbolNumber_Octagon_splitClauses_0":["20"],
"generatedPredicateNumber_Random_splitClauses_1":["10800000"],
"clauseNumberAfterSimplification_RelationalEqs_splitClauses_0":["69"],
"labeledBinaryVariableTemplatesNumber_Term_splitClauses_0":["49"],
"minedSingleVariableTemplatesNumber_RelationalEqs_splitClauses_0":["170"],
"minedTemplateNumber_Mined_splitClauses_0":["219"],
"averagePredicateSize_Octagon_splitClauses_0":["10800000"],
"unlabeledBinaryVariableTemplatesNumber_Empty_splitClauses_1":["828"],
"relationSymbolNumber_Unlabeled_splitClauses_0":["114"],
"unlabeledSingleVariableTemplatesNumber_PredictedCDHG_splitClauses_0":["490"],
"unlabeledSingleVariableTemplatesNumber_PredictedCG_splitClauses_1":["490"],
"labeledTemplateRelationSymbolNumber_Labeled_splitClauses_1":["20"],
"minedTemplateRelationSymbolNumber_Random_splitClauses_0":["22"],
"unlabeledTemplateRelationSymbolNumber_PredictedCG_splitClauses_0":["22"],
"unlabeledTemplateNumber_RelationalIneqs_splitClauses_0":["1318"],
"unlabeledSingleVariableTemplatesNumber_Labeled_splitClauses_0":["490"],
"minedTemplateNumber_Unlabeled_splitClauses_1":["219"],
"generatedPredicateNumber_PredictedCG_splitClauses_0":["10800000"],
"labeledTemplateNumber_Unlabeled_splitClauses_1":["52"],
"unlabeledTemplateRelationSymbolNumber_Empty_splitClauses_1":["22"],
"clauseNumberBeforeSimplification_Empty_splitClauses_0":["105"],
"solvingTime_Octagon_splitClauses_1":["10800000"],
"cegarIterationNumber_Mined_splitClauses_1":["26"],
"clauseNumberBeforeSimplification_Mined_splitClauses_1":["105"],
"smt2FileSizeByte_PredictedCDHG_splitClauses_0":["75638"],
"averagePredicateSize_PredictedCG_splitClauses_0":["10800000"],
"solvingTime_Random_splitClauses_0":["10800000"],
"minedTemplateNumber_RelationalEqs_splitClauses_0":["219"],
"unlabeledSingleVariableTemplatesNumber_RelationalIneqs_splitClauses_0":["490"],
"unlabeledTemplateNumber_Unlabeled_splitClauses_1":["1318"],
"labeledBinaryVariableTemplatesNumber_RelationalEqs_splitClauses_0":["49"],
"generatedPredicateNumber_PredictedCDHG_splitClauses_0":["10800000"],
"minedTemplateRelationSymbolNumber_Empty_splitClauses_1":["22"],
"predicateGeneratorTime_Random_splitClauses_1":["10800000"],
"labeledTemplateNumber_Term_splitClauses_1":["52"],
"minedSingleVariableTemplatesNumber_Empty_splitClauses_1":["170"],
"minedSingleVariableTemplatesNumber_RelationalIneqs_splitClauses_0":["170"],
"clauseNumberAfterSimplification_All_splitClauses_0":["69"],
"unlabeledBinaryVariableTemplatesNumber_RelationalEqs_splitClauses_0":["828"],
"cegarIterationNumber_RelationalEqs_splitClauses_0":["10800000"],
"labeledTemplateRelationSymbolNumber_PredictedCDHG_splitClauses_0":["20"],
"labeledSingleVariableTemplatesNumber_Labeled_splitClauses_1":["3"],
"unlabeledBinaryVariableTemplatesNumber_All_splitClauses_1":["828"],
"minedTemplateRelationSymbolNumber_Unlabeled_splitClauses_1":["22"],
"solvingTime_RelationalEqs_splitClauses_0":["10800000"],
"solvingTime_RelationalEqs_splitClauses_1":["10800000"],
"minedBinaryVariableTemplatesNumber_Mined_splitClauses_0":["49"],
"clauseNumberBeforeSimplification_All_splitClauses_0":["105"],
"clauseNumberBeforeSimplification_RelationalIneqs_splitClauses_1":["105"],
"labeledTemplateNumber_RelationalEqs_splitClauses_1":["52"],
"labeledBinaryVariableTemplatesNumber_RelationalIneqs_splitClauses_0":["49"],
"clauseNumberAfterSimplification_Empty_splitClauses_0":["69"],
"averagePredicateSize_Empty_splitClauses_0":["10800000"],
"relationSymbolNumber_PredictedCG_splitClauses_1":["114"],
"unlabeledTemplateNumber_Term_splitClauses_1":["1318"],
"predicateGeneratorTime_Mined_splitClauses_1":["987"],
"relationSymbolNumber_Mined_splitClauses_0":["114"],
"labeledBinaryVariableTemplatesNumber_RelationalIneqs_splitClauses_1":["49"],
"predicateGeneratorTime_Unlabeled_splitClauses_0":["10800000"],
"generatedPredicateNumber_Mined_splitClauses_0":["10800000"],
"generatedPredicateNumber_RelationalEqs_splitClauses_1":["10800000"],
"labeledTemplateRelationSymbolNumber_PredictedCG_splitClauses_0":["20"],
"minedSingleVariableTemplatesNumber_PredictedCG_splitClauses_1":["170"],
"minedTemplateRelationSymbolNumber_PredictedCG_splitClauses_0":["22"],
"unlabeledTemplateRelationSymbolNumber_Labeled_splitClauses_0":["22"],
"solvability_Empty_splitClauses_1":["10800000"],
"averagePredicateSize_Term_splitClauses_0":["10800000"],
"cegarIterationNumber_Random_splitClauses_1":["10800000"],
"relationSymbolNumber_All_splitClauses_1":["114"],
"averagePredicateSize_Labeled_splitClauses_1":["10800000"],
"unlabeledBinaryVariableTemplatesNumber_Unlabeled_splitClauses_0":["828"],
"generatedPredicateNumber_Unlabeled_splitClauses_1":["10800000"],
"predicateGeneratorTime_All_splitClauses_0":["10800000"],
"unlabeledBinaryVariableTemplatesNumber_PredictedCDHG_splitClauses_1":["828"],
"clauseNumberBeforeSimplification_Labeled_splitClauses_1":["105"],
"minedBinaryVariableTemplatesNumber_Labeled_splitClauses_1":["49"],
"labeledSingleVariableTemplatesNumber_All_splitClauses_0":["3"],
"unlabeledTemplateRelationSymbolNumber_Mined_splitClauses_0":["22"],
"cegarIterationNumber_Octagon_splitClauses_1":["10800000"],
"labeledTemplateNumber_Octagon_splitClauses_0":["52"],
"labeledTemplateRelationSymbolNumber_All_splitClauses_1":["20"],
"smt2FileSizeByte_Empty_splitClauses_0":["75638"],
"relationSymbolNumber_RelationalIneqs_splitClauses_1":["114"],
"unlabeledTemplateNumber_Octagon_splitClauses_1":["1318"],
"predicateGeneratorTime_RelationalEqs_splitClauses_0":["10800000"],
"unlabeledTemplateRelationSymbolNumber_RelationalIneqs_splitClauses_0":["22"],
"smt2FileSizeByte_RelationalEqs_splitClauses_1":["75638"],
"unlabeledTemplateNumber_Labeled_splitClauses_0":["1318"],
"relationSymbolNumber_Random_splitClauses_1":["114"],
"minedSingleVariableTemplatesNumber_Labeled_splitClauses_0":["170"],
"solvingTime_PredictedCDHG_splitClauses_1":["10800000"],
"minedTemplateNumber_Octagon_splitClauses_1":["219"],
"clauseNumberBeforeSimplification_Mined_splitClauses_0":["105"],
"smt2FileSizeByte_All_splitClauses_0":["75638"],
"solvingTime_All_splitClauses_0":["10800000"],
"minedBinaryVariableTemplatesNumber_Term_splitClauses_1":["49"],
"unlabeledTemplateRelationSymbolNumber_Random_splitClauses_0":["22"],
"cegarIterationNumber_All_splitClauses_0":["10800000"],
"smt2FileSizeByte_RelationalEqs_splitClauses_0":["75638"],
"unlabeledSingleVariableTemplatesNumber_PredictedCDHG_splitClauses_1":["490"],
"clauseNumberBeforeSimplification_Labeled_splitClauses_0":["105"],
"cegarIterationNumber_PredictedCG_splitClauses_1":["10800000"],
"labeledTemplateRelationSymbolNumber_Unlabeled_splitClauses_0":["20"],
"unlabeledTemplateRelationSymbolNumber_Octagon_splitClauses_1":["22"],
"unlabeledTemplateNumber_Empty_splitClauses_1":["1318"],
"clauseNumberBeforeSimplification_Octagon_splitClauses_1":["105"],
"labeledTemplateNumber_Unlabeled_splitClauses_0":["52"],
"labeledBinaryVariableTemplatesNumber_PredictedCG_splitClauses_0":["49"],
"solvability_Term_splitClauses_1":["10800000"],
"solvability_Octagon_splitClauses_0":["10800000"],
"minedTemplateRelationSymbolNumber_RelationalIneqs_splitClauses_0":["22"],
"clauseNumberBeforeSimplification_RelationalIneqs_splitClauses_0":["105"],
"labeledTemplateNumber_PredictedCG_splitClauses_0":["52"],
"cegarIterationNumber_Labeled_splitClauses_0":["10800000"],
"smt2FileSizeByte_Labeled_splitClauses_1":["75638"],
"clauseNumberBeforeSimplification_Unlabeled_splitClauses_1":["105"],
"generatedPredicateNumber_Term_splitClauses_1":["10800000"],
"solvingTime_Term_splitClauses_1":["10800000"],
"unlabeledBinaryVariableTemplatesNumber_Random_splitClauses_1":["828"],
"unlabeledSingleVariableTemplatesNumber_Octagon_splitClauses_0":["490"],
"solvingTime_Octagon_splitClauses_0":["10800000"],
"labeledSingleVariableTemplatesNumber_Mined_splitClauses_1":["3"],
"averagePredicateSize_Term_splitClauses_1":["10800000"],
"labeledTemplateNumber_Labeled_splitClauses_0":["52"],
"unlabeledSingleVariableTemplatesNumber_PredictedCG_splitClauses_0":["490"],
"smt2FileSizeByte_Mined_splitClauses_1":["75638"],
"labeledBinaryVariableTemplatesNumber_Unlabeled_splitClauses_1":["49"],
"labeledTemplateNumber_All_splitClauses_0":["52"],
"unlabeledTemplateNumber_Random_splitClauses_0":["1318"],
"labeledTemplateNumber_Octagon_splitClauses_1":["52"],
"unlabeledTemplateNumber_PredictedCDHG_splitClauses_1":["1318"],
"unlabeledBinaryVariableTemplatesNumber_Mined_splitClauses_0":["828"],
"minedTemplateRelationSymbolNumber_Mined_splitClauses_1":["22"],
"labeledTemplateNumber_RelationalIneqs_splitClauses_1":["52"],
"solvability_Term_splitClauses_0":["10800000"],
"relationSymbolNumber_Octagon_splitClauses_0":["114"],
"clauseNumberBeforeSimplification_PredictedCG_splitClauses_1":["105"],
"generatedPredicateNumber_Labeled_splitClauses_1":["10800000"],
"labeledSingleVariableTemplatesNumber_Unlabeled_splitClauses_0":["3"],
"unlabeledBinaryVariableTemplatesNumber_Empty_splitClauses_0":["828"],
"solvingTime_Mined_splitClauses_0":["10800000"],
"unlabeledTemplateNumber_All_splitClauses_1":["1318"],
"clauseNumberAfterSimplification_Random_splitClauses_1":["69"],
"labeledBinaryVariableTemplatesNumber_Octagon_splitClauses_1":["49"],
"unlabeledBinaryVariableTemplatesNumber_Labeled_splitClauses_0":["828"],
"smt2FileSizeByte_Octagon_splitClauses_0":["75638"],
"labeledSingleVariableTemplatesNumber_Random_splitClauses_1":["3"],
"solvability_Unlabeled_splitClauses_0":["10800000"],
"solvingTime_Unlabeled_splitClauses_0":["10800000"],
"unlabeledTemplateRelationSymbolNumber_All_splitClauses_1":["22"],
"minedTemplateNumber_Empty_splitClauses_1":["219"],
"solvability_RelationalIneqs_splitClauses_0":["10800000"],
"unlabeledTemplateRelationSymbolNumber_Labeled_splitClauses_1":["22"],
"cegarIterationNumber_RelationalEqs_splitClauses_1":["10800000"],
"minedSingleVariableTemplatesNumber_RelationalEqs_splitClauses_1":["170"],
"clauseNumberAfterSimplification_PredictedCDHG_splitClauses_1":["69"],
"minedBinaryVariableTemplatesNumber_RelationalIneqs_splitClauses_1":["49"],
"unlabeledBinaryVariableTemplatesNumber_Mined_splitClauses_1":["828"],
"unlabeledBinaryVariableTemplatesNumber_PredictedCDHG_splitClauses_0":["828"],
"solvingTime_Empty_splitClauses_1":["10800000"],
"labeledTemplateRelationSymbolNumber_Empty_splitClauses_1":["20"],
"generatedPredicateNumber_Term_splitClauses_0":["10800000"],
"averagePredicateSize_Empty_splitClauses_1":["10800000"],
"generatedPredicateNumber_PredictedCG_splitClauses_1":["10800000"],
"labeledTemplateRelationSymbolNumber_PredictedCDHG_splitClauses_1":["20"],
"relationSymbolNumber_Mined_splitClauses_1":["114"],
"predicateGeneratorTime_Mined_splitClauses_0":["10800000"],
"predicateGeneratorTime_Labeled_splitClauses_0":["10800000"],
"labeledSingleVariableTemplatesNumber_Random_splitClauses_0":["3"],
"unlabeledTemplateRelationSymbolNumber_All_splitClauses_0":["22"],
"minedBinaryVariableTemplatesNumber_Labeled_splitClauses_0":["49"],
"generatedPredicateNumber_Labeled_splitClauses_0":["10800000"],
"relationSymbolNumber_Empty_splitClauses_0":["114"],
"solvingTime_Mined_splitClauses_1":["1334"],
"minedSingleVariableTemplatesNumber_All_splitClauses_1":["170"],
"predicateGeneratorTime_Random_splitClauses_0":["10800000"],
"cegarIterationNumber_Term_splitClauses_1":["10800000"],
"labeledTemplateNumber_Empty_splitClauses_1":["52"],
"clauseNumberAfterSimplification_Empty_splitClauses_1":["69"],
"minedTemplateRelationSymbolNumber_Empty_splitClauses_0":["22"],
"unlabeledSingleVariableTemplatesNumber_Term_splitClauses_0":["490"],
"minedSingleVariableTemplatesNumber_Empty_splitClauses_0":["170"],
"minedTemplateRelationSymbolNumber_RelationalEqs_splitClauses_0":["22"],
"cegarIterationNumber_Empty_splitClauses_0":["10800000"],
"minedBinaryVariableTemplatesNumber_RelationalEqs_splitClauses_1":["49"],
"labeledSingleVariableTemplatesNumber_All_splitClauses_1":["3"],
"unlabeledTemplateRelationSymbolNumber_Octagon_splitClauses_0":["22"],
"minedTemplateRelationSymbolNumber_Unlabeled_splitClauses_0":["22"],
"labeledBinaryVariableTemplatesNumber_Mined_splitClauses_0":["49"],
"minedTemplateNumber_PredictedCG_splitClauses_1":["219"],
"cegarIterationNumber_Empty_splitClauses_1":["10800000"],
"averagePredicateSize_RelationalIneqs_splitClauses_0":["10800000"],
"solvability_All_splitClauses_1":["10800000"],
"unlabeledBinaryVariableTemplatesNumber_Term_splitClauses_1":["828"],
"relationSymbolNumber_PredictedCDHG_splitClauses_0":["114"],
"minedTemplateRelationSymbolNumber_Labeled_splitClauses_1":["22"],
"averagePredicateSize_Unlabeled_splitClauses_1":["10800000"],
"labeledTemplateNumber_Term_splitClauses_0":["52"],
"smt2FileSizeByte_Empty_splitClauses_1":["75638"],
"solvingTime_PredictedCG_splitClauses_0":["10800000"],
"relationSymbolNumber_Term_splitClauses_0":["114"],
"cegarIterationNumber_All_splitClauses_1":["10800000"],
"clauseNumberBeforeSimplification_Term_splitClauses_1":["105"],
"predicateGeneratorTime_Empty_splitClauses_0":["10800000"],
"averagePredicateSize_All_splitClauses_0":["10800000"],
"unlabeledBinaryVariableTemplatesNumber_Random_splitClauses_0":["828"],
"smt2FileSizeByte_Term_splitClauses_0":["75638"],
"averagePredicateSize_Mined_splitClauses_1":["1"],
"minedBinaryVariableTemplatesNumber_Empty_splitClauses_0":["49"],
"minedTemplateRelationSymbolNumber_All_splitClauses_1":["22"],
"labeledSingleVariableTemplatesNumber_PredictedCG_splitClauses_0":["3"],
"unlabeledBinaryVariableTemplatesNumber_RelationalIneqs_splitClauses_0":["828"],
"unlabeledSingleVariableTemplatesNumber_RelationalIneqs_splitClauses_1":["490"],
"clauseNumberAfterSimplification_RelationalIneqs_splitClauses_0":["69"],
"unlabeledTemplateNumber_RelationalEqs_splitClauses_0":["1318"],
"unlabeledTemplateNumber_RelationalIneqs_splitClauses_1":["1318"],
"labeledTemplateRelationSymbolNumber_PredictedCG_splitClauses_1":["20"],
"labeledTemplateRelationSymbolNumber_All_splitClauses_0":["20"],
"labeledSingleVariableTemplatesNumber_Octagon_splitClauses_0":["3"],
"dummyFiled":[]
}