{
"cegarIterationNumber_Term_splitClauses_0":[10800000],
"cegarIterationNumber_RelationalIneqs_splitClauses_1":[10],
"cegarIterationNumber_Octagon_splitClauses_0":[10800000],
"solvingTime_RelationalIneqs_splitClauses_1":[1188],
"solvingTime_Term_splitClauses_0":[10800000],
"cegarIterationNumber_RelationalIneqs_splitClauses_0":[10800000],
"solvingTime_RelationalIneqs_splitClauses_0":[10800000],
"solvingTime_Octagon_splitClauses_1":[1412],
"cegarIterationNumber_RelationalEqs_splitClauses_0":[10800000],
"solvingTime_RelationalEqs_splitClauses_0":[10800000],
"solvingTime_RelationalEqs_splitClauses_1":[1295],
"cegarIterationNumber_Octagon_splitClauses_1":[10],
"solvingTime_Term_splitClauses_1":[1117],
"solvingTime_Octagon_splitClauses_0":[10800000],
"cegarIterationNumber_RelationalEqs_splitClauses_1":[10],
"cegarIterationNumber_Term_splitClauses_1":[10],
"dummyFiled":[]
}