{
"smt2FileSizeByte_All_splitClauses_1":["16501"],
"generatedPredicateNumber_All_splitClauses_1":["10800000"],
"unlabeledTemplateRelationSymbolNumber_PredictedCDHG_splitClauses_0":["4"],
"relationSymbolNumberBeforeSimplification_Unlabeled_splitClauses_1":["87"],
"predicateGeneratorTime_Term_splitClauses_0":["10800000"],
"averagePredicateSize_Random_splitClauses_1":["1"],
"labeledBinaryVariableTemplatesNumber_Labeled_splitClauses_1":["6"],
"clauseNumberBeforeSimplification_All_splitClauses_1":["43"],
"minedTemplateRelationSymbolNumber_Term_splitClauses_0":["4"],
"solvingTime_Labeled_splitClauses_1":["177"],
"unlabeledTemplateNumber_Labeled_splitClauses_1":["157"],
"relationSymbolNumberAfterSimplification_All_splitClauses_1":["18"],
"minedTemplateRelationSymbolNumber_Octagon_splitClauses_1":["4"],
"clauseNumberAfterSimplification_Mined_splitClauses_1":["13"],
"relationSymbolNumberBeforeSimplification_Octagon_splitClauses_0":["87"],
"unlabeledBinaryVariableTemplatesNumber_Term_splitClauses_0":["96"],
"labeledTemplateNumber_PredictedCDHG_splitClauses_0":["6"],
"solvability_Empty_splitClauses_0":["10800000"],
"unlabeledTemplateRelationSymbolNumber_Random_splitClauses_1":["4"],
"labeledBinaryVariableTemplatesNumber_Octagon_splitClauses_0":["6"],
"relationSymbolNumberBeforeSimplification_Random_splitClauses_1":["87"],
"minedTemplateRelationSymbolNumber_Random_splitClauses_1":["4"],
"unlabeledSingleVariableTemplatesNumber_Mined_splitClauses_0":["61"],
"unlabeledBinaryVariableTemplatesNumber_PredictedCG_splitClauses_1":["96"],
"solvability_All_splitClauses_0":["10800000"],
"predicateGeneratorTime_RelationalEqs_splitClauses_1":["154"],
"relationSymbolNumberBeforeSimplification_PredictedCDHG_splitClauses_1":["87"],
"smt2FileSizeByte_PredictedCG_splitClauses_1":["16501"],
"labeledSingleVariableTemplatesNumber_Unlabeled_splitClauses_1":["0"],
"labeledBinaryVariableTemplatesNumber_PredictedCG_splitClauses_1":["6"],
"minedBinaryVariableTemplatesNumber_PredictedCG_splitClauses_0":["6"],
"solvability_Random_splitClauses_0":["10800000"],
"relationSymbolNumberAfterSimplification_PredictedCG_splitClauses_1":["18"],
"clauseNumberBeforeSimplification_PredictedCDHG_splitClauses_1":["43"],
"labeledSingleVariableTemplatesNumber_Mined_splitClauses_0":["0"],
"solvability_Unlabeled_splitClauses_1":["1"],
"cegarIterationNumber_Labeled_splitClauses_1":["3"],
"smt2FileSizeByte_Mined_splitClauses_0":["16501"],
"relationSymbolNumberAfterSimplification_Mined_splitClauses_0":["18"],
"labeledSingleVariableTemplatesNumber_PredictedCG_splitClauses_1":["0"],
"smt2FileSizeByte_Octagon_splitClauses_1":["16501"],
"minedTemplateNumber_Labeled_splitClauses_1":["27"],
"labeledSingleVariableTemplatesNumber_RelationalIneqs_splitClauses_1":["0"],
"clauseNumberAfterSimplification_Labeled_splitClauses_1":["13"],
"relationSymbolNumberAfterSimplification_Labeled_splitClauses_0":["18"],
"smt2FileSizeByte_Random_splitClauses_0":["16501"],
"relationSymbolNumberAfterSimplification_PredictedCDHG_splitClauses_0":["18"],
"unlabeledTemplateRelationSymbolNumber_PredictedCDHG_splitClauses_1":["4"],
"labeledSingleVariableTemplatesNumber_Term_splitClauses_0":["0"],
"generatedPredicateNumber_PredictedCDHG_splitClauses_1":["10800000"],
"minedSingleVariableTemplatesNumber_Unlabeled_splitClauses_0":["21"],
"generatedPredicateNumber_Octagon_splitClauses_1":["5"],
"labeledSingleVariableTemplatesNumber_RelationalEqs_splitClauses_0":["0"],
"predicateGeneratorTime_PredictedCG_splitClauses_1":["10800000"],
"relationSymbolNumberAfterSimplification_Octagon_splitClauses_0":["18"],
"labeledTemplateNumber_Labeled_splitClauses_1":["6"],
"labeledSingleVariableTemplatesNumber_Empty_splitClauses_0":["0"],
"minedTemplateRelationSymbolNumber_RelationalIneqs_splitClauses_1":["4"],
"unlabeledSingleVariableTemplatesNumber_All_splitClauses_1":["61"],
"labeledBinaryVariableTemplatesNumber_PredictedCDHG_splitClauses_1":["6"],
"unlabeledSingleVariableTemplatesNumber_RelationalEqs_splitClauses_1":["61"],
"cegarIterationNumber_Term_splitClauses_0":["10800000"],
"unlabeledBinaryVariableTemplatesNumber_Labeled_splitClauses_1":["96"],
"unlabeledSingleVariableTemplatesNumber_Term_splitClauses_1":["61"],
"clauseNumberAfterSimplification_All_splitClauses_1":["13"],
"minedSingleVariableTemplatesNumber_Random_splitClauses_0":["21"],
"solvability_RelationalIneqs_splitClauses_1":["1"],
"minedTemplateNumber_Labeled_splitClauses_0":["27"],
"minedSingleVariableTemplatesNumber_Octagon_splitClauses_0":["21"],
"minedSingleVariableTemplatesNumber_Term_splitClauses_1":["21"],
"minedBinaryVariableTemplatesNumber_PredictedCDHG_splitClauses_1":["6"],
"generatedPredicateNumber_Mined_splitClauses_1":["5"],
"labeledSingleVariableTemplatesNumber_RelationalIneqs_splitClauses_0":["0"],
"averagePredicateSize_Mined_splitClauses_0":["10800000"],
"cegarIterationNumber_Unlabeled_splitClauses_0":["10800000"],
"minedBinaryVariableTemplatesNumber_Random_splitClauses_0":["6"],
"labeledTemplateNumber_Mined_splitClauses_1":["6"],
"labeledBinaryVariableTemplatesNumber_Random_splitClauses_0":["6"],
"unlabeledTemplateRelationSymbolNumber_Unlabeled_splitClauses_1":["4"],
"cegarIterationNumber_Mined_splitClauses_0":["10800000"],
"minedTemplateRelationSymbolNumber_Labeled_splitClauses_0":["4"],
"unlabeledBinaryVariableTemplatesNumber_RelationalIneqs_splitClauses_1":["96"],
"unlabeledBinaryVariableTemplatesNumber_Octagon_splitClauses_0":["96"],
"solvability_Mined_splitClauses_0":["10800000"],
"averagePredicateSize_RelationalEqs_splitClauses_0":["10800000"],
"clauseNumberAfterSimplification_Term_splitClauses_0":["13"],
"unlabeledTemplateNumber_Mined_splitClauses_0":["157"],
"relationSymbolNumberAfterSimplification_Random_splitClauses_1":["18"],
"unlabeledTemplateNumber_PredictedCDHG_splitClauses_0":["157"],
"cegarIterationNumber_RelationalIneqs_splitClauses_1":["3"],
"minedBinaryVariableTemplatesNumber_Unlabeled_splitClauses_1":["6"],
"labeledTemplateNumber_PredictedCG_splitClauses_1":["6"],
"labeledTemplateRelationSymbolNumber_Mined_splitClauses_0":["4"],
"labeledBinaryVariableTemplatesNumber_Mined_splitClauses_1":["6"],
"relationSymbolNumberBeforeSimplification_Mined_splitClauses_0":["87"],
"relationSymbolNumberBeforeSimplification_RelationalIneqs_splitClauses_0":["87"],
"clauseNumberAfterSimplification_RelationalIneqs_splitClauses_1":["13"],
"minedSingleVariableTemplatesNumber_PredictedCDHG_splitClauses_0":["21"],
"solvability_Labeled_splitClauses_1":["1"],
"labeledSingleVariableTemplatesNumber_Octagon_splitClauses_1":["0"],
"averagePredicateSize_Random_splitClauses_0":["10800000"],
"smt2FileSizeByte_RelationalIneqs_splitClauses_0":["16501"],
"generatedPredicateNumber_Unlabeled_splitClauses_0":["10800000"],
"solvability_RelationalEqs_splitClauses_0":["10800000"],
"predicateGeneratorTime_Empty_splitClauses_1":["152"],
"minedSingleVariableTemplatesNumber_Mined_splitClauses_0":["21"],
"relationSymbolNumberAfterSimplification_Unlabeled_splitClauses_0":["18"],
"minedTemplateRelationSymbolNumber_PredictedCDHG_splitClauses_1":["4"],
"minedTemplateNumber_PredictedCG_splitClauses_0":["27"],
"averagePredicateSize_RelationalIneqs_splitClauses_1":["1"],
"labeledTemplateRelationSymbolNumber_Random_splitClauses_1":["4"],
"minedTemplateNumber_RelationalIneqs_splitClauses_0":["27"],
"predicateGeneratorTime_RelationalIneqs_splitClauses_0":["10800000"],
"labeledTemplateRelationSymbolNumber_Empty_splitClauses_0":["4"],
"minedBinaryVariableTemplatesNumber_Octagon_splitClauses_0":["6"],
"labeledSingleVariableTemplatesNumber_Term_splitClauses_1":["0"],
"labeledBinaryVariableTemplatesNumber_Empty_splitClauses_0":["6"],
"minedTemplateNumber_Octagon_splitClauses_0":["27"],
"labeledBinaryVariableTemplatesNumber_Unlabeled_splitClauses_0":["6"],
"relationSymbolNumberBeforeSimplification_Empty_splitClauses_0":["87"],
"clauseNumberAfterSimplification_PredictedCDHG_splitClauses_0":["13"],
"smt2FileSizeByte_PredictedCG_splitClauses_0":["16501"],
"minedBinaryVariableTemplatesNumber_RelationalEqs_splitClauses_0":["6"],
"relationSymbolNumberBeforeSimplification_Unlabeled_splitClauses_0":["87"],
"labeledTemplateRelationSymbolNumber_RelationalEqs_splitClauses_1":["4"],
"minedBinaryVariableTemplatesNumber_Random_splitClauses_1":["6"],
"clauseNumberAfterSimplification_Unlabeled_splitClauses_1":["13"],
"minedSingleVariableTemplatesNumber_PredictedCDHG_splitClauses_1":["21"],
"labeledBinaryVariableTemplatesNumber_Term_splitClauses_1":["6"],
"clauseNumberBeforeSimplification_Empty_splitClauses_1":["43"],
"relationSymbolNumberAfterSimplification_Octagon_splitClauses_1":["18"],
"relationSymbolNumberAfterSimplification_Term_splitClauses_0":["18"],
"minedBinaryVariableTemplatesNumber_Mined_splitClauses_1":["6"],
"unlabeledBinaryVariableTemplatesNumber_Unlabeled_splitClauses_1":["96"],
"relationSymbolNumberBeforeSimplification_Random_splitClauses_0":["87"],
"relationSymbolNumberAfterSimplification_PredictedCDHG_splitClauses_1":["18"],
"unlabeledTemplateNumber_PredictedCG_splitClauses_1":["157"],
"generatedPredicateNumber_Empty_splitClauses_0":["10800000"],
"predicateGeneratorTime_RelationalIneqs_splitClauses_1":["158"],
"unlabeledSingleVariableTemplatesNumber_Empty_splitClauses_0":["61"],
"cegarIterationNumber_Octagon_splitClauses_0":["10800000"],
"clauseNumberAfterSimplification_Octagon_splitClauses_1":["13"],
"unlabeledSingleVariableTemplatesNumber_Labeled_splitClauses_1":["61"],
"clauseNumberBeforeSimplification_Random_splitClauses_1":["43"],
"minedTemplateRelationSymbolNumber_All_splitClauses_0":["4"],
"unlabeledTemplateRelationSymbolNumber_RelationalEqs_splitClauses_0":["4"],
"minedSingleVariableTemplatesNumber_Unlabeled_splitClauses_1":["21"],
"clauseNumberBeforeSimplification_RelationalEqs_splitClauses_0":["43"],
"minedTemplateNumber_Unlabeled_splitClauses_0":["27"],
"generatedPredicateNumber_Octagon_splitClauses_0":["10800000"],
"predicateGeneratorTime_PredictedCDHG_splitClauses_0":["10800000"],
"clauseNumberAfterSimplification_PredictedCG_splitClauses_1":["13"],
"labeledSingleVariableTemplatesNumber_RelationalEqs_splitClauses_1":["0"],
"smt2FileSizeByte_Random_splitClauses_1":["16501"],
"averagePredicateSize_PredictedCG_splitClauses_1":["10800000"],
"cegarIterationNumber_PredictedCDHG_splitClauses_1":["10800000"],
"clauseNumberAfterSimplification_RelationalEqs_splitClauses_1":["13"],
"minedBinaryVariableTemplatesNumber_Empty_splitClauses_1":["6"],
"relationSymbolNumberAfterSimplification_RelationalEqs_splitClauses_1":["18"],
"minedTemplateNumber_PredictedCDHG_splitClauses_0":["27"],
"labeledBinaryVariableTemplatesNumber_All_splitClauses_1":["6"],
"solvingTime_RelationalIneqs_splitClauses_1":["206"],
"unlabeledTemplateRelationSymbolNumber_RelationalEqs_splitClauses_1":["4"],
"smt2FileSizeByte_Unlabeled_splitClauses_0":["16501"],
"relationSymbolNumberBeforeSimplification_Mined_splitClauses_1":["87"],
"relationSymbolNumberAfterSimplification_Mined_splitClauses_1":["18"],
"generatedPredicateNumber_All_splitClauses_0":["10800000"],
"relationSymbolNumberBeforeSimplification_Octagon_splitClauses_1":["87"],
"predicateGeneratorTime_Octagon_splitClauses_1":["132"],
"solvability_Mined_splitClauses_1":["1"],
"minedTemplateRelationSymbolNumber_Term_splitClauses_1":["4"],
"clauseNumberAfterSimplification_Mined_splitClauses_0":["13"],
"solvability_PredictedCDHG_splitClauses_0":["10800000"],
"solvingTime_Empty_splitClauses_0":["10800000"],
"unlabeledSingleVariableTemplatesNumber_Unlabeled_splitClauses_1":["61"],
"minedTemplateNumber_Term_splitClauses_1":["27"],
"averagePredicateSize_Octagon_splitClauses_1":["1"],
"unlabeledSingleVariableTemplatesNumber_Octagon_splitClauses_1":["61"],
"minedTemplateRelationSymbolNumber_RelationalEqs_splitClauses_1":["4"],
"relationSymbolNumberBeforeSimplification_All_splitClauses_1":["87"],
"minedBinaryVariableTemplatesNumber_RelationalIneqs_splitClauses_0":["6"],
"predicateGeneratorTime_Term_splitClauses_1":["159"],
"solvingTime_Labeled_splitClauses_0":["10800000"],
"unlabeledBinaryVariableTemplatesNumber_PredictedCG_splitClauses_0":["96"],
"minedTemplateNumber_All_splitClauses_0":["27"],
"predicateGeneratorTime_Labeled_splitClauses_1":["129"],
"unlabeledTemplateRelationSymbolNumber_Empty_splitClauses_0":["4"],
"unlabeledTemplateNumber_Mined_splitClauses_1":["157"],
"solvability_PredictedCG_splitClauses_1":["10800000"],
"unlabeledTemplateNumber_Term_splitClauses_0":["157"],
"minedBinaryVariableTemplatesNumber_PredictedCG_splitClauses_1":["6"],
"labeledSingleVariableTemplatesNumber_PredictedCDHG_splitClauses_0":["0"],
"minedBinaryVariableTemplatesNumber_All_splitClauses_0":["6"],
"averagePredicateSize_PredictedCDHG_splitClauses_1":["10800000"],
"predicateGeneratorTime_PredictedCG_splitClauses_0":["10800000"],
"generatedPredicateNumber_RelationalIneqs_splitClauses_0":["10800000"],
"labeledTemplateNumber_Empty_splitClauses_0":["6"],
"relationSymbolNumberAfterSimplification_RelationalIneqs_splitClauses_1":["18"],
"unlabeledTemplateRelationSymbolNumber_Term_splitClauses_0":["4"],
"minedTemplateNumber_All_splitClauses_1":["27"],
"labeledSingleVariableTemplatesNumber_Empty_splitClauses_1":["0"],
"minedBinaryVariableTemplatesNumber_Unlabeled_splitClauses_0":["6"],
"labeledTemplateNumber_Random_splitClauses_0":["6"],
"minedBinaryVariableTemplatesNumber_All_splitClauses_1":["6"],
"unlabeledSingleVariableTemplatesNumber_All_splitClauses_0":["61"],
"relationSymbolNumberBeforeSimplification_Labeled_splitClauses_1":["87"],
"smt2FileSizeByte_PredictedCDHG_splitClauses_1":["16501"],
"labeledBinaryVariableTemplatesNumber_PredictedCDHG_splitClauses_0":["6"],
"averagePredicateSize_RelationalEqs_splitClauses_1":["1"],
"minedSingleVariableTemplatesNumber_Term_splitClauses_0":["21"],
"labeledTemplateRelationSymbolNumber_Term_splitClauses_1":["4"],
"generatedPredicateNumber_Random_splitClauses_0":["10800000"],
"labeledBinaryVariableTemplatesNumber_Empty_splitClauses_1":["6"],
"relationSymbolNumberAfterSimplification_Term_splitClauses_1":["18"],
"clauseNumberAfterSimplification_Labeled_splitClauses_0":["13"],
"labeledSingleVariableTemplatesNumber_Labeled_splitClauses_0":["0"],
"minedTemplateNumber_Mined_splitClauses_1":["27"],
"labeledTemplateRelationSymbolNumber_Labeled_splitClauses_0":["4"],
"unlabeledTemplateRelationSymbolNumber_Mined_splitClauses_1":["4"],
"solvability_Labeled_splitClauses_0":["10800000"],
"minedTemplateNumber_RelationalEqs_splitClauses_1":["27"],
"solvingTime_Random_splitClauses_1":["265"],
"minedTemplateNumber_Random_splitClauses_0":["27"],
"cegarIterationNumber_Unlabeled_splitClauses_1":["3"],
"minedTemplateNumber_RelationalIneqs_splitClauses_1":["27"],
"unlabeledBinaryVariableTemplatesNumber_Octagon_splitClauses_1":["96"],
"minedSingleVariableTemplatesNumber_Octagon_splitClauses_1":["21"],
"minedSingleVariableTemplatesNumber_Random_splitClauses_1":["21"],
"averagePredicateSize_All_splitClauses_1":["10800000"],
"minedTemplateNumber_Empty_splitClauses_0":["27"],
"labeledTemplateNumber_Mined_splitClauses_0":["6"],
"unlabeledBinaryVariableTemplatesNumber_All_splitClauses_0":["96"],
"relationSymbolNumberAfterSimplification_Labeled_splitClauses_1":["18"],
"labeledSingleVariableTemplatesNumber_PredictedCDHG_splitClauses_1":["0"],
"minedSingleVariableTemplatesNumber_Mined_splitClauses_1":["21"],
"labeledTemplateRelationSymbolNumber_Term_splitClauses_0":["4"],
"unlabeledTemplateRelationSymbolNumber_Term_splitClauses_1":["4"],
"predicateGeneratorTime_All_splitClauses_1":["10800000"],
"unlabeledSingleVariableTemplatesNumber_Random_splitClauses_0":["61"],
"predicateGeneratorTime_Unlabeled_splitClauses_1":["133"],
"cegarIterationNumber_PredictedCDHG_splitClauses_0":["10800000"],
"labeledTemplateNumber_RelationalEqs_splitClauses_0":["6"],
"labeledTemplateRelationSymbolNumber_Mined_splitClauses_1":["4"],
"labeledTemplateRelationSymbolNumber_Random_splitClauses_0":["4"],
"labeledBinaryVariableTemplatesNumber_RelationalEqs_splitClauses_1":["6"],
"generatedPredicateNumber_RelationalIneqs_splitClauses_1":["5"],
"unlabeledTemplateRelationSymbolNumber_PredictedCG_splitClauses_1":["4"],
"unlabeledSingleVariableTemplatesNumber_RelationalEqs_splitClauses_0":["61"],
"labeledBinaryVariableTemplatesNumber_Labeled_splitClauses_0":["6"],
"minedBinaryVariableTemplatesNumber_PredictedCDHG_splitClauses_0":["6"],
"unlabeledTemplateRelationSymbolNumber_Unlabeled_splitClauses_0":["4"],
"clauseNumberAfterSimplification_Term_splitClauses_1":["13"],
"unlabeledTemplateNumber_Octagon_splitClauses_0":["157"],
"unlabeledBinaryVariableTemplatesNumber_RelationalEqs_splitClauses_1":["96"],
"unlabeledTemplateNumber_PredictedCG_splitClauses_0":["157"],
"unlabeledTemplateNumber_All_splitClauses_0":["157"],
"labeledTemplateRelationSymbolNumber_RelationalIneqs_splitClauses_1":["4"],
"unlabeledSingleVariableTemplatesNumber_Mined_splitClauses_1":["61"],
"labeledTemplateRelationSymbolNumber_Unlabeled_splitClauses_1":["4"],
"labeledBinaryVariableTemplatesNumber_Random_splitClauses_1":["6"],
"solvability_Random_splitClauses_1":["1"],
"solvingTime_Term_splitClauses_0":["10800000"],
"minedSingleVariableTemplatesNumber_Labeled_splitClauses_1":["21"],
"clauseNumberBeforeSimplification_Term_splitClauses_0":["43"],
"relationSymbolNumberBeforeSimplification_RelationalIneqs_splitClauses_1":["87"],
"minedTemplateRelationSymbolNumber_Mined_splitClauses_0":["4"],
"solvability_Octagon_splitClauses_1":["1"],
"minedSingleVariableTemplatesNumber_RelationalIneqs_splitClauses_1":["21"],
"smt2FileSizeByte_Labeled_splitClauses_0":["16501"],
"solvability_RelationalEqs_splitClauses_1":["1"],
"unlabeledSingleVariableTemplatesNumber_Empty_splitClauses_1":["61"],
"labeledTemplateNumber_PredictedCDHG_splitClauses_1":["6"],
"minedTemplateRelationSymbolNumber_Octagon_splitClauses_0":["4"],
"clauseNumberAfterSimplification_Unlabeled_splitClauses_0":["13"],
"clauseNumberBeforeSimplification_Unlabeled_splitClauses_0":["43"],
"clauseNumberBeforeSimplification_PredictedCDHG_splitClauses_0":["43"],
"cegarIterationNumber_RelationalIneqs_splitClauses_0":["10800000"],
"labeledTemplateRelationSymbolNumber_RelationalEqs_splitClauses_0":["4"],
"averagePredicateSize_Labeled_splitClauses_0":["10800000"],
"smt2FileSizeByte_RelationalIneqs_splitClauses_1":["16501"],
"clauseNumberBeforeSimplification_RelationalEqs_splitClauses_1":["43"],
"unlabeledTemplateRelationSymbolNumber_RelationalIneqs_splitClauses_1":["4"],
"clauseNumberBeforeSimplification_PredictedCG_splitClauses_0":["43"],
"solvingTime_PredictedCDHG_splitClauses_0":["10800000"],
"labeledTemplateRelationSymbolNumber_Octagon_splitClauses_1":["4"],
"minedTemplateRelationSymbolNumber_PredictedCG_splitClauses_1":["4"],
"relationSymbolNumberBeforeSimplification_RelationalEqs_splitClauses_1":["87"],
"labeledTemplateNumber_Random_splitClauses_1":["6"],
"solvingTime_RelationalIneqs_splitClauses_0":["10800000"],
"labeledTemplateNumber_All_splitClauses_1":["6"],
"unlabeledTemplateNumber_Random_splitClauses_1":["157"],
"relationSymbolNumberBeforeSimplification_All_splitClauses_0":["87"],
"smt2FileSizeByte_Unlabeled_splitClauses_1":["16501"],
"cegarIterationNumber_PredictedCG_splitClauses_0":["10800000"],
"predicateGeneratorTime_Octagon_splitClauses_0":["10800000"],
"unlabeledTemplateNumber_RelationalEqs_splitClauses_1":["157"],
"clauseNumberAfterSimplification_Octagon_splitClauses_0":["13"],
"cegarIterationNumber_Random_splitClauses_0":["10800000"],
"solvability_PredictedCDHG_splitClauses_1":["10800000"],
"solvability_PredictedCG_splitClauses_0":["10800000"],
"solvingTime_PredictedCG_splitClauses_1":["10800000"],
"unlabeledSingleVariableTemplatesNumber_Unlabeled_splitClauses_0":["61"],
"unlabeledTemplateNumber_Unlabeled_splitClauses_0":["157"],
"labeledTemplateRelationSymbolNumber_RelationalIneqs_splitClauses_0":["4"],
"minedTemplateNumber_Random_splitClauses_1":["27"],
"generatedPredicateNumber_RelationalEqs_splitClauses_0":["10800000"],
"minedTemplateNumber_Term_splitClauses_0":["27"],
"solvingTime_All_splitClauses_1":["10800000"],
"minedSingleVariableTemplatesNumber_PredictedCG_splitClauses_0":["21"],
"smt2FileSizeByte_Term_splitClauses_1":["16501"],
"labeledBinaryVariableTemplatesNumber_All_splitClauses_0":["6"],
"minedTemplateNumber_PredictedCDHG_splitClauses_1":["27"],
"minedTemplateRelationSymbolNumber_PredictedCDHG_splitClauses_0":["4"],
"averagePredicateSize_Unlabeled_splitClauses_0":["10800000"],
"minedBinaryVariableTemplatesNumber_Octagon_splitClauses_1":["6"],
"unlabeledSingleVariableTemplatesNumber_Random_splitClauses_1":["61"],
"clauseNumberBeforeSimplification_Random_splitClauses_0":["43"],
"solvingTime_Unlabeled_splitClauses_1":["187"],
"predicateGeneratorTime_PredictedCDHG_splitClauses_1":["10800000"],
"averagePredicateSize_PredictedCDHG_splitClauses_0":["10800000"],
"relationSymbolNumberAfterSimplification_RelationalEqs_splitClauses_0":["18"],
"minedBinaryVariableTemplatesNumber_Term_splitClauses_0":["6"],
"labeledTemplateNumber_RelationalIneqs_splitClauses_0":["6"],
"clauseNumberAfterSimplification_Random_splitClauses_0":["13"],
"clauseNumberAfterSimplification_PredictedCG_splitClauses_0":["13"],
"generatedPredicateNumber_Empty_splitClauses_1":["5"],
"clauseNumberBeforeSimplification_Octagon_splitClauses_0":["43"],
"unlabeledTemplateNumber_Empty_splitClauses_0":["157"],
"minedSingleVariableTemplatesNumber_All_splitClauses_0":["21"],
"labeledTemplateRelationSymbolNumber_Octagon_splitClauses_0":["4"],
"generatedPredicateNumber_Random_splitClauses_1":["5"],
"clauseNumberAfterSimplification_RelationalEqs_splitClauses_0":["13"],
"labeledBinaryVariableTemplatesNumber_Term_splitClauses_0":["6"],
"minedSingleVariableTemplatesNumber_RelationalEqs_splitClauses_0":["21"],
"minedTemplateNumber_Mined_splitClauses_0":["27"],
"relationSymbolNumberBeforeSimplification_PredictedCG_splitClauses_0":["87"],
"averagePredicateSize_Octagon_splitClauses_0":["10800000"],
"unlabeledBinaryVariableTemplatesNumber_Empty_splitClauses_1":["96"],
"unlabeledSingleVariableTemplatesNumber_PredictedCDHG_splitClauses_0":["61"],
"unlabeledSingleVariableTemplatesNumber_PredictedCG_splitClauses_1":["61"],
"labeledTemplateRelationSymbolNumber_Labeled_splitClauses_1":["4"],
"minedTemplateRelationSymbolNumber_Random_splitClauses_0":["4"],
"unlabeledTemplateRelationSymbolNumber_PredictedCG_splitClauses_0":["4"],
"unlabeledTemplateNumber_RelationalIneqs_splitClauses_0":["157"],
"unlabeledSingleVariableTemplatesNumber_Labeled_splitClauses_0":["61"],
"relationSymbolNumberAfterSimplification_PredictedCG_splitClauses_0":["18"],
"minedTemplateNumber_Unlabeled_splitClauses_1":["27"],
"generatedPredicateNumber_PredictedCG_splitClauses_0":["10800000"],
"labeledTemplateNumber_Unlabeled_splitClauses_1":["6"],
"unlabeledTemplateRelationSymbolNumber_Empty_splitClauses_1":["4"],
"clauseNumberBeforeSimplification_Empty_splitClauses_0":["43"],
"solvingTime_Octagon_splitClauses_1":["179"],
"cegarIterationNumber_Mined_splitClauses_1":["3"],
"clauseNumberBeforeSimplification_Mined_splitClauses_1":["43"],
"smt2FileSizeByte_PredictedCDHG_splitClauses_0":["16501"],
"averagePredicateSize_PredictedCG_splitClauses_0":["10800000"],
"solvingTime_Random_splitClauses_0":["10800000"],
"minedTemplateNumber_RelationalEqs_splitClauses_0":["27"],
"unlabeledSingleVariableTemplatesNumber_RelationalIneqs_splitClauses_0":["61"],
"unlabeledTemplateNumber_Unlabeled_splitClauses_1":["157"],
"labeledBinaryVariableTemplatesNumber_RelationalEqs_splitClauses_0":["6"],
"generatedPredicateNumber_PredictedCDHG_splitClauses_0":["10800000"],
"relationSymbolNumberAfterSimplification_RelationalIneqs_splitClauses_0":["18"],
"minedTemplateRelationSymbolNumber_Empty_splitClauses_1":["4"],
"predicateGeneratorTime_Random_splitClauses_1":["187"],
"labeledTemplateNumber_Term_splitClauses_1":["6"],
"relationSymbolNumberBeforeSimplification_RelationalEqs_splitClauses_0":["87"],
"minedSingleVariableTemplatesNumber_Empty_splitClauses_1":["21"],
"minedSingleVariableTemplatesNumber_RelationalIneqs_splitClauses_0":["21"],
"clauseNumberAfterSimplification_All_splitClauses_0":["13"],
"unlabeledBinaryVariableTemplatesNumber_RelationalEqs_splitClauses_0":["96"],
"cegarIterationNumber_RelationalEqs_splitClauses_0":["10800000"],
"labeledTemplateRelationSymbolNumber_PredictedCDHG_splitClauses_0":["4"],
"labeledSingleVariableTemplatesNumber_Labeled_splitClauses_1":["0"],
"unlabeledBinaryVariableTemplatesNumber_All_splitClauses_1":["96"],
"minedTemplateRelationSymbolNumber_Unlabeled_splitClauses_1":["4"],
"solvingTime_RelationalEqs_splitClauses_0":["10800000"],
"solvingTime_RelationalEqs_splitClauses_1":["209"],
"minedBinaryVariableTemplatesNumber_Mined_splitClauses_0":["6"],
"clauseNumberBeforeSimplification_All_splitClauses_0":["43"],
"clauseNumberBeforeSimplification_RelationalIneqs_splitClauses_1":["43"],
"labeledTemplateNumber_RelationalEqs_splitClauses_1":["6"],
"labeledBinaryVariableTemplatesNumber_RelationalIneqs_splitClauses_0":["6"],
"relationSymbolNumberBeforeSimplification_Labeled_splitClauses_0":["87"],
"clauseNumberAfterSimplification_Empty_splitClauses_0":["13"],
"averagePredicateSize_Empty_splitClauses_0":["10800000"],
"unlabeledTemplateNumber_Term_splitClauses_1":["157"],
"predicateGeneratorTime_Mined_splitClauses_1":["159"],
"labeledBinaryVariableTemplatesNumber_RelationalIneqs_splitClauses_1":["6"],
"predicateGeneratorTime_Unlabeled_splitClauses_0":["10800000"],
"relationSymbolNumberAfterSimplification_Empty_splitClauses_0":["18"],
"generatedPredicateNumber_Mined_splitClauses_0":["10800000"],
"generatedPredicateNumber_RelationalEqs_splitClauses_1":["5"],
"labeledTemplateRelationSymbolNumber_PredictedCG_splitClauses_0":["4"],
"minedSingleVariableTemplatesNumber_PredictedCG_splitClauses_1":["21"],
"minedTemplateRelationSymbolNumber_PredictedCG_splitClauses_0":["4"],
"unlabeledTemplateRelationSymbolNumber_Labeled_splitClauses_0":["4"],
"solvability_Empty_splitClauses_1":["1"],
"averagePredicateSize_Term_splitClauses_0":["10800000"],
"cegarIterationNumber_Random_splitClauses_1":["3"],
"averagePredicateSize_Labeled_splitClauses_1":["1"],
"unlabeledBinaryVariableTemplatesNumber_Unlabeled_splitClauses_0":["96"],
"generatedPredicateNumber_Unlabeled_splitClauses_1":["5"],
"predicateGeneratorTime_All_splitClauses_0":["10800000"],
"unlabeledBinaryVariableTemplatesNumber_PredictedCDHG_splitClauses_1":["96"],
"clauseNumberBeforeSimplification_Labeled_splitClauses_1":["43"],
"minedBinaryVariableTemplatesNumber_Labeled_splitClauses_1":["6"],
"labeledSingleVariableTemplatesNumber_All_splitClauses_0":["0"],
"unlabeledTemplateRelationSymbolNumber_Mined_splitClauses_0":["4"],
"cegarIterationNumber_Octagon_splitClauses_1":["3"],
"labeledTemplateNumber_Octagon_splitClauses_0":["6"],
"labeledTemplateRelationSymbolNumber_All_splitClauses_1":["4"],
"smt2FileSizeByte_Empty_splitClauses_0":["16501"],
"unlabeledTemplateNumber_Octagon_splitClauses_1":["157"],
"predicateGeneratorTime_RelationalEqs_splitClauses_0":["10800000"],
"unlabeledTemplateRelationSymbolNumber_RelationalIneqs_splitClauses_0":["4"],
"smt2FileSizeByte_RelationalEqs_splitClauses_1":["16501"],
"unlabeledTemplateNumber_Labeled_splitClauses_0":["157"],
"minedSingleVariableTemplatesNumber_Labeled_splitClauses_0":["21"],
"solvingTime_PredictedCDHG_splitClauses_1":["10800000"],
"relationSymbolNumberBeforeSimplification_Term_splitClauses_1":["87"],
"minedTemplateNumber_Octagon_splitClauses_1":["27"],
"clauseNumberBeforeSimplification_Mined_splitClauses_0":["43"],
"smt2FileSizeByte_All_splitClauses_0":["16501"],
"solvingTime_All_splitClauses_0":["10800000"],
"minedBinaryVariableTemplatesNumber_Term_splitClauses_1":["6"],
"unlabeledTemplateRelationSymbolNumber_Random_splitClauses_0":["4"],
"cegarIterationNumber_All_splitClauses_0":["10800000"],
"smt2FileSizeByte_RelationalEqs_splitClauses_0":["16501"],
"unlabeledSingleVariableTemplatesNumber_PredictedCDHG_splitClauses_1":["61"],
"clauseNumberBeforeSimplification_Labeled_splitClauses_0":["43"],
"cegarIterationNumber_PredictedCG_splitClauses_1":["10800000"],
"labeledTemplateRelationSymbolNumber_Unlabeled_splitClauses_0":["4"],
"unlabeledTemplateRelationSymbolNumber_Octagon_splitClauses_1":["4"],
"unlabeledTemplateNumber_Empty_splitClauses_1":["157"],
"clauseNumberBeforeSimplification_Octagon_splitClauses_1":["43"],
"labeledTemplateNumber_Unlabeled_splitClauses_0":["6"],
"labeledBinaryVariableTemplatesNumber_PredictedCG_splitClauses_0":["6"],
"solvability_Term_splitClauses_1":["1"],
"solvability_Octagon_splitClauses_0":["10800000"],
"minedTemplateRelationSymbolNumber_RelationalIneqs_splitClauses_0":["4"],
"clauseNumberBeforeSimplification_RelationalIneqs_splitClauses_0":["43"],
"labeledTemplateNumber_PredictedCG_splitClauses_0":["6"],
"cegarIterationNumber_Labeled_splitClauses_0":["10800000"],
"smt2FileSizeByte_Labeled_splitClauses_1":["16501"],
"clauseNumberBeforeSimplification_Unlabeled_splitClauses_1":["43"],
"generatedPredicateNumber_Term_splitClauses_1":["5"],
"solvingTime_Term_splitClauses_1":["208"],
"unlabeledBinaryVariableTemplatesNumber_Random_splitClauses_1":["96"],
"unlabeledSingleVariableTemplatesNumber_Octagon_splitClauses_0":["61"],
"solvingTime_Octagon_splitClauses_0":["10800000"],
"labeledSingleVariableTemplatesNumber_Mined_splitClauses_1":["0"],
"averagePredicateSize_Term_splitClauses_1":["1"],
"labeledTemplateNumber_Labeled_splitClauses_0":["6"],
"unlabeledSingleVariableTemplatesNumber_PredictedCG_splitClauses_0":["61"],
"smt2FileSizeByte_Mined_splitClauses_1":["16501"],
"labeledBinaryVariableTemplatesNumber_Unlabeled_splitClauses_1":["6"],
"labeledTemplateNumber_All_splitClauses_0":["6"],
"unlabeledTemplateNumber_Random_splitClauses_0":["157"],
"labeledTemplateNumber_Octagon_splitClauses_1":["6"],
"unlabeledTemplateNumber_PredictedCDHG_splitClauses_1":["157"],
"unlabeledBinaryVariableTemplatesNumber_Mined_splitClauses_0":["96"],
"minedTemplateRelationSymbolNumber_Mined_splitClauses_1":["4"],
"labeledTemplateNumber_RelationalIneqs_splitClauses_1":["6"],
"relationSymbolNumberAfterSimplification_All_splitClauses_0":["18"],
"relationSymbolNumberBeforeSimplification_PredictedCDHG_splitClauses_0":["87"],
"solvability_Term_splitClauses_0":["10800000"],
"clauseNumberBeforeSimplification_PredictedCG_splitClauses_1":["43"],
"generatedPredicateNumber_Labeled_splitClauses_1":["5"],
"labeledSingleVariableTemplatesNumber_Unlabeled_splitClauses_0":["0"],
"unlabeledBinaryVariableTemplatesNumber_Empty_splitClauses_0":["96"],
"solvingTime_Mined_splitClauses_0":["10800000"],
"unlabeledTemplateNumber_All_splitClauses_1":["157"],
"clauseNumberAfterSimplification_Random_splitClauses_1":["13"],
"labeledBinaryVariableTemplatesNumber_Octagon_splitClauses_1":["6"],
"unlabeledBinaryVariableTemplatesNumber_Labeled_splitClauses_0":["96"],
"smt2FileSizeByte_Octagon_splitClauses_0":["16501"],
"labeledSingleVariableTemplatesNumber_Random_splitClauses_1":["0"],
"solvability_Unlabeled_splitClauses_0":["10800000"],
"solvingTime_Unlabeled_splitClauses_0":["10800000"],
"unlabeledTemplateRelationSymbolNumber_All_splitClauses_1":["4"],
"minedTemplateNumber_Empty_splitClauses_1":["27"],
"solvability_RelationalIneqs_splitClauses_0":["10800000"],
"unlabeledTemplateRelationSymbolNumber_Labeled_splitClauses_1":["4"],
"cegarIterationNumber_RelationalEqs_splitClauses_1":["3"],
"minedSingleVariableTemplatesNumber_RelationalEqs_splitClauses_1":["21"],
"clauseNumberAfterSimplification_PredictedCDHG_splitClauses_1":["13"],
"minedBinaryVariableTemplatesNumber_RelationalIneqs_splitClauses_1":["6"],
"unlabeledBinaryVariableTemplatesNumber_Mined_splitClauses_1":["96"],
"unlabeledBinaryVariableTemplatesNumber_PredictedCDHG_splitClauses_0":["96"],
"solvingTime_Empty_splitClauses_1":["204"],
"labeledTemplateRelationSymbolNumber_Empty_splitClauses_1":["4"],
"generatedPredicateNumber_Term_splitClauses_0":["10800000"],
"averagePredicateSize_Empty_splitClauses_1":["1"],
"generatedPredicateNumber_PredictedCG_splitClauses_1":["10800000"],
"labeledTemplateRelationSymbolNumber_PredictedCDHG_splitClauses_1":["4"],
"predicateGeneratorTime_Mined_splitClauses_0":["10800000"],
"relationSymbolNumberBeforeSimplification_Term_splitClauses_0":["87"],
"predicateGeneratorTime_Labeled_splitClauses_0":["10800000"],
"labeledSingleVariableTemplatesNumber_Random_splitClauses_0":["0"],
"unlabeledTemplateRelationSymbolNumber_All_splitClauses_0":["4"],
"minedBinaryVariableTemplatesNumber_Labeled_splitClauses_0":["6"],
"generatedPredicateNumber_Labeled_splitClauses_0":["10800000"],
"relationSymbolNumberAfterSimplification_Empty_splitClauses_1":["18"],
"solvingTime_Mined_splitClauses_1":["216"],
"minedSingleVariableTemplatesNumber_All_splitClauses_1":["21"],
"predicateGeneratorTime_Random_splitClauses_0":["10800000"],
"cegarIterationNumber_Term_splitClauses_1":["3"],
"labeledTemplateNumber_Empty_splitClauses_1":["6"],
"clauseNumberAfterSimplification_Empty_splitClauses_1":["13"],
"minedTemplateRelationSymbolNumber_Empty_splitClauses_0":["4"],
"unlabeledSingleVariableTemplatesNumber_Term_splitClauses_0":["61"],
"minedSingleVariableTemplatesNumber_Empty_splitClauses_0":["21"],
"relationSymbolNumberAfterSimplification_Random_splitClauses_0":["18"],
"minedTemplateRelationSymbolNumber_RelationalEqs_splitClauses_0":["4"],
"cegarIterationNumber_Empty_splitClauses_0":["10800000"],
"minedBinaryVariableTemplatesNumber_RelationalEqs_splitClauses_1":["6"],
"relationSymbolNumberBeforeSimplification_PredictedCG_splitClauses_1":["87"],
"labeledSingleVariableTemplatesNumber_All_splitClauses_1":["0"],
"unlabeledTemplateRelationSymbolNumber_Octagon_splitClauses_0":["4"],
"minedTemplateRelationSymbolNumber_Unlabeled_splitClauses_0":["4"],
"labeledBinaryVariableTemplatesNumber_Mined_splitClauses_0":["6"],
"relationSymbolNumberAfterSimplification_Unlabeled_splitClauses_1":["18"],
"minedTemplateNumber_PredictedCG_splitClauses_1":["27"],
"cegarIterationNumber_Empty_splitClauses_1":["3"],
"averagePredicateSize_RelationalIneqs_splitClauses_0":["10800000"],
"solvability_All_splitClauses_1":["10800000"],
"unlabeledBinaryVariableTemplatesNumber_Term_splitClauses_1":["96"],
"minedTemplateRelationSymbolNumber_Labeled_splitClauses_1":["4"],
"averagePredicateSize_Unlabeled_splitClauses_1":["1"],
"labeledTemplateNumber_Term_splitClauses_0":["6"],
"smt2FileSizeByte_Empty_splitClauses_1":["16501"],
"solvingTime_PredictedCG_splitClauses_0":["10800000"],
"cegarIterationNumber_All_splitClauses_1":["10800000"],
"clauseNumberBeforeSimplification_Term_splitClauses_1":["43"],
"predicateGeneratorTime_Empty_splitClauses_0":["10800000"],
"relationSymbolNumberBeforeSimplification_Empty_splitClauses_1":["87"],
"averagePredicateSize_All_splitClauses_0":["10800000"],
"unlabeledBinaryVariableTemplatesNumber_Random_splitClauses_0":["96"],
"smt2FileSizeByte_Term_splitClauses_0":["16501"],
"averagePredicateSize_Mined_splitClauses_1":["1"],
"minedBinaryVariableTemplatesNumber_Empty_splitClauses_0":["6"],
"minedTemplateRelationSymbolNumber_All_splitClauses_1":["4"],
"labeledSingleVariableTemplatesNumber_PredictedCG_splitClauses_0":["0"],
"unlabeledBinaryVariableTemplatesNumber_RelationalIneqs_splitClauses_0":["96"],
"unlabeledSingleVariableTemplatesNumber_RelationalIneqs_splitClauses_1":["61"],
"clauseNumberAfterSimplification_RelationalIneqs_splitClauses_0":["13"],
"unlabeledTemplateNumber_RelationalEqs_splitClauses_0":["157"],
"unlabeledTemplateNumber_RelationalIneqs_splitClauses_1":["157"],
"labeledTemplateRelationSymbolNumber_PredictedCG_splitClauses_1":["4"],
"labeledTemplateRelationSymbolNumber_All_splitClauses_0":["4"],
"labeledSingleVariableTemplatesNumber_Octagon_splitClauses_0":["0"],
"dummyFiled":[]
}