{
"smt2FileSizeByte_All_splitClauses_1":["13230"],
"generatedPredicateNumber_All_splitClauses_1":["10800000"],
"unlabeledTemplateRelationSymbolNumber_PredictedCDHG_splitClauses_0":["5"],
"relationSymbolNumberBeforeSimplification_Unlabeled_splitClauses_1":["53"],
"predicateGeneratorTime_Term_splitClauses_0":["10800000"],
"averagePredicateSize_Random_splitClauses_1":["1"],
"labeledBinaryVariableTemplatesNumber_Labeled_splitClauses_1":["8"],
"clauseNumberBeforeSimplification_All_splitClauses_1":["27"],
"minedTemplateRelationSymbolNumber_Term_splitClauses_0":["5"],
"solvingTime_Labeled_splitClauses_1":["591"],
"unlabeledTemplateNumber_Labeled_splitClauses_1":["78"],
"relationSymbolNumberAfterSimplification_All_splitClauses_1":["20"],
"minedTemplateRelationSymbolNumber_Octagon_splitClauses_1":["5"],
"clauseNumberAfterSimplification_Mined_splitClauses_1":["11"],
"relationSymbolNumberBeforeSimplification_Octagon_splitClauses_0":["53"],
"unlabeledBinaryVariableTemplatesNumber_Term_splitClauses_0":["42"],
"labeledTemplateNumber_PredictedCDHG_splitClauses_0":["13"],
"solvability_Empty_splitClauses_0":["10800000"],
"unlabeledTemplateRelationSymbolNumber_Random_splitClauses_1":["5"],
"labeledBinaryVariableTemplatesNumber_Octagon_splitClauses_0":["8"],
"relationSymbolNumberBeforeSimplification_Random_splitClauses_1":["53"],
"minedTemplateRelationSymbolNumber_Random_splitClauses_1":["5"],
"unlabeledSingleVariableTemplatesNumber_Mined_splitClauses_0":["36"],
"unlabeledBinaryVariableTemplatesNumber_PredictedCG_splitClauses_1":["42"],
"solvability_All_splitClauses_0":["10800000"],
"predicateGeneratorTime_RelationalEqs_splitClauses_1":["334"],
"relationSymbolNumberBeforeSimplification_PredictedCDHG_splitClauses_1":["53"],
"smt2FileSizeByte_PredictedCG_splitClauses_1":["13230"],
"labeledSingleVariableTemplatesNumber_Unlabeled_splitClauses_1":["5"],
"labeledBinaryVariableTemplatesNumber_PredictedCG_splitClauses_1":["8"],
"minedBinaryVariableTemplatesNumber_PredictedCG_splitClauses_0":["8"],
"solvability_Random_splitClauses_0":["10800000"],
"relationSymbolNumberAfterSimplification_PredictedCG_splitClauses_1":["20"],
"clauseNumberBeforeSimplification_PredictedCDHG_splitClauses_1":["27"],
"labeledSingleVariableTemplatesNumber_Mined_splitClauses_0":["5"],
"solvability_Unlabeled_splitClauses_1":["1"],
"cegarIterationNumber_Labeled_splitClauses_1":["9"],
"smt2FileSizeByte_Mined_splitClauses_0":["13230"],
"relationSymbolNumberAfterSimplification_Mined_splitClauses_0":["20"],
"labeledSingleVariableTemplatesNumber_PredictedCG_splitClauses_1":["5"],
"smt2FileSizeByte_Octagon_splitClauses_1":["13230"],
"minedTemplateNumber_Labeled_splitClauses_1":["24"],
"labeledSingleVariableTemplatesNumber_RelationalIneqs_splitClauses_1":["5"],
"clauseNumberAfterSimplification_Labeled_splitClauses_1":["11"],
"relationSymbolNumberAfterSimplification_Labeled_splitClauses_0":["20"],
"smt2FileSizeByte_Random_splitClauses_0":["13230"],
"relationSymbolNumberAfterSimplification_PredictedCDHG_splitClauses_0":["20"],
"unlabeledTemplateRelationSymbolNumber_PredictedCDHG_splitClauses_1":["5"],
"labeledSingleVariableTemplatesNumber_Term_splitClauses_0":["5"],
"generatedPredicateNumber_PredictedCDHG_splitClauses_1":["10800000"],
"minedSingleVariableTemplatesNumber_Unlabeled_splitClauses_0":["16"],
"generatedPredicateNumber_Octagon_splitClauses_1":["15"],
"labeledSingleVariableTemplatesNumber_RelationalEqs_splitClauses_0":["5"],
"predicateGeneratorTime_PredictedCG_splitClauses_1":["10800000"],
"relationSymbolNumberAfterSimplification_Octagon_splitClauses_0":["20"],
"labeledTemplateNumber_Labeled_splitClauses_1":["13"],
"labeledSingleVariableTemplatesNumber_Empty_splitClauses_0":["5"],
"minedTemplateRelationSymbolNumber_RelationalIneqs_splitClauses_1":["5"],
"unlabeledSingleVariableTemplatesNumber_All_splitClauses_1":["36"],
"labeledBinaryVariableTemplatesNumber_PredictedCDHG_splitClauses_1":["8"],
"unlabeledSingleVariableTemplatesNumber_RelationalEqs_splitClauses_1":["36"],
"cegarIterationNumber_Term_splitClauses_0":["10800000"],
"unlabeledBinaryVariableTemplatesNumber_Labeled_splitClauses_1":["42"],
"unlabeledSingleVariableTemplatesNumber_Term_splitClauses_1":["36"],
"clauseNumberAfterSimplification_All_splitClauses_1":["11"],
"minedSingleVariableTemplatesNumber_Random_splitClauses_0":["16"],
"solvability_RelationalIneqs_splitClauses_1":["1"],
"minedTemplateNumber_Labeled_splitClauses_0":["24"],
"minedSingleVariableTemplatesNumber_Octagon_splitClauses_0":["16"],
"minedSingleVariableTemplatesNumber_Term_splitClauses_1":["16"],
"minedBinaryVariableTemplatesNumber_PredictedCDHG_splitClauses_1":["8"],
"generatedPredicateNumber_Mined_splitClauses_1":["15"],
"labeledSingleVariableTemplatesNumber_RelationalIneqs_splitClauses_0":["5"],
"averagePredicateSize_Mined_splitClauses_0":["10800000"],
"cegarIterationNumber_Unlabeled_splitClauses_0":["10800000"],
"minedBinaryVariableTemplatesNumber_Random_splitClauses_0":["8"],
"labeledTemplateNumber_Mined_splitClauses_1":["13"],
"labeledBinaryVariableTemplatesNumber_Random_splitClauses_0":["8"],
"unlabeledTemplateRelationSymbolNumber_Unlabeled_splitClauses_1":["5"],
"cegarIterationNumber_Mined_splitClauses_0":["10800000"],
"minedTemplateRelationSymbolNumber_Labeled_splitClauses_0":["5"],
"unlabeledBinaryVariableTemplatesNumber_RelationalIneqs_splitClauses_1":["42"],
"unlabeledBinaryVariableTemplatesNumber_Octagon_splitClauses_0":["42"],
"solvability_Mined_splitClauses_0":["10800000"],
"averagePredicateSize_RelationalEqs_splitClauses_0":["10800000"],
"clauseNumberAfterSimplification_Term_splitClauses_0":["11"],
"unlabeledTemplateNumber_Mined_splitClauses_0":["78"],
"relationSymbolNumberAfterSimplification_Random_splitClauses_1":["20"],
"unlabeledTemplateNumber_PredictedCDHG_splitClauses_0":["78"],
"cegarIterationNumber_RelationalIneqs_splitClauses_1":["9"],
"minedBinaryVariableTemplatesNumber_Unlabeled_splitClauses_1":["8"],
"labeledTemplateNumber_PredictedCG_splitClauses_1":["13"],
"labeledTemplateRelationSymbolNumber_Mined_splitClauses_0":["5"],
"labeledBinaryVariableTemplatesNumber_Mined_splitClauses_1":["8"],
"relationSymbolNumberBeforeSimplification_Mined_splitClauses_0":["53"],
"relationSymbolNumberBeforeSimplification_RelationalIneqs_splitClauses_0":["53"],
"clauseNumberAfterSimplification_RelationalIneqs_splitClauses_1":["11"],
"minedSingleVariableTemplatesNumber_PredictedCDHG_splitClauses_0":["16"],
"solvability_Labeled_splitClauses_1":["1"],
"labeledSingleVariableTemplatesNumber_Octagon_splitClauses_1":["5"],
"averagePredicateSize_Random_splitClauses_0":["10800000"],
"smt2FileSizeByte_RelationalIneqs_splitClauses_0":["13230"],
"generatedPredicateNumber_Unlabeled_splitClauses_0":["10800000"],
"solvability_RelationalEqs_splitClauses_0":["10800000"],
"predicateGeneratorTime_Empty_splitClauses_1":["199"],
"minedSingleVariableTemplatesNumber_Mined_splitClauses_0":["16"],
"relationSymbolNumberAfterSimplification_Unlabeled_splitClauses_0":["20"],
"minedTemplateRelationSymbolNumber_PredictedCDHG_splitClauses_1":["5"],
"minedTemplateNumber_PredictedCG_splitClauses_0":["24"],
"averagePredicateSize_RelationalIneqs_splitClauses_1":["1"],
"labeledTemplateRelationSymbolNumber_Random_splitClauses_1":["5"],
"minedTemplateNumber_RelationalIneqs_splitClauses_0":["24"],
"predicateGeneratorTime_RelationalIneqs_splitClauses_0":["10800000"],
"labeledTemplateRelationSymbolNumber_Empty_splitClauses_0":["5"],
"minedBinaryVariableTemplatesNumber_Octagon_splitClauses_0":["8"],
"labeledSingleVariableTemplatesNumber_Term_splitClauses_1":["5"],
"labeledBinaryVariableTemplatesNumber_Empty_splitClauses_0":["8"],
"minedTemplateNumber_Octagon_splitClauses_0":["24"],
"labeledBinaryVariableTemplatesNumber_Unlabeled_splitClauses_0":["8"],
"relationSymbolNumberBeforeSimplification_Empty_splitClauses_0":["53"],
"clauseNumberAfterSimplification_PredictedCDHG_splitClauses_0":["11"],
"smt2FileSizeByte_PredictedCG_splitClauses_0":["13230"],
"minedBinaryVariableTemplatesNumber_RelationalEqs_splitClauses_0":["8"],
"relationSymbolNumberBeforeSimplification_Unlabeled_splitClauses_0":["53"],
"labeledTemplateRelationSymbolNumber_RelationalEqs_splitClauses_1":["5"],
"minedBinaryVariableTemplatesNumber_Random_splitClauses_1":["8"],
"clauseNumberAfterSimplification_Unlabeled_splitClauses_1":["11"],
"minedSingleVariableTemplatesNumber_PredictedCDHG_splitClauses_1":["16"],
"labeledBinaryVariableTemplatesNumber_Term_splitClauses_1":["8"],
"clauseNumberBeforeSimplification_Empty_splitClauses_1":["27"],
"relationSymbolNumberAfterSimplification_Octagon_splitClauses_1":["20"],
"relationSymbolNumberAfterSimplification_Term_splitClauses_0":["20"],
"minedBinaryVariableTemplatesNumber_Mined_splitClauses_1":["8"],
"unlabeledBinaryVariableTemplatesNumber_Unlabeled_splitClauses_1":["42"],
"relationSymbolNumberBeforeSimplification_Random_splitClauses_0":["53"],
"relationSymbolNumberAfterSimplification_PredictedCDHG_splitClauses_1":["20"],
"unlabeledTemplateNumber_PredictedCG_splitClauses_1":["78"],
"generatedPredicateNumber_Empty_splitClauses_0":["10800000"],
"predicateGeneratorTime_RelationalIneqs_splitClauses_1":["350"],
"unlabeledSingleVariableTemplatesNumber_Empty_splitClauses_0":["36"],
"cegarIterationNumber_Octagon_splitClauses_0":["10800000"],
"clauseNumberAfterSimplification_Octagon_splitClauses_1":["11"],
"unlabeledSingleVariableTemplatesNumber_Labeled_splitClauses_1":["36"],
"clauseNumberBeforeSimplification_Random_splitClauses_1":["27"],
"minedTemplateRelationSymbolNumber_All_splitClauses_0":["5"],
"unlabeledTemplateRelationSymbolNumber_RelationalEqs_splitClauses_0":["5"],
"minedSingleVariableTemplatesNumber_Unlabeled_splitClauses_1":["16"],
"clauseNumberBeforeSimplification_RelationalEqs_splitClauses_0":["27"],
"minedTemplateNumber_Unlabeled_splitClauses_0":["24"],
"generatedPredicateNumber_Octagon_splitClauses_0":["10800000"],
"predicateGeneratorTime_PredictedCDHG_splitClauses_0":["10800000"],
"clauseNumberAfterSimplification_PredictedCG_splitClauses_1":["11"],
"labeledSingleVariableTemplatesNumber_RelationalEqs_splitClauses_1":["5"],
"smt2FileSizeByte_Random_splitClauses_1":["13230"],
"averagePredicateSize_PredictedCG_splitClauses_1":["10800000"],
"cegarIterationNumber_PredictedCDHG_splitClauses_1":["10800000"],
"clauseNumberAfterSimplification_RelationalEqs_splitClauses_1":["11"],
"minedBinaryVariableTemplatesNumber_Empty_splitClauses_1":["8"],
"relationSymbolNumberAfterSimplification_RelationalEqs_splitClauses_1":["20"],
"minedTemplateNumber_PredictedCDHG_splitClauses_0":["24"],
"labeledBinaryVariableTemplatesNumber_All_splitClauses_1":["8"],
"solvingTime_RelationalIneqs_splitClauses_1":["573"],
"unlabeledTemplateRelationSymbolNumber_RelationalEqs_splitClauses_1":["5"],
"smt2FileSizeByte_Unlabeled_splitClauses_0":["13230"],
"relationSymbolNumberBeforeSimplification_Mined_splitClauses_1":["53"],
"relationSymbolNumberAfterSimplification_Mined_splitClauses_1":["20"],
"generatedPredicateNumber_All_splitClauses_0":["10800000"],
"relationSymbolNumberBeforeSimplification_Octagon_splitClauses_1":["53"],
"predicateGeneratorTime_Octagon_splitClauses_1":["353"],
"solvability_Mined_splitClauses_1":["1"],
"minedTemplateRelationSymbolNumber_Term_splitClauses_1":["5"],
"clauseNumberAfterSimplification_Mined_splitClauses_0":["11"],
"solvability_PredictedCDHG_splitClauses_0":["10800000"],
"solvingTime_Empty_splitClauses_0":["10800000"],
"unlabeledSingleVariableTemplatesNumber_Unlabeled_splitClauses_1":["36"],
"minedTemplateNumber_Term_splitClauses_1":["24"],
"averagePredicateSize_Octagon_splitClauses_1":["1"],
"unlabeledSingleVariableTemplatesNumber_Octagon_splitClauses_1":["36"],
"minedTemplateRelationSymbolNumber_RelationalEqs_splitClauses_1":["5"],
"relationSymbolNumberBeforeSimplification_All_splitClauses_1":["53"],
"minedBinaryVariableTemplatesNumber_RelationalIneqs_splitClauses_0":["8"],
"predicateGeneratorTime_Term_splitClauses_1":["414"],
"solvingTime_Labeled_splitClauses_0":["10800000"],
"unlabeledBinaryVariableTemplatesNumber_PredictedCG_splitClauses_0":["42"],
"minedTemplateNumber_All_splitClauses_0":["24"],
"predicateGeneratorTime_Labeled_splitClauses_1":["399"],
"unlabeledTemplateRelationSymbolNumber_Empty_splitClauses_0":["5"],
"unlabeledTemplateNumber_Mined_splitClauses_1":["78"],
"solvability_PredictedCG_splitClauses_1":["10800000"],
"unlabeledTemplateNumber_Term_splitClauses_0":["78"],
"minedBinaryVariableTemplatesNumber_PredictedCG_splitClauses_1":["8"],
"labeledSingleVariableTemplatesNumber_PredictedCDHG_splitClauses_0":["5"],
"minedBinaryVariableTemplatesNumber_All_splitClauses_0":["8"],
"averagePredicateSize_PredictedCDHG_splitClauses_1":["10800000"],
"predicateGeneratorTime_PredictedCG_splitClauses_0":["10800000"],
"generatedPredicateNumber_RelationalIneqs_splitClauses_0":["10800000"],
"labeledTemplateNumber_Empty_splitClauses_0":["13"],
"relationSymbolNumberAfterSimplification_RelationalIneqs_splitClauses_1":["20"],
"unlabeledTemplateRelationSymbolNumber_Term_splitClauses_0":["5"],
"minedTemplateNumber_All_splitClauses_1":["24"],
"labeledSingleVariableTemplatesNumber_Empty_splitClauses_1":["5"],
"minedBinaryVariableTemplatesNumber_Unlabeled_splitClauses_0":["8"],
"labeledTemplateNumber_Random_splitClauses_0":["13"],
"minedBinaryVariableTemplatesNumber_All_splitClauses_1":["8"],
"unlabeledSingleVariableTemplatesNumber_All_splitClauses_0":["36"],
"relationSymbolNumberBeforeSimplification_Labeled_splitClauses_1":["53"],
"smt2FileSizeByte_PredictedCDHG_splitClauses_1":["13230"],
"labeledBinaryVariableTemplatesNumber_PredictedCDHG_splitClauses_0":["8"],
"averagePredicateSize_RelationalEqs_splitClauses_1":["1"],
"minedSingleVariableTemplatesNumber_Term_splitClauses_0":["16"],
"labeledTemplateRelationSymbolNumber_Term_splitClauses_1":["5"],
"generatedPredicateNumber_Random_splitClauses_0":["10800000"],
"labeledBinaryVariableTemplatesNumber_Empty_splitClauses_1":["8"],
"relationSymbolNumberAfterSimplification_Term_splitClauses_1":["20"],
"clauseNumberAfterSimplification_Labeled_splitClauses_0":["11"],
"labeledSingleVariableTemplatesNumber_Labeled_splitClauses_0":["5"],
"minedTemplateNumber_Mined_splitClauses_1":["24"],
"labeledTemplateRelationSymbolNumber_Labeled_splitClauses_0":["5"],
"unlabeledTemplateRelationSymbolNumber_Mined_splitClauses_1":["5"],
"solvability_Labeled_splitClauses_0":["10800000"],
"minedTemplateNumber_RelationalEqs_splitClauses_1":["24"],
"solvingTime_Random_splitClauses_1":["400"],
"minedTemplateNumber_Random_splitClauses_0":["24"],
"cegarIterationNumber_Unlabeled_splitClauses_1":["9"],
"minedTemplateNumber_RelationalIneqs_splitClauses_1":["24"],
"unlabeledBinaryVariableTemplatesNumber_Octagon_splitClauses_1":["42"],
"minedSingleVariableTemplatesNumber_Octagon_splitClauses_1":["16"],
"minedSingleVariableTemplatesNumber_Random_splitClauses_1":["16"],
"averagePredicateSize_All_splitClauses_1":["10800000"],
"minedTemplateNumber_Empty_splitClauses_0":["24"],
"labeledTemplateNumber_Mined_splitClauses_0":["13"],
"unlabeledBinaryVariableTemplatesNumber_All_splitClauses_0":["42"],
"relationSymbolNumberAfterSimplification_Labeled_splitClauses_1":["20"],
"labeledSingleVariableTemplatesNumber_PredictedCDHG_splitClauses_1":["5"],
"minedSingleVariableTemplatesNumber_Mined_splitClauses_1":["16"],
"labeledTemplateRelationSymbolNumber_Term_splitClauses_0":["5"],
"unlabeledTemplateRelationSymbolNumber_Term_splitClauses_1":["5"],
"predicateGeneratorTime_All_splitClauses_1":["10800000"],
"unlabeledSingleVariableTemplatesNumber_Random_splitClauses_0":["36"],
"predicateGeneratorTime_Unlabeled_splitClauses_1":["359"],
"cegarIterationNumber_PredictedCDHG_splitClauses_0":["10800000"],
"labeledTemplateNumber_RelationalEqs_splitClauses_0":["13"],
"labeledTemplateRelationSymbolNumber_Mined_splitClauses_1":["5"],
"labeledTemplateRelationSymbolNumber_Random_splitClauses_0":["5"],
"labeledBinaryVariableTemplatesNumber_RelationalEqs_splitClauses_1":["8"],
"generatedPredicateNumber_RelationalIneqs_splitClauses_1":["15"],
"unlabeledTemplateRelationSymbolNumber_PredictedCG_splitClauses_1":["5"],
"unlabeledSingleVariableTemplatesNumber_RelationalEqs_splitClauses_0":["36"],
"labeledBinaryVariableTemplatesNumber_Labeled_splitClauses_0":["8"],
"minedBinaryVariableTemplatesNumber_PredictedCDHG_splitClauses_0":["8"],
"unlabeledTemplateRelationSymbolNumber_Unlabeled_splitClauses_0":["5"],
"clauseNumberAfterSimplification_Term_splitClauses_1":["11"],
"unlabeledTemplateNumber_Octagon_splitClauses_0":["78"],
"unlabeledBinaryVariableTemplatesNumber_RelationalEqs_splitClauses_1":["42"],
"unlabeledTemplateNumber_PredictedCG_splitClauses_0":["78"],
"unlabeledTemplateNumber_All_splitClauses_0":["78"],
"labeledTemplateRelationSymbolNumber_RelationalIneqs_splitClauses_1":["5"],
"unlabeledSingleVariableTemplatesNumber_Mined_splitClauses_1":["36"],
"labeledTemplateRelationSymbolNumber_Unlabeled_splitClauses_1":["5"],
"labeledBinaryVariableTemplatesNumber_Random_splitClauses_1":["8"],
"solvability_Random_splitClauses_1":["1"],
"solvingTime_Term_splitClauses_0":["10800000"],
"minedSingleVariableTemplatesNumber_Labeled_splitClauses_1":["16"],
"clauseNumberBeforeSimplification_Term_splitClauses_0":["27"],
"relationSymbolNumberBeforeSimplification_RelationalIneqs_splitClauses_1":["53"],
"minedTemplateRelationSymbolNumber_Mined_splitClauses_0":["5"],
"solvability_Octagon_splitClauses_1":["1"],
"minedSingleVariableTemplatesNumber_RelationalIneqs_splitClauses_1":["16"],
"smt2FileSizeByte_Labeled_splitClauses_0":["13230"],
"solvability_RelationalEqs_splitClauses_1":["1"],
"unlabeledSingleVariableTemplatesNumber_Empty_splitClauses_1":["36"],
"labeledTemplateNumber_PredictedCDHG_splitClauses_1":["13"],
"minedTemplateRelationSymbolNumber_Octagon_splitClauses_0":["5"],
"clauseNumberAfterSimplification_Unlabeled_splitClauses_0":["11"],
"clauseNumberBeforeSimplification_Unlabeled_splitClauses_0":["27"],
"clauseNumberBeforeSimplification_PredictedCDHG_splitClauses_0":["27"],
"cegarIterationNumber_RelationalIneqs_splitClauses_0":["10800000"],
"labeledTemplateRelationSymbolNumber_RelationalEqs_splitClauses_0":["5"],
"averagePredicateSize_Labeled_splitClauses_0":["10800000"],
"smt2FileSizeByte_RelationalIneqs_splitClauses_1":["13230"],
"clauseNumberBeforeSimplification_RelationalEqs_splitClauses_1":["27"],
"unlabeledTemplateRelationSymbolNumber_RelationalIneqs_splitClauses_1":["5"],
"clauseNumberBeforeSimplification_PredictedCG_splitClauses_0":["27"],
"solvingTime_PredictedCDHG_splitClauses_0":["10800000"],
"labeledTemplateRelationSymbolNumber_Octagon_splitClauses_1":["5"],
"minedTemplateRelationSymbolNumber_PredictedCG_splitClauses_1":["5"],
"relationSymbolNumberBeforeSimplification_RelationalEqs_splitClauses_1":["53"],
"labeledTemplateNumber_Random_splitClauses_1":["13"],
"solvingTime_RelationalIneqs_splitClauses_0":["10800000"],
"labeledTemplateNumber_All_splitClauses_1":["13"],
"unlabeledTemplateNumber_Random_splitClauses_1":["78"],
"relationSymbolNumberBeforeSimplification_All_splitClauses_0":["53"],
"smt2FileSizeByte_Unlabeled_splitClauses_1":["13230"],
"cegarIterationNumber_PredictedCG_splitClauses_0":["10800000"],
"predicateGeneratorTime_Octagon_splitClauses_0":["10800000"],
"unlabeledTemplateNumber_RelationalEqs_splitClauses_1":["78"],
"clauseNumberAfterSimplification_Octagon_splitClauses_0":["11"],
"cegarIterationNumber_Random_splitClauses_0":["10800000"],
"solvability_PredictedCDHG_splitClauses_1":["10800000"],
"solvability_PredictedCG_splitClauses_0":["10800000"],
"solvingTime_PredictedCG_splitClauses_1":["10800000"],
"unlabeledSingleVariableTemplatesNumber_Unlabeled_splitClauses_0":["36"],
"unlabeledTemplateNumber_Unlabeled_splitClauses_0":["78"],
"labeledTemplateRelationSymbolNumber_RelationalIneqs_splitClauses_0":["5"],
"minedTemplateNumber_Random_splitClauses_1":["24"],
"generatedPredicateNumber_RelationalEqs_splitClauses_0":["10800000"],
"minedTemplateNumber_Term_splitClauses_0":["24"],
"solvingTime_All_splitClauses_1":["10800000"],
"minedSingleVariableTemplatesNumber_PredictedCG_splitClauses_0":["16"],
"smt2FileSizeByte_Term_splitClauses_1":["13230"],
"labeledBinaryVariableTemplatesNumber_All_splitClauses_0":["8"],
"minedTemplateNumber_PredictedCDHG_splitClauses_1":["24"],
"minedTemplateRelationSymbolNumber_PredictedCDHG_splitClauses_0":["5"],
"averagePredicateSize_Unlabeled_splitClauses_0":["10800000"],
"minedBinaryVariableTemplatesNumber_Octagon_splitClauses_1":["8"],
"unlabeledSingleVariableTemplatesNumber_Random_splitClauses_1":["36"],
"clauseNumberBeforeSimplification_Random_splitClauses_0":["27"],
"solvingTime_Unlabeled_splitClauses_1":["548"],
"predicateGeneratorTime_PredictedCDHG_splitClauses_1":["10800000"],
"averagePredicateSize_PredictedCDHG_splitClauses_0":["10800000"],
"relationSymbolNumberAfterSimplification_RelationalEqs_splitClauses_0":["20"],
"minedBinaryVariableTemplatesNumber_Term_splitClauses_0":["8"],
"labeledTemplateNumber_RelationalIneqs_splitClauses_0":["13"],
"clauseNumberAfterSimplification_Random_splitClauses_0":["11"],
"clauseNumberAfterSimplification_PredictedCG_splitClauses_0":["11"],
"generatedPredicateNumber_Empty_splitClauses_1":["15"],
"clauseNumberBeforeSimplification_Octagon_splitClauses_0":["27"],
"unlabeledTemplateNumber_Empty_splitClauses_0":["78"],
"minedSingleVariableTemplatesNumber_All_splitClauses_0":["16"],
"labeledTemplateRelationSymbolNumber_Octagon_splitClauses_0":["5"],
"generatedPredicateNumber_Random_splitClauses_1":["15"],
"clauseNumberAfterSimplification_RelationalEqs_splitClauses_0":["11"],
"labeledBinaryVariableTemplatesNumber_Term_splitClauses_0":["8"],
"minedSingleVariableTemplatesNumber_RelationalEqs_splitClauses_0":["16"],
"minedTemplateNumber_Mined_splitClauses_0":["24"],
"relationSymbolNumberBeforeSimplification_PredictedCG_splitClauses_0":["53"],
"averagePredicateSize_Octagon_splitClauses_0":["10800000"],
"unlabeledBinaryVariableTemplatesNumber_Empty_splitClauses_1":["42"],
"unlabeledSingleVariableTemplatesNumber_PredictedCDHG_splitClauses_0":["36"],
"unlabeledSingleVariableTemplatesNumber_PredictedCG_splitClauses_1":["36"],
"labeledTemplateRelationSymbolNumber_Labeled_splitClauses_1":["5"],
"minedTemplateRelationSymbolNumber_Random_splitClauses_0":["5"],
"unlabeledTemplateRelationSymbolNumber_PredictedCG_splitClauses_0":["5"],
"unlabeledTemplateNumber_RelationalIneqs_splitClauses_0":["78"],
"unlabeledSingleVariableTemplatesNumber_Labeled_splitClauses_0":["36"],
"relationSymbolNumberAfterSimplification_PredictedCG_splitClauses_0":["20"],
"minedTemplateNumber_Unlabeled_splitClauses_1":["24"],
"generatedPredicateNumber_PredictedCG_splitClauses_0":["10800000"],
"labeledTemplateNumber_Unlabeled_splitClauses_1":["13"],
"unlabeledTemplateRelationSymbolNumber_Empty_splitClauses_1":["5"],
"clauseNumberBeforeSimplification_Empty_splitClauses_0":["27"],
"solvingTime_Octagon_splitClauses_1":["554"],
"cegarIterationNumber_Mined_splitClauses_1":["9"],
"clauseNumberBeforeSimplification_Mined_splitClauses_1":["27"],
"smt2FileSizeByte_PredictedCDHG_splitClauses_0":["13230"],
"averagePredicateSize_PredictedCG_splitClauses_0":["10800000"],
"solvingTime_Random_splitClauses_0":["10800000"],
"minedTemplateNumber_RelationalEqs_splitClauses_0":["24"],
"unlabeledSingleVariableTemplatesNumber_RelationalIneqs_splitClauses_0":["36"],
"unlabeledTemplateNumber_Unlabeled_splitClauses_1":["78"],
"labeledBinaryVariableTemplatesNumber_RelationalEqs_splitClauses_0":["8"],
"generatedPredicateNumber_PredictedCDHG_splitClauses_0":["10800000"],
"relationSymbolNumberAfterSimplification_RelationalIneqs_splitClauses_0":["20"],
"minedTemplateRelationSymbolNumber_Empty_splitClauses_1":["5"],
"predicateGeneratorTime_Random_splitClauses_1":["250"],
"labeledTemplateNumber_Term_splitClauses_1":["13"],
"relationSymbolNumberBeforeSimplification_RelationalEqs_splitClauses_0":["53"],
"minedSingleVariableTemplatesNumber_Empty_splitClauses_1":["16"],
"minedSingleVariableTemplatesNumber_RelationalIneqs_splitClauses_0":["16"],
"clauseNumberAfterSimplification_All_splitClauses_0":["11"],
"unlabeledBinaryVariableTemplatesNumber_RelationalEqs_splitClauses_0":["42"],
"cegarIterationNumber_RelationalEqs_splitClauses_0":["10800000"],
"labeledTemplateRelationSymbolNumber_PredictedCDHG_splitClauses_0":["5"],
"labeledSingleVariableTemplatesNumber_Labeled_splitClauses_1":["5"],
"unlabeledBinaryVariableTemplatesNumber_All_splitClauses_1":["42"],
"minedTemplateRelationSymbolNumber_Unlabeled_splitClauses_1":["5"],
"solvingTime_RelationalEqs_splitClauses_0":["10800000"],
"solvingTime_RelationalEqs_splitClauses_1":["483"],
"minedBinaryVariableTemplatesNumber_Mined_splitClauses_0":["8"],
"clauseNumberBeforeSimplification_All_splitClauses_0":["27"],
"clauseNumberBeforeSimplification_RelationalIneqs_splitClauses_1":["27"],
"labeledTemplateNumber_RelationalEqs_splitClauses_1":["13"],
"labeledBinaryVariableTemplatesNumber_RelationalIneqs_splitClauses_0":["8"],
"relationSymbolNumberBeforeSimplification_Labeled_splitClauses_0":["53"],
"clauseNumberAfterSimplification_Empty_splitClauses_0":["11"],
"averagePredicateSize_Empty_splitClauses_0":["10800000"],
"unlabeledTemplateNumber_Term_splitClauses_1":["78"],
"predicateGeneratorTime_Mined_splitClauses_1":["352"],
"labeledBinaryVariableTemplatesNumber_RelationalIneqs_splitClauses_1":["8"],
"predicateGeneratorTime_Unlabeled_splitClauses_0":["10800000"],
"relationSymbolNumberAfterSimplification_Empty_splitClauses_0":["20"],
"generatedPredicateNumber_Mined_splitClauses_0":["10800000"],
"generatedPredicateNumber_RelationalEqs_splitClauses_1":["15"],
"labeledTemplateRelationSymbolNumber_PredictedCG_splitClauses_0":["5"],
"minedSingleVariableTemplatesNumber_PredictedCG_splitClauses_1":["16"],
"minedTemplateRelationSymbolNumber_PredictedCG_splitClauses_0":["5"],
"unlabeledTemplateRelationSymbolNumber_Labeled_splitClauses_0":["5"],
"solvability_Empty_splitClauses_1":["1"],
"averagePredicateSize_Term_splitClauses_0":["10800000"],
"cegarIterationNumber_Random_splitClauses_1":["9"],
"averagePredicateSize_Labeled_splitClauses_1":["1"],
"unlabeledBinaryVariableTemplatesNumber_Unlabeled_splitClauses_0":["42"],
"generatedPredicateNumber_Unlabeled_splitClauses_1":["15"],
"predicateGeneratorTime_All_splitClauses_0":["10800000"],
"unlabeledBinaryVariableTemplatesNumber_PredictedCDHG_splitClauses_1":["42"],
"clauseNumberBeforeSimplification_Labeled_splitClauses_1":["27"],
"minedBinaryVariableTemplatesNumber_Labeled_splitClauses_1":["8"],
"labeledSingleVariableTemplatesNumber_All_splitClauses_0":["5"],
"unlabeledTemplateRelationSymbolNumber_Mined_splitClauses_0":["5"],
"cegarIterationNumber_Octagon_splitClauses_1":["9"],
"labeledTemplateNumber_Octagon_splitClauses_0":["13"],
"labeledTemplateRelationSymbolNumber_All_splitClauses_1":["5"],
"smt2FileSizeByte_Empty_splitClauses_0":["13230"],
"unlabeledTemplateNumber_Octagon_splitClauses_1":["78"],
"predicateGeneratorTime_RelationalEqs_splitClauses_0":["10800000"],
"unlabeledTemplateRelationSymbolNumber_RelationalIneqs_splitClauses_0":["5"],
"smt2FileSizeByte_RelationalEqs_splitClauses_1":["13230"],
"unlabeledTemplateNumber_Labeled_splitClauses_0":["78"],
"minedSingleVariableTemplatesNumber_Labeled_splitClauses_0":["16"],
"solvingTime_PredictedCDHG_splitClauses_1":["10800000"],
"relationSymbolNumberBeforeSimplification_Term_splitClauses_1":["53"],
"minedTemplateNumber_Octagon_splitClauses_1":["24"],
"clauseNumberBeforeSimplification_Mined_splitClauses_0":["27"],
"smt2FileSizeByte_All_splitClauses_0":["13230"],
"solvingTime_All_splitClauses_0":["10800000"],
"minedBinaryVariableTemplatesNumber_Term_splitClauses_1":["8"],
"unlabeledTemplateRelationSymbolNumber_Random_splitClauses_0":["5"],
"cegarIterationNumber_All_splitClauses_0":["10800000"],
"smt2FileSizeByte_RelationalEqs_splitClauses_0":["13230"],
"unlabeledSingleVariableTemplatesNumber_PredictedCDHG_splitClauses_1":["36"],
"clauseNumberBeforeSimplification_Labeled_splitClauses_0":["27"],
"cegarIterationNumber_PredictedCG_splitClauses_1":["10800000"],
"labeledTemplateRelationSymbolNumber_Unlabeled_splitClauses_0":["5"],
"unlabeledTemplateRelationSymbolNumber_Octagon_splitClauses_1":["5"],
"unlabeledTemplateNumber_Empty_splitClauses_1":["78"],
"clauseNumberBeforeSimplification_Octagon_splitClauses_1":["27"],
"labeledTemplateNumber_Unlabeled_splitClauses_0":["13"],
"labeledBinaryVariableTemplatesNumber_PredictedCG_splitClauses_0":["8"],
"solvability_Term_splitClauses_1":["1"],
"solvability_Octagon_splitClauses_0":["10800000"],
"minedTemplateRelationSymbolNumber_RelationalIneqs_splitClauses_0":["5"],
"clauseNumberBeforeSimplification_RelationalIneqs_splitClauses_0":["27"],
"labeledTemplateNumber_PredictedCG_splitClauses_0":["13"],
"cegarIterationNumber_Labeled_splitClauses_0":["10800000"],
"smt2FileSizeByte_Labeled_splitClauses_1":["13230"],
"clauseNumberBeforeSimplification_Unlabeled_splitClauses_1":["27"],
"generatedPredicateNumber_Term_splitClauses_1":["15"],
"solvingTime_Term_splitClauses_1":["595"],
"unlabeledBinaryVariableTemplatesNumber_Random_splitClauses_1":["42"],
"unlabeledSingleVariableTemplatesNumber_Octagon_splitClauses_0":["36"],
"solvingTime_Octagon_splitClauses_0":["10800000"],
"labeledSingleVariableTemplatesNumber_Mined_splitClauses_1":["5"],
"averagePredicateSize_Term_splitClauses_1":["1"],
"labeledTemplateNumber_Labeled_splitClauses_0":["13"],
"unlabeledSingleVariableTemplatesNumber_PredictedCG_splitClauses_0":["36"],
"smt2FileSizeByte_Mined_splitClauses_1":["13230"],
"labeledBinaryVariableTemplatesNumber_Unlabeled_splitClauses_1":["8"],
"labeledTemplateNumber_All_splitClauses_0":["13"],
"unlabeledTemplateNumber_Random_splitClauses_0":["78"],
"labeledTemplateNumber_Octagon_splitClauses_1":["13"],
"unlabeledTemplateNumber_PredictedCDHG_splitClauses_1":["78"],
"unlabeledBinaryVariableTemplatesNumber_Mined_splitClauses_0":["42"],
"minedTemplateRelationSymbolNumber_Mined_splitClauses_1":["5"],
"labeledTemplateNumber_RelationalIneqs_splitClauses_1":["13"],
"relationSymbolNumberAfterSimplification_All_splitClauses_0":["20"],
"relationSymbolNumberBeforeSimplification_PredictedCDHG_splitClauses_0":["53"],
"solvability_Term_splitClauses_0":["10800000"],
"clauseNumberBeforeSimplification_PredictedCG_splitClauses_1":["27"],
"generatedPredicateNumber_Labeled_splitClauses_1":["15"],
"labeledSingleVariableTemplatesNumber_Unlabeled_splitClauses_0":["5"],
"unlabeledBinaryVariableTemplatesNumber_Empty_splitClauses_0":["42"],
"solvingTime_Mined_splitClauses_0":["10800000"],
"unlabeledTemplateNumber_All_splitClauses_1":["78"],
"clauseNumberAfterSimplification_Random_splitClauses_1":["11"],
"labeledBinaryVariableTemplatesNumber_Octagon_splitClauses_1":["8"],
"unlabeledBinaryVariableTemplatesNumber_Labeled_splitClauses_0":["42"],
"smt2FileSizeByte_Octagon_splitClauses_0":["13230"],
"labeledSingleVariableTemplatesNumber_Random_splitClauses_1":["5"],
"solvability_Unlabeled_splitClauses_0":["10800000"],
"solvingTime_Unlabeled_splitClauses_0":["10800000"],
"unlabeledTemplateRelationSymbolNumber_All_splitClauses_1":["5"],
"minedTemplateNumber_Empty_splitClauses_1":["24"],
"solvability_RelationalIneqs_splitClauses_0":["10800000"],
"unlabeledTemplateRelationSymbolNumber_Labeled_splitClauses_1":["5"],
"cegarIterationNumber_RelationalEqs_splitClauses_1":["9"],
"minedSingleVariableTemplatesNumber_RelationalEqs_splitClauses_1":["16"],
"clauseNumberAfterSimplification_PredictedCDHG_splitClauses_1":["11"],
"minedBinaryVariableTemplatesNumber_RelationalIneqs_splitClauses_1":["8"],
"unlabeledBinaryVariableTemplatesNumber_Mined_splitClauses_1":["42"],
"unlabeledBinaryVariableTemplatesNumber_PredictedCDHG_splitClauses_0":["42"],
"solvingTime_Empty_splitClauses_1":["328"],
"labeledTemplateRelationSymbolNumber_Empty_splitClauses_1":["5"],
"generatedPredicateNumber_Term_splitClauses_0":["10800000"],
"averagePredicateSize_Empty_splitClauses_1":["1"],
"generatedPredicateNumber_PredictedCG_splitClauses_1":["10800000"],
"labeledTemplateRelationSymbolNumber_PredictedCDHG_splitClauses_1":["5"],
"predicateGeneratorTime_Mined_splitClauses_0":["10800000"],
"relationSymbolNumberBeforeSimplification_Term_splitClauses_0":["53"],
"predicateGeneratorTime_Labeled_splitClauses_0":["10800000"],
"labeledSingleVariableTemplatesNumber_Random_splitClauses_0":["5"],
"unlabeledTemplateRelationSymbolNumber_All_splitClauses_0":["5"],
"minedBinaryVariableTemplatesNumber_Labeled_splitClauses_0":["8"],
"generatedPredicateNumber_Labeled_splitClauses_0":["10800000"],
"relationSymbolNumberAfterSimplification_Empty_splitClauses_1":["20"],
"solvingTime_Mined_splitClauses_1":["573"],
"minedSingleVariableTemplatesNumber_All_splitClauses_1":["16"],
"predicateGeneratorTime_Random_splitClauses_0":["10800000"],
"cegarIterationNumber_Term_splitClauses_1":["9"],
"labeledTemplateNumber_Empty_splitClauses_1":["13"],
"clauseNumberAfterSimplification_Empty_splitClauses_1":["11"],
"minedTemplateRelationSymbolNumber_Empty_splitClauses_0":["5"],
"unlabeledSingleVariableTemplatesNumber_Term_splitClauses_0":["36"],
"minedSingleVariableTemplatesNumber_Empty_splitClauses_0":["16"],
"relationSymbolNumberAfterSimplification_Random_splitClauses_0":["20"],
"minedTemplateRelationSymbolNumber_RelationalEqs_splitClauses_0":["5"],
"cegarIterationNumber_Empty_splitClauses_0":["10800000"],
"minedBinaryVariableTemplatesNumber_RelationalEqs_splitClauses_1":["8"],
"relationSymbolNumberBeforeSimplification_PredictedCG_splitClauses_1":["53"],
"labeledSingleVariableTemplatesNumber_All_splitClauses_1":["5"],
"unlabeledTemplateRelationSymbolNumber_Octagon_splitClauses_0":["5"],
"minedTemplateRelationSymbolNumber_Unlabeled_splitClauses_0":["5"],
"labeledBinaryVariableTemplatesNumber_Mined_splitClauses_0":["8"],
"relationSymbolNumberAfterSimplification_Unlabeled_splitClauses_1":["20"],
"minedTemplateNumber_PredictedCG_splitClauses_1":["24"],
"cegarIterationNumber_Empty_splitClauses_1":["9"],
"averagePredicateSize_RelationalIneqs_splitClauses_0":["10800000"],
"solvability_All_splitClauses_1":["10800000"],
"unlabeledBinaryVariableTemplatesNumber_Term_splitClauses_1":["42"],
"minedTemplateRelationSymbolNumber_Labeled_splitClauses_1":["5"],
"averagePredicateSize_Unlabeled_splitClauses_1":["1"],
"labeledTemplateNumber_Term_splitClauses_0":["13"],
"smt2FileSizeByte_Empty_splitClauses_1":["13230"],
"solvingTime_PredictedCG_splitClauses_0":["10800000"],
"cegarIterationNumber_All_splitClauses_1":["10800000"],
"clauseNumberBeforeSimplification_Term_splitClauses_1":["27"],
"predicateGeneratorTime_Empty_splitClauses_0":["10800000"],
"relationSymbolNumberBeforeSimplification_Empty_splitClauses_1":["53"],
"averagePredicateSize_All_splitClauses_0":["10800000"],
"unlabeledBinaryVariableTemplatesNumber_Random_splitClauses_0":["42"],
"smt2FileSizeByte_Term_splitClauses_0":["13230"],
"averagePredicateSize_Mined_splitClauses_1":["1"],
"minedBinaryVariableTemplatesNumber_Empty_splitClauses_0":["8"],
"minedTemplateRelationSymbolNumber_All_splitClauses_1":["5"],
"labeledSingleVariableTemplatesNumber_PredictedCG_splitClauses_0":["5"],
"unlabeledBinaryVariableTemplatesNumber_RelationalIneqs_splitClauses_0":["42"],
"unlabeledSingleVariableTemplatesNumber_RelationalIneqs_splitClauses_1":["36"],
"clauseNumberAfterSimplification_RelationalIneqs_splitClauses_0":["11"],
"unlabeledTemplateNumber_RelationalEqs_splitClauses_0":["78"],
"unlabeledTemplateNumber_RelationalIneqs_splitClauses_1":["78"],
"labeledTemplateRelationSymbolNumber_PredictedCG_splitClauses_1":["5"],
"labeledTemplateRelationSymbolNumber_All_splitClauses_0":["5"],
"labeledSingleVariableTemplatesNumber_Octagon_splitClauses_0":["5"],
"dummyFiled":[]
}