{
"cegarIterationNumber_Term_splitClauses_0":[4],
"cegarIterationNumber_RelationalIneqs_splitClauses_1":[4],
"cegarIterationNumber_Octagon_splitClauses_0":[4],
"solvingTime_RelationalIneqs_splitClauses_1":[297],
"solvingTime_Term_splitClauses_0":[329],
"cegarIterationNumber_RelationalIneqs_splitClauses_0":[4],
"solvingTime_RelationalIneqs_splitClauses_0":[332],
"solvingTime_Octagon_splitClauses_1":[256],
"cegarIterationNumber_RelationalEqs_splitClauses_0":[4],
"solvingTime_RelationalEqs_splitClauses_0":[369],
"solvingTime_RelationalEqs_splitClauses_1":[239],
"cegarIterationNumber_Octagon_splitClauses_1":[4],
"solvingTime_Term_splitClauses_1":[254],
"solvingTime_Octagon_splitClauses_0":[318],
"cegarIterationNumber_RelationalEqs_splitClauses_1":[4],
"cegarIterationNumber_Term_splitClauses_1":[4],
"dummyFiled":[]
}