{
"smt2FileSizeByte_All_splitClauses_1":["27350"],
"generatedPredicateNumber_All_splitClauses_1":["10800000"],
"unlabeledTemplateRelationSymbolNumber_PredictedCDHG_splitClauses_0":["10"],
"predicateGeneratorTime_Term_splitClauses_0":["10800000"],
"averagePredicateSize_Random_splitClauses_1":["10800000"],
"labeledBinaryVariableTemplatesNumber_Labeled_splitClauses_1":["6"],
"clauseNumberBeforeSimplification_All_splitClauses_1":["76"],
"minedTemplateRelationSymbolNumber_Term_splitClauses_0":["10"],
"solvingTime_Labeled_splitClauses_1":["10800000"],
"unlabeledTemplateNumber_Labeled_splitClauses_1":["303"],
"relationSymbolNumber_Term_splitClauses_1":["52"],
"minedTemplateRelationSymbolNumber_Octagon_splitClauses_1":["10"],
"clauseNumberAfterSimplification_Mined_splitClauses_1":["40"],
"unlabeledBinaryVariableTemplatesNumber_Term_splitClauses_0":["180"],
"labeledTemplateNumber_PredictedCDHG_splitClauses_0":["7"],
"relationSymbolNumber_RelationalEqs_splitClauses_1":["52"],
"solvability_Empty_splitClauses_0":["10800000"],
"unlabeledTemplateRelationSymbolNumber_Random_splitClauses_1":["10"],
"labeledBinaryVariableTemplatesNumber_Octagon_splitClauses_0":["6"],
"minedTemplateRelationSymbolNumber_Random_splitClauses_1":["10"],
"unlabeledSingleVariableTemplatesNumber_Mined_splitClauses_0":["123"],
"unlabeledBinaryVariableTemplatesNumber_PredictedCG_splitClauses_1":["180"],
"solvability_All_splitClauses_0":["10800000"],
"predicateGeneratorTime_RelationalEqs_splitClauses_1":["10800000"],
"smt2FileSizeByte_PredictedCG_splitClauses_1":["27350"],
"labeledSingleVariableTemplatesNumber_Unlabeled_splitClauses_1":["1"],
"labeledBinaryVariableTemplatesNumber_PredictedCG_splitClauses_1":["6"],
"minedBinaryVariableTemplatesNumber_PredictedCG_splitClauses_0":["6"],
"solvability_Random_splitClauses_0":["10800000"],
"clauseNumberBeforeSimplification_PredictedCDHG_splitClauses_1":["76"],
"labeledSingleVariableTemplatesNumber_Mined_splitClauses_0":["1"],
"solvability_Unlabeled_splitClauses_1":["10800000"],
"cegarIterationNumber_Labeled_splitClauses_1":["10800000"],
"smt2FileSizeByte_Mined_splitClauses_0":["27350"],
"labeledSingleVariableTemplatesNumber_PredictedCG_splitClauses_1":["1"],
"smt2FileSizeByte_Octagon_splitClauses_1":["27350"],
"minedTemplateNumber_Labeled_splitClauses_1":["49"],
"labeledSingleVariableTemplatesNumber_RelationalIneqs_splitClauses_1":["1"],
"clauseNumberAfterSimplification_Labeled_splitClauses_1":["40"],
"smt2FileSizeByte_Random_splitClauses_0":["27350"],
"unlabeledTemplateRelationSymbolNumber_PredictedCDHG_splitClauses_1":["10"],
"labeledSingleVariableTemplatesNumber_Term_splitClauses_0":["1"],
"generatedPredicateNumber_PredictedCDHG_splitClauses_1":["10800000"],
"minedSingleVariableTemplatesNumber_Unlabeled_splitClauses_0":["43"],
"generatedPredicateNumber_Octagon_splitClauses_1":["10800000"],
"labeledSingleVariableTemplatesNumber_RelationalEqs_splitClauses_0":["1"],
"predicateGeneratorTime_PredictedCG_splitClauses_1":["10800000"],
"labeledTemplateNumber_Labeled_splitClauses_1":["7"],
"labeledSingleVariableTemplatesNumber_Empty_splitClauses_0":["1"],
"minedTemplateRelationSymbolNumber_RelationalIneqs_splitClauses_1":["10"],
"unlabeledSingleVariableTemplatesNumber_All_splitClauses_1":["123"],
"labeledBinaryVariableTemplatesNumber_PredictedCDHG_splitClauses_1":["6"],
"unlabeledSingleVariableTemplatesNumber_RelationalEqs_splitClauses_1":["123"],
"cegarIterationNumber_Term_splitClauses_0":["10800000"],
"unlabeledBinaryVariableTemplatesNumber_Labeled_splitClauses_1":["180"],
"unlabeledSingleVariableTemplatesNumber_Term_splitClauses_1":["123"],
"clauseNumberAfterSimplification_All_splitClauses_1":["40"],
"minedSingleVariableTemplatesNumber_Random_splitClauses_0":["43"],
"solvability_RelationalIneqs_splitClauses_1":["10800000"],
"minedTemplateNumber_Labeled_splitClauses_0":["49"],
"minedSingleVariableTemplatesNumber_Octagon_splitClauses_0":["43"],
"minedSingleVariableTemplatesNumber_Term_splitClauses_1":["43"],
"minedBinaryVariableTemplatesNumber_PredictedCDHG_splitClauses_1":["6"],
"generatedPredicateNumber_Mined_splitClauses_1":["8"],
"relationSymbolNumber_Octagon_splitClauses_1":["52"],
"relationSymbolNumber_Unlabeled_splitClauses_1":["52"],
"labeledSingleVariableTemplatesNumber_RelationalIneqs_splitClauses_0":["1"],
"averagePredicateSize_Mined_splitClauses_0":["10800000"],
"cegarIterationNumber_Unlabeled_splitClauses_0":["10800000"],
"minedBinaryVariableTemplatesNumber_Random_splitClauses_0":["6"],
"labeledTemplateNumber_Mined_splitClauses_1":["7"],
"labeledBinaryVariableTemplatesNumber_Random_splitClauses_0":["6"],
"unlabeledTemplateRelationSymbolNumber_Unlabeled_splitClauses_1":["10"],
"cegarIterationNumber_Mined_splitClauses_0":["10800000"],
"minedTemplateRelationSymbolNumber_Labeled_splitClauses_0":["10"],
"unlabeledBinaryVariableTemplatesNumber_RelationalIneqs_splitClauses_1":["180"],
"unlabeledBinaryVariableTemplatesNumber_Octagon_splitClauses_0":["180"],
"solvability_Mined_splitClauses_0":["10800000"],
"averagePredicateSize_RelationalEqs_splitClauses_0":["10800000"],
"clauseNumberAfterSimplification_Term_splitClauses_0":["40"],
"unlabeledTemplateNumber_Mined_splitClauses_0":["303"],
"unlabeledTemplateNumber_PredictedCDHG_splitClauses_0":["303"],
"cegarIterationNumber_RelationalIneqs_splitClauses_1":["10800000"],
"minedBinaryVariableTemplatesNumber_Unlabeled_splitClauses_1":["6"],
"labeledTemplateNumber_PredictedCG_splitClauses_1":["7"],
"labeledTemplateRelationSymbolNumber_Mined_splitClauses_0":["3"],
"labeledBinaryVariableTemplatesNumber_Mined_splitClauses_1":["6"],
"clauseNumberAfterSimplification_RelationalIneqs_splitClauses_1":["40"],
"minedSingleVariableTemplatesNumber_PredictedCDHG_splitClauses_0":["43"],
"solvability_Labeled_splitClauses_1":["10800000"],
"labeledSingleVariableTemplatesNumber_Octagon_splitClauses_1":["1"],
"averagePredicateSize_Random_splitClauses_0":["10800000"],
"smt2FileSizeByte_RelationalIneqs_splitClauses_0":["27350"],
"generatedPredicateNumber_Unlabeled_splitClauses_0":["10800000"],
"solvability_RelationalEqs_splitClauses_0":["10800000"],
"predicateGeneratorTime_Empty_splitClauses_1":["10800000"],
"minedSingleVariableTemplatesNumber_Mined_splitClauses_0":["43"],
"minedTemplateRelationSymbolNumber_PredictedCDHG_splitClauses_1":["10"],
"minedTemplateNumber_PredictedCG_splitClauses_0":["49"],
"averagePredicateSize_RelationalIneqs_splitClauses_1":["10800000"],
"labeledTemplateRelationSymbolNumber_Random_splitClauses_1":["3"],
"minedTemplateNumber_RelationalIneqs_splitClauses_0":["49"],
"predicateGeneratorTime_RelationalIneqs_splitClauses_0":["10800000"],
"labeledTemplateRelationSymbolNumber_Empty_splitClauses_0":["3"],
"minedBinaryVariableTemplatesNumber_Octagon_splitClauses_0":["6"],
"relationSymbolNumber_Labeled_splitClauses_0":["52"],
"labeledSingleVariableTemplatesNumber_Term_splitClauses_1":["1"],
"labeledBinaryVariableTemplatesNumber_Empty_splitClauses_0":["6"],
"minedTemplateNumber_Octagon_splitClauses_0":["49"],
"labeledBinaryVariableTemplatesNumber_Unlabeled_splitClauses_0":["6"],
"clauseNumberAfterSimplification_PredictedCDHG_splitClauses_0":["40"],
"smt2FileSizeByte_PredictedCG_splitClauses_0":["27350"],
"minedBinaryVariableTemplatesNumber_RelationalEqs_splitClauses_0":["6"],
"labeledTemplateRelationSymbolNumber_RelationalEqs_splitClauses_1":["3"],
"minedBinaryVariableTemplatesNumber_Random_splitClauses_1":["6"],
"clauseNumberAfterSimplification_Unlabeled_splitClauses_1":["40"],
"minedSingleVariableTemplatesNumber_PredictedCDHG_splitClauses_1":["43"],
"labeledBinaryVariableTemplatesNumber_Term_splitClauses_1":["6"],
"clauseNumberBeforeSimplification_Empty_splitClauses_1":["76"],
"minedBinaryVariableTemplatesNumber_Mined_splitClauses_1":["6"],
"unlabeledBinaryVariableTemplatesNumber_Unlabeled_splitClauses_1":["180"],
"unlabeledTemplateNumber_PredictedCG_splitClauses_1":["303"],
"generatedPredicateNumber_Empty_splitClauses_0":["10800000"],
"predicateGeneratorTime_RelationalIneqs_splitClauses_1":["10800000"],
"unlabeledSingleVariableTemplatesNumber_Empty_splitClauses_0":["123"],
"cegarIterationNumber_Octagon_splitClauses_0":["10800000"],
"clauseNumberAfterSimplification_Octagon_splitClauses_1":["40"],
"unlabeledSingleVariableTemplatesNumber_Labeled_splitClauses_1":["123"],
"clauseNumberBeforeSimplification_Random_splitClauses_1":["76"],
"minedTemplateRelationSymbolNumber_All_splitClauses_0":["10"],
"unlabeledTemplateRelationSymbolNumber_RelationalEqs_splitClauses_0":["10"],
"minedSingleVariableTemplatesNumber_Unlabeled_splitClauses_1":["43"],
"clauseNumberBeforeSimplification_RelationalEqs_splitClauses_0":["76"],
"minedTemplateNumber_Unlabeled_splitClauses_0":["49"],
"generatedPredicateNumber_Octagon_splitClauses_0":["10800000"],
"predicateGeneratorTime_PredictedCDHG_splitClauses_0":["10800000"],
"clauseNumberAfterSimplification_PredictedCG_splitClauses_1":["40"],
"labeledSingleVariableTemplatesNumber_RelationalEqs_splitClauses_1":["1"],
"smt2FileSizeByte_Random_splitClauses_1":["27350"],
"averagePredicateSize_PredictedCG_splitClauses_1":["10800000"],
"cegarIterationNumber_PredictedCDHG_splitClauses_1":["10800000"],
"clauseNumberAfterSimplification_RelationalEqs_splitClauses_1":["40"],
"minedBinaryVariableTemplatesNumber_Empty_splitClauses_1":["6"],
"minedTemplateNumber_PredictedCDHG_splitClauses_0":["49"],
"labeledBinaryVariableTemplatesNumber_All_splitClauses_1":["6"],
"solvingTime_RelationalIneqs_splitClauses_1":["10800000"],
"unlabeledTemplateRelationSymbolNumber_RelationalEqs_splitClauses_1":["10"],
"smt2FileSizeByte_Unlabeled_splitClauses_0":["27350"],
"generatedPredicateNumber_All_splitClauses_0":["10800000"],
"predicateGeneratorTime_Octagon_splitClauses_1":["10800000"],
"solvability_Mined_splitClauses_1":["1"],
"minedTemplateRelationSymbolNumber_Term_splitClauses_1":["10"],
"clauseNumberAfterSimplification_Mined_splitClauses_0":["40"],
"solvability_PredictedCDHG_splitClauses_0":["10800000"],
"solvingTime_Empty_splitClauses_0":["10800000"],
"unlabeledSingleVariableTemplatesNumber_Unlabeled_splitClauses_1":["123"],
"minedTemplateNumber_Term_splitClauses_1":["49"],
"averagePredicateSize_Octagon_splitClauses_1":["10800000"],
"relationSymbolNumber_Empty_splitClauses_1":["52"],
"unlabeledSingleVariableTemplatesNumber_Octagon_splitClauses_1":["123"],
"minedTemplateRelationSymbolNumber_RelationalEqs_splitClauses_1":["10"],
"minedBinaryVariableTemplatesNumber_RelationalIneqs_splitClauses_0":["6"],
"predicateGeneratorTime_Term_splitClauses_1":["10800000"],
"solvingTime_Labeled_splitClauses_0":["10800000"],
"unlabeledBinaryVariableTemplatesNumber_PredictedCG_splitClauses_0":["180"],
"minedTemplateNumber_All_splitClauses_0":["49"],
"predicateGeneratorTime_Labeled_splitClauses_1":["10800000"],
"unlabeledTemplateRelationSymbolNumber_Empty_splitClauses_0":["10"],
"unlabeledTemplateNumber_Mined_splitClauses_1":["303"],
"solvability_PredictedCG_splitClauses_1":["10800000"],
"unlabeledTemplateNumber_Term_splitClauses_0":["303"],
"minedBinaryVariableTemplatesNumber_PredictedCG_splitClauses_1":["6"],
"labeledSingleVariableTemplatesNumber_PredictedCDHG_splitClauses_0":["1"],
"minedBinaryVariableTemplatesNumber_All_splitClauses_0":["6"],
"averagePredicateSize_PredictedCDHG_splitClauses_1":["10800000"],
"predicateGeneratorTime_PredictedCG_splitClauses_0":["10800000"],
"generatedPredicateNumber_RelationalIneqs_splitClauses_0":["10800000"],
"labeledTemplateNumber_Empty_splitClauses_0":["7"],
"unlabeledTemplateRelationSymbolNumber_Term_splitClauses_0":["10"],
"minedTemplateNumber_All_splitClauses_1":["49"],
"labeledSingleVariableTemplatesNumber_Empty_splitClauses_1":["1"],
"minedBinaryVariableTemplatesNumber_Unlabeled_splitClauses_0":["6"],
"labeledTemplateNumber_Random_splitClauses_0":["7"],
"minedBinaryVariableTemplatesNumber_All_splitClauses_1":["6"],
"unlabeledSingleVariableTemplatesNumber_All_splitClauses_0":["123"],
"smt2FileSizeByte_PredictedCDHG_splitClauses_1":["27350"],
"labeledBinaryVariableTemplatesNumber_PredictedCDHG_splitClauses_0":["6"],
"averagePredicateSize_RelationalEqs_splitClauses_1":["10800000"],
"minedSingleVariableTemplatesNumber_Term_splitClauses_0":["43"],
"labeledTemplateRelationSymbolNumber_Term_splitClauses_1":["3"],
"generatedPredicateNumber_Random_splitClauses_0":["10800000"],
"labeledBinaryVariableTemplatesNumber_Empty_splitClauses_1":["6"],
"clauseNumberAfterSimplification_Labeled_splitClauses_0":["40"],
"labeledSingleVariableTemplatesNumber_Labeled_splitClauses_0":["1"],
"minedTemplateNumber_Mined_splitClauses_1":["49"],
"labeledTemplateRelationSymbolNumber_Labeled_splitClauses_0":["3"],
"unlabeledTemplateRelationSymbolNumber_Mined_splitClauses_1":["10"],
"solvability_Labeled_splitClauses_0":["10800000"],
"minedTemplateNumber_RelationalEqs_splitClauses_1":["49"],
"solvingTime_Random_splitClauses_1":["10800000"],
"minedTemplateNumber_Random_splitClauses_0":["49"],
"cegarIterationNumber_Unlabeled_splitClauses_1":["10800000"],
"minedTemplateNumber_RelationalIneqs_splitClauses_1":["49"],
"unlabeledBinaryVariableTemplatesNumber_Octagon_splitClauses_1":["180"],
"minedSingleVariableTemplatesNumber_Octagon_splitClauses_1":["43"],
"minedSingleVariableTemplatesNumber_Random_splitClauses_1":["43"],
"averagePredicateSize_All_splitClauses_1":["10800000"],
"minedTemplateNumber_Empty_splitClauses_0":["49"],
"labeledTemplateNumber_Mined_splitClauses_0":["7"],
"unlabeledBinaryVariableTemplatesNumber_All_splitClauses_0":["180"],
"labeledSingleVariableTemplatesNumber_PredictedCDHG_splitClauses_1":["1"],
"minedSingleVariableTemplatesNumber_Mined_splitClauses_1":["43"],
"labeledTemplateRelationSymbolNumber_Term_splitClauses_0":["3"],
"unlabeledTemplateRelationSymbolNumber_Term_splitClauses_1":["10"],
"predicateGeneratorTime_All_splitClauses_1":["10800000"],
"unlabeledSingleVariableTemplatesNumber_Random_splitClauses_0":["123"],
"predicateGeneratorTime_Unlabeled_splitClauses_1":["10800000"],
"cegarIterationNumber_PredictedCDHG_splitClauses_0":["10800000"],
"labeledTemplateNumber_RelationalEqs_splitClauses_0":["7"],
"labeledTemplateRelationSymbolNumber_Mined_splitClauses_1":["3"],
"labeledTemplateRelationSymbolNumber_Random_splitClauses_0":["3"],
"labeledBinaryVariableTemplatesNumber_RelationalEqs_splitClauses_1":["6"],
"generatedPredicateNumber_RelationalIneqs_splitClauses_1":["10800000"],
"unlabeledTemplateRelationSymbolNumber_PredictedCG_splitClauses_1":["10"],
"unlabeledSingleVariableTemplatesNumber_RelationalEqs_splitClauses_0":["123"],
"labeledBinaryVariableTemplatesNumber_Labeled_splitClauses_0":["6"],
"minedBinaryVariableTemplatesNumber_PredictedCDHG_splitClauses_0":["6"],
"unlabeledTemplateRelationSymbolNumber_Unlabeled_splitClauses_0":["10"],
"clauseNumberAfterSimplification_Term_splitClauses_1":["40"],
"relationSymbolNumber_RelationalIneqs_splitClauses_0":["52"],
"unlabeledTemplateNumber_Octagon_splitClauses_0":["303"],
"unlabeledBinaryVariableTemplatesNumber_RelationalEqs_splitClauses_1":["180"],
"unlabeledTemplateNumber_PredictedCG_splitClauses_0":["303"],
"unlabeledTemplateNumber_All_splitClauses_0":["303"],
"labeledTemplateRelationSymbolNumber_RelationalIneqs_splitClauses_1":["3"],
"unlabeledSingleVariableTemplatesNumber_Mined_splitClauses_1":["123"],
"labeledTemplateRelationSymbolNumber_Unlabeled_splitClauses_1":["3"],
"labeledBinaryVariableTemplatesNumber_Random_splitClauses_1":["6"],
"relationSymbolNumber_RelationalEqs_splitClauses_0":["52"],
"solvability_Random_splitClauses_1":["10800000"],
"solvingTime_Term_splitClauses_0":["10800000"],
"minedSingleVariableTemplatesNumber_Labeled_splitClauses_1":["43"],
"relationSymbolNumber_Random_splitClauses_0":["52"],
"clauseNumberBeforeSimplification_Term_splitClauses_0":["76"],
"minedTemplateRelationSymbolNumber_Mined_splitClauses_0":["10"],
"solvability_Octagon_splitClauses_1":["10800000"],
"relationSymbolNumber_Labeled_splitClauses_1":["52"],
"minedSingleVariableTemplatesNumber_RelationalIneqs_splitClauses_1":["43"],
"smt2FileSizeByte_Labeled_splitClauses_0":["27350"],
"solvability_RelationalEqs_splitClauses_1":["10800000"],
"unlabeledSingleVariableTemplatesNumber_Empty_splitClauses_1":["123"],
"labeledTemplateNumber_PredictedCDHG_splitClauses_1":["7"],
"minedTemplateRelationSymbolNumber_Octagon_splitClauses_0":["10"],
"clauseNumberAfterSimplification_Unlabeled_splitClauses_0":["40"],
"clauseNumberBeforeSimplification_Unlabeled_splitClauses_0":["76"],
"clauseNumberBeforeSimplification_PredictedCDHG_splitClauses_0":["76"],
"cegarIterationNumber_RelationalIneqs_splitClauses_0":["10800000"],
"relationSymbolNumber_All_splitClauses_0":["52"],
"labeledTemplateRelationSymbolNumber_RelationalEqs_splitClauses_0":["3"],
"averagePredicateSize_Labeled_splitClauses_0":["10800000"],
"smt2FileSizeByte_RelationalIneqs_splitClauses_1":["27350"],
"clauseNumberBeforeSimplification_RelationalEqs_splitClauses_1":["76"],
"unlabeledTemplateRelationSymbolNumber_RelationalIneqs_splitClauses_1":["10"],
"clauseNumberBeforeSimplification_PredictedCG_splitClauses_0":["76"],
"solvingTime_PredictedCDHG_splitClauses_0":["10800000"],
"labeledTemplateRelationSymbolNumber_Octagon_splitClauses_1":["3"],
"minedTemplateRelationSymbolNumber_PredictedCG_splitClauses_1":["10"],
"labeledTemplateNumber_Random_splitClauses_1":["7"],
"solvingTime_RelationalIneqs_splitClauses_0":["10800000"],
"labeledTemplateNumber_All_splitClauses_1":["7"],
"unlabeledTemplateNumber_Random_splitClauses_1":["303"],
"relationSymbolNumber_PredictedCDHG_splitClauses_1":["52"],
"smt2FileSizeByte_Unlabeled_splitClauses_1":["27350"],
"cegarIterationNumber_PredictedCG_splitClauses_0":["10800000"],
"predicateGeneratorTime_Octagon_splitClauses_0":["10800000"],
"unlabeledTemplateNumber_RelationalEqs_splitClauses_1":["303"],
"clauseNumberAfterSimplification_Octagon_splitClauses_0":["40"],
"cegarIterationNumber_Random_splitClauses_0":["10800000"],
"solvability_PredictedCDHG_splitClauses_1":["10800000"],
"solvability_PredictedCG_splitClauses_0":["10800000"],
"solvingTime_PredictedCG_splitClauses_1":["10800000"],
"unlabeledSingleVariableTemplatesNumber_Unlabeled_splitClauses_0":["123"],
"unlabeledTemplateNumber_Unlabeled_splitClauses_0":["303"],
"labeledTemplateRelationSymbolNumber_RelationalIneqs_splitClauses_0":["3"],
"minedTemplateNumber_Random_splitClauses_1":["49"],
"relationSymbolNumber_PredictedCG_splitClauses_0":["52"],
"generatedPredicateNumber_RelationalEqs_splitClauses_0":["10800000"],
"minedTemplateNumber_Term_splitClauses_0":["49"],
"solvingTime_All_splitClauses_1":["10800000"],
"minedSingleVariableTemplatesNumber_PredictedCG_splitClauses_0":["43"],
"smt2FileSizeByte_Term_splitClauses_1":["27350"],
"labeledBinaryVariableTemplatesNumber_All_splitClauses_0":["6"],
"minedTemplateNumber_PredictedCDHG_splitClauses_1":["49"],
"minedTemplateRelationSymbolNumber_PredictedCDHG_splitClauses_0":["10"],
"averagePredicateSize_Unlabeled_splitClauses_0":["10800000"],
"minedBinaryVariableTemplatesNumber_Octagon_splitClauses_1":["6"],
"unlabeledSingleVariableTemplatesNumber_Random_splitClauses_1":["123"],
"clauseNumberBeforeSimplification_Random_splitClauses_0":["76"],
"solvingTime_Unlabeled_splitClauses_1":["10800000"],
"predicateGeneratorTime_PredictedCDHG_splitClauses_1":["10800000"],
"averagePredicateSize_PredictedCDHG_splitClauses_0":["10800000"],
"minedBinaryVariableTemplatesNumber_Term_splitClauses_0":["6"],
"labeledTemplateNumber_RelationalIneqs_splitClauses_0":["7"],
"clauseNumberAfterSimplification_Random_splitClauses_0":["40"],
"clauseNumberAfterSimplification_PredictedCG_splitClauses_0":["40"],
"generatedPredicateNumber_Empty_splitClauses_1":["10800000"],
"clauseNumberBeforeSimplification_Octagon_splitClauses_0":["76"],
"unlabeledTemplateNumber_Empty_splitClauses_0":["303"],
"minedSingleVariableTemplatesNumber_All_splitClauses_0":["43"],
"labeledTemplateRelationSymbolNumber_Octagon_splitClauses_0":["3"],
"generatedPredicateNumber_Random_splitClauses_1":["10800000"],
"clauseNumberAfterSimplification_RelationalEqs_splitClauses_0":["40"],
"labeledBinaryVariableTemplatesNumber_Term_splitClauses_0":["6"],
"minedSingleVariableTemplatesNumber_RelationalEqs_splitClauses_0":["43"],
"minedTemplateNumber_Mined_splitClauses_0":["49"],
"averagePredicateSize_Octagon_splitClauses_0":["10800000"],
"unlabeledBinaryVariableTemplatesNumber_Empty_splitClauses_1":["180"],
"relationSymbolNumber_Unlabeled_splitClauses_0":["52"],
"unlabeledSingleVariableTemplatesNumber_PredictedCDHG_splitClauses_0":["123"],
"unlabeledSingleVariableTemplatesNumber_PredictedCG_splitClauses_1":["123"],
"labeledTemplateRelationSymbolNumber_Labeled_splitClauses_1":["3"],
"minedTemplateRelationSymbolNumber_Random_splitClauses_0":["10"],
"unlabeledTemplateRelationSymbolNumber_PredictedCG_splitClauses_0":["10"],
"unlabeledTemplateNumber_RelationalIneqs_splitClauses_0":["303"],
"unlabeledSingleVariableTemplatesNumber_Labeled_splitClauses_0":["123"],
"minedTemplateNumber_Unlabeled_splitClauses_1":["49"],
"generatedPredicateNumber_PredictedCG_splitClauses_0":["10800000"],
"labeledTemplateNumber_Unlabeled_splitClauses_1":["7"],
"unlabeledTemplateRelationSymbolNumber_Empty_splitClauses_1":["10"],
"clauseNumberBeforeSimplification_Empty_splitClauses_0":["76"],
"solvingTime_Octagon_splitClauses_1":["10800000"],
"cegarIterationNumber_Mined_splitClauses_1":["4"],
"clauseNumberBeforeSimplification_Mined_splitClauses_1":["76"],
"smt2FileSizeByte_PredictedCDHG_splitClauses_0":["27350"],
"averagePredicateSize_PredictedCG_splitClauses_0":["10800000"],
"solvingTime_Random_splitClauses_0":["10800000"],
"minedTemplateNumber_RelationalEqs_splitClauses_0":["49"],
"unlabeledSingleVariableTemplatesNumber_RelationalIneqs_splitClauses_0":["123"],
"unlabeledTemplateNumber_Unlabeled_splitClauses_1":["303"],
"labeledBinaryVariableTemplatesNumber_RelationalEqs_splitClauses_0":["6"],
"generatedPredicateNumber_PredictedCDHG_splitClauses_0":["10800000"],
"minedTemplateRelationSymbolNumber_Empty_splitClauses_1":["10"],
"predicateGeneratorTime_Random_splitClauses_1":["10800000"],
"labeledTemplateNumber_Term_splitClauses_1":["7"],
"minedSingleVariableTemplatesNumber_Empty_splitClauses_1":["43"],
"minedSingleVariableTemplatesNumber_RelationalIneqs_splitClauses_0":["43"],
"clauseNumberAfterSimplification_All_splitClauses_0":["40"],
"unlabeledBinaryVariableTemplatesNumber_RelationalEqs_splitClauses_0":["180"],
"cegarIterationNumber_RelationalEqs_splitClauses_0":["10800000"],
"labeledTemplateRelationSymbolNumber_PredictedCDHG_splitClauses_0":["3"],
"labeledSingleVariableTemplatesNumber_Labeled_splitClauses_1":["1"],
"unlabeledBinaryVariableTemplatesNumber_All_splitClauses_1":["180"],
"minedTemplateRelationSymbolNumber_Unlabeled_splitClauses_1":["10"],
"solvingTime_RelationalEqs_splitClauses_0":["10800000"],
"solvingTime_RelationalEqs_splitClauses_1":["10800000"],
"minedBinaryVariableTemplatesNumber_Mined_splitClauses_0":["6"],
"clauseNumberBeforeSimplification_All_splitClauses_0":["76"],
"clauseNumberBeforeSimplification_RelationalIneqs_splitClauses_1":["76"],
"labeledTemplateNumber_RelationalEqs_splitClauses_1":["7"],
"labeledBinaryVariableTemplatesNumber_RelationalIneqs_splitClauses_0":["6"],
"clauseNumberAfterSimplification_Empty_splitClauses_0":["40"],
"averagePredicateSize_Empty_splitClauses_0":["10800000"],
"relationSymbolNumber_PredictedCG_splitClauses_1":["52"],
"unlabeledTemplateNumber_Term_splitClauses_1":["303"],
"predicateGeneratorTime_Mined_splitClauses_1":["246"],
"relationSymbolNumber_Mined_splitClauses_0":["52"],
"labeledBinaryVariableTemplatesNumber_RelationalIneqs_splitClauses_1":["6"],
"predicateGeneratorTime_Unlabeled_splitClauses_0":["10800000"],
"generatedPredicateNumber_Mined_splitClauses_0":["10800000"],
"generatedPredicateNumber_RelationalEqs_splitClauses_1":["10800000"],
"labeledTemplateRelationSymbolNumber_PredictedCG_splitClauses_0":["3"],
"minedSingleVariableTemplatesNumber_PredictedCG_splitClauses_1":["43"],
"minedTemplateRelationSymbolNumber_PredictedCG_splitClauses_0":["10"],
"unlabeledTemplateRelationSymbolNumber_Labeled_splitClauses_0":["10"],
"solvability_Empty_splitClauses_1":["10800000"],
"averagePredicateSize_Term_splitClauses_0":["10800000"],
"cegarIterationNumber_Random_splitClauses_1":["10800000"],
"relationSymbolNumber_All_splitClauses_1":["52"],
"averagePredicateSize_Labeled_splitClauses_1":["10800000"],
"unlabeledBinaryVariableTemplatesNumber_Unlabeled_splitClauses_0":["180"],
"generatedPredicateNumber_Unlabeled_splitClauses_1":["10800000"],
"predicateGeneratorTime_All_splitClauses_0":["10800000"],
"unlabeledBinaryVariableTemplatesNumber_PredictedCDHG_splitClauses_1":["180"],
"clauseNumberBeforeSimplification_Labeled_splitClauses_1":["76"],
"minedBinaryVariableTemplatesNumber_Labeled_splitClauses_1":["6"],
"labeledSingleVariableTemplatesNumber_All_splitClauses_0":["1"],
"unlabeledTemplateRelationSymbolNumber_Mined_splitClauses_0":["10"],
"cegarIterationNumber_Octagon_splitClauses_1":["10800000"],
"labeledTemplateNumber_Octagon_splitClauses_0":["7"],
"labeledTemplateRelationSymbolNumber_All_splitClauses_1":["3"],
"smt2FileSizeByte_Empty_splitClauses_0":["27350"],
"relationSymbolNumber_RelationalIneqs_splitClauses_1":["52"],
"unlabeledTemplateNumber_Octagon_splitClauses_1":["303"],
"predicateGeneratorTime_RelationalEqs_splitClauses_0":["10800000"],
"unlabeledTemplateRelationSymbolNumber_RelationalIneqs_splitClauses_0":["10"],
"smt2FileSizeByte_RelationalEqs_splitClauses_1":["27350"],
"unlabeledTemplateNumber_Labeled_splitClauses_0":["303"],
"relationSymbolNumber_Random_splitClauses_1":["52"],
"minedSingleVariableTemplatesNumber_Labeled_splitClauses_0":["43"],
"solvingTime_PredictedCDHG_splitClauses_1":["10800000"],
"minedTemplateNumber_Octagon_splitClauses_1":["49"],
"clauseNumberBeforeSimplification_Mined_splitClauses_0":["76"],
"smt2FileSizeByte_All_splitClauses_0":["27350"],
"solvingTime_All_splitClauses_0":["10800000"],
"minedBinaryVariableTemplatesNumber_Term_splitClauses_1":["6"],
"unlabeledTemplateRelationSymbolNumber_Random_splitClauses_0":["10"],
"cegarIterationNumber_All_splitClauses_0":["10800000"],
"smt2FileSizeByte_RelationalEqs_splitClauses_0":["27350"],
"unlabeledSingleVariableTemplatesNumber_PredictedCDHG_splitClauses_1":["123"],
"clauseNumberBeforeSimplification_Labeled_splitClauses_0":["76"],
"cegarIterationNumber_PredictedCG_splitClauses_1":["10800000"],
"labeledTemplateRelationSymbolNumber_Unlabeled_splitClauses_0":["3"],
"unlabeledTemplateRelationSymbolNumber_Octagon_splitClauses_1":["10"],
"unlabeledTemplateNumber_Empty_splitClauses_1":["303"],
"clauseNumberBeforeSimplification_Octagon_splitClauses_1":["76"],
"labeledTemplateNumber_Unlabeled_splitClauses_0":["7"],
"labeledBinaryVariableTemplatesNumber_PredictedCG_splitClauses_0":["6"],
"solvability_Term_splitClauses_1":["10800000"],
"solvability_Octagon_splitClauses_0":["10800000"],
"minedTemplateRelationSymbolNumber_RelationalIneqs_splitClauses_0":["10"],
"clauseNumberBeforeSimplification_RelationalIneqs_splitClauses_0":["76"],
"labeledTemplateNumber_PredictedCG_splitClauses_0":["7"],
"cegarIterationNumber_Labeled_splitClauses_0":["10800000"],
"smt2FileSizeByte_Labeled_splitClauses_1":["27350"],
"clauseNumberBeforeSimplification_Unlabeled_splitClauses_1":["76"],
"generatedPredicateNumber_Term_splitClauses_1":["10800000"],
"solvingTime_Term_splitClauses_1":["10800000"],
"unlabeledBinaryVariableTemplatesNumber_Random_splitClauses_1":["180"],
"unlabeledSingleVariableTemplatesNumber_Octagon_splitClauses_0":["123"],
"solvingTime_Octagon_splitClauses_0":["10800000"],
"labeledSingleVariableTemplatesNumber_Mined_splitClauses_1":["1"],
"averagePredicateSize_Term_splitClauses_1":["10800000"],
"labeledTemplateNumber_Labeled_splitClauses_0":["7"],
"unlabeledSingleVariableTemplatesNumber_PredictedCG_splitClauses_0":["123"],
"smt2FileSizeByte_Mined_splitClauses_1":["27350"],
"labeledBinaryVariableTemplatesNumber_Unlabeled_splitClauses_1":["6"],
"labeledTemplateNumber_All_splitClauses_0":["7"],
"unlabeledTemplateNumber_Random_splitClauses_0":["303"],
"labeledTemplateNumber_Octagon_splitClauses_1":["7"],
"unlabeledTemplateNumber_PredictedCDHG_splitClauses_1":["303"],
"unlabeledBinaryVariableTemplatesNumber_Mined_splitClauses_0":["180"],
"minedTemplateRelationSymbolNumber_Mined_splitClauses_1":["10"],
"labeledTemplateNumber_RelationalIneqs_splitClauses_1":["7"],
"solvability_Term_splitClauses_0":["10800000"],
"relationSymbolNumber_Octagon_splitClauses_0":["52"],
"clauseNumberBeforeSimplification_PredictedCG_splitClauses_1":["76"],
"generatedPredicateNumber_Labeled_splitClauses_1":["10800000"],
"labeledSingleVariableTemplatesNumber_Unlabeled_splitClauses_0":["1"],
"unlabeledBinaryVariableTemplatesNumber_Empty_splitClauses_0":["180"],
"solvingTime_Mined_splitClauses_0":["10800000"],
"unlabeledTemplateNumber_All_splitClauses_1":["303"],
"clauseNumberAfterSimplification_Random_splitClauses_1":["40"],
"labeledBinaryVariableTemplatesNumber_Octagon_splitClauses_1":["6"],
"unlabeledBinaryVariableTemplatesNumber_Labeled_splitClauses_0":["180"],
"smt2FileSizeByte_Octagon_splitClauses_0":["27350"],
"labeledSingleVariableTemplatesNumber_Random_splitClauses_1":["1"],
"solvability_Unlabeled_splitClauses_0":["10800000"],
"solvingTime_Unlabeled_splitClauses_0":["10800000"],
"unlabeledTemplateRelationSymbolNumber_All_splitClauses_1":["10"],
"minedTemplateNumber_Empty_splitClauses_1":["49"],
"solvability_RelationalIneqs_splitClauses_0":["10800000"],
"unlabeledTemplateRelationSymbolNumber_Labeled_splitClauses_1":["10"],
"cegarIterationNumber_RelationalEqs_splitClauses_1":["10800000"],
"minedSingleVariableTemplatesNumber_RelationalEqs_splitClauses_1":["43"],
"clauseNumberAfterSimplification_PredictedCDHG_splitClauses_1":["40"],
"minedBinaryVariableTemplatesNumber_RelationalIneqs_splitClauses_1":["6"],
"unlabeledBinaryVariableTemplatesNumber_Mined_splitClauses_1":["180"],
"unlabeledBinaryVariableTemplatesNumber_PredictedCDHG_splitClauses_0":["180"],
"solvingTime_Empty_splitClauses_1":["10800000"],
"labeledTemplateRelationSymbolNumber_Empty_splitClauses_1":["3"],
"generatedPredicateNumber_Term_splitClauses_0":["10800000"],
"averagePredicateSize_Empty_splitClauses_1":["10800000"],
"generatedPredicateNumber_PredictedCG_splitClauses_1":["10800000"],
"labeledTemplateRelationSymbolNumber_PredictedCDHG_splitClauses_1":["3"],
"relationSymbolNumber_Mined_splitClauses_1":["52"],
"predicateGeneratorTime_Mined_splitClauses_0":["10800000"],
"predicateGeneratorTime_Labeled_splitClauses_0":["10800000"],
"labeledSingleVariableTemplatesNumber_Random_splitClauses_0":["1"],
"unlabeledTemplateRelationSymbolNumber_All_splitClauses_0":["10"],
"minedBinaryVariableTemplatesNumber_Labeled_splitClauses_0":["6"],
"generatedPredicateNumber_Labeled_splitClauses_0":["10800000"],
"relationSymbolNumber_Empty_splitClauses_0":["52"],
"solvingTime_Mined_splitClauses_1":["332"],
"minedSingleVariableTemplatesNumber_All_splitClauses_1":["43"],
"predicateGeneratorTime_Random_splitClauses_0":["10800000"],
"cegarIterationNumber_Term_splitClauses_1":["10800000"],
"labeledTemplateNumber_Empty_splitClauses_1":["7"],
"clauseNumberAfterSimplification_Empty_splitClauses_1":["40"],
"minedTemplateRelationSymbolNumber_Empty_splitClauses_0":["10"],
"unlabeledSingleVariableTemplatesNumber_Term_splitClauses_0":["123"],
"minedSingleVariableTemplatesNumber_Empty_splitClauses_0":["43"],
"minedTemplateRelationSymbolNumber_RelationalEqs_splitClauses_0":["10"],
"cegarIterationNumber_Empty_splitClauses_0":["10800000"],
"minedBinaryVariableTemplatesNumber_RelationalEqs_splitClauses_1":["6"],
"labeledSingleVariableTemplatesNumber_All_splitClauses_1":["1"],
"unlabeledTemplateRelationSymbolNumber_Octagon_splitClauses_0":["10"],
"minedTemplateRelationSymbolNumber_Unlabeled_splitClauses_0":["10"],
"labeledBinaryVariableTemplatesNumber_Mined_splitClauses_0":["6"],
"minedTemplateNumber_PredictedCG_splitClauses_1":["49"],
"cegarIterationNumber_Empty_splitClauses_1":["10800000"],
"averagePredicateSize_RelationalIneqs_splitClauses_0":["10800000"],
"solvability_All_splitClauses_1":["10800000"],
"unlabeledBinaryVariableTemplatesNumber_Term_splitClauses_1":["180"],
"relationSymbolNumber_PredictedCDHG_splitClauses_0":["52"],
"minedTemplateRelationSymbolNumber_Labeled_splitClauses_1":["10"],
"averagePredicateSize_Unlabeled_splitClauses_1":["10800000"],
"labeledTemplateNumber_Term_splitClauses_0":["7"],
"smt2FileSizeByte_Empty_splitClauses_1":["27350"],
"solvingTime_PredictedCG_splitClauses_0":["10800000"],
"relationSymbolNumber_Term_splitClauses_0":["52"],
"cegarIterationNumber_All_splitClauses_1":["10800000"],
"clauseNumberBeforeSimplification_Term_splitClauses_1":["76"],
"predicateGeneratorTime_Empty_splitClauses_0":["10800000"],
"averagePredicateSize_All_splitClauses_0":["10800000"],
"unlabeledBinaryVariableTemplatesNumber_Random_splitClauses_0":["180"],
"smt2FileSizeByte_Term_splitClauses_0":["27350"],
"averagePredicateSize_Mined_splitClauses_1":["1"],
"minedBinaryVariableTemplatesNumber_Empty_splitClauses_0":["6"],
"minedTemplateRelationSymbolNumber_All_splitClauses_1":["10"],
"labeledSingleVariableTemplatesNumber_PredictedCG_splitClauses_0":["1"],
"unlabeledBinaryVariableTemplatesNumber_RelationalIneqs_splitClauses_0":["180"],
"unlabeledSingleVariableTemplatesNumber_RelationalIneqs_splitClauses_1":["123"],
"clauseNumberAfterSimplification_RelationalIneqs_splitClauses_0":["40"],
"unlabeledTemplateNumber_RelationalEqs_splitClauses_0":["303"],
"unlabeledTemplateNumber_RelationalIneqs_splitClauses_1":["303"],
"labeledTemplateRelationSymbolNumber_PredictedCG_splitClauses_1":["3"],
"labeledTemplateRelationSymbolNumber_All_splitClauses_0":["3"],
"labeledSingleVariableTemplatesNumber_Octagon_splitClauses_0":["1"],
"dummyFiled":[]
}