{
"cegarIterationNumber_Term_splitClauses_0":[6],
"cegarIterationNumber_RelationalIneqs_splitClauses_1":[6],
"cegarIterationNumber_Octagon_splitClauses_0":[6],
"solvingTime_RelationalIneqs_splitClauses_1":[275],
"solvingTime_Term_splitClauses_0":[314],
"cegarIterationNumber_RelationalIneqs_splitClauses_0":[6],
"solvingTime_RelationalIneqs_splitClauses_0":[311],
"solvingTime_Octagon_splitClauses_1":[272],
"cegarIterationNumber_RelationalEqs_splitClauses_0":[6],
"solvingTime_RelationalEqs_splitClauses_0":[289],
"solvingTime_RelationalEqs_splitClauses_1":[228],
"cegarIterationNumber_Octagon_splitClauses_1":[6],
"solvingTime_Term_splitClauses_1":[255],
"solvingTime_Octagon_splitClauses_0":[287],
"cegarIterationNumber_RelationalEqs_splitClauses_1":[6],
"cegarIterationNumber_Term_splitClauses_1":[6],
"dummyFiled":[]
}