{
"smt2FileSizeByte_All_splitClauses_1":["83732"],
"generatedPredicateNumber_All_splitClauses_1":["10800000"],
"unlabeledTemplateRelationSymbolNumber_PredictedCDHG_splitClauses_0":["37"],
"predicateGeneratorTime_Term_splitClauses_0":["10800000"],
"averagePredicateSize_Random_splitClauses_1":["10800000"],
"labeledBinaryVariableTemplatesNumber_Labeled_splitClauses_1":["39"],
"clauseNumberBeforeSimplification_All_splitClauses_1":["159"],
"minedTemplateRelationSymbolNumber_Term_splitClauses_0":["37"],
"solvingTime_Labeled_splitClauses_1":["10800000"],
"unlabeledTemplateNumber_Labeled_splitClauses_1":["1859"],
"relationSymbolNumber_Term_splitClauses_1":["181"],
"minedTemplateRelationSymbolNumber_Octagon_splitClauses_1":["37"],
"clauseNumberAfterSimplification_Mined_splitClauses_1":["117"],
"unlabeledBinaryVariableTemplatesNumber_Term_splitClauses_0":["1158"],
"labeledTemplateNumber_PredictedCDHG_splitClauses_0":["40"],
"relationSymbolNumber_RelationalEqs_splitClauses_1":["181"],
"solvability_Empty_splitClauses_0":["10800000"],
"unlabeledTemplateRelationSymbolNumber_Random_splitClauses_1":["37"],
"labeledBinaryVariableTemplatesNumber_Octagon_splitClauses_0":["39"],
"minedTemplateRelationSymbolNumber_Random_splitClauses_1":["37"],
"unlabeledSingleVariableTemplatesNumber_Mined_splitClauses_0":["701"],
"unlabeledBinaryVariableTemplatesNumber_PredictedCG_splitClauses_1":["1158"],
"solvability_All_splitClauses_0":["10800000"],
"predicateGeneratorTime_RelationalEqs_splitClauses_1":["10800000"],
"smt2FileSizeByte_PredictedCG_splitClauses_1":["83732"],
"labeledSingleVariableTemplatesNumber_Unlabeled_splitClauses_1":["1"],
"labeledBinaryVariableTemplatesNumber_PredictedCG_splitClauses_1":["39"],
"minedBinaryVariableTemplatesNumber_PredictedCG_splitClauses_0":["39"],
"solvability_Random_splitClauses_0":["10800000"],
"clauseNumberBeforeSimplification_PredictedCDHG_splitClauses_1":["159"],
"labeledSingleVariableTemplatesNumber_Mined_splitClauses_0":["1"],
"solvability_Unlabeled_splitClauses_1":["10800000"],
"cegarIterationNumber_Labeled_splitClauses_1":["10800000"],
"smt2FileSizeByte_Mined_splitClauses_0":["83732"],
"labeledSingleVariableTemplatesNumber_PredictedCG_splitClauses_1":["1"],
"smt2FileSizeByte_Octagon_splitClauses_1":["83732"],
"minedTemplateNumber_Labeled_splitClauses_1":["281"],
"labeledSingleVariableTemplatesNumber_RelationalIneqs_splitClauses_1":["1"],
"clauseNumberAfterSimplification_Labeled_splitClauses_1":["117"],
"smt2FileSizeByte_Random_splitClauses_0":["83732"],
"unlabeledTemplateRelationSymbolNumber_PredictedCDHG_splitClauses_1":["37"],
"labeledSingleVariableTemplatesNumber_Term_splitClauses_0":["1"],
"generatedPredicateNumber_PredictedCDHG_splitClauses_1":["10800000"],
"minedSingleVariableTemplatesNumber_Unlabeled_splitClauses_0":["242"],
"generatedPredicateNumber_Octagon_splitClauses_1":["10800000"],
"labeledSingleVariableTemplatesNumber_RelationalEqs_splitClauses_0":["1"],
"predicateGeneratorTime_PredictedCG_splitClauses_1":["10800000"],
"labeledTemplateNumber_Labeled_splitClauses_1":["40"],
"labeledSingleVariableTemplatesNumber_Empty_splitClauses_0":["1"],
"minedTemplateRelationSymbolNumber_RelationalIneqs_splitClauses_1":["37"],
"unlabeledSingleVariableTemplatesNumber_All_splitClauses_1":["701"],
"labeledBinaryVariableTemplatesNumber_PredictedCDHG_splitClauses_1":["39"],
"unlabeledSingleVariableTemplatesNumber_RelationalEqs_splitClauses_1":["701"],
"cegarIterationNumber_Term_splitClauses_0":["10800000"],
"unlabeledBinaryVariableTemplatesNumber_Labeled_splitClauses_1":["1158"],
"unlabeledSingleVariableTemplatesNumber_Term_splitClauses_1":["701"],
"clauseNumberAfterSimplification_All_splitClauses_1":["117"],
"minedSingleVariableTemplatesNumber_Random_splitClauses_0":["242"],
"solvability_RelationalIneqs_splitClauses_1":["10800000"],
"minedTemplateNumber_Labeled_splitClauses_0":["281"],
"minedSingleVariableTemplatesNumber_Octagon_splitClauses_0":["242"],
"minedSingleVariableTemplatesNumber_Term_splitClauses_1":["242"],
"minedBinaryVariableTemplatesNumber_PredictedCDHG_splitClauses_1":["39"],
"generatedPredicateNumber_Mined_splitClauses_1":["33"],
"relationSymbolNumber_Octagon_splitClauses_1":["181"],
"relationSymbolNumber_Unlabeled_splitClauses_1":["181"],
"labeledSingleVariableTemplatesNumber_RelationalIneqs_splitClauses_0":["1"],
"averagePredicateSize_Mined_splitClauses_0":["10800000"],
"cegarIterationNumber_Unlabeled_splitClauses_0":["10800000"],
"minedBinaryVariableTemplatesNumber_Random_splitClauses_0":["39"],
"labeledTemplateNumber_Mined_splitClauses_1":["40"],
"labeledBinaryVariableTemplatesNumber_Random_splitClauses_0":["39"],
"unlabeledTemplateRelationSymbolNumber_Unlabeled_splitClauses_1":["37"],
"cegarIterationNumber_Mined_splitClauses_0":["10800000"],
"minedTemplateRelationSymbolNumber_Labeled_splitClauses_0":["37"],
"unlabeledBinaryVariableTemplatesNumber_RelationalIneqs_splitClauses_1":["1158"],
"unlabeledBinaryVariableTemplatesNumber_Octagon_splitClauses_0":["1158"],
"solvability_Mined_splitClauses_0":["10800000"],
"averagePredicateSize_RelationalEqs_splitClauses_0":["10800000"],
"clauseNumberAfterSimplification_Term_splitClauses_0":["117"],
"unlabeledTemplateNumber_Mined_splitClauses_0":["1859"],
"unlabeledTemplateNumber_PredictedCDHG_splitClauses_0":["1859"],
"cegarIterationNumber_RelationalIneqs_splitClauses_1":["10800000"],
"minedBinaryVariableTemplatesNumber_Unlabeled_splitClauses_1":["39"],
"labeledTemplateNumber_PredictedCG_splitClauses_1":["40"],
"labeledTemplateRelationSymbolNumber_Mined_splitClauses_0":["16"],
"labeledBinaryVariableTemplatesNumber_Mined_splitClauses_1":["39"],
"clauseNumberAfterSimplification_RelationalIneqs_splitClauses_1":["117"],
"minedSingleVariableTemplatesNumber_PredictedCDHG_splitClauses_0":["242"],
"solvability_Labeled_splitClauses_1":["10800000"],
"labeledSingleVariableTemplatesNumber_Octagon_splitClauses_1":["1"],
"averagePredicateSize_Random_splitClauses_0":["10800000"],
"smt2FileSizeByte_RelationalIneqs_splitClauses_0":["83732"],
"generatedPredicateNumber_Unlabeled_splitClauses_0":["10800000"],
"solvability_RelationalEqs_splitClauses_0":["10800000"],
"predicateGeneratorTime_Empty_splitClauses_1":["10800000"],
"minedSingleVariableTemplatesNumber_Mined_splitClauses_0":["242"],
"minedTemplateRelationSymbolNumber_PredictedCDHG_splitClauses_1":["37"],
"minedTemplateNumber_PredictedCG_splitClauses_0":["281"],
"averagePredicateSize_RelationalIneqs_splitClauses_1":["10800000"],
"labeledTemplateRelationSymbolNumber_Random_splitClauses_1":["16"],
"minedTemplateNumber_RelationalIneqs_splitClauses_0":["281"],
"predicateGeneratorTime_RelationalIneqs_splitClauses_0":["10800000"],
"labeledTemplateRelationSymbolNumber_Empty_splitClauses_0":["16"],
"minedBinaryVariableTemplatesNumber_Octagon_splitClauses_0":["39"],
"relationSymbolNumber_Labeled_splitClauses_0":["181"],
"labeledSingleVariableTemplatesNumber_Term_splitClauses_1":["1"],
"labeledBinaryVariableTemplatesNumber_Empty_splitClauses_0":["39"],
"minedTemplateNumber_Octagon_splitClauses_0":["281"],
"labeledBinaryVariableTemplatesNumber_Unlabeled_splitClauses_0":["39"],
"clauseNumberAfterSimplification_PredictedCDHG_splitClauses_0":["117"],
"smt2FileSizeByte_PredictedCG_splitClauses_0":["83732"],
"minedBinaryVariableTemplatesNumber_RelationalEqs_splitClauses_0":["39"],
"labeledTemplateRelationSymbolNumber_RelationalEqs_splitClauses_1":["16"],
"minedBinaryVariableTemplatesNumber_Random_splitClauses_1":["39"],
"clauseNumberAfterSimplification_Unlabeled_splitClauses_1":["117"],
"minedSingleVariableTemplatesNumber_PredictedCDHG_splitClauses_1":["242"],
"labeledBinaryVariableTemplatesNumber_Term_splitClauses_1":["39"],
"clauseNumberBeforeSimplification_Empty_splitClauses_1":["159"],
"minedBinaryVariableTemplatesNumber_Mined_splitClauses_1":["39"],
"unlabeledBinaryVariableTemplatesNumber_Unlabeled_splitClauses_1":["1158"],
"unlabeledTemplateNumber_PredictedCG_splitClauses_1":["1859"],
"generatedPredicateNumber_Empty_splitClauses_0":["10800000"],
"predicateGeneratorTime_RelationalIneqs_splitClauses_1":["10800000"],
"unlabeledSingleVariableTemplatesNumber_Empty_splitClauses_0":["701"],
"cegarIterationNumber_Octagon_splitClauses_0":["10800000"],
"clauseNumberAfterSimplification_Octagon_splitClauses_1":["117"],
"unlabeledSingleVariableTemplatesNumber_Labeled_splitClauses_1":["701"],
"clauseNumberBeforeSimplification_Random_splitClauses_1":["159"],
"minedTemplateRelationSymbolNumber_All_splitClauses_0":["37"],
"unlabeledTemplateRelationSymbolNumber_RelationalEqs_splitClauses_0":["37"],
"minedSingleVariableTemplatesNumber_Unlabeled_splitClauses_1":["242"],
"clauseNumberBeforeSimplification_RelationalEqs_splitClauses_0":["159"],
"minedTemplateNumber_Unlabeled_splitClauses_0":["281"],
"generatedPredicateNumber_Octagon_splitClauses_0":["10800000"],
"predicateGeneratorTime_PredictedCDHG_splitClauses_0":["10800000"],
"clauseNumberAfterSimplification_PredictedCG_splitClauses_1":["117"],
"labeledSingleVariableTemplatesNumber_RelationalEqs_splitClauses_1":["1"],
"smt2FileSizeByte_Random_splitClauses_1":["83732"],
"averagePredicateSize_PredictedCG_splitClauses_1":["10800000"],
"cegarIterationNumber_PredictedCDHG_splitClauses_1":["10800000"],
"clauseNumberAfterSimplification_RelationalEqs_splitClauses_1":["117"],
"minedBinaryVariableTemplatesNumber_Empty_splitClauses_1":["39"],
"minedTemplateNumber_PredictedCDHG_splitClauses_0":["281"],
"labeledBinaryVariableTemplatesNumber_All_splitClauses_1":["39"],
"solvingTime_RelationalIneqs_splitClauses_1":["10800000"],
"unlabeledTemplateRelationSymbolNumber_RelationalEqs_splitClauses_1":["37"],
"smt2FileSizeByte_Unlabeled_splitClauses_0":["83732"],
"generatedPredicateNumber_All_splitClauses_0":["10800000"],
"predicateGeneratorTime_Octagon_splitClauses_1":["10800000"],
"solvability_Mined_splitClauses_1":["1"],
"minedTemplateRelationSymbolNumber_Term_splitClauses_1":["37"],
"clauseNumberAfterSimplification_Mined_splitClauses_0":["117"],
"solvability_PredictedCDHG_splitClauses_0":["10800000"],
"solvingTime_Empty_splitClauses_0":["10800000"],
"unlabeledSingleVariableTemplatesNumber_Unlabeled_splitClauses_1":["701"],
"minedTemplateNumber_Term_splitClauses_1":["281"],
"averagePredicateSize_Octagon_splitClauses_1":["10800000"],
"relationSymbolNumber_Empty_splitClauses_1":["181"],
"unlabeledSingleVariableTemplatesNumber_Octagon_splitClauses_1":["701"],
"minedTemplateRelationSymbolNumber_RelationalEqs_splitClauses_1":["37"],
"minedBinaryVariableTemplatesNumber_RelationalIneqs_splitClauses_0":["39"],
"predicateGeneratorTime_Term_splitClauses_1":["10800000"],
"solvingTime_Labeled_splitClauses_0":["10800000"],
"unlabeledBinaryVariableTemplatesNumber_PredictedCG_splitClauses_0":["1158"],
"minedTemplateNumber_All_splitClauses_0":["281"],
"predicateGeneratorTime_Labeled_splitClauses_1":["10800000"],
"unlabeledTemplateRelationSymbolNumber_Empty_splitClauses_0":["37"],
"unlabeledTemplateNumber_Mined_splitClauses_1":["1859"],
"solvability_PredictedCG_splitClauses_1":["10800000"],
"unlabeledTemplateNumber_Term_splitClauses_0":["1859"],
"minedBinaryVariableTemplatesNumber_PredictedCG_splitClauses_1":["39"],
"labeledSingleVariableTemplatesNumber_PredictedCDHG_splitClauses_0":["1"],
"minedBinaryVariableTemplatesNumber_All_splitClauses_0":["39"],
"averagePredicateSize_PredictedCDHG_splitClauses_1":["10800000"],
"predicateGeneratorTime_PredictedCG_splitClauses_0":["10800000"],
"generatedPredicateNumber_RelationalIneqs_splitClauses_0":["10800000"],
"labeledTemplateNumber_Empty_splitClauses_0":["40"],
"unlabeledTemplateRelationSymbolNumber_Term_splitClauses_0":["37"],
"minedTemplateNumber_All_splitClauses_1":["281"],
"labeledSingleVariableTemplatesNumber_Empty_splitClauses_1":["1"],
"minedBinaryVariableTemplatesNumber_Unlabeled_splitClauses_0":["39"],
"labeledTemplateNumber_Random_splitClauses_0":["40"],
"minedBinaryVariableTemplatesNumber_All_splitClauses_1":["39"],
"unlabeledSingleVariableTemplatesNumber_All_splitClauses_0":["701"],
"smt2FileSizeByte_PredictedCDHG_splitClauses_1":["83732"],
"labeledBinaryVariableTemplatesNumber_PredictedCDHG_splitClauses_0":["39"],
"averagePredicateSize_RelationalEqs_splitClauses_1":["10800000"],
"minedSingleVariableTemplatesNumber_Term_splitClauses_0":["242"],
"labeledTemplateRelationSymbolNumber_Term_splitClauses_1":["16"],
"generatedPredicateNumber_Random_splitClauses_0":["10800000"],
"labeledBinaryVariableTemplatesNumber_Empty_splitClauses_1":["39"],
"clauseNumberAfterSimplification_Labeled_splitClauses_0":["117"],
"labeledSingleVariableTemplatesNumber_Labeled_splitClauses_0":["1"],
"minedTemplateNumber_Mined_splitClauses_1":["281"],
"labeledTemplateRelationSymbolNumber_Labeled_splitClauses_0":["16"],
"unlabeledTemplateRelationSymbolNumber_Mined_splitClauses_1":["37"],
"solvability_Labeled_splitClauses_0":["10800000"],
"minedTemplateNumber_RelationalEqs_splitClauses_1":["281"],
"solvingTime_Random_splitClauses_1":["10800000"],
"minedTemplateNumber_Random_splitClauses_0":["281"],
"cegarIterationNumber_Unlabeled_splitClauses_1":["10800000"],
"minedTemplateNumber_RelationalIneqs_splitClauses_1":["281"],
"unlabeledBinaryVariableTemplatesNumber_Octagon_splitClauses_1":["1158"],
"minedSingleVariableTemplatesNumber_Octagon_splitClauses_1":["242"],
"minedSingleVariableTemplatesNumber_Random_splitClauses_1":["242"],
"averagePredicateSize_All_splitClauses_1":["10800000"],
"minedTemplateNumber_Empty_splitClauses_0":["281"],
"labeledTemplateNumber_Mined_splitClauses_0":["40"],
"unlabeledBinaryVariableTemplatesNumber_All_splitClauses_0":["1158"],
"labeledSingleVariableTemplatesNumber_PredictedCDHG_splitClauses_1":["1"],
"minedSingleVariableTemplatesNumber_Mined_splitClauses_1":["242"],
"labeledTemplateRelationSymbolNumber_Term_splitClauses_0":["16"],
"unlabeledTemplateRelationSymbolNumber_Term_splitClauses_1":["37"],
"predicateGeneratorTime_All_splitClauses_1":["10800000"],
"unlabeledSingleVariableTemplatesNumber_Random_splitClauses_0":["701"],
"predicateGeneratorTime_Unlabeled_splitClauses_1":["10800000"],
"cegarIterationNumber_PredictedCDHG_splitClauses_0":["10800000"],
"labeledTemplateNumber_RelationalEqs_splitClauses_0":["40"],
"labeledTemplateRelationSymbolNumber_Mined_splitClauses_1":["16"],
"labeledTemplateRelationSymbolNumber_Random_splitClauses_0":["16"],
"labeledBinaryVariableTemplatesNumber_RelationalEqs_splitClauses_1":["39"],
"generatedPredicateNumber_RelationalIneqs_splitClauses_1":["10800000"],
"unlabeledTemplateRelationSymbolNumber_PredictedCG_splitClauses_1":["37"],
"unlabeledSingleVariableTemplatesNumber_RelationalEqs_splitClauses_0":["701"],
"labeledBinaryVariableTemplatesNumber_Labeled_splitClauses_0":["39"],
"minedBinaryVariableTemplatesNumber_PredictedCDHG_splitClauses_0":["39"],
"unlabeledTemplateRelationSymbolNumber_Unlabeled_splitClauses_0":["37"],
"clauseNumberAfterSimplification_Term_splitClauses_1":["117"],
"relationSymbolNumber_RelationalIneqs_splitClauses_0":["181"],
"unlabeledTemplateNumber_Octagon_splitClauses_0":["1859"],
"unlabeledBinaryVariableTemplatesNumber_RelationalEqs_splitClauses_1":["1158"],
"unlabeledTemplateNumber_PredictedCG_splitClauses_0":["1859"],
"unlabeledTemplateNumber_All_splitClauses_0":["1859"],
"labeledTemplateRelationSymbolNumber_RelationalIneqs_splitClauses_1":["16"],
"unlabeledSingleVariableTemplatesNumber_Mined_splitClauses_1":["701"],
"labeledTemplateRelationSymbolNumber_Unlabeled_splitClauses_1":["16"],
"labeledBinaryVariableTemplatesNumber_Random_splitClauses_1":["39"],
"relationSymbolNumber_RelationalEqs_splitClauses_0":["181"],
"solvability_Random_splitClauses_1":["10800000"],
"solvingTime_Term_splitClauses_0":["10800000"],
"minedSingleVariableTemplatesNumber_Labeled_splitClauses_1":["242"],
"relationSymbolNumber_Random_splitClauses_0":["181"],
"clauseNumberBeforeSimplification_Term_splitClauses_0":["159"],
"minedTemplateRelationSymbolNumber_Mined_splitClauses_0":["37"],
"solvability_Octagon_splitClauses_1":["10800000"],
"relationSymbolNumber_Labeled_splitClauses_1":["181"],
"minedSingleVariableTemplatesNumber_RelationalIneqs_splitClauses_1":["242"],
"smt2FileSizeByte_Labeled_splitClauses_0":["83732"],
"solvability_RelationalEqs_splitClauses_1":["10800000"],
"unlabeledSingleVariableTemplatesNumber_Empty_splitClauses_1":["701"],
"labeledTemplateNumber_PredictedCDHG_splitClauses_1":["40"],
"minedTemplateRelationSymbolNumber_Octagon_splitClauses_0":["37"],
"clauseNumberAfterSimplification_Unlabeled_splitClauses_0":["117"],
"clauseNumberBeforeSimplification_Unlabeled_splitClauses_0":["159"],
"clauseNumberBeforeSimplification_PredictedCDHG_splitClauses_0":["159"],
"cegarIterationNumber_RelationalIneqs_splitClauses_0":["10800000"],
"relationSymbolNumber_All_splitClauses_0":["181"],
"labeledTemplateRelationSymbolNumber_RelationalEqs_splitClauses_0":["16"],
"averagePredicateSize_Labeled_splitClauses_0":["10800000"],
"smt2FileSizeByte_RelationalIneqs_splitClauses_1":["83732"],
"clauseNumberBeforeSimplification_RelationalEqs_splitClauses_1":["159"],
"unlabeledTemplateRelationSymbolNumber_RelationalIneqs_splitClauses_1":["37"],
"clauseNumberBeforeSimplification_PredictedCG_splitClauses_0":["159"],
"solvingTime_PredictedCDHG_splitClauses_0":["10800000"],
"labeledTemplateRelationSymbolNumber_Octagon_splitClauses_1":["16"],
"minedTemplateRelationSymbolNumber_PredictedCG_splitClauses_1":["37"],
"labeledTemplateNumber_Random_splitClauses_1":["40"],
"solvingTime_RelationalIneqs_splitClauses_0":["10800000"],
"labeledTemplateNumber_All_splitClauses_1":["40"],
"unlabeledTemplateNumber_Random_splitClauses_1":["1859"],
"relationSymbolNumber_PredictedCDHG_splitClauses_1":["181"],
"smt2FileSizeByte_Unlabeled_splitClauses_1":["83732"],
"cegarIterationNumber_PredictedCG_splitClauses_0":["10800000"],
"predicateGeneratorTime_Octagon_splitClauses_0":["10800000"],
"unlabeledTemplateNumber_RelationalEqs_splitClauses_1":["1859"],
"clauseNumberAfterSimplification_Octagon_splitClauses_0":["117"],
"cegarIterationNumber_Random_splitClauses_0":["10800000"],
"solvability_PredictedCDHG_splitClauses_1":["10800000"],
"solvability_PredictedCG_splitClauses_0":["10800000"],
"solvingTime_PredictedCG_splitClauses_1":["10800000"],
"unlabeledSingleVariableTemplatesNumber_Unlabeled_splitClauses_0":["701"],
"unlabeledTemplateNumber_Unlabeled_splitClauses_0":["1859"],
"labeledTemplateRelationSymbolNumber_RelationalIneqs_splitClauses_0":["16"],
"minedTemplateNumber_Random_splitClauses_1":["281"],
"relationSymbolNumber_PredictedCG_splitClauses_0":["181"],
"generatedPredicateNumber_RelationalEqs_splitClauses_0":["10800000"],
"minedTemplateNumber_Term_splitClauses_0":["281"],
"solvingTime_All_splitClauses_1":["10800000"],
"minedSingleVariableTemplatesNumber_PredictedCG_splitClauses_0":["242"],
"smt2FileSizeByte_Term_splitClauses_1":["83732"],
"labeledBinaryVariableTemplatesNumber_All_splitClauses_0":["39"],
"minedTemplateNumber_PredictedCDHG_splitClauses_1":["281"],
"minedTemplateRelationSymbolNumber_PredictedCDHG_splitClauses_0":["37"],
"averagePredicateSize_Unlabeled_splitClauses_0":["10800000"],
"minedBinaryVariableTemplatesNumber_Octagon_splitClauses_1":["39"],
"unlabeledSingleVariableTemplatesNumber_Random_splitClauses_1":["701"],
"clauseNumberBeforeSimplification_Random_splitClauses_0":["159"],
"solvingTime_Unlabeled_splitClauses_1":["10800000"],
"predicateGeneratorTime_PredictedCDHG_splitClauses_1":["10800000"],
"averagePredicateSize_PredictedCDHG_splitClauses_0":["10800000"],
"minedBinaryVariableTemplatesNumber_Term_splitClauses_0":["39"],
"labeledTemplateNumber_RelationalIneqs_splitClauses_0":["40"],
"clauseNumberAfterSimplification_Random_splitClauses_0":["117"],
"clauseNumberAfterSimplification_PredictedCG_splitClauses_0":["117"],
"generatedPredicateNumber_Empty_splitClauses_1":["10800000"],
"clauseNumberBeforeSimplification_Octagon_splitClauses_0":["159"],
"unlabeledTemplateNumber_Empty_splitClauses_0":["1859"],
"minedSingleVariableTemplatesNumber_All_splitClauses_0":["242"],
"labeledTemplateRelationSymbolNumber_Octagon_splitClauses_0":["16"],
"generatedPredicateNumber_Random_splitClauses_1":["10800000"],
"clauseNumberAfterSimplification_RelationalEqs_splitClauses_0":["117"],
"labeledBinaryVariableTemplatesNumber_Term_splitClauses_0":["39"],
"minedSingleVariableTemplatesNumber_RelationalEqs_splitClauses_0":["242"],
"minedTemplateNumber_Mined_splitClauses_0":["281"],
"averagePredicateSize_Octagon_splitClauses_0":["10800000"],
"unlabeledBinaryVariableTemplatesNumber_Empty_splitClauses_1":["1158"],
"relationSymbolNumber_Unlabeled_splitClauses_0":["181"],
"unlabeledSingleVariableTemplatesNumber_PredictedCDHG_splitClauses_0":["701"],
"unlabeledSingleVariableTemplatesNumber_PredictedCG_splitClauses_1":["701"],
"labeledTemplateRelationSymbolNumber_Labeled_splitClauses_1":["16"],
"minedTemplateRelationSymbolNumber_Random_splitClauses_0":["37"],
"unlabeledTemplateRelationSymbolNumber_PredictedCG_splitClauses_0":["37"],
"unlabeledTemplateNumber_RelationalIneqs_splitClauses_0":["1859"],
"unlabeledSingleVariableTemplatesNumber_Labeled_splitClauses_0":["701"],
"minedTemplateNumber_Unlabeled_splitClauses_1":["281"],
"generatedPredicateNumber_PredictedCG_splitClauses_0":["10800000"],
"labeledTemplateNumber_Unlabeled_splitClauses_1":["40"],
"unlabeledTemplateRelationSymbolNumber_Empty_splitClauses_1":["37"],
"clauseNumberBeforeSimplification_Empty_splitClauses_0":["159"],
"solvingTime_Octagon_splitClauses_1":["10800000"],
"cegarIterationNumber_Mined_splitClauses_1":["15"],
"clauseNumberBeforeSimplification_Mined_splitClauses_1":["159"],
"smt2FileSizeByte_PredictedCDHG_splitClauses_0":["83732"],
"averagePredicateSize_PredictedCG_splitClauses_0":["10800000"],
"solvingTime_Random_splitClauses_0":["10800000"],
"minedTemplateNumber_RelationalEqs_splitClauses_0":["281"],
"unlabeledSingleVariableTemplatesNumber_RelationalIneqs_splitClauses_0":["701"],
"unlabeledTemplateNumber_Unlabeled_splitClauses_1":["1859"],
"labeledBinaryVariableTemplatesNumber_RelationalEqs_splitClauses_0":["39"],
"generatedPredicateNumber_PredictedCDHG_splitClauses_0":["10800000"],
"minedTemplateRelationSymbolNumber_Empty_splitClauses_1":["37"],
"predicateGeneratorTime_Random_splitClauses_1":["10800000"],
"labeledTemplateNumber_Term_splitClauses_1":["40"],
"minedSingleVariableTemplatesNumber_Empty_splitClauses_1":["242"],
"minedSingleVariableTemplatesNumber_RelationalIneqs_splitClauses_0":["242"],
"clauseNumberAfterSimplification_All_splitClauses_0":["117"],
"unlabeledBinaryVariableTemplatesNumber_RelationalEqs_splitClauses_0":["1158"],
"cegarIterationNumber_RelationalEqs_splitClauses_0":["10800000"],
"labeledTemplateRelationSymbolNumber_PredictedCDHG_splitClauses_0":["16"],
"labeledSingleVariableTemplatesNumber_Labeled_splitClauses_1":["1"],
"unlabeledBinaryVariableTemplatesNumber_All_splitClauses_1":["1158"],
"minedTemplateRelationSymbolNumber_Unlabeled_splitClauses_1":["37"],
"solvingTime_RelationalEqs_splitClauses_0":["10800000"],
"solvingTime_RelationalEqs_splitClauses_1":["10800000"],
"minedBinaryVariableTemplatesNumber_Mined_splitClauses_0":["39"],
"clauseNumberBeforeSimplification_All_splitClauses_0":["159"],
"clauseNumberBeforeSimplification_RelationalIneqs_splitClauses_1":["159"],
"labeledTemplateNumber_RelationalEqs_splitClauses_1":["40"],
"labeledBinaryVariableTemplatesNumber_RelationalIneqs_splitClauses_0":["39"],
"clauseNumberAfterSimplification_Empty_splitClauses_0":["117"],
"averagePredicateSize_Empty_splitClauses_0":["10800000"],
"relationSymbolNumber_PredictedCG_splitClauses_1":["181"],
"unlabeledTemplateNumber_Term_splitClauses_1":["1859"],
"predicateGeneratorTime_Mined_splitClauses_1":["565"],
"relationSymbolNumber_Mined_splitClauses_0":["181"],
"labeledBinaryVariableTemplatesNumber_RelationalIneqs_splitClauses_1":["39"],
"predicateGeneratorTime_Unlabeled_splitClauses_0":["10800000"],
"generatedPredicateNumber_Mined_splitClauses_0":["10800000"],
"generatedPredicateNumber_RelationalEqs_splitClauses_1":["10800000"],
"labeledTemplateRelationSymbolNumber_PredictedCG_splitClauses_0":["16"],
"minedSingleVariableTemplatesNumber_PredictedCG_splitClauses_1":["242"],
"minedTemplateRelationSymbolNumber_PredictedCG_splitClauses_0":["37"],
"unlabeledTemplateRelationSymbolNumber_Labeled_splitClauses_0":["37"],
"solvability_Empty_splitClauses_1":["10800000"],
"averagePredicateSize_Term_splitClauses_0":["10800000"],
"cegarIterationNumber_Random_splitClauses_1":["10800000"],
"relationSymbolNumber_All_splitClauses_1":["181"],
"averagePredicateSize_Labeled_splitClauses_1":["10800000"],
"unlabeledBinaryVariableTemplatesNumber_Unlabeled_splitClauses_0":["1158"],
"generatedPredicateNumber_Unlabeled_splitClauses_1":["10800000"],
"predicateGeneratorTime_All_splitClauses_0":["10800000"],
"unlabeledBinaryVariableTemplatesNumber_PredictedCDHG_splitClauses_1":["1158"],
"clauseNumberBeforeSimplification_Labeled_splitClauses_1":["159"],
"minedBinaryVariableTemplatesNumber_Labeled_splitClauses_1":["39"],
"labeledSingleVariableTemplatesNumber_All_splitClauses_0":["1"],
"unlabeledTemplateRelationSymbolNumber_Mined_splitClauses_0":["37"],
"cegarIterationNumber_Octagon_splitClauses_1":["10800000"],
"labeledTemplateNumber_Octagon_splitClauses_0":["40"],
"labeledTemplateRelationSymbolNumber_All_splitClauses_1":["16"],
"smt2FileSizeByte_Empty_splitClauses_0":["83732"],
"relationSymbolNumber_RelationalIneqs_splitClauses_1":["181"],
"unlabeledTemplateNumber_Octagon_splitClauses_1":["1859"],
"predicateGeneratorTime_RelationalEqs_splitClauses_0":["10800000"],
"unlabeledTemplateRelationSymbolNumber_RelationalIneqs_splitClauses_0":["37"],
"smt2FileSizeByte_RelationalEqs_splitClauses_1":["83732"],
"unlabeledTemplateNumber_Labeled_splitClauses_0":["1859"],
"relationSymbolNumber_Random_splitClauses_1":["181"],
"minedSingleVariableTemplatesNumber_Labeled_splitClauses_0":["242"],
"solvingTime_PredictedCDHG_splitClauses_1":["10800000"],
"minedTemplateNumber_Octagon_splitClauses_1":["281"],
"clauseNumberBeforeSimplification_Mined_splitClauses_0":["159"],
"smt2FileSizeByte_All_splitClauses_0":["83732"],
"solvingTime_All_splitClauses_0":["10800000"],
"minedBinaryVariableTemplatesNumber_Term_splitClauses_1":["39"],
"unlabeledTemplateRelationSymbolNumber_Random_splitClauses_0":["37"],
"cegarIterationNumber_All_splitClauses_0":["10800000"],
"smt2FileSizeByte_RelationalEqs_splitClauses_0":["83732"],
"unlabeledSingleVariableTemplatesNumber_PredictedCDHG_splitClauses_1":["701"],
"clauseNumberBeforeSimplification_Labeled_splitClauses_0":["159"],
"cegarIterationNumber_PredictedCG_splitClauses_1":["10800000"],
"labeledTemplateRelationSymbolNumber_Unlabeled_splitClauses_0":["16"],
"unlabeledTemplateRelationSymbolNumber_Octagon_splitClauses_1":["37"],
"unlabeledTemplateNumber_Empty_splitClauses_1":["1859"],
"clauseNumberBeforeSimplification_Octagon_splitClauses_1":["159"],
"labeledTemplateNumber_Unlabeled_splitClauses_0":["40"],
"labeledBinaryVariableTemplatesNumber_PredictedCG_splitClauses_0":["39"],
"solvability_Term_splitClauses_1":["10800000"],
"solvability_Octagon_splitClauses_0":["10800000"],
"minedTemplateRelationSymbolNumber_RelationalIneqs_splitClauses_0":["37"],
"clauseNumberBeforeSimplification_RelationalIneqs_splitClauses_0":["159"],
"labeledTemplateNumber_PredictedCG_splitClauses_0":["40"],
"cegarIterationNumber_Labeled_splitClauses_0":["10800000"],
"smt2FileSizeByte_Labeled_splitClauses_1":["83732"],
"clauseNumberBeforeSimplification_Unlabeled_splitClauses_1":["159"],
"generatedPredicateNumber_Term_splitClauses_1":["10800000"],
"solvingTime_Term_splitClauses_1":["10800000"],
"unlabeledBinaryVariableTemplatesNumber_Random_splitClauses_1":["1158"],
"unlabeledSingleVariableTemplatesNumber_Octagon_splitClauses_0":["701"],
"solvingTime_Octagon_splitClauses_0":["10800000"],
"labeledSingleVariableTemplatesNumber_Mined_splitClauses_1":["1"],
"averagePredicateSize_Term_splitClauses_1":["10800000"],
"labeledTemplateNumber_Labeled_splitClauses_0":["40"],
"unlabeledSingleVariableTemplatesNumber_PredictedCG_splitClauses_0":["701"],
"smt2FileSizeByte_Mined_splitClauses_1":["83732"],
"labeledBinaryVariableTemplatesNumber_Unlabeled_splitClauses_1":["39"],
"labeledTemplateNumber_All_splitClauses_0":["40"],
"unlabeledTemplateNumber_Random_splitClauses_0":["1859"],
"labeledTemplateNumber_Octagon_splitClauses_1":["40"],
"unlabeledTemplateNumber_PredictedCDHG_splitClauses_1":["1859"],
"unlabeledBinaryVariableTemplatesNumber_Mined_splitClauses_0":["1158"],
"minedTemplateRelationSymbolNumber_Mined_splitClauses_1":["37"],
"labeledTemplateNumber_RelationalIneqs_splitClauses_1":["40"],
"solvability_Term_splitClauses_0":["10800000"],
"relationSymbolNumber_Octagon_splitClauses_0":["181"],
"clauseNumberBeforeSimplification_PredictedCG_splitClauses_1":["159"],
"generatedPredicateNumber_Labeled_splitClauses_1":["10800000"],
"labeledSingleVariableTemplatesNumber_Unlabeled_splitClauses_0":["1"],
"unlabeledBinaryVariableTemplatesNumber_Empty_splitClauses_0":["1158"],
"solvingTime_Mined_splitClauses_0":["10800000"],
"unlabeledTemplateNumber_All_splitClauses_1":["1859"],
"clauseNumberAfterSimplification_Random_splitClauses_1":["117"],
"labeledBinaryVariableTemplatesNumber_Octagon_splitClauses_1":["39"],
"unlabeledBinaryVariableTemplatesNumber_Labeled_splitClauses_0":["1158"],
"smt2FileSizeByte_Octagon_splitClauses_0":["83732"],
"labeledSingleVariableTemplatesNumber_Random_splitClauses_1":["1"],
"solvability_Unlabeled_splitClauses_0":["10800000"],
"solvingTime_Unlabeled_splitClauses_0":["10800000"],
"unlabeledTemplateRelationSymbolNumber_All_splitClauses_1":["37"],
"minedTemplateNumber_Empty_splitClauses_1":["281"],
"solvability_RelationalIneqs_splitClauses_0":["10800000"],
"unlabeledTemplateRelationSymbolNumber_Labeled_splitClauses_1":["37"],
"cegarIterationNumber_RelationalEqs_splitClauses_1":["10800000"],
"minedSingleVariableTemplatesNumber_RelationalEqs_splitClauses_1":["242"],
"clauseNumberAfterSimplification_PredictedCDHG_splitClauses_1":["117"],
"minedBinaryVariableTemplatesNumber_RelationalIneqs_splitClauses_1":["39"],
"unlabeledBinaryVariableTemplatesNumber_Mined_splitClauses_1":["1158"],
"unlabeledBinaryVariableTemplatesNumber_PredictedCDHG_splitClauses_0":["1158"],
"solvingTime_Empty_splitClauses_1":["10800000"],
"labeledTemplateRelationSymbolNumber_Empty_splitClauses_1":["16"],
"generatedPredicateNumber_Term_splitClauses_0":["10800000"],
"averagePredicateSize_Empty_splitClauses_1":["10800000"],
"generatedPredicateNumber_PredictedCG_splitClauses_1":["10800000"],
"labeledTemplateRelationSymbolNumber_PredictedCDHG_splitClauses_1":["16"],
"relationSymbolNumber_Mined_splitClauses_1":["181"],
"predicateGeneratorTime_Mined_splitClauses_0":["10800000"],
"predicateGeneratorTime_Labeled_splitClauses_0":["10800000"],
"labeledSingleVariableTemplatesNumber_Random_splitClauses_0":["1"],
"unlabeledTemplateRelationSymbolNumber_All_splitClauses_0":["37"],
"minedBinaryVariableTemplatesNumber_Labeled_splitClauses_0":["39"],
"generatedPredicateNumber_Labeled_splitClauses_0":["10800000"],
"relationSymbolNumber_Empty_splitClauses_0":["181"],
"solvingTime_Mined_splitClauses_1":["795"],
"minedSingleVariableTemplatesNumber_All_splitClauses_1":["242"],
"predicateGeneratorTime_Random_splitClauses_0":["10800000"],
"cegarIterationNumber_Term_splitClauses_1":["10800000"],
"labeledTemplateNumber_Empty_splitClauses_1":["40"],
"clauseNumberAfterSimplification_Empty_splitClauses_1":["117"],
"minedTemplateRelationSymbolNumber_Empty_splitClauses_0":["37"],
"unlabeledSingleVariableTemplatesNumber_Term_splitClauses_0":["701"],
"minedSingleVariableTemplatesNumber_Empty_splitClauses_0":["242"],
"minedTemplateRelationSymbolNumber_RelationalEqs_splitClauses_0":["37"],
"cegarIterationNumber_Empty_splitClauses_0":["10800000"],
"minedBinaryVariableTemplatesNumber_RelationalEqs_splitClauses_1":["39"],
"labeledSingleVariableTemplatesNumber_All_splitClauses_1":["1"],
"unlabeledTemplateRelationSymbolNumber_Octagon_splitClauses_0":["37"],
"minedTemplateRelationSymbolNumber_Unlabeled_splitClauses_0":["37"],
"labeledBinaryVariableTemplatesNumber_Mined_splitClauses_0":["39"],
"minedTemplateNumber_PredictedCG_splitClauses_1":["281"],
"cegarIterationNumber_Empty_splitClauses_1":["10800000"],
"averagePredicateSize_RelationalIneqs_splitClauses_0":["10800000"],
"solvability_All_splitClauses_1":["10800000"],
"unlabeledBinaryVariableTemplatesNumber_Term_splitClauses_1":["1158"],
"relationSymbolNumber_PredictedCDHG_splitClauses_0":["181"],
"minedTemplateRelationSymbolNumber_Labeled_splitClauses_1":["37"],
"averagePredicateSize_Unlabeled_splitClauses_1":["10800000"],
"labeledTemplateNumber_Term_splitClauses_0":["40"],
"smt2FileSizeByte_Empty_splitClauses_1":["83732"],
"solvingTime_PredictedCG_splitClauses_0":["10800000"],
"relationSymbolNumber_Term_splitClauses_0":["181"],
"cegarIterationNumber_All_splitClauses_1":["10800000"],
"clauseNumberBeforeSimplification_Term_splitClauses_1":["159"],
"predicateGeneratorTime_Empty_splitClauses_0":["10800000"],
"averagePredicateSize_All_splitClauses_0":["10800000"],
"unlabeledBinaryVariableTemplatesNumber_Random_splitClauses_0":["1158"],
"smt2FileSizeByte_Term_splitClauses_0":["83732"],
"averagePredicateSize_Mined_splitClauses_1":["1"],
"minedBinaryVariableTemplatesNumber_Empty_splitClauses_0":["39"],
"minedTemplateRelationSymbolNumber_All_splitClauses_1":["37"],
"labeledSingleVariableTemplatesNumber_PredictedCG_splitClauses_0":["1"],
"unlabeledBinaryVariableTemplatesNumber_RelationalIneqs_splitClauses_0":["1158"],
"unlabeledSingleVariableTemplatesNumber_RelationalIneqs_splitClauses_1":["701"],
"clauseNumberAfterSimplification_RelationalIneqs_splitClauses_0":["117"],
"unlabeledTemplateNumber_RelationalEqs_splitClauses_0":["1859"],
"unlabeledTemplateNumber_RelationalIneqs_splitClauses_1":["1859"],
"labeledTemplateRelationSymbolNumber_PredictedCG_splitClauses_1":["16"],
"labeledTemplateRelationSymbolNumber_All_splitClauses_0":["16"],
"labeledSingleVariableTemplatesNumber_Octagon_splitClauses_0":["1"],
"dummyFiled":[]
}