{
"cegarIterationNumber_Term_splitClauses_0":[5],
"cegarIterationNumber_RelationalIneqs_splitClauses_1":[105],
"cegarIterationNumber_Octagon_splitClauses_0":[5],
"solvingTime_RelationalIneqs_splitClauses_1":[3823],
"solvingTime_Term_splitClauses_0":[393295],
"cegarIterationNumber_RelationalIneqs_splitClauses_0":[5],
"solvingTime_RelationalIneqs_splitClauses_0":[361155],
"solvingTime_Octagon_splitClauses_1":[3446],
"cegarIterationNumber_RelationalEqs_splitClauses_0":[5],
"solvingTime_RelationalEqs_splitClauses_0":[337052],
"solvingTime_RelationalEqs_splitClauses_1":[3509],
"cegarIterationNumber_Octagon_splitClauses_1":[105],
"solvingTime_Term_splitClauses_1":[3616],
"solvingTime_Octagon_splitClauses_0":[355689],
"cegarIterationNumber_RelationalEqs_splitClauses_1":[105],
"cegarIterationNumber_Term_splitClauses_1":[105],
"dummyFiled":[]
}