{
"smt2FileSizeByte_All_splitClauses_1":["7076"],
"generatedPredicateNumber_All_splitClauses_1":["10800000"],
"unlabeledTemplateRelationSymbolNumber_PredictedCDHG_splitClauses_0":["4"],
"relationSymbolNumberBeforeSimplification_Unlabeled_splitClauses_1":["38"],
"predicateGeneratorTime_Term_splitClauses_0":["10800000"],
"averagePredicateSize_Random_splitClauses_1":["10800000"],
"labeledBinaryVariableTemplatesNumber_Labeled_splitClauses_1":["9"],
"clauseNumberBeforeSimplification_All_splitClauses_1":["21"],
"minedTemplateRelationSymbolNumber_Term_splitClauses_0":["4"],
"solvingTime_Labeled_splitClauses_1":["10800000"],
"unlabeledTemplateNumber_Labeled_splitClauses_1":["147"],
"relationSymbolNumberAfterSimplification_All_splitClauses_1":["38"],
"minedTemplateRelationSymbolNumber_Octagon_splitClauses_1":["4"],
"clauseNumberAfterSimplification_Mined_splitClauses_1":["21"],
"relationSymbolNumberBeforeSimplification_Octagon_splitClauses_0":["38"],
"unlabeledBinaryVariableTemplatesNumber_Term_splitClauses_0":["90"],
"labeledTemplateNumber_PredictedCDHG_splitClauses_0":["10"],
"solvability_Empty_splitClauses_0":["10800000"],
"unlabeledTemplateRelationSymbolNumber_Random_splitClauses_1":["4"],
"labeledBinaryVariableTemplatesNumber_Octagon_splitClauses_0":["9"],
"relationSymbolNumberBeforeSimplification_Random_splitClauses_1":["38"],
"minedTemplateRelationSymbolNumber_Random_splitClauses_1":["4"],
"unlabeledSingleVariableTemplatesNumber_Mined_splitClauses_0":["57"],
"unlabeledBinaryVariableTemplatesNumber_PredictedCG_splitClauses_1":["90"],
"solvability_All_splitClauses_0":["10800000"],
"predicateGeneratorTime_RelationalEqs_splitClauses_1":["10800000"],
"relationSymbolNumberBeforeSimplification_PredictedCDHG_splitClauses_1":["38"],
"smt2FileSizeByte_PredictedCG_splitClauses_1":["7076"],
"labeledSingleVariableTemplatesNumber_Unlabeled_splitClauses_1":["1"],
"labeledBinaryVariableTemplatesNumber_PredictedCG_splitClauses_1":["9"],
"minedBinaryVariableTemplatesNumber_PredictedCG_splitClauses_0":["9"],
"solvability_Random_splitClauses_0":["10800000"],
"relationSymbolNumberAfterSimplification_PredictedCG_splitClauses_1":["38"],
"clauseNumberBeforeSimplification_PredictedCDHG_splitClauses_1":["21"],
"labeledSingleVariableTemplatesNumber_Mined_splitClauses_0":["1"],
"solvability_Unlabeled_splitClauses_1":["10800000"],
"cegarIterationNumber_Labeled_splitClauses_1":["10800000"],
"smt2FileSizeByte_Mined_splitClauses_0":["7076"],
"relationSymbolNumberAfterSimplification_Mined_splitClauses_0":["38"],
"labeledSingleVariableTemplatesNumber_PredictedCG_splitClauses_1":["1"],
"smt2FileSizeByte_Octagon_splitClauses_1":["7076"],
"minedTemplateNumber_Labeled_splitClauses_1":["28"],
"labeledSingleVariableTemplatesNumber_RelationalIneqs_splitClauses_1":["1"],
"clauseNumberAfterSimplification_Labeled_splitClauses_1":["21"],
"relationSymbolNumberAfterSimplification_Labeled_splitClauses_0":["38"],
"smt2FileSizeByte_Random_splitClauses_0":["7076"],
"relationSymbolNumberAfterSimplification_PredictedCDHG_splitClauses_0":["38"],
"unlabeledTemplateRelationSymbolNumber_PredictedCDHG_splitClauses_1":["4"],
"labeledSingleVariableTemplatesNumber_Term_splitClauses_0":["1"],
"generatedPredicateNumber_PredictedCDHG_splitClauses_1":["10800000"],
"minedSingleVariableTemplatesNumber_Unlabeled_splitClauses_0":["19"],
"generatedPredicateNumber_Octagon_splitClauses_1":["10800000"],
"labeledSingleVariableTemplatesNumber_RelationalEqs_splitClauses_0":["1"],
"predicateGeneratorTime_PredictedCG_splitClauses_1":["10800000"],
"relationSymbolNumberAfterSimplification_Octagon_splitClauses_0":["38"],
"labeledTemplateNumber_Labeled_splitClauses_1":["10"],
"labeledSingleVariableTemplatesNumber_Empty_splitClauses_0":["1"],
"minedTemplateRelationSymbolNumber_RelationalIneqs_splitClauses_1":["4"],
"unlabeledSingleVariableTemplatesNumber_All_splitClauses_1":["57"],
"labeledBinaryVariableTemplatesNumber_PredictedCDHG_splitClauses_1":["9"],
"unlabeledSingleVariableTemplatesNumber_RelationalEqs_splitClauses_1":["57"],
"cegarIterationNumber_Term_splitClauses_0":["10800000"],
"unlabeledBinaryVariableTemplatesNumber_Labeled_splitClauses_1":["90"],
"unlabeledSingleVariableTemplatesNumber_Term_splitClauses_1":["57"],
"clauseNumberAfterSimplification_All_splitClauses_1":["21"],
"minedSingleVariableTemplatesNumber_Random_splitClauses_0":["19"],
"solvability_RelationalIneqs_splitClauses_1":["10800000"],
"minedTemplateNumber_Labeled_splitClauses_0":["28"],
"minedSingleVariableTemplatesNumber_Octagon_splitClauses_0":["19"],
"minedSingleVariableTemplatesNumber_Term_splitClauses_1":["19"],
"minedBinaryVariableTemplatesNumber_PredictedCDHG_splitClauses_1":["9"],
"generatedPredicateNumber_Mined_splitClauses_1":["12"],
"labeledSingleVariableTemplatesNumber_RelationalIneqs_splitClauses_0":["1"],
"averagePredicateSize_Mined_splitClauses_0":["10800000"],
"cegarIterationNumber_Unlabeled_splitClauses_0":["10800000"],
"minedBinaryVariableTemplatesNumber_Random_splitClauses_0":["9"],
"labeledTemplateNumber_Mined_splitClauses_1":["10"],
"labeledBinaryVariableTemplatesNumber_Random_splitClauses_0":["9"],
"unlabeledTemplateRelationSymbolNumber_Unlabeled_splitClauses_1":["4"],
"cegarIterationNumber_Mined_splitClauses_0":["10800000"],
"minedTemplateRelationSymbolNumber_Labeled_splitClauses_0":["4"],
"unlabeledBinaryVariableTemplatesNumber_RelationalIneqs_splitClauses_1":["90"],
"unlabeledBinaryVariableTemplatesNumber_Octagon_splitClauses_0":["90"],
"solvability_Mined_splitClauses_0":["10800000"],
"averagePredicateSize_RelationalEqs_splitClauses_0":["10800000"],
"clauseNumberAfterSimplification_Term_splitClauses_0":["21"],
"unlabeledTemplateNumber_Mined_splitClauses_0":["147"],
"relationSymbolNumberAfterSimplification_Random_splitClauses_1":["38"],
"unlabeledTemplateNumber_PredictedCDHG_splitClauses_0":["147"],
"cegarIterationNumber_RelationalIneqs_splitClauses_1":["10800000"],
"minedBinaryVariableTemplatesNumber_Unlabeled_splitClauses_1":["9"],
"labeledTemplateNumber_PredictedCG_splitClauses_1":["10"],
"labeledTemplateRelationSymbolNumber_Mined_splitClauses_0":["2"],
"labeledBinaryVariableTemplatesNumber_Mined_splitClauses_1":["9"],
"relationSymbolNumberBeforeSimplification_Mined_splitClauses_0":["38"],
"relationSymbolNumberBeforeSimplification_RelationalIneqs_splitClauses_0":["38"],
"clauseNumberAfterSimplification_RelationalIneqs_splitClauses_1":["21"],
"minedSingleVariableTemplatesNumber_PredictedCDHG_splitClauses_0":["19"],
"solvability_Labeled_splitClauses_1":["10800000"],
"labeledSingleVariableTemplatesNumber_Octagon_splitClauses_1":["1"],
"averagePredicateSize_Random_splitClauses_0":["10800000"],
"smt2FileSizeByte_RelationalIneqs_splitClauses_0":["7076"],
"generatedPredicateNumber_Unlabeled_splitClauses_0":["10800000"],
"solvability_RelationalEqs_splitClauses_0":["10800000"],
"predicateGeneratorTime_Empty_splitClauses_1":["10800000"],
"minedSingleVariableTemplatesNumber_Mined_splitClauses_0":["19"],
"relationSymbolNumberAfterSimplification_Unlabeled_splitClauses_0":["38"],
"minedTemplateRelationSymbolNumber_PredictedCDHG_splitClauses_1":["4"],
"minedTemplateNumber_PredictedCG_splitClauses_0":["28"],
"averagePredicateSize_RelationalIneqs_splitClauses_1":["10800000"],
"labeledTemplateRelationSymbolNumber_Random_splitClauses_1":["2"],
"minedTemplateNumber_RelationalIneqs_splitClauses_0":["28"],
"predicateGeneratorTime_RelationalIneqs_splitClauses_0":["10800000"],
"labeledTemplateRelationSymbolNumber_Empty_splitClauses_0":["2"],
"minedBinaryVariableTemplatesNumber_Octagon_splitClauses_0":["9"],
"labeledSingleVariableTemplatesNumber_Term_splitClauses_1":["1"],
"labeledBinaryVariableTemplatesNumber_Empty_splitClauses_0":["9"],
"minedTemplateNumber_Octagon_splitClauses_0":["28"],
"labeledBinaryVariableTemplatesNumber_Unlabeled_splitClauses_0":["9"],
"relationSymbolNumberBeforeSimplification_Empty_splitClauses_0":["38"],
"clauseNumberAfterSimplification_PredictedCDHG_splitClauses_0":["21"],
"smt2FileSizeByte_PredictedCG_splitClauses_0":["7076"],
"minedBinaryVariableTemplatesNumber_RelationalEqs_splitClauses_0":["9"],
"relationSymbolNumberBeforeSimplification_Unlabeled_splitClauses_0":["38"],
"labeledTemplateRelationSymbolNumber_RelationalEqs_splitClauses_1":["2"],
"minedBinaryVariableTemplatesNumber_Random_splitClauses_1":["9"],
"clauseNumberAfterSimplification_Unlabeled_splitClauses_1":["21"],
"minedSingleVariableTemplatesNumber_PredictedCDHG_splitClauses_1":["19"],
"labeledBinaryVariableTemplatesNumber_Term_splitClauses_1":["9"],
"clauseNumberBeforeSimplification_Empty_splitClauses_1":["21"],
"relationSymbolNumberAfterSimplification_Octagon_splitClauses_1":["38"],
"relationSymbolNumberAfterSimplification_Term_splitClauses_0":["38"],
"minedBinaryVariableTemplatesNumber_Mined_splitClauses_1":["9"],
"unlabeledBinaryVariableTemplatesNumber_Unlabeled_splitClauses_1":["90"],
"relationSymbolNumberBeforeSimplification_Random_splitClauses_0":["38"],
"relationSymbolNumberAfterSimplification_PredictedCDHG_splitClauses_1":["38"],
"unlabeledTemplateNumber_PredictedCG_splitClauses_1":["147"],
"generatedPredicateNumber_Empty_splitClauses_0":["10800000"],
"predicateGeneratorTime_RelationalIneqs_splitClauses_1":["10800000"],
"unlabeledSingleVariableTemplatesNumber_Empty_splitClauses_0":["57"],
"cegarIterationNumber_Octagon_splitClauses_0":["10800000"],
"clauseNumberAfterSimplification_Octagon_splitClauses_1":["21"],
"unlabeledSingleVariableTemplatesNumber_Labeled_splitClauses_1":["57"],
"clauseNumberBeforeSimplification_Random_splitClauses_1":["21"],
"minedTemplateRelationSymbolNumber_All_splitClauses_0":["4"],
"unlabeledTemplateRelationSymbolNumber_RelationalEqs_splitClauses_0":["4"],
"minedSingleVariableTemplatesNumber_Unlabeled_splitClauses_1":["19"],
"clauseNumberBeforeSimplification_RelationalEqs_splitClauses_0":["21"],
"minedTemplateNumber_Unlabeled_splitClauses_0":["28"],
"generatedPredicateNumber_Octagon_splitClauses_0":["10800000"],
"predicateGeneratorTime_PredictedCDHG_splitClauses_0":["10800000"],
"clauseNumberAfterSimplification_PredictedCG_splitClauses_1":["21"],
"labeledSingleVariableTemplatesNumber_RelationalEqs_splitClauses_1":["1"],
"smt2FileSizeByte_Random_splitClauses_1":["7076"],
"averagePredicateSize_PredictedCG_splitClauses_1":["10800000"],
"cegarIterationNumber_PredictedCDHG_splitClauses_1":["10800000"],
"clauseNumberAfterSimplification_RelationalEqs_splitClauses_1":["21"],
"minedBinaryVariableTemplatesNumber_Empty_splitClauses_1":["9"],
"relationSymbolNumberAfterSimplification_RelationalEqs_splitClauses_1":["38"],
"minedTemplateNumber_PredictedCDHG_splitClauses_0":["28"],
"labeledBinaryVariableTemplatesNumber_All_splitClauses_1":["9"],
"solvingTime_RelationalIneqs_splitClauses_1":["10800000"],
"unlabeledTemplateRelationSymbolNumber_RelationalEqs_splitClauses_1":["4"],
"smt2FileSizeByte_Unlabeled_splitClauses_0":["7076"],
"relationSymbolNumberBeforeSimplification_Mined_splitClauses_1":["38"],
"relationSymbolNumberAfterSimplification_Mined_splitClauses_1":["38"],
"generatedPredicateNumber_All_splitClauses_0":["10800000"],
"relationSymbolNumberBeforeSimplification_Octagon_splitClauses_1":["38"],
"predicateGeneratorTime_Octagon_splitClauses_1":["10800000"],
"solvability_Mined_splitClauses_1":["1"],
"minedTemplateRelationSymbolNumber_Term_splitClauses_1":["4"],
"clauseNumberAfterSimplification_Mined_splitClauses_0":["21"],
"solvability_PredictedCDHG_splitClauses_0":["10800000"],
"solvingTime_Empty_splitClauses_0":["10800000"],
"unlabeledSingleVariableTemplatesNumber_Unlabeled_splitClauses_1":["57"],
"minedTemplateNumber_Term_splitClauses_1":["28"],
"averagePredicateSize_Octagon_splitClauses_1":["10800000"],
"unlabeledSingleVariableTemplatesNumber_Octagon_splitClauses_1":["57"],
"minedTemplateRelationSymbolNumber_RelationalEqs_splitClauses_1":["4"],
"relationSymbolNumberBeforeSimplification_All_splitClauses_1":["38"],
"minedBinaryVariableTemplatesNumber_RelationalIneqs_splitClauses_0":["9"],
"predicateGeneratorTime_Term_splitClauses_1":["10800000"],
"solvingTime_Labeled_splitClauses_0":["10800000"],
"unlabeledBinaryVariableTemplatesNumber_PredictedCG_splitClauses_0":["90"],
"minedTemplateNumber_All_splitClauses_0":["28"],
"predicateGeneratorTime_Labeled_splitClauses_1":["10800000"],
"unlabeledTemplateRelationSymbolNumber_Empty_splitClauses_0":["4"],
"unlabeledTemplateNumber_Mined_splitClauses_1":["147"],
"solvability_PredictedCG_splitClauses_1":["10800000"],
"unlabeledTemplateNumber_Term_splitClauses_0":["147"],
"minedBinaryVariableTemplatesNumber_PredictedCG_splitClauses_1":["9"],
"labeledSingleVariableTemplatesNumber_PredictedCDHG_splitClauses_0":["1"],
"minedBinaryVariableTemplatesNumber_All_splitClauses_0":["9"],
"averagePredicateSize_PredictedCDHG_splitClauses_1":["10800000"],
"predicateGeneratorTime_PredictedCG_splitClauses_0":["10800000"],
"generatedPredicateNumber_RelationalIneqs_splitClauses_0":["10800000"],
"labeledTemplateNumber_Empty_splitClauses_0":["10"],
"relationSymbolNumberAfterSimplification_RelationalIneqs_splitClauses_1":["38"],
"unlabeledTemplateRelationSymbolNumber_Term_splitClauses_0":["4"],
"minedTemplateNumber_All_splitClauses_1":["28"],
"labeledSingleVariableTemplatesNumber_Empty_splitClauses_1":["1"],
"minedBinaryVariableTemplatesNumber_Unlabeled_splitClauses_0":["9"],
"labeledTemplateNumber_Random_splitClauses_0":["10"],
"minedBinaryVariableTemplatesNumber_All_splitClauses_1":["9"],
"unlabeledSingleVariableTemplatesNumber_All_splitClauses_0":["57"],
"relationSymbolNumberBeforeSimplification_Labeled_splitClauses_1":["38"],
"smt2FileSizeByte_PredictedCDHG_splitClauses_1":["7076"],
"labeledBinaryVariableTemplatesNumber_PredictedCDHG_splitClauses_0":["9"],
"averagePredicateSize_RelationalEqs_splitClauses_1":["10800000"],
"minedSingleVariableTemplatesNumber_Term_splitClauses_0":["19"],
"labeledTemplateRelationSymbolNumber_Term_splitClauses_1":["2"],
"generatedPredicateNumber_Random_splitClauses_0":["10800000"],
"labeledBinaryVariableTemplatesNumber_Empty_splitClauses_1":["9"],
"relationSymbolNumberAfterSimplification_Term_splitClauses_1":["38"],
"clauseNumberAfterSimplification_Labeled_splitClauses_0":["21"],
"labeledSingleVariableTemplatesNumber_Labeled_splitClauses_0":["1"],
"minedTemplateNumber_Mined_splitClauses_1":["28"],
"labeledTemplateRelationSymbolNumber_Labeled_splitClauses_0":["2"],
"unlabeledTemplateRelationSymbolNumber_Mined_splitClauses_1":["4"],
"solvability_Labeled_splitClauses_0":["10800000"],
"minedTemplateNumber_RelationalEqs_splitClauses_1":["28"],
"solvingTime_Random_splitClauses_1":["10800000"],
"minedTemplateNumber_Random_splitClauses_0":["28"],
"cegarIterationNumber_Unlabeled_splitClauses_1":["10800000"],
"minedTemplateNumber_RelationalIneqs_splitClauses_1":["28"],
"unlabeledBinaryVariableTemplatesNumber_Octagon_splitClauses_1":["90"],
"minedSingleVariableTemplatesNumber_Octagon_splitClauses_1":["19"],
"minedSingleVariableTemplatesNumber_Random_splitClauses_1":["19"],
"averagePredicateSize_All_splitClauses_1":["10800000"],
"minedTemplateNumber_Empty_splitClauses_0":["28"],
"labeledTemplateNumber_Mined_splitClauses_0":["10"],
"unlabeledBinaryVariableTemplatesNumber_All_splitClauses_0":["90"],
"relationSymbolNumberAfterSimplification_Labeled_splitClauses_1":["38"],
"labeledSingleVariableTemplatesNumber_PredictedCDHG_splitClauses_1":["1"],
"minedSingleVariableTemplatesNumber_Mined_splitClauses_1":["19"],
"labeledTemplateRelationSymbolNumber_Term_splitClauses_0":["2"],
"unlabeledTemplateRelationSymbolNumber_Term_splitClauses_1":["4"],
"predicateGeneratorTime_All_splitClauses_1":["10800000"],
"unlabeledSingleVariableTemplatesNumber_Random_splitClauses_0":["57"],
"predicateGeneratorTime_Unlabeled_splitClauses_1":["10800000"],
"cegarIterationNumber_PredictedCDHG_splitClauses_0":["10800000"],
"labeledTemplateNumber_RelationalEqs_splitClauses_0":["10"],
"labeledTemplateRelationSymbolNumber_Mined_splitClauses_1":["2"],
"labeledTemplateRelationSymbolNumber_Random_splitClauses_0":["2"],
"labeledBinaryVariableTemplatesNumber_RelationalEqs_splitClauses_1":["9"],
"generatedPredicateNumber_RelationalIneqs_splitClauses_1":["10800000"],
"unlabeledTemplateRelationSymbolNumber_PredictedCG_splitClauses_1":["4"],
"unlabeledSingleVariableTemplatesNumber_RelationalEqs_splitClauses_0":["57"],
"labeledBinaryVariableTemplatesNumber_Labeled_splitClauses_0":["9"],
"minedBinaryVariableTemplatesNumber_PredictedCDHG_splitClauses_0":["9"],
"unlabeledTemplateRelationSymbolNumber_Unlabeled_splitClauses_0":["4"],
"clauseNumberAfterSimplification_Term_splitClauses_1":["21"],
"unlabeledTemplateNumber_Octagon_splitClauses_0":["147"],
"unlabeledBinaryVariableTemplatesNumber_RelationalEqs_splitClauses_1":["90"],
"unlabeledTemplateNumber_PredictedCG_splitClauses_0":["147"],
"unlabeledTemplateNumber_All_splitClauses_0":["147"],
"labeledTemplateRelationSymbolNumber_RelationalIneqs_splitClauses_1":["2"],
"unlabeledSingleVariableTemplatesNumber_Mined_splitClauses_1":["57"],
"labeledTemplateRelationSymbolNumber_Unlabeled_splitClauses_1":["2"],
"labeledBinaryVariableTemplatesNumber_Random_splitClauses_1":["9"],
"solvability_Random_splitClauses_1":["10800000"],
"solvingTime_Term_splitClauses_0":["10800000"],
"minedSingleVariableTemplatesNumber_Labeled_splitClauses_1":["19"],
"clauseNumberBeforeSimplification_Term_splitClauses_0":["21"],
"relationSymbolNumberBeforeSimplification_RelationalIneqs_splitClauses_1":["38"],
"minedTemplateRelationSymbolNumber_Mined_splitClauses_0":["4"],
"solvability_Octagon_splitClauses_1":["10800000"],
"minedSingleVariableTemplatesNumber_RelationalIneqs_splitClauses_1":["19"],
"smt2FileSizeByte_Labeled_splitClauses_0":["7076"],
"solvability_RelationalEqs_splitClauses_1":["10800000"],
"unlabeledSingleVariableTemplatesNumber_Empty_splitClauses_1":["57"],
"labeledTemplateNumber_PredictedCDHG_splitClauses_1":["10"],
"minedTemplateRelationSymbolNumber_Octagon_splitClauses_0":["4"],
"clauseNumberAfterSimplification_Unlabeled_splitClauses_0":["21"],
"clauseNumberBeforeSimplification_Unlabeled_splitClauses_0":["21"],
"clauseNumberBeforeSimplification_PredictedCDHG_splitClauses_0":["21"],
"cegarIterationNumber_RelationalIneqs_splitClauses_0":["10800000"],
"labeledTemplateRelationSymbolNumber_RelationalEqs_splitClauses_0":["2"],
"averagePredicateSize_Labeled_splitClauses_0":["10800000"],
"smt2FileSizeByte_RelationalIneqs_splitClauses_1":["7076"],
"clauseNumberBeforeSimplification_RelationalEqs_splitClauses_1":["21"],
"unlabeledTemplateRelationSymbolNumber_RelationalIneqs_splitClauses_1":["4"],
"clauseNumberBeforeSimplification_PredictedCG_splitClauses_0":["21"],
"solvingTime_PredictedCDHG_splitClauses_0":["10800000"],
"labeledTemplateRelationSymbolNumber_Octagon_splitClauses_1":["2"],
"minedTemplateRelationSymbolNumber_PredictedCG_splitClauses_1":["4"],
"relationSymbolNumberBeforeSimplification_RelationalEqs_splitClauses_1":["38"],
"labeledTemplateNumber_Random_splitClauses_1":["10"],
"solvingTime_RelationalIneqs_splitClauses_0":["10800000"],
"labeledTemplateNumber_All_splitClauses_1":["10"],
"unlabeledTemplateNumber_Random_splitClauses_1":["147"],
"relationSymbolNumberBeforeSimplification_All_splitClauses_0":["38"],
"smt2FileSizeByte_Unlabeled_splitClauses_1":["7076"],
"cegarIterationNumber_PredictedCG_splitClauses_0":["10800000"],
"predicateGeneratorTime_Octagon_splitClauses_0":["10800000"],
"unlabeledTemplateNumber_RelationalEqs_splitClauses_1":["147"],
"clauseNumberAfterSimplification_Octagon_splitClauses_0":["21"],
"cegarIterationNumber_Random_splitClauses_0":["10800000"],
"solvability_PredictedCDHG_splitClauses_1":["10800000"],
"solvability_PredictedCG_splitClauses_0":["10800000"],
"solvingTime_PredictedCG_splitClauses_1":["10800000"],
"unlabeledSingleVariableTemplatesNumber_Unlabeled_splitClauses_0":["57"],
"unlabeledTemplateNumber_Unlabeled_splitClauses_0":["147"],
"labeledTemplateRelationSymbolNumber_RelationalIneqs_splitClauses_0":["2"],
"minedTemplateNumber_Random_splitClauses_1":["28"],
"generatedPredicateNumber_RelationalEqs_splitClauses_0":["10800000"],
"minedTemplateNumber_Term_splitClauses_0":["28"],
"solvingTime_All_splitClauses_1":["10800000"],
"minedSingleVariableTemplatesNumber_PredictedCG_splitClauses_0":["19"],
"smt2FileSizeByte_Term_splitClauses_1":["7076"],
"labeledBinaryVariableTemplatesNumber_All_splitClauses_0":["9"],
"minedTemplateNumber_PredictedCDHG_splitClauses_1":["28"],
"minedTemplateRelationSymbolNumber_PredictedCDHG_splitClauses_0":["4"],
"averagePredicateSize_Unlabeled_splitClauses_0":["10800000"],
"minedBinaryVariableTemplatesNumber_Octagon_splitClauses_1":["9"],
"unlabeledSingleVariableTemplatesNumber_Random_splitClauses_1":["57"],
"clauseNumberBeforeSimplification_Random_splitClauses_0":["21"],
"solvingTime_Unlabeled_splitClauses_1":["10800000"],
"predicateGeneratorTime_PredictedCDHG_splitClauses_1":["10800000"],
"averagePredicateSize_PredictedCDHG_splitClauses_0":["10800000"],
"relationSymbolNumberAfterSimplification_RelationalEqs_splitClauses_0":["38"],
"minedBinaryVariableTemplatesNumber_Term_splitClauses_0":["9"],
"labeledTemplateNumber_RelationalIneqs_splitClauses_0":["10"],
"clauseNumberAfterSimplification_Random_splitClauses_0":["21"],
"clauseNumberAfterSimplification_PredictedCG_splitClauses_0":["21"],
"generatedPredicateNumber_Empty_splitClauses_1":["10800000"],
"clauseNumberBeforeSimplification_Octagon_splitClauses_0":["21"],
"unlabeledTemplateNumber_Empty_splitClauses_0":["147"],
"minedSingleVariableTemplatesNumber_All_splitClauses_0":["19"],
"labeledTemplateRelationSymbolNumber_Octagon_splitClauses_0":["2"],
"generatedPredicateNumber_Random_splitClauses_1":["10800000"],
"clauseNumberAfterSimplification_RelationalEqs_splitClauses_0":["21"],
"labeledBinaryVariableTemplatesNumber_Term_splitClauses_0":["9"],
"minedSingleVariableTemplatesNumber_RelationalEqs_splitClauses_0":["19"],
"minedTemplateNumber_Mined_splitClauses_0":["28"],
"relationSymbolNumberBeforeSimplification_PredictedCG_splitClauses_0":["38"],
"averagePredicateSize_Octagon_splitClauses_0":["10800000"],
"unlabeledBinaryVariableTemplatesNumber_Empty_splitClauses_1":["90"],
"unlabeledSingleVariableTemplatesNumber_PredictedCDHG_splitClauses_0":["57"],
"unlabeledSingleVariableTemplatesNumber_PredictedCG_splitClauses_1":["57"],
"labeledTemplateRelationSymbolNumber_Labeled_splitClauses_1":["2"],
"minedTemplateRelationSymbolNumber_Random_splitClauses_0":["4"],
"unlabeledTemplateRelationSymbolNumber_PredictedCG_splitClauses_0":["4"],
"unlabeledTemplateNumber_RelationalIneqs_splitClauses_0":["147"],
"unlabeledSingleVariableTemplatesNumber_Labeled_splitClauses_0":["57"],
"relationSymbolNumberAfterSimplification_PredictedCG_splitClauses_0":["38"],
"minedTemplateNumber_Unlabeled_splitClauses_1":["28"],
"generatedPredicateNumber_PredictedCG_splitClauses_0":["10800000"],
"labeledTemplateNumber_Unlabeled_splitClauses_1":["10"],
"unlabeledTemplateRelationSymbolNumber_Empty_splitClauses_1":["4"],
"clauseNumberBeforeSimplification_Empty_splitClauses_0":["21"],
"solvingTime_Octagon_splitClauses_1":["10800000"],
"cegarIterationNumber_Mined_splitClauses_1":["8"],
"clauseNumberBeforeSimplification_Mined_splitClauses_1":["21"],
"smt2FileSizeByte_PredictedCDHG_splitClauses_0":["7076"],
"averagePredicateSize_PredictedCG_splitClauses_0":["10800000"],
"solvingTime_Random_splitClauses_0":["10800000"],
"minedTemplateNumber_RelationalEqs_splitClauses_0":["28"],
"unlabeledSingleVariableTemplatesNumber_RelationalIneqs_splitClauses_0":["57"],
"unlabeledTemplateNumber_Unlabeled_splitClauses_1":["147"],
"labeledBinaryVariableTemplatesNumber_RelationalEqs_splitClauses_0":["9"],
"generatedPredicateNumber_PredictedCDHG_splitClauses_0":["10800000"],
"relationSymbolNumberAfterSimplification_RelationalIneqs_splitClauses_0":["38"],
"minedTemplateRelationSymbolNumber_Empty_splitClauses_1":["4"],
"predicateGeneratorTime_Random_splitClauses_1":["10800000"],
"labeledTemplateNumber_Term_splitClauses_1":["10"],
"relationSymbolNumberBeforeSimplification_RelationalEqs_splitClauses_0":["38"],
"minedSingleVariableTemplatesNumber_Empty_splitClauses_1":["19"],
"minedSingleVariableTemplatesNumber_RelationalIneqs_splitClauses_0":["19"],
"clauseNumberAfterSimplification_All_splitClauses_0":["21"],
"unlabeledBinaryVariableTemplatesNumber_RelationalEqs_splitClauses_0":["90"],
"cegarIterationNumber_RelationalEqs_splitClauses_0":["10800000"],
"labeledTemplateRelationSymbolNumber_PredictedCDHG_splitClauses_0":["2"],
"labeledSingleVariableTemplatesNumber_Labeled_splitClauses_1":["1"],
"unlabeledBinaryVariableTemplatesNumber_All_splitClauses_1":["90"],
"minedTemplateRelationSymbolNumber_Unlabeled_splitClauses_1":["4"],
"solvingTime_RelationalEqs_splitClauses_0":["10800000"],
"solvingTime_RelationalEqs_splitClauses_1":["10800000"],
"minedBinaryVariableTemplatesNumber_Mined_splitClauses_0":["9"],
"clauseNumberBeforeSimplification_All_splitClauses_0":["21"],
"clauseNumberBeforeSimplification_RelationalIneqs_splitClauses_1":["21"],
"labeledTemplateNumber_RelationalEqs_splitClauses_1":["10"],
"labeledBinaryVariableTemplatesNumber_RelationalIneqs_splitClauses_0":["9"],
"relationSymbolNumberBeforeSimplification_Labeled_splitClauses_0":["38"],
"clauseNumberAfterSimplification_Empty_splitClauses_0":["21"],
"averagePredicateSize_Empty_splitClauses_0":["10800000"],
"unlabeledTemplateNumber_Term_splitClauses_1":["147"],
"predicateGeneratorTime_Mined_splitClauses_1":["468"],
"labeledBinaryVariableTemplatesNumber_RelationalIneqs_splitClauses_1":["9"],
"predicateGeneratorTime_Unlabeled_splitClauses_0":["10800000"],
"relationSymbolNumberAfterSimplification_Empty_splitClauses_0":["38"],
"generatedPredicateNumber_Mined_splitClauses_0":["10800000"],
"generatedPredicateNumber_RelationalEqs_splitClauses_1":["10800000"],
"labeledTemplateRelationSymbolNumber_PredictedCG_splitClauses_0":["2"],
"minedSingleVariableTemplatesNumber_PredictedCG_splitClauses_1":["19"],
"minedTemplateRelationSymbolNumber_PredictedCG_splitClauses_0":["4"],
"unlabeledTemplateRelationSymbolNumber_Labeled_splitClauses_0":["4"],
"solvability_Empty_splitClauses_1":["10800000"],
"averagePredicateSize_Term_splitClauses_0":["10800000"],
"cegarIterationNumber_Random_splitClauses_1":["10800000"],
"averagePredicateSize_Labeled_splitClauses_1":["10800000"],
"unlabeledBinaryVariableTemplatesNumber_Unlabeled_splitClauses_0":["90"],
"generatedPredicateNumber_Unlabeled_splitClauses_1":["10800000"],
"predicateGeneratorTime_All_splitClauses_0":["10800000"],
"unlabeledBinaryVariableTemplatesNumber_PredictedCDHG_splitClauses_1":["90"],
"clauseNumberBeforeSimplification_Labeled_splitClauses_1":["21"],
"minedBinaryVariableTemplatesNumber_Labeled_splitClauses_1":["9"],
"labeledSingleVariableTemplatesNumber_All_splitClauses_0":["1"],
"unlabeledTemplateRelationSymbolNumber_Mined_splitClauses_0":["4"],
"cegarIterationNumber_Octagon_splitClauses_1":["10800000"],
"labeledTemplateNumber_Octagon_splitClauses_0":["10"],
"labeledTemplateRelationSymbolNumber_All_splitClauses_1":["2"],
"smt2FileSizeByte_Empty_splitClauses_0":["7076"],
"unlabeledTemplateNumber_Octagon_splitClauses_1":["147"],
"predicateGeneratorTime_RelationalEqs_splitClauses_0":["10800000"],
"unlabeledTemplateRelationSymbolNumber_RelationalIneqs_splitClauses_0":["4"],
"smt2FileSizeByte_RelationalEqs_splitClauses_1":["7076"],
"unlabeledTemplateNumber_Labeled_splitClauses_0":["147"],
"minedSingleVariableTemplatesNumber_Labeled_splitClauses_0":["19"],
"solvingTime_PredictedCDHG_splitClauses_1":["10800000"],
"relationSymbolNumberBeforeSimplification_Term_splitClauses_1":["38"],
"minedTemplateNumber_Octagon_splitClauses_1":["28"],
"clauseNumberBeforeSimplification_Mined_splitClauses_0":["21"],
"smt2FileSizeByte_All_splitClauses_0":["7076"],
"solvingTime_All_splitClauses_0":["10800000"],
"minedBinaryVariableTemplatesNumber_Term_splitClauses_1":["9"],
"unlabeledTemplateRelationSymbolNumber_Random_splitClauses_0":["4"],
"cegarIterationNumber_All_splitClauses_0":["10800000"],
"smt2FileSizeByte_RelationalEqs_splitClauses_0":["7076"],
"unlabeledSingleVariableTemplatesNumber_PredictedCDHG_splitClauses_1":["57"],
"clauseNumberBeforeSimplification_Labeled_splitClauses_0":["21"],
"cegarIterationNumber_PredictedCG_splitClauses_1":["10800000"],
"labeledTemplateRelationSymbolNumber_Unlabeled_splitClauses_0":["2"],
"unlabeledTemplateRelationSymbolNumber_Octagon_splitClauses_1":["4"],
"unlabeledTemplateNumber_Empty_splitClauses_1":["147"],
"clauseNumberBeforeSimplification_Octagon_splitClauses_1":["21"],
"labeledTemplateNumber_Unlabeled_splitClauses_0":["10"],
"labeledBinaryVariableTemplatesNumber_PredictedCG_splitClauses_0":["9"],
"solvability_Term_splitClauses_1":["10800000"],
"solvability_Octagon_splitClauses_0":["10800000"],
"minedTemplateRelationSymbolNumber_RelationalIneqs_splitClauses_0":["4"],
"clauseNumberBeforeSimplification_RelationalIneqs_splitClauses_0":["21"],
"labeledTemplateNumber_PredictedCG_splitClauses_0":["10"],
"cegarIterationNumber_Labeled_splitClauses_0":["10800000"],
"smt2FileSizeByte_Labeled_splitClauses_1":["7076"],
"clauseNumberBeforeSimplification_Unlabeled_splitClauses_1":["21"],
"generatedPredicateNumber_Term_splitClauses_1":["10800000"],
"solvingTime_Term_splitClauses_1":["10800000"],
"unlabeledBinaryVariableTemplatesNumber_Random_splitClauses_1":["90"],
"unlabeledSingleVariableTemplatesNumber_Octagon_splitClauses_0":["57"],
"solvingTime_Octagon_splitClauses_0":["10800000"],
"labeledSingleVariableTemplatesNumber_Mined_splitClauses_1":["1"],
"averagePredicateSize_Term_splitClauses_1":["10800000"],
"labeledTemplateNumber_Labeled_splitClauses_0":["10"],
"unlabeledSingleVariableTemplatesNumber_PredictedCG_splitClauses_0":["57"],
"smt2FileSizeByte_Mined_splitClauses_1":["7076"],
"labeledBinaryVariableTemplatesNumber_Unlabeled_splitClauses_1":["9"],
"labeledTemplateNumber_All_splitClauses_0":["10"],
"unlabeledTemplateNumber_Random_splitClauses_0":["147"],
"labeledTemplateNumber_Octagon_splitClauses_1":["10"],
"unlabeledTemplateNumber_PredictedCDHG_splitClauses_1":["147"],
"unlabeledBinaryVariableTemplatesNumber_Mined_splitClauses_0":["90"],
"minedTemplateRelationSymbolNumber_Mined_splitClauses_1":["4"],
"labeledTemplateNumber_RelationalIneqs_splitClauses_1":["10"],
"relationSymbolNumberAfterSimplification_All_splitClauses_0":["38"],
"relationSymbolNumberBeforeSimplification_PredictedCDHG_splitClauses_0":["38"],
"solvability_Term_splitClauses_0":["10800000"],
"clauseNumberBeforeSimplification_PredictedCG_splitClauses_1":["21"],
"generatedPredicateNumber_Labeled_splitClauses_1":["10800000"],
"labeledSingleVariableTemplatesNumber_Unlabeled_splitClauses_0":["1"],
"unlabeledBinaryVariableTemplatesNumber_Empty_splitClauses_0":["90"],
"solvingTime_Mined_splitClauses_0":["10800000"],
"unlabeledTemplateNumber_All_splitClauses_1":["147"],
"clauseNumberAfterSimplification_Random_splitClauses_1":["21"],
"labeledBinaryVariableTemplatesNumber_Octagon_splitClauses_1":["9"],
"unlabeledBinaryVariableTemplatesNumber_Labeled_splitClauses_0":["90"],
"smt2FileSizeByte_Octagon_splitClauses_0":["7076"],
"labeledSingleVariableTemplatesNumber_Random_splitClauses_1":["1"],
"solvability_Unlabeled_splitClauses_0":["10800000"],
"solvingTime_Unlabeled_splitClauses_0":["10800000"],
"unlabeledTemplateRelationSymbolNumber_All_splitClauses_1":["4"],
"minedTemplateNumber_Empty_splitClauses_1":["28"],
"solvability_RelationalIneqs_splitClauses_0":["10800000"],
"unlabeledTemplateRelationSymbolNumber_Labeled_splitClauses_1":["4"],
"cegarIterationNumber_RelationalEqs_splitClauses_1":["10800000"],
"minedSingleVariableTemplatesNumber_RelationalEqs_splitClauses_1":["19"],
"clauseNumberAfterSimplification_PredictedCDHG_splitClauses_1":["21"],
"minedBinaryVariableTemplatesNumber_RelationalIneqs_splitClauses_1":["9"],
"unlabeledBinaryVariableTemplatesNumber_Mined_splitClauses_1":["90"],
"unlabeledBinaryVariableTemplatesNumber_PredictedCDHG_splitClauses_0":["90"],
"solvingTime_Empty_splitClauses_1":["10800000"],
"labeledTemplateRelationSymbolNumber_Empty_splitClauses_1":["2"],
"generatedPredicateNumber_Term_splitClauses_0":["10800000"],
"averagePredicateSize_Empty_splitClauses_1":["10800000"],
"generatedPredicateNumber_PredictedCG_splitClauses_1":["10800000"],
"labeledTemplateRelationSymbolNumber_PredictedCDHG_splitClauses_1":["2"],
"predicateGeneratorTime_Mined_splitClauses_0":["10800000"],
"relationSymbolNumberBeforeSimplification_Term_splitClauses_0":["38"],
"predicateGeneratorTime_Labeled_splitClauses_0":["10800000"],
"labeledSingleVariableTemplatesNumber_Random_splitClauses_0":["1"],
"unlabeledTemplateRelationSymbolNumber_All_splitClauses_0":["4"],
"minedBinaryVariableTemplatesNumber_Labeled_splitClauses_0":["9"],
"generatedPredicateNumber_Labeled_splitClauses_0":["10800000"],
"relationSymbolNumberAfterSimplification_Empty_splitClauses_1":["38"],
"solvingTime_Mined_splitClauses_1":["711"],
"minedSingleVariableTemplatesNumber_All_splitClauses_1":["19"],
"predicateGeneratorTime_Random_splitClauses_0":["10800000"],
"cegarIterationNumber_Term_splitClauses_1":["10800000"],
"labeledTemplateNumber_Empty_splitClauses_1":["10"],
"clauseNumberAfterSimplification_Empty_splitClauses_1":["21"],
"minedTemplateRelationSymbolNumber_Empty_splitClauses_0":["4"],
"unlabeledSingleVariableTemplatesNumber_Term_splitClauses_0":["57"],
"minedSingleVariableTemplatesNumber_Empty_splitClauses_0":["19"],
"relationSymbolNumberAfterSimplification_Random_splitClauses_0":["38"],
"minedTemplateRelationSymbolNumber_RelationalEqs_splitClauses_0":["4"],
"cegarIterationNumber_Empty_splitClauses_0":["10800000"],
"minedBinaryVariableTemplatesNumber_RelationalEqs_splitClauses_1":["9"],
"relationSymbolNumberBeforeSimplification_PredictedCG_splitClauses_1":["38"],
"labeledSingleVariableTemplatesNumber_All_splitClauses_1":["1"],
"unlabeledTemplateRelationSymbolNumber_Octagon_splitClauses_0":["4"],
"minedTemplateRelationSymbolNumber_Unlabeled_splitClauses_0":["4"],
"labeledBinaryVariableTemplatesNumber_Mined_splitClauses_0":["9"],
"relationSymbolNumberAfterSimplification_Unlabeled_splitClauses_1":["38"],
"minedTemplateNumber_PredictedCG_splitClauses_1":["28"],
"cegarIterationNumber_Empty_splitClauses_1":["10800000"],
"averagePredicateSize_RelationalIneqs_splitClauses_0":["10800000"],
"solvability_All_splitClauses_1":["10800000"],
"unlabeledBinaryVariableTemplatesNumber_Term_splitClauses_1":["90"],
"minedTemplateRelationSymbolNumber_Labeled_splitClauses_1":["4"],
"averagePredicateSize_Unlabeled_splitClauses_1":["10800000"],
"labeledTemplateNumber_Term_splitClauses_0":["10"],
"smt2FileSizeByte_Empty_splitClauses_1":["7076"],
"solvingTime_PredictedCG_splitClauses_0":["10800000"],
"cegarIterationNumber_All_splitClauses_1":["10800000"],
"clauseNumberBeforeSimplification_Term_splitClauses_1":["21"],
"predicateGeneratorTime_Empty_splitClauses_0":["10800000"],
"relationSymbolNumberBeforeSimplification_Empty_splitClauses_1":["38"],
"averagePredicateSize_All_splitClauses_0":["10800000"],
"unlabeledBinaryVariableTemplatesNumber_Random_splitClauses_0":["90"],
"smt2FileSizeByte_Term_splitClauses_0":["7076"],
"averagePredicateSize_Mined_splitClauses_1":["1"],
"minedBinaryVariableTemplatesNumber_Empty_splitClauses_0":["9"],
"minedTemplateRelationSymbolNumber_All_splitClauses_1":["4"],
"labeledSingleVariableTemplatesNumber_PredictedCG_splitClauses_0":["1"],
"unlabeledBinaryVariableTemplatesNumber_RelationalIneqs_splitClauses_0":["90"],
"unlabeledSingleVariableTemplatesNumber_RelationalIneqs_splitClauses_1":["57"],
"clauseNumberAfterSimplification_RelationalIneqs_splitClauses_0":["21"],
"unlabeledTemplateNumber_RelationalEqs_splitClauses_0":["147"],
"unlabeledTemplateNumber_RelationalIneqs_splitClauses_1":["147"],
"labeledTemplateRelationSymbolNumber_PredictedCG_splitClauses_1":["2"],
"labeledTemplateRelationSymbolNumber_All_splitClauses_0":["2"],
"labeledSingleVariableTemplatesNumber_Octagon_splitClauses_0":["1"],
"dummyFiled":[]
}