{
"cegarIterationNumber_Term_splitClauses_0":[3],
"cegarIterationNumber_RelationalIneqs_splitClauses_1":[0],
"cegarIterationNumber_Octagon_splitClauses_0":[3],
"solvingTime_RelationalIneqs_splitClauses_1":[107],
"solvingTime_Term_splitClauses_0":[2053],
"cegarIterationNumber_RelationalIneqs_splitClauses_0":[3],
"solvingTime_RelationalIneqs_splitClauses_0":[1546],
"solvingTime_Octagon_splitClauses_1":[105],
"cegarIterationNumber_RelationalEqs_splitClauses_0":[3],
"solvingTime_RelationalEqs_splitClauses_0":[1590],
"solvingTime_RelationalEqs_splitClauses_1":[66],
"cegarIterationNumber_Octagon_splitClauses_1":[0],
"solvingTime_Term_splitClauses_1":[61],
"solvingTime_Octagon_splitClauses_0":[1665],
"cegarIterationNumber_RelationalEqs_splitClauses_1":[0],
"cegarIterationNumber_Term_splitClauses_1":[0],
"dummyFiled":[]
}