{
"smt2FileSizeByte_All_splitClauses_1":["298411"],
"generatedPredicateNumber_All_splitClauses_1":["10800000"],
"unlabeledTemplateRelationSymbolNumber_PredictedCDHG_splitClauses_0":["181"],
"relationSymbolNumberBeforeSimplification_Unlabeled_splitClauses_1":["1187"],
"predicateGeneratorTime_Term_splitClauses_0":["10800000"],
"averagePredicateSize_Random_splitClauses_1":["1"],
"labeledBinaryVariableTemplatesNumber_Labeled_splitClauses_1":["16"],
"clauseNumberBeforeSimplification_All_splitClauses_1":["524"],
"minedTemplateRelationSymbolNumber_Term_splitClauses_0":["181"],
"solvingTime_Labeled_splitClauses_1":["694"],
"unlabeledTemplateNumber_Labeled_splitClauses_1":["9543"],
"relationSymbolNumberAfterSimplification_All_splitClauses_1":["1030"],
"minedTemplateRelationSymbolNumber_Octagon_splitClauses_1":["181"],
"clauseNumberAfterSimplification_Mined_splitClauses_1":["506"],
"relationSymbolNumberBeforeSimplification_Octagon_splitClauses_0":["1187"],
"unlabeledBinaryVariableTemplatesNumber_Term_splitClauses_0":["5934"],
"labeledTemplateNumber_PredictedCDHG_splitClauses_0":["16"],
"solvability_Empty_splitClauses_0":["10800000"],
"unlabeledTemplateRelationSymbolNumber_Random_splitClauses_1":["181"],
"labeledBinaryVariableTemplatesNumber_Octagon_splitClauses_0":["16"],
"relationSymbolNumberBeforeSimplification_Random_splitClauses_1":["1187"],
"minedTemplateRelationSymbolNumber_Random_splitClauses_1":["181"],
"unlabeledSingleVariableTemplatesNumber_Mined_splitClauses_0":["3609"],
"unlabeledBinaryVariableTemplatesNumber_PredictedCG_splitClauses_1":["5934"],
"solvability_All_splitClauses_0":["10800000"],
"predicateGeneratorTime_RelationalEqs_splitClauses_1":["296"],
"relationSymbolNumberBeforeSimplification_PredictedCDHG_splitClauses_1":["1187"],
"smt2FileSizeByte_PredictedCG_splitClauses_1":["298411"],
"labeledSingleVariableTemplatesNumber_Unlabeled_splitClauses_1":["0"],
"labeledBinaryVariableTemplatesNumber_PredictedCG_splitClauses_1":["16"],
"minedBinaryVariableTemplatesNumber_PredictedCG_splitClauses_0":["16"],
"solvability_Random_splitClauses_0":["10800000"],
"relationSymbolNumberAfterSimplification_PredictedCG_splitClauses_1":["1030"],
"clauseNumberBeforeSimplification_PredictedCDHG_splitClauses_1":["524"],
"labeledSingleVariableTemplatesNumber_Mined_splitClauses_0":["0"],
"solvability_Unlabeled_splitClauses_1":["1"],
"cegarIterationNumber_Labeled_splitClauses_1":["10"],
"smt2FileSizeByte_Mined_splitClauses_0":["298411"],
"relationSymbolNumberAfterSimplification_Mined_splitClauses_0":["1030"],
"labeledSingleVariableTemplatesNumber_PredictedCG_splitClauses_1":["0"],
"smt2FileSizeByte_Octagon_splitClauses_1":["298411"],
"minedTemplateNumber_Labeled_splitClauses_1":["1285"],
"labeledSingleVariableTemplatesNumber_RelationalIneqs_splitClauses_1":["0"],
"clauseNumberAfterSimplification_Labeled_splitClauses_1":["506"],
"relationSymbolNumberAfterSimplification_Labeled_splitClauses_0":["1030"],
"smt2FileSizeByte_Random_splitClauses_0":["298411"],
"relationSymbolNumberAfterSimplification_PredictedCDHG_splitClauses_0":["1030"],
"unlabeledTemplateRelationSymbolNumber_PredictedCDHG_splitClauses_1":["181"],
"labeledSingleVariableTemplatesNumber_Term_splitClauses_0":["0"],
"generatedPredicateNumber_PredictedCDHG_splitClauses_1":["10800000"],
"minedSingleVariableTemplatesNumber_Unlabeled_splitClauses_0":["1269"],
"generatedPredicateNumber_Octagon_splitClauses_1":["17"],
"labeledSingleVariableTemplatesNumber_RelationalEqs_splitClauses_0":["0"],
"predicateGeneratorTime_PredictedCG_splitClauses_1":["10800000"],
"relationSymbolNumberAfterSimplification_Octagon_splitClauses_0":["1030"],
"labeledTemplateNumber_Labeled_splitClauses_1":["16"],
"labeledSingleVariableTemplatesNumber_Empty_splitClauses_0":["0"],
"minedTemplateRelationSymbolNumber_RelationalIneqs_splitClauses_1":["181"],
"unlabeledSingleVariableTemplatesNumber_All_splitClauses_1":["3609"],
"labeledBinaryVariableTemplatesNumber_PredictedCDHG_splitClauses_1":["16"],
"unlabeledSingleVariableTemplatesNumber_RelationalEqs_splitClauses_1":["3609"],
"cegarIterationNumber_Term_splitClauses_0":["10800000"],
"unlabeledBinaryVariableTemplatesNumber_Labeled_splitClauses_1":["5934"],
"unlabeledSingleVariableTemplatesNumber_Term_splitClauses_1":["3609"],
"clauseNumberAfterSimplification_All_splitClauses_1":["506"],
"minedSingleVariableTemplatesNumber_Random_splitClauses_0":["1269"],
"solvability_RelationalIneqs_splitClauses_1":["1"],
"minedTemplateNumber_Labeled_splitClauses_0":["1285"],
"minedSingleVariableTemplatesNumber_Octagon_splitClauses_0":["1269"],
"minedSingleVariableTemplatesNumber_Term_splitClauses_1":["1269"],
"minedBinaryVariableTemplatesNumber_PredictedCDHG_splitClauses_1":["16"],
"generatedPredicateNumber_Mined_splitClauses_1":["17"],
"labeledSingleVariableTemplatesNumber_RelationalIneqs_splitClauses_0":["0"],
"averagePredicateSize_Mined_splitClauses_0":["10800000"],
"cegarIterationNumber_Unlabeled_splitClauses_0":["10800000"],
"minedBinaryVariableTemplatesNumber_Random_splitClauses_0":["16"],
"labeledTemplateNumber_Mined_splitClauses_1":["16"],
"labeledBinaryVariableTemplatesNumber_Random_splitClauses_0":["16"],
"unlabeledTemplateRelationSymbolNumber_Unlabeled_splitClauses_1":["181"],
"cegarIterationNumber_Mined_splitClauses_0":["10800000"],
"minedTemplateRelationSymbolNumber_Labeled_splitClauses_0":["181"],
"unlabeledBinaryVariableTemplatesNumber_RelationalIneqs_splitClauses_1":["5934"],
"unlabeledBinaryVariableTemplatesNumber_Octagon_splitClauses_0":["5934"],
"solvability_Mined_splitClauses_0":["10800000"],
"averagePredicateSize_RelationalEqs_splitClauses_0":["10800000"],
"clauseNumberAfterSimplification_Term_splitClauses_0":["506"],
"unlabeledTemplateNumber_Mined_splitClauses_0":["9543"],
"relationSymbolNumberAfterSimplification_Random_splitClauses_1":["1030"],
"unlabeledTemplateNumber_PredictedCDHG_splitClauses_0":["9543"],
"cegarIterationNumber_RelationalIneqs_splitClauses_1":["10"],
"minedBinaryVariableTemplatesNumber_Unlabeled_splitClauses_1":["16"],
"labeledTemplateNumber_PredictedCG_splitClauses_1":["16"],
"labeledTemplateRelationSymbolNumber_Mined_splitClauses_0":["8"],
"labeledBinaryVariableTemplatesNumber_Mined_splitClauses_1":["16"],
"relationSymbolNumberBeforeSimplification_Mined_splitClauses_0":["1187"],
"relationSymbolNumberBeforeSimplification_RelationalIneqs_splitClauses_0":["1187"],
"clauseNumberAfterSimplification_RelationalIneqs_splitClauses_1":["506"],
"minedSingleVariableTemplatesNumber_PredictedCDHG_splitClauses_0":["1269"],
"solvability_Labeled_splitClauses_1":["1"],
"labeledSingleVariableTemplatesNumber_Octagon_splitClauses_1":["0"],
"averagePredicateSize_Random_splitClauses_0":["10800000"],
"smt2FileSizeByte_RelationalIneqs_splitClauses_0":["298411"],
"generatedPredicateNumber_Unlabeled_splitClauses_0":["10800000"],
"solvability_RelationalEqs_splitClauses_0":["10800000"],
"predicateGeneratorTime_Empty_splitClauses_1":["323"],
"minedSingleVariableTemplatesNumber_Mined_splitClauses_0":["1269"],
"relationSymbolNumberAfterSimplification_Unlabeled_splitClauses_0":["1030"],
"minedTemplateRelationSymbolNumber_PredictedCDHG_splitClauses_1":["181"],
"minedTemplateNumber_PredictedCG_splitClauses_0":["1285"],
"averagePredicateSize_RelationalIneqs_splitClauses_1":["1"],
"labeledTemplateRelationSymbolNumber_Random_splitClauses_1":["8"],
"minedTemplateNumber_RelationalIneqs_splitClauses_0":["1285"],
"predicateGeneratorTime_RelationalIneqs_splitClauses_0":["10800000"],
"labeledTemplateRelationSymbolNumber_Empty_splitClauses_0":["8"],
"minedBinaryVariableTemplatesNumber_Octagon_splitClauses_0":["16"],
"labeledSingleVariableTemplatesNumber_Term_splitClauses_1":["0"],
"labeledBinaryVariableTemplatesNumber_Empty_splitClauses_0":["16"],
"minedTemplateNumber_Octagon_splitClauses_0":["1285"],
"labeledBinaryVariableTemplatesNumber_Unlabeled_splitClauses_0":["16"],
"relationSymbolNumberBeforeSimplification_Empty_splitClauses_0":["1187"],
"clauseNumberAfterSimplification_PredictedCDHG_splitClauses_0":["506"],
"smt2FileSizeByte_PredictedCG_splitClauses_0":["298411"],
"minedBinaryVariableTemplatesNumber_RelationalEqs_splitClauses_0":["16"],
"relationSymbolNumberBeforeSimplification_Unlabeled_splitClauses_0":["1187"],
"labeledTemplateRelationSymbolNumber_RelationalEqs_splitClauses_1":["8"],
"minedBinaryVariableTemplatesNumber_Random_splitClauses_1":["16"],
"clauseNumberAfterSimplification_Unlabeled_splitClauses_1":["506"],
"minedSingleVariableTemplatesNumber_PredictedCDHG_splitClauses_1":["1269"],
"labeledBinaryVariableTemplatesNumber_Term_splitClauses_1":["16"],
"clauseNumberBeforeSimplification_Empty_splitClauses_1":["524"],
"relationSymbolNumberAfterSimplification_Octagon_splitClauses_1":["1030"],
"relationSymbolNumberAfterSimplification_Term_splitClauses_0":["1030"],
"minedBinaryVariableTemplatesNumber_Mined_splitClauses_1":["16"],
"unlabeledBinaryVariableTemplatesNumber_Unlabeled_splitClauses_1":["5934"],
"relationSymbolNumberBeforeSimplification_Random_splitClauses_0":["1187"],
"relationSymbolNumberAfterSimplification_PredictedCDHG_splitClauses_1":["1030"],
"unlabeledTemplateNumber_PredictedCG_splitClauses_1":["9543"],
"generatedPredicateNumber_Empty_splitClauses_0":["10800000"],
"predicateGeneratorTime_RelationalIneqs_splitClauses_1":["296"],
"unlabeledSingleVariableTemplatesNumber_Empty_splitClauses_0":["3609"],
"cegarIterationNumber_Octagon_splitClauses_0":["10800000"],
"clauseNumberAfterSimplification_Octagon_splitClauses_1":["506"],
"unlabeledSingleVariableTemplatesNumber_Labeled_splitClauses_1":["3609"],
"clauseNumberBeforeSimplification_Random_splitClauses_1":["524"],
"minedTemplateRelationSymbolNumber_All_splitClauses_0":["181"],
"unlabeledTemplateRelationSymbolNumber_RelationalEqs_splitClauses_0":["181"],
"minedSingleVariableTemplatesNumber_Unlabeled_splitClauses_1":["1269"],
"clauseNumberBeforeSimplification_RelationalEqs_splitClauses_0":["524"],
"minedTemplateNumber_Unlabeled_splitClauses_0":["1285"],
"generatedPredicateNumber_Octagon_splitClauses_0":["10800000"],
"predicateGeneratorTime_PredictedCDHG_splitClauses_0":["10800000"],
"clauseNumberAfterSimplification_PredictedCG_splitClauses_1":["506"],
"labeledSingleVariableTemplatesNumber_RelationalEqs_splitClauses_1":["0"],
"smt2FileSizeByte_Random_splitClauses_1":["298411"],
"averagePredicateSize_PredictedCG_splitClauses_1":["10800000"],
"cegarIterationNumber_PredictedCDHG_splitClauses_1":["10800000"],
"clauseNumberAfterSimplification_RelationalEqs_splitClauses_1":["506"],
"minedBinaryVariableTemplatesNumber_Empty_splitClauses_1":["16"],
"relationSymbolNumberAfterSimplification_RelationalEqs_splitClauses_1":["1030"],
"minedTemplateNumber_PredictedCDHG_splitClauses_0":["1285"],
"labeledBinaryVariableTemplatesNumber_All_splitClauses_1":["16"],
"solvingTime_RelationalIneqs_splitClauses_1":["594"],
"unlabeledTemplateRelationSymbolNumber_RelationalEqs_splitClauses_1":["181"],
"smt2FileSizeByte_Unlabeled_splitClauses_0":["298411"],
"relationSymbolNumberBeforeSimplification_Mined_splitClauses_1":["1187"],
"relationSymbolNumberAfterSimplification_Mined_splitClauses_1":["1030"],
"generatedPredicateNumber_All_splitClauses_0":["10800000"],
"relationSymbolNumberBeforeSimplification_Octagon_splitClauses_1":["1187"],
"predicateGeneratorTime_Octagon_splitClauses_1":["446"],
"solvability_Mined_splitClauses_1":["1"],
"minedTemplateRelationSymbolNumber_Term_splitClauses_1":["181"],
"clauseNumberAfterSimplification_Mined_splitClauses_0":["506"],
"solvability_PredictedCDHG_splitClauses_0":["10800000"],
"solvingTime_Empty_splitClauses_0":["10800000"],
"unlabeledSingleVariableTemplatesNumber_Unlabeled_splitClauses_1":["3609"],
"minedTemplateNumber_Term_splitClauses_1":["1285"],
"averagePredicateSize_Octagon_splitClauses_1":["1"],
"unlabeledSingleVariableTemplatesNumber_Octagon_splitClauses_1":["3609"],
"minedTemplateRelationSymbolNumber_RelationalEqs_splitClauses_1":["181"],
"relationSymbolNumberBeforeSimplification_All_splitClauses_1":["1187"],
"minedBinaryVariableTemplatesNumber_RelationalIneqs_splitClauses_0":["16"],
"predicateGeneratorTime_Term_splitClauses_1":["317"],
"solvingTime_Labeled_splitClauses_0":["10800000"],
"unlabeledBinaryVariableTemplatesNumber_PredictedCG_splitClauses_0":["5934"],
"minedTemplateNumber_All_splitClauses_0":["1285"],
"predicateGeneratorTime_Labeled_splitClauses_1":["374"],
"unlabeledTemplateRelationSymbolNumber_Empty_splitClauses_0":["181"],
"unlabeledTemplateNumber_Mined_splitClauses_1":["9543"],
"solvability_PredictedCG_splitClauses_1":["10800000"],
"unlabeledTemplateNumber_Term_splitClauses_0":["9543"],
"minedBinaryVariableTemplatesNumber_PredictedCG_splitClauses_1":["16"],
"labeledSingleVariableTemplatesNumber_PredictedCDHG_splitClauses_0":["0"],
"minedBinaryVariableTemplatesNumber_All_splitClauses_0":["16"],
"averagePredicateSize_PredictedCDHG_splitClauses_1":["10800000"],
"predicateGeneratorTime_PredictedCG_splitClauses_0":["10800000"],
"generatedPredicateNumber_RelationalIneqs_splitClauses_0":["10800000"],
"labeledTemplateNumber_Empty_splitClauses_0":["16"],
"relationSymbolNumberAfterSimplification_RelationalIneqs_splitClauses_1":["1030"],
"unlabeledTemplateRelationSymbolNumber_Term_splitClauses_0":["181"],
"minedTemplateNumber_All_splitClauses_1":["1285"],
"labeledSingleVariableTemplatesNumber_Empty_splitClauses_1":["0"],
"minedBinaryVariableTemplatesNumber_Unlabeled_splitClauses_0":["16"],
"labeledTemplateNumber_Random_splitClauses_0":["16"],
"minedBinaryVariableTemplatesNumber_All_splitClauses_1":["16"],
"unlabeledSingleVariableTemplatesNumber_All_splitClauses_0":["3609"],
"relationSymbolNumberBeforeSimplification_Labeled_splitClauses_1":["1187"],
"smt2FileSizeByte_PredictedCDHG_splitClauses_1":["298411"],
"labeledBinaryVariableTemplatesNumber_PredictedCDHG_splitClauses_0":["16"],
"averagePredicateSize_RelationalEqs_splitClauses_1":["1"],
"minedSingleVariableTemplatesNumber_Term_splitClauses_0":["1269"],
"labeledTemplateRelationSymbolNumber_Term_splitClauses_1":["8"],
"generatedPredicateNumber_Random_splitClauses_0":["10800000"],
"labeledBinaryVariableTemplatesNumber_Empty_splitClauses_1":["16"],
"relationSymbolNumberAfterSimplification_Term_splitClauses_1":["1030"],
"clauseNumberAfterSimplification_Labeled_splitClauses_0":["506"],
"labeledSingleVariableTemplatesNumber_Labeled_splitClauses_0":["0"],
"minedTemplateNumber_Mined_splitClauses_1":["1285"],
"labeledTemplateRelationSymbolNumber_Labeled_splitClauses_0":["8"],
"unlabeledTemplateRelationSymbolNumber_Mined_splitClauses_1":["181"],
"solvability_Labeled_splitClauses_0":["10800000"],
"minedTemplateNumber_RelationalEqs_splitClauses_1":["1285"],
"solvingTime_Random_splitClauses_1":["503"],
"minedTemplateNumber_Random_splitClauses_0":["1285"],
"cegarIterationNumber_Unlabeled_splitClauses_1":["10"],
"minedTemplateNumber_RelationalIneqs_splitClauses_1":["1285"],
"unlabeledBinaryVariableTemplatesNumber_Octagon_splitClauses_1":["5934"],
"minedSingleVariableTemplatesNumber_Octagon_splitClauses_1":["1269"],
"minedSingleVariableTemplatesNumber_Random_splitClauses_1":["1269"],
"averagePredicateSize_All_splitClauses_1":["10800000"],
"minedTemplateNumber_Empty_splitClauses_0":["1285"],
"labeledTemplateNumber_Mined_splitClauses_0":["16"],
"unlabeledBinaryVariableTemplatesNumber_All_splitClauses_0":["5934"],
"relationSymbolNumberAfterSimplification_Labeled_splitClauses_1":["1030"],
"labeledSingleVariableTemplatesNumber_PredictedCDHG_splitClauses_1":["0"],
"minedSingleVariableTemplatesNumber_Mined_splitClauses_1":["1269"],
"labeledTemplateRelationSymbolNumber_Term_splitClauses_0":["8"],
"unlabeledTemplateRelationSymbolNumber_Term_splitClauses_1":["181"],
"predicateGeneratorTime_All_splitClauses_1":["10800000"],
"unlabeledSingleVariableTemplatesNumber_Random_splitClauses_0":["3609"],
"predicateGeneratorTime_Unlabeled_splitClauses_1":["367"],
"cegarIterationNumber_PredictedCDHG_splitClauses_0":["10800000"],
"labeledTemplateNumber_RelationalEqs_splitClauses_0":["16"],
"labeledTemplateRelationSymbolNumber_Mined_splitClauses_1":["8"],
"labeledTemplateRelationSymbolNumber_Random_splitClauses_0":["8"],
"labeledBinaryVariableTemplatesNumber_RelationalEqs_splitClauses_1":["16"],
"generatedPredicateNumber_RelationalIneqs_splitClauses_1":["17"],
"unlabeledTemplateRelationSymbolNumber_PredictedCG_splitClauses_1":["181"],
"unlabeledSingleVariableTemplatesNumber_RelationalEqs_splitClauses_0":["3609"],
"labeledBinaryVariableTemplatesNumber_Labeled_splitClauses_0":["16"],
"minedBinaryVariableTemplatesNumber_PredictedCDHG_splitClauses_0":["16"],
"unlabeledTemplateRelationSymbolNumber_Unlabeled_splitClauses_0":["181"],
"clauseNumberAfterSimplification_Term_splitClauses_1":["506"],
"unlabeledTemplateNumber_Octagon_splitClauses_0":["9543"],
"unlabeledBinaryVariableTemplatesNumber_RelationalEqs_splitClauses_1":["5934"],
"unlabeledTemplateNumber_PredictedCG_splitClauses_0":["9543"],
"unlabeledTemplateNumber_All_splitClauses_0":["9543"],
"labeledTemplateRelationSymbolNumber_RelationalIneqs_splitClauses_1":["8"],
"unlabeledSingleVariableTemplatesNumber_Mined_splitClauses_1":["3609"],
"labeledTemplateRelationSymbolNumber_Unlabeled_splitClauses_1":["8"],
"labeledBinaryVariableTemplatesNumber_Random_splitClauses_1":["16"],
"solvability_Random_splitClauses_1":["1"],
"solvingTime_Term_splitClauses_0":["10800000"],
"minedSingleVariableTemplatesNumber_Labeled_splitClauses_1":["1269"],
"clauseNumberBeforeSimplification_Term_splitClauses_0":["524"],
"relationSymbolNumberBeforeSimplification_RelationalIneqs_splitClauses_1":["1187"],
"minedTemplateRelationSymbolNumber_Mined_splitClauses_0":["181"],
"solvability_Octagon_splitClauses_1":["1"],
"minedSingleVariableTemplatesNumber_RelationalIneqs_splitClauses_1":["1269"],
"smt2FileSizeByte_Labeled_splitClauses_0":["298411"],
"solvability_RelationalEqs_splitClauses_1":["1"],
"unlabeledSingleVariableTemplatesNumber_Empty_splitClauses_1":["3609"],
"labeledTemplateNumber_PredictedCDHG_splitClauses_1":["16"],
"minedTemplateRelationSymbolNumber_Octagon_splitClauses_0":["181"],
"clauseNumberAfterSimplification_Unlabeled_splitClauses_0":["506"],
"clauseNumberBeforeSimplification_Unlabeled_splitClauses_0":["524"],
"clauseNumberBeforeSimplification_PredictedCDHG_splitClauses_0":["524"],
"cegarIterationNumber_RelationalIneqs_splitClauses_0":["10800000"],
"labeledTemplateRelationSymbolNumber_RelationalEqs_splitClauses_0":["8"],
"averagePredicateSize_Labeled_splitClauses_0":["10800000"],
"smt2FileSizeByte_RelationalIneqs_splitClauses_1":["298411"],
"clauseNumberBeforeSimplification_RelationalEqs_splitClauses_1":["524"],
"unlabeledTemplateRelationSymbolNumber_RelationalIneqs_splitClauses_1":["181"],
"clauseNumberBeforeSimplification_PredictedCG_splitClauses_0":["524"],
"solvingTime_PredictedCDHG_splitClauses_0":["10800000"],
"labeledTemplateRelationSymbolNumber_Octagon_splitClauses_1":["8"],
"minedTemplateRelationSymbolNumber_PredictedCG_splitClauses_1":["181"],
"relationSymbolNumberBeforeSimplification_RelationalEqs_splitClauses_1":["1187"],
"labeledTemplateNumber_Random_splitClauses_1":["16"],
"solvingTime_RelationalIneqs_splitClauses_0":["10800000"],
"labeledTemplateNumber_All_splitClauses_1":["16"],
"unlabeledTemplateNumber_Random_splitClauses_1":["9543"],
"relationSymbolNumberBeforeSimplification_All_splitClauses_0":["1187"],
"smt2FileSizeByte_Unlabeled_splitClauses_1":["298411"],
"cegarIterationNumber_PredictedCG_splitClauses_0":["10800000"],
"predicateGeneratorTime_Octagon_splitClauses_0":["10800000"],
"unlabeledTemplateNumber_RelationalEqs_splitClauses_1":["9543"],
"clauseNumberAfterSimplification_Octagon_splitClauses_0":["506"],
"cegarIterationNumber_Random_splitClauses_0":["10800000"],
"solvability_PredictedCDHG_splitClauses_1":["10800000"],
"solvability_PredictedCG_splitClauses_0":["10800000"],
"solvingTime_PredictedCG_splitClauses_1":["10800000"],
"unlabeledSingleVariableTemplatesNumber_Unlabeled_splitClauses_0":["3609"],
"unlabeledTemplateNumber_Unlabeled_splitClauses_0":["9543"],
"labeledTemplateRelationSymbolNumber_RelationalIneqs_splitClauses_0":["8"],
"minedTemplateNumber_Random_splitClauses_1":["1285"],
"generatedPredicateNumber_RelationalEqs_splitClauses_0":["10800000"],
"minedTemplateNumber_Term_splitClauses_0":["1285"],
"solvingTime_All_splitClauses_1":["10800000"],
"minedSingleVariableTemplatesNumber_PredictedCG_splitClauses_0":["1269"],
"smt2FileSizeByte_Term_splitClauses_1":["298411"],
"labeledBinaryVariableTemplatesNumber_All_splitClauses_0":["16"],
"minedTemplateNumber_PredictedCDHG_splitClauses_1":["1285"],
"minedTemplateRelationSymbolNumber_PredictedCDHG_splitClauses_0":["181"],
"averagePredicateSize_Unlabeled_splitClauses_0":["10800000"],
"minedBinaryVariableTemplatesNumber_Octagon_splitClauses_1":["16"],
"unlabeledSingleVariableTemplatesNumber_Random_splitClauses_1":["3609"],
"clauseNumberBeforeSimplification_Random_splitClauses_0":["524"],
"solvingTime_Unlabeled_splitClauses_1":["666"],
"predicateGeneratorTime_PredictedCDHG_splitClauses_1":["10800000"],
"averagePredicateSize_PredictedCDHG_splitClauses_0":["10800000"],
"relationSymbolNumberAfterSimplification_RelationalEqs_splitClauses_0":["1030"],
"minedBinaryVariableTemplatesNumber_Term_splitClauses_0":["16"],
"labeledTemplateNumber_RelationalIneqs_splitClauses_0":["16"],
"clauseNumberAfterSimplification_Random_splitClauses_0":["506"],
"clauseNumberAfterSimplification_PredictedCG_splitClauses_0":["506"],
"generatedPredicateNumber_Empty_splitClauses_1":["17"],
"clauseNumberBeforeSimplification_Octagon_splitClauses_0":["524"],
"unlabeledTemplateNumber_Empty_splitClauses_0":["9543"],
"minedSingleVariableTemplatesNumber_All_splitClauses_0":["1269"],
"labeledTemplateRelationSymbolNumber_Octagon_splitClauses_0":["8"],
"generatedPredicateNumber_Random_splitClauses_1":["17"],
"clauseNumberAfterSimplification_RelationalEqs_splitClauses_0":["506"],
"labeledBinaryVariableTemplatesNumber_Term_splitClauses_0":["16"],
"minedSingleVariableTemplatesNumber_RelationalEqs_splitClauses_0":["1269"],
"minedTemplateNumber_Mined_splitClauses_0":["1285"],
"relationSymbolNumberBeforeSimplification_PredictedCG_splitClauses_0":["1187"],
"averagePredicateSize_Octagon_splitClauses_0":["10800000"],
"unlabeledBinaryVariableTemplatesNumber_Empty_splitClauses_1":["5934"],
"unlabeledSingleVariableTemplatesNumber_PredictedCDHG_splitClauses_0":["3609"],
"unlabeledSingleVariableTemplatesNumber_PredictedCG_splitClauses_1":["3609"],
"labeledTemplateRelationSymbolNumber_Labeled_splitClauses_1":["8"],
"minedTemplateRelationSymbolNumber_Random_splitClauses_0":["181"],
"unlabeledTemplateRelationSymbolNumber_PredictedCG_splitClauses_0":["181"],
"unlabeledTemplateNumber_RelationalIneqs_splitClauses_0":["9543"],
"unlabeledSingleVariableTemplatesNumber_Labeled_splitClauses_0":["3609"],
"relationSymbolNumberAfterSimplification_PredictedCG_splitClauses_0":["1030"],
"minedTemplateNumber_Unlabeled_splitClauses_1":["1285"],
"generatedPredicateNumber_PredictedCG_splitClauses_0":["10800000"],
"labeledTemplateNumber_Unlabeled_splitClauses_1":["16"],
"unlabeledTemplateRelationSymbolNumber_Empty_splitClauses_1":["181"],
"clauseNumberBeforeSimplification_Empty_splitClauses_0":["524"],
"solvingTime_Octagon_splitClauses_1":["845"],
"cegarIterationNumber_Mined_splitClauses_1":["10"],
"clauseNumberBeforeSimplification_Mined_splitClauses_1":["524"],
"smt2FileSizeByte_PredictedCDHG_splitClauses_0":["298411"],
"averagePredicateSize_PredictedCG_splitClauses_0":["10800000"],
"solvingTime_Random_splitClauses_0":["10800000"],
"minedTemplateNumber_RelationalEqs_splitClauses_0":["1285"],
"unlabeledSingleVariableTemplatesNumber_RelationalIneqs_splitClauses_0":["3609"],
"unlabeledTemplateNumber_Unlabeled_splitClauses_1":["9543"],
"labeledBinaryVariableTemplatesNumber_RelationalEqs_splitClauses_0":["16"],
"generatedPredicateNumber_PredictedCDHG_splitClauses_0":["10800000"],
"relationSymbolNumberAfterSimplification_RelationalIneqs_splitClauses_0":["1030"],
"minedTemplateRelationSymbolNumber_Empty_splitClauses_1":["181"],
"predicateGeneratorTime_Random_splitClauses_1":["247"],
"labeledTemplateNumber_Term_splitClauses_1":["16"],
"relationSymbolNumberBeforeSimplification_RelationalEqs_splitClauses_0":["1187"],
"minedSingleVariableTemplatesNumber_Empty_splitClauses_1":["1269"],
"minedSingleVariableTemplatesNumber_RelationalIneqs_splitClauses_0":["1269"],
"clauseNumberAfterSimplification_All_splitClauses_0":["506"],
"unlabeledBinaryVariableTemplatesNumber_RelationalEqs_splitClauses_0":["5934"],
"cegarIterationNumber_RelationalEqs_splitClauses_0":["10800000"],
"labeledTemplateRelationSymbolNumber_PredictedCDHG_splitClauses_0":["8"],
"labeledSingleVariableTemplatesNumber_Labeled_splitClauses_1":["0"],
"unlabeledBinaryVariableTemplatesNumber_All_splitClauses_1":["5934"],
"minedTemplateRelationSymbolNumber_Unlabeled_splitClauses_1":["181"],
"solvingTime_RelationalEqs_splitClauses_0":["10800000"],
"solvingTime_RelationalEqs_splitClauses_1":["569"],
"minedBinaryVariableTemplatesNumber_Mined_splitClauses_0":["16"],
"clauseNumberBeforeSimplification_All_splitClauses_0":["524"],
"clauseNumberBeforeSimplification_RelationalIneqs_splitClauses_1":["524"],
"labeledTemplateNumber_RelationalEqs_splitClauses_1":["16"],
"labeledBinaryVariableTemplatesNumber_RelationalIneqs_splitClauses_0":["16"],
"relationSymbolNumberBeforeSimplification_Labeled_splitClauses_0":["1187"],
"clauseNumberAfterSimplification_Empty_splitClauses_0":["506"],
"averagePredicateSize_Empty_splitClauses_0":["10800000"],
"unlabeledTemplateNumber_Term_splitClauses_1":["9543"],
"predicateGeneratorTime_Mined_splitClauses_1":["341"],
"labeledBinaryVariableTemplatesNumber_RelationalIneqs_splitClauses_1":["16"],
"predicateGeneratorTime_Unlabeled_splitClauses_0":["10800000"],
"relationSymbolNumberAfterSimplification_Empty_splitClauses_0":["1030"],
"generatedPredicateNumber_Mined_splitClauses_0":["10800000"],
"generatedPredicateNumber_RelationalEqs_splitClauses_1":["17"],
"labeledTemplateRelationSymbolNumber_PredictedCG_splitClauses_0":["8"],
"minedSingleVariableTemplatesNumber_PredictedCG_splitClauses_1":["1269"],
"minedTemplateRelationSymbolNumber_PredictedCG_splitClauses_0":["181"],
"unlabeledTemplateRelationSymbolNumber_Labeled_splitClauses_0":["181"],
"solvability_Empty_splitClauses_1":["1"],
"averagePredicateSize_Term_splitClauses_0":["10800000"],
"cegarIterationNumber_Random_splitClauses_1":["10"],
"averagePredicateSize_Labeled_splitClauses_1":["1"],
"unlabeledBinaryVariableTemplatesNumber_Unlabeled_splitClauses_0":["5934"],
"generatedPredicateNumber_Unlabeled_splitClauses_1":["17"],
"predicateGeneratorTime_All_splitClauses_0":["10800000"],
"unlabeledBinaryVariableTemplatesNumber_PredictedCDHG_splitClauses_1":["5934"],
"clauseNumberBeforeSimplification_Labeled_splitClauses_1":["524"],
"minedBinaryVariableTemplatesNumber_Labeled_splitClauses_1":["16"],
"labeledSingleVariableTemplatesNumber_All_splitClauses_0":["0"],
"unlabeledTemplateRelationSymbolNumber_Mined_splitClauses_0":["181"],
"cegarIterationNumber_Octagon_splitClauses_1":["10"],
"labeledTemplateNumber_Octagon_splitClauses_0":["16"],
"labeledTemplateRelationSymbolNumber_All_splitClauses_1":["8"],
"smt2FileSizeByte_Empty_splitClauses_0":["298411"],
"unlabeledTemplateNumber_Octagon_splitClauses_1":["9543"],
"predicateGeneratorTime_RelationalEqs_splitClauses_0":["10800000"],
"unlabeledTemplateRelationSymbolNumber_RelationalIneqs_splitClauses_0":["181"],
"smt2FileSizeByte_RelationalEqs_splitClauses_1":["298411"],
"unlabeledTemplateNumber_Labeled_splitClauses_0":["9543"],
"minedSingleVariableTemplatesNumber_Labeled_splitClauses_0":["1269"],
"solvingTime_PredictedCDHG_splitClauses_1":["10800000"],
"relationSymbolNumberBeforeSimplification_Term_splitClauses_1":["1187"],
"minedTemplateNumber_Octagon_splitClauses_1":["1285"],
"clauseNumberBeforeSimplification_Mined_splitClauses_0":["524"],
"smt2FileSizeByte_All_splitClauses_0":["298411"],
"solvingTime_All_splitClauses_0":["10800000"],
"minedBinaryVariableTemplatesNumber_Term_splitClauses_1":["16"],
"unlabeledTemplateRelationSymbolNumber_Random_splitClauses_0":["181"],
"cegarIterationNumber_All_splitClauses_0":["10800000"],
"smt2FileSizeByte_RelationalEqs_splitClauses_0":["298411"],
"unlabeledSingleVariableTemplatesNumber_PredictedCDHG_splitClauses_1":["3609"],
"clauseNumberBeforeSimplification_Labeled_splitClauses_0":["524"],
"cegarIterationNumber_PredictedCG_splitClauses_1":["10800000"],
"labeledTemplateRelationSymbolNumber_Unlabeled_splitClauses_0":["8"],
"unlabeledTemplateRelationSymbolNumber_Octagon_splitClauses_1":["181"],
"unlabeledTemplateNumber_Empty_splitClauses_1":["9543"],
"clauseNumberBeforeSimplification_Octagon_splitClauses_1":["524"],
"labeledTemplateNumber_Unlabeled_splitClauses_0":["16"],
"labeledBinaryVariableTemplatesNumber_PredictedCG_splitClauses_0":["16"],
"solvability_Term_splitClauses_1":["1"],
"solvability_Octagon_splitClauses_0":["10800000"],
"minedTemplateRelationSymbolNumber_RelationalIneqs_splitClauses_0":["181"],
"clauseNumberBeforeSimplification_RelationalIneqs_splitClauses_0":["524"],
"labeledTemplateNumber_PredictedCG_splitClauses_0":["16"],
"cegarIterationNumber_Labeled_splitClauses_0":["10800000"],
"smt2FileSizeByte_Labeled_splitClauses_1":["298411"],
"clauseNumberBeforeSimplification_Unlabeled_splitClauses_1":["524"],
"generatedPredicateNumber_Term_splitClauses_1":["17"],
"solvingTime_Term_splitClauses_1":["730"],
"unlabeledBinaryVariableTemplatesNumber_Random_splitClauses_1":["5934"],
"unlabeledSingleVariableTemplatesNumber_Octagon_splitClauses_0":["3609"],
"solvingTime_Octagon_splitClauses_0":["10800000"],
"labeledSingleVariableTemplatesNumber_Mined_splitClauses_1":["0"],
"averagePredicateSize_Term_splitClauses_1":["1"],
"labeledTemplateNumber_Labeled_splitClauses_0":["16"],
"unlabeledSingleVariableTemplatesNumber_PredictedCG_splitClauses_0":["3609"],
"smt2FileSizeByte_Mined_splitClauses_1":["298411"],
"labeledBinaryVariableTemplatesNumber_Unlabeled_splitClauses_1":["16"],
"labeledTemplateNumber_All_splitClauses_0":["16"],
"unlabeledTemplateNumber_Random_splitClauses_0":["9543"],
"labeledTemplateNumber_Octagon_splitClauses_1":["16"],
"unlabeledTemplateNumber_PredictedCDHG_splitClauses_1":["9543"],
"unlabeledBinaryVariableTemplatesNumber_Mined_splitClauses_0":["5934"],
"minedTemplateRelationSymbolNumber_Mined_splitClauses_1":["181"],
"labeledTemplateNumber_RelationalIneqs_splitClauses_1":["16"],
"relationSymbolNumberAfterSimplification_All_splitClauses_0":["1030"],
"relationSymbolNumberBeforeSimplification_PredictedCDHG_splitClauses_0":["1187"],
"solvability_Term_splitClauses_0":["10800000"],
"clauseNumberBeforeSimplification_PredictedCG_splitClauses_1":["524"],
"generatedPredicateNumber_Labeled_splitClauses_1":["17"],
"labeledSingleVariableTemplatesNumber_Unlabeled_splitClauses_0":["0"],
"unlabeledBinaryVariableTemplatesNumber_Empty_splitClauses_0":["5934"],
"solvingTime_Mined_splitClauses_0":["10800000"],
"unlabeledTemplateNumber_All_splitClauses_1":["9543"],
"clauseNumberAfterSimplification_Random_splitClauses_1":["506"],
"labeledBinaryVariableTemplatesNumber_Octagon_splitClauses_1":["16"],
"unlabeledBinaryVariableTemplatesNumber_Labeled_splitClauses_0":["5934"],
"smt2FileSizeByte_Octagon_splitClauses_0":["298411"],
"labeledSingleVariableTemplatesNumber_Random_splitClauses_1":["0"],
"solvability_Unlabeled_splitClauses_0":["10800000"],
"solvingTime_Unlabeled_splitClauses_0":["10800000"],
"unlabeledTemplateRelationSymbolNumber_All_splitClauses_1":["181"],
"minedTemplateNumber_Empty_splitClauses_1":["1285"],
"solvability_RelationalIneqs_splitClauses_0":["10800000"],
"unlabeledTemplateRelationSymbolNumber_Labeled_splitClauses_1":["181"],
"cegarIterationNumber_RelationalEqs_splitClauses_1":["10"],
"minedSingleVariableTemplatesNumber_RelationalEqs_splitClauses_1":["1269"],
"clauseNumberAfterSimplification_PredictedCDHG_splitClauses_1":["506"],
"minedBinaryVariableTemplatesNumber_RelationalIneqs_splitClauses_1":["16"],
"unlabeledBinaryVariableTemplatesNumber_Mined_splitClauses_1":["5934"],
"unlabeledBinaryVariableTemplatesNumber_PredictedCDHG_splitClauses_0":["5934"],
"solvingTime_Empty_splitClauses_1":["689"],
"labeledTemplateRelationSymbolNumber_Empty_splitClauses_1":["8"],
"generatedPredicateNumber_Term_splitClauses_0":["10800000"],
"averagePredicateSize_Empty_splitClauses_1":["1"],
"generatedPredicateNumber_PredictedCG_splitClauses_1":["10800000"],
"labeledTemplateRelationSymbolNumber_PredictedCDHG_splitClauses_1":["8"],
"predicateGeneratorTime_Mined_splitClauses_0":["10800000"],
"relationSymbolNumberBeforeSimplification_Term_splitClauses_0":["1187"],
"predicateGeneratorTime_Labeled_splitClauses_0":["10800000"],
"labeledSingleVariableTemplatesNumber_Random_splitClauses_0":["0"],
"unlabeledTemplateRelationSymbolNumber_All_splitClauses_0":["181"],
"minedBinaryVariableTemplatesNumber_Labeled_splitClauses_0":["16"],
"generatedPredicateNumber_Labeled_splitClauses_0":["10800000"],
"relationSymbolNumberAfterSimplification_Empty_splitClauses_1":["1030"],
"solvingTime_Mined_splitClauses_1":["679"],
"minedSingleVariableTemplatesNumber_All_splitClauses_1":["1269"],
"predicateGeneratorTime_Random_splitClauses_0":["10800000"],
"cegarIterationNumber_Term_splitClauses_1":["10"],
"labeledTemplateNumber_Empty_splitClauses_1":["16"],
"clauseNumberAfterSimplification_Empty_splitClauses_1":["506"],
"minedTemplateRelationSymbolNumber_Empty_splitClauses_0":["181"],
"unlabeledSingleVariableTemplatesNumber_Term_splitClauses_0":["3609"],
"minedSingleVariableTemplatesNumber_Empty_splitClauses_0":["1269"],
"relationSymbolNumberAfterSimplification_Random_splitClauses_0":["1030"],
"minedTemplateRelationSymbolNumber_RelationalEqs_splitClauses_0":["181"],
"cegarIterationNumber_Empty_splitClauses_0":["10800000"],
"minedBinaryVariableTemplatesNumber_RelationalEqs_splitClauses_1":["16"],
"relationSymbolNumberBeforeSimplification_PredictedCG_splitClauses_1":["1187"],
"labeledSingleVariableTemplatesNumber_All_splitClauses_1":["0"],
"unlabeledTemplateRelationSymbolNumber_Octagon_splitClauses_0":["181"],
"minedTemplateRelationSymbolNumber_Unlabeled_splitClauses_0":["181"],
"labeledBinaryVariableTemplatesNumber_Mined_splitClauses_0":["16"],
"relationSymbolNumberAfterSimplification_Unlabeled_splitClauses_1":["1030"],
"minedTemplateNumber_PredictedCG_splitClauses_1":["1285"],
"cegarIterationNumber_Empty_splitClauses_1":["10"],
"averagePredicateSize_RelationalIneqs_splitClauses_0":["10800000"],
"solvability_All_splitClauses_1":["10800000"],
"unlabeledBinaryVariableTemplatesNumber_Term_splitClauses_1":["5934"],
"minedTemplateRelationSymbolNumber_Labeled_splitClauses_1":["181"],
"averagePredicateSize_Unlabeled_splitClauses_1":["1"],
"labeledTemplateNumber_Term_splitClauses_0":["16"],
"smt2FileSizeByte_Empty_splitClauses_1":["298411"],
"solvingTime_PredictedCG_splitClauses_0":["10800000"],
"cegarIterationNumber_All_splitClauses_1":["10800000"],
"clauseNumberBeforeSimplification_Term_splitClauses_1":["524"],
"predicateGeneratorTime_Empty_splitClauses_0":["10800000"],
"relationSymbolNumberBeforeSimplification_Empty_splitClauses_1":["1187"],
"averagePredicateSize_All_splitClauses_0":["10800000"],
"unlabeledBinaryVariableTemplatesNumber_Random_splitClauses_0":["5934"],
"smt2FileSizeByte_Term_splitClauses_0":["298411"],
"averagePredicateSize_Mined_splitClauses_1":["1"],
"minedBinaryVariableTemplatesNumber_Empty_splitClauses_0":["16"],
"minedTemplateRelationSymbolNumber_All_splitClauses_1":["181"],
"labeledSingleVariableTemplatesNumber_PredictedCG_splitClauses_0":["0"],
"unlabeledBinaryVariableTemplatesNumber_RelationalIneqs_splitClauses_0":["5934"],
"unlabeledSingleVariableTemplatesNumber_RelationalIneqs_splitClauses_1":["3609"],
"clauseNumberAfterSimplification_RelationalIneqs_splitClauses_0":["506"],
"unlabeledTemplateNumber_RelationalEqs_splitClauses_0":["9543"],
"unlabeledTemplateNumber_RelationalIneqs_splitClauses_1":["9543"],
"labeledTemplateRelationSymbolNumber_PredictedCG_splitClauses_1":["8"],
"labeledTemplateRelationSymbolNumber_All_splitClauses_0":["8"],
"labeledSingleVariableTemplatesNumber_Octagon_splitClauses_0":["0"],
"dummyFiled":[]
}