{
"cegarIterationNumber_Term_splitClauses_0":[7],
"cegarIterationNumber_RelationalIneqs_splitClauses_1":[10800000],
"cegarIterationNumber_Octagon_splitClauses_0":[7],
"solvingTime_RelationalIneqs_splitClauses_1":[10800000],
"solvingTime_Term_splitClauses_0":[32748],
"cegarIterationNumber_RelationalIneqs_splitClauses_0":[7],
"solvingTime_RelationalIneqs_splitClauses_0":[33106],
"solvingTime_Octagon_splitClauses_1":[10800000],
"cegarIterationNumber_RelationalEqs_splitClauses_0":[7],
"solvingTime_RelationalEqs_splitClauses_0":[29394],
"solvingTime_RelationalEqs_splitClauses_1":[10800000],
"cegarIterationNumber_Octagon_splitClauses_1":[10800000],
"solvingTime_Term_splitClauses_1":[10800000],
"solvingTime_Octagon_splitClauses_0":[31231],
"cegarIterationNumber_RelationalEqs_splitClauses_1":[10800000],
"cegarIterationNumber_Term_splitClauses_1":[10800000],
"dummyFiled":[]
}