{
"smt2FileSizeByte_All_splitClauses_1":["898321"],
"generatedPredicateNumber_All_splitClauses_1":["10800000"],
"unlabeledTemplateRelationSymbolNumber_PredictedCDHG_splitClauses_0":["7"],
"relationSymbolNumberBeforeSimplification_Unlabeled_splitClauses_1":["297"],
"predicateGeneratorTime_Term_splitClauses_0":["10800000"],
"averagePredicateSize_Random_splitClauses_1":["1"],
"labeledBinaryVariableTemplatesNumber_Labeled_splitClauses_1":["20"],
"clauseNumberBeforeSimplification_All_splitClauses_1":["147"],
"minedTemplateRelationSymbolNumber_Term_splitClauses_0":["7"],
"solvingTime_Labeled_splitClauses_1":["1919"],
"unlabeledTemplateNumber_Labeled_splitClauses_1":["8751"],
"relationSymbolNumberAfterSimplification_All_splitClauses_1":["60"],
"minedTemplateRelationSymbolNumber_Octagon_splitClauses_1":["7"],
"clauseNumberAfterSimplification_Mined_splitClauses_1":["29"],
"relationSymbolNumberBeforeSimplification_Octagon_splitClauses_0":["297"],
"unlabeledBinaryVariableTemplatesNumber_Term_splitClauses_0":["5820"],
"labeledTemplateNumber_PredictedCDHG_splitClauses_0":["20"],
"solvability_Empty_splitClauses_0":["10800000"],
"unlabeledTemplateRelationSymbolNumber_Random_splitClauses_1":["7"],
"labeledBinaryVariableTemplatesNumber_Octagon_splitClauses_0":["20"],
"relationSymbolNumberBeforeSimplification_Random_splitClauses_1":["297"],
"minedTemplateRelationSymbolNumber_Random_splitClauses_1":["7"],
"unlabeledSingleVariableTemplatesNumber_Mined_splitClauses_0":["2931"],
"unlabeledBinaryVariableTemplatesNumber_PredictedCG_splitClauses_1":["5820"],
"solvability_All_splitClauses_0":["10800000"],
"predicateGeneratorTime_RelationalEqs_splitClauses_1":["997"],
"relationSymbolNumberBeforeSimplification_PredictedCDHG_splitClauses_1":["297"],
"smt2FileSizeByte_PredictedCG_splitClauses_1":["898321"],
"labeledSingleVariableTemplatesNumber_Unlabeled_splitClauses_1":["0"],
"labeledBinaryVariableTemplatesNumber_PredictedCG_splitClauses_1":["20"],
"minedBinaryVariableTemplatesNumber_PredictedCG_splitClauses_0":["20"],
"solvability_Random_splitClauses_0":["10800000"],
"relationSymbolNumberAfterSimplification_PredictedCG_splitClauses_1":["60"],
"clauseNumberBeforeSimplification_PredictedCDHG_splitClauses_1":["147"],
"labeledSingleVariableTemplatesNumber_Mined_splitClauses_0":["0"],
"solvability_Unlabeled_splitClauses_1":["1"],
"cegarIterationNumber_Labeled_splitClauses_1":["11"],
"smt2FileSizeByte_Mined_splitClauses_0":["898321"],
"relationSymbolNumberAfterSimplification_Mined_splitClauses_0":["60"],
"labeledSingleVariableTemplatesNumber_PredictedCG_splitClauses_1":["0"],
"smt2FileSizeByte_Octagon_splitClauses_1":["898321"],
"minedTemplateNumber_Labeled_splitClauses_1":["997"],
"labeledSingleVariableTemplatesNumber_RelationalIneqs_splitClauses_1":["0"],
"clauseNumberAfterSimplification_Labeled_splitClauses_1":["29"],
"relationSymbolNumberAfterSimplification_Labeled_splitClauses_0":["60"],
"smt2FileSizeByte_Random_splitClauses_0":["898321"],
"relationSymbolNumberAfterSimplification_PredictedCDHG_splitClauses_0":["60"],
"unlabeledTemplateRelationSymbolNumber_PredictedCDHG_splitClauses_1":["7"],
"labeledSingleVariableTemplatesNumber_Term_splitClauses_0":["0"],
"generatedPredicateNumber_PredictedCDHG_splitClauses_1":["10800000"],
"minedSingleVariableTemplatesNumber_Unlabeled_splitClauses_0":["977"],
"generatedPredicateNumber_Octagon_splitClauses_1":["35"],
"labeledSingleVariableTemplatesNumber_RelationalEqs_splitClauses_0":["0"],
"predicateGeneratorTime_PredictedCG_splitClauses_1":["10800000"],
"relationSymbolNumberAfterSimplification_Octagon_splitClauses_0":["60"],
"labeledTemplateNumber_Labeled_splitClauses_1":["20"],
"labeledSingleVariableTemplatesNumber_Empty_splitClauses_0":["0"],
"minedTemplateRelationSymbolNumber_RelationalIneqs_splitClauses_1":["7"],
"unlabeledSingleVariableTemplatesNumber_All_splitClauses_1":["2931"],
"labeledBinaryVariableTemplatesNumber_PredictedCDHG_splitClauses_1":["20"],
"unlabeledSingleVariableTemplatesNumber_RelationalEqs_splitClauses_1":["2931"],
"cegarIterationNumber_Term_splitClauses_0":["10800000"],
"unlabeledBinaryVariableTemplatesNumber_Labeled_splitClauses_1":["5820"],
"unlabeledSingleVariableTemplatesNumber_Term_splitClauses_1":["2931"],
"clauseNumberAfterSimplification_All_splitClauses_1":["29"],
"minedSingleVariableTemplatesNumber_Random_splitClauses_0":["977"],
"solvability_RelationalIneqs_splitClauses_1":["1"],
"minedTemplateNumber_Labeled_splitClauses_0":["997"],
"minedSingleVariableTemplatesNumber_Octagon_splitClauses_0":["977"],
"minedSingleVariableTemplatesNumber_Term_splitClauses_1":["977"],
"minedBinaryVariableTemplatesNumber_PredictedCDHG_splitClauses_1":["20"],
"generatedPredicateNumber_Mined_splitClauses_1":["35"],
"labeledSingleVariableTemplatesNumber_RelationalIneqs_splitClauses_0":["0"],
"averagePredicateSize_Mined_splitClauses_0":["10800000"],
"cegarIterationNumber_Unlabeled_splitClauses_0":["10800000"],
"minedBinaryVariableTemplatesNumber_Random_splitClauses_0":["20"],
"labeledTemplateNumber_Mined_splitClauses_1":["20"],
"labeledBinaryVariableTemplatesNumber_Random_splitClauses_0":["20"],
"unlabeledTemplateRelationSymbolNumber_Unlabeled_splitClauses_1":["7"],
"cegarIterationNumber_Mined_splitClauses_0":["10800000"],
"minedTemplateRelationSymbolNumber_Labeled_splitClauses_0":["7"],
"unlabeledBinaryVariableTemplatesNumber_RelationalIneqs_splitClauses_1":["5820"],
"unlabeledBinaryVariableTemplatesNumber_Octagon_splitClauses_0":["5820"],
"solvability_Mined_splitClauses_0":["10800000"],
"averagePredicateSize_RelationalEqs_splitClauses_0":["10800000"],
"clauseNumberAfterSimplification_Term_splitClauses_0":["29"],
"unlabeledTemplateNumber_Mined_splitClauses_0":["8751"],
"relationSymbolNumberAfterSimplification_Random_splitClauses_1":["60"],
"unlabeledTemplateNumber_PredictedCDHG_splitClauses_0":["8751"],
"cegarIterationNumber_RelationalIneqs_splitClauses_1":["11"],
"minedBinaryVariableTemplatesNumber_Unlabeled_splitClauses_1":["20"],
"labeledTemplateNumber_PredictedCG_splitClauses_1":["20"],
"labeledTemplateRelationSymbolNumber_Mined_splitClauses_0":["7"],
"labeledBinaryVariableTemplatesNumber_Mined_splitClauses_1":["20"],
"relationSymbolNumberBeforeSimplification_Mined_splitClauses_0":["297"],
"relationSymbolNumberBeforeSimplification_RelationalIneqs_splitClauses_0":["297"],
"clauseNumberAfterSimplification_RelationalIneqs_splitClauses_1":["29"],
"minedSingleVariableTemplatesNumber_PredictedCDHG_splitClauses_0":["977"],
"solvability_Labeled_splitClauses_1":["1"],
"labeledSingleVariableTemplatesNumber_Octagon_splitClauses_1":["0"],
"averagePredicateSize_Random_splitClauses_0":["10800000"],
"smt2FileSizeByte_RelationalIneqs_splitClauses_0":["898321"],
"generatedPredicateNumber_Unlabeled_splitClauses_0":["10800000"],
"solvability_RelationalEqs_splitClauses_0":["10800000"],
"predicateGeneratorTime_Empty_splitClauses_1":["1535"],
"minedSingleVariableTemplatesNumber_Mined_splitClauses_0":["977"],
"relationSymbolNumberAfterSimplification_Unlabeled_splitClauses_0":["60"],
"minedTemplateRelationSymbolNumber_PredictedCDHG_splitClauses_1":["7"],
"minedTemplateNumber_PredictedCG_splitClauses_0":["997"],
"averagePredicateSize_RelationalIneqs_splitClauses_1":["1"],
"labeledTemplateRelationSymbolNumber_Random_splitClauses_1":["7"],
"minedTemplateNumber_RelationalIneqs_splitClauses_0":["997"],
"predicateGeneratorTime_RelationalIneqs_splitClauses_0":["10800000"],
"labeledTemplateRelationSymbolNumber_Empty_splitClauses_0":["7"],
"minedBinaryVariableTemplatesNumber_Octagon_splitClauses_0":["20"],
"labeledSingleVariableTemplatesNumber_Term_splitClauses_1":["0"],
"labeledBinaryVariableTemplatesNumber_Empty_splitClauses_0":["20"],
"minedTemplateNumber_Octagon_splitClauses_0":["997"],
"labeledBinaryVariableTemplatesNumber_Unlabeled_splitClauses_0":["20"],
"relationSymbolNumberBeforeSimplification_Empty_splitClauses_0":["297"],
"clauseNumberAfterSimplification_PredictedCDHG_splitClauses_0":["29"],
"smt2FileSizeByte_PredictedCG_splitClauses_0":["898321"],
"minedBinaryVariableTemplatesNumber_RelationalEqs_splitClauses_0":["20"],
"relationSymbolNumberBeforeSimplification_Unlabeled_splitClauses_0":["297"],
"labeledTemplateRelationSymbolNumber_RelationalEqs_splitClauses_1":["7"],
"minedBinaryVariableTemplatesNumber_Random_splitClauses_1":["20"],
"clauseNumberAfterSimplification_Unlabeled_splitClauses_1":["29"],
"minedSingleVariableTemplatesNumber_PredictedCDHG_splitClauses_1":["977"],
"labeledBinaryVariableTemplatesNumber_Term_splitClauses_1":["20"],
"clauseNumberBeforeSimplification_Empty_splitClauses_1":["147"],
"relationSymbolNumberAfterSimplification_Octagon_splitClauses_1":["60"],
"relationSymbolNumberAfterSimplification_Term_splitClauses_0":["60"],
"minedBinaryVariableTemplatesNumber_Mined_splitClauses_1":["20"],
"unlabeledBinaryVariableTemplatesNumber_Unlabeled_splitClauses_1":["5820"],
"relationSymbolNumberBeforeSimplification_Random_splitClauses_0":["297"],
"relationSymbolNumberAfterSimplification_PredictedCDHG_splitClauses_1":["60"],
"unlabeledTemplateNumber_PredictedCG_splitClauses_1":["8751"],
"generatedPredicateNumber_Empty_splitClauses_0":["10800000"],
"predicateGeneratorTime_RelationalIneqs_splitClauses_1":["993"],
"unlabeledSingleVariableTemplatesNumber_Empty_splitClauses_0":["2931"],
"cegarIterationNumber_Octagon_splitClauses_0":["10800000"],
"clauseNumberAfterSimplification_Octagon_splitClauses_1":["29"],
"unlabeledSingleVariableTemplatesNumber_Labeled_splitClauses_1":["2931"],
"clauseNumberBeforeSimplification_Random_splitClauses_1":["147"],
"minedTemplateRelationSymbolNumber_All_splitClauses_0":["7"],
"unlabeledTemplateRelationSymbolNumber_RelationalEqs_splitClauses_0":["7"],
"minedSingleVariableTemplatesNumber_Unlabeled_splitClauses_1":["977"],
"clauseNumberBeforeSimplification_RelationalEqs_splitClauses_0":["147"],
"minedTemplateNumber_Unlabeled_splitClauses_0":["997"],
"generatedPredicateNumber_Octagon_splitClauses_0":["10800000"],
"predicateGeneratorTime_PredictedCDHG_splitClauses_0":["10800000"],
"clauseNumberAfterSimplification_PredictedCG_splitClauses_1":["29"],
"labeledSingleVariableTemplatesNumber_RelationalEqs_splitClauses_1":["0"],
"smt2FileSizeByte_Random_splitClauses_1":["898321"],
"averagePredicateSize_PredictedCG_splitClauses_1":["10800000"],
"cegarIterationNumber_PredictedCDHG_splitClauses_1":["10800000"],
"clauseNumberAfterSimplification_RelationalEqs_splitClauses_1":["29"],
"minedBinaryVariableTemplatesNumber_Empty_splitClauses_1":["20"],
"relationSymbolNumberAfterSimplification_RelationalEqs_splitClauses_1":["60"],
"minedTemplateNumber_PredictedCDHG_splitClauses_0":["997"],
"labeledBinaryVariableTemplatesNumber_All_splitClauses_1":["20"],
"solvingTime_RelationalIneqs_splitClauses_1":["1523"],
"unlabeledTemplateRelationSymbolNumber_RelationalEqs_splitClauses_1":["7"],
"smt2FileSizeByte_Unlabeled_splitClauses_0":["898321"],
"relationSymbolNumberBeforeSimplification_Mined_splitClauses_1":["297"],
"relationSymbolNumberAfterSimplification_Mined_splitClauses_1":["60"],
"generatedPredicateNumber_All_splitClauses_0":["10800000"],
"relationSymbolNumberBeforeSimplification_Octagon_splitClauses_1":["297"],
"predicateGeneratorTime_Octagon_splitClauses_1":["1181"],
"solvability_Mined_splitClauses_1":["1"],
"minedTemplateRelationSymbolNumber_Term_splitClauses_1":["7"],
"clauseNumberAfterSimplification_Mined_splitClauses_0":["29"],
"solvability_PredictedCDHG_splitClauses_0":["10800000"],
"solvingTime_Empty_splitClauses_0":["10800000"],
"unlabeledSingleVariableTemplatesNumber_Unlabeled_splitClauses_1":["2931"],
"minedTemplateNumber_Term_splitClauses_1":["997"],
"averagePredicateSize_Octagon_splitClauses_1":["1"],
"unlabeledSingleVariableTemplatesNumber_Octagon_splitClauses_1":["2931"],
"minedTemplateRelationSymbolNumber_RelationalEqs_splitClauses_1":["7"],
"relationSymbolNumberBeforeSimplification_All_splitClauses_1":["297"],
"minedBinaryVariableTemplatesNumber_RelationalIneqs_splitClauses_0":["20"],
"predicateGeneratorTime_Term_splitClauses_1":["1161"],
"solvingTime_Labeled_splitClauses_0":["10800000"],
"unlabeledBinaryVariableTemplatesNumber_PredictedCG_splitClauses_0":["5820"],
"minedTemplateNumber_All_splitClauses_0":["997"],
"predicateGeneratorTime_Labeled_splitClauses_1":["1148"],
"unlabeledTemplateRelationSymbolNumber_Empty_splitClauses_0":["7"],
"unlabeledTemplateNumber_Mined_splitClauses_1":["8751"],
"solvability_PredictedCG_splitClauses_1":["10800000"],
"unlabeledTemplateNumber_Term_splitClauses_0":["8751"],
"minedBinaryVariableTemplatesNumber_PredictedCG_splitClauses_1":["20"],
"labeledSingleVariableTemplatesNumber_PredictedCDHG_splitClauses_0":["0"],
"minedBinaryVariableTemplatesNumber_All_splitClauses_0":["20"],
"averagePredicateSize_PredictedCDHG_splitClauses_1":["10800000"],
"predicateGeneratorTime_PredictedCG_splitClauses_0":["10800000"],
"generatedPredicateNumber_RelationalIneqs_splitClauses_0":["10800000"],
"labeledTemplateNumber_Empty_splitClauses_0":["20"],
"relationSymbolNumberAfterSimplification_RelationalIneqs_splitClauses_1":["60"],
"unlabeledTemplateRelationSymbolNumber_Term_splitClauses_0":["7"],
"minedTemplateNumber_All_splitClauses_1":["997"],
"labeledSingleVariableTemplatesNumber_Empty_splitClauses_1":["0"],
"minedBinaryVariableTemplatesNumber_Unlabeled_splitClauses_0":["20"],
"labeledTemplateNumber_Random_splitClauses_0":["20"],
"minedBinaryVariableTemplatesNumber_All_splitClauses_1":["20"],
"unlabeledSingleVariableTemplatesNumber_All_splitClauses_0":["2931"],
"relationSymbolNumberBeforeSimplification_Labeled_splitClauses_1":["297"],
"smt2FileSizeByte_PredictedCDHG_splitClauses_1":["898321"],
"labeledBinaryVariableTemplatesNumber_PredictedCDHG_splitClauses_0":["20"],
"averagePredicateSize_RelationalEqs_splitClauses_1":["1"],
"minedSingleVariableTemplatesNumber_Term_splitClauses_0":["977"],
"labeledTemplateRelationSymbolNumber_Term_splitClauses_1":["7"],
"generatedPredicateNumber_Random_splitClauses_0":["10800000"],
"labeledBinaryVariableTemplatesNumber_Empty_splitClauses_1":["20"],
"relationSymbolNumberAfterSimplification_Term_splitClauses_1":["60"],
"clauseNumberAfterSimplification_Labeled_splitClauses_0":["29"],
"labeledSingleVariableTemplatesNumber_Labeled_splitClauses_0":["0"],
"minedTemplateNumber_Mined_splitClauses_1":["997"],
"labeledTemplateRelationSymbolNumber_Labeled_splitClauses_0":["7"],
"unlabeledTemplateRelationSymbolNumber_Mined_splitClauses_1":["7"],
"solvability_Labeled_splitClauses_0":["10800000"],
"minedTemplateNumber_RelationalEqs_splitClauses_1":["997"],
"solvingTime_Random_splitClauses_1":["1822"],
"minedTemplateNumber_Random_splitClauses_0":["997"],
"cegarIterationNumber_Unlabeled_splitClauses_1":["11"],
"minedTemplateNumber_RelationalIneqs_splitClauses_1":["997"],
"unlabeledBinaryVariableTemplatesNumber_Octagon_splitClauses_1":["5820"],
"minedSingleVariableTemplatesNumber_Octagon_splitClauses_1":["977"],
"minedSingleVariableTemplatesNumber_Random_splitClauses_1":["977"],
"averagePredicateSize_All_splitClauses_1":["10800000"],
"minedTemplateNumber_Empty_splitClauses_0":["997"],
"labeledTemplateNumber_Mined_splitClauses_0":["20"],
"unlabeledBinaryVariableTemplatesNumber_All_splitClauses_0":["5820"],
"relationSymbolNumberAfterSimplification_Labeled_splitClauses_1":["60"],
"labeledSingleVariableTemplatesNumber_PredictedCDHG_splitClauses_1":["0"],
"minedSingleVariableTemplatesNumber_Mined_splitClauses_1":["977"],
"labeledTemplateRelationSymbolNumber_Term_splitClauses_0":["7"],
"unlabeledTemplateRelationSymbolNumber_Term_splitClauses_1":["7"],
"predicateGeneratorTime_All_splitClauses_1":["10800000"],
"unlabeledSingleVariableTemplatesNumber_Random_splitClauses_0":["2931"],
"predicateGeneratorTime_Unlabeled_splitClauses_1":["1330"],
"cegarIterationNumber_PredictedCDHG_splitClauses_0":["10800000"],
"labeledTemplateNumber_RelationalEqs_splitClauses_0":["20"],
"labeledTemplateRelationSymbolNumber_Mined_splitClauses_1":["7"],
"labeledTemplateRelationSymbolNumber_Random_splitClauses_0":["7"],
"labeledBinaryVariableTemplatesNumber_RelationalEqs_splitClauses_1":["20"],
"generatedPredicateNumber_RelationalIneqs_splitClauses_1":["35"],
"unlabeledTemplateRelationSymbolNumber_PredictedCG_splitClauses_1":["7"],
"unlabeledSingleVariableTemplatesNumber_RelationalEqs_splitClauses_0":["2931"],
"labeledBinaryVariableTemplatesNumber_Labeled_splitClauses_0":["20"],
"minedBinaryVariableTemplatesNumber_PredictedCDHG_splitClauses_0":["20"],
"unlabeledTemplateRelationSymbolNumber_Unlabeled_splitClauses_0":["7"],
"clauseNumberAfterSimplification_Term_splitClauses_1":["29"],
"unlabeledTemplateNumber_Octagon_splitClauses_0":["8751"],
"unlabeledBinaryVariableTemplatesNumber_RelationalEqs_splitClauses_1":["5820"],
"unlabeledTemplateNumber_PredictedCG_splitClauses_0":["8751"],
"unlabeledTemplateNumber_All_splitClauses_0":["8751"],
"labeledTemplateRelationSymbolNumber_RelationalIneqs_splitClauses_1":["7"],
"unlabeledSingleVariableTemplatesNumber_Mined_splitClauses_1":["2931"],
"labeledTemplateRelationSymbolNumber_Unlabeled_splitClauses_1":["7"],
"labeledBinaryVariableTemplatesNumber_Random_splitClauses_1":["20"],
"solvability_Random_splitClauses_1":["1"],
"solvingTime_Term_splitClauses_0":["10800000"],
"minedSingleVariableTemplatesNumber_Labeled_splitClauses_1":["977"],
"clauseNumberBeforeSimplification_Term_splitClauses_0":["147"],
"relationSymbolNumberBeforeSimplification_RelationalIneqs_splitClauses_1":["297"],
"minedTemplateRelationSymbolNumber_Mined_splitClauses_0":["7"],
"solvability_Octagon_splitClauses_1":["1"],
"minedSingleVariableTemplatesNumber_RelationalIneqs_splitClauses_1":["977"],
"smt2FileSizeByte_Labeled_splitClauses_0":["898321"],
"solvability_RelationalEqs_splitClauses_1":["1"],
"unlabeledSingleVariableTemplatesNumber_Empty_splitClauses_1":["2931"],
"labeledTemplateNumber_PredictedCDHG_splitClauses_1":["20"],
"minedTemplateRelationSymbolNumber_Octagon_splitClauses_0":["7"],
"clauseNumberAfterSimplification_Unlabeled_splitClauses_0":["29"],
"clauseNumberBeforeSimplification_Unlabeled_splitClauses_0":["147"],
"clauseNumberBeforeSimplification_PredictedCDHG_splitClauses_0":["147"],
"cegarIterationNumber_RelationalIneqs_splitClauses_0":["10800000"],
"labeledTemplateRelationSymbolNumber_RelationalEqs_splitClauses_0":["7"],
"averagePredicateSize_Labeled_splitClauses_0":["10800000"],
"smt2FileSizeByte_RelationalIneqs_splitClauses_1":["898321"],
"clauseNumberBeforeSimplification_RelationalEqs_splitClauses_1":["147"],
"unlabeledTemplateRelationSymbolNumber_RelationalIneqs_splitClauses_1":["7"],
"clauseNumberBeforeSimplification_PredictedCG_splitClauses_0":["147"],
"solvingTime_PredictedCDHG_splitClauses_0":["10800000"],
"labeledTemplateRelationSymbolNumber_Octagon_splitClauses_1":["7"],
"minedTemplateRelationSymbolNumber_PredictedCG_splitClauses_1":["7"],
"relationSymbolNumberBeforeSimplification_RelationalEqs_splitClauses_1":["297"],
"labeledTemplateNumber_Random_splitClauses_1":["20"],
"solvingTime_RelationalIneqs_splitClauses_0":["10800000"],
"labeledTemplateNumber_All_splitClauses_1":["20"],
"unlabeledTemplateNumber_Random_splitClauses_1":["8751"],
"relationSymbolNumberBeforeSimplification_All_splitClauses_0":["297"],
"smt2FileSizeByte_Unlabeled_splitClauses_1":["898321"],
"cegarIterationNumber_PredictedCG_splitClauses_0":["10800000"],
"predicateGeneratorTime_Octagon_splitClauses_0":["10800000"],
"unlabeledTemplateNumber_RelationalEqs_splitClauses_1":["8751"],
"clauseNumberAfterSimplification_Octagon_splitClauses_0":["29"],
"cegarIterationNumber_Random_splitClauses_0":["10800000"],
"solvability_PredictedCDHG_splitClauses_1":["10800000"],
"solvability_PredictedCG_splitClauses_0":["10800000"],
"solvingTime_PredictedCG_splitClauses_1":["10800000"],
"unlabeledSingleVariableTemplatesNumber_Unlabeled_splitClauses_0":["2931"],
"unlabeledTemplateNumber_Unlabeled_splitClauses_0":["8751"],
"labeledTemplateRelationSymbolNumber_RelationalIneqs_splitClauses_0":["7"],
"minedTemplateNumber_Random_splitClauses_1":["997"],
"generatedPredicateNumber_RelationalEqs_splitClauses_0":["10800000"],
"minedTemplateNumber_Term_splitClauses_0":["997"],
"solvingTime_All_splitClauses_1":["10800000"],
"minedSingleVariableTemplatesNumber_PredictedCG_splitClauses_0":["977"],
"smt2FileSizeByte_Term_splitClauses_1":["898321"],
"labeledBinaryVariableTemplatesNumber_All_splitClauses_0":["20"],
"minedTemplateNumber_PredictedCDHG_splitClauses_1":["997"],
"minedTemplateRelationSymbolNumber_PredictedCDHG_splitClauses_0":["7"],
"averagePredicateSize_Unlabeled_splitClauses_0":["10800000"],
"minedBinaryVariableTemplatesNumber_Octagon_splitClauses_1":["20"],
"unlabeledSingleVariableTemplatesNumber_Random_splitClauses_1":["2931"],
"clauseNumberBeforeSimplification_Random_splitClauses_0":["147"],
"solvingTime_Unlabeled_splitClauses_1":["2252"],
"predicateGeneratorTime_PredictedCDHG_splitClauses_1":["10800000"],
"averagePredicateSize_PredictedCDHG_splitClauses_0":["10800000"],
"relationSymbolNumberAfterSimplification_RelationalEqs_splitClauses_0":["60"],
"minedBinaryVariableTemplatesNumber_Term_splitClauses_0":["20"],
"labeledTemplateNumber_RelationalIneqs_splitClauses_0":["20"],
"clauseNumberAfterSimplification_Random_splitClauses_0":["29"],
"clauseNumberAfterSimplification_PredictedCG_splitClauses_0":["29"],
"generatedPredicateNumber_Empty_splitClauses_1":["35"],
"clauseNumberBeforeSimplification_Octagon_splitClauses_0":["147"],
"unlabeledTemplateNumber_Empty_splitClauses_0":["8751"],
"minedSingleVariableTemplatesNumber_All_splitClauses_0":["977"],
"labeledTemplateRelationSymbolNumber_Octagon_splitClauses_0":["7"],
"generatedPredicateNumber_Random_splitClauses_1":["35"],
"clauseNumberAfterSimplification_RelationalEqs_splitClauses_0":["29"],
"labeledBinaryVariableTemplatesNumber_Term_splitClauses_0":["20"],
"minedSingleVariableTemplatesNumber_RelationalEqs_splitClauses_0":["977"],
"minedTemplateNumber_Mined_splitClauses_0":["997"],
"relationSymbolNumberBeforeSimplification_PredictedCG_splitClauses_0":["297"],
"averagePredicateSize_Octagon_splitClauses_0":["10800000"],
"unlabeledBinaryVariableTemplatesNumber_Empty_splitClauses_1":["5820"],
"unlabeledSingleVariableTemplatesNumber_PredictedCDHG_splitClauses_0":["2931"],
"unlabeledSingleVariableTemplatesNumber_PredictedCG_splitClauses_1":["2931"],
"labeledTemplateRelationSymbolNumber_Labeled_splitClauses_1":["7"],
"minedTemplateRelationSymbolNumber_Random_splitClauses_0":["7"],
"unlabeledTemplateRelationSymbolNumber_PredictedCG_splitClauses_0":["7"],
"unlabeledTemplateNumber_RelationalIneqs_splitClauses_0":["8751"],
"unlabeledSingleVariableTemplatesNumber_Labeled_splitClauses_0":["2931"],
"relationSymbolNumberAfterSimplification_PredictedCG_splitClauses_0":["60"],
"minedTemplateNumber_Unlabeled_splitClauses_1":["997"],
"generatedPredicateNumber_PredictedCG_splitClauses_0":["10800000"],
"labeledTemplateNumber_Unlabeled_splitClauses_1":["20"],
"unlabeledTemplateRelationSymbolNumber_Empty_splitClauses_1":["7"],
"clauseNumberBeforeSimplification_Empty_splitClauses_0":["147"],
"solvingTime_Octagon_splitClauses_1":["1922"],
"cegarIterationNumber_Mined_splitClauses_1":["11"],
"clauseNumberBeforeSimplification_Mined_splitClauses_1":["147"],
"smt2FileSizeByte_PredictedCDHG_splitClauses_0":["898321"],
"averagePredicateSize_PredictedCG_splitClauses_0":["10800000"],
"solvingTime_Random_splitClauses_0":["10800000"],
"minedTemplateNumber_RelationalEqs_splitClauses_0":["997"],
"unlabeledSingleVariableTemplatesNumber_RelationalIneqs_splitClauses_0":["2931"],
"unlabeledTemplateNumber_Unlabeled_splitClauses_1":["8751"],
"labeledBinaryVariableTemplatesNumber_RelationalEqs_splitClauses_0":["20"],
"generatedPredicateNumber_PredictedCDHG_splitClauses_0":["10800000"],
"relationSymbolNumberAfterSimplification_RelationalIneqs_splitClauses_0":["60"],
"minedTemplateRelationSymbolNumber_Empty_splitClauses_1":["7"],
"predicateGeneratorTime_Random_splitClauses_1":["1085"],
"labeledTemplateNumber_Term_splitClauses_1":["20"],
"relationSymbolNumberBeforeSimplification_RelationalEqs_splitClauses_0":["297"],
"minedSingleVariableTemplatesNumber_Empty_splitClauses_1":["977"],
"minedSingleVariableTemplatesNumber_RelationalIneqs_splitClauses_0":["977"],
"clauseNumberAfterSimplification_All_splitClauses_0":["29"],
"unlabeledBinaryVariableTemplatesNumber_RelationalEqs_splitClauses_0":["5820"],
"cegarIterationNumber_RelationalEqs_splitClauses_0":["10800000"],
"labeledTemplateRelationSymbolNumber_PredictedCDHG_splitClauses_0":["7"],
"labeledSingleVariableTemplatesNumber_Labeled_splitClauses_1":["0"],
"unlabeledBinaryVariableTemplatesNumber_All_splitClauses_1":["5820"],
"minedTemplateRelationSymbolNumber_Unlabeled_splitClauses_1":["7"],
"solvingTime_RelationalEqs_splitClauses_0":["10800000"],
"solvingTime_RelationalEqs_splitClauses_1":["1524"],
"minedBinaryVariableTemplatesNumber_Mined_splitClauses_0":["20"],
"clauseNumberBeforeSimplification_All_splitClauses_0":["147"],
"clauseNumberBeforeSimplification_RelationalIneqs_splitClauses_1":["147"],
"labeledTemplateNumber_RelationalEqs_splitClauses_1":["20"],
"labeledBinaryVariableTemplatesNumber_RelationalIneqs_splitClauses_0":["20"],
"relationSymbolNumberBeforeSimplification_Labeled_splitClauses_0":["297"],
"clauseNumberAfterSimplification_Empty_splitClauses_0":["29"],
"averagePredicateSize_Empty_splitClauses_0":["10800000"],
"unlabeledTemplateNumber_Term_splitClauses_1":["8751"],
"predicateGeneratorTime_Mined_splitClauses_1":["1187"],
"labeledBinaryVariableTemplatesNumber_RelationalIneqs_splitClauses_1":["20"],
"predicateGeneratorTime_Unlabeled_splitClauses_0":["10800000"],
"relationSymbolNumberAfterSimplification_Empty_splitClauses_0":["60"],
"generatedPredicateNumber_Mined_splitClauses_0":["10800000"],
"generatedPredicateNumber_RelationalEqs_splitClauses_1":["35"],
"labeledTemplateRelationSymbolNumber_PredictedCG_splitClauses_0":["7"],
"minedSingleVariableTemplatesNumber_PredictedCG_splitClauses_1":["977"],
"minedTemplateRelationSymbolNumber_PredictedCG_splitClauses_0":["7"],
"unlabeledTemplateRelationSymbolNumber_Labeled_splitClauses_0":["7"],
"solvability_Empty_splitClauses_1":["1"],
"averagePredicateSize_Term_splitClauses_0":["10800000"],
"cegarIterationNumber_Random_splitClauses_1":["11"],
"averagePredicateSize_Labeled_splitClauses_1":["1"],
"unlabeledBinaryVariableTemplatesNumber_Unlabeled_splitClauses_0":["5820"],
"generatedPredicateNumber_Unlabeled_splitClauses_1":["35"],
"predicateGeneratorTime_All_splitClauses_0":["10800000"],
"unlabeledBinaryVariableTemplatesNumber_PredictedCDHG_splitClauses_1":["5820"],
"clauseNumberBeforeSimplification_Labeled_splitClauses_1":["147"],
"minedBinaryVariableTemplatesNumber_Labeled_splitClauses_1":["20"],
"labeledSingleVariableTemplatesNumber_All_splitClauses_0":["0"],
"unlabeledTemplateRelationSymbolNumber_Mined_splitClauses_0":["7"],
"cegarIterationNumber_Octagon_splitClauses_1":["11"],
"labeledTemplateNumber_Octagon_splitClauses_0":["20"],
"labeledTemplateRelationSymbolNumber_All_splitClauses_1":["7"],
"smt2FileSizeByte_Empty_splitClauses_0":["898321"],
"unlabeledTemplateNumber_Octagon_splitClauses_1":["8751"],
"predicateGeneratorTime_RelationalEqs_splitClauses_0":["10800000"],
"unlabeledTemplateRelationSymbolNumber_RelationalIneqs_splitClauses_0":["7"],
"smt2FileSizeByte_RelationalEqs_splitClauses_1":["898321"],
"unlabeledTemplateNumber_Labeled_splitClauses_0":["8751"],
"minedSingleVariableTemplatesNumber_Labeled_splitClauses_0":["977"],
"solvingTime_PredictedCDHG_splitClauses_1":["10800000"],
"relationSymbolNumberBeforeSimplification_Term_splitClauses_1":["297"],
"minedTemplateNumber_Octagon_splitClauses_1":["997"],
"clauseNumberBeforeSimplification_Mined_splitClauses_0":["147"],
"smt2FileSizeByte_All_splitClauses_0":["898321"],
"solvingTime_All_splitClauses_0":["10800000"],
"minedBinaryVariableTemplatesNumber_Term_splitClauses_1":["20"],
"unlabeledTemplateRelationSymbolNumber_Random_splitClauses_0":["7"],
"cegarIterationNumber_All_splitClauses_0":["10800000"],
"smt2FileSizeByte_RelationalEqs_splitClauses_0":["898321"],
"unlabeledSingleVariableTemplatesNumber_PredictedCDHG_splitClauses_1":["2931"],
"clauseNumberBeforeSimplification_Labeled_splitClauses_0":["147"],
"cegarIterationNumber_PredictedCG_splitClauses_1":["10800000"],
"labeledTemplateRelationSymbolNumber_Unlabeled_splitClauses_0":["7"],
"unlabeledTemplateRelationSymbolNumber_Octagon_splitClauses_1":["7"],
"unlabeledTemplateNumber_Empty_splitClauses_1":["8751"],
"clauseNumberBeforeSimplification_Octagon_splitClauses_1":["147"],
"labeledTemplateNumber_Unlabeled_splitClauses_0":["20"],
"labeledBinaryVariableTemplatesNumber_PredictedCG_splitClauses_0":["20"],
"solvability_Term_splitClauses_1":["1"],
"solvability_Octagon_splitClauses_0":["10800000"],
"minedTemplateRelationSymbolNumber_RelationalIneqs_splitClauses_0":["7"],
"clauseNumberBeforeSimplification_RelationalIneqs_splitClauses_0":["147"],
"labeledTemplateNumber_PredictedCG_splitClauses_0":["20"],
"cegarIterationNumber_Labeled_splitClauses_0":["10800000"],
"smt2FileSizeByte_Labeled_splitClauses_1":["898321"],
"clauseNumberBeforeSimplification_Unlabeled_splitClauses_1":["147"],
"generatedPredicateNumber_Term_splitClauses_1":["35"],
"solvingTime_Term_splitClauses_1":["1747"],
"unlabeledBinaryVariableTemplatesNumber_Random_splitClauses_1":["5820"],
"unlabeledSingleVariableTemplatesNumber_Octagon_splitClauses_0":["2931"],
"solvingTime_Octagon_splitClauses_0":["10800000"],
"labeledSingleVariableTemplatesNumber_Mined_splitClauses_1":["0"],
"averagePredicateSize_Term_splitClauses_1":["1"],
"labeledTemplateNumber_Labeled_splitClauses_0":["20"],
"unlabeledSingleVariableTemplatesNumber_PredictedCG_splitClauses_0":["2931"],
"smt2FileSizeByte_Mined_splitClauses_1":["898321"],
"labeledBinaryVariableTemplatesNumber_Unlabeled_splitClauses_1":["20"],
"labeledTemplateNumber_All_splitClauses_0":["20"],
"unlabeledTemplateNumber_Random_splitClauses_0":["8751"],
"labeledTemplateNumber_Octagon_splitClauses_1":["20"],
"unlabeledTemplateNumber_PredictedCDHG_splitClauses_1":["8751"],
"unlabeledBinaryVariableTemplatesNumber_Mined_splitClauses_0":["5820"],
"minedTemplateRelationSymbolNumber_Mined_splitClauses_1":["7"],
"labeledTemplateNumber_RelationalIneqs_splitClauses_1":["20"],
"relationSymbolNumberAfterSimplification_All_splitClauses_0":["60"],
"relationSymbolNumberBeforeSimplification_PredictedCDHG_splitClauses_0":["297"],
"solvability_Term_splitClauses_0":["10800000"],
"clauseNumberBeforeSimplification_PredictedCG_splitClauses_1":["147"],
"generatedPredicateNumber_Labeled_splitClauses_1":["35"],
"labeledSingleVariableTemplatesNumber_Unlabeled_splitClauses_0":["0"],
"unlabeledBinaryVariableTemplatesNumber_Empty_splitClauses_0":["5820"],
"solvingTime_Mined_splitClauses_0":["10800000"],
"unlabeledTemplateNumber_All_splitClauses_1":["8751"],
"clauseNumberAfterSimplification_Random_splitClauses_1":["29"],
"labeledBinaryVariableTemplatesNumber_Octagon_splitClauses_1":["20"],
"unlabeledBinaryVariableTemplatesNumber_Labeled_splitClauses_0":["5820"],
"smt2FileSizeByte_Octagon_splitClauses_0":["898321"],
"labeledSingleVariableTemplatesNumber_Random_splitClauses_1":["0"],
"solvability_Unlabeled_splitClauses_0":["10800000"],
"solvingTime_Unlabeled_splitClauses_0":["10800000"],
"unlabeledTemplateRelationSymbolNumber_All_splitClauses_1":["7"],
"minedTemplateNumber_Empty_splitClauses_1":["997"],
"solvability_RelationalIneqs_splitClauses_0":["10800000"],
"unlabeledTemplateRelationSymbolNumber_Labeled_splitClauses_1":["7"],
"cegarIterationNumber_RelationalEqs_splitClauses_1":["11"],
"minedSingleVariableTemplatesNumber_RelationalEqs_splitClauses_1":["977"],
"clauseNumberAfterSimplification_PredictedCDHG_splitClauses_1":["29"],
"minedBinaryVariableTemplatesNumber_RelationalIneqs_splitClauses_1":["20"],
"unlabeledBinaryVariableTemplatesNumber_Mined_splitClauses_1":["5820"],
"unlabeledBinaryVariableTemplatesNumber_PredictedCDHG_splitClauses_0":["5820"],
"solvingTime_Empty_splitClauses_1":["2636"],
"labeledTemplateRelationSymbolNumber_Empty_splitClauses_1":["7"],
"generatedPredicateNumber_Term_splitClauses_0":["10800000"],
"averagePredicateSize_Empty_splitClauses_1":["1"],
"generatedPredicateNumber_PredictedCG_splitClauses_1":["10800000"],
"labeledTemplateRelationSymbolNumber_PredictedCDHG_splitClauses_1":["7"],
"predicateGeneratorTime_Mined_splitClauses_0":["10800000"],
"relationSymbolNumberBeforeSimplification_Term_splitClauses_0":["297"],
"predicateGeneratorTime_Labeled_splitClauses_0":["10800000"],
"labeledSingleVariableTemplatesNumber_Random_splitClauses_0":["0"],
"unlabeledTemplateRelationSymbolNumber_All_splitClauses_0":["7"],
"minedBinaryVariableTemplatesNumber_Labeled_splitClauses_0":["20"],
"generatedPredicateNumber_Labeled_splitClauses_0":["10800000"],
"relationSymbolNumberAfterSimplification_Empty_splitClauses_1":["60"],
"solvingTime_Mined_splitClauses_1":["1888"],
"minedSingleVariableTemplatesNumber_All_splitClauses_1":["977"],
"predicateGeneratorTime_Random_splitClauses_0":["10800000"],
"cegarIterationNumber_Term_splitClauses_1":["11"],
"labeledTemplateNumber_Empty_splitClauses_1":["20"],
"clauseNumberAfterSimplification_Empty_splitClauses_1":["29"],
"minedTemplateRelationSymbolNumber_Empty_splitClauses_0":["7"],
"unlabeledSingleVariableTemplatesNumber_Term_splitClauses_0":["2931"],
"minedSingleVariableTemplatesNumber_Empty_splitClauses_0":["977"],
"relationSymbolNumberAfterSimplification_Random_splitClauses_0":["60"],
"minedTemplateRelationSymbolNumber_RelationalEqs_splitClauses_0":["7"],
"cegarIterationNumber_Empty_splitClauses_0":["10800000"],
"minedBinaryVariableTemplatesNumber_RelationalEqs_splitClauses_1":["20"],
"relationSymbolNumberBeforeSimplification_PredictedCG_splitClauses_1":["297"],
"labeledSingleVariableTemplatesNumber_All_splitClauses_1":["0"],
"unlabeledTemplateRelationSymbolNumber_Octagon_splitClauses_0":["7"],
"minedTemplateRelationSymbolNumber_Unlabeled_splitClauses_0":["7"],
"labeledBinaryVariableTemplatesNumber_Mined_splitClauses_0":["20"],
"relationSymbolNumberAfterSimplification_Unlabeled_splitClauses_1":["60"],
"minedTemplateNumber_PredictedCG_splitClauses_1":["997"],
"cegarIterationNumber_Empty_splitClauses_1":["11"],
"averagePredicateSize_RelationalIneqs_splitClauses_0":["10800000"],
"solvability_All_splitClauses_1":["10800000"],
"unlabeledBinaryVariableTemplatesNumber_Term_splitClauses_1":["5820"],
"minedTemplateRelationSymbolNumber_Labeled_splitClauses_1":["7"],
"averagePredicateSize_Unlabeled_splitClauses_1":["1"],
"labeledTemplateNumber_Term_splitClauses_0":["20"],
"smt2FileSizeByte_Empty_splitClauses_1":["898321"],
"solvingTime_PredictedCG_splitClauses_0":["10800000"],
"cegarIterationNumber_All_splitClauses_1":["10800000"],
"clauseNumberBeforeSimplification_Term_splitClauses_1":["147"],
"predicateGeneratorTime_Empty_splitClauses_0":["10800000"],
"relationSymbolNumberBeforeSimplification_Empty_splitClauses_1":["297"],
"averagePredicateSize_All_splitClauses_0":["10800000"],
"unlabeledBinaryVariableTemplatesNumber_Random_splitClauses_0":["5820"],
"smt2FileSizeByte_Term_splitClauses_0":["898321"],
"averagePredicateSize_Mined_splitClauses_1":["1"],
"minedBinaryVariableTemplatesNumber_Empty_splitClauses_0":["20"],
"minedTemplateRelationSymbolNumber_All_splitClauses_1":["7"],
"labeledSingleVariableTemplatesNumber_PredictedCG_splitClauses_0":["0"],
"unlabeledBinaryVariableTemplatesNumber_RelationalIneqs_splitClauses_0":["5820"],
"unlabeledSingleVariableTemplatesNumber_RelationalIneqs_splitClauses_1":["2931"],
"clauseNumberAfterSimplification_RelationalIneqs_splitClauses_0":["29"],
"unlabeledTemplateNumber_RelationalEqs_splitClauses_0":["8751"],
"unlabeledTemplateNumber_RelationalIneqs_splitClauses_1":["8751"],
"labeledTemplateRelationSymbolNumber_PredictedCG_splitClauses_1":["7"],
"labeledTemplateRelationSymbolNumber_All_splitClauses_0":["7"],
"labeledSingleVariableTemplatesNumber_Octagon_splitClauses_0":["0"],
"dummyFiled":[]
}