{
"cegarIterationNumber_Term_splitClauses_0":[10800000],
"cegarIterationNumber_RelationalIneqs_splitClauses_1":[102],
"cegarIterationNumber_Octagon_splitClauses_0":[10800000],
"solvingTime_RelationalIneqs_splitClauses_1":[12250],
"solvingTime_Term_splitClauses_0":[10800000],
"cegarIterationNumber_RelationalIneqs_splitClauses_0":[10800000],
"solvingTime_RelationalIneqs_splitClauses_0":[10800000],
"solvingTime_Octagon_splitClauses_1":[11375],
"cegarIterationNumber_RelationalEqs_splitClauses_0":[10800000],
"solvingTime_RelationalEqs_splitClauses_0":[10800000],
"solvingTime_RelationalEqs_splitClauses_1":[11959],
"cegarIterationNumber_Octagon_splitClauses_1":[102],
"solvingTime_Term_splitClauses_1":[12898],
"solvingTime_Octagon_splitClauses_0":[10800000],
"cegarIterationNumber_RelationalEqs_splitClauses_1":[102],
"cegarIterationNumber_Term_splitClauses_1":[102],
"dummyFiled":[]
}