{
"smt2FileSizeByte_All_splitClauses_1":["84136"],
"generatedPredicateNumber_All_splitClauses_1":["10800000"],
"unlabeledTemplateRelationSymbolNumber_PredictedCDHG_splitClauses_0":["39"],
"predicateGeneratorTime_Term_splitClauses_0":["10800000"],
"averagePredicateSize_Random_splitClauses_1":["10800000"],
"labeledBinaryVariableTemplatesNumber_Labeled_splitClauses_1":["20"],
"clauseNumberBeforeSimplification_All_splitClauses_1":["157"],
"minedTemplateRelationSymbolNumber_Term_splitClauses_0":["39"],
"solvingTime_Labeled_splitClauses_1":["10800000"],
"unlabeledTemplateNumber_Labeled_splitClauses_1":["1664"],
"relationSymbolNumber_Term_splitClauses_1":["381"],
"minedTemplateRelationSymbolNumber_Octagon_splitClauses_1":["39"],
"clauseNumberAfterSimplification_Mined_splitClauses_1":["183"],
"unlabeledBinaryVariableTemplatesNumber_Term_splitClauses_0":["1020"],
"labeledTemplateNumber_PredictedCDHG_splitClauses_0":["21"],
"relationSymbolNumber_RelationalEqs_splitClauses_1":["381"],
"solvability_Empty_splitClauses_0":["10800000"],
"unlabeledTemplateRelationSymbolNumber_Random_splitClauses_1":["39"],
"labeledBinaryVariableTemplatesNumber_Octagon_splitClauses_0":["20"],
"minedTemplateRelationSymbolNumber_Random_splitClauses_1":["39"],
"unlabeledSingleVariableTemplatesNumber_Mined_splitClauses_0":["644"],
"unlabeledBinaryVariableTemplatesNumber_PredictedCG_splitClauses_1":["1020"],
"solvability_All_splitClauses_0":["10800000"],
"predicateGeneratorTime_RelationalEqs_splitClauses_1":["10800000"],
"smt2FileSizeByte_PredictedCG_splitClauses_1":["84136"],
"labeledSingleVariableTemplatesNumber_Unlabeled_splitClauses_1":["1"],
"labeledBinaryVariableTemplatesNumber_PredictedCG_splitClauses_1":["20"],
"minedBinaryVariableTemplatesNumber_PredictedCG_splitClauses_0":["20"],
"solvability_Random_splitClauses_0":["10800000"],
"clauseNumberBeforeSimplification_PredictedCDHG_splitClauses_1":["157"],
"labeledSingleVariableTemplatesNumber_Mined_splitClauses_0":["1"],
"solvability_Unlabeled_splitClauses_1":["10800000"],
"cegarIterationNumber_Labeled_splitClauses_1":["10800000"],
"smt2FileSizeByte_Mined_splitClauses_0":["84136"],
"labeledSingleVariableTemplatesNumber_PredictedCG_splitClauses_1":["1"],
"smt2FileSizeByte_Octagon_splitClauses_1":["84136"],
"minedTemplateNumber_Labeled_splitClauses_1":["246"],
"labeledSingleVariableTemplatesNumber_RelationalIneqs_splitClauses_1":["1"],
"clauseNumberAfterSimplification_Labeled_splitClauses_1":["183"],
"smt2FileSizeByte_Random_splitClauses_0":["84136"],
"unlabeledTemplateRelationSymbolNumber_PredictedCDHG_splitClauses_1":["39"],
"labeledSingleVariableTemplatesNumber_Term_splitClauses_0":["1"],
"generatedPredicateNumber_PredictedCDHG_splitClauses_1":["10800000"],
"minedSingleVariableTemplatesNumber_Unlabeled_splitClauses_0":["226"],
"generatedPredicateNumber_Octagon_splitClauses_1":["10800000"],
"labeledSingleVariableTemplatesNumber_RelationalEqs_splitClauses_0":["1"],
"predicateGeneratorTime_PredictedCG_splitClauses_1":["10800000"],
"labeledTemplateNumber_Labeled_splitClauses_1":["21"],
"labeledSingleVariableTemplatesNumber_Empty_splitClauses_0":["1"],
"minedTemplateRelationSymbolNumber_RelationalIneqs_splitClauses_1":["39"],
"unlabeledSingleVariableTemplatesNumber_All_splitClauses_1":["644"],
"labeledBinaryVariableTemplatesNumber_PredictedCDHG_splitClauses_1":["20"],
"unlabeledSingleVariableTemplatesNumber_RelationalEqs_splitClauses_1":["644"],
"cegarIterationNumber_Term_splitClauses_0":["10800000"],
"unlabeledBinaryVariableTemplatesNumber_Labeled_splitClauses_1":["1020"],
"unlabeledSingleVariableTemplatesNumber_Term_splitClauses_1":["644"],
"clauseNumberAfterSimplification_All_splitClauses_1":["183"],
"minedSingleVariableTemplatesNumber_Random_splitClauses_0":["226"],
"solvability_RelationalIneqs_splitClauses_1":["10800000"],
"minedTemplateNumber_Labeled_splitClauses_0":["246"],
"minedSingleVariableTemplatesNumber_Octagon_splitClauses_0":["226"],
"minedSingleVariableTemplatesNumber_Term_splitClauses_1":["226"],
"minedBinaryVariableTemplatesNumber_PredictedCDHG_splitClauses_1":["20"],
"generatedPredicateNumber_Mined_splitClauses_1":["21"],
"relationSymbolNumber_Octagon_splitClauses_1":["381"],
"relationSymbolNumber_Unlabeled_splitClauses_1":["381"],
"labeledSingleVariableTemplatesNumber_RelationalIneqs_splitClauses_0":["1"],
"averagePredicateSize_Mined_splitClauses_0":["10800000"],
"cegarIterationNumber_Unlabeled_splitClauses_0":["10800000"],
"minedBinaryVariableTemplatesNumber_Random_splitClauses_0":["20"],
"labeledTemplateNumber_Mined_splitClauses_1":["21"],
"labeledBinaryVariableTemplatesNumber_Random_splitClauses_0":["20"],
"unlabeledTemplateRelationSymbolNumber_Unlabeled_splitClauses_1":["39"],
"cegarIterationNumber_Mined_splitClauses_0":["10800000"],
"minedTemplateRelationSymbolNumber_Labeled_splitClauses_0":["39"],
"unlabeledBinaryVariableTemplatesNumber_RelationalIneqs_splitClauses_1":["1020"],
"unlabeledBinaryVariableTemplatesNumber_Octagon_splitClauses_0":["1020"],
"solvability_Mined_splitClauses_0":["10800000"],
"averagePredicateSize_RelationalEqs_splitClauses_0":["10800000"],
"clauseNumberAfterSimplification_Term_splitClauses_0":["183"],
"unlabeledTemplateNumber_Mined_splitClauses_0":["1664"],
"unlabeledTemplateNumber_PredictedCDHG_splitClauses_0":["1664"],
"cegarIterationNumber_RelationalIneqs_splitClauses_1":["10800000"],
"minedBinaryVariableTemplatesNumber_Unlabeled_splitClauses_1":["20"],
"labeledTemplateNumber_PredictedCG_splitClauses_1":["21"],
"labeledTemplateRelationSymbolNumber_Mined_splitClauses_0":["11"],
"labeledBinaryVariableTemplatesNumber_Mined_splitClauses_1":["20"],
"clauseNumberAfterSimplification_RelationalIneqs_splitClauses_1":["183"],
"minedSingleVariableTemplatesNumber_PredictedCDHG_splitClauses_0":["226"],
"solvability_Labeled_splitClauses_1":["10800000"],
"labeledSingleVariableTemplatesNumber_Octagon_splitClauses_1":["1"],
"averagePredicateSize_Random_splitClauses_0":["10800000"],
"smt2FileSizeByte_RelationalIneqs_splitClauses_0":["84136"],
"generatedPredicateNumber_Unlabeled_splitClauses_0":["10800000"],
"solvability_RelationalEqs_splitClauses_0":["10800000"],
"predicateGeneratorTime_Empty_splitClauses_1":["10800000"],
"minedSingleVariableTemplatesNumber_Mined_splitClauses_0":["226"],
"minedTemplateRelationSymbolNumber_PredictedCDHG_splitClauses_1":["39"],
"minedTemplateNumber_PredictedCG_splitClauses_0":["246"],
"averagePredicateSize_RelationalIneqs_splitClauses_1":["10800000"],
"labeledTemplateRelationSymbolNumber_Random_splitClauses_1":["11"],
"minedTemplateNumber_RelationalIneqs_splitClauses_0":["246"],
"predicateGeneratorTime_RelationalIneqs_splitClauses_0":["10800000"],
"labeledTemplateRelationSymbolNumber_Empty_splitClauses_0":["11"],
"minedBinaryVariableTemplatesNumber_Octagon_splitClauses_0":["20"],
"relationSymbolNumber_Labeled_splitClauses_0":["381"],
"labeledSingleVariableTemplatesNumber_Term_splitClauses_1":["1"],
"labeledBinaryVariableTemplatesNumber_Empty_splitClauses_0":["20"],
"minedTemplateNumber_Octagon_splitClauses_0":["246"],
"labeledBinaryVariableTemplatesNumber_Unlabeled_splitClauses_0":["20"],
"clauseNumberAfterSimplification_PredictedCDHG_splitClauses_0":["183"],
"smt2FileSizeByte_PredictedCG_splitClauses_0":["84136"],
"minedBinaryVariableTemplatesNumber_RelationalEqs_splitClauses_0":["20"],
"labeledTemplateRelationSymbolNumber_RelationalEqs_splitClauses_1":["11"],
"minedBinaryVariableTemplatesNumber_Random_splitClauses_1":["20"],
"clauseNumberAfterSimplification_Unlabeled_splitClauses_1":["183"],
"minedSingleVariableTemplatesNumber_PredictedCDHG_splitClauses_1":["226"],
"labeledBinaryVariableTemplatesNumber_Term_splitClauses_1":["20"],
"clauseNumberBeforeSimplification_Empty_splitClauses_1":["157"],
"minedBinaryVariableTemplatesNumber_Mined_splitClauses_1":["20"],
"unlabeledBinaryVariableTemplatesNumber_Unlabeled_splitClauses_1":["1020"],
"unlabeledTemplateNumber_PredictedCG_splitClauses_1":["1664"],
"generatedPredicateNumber_Empty_splitClauses_0":["10800000"],
"predicateGeneratorTime_RelationalIneqs_splitClauses_1":["10800000"],
"unlabeledSingleVariableTemplatesNumber_Empty_splitClauses_0":["644"],
"cegarIterationNumber_Octagon_splitClauses_0":["10800000"],
"clauseNumberAfterSimplification_Octagon_splitClauses_1":["183"],
"unlabeledSingleVariableTemplatesNumber_Labeled_splitClauses_1":["644"],
"clauseNumberBeforeSimplification_Random_splitClauses_1":["157"],
"minedTemplateRelationSymbolNumber_All_splitClauses_0":["39"],
"unlabeledTemplateRelationSymbolNumber_RelationalEqs_splitClauses_0":["39"],
"minedSingleVariableTemplatesNumber_Unlabeled_splitClauses_1":["226"],
"clauseNumberBeforeSimplification_RelationalEqs_splitClauses_0":["157"],
"minedTemplateNumber_Unlabeled_splitClauses_0":["246"],
"generatedPredicateNumber_Octagon_splitClauses_0":["10800000"],
"predicateGeneratorTime_PredictedCDHG_splitClauses_0":["10800000"],
"clauseNumberAfterSimplification_PredictedCG_splitClauses_1":["183"],
"labeledSingleVariableTemplatesNumber_RelationalEqs_splitClauses_1":["1"],
"smt2FileSizeByte_Random_splitClauses_1":["84136"],
"averagePredicateSize_PredictedCG_splitClauses_1":["10800000"],
"cegarIterationNumber_PredictedCDHG_splitClauses_1":["10800000"],
"clauseNumberAfterSimplification_RelationalEqs_splitClauses_1":["183"],
"minedBinaryVariableTemplatesNumber_Empty_splitClauses_1":["20"],
"minedTemplateNumber_PredictedCDHG_splitClauses_0":["246"],
"labeledBinaryVariableTemplatesNumber_All_splitClauses_1":["20"],
"solvingTime_RelationalIneqs_splitClauses_1":["10800000"],
"unlabeledTemplateRelationSymbolNumber_RelationalEqs_splitClauses_1":["39"],
"smt2FileSizeByte_Unlabeled_splitClauses_0":["84136"],
"generatedPredicateNumber_All_splitClauses_0":["10800000"],
"predicateGeneratorTime_Octagon_splitClauses_1":["10800000"],
"solvability_Mined_splitClauses_1":["1"],
"minedTemplateRelationSymbolNumber_Term_splitClauses_1":["39"],
"clauseNumberAfterSimplification_Mined_splitClauses_0":["183"],
"solvability_PredictedCDHG_splitClauses_0":["10800000"],
"solvingTime_Empty_splitClauses_0":["10800000"],
"unlabeledSingleVariableTemplatesNumber_Unlabeled_splitClauses_1":["644"],
"minedTemplateNumber_Term_splitClauses_1":["246"],
"averagePredicateSize_Octagon_splitClauses_1":["10800000"],
"relationSymbolNumber_Empty_splitClauses_1":["381"],
"unlabeledSingleVariableTemplatesNumber_Octagon_splitClauses_1":["644"],
"minedTemplateRelationSymbolNumber_RelationalEqs_splitClauses_1":["39"],
"minedBinaryVariableTemplatesNumber_RelationalIneqs_splitClauses_0":["20"],
"predicateGeneratorTime_Term_splitClauses_1":["10800000"],
"solvingTime_Labeled_splitClauses_0":["10800000"],
"unlabeledBinaryVariableTemplatesNumber_PredictedCG_splitClauses_0":["1020"],
"minedTemplateNumber_All_splitClauses_0":["246"],
"predicateGeneratorTime_Labeled_splitClauses_1":["10800000"],
"unlabeledTemplateRelationSymbolNumber_Empty_splitClauses_0":["39"],
"unlabeledTemplateNumber_Mined_splitClauses_1":["1664"],
"solvability_PredictedCG_splitClauses_1":["10800000"],
"unlabeledTemplateNumber_Term_splitClauses_0":["1664"],
"minedBinaryVariableTemplatesNumber_PredictedCG_splitClauses_1":["20"],
"labeledSingleVariableTemplatesNumber_PredictedCDHG_splitClauses_0":["1"],
"minedBinaryVariableTemplatesNumber_All_splitClauses_0":["20"],
"averagePredicateSize_PredictedCDHG_splitClauses_1":["10800000"],
"predicateGeneratorTime_PredictedCG_splitClauses_0":["10800000"],
"generatedPredicateNumber_RelationalIneqs_splitClauses_0":["10800000"],
"labeledTemplateNumber_Empty_splitClauses_0":["21"],
"unlabeledTemplateRelationSymbolNumber_Term_splitClauses_0":["39"],
"minedTemplateNumber_All_splitClauses_1":["246"],
"labeledSingleVariableTemplatesNumber_Empty_splitClauses_1":["1"],
"minedBinaryVariableTemplatesNumber_Unlabeled_splitClauses_0":["20"],
"labeledTemplateNumber_Random_splitClauses_0":["21"],
"minedBinaryVariableTemplatesNumber_All_splitClauses_1":["20"],
"unlabeledSingleVariableTemplatesNumber_All_splitClauses_0":["644"],
"smt2FileSizeByte_PredictedCDHG_splitClauses_1":["84136"],
"labeledBinaryVariableTemplatesNumber_PredictedCDHG_splitClauses_0":["20"],
"averagePredicateSize_RelationalEqs_splitClauses_1":["10800000"],
"minedSingleVariableTemplatesNumber_Term_splitClauses_0":["226"],
"labeledTemplateRelationSymbolNumber_Term_splitClauses_1":["11"],
"generatedPredicateNumber_Random_splitClauses_0":["10800000"],
"labeledBinaryVariableTemplatesNumber_Empty_splitClauses_1":["20"],
"clauseNumberAfterSimplification_Labeled_splitClauses_0":["183"],
"labeledSingleVariableTemplatesNumber_Labeled_splitClauses_0":["1"],
"minedTemplateNumber_Mined_splitClauses_1":["246"],
"labeledTemplateRelationSymbolNumber_Labeled_splitClauses_0":["11"],
"unlabeledTemplateRelationSymbolNumber_Mined_splitClauses_1":["39"],
"solvability_Labeled_splitClauses_0":["10800000"],
"minedTemplateNumber_RelationalEqs_splitClauses_1":["246"],
"solvingTime_Random_splitClauses_1":["10800000"],
"minedTemplateNumber_Random_splitClauses_0":["246"],
"cegarIterationNumber_Unlabeled_splitClauses_1":["10800000"],
"minedTemplateNumber_RelationalIneqs_splitClauses_1":["246"],
"unlabeledBinaryVariableTemplatesNumber_Octagon_splitClauses_1":["1020"],
"minedSingleVariableTemplatesNumber_Octagon_splitClauses_1":["226"],
"minedSingleVariableTemplatesNumber_Random_splitClauses_1":["226"],
"averagePredicateSize_All_splitClauses_1":["10800000"],
"minedTemplateNumber_Empty_splitClauses_0":["246"],
"labeledTemplateNumber_Mined_splitClauses_0":["21"],
"unlabeledBinaryVariableTemplatesNumber_All_splitClauses_0":["1020"],
"labeledSingleVariableTemplatesNumber_PredictedCDHG_splitClauses_1":["1"],
"minedSingleVariableTemplatesNumber_Mined_splitClauses_1":["226"],
"labeledTemplateRelationSymbolNumber_Term_splitClauses_0":["11"],
"unlabeledTemplateRelationSymbolNumber_Term_splitClauses_1":["39"],
"predicateGeneratorTime_All_splitClauses_1":["10800000"],
"unlabeledSingleVariableTemplatesNumber_Random_splitClauses_0":["644"],
"predicateGeneratorTime_Unlabeled_splitClauses_1":["10800000"],
"cegarIterationNumber_PredictedCDHG_splitClauses_0":["10800000"],
"labeledTemplateNumber_RelationalEqs_splitClauses_0":["21"],
"labeledTemplateRelationSymbolNumber_Mined_splitClauses_1":["11"],
"labeledTemplateRelationSymbolNumber_Random_splitClauses_0":["11"],
"labeledBinaryVariableTemplatesNumber_RelationalEqs_splitClauses_1":["20"],
"generatedPredicateNumber_RelationalIneqs_splitClauses_1":["10800000"],
"unlabeledTemplateRelationSymbolNumber_PredictedCG_splitClauses_1":["39"],
"unlabeledSingleVariableTemplatesNumber_RelationalEqs_splitClauses_0":["644"],
"labeledBinaryVariableTemplatesNumber_Labeled_splitClauses_0":["20"],
"minedBinaryVariableTemplatesNumber_PredictedCDHG_splitClauses_0":["20"],
"unlabeledTemplateRelationSymbolNumber_Unlabeled_splitClauses_0":["39"],
"clauseNumberAfterSimplification_Term_splitClauses_1":["183"],
"relationSymbolNumber_RelationalIneqs_splitClauses_0":["381"],
"unlabeledTemplateNumber_Octagon_splitClauses_0":["1664"],
"unlabeledBinaryVariableTemplatesNumber_RelationalEqs_splitClauses_1":["1020"],
"unlabeledTemplateNumber_PredictedCG_splitClauses_0":["1664"],
"unlabeledTemplateNumber_All_splitClauses_0":["1664"],
"labeledTemplateRelationSymbolNumber_RelationalIneqs_splitClauses_1":["11"],
"unlabeledSingleVariableTemplatesNumber_Mined_splitClauses_1":["644"],
"labeledTemplateRelationSymbolNumber_Unlabeled_splitClauses_1":["11"],
"labeledBinaryVariableTemplatesNumber_Random_splitClauses_1":["20"],
"relationSymbolNumber_RelationalEqs_splitClauses_0":["381"],
"solvability_Random_splitClauses_1":["10800000"],
"solvingTime_Term_splitClauses_0":["10800000"],
"minedSingleVariableTemplatesNumber_Labeled_splitClauses_1":["226"],
"relationSymbolNumber_Random_splitClauses_0":["381"],
"clauseNumberBeforeSimplification_Term_splitClauses_0":["157"],
"minedTemplateRelationSymbolNumber_Mined_splitClauses_0":["39"],
"solvability_Octagon_splitClauses_1":["10800000"],
"relationSymbolNumber_Labeled_splitClauses_1":["381"],
"minedSingleVariableTemplatesNumber_RelationalIneqs_splitClauses_1":["226"],
"smt2FileSizeByte_Labeled_splitClauses_0":["84136"],
"solvability_RelationalEqs_splitClauses_1":["10800000"],
"unlabeledSingleVariableTemplatesNumber_Empty_splitClauses_1":["644"],
"labeledTemplateNumber_PredictedCDHG_splitClauses_1":["21"],
"minedTemplateRelationSymbolNumber_Octagon_splitClauses_0":["39"],
"clauseNumberAfterSimplification_Unlabeled_splitClauses_0":["183"],
"clauseNumberBeforeSimplification_Unlabeled_splitClauses_0":["157"],
"clauseNumberBeforeSimplification_PredictedCDHG_splitClauses_0":["157"],
"cegarIterationNumber_RelationalIneqs_splitClauses_0":["10800000"],
"relationSymbolNumber_All_splitClauses_0":["381"],
"labeledTemplateRelationSymbolNumber_RelationalEqs_splitClauses_0":["11"],
"averagePredicateSize_Labeled_splitClauses_0":["10800000"],
"smt2FileSizeByte_RelationalIneqs_splitClauses_1":["84136"],
"clauseNumberBeforeSimplification_RelationalEqs_splitClauses_1":["157"],
"unlabeledTemplateRelationSymbolNumber_RelationalIneqs_splitClauses_1":["39"],
"clauseNumberBeforeSimplification_PredictedCG_splitClauses_0":["157"],
"solvingTime_PredictedCDHG_splitClauses_0":["10800000"],
"labeledTemplateRelationSymbolNumber_Octagon_splitClauses_1":["11"],
"minedTemplateRelationSymbolNumber_PredictedCG_splitClauses_1":["39"],
"labeledTemplateNumber_Random_splitClauses_1":["21"],
"solvingTime_RelationalIneqs_splitClauses_0":["10800000"],
"labeledTemplateNumber_All_splitClauses_1":["21"],
"unlabeledTemplateNumber_Random_splitClauses_1":["1664"],
"relationSymbolNumber_PredictedCDHG_splitClauses_1":["381"],
"smt2FileSizeByte_Unlabeled_splitClauses_1":["84136"],
"cegarIterationNumber_PredictedCG_splitClauses_0":["10800000"],
"predicateGeneratorTime_Octagon_splitClauses_0":["10800000"],
"unlabeledTemplateNumber_RelationalEqs_splitClauses_1":["1664"],
"clauseNumberAfterSimplification_Octagon_splitClauses_0":["183"],
"cegarIterationNumber_Random_splitClauses_0":["10800000"],
"solvability_PredictedCDHG_splitClauses_1":["10800000"],
"solvability_PredictedCG_splitClauses_0":["10800000"],
"solvingTime_PredictedCG_splitClauses_1":["10800000"],
"unlabeledSingleVariableTemplatesNumber_Unlabeled_splitClauses_0":["644"],
"unlabeledTemplateNumber_Unlabeled_splitClauses_0":["1664"],
"labeledTemplateRelationSymbolNumber_RelationalIneqs_splitClauses_0":["11"],
"minedTemplateNumber_Random_splitClauses_1":["246"],
"relationSymbolNumber_PredictedCG_splitClauses_0":["381"],
"generatedPredicateNumber_RelationalEqs_splitClauses_0":["10800000"],
"minedTemplateNumber_Term_splitClauses_0":["246"],
"solvingTime_All_splitClauses_1":["10800000"],
"minedSingleVariableTemplatesNumber_PredictedCG_splitClauses_0":["226"],
"smt2FileSizeByte_Term_splitClauses_1":["84136"],
"labeledBinaryVariableTemplatesNumber_All_splitClauses_0":["20"],
"minedTemplateNumber_PredictedCDHG_splitClauses_1":["246"],
"minedTemplateRelationSymbolNumber_PredictedCDHG_splitClauses_0":["39"],
"averagePredicateSize_Unlabeled_splitClauses_0":["10800000"],
"minedBinaryVariableTemplatesNumber_Octagon_splitClauses_1":["20"],
"unlabeledSingleVariableTemplatesNumber_Random_splitClauses_1":["644"],
"clauseNumberBeforeSimplification_Random_splitClauses_0":["157"],
"solvingTime_Unlabeled_splitClauses_1":["10800000"],
"predicateGeneratorTime_PredictedCDHG_splitClauses_1":["10800000"],
"averagePredicateSize_PredictedCDHG_splitClauses_0":["10800000"],
"minedBinaryVariableTemplatesNumber_Term_splitClauses_0":["20"],
"labeledTemplateNumber_RelationalIneqs_splitClauses_0":["21"],
"clauseNumberAfterSimplification_Random_splitClauses_0":["183"],
"clauseNumberAfterSimplification_PredictedCG_splitClauses_0":["183"],
"generatedPredicateNumber_Empty_splitClauses_1":["10800000"],
"clauseNumberBeforeSimplification_Octagon_splitClauses_0":["157"],
"unlabeledTemplateNumber_Empty_splitClauses_0":["1664"],
"minedSingleVariableTemplatesNumber_All_splitClauses_0":["226"],
"labeledTemplateRelationSymbolNumber_Octagon_splitClauses_0":["11"],
"generatedPredicateNumber_Random_splitClauses_1":["10800000"],
"clauseNumberAfterSimplification_RelationalEqs_splitClauses_0":["183"],
"labeledBinaryVariableTemplatesNumber_Term_splitClauses_0":["20"],
"minedSingleVariableTemplatesNumber_RelationalEqs_splitClauses_0":["226"],
"minedTemplateNumber_Mined_splitClauses_0":["246"],
"averagePredicateSize_Octagon_splitClauses_0":["10800000"],
"unlabeledBinaryVariableTemplatesNumber_Empty_splitClauses_1":["1020"],
"relationSymbolNumber_Unlabeled_splitClauses_0":["381"],
"unlabeledSingleVariableTemplatesNumber_PredictedCDHG_splitClauses_0":["644"],
"unlabeledSingleVariableTemplatesNumber_PredictedCG_splitClauses_1":["644"],
"labeledTemplateRelationSymbolNumber_Labeled_splitClauses_1":["11"],
"minedTemplateRelationSymbolNumber_Random_splitClauses_0":["39"],
"unlabeledTemplateRelationSymbolNumber_PredictedCG_splitClauses_0":["39"],
"unlabeledTemplateNumber_RelationalIneqs_splitClauses_0":["1664"],
"unlabeledSingleVariableTemplatesNumber_Labeled_splitClauses_0":["644"],
"minedTemplateNumber_Unlabeled_splitClauses_1":["246"],
"generatedPredicateNumber_PredictedCG_splitClauses_0":["10800000"],
"labeledTemplateNumber_Unlabeled_splitClauses_1":["21"],
"unlabeledTemplateRelationSymbolNumber_Empty_splitClauses_1":["39"],
"clauseNumberBeforeSimplification_Empty_splitClauses_0":["157"],
"solvingTime_Octagon_splitClauses_1":["10800000"],
"cegarIterationNumber_Mined_splitClauses_1":["9"],
"clauseNumberBeforeSimplification_Mined_splitClauses_1":["157"],
"smt2FileSizeByte_PredictedCDHG_splitClauses_0":["84136"],
"averagePredicateSize_PredictedCG_splitClauses_0":["10800000"],
"solvingTime_Random_splitClauses_0":["10800000"],
"minedTemplateNumber_RelationalEqs_splitClauses_0":["246"],
"unlabeledSingleVariableTemplatesNumber_RelationalIneqs_splitClauses_0":["644"],
"unlabeledTemplateNumber_Unlabeled_splitClauses_1":["1664"],
"labeledBinaryVariableTemplatesNumber_RelationalEqs_splitClauses_0":["20"],
"generatedPredicateNumber_PredictedCDHG_splitClauses_0":["10800000"],
"minedTemplateRelationSymbolNumber_Empty_splitClauses_1":["39"],
"predicateGeneratorTime_Random_splitClauses_1":["10800000"],
"labeledTemplateNumber_Term_splitClauses_1":["21"],
"minedSingleVariableTemplatesNumber_Empty_splitClauses_1":["226"],
"minedSingleVariableTemplatesNumber_RelationalIneqs_splitClauses_0":["226"],
"clauseNumberAfterSimplification_All_splitClauses_0":["183"],
"unlabeledBinaryVariableTemplatesNumber_RelationalEqs_splitClauses_0":["1020"],
"cegarIterationNumber_RelationalEqs_splitClauses_0":["10800000"],
"labeledTemplateRelationSymbolNumber_PredictedCDHG_splitClauses_0":["11"],
"labeledSingleVariableTemplatesNumber_Labeled_splitClauses_1":["1"],
"unlabeledBinaryVariableTemplatesNumber_All_splitClauses_1":["1020"],
"minedTemplateRelationSymbolNumber_Unlabeled_splitClauses_1":["39"],
"solvingTime_RelationalEqs_splitClauses_0":["10800000"],
"solvingTime_RelationalEqs_splitClauses_1":["10800000"],
"minedBinaryVariableTemplatesNumber_Mined_splitClauses_0":["20"],
"clauseNumberBeforeSimplification_All_splitClauses_0":["157"],
"clauseNumberBeforeSimplification_RelationalIneqs_splitClauses_1":["157"],
"labeledTemplateNumber_RelationalEqs_splitClauses_1":["21"],
"labeledBinaryVariableTemplatesNumber_RelationalIneqs_splitClauses_0":["20"],
"clauseNumberAfterSimplification_Empty_splitClauses_0":["183"],
"averagePredicateSize_Empty_splitClauses_0":["10800000"],
"relationSymbolNumber_PredictedCG_splitClauses_1":["381"],
"unlabeledTemplateNumber_Term_splitClauses_1":["1664"],
"predicateGeneratorTime_Mined_splitClauses_1":["468"],
"relationSymbolNumber_Mined_splitClauses_0":["381"],
"labeledBinaryVariableTemplatesNumber_RelationalIneqs_splitClauses_1":["20"],
"predicateGeneratorTime_Unlabeled_splitClauses_0":["10800000"],
"generatedPredicateNumber_Mined_splitClauses_0":["10800000"],
"generatedPredicateNumber_RelationalEqs_splitClauses_1":["10800000"],
"labeledTemplateRelationSymbolNumber_PredictedCG_splitClauses_0":["11"],
"minedSingleVariableTemplatesNumber_PredictedCG_splitClauses_1":["226"],
"minedTemplateRelationSymbolNumber_PredictedCG_splitClauses_0":["39"],
"unlabeledTemplateRelationSymbolNumber_Labeled_splitClauses_0":["39"],
"solvability_Empty_splitClauses_1":["10800000"],
"averagePredicateSize_Term_splitClauses_0":["10800000"],
"cegarIterationNumber_Random_splitClauses_1":["10800000"],
"relationSymbolNumber_All_splitClauses_1":["381"],
"averagePredicateSize_Labeled_splitClauses_1":["10800000"],
"unlabeledBinaryVariableTemplatesNumber_Unlabeled_splitClauses_0":["1020"],
"generatedPredicateNumber_Unlabeled_splitClauses_1":["10800000"],
"predicateGeneratorTime_All_splitClauses_0":["10800000"],
"unlabeledBinaryVariableTemplatesNumber_PredictedCDHG_splitClauses_1":["1020"],
"clauseNumberBeforeSimplification_Labeled_splitClauses_1":["157"],
"minedBinaryVariableTemplatesNumber_Labeled_splitClauses_1":["20"],
"labeledSingleVariableTemplatesNumber_All_splitClauses_0":["1"],
"unlabeledTemplateRelationSymbolNumber_Mined_splitClauses_0":["39"],
"cegarIterationNumber_Octagon_splitClauses_1":["10800000"],
"labeledTemplateNumber_Octagon_splitClauses_0":["21"],
"labeledTemplateRelationSymbolNumber_All_splitClauses_1":["11"],
"smt2FileSizeByte_Empty_splitClauses_0":["84136"],
"relationSymbolNumber_RelationalIneqs_splitClauses_1":["381"],
"unlabeledTemplateNumber_Octagon_splitClauses_1":["1664"],
"predicateGeneratorTime_RelationalEqs_splitClauses_0":["10800000"],
"unlabeledTemplateRelationSymbolNumber_RelationalIneqs_splitClauses_0":["39"],
"smt2FileSizeByte_RelationalEqs_splitClauses_1":["84136"],
"unlabeledTemplateNumber_Labeled_splitClauses_0":["1664"],
"relationSymbolNumber_Random_splitClauses_1":["381"],
"minedSingleVariableTemplatesNumber_Labeled_splitClauses_0":["226"],
"solvingTime_PredictedCDHG_splitClauses_1":["10800000"],
"minedTemplateNumber_Octagon_splitClauses_1":["246"],
"clauseNumberBeforeSimplification_Mined_splitClauses_0":["157"],
"smt2FileSizeByte_All_splitClauses_0":["84136"],
"solvingTime_All_splitClauses_0":["10800000"],
"minedBinaryVariableTemplatesNumber_Term_splitClauses_1":["20"],
"unlabeledTemplateRelationSymbolNumber_Random_splitClauses_0":["39"],
"cegarIterationNumber_All_splitClauses_0":["10800000"],
"smt2FileSizeByte_RelationalEqs_splitClauses_0":["84136"],
"unlabeledSingleVariableTemplatesNumber_PredictedCDHG_splitClauses_1":["644"],
"clauseNumberBeforeSimplification_Labeled_splitClauses_0":["157"],
"cegarIterationNumber_PredictedCG_splitClauses_1":["10800000"],
"labeledTemplateRelationSymbolNumber_Unlabeled_splitClauses_0":["11"],
"unlabeledTemplateRelationSymbolNumber_Octagon_splitClauses_1":["39"],
"unlabeledTemplateNumber_Empty_splitClauses_1":["1664"],
"clauseNumberBeforeSimplification_Octagon_splitClauses_1":["157"],
"labeledTemplateNumber_Unlabeled_splitClauses_0":["21"],
"labeledBinaryVariableTemplatesNumber_PredictedCG_splitClauses_0":["20"],
"solvability_Term_splitClauses_1":["10800000"],
"solvability_Octagon_splitClauses_0":["10800000"],
"minedTemplateRelationSymbolNumber_RelationalIneqs_splitClauses_0":["39"],
"clauseNumberBeforeSimplification_RelationalIneqs_splitClauses_0":["157"],
"labeledTemplateNumber_PredictedCG_splitClauses_0":["21"],
"cegarIterationNumber_Labeled_splitClauses_0":["10800000"],
"smt2FileSizeByte_Labeled_splitClauses_1":["84136"],
"clauseNumberBeforeSimplification_Unlabeled_splitClauses_1":["157"],
"generatedPredicateNumber_Term_splitClauses_1":["10800000"],
"solvingTime_Term_splitClauses_1":["10800000"],
"unlabeledBinaryVariableTemplatesNumber_Random_splitClauses_1":["1020"],
"unlabeledSingleVariableTemplatesNumber_Octagon_splitClauses_0":["644"],
"solvingTime_Octagon_splitClauses_0":["10800000"],
"labeledSingleVariableTemplatesNumber_Mined_splitClauses_1":["1"],
"averagePredicateSize_Term_splitClauses_1":["10800000"],
"labeledTemplateNumber_Labeled_splitClauses_0":["21"],
"unlabeledSingleVariableTemplatesNumber_PredictedCG_splitClauses_0":["644"],
"smt2FileSizeByte_Mined_splitClauses_1":["84136"],
"labeledBinaryVariableTemplatesNumber_Unlabeled_splitClauses_1":["20"],
"labeledTemplateNumber_All_splitClauses_0":["21"],
"unlabeledTemplateNumber_Random_splitClauses_0":["1664"],
"labeledTemplateNumber_Octagon_splitClauses_1":["21"],
"unlabeledTemplateNumber_PredictedCDHG_splitClauses_1":["1664"],
"unlabeledBinaryVariableTemplatesNumber_Mined_splitClauses_0":["1020"],
"minedTemplateRelationSymbolNumber_Mined_splitClauses_1":["39"],
"labeledTemplateNumber_RelationalIneqs_splitClauses_1":["21"],
"solvability_Term_splitClauses_0":["10800000"],
"relationSymbolNumber_Octagon_splitClauses_0":["381"],
"clauseNumberBeforeSimplification_PredictedCG_splitClauses_1":["157"],
"generatedPredicateNumber_Labeled_splitClauses_1":["10800000"],
"labeledSingleVariableTemplatesNumber_Unlabeled_splitClauses_0":["1"],
"unlabeledBinaryVariableTemplatesNumber_Empty_splitClauses_0":["1020"],
"solvingTime_Mined_splitClauses_0":["10800000"],
"unlabeledTemplateNumber_All_splitClauses_1":["1664"],
"clauseNumberAfterSimplification_Random_splitClauses_1":["183"],
"labeledBinaryVariableTemplatesNumber_Octagon_splitClauses_1":["20"],
"unlabeledBinaryVariableTemplatesNumber_Labeled_splitClauses_0":["1020"],
"smt2FileSizeByte_Octagon_splitClauses_0":["84136"],
"labeledSingleVariableTemplatesNumber_Random_splitClauses_1":["1"],
"solvability_Unlabeled_splitClauses_0":["10800000"],
"solvingTime_Unlabeled_splitClauses_0":["10800000"],
"unlabeledTemplateRelationSymbolNumber_All_splitClauses_1":["39"],
"minedTemplateNumber_Empty_splitClauses_1":["246"],
"solvability_RelationalIneqs_splitClauses_0":["10800000"],
"unlabeledTemplateRelationSymbolNumber_Labeled_splitClauses_1":["39"],
"cegarIterationNumber_RelationalEqs_splitClauses_1":["10800000"],
"minedSingleVariableTemplatesNumber_RelationalEqs_splitClauses_1":["226"],
"clauseNumberAfterSimplification_PredictedCDHG_splitClauses_1":["183"],
"minedBinaryVariableTemplatesNumber_RelationalIneqs_splitClauses_1":["20"],
"unlabeledBinaryVariableTemplatesNumber_Mined_splitClauses_1":["1020"],
"unlabeledBinaryVariableTemplatesNumber_PredictedCDHG_splitClauses_0":["1020"],
"solvingTime_Empty_splitClauses_1":["10800000"],
"labeledTemplateRelationSymbolNumber_Empty_splitClauses_1":["11"],
"generatedPredicateNumber_Term_splitClauses_0":["10800000"],
"averagePredicateSize_Empty_splitClauses_1":["10800000"],
"generatedPredicateNumber_PredictedCG_splitClauses_1":["10800000"],
"labeledTemplateRelationSymbolNumber_PredictedCDHG_splitClauses_1":["11"],
"relationSymbolNumber_Mined_splitClauses_1":["381"],
"predicateGeneratorTime_Mined_splitClauses_0":["10800000"],
"predicateGeneratorTime_Labeled_splitClauses_0":["10800000"],
"labeledSingleVariableTemplatesNumber_Random_splitClauses_0":["1"],
"unlabeledTemplateRelationSymbolNumber_All_splitClauses_0":["39"],
"minedBinaryVariableTemplatesNumber_Labeled_splitClauses_0":["20"],
"generatedPredicateNumber_Labeled_splitClauses_0":["10800000"],
"relationSymbolNumber_Empty_splitClauses_0":["381"],
"solvingTime_Mined_splitClauses_1":["619"],
"minedSingleVariableTemplatesNumber_All_splitClauses_1":["226"],
"predicateGeneratorTime_Random_splitClauses_0":["10800000"],
"cegarIterationNumber_Term_splitClauses_1":["10800000"],
"labeledTemplateNumber_Empty_splitClauses_1":["21"],
"clauseNumberAfterSimplification_Empty_splitClauses_1":["183"],
"minedTemplateRelationSymbolNumber_Empty_splitClauses_0":["39"],
"unlabeledSingleVariableTemplatesNumber_Term_splitClauses_0":["644"],
"minedSingleVariableTemplatesNumber_Empty_splitClauses_0":["226"],
"minedTemplateRelationSymbolNumber_RelationalEqs_splitClauses_0":["39"],
"cegarIterationNumber_Empty_splitClauses_0":["10800000"],
"minedBinaryVariableTemplatesNumber_RelationalEqs_splitClauses_1":["20"],
"labeledSingleVariableTemplatesNumber_All_splitClauses_1":["1"],
"unlabeledTemplateRelationSymbolNumber_Octagon_splitClauses_0":["39"],
"minedTemplateRelationSymbolNumber_Unlabeled_splitClauses_0":["39"],
"labeledBinaryVariableTemplatesNumber_Mined_splitClauses_0":["20"],
"minedTemplateNumber_PredictedCG_splitClauses_1":["246"],
"cegarIterationNumber_Empty_splitClauses_1":["10800000"],
"averagePredicateSize_RelationalIneqs_splitClauses_0":["10800000"],
"solvability_All_splitClauses_1":["10800000"],
"unlabeledBinaryVariableTemplatesNumber_Term_splitClauses_1":["1020"],
"relationSymbolNumber_PredictedCDHG_splitClauses_0":["381"],
"minedTemplateRelationSymbolNumber_Labeled_splitClauses_1":["39"],
"averagePredicateSize_Unlabeled_splitClauses_1":["10800000"],
"labeledTemplateNumber_Term_splitClauses_0":["21"],
"smt2FileSizeByte_Empty_splitClauses_1":["84136"],
"solvingTime_PredictedCG_splitClauses_0":["10800000"],
"relationSymbolNumber_Term_splitClauses_0":["381"],
"cegarIterationNumber_All_splitClauses_1":["10800000"],
"clauseNumberBeforeSimplification_Term_splitClauses_1":["157"],
"predicateGeneratorTime_Empty_splitClauses_0":["10800000"],
"averagePredicateSize_All_splitClauses_0":["10800000"],
"unlabeledBinaryVariableTemplatesNumber_Random_splitClauses_0":["1020"],
"smt2FileSizeByte_Term_splitClauses_0":["84136"],
"averagePredicateSize_Mined_splitClauses_1":["1"],
"minedBinaryVariableTemplatesNumber_Empty_splitClauses_0":["20"],
"minedTemplateRelationSymbolNumber_All_splitClauses_1":["39"],
"labeledSingleVariableTemplatesNumber_PredictedCG_splitClauses_0":["1"],
"unlabeledBinaryVariableTemplatesNumber_RelationalIneqs_splitClauses_0":["1020"],
"unlabeledSingleVariableTemplatesNumber_RelationalIneqs_splitClauses_1":["644"],
"clauseNumberAfterSimplification_RelationalIneqs_splitClauses_0":["183"],
"unlabeledTemplateNumber_RelationalEqs_splitClauses_0":["1664"],
"unlabeledTemplateNumber_RelationalIneqs_splitClauses_1":["1664"],
"labeledTemplateRelationSymbolNumber_PredictedCG_splitClauses_1":["11"],
"labeledTemplateRelationSymbolNumber_All_splitClauses_0":["11"],
"labeledSingleVariableTemplatesNumber_Octagon_splitClauses_0":["1"],
"dummyFiled":[]
}