{
"smt2FileSizeByte_All_splitClauses_1":["9207"],
"generatedPredicateNumber_All_splitClauses_1":["10800000"],
"unlabeledTemplateRelationSymbolNumber_PredictedCDHG_splitClauses_0":["1"],
"relationSymbolNumberBeforeSimplification_Unlabeled_splitClauses_1":["36"],
"predicateGeneratorTime_Term_splitClauses_0":["10800000"],
"averagePredicateSize_Random_splitClauses_1":["1"],
"labeledBinaryVariableTemplatesNumber_Labeled_splitClauses_1":["0"],
"clauseNumberBeforeSimplification_All_splitClauses_1":["13"],
"minedTemplateRelationSymbolNumber_Term_splitClauses_0":["1"],
"solvingTime_Labeled_splitClauses_1":["10889"],
"unlabeledTemplateNumber_Labeled_splitClauses_1":["10"],
"relationSymbolNumberAfterSimplification_All_splitClauses_1":["12674"],
"minedTemplateRelationSymbolNumber_Octagon_splitClauses_1":["1"],
"clauseNumberAfterSimplification_Mined_splitClauses_1":["8129"],
"relationSymbolNumberBeforeSimplification_Octagon_splitClauses_0":["36"],
"unlabeledBinaryVariableTemplatesNumber_Term_splitClauses_0":["0"],
"labeledTemplateNumber_PredictedCDHG_splitClauses_0":["8"],
"solvability_Empty_splitClauses_0":["10800000"],
"unlabeledTemplateRelationSymbolNumber_Random_splitClauses_1":["1"],
"labeledBinaryVariableTemplatesNumber_Octagon_splitClauses_0":["0"],
"relationSymbolNumberBeforeSimplification_Random_splitClauses_1":["36"],
"minedTemplateRelationSymbolNumber_Random_splitClauses_1":["1"],
"unlabeledSingleVariableTemplatesNumber_Mined_splitClauses_0":["10"],
"unlabeledBinaryVariableTemplatesNumber_PredictedCG_splitClauses_1":["0"],
"solvability_All_splitClauses_0":["10800000"],
"predicateGeneratorTime_RelationalEqs_splitClauses_1":["249"],
"relationSymbolNumberBeforeSimplification_PredictedCDHG_splitClauses_1":["36"],
"smt2FileSizeByte_PredictedCG_splitClauses_1":["9207"],
"labeledSingleVariableTemplatesNumber_Unlabeled_splitClauses_1":["8"],
"labeledBinaryVariableTemplatesNumber_PredictedCG_splitClauses_1":["0"],
"minedBinaryVariableTemplatesNumber_PredictedCG_splitClauses_0":["0"],
"solvability_Random_splitClauses_0":["10800000"],
"relationSymbolNumberAfterSimplification_PredictedCG_splitClauses_1":["12674"],
"clauseNumberBeforeSimplification_PredictedCDHG_splitClauses_1":["13"],
"labeledSingleVariableTemplatesNumber_Mined_splitClauses_0":["8"],
"solvability_Unlabeled_splitClauses_1":["1"],
"cegarIterationNumber_Labeled_splitClauses_1":["18"],
"smt2FileSizeByte_Mined_splitClauses_0":["9207"],
"relationSymbolNumberAfterSimplification_Mined_splitClauses_0":["12674"],
"labeledSingleVariableTemplatesNumber_PredictedCG_splitClauses_1":["8"],
"smt2FileSizeByte_Octagon_splitClauses_1":["9207"],
"minedTemplateNumber_Labeled_splitClauses_1":["10"],
"labeledSingleVariableTemplatesNumber_RelationalIneqs_splitClauses_1":["8"],
"clauseNumberAfterSimplification_Labeled_splitClauses_1":["8129"],
"relationSymbolNumberAfterSimplification_Labeled_splitClauses_0":["12674"],
"smt2FileSizeByte_Random_splitClauses_0":["9207"],
"relationSymbolNumberAfterSimplification_PredictedCDHG_splitClauses_0":["12674"],
"unlabeledTemplateRelationSymbolNumber_PredictedCDHG_splitClauses_1":["1"],
"labeledSingleVariableTemplatesNumber_Term_splitClauses_0":["8"],
"generatedPredicateNumber_PredictedCDHG_splitClauses_1":["10800000"],
"minedSingleVariableTemplatesNumber_Unlabeled_splitClauses_0":["10"],
"generatedPredicateNumber_Octagon_splitClauses_1":["18"],
"labeledSingleVariableTemplatesNumber_RelationalEqs_splitClauses_0":["8"],
"predicateGeneratorTime_PredictedCG_splitClauses_1":["10800000"],
"relationSymbolNumberAfterSimplification_Octagon_splitClauses_0":["12674"],
"labeledTemplateNumber_Labeled_splitClauses_1":["8"],
"labeledSingleVariableTemplatesNumber_Empty_splitClauses_0":["8"],
"minedTemplateRelationSymbolNumber_RelationalIneqs_splitClauses_1":["1"],
"unlabeledSingleVariableTemplatesNumber_All_splitClauses_1":["10"],
"labeledBinaryVariableTemplatesNumber_PredictedCDHG_splitClauses_1":["0"],
"unlabeledSingleVariableTemplatesNumber_RelationalEqs_splitClauses_1":["10"],
"cegarIterationNumber_Term_splitClauses_0":["10800000"],
"unlabeledBinaryVariableTemplatesNumber_Labeled_splitClauses_1":["0"],
"unlabeledSingleVariableTemplatesNumber_Term_splitClauses_1":["10"],
"clauseNumberAfterSimplification_All_splitClauses_1":["8129"],
"minedSingleVariableTemplatesNumber_Random_splitClauses_0":["10"],
"solvability_RelationalIneqs_splitClauses_1":["1"],
"minedTemplateNumber_Labeled_splitClauses_0":["10"],
"minedSingleVariableTemplatesNumber_Octagon_splitClauses_0":["10"],
"minedSingleVariableTemplatesNumber_Term_splitClauses_1":["10"],
"minedBinaryVariableTemplatesNumber_PredictedCDHG_splitClauses_1":["0"],
"generatedPredicateNumber_Mined_splitClauses_1":["18"],
"labeledSingleVariableTemplatesNumber_RelationalIneqs_splitClauses_0":["8"],
"averagePredicateSize_Mined_splitClauses_0":["10800000"],
"cegarIterationNumber_Unlabeled_splitClauses_0":["10800000"],
"minedBinaryVariableTemplatesNumber_Random_splitClauses_0":["0"],
"labeledTemplateNumber_Mined_splitClauses_1":["8"],
"labeledBinaryVariableTemplatesNumber_Random_splitClauses_0":["0"],
"unlabeledTemplateRelationSymbolNumber_Unlabeled_splitClauses_1":["1"],
"cegarIterationNumber_Mined_splitClauses_0":["10800000"],
"minedTemplateRelationSymbolNumber_Labeled_splitClauses_0":["1"],
"unlabeledBinaryVariableTemplatesNumber_RelationalIneqs_splitClauses_1":["0"],
"unlabeledBinaryVariableTemplatesNumber_Octagon_splitClauses_0":["0"],
"solvability_Mined_splitClauses_0":["10800000"],
"averagePredicateSize_RelationalEqs_splitClauses_0":["10800000"],
"clauseNumberAfterSimplification_Term_splitClauses_0":["8129"],
"unlabeledTemplateNumber_Mined_splitClauses_0":["10"],
"relationSymbolNumberAfterSimplification_Random_splitClauses_1":["12674"],
"unlabeledTemplateNumber_PredictedCDHG_splitClauses_0":["10"],
"cegarIterationNumber_RelationalIneqs_splitClauses_1":["18"],
"minedBinaryVariableTemplatesNumber_Unlabeled_splitClauses_1":["0"],
"labeledTemplateNumber_PredictedCG_splitClauses_1":["8"],
"labeledTemplateRelationSymbolNumber_Mined_splitClauses_0":["1"],
"labeledBinaryVariableTemplatesNumber_Mined_splitClauses_1":["0"],
"relationSymbolNumberBeforeSimplification_Mined_splitClauses_0":["36"],
"relationSymbolNumberBeforeSimplification_RelationalIneqs_splitClauses_0":["36"],
"clauseNumberAfterSimplification_RelationalIneqs_splitClauses_1":["8129"],
"minedSingleVariableTemplatesNumber_PredictedCDHG_splitClauses_0":["10"],
"solvability_Labeled_splitClauses_1":["1"],
"labeledSingleVariableTemplatesNumber_Octagon_splitClauses_1":["8"],
"averagePredicateSize_Random_splitClauses_0":["10800000"],
"smt2FileSizeByte_RelationalIneqs_splitClauses_0":["9207"],
"generatedPredicateNumber_Unlabeled_splitClauses_0":["10800000"],
"solvability_RelationalEqs_splitClauses_0":["10800000"],
"predicateGeneratorTime_Empty_splitClauses_1":["269"],
"minedSingleVariableTemplatesNumber_Mined_splitClauses_0":["10"],
"relationSymbolNumberAfterSimplification_Unlabeled_splitClauses_0":["12674"],
"minedTemplateRelationSymbolNumber_PredictedCDHG_splitClauses_1":["1"],
"minedTemplateNumber_PredictedCG_splitClauses_0":["10"],
"averagePredicateSize_RelationalIneqs_splitClauses_1":["1"],
"labeledTemplateRelationSymbolNumber_Random_splitClauses_1":["1"],
"minedTemplateNumber_RelationalIneqs_splitClauses_0":["10"],
"predicateGeneratorTime_RelationalIneqs_splitClauses_0":["10800000"],
"labeledTemplateRelationSymbolNumber_Empty_splitClauses_0":["1"],
"minedBinaryVariableTemplatesNumber_Octagon_splitClauses_0":["0"],
"labeledSingleVariableTemplatesNumber_Term_splitClauses_1":["8"],
"labeledBinaryVariableTemplatesNumber_Empty_splitClauses_0":["0"],
"minedTemplateNumber_Octagon_splitClauses_0":["10"],
"labeledBinaryVariableTemplatesNumber_Unlabeled_splitClauses_0":["0"],
"relationSymbolNumberBeforeSimplification_Empty_splitClauses_0":["36"],
"clauseNumberAfterSimplification_PredictedCDHG_splitClauses_0":["8129"],
"smt2FileSizeByte_PredictedCG_splitClauses_0":["9207"],
"minedBinaryVariableTemplatesNumber_RelationalEqs_splitClauses_0":["0"],
"relationSymbolNumberBeforeSimplification_Unlabeled_splitClauses_0":["36"],
"labeledTemplateRelationSymbolNumber_RelationalEqs_splitClauses_1":["1"],
"minedBinaryVariableTemplatesNumber_Random_splitClauses_1":["0"],
"clauseNumberAfterSimplification_Unlabeled_splitClauses_1":["8129"],
"minedSingleVariableTemplatesNumber_PredictedCDHG_splitClauses_1":["10"],
"labeledBinaryVariableTemplatesNumber_Term_splitClauses_1":["0"],
"clauseNumberBeforeSimplification_Empty_splitClauses_1":["13"],
"relationSymbolNumberAfterSimplification_Octagon_splitClauses_1":["12674"],
"relationSymbolNumberAfterSimplification_Term_splitClauses_0":["12674"],
"minedBinaryVariableTemplatesNumber_Mined_splitClauses_1":["0"],
"unlabeledBinaryVariableTemplatesNumber_Unlabeled_splitClauses_1":["0"],
"relationSymbolNumberBeforeSimplification_Random_splitClauses_0":["36"],
"relationSymbolNumberAfterSimplification_PredictedCDHG_splitClauses_1":["12674"],
"unlabeledTemplateNumber_PredictedCG_splitClauses_1":["10"],
"generatedPredicateNumber_Empty_splitClauses_0":["10800000"],
"predicateGeneratorTime_RelationalIneqs_splitClauses_1":["249"],
"unlabeledSingleVariableTemplatesNumber_Empty_splitClauses_0":["10"],
"cegarIterationNumber_Octagon_splitClauses_0":["10800000"],
"clauseNumberAfterSimplification_Octagon_splitClauses_1":["8129"],
"unlabeledSingleVariableTemplatesNumber_Labeled_splitClauses_1":["10"],
"clauseNumberBeforeSimplification_Random_splitClauses_1":["13"],
"minedTemplateRelationSymbolNumber_All_splitClauses_0":["1"],
"unlabeledTemplateRelationSymbolNumber_RelationalEqs_splitClauses_0":["1"],
"minedSingleVariableTemplatesNumber_Unlabeled_splitClauses_1":["10"],
"clauseNumberBeforeSimplification_RelationalEqs_splitClauses_0":["13"],
"minedTemplateNumber_Unlabeled_splitClauses_0":["10"],
"generatedPredicateNumber_Octagon_splitClauses_0":["10800000"],
"predicateGeneratorTime_PredictedCDHG_splitClauses_0":["10800000"],
"clauseNumberAfterSimplification_PredictedCG_splitClauses_1":["8129"],
"labeledSingleVariableTemplatesNumber_RelationalEqs_splitClauses_1":["8"],
"smt2FileSizeByte_Random_splitClauses_1":["9207"],
"averagePredicateSize_PredictedCG_splitClauses_1":["10800000"],
"cegarIterationNumber_PredictedCDHG_splitClauses_1":["10800000"],
"clauseNumberAfterSimplification_RelationalEqs_splitClauses_1":["8129"],
"minedBinaryVariableTemplatesNumber_Empty_splitClauses_1":["0"],
"relationSymbolNumberAfterSimplification_RelationalEqs_splitClauses_1":["12674"],
"minedTemplateNumber_PredictedCDHG_splitClauses_0":["10"],
"labeledBinaryVariableTemplatesNumber_All_splitClauses_1":["0"],
"solvingTime_RelationalIneqs_splitClauses_1":["10951"],
"unlabeledTemplateRelationSymbolNumber_RelationalEqs_splitClauses_1":["1"],
"smt2FileSizeByte_Unlabeled_splitClauses_0":["9207"],
"relationSymbolNumberBeforeSimplification_Mined_splitClauses_1":["36"],
"relationSymbolNumberAfterSimplification_Mined_splitClauses_1":["12674"],
"generatedPredicateNumber_All_splitClauses_0":["10800000"],
"relationSymbolNumberBeforeSimplification_Octagon_splitClauses_1":["36"],
"predicateGeneratorTime_Octagon_splitClauses_1":["255"],
"solvability_Mined_splitClauses_1":["1"],
"minedTemplateRelationSymbolNumber_Term_splitClauses_1":["1"],
"clauseNumberAfterSimplification_Mined_splitClauses_0":["8129"],
"solvability_PredictedCDHG_splitClauses_0":["10800000"],
"solvingTime_Empty_splitClauses_0":["10800000"],
"unlabeledSingleVariableTemplatesNumber_Unlabeled_splitClauses_1":["10"],
"minedTemplateNumber_Term_splitClauses_1":["10"],
"averagePredicateSize_Octagon_splitClauses_1":["1"],
"unlabeledSingleVariableTemplatesNumber_Octagon_splitClauses_1":["10"],
"minedTemplateRelationSymbolNumber_RelationalEqs_splitClauses_1":["1"],
"relationSymbolNumberBeforeSimplification_All_splitClauses_1":["36"],
"minedBinaryVariableTemplatesNumber_RelationalIneqs_splitClauses_0":["0"],
"predicateGeneratorTime_Term_splitClauses_1":["246"],
"solvingTime_Labeled_splitClauses_0":["10800000"],
"unlabeledBinaryVariableTemplatesNumber_PredictedCG_splitClauses_0":["0"],
"minedTemplateNumber_All_splitClauses_0":["10"],
"predicateGeneratorTime_Labeled_splitClauses_1":["295"],
"unlabeledTemplateRelationSymbolNumber_Empty_splitClauses_0":["1"],
"unlabeledTemplateNumber_Mined_splitClauses_1":["10"],
"solvability_PredictedCG_splitClauses_1":["10800000"],
"unlabeledTemplateNumber_Term_splitClauses_0":["10"],
"minedBinaryVariableTemplatesNumber_PredictedCG_splitClauses_1":["0"],
"labeledSingleVariableTemplatesNumber_PredictedCDHG_splitClauses_0":["8"],
"minedBinaryVariableTemplatesNumber_All_splitClauses_0":["0"],
"averagePredicateSize_PredictedCDHG_splitClauses_1":["10800000"],
"predicateGeneratorTime_PredictedCG_splitClauses_0":["10800000"],
"generatedPredicateNumber_RelationalIneqs_splitClauses_0":["10800000"],
"labeledTemplateNumber_Empty_splitClauses_0":["8"],
"relationSymbolNumberAfterSimplification_RelationalIneqs_splitClauses_1":["12674"],
"unlabeledTemplateRelationSymbolNumber_Term_splitClauses_0":["1"],
"minedTemplateNumber_All_splitClauses_1":["10"],
"labeledSingleVariableTemplatesNumber_Empty_splitClauses_1":["8"],
"minedBinaryVariableTemplatesNumber_Unlabeled_splitClauses_0":["0"],
"labeledTemplateNumber_Random_splitClauses_0":["8"],
"minedBinaryVariableTemplatesNumber_All_splitClauses_1":["0"],
"unlabeledSingleVariableTemplatesNumber_All_splitClauses_0":["10"],
"relationSymbolNumberBeforeSimplification_Labeled_splitClauses_1":["36"],
"smt2FileSizeByte_PredictedCDHG_splitClauses_1":["9207"],
"labeledBinaryVariableTemplatesNumber_PredictedCDHG_splitClauses_0":["0"],
"averagePredicateSize_RelationalEqs_splitClauses_1":["1"],
"minedSingleVariableTemplatesNumber_Term_splitClauses_0":["10"],
"labeledTemplateRelationSymbolNumber_Term_splitClauses_1":["1"],
"generatedPredicateNumber_Random_splitClauses_0":["10800000"],
"labeledBinaryVariableTemplatesNumber_Empty_splitClauses_1":["0"],
"relationSymbolNumberAfterSimplification_Term_splitClauses_1":["12674"],
"clauseNumberAfterSimplification_Labeled_splitClauses_0":["8129"],
"labeledSingleVariableTemplatesNumber_Labeled_splitClauses_0":["8"],
"minedTemplateNumber_Mined_splitClauses_1":["10"],
"labeledTemplateRelationSymbolNumber_Labeled_splitClauses_0":["1"],
"unlabeledTemplateRelationSymbolNumber_Mined_splitClauses_1":["1"],
"solvability_Labeled_splitClauses_0":["10800000"],
"minedTemplateNumber_RelationalEqs_splitClauses_1":["10"],
"solvingTime_Random_splitClauses_1":["10868"],
"minedTemplateNumber_Random_splitClauses_0":["10"],
"cegarIterationNumber_Unlabeled_splitClauses_1":["18"],
"minedTemplateNumber_RelationalIneqs_splitClauses_1":["10"],
"unlabeledBinaryVariableTemplatesNumber_Octagon_splitClauses_1":["0"],
"minedSingleVariableTemplatesNumber_Octagon_splitClauses_1":["10"],
"minedSingleVariableTemplatesNumber_Random_splitClauses_1":["10"],
"averagePredicateSize_All_splitClauses_1":["10800000"],
"minedTemplateNumber_Empty_splitClauses_0":["10"],
"labeledTemplateNumber_Mined_splitClauses_0":["8"],
"unlabeledBinaryVariableTemplatesNumber_All_splitClauses_0":["0"],
"relationSymbolNumberAfterSimplification_Labeled_splitClauses_1":["12674"],
"labeledSingleVariableTemplatesNumber_PredictedCDHG_splitClauses_1":["8"],
"minedSingleVariableTemplatesNumber_Mined_splitClauses_1":["10"],
"labeledTemplateRelationSymbolNumber_Term_splitClauses_0":["1"],
"unlabeledTemplateRelationSymbolNumber_Term_splitClauses_1":["1"],
"predicateGeneratorTime_All_splitClauses_1":["10800000"],
"unlabeledSingleVariableTemplatesNumber_Random_splitClauses_0":["10"],
"predicateGeneratorTime_Unlabeled_splitClauses_1":["314"],
"cegarIterationNumber_PredictedCDHG_splitClauses_0":["10800000"],
"labeledTemplateNumber_RelationalEqs_splitClauses_0":["8"],
"labeledTemplateRelationSymbolNumber_Mined_splitClauses_1":["1"],
"labeledTemplateRelationSymbolNumber_Random_splitClauses_0":["1"],
"labeledBinaryVariableTemplatesNumber_RelationalEqs_splitClauses_1":["0"],
"generatedPredicateNumber_RelationalIneqs_splitClauses_1":["18"],
"unlabeledTemplateRelationSymbolNumber_PredictedCG_splitClauses_1":["1"],
"unlabeledSingleVariableTemplatesNumber_RelationalEqs_splitClauses_0":["10"],
"labeledBinaryVariableTemplatesNumber_Labeled_splitClauses_0":["0"],
"minedBinaryVariableTemplatesNumber_PredictedCDHG_splitClauses_0":["0"],
"unlabeledTemplateRelationSymbolNumber_Unlabeled_splitClauses_0":["1"],
"clauseNumberAfterSimplification_Term_splitClauses_1":["8129"],
"unlabeledTemplateNumber_Octagon_splitClauses_0":["10"],
"unlabeledBinaryVariableTemplatesNumber_RelationalEqs_splitClauses_1":["0"],
"unlabeledTemplateNumber_PredictedCG_splitClauses_0":["10"],
"unlabeledTemplateNumber_All_splitClauses_0":["10"],
"labeledTemplateRelationSymbolNumber_RelationalIneqs_splitClauses_1":["1"],
"unlabeledSingleVariableTemplatesNumber_Mined_splitClauses_1":["10"],
"labeledTemplateRelationSymbolNumber_Unlabeled_splitClauses_1":["1"],
"labeledBinaryVariableTemplatesNumber_Random_splitClauses_1":["0"],
"solvability_Random_splitClauses_1":["1"],
"solvingTime_Term_splitClauses_0":["10800000"],
"minedSingleVariableTemplatesNumber_Labeled_splitClauses_1":["10"],
"clauseNumberBeforeSimplification_Term_splitClauses_0":["13"],
"relationSymbolNumberBeforeSimplification_RelationalIneqs_splitClauses_1":["36"],
"minedTemplateRelationSymbolNumber_Mined_splitClauses_0":["1"],
"solvability_Octagon_splitClauses_1":["1"],
"minedSingleVariableTemplatesNumber_RelationalIneqs_splitClauses_1":["10"],
"smt2FileSizeByte_Labeled_splitClauses_0":["9207"],
"solvability_RelationalEqs_splitClauses_1":["1"],
"unlabeledSingleVariableTemplatesNumber_Empty_splitClauses_1":["10"],
"labeledTemplateNumber_PredictedCDHG_splitClauses_1":["8"],
"minedTemplateRelationSymbolNumber_Octagon_splitClauses_0":["1"],
"clauseNumberAfterSimplification_Unlabeled_splitClauses_0":["8129"],
"clauseNumberBeforeSimplification_Unlabeled_splitClauses_0":["13"],
"clauseNumberBeforeSimplification_PredictedCDHG_splitClauses_0":["13"],
"cegarIterationNumber_RelationalIneqs_splitClauses_0":["10800000"],
"labeledTemplateRelationSymbolNumber_RelationalEqs_splitClauses_0":["1"],
"averagePredicateSize_Labeled_splitClauses_0":["10800000"],
"smt2FileSizeByte_RelationalIneqs_splitClauses_1":["9207"],
"clauseNumberBeforeSimplification_RelationalEqs_splitClauses_1":["13"],
"unlabeledTemplateRelationSymbolNumber_RelationalIneqs_splitClauses_1":["1"],
"clauseNumberBeforeSimplification_PredictedCG_splitClauses_0":["13"],
"solvingTime_PredictedCDHG_splitClauses_0":["10800000"],
"labeledTemplateRelationSymbolNumber_Octagon_splitClauses_1":["1"],
"minedTemplateRelationSymbolNumber_PredictedCG_splitClauses_1":["1"],
"relationSymbolNumberBeforeSimplification_RelationalEqs_splitClauses_1":["36"],
"labeledTemplateNumber_Random_splitClauses_1":["8"],
"solvingTime_RelationalIneqs_splitClauses_0":["10800000"],
"labeledTemplateNumber_All_splitClauses_1":["8"],
"unlabeledTemplateNumber_Random_splitClauses_1":["10"],
"relationSymbolNumberBeforeSimplification_All_splitClauses_0":["36"],
"smt2FileSizeByte_Unlabeled_splitClauses_1":["9207"],
"cegarIterationNumber_PredictedCG_splitClauses_0":["10800000"],
"predicateGeneratorTime_Octagon_splitClauses_0":["10800000"],
"unlabeledTemplateNumber_RelationalEqs_splitClauses_1":["10"],
"clauseNumberAfterSimplification_Octagon_splitClauses_0":["8129"],
"cegarIterationNumber_Random_splitClauses_0":["10800000"],
"solvability_PredictedCDHG_splitClauses_1":["10800000"],
"solvability_PredictedCG_splitClauses_0":["10800000"],
"solvingTime_PredictedCG_splitClauses_1":["10800000"],
"unlabeledSingleVariableTemplatesNumber_Unlabeled_splitClauses_0":["10"],
"unlabeledTemplateNumber_Unlabeled_splitClauses_0":["10"],
"labeledTemplateRelationSymbolNumber_RelationalIneqs_splitClauses_0":["1"],
"minedTemplateNumber_Random_splitClauses_1":["10"],
"generatedPredicateNumber_RelationalEqs_splitClauses_0":["10800000"],
"minedTemplateNumber_Term_splitClauses_0":["10"],
"solvingTime_All_splitClauses_1":["10800000"],
"minedSingleVariableTemplatesNumber_PredictedCG_splitClauses_0":["10"],
"smt2FileSizeByte_Term_splitClauses_1":["9207"],
"labeledBinaryVariableTemplatesNumber_All_splitClauses_0":["0"],
"minedTemplateNumber_PredictedCDHG_splitClauses_1":["10"],
"minedTemplateRelationSymbolNumber_PredictedCDHG_splitClauses_0":["1"],
"averagePredicateSize_Unlabeled_splitClauses_0":["10800000"],
"minedBinaryVariableTemplatesNumber_Octagon_splitClauses_1":["0"],
"unlabeledSingleVariableTemplatesNumber_Random_splitClauses_1":["10"],
"clauseNumberBeforeSimplification_Random_splitClauses_0":["13"],
"solvingTime_Unlabeled_splitClauses_1":["11545"],
"predicateGeneratorTime_PredictedCDHG_splitClauses_1":["10800000"],
"averagePredicateSize_PredictedCDHG_splitClauses_0":["10800000"],
"relationSymbolNumberAfterSimplification_RelationalEqs_splitClauses_0":["12674"],
"minedBinaryVariableTemplatesNumber_Term_splitClauses_0":["0"],
"labeledTemplateNumber_RelationalIneqs_splitClauses_0":["8"],
"clauseNumberAfterSimplification_Random_splitClauses_0":["8129"],
"clauseNumberAfterSimplification_PredictedCG_splitClauses_0":["8129"],
"generatedPredicateNumber_Empty_splitClauses_1":["18"],
"clauseNumberBeforeSimplification_Octagon_splitClauses_0":["13"],
"unlabeledTemplateNumber_Empty_splitClauses_0":["10"],
"minedSingleVariableTemplatesNumber_All_splitClauses_0":["10"],
"labeledTemplateRelationSymbolNumber_Octagon_splitClauses_0":["1"],
"generatedPredicateNumber_Random_splitClauses_1":["18"],
"clauseNumberAfterSimplification_RelationalEqs_splitClauses_0":["8129"],
"labeledBinaryVariableTemplatesNumber_Term_splitClauses_0":["0"],
"minedSingleVariableTemplatesNumber_RelationalEqs_splitClauses_0":["10"],
"minedTemplateNumber_Mined_splitClauses_0":["10"],
"relationSymbolNumberBeforeSimplification_PredictedCG_splitClauses_0":["36"],
"averagePredicateSize_Octagon_splitClauses_0":["10800000"],
"unlabeledBinaryVariableTemplatesNumber_Empty_splitClauses_1":["0"],
"unlabeledSingleVariableTemplatesNumber_PredictedCDHG_splitClauses_0":["10"],
"unlabeledSingleVariableTemplatesNumber_PredictedCG_splitClauses_1":["10"],
"labeledTemplateRelationSymbolNumber_Labeled_splitClauses_1":["1"],
"minedTemplateRelationSymbolNumber_Random_splitClauses_0":["1"],
"unlabeledTemplateRelationSymbolNumber_PredictedCG_splitClauses_0":["1"],
"unlabeledTemplateNumber_RelationalIneqs_splitClauses_0":["10"],
"unlabeledSingleVariableTemplatesNumber_Labeled_splitClauses_0":["10"],
"relationSymbolNumberAfterSimplification_PredictedCG_splitClauses_0":["12674"],
"minedTemplateNumber_Unlabeled_splitClauses_1":["10"],
"generatedPredicateNumber_PredictedCG_splitClauses_0":["10800000"],
"labeledTemplateNumber_Unlabeled_splitClauses_1":["8"],
"unlabeledTemplateRelationSymbolNumber_Empty_splitClauses_1":["1"],
"clauseNumberBeforeSimplification_Empty_splitClauses_0":["13"],
"solvingTime_Octagon_splitClauses_1":["12169"],
"cegarIterationNumber_Mined_splitClauses_1":["18"],
"clauseNumberBeforeSimplification_Mined_splitClauses_1":["13"],
"smt2FileSizeByte_PredictedCDHG_splitClauses_0":["9207"],
"averagePredicateSize_PredictedCG_splitClauses_0":["10800000"],
"solvingTime_Random_splitClauses_0":["10800000"],
"minedTemplateNumber_RelationalEqs_splitClauses_0":["10"],
"unlabeledSingleVariableTemplatesNumber_RelationalIneqs_splitClauses_0":["10"],
"unlabeledTemplateNumber_Unlabeled_splitClauses_1":["10"],
"labeledBinaryVariableTemplatesNumber_RelationalEqs_splitClauses_0":["0"],
"generatedPredicateNumber_PredictedCDHG_splitClauses_0":["10800000"],
"relationSymbolNumberAfterSimplification_RelationalIneqs_splitClauses_0":["12674"],
"minedTemplateRelationSymbolNumber_Empty_splitClauses_1":["1"],
"predicateGeneratorTime_Random_splitClauses_1":["369"],
"labeledTemplateNumber_Term_splitClauses_1":["8"],
"relationSymbolNumberBeforeSimplification_RelationalEqs_splitClauses_0":["36"],
"minedSingleVariableTemplatesNumber_Empty_splitClauses_1":["10"],
"minedSingleVariableTemplatesNumber_RelationalIneqs_splitClauses_0":["10"],
"clauseNumberAfterSimplification_All_splitClauses_0":["8129"],
"unlabeledBinaryVariableTemplatesNumber_RelationalEqs_splitClauses_0":["0"],
"cegarIterationNumber_RelationalEqs_splitClauses_0":["10800000"],
"labeledTemplateRelationSymbolNumber_PredictedCDHG_splitClauses_0":["1"],
"labeledSingleVariableTemplatesNumber_Labeled_splitClauses_1":["8"],
"unlabeledBinaryVariableTemplatesNumber_All_splitClauses_1":["0"],
"minedTemplateRelationSymbolNumber_Unlabeled_splitClauses_1":["1"],
"solvingTime_RelationalEqs_splitClauses_0":["10800000"],
"solvingTime_RelationalEqs_splitClauses_1":["11619"],
"minedBinaryVariableTemplatesNumber_Mined_splitClauses_0":["0"],
"clauseNumberBeforeSimplification_All_splitClauses_0":["13"],
"clauseNumberBeforeSimplification_RelationalIneqs_splitClauses_1":["13"],
"labeledTemplateNumber_RelationalEqs_splitClauses_1":["8"],
"labeledBinaryVariableTemplatesNumber_RelationalIneqs_splitClauses_0":["0"],
"relationSymbolNumberBeforeSimplification_Labeled_splitClauses_0":["36"],
"clauseNumberAfterSimplification_Empty_splitClauses_0":["8129"],
"averagePredicateSize_Empty_splitClauses_0":["10800000"],
"unlabeledTemplateNumber_Term_splitClauses_1":["10"],
"predicateGeneratorTime_Mined_splitClauses_1":["235"],
"labeledBinaryVariableTemplatesNumber_RelationalIneqs_splitClauses_1":["0"],
"predicateGeneratorTime_Unlabeled_splitClauses_0":["10800000"],
"relationSymbolNumberAfterSimplification_Empty_splitClauses_0":["12674"],
"generatedPredicateNumber_Mined_splitClauses_0":["10800000"],
"generatedPredicateNumber_RelationalEqs_splitClauses_1":["18"],
"labeledTemplateRelationSymbolNumber_PredictedCG_splitClauses_0":["1"],
"minedSingleVariableTemplatesNumber_PredictedCG_splitClauses_1":["10"],
"minedTemplateRelationSymbolNumber_PredictedCG_splitClauses_0":["1"],
"unlabeledTemplateRelationSymbolNumber_Labeled_splitClauses_0":["1"],
"solvability_Empty_splitClauses_1":["1"],
"averagePredicateSize_Term_splitClauses_0":["10800000"],
"cegarIterationNumber_Random_splitClauses_1":["18"],
"averagePredicateSize_Labeled_splitClauses_1":["1"],
"unlabeledBinaryVariableTemplatesNumber_Unlabeled_splitClauses_0":["0"],
"generatedPredicateNumber_Unlabeled_splitClauses_1":["18"],
"predicateGeneratorTime_All_splitClauses_0":["10800000"],
"unlabeledBinaryVariableTemplatesNumber_PredictedCDHG_splitClauses_1":["0"],
"clauseNumberBeforeSimplification_Labeled_splitClauses_1":["13"],
"minedBinaryVariableTemplatesNumber_Labeled_splitClauses_1":["0"],
"labeledSingleVariableTemplatesNumber_All_splitClauses_0":["8"],
"unlabeledTemplateRelationSymbolNumber_Mined_splitClauses_0":["1"],
"cegarIterationNumber_Octagon_splitClauses_1":["18"],
"labeledTemplateNumber_Octagon_splitClauses_0":["8"],
"labeledTemplateRelationSymbolNumber_All_splitClauses_1":["1"],
"smt2FileSizeByte_Empty_splitClauses_0":["9207"],
"unlabeledTemplateNumber_Octagon_splitClauses_1":["10"],
"predicateGeneratorTime_RelationalEqs_splitClauses_0":["10800000"],
"unlabeledTemplateRelationSymbolNumber_RelationalIneqs_splitClauses_0":["1"],
"smt2FileSizeByte_RelationalEqs_splitClauses_1":["9207"],
"unlabeledTemplateNumber_Labeled_splitClauses_0":["10"],
"minedSingleVariableTemplatesNumber_Labeled_splitClauses_0":["10"],
"solvingTime_PredictedCDHG_splitClauses_1":["10800000"],
"relationSymbolNumberBeforeSimplification_Term_splitClauses_1":["36"],
"minedTemplateNumber_Octagon_splitClauses_1":["10"],
"clauseNumberBeforeSimplification_Mined_splitClauses_0":["13"],
"smt2FileSizeByte_All_splitClauses_0":["9207"],
"solvingTime_All_splitClauses_0":["10800000"],
"minedBinaryVariableTemplatesNumber_Term_splitClauses_1":["0"],
"unlabeledTemplateRelationSymbolNumber_Random_splitClauses_0":["1"],
"cegarIterationNumber_All_splitClauses_0":["10800000"],
"smt2FileSizeByte_RelationalEqs_splitClauses_0":["9207"],
"unlabeledSingleVariableTemplatesNumber_PredictedCDHG_splitClauses_1":["10"],
"clauseNumberBeforeSimplification_Labeled_splitClauses_0":["13"],
"cegarIterationNumber_PredictedCG_splitClauses_1":["10800000"],
"labeledTemplateRelationSymbolNumber_Unlabeled_splitClauses_0":["1"],
"unlabeledTemplateRelationSymbolNumber_Octagon_splitClauses_1":["1"],
"unlabeledTemplateNumber_Empty_splitClauses_1":["10"],
"clauseNumberBeforeSimplification_Octagon_splitClauses_1":["13"],
"labeledTemplateNumber_Unlabeled_splitClauses_0":["8"],
"labeledBinaryVariableTemplatesNumber_PredictedCG_splitClauses_0":["0"],
"solvability_Term_splitClauses_1":["1"],
"solvability_Octagon_splitClauses_0":["10800000"],
"minedTemplateRelationSymbolNumber_RelationalIneqs_splitClauses_0":["1"],
"clauseNumberBeforeSimplification_RelationalIneqs_splitClauses_0":["13"],
"labeledTemplateNumber_PredictedCG_splitClauses_0":["8"],
"cegarIterationNumber_Labeled_splitClauses_0":["10800000"],
"smt2FileSizeByte_Labeled_splitClauses_1":["9207"],
"clauseNumberBeforeSimplification_Unlabeled_splitClauses_1":["13"],
"generatedPredicateNumber_Term_splitClauses_1":["18"],
"solvingTime_Term_splitClauses_1":["10471"],
"unlabeledBinaryVariableTemplatesNumber_Random_splitClauses_1":["0"],
"unlabeledSingleVariableTemplatesNumber_Octagon_splitClauses_0":["10"],
"solvingTime_Octagon_splitClauses_0":["10800000"],
"labeledSingleVariableTemplatesNumber_Mined_splitClauses_1":["8"],
"averagePredicateSize_Term_splitClauses_1":["1"],
"labeledTemplateNumber_Labeled_splitClauses_0":["8"],
"unlabeledSingleVariableTemplatesNumber_PredictedCG_splitClauses_0":["10"],
"smt2FileSizeByte_Mined_splitClauses_1":["9207"],
"labeledBinaryVariableTemplatesNumber_Unlabeled_splitClauses_1":["0"],
"labeledTemplateNumber_All_splitClauses_0":["8"],
"unlabeledTemplateNumber_Random_splitClauses_0":["10"],
"labeledTemplateNumber_Octagon_splitClauses_1":["8"],
"unlabeledTemplateNumber_PredictedCDHG_splitClauses_1":["10"],
"unlabeledBinaryVariableTemplatesNumber_Mined_splitClauses_0":["0"],
"minedTemplateRelationSymbolNumber_Mined_splitClauses_1":["1"],
"labeledTemplateNumber_RelationalIneqs_splitClauses_1":["8"],
"relationSymbolNumberAfterSimplification_All_splitClauses_0":["12674"],
"relationSymbolNumberBeforeSimplification_PredictedCDHG_splitClauses_0":["36"],
"solvability_Term_splitClauses_0":["10800000"],
"clauseNumberBeforeSimplification_PredictedCG_splitClauses_1":["13"],
"generatedPredicateNumber_Labeled_splitClauses_1":["18"],
"labeledSingleVariableTemplatesNumber_Unlabeled_splitClauses_0":["8"],
"unlabeledBinaryVariableTemplatesNumber_Empty_splitClauses_0":["0"],
"solvingTime_Mined_splitClauses_0":["10800000"],
"unlabeledTemplateNumber_All_splitClauses_1":["10"],
"clauseNumberAfterSimplification_Random_splitClauses_1":["8129"],
"labeledBinaryVariableTemplatesNumber_Octagon_splitClauses_1":["0"],
"unlabeledBinaryVariableTemplatesNumber_Labeled_splitClauses_0":["0"],
"smt2FileSizeByte_Octagon_splitClauses_0":["9207"],
"labeledSingleVariableTemplatesNumber_Random_splitClauses_1":["8"],
"solvability_Unlabeled_splitClauses_0":["10800000"],
"solvingTime_Unlabeled_splitClauses_0":["10800000"],
"unlabeledTemplateRelationSymbolNumber_All_splitClauses_1":["1"],
"minedTemplateNumber_Empty_splitClauses_1":["10"],
"solvability_RelationalIneqs_splitClauses_0":["10800000"],
"unlabeledTemplateRelationSymbolNumber_Labeled_splitClauses_1":["1"],
"cegarIterationNumber_RelationalEqs_splitClauses_1":["18"],
"minedSingleVariableTemplatesNumber_RelationalEqs_splitClauses_1":["10"],
"clauseNumberAfterSimplification_PredictedCDHG_splitClauses_1":["8129"],
"minedBinaryVariableTemplatesNumber_RelationalIneqs_splitClauses_1":["0"],
"unlabeledBinaryVariableTemplatesNumber_Mined_splitClauses_1":["0"],
"unlabeledBinaryVariableTemplatesNumber_PredictedCDHG_splitClauses_0":["0"],
"solvingTime_Empty_splitClauses_1":["11697"],
"labeledTemplateRelationSymbolNumber_Empty_splitClauses_1":["1"],
"generatedPredicateNumber_Term_splitClauses_0":["10800000"],
"averagePredicateSize_Empty_splitClauses_1":["1"],
"generatedPredicateNumber_PredictedCG_splitClauses_1":["10800000"],
"labeledTemplateRelationSymbolNumber_PredictedCDHG_splitClauses_1":["1"],
"predicateGeneratorTime_Mined_splitClauses_0":["10800000"],
"relationSymbolNumberBeforeSimplification_Term_splitClauses_0":["36"],
"predicateGeneratorTime_Labeled_splitClauses_0":["10800000"],
"labeledSingleVariableTemplatesNumber_Random_splitClauses_0":["8"],
"unlabeledTemplateRelationSymbolNumber_All_splitClauses_0":["1"],
"minedBinaryVariableTemplatesNumber_Labeled_splitClauses_0":["0"],
"generatedPredicateNumber_Labeled_splitClauses_0":["10800000"],
"relationSymbolNumberAfterSimplification_Empty_splitClauses_1":["12674"],
"solvingTime_Mined_splitClauses_1":["10168"],
"minedSingleVariableTemplatesNumber_All_splitClauses_1":["10"],
"predicateGeneratorTime_Random_splitClauses_0":["10800000"],
"cegarIterationNumber_Term_splitClauses_1":["18"],
"labeledTemplateNumber_Empty_splitClauses_1":["8"],
"clauseNumberAfterSimplification_Empty_splitClauses_1":["8129"],
"minedTemplateRelationSymbolNumber_Empty_splitClauses_0":["1"],
"unlabeledSingleVariableTemplatesNumber_Term_splitClauses_0":["10"],
"minedSingleVariableTemplatesNumber_Empty_splitClauses_0":["10"],
"relationSymbolNumberAfterSimplification_Random_splitClauses_0":["12674"],
"minedTemplateRelationSymbolNumber_RelationalEqs_splitClauses_0":["1"],
"cegarIterationNumber_Empty_splitClauses_0":["10800000"],
"minedBinaryVariableTemplatesNumber_RelationalEqs_splitClauses_1":["0"],
"relationSymbolNumberBeforeSimplification_PredictedCG_splitClauses_1":["36"],
"labeledSingleVariableTemplatesNumber_All_splitClauses_1":["8"],
"unlabeledTemplateRelationSymbolNumber_Octagon_splitClauses_0":["1"],
"minedTemplateRelationSymbolNumber_Unlabeled_splitClauses_0":["1"],
"labeledBinaryVariableTemplatesNumber_Mined_splitClauses_0":["0"],
"relationSymbolNumberAfterSimplification_Unlabeled_splitClauses_1":["12674"],
"minedTemplateNumber_PredictedCG_splitClauses_1":["10"],
"cegarIterationNumber_Empty_splitClauses_1":["18"],
"averagePredicateSize_RelationalIneqs_splitClauses_0":["10800000"],
"solvability_All_splitClauses_1":["10800000"],
"unlabeledBinaryVariableTemplatesNumber_Term_splitClauses_1":["0"],
"minedTemplateRelationSymbolNumber_Labeled_splitClauses_1":["1"],
"averagePredicateSize_Unlabeled_splitClauses_1":["1"],
"labeledTemplateNumber_Term_splitClauses_0":["8"],
"smt2FileSizeByte_Empty_splitClauses_1":["9207"],
"solvingTime_PredictedCG_splitClauses_0":["10800000"],
"cegarIterationNumber_All_splitClauses_1":["10800000"],
"clauseNumberBeforeSimplification_Term_splitClauses_1":["13"],
"predicateGeneratorTime_Empty_splitClauses_0":["10800000"],
"relationSymbolNumberBeforeSimplification_Empty_splitClauses_1":["36"],
"averagePredicateSize_All_splitClauses_0":["10800000"],
"unlabeledBinaryVariableTemplatesNumber_Random_splitClauses_0":["0"],
"smt2FileSizeByte_Term_splitClauses_0":["9207"],
"averagePredicateSize_Mined_splitClauses_1":["1"],
"minedBinaryVariableTemplatesNumber_Empty_splitClauses_0":["0"],
"minedTemplateRelationSymbolNumber_All_splitClauses_1":["1"],
"labeledSingleVariableTemplatesNumber_PredictedCG_splitClauses_0":["8"],
"unlabeledBinaryVariableTemplatesNumber_RelationalIneqs_splitClauses_0":["0"],
"unlabeledSingleVariableTemplatesNumber_RelationalIneqs_splitClauses_1":["10"],
"clauseNumberAfterSimplification_RelationalIneqs_splitClauses_0":["8129"],
"unlabeledTemplateNumber_RelationalEqs_splitClauses_0":["10"],
"unlabeledTemplateNumber_RelationalIneqs_splitClauses_1":["10"],
"labeledTemplateRelationSymbolNumber_PredictedCG_splitClauses_1":["1"],
"labeledTemplateRelationSymbolNumber_All_splitClauses_0":["1"],
"labeledSingleVariableTemplatesNumber_Octagon_splitClauses_0":["8"],
"dummyFiled":[]
}