{
"smt2FileSizeByte_All_splitClauses_1":["53130"],
"generatedPredicateNumber_All_splitClauses_1":["10800000"],
"unlabeledTemplateRelationSymbolNumber_PredictedCDHG_splitClauses_0":["27"],
"predicateGeneratorTime_Term_splitClauses_0":["10800000"],
"averagePredicateSize_Random_splitClauses_1":["10800000"],
"labeledBinaryVariableTemplatesNumber_Labeled_splitClauses_1":["16"],
"clauseNumberBeforeSimplification_All_splitClauses_1":["131"],
"minedTemplateRelationSymbolNumber_Term_splitClauses_0":["27"],
"solvingTime_Labeled_splitClauses_1":["10800000"],
"unlabeledTemplateNumber_Labeled_splitClauses_1":["1367"],
"relationSymbolNumber_Term_splitClauses_1":["135"],
"minedTemplateRelationSymbolNumber_Octagon_splitClauses_1":["27"],
"clauseNumberAfterSimplification_Mined_splitClauses_1":["92"],
"unlabeledBinaryVariableTemplatesNumber_Term_splitClauses_0":["852"],
"labeledTemplateNumber_PredictedCDHG_splitClauses_0":["17"],
"relationSymbolNumber_RelationalEqs_splitClauses_1":["135"],
"solvability_Empty_splitClauses_0":["10800000"],
"unlabeledTemplateRelationSymbolNumber_Random_splitClauses_1":["27"],
"labeledBinaryVariableTemplatesNumber_Octagon_splitClauses_0":["16"],
"minedTemplateRelationSymbolNumber_Random_splitClauses_1":["27"],
"unlabeledSingleVariableTemplatesNumber_Mined_splitClauses_0":["515"],
"unlabeledBinaryVariableTemplatesNumber_PredictedCG_splitClauses_1":["852"],
"solvability_All_splitClauses_0":["10800000"],
"predicateGeneratorTime_RelationalEqs_splitClauses_1":["10800000"],
"smt2FileSizeByte_PredictedCG_splitClauses_1":["53130"],
"labeledSingleVariableTemplatesNumber_Unlabeled_splitClauses_1":["1"],
"labeledBinaryVariableTemplatesNumber_PredictedCG_splitClauses_1":["16"],
"minedBinaryVariableTemplatesNumber_PredictedCG_splitClauses_0":["16"],
"solvability_Random_splitClauses_0":["10800000"],
"clauseNumberBeforeSimplification_PredictedCDHG_splitClauses_1":["131"],
"labeledSingleVariableTemplatesNumber_Mined_splitClauses_0":["1"],
"solvability_Unlabeled_splitClauses_1":["10800000"],
"cegarIterationNumber_Labeled_splitClauses_1":["10800000"],
"smt2FileSizeByte_Mined_splitClauses_0":["53130"],
"labeledSingleVariableTemplatesNumber_PredictedCG_splitClauses_1":["1"],
"smt2FileSizeByte_Octagon_splitClauses_1":["53130"],
"minedTemplateNumber_Labeled_splitClauses_1":["193"],
"labeledSingleVariableTemplatesNumber_RelationalIneqs_splitClauses_1":["1"],
"clauseNumberAfterSimplification_Labeled_splitClauses_1":["92"],
"smt2FileSizeByte_Random_splitClauses_0":["53130"],
"unlabeledTemplateRelationSymbolNumber_PredictedCDHG_splitClauses_1":["27"],
"labeledSingleVariableTemplatesNumber_Term_splitClauses_0":["1"],
"generatedPredicateNumber_PredictedCDHG_splitClauses_1":["10800000"],
"minedSingleVariableTemplatesNumber_Unlabeled_splitClauses_0":["177"],
"generatedPredicateNumber_Octagon_splitClauses_1":["10800000"],
"labeledSingleVariableTemplatesNumber_RelationalEqs_splitClauses_0":["1"],
"predicateGeneratorTime_PredictedCG_splitClauses_1":["10800000"],
"labeledTemplateNumber_Labeled_splitClauses_1":["17"],
"labeledSingleVariableTemplatesNumber_Empty_splitClauses_0":["1"],
"minedTemplateRelationSymbolNumber_RelationalIneqs_splitClauses_1":["27"],
"unlabeledSingleVariableTemplatesNumber_All_splitClauses_1":["515"],
"labeledBinaryVariableTemplatesNumber_PredictedCDHG_splitClauses_1":["16"],
"unlabeledSingleVariableTemplatesNumber_RelationalEqs_splitClauses_1":["515"],
"cegarIterationNumber_Term_splitClauses_0":["10800000"],
"unlabeledBinaryVariableTemplatesNumber_Labeled_splitClauses_1":["852"],
"unlabeledSingleVariableTemplatesNumber_Term_splitClauses_1":["515"],
"clauseNumberAfterSimplification_All_splitClauses_1":["92"],
"minedSingleVariableTemplatesNumber_Random_splitClauses_0":["177"],
"solvability_RelationalIneqs_splitClauses_1":["10800000"],
"minedTemplateNumber_Labeled_splitClauses_0":["193"],
"minedSingleVariableTemplatesNumber_Octagon_splitClauses_0":["177"],
"minedSingleVariableTemplatesNumber_Term_splitClauses_1":["177"],
"minedBinaryVariableTemplatesNumber_PredictedCDHG_splitClauses_1":["16"],
"generatedPredicateNumber_Mined_splitClauses_1":["27"],
"relationSymbolNumber_Octagon_splitClauses_1":["135"],
"relationSymbolNumber_Unlabeled_splitClauses_1":["135"],
"labeledSingleVariableTemplatesNumber_RelationalIneqs_splitClauses_0":["1"],
"averagePredicateSize_Mined_splitClauses_0":["10800000"],
"cegarIterationNumber_Unlabeled_splitClauses_0":["10800000"],
"minedBinaryVariableTemplatesNumber_Random_splitClauses_0":["16"],
"labeledTemplateNumber_Mined_splitClauses_1":["17"],
"labeledBinaryVariableTemplatesNumber_Random_splitClauses_0":["16"],
"unlabeledTemplateRelationSymbolNumber_Unlabeled_splitClauses_1":["27"],
"cegarIterationNumber_Mined_splitClauses_0":["10800000"],
"minedTemplateRelationSymbolNumber_Labeled_splitClauses_0":["27"],
"unlabeledBinaryVariableTemplatesNumber_RelationalIneqs_splitClauses_1":["852"],
"unlabeledBinaryVariableTemplatesNumber_Octagon_splitClauses_0":["852"],
"solvability_Mined_splitClauses_0":["10800000"],
"averagePredicateSize_RelationalEqs_splitClauses_0":["10800000"],
"clauseNumberAfterSimplification_Term_splitClauses_0":["92"],
"unlabeledTemplateNumber_Mined_splitClauses_0":["1367"],
"unlabeledTemplateNumber_PredictedCDHG_splitClauses_0":["1367"],
"cegarIterationNumber_RelationalIneqs_splitClauses_1":["10800000"],
"minedBinaryVariableTemplatesNumber_Unlabeled_splitClauses_1":["16"],
"labeledTemplateNumber_PredictedCG_splitClauses_1":["17"],
"labeledTemplateRelationSymbolNumber_Mined_splitClauses_0":["6"],
"labeledBinaryVariableTemplatesNumber_Mined_splitClauses_1":["16"],
"clauseNumberAfterSimplification_RelationalIneqs_splitClauses_1":["92"],
"minedSingleVariableTemplatesNumber_PredictedCDHG_splitClauses_0":["177"],
"solvability_Labeled_splitClauses_1":["10800000"],
"labeledSingleVariableTemplatesNumber_Octagon_splitClauses_1":["1"],
"averagePredicateSize_Random_splitClauses_0":["10800000"],
"smt2FileSizeByte_RelationalIneqs_splitClauses_0":["53130"],
"generatedPredicateNumber_Unlabeled_splitClauses_0":["10800000"],
"solvability_RelationalEqs_splitClauses_0":["10800000"],
"predicateGeneratorTime_Empty_splitClauses_1":["10800000"],
"minedSingleVariableTemplatesNumber_Mined_splitClauses_0":["177"],
"minedTemplateRelationSymbolNumber_PredictedCDHG_splitClauses_1":["27"],
"minedTemplateNumber_PredictedCG_splitClauses_0":["193"],
"averagePredicateSize_RelationalIneqs_splitClauses_1":["10800000"],
"labeledTemplateRelationSymbolNumber_Random_splitClauses_1":["6"],
"minedTemplateNumber_RelationalIneqs_splitClauses_0":["193"],
"predicateGeneratorTime_RelationalIneqs_splitClauses_0":["10800000"],
"labeledTemplateRelationSymbolNumber_Empty_splitClauses_0":["6"],
"minedBinaryVariableTemplatesNumber_Octagon_splitClauses_0":["16"],
"relationSymbolNumber_Labeled_splitClauses_0":["135"],
"labeledSingleVariableTemplatesNumber_Term_splitClauses_1":["1"],
"labeledBinaryVariableTemplatesNumber_Empty_splitClauses_0":["16"],
"minedTemplateNumber_Octagon_splitClauses_0":["193"],
"labeledBinaryVariableTemplatesNumber_Unlabeled_splitClauses_0":["16"],
"clauseNumberAfterSimplification_PredictedCDHG_splitClauses_0":["92"],
"smt2FileSizeByte_PredictedCG_splitClauses_0":["53130"],
"minedBinaryVariableTemplatesNumber_RelationalEqs_splitClauses_0":["16"],
"labeledTemplateRelationSymbolNumber_RelationalEqs_splitClauses_1":["6"],
"minedBinaryVariableTemplatesNumber_Random_splitClauses_1":["16"],
"clauseNumberAfterSimplification_Unlabeled_splitClauses_1":["92"],
"minedSingleVariableTemplatesNumber_PredictedCDHG_splitClauses_1":["177"],
"labeledBinaryVariableTemplatesNumber_Term_splitClauses_1":["16"],
"clauseNumberBeforeSimplification_Empty_splitClauses_1":["131"],
"minedBinaryVariableTemplatesNumber_Mined_splitClauses_1":["16"],
"unlabeledBinaryVariableTemplatesNumber_Unlabeled_splitClauses_1":["852"],
"unlabeledTemplateNumber_PredictedCG_splitClauses_1":["1367"],
"generatedPredicateNumber_Empty_splitClauses_0":["10800000"],
"predicateGeneratorTime_RelationalIneqs_splitClauses_1":["10800000"],
"unlabeledSingleVariableTemplatesNumber_Empty_splitClauses_0":["515"],
"cegarIterationNumber_Octagon_splitClauses_0":["10800000"],
"clauseNumberAfterSimplification_Octagon_splitClauses_1":["92"],
"unlabeledSingleVariableTemplatesNumber_Labeled_splitClauses_1":["515"],
"clauseNumberBeforeSimplification_Random_splitClauses_1":["131"],
"minedTemplateRelationSymbolNumber_All_splitClauses_0":["27"],
"unlabeledTemplateRelationSymbolNumber_RelationalEqs_splitClauses_0":["27"],
"minedSingleVariableTemplatesNumber_Unlabeled_splitClauses_1":["177"],
"clauseNumberBeforeSimplification_RelationalEqs_splitClauses_0":["131"],
"minedTemplateNumber_Unlabeled_splitClauses_0":["193"],
"generatedPredicateNumber_Octagon_splitClauses_0":["10800000"],
"predicateGeneratorTime_PredictedCDHG_splitClauses_0":["10800000"],
"clauseNumberAfterSimplification_PredictedCG_splitClauses_1":["92"],
"labeledSingleVariableTemplatesNumber_RelationalEqs_splitClauses_1":["1"],
"smt2FileSizeByte_Random_splitClauses_1":["53130"],
"averagePredicateSize_PredictedCG_splitClauses_1":["10800000"],
"cegarIterationNumber_PredictedCDHG_splitClauses_1":["10800000"],
"clauseNumberAfterSimplification_RelationalEqs_splitClauses_1":["92"],
"minedBinaryVariableTemplatesNumber_Empty_splitClauses_1":["16"],
"minedTemplateNumber_PredictedCDHG_splitClauses_0":["193"],
"labeledBinaryVariableTemplatesNumber_All_splitClauses_1":["16"],
"solvingTime_RelationalIneqs_splitClauses_1":["10800000"],
"unlabeledTemplateRelationSymbolNumber_RelationalEqs_splitClauses_1":["27"],
"smt2FileSizeByte_Unlabeled_splitClauses_0":["53130"],
"generatedPredicateNumber_All_splitClauses_0":["10800000"],
"predicateGeneratorTime_Octagon_splitClauses_1":["10800000"],
"solvability_Mined_splitClauses_1":["1"],
"minedTemplateRelationSymbolNumber_Term_splitClauses_1":["27"],
"clauseNumberAfterSimplification_Mined_splitClauses_0":["92"],
"solvability_PredictedCDHG_splitClauses_0":["10800000"],
"solvingTime_Empty_splitClauses_0":["10800000"],
"unlabeledSingleVariableTemplatesNumber_Unlabeled_splitClauses_1":["515"],
"minedTemplateNumber_Term_splitClauses_1":["193"],
"averagePredicateSize_Octagon_splitClauses_1":["10800000"],
"relationSymbolNumber_Empty_splitClauses_1":["135"],
"unlabeledSingleVariableTemplatesNumber_Octagon_splitClauses_1":["515"],
"minedTemplateRelationSymbolNumber_RelationalEqs_splitClauses_1":["27"],
"minedBinaryVariableTemplatesNumber_RelationalIneqs_splitClauses_0":["16"],
"predicateGeneratorTime_Term_splitClauses_1":["10800000"],
"solvingTime_Labeled_splitClauses_0":["10800000"],
"unlabeledBinaryVariableTemplatesNumber_PredictedCG_splitClauses_0":["852"],
"minedTemplateNumber_All_splitClauses_0":["193"],
"predicateGeneratorTime_Labeled_splitClauses_1":["10800000"],
"unlabeledTemplateRelationSymbolNumber_Empty_splitClauses_0":["27"],
"unlabeledTemplateNumber_Mined_splitClauses_1":["1367"],
"solvability_PredictedCG_splitClauses_1":["10800000"],
"unlabeledTemplateNumber_Term_splitClauses_0":["1367"],
"minedBinaryVariableTemplatesNumber_PredictedCG_splitClauses_1":["16"],
"labeledSingleVariableTemplatesNumber_PredictedCDHG_splitClauses_0":["1"],
"minedBinaryVariableTemplatesNumber_All_splitClauses_0":["16"],
"averagePredicateSize_PredictedCDHG_splitClauses_1":["10800000"],
"predicateGeneratorTime_PredictedCG_splitClauses_0":["10800000"],
"generatedPredicateNumber_RelationalIneqs_splitClauses_0":["10800000"],
"labeledTemplateNumber_Empty_splitClauses_0":["17"],
"unlabeledTemplateRelationSymbolNumber_Term_splitClauses_0":["27"],
"minedTemplateNumber_All_splitClauses_1":["193"],
"labeledSingleVariableTemplatesNumber_Empty_splitClauses_1":["1"],
"minedBinaryVariableTemplatesNumber_Unlabeled_splitClauses_0":["16"],
"labeledTemplateNumber_Random_splitClauses_0":["17"],
"minedBinaryVariableTemplatesNumber_All_splitClauses_1":["16"],
"unlabeledSingleVariableTemplatesNumber_All_splitClauses_0":["515"],
"smt2FileSizeByte_PredictedCDHG_splitClauses_1":["53130"],
"labeledBinaryVariableTemplatesNumber_PredictedCDHG_splitClauses_0":["16"],
"averagePredicateSize_RelationalEqs_splitClauses_1":["10800000"],
"minedSingleVariableTemplatesNumber_Term_splitClauses_0":["177"],
"labeledTemplateRelationSymbolNumber_Term_splitClauses_1":["6"],
"generatedPredicateNumber_Random_splitClauses_0":["10800000"],
"labeledBinaryVariableTemplatesNumber_Empty_splitClauses_1":["16"],
"clauseNumberAfterSimplification_Labeled_splitClauses_0":["92"],
"labeledSingleVariableTemplatesNumber_Labeled_splitClauses_0":["1"],
"minedTemplateNumber_Mined_splitClauses_1":["193"],
"labeledTemplateRelationSymbolNumber_Labeled_splitClauses_0":["6"],
"unlabeledTemplateRelationSymbolNumber_Mined_splitClauses_1":["27"],
"solvability_Labeled_splitClauses_0":["10800000"],
"minedTemplateNumber_RelationalEqs_splitClauses_1":["193"],
"solvingTime_Random_splitClauses_1":["10800000"],
"minedTemplateNumber_Random_splitClauses_0":["193"],
"cegarIterationNumber_Unlabeled_splitClauses_1":["10800000"],
"minedTemplateNumber_RelationalIneqs_splitClauses_1":["193"],
"unlabeledBinaryVariableTemplatesNumber_Octagon_splitClauses_1":["852"],
"minedSingleVariableTemplatesNumber_Octagon_splitClauses_1":["177"],
"minedSingleVariableTemplatesNumber_Random_splitClauses_1":["177"],
"averagePredicateSize_All_splitClauses_1":["10800000"],
"minedTemplateNumber_Empty_splitClauses_0":["193"],
"labeledTemplateNumber_Mined_splitClauses_0":["17"],
"unlabeledBinaryVariableTemplatesNumber_All_splitClauses_0":["852"],
"labeledSingleVariableTemplatesNumber_PredictedCDHG_splitClauses_1":["1"],
"minedSingleVariableTemplatesNumber_Mined_splitClauses_1":["177"],
"labeledTemplateRelationSymbolNumber_Term_splitClauses_0":["6"],
"unlabeledTemplateRelationSymbolNumber_Term_splitClauses_1":["27"],
"predicateGeneratorTime_All_splitClauses_1":["10800000"],
"unlabeledSingleVariableTemplatesNumber_Random_splitClauses_0":["515"],
"predicateGeneratorTime_Unlabeled_splitClauses_1":["10800000"],
"cegarIterationNumber_PredictedCDHG_splitClauses_0":["10800000"],
"labeledTemplateNumber_RelationalEqs_splitClauses_0":["17"],
"labeledTemplateRelationSymbolNumber_Mined_splitClauses_1":["6"],
"labeledTemplateRelationSymbolNumber_Random_splitClauses_0":["6"],
"labeledBinaryVariableTemplatesNumber_RelationalEqs_splitClauses_1":["16"],
"generatedPredicateNumber_RelationalIneqs_splitClauses_1":["10800000"],
"unlabeledTemplateRelationSymbolNumber_PredictedCG_splitClauses_1":["27"],
"unlabeledSingleVariableTemplatesNumber_RelationalEqs_splitClauses_0":["515"],
"labeledBinaryVariableTemplatesNumber_Labeled_splitClauses_0":["16"],
"minedBinaryVariableTemplatesNumber_PredictedCDHG_splitClauses_0":["16"],
"unlabeledTemplateRelationSymbolNumber_Unlabeled_splitClauses_0":["27"],
"clauseNumberAfterSimplification_Term_splitClauses_1":["92"],
"relationSymbolNumber_RelationalIneqs_splitClauses_0":["135"],
"unlabeledTemplateNumber_Octagon_splitClauses_0":["1367"],
"unlabeledBinaryVariableTemplatesNumber_RelationalEqs_splitClauses_1":["852"],
"unlabeledTemplateNumber_PredictedCG_splitClauses_0":["1367"],
"unlabeledTemplateNumber_All_splitClauses_0":["1367"],
"labeledTemplateRelationSymbolNumber_RelationalIneqs_splitClauses_1":["6"],
"unlabeledSingleVariableTemplatesNumber_Mined_splitClauses_1":["515"],
"labeledTemplateRelationSymbolNumber_Unlabeled_splitClauses_1":["6"],
"labeledBinaryVariableTemplatesNumber_Random_splitClauses_1":["16"],
"relationSymbolNumber_RelationalEqs_splitClauses_0":["135"],
"solvability_Random_splitClauses_1":["10800000"],
"solvingTime_Term_splitClauses_0":["10800000"],
"minedSingleVariableTemplatesNumber_Labeled_splitClauses_1":["177"],
"relationSymbolNumber_Random_splitClauses_0":["135"],
"clauseNumberBeforeSimplification_Term_splitClauses_0":["131"],
"minedTemplateRelationSymbolNumber_Mined_splitClauses_0":["27"],
"solvability_Octagon_splitClauses_1":["10800000"],
"relationSymbolNumber_Labeled_splitClauses_1":["135"],
"minedSingleVariableTemplatesNumber_RelationalIneqs_splitClauses_1":["177"],
"smt2FileSizeByte_Labeled_splitClauses_0":["53130"],
"solvability_RelationalEqs_splitClauses_1":["10800000"],
"unlabeledSingleVariableTemplatesNumber_Empty_splitClauses_1":["515"],
"labeledTemplateNumber_PredictedCDHG_splitClauses_1":["17"],
"minedTemplateRelationSymbolNumber_Octagon_splitClauses_0":["27"],
"clauseNumberAfterSimplification_Unlabeled_splitClauses_0":["92"],
"clauseNumberBeforeSimplification_Unlabeled_splitClauses_0":["131"],
"clauseNumberBeforeSimplification_PredictedCDHG_splitClauses_0":["131"],
"cegarIterationNumber_RelationalIneqs_splitClauses_0":["10800000"],
"relationSymbolNumber_All_splitClauses_0":["135"],
"labeledTemplateRelationSymbolNumber_RelationalEqs_splitClauses_0":["6"],
"averagePredicateSize_Labeled_splitClauses_0":["10800000"],
"smt2FileSizeByte_RelationalIneqs_splitClauses_1":["53130"],
"clauseNumberBeforeSimplification_RelationalEqs_splitClauses_1":["131"],
"unlabeledTemplateRelationSymbolNumber_RelationalIneqs_splitClauses_1":["27"],
"clauseNumberBeforeSimplification_PredictedCG_splitClauses_0":["131"],
"solvingTime_PredictedCDHG_splitClauses_0":["10800000"],
"labeledTemplateRelationSymbolNumber_Octagon_splitClauses_1":["6"],
"minedTemplateRelationSymbolNumber_PredictedCG_splitClauses_1":["27"],
"labeledTemplateNumber_Random_splitClauses_1":["17"],
"solvingTime_RelationalIneqs_splitClauses_0":["10800000"],
"labeledTemplateNumber_All_splitClauses_1":["17"],
"unlabeledTemplateNumber_Random_splitClauses_1":["1367"],
"relationSymbolNumber_PredictedCDHG_splitClauses_1":["135"],
"smt2FileSizeByte_Unlabeled_splitClauses_1":["53130"],
"cegarIterationNumber_PredictedCG_splitClauses_0":["10800000"],
"predicateGeneratorTime_Octagon_splitClauses_0":["10800000"],
"unlabeledTemplateNumber_RelationalEqs_splitClauses_1":["1367"],
"clauseNumberAfterSimplification_Octagon_splitClauses_0":["92"],
"cegarIterationNumber_Random_splitClauses_0":["10800000"],
"solvability_PredictedCDHG_splitClauses_1":["10800000"],
"solvability_PredictedCG_splitClauses_0":["10800000"],
"solvingTime_PredictedCG_splitClauses_1":["10800000"],
"unlabeledSingleVariableTemplatesNumber_Unlabeled_splitClauses_0":["515"],
"unlabeledTemplateNumber_Unlabeled_splitClauses_0":["1367"],
"labeledTemplateRelationSymbolNumber_RelationalIneqs_splitClauses_0":["6"],
"minedTemplateNumber_Random_splitClauses_1":["193"],
"relationSymbolNumber_PredictedCG_splitClauses_0":["135"],
"generatedPredicateNumber_RelationalEqs_splitClauses_0":["10800000"],
"minedTemplateNumber_Term_splitClauses_0":["193"],
"solvingTime_All_splitClauses_1":["10800000"],
"minedSingleVariableTemplatesNumber_PredictedCG_splitClauses_0":["177"],
"smt2FileSizeByte_Term_splitClauses_1":["53130"],
"labeledBinaryVariableTemplatesNumber_All_splitClauses_0":["16"],
"minedTemplateNumber_PredictedCDHG_splitClauses_1":["193"],
"minedTemplateRelationSymbolNumber_PredictedCDHG_splitClauses_0":["27"],
"averagePredicateSize_Unlabeled_splitClauses_0":["10800000"],
"minedBinaryVariableTemplatesNumber_Octagon_splitClauses_1":["16"],
"unlabeledSingleVariableTemplatesNumber_Random_splitClauses_1":["515"],
"clauseNumberBeforeSimplification_Random_splitClauses_0":["131"],
"solvingTime_Unlabeled_splitClauses_1":["10800000"],
"predicateGeneratorTime_PredictedCDHG_splitClauses_1":["10800000"],
"averagePredicateSize_PredictedCDHG_splitClauses_0":["10800000"],
"minedBinaryVariableTemplatesNumber_Term_splitClauses_0":["16"],
"labeledTemplateNumber_RelationalIneqs_splitClauses_0":["17"],
"clauseNumberAfterSimplification_Random_splitClauses_0":["92"],
"clauseNumberAfterSimplification_PredictedCG_splitClauses_0":["92"],
"generatedPredicateNumber_Empty_splitClauses_1":["10800000"],
"clauseNumberBeforeSimplification_Octagon_splitClauses_0":["131"],
"unlabeledTemplateNumber_Empty_splitClauses_0":["1367"],
"minedSingleVariableTemplatesNumber_All_splitClauses_0":["177"],
"labeledTemplateRelationSymbolNumber_Octagon_splitClauses_0":["6"],
"generatedPredicateNumber_Random_splitClauses_1":["10800000"],
"clauseNumberAfterSimplification_RelationalEqs_splitClauses_0":["92"],
"labeledBinaryVariableTemplatesNumber_Term_splitClauses_0":["16"],
"minedSingleVariableTemplatesNumber_RelationalEqs_splitClauses_0":["177"],
"minedTemplateNumber_Mined_splitClauses_0":["193"],
"averagePredicateSize_Octagon_splitClauses_0":["10800000"],
"unlabeledBinaryVariableTemplatesNumber_Empty_splitClauses_1":["852"],
"relationSymbolNumber_Unlabeled_splitClauses_0":["135"],
"unlabeledSingleVariableTemplatesNumber_PredictedCDHG_splitClauses_0":["515"],
"unlabeledSingleVariableTemplatesNumber_PredictedCG_splitClauses_1":["515"],
"labeledTemplateRelationSymbolNumber_Labeled_splitClauses_1":["6"],
"minedTemplateRelationSymbolNumber_Random_splitClauses_0":["27"],
"unlabeledTemplateRelationSymbolNumber_PredictedCG_splitClauses_0":["27"],
"unlabeledTemplateNumber_RelationalIneqs_splitClauses_0":["1367"],
"unlabeledSingleVariableTemplatesNumber_Labeled_splitClauses_0":["515"],
"minedTemplateNumber_Unlabeled_splitClauses_1":["193"],
"generatedPredicateNumber_PredictedCG_splitClauses_0":["10800000"],
"labeledTemplateNumber_Unlabeled_splitClauses_1":["17"],
"unlabeledTemplateRelationSymbolNumber_Empty_splitClauses_1":["27"],
"clauseNumberBeforeSimplification_Empty_splitClauses_0":["131"],
"solvingTime_Octagon_splitClauses_1":["10800000"],
"cegarIterationNumber_Mined_splitClauses_1":["12"],
"clauseNumberBeforeSimplification_Mined_splitClauses_1":["131"],
"smt2FileSizeByte_PredictedCDHG_splitClauses_0":["53130"],
"averagePredicateSize_PredictedCG_splitClauses_0":["10800000"],
"solvingTime_Random_splitClauses_0":["10800000"],
"minedTemplateNumber_RelationalEqs_splitClauses_0":["193"],
"unlabeledSingleVariableTemplatesNumber_RelationalIneqs_splitClauses_0":["515"],
"unlabeledTemplateNumber_Unlabeled_splitClauses_1":["1367"],
"labeledBinaryVariableTemplatesNumber_RelationalEqs_splitClauses_0":["16"],
"generatedPredicateNumber_PredictedCDHG_splitClauses_0":["10800000"],
"minedTemplateRelationSymbolNumber_Empty_splitClauses_1":["27"],
"predicateGeneratorTime_Random_splitClauses_1":["10800000"],
"labeledTemplateNumber_Term_splitClauses_1":["17"],
"minedSingleVariableTemplatesNumber_Empty_splitClauses_1":["177"],
"minedSingleVariableTemplatesNumber_RelationalIneqs_splitClauses_0":["177"],
"clauseNumberAfterSimplification_All_splitClauses_0":["92"],
"unlabeledBinaryVariableTemplatesNumber_RelationalEqs_splitClauses_0":["852"],
"cegarIterationNumber_RelationalEqs_splitClauses_0":["10800000"],
"labeledTemplateRelationSymbolNumber_PredictedCDHG_splitClauses_0":["6"],
"labeledSingleVariableTemplatesNumber_Labeled_splitClauses_1":["1"],
"unlabeledBinaryVariableTemplatesNumber_All_splitClauses_1":["852"],
"minedTemplateRelationSymbolNumber_Unlabeled_splitClauses_1":["27"],
"solvingTime_RelationalEqs_splitClauses_0":["10800000"],
"solvingTime_RelationalEqs_splitClauses_1":["10800000"],
"minedBinaryVariableTemplatesNumber_Mined_splitClauses_0":["16"],
"clauseNumberBeforeSimplification_All_splitClauses_0":["131"],
"clauseNumberBeforeSimplification_RelationalIneqs_splitClauses_1":["131"],
"labeledTemplateNumber_RelationalEqs_splitClauses_1":["17"],
"labeledBinaryVariableTemplatesNumber_RelationalIneqs_splitClauses_0":["16"],
"clauseNumberAfterSimplification_Empty_splitClauses_0":["92"],
"averagePredicateSize_Empty_splitClauses_0":["10800000"],
"relationSymbolNumber_PredictedCG_splitClauses_1":["135"],
"unlabeledTemplateNumber_Term_splitClauses_1":["1367"],
"predicateGeneratorTime_Mined_splitClauses_1":["334"],
"relationSymbolNumber_Mined_splitClauses_0":["135"],
"labeledBinaryVariableTemplatesNumber_RelationalIneqs_splitClauses_1":["16"],
"predicateGeneratorTime_Unlabeled_splitClauses_0":["10800000"],
"generatedPredicateNumber_Mined_splitClauses_0":["10800000"],
"generatedPredicateNumber_RelationalEqs_splitClauses_1":["10800000"],
"labeledTemplateRelationSymbolNumber_PredictedCG_splitClauses_0":["6"],
"minedSingleVariableTemplatesNumber_PredictedCG_splitClauses_1":["177"],
"minedTemplateRelationSymbolNumber_PredictedCG_splitClauses_0":["27"],
"unlabeledTemplateRelationSymbolNumber_Labeled_splitClauses_0":["27"],
"solvability_Empty_splitClauses_1":["10800000"],
"averagePredicateSize_Term_splitClauses_0":["10800000"],
"cegarIterationNumber_Random_splitClauses_1":["10800000"],
"relationSymbolNumber_All_splitClauses_1":["135"],
"averagePredicateSize_Labeled_splitClauses_1":["10800000"],
"unlabeledBinaryVariableTemplatesNumber_Unlabeled_splitClauses_0":["852"],
"generatedPredicateNumber_Unlabeled_splitClauses_1":["10800000"],
"predicateGeneratorTime_All_splitClauses_0":["10800000"],
"unlabeledBinaryVariableTemplatesNumber_PredictedCDHG_splitClauses_1":["852"],
"clauseNumberBeforeSimplification_Labeled_splitClauses_1":["131"],
"minedBinaryVariableTemplatesNumber_Labeled_splitClauses_1":["16"],
"labeledSingleVariableTemplatesNumber_All_splitClauses_0":["1"],
"unlabeledTemplateRelationSymbolNumber_Mined_splitClauses_0":["27"],
"cegarIterationNumber_Octagon_splitClauses_1":["10800000"],
"labeledTemplateNumber_Octagon_splitClauses_0":["17"],
"labeledTemplateRelationSymbolNumber_All_splitClauses_1":["6"],
"smt2FileSizeByte_Empty_splitClauses_0":["53130"],
"relationSymbolNumber_RelationalIneqs_splitClauses_1":["135"],
"unlabeledTemplateNumber_Octagon_splitClauses_1":["1367"],
"predicateGeneratorTime_RelationalEqs_splitClauses_0":["10800000"],
"unlabeledTemplateRelationSymbolNumber_RelationalIneqs_splitClauses_0":["27"],
"smt2FileSizeByte_RelationalEqs_splitClauses_1":["53130"],
"unlabeledTemplateNumber_Labeled_splitClauses_0":["1367"],
"relationSymbolNumber_Random_splitClauses_1":["135"],
"minedSingleVariableTemplatesNumber_Labeled_splitClauses_0":["177"],
"solvingTime_PredictedCDHG_splitClauses_1":["10800000"],
"minedTemplateNumber_Octagon_splitClauses_1":["193"],
"clauseNumberBeforeSimplification_Mined_splitClauses_0":["131"],
"smt2FileSizeByte_All_splitClauses_0":["53130"],
"solvingTime_All_splitClauses_0":["10800000"],
"minedBinaryVariableTemplatesNumber_Term_splitClauses_1":["16"],
"unlabeledTemplateRelationSymbolNumber_Random_splitClauses_0":["27"],
"cegarIterationNumber_All_splitClauses_0":["10800000"],
"smt2FileSizeByte_RelationalEqs_splitClauses_0":["53130"],
"unlabeledSingleVariableTemplatesNumber_PredictedCDHG_splitClauses_1":["515"],
"clauseNumberBeforeSimplification_Labeled_splitClauses_0":["131"],
"cegarIterationNumber_PredictedCG_splitClauses_1":["10800000"],
"labeledTemplateRelationSymbolNumber_Unlabeled_splitClauses_0":["6"],
"unlabeledTemplateRelationSymbolNumber_Octagon_splitClauses_1":["27"],
"unlabeledTemplateNumber_Empty_splitClauses_1":["1367"],
"clauseNumberBeforeSimplification_Octagon_splitClauses_1":["131"],
"labeledTemplateNumber_Unlabeled_splitClauses_0":["17"],
"labeledBinaryVariableTemplatesNumber_PredictedCG_splitClauses_0":["16"],
"solvability_Term_splitClauses_1":["10800000"],
"solvability_Octagon_splitClauses_0":["10800000"],
"minedTemplateRelationSymbolNumber_RelationalIneqs_splitClauses_0":["27"],
"clauseNumberBeforeSimplification_RelationalIneqs_splitClauses_0":["131"],
"labeledTemplateNumber_PredictedCG_splitClauses_0":["17"],
"cegarIterationNumber_Labeled_splitClauses_0":["10800000"],
"smt2FileSizeByte_Labeled_splitClauses_1":["53130"],
"clauseNumberBeforeSimplification_Unlabeled_splitClauses_1":["131"],
"generatedPredicateNumber_Term_splitClauses_1":["10800000"],
"solvingTime_Term_splitClauses_1":["10800000"],
"unlabeledBinaryVariableTemplatesNumber_Random_splitClauses_1":["852"],
"unlabeledSingleVariableTemplatesNumber_Octagon_splitClauses_0":["515"],
"solvingTime_Octagon_splitClauses_0":["10800000"],
"labeledSingleVariableTemplatesNumber_Mined_splitClauses_1":["1"],
"averagePredicateSize_Term_splitClauses_1":["10800000"],
"labeledTemplateNumber_Labeled_splitClauses_0":["17"],
"unlabeledSingleVariableTemplatesNumber_PredictedCG_splitClauses_0":["515"],
"smt2FileSizeByte_Mined_splitClauses_1":["53130"],
"labeledBinaryVariableTemplatesNumber_Unlabeled_splitClauses_1":["16"],
"labeledTemplateNumber_All_splitClauses_0":["17"],
"unlabeledTemplateNumber_Random_splitClauses_0":["1367"],
"labeledTemplateNumber_Octagon_splitClauses_1":["17"],
"unlabeledTemplateNumber_PredictedCDHG_splitClauses_1":["1367"],
"unlabeledBinaryVariableTemplatesNumber_Mined_splitClauses_0":["852"],
"minedTemplateRelationSymbolNumber_Mined_splitClauses_1":["27"],
"labeledTemplateNumber_RelationalIneqs_splitClauses_1":["17"],
"solvability_Term_splitClauses_0":["10800000"],
"relationSymbolNumber_Octagon_splitClauses_0":["135"],
"clauseNumberBeforeSimplification_PredictedCG_splitClauses_1":["131"],
"generatedPredicateNumber_Labeled_splitClauses_1":["10800000"],
"labeledSingleVariableTemplatesNumber_Unlabeled_splitClauses_0":["1"],
"unlabeledBinaryVariableTemplatesNumber_Empty_splitClauses_0":["852"],
"solvingTime_Mined_splitClauses_0":["10800000"],
"unlabeledTemplateNumber_All_splitClauses_1":["1367"],
"clauseNumberAfterSimplification_Random_splitClauses_1":["92"],
"labeledBinaryVariableTemplatesNumber_Octagon_splitClauses_1":["16"],
"unlabeledBinaryVariableTemplatesNumber_Labeled_splitClauses_0":["852"],
"smt2FileSizeByte_Octagon_splitClauses_0":["53130"],
"labeledSingleVariableTemplatesNumber_Random_splitClauses_1":["1"],
"solvability_Unlabeled_splitClauses_0":["10800000"],
"solvingTime_Unlabeled_splitClauses_0":["10800000"],
"unlabeledTemplateRelationSymbolNumber_All_splitClauses_1":["27"],
"minedTemplateNumber_Empty_splitClauses_1":["193"],
"solvability_RelationalIneqs_splitClauses_0":["10800000"],
"unlabeledTemplateRelationSymbolNumber_Labeled_splitClauses_1":["27"],
"cegarIterationNumber_RelationalEqs_splitClauses_1":["10800000"],
"minedSingleVariableTemplatesNumber_RelationalEqs_splitClauses_1":["177"],
"clauseNumberAfterSimplification_PredictedCDHG_splitClauses_1":["92"],
"minedBinaryVariableTemplatesNumber_RelationalIneqs_splitClauses_1":["16"],
"unlabeledBinaryVariableTemplatesNumber_Mined_splitClauses_1":["852"],
"unlabeledBinaryVariableTemplatesNumber_PredictedCDHG_splitClauses_0":["852"],
"solvingTime_Empty_splitClauses_1":["10800000"],
"labeledTemplateRelationSymbolNumber_Empty_splitClauses_1":["6"],
"generatedPredicateNumber_Term_splitClauses_0":["10800000"],
"averagePredicateSize_Empty_splitClauses_1":["10800000"],
"generatedPredicateNumber_PredictedCG_splitClauses_1":["10800000"],
"labeledTemplateRelationSymbolNumber_PredictedCDHG_splitClauses_1":["6"],
"relationSymbolNumber_Mined_splitClauses_1":["135"],
"predicateGeneratorTime_Mined_splitClauses_0":["10800000"],
"predicateGeneratorTime_Labeled_splitClauses_0":["10800000"],
"labeledSingleVariableTemplatesNumber_Random_splitClauses_0":["1"],
"unlabeledTemplateRelationSymbolNumber_All_splitClauses_0":["27"],
"minedBinaryVariableTemplatesNumber_Labeled_splitClauses_0":["16"],
"generatedPredicateNumber_Labeled_splitClauses_0":["10800000"],
"relationSymbolNumber_Empty_splitClauses_0":["135"],
"solvingTime_Mined_splitClauses_1":["526"],
"minedSingleVariableTemplatesNumber_All_splitClauses_1":["177"],
"predicateGeneratorTime_Random_splitClauses_0":["10800000"],
"cegarIterationNumber_Term_splitClauses_1":["10800000"],
"labeledTemplateNumber_Empty_splitClauses_1":["17"],
"clauseNumberAfterSimplification_Empty_splitClauses_1":["92"],
"minedTemplateRelationSymbolNumber_Empty_splitClauses_0":["27"],
"unlabeledSingleVariableTemplatesNumber_Term_splitClauses_0":["515"],
"minedSingleVariableTemplatesNumber_Empty_splitClauses_0":["177"],
"minedTemplateRelationSymbolNumber_RelationalEqs_splitClauses_0":["27"],
"cegarIterationNumber_Empty_splitClauses_0":["10800000"],
"minedBinaryVariableTemplatesNumber_RelationalEqs_splitClauses_1":["16"],
"labeledSingleVariableTemplatesNumber_All_splitClauses_1":["1"],
"unlabeledTemplateRelationSymbolNumber_Octagon_splitClauses_0":["27"],
"minedTemplateRelationSymbolNumber_Unlabeled_splitClauses_0":["27"],
"labeledBinaryVariableTemplatesNumber_Mined_splitClauses_0":["16"],
"minedTemplateNumber_PredictedCG_splitClauses_1":["193"],
"cegarIterationNumber_Empty_splitClauses_1":["10800000"],
"averagePredicateSize_RelationalIneqs_splitClauses_0":["10800000"],
"solvability_All_splitClauses_1":["10800000"],
"unlabeledBinaryVariableTemplatesNumber_Term_splitClauses_1":["852"],
"relationSymbolNumber_PredictedCDHG_splitClauses_0":["135"],
"minedTemplateRelationSymbolNumber_Labeled_splitClauses_1":["27"],
"averagePredicateSize_Unlabeled_splitClauses_1":["10800000"],
"labeledTemplateNumber_Term_splitClauses_0":["17"],
"smt2FileSizeByte_Empty_splitClauses_1":["53130"],
"solvingTime_PredictedCG_splitClauses_0":["10800000"],
"relationSymbolNumber_Term_splitClauses_0":["135"],
"cegarIterationNumber_All_splitClauses_1":["10800000"],
"clauseNumberBeforeSimplification_Term_splitClauses_1":["131"],
"predicateGeneratorTime_Empty_splitClauses_0":["10800000"],
"averagePredicateSize_All_splitClauses_0":["10800000"],
"unlabeledBinaryVariableTemplatesNumber_Random_splitClauses_0":["852"],
"smt2FileSizeByte_Term_splitClauses_0":["53130"],
"averagePredicateSize_Mined_splitClauses_1":["1"],
"minedBinaryVariableTemplatesNumber_Empty_splitClauses_0":["16"],
"minedTemplateRelationSymbolNumber_All_splitClauses_1":["27"],
"labeledSingleVariableTemplatesNumber_PredictedCG_splitClauses_0":["1"],
"unlabeledBinaryVariableTemplatesNumber_RelationalIneqs_splitClauses_0":["852"],
"unlabeledSingleVariableTemplatesNumber_RelationalIneqs_splitClauses_1":["515"],
"clauseNumberAfterSimplification_RelationalIneqs_splitClauses_0":["92"],
"unlabeledTemplateNumber_RelationalEqs_splitClauses_0":["1367"],
"unlabeledTemplateNumber_RelationalIneqs_splitClauses_1":["1367"],
"labeledTemplateRelationSymbolNumber_PredictedCG_splitClauses_1":["6"],
"labeledTemplateRelationSymbolNumber_All_splitClauses_0":["6"],
"labeledSingleVariableTemplatesNumber_Octagon_splitClauses_0":["1"],
"dummyFiled":[]
}