{
"smt2FileSizeByte_All_splitClauses_1":["255355"],
"generatedPredicateNumber_All_splitClauses_1":["10800000"],
"unlabeledTemplateRelationSymbolNumber_PredictedCDHG_splitClauses_0":["141"],
"predicateGeneratorTime_Term_splitClauses_0":["10800000"],
"averagePredicateSize_Random_splitClauses_1":["10800000"],
"labeledBinaryVariableTemplatesNumber_Labeled_splitClauses_1":["101"],
"clauseNumberBeforeSimplification_All_splitClauses_1":["443"],
"minedTemplateRelationSymbolNumber_Term_splitClauses_0":["141"],
"solvingTime_Labeled_splitClauses_1":["10800000"],
"unlabeledTemplateNumber_Labeled_splitClauses_1":["10870"],
"relationSymbolNumber_Term_splitClauses_1":["658"],
"minedTemplateRelationSymbolNumber_Octagon_splitClauses_1":["141"],
"clauseNumberAfterSimplification_Mined_splitClauses_1":["380"],
"unlabeledBinaryVariableTemplatesNumber_Term_splitClauses_0":["6930"],
"labeledTemplateNumber_PredictedCDHG_splitClauses_0":["106"],
"relationSymbolNumber_RelationalEqs_splitClauses_1":["658"],
"solvability_Empty_splitClauses_0":["10800000"],
"unlabeledTemplateRelationSymbolNumber_Random_splitClauses_1":["141"],
"labeledBinaryVariableTemplatesNumber_Octagon_splitClauses_0":["101"],
"minedTemplateRelationSymbolNumber_Random_splitClauses_1":["141"],
"unlabeledSingleVariableTemplatesNumber_Mined_splitClauses_0":["3940"],
"unlabeledBinaryVariableTemplatesNumber_PredictedCG_splitClauses_1":["6930"],
"solvability_All_splitClauses_0":["10800000"],
"predicateGeneratorTime_RelationalEqs_splitClauses_1":["10800000"],
"smt2FileSizeByte_PredictedCG_splitClauses_1":["255355"],
"labeledSingleVariableTemplatesNumber_Unlabeled_splitClauses_1":["5"],
"labeledBinaryVariableTemplatesNumber_PredictedCG_splitClauses_1":["101"],
"minedBinaryVariableTemplatesNumber_PredictedCG_splitClauses_0":["101"],
"solvability_Random_splitClauses_0":["10800000"],
"clauseNumberBeforeSimplification_PredictedCDHG_splitClauses_1":["443"],
"labeledSingleVariableTemplatesNumber_Mined_splitClauses_0":["5"],
"solvability_Unlabeled_splitClauses_1":["10800000"],
"cegarIterationNumber_Labeled_splitClauses_1":["10800000"],
"smt2FileSizeByte_Mined_splitClauses_0":["255355"],
"labeledSingleVariableTemplatesNumber_PredictedCG_splitClauses_1":["5"],
"smt2FileSizeByte_Octagon_splitClauses_1":["255355"],
"minedTemplateNumber_Labeled_splitClauses_1":["1449"],
"labeledSingleVariableTemplatesNumber_RelationalIneqs_splitClauses_1":["5"],
"clauseNumberAfterSimplification_Labeled_splitClauses_1":["380"],
"smt2FileSizeByte_Random_splitClauses_0":["255355"],
"unlabeledTemplateRelationSymbolNumber_PredictedCDHG_splitClauses_1":["141"],
"labeledSingleVariableTemplatesNumber_Term_splitClauses_0":["5"],
"generatedPredicateNumber_PredictedCDHG_splitClauses_1":["10800000"],
"minedSingleVariableTemplatesNumber_Unlabeled_splitClauses_0":["1348"],
"generatedPredicateNumber_Octagon_splitClauses_1":["10800000"],
"labeledSingleVariableTemplatesNumber_RelationalEqs_splitClauses_0":["5"],
"predicateGeneratorTime_PredictedCG_splitClauses_1":["10800000"],
"labeledTemplateNumber_Labeled_splitClauses_1":["106"],
"labeledSingleVariableTemplatesNumber_Empty_splitClauses_0":["5"],
"minedTemplateRelationSymbolNumber_RelationalIneqs_splitClauses_1":["141"],
"unlabeledSingleVariableTemplatesNumber_All_splitClauses_1":["3940"],
"labeledBinaryVariableTemplatesNumber_PredictedCDHG_splitClauses_1":["101"],
"unlabeledSingleVariableTemplatesNumber_RelationalEqs_splitClauses_1":["3940"],
"cegarIterationNumber_Term_splitClauses_0":["10800000"],
"unlabeledBinaryVariableTemplatesNumber_Labeled_splitClauses_1":["6930"],
"unlabeledSingleVariableTemplatesNumber_Term_splitClauses_1":["3940"],
"clauseNumberAfterSimplification_All_splitClauses_1":["380"],
"minedSingleVariableTemplatesNumber_Random_splitClauses_0":["1348"],
"solvability_RelationalIneqs_splitClauses_1":["10800000"],
"minedTemplateNumber_Labeled_splitClauses_0":["1449"],
"minedSingleVariableTemplatesNumber_Octagon_splitClauses_0":["1348"],
"minedSingleVariableTemplatesNumber_Term_splitClauses_1":["1348"],
"minedBinaryVariableTemplatesNumber_PredictedCDHG_splitClauses_1":["101"],
"generatedPredicateNumber_Mined_splitClauses_1":["83"],
"relationSymbolNumber_Octagon_splitClauses_1":["658"],
"relationSymbolNumber_Unlabeled_splitClauses_1":["658"],
"labeledSingleVariableTemplatesNumber_RelationalIneqs_splitClauses_0":["5"],
"averagePredicateSize_Mined_splitClauses_0":["10800000"],
"cegarIterationNumber_Unlabeled_splitClauses_0":["10800000"],
"minedBinaryVariableTemplatesNumber_Random_splitClauses_0":["101"],
"labeledTemplateNumber_Mined_splitClauses_1":["106"],
"labeledBinaryVariableTemplatesNumber_Random_splitClauses_0":["101"],
"unlabeledTemplateRelationSymbolNumber_Unlabeled_splitClauses_1":["141"],
"cegarIterationNumber_Mined_splitClauses_0":["10800000"],
"minedTemplateRelationSymbolNumber_Labeled_splitClauses_0":["141"],
"unlabeledBinaryVariableTemplatesNumber_RelationalIneqs_splitClauses_1":["6930"],
"unlabeledBinaryVariableTemplatesNumber_Octagon_splitClauses_0":["6930"],
"solvability_Mined_splitClauses_0":["10800000"],
"averagePredicateSize_RelationalEqs_splitClauses_0":["10800000"],
"clauseNumberAfterSimplification_Term_splitClauses_0":["380"],
"unlabeledTemplateNumber_Mined_splitClauses_0":["10870"],
"unlabeledTemplateNumber_PredictedCDHG_splitClauses_0":["10870"],
"cegarIterationNumber_RelationalIneqs_splitClauses_1":["10800000"],
"minedBinaryVariableTemplatesNumber_Unlabeled_splitClauses_1":["101"],
"labeledTemplateNumber_PredictedCG_splitClauses_1":["106"],
"labeledTemplateRelationSymbolNumber_Mined_splitClauses_0":["38"],
"labeledBinaryVariableTemplatesNumber_Mined_splitClauses_1":["101"],
"clauseNumberAfterSimplification_RelationalIneqs_splitClauses_1":["380"],
"minedSingleVariableTemplatesNumber_PredictedCDHG_splitClauses_0":["1348"],
"solvability_Labeled_splitClauses_1":["10800000"],
"labeledSingleVariableTemplatesNumber_Octagon_splitClauses_1":["5"],
"averagePredicateSize_Random_splitClauses_0":["10800000"],
"smt2FileSizeByte_RelationalIneqs_splitClauses_0":["255355"],
"generatedPredicateNumber_Unlabeled_splitClauses_0":["10800000"],
"solvability_RelationalEqs_splitClauses_0":["10800000"],
"predicateGeneratorTime_Empty_splitClauses_1":["10800000"],
"minedSingleVariableTemplatesNumber_Mined_splitClauses_0":["1348"],
"minedTemplateRelationSymbolNumber_PredictedCDHG_splitClauses_1":["141"],
"minedTemplateNumber_PredictedCG_splitClauses_0":["1449"],
"averagePredicateSize_RelationalIneqs_splitClauses_1":["10800000"],
"labeledTemplateRelationSymbolNumber_Random_splitClauses_1":["38"],
"minedTemplateNumber_RelationalIneqs_splitClauses_0":["1449"],
"predicateGeneratorTime_RelationalIneqs_splitClauses_0":["10800000"],
"labeledTemplateRelationSymbolNumber_Empty_splitClauses_0":["38"],
"minedBinaryVariableTemplatesNumber_Octagon_splitClauses_0":["101"],
"relationSymbolNumber_Labeled_splitClauses_0":["658"],
"labeledSingleVariableTemplatesNumber_Term_splitClauses_1":["5"],
"labeledBinaryVariableTemplatesNumber_Empty_splitClauses_0":["101"],
"minedTemplateNumber_Octagon_splitClauses_0":["1449"],
"labeledBinaryVariableTemplatesNumber_Unlabeled_splitClauses_0":["101"],
"clauseNumberAfterSimplification_PredictedCDHG_splitClauses_0":["380"],
"smt2FileSizeByte_PredictedCG_splitClauses_0":["255355"],
"minedBinaryVariableTemplatesNumber_RelationalEqs_splitClauses_0":["101"],
"labeledTemplateRelationSymbolNumber_RelationalEqs_splitClauses_1":["38"],
"minedBinaryVariableTemplatesNumber_Random_splitClauses_1":["101"],
"clauseNumberAfterSimplification_Unlabeled_splitClauses_1":["380"],
"minedSingleVariableTemplatesNumber_PredictedCDHG_splitClauses_1":["1348"],
"labeledBinaryVariableTemplatesNumber_Term_splitClauses_1":["101"],
"clauseNumberBeforeSimplification_Empty_splitClauses_1":["443"],
"minedBinaryVariableTemplatesNumber_Mined_splitClauses_1":["101"],
"unlabeledBinaryVariableTemplatesNumber_Unlabeled_splitClauses_1":["6930"],
"unlabeledTemplateNumber_PredictedCG_splitClauses_1":["10870"],
"generatedPredicateNumber_Empty_splitClauses_0":["10800000"],
"predicateGeneratorTime_RelationalIneqs_splitClauses_1":["10800000"],
"unlabeledSingleVariableTemplatesNumber_Empty_splitClauses_0":["3940"],
"cegarIterationNumber_Octagon_splitClauses_0":["10800000"],
"clauseNumberAfterSimplification_Octagon_splitClauses_1":["380"],
"unlabeledSingleVariableTemplatesNumber_Labeled_splitClauses_1":["3940"],
"clauseNumberBeforeSimplification_Random_splitClauses_1":["443"],
"minedTemplateRelationSymbolNumber_All_splitClauses_0":["141"],
"unlabeledTemplateRelationSymbolNumber_RelationalEqs_splitClauses_0":["141"],
"minedSingleVariableTemplatesNumber_Unlabeled_splitClauses_1":["1348"],
"clauseNumberBeforeSimplification_RelationalEqs_splitClauses_0":["443"],
"minedTemplateNumber_Unlabeled_splitClauses_0":["1449"],
"generatedPredicateNumber_Octagon_splitClauses_0":["10800000"],
"predicateGeneratorTime_PredictedCDHG_splitClauses_0":["10800000"],
"clauseNumberAfterSimplification_PredictedCG_splitClauses_1":["380"],
"labeledSingleVariableTemplatesNumber_RelationalEqs_splitClauses_1":["5"],
"smt2FileSizeByte_Random_splitClauses_1":["255355"],
"averagePredicateSize_PredictedCG_splitClauses_1":["10800000"],
"cegarIterationNumber_PredictedCDHG_splitClauses_1":["10800000"],
"clauseNumberAfterSimplification_RelationalEqs_splitClauses_1":["380"],
"minedBinaryVariableTemplatesNumber_Empty_splitClauses_1":["101"],
"minedTemplateNumber_PredictedCDHG_splitClauses_0":["1449"],
"labeledBinaryVariableTemplatesNumber_All_splitClauses_1":["101"],
"solvingTime_RelationalIneqs_splitClauses_1":["10800000"],
"unlabeledTemplateRelationSymbolNumber_RelationalEqs_splitClauses_1":["141"],
"smt2FileSizeByte_Unlabeled_splitClauses_0":["255355"],
"generatedPredicateNumber_All_splitClauses_0":["10800000"],
"predicateGeneratorTime_Octagon_splitClauses_1":["10800000"],
"solvability_Mined_splitClauses_1":["1"],
"minedTemplateRelationSymbolNumber_Term_splitClauses_1":["141"],
"clauseNumberAfterSimplification_Mined_splitClauses_0":["380"],
"solvability_PredictedCDHG_splitClauses_0":["10800000"],
"solvingTime_Empty_splitClauses_0":["10800000"],
"unlabeledSingleVariableTemplatesNumber_Unlabeled_splitClauses_1":["3940"],
"minedTemplateNumber_Term_splitClauses_1":["1449"],
"averagePredicateSize_Octagon_splitClauses_1":["10800000"],
"relationSymbolNumber_Empty_splitClauses_1":["658"],
"unlabeledSingleVariableTemplatesNumber_Octagon_splitClauses_1":["3940"],
"minedTemplateRelationSymbolNumber_RelationalEqs_splitClauses_1":["141"],
"minedBinaryVariableTemplatesNumber_RelationalIneqs_splitClauses_0":["101"],
"predicateGeneratorTime_Term_splitClauses_1":["10800000"],
"solvingTime_Labeled_splitClauses_0":["10800000"],
"unlabeledBinaryVariableTemplatesNumber_PredictedCG_splitClauses_0":["6930"],
"minedTemplateNumber_All_splitClauses_0":["1449"],
"predicateGeneratorTime_Labeled_splitClauses_1":["10800000"],
"unlabeledTemplateRelationSymbolNumber_Empty_splitClauses_0":["141"],
"unlabeledTemplateNumber_Mined_splitClauses_1":["10870"],
"solvability_PredictedCG_splitClauses_1":["10800000"],
"unlabeledTemplateNumber_Term_splitClauses_0":["10870"],
"minedBinaryVariableTemplatesNumber_PredictedCG_splitClauses_1":["101"],
"labeledSingleVariableTemplatesNumber_PredictedCDHG_splitClauses_0":["5"],
"minedBinaryVariableTemplatesNumber_All_splitClauses_0":["101"],
"averagePredicateSize_PredictedCDHG_splitClauses_1":["10800000"],
"predicateGeneratorTime_PredictedCG_splitClauses_0":["10800000"],
"generatedPredicateNumber_RelationalIneqs_splitClauses_0":["10800000"],
"labeledTemplateNumber_Empty_splitClauses_0":["106"],
"unlabeledTemplateRelationSymbolNumber_Term_splitClauses_0":["141"],
"minedTemplateNumber_All_splitClauses_1":["1449"],
"labeledSingleVariableTemplatesNumber_Empty_splitClauses_1":["5"],
"minedBinaryVariableTemplatesNumber_Unlabeled_splitClauses_0":["101"],
"labeledTemplateNumber_Random_splitClauses_0":["106"],
"minedBinaryVariableTemplatesNumber_All_splitClauses_1":["101"],
"unlabeledSingleVariableTemplatesNumber_All_splitClauses_0":["3940"],
"smt2FileSizeByte_PredictedCDHG_splitClauses_1":["255355"],
"labeledBinaryVariableTemplatesNumber_PredictedCDHG_splitClauses_0":["101"],
"averagePredicateSize_RelationalEqs_splitClauses_1":["10800000"],
"minedSingleVariableTemplatesNumber_Term_splitClauses_0":["1348"],
"labeledTemplateRelationSymbolNumber_Term_splitClauses_1":["38"],
"generatedPredicateNumber_Random_splitClauses_0":["10800000"],
"labeledBinaryVariableTemplatesNumber_Empty_splitClauses_1":["101"],
"clauseNumberAfterSimplification_Labeled_splitClauses_0":["380"],
"labeledSingleVariableTemplatesNumber_Labeled_splitClauses_0":["5"],
"minedTemplateNumber_Mined_splitClauses_1":["1449"],
"labeledTemplateRelationSymbolNumber_Labeled_splitClauses_0":["38"],
"unlabeledTemplateRelationSymbolNumber_Mined_splitClauses_1":["141"],
"solvability_Labeled_splitClauses_0":["10800000"],
"minedTemplateNumber_RelationalEqs_splitClauses_1":["1449"],
"solvingTime_Random_splitClauses_1":["10800000"],
"minedTemplateNumber_Random_splitClauses_0":["1449"],
"cegarIterationNumber_Unlabeled_splitClauses_1":["10800000"],
"minedTemplateNumber_RelationalIneqs_splitClauses_1":["1449"],
"unlabeledBinaryVariableTemplatesNumber_Octagon_splitClauses_1":["6930"],
"minedSingleVariableTemplatesNumber_Octagon_splitClauses_1":["1348"],
"minedSingleVariableTemplatesNumber_Random_splitClauses_1":["1348"],
"averagePredicateSize_All_splitClauses_1":["10800000"],
"minedTemplateNumber_Empty_splitClauses_0":["1449"],
"labeledTemplateNumber_Mined_splitClauses_0":["106"],
"unlabeledBinaryVariableTemplatesNumber_All_splitClauses_0":["6930"],
"labeledSingleVariableTemplatesNumber_PredictedCDHG_splitClauses_1":["5"],
"minedSingleVariableTemplatesNumber_Mined_splitClauses_1":["1348"],
"labeledTemplateRelationSymbolNumber_Term_splitClauses_0":["38"],
"unlabeledTemplateRelationSymbolNumber_Term_splitClauses_1":["141"],
"predicateGeneratorTime_All_splitClauses_1":["10800000"],
"unlabeledSingleVariableTemplatesNumber_Random_splitClauses_0":["3940"],
"predicateGeneratorTime_Unlabeled_splitClauses_1":["10800000"],
"cegarIterationNumber_PredictedCDHG_splitClauses_0":["10800000"],
"labeledTemplateNumber_RelationalEqs_splitClauses_0":["106"],
"labeledTemplateRelationSymbolNumber_Mined_splitClauses_1":["38"],
"labeledTemplateRelationSymbolNumber_Random_splitClauses_0":["38"],
"labeledBinaryVariableTemplatesNumber_RelationalEqs_splitClauses_1":["101"],
"generatedPredicateNumber_RelationalIneqs_splitClauses_1":["10800000"],
"unlabeledTemplateRelationSymbolNumber_PredictedCG_splitClauses_1":["141"],
"unlabeledSingleVariableTemplatesNumber_RelationalEqs_splitClauses_0":["3940"],
"labeledBinaryVariableTemplatesNumber_Labeled_splitClauses_0":["101"],
"minedBinaryVariableTemplatesNumber_PredictedCDHG_splitClauses_0":["101"],
"unlabeledTemplateRelationSymbolNumber_Unlabeled_splitClauses_0":["141"],
"clauseNumberAfterSimplification_Term_splitClauses_1":["380"],
"relationSymbolNumber_RelationalIneqs_splitClauses_0":["658"],
"unlabeledTemplateNumber_Octagon_splitClauses_0":["10870"],
"unlabeledBinaryVariableTemplatesNumber_RelationalEqs_splitClauses_1":["6930"],
"unlabeledTemplateNumber_PredictedCG_splitClauses_0":["10870"],
"unlabeledTemplateNumber_All_splitClauses_0":["10870"],
"labeledTemplateRelationSymbolNumber_RelationalIneqs_splitClauses_1":["38"],
"unlabeledSingleVariableTemplatesNumber_Mined_splitClauses_1":["3940"],
"labeledTemplateRelationSymbolNumber_Unlabeled_splitClauses_1":["38"],
"labeledBinaryVariableTemplatesNumber_Random_splitClauses_1":["101"],
"relationSymbolNumber_RelationalEqs_splitClauses_0":["658"],
"solvability_Random_splitClauses_1":["10800000"],
"solvingTime_Term_splitClauses_0":["10800000"],
"minedSingleVariableTemplatesNumber_Labeled_splitClauses_1":["1348"],
"relationSymbolNumber_Random_splitClauses_0":["658"],
"clauseNumberBeforeSimplification_Term_splitClauses_0":["443"],
"minedTemplateRelationSymbolNumber_Mined_splitClauses_0":["141"],
"solvability_Octagon_splitClauses_1":["10800000"],
"relationSymbolNumber_Labeled_splitClauses_1":["658"],
"minedSingleVariableTemplatesNumber_RelationalIneqs_splitClauses_1":["1348"],
"smt2FileSizeByte_Labeled_splitClauses_0":["255355"],
"solvability_RelationalEqs_splitClauses_1":["10800000"],
"unlabeledSingleVariableTemplatesNumber_Empty_splitClauses_1":["3940"],
"labeledTemplateNumber_PredictedCDHG_splitClauses_1":["106"],
"minedTemplateRelationSymbolNumber_Octagon_splitClauses_0":["141"],
"clauseNumberAfterSimplification_Unlabeled_splitClauses_0":["380"],
"clauseNumberBeforeSimplification_Unlabeled_splitClauses_0":["443"],
"clauseNumberBeforeSimplification_PredictedCDHG_splitClauses_0":["443"],
"cegarIterationNumber_RelationalIneqs_splitClauses_0":["10800000"],
"relationSymbolNumber_All_splitClauses_0":["658"],
"labeledTemplateRelationSymbolNumber_RelationalEqs_splitClauses_0":["38"],
"averagePredicateSize_Labeled_splitClauses_0":["10800000"],
"smt2FileSizeByte_RelationalIneqs_splitClauses_1":["255355"],
"clauseNumberBeforeSimplification_RelationalEqs_splitClauses_1":["443"],
"unlabeledTemplateRelationSymbolNumber_RelationalIneqs_splitClauses_1":["141"],
"clauseNumberBeforeSimplification_PredictedCG_splitClauses_0":["443"],
"solvingTime_PredictedCDHG_splitClauses_0":["10800000"],
"labeledTemplateRelationSymbolNumber_Octagon_splitClauses_1":["38"],
"minedTemplateRelationSymbolNumber_PredictedCG_splitClauses_1":["141"],
"labeledTemplateNumber_Random_splitClauses_1":["106"],
"solvingTime_RelationalIneqs_splitClauses_0":["10800000"],
"labeledTemplateNumber_All_splitClauses_1":["106"],
"unlabeledTemplateNumber_Random_splitClauses_1":["10870"],
"relationSymbolNumber_PredictedCDHG_splitClauses_1":["658"],
"smt2FileSizeByte_Unlabeled_splitClauses_1":["255355"],
"cegarIterationNumber_PredictedCG_splitClauses_0":["10800000"],
"predicateGeneratorTime_Octagon_splitClauses_0":["10800000"],
"unlabeledTemplateNumber_RelationalEqs_splitClauses_1":["10870"],
"clauseNumberAfterSimplification_Octagon_splitClauses_0":["380"],
"cegarIterationNumber_Random_splitClauses_0":["10800000"],
"solvability_PredictedCDHG_splitClauses_1":["10800000"],
"solvability_PredictedCG_splitClauses_0":["10800000"],
"solvingTime_PredictedCG_splitClauses_1":["10800000"],
"unlabeledSingleVariableTemplatesNumber_Unlabeled_splitClauses_0":["3940"],
"unlabeledTemplateNumber_Unlabeled_splitClauses_0":["10870"],
"labeledTemplateRelationSymbolNumber_RelationalIneqs_splitClauses_0":["38"],
"minedTemplateNumber_Random_splitClauses_1":["1449"],
"relationSymbolNumber_PredictedCG_splitClauses_0":["658"],
"generatedPredicateNumber_RelationalEqs_splitClauses_0":["10800000"],
"minedTemplateNumber_Term_splitClauses_0":["1449"],
"solvingTime_All_splitClauses_1":["10800000"],
"minedSingleVariableTemplatesNumber_PredictedCG_splitClauses_0":["1348"],
"smt2FileSizeByte_Term_splitClauses_1":["255355"],
"labeledBinaryVariableTemplatesNumber_All_splitClauses_0":["101"],
"minedTemplateNumber_PredictedCDHG_splitClauses_1":["1449"],
"minedTemplateRelationSymbolNumber_PredictedCDHG_splitClauses_0":["141"],
"averagePredicateSize_Unlabeled_splitClauses_0":["10800000"],
"minedBinaryVariableTemplatesNumber_Octagon_splitClauses_1":["101"],
"unlabeledSingleVariableTemplatesNumber_Random_splitClauses_1":["3940"],
"clauseNumberBeforeSimplification_Random_splitClauses_0":["443"],
"solvingTime_Unlabeled_splitClauses_1":["10800000"],
"predicateGeneratorTime_PredictedCDHG_splitClauses_1":["10800000"],
"averagePredicateSize_PredictedCDHG_splitClauses_0":["10800000"],
"minedBinaryVariableTemplatesNumber_Term_splitClauses_0":["101"],
"labeledTemplateNumber_RelationalIneqs_splitClauses_0":["106"],
"clauseNumberAfterSimplification_Random_splitClauses_0":["380"],
"clauseNumberAfterSimplification_PredictedCG_splitClauses_0":["380"],
"generatedPredicateNumber_Empty_splitClauses_1":["10800000"],
"clauseNumberBeforeSimplification_Octagon_splitClauses_0":["443"],
"unlabeledTemplateNumber_Empty_splitClauses_0":["10870"],
"minedSingleVariableTemplatesNumber_All_splitClauses_0":["1348"],
"labeledTemplateRelationSymbolNumber_Octagon_splitClauses_0":["38"],
"generatedPredicateNumber_Random_splitClauses_1":["10800000"],
"clauseNumberAfterSimplification_RelationalEqs_splitClauses_0":["380"],
"labeledBinaryVariableTemplatesNumber_Term_splitClauses_0":["101"],
"minedSingleVariableTemplatesNumber_RelationalEqs_splitClauses_0":["1348"],
"minedTemplateNumber_Mined_splitClauses_0":["1449"],
"averagePredicateSize_Octagon_splitClauses_0":["10800000"],
"unlabeledBinaryVariableTemplatesNumber_Empty_splitClauses_1":["6930"],
"relationSymbolNumber_Unlabeled_splitClauses_0":["658"],
"unlabeledSingleVariableTemplatesNumber_PredictedCDHG_splitClauses_0":["3940"],
"unlabeledSingleVariableTemplatesNumber_PredictedCG_splitClauses_1":["3940"],
"labeledTemplateRelationSymbolNumber_Labeled_splitClauses_1":["38"],
"minedTemplateRelationSymbolNumber_Random_splitClauses_0":["141"],
"unlabeledTemplateRelationSymbolNumber_PredictedCG_splitClauses_0":["141"],
"unlabeledTemplateNumber_RelationalIneqs_splitClauses_0":["10870"],
"unlabeledSingleVariableTemplatesNumber_Labeled_splitClauses_0":["3940"],
"minedTemplateNumber_Unlabeled_splitClauses_1":["1449"],
"generatedPredicateNumber_PredictedCG_splitClauses_0":["10800000"],
"labeledTemplateNumber_Unlabeled_splitClauses_1":["106"],
"unlabeledTemplateRelationSymbolNumber_Empty_splitClauses_1":["141"],
"clauseNumberBeforeSimplification_Empty_splitClauses_0":["443"],
"solvingTime_Octagon_splitClauses_1":["10800000"],
"cegarIterationNumber_Mined_splitClauses_1":["48"],
"clauseNumberBeforeSimplification_Mined_splitClauses_1":["443"],
"smt2FileSizeByte_PredictedCDHG_splitClauses_0":["255355"],
"averagePredicateSize_PredictedCG_splitClauses_0":["10800000"],
"solvingTime_Random_splitClauses_0":["10800000"],
"minedTemplateNumber_RelationalEqs_splitClauses_0":["1449"],
"unlabeledSingleVariableTemplatesNumber_RelationalIneqs_splitClauses_0":["3940"],
"unlabeledTemplateNumber_Unlabeled_splitClauses_1":["10870"],
"labeledBinaryVariableTemplatesNumber_RelationalEqs_splitClauses_0":["101"],
"generatedPredicateNumber_PredictedCDHG_splitClauses_0":["10800000"],
"minedTemplateRelationSymbolNumber_Empty_splitClauses_1":["141"],
"predicateGeneratorTime_Random_splitClauses_1":["10800000"],
"labeledTemplateNumber_Term_splitClauses_1":["106"],
"minedSingleVariableTemplatesNumber_Empty_splitClauses_1":["1348"],
"minedSingleVariableTemplatesNumber_RelationalIneqs_splitClauses_0":["1348"],
"clauseNumberAfterSimplification_All_splitClauses_0":["380"],
"unlabeledBinaryVariableTemplatesNumber_RelationalEqs_splitClauses_0":["6930"],
"cegarIterationNumber_RelationalEqs_splitClauses_0":["10800000"],
"labeledTemplateRelationSymbolNumber_PredictedCDHG_splitClauses_0":["38"],
"labeledSingleVariableTemplatesNumber_Labeled_splitClauses_1":["5"],
"unlabeledBinaryVariableTemplatesNumber_All_splitClauses_1":["6930"],
"minedTemplateRelationSymbolNumber_Unlabeled_splitClauses_1":["141"],
"solvingTime_RelationalEqs_splitClauses_0":["10800000"],
"solvingTime_RelationalEqs_splitClauses_1":["10800000"],
"minedBinaryVariableTemplatesNumber_Mined_splitClauses_0":["101"],
"clauseNumberBeforeSimplification_All_splitClauses_0":["443"],
"clauseNumberBeforeSimplification_RelationalIneqs_splitClauses_1":["443"],
"labeledTemplateNumber_RelationalEqs_splitClauses_1":["106"],
"labeledBinaryVariableTemplatesNumber_RelationalIneqs_splitClauses_0":["101"],
"clauseNumberAfterSimplification_Empty_splitClauses_0":["380"],
"averagePredicateSize_Empty_splitClauses_0":["10800000"],
"relationSymbolNumber_PredictedCG_splitClauses_1":["658"],
"unlabeledTemplateNumber_Term_splitClauses_1":["10870"],
"predicateGeneratorTime_Mined_splitClauses_1":["1273"],
"relationSymbolNumber_Mined_splitClauses_0":["658"],
"labeledBinaryVariableTemplatesNumber_RelationalIneqs_splitClauses_1":["101"],
"predicateGeneratorTime_Unlabeled_splitClauses_0":["10800000"],
"generatedPredicateNumber_Mined_splitClauses_0":["10800000"],
"generatedPredicateNumber_RelationalEqs_splitClauses_1":["10800000"],
"labeledTemplateRelationSymbolNumber_PredictedCG_splitClauses_0":["38"],
"minedSingleVariableTemplatesNumber_PredictedCG_splitClauses_1":["1348"],
"minedTemplateRelationSymbolNumber_PredictedCG_splitClauses_0":["141"],
"unlabeledTemplateRelationSymbolNumber_Labeled_splitClauses_0":["141"],
"solvability_Empty_splitClauses_1":["10800000"],
"averagePredicateSize_Term_splitClauses_0":["10800000"],
"cegarIterationNumber_Random_splitClauses_1":["10800000"],
"relationSymbolNumber_All_splitClauses_1":["658"],
"averagePredicateSize_Labeled_splitClauses_1":["10800000"],
"unlabeledBinaryVariableTemplatesNumber_Unlabeled_splitClauses_0":["6930"],
"generatedPredicateNumber_Unlabeled_splitClauses_1":["10800000"],
"predicateGeneratorTime_All_splitClauses_0":["10800000"],
"unlabeledBinaryVariableTemplatesNumber_PredictedCDHG_splitClauses_1":["6930"],
"clauseNumberBeforeSimplification_Labeled_splitClauses_1":["443"],
"minedBinaryVariableTemplatesNumber_Labeled_splitClauses_1":["101"],
"labeledSingleVariableTemplatesNumber_All_splitClauses_0":["5"],
"unlabeledTemplateRelationSymbolNumber_Mined_splitClauses_0":["141"],
"cegarIterationNumber_Octagon_splitClauses_1":["10800000"],
"labeledTemplateNumber_Octagon_splitClauses_0":["106"],
"labeledTemplateRelationSymbolNumber_All_splitClauses_1":["38"],
"smt2FileSizeByte_Empty_splitClauses_0":["255355"],
"relationSymbolNumber_RelationalIneqs_splitClauses_1":["658"],
"unlabeledTemplateNumber_Octagon_splitClauses_1":["10870"],
"predicateGeneratorTime_RelationalEqs_splitClauses_0":["10800000"],
"unlabeledTemplateRelationSymbolNumber_RelationalIneqs_splitClauses_0":["141"],
"smt2FileSizeByte_RelationalEqs_splitClauses_1":["255355"],
"unlabeledTemplateNumber_Labeled_splitClauses_0":["10870"],
"relationSymbolNumber_Random_splitClauses_1":["658"],
"minedSingleVariableTemplatesNumber_Labeled_splitClauses_0":["1348"],
"solvingTime_PredictedCDHG_splitClauses_1":["10800000"],
"minedTemplateNumber_Octagon_splitClauses_1":["1449"],
"clauseNumberBeforeSimplification_Mined_splitClauses_0":["443"],
"smt2FileSizeByte_All_splitClauses_0":["255355"],
"solvingTime_All_splitClauses_0":["10800000"],
"minedBinaryVariableTemplatesNumber_Term_splitClauses_1":["101"],
"unlabeledTemplateRelationSymbolNumber_Random_splitClauses_0":["141"],
"cegarIterationNumber_All_splitClauses_0":["10800000"],
"smt2FileSizeByte_RelationalEqs_splitClauses_0":["255355"],
"unlabeledSingleVariableTemplatesNumber_PredictedCDHG_splitClauses_1":["3940"],
"clauseNumberBeforeSimplification_Labeled_splitClauses_0":["443"],
"cegarIterationNumber_PredictedCG_splitClauses_1":["10800000"],
"labeledTemplateRelationSymbolNumber_Unlabeled_splitClauses_0":["38"],
"unlabeledTemplateRelationSymbolNumber_Octagon_splitClauses_1":["141"],
"unlabeledTemplateNumber_Empty_splitClauses_1":["10870"],
"clauseNumberBeforeSimplification_Octagon_splitClauses_1":["443"],
"labeledTemplateNumber_Unlabeled_splitClauses_0":["106"],
"labeledBinaryVariableTemplatesNumber_PredictedCG_splitClauses_0":["101"],
"solvability_Term_splitClauses_1":["10800000"],
"solvability_Octagon_splitClauses_0":["10800000"],
"minedTemplateRelationSymbolNumber_RelationalIneqs_splitClauses_0":["141"],
"clauseNumberBeforeSimplification_RelationalIneqs_splitClauses_0":["443"],
"labeledTemplateNumber_PredictedCG_splitClauses_0":["106"],
"cegarIterationNumber_Labeled_splitClauses_0":["10800000"],
"smt2FileSizeByte_Labeled_splitClauses_1":["255355"],
"clauseNumberBeforeSimplification_Unlabeled_splitClauses_1":["443"],
"generatedPredicateNumber_Term_splitClauses_1":["10800000"],
"solvingTime_Term_splitClauses_1":["10800000"],
"unlabeledBinaryVariableTemplatesNumber_Random_splitClauses_1":["6930"],
"unlabeledSingleVariableTemplatesNumber_Octagon_splitClauses_0":["3940"],
"solvingTime_Octagon_splitClauses_0":["10800000"],
"labeledSingleVariableTemplatesNumber_Mined_splitClauses_1":["5"],
"averagePredicateSize_Term_splitClauses_1":["10800000"],
"labeledTemplateNumber_Labeled_splitClauses_0":["106"],
"unlabeledSingleVariableTemplatesNumber_PredictedCG_splitClauses_0":["3940"],
"smt2FileSizeByte_Mined_splitClauses_1":["255355"],
"labeledBinaryVariableTemplatesNumber_Unlabeled_splitClauses_1":["101"],
"labeledTemplateNumber_All_splitClauses_0":["106"],
"unlabeledTemplateNumber_Random_splitClauses_0":["10870"],
"labeledTemplateNumber_Octagon_splitClauses_1":["106"],
"unlabeledTemplateNumber_PredictedCDHG_splitClauses_1":["10870"],
"unlabeledBinaryVariableTemplatesNumber_Mined_splitClauses_0":["6930"],
"minedTemplateRelationSymbolNumber_Mined_splitClauses_1":["141"],
"labeledTemplateNumber_RelationalIneqs_splitClauses_1":["106"],
"solvability_Term_splitClauses_0":["10800000"],
"relationSymbolNumber_Octagon_splitClauses_0":["658"],
"clauseNumberBeforeSimplification_PredictedCG_splitClauses_1":["443"],
"generatedPredicateNumber_Labeled_splitClauses_1":["10800000"],
"labeledSingleVariableTemplatesNumber_Unlabeled_splitClauses_0":["5"],
"unlabeledBinaryVariableTemplatesNumber_Empty_splitClauses_0":["6930"],
"solvingTime_Mined_splitClauses_0":["10800000"],
"unlabeledTemplateNumber_All_splitClauses_1":["10870"],
"clauseNumberAfterSimplification_Random_splitClauses_1":["380"],
"labeledBinaryVariableTemplatesNumber_Octagon_splitClauses_1":["101"],
"unlabeledBinaryVariableTemplatesNumber_Labeled_splitClauses_0":["6930"],
"smt2FileSizeByte_Octagon_splitClauses_0":["255355"],
"labeledSingleVariableTemplatesNumber_Random_splitClauses_1":["5"],
"solvability_Unlabeled_splitClauses_0":["10800000"],
"solvingTime_Unlabeled_splitClauses_0":["10800000"],
"unlabeledTemplateRelationSymbolNumber_All_splitClauses_1":["141"],
"minedTemplateNumber_Empty_splitClauses_1":["1449"],
"solvability_RelationalIneqs_splitClauses_0":["10800000"],
"unlabeledTemplateRelationSymbolNumber_Labeled_splitClauses_1":["141"],
"cegarIterationNumber_RelationalEqs_splitClauses_1":["10800000"],
"minedSingleVariableTemplatesNumber_RelationalEqs_splitClauses_1":["1348"],
"clauseNumberAfterSimplification_PredictedCDHG_splitClauses_1":["380"],
"minedBinaryVariableTemplatesNumber_RelationalIneqs_splitClauses_1":["101"],
"unlabeledBinaryVariableTemplatesNumber_Mined_splitClauses_1":["6930"],
"unlabeledBinaryVariableTemplatesNumber_PredictedCDHG_splitClauses_0":["6930"],
"solvingTime_Empty_splitClauses_1":["10800000"],
"labeledTemplateRelationSymbolNumber_Empty_splitClauses_1":["38"],
"generatedPredicateNumber_Term_splitClauses_0":["10800000"],
"averagePredicateSize_Empty_splitClauses_1":["10800000"],
"generatedPredicateNumber_PredictedCG_splitClauses_1":["10800000"],
"labeledTemplateRelationSymbolNumber_PredictedCDHG_splitClauses_1":["38"],
"relationSymbolNumber_Mined_splitClauses_1":["658"],
"predicateGeneratorTime_Mined_splitClauses_0":["10800000"],
"predicateGeneratorTime_Labeled_splitClauses_0":["10800000"],
"labeledSingleVariableTemplatesNumber_Random_splitClauses_0":["5"],
"unlabeledTemplateRelationSymbolNumber_All_splitClauses_0":["141"],
"minedBinaryVariableTemplatesNumber_Labeled_splitClauses_0":["101"],
"generatedPredicateNumber_Labeled_splitClauses_0":["10800000"],
"relationSymbolNumber_Empty_splitClauses_0":["658"],
"solvingTime_Mined_splitClauses_1":["1834"],
"minedSingleVariableTemplatesNumber_All_splitClauses_1":["1348"],
"predicateGeneratorTime_Random_splitClauses_0":["10800000"],
"cegarIterationNumber_Term_splitClauses_1":["10800000"],
"labeledTemplateNumber_Empty_splitClauses_1":["106"],
"clauseNumberAfterSimplification_Empty_splitClauses_1":["380"],
"minedTemplateRelationSymbolNumber_Empty_splitClauses_0":["141"],
"unlabeledSingleVariableTemplatesNumber_Term_splitClauses_0":["3940"],
"minedSingleVariableTemplatesNumber_Empty_splitClauses_0":["1348"],
"minedTemplateRelationSymbolNumber_RelationalEqs_splitClauses_0":["141"],
"cegarIterationNumber_Empty_splitClauses_0":["10800000"],
"minedBinaryVariableTemplatesNumber_RelationalEqs_splitClauses_1":["101"],
"labeledSingleVariableTemplatesNumber_All_splitClauses_1":["5"],
"unlabeledTemplateRelationSymbolNumber_Octagon_splitClauses_0":["141"],
"minedTemplateRelationSymbolNumber_Unlabeled_splitClauses_0":["141"],
"labeledBinaryVariableTemplatesNumber_Mined_splitClauses_0":["101"],
"minedTemplateNumber_PredictedCG_splitClauses_1":["1449"],
"cegarIterationNumber_Empty_splitClauses_1":["10800000"],
"averagePredicateSize_RelationalIneqs_splitClauses_0":["10800000"],
"solvability_All_splitClauses_1":["10800000"],
"unlabeledBinaryVariableTemplatesNumber_Term_splitClauses_1":["6930"],
"relationSymbolNumber_PredictedCDHG_splitClauses_0":["658"],
"minedTemplateRelationSymbolNumber_Labeled_splitClauses_1":["141"],
"averagePredicateSize_Unlabeled_splitClauses_1":["10800000"],
"labeledTemplateNumber_Term_splitClauses_0":["106"],
"smt2FileSizeByte_Empty_splitClauses_1":["255355"],
"solvingTime_PredictedCG_splitClauses_0":["10800000"],
"relationSymbolNumber_Term_splitClauses_0":["658"],
"cegarIterationNumber_All_splitClauses_1":["10800000"],
"clauseNumberBeforeSimplification_Term_splitClauses_1":["443"],
"predicateGeneratorTime_Empty_splitClauses_0":["10800000"],
"averagePredicateSize_All_splitClauses_0":["10800000"],
"unlabeledBinaryVariableTemplatesNumber_Random_splitClauses_0":["6930"],
"smt2FileSizeByte_Term_splitClauses_0":["255355"],
"averagePredicateSize_Mined_splitClauses_1":["1"],
"minedBinaryVariableTemplatesNumber_Empty_splitClauses_0":["101"],
"minedTemplateRelationSymbolNumber_All_splitClauses_1":["141"],
"labeledSingleVariableTemplatesNumber_PredictedCG_splitClauses_0":["5"],
"unlabeledBinaryVariableTemplatesNumber_RelationalIneqs_splitClauses_0":["6930"],
"unlabeledSingleVariableTemplatesNumber_RelationalIneqs_splitClauses_1":["3940"],
"clauseNumberAfterSimplification_RelationalIneqs_splitClauses_0":["380"],
"unlabeledTemplateNumber_RelationalEqs_splitClauses_0":["10870"],
"unlabeledTemplateNumber_RelationalIneqs_splitClauses_1":["10870"],
"labeledTemplateRelationSymbolNumber_PredictedCG_splitClauses_1":["38"],
"labeledTemplateRelationSymbolNumber_All_splitClauses_0":["38"],
"labeledSingleVariableTemplatesNumber_Octagon_splitClauses_0":["5"],
"dummyFiled":[]
}