{
"smt2FileSizeByte_All_splitClauses_1":["171961"],
"generatedPredicateNumber_All_splitClauses_1":["10800000"],
"unlabeledTemplateRelationSymbolNumber_PredictedCDHG_splitClauses_0":["60"],
"relationSymbolNumberBeforeSimplification_Unlabeled_splitClauses_1":["521"],
"predicateGeneratorTime_Term_splitClauses_0":["10800000"],
"averagePredicateSize_Random_splitClauses_1":["1"],
"labeledBinaryVariableTemplatesNumber_Labeled_splitClauses_1":["165"],
"clauseNumberBeforeSimplification_All_splitClauses_1":["232"],
"minedTemplateRelationSymbolNumber_Term_splitClauses_0":["60"],
"solvingTime_Labeled_splitClauses_1":["3473"],
"unlabeledTemplateNumber_Labeled_splitClauses_1":["4140"],
"relationSymbolNumberAfterSimplification_All_splitClauses_1":["315"],
"minedTemplateRelationSymbolNumber_Octagon_splitClauses_1":["60"],
"clauseNumberAfterSimplification_Mined_splitClauses_1":["181"],
"relationSymbolNumberBeforeSimplification_Octagon_splitClauses_0":["521"],
"unlabeledBinaryVariableTemplatesNumber_Term_splitClauses_0":["2622"],
"labeledTemplateNumber_PredictedCDHG_splitClauses_0":["174"],
"solvability_Empty_splitClauses_0":["10800000"],
"unlabeledTemplateRelationSymbolNumber_Random_splitClauses_1":["60"],
"labeledBinaryVariableTemplatesNumber_Octagon_splitClauses_0":["165"],
"relationSymbolNumberBeforeSimplification_Random_splitClauses_1":["521"],
"minedTemplateRelationSymbolNumber_Random_splitClauses_1":["60"],
"unlabeledSingleVariableTemplatesNumber_Mined_splitClauses_0":["1518"],
"unlabeledBinaryVariableTemplatesNumber_PredictedCG_splitClauses_1":["2622"],
"solvability_All_splitClauses_0":["10800000"],
"predicateGeneratorTime_RelationalEqs_splitClauses_1":["1461"],
"relationSymbolNumberBeforeSimplification_PredictedCDHG_splitClauses_1":["521"],
"smt2FileSizeByte_PredictedCG_splitClauses_1":["171961"],
"labeledSingleVariableTemplatesNumber_Unlabeled_splitClauses_1":["9"],
"labeledBinaryVariableTemplatesNumber_PredictedCG_splitClauses_1":["165"],
"minedBinaryVariableTemplatesNumber_PredictedCG_splitClauses_0":["165"],
"solvability_Random_splitClauses_0":["10800000"],
"relationSymbolNumberAfterSimplification_PredictedCG_splitClauses_1":["315"],
"clauseNumberBeforeSimplification_PredictedCDHG_splitClauses_1":["232"],
"labeledSingleVariableTemplatesNumber_Mined_splitClauses_0":["9"],
"solvability_Unlabeled_splitClauses_1":["1"],
"cegarIterationNumber_Labeled_splitClauses_1":["78"],
"smt2FileSizeByte_Mined_splitClauses_0":["171961"],
"relationSymbolNumberAfterSimplification_Mined_splitClauses_0":["315"],
"labeledSingleVariableTemplatesNumber_PredictedCG_splitClauses_1":["9"],
"smt2FileSizeByte_Octagon_splitClauses_1":["171961"],
"minedTemplateNumber_Labeled_splitClauses_1":["689"],
"labeledSingleVariableTemplatesNumber_RelationalIneqs_splitClauses_1":["9"],
"clauseNumberAfterSimplification_Labeled_splitClauses_1":["181"],
"relationSymbolNumberAfterSimplification_Labeled_splitClauses_0":["315"],
"smt2FileSizeByte_Random_splitClauses_0":["171961"],
"relationSymbolNumberAfterSimplification_PredictedCDHG_splitClauses_0":["315"],
"unlabeledTemplateRelationSymbolNumber_PredictedCDHG_splitClauses_1":["60"],
"labeledSingleVariableTemplatesNumber_Term_splitClauses_0":["9"],
"generatedPredicateNumber_PredictedCDHG_splitClauses_1":["10800000"],
"minedSingleVariableTemplatesNumber_Unlabeled_splitClauses_0":["524"],
"generatedPredicateNumber_Octagon_splitClauses_1":["168"],
"labeledSingleVariableTemplatesNumber_RelationalEqs_splitClauses_0":["9"],
"predicateGeneratorTime_PredictedCG_splitClauses_1":["10800000"],
"relationSymbolNumberAfterSimplification_Octagon_splitClauses_0":["315"],
"labeledTemplateNumber_Labeled_splitClauses_1":["174"],
"labeledSingleVariableTemplatesNumber_Empty_splitClauses_0":["9"],
"minedTemplateRelationSymbolNumber_RelationalIneqs_splitClauses_1":["60"],
"unlabeledSingleVariableTemplatesNumber_All_splitClauses_1":["1518"],
"labeledBinaryVariableTemplatesNumber_PredictedCDHG_splitClauses_1":["165"],
"unlabeledSingleVariableTemplatesNumber_RelationalEqs_splitClauses_1":["1518"],
"cegarIterationNumber_Term_splitClauses_0":["10800000"],
"unlabeledBinaryVariableTemplatesNumber_Labeled_splitClauses_1":["2622"],
"unlabeledSingleVariableTemplatesNumber_Term_splitClauses_1":["1518"],
"clauseNumberAfterSimplification_All_splitClauses_1":["181"],
"minedSingleVariableTemplatesNumber_Random_splitClauses_0":["524"],
"solvability_RelationalIneqs_splitClauses_1":["1"],
"minedTemplateNumber_Labeled_splitClauses_0":["689"],
"minedSingleVariableTemplatesNumber_Octagon_splitClauses_0":["524"],
"minedSingleVariableTemplatesNumber_Term_splitClauses_1":["524"],
"minedBinaryVariableTemplatesNumber_PredictedCDHG_splitClauses_1":["165"],
"generatedPredicateNumber_Mined_splitClauses_1":["168"],
"labeledSingleVariableTemplatesNumber_RelationalIneqs_splitClauses_0":["9"],
"averagePredicateSize_Mined_splitClauses_0":["10800000"],
"cegarIterationNumber_Unlabeled_splitClauses_0":["10800000"],
"minedBinaryVariableTemplatesNumber_Random_splitClauses_0":["165"],
"labeledTemplateNumber_Mined_splitClauses_1":["174"],
"labeledBinaryVariableTemplatesNumber_Random_splitClauses_0":["165"],
"unlabeledTemplateRelationSymbolNumber_Unlabeled_splitClauses_1":["60"],
"cegarIterationNumber_Mined_splitClauses_0":["10800000"],
"minedTemplateRelationSymbolNumber_Labeled_splitClauses_0":["60"],
"unlabeledBinaryVariableTemplatesNumber_RelationalIneqs_splitClauses_1":["2622"],
"unlabeledBinaryVariableTemplatesNumber_Octagon_splitClauses_0":["2622"],
"solvability_Mined_splitClauses_0":["10800000"],
"averagePredicateSize_RelationalEqs_splitClauses_0":["10800000"],
"clauseNumberAfterSimplification_Term_splitClauses_0":["181"],
"unlabeledTemplateNumber_Mined_splitClauses_0":["4140"],
"relationSymbolNumberAfterSimplification_Random_splitClauses_1":["315"],
"unlabeledTemplateNumber_PredictedCDHG_splitClauses_0":["4140"],
"cegarIterationNumber_RelationalIneqs_splitClauses_1":["78"],
"minedBinaryVariableTemplatesNumber_Unlabeled_splitClauses_1":["165"],
"labeledTemplateNumber_PredictedCG_splitClauses_1":["174"],
"labeledTemplateRelationSymbolNumber_Mined_splitClauses_0":["53"],
"labeledBinaryVariableTemplatesNumber_Mined_splitClauses_1":["165"],
"relationSymbolNumberBeforeSimplification_Mined_splitClauses_0":["521"],
"relationSymbolNumberBeforeSimplification_RelationalIneqs_splitClauses_0":["521"],
"clauseNumberAfterSimplification_RelationalIneqs_splitClauses_1":["181"],
"minedSingleVariableTemplatesNumber_PredictedCDHG_splitClauses_0":["524"],
"solvability_Labeled_splitClauses_1":["1"],
"labeledSingleVariableTemplatesNumber_Octagon_splitClauses_1":["9"],
"averagePredicateSize_Random_splitClauses_0":["10800000"],
"smt2FileSizeByte_RelationalIneqs_splitClauses_0":["171961"],
"generatedPredicateNumber_Unlabeled_splitClauses_0":["10800000"],
"solvability_RelationalEqs_splitClauses_0":["10800000"],
"predicateGeneratorTime_Empty_splitClauses_1":["1661"],
"minedSingleVariableTemplatesNumber_Mined_splitClauses_0":["524"],
"relationSymbolNumberAfterSimplification_Unlabeled_splitClauses_0":["315"],
"minedTemplateRelationSymbolNumber_PredictedCDHG_splitClauses_1":["60"],
"minedTemplateNumber_PredictedCG_splitClauses_0":["689"],
"averagePredicateSize_RelationalIneqs_splitClauses_1":["1"],
"labeledTemplateRelationSymbolNumber_Random_splitClauses_1":["53"],
"minedTemplateNumber_RelationalIneqs_splitClauses_0":["689"],
"predicateGeneratorTime_RelationalIneqs_splitClauses_0":["10800000"],
"labeledTemplateRelationSymbolNumber_Empty_splitClauses_0":["53"],
"minedBinaryVariableTemplatesNumber_Octagon_splitClauses_0":["165"],
"labeledSingleVariableTemplatesNumber_Term_splitClauses_1":["9"],
"labeledBinaryVariableTemplatesNumber_Empty_splitClauses_0":["165"],
"minedTemplateNumber_Octagon_splitClauses_0":["689"],
"labeledBinaryVariableTemplatesNumber_Unlabeled_splitClauses_0":["165"],
"relationSymbolNumberBeforeSimplification_Empty_splitClauses_0":["521"],
"clauseNumberAfterSimplification_PredictedCDHG_splitClauses_0":["181"],
"smt2FileSizeByte_PredictedCG_splitClauses_0":["171961"],
"minedBinaryVariableTemplatesNumber_RelationalEqs_splitClauses_0":["165"],
"relationSymbolNumberBeforeSimplification_Unlabeled_splitClauses_0":["521"],
"labeledTemplateRelationSymbolNumber_RelationalEqs_splitClauses_1":["53"],
"minedBinaryVariableTemplatesNumber_Random_splitClauses_1":["165"],
"clauseNumberAfterSimplification_Unlabeled_splitClauses_1":["181"],
"minedSingleVariableTemplatesNumber_PredictedCDHG_splitClauses_1":["524"],
"labeledBinaryVariableTemplatesNumber_Term_splitClauses_1":["165"],
"clauseNumberBeforeSimplification_Empty_splitClauses_1":["232"],
"relationSymbolNumberAfterSimplification_Octagon_splitClauses_1":["315"],
"relationSymbolNumberAfterSimplification_Term_splitClauses_0":["315"],
"minedBinaryVariableTemplatesNumber_Mined_splitClauses_1":["165"],
"unlabeledBinaryVariableTemplatesNumber_Unlabeled_splitClauses_1":["2622"],
"relationSymbolNumberBeforeSimplification_Random_splitClauses_0":["521"],
"relationSymbolNumberAfterSimplification_PredictedCDHG_splitClauses_1":["315"],
"unlabeledTemplateNumber_PredictedCG_splitClauses_1":["4140"],
"generatedPredicateNumber_Empty_splitClauses_0":["10800000"],
"predicateGeneratorTime_RelationalIneqs_splitClauses_1":["1481"],
"unlabeledSingleVariableTemplatesNumber_Empty_splitClauses_0":["1518"],
"cegarIterationNumber_Octagon_splitClauses_0":["10800000"],
"clauseNumberAfterSimplification_Octagon_splitClauses_1":["181"],
"unlabeledSingleVariableTemplatesNumber_Labeled_splitClauses_1":["1518"],
"clauseNumberBeforeSimplification_Random_splitClauses_1":["232"],
"minedTemplateRelationSymbolNumber_All_splitClauses_0":["60"],
"unlabeledTemplateRelationSymbolNumber_RelationalEqs_splitClauses_0":["60"],
"minedSingleVariableTemplatesNumber_Unlabeled_splitClauses_1":["524"],
"clauseNumberBeforeSimplification_RelationalEqs_splitClauses_0":["232"],
"minedTemplateNumber_Unlabeled_splitClauses_0":["689"],
"generatedPredicateNumber_Octagon_splitClauses_0":["10800000"],
"predicateGeneratorTime_PredictedCDHG_splitClauses_0":["10800000"],
"clauseNumberAfterSimplification_PredictedCG_splitClauses_1":["181"],
"labeledSingleVariableTemplatesNumber_RelationalEqs_splitClauses_1":["9"],
"smt2FileSizeByte_Random_splitClauses_1":["171961"],
"averagePredicateSize_PredictedCG_splitClauses_1":["10800000"],
"cegarIterationNumber_PredictedCDHG_splitClauses_1":["10800000"],
"clauseNumberAfterSimplification_RelationalEqs_splitClauses_1":["181"],
"minedBinaryVariableTemplatesNumber_Empty_splitClauses_1":["165"],
"relationSymbolNumberAfterSimplification_RelationalEqs_splitClauses_1":["315"],
"minedTemplateNumber_PredictedCDHG_splitClauses_0":["689"],
"labeledBinaryVariableTemplatesNumber_All_splitClauses_1":["165"],
"solvingTime_RelationalIneqs_splitClauses_1":["2607"],
"unlabeledTemplateRelationSymbolNumber_RelationalEqs_splitClauses_1":["60"],
"smt2FileSizeByte_Unlabeled_splitClauses_0":["171961"],
"relationSymbolNumberBeforeSimplification_Mined_splitClauses_1":["521"],
"relationSymbolNumberAfterSimplification_Mined_splitClauses_1":["315"],
"generatedPredicateNumber_All_splitClauses_0":["10800000"],
"relationSymbolNumberBeforeSimplification_Octagon_splitClauses_1":["521"],
"predicateGeneratorTime_Octagon_splitClauses_1":["1919"],
"solvability_Mined_splitClauses_1":["1"],
"minedTemplateRelationSymbolNumber_Term_splitClauses_1":["60"],
"clauseNumberAfterSimplification_Mined_splitClauses_0":["181"],
"solvability_PredictedCDHG_splitClauses_0":["10800000"],
"solvingTime_Empty_splitClauses_0":["10800000"],
"unlabeledSingleVariableTemplatesNumber_Unlabeled_splitClauses_1":["1518"],
"minedTemplateNumber_Term_splitClauses_1":["689"],
"averagePredicateSize_Octagon_splitClauses_1":["1"],
"unlabeledSingleVariableTemplatesNumber_Octagon_splitClauses_1":["1518"],
"minedTemplateRelationSymbolNumber_RelationalEqs_splitClauses_1":["60"],
"relationSymbolNumberBeforeSimplification_All_splitClauses_1":["521"],
"minedBinaryVariableTemplatesNumber_RelationalIneqs_splitClauses_0":["165"],
"predicateGeneratorTime_Term_splitClauses_1":["1660"],
"solvingTime_Labeled_splitClauses_0":["10800000"],
"unlabeledBinaryVariableTemplatesNumber_PredictedCG_splitClauses_0":["2622"],
"minedTemplateNumber_All_splitClauses_0":["689"],
"predicateGeneratorTime_Labeled_splitClauses_1":["2124"],
"unlabeledTemplateRelationSymbolNumber_Empty_splitClauses_0":["60"],
"unlabeledTemplateNumber_Mined_splitClauses_1":["4140"],
"solvability_PredictedCG_splitClauses_1":["10800000"],
"unlabeledTemplateNumber_Term_splitClauses_0":["4140"],
"minedBinaryVariableTemplatesNumber_PredictedCG_splitClauses_1":["165"],
"labeledSingleVariableTemplatesNumber_PredictedCDHG_splitClauses_0":["9"],
"minedBinaryVariableTemplatesNumber_All_splitClauses_0":["165"],
"averagePredicateSize_PredictedCDHG_splitClauses_1":["10800000"],
"predicateGeneratorTime_PredictedCG_splitClauses_0":["10800000"],
"generatedPredicateNumber_RelationalIneqs_splitClauses_0":["10800000"],
"labeledTemplateNumber_Empty_splitClauses_0":["174"],
"relationSymbolNumberAfterSimplification_RelationalIneqs_splitClauses_1":["315"],
"unlabeledTemplateRelationSymbolNumber_Term_splitClauses_0":["60"],
"minedTemplateNumber_All_splitClauses_1":["689"],
"labeledSingleVariableTemplatesNumber_Empty_splitClauses_1":["9"],
"minedBinaryVariableTemplatesNumber_Unlabeled_splitClauses_0":["165"],
"labeledTemplateNumber_Random_splitClauses_0":["174"],
"minedBinaryVariableTemplatesNumber_All_splitClauses_1":["165"],
"unlabeledSingleVariableTemplatesNumber_All_splitClauses_0":["1518"],
"relationSymbolNumberBeforeSimplification_Labeled_splitClauses_1":["521"],
"smt2FileSizeByte_PredictedCDHG_splitClauses_1":["171961"],
"labeledBinaryVariableTemplatesNumber_PredictedCDHG_splitClauses_0":["165"],
"averagePredicateSize_RelationalEqs_splitClauses_1":["1"],
"minedSingleVariableTemplatesNumber_Term_splitClauses_0":["524"],
"labeledTemplateRelationSymbolNumber_Term_splitClauses_1":["53"],
"generatedPredicateNumber_Random_splitClauses_0":["10800000"],
"labeledBinaryVariableTemplatesNumber_Empty_splitClauses_1":["165"],
"relationSymbolNumberAfterSimplification_Term_splitClauses_1":["315"],
"clauseNumberAfterSimplification_Labeled_splitClauses_0":["181"],
"labeledSingleVariableTemplatesNumber_Labeled_splitClauses_0":["9"],
"minedTemplateNumber_Mined_splitClauses_1":["689"],
"labeledTemplateRelationSymbolNumber_Labeled_splitClauses_0":["53"],
"unlabeledTemplateRelationSymbolNumber_Mined_splitClauses_1":["60"],
"solvability_Labeled_splitClauses_0":["10800000"],
"minedTemplateNumber_RelationalEqs_splitClauses_1":["689"],
"solvingTime_Random_splitClauses_1":["3114"],
"minedTemplateNumber_Random_splitClauses_0":["689"],
"cegarIterationNumber_Unlabeled_splitClauses_1":["78"],
"minedTemplateNumber_RelationalIneqs_splitClauses_1":["689"],
"unlabeledBinaryVariableTemplatesNumber_Octagon_splitClauses_1":["2622"],
"minedSingleVariableTemplatesNumber_Octagon_splitClauses_1":["524"],
"minedSingleVariableTemplatesNumber_Random_splitClauses_1":["524"],
"averagePredicateSize_All_splitClauses_1":["10800000"],
"minedTemplateNumber_Empty_splitClauses_0":["689"],
"labeledTemplateNumber_Mined_splitClauses_0":["174"],
"unlabeledBinaryVariableTemplatesNumber_All_splitClauses_0":["2622"],
"relationSymbolNumberAfterSimplification_Labeled_splitClauses_1":["315"],
"labeledSingleVariableTemplatesNumber_PredictedCDHG_splitClauses_1":["9"],
"minedSingleVariableTemplatesNumber_Mined_splitClauses_1":["524"],
"labeledTemplateRelationSymbolNumber_Term_splitClauses_0":["53"],
"unlabeledTemplateRelationSymbolNumber_Term_splitClauses_1":["60"],
"predicateGeneratorTime_All_splitClauses_1":["10800000"],
"unlabeledSingleVariableTemplatesNumber_Random_splitClauses_0":["1518"],
"predicateGeneratorTime_Unlabeled_splitClauses_1":["1512"],
"cegarIterationNumber_PredictedCDHG_splitClauses_0":["10800000"],
"labeledTemplateNumber_RelationalEqs_splitClauses_0":["174"],
"labeledTemplateRelationSymbolNumber_Mined_splitClauses_1":["53"],
"labeledTemplateRelationSymbolNumber_Random_splitClauses_0":["53"],
"labeledBinaryVariableTemplatesNumber_RelationalEqs_splitClauses_1":["165"],
"generatedPredicateNumber_RelationalIneqs_splitClauses_1":["168"],
"unlabeledTemplateRelationSymbolNumber_PredictedCG_splitClauses_1":["60"],
"unlabeledSingleVariableTemplatesNumber_RelationalEqs_splitClauses_0":["1518"],
"labeledBinaryVariableTemplatesNumber_Labeled_splitClauses_0":["165"],
"minedBinaryVariableTemplatesNumber_PredictedCDHG_splitClauses_0":["165"],
"unlabeledTemplateRelationSymbolNumber_Unlabeled_splitClauses_0":["60"],
"clauseNumberAfterSimplification_Term_splitClauses_1":["181"],
"unlabeledTemplateNumber_Octagon_splitClauses_0":["4140"],
"unlabeledBinaryVariableTemplatesNumber_RelationalEqs_splitClauses_1":["2622"],
"unlabeledTemplateNumber_PredictedCG_splitClauses_0":["4140"],
"unlabeledTemplateNumber_All_splitClauses_0":["4140"],
"labeledTemplateRelationSymbolNumber_RelationalIneqs_splitClauses_1":["53"],
"unlabeledSingleVariableTemplatesNumber_Mined_splitClauses_1":["1518"],
"labeledTemplateRelationSymbolNumber_Unlabeled_splitClauses_1":["53"],
"labeledBinaryVariableTemplatesNumber_Random_splitClauses_1":["165"],
"solvability_Random_splitClauses_1":["1"],
"solvingTime_Term_splitClauses_0":["10800000"],
"minedSingleVariableTemplatesNumber_Labeled_splitClauses_1":["524"],
"clauseNumberBeforeSimplification_Term_splitClauses_0":["232"],
"relationSymbolNumberBeforeSimplification_RelationalIneqs_splitClauses_1":["521"],
"minedTemplateRelationSymbolNumber_Mined_splitClauses_0":["60"],
"solvability_Octagon_splitClauses_1":["1"],
"minedSingleVariableTemplatesNumber_RelationalIneqs_splitClauses_1":["524"],
"smt2FileSizeByte_Labeled_splitClauses_0":["171961"],
"solvability_RelationalEqs_splitClauses_1":["1"],
"unlabeledSingleVariableTemplatesNumber_Empty_splitClauses_1":["1518"],
"labeledTemplateNumber_PredictedCDHG_splitClauses_1":["174"],
"minedTemplateRelationSymbolNumber_Octagon_splitClauses_0":["60"],
"clauseNumberAfterSimplification_Unlabeled_splitClauses_0":["181"],
"clauseNumberBeforeSimplification_Unlabeled_splitClauses_0":["232"],
"clauseNumberBeforeSimplification_PredictedCDHG_splitClauses_0":["232"],
"cegarIterationNumber_RelationalIneqs_splitClauses_0":["10800000"],
"labeledTemplateRelationSymbolNumber_RelationalEqs_splitClauses_0":["53"],
"averagePredicateSize_Labeled_splitClauses_0":["10800000"],
"smt2FileSizeByte_RelationalIneqs_splitClauses_1":["171961"],
"clauseNumberBeforeSimplification_RelationalEqs_splitClauses_1":["232"],
"unlabeledTemplateRelationSymbolNumber_RelationalIneqs_splitClauses_1":["60"],
"clauseNumberBeforeSimplification_PredictedCG_splitClauses_0":["232"],
"solvingTime_PredictedCDHG_splitClauses_0":["10800000"],
"labeledTemplateRelationSymbolNumber_Octagon_splitClauses_1":["53"],
"minedTemplateRelationSymbolNumber_PredictedCG_splitClauses_1":["60"],
"relationSymbolNumberBeforeSimplification_RelationalEqs_splitClauses_1":["521"],
"labeledTemplateNumber_Random_splitClauses_1":["174"],
"solvingTime_RelationalIneqs_splitClauses_0":["10800000"],
"labeledTemplateNumber_All_splitClauses_1":["174"],
"unlabeledTemplateNumber_Random_splitClauses_1":["4140"],
"relationSymbolNumberBeforeSimplification_All_splitClauses_0":["521"],
"smt2FileSizeByte_Unlabeled_splitClauses_1":["171961"],
"cegarIterationNumber_PredictedCG_splitClauses_0":["10800000"],
"predicateGeneratorTime_Octagon_splitClauses_0":["10800000"],
"unlabeledTemplateNumber_RelationalEqs_splitClauses_1":["4140"],
"clauseNumberAfterSimplification_Octagon_splitClauses_0":["181"],
"cegarIterationNumber_Random_splitClauses_0":["10800000"],
"solvability_PredictedCDHG_splitClauses_1":["10800000"],
"solvability_PredictedCG_splitClauses_0":["10800000"],
"solvingTime_PredictedCG_splitClauses_1":["10800000"],
"unlabeledSingleVariableTemplatesNumber_Unlabeled_splitClauses_0":["1518"],
"unlabeledTemplateNumber_Unlabeled_splitClauses_0":["4140"],
"labeledTemplateRelationSymbolNumber_RelationalIneqs_splitClauses_0":["53"],
"minedTemplateNumber_Random_splitClauses_1":["689"],
"generatedPredicateNumber_RelationalEqs_splitClauses_0":["10800000"],
"minedTemplateNumber_Term_splitClauses_0":["689"],
"solvingTime_All_splitClauses_1":["10800000"],
"minedSingleVariableTemplatesNumber_PredictedCG_splitClauses_0":["524"],
"smt2FileSizeByte_Term_splitClauses_1":["171961"],
"labeledBinaryVariableTemplatesNumber_All_splitClauses_0":["165"],
"minedTemplateNumber_PredictedCDHG_splitClauses_1":["689"],
"minedTemplateRelationSymbolNumber_PredictedCDHG_splitClauses_0":["60"],
"averagePredicateSize_Unlabeled_splitClauses_0":["10800000"],
"minedBinaryVariableTemplatesNumber_Octagon_splitClauses_1":["165"],
"unlabeledSingleVariableTemplatesNumber_Random_splitClauses_1":["1518"],
"clauseNumberBeforeSimplification_Random_splitClauses_0":["232"],
"solvingTime_Unlabeled_splitClauses_1":["2731"],
"predicateGeneratorTime_PredictedCDHG_splitClauses_1":["10800000"],
"averagePredicateSize_PredictedCDHG_splitClauses_0":["10800000"],
"relationSymbolNumberAfterSimplification_RelationalEqs_splitClauses_0":["315"],
"minedBinaryVariableTemplatesNumber_Term_splitClauses_0":["165"],
"labeledTemplateNumber_RelationalIneqs_splitClauses_0":["174"],
"clauseNumberAfterSimplification_Random_splitClauses_0":["181"],
"clauseNumberAfterSimplification_PredictedCG_splitClauses_0":["181"],
"generatedPredicateNumber_Empty_splitClauses_1":["168"],
"clauseNumberBeforeSimplification_Octagon_splitClauses_0":["232"],
"unlabeledTemplateNumber_Empty_splitClauses_0":["4140"],
"minedSingleVariableTemplatesNumber_All_splitClauses_0":["524"],
"labeledTemplateRelationSymbolNumber_Octagon_splitClauses_0":["53"],
"generatedPredicateNumber_Random_splitClauses_1":["168"],
"clauseNumberAfterSimplification_RelationalEqs_splitClauses_0":["181"],
"labeledBinaryVariableTemplatesNumber_Term_splitClauses_0":["165"],
"minedSingleVariableTemplatesNumber_RelationalEqs_splitClauses_0":["524"],
"minedTemplateNumber_Mined_splitClauses_0":["689"],
"relationSymbolNumberBeforeSimplification_PredictedCG_splitClauses_0":["521"],
"averagePredicateSize_Octagon_splitClauses_0":["10800000"],
"unlabeledBinaryVariableTemplatesNumber_Empty_splitClauses_1":["2622"],
"unlabeledSingleVariableTemplatesNumber_PredictedCDHG_splitClauses_0":["1518"],
"unlabeledSingleVariableTemplatesNumber_PredictedCG_splitClauses_1":["1518"],
"labeledTemplateRelationSymbolNumber_Labeled_splitClauses_1":["53"],
"minedTemplateRelationSymbolNumber_Random_splitClauses_0":["60"],
"unlabeledTemplateRelationSymbolNumber_PredictedCG_splitClauses_0":["60"],
"unlabeledTemplateNumber_RelationalIneqs_splitClauses_0":["4140"],
"unlabeledSingleVariableTemplatesNumber_Labeled_splitClauses_0":["1518"],
"relationSymbolNumberAfterSimplification_PredictedCG_splitClauses_0":["315"],
"minedTemplateNumber_Unlabeled_splitClauses_1":["689"],
"generatedPredicateNumber_PredictedCG_splitClauses_0":["10800000"],
"labeledTemplateNumber_Unlabeled_splitClauses_1":["174"],
"unlabeledTemplateRelationSymbolNumber_Empty_splitClauses_1":["60"],
"clauseNumberBeforeSimplification_Empty_splitClauses_0":["232"],
"solvingTime_Octagon_splitClauses_1":["3226"],
"cegarIterationNumber_Mined_splitClauses_1":["78"],
"clauseNumberBeforeSimplification_Mined_splitClauses_1":["232"],
"smt2FileSizeByte_PredictedCDHG_splitClauses_0":["171961"],
"averagePredicateSize_PredictedCG_splitClauses_0":["10800000"],
"solvingTime_Random_splitClauses_0":["10800000"],
"minedTemplateNumber_RelationalEqs_splitClauses_0":["689"],
"unlabeledSingleVariableTemplatesNumber_RelationalIneqs_splitClauses_0":["1518"],
"unlabeledTemplateNumber_Unlabeled_splitClauses_1":["4140"],
"labeledBinaryVariableTemplatesNumber_RelationalEqs_splitClauses_0":["165"],
"generatedPredicateNumber_PredictedCDHG_splitClauses_0":["10800000"],
"relationSymbolNumberAfterSimplification_RelationalIneqs_splitClauses_0":["315"],
"minedTemplateRelationSymbolNumber_Empty_splitClauses_1":["60"],
"predicateGeneratorTime_Random_splitClauses_1":["1921"],
"labeledTemplateNumber_Term_splitClauses_1":["174"],
"relationSymbolNumberBeforeSimplification_RelationalEqs_splitClauses_0":["521"],
"minedSingleVariableTemplatesNumber_Empty_splitClauses_1":["524"],
"minedSingleVariableTemplatesNumber_RelationalIneqs_splitClauses_0":["524"],
"clauseNumberAfterSimplification_All_splitClauses_0":["181"],
"unlabeledBinaryVariableTemplatesNumber_RelationalEqs_splitClauses_0":["2622"],
"cegarIterationNumber_RelationalEqs_splitClauses_0":["10800000"],
"labeledTemplateRelationSymbolNumber_PredictedCDHG_splitClauses_0":["53"],
"labeledSingleVariableTemplatesNumber_Labeled_splitClauses_1":["9"],
"unlabeledBinaryVariableTemplatesNumber_All_splitClauses_1":["2622"],
"minedTemplateRelationSymbolNumber_Unlabeled_splitClauses_1":["60"],
"solvingTime_RelationalEqs_splitClauses_0":["10800000"],
"solvingTime_RelationalEqs_splitClauses_1":["2600"],
"minedBinaryVariableTemplatesNumber_Mined_splitClauses_0":["165"],
"clauseNumberBeforeSimplification_All_splitClauses_0":["232"],
"clauseNumberBeforeSimplification_RelationalIneqs_splitClauses_1":["232"],
"labeledTemplateNumber_RelationalEqs_splitClauses_1":["174"],
"labeledBinaryVariableTemplatesNumber_RelationalIneqs_splitClauses_0":["165"],
"relationSymbolNumberBeforeSimplification_Labeled_splitClauses_0":["521"],
"clauseNumberAfterSimplification_Empty_splitClauses_0":["181"],
"averagePredicateSize_Empty_splitClauses_0":["10800000"],
"unlabeledTemplateNumber_Term_splitClauses_1":["4140"],
"predicateGeneratorTime_Mined_splitClauses_1":["1723"],
"labeledBinaryVariableTemplatesNumber_RelationalIneqs_splitClauses_1":["165"],
"predicateGeneratorTime_Unlabeled_splitClauses_0":["10800000"],
"relationSymbolNumberAfterSimplification_Empty_splitClauses_0":["315"],
"generatedPredicateNumber_Mined_splitClauses_0":["10800000"],
"generatedPredicateNumber_RelationalEqs_splitClauses_1":["168"],
"labeledTemplateRelationSymbolNumber_PredictedCG_splitClauses_0":["53"],
"minedSingleVariableTemplatesNumber_PredictedCG_splitClauses_1":["524"],
"minedTemplateRelationSymbolNumber_PredictedCG_splitClauses_0":["60"],
"unlabeledTemplateRelationSymbolNumber_Labeled_splitClauses_0":["60"],
"solvability_Empty_splitClauses_1":["1"],
"averagePredicateSize_Term_splitClauses_0":["10800000"],
"cegarIterationNumber_Random_splitClauses_1":["78"],
"averagePredicateSize_Labeled_splitClauses_1":["1"],
"unlabeledBinaryVariableTemplatesNumber_Unlabeled_splitClauses_0":["2622"],
"generatedPredicateNumber_Unlabeled_splitClauses_1":["168"],
"predicateGeneratorTime_All_splitClauses_0":["10800000"],
"unlabeledBinaryVariableTemplatesNumber_PredictedCDHG_splitClauses_1":["2622"],
"clauseNumberBeforeSimplification_Labeled_splitClauses_1":["232"],
"minedBinaryVariableTemplatesNumber_Labeled_splitClauses_1":["165"],
"labeledSingleVariableTemplatesNumber_All_splitClauses_0":["9"],
"unlabeledTemplateRelationSymbolNumber_Mined_splitClauses_0":["60"],
"cegarIterationNumber_Octagon_splitClauses_1":["78"],
"labeledTemplateNumber_Octagon_splitClauses_0":["174"],
"labeledTemplateRelationSymbolNumber_All_splitClauses_1":["53"],
"smt2FileSizeByte_Empty_splitClauses_0":["171961"],
"unlabeledTemplateNumber_Octagon_splitClauses_1":["4140"],
"predicateGeneratorTime_RelationalEqs_splitClauses_0":["10800000"],
"unlabeledTemplateRelationSymbolNumber_RelationalIneqs_splitClauses_0":["60"],
"smt2FileSizeByte_RelationalEqs_splitClauses_1":["171961"],
"unlabeledTemplateNumber_Labeled_splitClauses_0":["4140"],
"minedSingleVariableTemplatesNumber_Labeled_splitClauses_0":["524"],
"solvingTime_PredictedCDHG_splitClauses_1":["10800000"],
"relationSymbolNumberBeforeSimplification_Term_splitClauses_1":["521"],
"minedTemplateNumber_Octagon_splitClauses_1":["689"],
"clauseNumberBeforeSimplification_Mined_splitClauses_0":["232"],
"smt2FileSizeByte_All_splitClauses_0":["171961"],
"solvingTime_All_splitClauses_0":["10800000"],
"minedBinaryVariableTemplatesNumber_Term_splitClauses_1":["165"],
"unlabeledTemplateRelationSymbolNumber_Random_splitClauses_0":["60"],
"cegarIterationNumber_All_splitClauses_0":["10800000"],
"smt2FileSizeByte_RelationalEqs_splitClauses_0":["171961"],
"unlabeledSingleVariableTemplatesNumber_PredictedCDHG_splitClauses_1":["1518"],
"clauseNumberBeforeSimplification_Labeled_splitClauses_0":["232"],
"cegarIterationNumber_PredictedCG_splitClauses_1":["10800000"],
"labeledTemplateRelationSymbolNumber_Unlabeled_splitClauses_0":["53"],
"unlabeledTemplateRelationSymbolNumber_Octagon_splitClauses_1":["60"],
"unlabeledTemplateNumber_Empty_splitClauses_1":["4140"],
"clauseNumberBeforeSimplification_Octagon_splitClauses_1":["232"],
"labeledTemplateNumber_Unlabeled_splitClauses_0":["174"],
"labeledBinaryVariableTemplatesNumber_PredictedCG_splitClauses_0":["165"],
"solvability_Term_splitClauses_1":["1"],
"solvability_Octagon_splitClauses_0":["10800000"],
"minedTemplateRelationSymbolNumber_RelationalIneqs_splitClauses_0":["60"],
"clauseNumberBeforeSimplification_RelationalIneqs_splitClauses_0":["232"],
"labeledTemplateNumber_PredictedCG_splitClauses_0":["174"],
"cegarIterationNumber_Labeled_splitClauses_0":["10800000"],
"smt2FileSizeByte_Labeled_splitClauses_1":["171961"],
"clauseNumberBeforeSimplification_Unlabeled_splitClauses_1":["232"],
"generatedPredicateNumber_Term_splitClauses_1":["168"],
"solvingTime_Term_splitClauses_1":["2929"],
"unlabeledBinaryVariableTemplatesNumber_Random_splitClauses_1":["2622"],
"unlabeledSingleVariableTemplatesNumber_Octagon_splitClauses_0":["1518"],
"solvingTime_Octagon_splitClauses_0":["10800000"],
"labeledSingleVariableTemplatesNumber_Mined_splitClauses_1":["9"],
"averagePredicateSize_Term_splitClauses_1":["1"],
"labeledTemplateNumber_Labeled_splitClauses_0":["174"],
"unlabeledSingleVariableTemplatesNumber_PredictedCG_splitClauses_0":["1518"],
"smt2FileSizeByte_Mined_splitClauses_1":["171961"],
"labeledBinaryVariableTemplatesNumber_Unlabeled_splitClauses_1":["165"],
"labeledTemplateNumber_All_splitClauses_0":["174"],
"unlabeledTemplateNumber_Random_splitClauses_0":["4140"],
"labeledTemplateNumber_Octagon_splitClauses_1":["174"],
"unlabeledTemplateNumber_PredictedCDHG_splitClauses_1":["4140"],
"unlabeledBinaryVariableTemplatesNumber_Mined_splitClauses_0":["2622"],
"minedTemplateRelationSymbolNumber_Mined_splitClauses_1":["60"],
"labeledTemplateNumber_RelationalIneqs_splitClauses_1":["174"],
"relationSymbolNumberAfterSimplification_All_splitClauses_0":["315"],
"relationSymbolNumberBeforeSimplification_PredictedCDHG_splitClauses_0":["521"],
"solvability_Term_splitClauses_0":["10800000"],
"clauseNumberBeforeSimplification_PredictedCG_splitClauses_1":["232"],
"generatedPredicateNumber_Labeled_splitClauses_1":["168"],
"labeledSingleVariableTemplatesNumber_Unlabeled_splitClauses_0":["9"],
"unlabeledBinaryVariableTemplatesNumber_Empty_splitClauses_0":["2622"],
"solvingTime_Mined_splitClauses_0":["10800000"],
"unlabeledTemplateNumber_All_splitClauses_1":["4140"],
"clauseNumberAfterSimplification_Random_splitClauses_1":["181"],
"labeledBinaryVariableTemplatesNumber_Octagon_splitClauses_1":["165"],
"unlabeledBinaryVariableTemplatesNumber_Labeled_splitClauses_0":["2622"],
"smt2FileSizeByte_Octagon_splitClauses_0":["171961"],
"labeledSingleVariableTemplatesNumber_Random_splitClauses_1":["9"],
"solvability_Unlabeled_splitClauses_0":["10800000"],
"solvingTime_Unlabeled_splitClauses_0":["10800000"],
"unlabeledTemplateRelationSymbolNumber_All_splitClauses_1":["60"],
"minedTemplateNumber_Empty_splitClauses_1":["689"],
"solvability_RelationalIneqs_splitClauses_0":["10800000"],
"unlabeledTemplateRelationSymbolNumber_Labeled_splitClauses_1":["60"],
"cegarIterationNumber_RelationalEqs_splitClauses_1":["78"],
"minedSingleVariableTemplatesNumber_RelationalEqs_splitClauses_1":["524"],
"clauseNumberAfterSimplification_PredictedCDHG_splitClauses_1":["181"],
"minedBinaryVariableTemplatesNumber_RelationalIneqs_splitClauses_1":["165"],
"unlabeledBinaryVariableTemplatesNumber_Mined_splitClauses_1":["2622"],
"unlabeledBinaryVariableTemplatesNumber_PredictedCDHG_splitClauses_0":["2622"],
"solvingTime_Empty_splitClauses_1":["2976"],
"labeledTemplateRelationSymbolNumber_Empty_splitClauses_1":["53"],
"generatedPredicateNumber_Term_splitClauses_0":["10800000"],
"averagePredicateSize_Empty_splitClauses_1":["1"],
"generatedPredicateNumber_PredictedCG_splitClauses_1":["10800000"],
"labeledTemplateRelationSymbolNumber_PredictedCDHG_splitClauses_1":["53"],
"predicateGeneratorTime_Mined_splitClauses_0":["10800000"],
"relationSymbolNumberBeforeSimplification_Term_splitClauses_0":["521"],
"predicateGeneratorTime_Labeled_splitClauses_0":["10800000"],
"labeledSingleVariableTemplatesNumber_Random_splitClauses_0":["9"],
"unlabeledTemplateRelationSymbolNumber_All_splitClauses_0":["60"],
"minedBinaryVariableTemplatesNumber_Labeled_splitClauses_0":["165"],
"generatedPredicateNumber_Labeled_splitClauses_0":["10800000"],
"relationSymbolNumberAfterSimplification_Empty_splitClauses_1":["315"],
"solvingTime_Mined_splitClauses_1":["3054"],
"minedSingleVariableTemplatesNumber_All_splitClauses_1":["524"],
"predicateGeneratorTime_Random_splitClauses_0":["10800000"],
"cegarIterationNumber_Term_splitClauses_1":["78"],
"labeledTemplateNumber_Empty_splitClauses_1":["174"],
"clauseNumberAfterSimplification_Empty_splitClauses_1":["181"],
"minedTemplateRelationSymbolNumber_Empty_splitClauses_0":["60"],
"unlabeledSingleVariableTemplatesNumber_Term_splitClauses_0":["1518"],
"minedSingleVariableTemplatesNumber_Empty_splitClauses_0":["524"],
"relationSymbolNumberAfterSimplification_Random_splitClauses_0":["315"],
"minedTemplateRelationSymbolNumber_RelationalEqs_splitClauses_0":["60"],
"cegarIterationNumber_Empty_splitClauses_0":["10800000"],
"minedBinaryVariableTemplatesNumber_RelationalEqs_splitClauses_1":["165"],
"relationSymbolNumberBeforeSimplification_PredictedCG_splitClauses_1":["521"],
"labeledSingleVariableTemplatesNumber_All_splitClauses_1":["9"],
"unlabeledTemplateRelationSymbolNumber_Octagon_splitClauses_0":["60"],
"minedTemplateRelationSymbolNumber_Unlabeled_splitClauses_0":["60"],
"labeledBinaryVariableTemplatesNumber_Mined_splitClauses_0":["165"],
"relationSymbolNumberAfterSimplification_Unlabeled_splitClauses_1":["315"],
"minedTemplateNumber_PredictedCG_splitClauses_1":["689"],
"cegarIterationNumber_Empty_splitClauses_1":["78"],
"averagePredicateSize_RelationalIneqs_splitClauses_0":["10800000"],
"solvability_All_splitClauses_1":["10800000"],
"unlabeledBinaryVariableTemplatesNumber_Term_splitClauses_1":["2622"],
"minedTemplateRelationSymbolNumber_Labeled_splitClauses_1":["60"],
"averagePredicateSize_Unlabeled_splitClauses_1":["1"],
"labeledTemplateNumber_Term_splitClauses_0":["174"],
"smt2FileSizeByte_Empty_splitClauses_1":["171961"],
"solvingTime_PredictedCG_splitClauses_0":["10800000"],
"cegarIterationNumber_All_splitClauses_1":["10800000"],
"clauseNumberBeforeSimplification_Term_splitClauses_1":["232"],
"predicateGeneratorTime_Empty_splitClauses_0":["10800000"],
"relationSymbolNumberBeforeSimplification_Empty_splitClauses_1":["521"],
"averagePredicateSize_All_splitClauses_0":["10800000"],
"unlabeledBinaryVariableTemplatesNumber_Random_splitClauses_0":["2622"],
"smt2FileSizeByte_Term_splitClauses_0":["171961"],
"averagePredicateSize_Mined_splitClauses_1":["1"],
"minedBinaryVariableTemplatesNumber_Empty_splitClauses_0":["165"],
"minedTemplateRelationSymbolNumber_All_splitClauses_1":["60"],
"labeledSingleVariableTemplatesNumber_PredictedCG_splitClauses_0":["9"],
"unlabeledBinaryVariableTemplatesNumber_RelationalIneqs_splitClauses_0":["2622"],
"unlabeledSingleVariableTemplatesNumber_RelationalIneqs_splitClauses_1":["1518"],
"clauseNumberAfterSimplification_RelationalIneqs_splitClauses_0":["181"],
"unlabeledTemplateNumber_RelationalEqs_splitClauses_0":["4140"],
"unlabeledTemplateNumber_RelationalIneqs_splitClauses_1":["4140"],
"labeledTemplateRelationSymbolNumber_PredictedCG_splitClauses_1":["53"],
"labeledTemplateRelationSymbolNumber_All_splitClauses_0":["53"],
"labeledSingleVariableTemplatesNumber_Octagon_splitClauses_0":["9"],
"dummyFiled":[]
}