{
"smt2FileSizeByte_All_splitClauses_1":["73202"],
"generatedPredicateNumber_All_splitClauses_1":["10800000"],
"unlabeledTemplateRelationSymbolNumber_PredictedCDHG_splitClauses_0":["20"],
"predicateGeneratorTime_Term_splitClauses_0":["10800000"],
"averagePredicateSize_Random_splitClauses_1":["10800000"],
"labeledBinaryVariableTemplatesNumber_Labeled_splitClauses_1":["36"],
"clauseNumberBeforeSimplification_All_splitClauses_1":["111"],
"minedTemplateRelationSymbolNumber_Term_splitClauses_0":["20"],
"solvingTime_Labeled_splitClauses_1":["10800000"],
"unlabeledTemplateNumber_Labeled_splitClauses_1":["1448"],
"relationSymbolNumber_Term_splitClauses_1":["109"],
"minedTemplateRelationSymbolNumber_Octagon_splitClauses_1":["20"],
"clauseNumberAfterSimplification_Mined_splitClauses_1":["67"],
"unlabeledBinaryVariableTemplatesNumber_Term_splitClauses_0":["918"],
"labeledTemplateNumber_PredictedCDHG_splitClauses_0":["38"],
"relationSymbolNumber_RelationalEqs_splitClauses_1":["109"],
"solvability_Empty_splitClauses_0":["10800000"],
"unlabeledTemplateRelationSymbolNumber_Random_splitClauses_1":["20"],
"labeledBinaryVariableTemplatesNumber_Octagon_splitClauses_0":["36"],
"minedTemplateRelationSymbolNumber_Random_splitClauses_1":["20"],
"unlabeledSingleVariableTemplatesNumber_Mined_splitClauses_0":["530"],
"unlabeledBinaryVariableTemplatesNumber_PredictedCG_splitClauses_1":["918"],
"solvability_All_splitClauses_0":["10800000"],
"predicateGeneratorTime_RelationalEqs_splitClauses_1":["10800000"],
"smt2FileSizeByte_PredictedCG_splitClauses_1":["73202"],
"labeledSingleVariableTemplatesNumber_Unlabeled_splitClauses_1":["2"],
"labeledBinaryVariableTemplatesNumber_PredictedCG_splitClauses_1":["36"],
"minedBinaryVariableTemplatesNumber_PredictedCG_splitClauses_0":["36"],
"solvability_Random_splitClauses_0":["10800000"],
"clauseNumberBeforeSimplification_PredictedCDHG_splitClauses_1":["111"],
"labeledSingleVariableTemplatesNumber_Mined_splitClauses_0":["2"],
"solvability_Unlabeled_splitClauses_1":["10800000"],
"cegarIterationNumber_Labeled_splitClauses_1":["10800000"],
"smt2FileSizeByte_Mined_splitClauses_0":["73202"],
"labeledSingleVariableTemplatesNumber_PredictedCG_splitClauses_1":["2"],
"smt2FileSizeByte_Octagon_splitClauses_1":["73202"],
"minedTemplateNumber_Labeled_splitClauses_1":["220"],
"labeledSingleVariableTemplatesNumber_RelationalIneqs_splitClauses_1":["2"],
"clauseNumberAfterSimplification_Labeled_splitClauses_1":["67"],
"smt2FileSizeByte_Random_splitClauses_0":["73202"],
"unlabeledTemplateRelationSymbolNumber_PredictedCDHG_splitClauses_1":["20"],
"labeledSingleVariableTemplatesNumber_Term_splitClauses_0":["2"],
"generatedPredicateNumber_PredictedCDHG_splitClauses_1":["10800000"],
"minedSingleVariableTemplatesNumber_Unlabeled_splitClauses_0":["184"],
"generatedPredicateNumber_Octagon_splitClauses_1":["10800000"],
"labeledSingleVariableTemplatesNumber_RelationalEqs_splitClauses_0":["2"],
"predicateGeneratorTime_PredictedCG_splitClauses_1":["10800000"],
"labeledTemplateNumber_Labeled_splitClauses_1":["38"],
"labeledSingleVariableTemplatesNumber_Empty_splitClauses_0":["2"],
"minedTemplateRelationSymbolNumber_RelationalIneqs_splitClauses_1":["20"],
"unlabeledSingleVariableTemplatesNumber_All_splitClauses_1":["530"],
"labeledBinaryVariableTemplatesNumber_PredictedCDHG_splitClauses_1":["36"],
"unlabeledSingleVariableTemplatesNumber_RelationalEqs_splitClauses_1":["530"],
"cegarIterationNumber_Term_splitClauses_0":["10800000"],
"unlabeledBinaryVariableTemplatesNumber_Labeled_splitClauses_1":["918"],
"unlabeledSingleVariableTemplatesNumber_Term_splitClauses_1":["530"],
"clauseNumberAfterSimplification_All_splitClauses_1":["67"],
"minedSingleVariableTemplatesNumber_Random_splitClauses_0":["184"],
"solvability_RelationalIneqs_splitClauses_1":["10800000"],
"minedTemplateNumber_Labeled_splitClauses_0":["220"],
"minedSingleVariableTemplatesNumber_Octagon_splitClauses_0":["184"],
"minedSingleVariableTemplatesNumber_Term_splitClauses_1":["184"],
"minedBinaryVariableTemplatesNumber_PredictedCDHG_splitClauses_1":["36"],
"generatedPredicateNumber_Mined_splitClauses_1":["34"],
"relationSymbolNumber_Octagon_splitClauses_1":["109"],
"relationSymbolNumber_Unlabeled_splitClauses_1":["109"],
"labeledSingleVariableTemplatesNumber_RelationalIneqs_splitClauses_0":["2"],
"averagePredicateSize_Mined_splitClauses_0":["10800000"],
"cegarIterationNumber_Unlabeled_splitClauses_0":["10800000"],
"minedBinaryVariableTemplatesNumber_Random_splitClauses_0":["36"],
"labeledTemplateNumber_Mined_splitClauses_1":["38"],
"labeledBinaryVariableTemplatesNumber_Random_splitClauses_0":["36"],
"unlabeledTemplateRelationSymbolNumber_Unlabeled_splitClauses_1":["20"],
"cegarIterationNumber_Mined_splitClauses_0":["10800000"],
"minedTemplateRelationSymbolNumber_Labeled_splitClauses_0":["20"],
"unlabeledBinaryVariableTemplatesNumber_RelationalIneqs_splitClauses_1":["918"],
"unlabeledBinaryVariableTemplatesNumber_Octagon_splitClauses_0":["918"],
"solvability_Mined_splitClauses_0":["10800000"],
"averagePredicateSize_RelationalEqs_splitClauses_0":["10800000"],
"clauseNumberAfterSimplification_Term_splitClauses_0":["67"],
"unlabeledTemplateNumber_Mined_splitClauses_0":["1448"],
"unlabeledTemplateNumber_PredictedCDHG_splitClauses_0":["1448"],
"cegarIterationNumber_RelationalIneqs_splitClauses_1":["10800000"],
"minedBinaryVariableTemplatesNumber_Unlabeled_splitClauses_1":["36"],
"labeledTemplateNumber_PredictedCG_splitClauses_1":["38"],
"labeledTemplateRelationSymbolNumber_Mined_splitClauses_0":["15"],
"labeledBinaryVariableTemplatesNumber_Mined_splitClauses_1":["36"],
"clauseNumberAfterSimplification_RelationalIneqs_splitClauses_1":["67"],
"minedSingleVariableTemplatesNumber_PredictedCDHG_splitClauses_0":["184"],
"solvability_Labeled_splitClauses_1":["10800000"],
"labeledSingleVariableTemplatesNumber_Octagon_splitClauses_1":["2"],
"averagePredicateSize_Random_splitClauses_0":["10800000"],
"smt2FileSizeByte_RelationalIneqs_splitClauses_0":["73202"],
"generatedPredicateNumber_Unlabeled_splitClauses_0":["10800000"],
"solvability_RelationalEqs_splitClauses_0":["10800000"],
"predicateGeneratorTime_Empty_splitClauses_1":["10800000"],
"minedSingleVariableTemplatesNumber_Mined_splitClauses_0":["184"],
"minedTemplateRelationSymbolNumber_PredictedCDHG_splitClauses_1":["20"],
"minedTemplateNumber_PredictedCG_splitClauses_0":["220"],
"averagePredicateSize_RelationalIneqs_splitClauses_1":["10800000"],
"labeledTemplateRelationSymbolNumber_Random_splitClauses_1":["15"],
"minedTemplateNumber_RelationalIneqs_splitClauses_0":["220"],
"predicateGeneratorTime_RelationalIneqs_splitClauses_0":["10800000"],
"labeledTemplateRelationSymbolNumber_Empty_splitClauses_0":["15"],
"minedBinaryVariableTemplatesNumber_Octagon_splitClauses_0":["36"],
"relationSymbolNumber_Labeled_splitClauses_0":["109"],
"labeledSingleVariableTemplatesNumber_Term_splitClauses_1":["2"],
"labeledBinaryVariableTemplatesNumber_Empty_splitClauses_0":["36"],
"minedTemplateNumber_Octagon_splitClauses_0":["220"],
"labeledBinaryVariableTemplatesNumber_Unlabeled_splitClauses_0":["36"],
"clauseNumberAfterSimplification_PredictedCDHG_splitClauses_0":["67"],
"smt2FileSizeByte_PredictedCG_splitClauses_0":["73202"],
"minedBinaryVariableTemplatesNumber_RelationalEqs_splitClauses_0":["36"],
"labeledTemplateRelationSymbolNumber_RelationalEqs_splitClauses_1":["15"],
"minedBinaryVariableTemplatesNumber_Random_splitClauses_1":["36"],
"clauseNumberAfterSimplification_Unlabeled_splitClauses_1":["67"],
"minedSingleVariableTemplatesNumber_PredictedCDHG_splitClauses_1":["184"],
"labeledBinaryVariableTemplatesNumber_Term_splitClauses_1":["36"],
"clauseNumberBeforeSimplification_Empty_splitClauses_1":["111"],
"minedBinaryVariableTemplatesNumber_Mined_splitClauses_1":["36"],
"unlabeledBinaryVariableTemplatesNumber_Unlabeled_splitClauses_1":["918"],
"unlabeledTemplateNumber_PredictedCG_splitClauses_1":["1448"],
"generatedPredicateNumber_Empty_splitClauses_0":["10800000"],
"predicateGeneratorTime_RelationalIneqs_splitClauses_1":["10800000"],
"unlabeledSingleVariableTemplatesNumber_Empty_splitClauses_0":["530"],
"cegarIterationNumber_Octagon_splitClauses_0":["10800000"],
"clauseNumberAfterSimplification_Octagon_splitClauses_1":["67"],
"unlabeledSingleVariableTemplatesNumber_Labeled_splitClauses_1":["530"],
"clauseNumberBeforeSimplification_Random_splitClauses_1":["111"],
"minedTemplateRelationSymbolNumber_All_splitClauses_0":["20"],
"unlabeledTemplateRelationSymbolNumber_RelationalEqs_splitClauses_0":["20"],
"minedSingleVariableTemplatesNumber_Unlabeled_splitClauses_1":["184"],
"clauseNumberBeforeSimplification_RelationalEqs_splitClauses_0":["111"],
"minedTemplateNumber_Unlabeled_splitClauses_0":["220"],
"generatedPredicateNumber_Octagon_splitClauses_0":["10800000"],
"predicateGeneratorTime_PredictedCDHG_splitClauses_0":["10800000"],
"clauseNumberAfterSimplification_PredictedCG_splitClauses_1":["67"],
"labeledSingleVariableTemplatesNumber_RelationalEqs_splitClauses_1":["2"],
"smt2FileSizeByte_Random_splitClauses_1":["73202"],
"averagePredicateSize_PredictedCG_splitClauses_1":["10800000"],
"cegarIterationNumber_PredictedCDHG_splitClauses_1":["10800000"],
"clauseNumberAfterSimplification_RelationalEqs_splitClauses_1":["67"],
"minedBinaryVariableTemplatesNumber_Empty_splitClauses_1":["36"],
"minedTemplateNumber_PredictedCDHG_splitClauses_0":["220"],
"labeledBinaryVariableTemplatesNumber_All_splitClauses_1":["36"],
"solvingTime_RelationalIneqs_splitClauses_1":["10800000"],
"unlabeledTemplateRelationSymbolNumber_RelationalEqs_splitClauses_1":["20"],
"smt2FileSizeByte_Unlabeled_splitClauses_0":["73202"],
"generatedPredicateNumber_All_splitClauses_0":["10800000"],
"predicateGeneratorTime_Octagon_splitClauses_1":["10800000"],
"solvability_Mined_splitClauses_1":["1"],
"minedTemplateRelationSymbolNumber_Term_splitClauses_1":["20"],
"clauseNumberAfterSimplification_Mined_splitClauses_0":["67"],
"solvability_PredictedCDHG_splitClauses_0":["10800000"],
"solvingTime_Empty_splitClauses_0":["10800000"],
"unlabeledSingleVariableTemplatesNumber_Unlabeled_splitClauses_1":["530"],
"minedTemplateNumber_Term_splitClauses_1":["220"],
"averagePredicateSize_Octagon_splitClauses_1":["10800000"],
"relationSymbolNumber_Empty_splitClauses_1":["109"],
"unlabeledSingleVariableTemplatesNumber_Octagon_splitClauses_1":["530"],
"minedTemplateRelationSymbolNumber_RelationalEqs_splitClauses_1":["20"],
"minedBinaryVariableTemplatesNumber_RelationalIneqs_splitClauses_0":["36"],
"predicateGeneratorTime_Term_splitClauses_1":["10800000"],
"solvingTime_Labeled_splitClauses_0":["10800000"],
"unlabeledBinaryVariableTemplatesNumber_PredictedCG_splitClauses_0":["918"],
"minedTemplateNumber_All_splitClauses_0":["220"],
"predicateGeneratorTime_Labeled_splitClauses_1":["10800000"],
"unlabeledTemplateRelationSymbolNumber_Empty_splitClauses_0":["20"],
"unlabeledTemplateNumber_Mined_splitClauses_1":["1448"],
"solvability_PredictedCG_splitClauses_1":["10800000"],
"unlabeledTemplateNumber_Term_splitClauses_0":["1448"],
"minedBinaryVariableTemplatesNumber_PredictedCG_splitClauses_1":["36"],
"labeledSingleVariableTemplatesNumber_PredictedCDHG_splitClauses_0":["2"],
"minedBinaryVariableTemplatesNumber_All_splitClauses_0":["36"],
"averagePredicateSize_PredictedCDHG_splitClauses_1":["10800000"],
"predicateGeneratorTime_PredictedCG_splitClauses_0":["10800000"],
"generatedPredicateNumber_RelationalIneqs_splitClauses_0":["10800000"],
"labeledTemplateNumber_Empty_splitClauses_0":["38"],
"unlabeledTemplateRelationSymbolNumber_Term_splitClauses_0":["20"],
"minedTemplateNumber_All_splitClauses_1":["220"],
"labeledSingleVariableTemplatesNumber_Empty_splitClauses_1":["2"],
"minedBinaryVariableTemplatesNumber_Unlabeled_splitClauses_0":["36"],
"labeledTemplateNumber_Random_splitClauses_0":["38"],
"minedBinaryVariableTemplatesNumber_All_splitClauses_1":["36"],
"unlabeledSingleVariableTemplatesNumber_All_splitClauses_0":["530"],
"smt2FileSizeByte_PredictedCDHG_splitClauses_1":["73202"],
"labeledBinaryVariableTemplatesNumber_PredictedCDHG_splitClauses_0":["36"],
"averagePredicateSize_RelationalEqs_splitClauses_1":["10800000"],
"minedSingleVariableTemplatesNumber_Term_splitClauses_0":["184"],
"labeledTemplateRelationSymbolNumber_Term_splitClauses_1":["15"],
"generatedPredicateNumber_Random_splitClauses_0":["10800000"],
"labeledBinaryVariableTemplatesNumber_Empty_splitClauses_1":["36"],
"clauseNumberAfterSimplification_Labeled_splitClauses_0":["67"],
"labeledSingleVariableTemplatesNumber_Labeled_splitClauses_0":["2"],
"minedTemplateNumber_Mined_splitClauses_1":["220"],
"labeledTemplateRelationSymbolNumber_Labeled_splitClauses_0":["15"],
"unlabeledTemplateRelationSymbolNumber_Mined_splitClauses_1":["20"],
"solvability_Labeled_splitClauses_0":["10800000"],
"minedTemplateNumber_RelationalEqs_splitClauses_1":["220"],
"solvingTime_Random_splitClauses_1":["10800000"],
"minedTemplateNumber_Random_splitClauses_0":["220"],
"cegarIterationNumber_Unlabeled_splitClauses_1":["10800000"],
"minedTemplateNumber_RelationalIneqs_splitClauses_1":["220"],
"unlabeledBinaryVariableTemplatesNumber_Octagon_splitClauses_1":["918"],
"minedSingleVariableTemplatesNumber_Octagon_splitClauses_1":["184"],
"minedSingleVariableTemplatesNumber_Random_splitClauses_1":["184"],
"averagePredicateSize_All_splitClauses_1":["10800000"],
"minedTemplateNumber_Empty_splitClauses_0":["220"],
"labeledTemplateNumber_Mined_splitClauses_0":["38"],
"unlabeledBinaryVariableTemplatesNumber_All_splitClauses_0":["918"],
"labeledSingleVariableTemplatesNumber_PredictedCDHG_splitClauses_1":["2"],
"minedSingleVariableTemplatesNumber_Mined_splitClauses_1":["184"],
"labeledTemplateRelationSymbolNumber_Term_splitClauses_0":["15"],
"unlabeledTemplateRelationSymbolNumber_Term_splitClauses_1":["20"],
"predicateGeneratorTime_All_splitClauses_1":["10800000"],
"unlabeledSingleVariableTemplatesNumber_Random_splitClauses_0":["530"],
"predicateGeneratorTime_Unlabeled_splitClauses_1":["10800000"],
"cegarIterationNumber_PredictedCDHG_splitClauses_0":["10800000"],
"labeledTemplateNumber_RelationalEqs_splitClauses_0":["38"],
"labeledTemplateRelationSymbolNumber_Mined_splitClauses_1":["15"],
"labeledTemplateRelationSymbolNumber_Random_splitClauses_0":["15"],
"labeledBinaryVariableTemplatesNumber_RelationalEqs_splitClauses_1":["36"],
"generatedPredicateNumber_RelationalIneqs_splitClauses_1":["10800000"],
"unlabeledTemplateRelationSymbolNumber_PredictedCG_splitClauses_1":["20"],
"unlabeledSingleVariableTemplatesNumber_RelationalEqs_splitClauses_0":["530"],
"labeledBinaryVariableTemplatesNumber_Labeled_splitClauses_0":["36"],
"minedBinaryVariableTemplatesNumber_PredictedCDHG_splitClauses_0":["36"],
"unlabeledTemplateRelationSymbolNumber_Unlabeled_splitClauses_0":["20"],
"clauseNumberAfterSimplification_Term_splitClauses_1":["67"],
"relationSymbolNumber_RelationalIneqs_splitClauses_0":["109"],
"unlabeledTemplateNumber_Octagon_splitClauses_0":["1448"],
"unlabeledBinaryVariableTemplatesNumber_RelationalEqs_splitClauses_1":["918"],
"unlabeledTemplateNumber_PredictedCG_splitClauses_0":["1448"],
"unlabeledTemplateNumber_All_splitClauses_0":["1448"],
"labeledTemplateRelationSymbolNumber_RelationalIneqs_splitClauses_1":["15"],
"unlabeledSingleVariableTemplatesNumber_Mined_splitClauses_1":["530"],
"labeledTemplateRelationSymbolNumber_Unlabeled_splitClauses_1":["15"],
"labeledBinaryVariableTemplatesNumber_Random_splitClauses_1":["36"],
"relationSymbolNumber_RelationalEqs_splitClauses_0":["109"],
"solvability_Random_splitClauses_1":["10800000"],
"solvingTime_Term_splitClauses_0":["10800000"],
"minedSingleVariableTemplatesNumber_Labeled_splitClauses_1":["184"],
"relationSymbolNumber_Random_splitClauses_0":["109"],
"clauseNumberBeforeSimplification_Term_splitClauses_0":["111"],
"minedTemplateRelationSymbolNumber_Mined_splitClauses_0":["20"],
"solvability_Octagon_splitClauses_1":["10800000"],
"relationSymbolNumber_Labeled_splitClauses_1":["109"],
"minedSingleVariableTemplatesNumber_RelationalIneqs_splitClauses_1":["184"],
"smt2FileSizeByte_Labeled_splitClauses_0":["73202"],
"solvability_RelationalEqs_splitClauses_1":["10800000"],
"unlabeledSingleVariableTemplatesNumber_Empty_splitClauses_1":["530"],
"labeledTemplateNumber_PredictedCDHG_splitClauses_1":["38"],
"minedTemplateRelationSymbolNumber_Octagon_splitClauses_0":["20"],
"clauseNumberAfterSimplification_Unlabeled_splitClauses_0":["67"],
"clauseNumberBeforeSimplification_Unlabeled_splitClauses_0":["111"],
"clauseNumberBeforeSimplification_PredictedCDHG_splitClauses_0":["111"],
"cegarIterationNumber_RelationalIneqs_splitClauses_0":["10800000"],
"relationSymbolNumber_All_splitClauses_0":["109"],
"labeledTemplateRelationSymbolNumber_RelationalEqs_splitClauses_0":["15"],
"averagePredicateSize_Labeled_splitClauses_0":["10800000"],
"smt2FileSizeByte_RelationalIneqs_splitClauses_1":["73202"],
"clauseNumberBeforeSimplification_RelationalEqs_splitClauses_1":["111"],
"unlabeledTemplateRelationSymbolNumber_RelationalIneqs_splitClauses_1":["20"],
"clauseNumberBeforeSimplification_PredictedCG_splitClauses_0":["111"],
"solvingTime_PredictedCDHG_splitClauses_0":["10800000"],
"labeledTemplateRelationSymbolNumber_Octagon_splitClauses_1":["15"],
"minedTemplateRelationSymbolNumber_PredictedCG_splitClauses_1":["20"],
"labeledTemplateNumber_Random_splitClauses_1":["38"],
"solvingTime_RelationalIneqs_splitClauses_0":["10800000"],
"labeledTemplateNumber_All_splitClauses_1":["38"],
"unlabeledTemplateNumber_Random_splitClauses_1":["1448"],
"relationSymbolNumber_PredictedCDHG_splitClauses_1":["109"],
"smt2FileSizeByte_Unlabeled_splitClauses_1":["73202"],
"cegarIterationNumber_PredictedCG_splitClauses_0":["10800000"],
"predicateGeneratorTime_Octagon_splitClauses_0":["10800000"],
"unlabeledTemplateNumber_RelationalEqs_splitClauses_1":["1448"],
"clauseNumberAfterSimplification_Octagon_splitClauses_0":["67"],
"cegarIterationNumber_Random_splitClauses_0":["10800000"],
"solvability_PredictedCDHG_splitClauses_1":["10800000"],
"solvability_PredictedCG_splitClauses_0":["10800000"],
"solvingTime_PredictedCG_splitClauses_1":["10800000"],
"unlabeledSingleVariableTemplatesNumber_Unlabeled_splitClauses_0":["530"],
"unlabeledTemplateNumber_Unlabeled_splitClauses_0":["1448"],
"labeledTemplateRelationSymbolNumber_RelationalIneqs_splitClauses_0":["15"],
"minedTemplateNumber_Random_splitClauses_1":["220"],
"relationSymbolNumber_PredictedCG_splitClauses_0":["109"],
"generatedPredicateNumber_RelationalEqs_splitClauses_0":["10800000"],
"minedTemplateNumber_Term_splitClauses_0":["220"],
"solvingTime_All_splitClauses_1":["10800000"],
"minedSingleVariableTemplatesNumber_PredictedCG_splitClauses_0":["184"],
"smt2FileSizeByte_Term_splitClauses_1":["73202"],
"labeledBinaryVariableTemplatesNumber_All_splitClauses_0":["36"],
"minedTemplateNumber_PredictedCDHG_splitClauses_1":["220"],
"minedTemplateRelationSymbolNumber_PredictedCDHG_splitClauses_0":["20"],
"averagePredicateSize_Unlabeled_splitClauses_0":["10800000"],
"minedBinaryVariableTemplatesNumber_Octagon_splitClauses_1":["36"],
"unlabeledSingleVariableTemplatesNumber_Random_splitClauses_1":["530"],
"clauseNumberBeforeSimplification_Random_splitClauses_0":["111"],
"solvingTime_Unlabeled_splitClauses_1":["10800000"],
"predicateGeneratorTime_PredictedCDHG_splitClauses_1":["10800000"],
"averagePredicateSize_PredictedCDHG_splitClauses_0":["10800000"],
"minedBinaryVariableTemplatesNumber_Term_splitClauses_0":["36"],
"labeledTemplateNumber_RelationalIneqs_splitClauses_0":["38"],
"clauseNumberAfterSimplification_Random_splitClauses_0":["67"],
"clauseNumberAfterSimplification_PredictedCG_splitClauses_0":["67"],
"generatedPredicateNumber_Empty_splitClauses_1":["10800000"],
"clauseNumberBeforeSimplification_Octagon_splitClauses_0":["111"],
"unlabeledTemplateNumber_Empty_splitClauses_0":["1448"],
"minedSingleVariableTemplatesNumber_All_splitClauses_0":["184"],
"labeledTemplateRelationSymbolNumber_Octagon_splitClauses_0":["15"],
"generatedPredicateNumber_Random_splitClauses_1":["10800000"],
"clauseNumberAfterSimplification_RelationalEqs_splitClauses_0":["67"],
"labeledBinaryVariableTemplatesNumber_Term_splitClauses_0":["36"],
"minedSingleVariableTemplatesNumber_RelationalEqs_splitClauses_0":["184"],
"minedTemplateNumber_Mined_splitClauses_0":["220"],
"averagePredicateSize_Octagon_splitClauses_0":["10800000"],
"unlabeledBinaryVariableTemplatesNumber_Empty_splitClauses_1":["918"],
"relationSymbolNumber_Unlabeled_splitClauses_0":["109"],
"unlabeledSingleVariableTemplatesNumber_PredictedCDHG_splitClauses_0":["530"],
"unlabeledSingleVariableTemplatesNumber_PredictedCG_splitClauses_1":["530"],
"labeledTemplateRelationSymbolNumber_Labeled_splitClauses_1":["15"],
"minedTemplateRelationSymbolNumber_Random_splitClauses_0":["20"],
"unlabeledTemplateRelationSymbolNumber_PredictedCG_splitClauses_0":["20"],
"unlabeledTemplateNumber_RelationalIneqs_splitClauses_0":["1448"],
"unlabeledSingleVariableTemplatesNumber_Labeled_splitClauses_0":["530"],
"minedTemplateNumber_Unlabeled_splitClauses_1":["220"],
"generatedPredicateNumber_PredictedCG_splitClauses_0":["10800000"],
"labeledTemplateNumber_Unlabeled_splitClauses_1":["38"],
"unlabeledTemplateRelationSymbolNumber_Empty_splitClauses_1":["20"],
"clauseNumberBeforeSimplification_Empty_splitClauses_0":["111"],
"solvingTime_Octagon_splitClauses_1":["10800000"],
"cegarIterationNumber_Mined_splitClauses_1":["16"],
"clauseNumberBeforeSimplification_Mined_splitClauses_1":["111"],
"smt2FileSizeByte_PredictedCDHG_splitClauses_0":["73202"],
"averagePredicateSize_PredictedCG_splitClauses_0":["10800000"],
"solvingTime_Random_splitClauses_0":["10800000"],
"minedTemplateNumber_RelationalEqs_splitClauses_0":["220"],
"unlabeledSingleVariableTemplatesNumber_RelationalIneqs_splitClauses_0":["530"],
"unlabeledTemplateNumber_Unlabeled_splitClauses_1":["1448"],
"labeledBinaryVariableTemplatesNumber_RelationalEqs_splitClauses_0":["36"],
"generatedPredicateNumber_PredictedCDHG_splitClauses_0":["10800000"],
"minedTemplateRelationSymbolNumber_Empty_splitClauses_1":["20"],
"predicateGeneratorTime_Random_splitClauses_1":["10800000"],
"labeledTemplateNumber_Term_splitClauses_1":["38"],
"minedSingleVariableTemplatesNumber_Empty_splitClauses_1":["184"],
"minedSingleVariableTemplatesNumber_RelationalIneqs_splitClauses_0":["184"],
"clauseNumberAfterSimplification_All_splitClauses_0":["67"],
"unlabeledBinaryVariableTemplatesNumber_RelationalEqs_splitClauses_0":["918"],
"cegarIterationNumber_RelationalEqs_splitClauses_0":["10800000"],
"labeledTemplateRelationSymbolNumber_PredictedCDHG_splitClauses_0":["15"],
"labeledSingleVariableTemplatesNumber_Labeled_splitClauses_1":["2"],
"unlabeledBinaryVariableTemplatesNumber_All_splitClauses_1":["918"],
"minedTemplateRelationSymbolNumber_Unlabeled_splitClauses_1":["20"],
"solvingTime_RelationalEqs_splitClauses_0":["10800000"],
"solvingTime_RelationalEqs_splitClauses_1":["10800000"],
"minedBinaryVariableTemplatesNumber_Mined_splitClauses_0":["36"],
"clauseNumberBeforeSimplification_All_splitClauses_0":["111"],
"clauseNumberBeforeSimplification_RelationalIneqs_splitClauses_1":["111"],
"labeledTemplateNumber_RelationalEqs_splitClauses_1":["38"],
"labeledBinaryVariableTemplatesNumber_RelationalIneqs_splitClauses_0":["36"],
"clauseNumberAfterSimplification_Empty_splitClauses_0":["67"],
"averagePredicateSize_Empty_splitClauses_0":["10800000"],
"relationSymbolNumber_PredictedCG_splitClauses_1":["109"],
"unlabeledTemplateNumber_Term_splitClauses_1":["1448"],
"predicateGeneratorTime_Mined_splitClauses_1":["472"],
"relationSymbolNumber_Mined_splitClauses_0":["109"],
"labeledBinaryVariableTemplatesNumber_RelationalIneqs_splitClauses_1":["36"],
"predicateGeneratorTime_Unlabeled_splitClauses_0":["10800000"],
"generatedPredicateNumber_Mined_splitClauses_0":["10800000"],
"generatedPredicateNumber_RelationalEqs_splitClauses_1":["10800000"],
"labeledTemplateRelationSymbolNumber_PredictedCG_splitClauses_0":["15"],
"minedSingleVariableTemplatesNumber_PredictedCG_splitClauses_1":["184"],
"minedTemplateRelationSymbolNumber_PredictedCG_splitClauses_0":["20"],
"unlabeledTemplateRelationSymbolNumber_Labeled_splitClauses_0":["20"],
"solvability_Empty_splitClauses_1":["10800000"],
"averagePredicateSize_Term_splitClauses_0":["10800000"],
"cegarIterationNumber_Random_splitClauses_1":["10800000"],
"relationSymbolNumber_All_splitClauses_1":["109"],
"averagePredicateSize_Labeled_splitClauses_1":["10800000"],
"unlabeledBinaryVariableTemplatesNumber_Unlabeled_splitClauses_0":["918"],
"generatedPredicateNumber_Unlabeled_splitClauses_1":["10800000"],
"predicateGeneratorTime_All_splitClauses_0":["10800000"],
"unlabeledBinaryVariableTemplatesNumber_PredictedCDHG_splitClauses_1":["918"],
"clauseNumberBeforeSimplification_Labeled_splitClauses_1":["111"],
"minedBinaryVariableTemplatesNumber_Labeled_splitClauses_1":["36"],
"labeledSingleVariableTemplatesNumber_All_splitClauses_0":["2"],
"unlabeledTemplateRelationSymbolNumber_Mined_splitClauses_0":["20"],
"cegarIterationNumber_Octagon_splitClauses_1":["10800000"],
"labeledTemplateNumber_Octagon_splitClauses_0":["38"],
"labeledTemplateRelationSymbolNumber_All_splitClauses_1":["15"],
"smt2FileSizeByte_Empty_splitClauses_0":["73202"],
"relationSymbolNumber_RelationalIneqs_splitClauses_1":["109"],
"unlabeledTemplateNumber_Octagon_splitClauses_1":["1448"],
"predicateGeneratorTime_RelationalEqs_splitClauses_0":["10800000"],
"unlabeledTemplateRelationSymbolNumber_RelationalIneqs_splitClauses_0":["20"],
"smt2FileSizeByte_RelationalEqs_splitClauses_1":["73202"],
"unlabeledTemplateNumber_Labeled_splitClauses_0":["1448"],
"relationSymbolNumber_Random_splitClauses_1":["109"],
"minedSingleVariableTemplatesNumber_Labeled_splitClauses_0":["184"],
"solvingTime_PredictedCDHG_splitClauses_1":["10800000"],
"minedTemplateNumber_Octagon_splitClauses_1":["220"],
"clauseNumberBeforeSimplification_Mined_splitClauses_0":["111"],
"smt2FileSizeByte_All_splitClauses_0":["73202"],
"solvingTime_All_splitClauses_0":["10800000"],
"minedBinaryVariableTemplatesNumber_Term_splitClauses_1":["36"],
"unlabeledTemplateRelationSymbolNumber_Random_splitClauses_0":["20"],
"cegarIterationNumber_All_splitClauses_0":["10800000"],
"smt2FileSizeByte_RelationalEqs_splitClauses_0":["73202"],
"unlabeledSingleVariableTemplatesNumber_PredictedCDHG_splitClauses_1":["530"],
"clauseNumberBeforeSimplification_Labeled_splitClauses_0":["111"],
"cegarIterationNumber_PredictedCG_splitClauses_1":["10800000"],
"labeledTemplateRelationSymbolNumber_Unlabeled_splitClauses_0":["15"],
"unlabeledTemplateRelationSymbolNumber_Octagon_splitClauses_1":["20"],
"unlabeledTemplateNumber_Empty_splitClauses_1":["1448"],
"clauseNumberBeforeSimplification_Octagon_splitClauses_1":["111"],
"labeledTemplateNumber_Unlabeled_splitClauses_0":["38"],
"labeledBinaryVariableTemplatesNumber_PredictedCG_splitClauses_0":["36"],
"solvability_Term_splitClauses_1":["10800000"],
"solvability_Octagon_splitClauses_0":["10800000"],
"minedTemplateRelationSymbolNumber_RelationalIneqs_splitClauses_0":["20"],
"clauseNumberBeforeSimplification_RelationalIneqs_splitClauses_0":["111"],
"labeledTemplateNumber_PredictedCG_splitClauses_0":["38"],
"cegarIterationNumber_Labeled_splitClauses_0":["10800000"],
"smt2FileSizeByte_Labeled_splitClauses_1":["73202"],
"clauseNumberBeforeSimplification_Unlabeled_splitClauses_1":["111"],
"generatedPredicateNumber_Term_splitClauses_1":["10800000"],
"solvingTime_Term_splitClauses_1":["10800000"],
"unlabeledBinaryVariableTemplatesNumber_Random_splitClauses_1":["918"],
"unlabeledSingleVariableTemplatesNumber_Octagon_splitClauses_0":["530"],
"solvingTime_Octagon_splitClauses_0":["10800000"],
"labeledSingleVariableTemplatesNumber_Mined_splitClauses_1":["2"],
"averagePredicateSize_Term_splitClauses_1":["10800000"],
"labeledTemplateNumber_Labeled_splitClauses_0":["38"],
"unlabeledSingleVariableTemplatesNumber_PredictedCG_splitClauses_0":["530"],
"smt2FileSizeByte_Mined_splitClauses_1":["73202"],
"labeledBinaryVariableTemplatesNumber_Unlabeled_splitClauses_1":["36"],
"labeledTemplateNumber_All_splitClauses_0":["38"],
"unlabeledTemplateNumber_Random_splitClauses_0":["1448"],
"labeledTemplateNumber_Octagon_splitClauses_1":["38"],
"unlabeledTemplateNumber_PredictedCDHG_splitClauses_1":["1448"],
"unlabeledBinaryVariableTemplatesNumber_Mined_splitClauses_0":["918"],
"minedTemplateRelationSymbolNumber_Mined_splitClauses_1":["20"],
"labeledTemplateNumber_RelationalIneqs_splitClauses_1":["38"],
"solvability_Term_splitClauses_0":["10800000"],
"relationSymbolNumber_Octagon_splitClauses_0":["109"],
"clauseNumberBeforeSimplification_PredictedCG_splitClauses_1":["111"],
"generatedPredicateNumber_Labeled_splitClauses_1":["10800000"],
"labeledSingleVariableTemplatesNumber_Unlabeled_splitClauses_0":["2"],
"unlabeledBinaryVariableTemplatesNumber_Empty_splitClauses_0":["918"],
"solvingTime_Mined_splitClauses_0":["10800000"],
"unlabeledTemplateNumber_All_splitClauses_1":["1448"],
"clauseNumberAfterSimplification_Random_splitClauses_1":["67"],
"labeledBinaryVariableTemplatesNumber_Octagon_splitClauses_1":["36"],
"unlabeledBinaryVariableTemplatesNumber_Labeled_splitClauses_0":["918"],
"smt2FileSizeByte_Octagon_splitClauses_0":["73202"],
"labeledSingleVariableTemplatesNumber_Random_splitClauses_1":["2"],
"solvability_Unlabeled_splitClauses_0":["10800000"],
"solvingTime_Unlabeled_splitClauses_0":["10800000"],
"unlabeledTemplateRelationSymbolNumber_All_splitClauses_1":["20"],
"minedTemplateNumber_Empty_splitClauses_1":["220"],
"solvability_RelationalIneqs_splitClauses_0":["10800000"],
"unlabeledTemplateRelationSymbolNumber_Labeled_splitClauses_1":["20"],
"cegarIterationNumber_RelationalEqs_splitClauses_1":["10800000"],
"minedSingleVariableTemplatesNumber_RelationalEqs_splitClauses_1":["184"],
"clauseNumberAfterSimplification_PredictedCDHG_splitClauses_1":["67"],
"minedBinaryVariableTemplatesNumber_RelationalIneqs_splitClauses_1":["36"],
"unlabeledBinaryVariableTemplatesNumber_Mined_splitClauses_1":["918"],
"unlabeledBinaryVariableTemplatesNumber_PredictedCDHG_splitClauses_0":["918"],
"solvingTime_Empty_splitClauses_1":["10800000"],
"labeledTemplateRelationSymbolNumber_Empty_splitClauses_1":["15"],
"generatedPredicateNumber_Term_splitClauses_0":["10800000"],
"averagePredicateSize_Empty_splitClauses_1":["10800000"],
"generatedPredicateNumber_PredictedCG_splitClauses_1":["10800000"],
"labeledTemplateRelationSymbolNumber_PredictedCDHG_splitClauses_1":["15"],
"relationSymbolNumber_Mined_splitClauses_1":["109"],
"predicateGeneratorTime_Mined_splitClauses_0":["10800000"],
"predicateGeneratorTime_Labeled_splitClauses_0":["10800000"],
"labeledSingleVariableTemplatesNumber_Random_splitClauses_0":["2"],
"unlabeledTemplateRelationSymbolNumber_All_splitClauses_0":["20"],
"minedBinaryVariableTemplatesNumber_Labeled_splitClauses_0":["36"],
"generatedPredicateNumber_Labeled_splitClauses_0":["10800000"],
"relationSymbolNumber_Empty_splitClauses_0":["109"],
"solvingTime_Mined_splitClauses_1":["708"],
"minedSingleVariableTemplatesNumber_All_splitClauses_1":["184"],
"predicateGeneratorTime_Random_splitClauses_0":["10800000"],
"cegarIterationNumber_Term_splitClauses_1":["10800000"],
"labeledTemplateNumber_Empty_splitClauses_1":["38"],
"clauseNumberAfterSimplification_Empty_splitClauses_1":["67"],
"minedTemplateRelationSymbolNumber_Empty_splitClauses_0":["20"],
"unlabeledSingleVariableTemplatesNumber_Term_splitClauses_0":["530"],
"minedSingleVariableTemplatesNumber_Empty_splitClauses_0":["184"],
"minedTemplateRelationSymbolNumber_RelationalEqs_splitClauses_0":["20"],
"cegarIterationNumber_Empty_splitClauses_0":["10800000"],
"minedBinaryVariableTemplatesNumber_RelationalEqs_splitClauses_1":["36"],
"labeledSingleVariableTemplatesNumber_All_splitClauses_1":["2"],
"unlabeledTemplateRelationSymbolNumber_Octagon_splitClauses_0":["20"],
"minedTemplateRelationSymbolNumber_Unlabeled_splitClauses_0":["20"],
"labeledBinaryVariableTemplatesNumber_Mined_splitClauses_0":["36"],
"minedTemplateNumber_PredictedCG_splitClauses_1":["220"],
"cegarIterationNumber_Empty_splitClauses_1":["10800000"],
"averagePredicateSize_RelationalIneqs_splitClauses_0":["10800000"],
"solvability_All_splitClauses_1":["10800000"],
"unlabeledBinaryVariableTemplatesNumber_Term_splitClauses_1":["918"],
"relationSymbolNumber_PredictedCDHG_splitClauses_0":["109"],
"minedTemplateRelationSymbolNumber_Labeled_splitClauses_1":["20"],
"averagePredicateSize_Unlabeled_splitClauses_1":["10800000"],
"labeledTemplateNumber_Term_splitClauses_0":["38"],
"smt2FileSizeByte_Empty_splitClauses_1":["73202"],
"solvingTime_PredictedCG_splitClauses_0":["10800000"],
"relationSymbolNumber_Term_splitClauses_0":["109"],
"cegarIterationNumber_All_splitClauses_1":["10800000"],
"clauseNumberBeforeSimplification_Term_splitClauses_1":["111"],
"predicateGeneratorTime_Empty_splitClauses_0":["10800000"],
"averagePredicateSize_All_splitClauses_0":["10800000"],
"unlabeledBinaryVariableTemplatesNumber_Random_splitClauses_0":["918"],
"smt2FileSizeByte_Term_splitClauses_0":["73202"],
"averagePredicateSize_Mined_splitClauses_1":["1"],
"minedBinaryVariableTemplatesNumber_Empty_splitClauses_0":["36"],
"minedTemplateRelationSymbolNumber_All_splitClauses_1":["20"],
"labeledSingleVariableTemplatesNumber_PredictedCG_splitClauses_0":["2"],
"unlabeledBinaryVariableTemplatesNumber_RelationalIneqs_splitClauses_0":["918"],
"unlabeledSingleVariableTemplatesNumber_RelationalIneqs_splitClauses_1":["530"],
"clauseNumberAfterSimplification_RelationalIneqs_splitClauses_0":["67"],
"unlabeledTemplateNumber_RelationalEqs_splitClauses_0":["1448"],
"unlabeledTemplateNumber_RelationalIneqs_splitClauses_1":["1448"],
"labeledTemplateRelationSymbolNumber_PredictedCG_splitClauses_1":["15"],
"labeledTemplateRelationSymbolNumber_All_splitClauses_0":["15"],
"labeledSingleVariableTemplatesNumber_Octagon_splitClauses_0":["2"],
"dummyFiled":[]
}