{
"smt2FileSizeByte_All_splitClauses_1":["18406"],
"generatedPredicateNumber_All_splitClauses_1":["10800000"],
"unlabeledTemplateRelationSymbolNumber_PredictedCDHG_splitClauses_0":["5"],
"relationSymbolNumberBeforeSimplification_Unlabeled_splitClauses_1":["163"],
"predicateGeneratorTime_Term_splitClauses_0":["10800000"],
"averagePredicateSize_Random_splitClauses_1":["1"],
"labeledBinaryVariableTemplatesNumber_Labeled_splitClauses_1":["19"],
"clauseNumberBeforeSimplification_All_splitClauses_1":["34"],
"minedTemplateRelationSymbolNumber_Term_splitClauses_0":["5"],
"solvingTime_Labeled_splitClauses_1":["2265"],
"unlabeledTemplateNumber_Labeled_splitClauses_1":["861"],
"relationSymbolNumberAfterSimplification_All_splitClauses_1":["119"],
"minedTemplateRelationSymbolNumber_Octagon_splitClauses_1":["5"],
"clauseNumberAfterSimplification_Mined_splitClauses_1":["36"],
"relationSymbolNumberBeforeSimplification_Octagon_splitClauses_0":["163"],
"unlabeledBinaryVariableTemplatesNumber_Term_splitClauses_0":["564"],
"labeledTemplateNumber_PredictedCDHG_splitClauses_0":["19"],
"solvability_Empty_splitClauses_0":["10800000"],
"unlabeledTemplateRelationSymbolNumber_Random_splitClauses_1":["5"],
"labeledBinaryVariableTemplatesNumber_Octagon_splitClauses_0":["19"],
"relationSymbolNumberBeforeSimplification_Random_splitClauses_1":["163"],
"minedTemplateRelationSymbolNumber_Random_splitClauses_1":["5"],
"unlabeledSingleVariableTemplatesNumber_Mined_splitClauses_0":["297"],
"unlabeledBinaryVariableTemplatesNumber_PredictedCG_splitClauses_1":["564"],
"solvability_All_splitClauses_0":["10800000"],
"predicateGeneratorTime_RelationalEqs_splitClauses_1":["1142"],
"relationSymbolNumberBeforeSimplification_PredictedCDHG_splitClauses_1":["163"],
"smt2FileSizeByte_PredictedCG_splitClauses_1":["18406"],
"labeledSingleVariableTemplatesNumber_Unlabeled_splitClauses_1":["0"],
"labeledBinaryVariableTemplatesNumber_PredictedCG_splitClauses_1":["19"],
"minedBinaryVariableTemplatesNumber_PredictedCG_splitClauses_0":["19"],
"solvability_Random_splitClauses_0":["10800000"],
"relationSymbolNumberAfterSimplification_PredictedCG_splitClauses_1":["119"],
"clauseNumberBeforeSimplification_PredictedCDHG_splitClauses_1":["34"],
"labeledSingleVariableTemplatesNumber_Mined_splitClauses_0":["0"],
"solvability_Unlabeled_splitClauses_1":["1"],
"cegarIterationNumber_Labeled_splitClauses_1":["15"],
"smt2FileSizeByte_Mined_splitClauses_0":["18406"],
"relationSymbolNumberAfterSimplification_Mined_splitClauses_0":["119"],
"labeledSingleVariableTemplatesNumber_PredictedCG_splitClauses_1":["0"],
"smt2FileSizeByte_Octagon_splitClauses_1":["18406"],
"minedTemplateNumber_Labeled_splitClauses_1":["118"],
"labeledSingleVariableTemplatesNumber_RelationalIneqs_splitClauses_1":["0"],
"clauseNumberAfterSimplification_Labeled_splitClauses_1":["36"],
"relationSymbolNumberAfterSimplification_Labeled_splitClauses_0":["119"],
"smt2FileSizeByte_Random_splitClauses_0":["18406"],
"relationSymbolNumberAfterSimplification_PredictedCDHG_splitClauses_0":["119"],
"unlabeledTemplateRelationSymbolNumber_PredictedCDHG_splitClauses_1":["5"],
"labeledSingleVariableTemplatesNumber_Term_splitClauses_0":["0"],
"generatedPredicateNumber_PredictedCDHG_splitClauses_1":["10800000"],
"minedSingleVariableTemplatesNumber_Unlabeled_splitClauses_0":["99"],
"generatedPredicateNumber_Octagon_splitClauses_1":["83"],
"labeledSingleVariableTemplatesNumber_RelationalEqs_splitClauses_0":["0"],
"predicateGeneratorTime_PredictedCG_splitClauses_1":["10800000"],
"relationSymbolNumberAfterSimplification_Octagon_splitClauses_0":["119"],
"labeledTemplateNumber_Labeled_splitClauses_1":["19"],
"labeledSingleVariableTemplatesNumber_Empty_splitClauses_0":["0"],
"minedTemplateRelationSymbolNumber_RelationalIneqs_splitClauses_1":["5"],
"unlabeledSingleVariableTemplatesNumber_All_splitClauses_1":["297"],
"labeledBinaryVariableTemplatesNumber_PredictedCDHG_splitClauses_1":["19"],
"unlabeledSingleVariableTemplatesNumber_RelationalEqs_splitClauses_1":["297"],
"cegarIterationNumber_Term_splitClauses_0":["10800000"],
"unlabeledBinaryVariableTemplatesNumber_Labeled_splitClauses_1":["564"],
"unlabeledSingleVariableTemplatesNumber_Term_splitClauses_1":["297"],
"clauseNumberAfterSimplification_All_splitClauses_1":["36"],
"minedSingleVariableTemplatesNumber_Random_splitClauses_0":["99"],
"solvability_RelationalIneqs_splitClauses_1":["1"],
"minedTemplateNumber_Labeled_splitClauses_0":["118"],
"minedSingleVariableTemplatesNumber_Octagon_splitClauses_0":["99"],
"minedSingleVariableTemplatesNumber_Term_splitClauses_1":["99"],
"minedBinaryVariableTemplatesNumber_PredictedCDHG_splitClauses_1":["19"],
"generatedPredicateNumber_Mined_splitClauses_1":["60"],
"labeledSingleVariableTemplatesNumber_RelationalIneqs_splitClauses_0":["0"],
"averagePredicateSize_Mined_splitClauses_0":["10800000"],
"cegarIterationNumber_Unlabeled_splitClauses_0":["10800000"],
"minedBinaryVariableTemplatesNumber_Random_splitClauses_0":["19"],
"labeledTemplateNumber_Mined_splitClauses_1":["19"],
"labeledBinaryVariableTemplatesNumber_Random_splitClauses_0":["19"],
"unlabeledTemplateRelationSymbolNumber_Unlabeled_splitClauses_1":["5"],
"cegarIterationNumber_Mined_splitClauses_0":["10800000"],
"minedTemplateRelationSymbolNumber_Labeled_splitClauses_0":["5"],
"unlabeledBinaryVariableTemplatesNumber_RelationalIneqs_splitClauses_1":["564"],
"unlabeledBinaryVariableTemplatesNumber_Octagon_splitClauses_0":["564"],
"solvability_Mined_splitClauses_0":["10800000"],
"averagePredicateSize_RelationalEqs_splitClauses_0":["10800000"],
"clauseNumberAfterSimplification_Term_splitClauses_0":["36"],
"unlabeledTemplateNumber_Mined_splitClauses_0":["861"],
"relationSymbolNumberAfterSimplification_Random_splitClauses_1":["119"],
"unlabeledTemplateNumber_PredictedCDHG_splitClauses_0":["861"],
"cegarIterationNumber_RelationalIneqs_splitClauses_1":["20"],
"minedBinaryVariableTemplatesNumber_Unlabeled_splitClauses_1":["19"],
"labeledTemplateNumber_PredictedCG_splitClauses_1":["19"],
"labeledTemplateRelationSymbolNumber_Mined_splitClauses_0":["4"],
"labeledBinaryVariableTemplatesNumber_Mined_splitClauses_1":["19"],
"relationSymbolNumberBeforeSimplification_Mined_splitClauses_0":["163"],
"relationSymbolNumberBeforeSimplification_RelationalIneqs_splitClauses_0":["163"],
"clauseNumberAfterSimplification_RelationalIneqs_splitClauses_1":["36"],
"minedSingleVariableTemplatesNumber_PredictedCDHG_splitClauses_0":["99"],
"solvability_Labeled_splitClauses_1":["1"],
"labeledSingleVariableTemplatesNumber_Octagon_splitClauses_1":["0"],
"averagePredicateSize_Random_splitClauses_0":["10800000"],
"smt2FileSizeByte_RelationalIneqs_splitClauses_0":["18406"],
"generatedPredicateNumber_Unlabeled_splitClauses_0":["10800000"],
"solvability_RelationalEqs_splitClauses_0":["10800000"],
"predicateGeneratorTime_Empty_splitClauses_1":["903"],
"minedSingleVariableTemplatesNumber_Mined_splitClauses_0":["99"],
"relationSymbolNumberAfterSimplification_Unlabeled_splitClauses_0":["119"],
"minedTemplateRelationSymbolNumber_PredictedCDHG_splitClauses_1":["5"],
"minedTemplateNumber_PredictedCG_splitClauses_0":["118"],
"averagePredicateSize_RelationalIneqs_splitClauses_1":["1"],
"labeledTemplateRelationSymbolNumber_Random_splitClauses_1":["4"],
"minedTemplateNumber_RelationalIneqs_splitClauses_0":["118"],
"predicateGeneratorTime_RelationalIneqs_splitClauses_0":["10800000"],
"labeledTemplateRelationSymbolNumber_Empty_splitClauses_0":["4"],
"minedBinaryVariableTemplatesNumber_Octagon_splitClauses_0":["19"],
"labeledSingleVariableTemplatesNumber_Term_splitClauses_1":["0"],
"labeledBinaryVariableTemplatesNumber_Empty_splitClauses_0":["19"],
"minedTemplateNumber_Octagon_splitClauses_0":["118"],
"labeledBinaryVariableTemplatesNumber_Unlabeled_splitClauses_0":["19"],
"relationSymbolNumberBeforeSimplification_Empty_splitClauses_0":["163"],
"clauseNumberAfterSimplification_PredictedCDHG_splitClauses_0":["36"],
"smt2FileSizeByte_PredictedCG_splitClauses_0":["18406"],
"minedBinaryVariableTemplatesNumber_RelationalEqs_splitClauses_0":["19"],
"relationSymbolNumberBeforeSimplification_Unlabeled_splitClauses_0":["163"],
"labeledTemplateRelationSymbolNumber_RelationalEqs_splitClauses_1":["4"],
"minedBinaryVariableTemplatesNumber_Random_splitClauses_1":["19"],
"clauseNumberAfterSimplification_Unlabeled_splitClauses_1":["36"],
"minedSingleVariableTemplatesNumber_PredictedCDHG_splitClauses_1":["99"],
"labeledBinaryVariableTemplatesNumber_Term_splitClauses_1":["19"],
"clauseNumberBeforeSimplification_Empty_splitClauses_1":["34"],
"relationSymbolNumberAfterSimplification_Octagon_splitClauses_1":["119"],
"relationSymbolNumberAfterSimplification_Term_splitClauses_0":["119"],
"minedBinaryVariableTemplatesNumber_Mined_splitClauses_1":["19"],
"unlabeledBinaryVariableTemplatesNumber_Unlabeled_splitClauses_1":["564"],
"relationSymbolNumberBeforeSimplification_Random_splitClauses_0":["163"],
"relationSymbolNumberAfterSimplification_PredictedCDHG_splitClauses_1":["119"],
"unlabeledTemplateNumber_PredictedCG_splitClauses_1":["861"],
"generatedPredicateNumber_Empty_splitClauses_0":["10800000"],
"predicateGeneratorTime_RelationalIneqs_splitClauses_1":["1114"],
"unlabeledSingleVariableTemplatesNumber_Empty_splitClauses_0":["297"],
"cegarIterationNumber_Octagon_splitClauses_0":["10800000"],
"clauseNumberAfterSimplification_Octagon_splitClauses_1":["36"],
"unlabeledSingleVariableTemplatesNumber_Labeled_splitClauses_1":["297"],
"clauseNumberBeforeSimplification_Random_splitClauses_1":["34"],
"minedTemplateRelationSymbolNumber_All_splitClauses_0":["5"],
"unlabeledTemplateRelationSymbolNumber_RelationalEqs_splitClauses_0":["5"],
"minedSingleVariableTemplatesNumber_Unlabeled_splitClauses_1":["99"],
"clauseNumberBeforeSimplification_RelationalEqs_splitClauses_0":["34"],
"minedTemplateNumber_Unlabeled_splitClauses_0":["118"],
"generatedPredicateNumber_Octagon_splitClauses_0":["10800000"],
"predicateGeneratorTime_PredictedCDHG_splitClauses_0":["10800000"],
"clauseNumberAfterSimplification_PredictedCG_splitClauses_1":["36"],
"labeledSingleVariableTemplatesNumber_RelationalEqs_splitClauses_1":["0"],
"smt2FileSizeByte_Random_splitClauses_1":["18406"],
"averagePredicateSize_PredictedCG_splitClauses_1":["10800000"],
"cegarIterationNumber_PredictedCDHG_splitClauses_1":["10800000"],
"clauseNumberAfterSimplification_RelationalEqs_splitClauses_1":["36"],
"minedBinaryVariableTemplatesNumber_Empty_splitClauses_1":["19"],
"relationSymbolNumberAfterSimplification_RelationalEqs_splitClauses_1":["119"],
"minedTemplateNumber_PredictedCDHG_splitClauses_0":["118"],
"labeledBinaryVariableTemplatesNumber_All_splitClauses_1":["19"],
"solvingTime_RelationalIneqs_splitClauses_1":["2287"],
"unlabeledTemplateRelationSymbolNumber_RelationalEqs_splitClauses_1":["5"],
"smt2FileSizeByte_Unlabeled_splitClauses_0":["18406"],
"relationSymbolNumberBeforeSimplification_Mined_splitClauses_1":["163"],
"relationSymbolNumberAfterSimplification_Mined_splitClauses_1":["119"],
"generatedPredicateNumber_All_splitClauses_0":["10800000"],
"relationSymbolNumberBeforeSimplification_Octagon_splitClauses_1":["163"],
"predicateGeneratorTime_Octagon_splitClauses_1":["6150"],
"solvability_Mined_splitClauses_1":["1"],
"minedTemplateRelationSymbolNumber_Term_splitClauses_1":["5"],
"clauseNumberAfterSimplification_Mined_splitClauses_0":["36"],
"solvability_PredictedCDHG_splitClauses_0":["10800000"],
"solvingTime_Empty_splitClauses_0":["10800000"],
"unlabeledSingleVariableTemplatesNumber_Unlabeled_splitClauses_1":["297"],
"minedTemplateNumber_Term_splitClauses_1":["118"],
"averagePredicateSize_Octagon_splitClauses_1":["1"],
"unlabeledSingleVariableTemplatesNumber_Octagon_splitClauses_1":["297"],
"minedTemplateRelationSymbolNumber_RelationalEqs_splitClauses_1":["5"],
"relationSymbolNumberBeforeSimplification_All_splitClauses_1":["163"],
"minedBinaryVariableTemplatesNumber_RelationalIneqs_splitClauses_0":["19"],
"predicateGeneratorTime_Term_splitClauses_1":["1466"],
"solvingTime_Labeled_splitClauses_0":["10800000"],
"unlabeledBinaryVariableTemplatesNumber_PredictedCG_splitClauses_0":["564"],
"minedTemplateNumber_All_splitClauses_0":["118"],
"predicateGeneratorTime_Labeled_splitClauses_1":["1097"],
"unlabeledTemplateRelationSymbolNumber_Empty_splitClauses_0":["5"],
"unlabeledTemplateNumber_Mined_splitClauses_1":["861"],
"solvability_PredictedCG_splitClauses_1":["10800000"],
"unlabeledTemplateNumber_Term_splitClauses_0":["861"],
"minedBinaryVariableTemplatesNumber_PredictedCG_splitClauses_1":["19"],
"labeledSingleVariableTemplatesNumber_PredictedCDHG_splitClauses_0":["0"],
"minedBinaryVariableTemplatesNumber_All_splitClauses_0":["19"],
"averagePredicateSize_PredictedCDHG_splitClauses_1":["10800000"],
"predicateGeneratorTime_PredictedCG_splitClauses_0":["10800000"],
"generatedPredicateNumber_RelationalIneqs_splitClauses_0":["10800000"],
"labeledTemplateNumber_Empty_splitClauses_0":["19"],
"relationSymbolNumberAfterSimplification_RelationalIneqs_splitClauses_1":["119"],
"unlabeledTemplateRelationSymbolNumber_Term_splitClauses_0":["5"],
"minedTemplateNumber_All_splitClauses_1":["118"],
"labeledSingleVariableTemplatesNumber_Empty_splitClauses_1":["0"],
"minedBinaryVariableTemplatesNumber_Unlabeled_splitClauses_0":["19"],
"labeledTemplateNumber_Random_splitClauses_0":["19"],
"minedBinaryVariableTemplatesNumber_All_splitClauses_1":["19"],
"unlabeledSingleVariableTemplatesNumber_All_splitClauses_0":["297"],
"relationSymbolNumberBeforeSimplification_Labeled_splitClauses_1":["163"],
"smt2FileSizeByte_PredictedCDHG_splitClauses_1":["18406"],
"labeledBinaryVariableTemplatesNumber_PredictedCDHG_splitClauses_0":["19"],
"averagePredicateSize_RelationalEqs_splitClauses_1":["1"],
"minedSingleVariableTemplatesNumber_Term_splitClauses_0":["99"],
"labeledTemplateRelationSymbolNumber_Term_splitClauses_1":["4"],
"generatedPredicateNumber_Random_splitClauses_0":["10800000"],
"labeledBinaryVariableTemplatesNumber_Empty_splitClauses_1":["19"],
"relationSymbolNumberAfterSimplification_Term_splitClauses_1":["119"],
"clauseNumberAfterSimplification_Labeled_splitClauses_0":["36"],
"labeledSingleVariableTemplatesNumber_Labeled_splitClauses_0":["0"],
"minedTemplateNumber_Mined_splitClauses_1":["118"],
"labeledTemplateRelationSymbolNumber_Labeled_splitClauses_0":["4"],
"unlabeledTemplateRelationSymbolNumber_Mined_splitClauses_1":["5"],
"solvability_Labeled_splitClauses_0":["10800000"],
"minedTemplateNumber_RelationalEqs_splitClauses_1":["118"],
"solvingTime_Random_splitClauses_1":["4045"],
"minedTemplateNumber_Random_splitClauses_0":["118"],
"cegarIterationNumber_Unlabeled_splitClauses_1":["20"],
"minedTemplateNumber_RelationalIneqs_splitClauses_1":["118"],
"unlabeledBinaryVariableTemplatesNumber_Octagon_splitClauses_1":["564"],
"minedSingleVariableTemplatesNumber_Octagon_splitClauses_1":["99"],
"minedSingleVariableTemplatesNumber_Random_splitClauses_1":["99"],
"averagePredicateSize_All_splitClauses_1":["10800000"],
"minedTemplateNumber_Empty_splitClauses_0":["118"],
"labeledTemplateNumber_Mined_splitClauses_0":["19"],
"unlabeledBinaryVariableTemplatesNumber_All_splitClauses_0":["564"],
"relationSymbolNumberAfterSimplification_Labeled_splitClauses_1":["119"],
"labeledSingleVariableTemplatesNumber_PredictedCDHG_splitClauses_1":["0"],
"minedSingleVariableTemplatesNumber_Mined_splitClauses_1":["99"],
"labeledTemplateRelationSymbolNumber_Term_splitClauses_0":["4"],
"unlabeledTemplateRelationSymbolNumber_Term_splitClauses_1":["5"],
"predicateGeneratorTime_All_splitClauses_1":["10800000"],
"unlabeledSingleVariableTemplatesNumber_Random_splitClauses_0":["297"],
"predicateGeneratorTime_Unlabeled_splitClauses_1":["15504"],
"cegarIterationNumber_PredictedCDHG_splitClauses_0":["10800000"],
"labeledTemplateNumber_RelationalEqs_splitClauses_0":["19"],
"labeledTemplateRelationSymbolNumber_Mined_splitClauses_1":["4"],
"labeledTemplateRelationSymbolNumber_Random_splitClauses_0":["4"],
"labeledBinaryVariableTemplatesNumber_RelationalEqs_splitClauses_1":["19"],
"generatedPredicateNumber_RelationalIneqs_splitClauses_1":["59"],
"unlabeledTemplateRelationSymbolNumber_PredictedCG_splitClauses_1":["5"],
"unlabeledSingleVariableTemplatesNumber_RelationalEqs_splitClauses_0":["297"],
"labeledBinaryVariableTemplatesNumber_Labeled_splitClauses_0":["19"],
"minedBinaryVariableTemplatesNumber_PredictedCDHG_splitClauses_0":["19"],
"unlabeledTemplateRelationSymbolNumber_Unlabeled_splitClauses_0":["5"],
"clauseNumberAfterSimplification_Term_splitClauses_1":["36"],
"unlabeledTemplateNumber_Octagon_splitClauses_0":["861"],
"unlabeledBinaryVariableTemplatesNumber_RelationalEqs_splitClauses_1":["564"],
"unlabeledTemplateNumber_PredictedCG_splitClauses_0":["861"],
"unlabeledTemplateNumber_All_splitClauses_0":["861"],
"labeledTemplateRelationSymbolNumber_RelationalIneqs_splitClauses_1":["4"],
"unlabeledSingleVariableTemplatesNumber_Mined_splitClauses_1":["297"],
"labeledTemplateRelationSymbolNumber_Unlabeled_splitClauses_1":["4"],
"labeledBinaryVariableTemplatesNumber_Random_splitClauses_1":["19"],
"solvability_Random_splitClauses_1":["1"],
"solvingTime_Term_splitClauses_0":["10800000"],
"minedSingleVariableTemplatesNumber_Labeled_splitClauses_1":["99"],
"clauseNumberBeforeSimplification_Term_splitClauses_0":["34"],
"relationSymbolNumberBeforeSimplification_RelationalIneqs_splitClauses_1":["163"],
"minedTemplateRelationSymbolNumber_Mined_splitClauses_0":["5"],
"solvability_Octagon_splitClauses_1":["1"],
"minedSingleVariableTemplatesNumber_RelationalIneqs_splitClauses_1":["99"],
"smt2FileSizeByte_Labeled_splitClauses_0":["18406"],
"solvability_RelationalEqs_splitClauses_1":["1"],
"unlabeledSingleVariableTemplatesNumber_Empty_splitClauses_1":["297"],
"labeledTemplateNumber_PredictedCDHG_splitClauses_1":["19"],
"minedTemplateRelationSymbolNumber_Octagon_splitClauses_0":["5"],
"clauseNumberAfterSimplification_Unlabeled_splitClauses_0":["36"],
"clauseNumberBeforeSimplification_Unlabeled_splitClauses_0":["34"],
"clauseNumberBeforeSimplification_PredictedCDHG_splitClauses_0":["34"],
"cegarIterationNumber_RelationalIneqs_splitClauses_0":["10800000"],
"labeledTemplateRelationSymbolNumber_RelationalEqs_splitClauses_0":["4"],
"averagePredicateSize_Labeled_splitClauses_0":["10800000"],
"smt2FileSizeByte_RelationalIneqs_splitClauses_1":["18406"],
"clauseNumberBeforeSimplification_RelationalEqs_splitClauses_1":["34"],
"unlabeledTemplateRelationSymbolNumber_RelationalIneqs_splitClauses_1":["5"],
"clauseNumberBeforeSimplification_PredictedCG_splitClauses_0":["34"],
"solvingTime_PredictedCDHG_splitClauses_0":["10800000"],
"labeledTemplateRelationSymbolNumber_Octagon_splitClauses_1":["4"],
"minedTemplateRelationSymbolNumber_PredictedCG_splitClauses_1":["5"],
"relationSymbolNumberBeforeSimplification_RelationalEqs_splitClauses_1":["163"],
"labeledTemplateNumber_Random_splitClauses_1":["19"],
"solvingTime_RelationalIneqs_splitClauses_0":["10800000"],
"labeledTemplateNumber_All_splitClauses_1":["19"],
"unlabeledTemplateNumber_Random_splitClauses_1":["861"],
"relationSymbolNumberBeforeSimplification_All_splitClauses_0":["163"],
"smt2FileSizeByte_Unlabeled_splitClauses_1":["18406"],
"cegarIterationNumber_PredictedCG_splitClauses_0":["10800000"],
"predicateGeneratorTime_Octagon_splitClauses_0":["10800000"],
"unlabeledTemplateNumber_RelationalEqs_splitClauses_1":["861"],
"clauseNumberAfterSimplification_Octagon_splitClauses_0":["36"],
"cegarIterationNumber_Random_splitClauses_0":["10800000"],
"solvability_PredictedCDHG_splitClauses_1":["10800000"],
"solvability_PredictedCG_splitClauses_0":["10800000"],
"solvingTime_PredictedCG_splitClauses_1":["10800000"],
"unlabeledSingleVariableTemplatesNumber_Unlabeled_splitClauses_0":["297"],
"unlabeledTemplateNumber_Unlabeled_splitClauses_0":["861"],
"labeledTemplateRelationSymbolNumber_RelationalIneqs_splitClauses_0":["4"],
"minedTemplateNumber_Random_splitClauses_1":["118"],
"generatedPredicateNumber_RelationalEqs_splitClauses_0":["10800000"],
"minedTemplateNumber_Term_splitClauses_0":["118"],
"solvingTime_All_splitClauses_1":["10800000"],
"minedSingleVariableTemplatesNumber_PredictedCG_splitClauses_0":["99"],
"smt2FileSizeByte_Term_splitClauses_1":["18406"],
"labeledBinaryVariableTemplatesNumber_All_splitClauses_0":["19"],
"minedTemplateNumber_PredictedCDHG_splitClauses_1":["118"],
"minedTemplateRelationSymbolNumber_PredictedCDHG_splitClauses_0":["5"],
"averagePredicateSize_Unlabeled_splitClauses_0":["10800000"],
"minedBinaryVariableTemplatesNumber_Octagon_splitClauses_1":["19"],
"unlabeledSingleVariableTemplatesNumber_Random_splitClauses_1":["297"],
"clauseNumberBeforeSimplification_Random_splitClauses_0":["34"],
"solvingTime_Unlabeled_splitClauses_1":["17427"],
"predicateGeneratorTime_PredictedCDHG_splitClauses_1":["10800000"],
"averagePredicateSize_PredictedCDHG_splitClauses_0":["10800000"],
"relationSymbolNumberAfterSimplification_RelationalEqs_splitClauses_0":["119"],
"minedBinaryVariableTemplatesNumber_Term_splitClauses_0":["19"],
"labeledTemplateNumber_RelationalIneqs_splitClauses_0":["19"],
"clauseNumberAfterSimplification_Random_splitClauses_0":["36"],
"clauseNumberAfterSimplification_PredictedCG_splitClauses_0":["36"],
"generatedPredicateNumber_Empty_splitClauses_1":["49"],
"clauseNumberBeforeSimplification_Octagon_splitClauses_0":["34"],
"unlabeledTemplateNumber_Empty_splitClauses_0":["861"],
"minedSingleVariableTemplatesNumber_All_splitClauses_0":["99"],
"labeledTemplateRelationSymbolNumber_Octagon_splitClauses_0":["4"],
"generatedPredicateNumber_Random_splitClauses_1":["65"],
"clauseNumberAfterSimplification_RelationalEqs_splitClauses_0":["36"],
"labeledBinaryVariableTemplatesNumber_Term_splitClauses_0":["19"],
"minedSingleVariableTemplatesNumber_RelationalEqs_splitClauses_0":["99"],
"minedTemplateNumber_Mined_splitClauses_0":["118"],
"relationSymbolNumberBeforeSimplification_PredictedCG_splitClauses_0":["163"],
"averagePredicateSize_Octagon_splitClauses_0":["10800000"],
"unlabeledBinaryVariableTemplatesNumber_Empty_splitClauses_1":["564"],
"unlabeledSingleVariableTemplatesNumber_PredictedCDHG_splitClauses_0":["297"],
"unlabeledSingleVariableTemplatesNumber_PredictedCG_splitClauses_1":["297"],
"labeledTemplateRelationSymbolNumber_Labeled_splitClauses_1":["4"],
"minedTemplateRelationSymbolNumber_Random_splitClauses_0":["5"],
"unlabeledTemplateRelationSymbolNumber_PredictedCG_splitClauses_0":["5"],
"unlabeledTemplateNumber_RelationalIneqs_splitClauses_0":["861"],
"unlabeledSingleVariableTemplatesNumber_Labeled_splitClauses_0":["297"],
"relationSymbolNumberAfterSimplification_PredictedCG_splitClauses_0":["119"],
"minedTemplateNumber_Unlabeled_splitClauses_1":["118"],
"generatedPredicateNumber_PredictedCG_splitClauses_0":["10800000"],
"labeledTemplateNumber_Unlabeled_splitClauses_1":["19"],
"unlabeledTemplateRelationSymbolNumber_Empty_splitClauses_1":["5"],
"clauseNumberBeforeSimplification_Empty_splitClauses_0":["34"],
"solvingTime_Octagon_splitClauses_1":["8263"],
"cegarIterationNumber_Mined_splitClauses_1":["21"],
"clauseNumberBeforeSimplification_Mined_splitClauses_1":["34"],
"smt2FileSizeByte_PredictedCDHG_splitClauses_0":["18406"],
"averagePredicateSize_PredictedCG_splitClauses_0":["10800000"],
"solvingTime_Random_splitClauses_0":["10800000"],
"minedTemplateNumber_RelationalEqs_splitClauses_0":["118"],
"unlabeledSingleVariableTemplatesNumber_RelationalIneqs_splitClauses_0":["297"],
"unlabeledTemplateNumber_Unlabeled_splitClauses_1":["861"],
"labeledBinaryVariableTemplatesNumber_RelationalEqs_splitClauses_0":["19"],
"generatedPredicateNumber_PredictedCDHG_splitClauses_0":["10800000"],
"relationSymbolNumberAfterSimplification_RelationalIneqs_splitClauses_0":["119"],
"minedTemplateRelationSymbolNumber_Empty_splitClauses_1":["5"],
"predicateGeneratorTime_Random_splitClauses_1":["2048"],
"labeledTemplateNumber_Term_splitClauses_1":["19"],
"relationSymbolNumberBeforeSimplification_RelationalEqs_splitClauses_0":["163"],
"minedSingleVariableTemplatesNumber_Empty_splitClauses_1":["99"],
"minedSingleVariableTemplatesNumber_RelationalIneqs_splitClauses_0":["99"],
"clauseNumberAfterSimplification_All_splitClauses_0":["36"],
"unlabeledBinaryVariableTemplatesNumber_RelationalEqs_splitClauses_0":["564"],
"cegarIterationNumber_RelationalEqs_splitClauses_0":["10800000"],
"labeledTemplateRelationSymbolNumber_PredictedCDHG_splitClauses_0":["4"],
"labeledSingleVariableTemplatesNumber_Labeled_splitClauses_1":["0"],
"unlabeledBinaryVariableTemplatesNumber_All_splitClauses_1":["564"],
"minedTemplateRelationSymbolNumber_Unlabeled_splitClauses_1":["5"],
"solvingTime_RelationalEqs_splitClauses_0":["10800000"],
"solvingTime_RelationalEqs_splitClauses_1":["2515"],
"minedBinaryVariableTemplatesNumber_Mined_splitClauses_0":["19"],
"clauseNumberBeforeSimplification_All_splitClauses_0":["34"],
"clauseNumberBeforeSimplification_RelationalIneqs_splitClauses_1":["34"],
"labeledTemplateNumber_RelationalEqs_splitClauses_1":["19"],
"labeledBinaryVariableTemplatesNumber_RelationalIneqs_splitClauses_0":["19"],
"relationSymbolNumberBeforeSimplification_Labeled_splitClauses_0":["163"],
"clauseNumberAfterSimplification_Empty_splitClauses_0":["36"],
"averagePredicateSize_Empty_splitClauses_0":["10800000"],
"unlabeledTemplateNumber_Term_splitClauses_1":["861"],
"predicateGeneratorTime_Mined_splitClauses_1":["2306"],
"labeledBinaryVariableTemplatesNumber_RelationalIneqs_splitClauses_1":["19"],
"predicateGeneratorTime_Unlabeled_splitClauses_0":["10800000"],
"relationSymbolNumberAfterSimplification_Empty_splitClauses_0":["119"],
"generatedPredicateNumber_Mined_splitClauses_0":["10800000"],
"generatedPredicateNumber_RelationalEqs_splitClauses_1":["52"],
"labeledTemplateRelationSymbolNumber_PredictedCG_splitClauses_0":["4"],
"minedSingleVariableTemplatesNumber_PredictedCG_splitClauses_1":["99"],
"minedTemplateRelationSymbolNumber_PredictedCG_splitClauses_0":["5"],
"unlabeledTemplateRelationSymbolNumber_Labeled_splitClauses_0":["5"],
"solvability_Empty_splitClauses_1":["1"],
"averagePredicateSize_Term_splitClauses_0":["10800000"],
"cegarIterationNumber_Random_splitClauses_1":["21"],
"averagePredicateSize_Labeled_splitClauses_1":["1"],
"unlabeledBinaryVariableTemplatesNumber_Unlabeled_splitClauses_0":["564"],
"generatedPredicateNumber_Unlabeled_splitClauses_1":["62"],
"predicateGeneratorTime_All_splitClauses_0":["10800000"],
"unlabeledBinaryVariableTemplatesNumber_PredictedCDHG_splitClauses_1":["564"],
"clauseNumberBeforeSimplification_Labeled_splitClauses_1":["34"],
"minedBinaryVariableTemplatesNumber_Labeled_splitClauses_1":["19"],
"labeledSingleVariableTemplatesNumber_All_splitClauses_0":["0"],
"unlabeledTemplateRelationSymbolNumber_Mined_splitClauses_0":["5"],
"cegarIterationNumber_Octagon_splitClauses_1":["19"],
"labeledTemplateNumber_Octagon_splitClauses_0":["19"],
"labeledTemplateRelationSymbolNumber_All_splitClauses_1":["4"],
"smt2FileSizeByte_Empty_splitClauses_0":["18406"],
"unlabeledTemplateNumber_Octagon_splitClauses_1":["861"],
"predicateGeneratorTime_RelationalEqs_splitClauses_0":["10800000"],
"unlabeledTemplateRelationSymbolNumber_RelationalIneqs_splitClauses_0":["5"],
"smt2FileSizeByte_RelationalEqs_splitClauses_1":["18406"],
"unlabeledTemplateNumber_Labeled_splitClauses_0":["861"],
"minedSingleVariableTemplatesNumber_Labeled_splitClauses_0":["99"],
"solvingTime_PredictedCDHG_splitClauses_1":["10800000"],
"relationSymbolNumberBeforeSimplification_Term_splitClauses_1":["163"],
"minedTemplateNumber_Octagon_splitClauses_1":["118"],
"clauseNumberBeforeSimplification_Mined_splitClauses_0":["34"],
"smt2FileSizeByte_All_splitClauses_0":["18406"],
"solvingTime_All_splitClauses_0":["10800000"],
"minedBinaryVariableTemplatesNumber_Term_splitClauses_1":["19"],
"unlabeledTemplateRelationSymbolNumber_Random_splitClauses_0":["5"],
"cegarIterationNumber_All_splitClauses_0":["10800000"],
"smt2FileSizeByte_RelationalEqs_splitClauses_0":["18406"],
"unlabeledSingleVariableTemplatesNumber_PredictedCDHG_splitClauses_1":["297"],
"clauseNumberBeforeSimplification_Labeled_splitClauses_0":["34"],
"cegarIterationNumber_PredictedCG_splitClauses_1":["10800000"],
"labeledTemplateRelationSymbolNumber_Unlabeled_splitClauses_0":["4"],
"unlabeledTemplateRelationSymbolNumber_Octagon_splitClauses_1":["5"],
"unlabeledTemplateNumber_Empty_splitClauses_1":["861"],
"clauseNumberBeforeSimplification_Octagon_splitClauses_1":["34"],
"labeledTemplateNumber_Unlabeled_splitClauses_0":["19"],
"labeledBinaryVariableTemplatesNumber_PredictedCG_splitClauses_0":["19"],
"solvability_Term_splitClauses_1":["1"],
"solvability_Octagon_splitClauses_0":["10800000"],
"minedTemplateRelationSymbolNumber_RelationalIneqs_splitClauses_0":["5"],
"clauseNumberBeforeSimplification_RelationalIneqs_splitClauses_0":["34"],
"labeledTemplateNumber_PredictedCG_splitClauses_0":["19"],
"cegarIterationNumber_Labeled_splitClauses_0":["10800000"],
"smt2FileSizeByte_Labeled_splitClauses_1":["18406"],
"clauseNumberBeforeSimplification_Unlabeled_splitClauses_1":["34"],
"generatedPredicateNumber_Term_splitClauses_1":["52"],
"solvingTime_Term_splitClauses_1":["2907"],
"unlabeledBinaryVariableTemplatesNumber_Random_splitClauses_1":["564"],
"unlabeledSingleVariableTemplatesNumber_Octagon_splitClauses_0":["297"],
"solvingTime_Octagon_splitClauses_0":["10800000"],
"labeledSingleVariableTemplatesNumber_Mined_splitClauses_1":["0"],
"averagePredicateSize_Term_splitClauses_1":["1"],
"labeledTemplateNumber_Labeled_splitClauses_0":["19"],
"unlabeledSingleVariableTemplatesNumber_PredictedCG_splitClauses_0":["297"],
"smt2FileSizeByte_Mined_splitClauses_1":["18406"],
"labeledBinaryVariableTemplatesNumber_Unlabeled_splitClauses_1":["19"],
"labeledTemplateNumber_All_splitClauses_0":["19"],
"unlabeledTemplateNumber_Random_splitClauses_0":["861"],
"labeledTemplateNumber_Octagon_splitClauses_1":["19"],
"unlabeledTemplateNumber_PredictedCDHG_splitClauses_1":["861"],
"unlabeledBinaryVariableTemplatesNumber_Mined_splitClauses_0":["564"],
"minedTemplateRelationSymbolNumber_Mined_splitClauses_1":["5"],
"labeledTemplateNumber_RelationalIneqs_splitClauses_1":["19"],
"relationSymbolNumberAfterSimplification_All_splitClauses_0":["119"],
"relationSymbolNumberBeforeSimplification_PredictedCDHG_splitClauses_0":["163"],
"solvability_Term_splitClauses_0":["10800000"],
"clauseNumberBeforeSimplification_PredictedCG_splitClauses_1":["34"],
"generatedPredicateNumber_Labeled_splitClauses_1":["61"],
"labeledSingleVariableTemplatesNumber_Unlabeled_splitClauses_0":["0"],
"unlabeledBinaryVariableTemplatesNumber_Empty_splitClauses_0":["564"],
"solvingTime_Mined_splitClauses_0":["10800000"],
"unlabeledTemplateNumber_All_splitClauses_1":["861"],
"clauseNumberAfterSimplification_Random_splitClauses_1":["36"],
"labeledBinaryVariableTemplatesNumber_Octagon_splitClauses_1":["19"],
"unlabeledBinaryVariableTemplatesNumber_Labeled_splitClauses_0":["564"],
"smt2FileSizeByte_Octagon_splitClauses_0":["18406"],
"labeledSingleVariableTemplatesNumber_Random_splitClauses_1":["0"],
"solvability_Unlabeled_splitClauses_0":["10800000"],
"solvingTime_Unlabeled_splitClauses_0":["10800000"],
"unlabeledTemplateRelationSymbolNumber_All_splitClauses_1":["5"],
"minedTemplateNumber_Empty_splitClauses_1":["118"],
"solvability_RelationalIneqs_splitClauses_0":["10800000"],
"unlabeledTemplateRelationSymbolNumber_Labeled_splitClauses_1":["5"],
"cegarIterationNumber_RelationalEqs_splitClauses_1":["22"],
"minedSingleVariableTemplatesNumber_RelationalEqs_splitClauses_1":["99"],
"clauseNumberAfterSimplification_PredictedCDHG_splitClauses_1":["36"],
"minedBinaryVariableTemplatesNumber_RelationalIneqs_splitClauses_1":["19"],
"unlabeledBinaryVariableTemplatesNumber_Mined_splitClauses_1":["564"],
"unlabeledBinaryVariableTemplatesNumber_PredictedCDHG_splitClauses_0":["564"],
"solvingTime_Empty_splitClauses_1":["2476"],
"labeledTemplateRelationSymbolNumber_Empty_splitClauses_1":["4"],
"generatedPredicateNumber_Term_splitClauses_0":["10800000"],
"averagePredicateSize_Empty_splitClauses_1":["1"],
"generatedPredicateNumber_PredictedCG_splitClauses_1":["10800000"],
"labeledTemplateRelationSymbolNumber_PredictedCDHG_splitClauses_1":["4"],
"predicateGeneratorTime_Mined_splitClauses_0":["10800000"],
"relationSymbolNumberBeforeSimplification_Term_splitClauses_0":["163"],
"predicateGeneratorTime_Labeled_splitClauses_0":["10800000"],
"labeledSingleVariableTemplatesNumber_Random_splitClauses_0":["0"],
"unlabeledTemplateRelationSymbolNumber_All_splitClauses_0":["5"],
"minedBinaryVariableTemplatesNumber_Labeled_splitClauses_0":["19"],
"generatedPredicateNumber_Labeled_splitClauses_0":["10800000"],
"relationSymbolNumberAfterSimplification_Empty_splitClauses_1":["119"],
"solvingTime_Mined_splitClauses_1":["4788"],
"minedSingleVariableTemplatesNumber_All_splitClauses_1":["99"],
"predicateGeneratorTime_Random_splitClauses_0":["10800000"],
"cegarIterationNumber_Term_splitClauses_1":["22"],
"labeledTemplateNumber_Empty_splitClauses_1":["19"],
"clauseNumberAfterSimplification_Empty_splitClauses_1":["36"],
"minedTemplateRelationSymbolNumber_Empty_splitClauses_0":["5"],
"unlabeledSingleVariableTemplatesNumber_Term_splitClauses_0":["297"],
"minedSingleVariableTemplatesNumber_Empty_splitClauses_0":["99"],
"relationSymbolNumberAfterSimplification_Random_splitClauses_0":["119"],
"minedTemplateRelationSymbolNumber_RelationalEqs_splitClauses_0":["5"],
"cegarIterationNumber_Empty_splitClauses_0":["10800000"],
"minedBinaryVariableTemplatesNumber_RelationalEqs_splitClauses_1":["19"],
"relationSymbolNumberBeforeSimplification_PredictedCG_splitClauses_1":["163"],
"labeledSingleVariableTemplatesNumber_All_splitClauses_1":["0"],
"unlabeledTemplateRelationSymbolNumber_Octagon_splitClauses_0":["5"],
"minedTemplateRelationSymbolNumber_Unlabeled_splitClauses_0":["5"],
"labeledBinaryVariableTemplatesNumber_Mined_splitClauses_0":["19"],
"relationSymbolNumberAfterSimplification_Unlabeled_splitClauses_1":["119"],
"minedTemplateNumber_PredictedCG_splitClauses_1":["118"],
"cegarIterationNumber_Empty_splitClauses_1":["23"],
"averagePredicateSize_RelationalIneqs_splitClauses_0":["10800000"],
"solvability_All_splitClauses_1":["10800000"],
"unlabeledBinaryVariableTemplatesNumber_Term_splitClauses_1":["564"],
"minedTemplateRelationSymbolNumber_Labeled_splitClauses_1":["5"],
"averagePredicateSize_Unlabeled_splitClauses_1":["1"],
"labeledTemplateNumber_Term_splitClauses_0":["19"],
"smt2FileSizeByte_Empty_splitClauses_1":["18406"],
"solvingTime_PredictedCG_splitClauses_0":["10800000"],
"cegarIterationNumber_All_splitClauses_1":["10800000"],
"clauseNumberBeforeSimplification_Term_splitClauses_1":["34"],
"predicateGeneratorTime_Empty_splitClauses_0":["10800000"],
"relationSymbolNumberBeforeSimplification_Empty_splitClauses_1":["163"],
"averagePredicateSize_All_splitClauses_0":["10800000"],
"unlabeledBinaryVariableTemplatesNumber_Random_splitClauses_0":["564"],
"smt2FileSizeByte_Term_splitClauses_0":["18406"],
"averagePredicateSize_Mined_splitClauses_1":["1"],
"minedBinaryVariableTemplatesNumber_Empty_splitClauses_0":["19"],
"minedTemplateRelationSymbolNumber_All_splitClauses_1":["5"],
"labeledSingleVariableTemplatesNumber_PredictedCG_splitClauses_0":["0"],
"unlabeledBinaryVariableTemplatesNumber_RelationalIneqs_splitClauses_0":["564"],
"unlabeledSingleVariableTemplatesNumber_RelationalIneqs_splitClauses_1":["297"],
"clauseNumberAfterSimplification_RelationalIneqs_splitClauses_0":["36"],
"unlabeledTemplateNumber_RelationalEqs_splitClauses_0":["861"],
"unlabeledTemplateNumber_RelationalIneqs_splitClauses_1":["861"],
"labeledTemplateRelationSymbolNumber_PredictedCG_splitClauses_1":["4"],
"labeledTemplateRelationSymbolNumber_All_splitClauses_0":["4"],
"labeledSingleVariableTemplatesNumber_Octagon_splitClauses_0":["0"],
"dummyFiled":[]
}