{
"smt2FileSizeByte_All_splitClauses_1":["66664"],
"generatedPredicateNumber_All_splitClauses_1":["10800000"],
"unlabeledTemplateRelationSymbolNumber_PredictedCDHG_splitClauses_0":["31"],
"relationSymbolNumberBeforeSimplification_Unlabeled_splitClauses_1":["356"],
"predicateGeneratorTime_Term_splitClauses_0":["10800000"],
"averagePredicateSize_Random_splitClauses_1":["1"],
"labeledBinaryVariableTemplatesNumber_Labeled_splitClauses_1":["6"],
"clauseNumberBeforeSimplification_All_splitClauses_1":["155"],
"minedTemplateRelationSymbolNumber_Term_splitClauses_0":["31"],
"solvingTime_Labeled_splitClauses_1":["269"],
"unlabeledTemplateNumber_Labeled_splitClauses_1":["1276"],
"relationSymbolNumberAfterSimplification_All_splitClauses_1":["181"],
"minedTemplateRelationSymbolNumber_Octagon_splitClauses_1":["31"],
"clauseNumberAfterSimplification_Mined_splitClauses_1":["119"],
"relationSymbolNumberBeforeSimplification_Octagon_splitClauses_0":["356"],
"unlabeledBinaryVariableTemplatesNumber_Term_splitClauses_0":["780"],
"labeledTemplateNumber_PredictedCDHG_splitClauses_0":["7"],
"solvability_Empty_splitClauses_0":["10800000"],
"unlabeledTemplateRelationSymbolNumber_Random_splitClauses_1":["31"],
"labeledBinaryVariableTemplatesNumber_Octagon_splitClauses_0":["6"],
"relationSymbolNumberBeforeSimplification_Random_splitClauses_1":["356"],
"minedTemplateRelationSymbolNumber_Random_splitClauses_1":["31"],
"unlabeledSingleVariableTemplatesNumber_Mined_splitClauses_0":["496"],
"unlabeledBinaryVariableTemplatesNumber_PredictedCG_splitClauses_1":["780"],
"solvability_All_splitClauses_0":["10800000"],
"predicateGeneratorTime_RelationalEqs_splitClauses_1":["157"],
"relationSymbolNumberBeforeSimplification_PredictedCDHG_splitClauses_1":["356"],
"smt2FileSizeByte_PredictedCG_splitClauses_1":["66664"],
"labeledSingleVariableTemplatesNumber_Unlabeled_splitClauses_1":["1"],
"labeledBinaryVariableTemplatesNumber_PredictedCG_splitClauses_1":["6"],
"minedBinaryVariableTemplatesNumber_PredictedCG_splitClauses_0":["6"],
"solvability_Random_splitClauses_0":["10800000"],
"relationSymbolNumberAfterSimplification_PredictedCG_splitClauses_1":["181"],
"clauseNumberBeforeSimplification_PredictedCDHG_splitClauses_1":["155"],
"labeledSingleVariableTemplatesNumber_Mined_splitClauses_0":["1"],
"solvability_Unlabeled_splitClauses_1":["1"],
"cegarIterationNumber_Labeled_splitClauses_1":["6"],
"smt2FileSizeByte_Mined_splitClauses_0":["66664"],
"relationSymbolNumberAfterSimplification_Mined_splitClauses_0":["181"],
"labeledSingleVariableTemplatesNumber_PredictedCG_splitClauses_1":["1"],
"smt2FileSizeByte_Octagon_splitClauses_1":["66664"],
"minedTemplateNumber_Labeled_splitClauses_1":["180"],
"labeledSingleVariableTemplatesNumber_RelationalIneqs_splitClauses_1":["1"],
"clauseNumberAfterSimplification_Labeled_splitClauses_1":["119"],
"relationSymbolNumberAfterSimplification_Labeled_splitClauses_0":["181"],
"smt2FileSizeByte_Random_splitClauses_0":["66664"],
"relationSymbolNumberAfterSimplification_PredictedCDHG_splitClauses_0":["181"],
"unlabeledTemplateRelationSymbolNumber_PredictedCDHG_splitClauses_1":["31"],
"labeledSingleVariableTemplatesNumber_Term_splitClauses_0":["1"],
"generatedPredicateNumber_PredictedCDHG_splitClauses_1":["10800000"],
"minedSingleVariableTemplatesNumber_Unlabeled_splitClauses_0":["174"],
"generatedPredicateNumber_Octagon_splitClauses_1":["14"],
"labeledSingleVariableTemplatesNumber_RelationalEqs_splitClauses_0":["1"],
"predicateGeneratorTime_PredictedCG_splitClauses_1":["10800000"],
"relationSymbolNumberAfterSimplification_Octagon_splitClauses_0":["181"],
"labeledTemplateNumber_Labeled_splitClauses_1":["7"],
"labeledSingleVariableTemplatesNumber_Empty_splitClauses_0":["1"],
"minedTemplateRelationSymbolNumber_RelationalIneqs_splitClauses_1":["31"],
"unlabeledSingleVariableTemplatesNumber_All_splitClauses_1":["496"],
"labeledBinaryVariableTemplatesNumber_PredictedCDHG_splitClauses_1":["6"],
"unlabeledSingleVariableTemplatesNumber_RelationalEqs_splitClauses_1":["496"],
"cegarIterationNumber_Term_splitClauses_0":["10800000"],
"unlabeledBinaryVariableTemplatesNumber_Labeled_splitClauses_1":["780"],
"unlabeledSingleVariableTemplatesNumber_Term_splitClauses_1":["496"],
"clauseNumberAfterSimplification_All_splitClauses_1":["119"],
"minedSingleVariableTemplatesNumber_Random_splitClauses_0":["174"],
"solvability_RelationalIneqs_splitClauses_1":["1"],
"minedTemplateNumber_Labeled_splitClauses_0":["180"],
"minedSingleVariableTemplatesNumber_Octagon_splitClauses_0":["174"],
"minedSingleVariableTemplatesNumber_Term_splitClauses_1":["174"],
"minedBinaryVariableTemplatesNumber_PredictedCDHG_splitClauses_1":["6"],
"generatedPredicateNumber_Mined_splitClauses_1":["14"],
"labeledSingleVariableTemplatesNumber_RelationalIneqs_splitClauses_0":["1"],
"averagePredicateSize_Mined_splitClauses_0":["10800000"],
"cegarIterationNumber_Unlabeled_splitClauses_0":["10800000"],
"minedBinaryVariableTemplatesNumber_Random_splitClauses_0":["6"],
"labeledTemplateNumber_Mined_splitClauses_1":["7"],
"labeledBinaryVariableTemplatesNumber_Random_splitClauses_0":["6"],
"unlabeledTemplateRelationSymbolNumber_Unlabeled_splitClauses_1":["31"],
"cegarIterationNumber_Mined_splitClauses_0":["10800000"],
"minedTemplateRelationSymbolNumber_Labeled_splitClauses_0":["31"],
"unlabeledBinaryVariableTemplatesNumber_RelationalIneqs_splitClauses_1":["780"],
"unlabeledBinaryVariableTemplatesNumber_Octagon_splitClauses_0":["780"],
"solvability_Mined_splitClauses_0":["10800000"],
"averagePredicateSize_RelationalEqs_splitClauses_0":["10800000"],
"clauseNumberAfterSimplification_Term_splitClauses_0":["119"],
"unlabeledTemplateNumber_Mined_splitClauses_0":["1276"],
"relationSymbolNumberAfterSimplification_Random_splitClauses_1":["181"],
"unlabeledTemplateNumber_PredictedCDHG_splitClauses_0":["1276"],
"cegarIterationNumber_RelationalIneqs_splitClauses_1":["6"],
"minedBinaryVariableTemplatesNumber_Unlabeled_splitClauses_1":["6"],
"labeledTemplateNumber_PredictedCG_splitClauses_1":["7"],
"labeledTemplateRelationSymbolNumber_Mined_splitClauses_0":["3"],
"labeledBinaryVariableTemplatesNumber_Mined_splitClauses_1":["6"],
"relationSymbolNumberBeforeSimplification_Mined_splitClauses_0":["356"],
"relationSymbolNumberBeforeSimplification_RelationalIneqs_splitClauses_0":["356"],
"clauseNumberAfterSimplification_RelationalIneqs_splitClauses_1":["119"],
"minedSingleVariableTemplatesNumber_PredictedCDHG_splitClauses_0":["174"],
"solvability_Labeled_splitClauses_1":["1"],
"labeledSingleVariableTemplatesNumber_Octagon_splitClauses_1":["1"],
"averagePredicateSize_Random_splitClauses_0":["10800000"],
"smt2FileSizeByte_RelationalIneqs_splitClauses_0":["66664"],
"generatedPredicateNumber_Unlabeled_splitClauses_0":["10800000"],
"solvability_RelationalEqs_splitClauses_0":["10800000"],
"predicateGeneratorTime_Empty_splitClauses_1":["199"],
"minedSingleVariableTemplatesNumber_Mined_splitClauses_0":["174"],
"relationSymbolNumberAfterSimplification_Unlabeled_splitClauses_0":["181"],
"minedTemplateRelationSymbolNumber_PredictedCDHG_splitClauses_1":["31"],
"minedTemplateNumber_PredictedCG_splitClauses_0":["180"],
"averagePredicateSize_RelationalIneqs_splitClauses_1":["1"],
"labeledTemplateRelationSymbolNumber_Random_splitClauses_1":["3"],
"minedTemplateNumber_RelationalIneqs_splitClauses_0":["180"],
"predicateGeneratorTime_RelationalIneqs_splitClauses_0":["10800000"],
"labeledTemplateRelationSymbolNumber_Empty_splitClauses_0":["3"],
"minedBinaryVariableTemplatesNumber_Octagon_splitClauses_0":["6"],
"labeledSingleVariableTemplatesNumber_Term_splitClauses_1":["1"],
"labeledBinaryVariableTemplatesNumber_Empty_splitClauses_0":["6"],
"minedTemplateNumber_Octagon_splitClauses_0":["180"],
"labeledBinaryVariableTemplatesNumber_Unlabeled_splitClauses_0":["6"],
"relationSymbolNumberBeforeSimplification_Empty_splitClauses_0":["356"],
"clauseNumberAfterSimplification_PredictedCDHG_splitClauses_0":["119"],
"smt2FileSizeByte_PredictedCG_splitClauses_0":["66664"],
"minedBinaryVariableTemplatesNumber_RelationalEqs_splitClauses_0":["6"],
"relationSymbolNumberBeforeSimplification_Unlabeled_splitClauses_0":["356"],
"labeledTemplateRelationSymbolNumber_RelationalEqs_splitClauses_1":["3"],
"minedBinaryVariableTemplatesNumber_Random_splitClauses_1":["6"],
"clauseNumberAfterSimplification_Unlabeled_splitClauses_1":["119"],
"minedSingleVariableTemplatesNumber_PredictedCDHG_splitClauses_1":["174"],
"labeledBinaryVariableTemplatesNumber_Term_splitClauses_1":["6"],
"clauseNumberBeforeSimplification_Empty_splitClauses_1":["155"],
"relationSymbolNumberAfterSimplification_Octagon_splitClauses_1":["181"],
"relationSymbolNumberAfterSimplification_Term_splitClauses_0":["181"],
"minedBinaryVariableTemplatesNumber_Mined_splitClauses_1":["6"],
"unlabeledBinaryVariableTemplatesNumber_Unlabeled_splitClauses_1":["780"],
"relationSymbolNumberBeforeSimplification_Random_splitClauses_0":["356"],
"relationSymbolNumberAfterSimplification_PredictedCDHG_splitClauses_1":["181"],
"unlabeledTemplateNumber_PredictedCG_splitClauses_1":["1276"],
"generatedPredicateNumber_Empty_splitClauses_0":["10800000"],
"predicateGeneratorTime_RelationalIneqs_splitClauses_1":["163"],
"unlabeledSingleVariableTemplatesNumber_Empty_splitClauses_0":["496"],
"cegarIterationNumber_Octagon_splitClauses_0":["10800000"],
"clauseNumberAfterSimplification_Octagon_splitClauses_1":["119"],
"unlabeledSingleVariableTemplatesNumber_Labeled_splitClauses_1":["496"],
"clauseNumberBeforeSimplification_Random_splitClauses_1":["155"],
"minedTemplateRelationSymbolNumber_All_splitClauses_0":["31"],
"unlabeledTemplateRelationSymbolNumber_RelationalEqs_splitClauses_0":["31"],
"minedSingleVariableTemplatesNumber_Unlabeled_splitClauses_1":["174"],
"clauseNumberBeforeSimplification_RelationalEqs_splitClauses_0":["155"],
"minedTemplateNumber_Unlabeled_splitClauses_0":["180"],
"generatedPredicateNumber_Octagon_splitClauses_0":["10800000"],
"predicateGeneratorTime_PredictedCDHG_splitClauses_0":["10800000"],
"clauseNumberAfterSimplification_PredictedCG_splitClauses_1":["119"],
"labeledSingleVariableTemplatesNumber_RelationalEqs_splitClauses_1":["1"],
"smt2FileSizeByte_Random_splitClauses_1":["66664"],
"averagePredicateSize_PredictedCG_splitClauses_1":["10800000"],
"cegarIterationNumber_PredictedCDHG_splitClauses_1":["10800000"],
"clauseNumberAfterSimplification_RelationalEqs_splitClauses_1":["119"],
"minedBinaryVariableTemplatesNumber_Empty_splitClauses_1":["6"],
"relationSymbolNumberAfterSimplification_RelationalEqs_splitClauses_1":["181"],
"minedTemplateNumber_PredictedCDHG_splitClauses_0":["180"],
"labeledBinaryVariableTemplatesNumber_All_splitClauses_1":["6"],
"solvingTime_RelationalIneqs_splitClauses_1":["315"],
"unlabeledTemplateRelationSymbolNumber_RelationalEqs_splitClauses_1":["31"],
"smt2FileSizeByte_Unlabeled_splitClauses_0":["66664"],
"relationSymbolNumberBeforeSimplification_Mined_splitClauses_1":["356"],
"relationSymbolNumberAfterSimplification_Mined_splitClauses_1":["181"],
"generatedPredicateNumber_All_splitClauses_0":["10800000"],
"relationSymbolNumberBeforeSimplification_Octagon_splitClauses_1":["356"],
"predicateGeneratorTime_Octagon_splitClauses_1":["209"],
"solvability_Mined_splitClauses_1":["1"],
"minedTemplateRelationSymbolNumber_Term_splitClauses_1":["31"],
"clauseNumberAfterSimplification_Mined_splitClauses_0":["119"],
"solvability_PredictedCDHG_splitClauses_0":["10800000"],
"solvingTime_Empty_splitClauses_0":["10800000"],
"unlabeledSingleVariableTemplatesNumber_Unlabeled_splitClauses_1":["496"],
"minedTemplateNumber_Term_splitClauses_1":["180"],
"averagePredicateSize_Octagon_splitClauses_1":["1"],
"unlabeledSingleVariableTemplatesNumber_Octagon_splitClauses_1":["496"],
"minedTemplateRelationSymbolNumber_RelationalEqs_splitClauses_1":["31"],
"relationSymbolNumberBeforeSimplification_All_splitClauses_1":["356"],
"minedBinaryVariableTemplatesNumber_RelationalIneqs_splitClauses_0":["6"],
"predicateGeneratorTime_Term_splitClauses_1":["166"],
"solvingTime_Labeled_splitClauses_0":["10800000"],
"unlabeledBinaryVariableTemplatesNumber_PredictedCG_splitClauses_0":["780"],
"minedTemplateNumber_All_splitClauses_0":["180"],
"predicateGeneratorTime_Labeled_splitClauses_1":["136"],
"unlabeledTemplateRelationSymbolNumber_Empty_splitClauses_0":["31"],
"unlabeledTemplateNumber_Mined_splitClauses_1":["1276"],
"solvability_PredictedCG_splitClauses_1":["10800000"],
"unlabeledTemplateNumber_Term_splitClauses_0":["1276"],
"minedBinaryVariableTemplatesNumber_PredictedCG_splitClauses_1":["6"],
"labeledSingleVariableTemplatesNumber_PredictedCDHG_splitClauses_0":["1"],
"minedBinaryVariableTemplatesNumber_All_splitClauses_0":["6"],
"averagePredicateSize_PredictedCDHG_splitClauses_1":["10800000"],
"predicateGeneratorTime_PredictedCG_splitClauses_0":["10800000"],
"generatedPredicateNumber_RelationalIneqs_splitClauses_0":["10800000"],
"labeledTemplateNumber_Empty_splitClauses_0":["7"],
"relationSymbolNumberAfterSimplification_RelationalIneqs_splitClauses_1":["181"],
"unlabeledTemplateRelationSymbolNumber_Term_splitClauses_0":["31"],
"minedTemplateNumber_All_splitClauses_1":["180"],
"labeledSingleVariableTemplatesNumber_Empty_splitClauses_1":["1"],
"minedBinaryVariableTemplatesNumber_Unlabeled_splitClauses_0":["6"],
"labeledTemplateNumber_Random_splitClauses_0":["7"],
"minedBinaryVariableTemplatesNumber_All_splitClauses_1":["6"],
"unlabeledSingleVariableTemplatesNumber_All_splitClauses_0":["496"],
"relationSymbolNumberBeforeSimplification_Labeled_splitClauses_1":["356"],
"smt2FileSizeByte_PredictedCDHG_splitClauses_1":["66664"],
"labeledBinaryVariableTemplatesNumber_PredictedCDHG_splitClauses_0":["6"],
"averagePredicateSize_RelationalEqs_splitClauses_1":["1"],
"minedSingleVariableTemplatesNumber_Term_splitClauses_0":["174"],
"labeledTemplateRelationSymbolNumber_Term_splitClauses_1":["3"],
"generatedPredicateNumber_Random_splitClauses_0":["10800000"],
"labeledBinaryVariableTemplatesNumber_Empty_splitClauses_1":["6"],
"relationSymbolNumberAfterSimplification_Term_splitClauses_1":["181"],
"clauseNumberAfterSimplification_Labeled_splitClauses_0":["119"],
"labeledSingleVariableTemplatesNumber_Labeled_splitClauses_0":["1"],
"minedTemplateNumber_Mined_splitClauses_1":["180"],
"labeledTemplateRelationSymbolNumber_Labeled_splitClauses_0":["3"],
"unlabeledTemplateRelationSymbolNumber_Mined_splitClauses_1":["31"],
"solvability_Labeled_splitClauses_0":["10800000"],
"minedTemplateNumber_RelationalEqs_splitClauses_1":["180"],
"solvingTime_Random_splitClauses_1":["272"],
"minedTemplateNumber_Random_splitClauses_0":["180"],
"cegarIterationNumber_Unlabeled_splitClauses_1":["6"],
"minedTemplateNumber_RelationalIneqs_splitClauses_1":["180"],
"unlabeledBinaryVariableTemplatesNumber_Octagon_splitClauses_1":["780"],
"minedSingleVariableTemplatesNumber_Octagon_splitClauses_1":["174"],
"minedSingleVariableTemplatesNumber_Random_splitClauses_1":["174"],
"averagePredicateSize_All_splitClauses_1":["10800000"],
"minedTemplateNumber_Empty_splitClauses_0":["180"],
"labeledTemplateNumber_Mined_splitClauses_0":["7"],
"unlabeledBinaryVariableTemplatesNumber_All_splitClauses_0":["780"],
"relationSymbolNumberAfterSimplification_Labeled_splitClauses_1":["181"],
"labeledSingleVariableTemplatesNumber_PredictedCDHG_splitClauses_1":["1"],
"minedSingleVariableTemplatesNumber_Mined_splitClauses_1":["174"],
"labeledTemplateRelationSymbolNumber_Term_splitClauses_0":["3"],
"unlabeledTemplateRelationSymbolNumber_Term_splitClauses_1":["31"],
"predicateGeneratorTime_All_splitClauses_1":["10800000"],
"unlabeledSingleVariableTemplatesNumber_Random_splitClauses_0":["496"],
"predicateGeneratorTime_Unlabeled_splitClauses_1":["160"],
"cegarIterationNumber_PredictedCDHG_splitClauses_0":["10800000"],
"labeledTemplateNumber_RelationalEqs_splitClauses_0":["7"],
"labeledTemplateRelationSymbolNumber_Mined_splitClauses_1":["3"],
"labeledTemplateRelationSymbolNumber_Random_splitClauses_0":["3"],
"labeledBinaryVariableTemplatesNumber_RelationalEqs_splitClauses_1":["6"],
"generatedPredicateNumber_RelationalIneqs_splitClauses_1":["14"],
"unlabeledTemplateRelationSymbolNumber_PredictedCG_splitClauses_1":["31"],
"unlabeledSingleVariableTemplatesNumber_RelationalEqs_splitClauses_0":["496"],
"labeledBinaryVariableTemplatesNumber_Labeled_splitClauses_0":["6"],
"minedBinaryVariableTemplatesNumber_PredictedCDHG_splitClauses_0":["6"],
"unlabeledTemplateRelationSymbolNumber_Unlabeled_splitClauses_0":["31"],
"clauseNumberAfterSimplification_Term_splitClauses_1":["119"],
"unlabeledTemplateNumber_Octagon_splitClauses_0":["1276"],
"unlabeledBinaryVariableTemplatesNumber_RelationalEqs_splitClauses_1":["780"],
"unlabeledTemplateNumber_PredictedCG_splitClauses_0":["1276"],
"unlabeledTemplateNumber_All_splitClauses_0":["1276"],
"labeledTemplateRelationSymbolNumber_RelationalIneqs_splitClauses_1":["3"],
"unlabeledSingleVariableTemplatesNumber_Mined_splitClauses_1":["496"],
"labeledTemplateRelationSymbolNumber_Unlabeled_splitClauses_1":["3"],
"labeledBinaryVariableTemplatesNumber_Random_splitClauses_1":["6"],
"solvability_Random_splitClauses_1":["1"],
"solvingTime_Term_splitClauses_0":["10800000"],
"minedSingleVariableTemplatesNumber_Labeled_splitClauses_1":["174"],
"clauseNumberBeforeSimplification_Term_splitClauses_0":["155"],
"relationSymbolNumberBeforeSimplification_RelationalIneqs_splitClauses_1":["356"],
"minedTemplateRelationSymbolNumber_Mined_splitClauses_0":["31"],
"solvability_Octagon_splitClauses_1":["1"],
"minedSingleVariableTemplatesNumber_RelationalIneqs_splitClauses_1":["174"],
"smt2FileSizeByte_Labeled_splitClauses_0":["66664"],
"solvability_RelationalEqs_splitClauses_1":["1"],
"unlabeledSingleVariableTemplatesNumber_Empty_splitClauses_1":["496"],
"labeledTemplateNumber_PredictedCDHG_splitClauses_1":["7"],
"minedTemplateRelationSymbolNumber_Octagon_splitClauses_0":["31"],
"clauseNumberAfterSimplification_Unlabeled_splitClauses_0":["119"],
"clauseNumberBeforeSimplification_Unlabeled_splitClauses_0":["155"],
"clauseNumberBeforeSimplification_PredictedCDHG_splitClauses_0":["155"],
"cegarIterationNumber_RelationalIneqs_splitClauses_0":["10800000"],
"labeledTemplateRelationSymbolNumber_RelationalEqs_splitClauses_0":["3"],
"averagePredicateSize_Labeled_splitClauses_0":["10800000"],
"smt2FileSizeByte_RelationalIneqs_splitClauses_1":["66664"],
"clauseNumberBeforeSimplification_RelationalEqs_splitClauses_1":["155"],
"unlabeledTemplateRelationSymbolNumber_RelationalIneqs_splitClauses_1":["31"],
"clauseNumberBeforeSimplification_PredictedCG_splitClauses_0":["155"],
"solvingTime_PredictedCDHG_splitClauses_0":["10800000"],
"labeledTemplateRelationSymbolNumber_Octagon_splitClauses_1":["3"],
"minedTemplateRelationSymbolNumber_PredictedCG_splitClauses_1":["31"],
"relationSymbolNumberBeforeSimplification_RelationalEqs_splitClauses_1":["356"],
"labeledTemplateNumber_Random_splitClauses_1":["7"],
"solvingTime_RelationalIneqs_splitClauses_0":["10800000"],
"labeledTemplateNumber_All_splitClauses_1":["7"],
"unlabeledTemplateNumber_Random_splitClauses_1":["1276"],
"relationSymbolNumberBeforeSimplification_All_splitClauses_0":["356"],
"smt2FileSizeByte_Unlabeled_splitClauses_1":["66664"],
"cegarIterationNumber_PredictedCG_splitClauses_0":["10800000"],
"predicateGeneratorTime_Octagon_splitClauses_0":["10800000"],
"unlabeledTemplateNumber_RelationalEqs_splitClauses_1":["1276"],
"clauseNumberAfterSimplification_Octagon_splitClauses_0":["119"],
"cegarIterationNumber_Random_splitClauses_0":["10800000"],
"solvability_PredictedCDHG_splitClauses_1":["10800000"],
"solvability_PredictedCG_splitClauses_0":["10800000"],
"solvingTime_PredictedCG_splitClauses_1":["10800000"],
"unlabeledSingleVariableTemplatesNumber_Unlabeled_splitClauses_0":["496"],
"unlabeledTemplateNumber_Unlabeled_splitClauses_0":["1276"],
"labeledTemplateRelationSymbolNumber_RelationalIneqs_splitClauses_0":["3"],
"minedTemplateNumber_Random_splitClauses_1":["180"],
"generatedPredicateNumber_RelationalEqs_splitClauses_0":["10800000"],
"minedTemplateNumber_Term_splitClauses_0":["180"],
"solvingTime_All_splitClauses_1":["10800000"],
"minedSingleVariableTemplatesNumber_PredictedCG_splitClauses_0":["174"],
"smt2FileSizeByte_Term_splitClauses_1":["66664"],
"labeledBinaryVariableTemplatesNumber_All_splitClauses_0":["6"],
"minedTemplateNumber_PredictedCDHG_splitClauses_1":["180"],
"minedTemplateRelationSymbolNumber_PredictedCDHG_splitClauses_0":["31"],
"averagePredicateSize_Unlabeled_splitClauses_0":["10800000"],
"minedBinaryVariableTemplatesNumber_Octagon_splitClauses_1":["6"],
"unlabeledSingleVariableTemplatesNumber_Random_splitClauses_1":["496"],
"clauseNumberBeforeSimplification_Random_splitClauses_0":["155"],
"solvingTime_Unlabeled_splitClauses_1":["298"],
"predicateGeneratorTime_PredictedCDHG_splitClauses_1":["10800000"],
"averagePredicateSize_PredictedCDHG_splitClauses_0":["10800000"],
"relationSymbolNumberAfterSimplification_RelationalEqs_splitClauses_0":["181"],
"minedBinaryVariableTemplatesNumber_Term_splitClauses_0":["6"],
"labeledTemplateNumber_RelationalIneqs_splitClauses_0":["7"],
"clauseNumberAfterSimplification_Random_splitClauses_0":["119"],
"clauseNumberAfterSimplification_PredictedCG_splitClauses_0":["119"],
"generatedPredicateNumber_Empty_splitClauses_1":["14"],
"clauseNumberBeforeSimplification_Octagon_splitClauses_0":["155"],
"unlabeledTemplateNumber_Empty_splitClauses_0":["1276"],
"minedSingleVariableTemplatesNumber_All_splitClauses_0":["174"],
"labeledTemplateRelationSymbolNumber_Octagon_splitClauses_0":["3"],
"generatedPredicateNumber_Random_splitClauses_1":["14"],
"clauseNumberAfterSimplification_RelationalEqs_splitClauses_0":["119"],
"labeledBinaryVariableTemplatesNumber_Term_splitClauses_0":["6"],
"minedSingleVariableTemplatesNumber_RelationalEqs_splitClauses_0":["174"],
"minedTemplateNumber_Mined_splitClauses_0":["180"],
"relationSymbolNumberBeforeSimplification_PredictedCG_splitClauses_0":["356"],
"averagePredicateSize_Octagon_splitClauses_0":["10800000"],
"unlabeledBinaryVariableTemplatesNumber_Empty_splitClauses_1":["780"],
"unlabeledSingleVariableTemplatesNumber_PredictedCDHG_splitClauses_0":["496"],
"unlabeledSingleVariableTemplatesNumber_PredictedCG_splitClauses_1":["496"],
"labeledTemplateRelationSymbolNumber_Labeled_splitClauses_1":["3"],
"minedTemplateRelationSymbolNumber_Random_splitClauses_0":["31"],
"unlabeledTemplateRelationSymbolNumber_PredictedCG_splitClauses_0":["31"],
"unlabeledTemplateNumber_RelationalIneqs_splitClauses_0":["1276"],
"unlabeledSingleVariableTemplatesNumber_Labeled_splitClauses_0":["496"],
"relationSymbolNumberAfterSimplification_PredictedCG_splitClauses_0":["181"],
"minedTemplateNumber_Unlabeled_splitClauses_1":["180"],
"generatedPredicateNumber_PredictedCG_splitClauses_0":["10800000"],
"labeledTemplateNumber_Unlabeled_splitClauses_1":["7"],
"unlabeledTemplateRelationSymbolNumber_Empty_splitClauses_1":["31"],
"clauseNumberBeforeSimplification_Empty_splitClauses_0":["155"],
"solvingTime_Octagon_splitClauses_1":["363"],
"cegarIterationNumber_Mined_splitClauses_1":["6"],
"clauseNumberBeforeSimplification_Mined_splitClauses_1":["155"],
"smt2FileSizeByte_PredictedCDHG_splitClauses_0":["66664"],
"averagePredicateSize_PredictedCG_splitClauses_0":["10800000"],
"solvingTime_Random_splitClauses_0":["10800000"],
"minedTemplateNumber_RelationalEqs_splitClauses_0":["180"],
"unlabeledSingleVariableTemplatesNumber_RelationalIneqs_splitClauses_0":["496"],
"unlabeledTemplateNumber_Unlabeled_splitClauses_1":["1276"],
"labeledBinaryVariableTemplatesNumber_RelationalEqs_splitClauses_0":["6"],
"generatedPredicateNumber_PredictedCDHG_splitClauses_0":["10800000"],
"relationSymbolNumberAfterSimplification_RelationalIneqs_splitClauses_0":["181"],
"minedTemplateRelationSymbolNumber_Empty_splitClauses_1":["31"],
"predicateGeneratorTime_Random_splitClauses_1":["143"],
"labeledTemplateNumber_Term_splitClauses_1":["7"],
"relationSymbolNumberBeforeSimplification_RelationalEqs_splitClauses_0":["356"],
"minedSingleVariableTemplatesNumber_Empty_splitClauses_1":["174"],
"minedSingleVariableTemplatesNumber_RelationalIneqs_splitClauses_0":["174"],
"clauseNumberAfterSimplification_All_splitClauses_0":["119"],
"unlabeledBinaryVariableTemplatesNumber_RelationalEqs_splitClauses_0":["780"],
"cegarIterationNumber_RelationalEqs_splitClauses_0":["10800000"],
"labeledTemplateRelationSymbolNumber_PredictedCDHG_splitClauses_0":["3"],
"labeledSingleVariableTemplatesNumber_Labeled_splitClauses_1":["1"],
"unlabeledBinaryVariableTemplatesNumber_All_splitClauses_1":["780"],
"minedTemplateRelationSymbolNumber_Unlabeled_splitClauses_1":["31"],
"solvingTime_RelationalEqs_splitClauses_0":["10800000"],
"solvingTime_RelationalEqs_splitClauses_1":["328"],
"minedBinaryVariableTemplatesNumber_Mined_splitClauses_0":["6"],
"clauseNumberBeforeSimplification_All_splitClauses_0":["155"],
"clauseNumberBeforeSimplification_RelationalIneqs_splitClauses_1":["155"],
"labeledTemplateNumber_RelationalEqs_splitClauses_1":["7"],
"labeledBinaryVariableTemplatesNumber_RelationalIneqs_splitClauses_0":["6"],
"relationSymbolNumberBeforeSimplification_Labeled_splitClauses_0":["356"],
"clauseNumberAfterSimplification_Empty_splitClauses_0":["119"],
"averagePredicateSize_Empty_splitClauses_0":["10800000"],
"unlabeledTemplateNumber_Term_splitClauses_1":["1276"],
"predicateGeneratorTime_Mined_splitClauses_1":["193"],
"labeledBinaryVariableTemplatesNumber_RelationalIneqs_splitClauses_1":["6"],
"predicateGeneratorTime_Unlabeled_splitClauses_0":["10800000"],
"relationSymbolNumberAfterSimplification_Empty_splitClauses_0":["181"],
"generatedPredicateNumber_Mined_splitClauses_0":["10800000"],
"generatedPredicateNumber_RelationalEqs_splitClauses_1":["14"],
"labeledTemplateRelationSymbolNumber_PredictedCG_splitClauses_0":["3"],
"minedSingleVariableTemplatesNumber_PredictedCG_splitClauses_1":["174"],
"minedTemplateRelationSymbolNumber_PredictedCG_splitClauses_0":["31"],
"unlabeledTemplateRelationSymbolNumber_Labeled_splitClauses_0":["31"],
"solvability_Empty_splitClauses_1":["1"],
"averagePredicateSize_Term_splitClauses_0":["10800000"],
"cegarIterationNumber_Random_splitClauses_1":["6"],
"averagePredicateSize_Labeled_splitClauses_1":["1"],
"unlabeledBinaryVariableTemplatesNumber_Unlabeled_splitClauses_0":["780"],
"generatedPredicateNumber_Unlabeled_splitClauses_1":["14"],
"predicateGeneratorTime_All_splitClauses_0":["10800000"],
"unlabeledBinaryVariableTemplatesNumber_PredictedCDHG_splitClauses_1":["780"],
"clauseNumberBeforeSimplification_Labeled_splitClauses_1":["155"],
"minedBinaryVariableTemplatesNumber_Labeled_splitClauses_1":["6"],
"labeledSingleVariableTemplatesNumber_All_splitClauses_0":["1"],
"unlabeledTemplateRelationSymbolNumber_Mined_splitClauses_0":["31"],
"cegarIterationNumber_Octagon_splitClauses_1":["6"],
"labeledTemplateNumber_Octagon_splitClauses_0":["7"],
"labeledTemplateRelationSymbolNumber_All_splitClauses_1":["3"],
"smt2FileSizeByte_Empty_splitClauses_0":["66664"],
"unlabeledTemplateNumber_Octagon_splitClauses_1":["1276"],
"predicateGeneratorTime_RelationalEqs_splitClauses_0":["10800000"],
"unlabeledTemplateRelationSymbolNumber_RelationalIneqs_splitClauses_0":["31"],
"smt2FileSizeByte_RelationalEqs_splitClauses_1":["66664"],
"unlabeledTemplateNumber_Labeled_splitClauses_0":["1276"],
"minedSingleVariableTemplatesNumber_Labeled_splitClauses_0":["174"],
"solvingTime_PredictedCDHG_splitClauses_1":["10800000"],
"relationSymbolNumberBeforeSimplification_Term_splitClauses_1":["356"],
"minedTemplateNumber_Octagon_splitClauses_1":["180"],
"clauseNumberBeforeSimplification_Mined_splitClauses_0":["155"],
"smt2FileSizeByte_All_splitClauses_0":["66664"],
"solvingTime_All_splitClauses_0":["10800000"],
"minedBinaryVariableTemplatesNumber_Term_splitClauses_1":["6"],
"unlabeledTemplateRelationSymbolNumber_Random_splitClauses_0":["31"],
"cegarIterationNumber_All_splitClauses_0":["10800000"],
"smt2FileSizeByte_RelationalEqs_splitClauses_0":["66664"],
"unlabeledSingleVariableTemplatesNumber_PredictedCDHG_splitClauses_1":["496"],
"clauseNumberBeforeSimplification_Labeled_splitClauses_0":["155"],
"cegarIterationNumber_PredictedCG_splitClauses_1":["10800000"],
"labeledTemplateRelationSymbolNumber_Unlabeled_splitClauses_0":["3"],
"unlabeledTemplateRelationSymbolNumber_Octagon_splitClauses_1":["31"],
"unlabeledTemplateNumber_Empty_splitClauses_1":["1276"],
"clauseNumberBeforeSimplification_Octagon_splitClauses_1":["155"],
"labeledTemplateNumber_Unlabeled_splitClauses_0":["7"],
"labeledBinaryVariableTemplatesNumber_PredictedCG_splitClauses_0":["6"],
"solvability_Term_splitClauses_1":["1"],
"solvability_Octagon_splitClauses_0":["10800000"],
"minedTemplateRelationSymbolNumber_RelationalIneqs_splitClauses_0":["31"],
"clauseNumberBeforeSimplification_RelationalIneqs_splitClauses_0":["155"],
"labeledTemplateNumber_PredictedCG_splitClauses_0":["7"],
"cegarIterationNumber_Labeled_splitClauses_0":["10800000"],
"smt2FileSizeByte_Labeled_splitClauses_1":["66664"],
"clauseNumberBeforeSimplification_Unlabeled_splitClauses_1":["155"],
"generatedPredicateNumber_Term_splitClauses_1":["14"],
"solvingTime_Term_splitClauses_1":["322"],
"unlabeledBinaryVariableTemplatesNumber_Random_splitClauses_1":["780"],
"unlabeledSingleVariableTemplatesNumber_Octagon_splitClauses_0":["496"],
"solvingTime_Octagon_splitClauses_0":["10800000"],
"labeledSingleVariableTemplatesNumber_Mined_splitClauses_1":["1"],
"averagePredicateSize_Term_splitClauses_1":["1"],
"labeledTemplateNumber_Labeled_splitClauses_0":["7"],
"unlabeledSingleVariableTemplatesNumber_PredictedCG_splitClauses_0":["496"],
"smt2FileSizeByte_Mined_splitClauses_1":["66664"],
"labeledBinaryVariableTemplatesNumber_Unlabeled_splitClauses_1":["6"],
"labeledTemplateNumber_All_splitClauses_0":["7"],
"unlabeledTemplateNumber_Random_splitClauses_0":["1276"],
"labeledTemplateNumber_Octagon_splitClauses_1":["7"],
"unlabeledTemplateNumber_PredictedCDHG_splitClauses_1":["1276"],
"unlabeledBinaryVariableTemplatesNumber_Mined_splitClauses_0":["780"],
"minedTemplateRelationSymbolNumber_Mined_splitClauses_1":["31"],
"labeledTemplateNumber_RelationalIneqs_splitClauses_1":["7"],
"relationSymbolNumberAfterSimplification_All_splitClauses_0":["181"],
"relationSymbolNumberBeforeSimplification_PredictedCDHG_splitClauses_0":["356"],
"solvability_Term_splitClauses_0":["10800000"],
"clauseNumberBeforeSimplification_PredictedCG_splitClauses_1":["155"],
"generatedPredicateNumber_Labeled_splitClauses_1":["14"],
"labeledSingleVariableTemplatesNumber_Unlabeled_splitClauses_0":["1"],
"unlabeledBinaryVariableTemplatesNumber_Empty_splitClauses_0":["780"],
"solvingTime_Mined_splitClauses_0":["10800000"],
"unlabeledTemplateNumber_All_splitClauses_1":["1276"],
"clauseNumberAfterSimplification_Random_splitClauses_1":["119"],
"labeledBinaryVariableTemplatesNumber_Octagon_splitClauses_1":["6"],
"unlabeledBinaryVariableTemplatesNumber_Labeled_splitClauses_0":["780"],
"smt2FileSizeByte_Octagon_splitClauses_0":["66664"],
"labeledSingleVariableTemplatesNumber_Random_splitClauses_1":["1"],
"solvability_Unlabeled_splitClauses_0":["10800000"],
"solvingTime_Unlabeled_splitClauses_0":["10800000"],
"unlabeledTemplateRelationSymbolNumber_All_splitClauses_1":["31"],
"minedTemplateNumber_Empty_splitClauses_1":["180"],
"solvability_RelationalIneqs_splitClauses_0":["10800000"],
"unlabeledTemplateRelationSymbolNumber_Labeled_splitClauses_1":["31"],
"cegarIterationNumber_RelationalEqs_splitClauses_1":["6"],
"minedSingleVariableTemplatesNumber_RelationalEqs_splitClauses_1":["174"],
"clauseNumberAfterSimplification_PredictedCDHG_splitClauses_1":["119"],
"minedBinaryVariableTemplatesNumber_RelationalIneqs_splitClauses_1":["6"],
"unlabeledBinaryVariableTemplatesNumber_Mined_splitClauses_1":["780"],
"unlabeledBinaryVariableTemplatesNumber_PredictedCDHG_splitClauses_0":["780"],
"solvingTime_Empty_splitClauses_1":["331"],
"labeledTemplateRelationSymbolNumber_Empty_splitClauses_1":["3"],
"generatedPredicateNumber_Term_splitClauses_0":["10800000"],
"averagePredicateSize_Empty_splitClauses_1":["1"],
"generatedPredicateNumber_PredictedCG_splitClauses_1":["10800000"],
"labeledTemplateRelationSymbolNumber_PredictedCDHG_splitClauses_1":["3"],
"predicateGeneratorTime_Mined_splitClauses_0":["10800000"],
"relationSymbolNumberBeforeSimplification_Term_splitClauses_0":["356"],
"predicateGeneratorTime_Labeled_splitClauses_0":["10800000"],
"labeledSingleVariableTemplatesNumber_Random_splitClauses_0":["1"],
"unlabeledTemplateRelationSymbolNumber_All_splitClauses_0":["31"],
"minedBinaryVariableTemplatesNumber_Labeled_splitClauses_0":["6"],
"generatedPredicateNumber_Labeled_splitClauses_0":["10800000"],
"relationSymbolNumberAfterSimplification_Empty_splitClauses_1":["181"],
"solvingTime_Mined_splitClauses_1":["333"],
"minedSingleVariableTemplatesNumber_All_splitClauses_1":["174"],
"predicateGeneratorTime_Random_splitClauses_0":["10800000"],
"cegarIterationNumber_Term_splitClauses_1":["6"],
"labeledTemplateNumber_Empty_splitClauses_1":["7"],
"clauseNumberAfterSimplification_Empty_splitClauses_1":["119"],
"minedTemplateRelationSymbolNumber_Empty_splitClauses_0":["31"],
"unlabeledSingleVariableTemplatesNumber_Term_splitClauses_0":["496"],
"minedSingleVariableTemplatesNumber_Empty_splitClauses_0":["174"],
"relationSymbolNumberAfterSimplification_Random_splitClauses_0":["181"],
"minedTemplateRelationSymbolNumber_RelationalEqs_splitClauses_0":["31"],
"cegarIterationNumber_Empty_splitClauses_0":["10800000"],
"minedBinaryVariableTemplatesNumber_RelationalEqs_splitClauses_1":["6"],
"relationSymbolNumberBeforeSimplification_PredictedCG_splitClauses_1":["356"],
"labeledSingleVariableTemplatesNumber_All_splitClauses_1":["1"],
"unlabeledTemplateRelationSymbolNumber_Octagon_splitClauses_0":["31"],
"minedTemplateRelationSymbolNumber_Unlabeled_splitClauses_0":["31"],
"labeledBinaryVariableTemplatesNumber_Mined_splitClauses_0":["6"],
"relationSymbolNumberAfterSimplification_Unlabeled_splitClauses_1":["181"],
"minedTemplateNumber_PredictedCG_splitClauses_1":["180"],
"cegarIterationNumber_Empty_splitClauses_1":["6"],
"averagePredicateSize_RelationalIneqs_splitClauses_0":["10800000"],
"solvability_All_splitClauses_1":["10800000"],
"unlabeledBinaryVariableTemplatesNumber_Term_splitClauses_1":["780"],
"minedTemplateRelationSymbolNumber_Labeled_splitClauses_1":["31"],
"averagePredicateSize_Unlabeled_splitClauses_1":["1"],
"labeledTemplateNumber_Term_splitClauses_0":["7"],
"smt2FileSizeByte_Empty_splitClauses_1":["66664"],
"solvingTime_PredictedCG_splitClauses_0":["10800000"],
"cegarIterationNumber_All_splitClauses_1":["10800000"],
"clauseNumberBeforeSimplification_Term_splitClauses_1":["155"],
"predicateGeneratorTime_Empty_splitClauses_0":["10800000"],
"relationSymbolNumberBeforeSimplification_Empty_splitClauses_1":["356"],
"averagePredicateSize_All_splitClauses_0":["10800000"],
"unlabeledBinaryVariableTemplatesNumber_Random_splitClauses_0":["780"],
"smt2FileSizeByte_Term_splitClauses_0":["66664"],
"averagePredicateSize_Mined_splitClauses_1":["1"],
"minedBinaryVariableTemplatesNumber_Empty_splitClauses_0":["6"],
"minedTemplateRelationSymbolNumber_All_splitClauses_1":["31"],
"labeledSingleVariableTemplatesNumber_PredictedCG_splitClauses_0":["1"],
"unlabeledBinaryVariableTemplatesNumber_RelationalIneqs_splitClauses_0":["780"],
"unlabeledSingleVariableTemplatesNumber_RelationalIneqs_splitClauses_1":["496"],
"clauseNumberAfterSimplification_RelationalIneqs_splitClauses_0":["119"],
"unlabeledTemplateNumber_RelationalEqs_splitClauses_0":["1276"],
"unlabeledTemplateNumber_RelationalIneqs_splitClauses_1":["1276"],
"labeledTemplateRelationSymbolNumber_PredictedCG_splitClauses_1":["3"],
"labeledTemplateRelationSymbolNumber_All_splitClauses_0":["3"],
"labeledSingleVariableTemplatesNumber_Octagon_splitClauses_0":["1"],
"dummyFiled":[]
}