{
"cegarIterationNumber_Term_splitClauses_0":[20],
"cegarIterationNumber_RelationalIneqs_splitClauses_1":[20],
"cegarIterationNumber_Octagon_splitClauses_0":[20],
"solvingTime_RelationalIneqs_splitClauses_1":[3704],
"solvingTime_Term_splitClauses_0":[2954],
"cegarIterationNumber_RelationalIneqs_splitClauses_0":[20],
"solvingTime_RelationalIneqs_splitClauses_0":[3109],
"solvingTime_Octagon_splitClauses_1":[3491],
"cegarIterationNumber_RelationalEqs_splitClauses_0":[20],
"solvingTime_RelationalEqs_splitClauses_0":[3283],
"solvingTime_RelationalEqs_splitClauses_1":[3270],
"cegarIterationNumber_Octagon_splitClauses_1":[20],
"solvingTime_Term_splitClauses_1":[3113],
"solvingTime_Octagon_splitClauses_0":[3529],
"cegarIterationNumber_RelationalEqs_splitClauses_1":[20],
"cegarIterationNumber_Term_splitClauses_1":[20],
"dummyFiled":[]
}