{
"smt2FileSizeByte_All_splitClauses_1":["61850"],
"generatedPredicateNumber_All_splitClauses_1":["10800000"],
"unlabeledTemplateRelationSymbolNumber_PredictedCDHG_splitClauses_0":["10"],
"relationSymbolNumberBeforeSimplification_Unlabeled_splitClauses_1":["206"],
"predicateGeneratorTime_Term_splitClauses_0":["10800000"],
"averagePredicateSize_Random_splitClauses_1":["1"],
"labeledBinaryVariableTemplatesNumber_Labeled_splitClauses_1":["18"],
"clauseNumberBeforeSimplification_All_splitClauses_1":["87"],
"minedTemplateRelationSymbolNumber_Term_splitClauses_0":["10"],
"solvingTime_Labeled_splitClauses_1":["292"],
"unlabeledTemplateNumber_Labeled_splitClauses_1":["536"],
"relationSymbolNumberAfterSimplification_All_splitClauses_1":["86"],
"minedTemplateRelationSymbolNumber_Octagon_splitClauses_1":["10"],
"clauseNumberAfterSimplification_Mined_splitClauses_1":["47"],
"relationSymbolNumberBeforeSimplification_Octagon_splitClauses_0":["206"],
"unlabeledBinaryVariableTemplatesNumber_Term_splitClauses_0":["336"],
"labeledTemplateNumber_PredictedCDHG_splitClauses_0":["18"],
"solvability_Empty_splitClauses_0":["10800000"],
"unlabeledTemplateRelationSymbolNumber_Random_splitClauses_1":["10"],
"labeledBinaryVariableTemplatesNumber_Octagon_splitClauses_0":["18"],
"relationSymbolNumberBeforeSimplification_Random_splitClauses_1":["206"],
"minedTemplateRelationSymbolNumber_Random_splitClauses_1":["10"],
"unlabeledSingleVariableTemplatesNumber_Mined_splitClauses_0":["200"],
"unlabeledBinaryVariableTemplatesNumber_PredictedCG_splitClauses_1":["336"],
"solvability_All_splitClauses_0":["10800000"],
"predicateGeneratorTime_RelationalEqs_splitClauses_1":["221"],
"relationSymbolNumberBeforeSimplification_PredictedCDHG_splitClauses_1":["206"],
"smt2FileSizeByte_PredictedCG_splitClauses_1":["61850"],
"labeledSingleVariableTemplatesNumber_Unlabeled_splitClauses_1":["0"],
"labeledBinaryVariableTemplatesNumber_PredictedCG_splitClauses_1":["18"],
"minedBinaryVariableTemplatesNumber_PredictedCG_splitClauses_0":["18"],
"solvability_Random_splitClauses_0":["10800000"],
"relationSymbolNumberAfterSimplification_PredictedCG_splitClauses_1":["86"],
"clauseNumberBeforeSimplification_PredictedCDHG_splitClauses_1":["87"],
"labeledSingleVariableTemplatesNumber_Mined_splitClauses_0":["0"],
"solvability_Unlabeled_splitClauses_1":["1"],
"cegarIterationNumber_Labeled_splitClauses_1":["7"],
"smt2FileSizeByte_Mined_splitClauses_0":["61850"],
"relationSymbolNumberAfterSimplification_Mined_splitClauses_0":["86"],
"labeledSingleVariableTemplatesNumber_PredictedCG_splitClauses_1":["0"],
"smt2FileSizeByte_Octagon_splitClauses_1":["61850"],
"minedTemplateNumber_Labeled_splitClauses_1":["86"],
"labeledSingleVariableTemplatesNumber_RelationalIneqs_splitClauses_1":["0"],
"clauseNumberAfterSimplification_Labeled_splitClauses_1":["47"],
"relationSymbolNumberAfterSimplification_Labeled_splitClauses_0":["86"],
"smt2FileSizeByte_Random_splitClauses_0":["61850"],
"relationSymbolNumberAfterSimplification_PredictedCDHG_splitClauses_0":["86"],
"unlabeledTemplateRelationSymbolNumber_PredictedCDHG_splitClauses_1":["10"],
"labeledSingleVariableTemplatesNumber_Term_splitClauses_0":["0"],
"generatedPredicateNumber_PredictedCDHG_splitClauses_1":["10800000"],
"minedSingleVariableTemplatesNumber_Unlabeled_splitClauses_0":["68"],
"generatedPredicateNumber_Octagon_splitClauses_1":["12"],
"labeledSingleVariableTemplatesNumber_RelationalEqs_splitClauses_0":["0"],
"predicateGeneratorTime_PredictedCG_splitClauses_1":["10800000"],
"relationSymbolNumberAfterSimplification_Octagon_splitClauses_0":["86"],
"labeledTemplateNumber_Labeled_splitClauses_1":["18"],
"labeledSingleVariableTemplatesNumber_Empty_splitClauses_0":["0"],
"minedTemplateRelationSymbolNumber_RelationalIneqs_splitClauses_1":["10"],
"unlabeledSingleVariableTemplatesNumber_All_splitClauses_1":["200"],
"labeledBinaryVariableTemplatesNumber_PredictedCDHG_splitClauses_1":["18"],
"unlabeledSingleVariableTemplatesNumber_RelationalEqs_splitClauses_1":["200"],
"cegarIterationNumber_Term_splitClauses_0":["10800000"],
"unlabeledBinaryVariableTemplatesNumber_Labeled_splitClauses_1":["336"],
"unlabeledSingleVariableTemplatesNumber_Term_splitClauses_1":["200"],
"clauseNumberAfterSimplification_All_splitClauses_1":["47"],
"minedSingleVariableTemplatesNumber_Random_splitClauses_0":["68"],
"solvability_RelationalIneqs_splitClauses_1":["1"],
"minedTemplateNumber_Labeled_splitClauses_0":["86"],
"minedSingleVariableTemplatesNumber_Octagon_splitClauses_0":["68"],
"minedSingleVariableTemplatesNumber_Term_splitClauses_1":["68"],
"minedBinaryVariableTemplatesNumber_PredictedCDHG_splitClauses_1":["18"],
"generatedPredicateNumber_Mined_splitClauses_1":["12"],
"labeledSingleVariableTemplatesNumber_RelationalIneqs_splitClauses_0":["0"],
"averagePredicateSize_Mined_splitClauses_0":["10800000"],
"cegarIterationNumber_Unlabeled_splitClauses_0":["10800000"],
"minedBinaryVariableTemplatesNumber_Random_splitClauses_0":["18"],
"labeledTemplateNumber_Mined_splitClauses_1":["18"],
"labeledBinaryVariableTemplatesNumber_Random_splitClauses_0":["18"],
"unlabeledTemplateRelationSymbolNumber_Unlabeled_splitClauses_1":["10"],
"cegarIterationNumber_Mined_splitClauses_0":["10800000"],
"minedTemplateRelationSymbolNumber_Labeled_splitClauses_0":["10"],
"unlabeledBinaryVariableTemplatesNumber_RelationalIneqs_splitClauses_1":["336"],
"unlabeledBinaryVariableTemplatesNumber_Octagon_splitClauses_0":["336"],
"solvability_Mined_splitClauses_0":["10800000"],
"averagePredicateSize_RelationalEqs_splitClauses_0":["10800000"],
"clauseNumberAfterSimplification_Term_splitClauses_0":["47"],
"unlabeledTemplateNumber_Mined_splitClauses_0":["536"],
"relationSymbolNumberAfterSimplification_Random_splitClauses_1":["86"],
"unlabeledTemplateNumber_PredictedCDHG_splitClauses_0":["536"],
"cegarIterationNumber_RelationalIneqs_splitClauses_1":["7"],
"minedBinaryVariableTemplatesNumber_Unlabeled_splitClauses_1":["18"],
"labeledTemplateNumber_PredictedCG_splitClauses_1":["18"],
"labeledTemplateRelationSymbolNumber_Mined_splitClauses_0":["5"],
"labeledBinaryVariableTemplatesNumber_Mined_splitClauses_1":["18"],
"relationSymbolNumberBeforeSimplification_Mined_splitClauses_0":["206"],
"relationSymbolNumberBeforeSimplification_RelationalIneqs_splitClauses_0":["206"],
"clauseNumberAfterSimplification_RelationalIneqs_splitClauses_1":["47"],
"minedSingleVariableTemplatesNumber_PredictedCDHG_splitClauses_0":["68"],
"solvability_Labeled_splitClauses_1":["1"],
"labeledSingleVariableTemplatesNumber_Octagon_splitClauses_1":["0"],
"averagePredicateSize_Random_splitClauses_0":["10800000"],
"smt2FileSizeByte_RelationalIneqs_splitClauses_0":["61850"],
"generatedPredicateNumber_Unlabeled_splitClauses_0":["10800000"],
"solvability_RelationalEqs_splitClauses_0":["10800000"],
"predicateGeneratorTime_Empty_splitClauses_1":["267"],
"minedSingleVariableTemplatesNumber_Mined_splitClauses_0":["68"],
"relationSymbolNumberAfterSimplification_Unlabeled_splitClauses_0":["86"],
"minedTemplateRelationSymbolNumber_PredictedCDHG_splitClauses_1":["10"],
"minedTemplateNumber_PredictedCG_splitClauses_0":["86"],
"averagePredicateSize_RelationalIneqs_splitClauses_1":["1"],
"labeledTemplateRelationSymbolNumber_Random_splitClauses_1":["5"],
"minedTemplateNumber_RelationalIneqs_splitClauses_0":["86"],
"predicateGeneratorTime_RelationalIneqs_splitClauses_0":["10800000"],
"labeledTemplateRelationSymbolNumber_Empty_splitClauses_0":["5"],
"minedBinaryVariableTemplatesNumber_Octagon_splitClauses_0":["18"],
"labeledSingleVariableTemplatesNumber_Term_splitClauses_1":["0"],
"labeledBinaryVariableTemplatesNumber_Empty_splitClauses_0":["18"],
"minedTemplateNumber_Octagon_splitClauses_0":["86"],
"labeledBinaryVariableTemplatesNumber_Unlabeled_splitClauses_0":["18"],
"relationSymbolNumberBeforeSimplification_Empty_splitClauses_0":["206"],
"clauseNumberAfterSimplification_PredictedCDHG_splitClauses_0":["47"],
"smt2FileSizeByte_PredictedCG_splitClauses_0":["61850"],
"minedBinaryVariableTemplatesNumber_RelationalEqs_splitClauses_0":["18"],
"relationSymbolNumberBeforeSimplification_Unlabeled_splitClauses_0":["206"],
"labeledTemplateRelationSymbolNumber_RelationalEqs_splitClauses_1":["5"],
"minedBinaryVariableTemplatesNumber_Random_splitClauses_1":["18"],
"clauseNumberAfterSimplification_Unlabeled_splitClauses_1":["47"],
"minedSingleVariableTemplatesNumber_PredictedCDHG_splitClauses_1":["68"],
"labeledBinaryVariableTemplatesNumber_Term_splitClauses_1":["18"],
"clauseNumberBeforeSimplification_Empty_splitClauses_1":["87"],
"relationSymbolNumberAfterSimplification_Octagon_splitClauses_1":["86"],
"relationSymbolNumberAfterSimplification_Term_splitClauses_0":["86"],
"minedBinaryVariableTemplatesNumber_Mined_splitClauses_1":["18"],
"unlabeledBinaryVariableTemplatesNumber_Unlabeled_splitClauses_1":["336"],
"relationSymbolNumberBeforeSimplification_Random_splitClauses_0":["206"],
"relationSymbolNumberAfterSimplification_PredictedCDHG_splitClauses_1":["86"],
"unlabeledTemplateNumber_PredictedCG_splitClauses_1":["536"],
"generatedPredicateNumber_Empty_splitClauses_0":["10800000"],
"predicateGeneratorTime_RelationalIneqs_splitClauses_1":["217"],
"unlabeledSingleVariableTemplatesNumber_Empty_splitClauses_0":["200"],
"cegarIterationNumber_Octagon_splitClauses_0":["10800000"],
"clauseNumberAfterSimplification_Octagon_splitClauses_1":["47"],
"unlabeledSingleVariableTemplatesNumber_Labeled_splitClauses_1":["200"],
"clauseNumberBeforeSimplification_Random_splitClauses_1":["87"],
"minedTemplateRelationSymbolNumber_All_splitClauses_0":["10"],
"unlabeledTemplateRelationSymbolNumber_RelationalEqs_splitClauses_0":["10"],
"minedSingleVariableTemplatesNumber_Unlabeled_splitClauses_1":["68"],
"clauseNumberBeforeSimplification_RelationalEqs_splitClauses_0":["87"],
"minedTemplateNumber_Unlabeled_splitClauses_0":["86"],
"generatedPredicateNumber_Octagon_splitClauses_0":["10800000"],
"predicateGeneratorTime_PredictedCDHG_splitClauses_0":["10800000"],
"clauseNumberAfterSimplification_PredictedCG_splitClauses_1":["47"],
"labeledSingleVariableTemplatesNumber_RelationalEqs_splitClauses_1":["0"],
"smt2FileSizeByte_Random_splitClauses_1":["61850"],
"averagePredicateSize_PredictedCG_splitClauses_1":["10800000"],
"cegarIterationNumber_PredictedCDHG_splitClauses_1":["10800000"],
"clauseNumberAfterSimplification_RelationalEqs_splitClauses_1":["47"],
"minedBinaryVariableTemplatesNumber_Empty_splitClauses_1":["18"],
"relationSymbolNumberAfterSimplification_RelationalEqs_splitClauses_1":["86"],
"minedTemplateNumber_PredictedCDHG_splitClauses_0":["86"],
"labeledBinaryVariableTemplatesNumber_All_splitClauses_1":["18"],
"solvingTime_RelationalIneqs_splitClauses_1":["332"],
"unlabeledTemplateRelationSymbolNumber_RelationalEqs_splitClauses_1":["10"],
"smt2FileSizeByte_Unlabeled_splitClauses_0":["61850"],
"relationSymbolNumberBeforeSimplification_Mined_splitClauses_1":["206"],
"relationSymbolNumberAfterSimplification_Mined_splitClauses_1":["86"],
"generatedPredicateNumber_All_splitClauses_0":["10800000"],
"relationSymbolNumberBeforeSimplification_Octagon_splitClauses_1":["206"],
"predicateGeneratorTime_Octagon_splitClauses_1":["210"],
"solvability_Mined_splitClauses_1":["1"],
"minedTemplateRelationSymbolNumber_Term_splitClauses_1":["10"],
"clauseNumberAfterSimplification_Mined_splitClauses_0":["47"],
"solvability_PredictedCDHG_splitClauses_0":["10800000"],
"solvingTime_Empty_splitClauses_0":["10800000"],
"unlabeledSingleVariableTemplatesNumber_Unlabeled_splitClauses_1":["200"],
"minedTemplateNumber_Term_splitClauses_1":["86"],
"averagePredicateSize_Octagon_splitClauses_1":["1"],
"unlabeledSingleVariableTemplatesNumber_Octagon_splitClauses_1":["200"],
"minedTemplateRelationSymbolNumber_RelationalEqs_splitClauses_1":["10"],
"relationSymbolNumberBeforeSimplification_All_splitClauses_1":["206"],
"minedBinaryVariableTemplatesNumber_RelationalIneqs_splitClauses_0":["18"],
"predicateGeneratorTime_Term_splitClauses_1":["244"],
"solvingTime_Labeled_splitClauses_0":["10800000"],
"unlabeledBinaryVariableTemplatesNumber_PredictedCG_splitClauses_0":["336"],
"minedTemplateNumber_All_splitClauses_0":["86"],
"predicateGeneratorTime_Labeled_splitClauses_1":["190"],
"unlabeledTemplateRelationSymbolNumber_Empty_splitClauses_0":["10"],
"unlabeledTemplateNumber_Mined_splitClauses_1":["536"],
"solvability_PredictedCG_splitClauses_1":["10800000"],
"unlabeledTemplateNumber_Term_splitClauses_0":["536"],
"minedBinaryVariableTemplatesNumber_PredictedCG_splitClauses_1":["18"],
"labeledSingleVariableTemplatesNumber_PredictedCDHG_splitClauses_0":["0"],
"minedBinaryVariableTemplatesNumber_All_splitClauses_0":["18"],
"averagePredicateSize_PredictedCDHG_splitClauses_1":["10800000"],
"predicateGeneratorTime_PredictedCG_splitClauses_0":["10800000"],
"generatedPredicateNumber_RelationalIneqs_splitClauses_0":["10800000"],
"labeledTemplateNumber_Empty_splitClauses_0":["18"],
"relationSymbolNumberAfterSimplification_RelationalIneqs_splitClauses_1":["86"],
"unlabeledTemplateRelationSymbolNumber_Term_splitClauses_0":["10"],
"minedTemplateNumber_All_splitClauses_1":["86"],
"labeledSingleVariableTemplatesNumber_Empty_splitClauses_1":["0"],
"minedBinaryVariableTemplatesNumber_Unlabeled_splitClauses_0":["18"],
"labeledTemplateNumber_Random_splitClauses_0":["18"],
"minedBinaryVariableTemplatesNumber_All_splitClauses_1":["18"],
"unlabeledSingleVariableTemplatesNumber_All_splitClauses_0":["200"],
"relationSymbolNumberBeforeSimplification_Labeled_splitClauses_1":["206"],
"smt2FileSizeByte_PredictedCDHG_splitClauses_1":["61850"],
"labeledBinaryVariableTemplatesNumber_PredictedCDHG_splitClauses_0":["18"],
"averagePredicateSize_RelationalEqs_splitClauses_1":["1"],
"minedSingleVariableTemplatesNumber_Term_splitClauses_0":["68"],
"labeledTemplateRelationSymbolNumber_Term_splitClauses_1":["5"],
"generatedPredicateNumber_Random_splitClauses_0":["10800000"],
"labeledBinaryVariableTemplatesNumber_Empty_splitClauses_1":["18"],
"relationSymbolNumberAfterSimplification_Term_splitClauses_1":["86"],
"clauseNumberAfterSimplification_Labeled_splitClauses_0":["47"],
"labeledSingleVariableTemplatesNumber_Labeled_splitClauses_0":["0"],
"minedTemplateNumber_Mined_splitClauses_1":["86"],
"labeledTemplateRelationSymbolNumber_Labeled_splitClauses_0":["5"],
"unlabeledTemplateRelationSymbolNumber_Mined_splitClauses_1":["10"],
"solvability_Labeled_splitClauses_0":["10800000"],
"minedTemplateNumber_RelationalEqs_splitClauses_1":["86"],
"solvingTime_Random_splitClauses_1":["432"],
"minedTemplateNumber_Random_splitClauses_0":["86"],
"cegarIterationNumber_Unlabeled_splitClauses_1":["7"],
"minedTemplateNumber_RelationalIneqs_splitClauses_1":["86"],
"unlabeledBinaryVariableTemplatesNumber_Octagon_splitClauses_1":["336"],
"minedSingleVariableTemplatesNumber_Octagon_splitClauses_1":["68"],
"minedSingleVariableTemplatesNumber_Random_splitClauses_1":["68"],
"averagePredicateSize_All_splitClauses_1":["10800000"],
"minedTemplateNumber_Empty_splitClauses_0":["86"],
"labeledTemplateNumber_Mined_splitClauses_0":["18"],
"unlabeledBinaryVariableTemplatesNumber_All_splitClauses_0":["336"],
"relationSymbolNumberAfterSimplification_Labeled_splitClauses_1":["86"],
"labeledSingleVariableTemplatesNumber_PredictedCDHG_splitClauses_1":["0"],
"minedSingleVariableTemplatesNumber_Mined_splitClauses_1":["68"],
"labeledTemplateRelationSymbolNumber_Term_splitClauses_0":["5"],
"unlabeledTemplateRelationSymbolNumber_Term_splitClauses_1":["10"],
"predicateGeneratorTime_All_splitClauses_1":["10800000"],
"unlabeledSingleVariableTemplatesNumber_Random_splitClauses_0":["200"],
"predicateGeneratorTime_Unlabeled_splitClauses_1":["217"],
"cegarIterationNumber_PredictedCDHG_splitClauses_0":["10800000"],
"labeledTemplateNumber_RelationalEqs_splitClauses_0":["18"],
"labeledTemplateRelationSymbolNumber_Mined_splitClauses_1":["5"],
"labeledTemplateRelationSymbolNumber_Random_splitClauses_0":["5"],
"labeledBinaryVariableTemplatesNumber_RelationalEqs_splitClauses_1":["18"],
"generatedPredicateNumber_RelationalIneqs_splitClauses_1":["12"],
"unlabeledTemplateRelationSymbolNumber_PredictedCG_splitClauses_1":["10"],
"unlabeledSingleVariableTemplatesNumber_RelationalEqs_splitClauses_0":["200"],
"labeledBinaryVariableTemplatesNumber_Labeled_splitClauses_0":["18"],
"minedBinaryVariableTemplatesNumber_PredictedCDHG_splitClauses_0":["18"],
"unlabeledTemplateRelationSymbolNumber_Unlabeled_splitClauses_0":["10"],
"clauseNumberAfterSimplification_Term_splitClauses_1":["47"],
"unlabeledTemplateNumber_Octagon_splitClauses_0":["536"],
"unlabeledBinaryVariableTemplatesNumber_RelationalEqs_splitClauses_1":["336"],
"unlabeledTemplateNumber_PredictedCG_splitClauses_0":["536"],
"unlabeledTemplateNumber_All_splitClauses_0":["536"],
"labeledTemplateRelationSymbolNumber_RelationalIneqs_splitClauses_1":["5"],
"unlabeledSingleVariableTemplatesNumber_Mined_splitClauses_1":["200"],
"labeledTemplateRelationSymbolNumber_Unlabeled_splitClauses_1":["5"],
"labeledBinaryVariableTemplatesNumber_Random_splitClauses_1":["18"],
"solvability_Random_splitClauses_1":["1"],
"solvingTime_Term_splitClauses_0":["10800000"],
"minedSingleVariableTemplatesNumber_Labeled_splitClauses_1":["68"],
"clauseNumberBeforeSimplification_Term_splitClauses_0":["87"],
"relationSymbolNumberBeforeSimplification_RelationalIneqs_splitClauses_1":["206"],
"minedTemplateRelationSymbolNumber_Mined_splitClauses_0":["10"],
"solvability_Octagon_splitClauses_1":["1"],
"minedSingleVariableTemplatesNumber_RelationalIneqs_splitClauses_1":["68"],
"smt2FileSizeByte_Labeled_splitClauses_0":["61850"],
"solvability_RelationalEqs_splitClauses_1":["1"],
"unlabeledSingleVariableTemplatesNumber_Empty_splitClauses_1":["200"],
"labeledTemplateNumber_PredictedCDHG_splitClauses_1":["18"],
"minedTemplateRelationSymbolNumber_Octagon_splitClauses_0":["10"],
"clauseNumberAfterSimplification_Unlabeled_splitClauses_0":["47"],
"clauseNumberBeforeSimplification_Unlabeled_splitClauses_0":["87"],
"clauseNumberBeforeSimplification_PredictedCDHG_splitClauses_0":["87"],
"cegarIterationNumber_RelationalIneqs_splitClauses_0":["10800000"],
"labeledTemplateRelationSymbolNumber_RelationalEqs_splitClauses_0":["5"],
"averagePredicateSize_Labeled_splitClauses_0":["10800000"],
"smt2FileSizeByte_RelationalIneqs_splitClauses_1":["61850"],
"clauseNumberBeforeSimplification_RelationalEqs_splitClauses_1":["87"],
"unlabeledTemplateRelationSymbolNumber_RelationalIneqs_splitClauses_1":["10"],
"clauseNumberBeforeSimplification_PredictedCG_splitClauses_0":["87"],
"solvingTime_PredictedCDHG_splitClauses_0":["10800000"],
"labeledTemplateRelationSymbolNumber_Octagon_splitClauses_1":["5"],
"minedTemplateRelationSymbolNumber_PredictedCG_splitClauses_1":["10"],
"relationSymbolNumberBeforeSimplification_RelationalEqs_splitClauses_1":["206"],
"labeledTemplateNumber_Random_splitClauses_1":["18"],
"solvingTime_RelationalIneqs_splitClauses_0":["10800000"],
"labeledTemplateNumber_All_splitClauses_1":["18"],
"unlabeledTemplateNumber_Random_splitClauses_1":["536"],
"relationSymbolNumberBeforeSimplification_All_splitClauses_0":["206"],
"smt2FileSizeByte_Unlabeled_splitClauses_1":["61850"],
"cegarIterationNumber_PredictedCG_splitClauses_0":["10800000"],
"predicateGeneratorTime_Octagon_splitClauses_0":["10800000"],
"unlabeledTemplateNumber_RelationalEqs_splitClauses_1":["536"],
"clauseNumberAfterSimplification_Octagon_splitClauses_0":["47"],
"cegarIterationNumber_Random_splitClauses_0":["10800000"],
"solvability_PredictedCDHG_splitClauses_1":["10800000"],
"solvability_PredictedCG_splitClauses_0":["10800000"],
"solvingTime_PredictedCG_splitClauses_1":["10800000"],
"unlabeledSingleVariableTemplatesNumber_Unlabeled_splitClauses_0":["200"],
"unlabeledTemplateNumber_Unlabeled_splitClauses_0":["536"],
"labeledTemplateRelationSymbolNumber_RelationalIneqs_splitClauses_0":["5"],
"minedTemplateNumber_Random_splitClauses_1":["86"],
"generatedPredicateNumber_RelationalEqs_splitClauses_0":["10800000"],
"minedTemplateNumber_Term_splitClauses_0":["86"],
"solvingTime_All_splitClauses_1":["10800000"],
"minedSingleVariableTemplatesNumber_PredictedCG_splitClauses_0":["68"],
"smt2FileSizeByte_Term_splitClauses_1":["61850"],
"labeledBinaryVariableTemplatesNumber_All_splitClauses_0":["18"],
"minedTemplateNumber_PredictedCDHG_splitClauses_1":["86"],
"minedTemplateRelationSymbolNumber_PredictedCDHG_splitClauses_0":["10"],
"averagePredicateSize_Unlabeled_splitClauses_0":["10800000"],
"minedBinaryVariableTemplatesNumber_Octagon_splitClauses_1":["18"],
"unlabeledSingleVariableTemplatesNumber_Random_splitClauses_1":["200"],
"clauseNumberBeforeSimplification_Random_splitClauses_0":["87"],
"solvingTime_Unlabeled_splitClauses_1":["331"],
"predicateGeneratorTime_PredictedCDHG_splitClauses_1":["10800000"],
"averagePredicateSize_PredictedCDHG_splitClauses_0":["10800000"],
"relationSymbolNumberAfterSimplification_RelationalEqs_splitClauses_0":["86"],
"minedBinaryVariableTemplatesNumber_Term_splitClauses_0":["18"],
"labeledTemplateNumber_RelationalIneqs_splitClauses_0":["18"],
"clauseNumberAfterSimplification_Random_splitClauses_0":["47"],
"clauseNumberAfterSimplification_PredictedCG_splitClauses_0":["47"],
"generatedPredicateNumber_Empty_splitClauses_1":["12"],
"clauseNumberBeforeSimplification_Octagon_splitClauses_0":["87"],
"unlabeledTemplateNumber_Empty_splitClauses_0":["536"],
"minedSingleVariableTemplatesNumber_All_splitClauses_0":["68"],
"labeledTemplateRelationSymbolNumber_Octagon_splitClauses_0":["5"],
"generatedPredicateNumber_Random_splitClauses_1":["12"],
"clauseNumberAfterSimplification_RelationalEqs_splitClauses_0":["47"],
"labeledBinaryVariableTemplatesNumber_Term_splitClauses_0":["18"],
"minedSingleVariableTemplatesNumber_RelationalEqs_splitClauses_0":["68"],
"minedTemplateNumber_Mined_splitClauses_0":["86"],
"relationSymbolNumberBeforeSimplification_PredictedCG_splitClauses_0":["206"],
"averagePredicateSize_Octagon_splitClauses_0":["10800000"],
"unlabeledBinaryVariableTemplatesNumber_Empty_splitClauses_1":["336"],
"unlabeledSingleVariableTemplatesNumber_PredictedCDHG_splitClauses_0":["200"],
"unlabeledSingleVariableTemplatesNumber_PredictedCG_splitClauses_1":["200"],
"labeledTemplateRelationSymbolNumber_Labeled_splitClauses_1":["5"],
"minedTemplateRelationSymbolNumber_Random_splitClauses_0":["10"],
"unlabeledTemplateRelationSymbolNumber_PredictedCG_splitClauses_0":["10"],
"unlabeledTemplateNumber_RelationalIneqs_splitClauses_0":["536"],
"unlabeledSingleVariableTemplatesNumber_Labeled_splitClauses_0":["200"],
"relationSymbolNumberAfterSimplification_PredictedCG_splitClauses_0":["86"],
"minedTemplateNumber_Unlabeled_splitClauses_1":["86"],
"generatedPredicateNumber_PredictedCG_splitClauses_0":["10800000"],
"labeledTemplateNumber_Unlabeled_splitClauses_1":["18"],
"unlabeledTemplateRelationSymbolNumber_Empty_splitClauses_1":["10"],
"clauseNumberBeforeSimplification_Empty_splitClauses_0":["87"],
"solvingTime_Octagon_splitClauses_1":["326"],
"cegarIterationNumber_Mined_splitClauses_1":["7"],
"clauseNumberBeforeSimplification_Mined_splitClauses_1":["87"],
"smt2FileSizeByte_PredictedCDHG_splitClauses_0":["61850"],
"averagePredicateSize_PredictedCG_splitClauses_0":["10800000"],
"solvingTime_Random_splitClauses_0":["10800000"],
"minedTemplateNumber_RelationalEqs_splitClauses_0":["86"],
"unlabeledSingleVariableTemplatesNumber_RelationalIneqs_splitClauses_0":["200"],
"unlabeledTemplateNumber_Unlabeled_splitClauses_1":["536"],
"labeledBinaryVariableTemplatesNumber_RelationalEqs_splitClauses_0":["18"],
"generatedPredicateNumber_PredictedCDHG_splitClauses_0":["10800000"],
"relationSymbolNumberAfterSimplification_RelationalIneqs_splitClauses_0":["86"],
"minedTemplateRelationSymbolNumber_Empty_splitClauses_1":["10"],
"predicateGeneratorTime_Random_splitClauses_1":["324"],
"labeledTemplateNumber_Term_splitClauses_1":["18"],
"relationSymbolNumberBeforeSimplification_RelationalEqs_splitClauses_0":["206"],
"minedSingleVariableTemplatesNumber_Empty_splitClauses_1":["68"],
"minedSingleVariableTemplatesNumber_RelationalIneqs_splitClauses_0":["68"],
"clauseNumberAfterSimplification_All_splitClauses_0":["47"],
"unlabeledBinaryVariableTemplatesNumber_RelationalEqs_splitClauses_0":["336"],
"cegarIterationNumber_RelationalEqs_splitClauses_0":["10800000"],
"labeledTemplateRelationSymbolNumber_PredictedCDHG_splitClauses_0":["5"],
"labeledSingleVariableTemplatesNumber_Labeled_splitClauses_1":["0"],
"unlabeledBinaryVariableTemplatesNumber_All_splitClauses_1":["336"],
"minedTemplateRelationSymbolNumber_Unlabeled_splitClauses_1":["10"],
"solvingTime_RelationalEqs_splitClauses_0":["10800000"],
"solvingTime_RelationalEqs_splitClauses_1":["326"],
"minedBinaryVariableTemplatesNumber_Mined_splitClauses_0":["18"],
"clauseNumberBeforeSimplification_All_splitClauses_0":["87"],
"clauseNumberBeforeSimplification_RelationalIneqs_splitClauses_1":["87"],
"labeledTemplateNumber_RelationalEqs_splitClauses_1":["18"],
"labeledBinaryVariableTemplatesNumber_RelationalIneqs_splitClauses_0":["18"],
"relationSymbolNumberBeforeSimplification_Labeled_splitClauses_0":["206"],
"clauseNumberAfterSimplification_Empty_splitClauses_0":["47"],
"averagePredicateSize_Empty_splitClauses_0":["10800000"],
"unlabeledTemplateNumber_Term_splitClauses_1":["536"],
"predicateGeneratorTime_Mined_splitClauses_1":["257"],
"labeledBinaryVariableTemplatesNumber_RelationalIneqs_splitClauses_1":["18"],
"predicateGeneratorTime_Unlabeled_splitClauses_0":["10800000"],
"relationSymbolNumberAfterSimplification_Empty_splitClauses_0":["86"],
"generatedPredicateNumber_Mined_splitClauses_0":["10800000"],
"generatedPredicateNumber_RelationalEqs_splitClauses_1":["12"],
"labeledTemplateRelationSymbolNumber_PredictedCG_splitClauses_0":["5"],
"minedSingleVariableTemplatesNumber_PredictedCG_splitClauses_1":["68"],
"minedTemplateRelationSymbolNumber_PredictedCG_splitClauses_0":["10"],
"unlabeledTemplateRelationSymbolNumber_Labeled_splitClauses_0":["10"],
"solvability_Empty_splitClauses_1":["1"],
"averagePredicateSize_Term_splitClauses_0":["10800000"],
"cegarIterationNumber_Random_splitClauses_1":["7"],
"averagePredicateSize_Labeled_splitClauses_1":["1"],
"unlabeledBinaryVariableTemplatesNumber_Unlabeled_splitClauses_0":["336"],
"generatedPredicateNumber_Unlabeled_splitClauses_1":["12"],
"predicateGeneratorTime_All_splitClauses_0":["10800000"],
"unlabeledBinaryVariableTemplatesNumber_PredictedCDHG_splitClauses_1":["336"],
"clauseNumberBeforeSimplification_Labeled_splitClauses_1":["87"],
"minedBinaryVariableTemplatesNumber_Labeled_splitClauses_1":["18"],
"labeledSingleVariableTemplatesNumber_All_splitClauses_0":["0"],
"unlabeledTemplateRelationSymbolNumber_Mined_splitClauses_0":["10"],
"cegarIterationNumber_Octagon_splitClauses_1":["7"],
"labeledTemplateNumber_Octagon_splitClauses_0":["18"],
"labeledTemplateRelationSymbolNumber_All_splitClauses_1":["5"],
"smt2FileSizeByte_Empty_splitClauses_0":["61850"],
"unlabeledTemplateNumber_Octagon_splitClauses_1":["536"],
"predicateGeneratorTime_RelationalEqs_splitClauses_0":["10800000"],
"unlabeledTemplateRelationSymbolNumber_RelationalIneqs_splitClauses_0":["10"],
"smt2FileSizeByte_RelationalEqs_splitClauses_1":["61850"],
"unlabeledTemplateNumber_Labeled_splitClauses_0":["536"],
"minedSingleVariableTemplatesNumber_Labeled_splitClauses_0":["68"],
"solvingTime_PredictedCDHG_splitClauses_1":["10800000"],
"relationSymbolNumberBeforeSimplification_Term_splitClauses_1":["206"],
"minedTemplateNumber_Octagon_splitClauses_1":["86"],
"clauseNumberBeforeSimplification_Mined_splitClauses_0":["87"],
"smt2FileSizeByte_All_splitClauses_0":["61850"],
"solvingTime_All_splitClauses_0":["10800000"],
"minedBinaryVariableTemplatesNumber_Term_splitClauses_1":["18"],
"unlabeledTemplateRelationSymbolNumber_Random_splitClauses_0":["10"],
"cegarIterationNumber_All_splitClauses_0":["10800000"],
"smt2FileSizeByte_RelationalEqs_splitClauses_0":["61850"],
"unlabeledSingleVariableTemplatesNumber_PredictedCDHG_splitClauses_1":["200"],
"clauseNumberBeforeSimplification_Labeled_splitClauses_0":["87"],
"cegarIterationNumber_PredictedCG_splitClauses_1":["10800000"],
"labeledTemplateRelationSymbolNumber_Unlabeled_splitClauses_0":["5"],
"unlabeledTemplateRelationSymbolNumber_Octagon_splitClauses_1":["10"],
"unlabeledTemplateNumber_Empty_splitClauses_1":["536"],
"clauseNumberBeforeSimplification_Octagon_splitClauses_1":["87"],
"labeledTemplateNumber_Unlabeled_splitClauses_0":["18"],
"labeledBinaryVariableTemplatesNumber_PredictedCG_splitClauses_0":["18"],
"solvability_Term_splitClauses_1":["1"],
"solvability_Octagon_splitClauses_0":["10800000"],
"minedTemplateRelationSymbolNumber_RelationalIneqs_splitClauses_0":["10"],
"clauseNumberBeforeSimplification_RelationalIneqs_splitClauses_0":["87"],
"labeledTemplateNumber_PredictedCG_splitClauses_0":["18"],
"cegarIterationNumber_Labeled_splitClauses_0":["10800000"],
"smt2FileSizeByte_Labeled_splitClauses_1":["61850"],
"clauseNumberBeforeSimplification_Unlabeled_splitClauses_1":["87"],
"generatedPredicateNumber_Term_splitClauses_1":["12"],
"solvingTime_Term_splitClauses_1":["365"],
"unlabeledBinaryVariableTemplatesNumber_Random_splitClauses_1":["336"],
"unlabeledSingleVariableTemplatesNumber_Octagon_splitClauses_0":["200"],
"solvingTime_Octagon_splitClauses_0":["10800000"],
"labeledSingleVariableTemplatesNumber_Mined_splitClauses_1":["0"],
"averagePredicateSize_Term_splitClauses_1":["1"],
"labeledTemplateNumber_Labeled_splitClauses_0":["18"],
"unlabeledSingleVariableTemplatesNumber_PredictedCG_splitClauses_0":["200"],
"smt2FileSizeByte_Mined_splitClauses_1":["61850"],
"labeledBinaryVariableTemplatesNumber_Unlabeled_splitClauses_1":["18"],
"labeledTemplateNumber_All_splitClauses_0":["18"],
"unlabeledTemplateNumber_Random_splitClauses_0":["536"],
"labeledTemplateNumber_Octagon_splitClauses_1":["18"],
"unlabeledTemplateNumber_PredictedCDHG_splitClauses_1":["536"],
"unlabeledBinaryVariableTemplatesNumber_Mined_splitClauses_0":["336"],
"minedTemplateRelationSymbolNumber_Mined_splitClauses_1":["10"],
"labeledTemplateNumber_RelationalIneqs_splitClauses_1":["18"],
"relationSymbolNumberAfterSimplification_All_splitClauses_0":["86"],
"relationSymbolNumberBeforeSimplification_PredictedCDHG_splitClauses_0":["206"],
"solvability_Term_splitClauses_0":["10800000"],
"clauseNumberBeforeSimplification_PredictedCG_splitClauses_1":["87"],
"generatedPredicateNumber_Labeled_splitClauses_1":["12"],
"labeledSingleVariableTemplatesNumber_Unlabeled_splitClauses_0":["0"],
"unlabeledBinaryVariableTemplatesNumber_Empty_splitClauses_0":["336"],
"solvingTime_Mined_splitClauses_0":["10800000"],
"unlabeledTemplateNumber_All_splitClauses_1":["536"],
"clauseNumberAfterSimplification_Random_splitClauses_1":["47"],
"labeledBinaryVariableTemplatesNumber_Octagon_splitClauses_1":["18"],
"unlabeledBinaryVariableTemplatesNumber_Labeled_splitClauses_0":["336"],
"smt2FileSizeByte_Octagon_splitClauses_0":["61850"],
"labeledSingleVariableTemplatesNumber_Random_splitClauses_1":["0"],
"solvability_Unlabeled_splitClauses_0":["10800000"],
"solvingTime_Unlabeled_splitClauses_0":["10800000"],
"unlabeledTemplateRelationSymbolNumber_All_splitClauses_1":["10"],
"minedTemplateNumber_Empty_splitClauses_1":["86"],
"solvability_RelationalIneqs_splitClauses_0":["10800000"],
"unlabeledTemplateRelationSymbolNumber_Labeled_splitClauses_1":["10"],
"cegarIterationNumber_RelationalEqs_splitClauses_1":["7"],
"minedSingleVariableTemplatesNumber_RelationalEqs_splitClauses_1":["68"],
"clauseNumberAfterSimplification_PredictedCDHG_splitClauses_1":["47"],
"minedBinaryVariableTemplatesNumber_RelationalIneqs_splitClauses_1":["18"],
"unlabeledBinaryVariableTemplatesNumber_Mined_splitClauses_1":["336"],
"unlabeledBinaryVariableTemplatesNumber_PredictedCDHG_splitClauses_0":["336"],
"solvingTime_Empty_splitClauses_1":["386"],
"labeledTemplateRelationSymbolNumber_Empty_splitClauses_1":["5"],
"generatedPredicateNumber_Term_splitClauses_0":["10800000"],
"averagePredicateSize_Empty_splitClauses_1":["1"],
"generatedPredicateNumber_PredictedCG_splitClauses_1":["10800000"],
"labeledTemplateRelationSymbolNumber_PredictedCDHG_splitClauses_1":["5"],
"predicateGeneratorTime_Mined_splitClauses_0":["10800000"],
"relationSymbolNumberBeforeSimplification_Term_splitClauses_0":["206"],
"predicateGeneratorTime_Labeled_splitClauses_0":["10800000"],
"labeledSingleVariableTemplatesNumber_Random_splitClauses_0":["0"],
"unlabeledTemplateRelationSymbolNumber_All_splitClauses_0":["10"],
"minedBinaryVariableTemplatesNumber_Labeled_splitClauses_0":["18"],
"generatedPredicateNumber_Labeled_splitClauses_0":["10800000"],
"relationSymbolNumberAfterSimplification_Empty_splitClauses_1":["86"],
"solvingTime_Mined_splitClauses_1":["359"],
"minedSingleVariableTemplatesNumber_All_splitClauses_1":["68"],
"predicateGeneratorTime_Random_splitClauses_0":["10800000"],
"cegarIterationNumber_Term_splitClauses_1":["7"],
"labeledTemplateNumber_Empty_splitClauses_1":["18"],
"clauseNumberAfterSimplification_Empty_splitClauses_1":["47"],
"minedTemplateRelationSymbolNumber_Empty_splitClauses_0":["10"],
"unlabeledSingleVariableTemplatesNumber_Term_splitClauses_0":["200"],
"minedSingleVariableTemplatesNumber_Empty_splitClauses_0":["68"],
"relationSymbolNumberAfterSimplification_Random_splitClauses_0":["86"],
"minedTemplateRelationSymbolNumber_RelationalEqs_splitClauses_0":["10"],
"cegarIterationNumber_Empty_splitClauses_0":["10800000"],
"minedBinaryVariableTemplatesNumber_RelationalEqs_splitClauses_1":["18"],
"relationSymbolNumberBeforeSimplification_PredictedCG_splitClauses_1":["206"],
"labeledSingleVariableTemplatesNumber_All_splitClauses_1":["0"],
"unlabeledTemplateRelationSymbolNumber_Octagon_splitClauses_0":["10"],
"minedTemplateRelationSymbolNumber_Unlabeled_splitClauses_0":["10"],
"labeledBinaryVariableTemplatesNumber_Mined_splitClauses_0":["18"],
"relationSymbolNumberAfterSimplification_Unlabeled_splitClauses_1":["86"],
"minedTemplateNumber_PredictedCG_splitClauses_1":["86"],
"cegarIterationNumber_Empty_splitClauses_1":["7"],
"averagePredicateSize_RelationalIneqs_splitClauses_0":["10800000"],
"solvability_All_splitClauses_1":["10800000"],
"unlabeledBinaryVariableTemplatesNumber_Term_splitClauses_1":["336"],
"minedTemplateRelationSymbolNumber_Labeled_splitClauses_1":["10"],
"averagePredicateSize_Unlabeled_splitClauses_1":["1"],
"labeledTemplateNumber_Term_splitClauses_0":["18"],
"smt2FileSizeByte_Empty_splitClauses_1":["61850"],
"solvingTime_PredictedCG_splitClauses_0":["10800000"],
"cegarIterationNumber_All_splitClauses_1":["10800000"],
"clauseNumberBeforeSimplification_Term_splitClauses_1":["87"],
"predicateGeneratorTime_Empty_splitClauses_0":["10800000"],
"relationSymbolNumberBeforeSimplification_Empty_splitClauses_1":["206"],
"averagePredicateSize_All_splitClauses_0":["10800000"],
"unlabeledBinaryVariableTemplatesNumber_Random_splitClauses_0":["336"],
"smt2FileSizeByte_Term_splitClauses_0":["61850"],
"averagePredicateSize_Mined_splitClauses_1":["1"],
"minedBinaryVariableTemplatesNumber_Empty_splitClauses_0":["18"],
"minedTemplateRelationSymbolNumber_All_splitClauses_1":["10"],
"labeledSingleVariableTemplatesNumber_PredictedCG_splitClauses_0":["0"],
"unlabeledBinaryVariableTemplatesNumber_RelationalIneqs_splitClauses_0":["336"],
"unlabeledSingleVariableTemplatesNumber_RelationalIneqs_splitClauses_1":["200"],
"clauseNumberAfterSimplification_RelationalIneqs_splitClauses_0":["47"],
"unlabeledTemplateNumber_RelationalEqs_splitClauses_0":["536"],
"unlabeledTemplateNumber_RelationalIneqs_splitClauses_1":["536"],
"labeledTemplateRelationSymbolNumber_PredictedCG_splitClauses_1":["5"],
"labeledTemplateRelationSymbolNumber_All_splitClauses_0":["5"],
"labeledSingleVariableTemplatesNumber_Octagon_splitClauses_0":["0"],
"dummyFiled":[]
}