{
"smt2FileSizeByte_All_splitClauses_1":["45889"],
"generatedPredicateNumber_All_splitClauses_1":["10800000"],
"unlabeledTemplateRelationSymbolNumber_PredictedCDHG_splitClauses_0":["8"],
"relationSymbolNumberBeforeSimplification_Unlabeled_splitClauses_1":["181"],
"predicateGeneratorTime_Term_splitClauses_0":["10800000"],
"averagePredicateSize_Random_splitClauses_1":["1"],
"labeledBinaryVariableTemplatesNumber_Labeled_splitClauses_1":["9"],
"clauseNumberBeforeSimplification_All_splitClauses_1":["89"],
"minedTemplateRelationSymbolNumber_Term_splitClauses_0":["8"],
"solvingTime_Labeled_splitClauses_1":["529"],
"unlabeledTemplateNumber_Labeled_splitClauses_1":["371"],
"relationSymbolNumberAfterSimplification_All_splitClauses_1":["52"],
"minedTemplateRelationSymbolNumber_Octagon_splitClauses_1":["8"],
"clauseNumberAfterSimplification_Mined_splitClauses_1":["41"],
"relationSymbolNumberBeforeSimplification_Octagon_splitClauses_0":["181"],
"unlabeledBinaryVariableTemplatesNumber_Term_splitClauses_0":["228"],
"labeledTemplateNumber_PredictedCDHG_splitClauses_0":["10"],
"solvability_Empty_splitClauses_0":["10800000"],
"unlabeledTemplateRelationSymbolNumber_Random_splitClauses_1":["8"],
"labeledBinaryVariableTemplatesNumber_Octagon_splitClauses_0":["9"],
"relationSymbolNumberBeforeSimplification_Random_splitClauses_1":["181"],
"minedTemplateRelationSymbolNumber_Random_splitClauses_1":["8"],
"unlabeledSingleVariableTemplatesNumber_Mined_splitClauses_0":["143"],
"unlabeledBinaryVariableTemplatesNumber_PredictedCG_splitClauses_1":["228"],
"solvability_All_splitClauses_0":["10800000"],
"predicateGeneratorTime_RelationalEqs_splitClauses_1":["204"],
"relationSymbolNumberBeforeSimplification_PredictedCDHG_splitClauses_1":["181"],
"smt2FileSizeByte_PredictedCG_splitClauses_1":["45889"],
"labeledSingleVariableTemplatesNumber_Unlabeled_splitClauses_1":["1"],
"labeledBinaryVariableTemplatesNumber_PredictedCG_splitClauses_1":["9"],
"minedBinaryVariableTemplatesNumber_PredictedCG_splitClauses_0":["9"],
"solvability_Random_splitClauses_0":["10800000"],
"relationSymbolNumberAfterSimplification_PredictedCG_splitClauses_1":["52"],
"clauseNumberBeforeSimplification_PredictedCDHG_splitClauses_1":["89"],
"labeledSingleVariableTemplatesNumber_Mined_splitClauses_0":["1"],
"solvability_Unlabeled_splitClauses_1":["1"],
"cegarIterationNumber_Labeled_splitClauses_1":["6"],
"smt2FileSizeByte_Mined_splitClauses_0":["45889"],
"relationSymbolNumberAfterSimplification_Mined_splitClauses_0":["52"],
"labeledSingleVariableTemplatesNumber_PredictedCG_splitClauses_1":["1"],
"smt2FileSizeByte_Octagon_splitClauses_1":["45889"],
"minedTemplateNumber_Labeled_splitClauses_1":["60"],
"labeledSingleVariableTemplatesNumber_RelationalIneqs_splitClauses_1":["1"],
"clauseNumberAfterSimplification_Labeled_splitClauses_1":["41"],
"relationSymbolNumberAfterSimplification_Labeled_splitClauses_0":["52"],
"smt2FileSizeByte_Random_splitClauses_0":["45889"],
"relationSymbolNumberAfterSimplification_PredictedCDHG_splitClauses_0":["52"],
"unlabeledTemplateRelationSymbolNumber_PredictedCDHG_splitClauses_1":["8"],
"labeledSingleVariableTemplatesNumber_Term_splitClauses_0":["1"],
"generatedPredicateNumber_PredictedCDHG_splitClauses_1":["10800000"],
"minedSingleVariableTemplatesNumber_Unlabeled_splitClauses_0":["51"],
"generatedPredicateNumber_Octagon_splitClauses_1":["10"],
"labeledSingleVariableTemplatesNumber_RelationalEqs_splitClauses_0":["1"],
"predicateGeneratorTime_PredictedCG_splitClauses_1":["10800000"],
"relationSymbolNumberAfterSimplification_Octagon_splitClauses_0":["52"],
"labeledTemplateNumber_Labeled_splitClauses_1":["10"],
"labeledSingleVariableTemplatesNumber_Empty_splitClauses_0":["1"],
"minedTemplateRelationSymbolNumber_RelationalIneqs_splitClauses_1":["8"],
"unlabeledSingleVariableTemplatesNumber_All_splitClauses_1":["143"],
"labeledBinaryVariableTemplatesNumber_PredictedCDHG_splitClauses_1":["9"],
"unlabeledSingleVariableTemplatesNumber_RelationalEqs_splitClauses_1":["143"],
"cegarIterationNumber_Term_splitClauses_0":["10800000"],
"unlabeledBinaryVariableTemplatesNumber_Labeled_splitClauses_1":["228"],
"unlabeledSingleVariableTemplatesNumber_Term_splitClauses_1":["143"],
"clauseNumberAfterSimplification_All_splitClauses_1":["41"],
"minedSingleVariableTemplatesNumber_Random_splitClauses_0":["51"],
"solvability_RelationalIneqs_splitClauses_1":["1"],
"minedTemplateNumber_Labeled_splitClauses_0":["60"],
"minedSingleVariableTemplatesNumber_Octagon_splitClauses_0":["51"],
"minedSingleVariableTemplatesNumber_Term_splitClauses_1":["51"],
"minedBinaryVariableTemplatesNumber_PredictedCDHG_splitClauses_1":["9"],
"generatedPredicateNumber_Mined_splitClauses_1":["10"],
"labeledSingleVariableTemplatesNumber_RelationalIneqs_splitClauses_0":["1"],
"averagePredicateSize_Mined_splitClauses_0":["10800000"],
"cegarIterationNumber_Unlabeled_splitClauses_0":["10800000"],
"minedBinaryVariableTemplatesNumber_Random_splitClauses_0":["9"],
"labeledTemplateNumber_Mined_splitClauses_1":["10"],
"labeledBinaryVariableTemplatesNumber_Random_splitClauses_0":["9"],
"unlabeledTemplateRelationSymbolNumber_Unlabeled_splitClauses_1":["8"],
"cegarIterationNumber_Mined_splitClauses_0":["10800000"],
"minedTemplateRelationSymbolNumber_Labeled_splitClauses_0":["8"],
"unlabeledBinaryVariableTemplatesNumber_RelationalIneqs_splitClauses_1":["228"],
"unlabeledBinaryVariableTemplatesNumber_Octagon_splitClauses_0":["228"],
"solvability_Mined_splitClauses_0":["10800000"],
"averagePredicateSize_RelationalEqs_splitClauses_0":["10800000"],
"clauseNumberAfterSimplification_Term_splitClauses_0":["41"],
"unlabeledTemplateNumber_Mined_splitClauses_0":["371"],
"relationSymbolNumberAfterSimplification_Random_splitClauses_1":["52"],
"unlabeledTemplateNumber_PredictedCDHG_splitClauses_0":["371"],
"cegarIterationNumber_RelationalIneqs_splitClauses_1":["6"],
"minedBinaryVariableTemplatesNumber_Unlabeled_splitClauses_1":["9"],
"labeledTemplateNumber_PredictedCG_splitClauses_1":["10"],
"labeledTemplateRelationSymbolNumber_Mined_splitClauses_0":["4"],
"labeledBinaryVariableTemplatesNumber_Mined_splitClauses_1":["9"],
"relationSymbolNumberBeforeSimplification_Mined_splitClauses_0":["181"],
"relationSymbolNumberBeforeSimplification_RelationalIneqs_splitClauses_0":["181"],
"clauseNumberAfterSimplification_RelationalIneqs_splitClauses_1":["41"],
"minedSingleVariableTemplatesNumber_PredictedCDHG_splitClauses_0":["51"],
"solvability_Labeled_splitClauses_1":["1"],
"labeledSingleVariableTemplatesNumber_Octagon_splitClauses_1":["1"],
"averagePredicateSize_Random_splitClauses_0":["10800000"],
"smt2FileSizeByte_RelationalIneqs_splitClauses_0":["45889"],
"generatedPredicateNumber_Unlabeled_splitClauses_0":["10800000"],
"solvability_RelationalEqs_splitClauses_0":["10800000"],
"predicateGeneratorTime_Empty_splitClauses_1":["221"],
"minedSingleVariableTemplatesNumber_Mined_splitClauses_0":["51"],
"relationSymbolNumberAfterSimplification_Unlabeled_splitClauses_0":["52"],
"minedTemplateRelationSymbolNumber_PredictedCDHG_splitClauses_1":["8"],
"minedTemplateNumber_PredictedCG_splitClauses_0":["60"],
"averagePredicateSize_RelationalIneqs_splitClauses_1":["1"],
"labeledTemplateRelationSymbolNumber_Random_splitClauses_1":["4"],
"minedTemplateNumber_RelationalIneqs_splitClauses_0":["60"],
"predicateGeneratorTime_RelationalIneqs_splitClauses_0":["10800000"],
"labeledTemplateRelationSymbolNumber_Empty_splitClauses_0":["4"],
"minedBinaryVariableTemplatesNumber_Octagon_splitClauses_0":["9"],
"labeledSingleVariableTemplatesNumber_Term_splitClauses_1":["1"],
"labeledBinaryVariableTemplatesNumber_Empty_splitClauses_0":["9"],
"minedTemplateNumber_Octagon_splitClauses_0":["60"],
"labeledBinaryVariableTemplatesNumber_Unlabeled_splitClauses_0":["9"],
"relationSymbolNumberBeforeSimplification_Empty_splitClauses_0":["181"],
"clauseNumberAfterSimplification_PredictedCDHG_splitClauses_0":["41"],
"smt2FileSizeByte_PredictedCG_splitClauses_0":["45889"],
"minedBinaryVariableTemplatesNumber_RelationalEqs_splitClauses_0":["9"],
"relationSymbolNumberBeforeSimplification_Unlabeled_splitClauses_0":["181"],
"labeledTemplateRelationSymbolNumber_RelationalEqs_splitClauses_1":["4"],
"minedBinaryVariableTemplatesNumber_Random_splitClauses_1":["9"],
"clauseNumberAfterSimplification_Unlabeled_splitClauses_1":["41"],
"minedSingleVariableTemplatesNumber_PredictedCDHG_splitClauses_1":["51"],
"labeledBinaryVariableTemplatesNumber_Term_splitClauses_1":["9"],
"clauseNumberBeforeSimplification_Empty_splitClauses_1":["89"],
"relationSymbolNumberAfterSimplification_Octagon_splitClauses_1":["52"],
"relationSymbolNumberAfterSimplification_Term_splitClauses_0":["52"],
"minedBinaryVariableTemplatesNumber_Mined_splitClauses_1":["9"],
"unlabeledBinaryVariableTemplatesNumber_Unlabeled_splitClauses_1":["228"],
"relationSymbolNumberBeforeSimplification_Random_splitClauses_0":["181"],
"relationSymbolNumberAfterSimplification_PredictedCDHG_splitClauses_1":["52"],
"unlabeledTemplateNumber_PredictedCG_splitClauses_1":["371"],
"generatedPredicateNumber_Empty_splitClauses_0":["10800000"],
"predicateGeneratorTime_RelationalIneqs_splitClauses_1":["250"],
"unlabeledSingleVariableTemplatesNumber_Empty_splitClauses_0":["143"],
"cegarIterationNumber_Octagon_splitClauses_0":["10800000"],
"clauseNumberAfterSimplification_Octagon_splitClauses_1":["41"],
"unlabeledSingleVariableTemplatesNumber_Labeled_splitClauses_1":["143"],
"clauseNumberBeforeSimplification_Random_splitClauses_1":["89"],
"minedTemplateRelationSymbolNumber_All_splitClauses_0":["8"],
"unlabeledTemplateRelationSymbolNumber_RelationalEqs_splitClauses_0":["8"],
"minedSingleVariableTemplatesNumber_Unlabeled_splitClauses_1":["51"],
"clauseNumberBeforeSimplification_RelationalEqs_splitClauses_0":["89"],
"minedTemplateNumber_Unlabeled_splitClauses_0":["60"],
"generatedPredicateNumber_Octagon_splitClauses_0":["10800000"],
"predicateGeneratorTime_PredictedCDHG_splitClauses_0":["10800000"],
"clauseNumberAfterSimplification_PredictedCG_splitClauses_1":["41"],
"labeledSingleVariableTemplatesNumber_RelationalEqs_splitClauses_1":["1"],
"smt2FileSizeByte_Random_splitClauses_1":["45889"],
"averagePredicateSize_PredictedCG_splitClauses_1":["10800000"],
"cegarIterationNumber_PredictedCDHG_splitClauses_1":["10800000"],
"clauseNumberAfterSimplification_RelationalEqs_splitClauses_1":["41"],
"minedBinaryVariableTemplatesNumber_Empty_splitClauses_1":["9"],
"relationSymbolNumberAfterSimplification_RelationalEqs_splitClauses_1":["52"],
"minedTemplateNumber_PredictedCDHG_splitClauses_0":["60"],
"labeledBinaryVariableTemplatesNumber_All_splitClauses_1":["9"],
"solvingTime_RelationalIneqs_splitClauses_1":["421"],
"unlabeledTemplateRelationSymbolNumber_RelationalEqs_splitClauses_1":["8"],
"smt2FileSizeByte_Unlabeled_splitClauses_0":["45889"],
"relationSymbolNumberBeforeSimplification_Mined_splitClauses_1":["181"],
"relationSymbolNumberAfterSimplification_Mined_splitClauses_1":["52"],
"generatedPredicateNumber_All_splitClauses_0":["10800000"],
"relationSymbolNumberBeforeSimplification_Octagon_splitClauses_1":["181"],
"predicateGeneratorTime_Octagon_splitClauses_1":["241"],
"solvability_Mined_splitClauses_1":["1"],
"minedTemplateRelationSymbolNumber_Term_splitClauses_1":["8"],
"clauseNumberAfterSimplification_Mined_splitClauses_0":["41"],
"solvability_PredictedCDHG_splitClauses_0":["10800000"],
"solvingTime_Empty_splitClauses_0":["10800000"],
"unlabeledSingleVariableTemplatesNumber_Unlabeled_splitClauses_1":["143"],
"minedTemplateNumber_Term_splitClauses_1":["60"],
"averagePredicateSize_Octagon_splitClauses_1":["1"],
"unlabeledSingleVariableTemplatesNumber_Octagon_splitClauses_1":["143"],
"minedTemplateRelationSymbolNumber_RelationalEqs_splitClauses_1":["8"],
"relationSymbolNumberBeforeSimplification_All_splitClauses_1":["181"],
"minedBinaryVariableTemplatesNumber_RelationalIneqs_splitClauses_0":["9"],
"predicateGeneratorTime_Term_splitClauses_1":["188"],
"solvingTime_Labeled_splitClauses_0":["10800000"],
"unlabeledBinaryVariableTemplatesNumber_PredictedCG_splitClauses_0":["228"],
"minedTemplateNumber_All_splitClauses_0":["60"],
"predicateGeneratorTime_Labeled_splitClauses_1":["347"],
"unlabeledTemplateRelationSymbolNumber_Empty_splitClauses_0":["8"],
"unlabeledTemplateNumber_Mined_splitClauses_1":["371"],
"solvability_PredictedCG_splitClauses_1":["10800000"],
"unlabeledTemplateNumber_Term_splitClauses_0":["371"],
"minedBinaryVariableTemplatesNumber_PredictedCG_splitClauses_1":["9"],
"labeledSingleVariableTemplatesNumber_PredictedCDHG_splitClauses_0":["1"],
"minedBinaryVariableTemplatesNumber_All_splitClauses_0":["9"],
"averagePredicateSize_PredictedCDHG_splitClauses_1":["10800000"],
"predicateGeneratorTime_PredictedCG_splitClauses_0":["10800000"],
"generatedPredicateNumber_RelationalIneqs_splitClauses_0":["10800000"],
"labeledTemplateNumber_Empty_splitClauses_0":["10"],
"relationSymbolNumberAfterSimplification_RelationalIneqs_splitClauses_1":["52"],
"unlabeledTemplateRelationSymbolNumber_Term_splitClauses_0":["8"],
"minedTemplateNumber_All_splitClauses_1":["60"],
"labeledSingleVariableTemplatesNumber_Empty_splitClauses_1":["1"],
"minedBinaryVariableTemplatesNumber_Unlabeled_splitClauses_0":["9"],
"labeledTemplateNumber_Random_splitClauses_0":["10"],
"minedBinaryVariableTemplatesNumber_All_splitClauses_1":["9"],
"unlabeledSingleVariableTemplatesNumber_All_splitClauses_0":["143"],
"relationSymbolNumberBeforeSimplification_Labeled_splitClauses_1":["181"],
"smt2FileSizeByte_PredictedCDHG_splitClauses_1":["45889"],
"labeledBinaryVariableTemplatesNumber_PredictedCDHG_splitClauses_0":["9"],
"averagePredicateSize_RelationalEqs_splitClauses_1":["1"],
"minedSingleVariableTemplatesNumber_Term_splitClauses_0":["51"],
"labeledTemplateRelationSymbolNumber_Term_splitClauses_1":["4"],
"generatedPredicateNumber_Random_splitClauses_0":["10800000"],
"labeledBinaryVariableTemplatesNumber_Empty_splitClauses_1":["9"],
"relationSymbolNumberAfterSimplification_Term_splitClauses_1":["52"],
"clauseNumberAfterSimplification_Labeled_splitClauses_0":["41"],
"labeledSingleVariableTemplatesNumber_Labeled_splitClauses_0":["1"],
"minedTemplateNumber_Mined_splitClauses_1":["60"],
"labeledTemplateRelationSymbolNumber_Labeled_splitClauses_0":["4"],
"unlabeledTemplateRelationSymbolNumber_Mined_splitClauses_1":["8"],
"solvability_Labeled_splitClauses_0":["10800000"],
"minedTemplateNumber_RelationalEqs_splitClauses_1":["60"],
"solvingTime_Random_splitClauses_1":["312"],
"minedTemplateNumber_Random_splitClauses_0":["60"],
"cegarIterationNumber_Unlabeled_splitClauses_1":["6"],
"minedTemplateNumber_RelationalIneqs_splitClauses_1":["60"],
"unlabeledBinaryVariableTemplatesNumber_Octagon_splitClauses_1":["228"],
"minedSingleVariableTemplatesNumber_Octagon_splitClauses_1":["51"],
"minedSingleVariableTemplatesNumber_Random_splitClauses_1":["51"],
"averagePredicateSize_All_splitClauses_1":["10800000"],
"minedTemplateNumber_Empty_splitClauses_0":["60"],
"labeledTemplateNumber_Mined_splitClauses_0":["10"],
"unlabeledBinaryVariableTemplatesNumber_All_splitClauses_0":["228"],
"relationSymbolNumberAfterSimplification_Labeled_splitClauses_1":["52"],
"labeledSingleVariableTemplatesNumber_PredictedCDHG_splitClauses_1":["1"],
"minedSingleVariableTemplatesNumber_Mined_splitClauses_1":["51"],
"labeledTemplateRelationSymbolNumber_Term_splitClauses_0":["4"],
"unlabeledTemplateRelationSymbolNumber_Term_splitClauses_1":["8"],
"predicateGeneratorTime_All_splitClauses_1":["10800000"],
"unlabeledSingleVariableTemplatesNumber_Random_splitClauses_0":["143"],
"predicateGeneratorTime_Unlabeled_splitClauses_1":["203"],
"cegarIterationNumber_PredictedCDHG_splitClauses_0":["10800000"],
"labeledTemplateNumber_RelationalEqs_splitClauses_0":["10"],
"labeledTemplateRelationSymbolNumber_Mined_splitClauses_1":["4"],
"labeledTemplateRelationSymbolNumber_Random_splitClauses_0":["4"],
"labeledBinaryVariableTemplatesNumber_RelationalEqs_splitClauses_1":["9"],
"generatedPredicateNumber_RelationalIneqs_splitClauses_1":["10"],
"unlabeledTemplateRelationSymbolNumber_PredictedCG_splitClauses_1":["8"],
"unlabeledSingleVariableTemplatesNumber_RelationalEqs_splitClauses_0":["143"],
"labeledBinaryVariableTemplatesNumber_Labeled_splitClauses_0":["9"],
"minedBinaryVariableTemplatesNumber_PredictedCDHG_splitClauses_0":["9"],
"unlabeledTemplateRelationSymbolNumber_Unlabeled_splitClauses_0":["8"],
"clauseNumberAfterSimplification_Term_splitClauses_1":["41"],
"unlabeledTemplateNumber_Octagon_splitClauses_0":["371"],
"unlabeledBinaryVariableTemplatesNumber_RelationalEqs_splitClauses_1":["228"],
"unlabeledTemplateNumber_PredictedCG_splitClauses_0":["371"],
"unlabeledTemplateNumber_All_splitClauses_0":["371"],
"labeledTemplateRelationSymbolNumber_RelationalIneqs_splitClauses_1":["4"],
"unlabeledSingleVariableTemplatesNumber_Mined_splitClauses_1":["143"],
"labeledTemplateRelationSymbolNumber_Unlabeled_splitClauses_1":["4"],
"labeledBinaryVariableTemplatesNumber_Random_splitClauses_1":["9"],
"solvability_Random_splitClauses_1":["1"],
"solvingTime_Term_splitClauses_0":["10800000"],
"minedSingleVariableTemplatesNumber_Labeled_splitClauses_1":["51"],
"clauseNumberBeforeSimplification_Term_splitClauses_0":["89"],
"relationSymbolNumberBeforeSimplification_RelationalIneqs_splitClauses_1":["181"],
"minedTemplateRelationSymbolNumber_Mined_splitClauses_0":["8"],
"solvability_Octagon_splitClauses_1":["1"],
"minedSingleVariableTemplatesNumber_RelationalIneqs_splitClauses_1":["51"],
"smt2FileSizeByte_Labeled_splitClauses_0":["45889"],
"solvability_RelationalEqs_splitClauses_1":["1"],
"unlabeledSingleVariableTemplatesNumber_Empty_splitClauses_1":["143"],
"labeledTemplateNumber_PredictedCDHG_splitClauses_1":["10"],
"minedTemplateRelationSymbolNumber_Octagon_splitClauses_0":["8"],
"clauseNumberAfterSimplification_Unlabeled_splitClauses_0":["41"],
"clauseNumberBeforeSimplification_Unlabeled_splitClauses_0":["89"],
"clauseNumberBeforeSimplification_PredictedCDHG_splitClauses_0":["89"],
"cegarIterationNumber_RelationalIneqs_splitClauses_0":["10800000"],
"labeledTemplateRelationSymbolNumber_RelationalEqs_splitClauses_0":["4"],
"averagePredicateSize_Labeled_splitClauses_0":["10800000"],
"smt2FileSizeByte_RelationalIneqs_splitClauses_1":["45889"],
"clauseNumberBeforeSimplification_RelationalEqs_splitClauses_1":["89"],
"unlabeledTemplateRelationSymbolNumber_RelationalIneqs_splitClauses_1":["8"],
"clauseNumberBeforeSimplification_PredictedCG_splitClauses_0":["89"],
"solvingTime_PredictedCDHG_splitClauses_0":["10800000"],
"labeledTemplateRelationSymbolNumber_Octagon_splitClauses_1":["4"],
"minedTemplateRelationSymbolNumber_PredictedCG_splitClauses_1":["8"],
"relationSymbolNumberBeforeSimplification_RelationalEqs_splitClauses_1":["181"],
"labeledTemplateNumber_Random_splitClauses_1":["10"],
"solvingTime_RelationalIneqs_splitClauses_0":["10800000"],
"labeledTemplateNumber_All_splitClauses_1":["10"],
"unlabeledTemplateNumber_Random_splitClauses_1":["371"],
"relationSymbolNumberBeforeSimplification_All_splitClauses_0":["181"],
"smt2FileSizeByte_Unlabeled_splitClauses_1":["45889"],
"cegarIterationNumber_PredictedCG_splitClauses_0":["10800000"],
"predicateGeneratorTime_Octagon_splitClauses_0":["10800000"],
"unlabeledTemplateNumber_RelationalEqs_splitClauses_1":["371"],
"clauseNumberAfterSimplification_Octagon_splitClauses_0":["41"],
"cegarIterationNumber_Random_splitClauses_0":["10800000"],
"solvability_PredictedCDHG_splitClauses_1":["10800000"],
"solvability_PredictedCG_splitClauses_0":["10800000"],
"solvingTime_PredictedCG_splitClauses_1":["10800000"],
"unlabeledSingleVariableTemplatesNumber_Unlabeled_splitClauses_0":["143"],
"unlabeledTemplateNumber_Unlabeled_splitClauses_0":["371"],
"labeledTemplateRelationSymbolNumber_RelationalIneqs_splitClauses_0":["4"],
"minedTemplateNumber_Random_splitClauses_1":["60"],
"generatedPredicateNumber_RelationalEqs_splitClauses_0":["10800000"],
"minedTemplateNumber_Term_splitClauses_0":["60"],
"solvingTime_All_splitClauses_1":["10800000"],
"minedSingleVariableTemplatesNumber_PredictedCG_splitClauses_0":["51"],
"smt2FileSizeByte_Term_splitClauses_1":["45889"],
"labeledBinaryVariableTemplatesNumber_All_splitClauses_0":["9"],
"minedTemplateNumber_PredictedCDHG_splitClauses_1":["60"],
"minedTemplateRelationSymbolNumber_PredictedCDHG_splitClauses_0":["8"],
"averagePredicateSize_Unlabeled_splitClauses_0":["10800000"],
"minedBinaryVariableTemplatesNumber_Octagon_splitClauses_1":["9"],
"unlabeledSingleVariableTemplatesNumber_Random_splitClauses_1":["143"],
"clauseNumberBeforeSimplification_Random_splitClauses_0":["89"],
"solvingTime_Unlabeled_splitClauses_1":["332"],
"predicateGeneratorTime_PredictedCDHG_splitClauses_1":["10800000"],
"averagePredicateSize_PredictedCDHG_splitClauses_0":["10800000"],
"relationSymbolNumberAfterSimplification_RelationalEqs_splitClauses_0":["52"],
"minedBinaryVariableTemplatesNumber_Term_splitClauses_0":["9"],
"labeledTemplateNumber_RelationalIneqs_splitClauses_0":["10"],
"clauseNumberAfterSimplification_Random_splitClauses_0":["41"],
"clauseNumberAfterSimplification_PredictedCG_splitClauses_0":["41"],
"generatedPredicateNumber_Empty_splitClauses_1":["10"],
"clauseNumberBeforeSimplification_Octagon_splitClauses_0":["89"],
"unlabeledTemplateNumber_Empty_splitClauses_0":["371"],
"minedSingleVariableTemplatesNumber_All_splitClauses_0":["51"],
"labeledTemplateRelationSymbolNumber_Octagon_splitClauses_0":["4"],
"generatedPredicateNumber_Random_splitClauses_1":["10"],
"clauseNumberAfterSimplification_RelationalEqs_splitClauses_0":["41"],
"labeledBinaryVariableTemplatesNumber_Term_splitClauses_0":["9"],
"minedSingleVariableTemplatesNumber_RelationalEqs_splitClauses_0":["51"],
"minedTemplateNumber_Mined_splitClauses_0":["60"],
"relationSymbolNumberBeforeSimplification_PredictedCG_splitClauses_0":["181"],
"averagePredicateSize_Octagon_splitClauses_0":["10800000"],
"unlabeledBinaryVariableTemplatesNumber_Empty_splitClauses_1":["228"],
"unlabeledSingleVariableTemplatesNumber_PredictedCDHG_splitClauses_0":["143"],
"unlabeledSingleVariableTemplatesNumber_PredictedCG_splitClauses_1":["143"],
"labeledTemplateRelationSymbolNumber_Labeled_splitClauses_1":["4"],
"minedTemplateRelationSymbolNumber_Random_splitClauses_0":["8"],
"unlabeledTemplateRelationSymbolNumber_PredictedCG_splitClauses_0":["8"],
"unlabeledTemplateNumber_RelationalIneqs_splitClauses_0":["371"],
"unlabeledSingleVariableTemplatesNumber_Labeled_splitClauses_0":["143"],
"relationSymbolNumberAfterSimplification_PredictedCG_splitClauses_0":["52"],
"minedTemplateNumber_Unlabeled_splitClauses_1":["60"],
"generatedPredicateNumber_PredictedCG_splitClauses_0":["10800000"],
"labeledTemplateNumber_Unlabeled_splitClauses_1":["10"],
"unlabeledTemplateRelationSymbolNumber_Empty_splitClauses_1":["8"],
"clauseNumberBeforeSimplification_Empty_splitClauses_0":["89"],
"solvingTime_Octagon_splitClauses_1":["435"],
"cegarIterationNumber_Mined_splitClauses_1":["6"],
"clauseNumberBeforeSimplification_Mined_splitClauses_1":["89"],
"smt2FileSizeByte_PredictedCDHG_splitClauses_0":["45889"],
"averagePredicateSize_PredictedCG_splitClauses_0":["10800000"],
"solvingTime_Random_splitClauses_0":["10800000"],
"minedTemplateNumber_RelationalEqs_splitClauses_0":["60"],
"unlabeledSingleVariableTemplatesNumber_RelationalIneqs_splitClauses_0":["143"],
"unlabeledTemplateNumber_Unlabeled_splitClauses_1":["371"],
"labeledBinaryVariableTemplatesNumber_RelationalEqs_splitClauses_0":["9"],
"generatedPredicateNumber_PredictedCDHG_splitClauses_0":["10800000"],
"relationSymbolNumberAfterSimplification_RelationalIneqs_splitClauses_0":["52"],
"minedTemplateRelationSymbolNumber_Empty_splitClauses_1":["8"],
"predicateGeneratorTime_Random_splitClauses_1":["198"],
"labeledTemplateNumber_Term_splitClauses_1":["10"],
"relationSymbolNumberBeforeSimplification_RelationalEqs_splitClauses_0":["181"],
"minedSingleVariableTemplatesNumber_Empty_splitClauses_1":["51"],
"minedSingleVariableTemplatesNumber_RelationalIneqs_splitClauses_0":["51"],
"clauseNumberAfterSimplification_All_splitClauses_0":["41"],
"unlabeledBinaryVariableTemplatesNumber_RelationalEqs_splitClauses_0":["228"],
"cegarIterationNumber_RelationalEqs_splitClauses_0":["10800000"],
"labeledTemplateRelationSymbolNumber_PredictedCDHG_splitClauses_0":["4"],
"labeledSingleVariableTemplatesNumber_Labeled_splitClauses_1":["1"],
"unlabeledBinaryVariableTemplatesNumber_All_splitClauses_1":["228"],
"minedTemplateRelationSymbolNumber_Unlabeled_splitClauses_1":["8"],
"solvingTime_RelationalEqs_splitClauses_0":["10800000"],
"solvingTime_RelationalEqs_splitClauses_1":["300"],
"minedBinaryVariableTemplatesNumber_Mined_splitClauses_0":["9"],
"clauseNumberBeforeSimplification_All_splitClauses_0":["89"],
"clauseNumberBeforeSimplification_RelationalIneqs_splitClauses_1":["89"],
"labeledTemplateNumber_RelationalEqs_splitClauses_1":["10"],
"labeledBinaryVariableTemplatesNumber_RelationalIneqs_splitClauses_0":["9"],
"relationSymbolNumberBeforeSimplification_Labeled_splitClauses_0":["181"],
"clauseNumberAfterSimplification_Empty_splitClauses_0":["41"],
"averagePredicateSize_Empty_splitClauses_0":["10800000"],
"unlabeledTemplateNumber_Term_splitClauses_1":["371"],
"predicateGeneratorTime_Mined_splitClauses_1":["247"],
"labeledBinaryVariableTemplatesNumber_RelationalIneqs_splitClauses_1":["9"],
"predicateGeneratorTime_Unlabeled_splitClauses_0":["10800000"],
"relationSymbolNumberAfterSimplification_Empty_splitClauses_0":["52"],
"generatedPredicateNumber_Mined_splitClauses_0":["10800000"],
"generatedPredicateNumber_RelationalEqs_splitClauses_1":["10"],
"labeledTemplateRelationSymbolNumber_PredictedCG_splitClauses_0":["4"],
"minedSingleVariableTemplatesNumber_PredictedCG_splitClauses_1":["51"],
"minedTemplateRelationSymbolNumber_PredictedCG_splitClauses_0":["8"],
"unlabeledTemplateRelationSymbolNumber_Labeled_splitClauses_0":["8"],
"solvability_Empty_splitClauses_1":["1"],
"averagePredicateSize_Term_splitClauses_0":["10800000"],
"cegarIterationNumber_Random_splitClauses_1":["6"],
"averagePredicateSize_Labeled_splitClauses_1":["1"],
"unlabeledBinaryVariableTemplatesNumber_Unlabeled_splitClauses_0":["228"],
"generatedPredicateNumber_Unlabeled_splitClauses_1":["10"],
"predicateGeneratorTime_All_splitClauses_0":["10800000"],
"unlabeledBinaryVariableTemplatesNumber_PredictedCDHG_splitClauses_1":["228"],
"clauseNumberBeforeSimplification_Labeled_splitClauses_1":["89"],
"minedBinaryVariableTemplatesNumber_Labeled_splitClauses_1":["9"],
"labeledSingleVariableTemplatesNumber_All_splitClauses_0":["1"],
"unlabeledTemplateRelationSymbolNumber_Mined_splitClauses_0":["8"],
"cegarIterationNumber_Octagon_splitClauses_1":["6"],
"labeledTemplateNumber_Octagon_splitClauses_0":["10"],
"labeledTemplateRelationSymbolNumber_All_splitClauses_1":["4"],
"smt2FileSizeByte_Empty_splitClauses_0":["45889"],
"unlabeledTemplateNumber_Octagon_splitClauses_1":["371"],
"predicateGeneratorTime_RelationalEqs_splitClauses_0":["10800000"],
"unlabeledTemplateRelationSymbolNumber_RelationalIneqs_splitClauses_0":["8"],
"smt2FileSizeByte_RelationalEqs_splitClauses_1":["45889"],
"unlabeledTemplateNumber_Labeled_splitClauses_0":["371"],
"minedSingleVariableTemplatesNumber_Labeled_splitClauses_0":["51"],
"solvingTime_PredictedCDHG_splitClauses_1":["10800000"],
"relationSymbolNumberBeforeSimplification_Term_splitClauses_1":["181"],
"minedTemplateNumber_Octagon_splitClauses_1":["60"],
"clauseNumberBeforeSimplification_Mined_splitClauses_0":["89"],
"smt2FileSizeByte_All_splitClauses_0":["45889"],
"solvingTime_All_splitClauses_0":["10800000"],
"minedBinaryVariableTemplatesNumber_Term_splitClauses_1":["9"],
"unlabeledTemplateRelationSymbolNumber_Random_splitClauses_0":["8"],
"cegarIterationNumber_All_splitClauses_0":["10800000"],
"smt2FileSizeByte_RelationalEqs_splitClauses_0":["45889"],
"unlabeledSingleVariableTemplatesNumber_PredictedCDHG_splitClauses_1":["143"],
"clauseNumberBeforeSimplification_Labeled_splitClauses_0":["89"],
"cegarIterationNumber_PredictedCG_splitClauses_1":["10800000"],
"labeledTemplateRelationSymbolNumber_Unlabeled_splitClauses_0":["4"],
"unlabeledTemplateRelationSymbolNumber_Octagon_splitClauses_1":["8"],
"unlabeledTemplateNumber_Empty_splitClauses_1":["371"],
"clauseNumberBeforeSimplification_Octagon_splitClauses_1":["89"],
"labeledTemplateNumber_Unlabeled_splitClauses_0":["10"],
"labeledBinaryVariableTemplatesNumber_PredictedCG_splitClauses_0":["9"],
"solvability_Term_splitClauses_1":["1"],
"solvability_Octagon_splitClauses_0":["10800000"],
"minedTemplateRelationSymbolNumber_RelationalIneqs_splitClauses_0":["8"],
"clauseNumberBeforeSimplification_RelationalIneqs_splitClauses_0":["89"],
"labeledTemplateNumber_PredictedCG_splitClauses_0":["10"],
"cegarIterationNumber_Labeled_splitClauses_0":["10800000"],
"smt2FileSizeByte_Labeled_splitClauses_1":["45889"],
"clauseNumberBeforeSimplification_Unlabeled_splitClauses_1":["89"],
"generatedPredicateNumber_Term_splitClauses_1":["10"],
"solvingTime_Term_splitClauses_1":["279"],
"unlabeledBinaryVariableTemplatesNumber_Random_splitClauses_1":["228"],
"unlabeledSingleVariableTemplatesNumber_Octagon_splitClauses_0":["143"],
"solvingTime_Octagon_splitClauses_0":["10800000"],
"labeledSingleVariableTemplatesNumber_Mined_splitClauses_1":["1"],
"averagePredicateSize_Term_splitClauses_1":["1"],
"labeledTemplateNumber_Labeled_splitClauses_0":["10"],
"unlabeledSingleVariableTemplatesNumber_PredictedCG_splitClauses_0":["143"],
"smt2FileSizeByte_Mined_splitClauses_1":["45889"],
"labeledBinaryVariableTemplatesNumber_Unlabeled_splitClauses_1":["9"],
"labeledTemplateNumber_All_splitClauses_0":["10"],
"unlabeledTemplateNumber_Random_splitClauses_0":["371"],
"labeledTemplateNumber_Octagon_splitClauses_1":["10"],
"unlabeledTemplateNumber_PredictedCDHG_splitClauses_1":["371"],
"unlabeledBinaryVariableTemplatesNumber_Mined_splitClauses_0":["228"],
"minedTemplateRelationSymbolNumber_Mined_splitClauses_1":["8"],
"labeledTemplateNumber_RelationalIneqs_splitClauses_1":["10"],
"relationSymbolNumberAfterSimplification_All_splitClauses_0":["52"],
"relationSymbolNumberBeforeSimplification_PredictedCDHG_splitClauses_0":["181"],
"solvability_Term_splitClauses_0":["10800000"],
"clauseNumberBeforeSimplification_PredictedCG_splitClauses_1":["89"],
"generatedPredicateNumber_Labeled_splitClauses_1":["10"],
"labeledSingleVariableTemplatesNumber_Unlabeled_splitClauses_0":["1"],
"unlabeledBinaryVariableTemplatesNumber_Empty_splitClauses_0":["228"],
"solvingTime_Mined_splitClauses_0":["10800000"],
"unlabeledTemplateNumber_All_splitClauses_1":["371"],
"clauseNumberAfterSimplification_Random_splitClauses_1":["41"],
"labeledBinaryVariableTemplatesNumber_Octagon_splitClauses_1":["9"],
"unlabeledBinaryVariableTemplatesNumber_Labeled_splitClauses_0":["228"],
"smt2FileSizeByte_Octagon_splitClauses_0":["45889"],
"labeledSingleVariableTemplatesNumber_Random_splitClauses_1":["1"],
"solvability_Unlabeled_splitClauses_0":["10800000"],
"solvingTime_Unlabeled_splitClauses_0":["10800000"],
"unlabeledTemplateRelationSymbolNumber_All_splitClauses_1":["8"],
"minedTemplateNumber_Empty_splitClauses_1":["60"],
"solvability_RelationalIneqs_splitClauses_0":["10800000"],
"unlabeledTemplateRelationSymbolNumber_Labeled_splitClauses_1":["8"],
"cegarIterationNumber_RelationalEqs_splitClauses_1":["6"],
"minedSingleVariableTemplatesNumber_RelationalEqs_splitClauses_1":["51"],
"clauseNumberAfterSimplification_PredictedCDHG_splitClauses_1":["41"],
"minedBinaryVariableTemplatesNumber_RelationalIneqs_splitClauses_1":["9"],
"unlabeledBinaryVariableTemplatesNumber_Mined_splitClauses_1":["228"],
"unlabeledBinaryVariableTemplatesNumber_PredictedCDHG_splitClauses_0":["228"],
"solvingTime_Empty_splitClauses_1":["328"],
"labeledTemplateRelationSymbolNumber_Empty_splitClauses_1":["4"],
"generatedPredicateNumber_Term_splitClauses_0":["10800000"],
"averagePredicateSize_Empty_splitClauses_1":["1"],
"generatedPredicateNumber_PredictedCG_splitClauses_1":["10800000"],
"labeledTemplateRelationSymbolNumber_PredictedCDHG_splitClauses_1":["4"],
"predicateGeneratorTime_Mined_splitClauses_0":["10800000"],
"relationSymbolNumberBeforeSimplification_Term_splitClauses_0":["181"],
"predicateGeneratorTime_Labeled_splitClauses_0":["10800000"],
"labeledSingleVariableTemplatesNumber_Random_splitClauses_0":["1"],
"unlabeledTemplateRelationSymbolNumber_All_splitClauses_0":["8"],
"minedBinaryVariableTemplatesNumber_Labeled_splitClauses_0":["9"],
"generatedPredicateNumber_Labeled_splitClauses_0":["10800000"],
"relationSymbolNumberAfterSimplification_Empty_splitClauses_1":["52"],
"solvingTime_Mined_splitClauses_1":["393"],
"minedSingleVariableTemplatesNumber_All_splitClauses_1":["51"],
"predicateGeneratorTime_Random_splitClauses_0":["10800000"],
"cegarIterationNumber_Term_splitClauses_1":["6"],
"labeledTemplateNumber_Empty_splitClauses_1":["10"],
"clauseNumberAfterSimplification_Empty_splitClauses_1":["41"],
"minedTemplateRelationSymbolNumber_Empty_splitClauses_0":["8"],
"unlabeledSingleVariableTemplatesNumber_Term_splitClauses_0":["143"],
"minedSingleVariableTemplatesNumber_Empty_splitClauses_0":["51"],
"relationSymbolNumberAfterSimplification_Random_splitClauses_0":["52"],
"minedTemplateRelationSymbolNumber_RelationalEqs_splitClauses_0":["8"],
"cegarIterationNumber_Empty_splitClauses_0":["10800000"],
"minedBinaryVariableTemplatesNumber_RelationalEqs_splitClauses_1":["9"],
"relationSymbolNumberBeforeSimplification_PredictedCG_splitClauses_1":["181"],
"labeledSingleVariableTemplatesNumber_All_splitClauses_1":["1"],
"unlabeledTemplateRelationSymbolNumber_Octagon_splitClauses_0":["8"],
"minedTemplateRelationSymbolNumber_Unlabeled_splitClauses_0":["8"],
"labeledBinaryVariableTemplatesNumber_Mined_splitClauses_0":["9"],
"relationSymbolNumberAfterSimplification_Unlabeled_splitClauses_1":["52"],
"minedTemplateNumber_PredictedCG_splitClauses_1":["60"],
"cegarIterationNumber_Empty_splitClauses_1":["6"],
"averagePredicateSize_RelationalIneqs_splitClauses_0":["10800000"],
"solvability_All_splitClauses_1":["10800000"],
"unlabeledBinaryVariableTemplatesNumber_Term_splitClauses_1":["228"],
"minedTemplateRelationSymbolNumber_Labeled_splitClauses_1":["8"],
"averagePredicateSize_Unlabeled_splitClauses_1":["1"],
"labeledTemplateNumber_Term_splitClauses_0":["10"],
"smt2FileSizeByte_Empty_splitClauses_1":["45889"],
"solvingTime_PredictedCG_splitClauses_0":["10800000"],
"cegarIterationNumber_All_splitClauses_1":["10800000"],
"clauseNumberBeforeSimplification_Term_splitClauses_1":["89"],
"predicateGeneratorTime_Empty_splitClauses_0":["10800000"],
"relationSymbolNumberBeforeSimplification_Empty_splitClauses_1":["181"],
"averagePredicateSize_All_splitClauses_0":["10800000"],
"unlabeledBinaryVariableTemplatesNumber_Random_splitClauses_0":["228"],
"smt2FileSizeByte_Term_splitClauses_0":["45889"],
"averagePredicateSize_Mined_splitClauses_1":["1"],
"minedBinaryVariableTemplatesNumber_Empty_splitClauses_0":["9"],
"minedTemplateRelationSymbolNumber_All_splitClauses_1":["8"],
"labeledSingleVariableTemplatesNumber_PredictedCG_splitClauses_0":["1"],
"unlabeledBinaryVariableTemplatesNumber_RelationalIneqs_splitClauses_0":["228"],
"unlabeledSingleVariableTemplatesNumber_RelationalIneqs_splitClauses_1":["143"],
"clauseNumberAfterSimplification_RelationalIneqs_splitClauses_0":["41"],
"unlabeledTemplateNumber_RelationalEqs_splitClauses_0":["371"],
"unlabeledTemplateNumber_RelationalIneqs_splitClauses_1":["371"],
"labeledTemplateRelationSymbolNumber_PredictedCG_splitClauses_1":["4"],
"labeledTemplateRelationSymbolNumber_All_splitClauses_0":["4"],
"labeledSingleVariableTemplatesNumber_Octagon_splitClauses_0":["1"],
"dummyFiled":[]
}