{
"smt2FileSizeByte_All_splitClauses_1":["9051"],
"generatedPredicateNumber_All_splitClauses_1":["10800000"],
"unlabeledTemplateRelationSymbolNumber_PredictedCDHG_splitClauses_0":["1"],
"relationSymbolNumberBeforeSimplification_Unlabeled_splitClauses_1":["24"],
"predicateGeneratorTime_Term_splitClauses_0":["10800000"],
"averagePredicateSize_Random_splitClauses_1":["1"],
"labeledBinaryVariableTemplatesNumber_Labeled_splitClauses_1":["3"],
"clauseNumberBeforeSimplification_All_splitClauses_1":["12"],
"minedTemplateRelationSymbolNumber_Term_splitClauses_0":["1"],
"solvingTime_Labeled_splitClauses_1":["2331"],
"unlabeledTemplateNumber_Labeled_splitClauses_1":["32"],
"relationSymbolNumberAfterSimplification_All_splitClauses_1":["12400"],
"minedTemplateRelationSymbolNumber_Octagon_splitClauses_1":["1"],
"clauseNumberAfterSimplification_Mined_splitClauses_1":["7168"],
"relationSymbolNumberBeforeSimplification_Octagon_splitClauses_0":["24"],
"unlabeledBinaryVariableTemplatesNumber_Term_splitClauses_0":["18"],
"labeledTemplateNumber_PredictedCDHG_splitClauses_0":["6"],
"solvability_Empty_splitClauses_0":["10800000"],
"unlabeledTemplateRelationSymbolNumber_Random_splitClauses_1":["1"],
"labeledBinaryVariableTemplatesNumber_Octagon_splitClauses_0":["3"],
"relationSymbolNumberBeforeSimplification_Random_splitClauses_1":["24"],
"minedTemplateRelationSymbolNumber_Random_splitClauses_1":["1"],
"unlabeledSingleVariableTemplatesNumber_Mined_splitClauses_0":["14"],
"unlabeledBinaryVariableTemplatesNumber_PredictedCG_splitClauses_1":["18"],
"solvability_All_splitClauses_0":["10800000"],
"predicateGeneratorTime_RelationalEqs_splitClauses_1":["221"],
"relationSymbolNumberBeforeSimplification_PredictedCDHG_splitClauses_1":["24"],
"smt2FileSizeByte_PredictedCG_splitClauses_1":["9051"],
"labeledSingleVariableTemplatesNumber_Unlabeled_splitClauses_1":["3"],
"labeledBinaryVariableTemplatesNumber_PredictedCG_splitClauses_1":["3"],
"minedBinaryVariableTemplatesNumber_PredictedCG_splitClauses_0":["3"],
"solvability_Random_splitClauses_0":["10800000"],
"relationSymbolNumberAfterSimplification_PredictedCG_splitClauses_1":["12400"],
"clauseNumberBeforeSimplification_PredictedCDHG_splitClauses_1":["12"],
"labeledSingleVariableTemplatesNumber_Mined_splitClauses_0":["3"],
"solvability_Unlabeled_splitClauses_1":["1"],
"cegarIterationNumber_Labeled_splitClauses_1":["7"],
"smt2FileSizeByte_Mined_splitClauses_0":["9051"],
"relationSymbolNumberAfterSimplification_Mined_splitClauses_0":["12400"],
"labeledSingleVariableTemplatesNumber_PredictedCG_splitClauses_1":["3"],
"smt2FileSizeByte_Octagon_splitClauses_1":["9051"],
"minedTemplateNumber_Labeled_splitClauses_1":["9"],
"labeledSingleVariableTemplatesNumber_RelationalIneqs_splitClauses_1":["3"],
"clauseNumberAfterSimplification_Labeled_splitClauses_1":["7168"],
"relationSymbolNumberAfterSimplification_Labeled_splitClauses_0":["12400"],
"smt2FileSizeByte_Random_splitClauses_0":["9051"],
"relationSymbolNumberAfterSimplification_PredictedCDHG_splitClauses_0":["12400"],
"unlabeledTemplateRelationSymbolNumber_PredictedCDHG_splitClauses_1":["1"],
"labeledSingleVariableTemplatesNumber_Term_splitClauses_0":["3"],
"generatedPredicateNumber_PredictedCDHG_splitClauses_1":["10800000"],
"minedSingleVariableTemplatesNumber_Unlabeled_splitClauses_0":["6"],
"generatedPredicateNumber_Octagon_splitClauses_1":["8"],
"labeledSingleVariableTemplatesNumber_RelationalEqs_splitClauses_0":["3"],
"predicateGeneratorTime_PredictedCG_splitClauses_1":["10800000"],
"relationSymbolNumberAfterSimplification_Octagon_splitClauses_0":["12400"],
"labeledTemplateNumber_Labeled_splitClauses_1":["6"],
"labeledSingleVariableTemplatesNumber_Empty_splitClauses_0":["3"],
"minedTemplateRelationSymbolNumber_RelationalIneqs_splitClauses_1":["1"],
"unlabeledSingleVariableTemplatesNumber_All_splitClauses_1":["14"],
"labeledBinaryVariableTemplatesNumber_PredictedCDHG_splitClauses_1":["3"],
"unlabeledSingleVariableTemplatesNumber_RelationalEqs_splitClauses_1":["14"],
"cegarIterationNumber_Term_splitClauses_0":["10800000"],
"unlabeledBinaryVariableTemplatesNumber_Labeled_splitClauses_1":["18"],
"unlabeledSingleVariableTemplatesNumber_Term_splitClauses_1":["14"],
"clauseNumberAfterSimplification_All_splitClauses_1":["7168"],
"minedSingleVariableTemplatesNumber_Random_splitClauses_0":["6"],
"solvability_RelationalIneqs_splitClauses_1":["1"],
"minedTemplateNumber_Labeled_splitClauses_0":["9"],
"minedSingleVariableTemplatesNumber_Octagon_splitClauses_0":["6"],
"minedSingleVariableTemplatesNumber_Term_splitClauses_1":["6"],
"minedBinaryVariableTemplatesNumber_PredictedCDHG_splitClauses_1":["3"],
"generatedPredicateNumber_Mined_splitClauses_1":["8"],
"labeledSingleVariableTemplatesNumber_RelationalIneqs_splitClauses_0":["3"],
"averagePredicateSize_Mined_splitClauses_0":["10800000"],
"cegarIterationNumber_Unlabeled_splitClauses_0":["10800000"],
"minedBinaryVariableTemplatesNumber_Random_splitClauses_0":["3"],
"labeledTemplateNumber_Mined_splitClauses_1":["6"],
"labeledBinaryVariableTemplatesNumber_Random_splitClauses_0":["3"],
"unlabeledTemplateRelationSymbolNumber_Unlabeled_splitClauses_1":["1"],
"cegarIterationNumber_Mined_splitClauses_0":["10800000"],
"minedTemplateRelationSymbolNumber_Labeled_splitClauses_0":["1"],
"unlabeledBinaryVariableTemplatesNumber_RelationalIneqs_splitClauses_1":["18"],
"unlabeledBinaryVariableTemplatesNumber_Octagon_splitClauses_0":["18"],
"solvability_Mined_splitClauses_0":["10800000"],
"averagePredicateSize_RelationalEqs_splitClauses_0":["10800000"],
"clauseNumberAfterSimplification_Term_splitClauses_0":["7168"],
"unlabeledTemplateNumber_Mined_splitClauses_0":["32"],
"relationSymbolNumberAfterSimplification_Random_splitClauses_1":["12400"],
"unlabeledTemplateNumber_PredictedCDHG_splitClauses_0":["32"],
"cegarIterationNumber_RelationalIneqs_splitClauses_1":["7"],
"minedBinaryVariableTemplatesNumber_Unlabeled_splitClauses_1":["3"],
"labeledTemplateNumber_PredictedCG_splitClauses_1":["6"],
"labeledTemplateRelationSymbolNumber_Mined_splitClauses_0":["1"],
"labeledBinaryVariableTemplatesNumber_Mined_splitClauses_1":["3"],
"relationSymbolNumberBeforeSimplification_Mined_splitClauses_0":["24"],
"relationSymbolNumberBeforeSimplification_RelationalIneqs_splitClauses_0":["24"],
"clauseNumberAfterSimplification_RelationalIneqs_splitClauses_1":["7168"],
"minedSingleVariableTemplatesNumber_PredictedCDHG_splitClauses_0":["6"],
"solvability_Labeled_splitClauses_1":["1"],
"labeledSingleVariableTemplatesNumber_Octagon_splitClauses_1":["3"],
"averagePredicateSize_Random_splitClauses_0":["10800000"],
"smt2FileSizeByte_RelationalIneqs_splitClauses_0":["9051"],
"generatedPredicateNumber_Unlabeled_splitClauses_0":["10800000"],
"solvability_RelationalEqs_splitClauses_0":["10800000"],
"predicateGeneratorTime_Empty_splitClauses_1":["10800000"],
"minedSingleVariableTemplatesNumber_Mined_splitClauses_0":["6"],
"relationSymbolNumberAfterSimplification_Unlabeled_splitClauses_0":["12400"],
"minedTemplateRelationSymbolNumber_PredictedCDHG_splitClauses_1":["1"],
"minedTemplateNumber_PredictedCG_splitClauses_0":["9"],
"averagePredicateSize_RelationalIneqs_splitClauses_1":["1"],
"labeledTemplateRelationSymbolNumber_Random_splitClauses_1":["1"],
"minedTemplateNumber_RelationalIneqs_splitClauses_0":["9"],
"predicateGeneratorTime_RelationalIneqs_splitClauses_0":["10800000"],
"labeledTemplateRelationSymbolNumber_Empty_splitClauses_0":["1"],
"minedBinaryVariableTemplatesNumber_Octagon_splitClauses_0":["3"],
"labeledSingleVariableTemplatesNumber_Term_splitClauses_1":["3"],
"labeledBinaryVariableTemplatesNumber_Empty_splitClauses_0":["3"],
"minedTemplateNumber_Octagon_splitClauses_0":["9"],
"labeledBinaryVariableTemplatesNumber_Unlabeled_splitClauses_0":["3"],
"relationSymbolNumberBeforeSimplification_Empty_splitClauses_0":["24"],
"clauseNumberAfterSimplification_PredictedCDHG_splitClauses_0":["7168"],
"smt2FileSizeByte_PredictedCG_splitClauses_0":["9051"],
"minedBinaryVariableTemplatesNumber_RelationalEqs_splitClauses_0":["3"],
"relationSymbolNumberBeforeSimplification_Unlabeled_splitClauses_0":["24"],
"labeledTemplateRelationSymbolNumber_RelationalEqs_splitClauses_1":["1"],
"minedBinaryVariableTemplatesNumber_Random_splitClauses_1":["3"],
"clauseNumberAfterSimplification_Unlabeled_splitClauses_1":["7168"],
"minedSingleVariableTemplatesNumber_PredictedCDHG_splitClauses_1":["6"],
"labeledBinaryVariableTemplatesNumber_Term_splitClauses_1":["3"],
"clauseNumberBeforeSimplification_Empty_splitClauses_1":["12"],
"relationSymbolNumberAfterSimplification_Octagon_splitClauses_1":["12400"],
"relationSymbolNumberAfterSimplification_Term_splitClauses_0":["12400"],
"minedBinaryVariableTemplatesNumber_Mined_splitClauses_1":["3"],
"unlabeledBinaryVariableTemplatesNumber_Unlabeled_splitClauses_1":["18"],
"relationSymbolNumberBeforeSimplification_Random_splitClauses_0":["24"],
"relationSymbolNumberAfterSimplification_PredictedCDHG_splitClauses_1":["12400"],
"unlabeledTemplateNumber_PredictedCG_splitClauses_1":["32"],
"generatedPredicateNumber_Empty_splitClauses_0":["10800000"],
"predicateGeneratorTime_RelationalIneqs_splitClauses_1":["234"],
"unlabeledSingleVariableTemplatesNumber_Empty_splitClauses_0":["14"],
"cegarIterationNumber_Octagon_splitClauses_0":["10800000"],
"clauseNumberAfterSimplification_Octagon_splitClauses_1":["7168"],
"unlabeledSingleVariableTemplatesNumber_Labeled_splitClauses_1":["14"],
"clauseNumberBeforeSimplification_Random_splitClauses_1":["12"],
"minedTemplateRelationSymbolNumber_All_splitClauses_0":["1"],
"unlabeledTemplateRelationSymbolNumber_RelationalEqs_splitClauses_0":["1"],
"minedSingleVariableTemplatesNumber_Unlabeled_splitClauses_1":["6"],
"clauseNumberBeforeSimplification_RelationalEqs_splitClauses_0":["12"],
"minedTemplateNumber_Unlabeled_splitClauses_0":["9"],
"generatedPredicateNumber_Octagon_splitClauses_0":["10800000"],
"predicateGeneratorTime_PredictedCDHG_splitClauses_0":["10800000"],
"clauseNumberAfterSimplification_PredictedCG_splitClauses_1":["7168"],
"labeledSingleVariableTemplatesNumber_RelationalEqs_splitClauses_1":["3"],
"smt2FileSizeByte_Random_splitClauses_1":["9051"],
"averagePredicateSize_PredictedCG_splitClauses_1":["10800000"],
"cegarIterationNumber_PredictedCDHG_splitClauses_1":["10800000"],
"clauseNumberAfterSimplification_RelationalEqs_splitClauses_1":["7168"],
"minedBinaryVariableTemplatesNumber_Empty_splitClauses_1":["3"],
"relationSymbolNumberAfterSimplification_RelationalEqs_splitClauses_1":["12400"],
"minedTemplateNumber_PredictedCDHG_splitClauses_0":["9"],
"labeledBinaryVariableTemplatesNumber_All_splitClauses_1":["3"],
"solvingTime_RelationalIneqs_splitClauses_1":["1851"],
"unlabeledTemplateRelationSymbolNumber_RelationalEqs_splitClauses_1":["1"],
"smt2FileSizeByte_Unlabeled_splitClauses_0":["9051"],
"relationSymbolNumberBeforeSimplification_Mined_splitClauses_1":["24"],
"relationSymbolNumberAfterSimplification_Mined_splitClauses_1":["12400"],
"generatedPredicateNumber_All_splitClauses_0":["10800000"],
"relationSymbolNumberBeforeSimplification_Octagon_splitClauses_1":["24"],
"predicateGeneratorTime_Octagon_splitClauses_1":["316"],
"solvability_Mined_splitClauses_1":["1"],
"minedTemplateRelationSymbolNumber_Term_splitClauses_1":["1"],
"clauseNumberAfterSimplification_Mined_splitClauses_0":["7168"],
"solvability_PredictedCDHG_splitClauses_0":["10800000"],
"solvingTime_Empty_splitClauses_0":["10800000"],
"unlabeledSingleVariableTemplatesNumber_Unlabeled_splitClauses_1":["14"],
"minedTemplateNumber_Term_splitClauses_1":["9"],
"averagePredicateSize_Octagon_splitClauses_1":["1"],
"unlabeledSingleVariableTemplatesNumber_Octagon_splitClauses_1":["14"],
"minedTemplateRelationSymbolNumber_RelationalEqs_splitClauses_1":["1"],
"relationSymbolNumberBeforeSimplification_All_splitClauses_1":["24"],
"minedBinaryVariableTemplatesNumber_RelationalIneqs_splitClauses_0":["3"],
"predicateGeneratorTime_Term_splitClauses_1":["220"],
"solvingTime_Labeled_splitClauses_0":["10800000"],
"unlabeledBinaryVariableTemplatesNumber_PredictedCG_splitClauses_0":["18"],
"minedTemplateNumber_All_splitClauses_0":["9"],
"predicateGeneratorTime_Labeled_splitClauses_1":["318"],
"unlabeledTemplateRelationSymbolNumber_Empty_splitClauses_0":["1"],
"unlabeledTemplateNumber_Mined_splitClauses_1":["32"],
"solvability_PredictedCG_splitClauses_1":["10800000"],
"unlabeledTemplateNumber_Term_splitClauses_0":["32"],
"minedBinaryVariableTemplatesNumber_PredictedCG_splitClauses_1":["3"],
"labeledSingleVariableTemplatesNumber_PredictedCDHG_splitClauses_0":["3"],
"minedBinaryVariableTemplatesNumber_All_splitClauses_0":["3"],
"averagePredicateSize_PredictedCDHG_splitClauses_1":["10800000"],
"predicateGeneratorTime_PredictedCG_splitClauses_0":["10800000"],
"generatedPredicateNumber_RelationalIneqs_splitClauses_0":["10800000"],
"labeledTemplateNumber_Empty_splitClauses_0":["6"],
"relationSymbolNumberAfterSimplification_RelationalIneqs_splitClauses_1":["12400"],
"unlabeledTemplateRelationSymbolNumber_Term_splitClauses_0":["1"],
"minedTemplateNumber_All_splitClauses_1":["9"],
"labeledSingleVariableTemplatesNumber_Empty_splitClauses_1":["3"],
"minedBinaryVariableTemplatesNumber_Unlabeled_splitClauses_0":["3"],
"labeledTemplateNumber_Random_splitClauses_0":["6"],
"minedBinaryVariableTemplatesNumber_All_splitClauses_1":["3"],
"unlabeledSingleVariableTemplatesNumber_All_splitClauses_0":["14"],
"relationSymbolNumberBeforeSimplification_Labeled_splitClauses_1":["24"],
"smt2FileSizeByte_PredictedCDHG_splitClauses_1":["9051"],
"labeledBinaryVariableTemplatesNumber_PredictedCDHG_splitClauses_0":["3"],
"averagePredicateSize_RelationalEqs_splitClauses_1":["1"],
"minedSingleVariableTemplatesNumber_Term_splitClauses_0":["6"],
"labeledTemplateRelationSymbolNumber_Term_splitClauses_1":["1"],
"generatedPredicateNumber_Random_splitClauses_0":["10800000"],
"labeledBinaryVariableTemplatesNumber_Empty_splitClauses_1":["3"],
"relationSymbolNumberAfterSimplification_Term_splitClauses_1":["12400"],
"clauseNumberAfterSimplification_Labeled_splitClauses_0":["7168"],
"labeledSingleVariableTemplatesNumber_Labeled_splitClauses_0":["3"],
"minedTemplateNumber_Mined_splitClauses_1":["9"],
"labeledTemplateRelationSymbolNumber_Labeled_splitClauses_0":["1"],
"unlabeledTemplateRelationSymbolNumber_Mined_splitClauses_1":["1"],
"solvability_Labeled_splitClauses_0":["10800000"],
"minedTemplateNumber_RelationalEqs_splitClauses_1":["9"],
"solvingTime_Random_splitClauses_1":["2195"],
"minedTemplateNumber_Random_splitClauses_0":["9"],
"cegarIterationNumber_Unlabeled_splitClauses_1":["7"],
"minedTemplateNumber_RelationalIneqs_splitClauses_1":["9"],
"unlabeledBinaryVariableTemplatesNumber_Octagon_splitClauses_1":["18"],
"minedSingleVariableTemplatesNumber_Octagon_splitClauses_1":["6"],
"minedSingleVariableTemplatesNumber_Random_splitClauses_1":["6"],
"averagePredicateSize_All_splitClauses_1":["10800000"],
"minedTemplateNumber_Empty_splitClauses_0":["9"],
"labeledTemplateNumber_Mined_splitClauses_0":["6"],
"unlabeledBinaryVariableTemplatesNumber_All_splitClauses_0":["18"],
"relationSymbolNumberAfterSimplification_Labeled_splitClauses_1":["12400"],
"labeledSingleVariableTemplatesNumber_PredictedCDHG_splitClauses_1":["3"],
"minedSingleVariableTemplatesNumber_Mined_splitClauses_1":["6"],
"labeledTemplateRelationSymbolNumber_Term_splitClauses_0":["1"],
"unlabeledTemplateRelationSymbolNumber_Term_splitClauses_1":["1"],
"predicateGeneratorTime_All_splitClauses_1":["10800000"],
"unlabeledSingleVariableTemplatesNumber_Random_splitClauses_0":["14"],
"predicateGeneratorTime_Unlabeled_splitClauses_1":["241"],
"cegarIterationNumber_PredictedCDHG_splitClauses_0":["10800000"],
"labeledTemplateNumber_RelationalEqs_splitClauses_0":["6"],
"labeledTemplateRelationSymbolNumber_Mined_splitClauses_1":["1"],
"labeledTemplateRelationSymbolNumber_Random_splitClauses_0":["1"],
"labeledBinaryVariableTemplatesNumber_RelationalEqs_splitClauses_1":["3"],
"generatedPredicateNumber_RelationalIneqs_splitClauses_1":["8"],
"unlabeledTemplateRelationSymbolNumber_PredictedCG_splitClauses_1":["1"],
"unlabeledSingleVariableTemplatesNumber_RelationalEqs_splitClauses_0":["14"],
"labeledBinaryVariableTemplatesNumber_Labeled_splitClauses_0":["3"],
"minedBinaryVariableTemplatesNumber_PredictedCDHG_splitClauses_0":["3"],
"unlabeledTemplateRelationSymbolNumber_Unlabeled_splitClauses_0":["1"],
"clauseNumberAfterSimplification_Term_splitClauses_1":["7168"],
"unlabeledTemplateNumber_Octagon_splitClauses_0":["32"],
"unlabeledBinaryVariableTemplatesNumber_RelationalEqs_splitClauses_1":["18"],
"unlabeledTemplateNumber_PredictedCG_splitClauses_0":["32"],
"unlabeledTemplateNumber_All_splitClauses_0":["32"],
"labeledTemplateRelationSymbolNumber_RelationalIneqs_splitClauses_1":["1"],
"unlabeledSingleVariableTemplatesNumber_Mined_splitClauses_1":["14"],
"labeledTemplateRelationSymbolNumber_Unlabeled_splitClauses_1":["1"],
"labeledBinaryVariableTemplatesNumber_Random_splitClauses_1":["3"],
"solvability_Random_splitClauses_1":["1"],
"solvingTime_Term_splitClauses_0":["10800000"],
"minedSingleVariableTemplatesNumber_Labeled_splitClauses_1":["6"],
"clauseNumberBeforeSimplification_Term_splitClauses_0":["12"],
"relationSymbolNumberBeforeSimplification_RelationalIneqs_splitClauses_1":["24"],
"minedTemplateRelationSymbolNumber_Mined_splitClauses_0":["1"],
"solvability_Octagon_splitClauses_1":["1"],
"minedSingleVariableTemplatesNumber_RelationalIneqs_splitClauses_1":["6"],
"smt2FileSizeByte_Labeled_splitClauses_0":["9051"],
"solvability_RelationalEqs_splitClauses_1":["1"],
"unlabeledSingleVariableTemplatesNumber_Empty_splitClauses_1":["14"],
"labeledTemplateNumber_PredictedCDHG_splitClauses_1":["6"],
"minedTemplateRelationSymbolNumber_Octagon_splitClauses_0":["1"],
"clauseNumberAfterSimplification_Unlabeled_splitClauses_0":["7168"],
"clauseNumberBeforeSimplification_Unlabeled_splitClauses_0":["12"],
"clauseNumberBeforeSimplification_PredictedCDHG_splitClauses_0":["12"],
"cegarIterationNumber_RelationalIneqs_splitClauses_0":["10800000"],
"labeledTemplateRelationSymbolNumber_RelationalEqs_splitClauses_0":["1"],
"averagePredicateSize_Labeled_splitClauses_0":["10800000"],
"smt2FileSizeByte_RelationalIneqs_splitClauses_1":["9051"],
"clauseNumberBeforeSimplification_RelationalEqs_splitClauses_1":["12"],
"unlabeledTemplateRelationSymbolNumber_RelationalIneqs_splitClauses_1":["1"],
"clauseNumberBeforeSimplification_PredictedCG_splitClauses_0":["12"],
"solvingTime_PredictedCDHG_splitClauses_0":["10800000"],
"labeledTemplateRelationSymbolNumber_Octagon_splitClauses_1":["1"],
"minedTemplateRelationSymbolNumber_PredictedCG_splitClauses_1":["1"],
"relationSymbolNumberBeforeSimplification_RelationalEqs_splitClauses_1":["24"],
"labeledTemplateNumber_Random_splitClauses_1":["6"],
"solvingTime_RelationalIneqs_splitClauses_0":["10800000"],
"labeledTemplateNumber_All_splitClauses_1":["6"],
"unlabeledTemplateNumber_Random_splitClauses_1":["32"],
"relationSymbolNumberBeforeSimplification_All_splitClauses_0":["24"],
"smt2FileSizeByte_Unlabeled_splitClauses_1":["9051"],
"cegarIterationNumber_PredictedCG_splitClauses_0":["10800000"],
"predicateGeneratorTime_Octagon_splitClauses_0":["10800000"],
"unlabeledTemplateNumber_RelationalEqs_splitClauses_1":["32"],
"clauseNumberAfterSimplification_Octagon_splitClauses_0":["7168"],
"cegarIterationNumber_Random_splitClauses_0":["10800000"],
"solvability_PredictedCDHG_splitClauses_1":["10800000"],
"solvability_PredictedCG_splitClauses_0":["10800000"],
"solvingTime_PredictedCG_splitClauses_1":["10800000"],
"unlabeledSingleVariableTemplatesNumber_Unlabeled_splitClauses_0":["14"],
"unlabeledTemplateNumber_Unlabeled_splitClauses_0":["32"],
"labeledTemplateRelationSymbolNumber_RelationalIneqs_splitClauses_0":["1"],
"minedTemplateNumber_Random_splitClauses_1":["9"],
"generatedPredicateNumber_RelationalEqs_splitClauses_0":["10800000"],
"minedTemplateNumber_Term_splitClauses_0":["9"],
"solvingTime_All_splitClauses_1":["10800000"],
"minedSingleVariableTemplatesNumber_PredictedCG_splitClauses_0":["6"],
"smt2FileSizeByte_Term_splitClauses_1":["9051"],
"labeledBinaryVariableTemplatesNumber_All_splitClauses_0":["3"],
"minedTemplateNumber_PredictedCDHG_splitClauses_1":["9"],
"minedTemplateRelationSymbolNumber_PredictedCDHG_splitClauses_0":["1"],
"averagePredicateSize_Unlabeled_splitClauses_0":["10800000"],
"minedBinaryVariableTemplatesNumber_Octagon_splitClauses_1":["3"],
"unlabeledSingleVariableTemplatesNumber_Random_splitClauses_1":["14"],
"clauseNumberBeforeSimplification_Random_splitClauses_0":["12"],
"solvingTime_Unlabeled_splitClauses_1":["2161"],
"predicateGeneratorTime_PredictedCDHG_splitClauses_1":["10800000"],
"averagePredicateSize_PredictedCDHG_splitClauses_0":["10800000"],
"relationSymbolNumberAfterSimplification_RelationalEqs_splitClauses_0":["12400"],
"minedBinaryVariableTemplatesNumber_Term_splitClauses_0":["3"],
"labeledTemplateNumber_RelationalIneqs_splitClauses_0":["6"],
"clauseNumberAfterSimplification_Random_splitClauses_0":["7168"],
"clauseNumberAfterSimplification_PredictedCG_splitClauses_0":["7168"],
"generatedPredicateNumber_Empty_splitClauses_1":["10800000"],
"clauseNumberBeforeSimplification_Octagon_splitClauses_0":["12"],
"unlabeledTemplateNumber_Empty_splitClauses_0":["32"],
"minedSingleVariableTemplatesNumber_All_splitClauses_0":["6"],
"labeledTemplateRelationSymbolNumber_Octagon_splitClauses_0":["1"],
"generatedPredicateNumber_Random_splitClauses_1":["8"],
"clauseNumberAfterSimplification_RelationalEqs_splitClauses_0":["7168"],
"labeledBinaryVariableTemplatesNumber_Term_splitClauses_0":["3"],
"minedSingleVariableTemplatesNumber_RelationalEqs_splitClauses_0":["6"],
"minedTemplateNumber_Mined_splitClauses_0":["9"],
"relationSymbolNumberBeforeSimplification_PredictedCG_splitClauses_0":["24"],
"averagePredicateSize_Octagon_splitClauses_0":["10800000"],
"unlabeledBinaryVariableTemplatesNumber_Empty_splitClauses_1":["18"],
"unlabeledSingleVariableTemplatesNumber_PredictedCDHG_splitClauses_0":["14"],
"unlabeledSingleVariableTemplatesNumber_PredictedCG_splitClauses_1":["14"],
"labeledTemplateRelationSymbolNumber_Labeled_splitClauses_1":["1"],
"minedTemplateRelationSymbolNumber_Random_splitClauses_0":["1"],
"unlabeledTemplateRelationSymbolNumber_PredictedCG_splitClauses_0":["1"],
"unlabeledTemplateNumber_RelationalIneqs_splitClauses_0":["32"],
"unlabeledSingleVariableTemplatesNumber_Labeled_splitClauses_0":["14"],
"relationSymbolNumberAfterSimplification_PredictedCG_splitClauses_0":["12400"],
"minedTemplateNumber_Unlabeled_splitClauses_1":["9"],
"generatedPredicateNumber_PredictedCG_splitClauses_0":["10800000"],
"labeledTemplateNumber_Unlabeled_splitClauses_1":["6"],
"unlabeledTemplateRelationSymbolNumber_Empty_splitClauses_1":["1"],
"clauseNumberBeforeSimplification_Empty_splitClauses_0":["12"],
"solvingTime_Octagon_splitClauses_1":["2058"],
"cegarIterationNumber_Mined_splitClauses_1":["7"],
"clauseNumberBeforeSimplification_Mined_splitClauses_1":["12"],
"smt2FileSizeByte_PredictedCDHG_splitClauses_0":["9051"],
"averagePredicateSize_PredictedCG_splitClauses_0":["10800000"],
"solvingTime_Random_splitClauses_0":["10800000"],
"minedTemplateNumber_RelationalEqs_splitClauses_0":["9"],
"unlabeledSingleVariableTemplatesNumber_RelationalIneqs_splitClauses_0":["14"],
"unlabeledTemplateNumber_Unlabeled_splitClauses_1":["32"],
"labeledBinaryVariableTemplatesNumber_RelationalEqs_splitClauses_0":["3"],
"generatedPredicateNumber_PredictedCDHG_splitClauses_0":["10800000"],
"relationSymbolNumberAfterSimplification_RelationalIneqs_splitClauses_0":["12400"],
"minedTemplateRelationSymbolNumber_Empty_splitClauses_1":["1"],
"predicateGeneratorTime_Random_splitClauses_1":["262"],
"labeledTemplateNumber_Term_splitClauses_1":["6"],
"relationSymbolNumberBeforeSimplification_RelationalEqs_splitClauses_0":["24"],
"minedSingleVariableTemplatesNumber_Empty_splitClauses_1":["6"],
"minedSingleVariableTemplatesNumber_RelationalIneqs_splitClauses_0":["6"],
"clauseNumberAfterSimplification_All_splitClauses_0":["7168"],
"unlabeledBinaryVariableTemplatesNumber_RelationalEqs_splitClauses_0":["18"],
"cegarIterationNumber_RelationalEqs_splitClauses_0":["10800000"],
"labeledTemplateRelationSymbolNumber_PredictedCDHG_splitClauses_0":["1"],
"labeledSingleVariableTemplatesNumber_Labeled_splitClauses_1":["3"],
"unlabeledBinaryVariableTemplatesNumber_All_splitClauses_1":["18"],
"minedTemplateRelationSymbolNumber_Unlabeled_splitClauses_1":["1"],
"solvingTime_RelationalEqs_splitClauses_0":["10800000"],
"solvingTime_RelationalEqs_splitClauses_1":["2009"],
"minedBinaryVariableTemplatesNumber_Mined_splitClauses_0":["3"],
"clauseNumberBeforeSimplification_All_splitClauses_0":["12"],
"clauseNumberBeforeSimplification_RelationalIneqs_splitClauses_1":["12"],
"labeledTemplateNumber_RelationalEqs_splitClauses_1":["6"],
"labeledBinaryVariableTemplatesNumber_RelationalIneqs_splitClauses_0":["3"],
"relationSymbolNumberBeforeSimplification_Labeled_splitClauses_0":["24"],
"clauseNumberAfterSimplification_Empty_splitClauses_0":["7168"],
"averagePredicateSize_Empty_splitClauses_0":["10800000"],
"unlabeledTemplateNumber_Term_splitClauses_1":["32"],
"predicateGeneratorTime_Mined_splitClauses_1":["270"],
"labeledBinaryVariableTemplatesNumber_RelationalIneqs_splitClauses_1":["3"],
"predicateGeneratorTime_Unlabeled_splitClauses_0":["10800000"],
"relationSymbolNumberAfterSimplification_Empty_splitClauses_0":["12400"],
"generatedPredicateNumber_Mined_splitClauses_0":["10800000"],
"generatedPredicateNumber_RelationalEqs_splitClauses_1":["8"],
"labeledTemplateRelationSymbolNumber_PredictedCG_splitClauses_0":["1"],
"minedSingleVariableTemplatesNumber_PredictedCG_splitClauses_1":["6"],
"minedTemplateRelationSymbolNumber_PredictedCG_splitClauses_0":["1"],
"unlabeledTemplateRelationSymbolNumber_Labeled_splitClauses_0":["1"],
"solvability_Empty_splitClauses_1":["10800000"],
"averagePredicateSize_Term_splitClauses_0":["10800000"],
"cegarIterationNumber_Random_splitClauses_1":["7"],
"averagePredicateSize_Labeled_splitClauses_1":["1"],
"unlabeledBinaryVariableTemplatesNumber_Unlabeled_splitClauses_0":["18"],
"generatedPredicateNumber_Unlabeled_splitClauses_1":["8"],
"predicateGeneratorTime_All_splitClauses_0":["10800000"],
"unlabeledBinaryVariableTemplatesNumber_PredictedCDHG_splitClauses_1":["18"],
"clauseNumberBeforeSimplification_Labeled_splitClauses_1":["12"],
"minedBinaryVariableTemplatesNumber_Labeled_splitClauses_1":["3"],
"labeledSingleVariableTemplatesNumber_All_splitClauses_0":["3"],
"unlabeledTemplateRelationSymbolNumber_Mined_splitClauses_0":["1"],
"cegarIterationNumber_Octagon_splitClauses_1":["7"],
"labeledTemplateNumber_Octagon_splitClauses_0":["6"],
"labeledTemplateRelationSymbolNumber_All_splitClauses_1":["1"],
"smt2FileSizeByte_Empty_splitClauses_0":["9051"],
"unlabeledTemplateNumber_Octagon_splitClauses_1":["32"],
"predicateGeneratorTime_RelationalEqs_splitClauses_0":["10800000"],
"unlabeledTemplateRelationSymbolNumber_RelationalIneqs_splitClauses_0":["1"],
"smt2FileSizeByte_RelationalEqs_splitClauses_1":["9051"],
"unlabeledTemplateNumber_Labeled_splitClauses_0":["32"],
"minedSingleVariableTemplatesNumber_Labeled_splitClauses_0":["6"],
"solvingTime_PredictedCDHG_splitClauses_1":["10800000"],
"relationSymbolNumberBeforeSimplification_Term_splitClauses_1":["24"],
"minedTemplateNumber_Octagon_splitClauses_1":["9"],
"clauseNumberBeforeSimplification_Mined_splitClauses_0":["12"],
"smt2FileSizeByte_All_splitClauses_0":["9051"],
"solvingTime_All_splitClauses_0":["10800000"],
"minedBinaryVariableTemplatesNumber_Term_splitClauses_1":["3"],
"unlabeledTemplateRelationSymbolNumber_Random_splitClauses_0":["1"],
"cegarIterationNumber_All_splitClauses_0":["10800000"],
"smt2FileSizeByte_RelationalEqs_splitClauses_0":["9051"],
"unlabeledSingleVariableTemplatesNumber_PredictedCDHG_splitClauses_1":["14"],
"clauseNumberBeforeSimplification_Labeled_splitClauses_0":["12"],
"cegarIterationNumber_PredictedCG_splitClauses_1":["10800000"],
"labeledTemplateRelationSymbolNumber_Unlabeled_splitClauses_0":["1"],
"unlabeledTemplateRelationSymbolNumber_Octagon_splitClauses_1":["1"],
"unlabeledTemplateNumber_Empty_splitClauses_1":["32"],
"clauseNumberBeforeSimplification_Octagon_splitClauses_1":["12"],
"labeledTemplateNumber_Unlabeled_splitClauses_0":["6"],
"labeledBinaryVariableTemplatesNumber_PredictedCG_splitClauses_0":["3"],
"solvability_Term_splitClauses_1":["1"],
"solvability_Octagon_splitClauses_0":["10800000"],
"minedTemplateRelationSymbolNumber_RelationalIneqs_splitClauses_0":["1"],
"clauseNumberBeforeSimplification_RelationalIneqs_splitClauses_0":["12"],
"labeledTemplateNumber_PredictedCG_splitClauses_0":["6"],
"cegarIterationNumber_Labeled_splitClauses_0":["10800000"],
"smt2FileSizeByte_Labeled_splitClauses_1":["9051"],
"clauseNumberBeforeSimplification_Unlabeled_splitClauses_1":["12"],
"generatedPredicateNumber_Term_splitClauses_1":["8"],
"solvingTime_Term_splitClauses_1":["1713"],
"unlabeledBinaryVariableTemplatesNumber_Random_splitClauses_1":["18"],
"unlabeledSingleVariableTemplatesNumber_Octagon_splitClauses_0":["14"],
"solvingTime_Octagon_splitClauses_0":["10800000"],
"labeledSingleVariableTemplatesNumber_Mined_splitClauses_1":["3"],
"averagePredicateSize_Term_splitClauses_1":["1"],
"labeledTemplateNumber_Labeled_splitClauses_0":["6"],
"unlabeledSingleVariableTemplatesNumber_PredictedCG_splitClauses_0":["14"],
"smt2FileSizeByte_Mined_splitClauses_1":["9051"],
"labeledBinaryVariableTemplatesNumber_Unlabeled_splitClauses_1":["3"],
"labeledTemplateNumber_All_splitClauses_0":["6"],
"unlabeledTemplateNumber_Random_splitClauses_0":["32"],
"labeledTemplateNumber_Octagon_splitClauses_1":["6"],
"unlabeledTemplateNumber_PredictedCDHG_splitClauses_1":["32"],
"unlabeledBinaryVariableTemplatesNumber_Mined_splitClauses_0":["18"],
"minedTemplateRelationSymbolNumber_Mined_splitClauses_1":["1"],
"labeledTemplateNumber_RelationalIneqs_splitClauses_1":["6"],
"relationSymbolNumberAfterSimplification_All_splitClauses_0":["12400"],
"relationSymbolNumberBeforeSimplification_PredictedCDHG_splitClauses_0":["24"],
"solvability_Term_splitClauses_0":["10800000"],
"clauseNumberBeforeSimplification_PredictedCG_splitClauses_1":["12"],
"generatedPredicateNumber_Labeled_splitClauses_1":["8"],
"labeledSingleVariableTemplatesNumber_Unlabeled_splitClauses_0":["3"],
"unlabeledBinaryVariableTemplatesNumber_Empty_splitClauses_0":["18"],
"solvingTime_Mined_splitClauses_0":["10800000"],
"unlabeledTemplateNumber_All_splitClauses_1":["32"],
"clauseNumberAfterSimplification_Random_splitClauses_1":["7168"],
"labeledBinaryVariableTemplatesNumber_Octagon_splitClauses_1":["3"],
"unlabeledBinaryVariableTemplatesNumber_Labeled_splitClauses_0":["18"],
"smt2FileSizeByte_Octagon_splitClauses_0":["9051"],
"labeledSingleVariableTemplatesNumber_Random_splitClauses_1":["3"],
"solvability_Unlabeled_splitClauses_0":["10800000"],
"solvingTime_Unlabeled_splitClauses_0":["10800000"],
"unlabeledTemplateRelationSymbolNumber_All_splitClauses_1":["1"],
"minedTemplateNumber_Empty_splitClauses_1":["9"],
"solvability_RelationalIneqs_splitClauses_0":["10800000"],
"unlabeledTemplateRelationSymbolNumber_Labeled_splitClauses_1":["1"],
"cegarIterationNumber_RelationalEqs_splitClauses_1":["7"],
"minedSingleVariableTemplatesNumber_RelationalEqs_splitClauses_1":["6"],
"clauseNumberAfterSimplification_PredictedCDHG_splitClauses_1":["7168"],
"minedBinaryVariableTemplatesNumber_RelationalIneqs_splitClauses_1":["3"],
"unlabeledBinaryVariableTemplatesNumber_Mined_splitClauses_1":["18"],
"unlabeledBinaryVariableTemplatesNumber_PredictedCDHG_splitClauses_0":["18"],
"solvingTime_Empty_splitClauses_1":["10800000"],
"labeledTemplateRelationSymbolNumber_Empty_splitClauses_1":["1"],
"generatedPredicateNumber_Term_splitClauses_0":["10800000"],
"averagePredicateSize_Empty_splitClauses_1":["10800000"],
"generatedPredicateNumber_PredictedCG_splitClauses_1":["10800000"],
"labeledTemplateRelationSymbolNumber_PredictedCDHG_splitClauses_1":["1"],
"predicateGeneratorTime_Mined_splitClauses_0":["10800000"],
"relationSymbolNumberBeforeSimplification_Term_splitClauses_0":["24"],
"predicateGeneratorTime_Labeled_splitClauses_0":["10800000"],
"labeledSingleVariableTemplatesNumber_Random_splitClauses_0":["3"],
"unlabeledTemplateRelationSymbolNumber_All_splitClauses_0":["1"],
"minedBinaryVariableTemplatesNumber_Labeled_splitClauses_0":["3"],
"generatedPredicateNumber_Labeled_splitClauses_0":["10800000"],
"relationSymbolNumberAfterSimplification_Empty_splitClauses_1":["12400"],
"solvingTime_Mined_splitClauses_1":["2215"],
"minedSingleVariableTemplatesNumber_All_splitClauses_1":["6"],
"predicateGeneratorTime_Random_splitClauses_0":["10800000"],
"cegarIterationNumber_Term_splitClauses_1":["7"],
"labeledTemplateNumber_Empty_splitClauses_1":["6"],
"clauseNumberAfterSimplification_Empty_splitClauses_1":["7168"],
"minedTemplateRelationSymbolNumber_Empty_splitClauses_0":["1"],
"unlabeledSingleVariableTemplatesNumber_Term_splitClauses_0":["14"],
"minedSingleVariableTemplatesNumber_Empty_splitClauses_0":["6"],
"relationSymbolNumberAfterSimplification_Random_splitClauses_0":["12400"],
"minedTemplateRelationSymbolNumber_RelationalEqs_splitClauses_0":["1"],
"cegarIterationNumber_Empty_splitClauses_0":["10800000"],
"minedBinaryVariableTemplatesNumber_RelationalEqs_splitClauses_1":["3"],
"relationSymbolNumberBeforeSimplification_PredictedCG_splitClauses_1":["24"],
"labeledSingleVariableTemplatesNumber_All_splitClauses_1":["3"],
"unlabeledTemplateRelationSymbolNumber_Octagon_splitClauses_0":["1"],
"minedTemplateRelationSymbolNumber_Unlabeled_splitClauses_0":["1"],
"labeledBinaryVariableTemplatesNumber_Mined_splitClauses_0":["3"],
"relationSymbolNumberAfterSimplification_Unlabeled_splitClauses_1":["12400"],
"minedTemplateNumber_PredictedCG_splitClauses_1":["9"],
"cegarIterationNumber_Empty_splitClauses_1":["10800000"],
"averagePredicateSize_RelationalIneqs_splitClauses_0":["10800000"],
"solvability_All_splitClauses_1":["10800000"],
"unlabeledBinaryVariableTemplatesNumber_Term_splitClauses_1":["18"],
"minedTemplateRelationSymbolNumber_Labeled_splitClauses_1":["1"],
"averagePredicateSize_Unlabeled_splitClauses_1":["1"],
"labeledTemplateNumber_Term_splitClauses_0":["6"],
"smt2FileSizeByte_Empty_splitClauses_1":["9051"],
"solvingTime_PredictedCG_splitClauses_0":["10800000"],
"cegarIterationNumber_All_splitClauses_1":["10800000"],
"clauseNumberBeforeSimplification_Term_splitClauses_1":["12"],
"predicateGeneratorTime_Empty_splitClauses_0":["10800000"],
"relationSymbolNumberBeforeSimplification_Empty_splitClauses_1":["24"],
"averagePredicateSize_All_splitClauses_0":["10800000"],
"unlabeledBinaryVariableTemplatesNumber_Random_splitClauses_0":["18"],
"smt2FileSizeByte_Term_splitClauses_0":["9051"],
"averagePredicateSize_Mined_splitClauses_1":["1"],
"minedBinaryVariableTemplatesNumber_Empty_splitClauses_0":["3"],
"minedTemplateRelationSymbolNumber_All_splitClauses_1":["1"],
"labeledSingleVariableTemplatesNumber_PredictedCG_splitClauses_0":["3"],
"unlabeledBinaryVariableTemplatesNumber_RelationalIneqs_splitClauses_0":["18"],
"unlabeledSingleVariableTemplatesNumber_RelationalIneqs_splitClauses_1":["14"],
"clauseNumberAfterSimplification_RelationalIneqs_splitClauses_0":["7168"],
"unlabeledTemplateNumber_RelationalEqs_splitClauses_0":["32"],
"unlabeledTemplateNumber_RelationalIneqs_splitClauses_1":["32"],
"labeledTemplateRelationSymbolNumber_PredictedCG_splitClauses_1":["1"],
"labeledTemplateRelationSymbolNumber_All_splitClauses_0":["1"],
"labeledSingleVariableTemplatesNumber_Octagon_splitClauses_0":["3"],
"dummyFiled":[]
}