{
"cegarIterationNumber_Term_splitClauses_0":[96],
"cegarIterationNumber_RelationalIneqs_splitClauses_1":[98],
"cegarIterationNumber_Octagon_splitClauses_0":[96],
"solvingTime_RelationalIneqs_splitClauses_1":[3847],
"solvingTime_Term_splitClauses_0":[4509],
"cegarIterationNumber_RelationalIneqs_splitClauses_0":[96],
"solvingTime_RelationalIneqs_splitClauses_0":[4307],
"solvingTime_Octagon_splitClauses_1":[3745],
"cegarIterationNumber_RelationalEqs_splitClauses_0":[96],
"solvingTime_RelationalEqs_splitClauses_0":[4749],
"solvingTime_RelationalEqs_splitClauses_1":[3782],
"cegarIterationNumber_Octagon_splitClauses_1":[98],
"solvingTime_Term_splitClauses_1":[3505],
"solvingTime_Octagon_splitClauses_0":[4274],
"cegarIterationNumber_RelationalEqs_splitClauses_1":[98],
"cegarIterationNumber_Term_splitClauses_1":[98],
"dummyFiled":[]
}