{
"smt2FileSizeByte_All_splitClauses_1":["590440"],
"generatedPredicateNumber_All_splitClauses_1":["10800000"],
"unlabeledTemplateRelationSymbolNumber_PredictedCDHG_splitClauses_0":["42"],
"relationSymbolNumberBeforeSimplification_Unlabeled_splitClauses_1":["396"],
"predicateGeneratorTime_Term_splitClauses_0":["10800000"],
"averagePredicateSize_Random_splitClauses_1":["1"],
"labeledBinaryVariableTemplatesNumber_Labeled_splitClauses_1":["12"],
"clauseNumberBeforeSimplification_All_splitClauses_1":["187"],
"minedTemplateRelationSymbolNumber_Term_splitClauses_0":["42"],
"solvingTime_Labeled_splitClauses_1":["704"],
"unlabeledTemplateNumber_Labeled_splitClauses_1":["13887"],
"relationSymbolNumberAfterSimplification_All_splitClauses_1":["212"],
"minedTemplateRelationSymbolNumber_Octagon_splitClauses_1":["42"],
"clauseNumberAfterSimplification_Mined_splitClauses_1":["97"],
"relationSymbolNumberBeforeSimplification_Octagon_splitClauses_0":["396"],
"unlabeledBinaryVariableTemplatesNumber_Term_splitClauses_0":["9174"],
"labeledTemplateNumber_PredictedCDHG_splitClauses_0":["12"],
"solvability_Empty_splitClauses_0":["10800000"],
"unlabeledTemplateRelationSymbolNumber_Random_splitClauses_1":["42"],
"labeledBinaryVariableTemplatesNumber_Octagon_splitClauses_0":["12"],
"relationSymbolNumberBeforeSimplification_Random_splitClauses_1":["396"],
"minedTemplateRelationSymbolNumber_Random_splitClauses_1":["42"],
"unlabeledSingleVariableTemplatesNumber_Mined_splitClauses_0":["4713"],
"unlabeledBinaryVariableTemplatesNumber_PredictedCG_splitClauses_1":["9174"],
"solvability_All_splitClauses_0":["10800000"],
"predicateGeneratorTime_RelationalEqs_splitClauses_1":["410"],
"relationSymbolNumberBeforeSimplification_PredictedCDHG_splitClauses_1":["396"],
"smt2FileSizeByte_PredictedCG_splitClauses_1":["590440"],
"labeledSingleVariableTemplatesNumber_Unlabeled_splitClauses_1":["0"],
"labeledBinaryVariableTemplatesNumber_PredictedCG_splitClauses_1":["12"],
"minedBinaryVariableTemplatesNumber_PredictedCG_splitClauses_0":["12"],
"solvability_Random_splitClauses_0":["10800000"],
"relationSymbolNumberAfterSimplification_PredictedCG_splitClauses_1":["212"],
"clauseNumberBeforeSimplification_PredictedCDHG_splitClauses_1":["187"],
"labeledSingleVariableTemplatesNumber_Mined_splitClauses_0":["0"],
"solvability_Unlabeled_splitClauses_1":["1"],
"cegarIterationNumber_Labeled_splitClauses_1":["8"],
"smt2FileSizeByte_Mined_splitClauses_0":["590440"],
"relationSymbolNumberAfterSimplification_Mined_splitClauses_0":["212"],
"labeledSingleVariableTemplatesNumber_PredictedCG_splitClauses_1":["0"],
"smt2FileSizeByte_Octagon_splitClauses_1":["590440"],
"minedTemplateNumber_Labeled_splitClauses_1":["1583"],
"labeledSingleVariableTemplatesNumber_RelationalIneqs_splitClauses_1":["0"],
"clauseNumberAfterSimplification_Labeled_splitClauses_1":["97"],
"relationSymbolNumberAfterSimplification_Labeled_splitClauses_0":["212"],
"smt2FileSizeByte_Random_splitClauses_0":["590440"],
"relationSymbolNumberAfterSimplification_PredictedCDHG_splitClauses_0":["212"],
"unlabeledTemplateRelationSymbolNumber_PredictedCDHG_splitClauses_1":["42"],
"labeledSingleVariableTemplatesNumber_Term_splitClauses_0":["0"],
"generatedPredicateNumber_PredictedCDHG_splitClauses_1":["10800000"],
"minedSingleVariableTemplatesNumber_Unlabeled_splitClauses_0":["1571"],
"generatedPredicateNumber_Octagon_splitClauses_1":["18"],
"labeledSingleVariableTemplatesNumber_RelationalEqs_splitClauses_0":["0"],
"predicateGeneratorTime_PredictedCG_splitClauses_1":["10800000"],
"relationSymbolNumberAfterSimplification_Octagon_splitClauses_0":["212"],
"labeledTemplateNumber_Labeled_splitClauses_1":["12"],
"labeledSingleVariableTemplatesNumber_Empty_splitClauses_0":["0"],
"minedTemplateRelationSymbolNumber_RelationalIneqs_splitClauses_1":["42"],
"unlabeledSingleVariableTemplatesNumber_All_splitClauses_1":["4713"],
"labeledBinaryVariableTemplatesNumber_PredictedCDHG_splitClauses_1":["12"],
"unlabeledSingleVariableTemplatesNumber_RelationalEqs_splitClauses_1":["4713"],
"cegarIterationNumber_Term_splitClauses_0":["10800000"],
"unlabeledBinaryVariableTemplatesNumber_Labeled_splitClauses_1":["9174"],
"unlabeledSingleVariableTemplatesNumber_Term_splitClauses_1":["4713"],
"clauseNumberAfterSimplification_All_splitClauses_1":["97"],
"minedSingleVariableTemplatesNumber_Random_splitClauses_0":["1571"],
"solvability_RelationalIneqs_splitClauses_1":["1"],
"minedTemplateNumber_Labeled_splitClauses_0":["1583"],
"minedSingleVariableTemplatesNumber_Octagon_splitClauses_0":["1571"],
"minedSingleVariableTemplatesNumber_Term_splitClauses_1":["1571"],
"minedBinaryVariableTemplatesNumber_PredictedCDHG_splitClauses_1":["12"],
"generatedPredicateNumber_Mined_splitClauses_1":["18"],
"labeledSingleVariableTemplatesNumber_RelationalIneqs_splitClauses_0":["0"],
"averagePredicateSize_Mined_splitClauses_0":["10800000"],
"cegarIterationNumber_Unlabeled_splitClauses_0":["10800000"],
"minedBinaryVariableTemplatesNumber_Random_splitClauses_0":["12"],
"labeledTemplateNumber_Mined_splitClauses_1":["12"],
"labeledBinaryVariableTemplatesNumber_Random_splitClauses_0":["12"],
"unlabeledTemplateRelationSymbolNumber_Unlabeled_splitClauses_1":["42"],
"cegarIterationNumber_Mined_splitClauses_0":["10800000"],
"minedTemplateRelationSymbolNumber_Labeled_splitClauses_0":["42"],
"unlabeledBinaryVariableTemplatesNumber_RelationalIneqs_splitClauses_1":["9174"],
"unlabeledBinaryVariableTemplatesNumber_Octagon_splitClauses_0":["9174"],
"solvability_Mined_splitClauses_0":["10800000"],
"averagePredicateSize_RelationalEqs_splitClauses_0":["10800000"],
"clauseNumberAfterSimplification_Term_splitClauses_0":["97"],
"unlabeledTemplateNumber_Mined_splitClauses_0":["13887"],
"relationSymbolNumberAfterSimplification_Random_splitClauses_1":["212"],
"unlabeledTemplateNumber_PredictedCDHG_splitClauses_0":["13887"],
"cegarIterationNumber_RelationalIneqs_splitClauses_1":["8"],
"minedBinaryVariableTemplatesNumber_Unlabeled_splitClauses_1":["12"],
"labeledTemplateNumber_PredictedCG_splitClauses_1":["12"],
"labeledTemplateRelationSymbolNumber_Mined_splitClauses_0":["6"],
"labeledBinaryVariableTemplatesNumber_Mined_splitClauses_1":["12"],
"relationSymbolNumberBeforeSimplification_Mined_splitClauses_0":["396"],
"relationSymbolNumberBeforeSimplification_RelationalIneqs_splitClauses_0":["396"],
"clauseNumberAfterSimplification_RelationalIneqs_splitClauses_1":["97"],
"minedSingleVariableTemplatesNumber_PredictedCDHG_splitClauses_0":["1571"],
"solvability_Labeled_splitClauses_1":["1"],
"labeledSingleVariableTemplatesNumber_Octagon_splitClauses_1":["0"],
"averagePredicateSize_Random_splitClauses_0":["10800000"],
"smt2FileSizeByte_RelationalIneqs_splitClauses_0":["590440"],
"generatedPredicateNumber_Unlabeled_splitClauses_0":["10800000"],
"solvability_RelationalEqs_splitClauses_0":["10800000"],
"predicateGeneratorTime_Empty_splitClauses_1":["431"],
"minedSingleVariableTemplatesNumber_Mined_splitClauses_0":["1571"],
"relationSymbolNumberAfterSimplification_Unlabeled_splitClauses_0":["212"],
"minedTemplateRelationSymbolNumber_PredictedCDHG_splitClauses_1":["42"],
"minedTemplateNumber_PredictedCG_splitClauses_0":["1583"],
"averagePredicateSize_RelationalIneqs_splitClauses_1":["1"],
"labeledTemplateRelationSymbolNumber_Random_splitClauses_1":["6"],
"minedTemplateNumber_RelationalIneqs_splitClauses_0":["1583"],
"predicateGeneratorTime_RelationalIneqs_splitClauses_0":["10800000"],
"labeledTemplateRelationSymbolNumber_Empty_splitClauses_0":["6"],
"minedBinaryVariableTemplatesNumber_Octagon_splitClauses_0":["12"],
"labeledSingleVariableTemplatesNumber_Term_splitClauses_1":["0"],
"labeledBinaryVariableTemplatesNumber_Empty_splitClauses_0":["12"],
"minedTemplateNumber_Octagon_splitClauses_0":["1583"],
"labeledBinaryVariableTemplatesNumber_Unlabeled_splitClauses_0":["12"],
"relationSymbolNumberBeforeSimplification_Empty_splitClauses_0":["396"],
"clauseNumberAfterSimplification_PredictedCDHG_splitClauses_0":["97"],
"smt2FileSizeByte_PredictedCG_splitClauses_0":["590440"],
"minedBinaryVariableTemplatesNumber_RelationalEqs_splitClauses_0":["12"],
"relationSymbolNumberBeforeSimplification_Unlabeled_splitClauses_0":["396"],
"labeledTemplateRelationSymbolNumber_RelationalEqs_splitClauses_1":["6"],
"minedBinaryVariableTemplatesNumber_Random_splitClauses_1":["12"],
"clauseNumberAfterSimplification_Unlabeled_splitClauses_1":["97"],
"minedSingleVariableTemplatesNumber_PredictedCDHG_splitClauses_1":["1571"],
"labeledBinaryVariableTemplatesNumber_Term_splitClauses_1":["12"],
"clauseNumberBeforeSimplification_Empty_splitClauses_1":["187"],
"relationSymbolNumberAfterSimplification_Octagon_splitClauses_1":["212"],
"relationSymbolNumberAfterSimplification_Term_splitClauses_0":["212"],
"minedBinaryVariableTemplatesNumber_Mined_splitClauses_1":["12"],
"unlabeledBinaryVariableTemplatesNumber_Unlabeled_splitClauses_1":["9174"],
"relationSymbolNumberBeforeSimplification_Random_splitClauses_0":["396"],
"relationSymbolNumberAfterSimplification_PredictedCDHG_splitClauses_1":["212"],
"unlabeledTemplateNumber_PredictedCG_splitClauses_1":["13887"],
"generatedPredicateNumber_Empty_splitClauses_0":["10800000"],
"predicateGeneratorTime_RelationalIneqs_splitClauses_1":["346"],
"unlabeledSingleVariableTemplatesNumber_Empty_splitClauses_0":["4713"],
"cegarIterationNumber_Octagon_splitClauses_0":["10800000"],
"clauseNumberAfterSimplification_Octagon_splitClauses_1":["97"],
"unlabeledSingleVariableTemplatesNumber_Labeled_splitClauses_1":["4713"],
"clauseNumberBeforeSimplification_Random_splitClauses_1":["187"],
"minedTemplateRelationSymbolNumber_All_splitClauses_0":["42"],
"unlabeledTemplateRelationSymbolNumber_RelationalEqs_splitClauses_0":["42"],
"minedSingleVariableTemplatesNumber_Unlabeled_splitClauses_1":["1571"],
"clauseNumberBeforeSimplification_RelationalEqs_splitClauses_0":["187"],
"minedTemplateNumber_Unlabeled_splitClauses_0":["1583"],
"generatedPredicateNumber_Octagon_splitClauses_0":["10800000"],
"predicateGeneratorTime_PredictedCDHG_splitClauses_0":["10800000"],
"clauseNumberAfterSimplification_PredictedCG_splitClauses_1":["97"],
"labeledSingleVariableTemplatesNumber_RelationalEqs_splitClauses_1":["0"],
"smt2FileSizeByte_Random_splitClauses_1":["590440"],
"averagePredicateSize_PredictedCG_splitClauses_1":["10800000"],
"cegarIterationNumber_PredictedCDHG_splitClauses_1":["10800000"],
"clauseNumberAfterSimplification_RelationalEqs_splitClauses_1":["97"],
"minedBinaryVariableTemplatesNumber_Empty_splitClauses_1":["12"],
"relationSymbolNumberAfterSimplification_RelationalEqs_splitClauses_1":["212"],
"minedTemplateNumber_PredictedCDHG_splitClauses_0":["1583"],
"labeledBinaryVariableTemplatesNumber_All_splitClauses_1":["12"],
"solvingTime_RelationalIneqs_splitClauses_1":["497"],
"unlabeledTemplateRelationSymbolNumber_RelationalEqs_splitClauses_1":["42"],
"smt2FileSizeByte_Unlabeled_splitClauses_0":["590440"],
"relationSymbolNumberBeforeSimplification_Mined_splitClauses_1":["396"],
"relationSymbolNumberAfterSimplification_Mined_splitClauses_1":["212"],
"generatedPredicateNumber_All_splitClauses_0":["10800000"],
"relationSymbolNumberBeforeSimplification_Octagon_splitClauses_1":["396"],
"predicateGeneratorTime_Octagon_splitClauses_1":["373"],
"solvability_Mined_splitClauses_1":["1"],
"minedTemplateRelationSymbolNumber_Term_splitClauses_1":["42"],
"clauseNumberAfterSimplification_Mined_splitClauses_0":["97"],
"solvability_PredictedCDHG_splitClauses_0":["10800000"],
"solvingTime_Empty_splitClauses_0":["10800000"],
"unlabeledSingleVariableTemplatesNumber_Unlabeled_splitClauses_1":["4713"],
"minedTemplateNumber_Term_splitClauses_1":["1583"],
"averagePredicateSize_Octagon_splitClauses_1":["1"],
"unlabeledSingleVariableTemplatesNumber_Octagon_splitClauses_1":["4713"],
"minedTemplateRelationSymbolNumber_RelationalEqs_splitClauses_1":["42"],
"relationSymbolNumberBeforeSimplification_All_splitClauses_1":["396"],
"minedBinaryVariableTemplatesNumber_RelationalIneqs_splitClauses_0":["12"],
"predicateGeneratorTime_Term_splitClauses_1":["443"],
"solvingTime_Labeled_splitClauses_0":["10800000"],
"unlabeledBinaryVariableTemplatesNumber_PredictedCG_splitClauses_0":["9174"],
"minedTemplateNumber_All_splitClauses_0":["1583"],
"predicateGeneratorTime_Labeled_splitClauses_1":["452"],
"unlabeledTemplateRelationSymbolNumber_Empty_splitClauses_0":["42"],
"unlabeledTemplateNumber_Mined_splitClauses_1":["13887"],
"solvability_PredictedCG_splitClauses_1":["10800000"],
"unlabeledTemplateNumber_Term_splitClauses_0":["13887"],
"minedBinaryVariableTemplatesNumber_PredictedCG_splitClauses_1":["12"],
"labeledSingleVariableTemplatesNumber_PredictedCDHG_splitClauses_0":["0"],
"minedBinaryVariableTemplatesNumber_All_splitClauses_0":["12"],
"averagePredicateSize_PredictedCDHG_splitClauses_1":["10800000"],
"predicateGeneratorTime_PredictedCG_splitClauses_0":["10800000"],
"generatedPredicateNumber_RelationalIneqs_splitClauses_0":["10800000"],
"labeledTemplateNumber_Empty_splitClauses_0":["12"],
"relationSymbolNumberAfterSimplification_RelationalIneqs_splitClauses_1":["212"],
"unlabeledTemplateRelationSymbolNumber_Term_splitClauses_0":["42"],
"minedTemplateNumber_All_splitClauses_1":["1583"],
"labeledSingleVariableTemplatesNumber_Empty_splitClauses_1":["0"],
"minedBinaryVariableTemplatesNumber_Unlabeled_splitClauses_0":["12"],
"labeledTemplateNumber_Random_splitClauses_0":["12"],
"minedBinaryVariableTemplatesNumber_All_splitClauses_1":["12"],
"unlabeledSingleVariableTemplatesNumber_All_splitClauses_0":["4713"],
"relationSymbolNumberBeforeSimplification_Labeled_splitClauses_1":["396"],
"smt2FileSizeByte_PredictedCDHG_splitClauses_1":["590440"],
"labeledBinaryVariableTemplatesNumber_PredictedCDHG_splitClauses_0":["12"],
"averagePredicateSize_RelationalEqs_splitClauses_1":["1"],
"minedSingleVariableTemplatesNumber_Term_splitClauses_0":["1571"],
"labeledTemplateRelationSymbolNumber_Term_splitClauses_1":["6"],
"generatedPredicateNumber_Random_splitClauses_0":["10800000"],
"labeledBinaryVariableTemplatesNumber_Empty_splitClauses_1":["12"],
"relationSymbolNumberAfterSimplification_Term_splitClauses_1":["212"],
"clauseNumberAfterSimplification_Labeled_splitClauses_0":["97"],
"labeledSingleVariableTemplatesNumber_Labeled_splitClauses_0":["0"],
"minedTemplateNumber_Mined_splitClauses_1":["1583"],
"labeledTemplateRelationSymbolNumber_Labeled_splitClauses_0":["6"],
"unlabeledTemplateRelationSymbolNumber_Mined_splitClauses_1":["42"],
"solvability_Labeled_splitClauses_0":["10800000"],
"minedTemplateNumber_RelationalEqs_splitClauses_1":["1583"],
"solvingTime_Random_splitClauses_1":["483"],
"minedTemplateNumber_Random_splitClauses_0":["1583"],
"cegarIterationNumber_Unlabeled_splitClauses_1":["8"],
"minedTemplateNumber_RelationalIneqs_splitClauses_1":["1583"],
"unlabeledBinaryVariableTemplatesNumber_Octagon_splitClauses_1":["9174"],
"minedSingleVariableTemplatesNumber_Octagon_splitClauses_1":["1571"],
"minedSingleVariableTemplatesNumber_Random_splitClauses_1":["1571"],
"averagePredicateSize_All_splitClauses_1":["10800000"],
"minedTemplateNumber_Empty_splitClauses_0":["1583"],
"labeledTemplateNumber_Mined_splitClauses_0":["12"],
"unlabeledBinaryVariableTemplatesNumber_All_splitClauses_0":["9174"],
"relationSymbolNumberAfterSimplification_Labeled_splitClauses_1":["212"],
"labeledSingleVariableTemplatesNumber_PredictedCDHG_splitClauses_1":["0"],
"minedSingleVariableTemplatesNumber_Mined_splitClauses_1":["1571"],
"labeledTemplateRelationSymbolNumber_Term_splitClauses_0":["6"],
"unlabeledTemplateRelationSymbolNumber_Term_splitClauses_1":["42"],
"predicateGeneratorTime_All_splitClauses_1":["10800000"],
"unlabeledSingleVariableTemplatesNumber_Random_splitClauses_0":["4713"],
"predicateGeneratorTime_Unlabeled_splitClauses_1":["412"],
"cegarIterationNumber_PredictedCDHG_splitClauses_0":["10800000"],
"labeledTemplateNumber_RelationalEqs_splitClauses_0":["12"],
"labeledTemplateRelationSymbolNumber_Mined_splitClauses_1":["6"],
"labeledTemplateRelationSymbolNumber_Random_splitClauses_0":["6"],
"labeledBinaryVariableTemplatesNumber_RelationalEqs_splitClauses_1":["12"],
"generatedPredicateNumber_RelationalIneqs_splitClauses_1":["18"],
"unlabeledTemplateRelationSymbolNumber_PredictedCG_splitClauses_1":["42"],
"unlabeledSingleVariableTemplatesNumber_RelationalEqs_splitClauses_0":["4713"],
"labeledBinaryVariableTemplatesNumber_Labeled_splitClauses_0":["12"],
"minedBinaryVariableTemplatesNumber_PredictedCDHG_splitClauses_0":["12"],
"unlabeledTemplateRelationSymbolNumber_Unlabeled_splitClauses_0":["42"],
"clauseNumberAfterSimplification_Term_splitClauses_1":["97"],
"unlabeledTemplateNumber_Octagon_splitClauses_0":["13887"],
"unlabeledBinaryVariableTemplatesNumber_RelationalEqs_splitClauses_1":["9174"],
"unlabeledTemplateNumber_PredictedCG_splitClauses_0":["13887"],
"unlabeledTemplateNumber_All_splitClauses_0":["13887"],
"labeledTemplateRelationSymbolNumber_RelationalIneqs_splitClauses_1":["6"],
"unlabeledSingleVariableTemplatesNumber_Mined_splitClauses_1":["4713"],
"labeledTemplateRelationSymbolNumber_Unlabeled_splitClauses_1":["6"],
"labeledBinaryVariableTemplatesNumber_Random_splitClauses_1":["12"],
"solvability_Random_splitClauses_1":["1"],
"solvingTime_Term_splitClauses_0":["10800000"],
"minedSingleVariableTemplatesNumber_Labeled_splitClauses_1":["1571"],
"clauseNumberBeforeSimplification_Term_splitClauses_0":["187"],
"relationSymbolNumberBeforeSimplification_RelationalIneqs_splitClauses_1":["396"],
"minedTemplateRelationSymbolNumber_Mined_splitClauses_0":["42"],
"solvability_Octagon_splitClauses_1":["1"],
"minedSingleVariableTemplatesNumber_RelationalIneqs_splitClauses_1":["1571"],
"smt2FileSizeByte_Labeled_splitClauses_0":["590440"],
"solvability_RelationalEqs_splitClauses_1":["1"],
"unlabeledSingleVariableTemplatesNumber_Empty_splitClauses_1":["4713"],
"labeledTemplateNumber_PredictedCDHG_splitClauses_1":["12"],
"minedTemplateRelationSymbolNumber_Octagon_splitClauses_0":["42"],
"clauseNumberAfterSimplification_Unlabeled_splitClauses_0":["97"],
"clauseNumberBeforeSimplification_Unlabeled_splitClauses_0":["187"],
"clauseNumberBeforeSimplification_PredictedCDHG_splitClauses_0":["187"],
"cegarIterationNumber_RelationalIneqs_splitClauses_0":["10800000"],
"labeledTemplateRelationSymbolNumber_RelationalEqs_splitClauses_0":["6"],
"averagePredicateSize_Labeled_splitClauses_0":["10800000"],
"smt2FileSizeByte_RelationalIneqs_splitClauses_1":["590440"],
"clauseNumberBeforeSimplification_RelationalEqs_splitClauses_1":["187"],
"unlabeledTemplateRelationSymbolNumber_RelationalIneqs_splitClauses_1":["42"],
"clauseNumberBeforeSimplification_PredictedCG_splitClauses_0":["187"],
"solvingTime_PredictedCDHG_splitClauses_0":["10800000"],
"labeledTemplateRelationSymbolNumber_Octagon_splitClauses_1":["6"],
"minedTemplateRelationSymbolNumber_PredictedCG_splitClauses_1":["42"],
"relationSymbolNumberBeforeSimplification_RelationalEqs_splitClauses_1":["396"],
"labeledTemplateNumber_Random_splitClauses_1":["12"],
"solvingTime_RelationalIneqs_splitClauses_0":["10800000"],
"labeledTemplateNumber_All_splitClauses_1":["12"],
"unlabeledTemplateNumber_Random_splitClauses_1":["13887"],
"relationSymbolNumberBeforeSimplification_All_splitClauses_0":["396"],
"smt2FileSizeByte_Unlabeled_splitClauses_1":["590440"],
"cegarIterationNumber_PredictedCG_splitClauses_0":["10800000"],
"predicateGeneratorTime_Octagon_splitClauses_0":["10800000"],
"unlabeledTemplateNumber_RelationalEqs_splitClauses_1":["13887"],
"clauseNumberAfterSimplification_Octagon_splitClauses_0":["97"],
"cegarIterationNumber_Random_splitClauses_0":["10800000"],
"solvability_PredictedCDHG_splitClauses_1":["10800000"],
"solvability_PredictedCG_splitClauses_0":["10800000"],
"solvingTime_PredictedCG_splitClauses_1":["10800000"],
"unlabeledSingleVariableTemplatesNumber_Unlabeled_splitClauses_0":["4713"],
"unlabeledTemplateNumber_Unlabeled_splitClauses_0":["13887"],
"labeledTemplateRelationSymbolNumber_RelationalIneqs_splitClauses_0":["6"],
"minedTemplateNumber_Random_splitClauses_1":["1583"],
"generatedPredicateNumber_RelationalEqs_splitClauses_0":["10800000"],
"minedTemplateNumber_Term_splitClauses_0":["1583"],
"solvingTime_All_splitClauses_1":["10800000"],
"minedSingleVariableTemplatesNumber_PredictedCG_splitClauses_0":["1571"],
"smt2FileSizeByte_Term_splitClauses_1":["590440"],
"labeledBinaryVariableTemplatesNumber_All_splitClauses_0":["12"],
"minedTemplateNumber_PredictedCDHG_splitClauses_1":["1583"],
"minedTemplateRelationSymbolNumber_PredictedCDHG_splitClauses_0":["42"],
"averagePredicateSize_Unlabeled_splitClauses_0":["10800000"],
"minedBinaryVariableTemplatesNumber_Octagon_splitClauses_1":["12"],
"unlabeledSingleVariableTemplatesNumber_Random_splitClauses_1":["4713"],
"clauseNumberBeforeSimplification_Random_splitClauses_0":["187"],
"solvingTime_Unlabeled_splitClauses_1":["705"],
"predicateGeneratorTime_PredictedCDHG_splitClauses_1":["10800000"],
"averagePredicateSize_PredictedCDHG_splitClauses_0":["10800000"],
"relationSymbolNumberAfterSimplification_RelationalEqs_splitClauses_0":["212"],
"minedBinaryVariableTemplatesNumber_Term_splitClauses_0":["12"],
"labeledTemplateNumber_RelationalIneqs_splitClauses_0":["12"],
"clauseNumberAfterSimplification_Random_splitClauses_0":["97"],
"clauseNumberAfterSimplification_PredictedCG_splitClauses_0":["97"],
"generatedPredicateNumber_Empty_splitClauses_1":["18"],
"clauseNumberBeforeSimplification_Octagon_splitClauses_0":["187"],
"unlabeledTemplateNumber_Empty_splitClauses_0":["13887"],
"minedSingleVariableTemplatesNumber_All_splitClauses_0":["1571"],
"labeledTemplateRelationSymbolNumber_Octagon_splitClauses_0":["6"],
"generatedPredicateNumber_Random_splitClauses_1":["18"],
"clauseNumberAfterSimplification_RelationalEqs_splitClauses_0":["97"],
"labeledBinaryVariableTemplatesNumber_Term_splitClauses_0":["12"],
"minedSingleVariableTemplatesNumber_RelationalEqs_splitClauses_0":["1571"],
"minedTemplateNumber_Mined_splitClauses_0":["1583"],
"relationSymbolNumberBeforeSimplification_PredictedCG_splitClauses_0":["396"],
"averagePredicateSize_Octagon_splitClauses_0":["10800000"],
"unlabeledBinaryVariableTemplatesNumber_Empty_splitClauses_1":["9174"],
"unlabeledSingleVariableTemplatesNumber_PredictedCDHG_splitClauses_0":["4713"],
"unlabeledSingleVariableTemplatesNumber_PredictedCG_splitClauses_1":["4713"],
"labeledTemplateRelationSymbolNumber_Labeled_splitClauses_1":["6"],
"minedTemplateRelationSymbolNumber_Random_splitClauses_0":["42"],
"unlabeledTemplateRelationSymbolNumber_PredictedCG_splitClauses_0":["42"],
"unlabeledTemplateNumber_RelationalIneqs_splitClauses_0":["13887"],
"unlabeledSingleVariableTemplatesNumber_Labeled_splitClauses_0":["4713"],
"relationSymbolNumberAfterSimplification_PredictedCG_splitClauses_0":["212"],
"minedTemplateNumber_Unlabeled_splitClauses_1":["1583"],
"generatedPredicateNumber_PredictedCG_splitClauses_0":["10800000"],
"labeledTemplateNumber_Unlabeled_splitClauses_1":["12"],
"unlabeledTemplateRelationSymbolNumber_Empty_splitClauses_1":["42"],
"clauseNumberBeforeSimplification_Empty_splitClauses_0":["187"],
"solvingTime_Octagon_splitClauses_1":["629"],
"cegarIterationNumber_Mined_splitClauses_1":["8"],
"clauseNumberBeforeSimplification_Mined_splitClauses_1":["187"],
"smt2FileSizeByte_PredictedCDHG_splitClauses_0":["590440"],
"averagePredicateSize_PredictedCG_splitClauses_0":["10800000"],
"solvingTime_Random_splitClauses_0":["10800000"],
"minedTemplateNumber_RelationalEqs_splitClauses_0":["1583"],
"unlabeledSingleVariableTemplatesNumber_RelationalIneqs_splitClauses_0":["4713"],
"unlabeledTemplateNumber_Unlabeled_splitClauses_1":["13887"],
"labeledBinaryVariableTemplatesNumber_RelationalEqs_splitClauses_0":["12"],
"generatedPredicateNumber_PredictedCDHG_splitClauses_0":["10800000"],
"relationSymbolNumberAfterSimplification_RelationalIneqs_splitClauses_0":["212"],
"minedTemplateRelationSymbolNumber_Empty_splitClauses_1":["42"],
"predicateGeneratorTime_Random_splitClauses_1":["296"],
"labeledTemplateNumber_Term_splitClauses_1":["12"],
"relationSymbolNumberBeforeSimplification_RelationalEqs_splitClauses_0":["396"],
"minedSingleVariableTemplatesNumber_Empty_splitClauses_1":["1571"],
"minedSingleVariableTemplatesNumber_RelationalIneqs_splitClauses_0":["1571"],
"clauseNumberAfterSimplification_All_splitClauses_0":["97"],
"unlabeledBinaryVariableTemplatesNumber_RelationalEqs_splitClauses_0":["9174"],
"cegarIterationNumber_RelationalEqs_splitClauses_0":["10800000"],
"labeledTemplateRelationSymbolNumber_PredictedCDHG_splitClauses_0":["6"],
"labeledSingleVariableTemplatesNumber_Labeled_splitClauses_1":["0"],
"unlabeledBinaryVariableTemplatesNumber_All_splitClauses_1":["9174"],
"minedTemplateRelationSymbolNumber_Unlabeled_splitClauses_1":["42"],
"solvingTime_RelationalEqs_splitClauses_0":["10800000"],
"solvingTime_RelationalEqs_splitClauses_1":["549"],
"minedBinaryVariableTemplatesNumber_Mined_splitClauses_0":["12"],
"clauseNumberBeforeSimplification_All_splitClauses_0":["187"],
"clauseNumberBeforeSimplification_RelationalIneqs_splitClauses_1":["187"],
"labeledTemplateNumber_RelationalEqs_splitClauses_1":["12"],
"labeledBinaryVariableTemplatesNumber_RelationalIneqs_splitClauses_0":["12"],
"relationSymbolNumberBeforeSimplification_Labeled_splitClauses_0":["396"],
"clauseNumberAfterSimplification_Empty_splitClauses_0":["97"],
"averagePredicateSize_Empty_splitClauses_0":["10800000"],
"unlabeledTemplateNumber_Term_splitClauses_1":["13887"],
"predicateGeneratorTime_Mined_splitClauses_1":["431"],
"labeledBinaryVariableTemplatesNumber_RelationalIneqs_splitClauses_1":["12"],
"predicateGeneratorTime_Unlabeled_splitClauses_0":["10800000"],
"relationSymbolNumberAfterSimplification_Empty_splitClauses_0":["212"],
"generatedPredicateNumber_Mined_splitClauses_0":["10800000"],
"generatedPredicateNumber_RelationalEqs_splitClauses_1":["18"],
"labeledTemplateRelationSymbolNumber_PredictedCG_splitClauses_0":["6"],
"minedSingleVariableTemplatesNumber_PredictedCG_splitClauses_1":["1571"],
"minedTemplateRelationSymbolNumber_PredictedCG_splitClauses_0":["42"],
"unlabeledTemplateRelationSymbolNumber_Labeled_splitClauses_0":["42"],
"solvability_Empty_splitClauses_1":["1"],
"averagePredicateSize_Term_splitClauses_0":["10800000"],
"cegarIterationNumber_Random_splitClauses_1":["8"],
"averagePredicateSize_Labeled_splitClauses_1":["1"],
"unlabeledBinaryVariableTemplatesNumber_Unlabeled_splitClauses_0":["9174"],
"generatedPredicateNumber_Unlabeled_splitClauses_1":["18"],
"predicateGeneratorTime_All_splitClauses_0":["10800000"],
"unlabeledBinaryVariableTemplatesNumber_PredictedCDHG_splitClauses_1":["9174"],
"clauseNumberBeforeSimplification_Labeled_splitClauses_1":["187"],
"minedBinaryVariableTemplatesNumber_Labeled_splitClauses_1":["12"],
"labeledSingleVariableTemplatesNumber_All_splitClauses_0":["0"],
"unlabeledTemplateRelationSymbolNumber_Mined_splitClauses_0":["42"],
"cegarIterationNumber_Octagon_splitClauses_1":["8"],
"labeledTemplateNumber_Octagon_splitClauses_0":["12"],
"labeledTemplateRelationSymbolNumber_All_splitClauses_1":["6"],
"smt2FileSizeByte_Empty_splitClauses_0":["590440"],
"unlabeledTemplateNumber_Octagon_splitClauses_1":["13887"],
"predicateGeneratorTime_RelationalEqs_splitClauses_0":["10800000"],
"unlabeledTemplateRelationSymbolNumber_RelationalIneqs_splitClauses_0":["42"],
"smt2FileSizeByte_RelationalEqs_splitClauses_1":["590440"],
"unlabeledTemplateNumber_Labeled_splitClauses_0":["13887"],
"minedSingleVariableTemplatesNumber_Labeled_splitClauses_0":["1571"],
"solvingTime_PredictedCDHG_splitClauses_1":["10800000"],
"relationSymbolNumberBeforeSimplification_Term_splitClauses_1":["396"],
"minedTemplateNumber_Octagon_splitClauses_1":["1583"],
"clauseNumberBeforeSimplification_Mined_splitClauses_0":["187"],
"smt2FileSizeByte_All_splitClauses_0":["590440"],
"solvingTime_All_splitClauses_0":["10800000"],
"minedBinaryVariableTemplatesNumber_Term_splitClauses_1":["12"],
"unlabeledTemplateRelationSymbolNumber_Random_splitClauses_0":["42"],
"cegarIterationNumber_All_splitClauses_0":["10800000"],
"smt2FileSizeByte_RelationalEqs_splitClauses_0":["590440"],
"unlabeledSingleVariableTemplatesNumber_PredictedCDHG_splitClauses_1":["4713"],
"clauseNumberBeforeSimplification_Labeled_splitClauses_0":["187"],
"cegarIterationNumber_PredictedCG_splitClauses_1":["10800000"],
"labeledTemplateRelationSymbolNumber_Unlabeled_splitClauses_0":["6"],
"unlabeledTemplateRelationSymbolNumber_Octagon_splitClauses_1":["42"],
"unlabeledTemplateNumber_Empty_splitClauses_1":["13887"],
"clauseNumberBeforeSimplification_Octagon_splitClauses_1":["187"],
"labeledTemplateNumber_Unlabeled_splitClauses_0":["12"],
"labeledBinaryVariableTemplatesNumber_PredictedCG_splitClauses_0":["12"],
"solvability_Term_splitClauses_1":["1"],
"solvability_Octagon_splitClauses_0":["10800000"],
"minedTemplateRelationSymbolNumber_RelationalIneqs_splitClauses_0":["42"],
"clauseNumberBeforeSimplification_RelationalIneqs_splitClauses_0":["187"],
"labeledTemplateNumber_PredictedCG_splitClauses_0":["12"],
"cegarIterationNumber_Labeled_splitClauses_0":["10800000"],
"smt2FileSizeByte_Labeled_splitClauses_1":["590440"],
"clauseNumberBeforeSimplification_Unlabeled_splitClauses_1":["187"],
"generatedPredicateNumber_Term_splitClauses_1":["18"],
"solvingTime_Term_splitClauses_1":["613"],
"unlabeledBinaryVariableTemplatesNumber_Random_splitClauses_1":["9174"],
"unlabeledSingleVariableTemplatesNumber_Octagon_splitClauses_0":["4713"],
"solvingTime_Octagon_splitClauses_0":["10800000"],
"labeledSingleVariableTemplatesNumber_Mined_splitClauses_1":["0"],
"averagePredicateSize_Term_splitClauses_1":["1"],
"labeledTemplateNumber_Labeled_splitClauses_0":["12"],
"unlabeledSingleVariableTemplatesNumber_PredictedCG_splitClauses_0":["4713"],
"smt2FileSizeByte_Mined_splitClauses_1":["590440"],
"labeledBinaryVariableTemplatesNumber_Unlabeled_splitClauses_1":["12"],
"labeledTemplateNumber_All_splitClauses_0":["12"],
"unlabeledTemplateNumber_Random_splitClauses_0":["13887"],
"labeledTemplateNumber_Octagon_splitClauses_1":["12"],
"unlabeledTemplateNumber_PredictedCDHG_splitClauses_1":["13887"],
"unlabeledBinaryVariableTemplatesNumber_Mined_splitClauses_0":["9174"],
"minedTemplateRelationSymbolNumber_Mined_splitClauses_1":["42"],
"labeledTemplateNumber_RelationalIneqs_splitClauses_1":["12"],
"relationSymbolNumberAfterSimplification_All_splitClauses_0":["212"],
"relationSymbolNumberBeforeSimplification_PredictedCDHG_splitClauses_0":["396"],
"solvability_Term_splitClauses_0":["10800000"],
"clauseNumberBeforeSimplification_PredictedCG_splitClauses_1":["187"],
"generatedPredicateNumber_Labeled_splitClauses_1":["18"],
"labeledSingleVariableTemplatesNumber_Unlabeled_splitClauses_0":["0"],
"unlabeledBinaryVariableTemplatesNumber_Empty_splitClauses_0":["9174"],
"solvingTime_Mined_splitClauses_0":["10800000"],
"unlabeledTemplateNumber_All_splitClauses_1":["13887"],
"clauseNumberAfterSimplification_Random_splitClauses_1":["97"],
"labeledBinaryVariableTemplatesNumber_Octagon_splitClauses_1":["12"],
"unlabeledBinaryVariableTemplatesNumber_Labeled_splitClauses_0":["9174"],
"smt2FileSizeByte_Octagon_splitClauses_0":["590440"],
"labeledSingleVariableTemplatesNumber_Random_splitClauses_1":["0"],
"solvability_Unlabeled_splitClauses_0":["10800000"],
"solvingTime_Unlabeled_splitClauses_0":["10800000"],
"unlabeledTemplateRelationSymbolNumber_All_splitClauses_1":["42"],
"minedTemplateNumber_Empty_splitClauses_1":["1583"],
"solvability_RelationalIneqs_splitClauses_0":["10800000"],
"unlabeledTemplateRelationSymbolNumber_Labeled_splitClauses_1":["42"],
"cegarIterationNumber_RelationalEqs_splitClauses_1":["8"],
"minedSingleVariableTemplatesNumber_RelationalEqs_splitClauses_1":["1571"],
"clauseNumberAfterSimplification_PredictedCDHG_splitClauses_1":["97"],
"minedBinaryVariableTemplatesNumber_RelationalIneqs_splitClauses_1":["12"],
"unlabeledBinaryVariableTemplatesNumber_Mined_splitClauses_1":["9174"],
"unlabeledBinaryVariableTemplatesNumber_PredictedCDHG_splitClauses_0":["9174"],
"solvingTime_Empty_splitClauses_1":["673"],
"labeledTemplateRelationSymbolNumber_Empty_splitClauses_1":["6"],
"generatedPredicateNumber_Term_splitClauses_0":["10800000"],
"averagePredicateSize_Empty_splitClauses_1":["1"],
"generatedPredicateNumber_PredictedCG_splitClauses_1":["10800000"],
"labeledTemplateRelationSymbolNumber_PredictedCDHG_splitClauses_1":["6"],
"predicateGeneratorTime_Mined_splitClauses_0":["10800000"],
"relationSymbolNumberBeforeSimplification_Term_splitClauses_0":["396"],
"predicateGeneratorTime_Labeled_splitClauses_0":["10800000"],
"labeledSingleVariableTemplatesNumber_Random_splitClauses_0":["0"],
"unlabeledTemplateRelationSymbolNumber_All_splitClauses_0":["42"],
"minedBinaryVariableTemplatesNumber_Labeled_splitClauses_0":["12"],
"generatedPredicateNumber_Labeled_splitClauses_0":["10800000"],
"relationSymbolNumberAfterSimplification_Empty_splitClauses_1":["212"],
"solvingTime_Mined_splitClauses_1":["707"],
"minedSingleVariableTemplatesNumber_All_splitClauses_1":["1571"],
"predicateGeneratorTime_Random_splitClauses_0":["10800000"],
"cegarIterationNumber_Term_splitClauses_1":["8"],
"labeledTemplateNumber_Empty_splitClauses_1":["12"],
"clauseNumberAfterSimplification_Empty_splitClauses_1":["97"],
"minedTemplateRelationSymbolNumber_Empty_splitClauses_0":["42"],
"unlabeledSingleVariableTemplatesNumber_Term_splitClauses_0":["4713"],
"minedSingleVariableTemplatesNumber_Empty_splitClauses_0":["1571"],
"relationSymbolNumberAfterSimplification_Random_splitClauses_0":["212"],
"minedTemplateRelationSymbolNumber_RelationalEqs_splitClauses_0":["42"],
"cegarIterationNumber_Empty_splitClauses_0":["10800000"],
"minedBinaryVariableTemplatesNumber_RelationalEqs_splitClauses_1":["12"],
"relationSymbolNumberBeforeSimplification_PredictedCG_splitClauses_1":["396"],
"labeledSingleVariableTemplatesNumber_All_splitClauses_1":["0"],
"unlabeledTemplateRelationSymbolNumber_Octagon_splitClauses_0":["42"],
"minedTemplateRelationSymbolNumber_Unlabeled_splitClauses_0":["42"],
"labeledBinaryVariableTemplatesNumber_Mined_splitClauses_0":["12"],
"relationSymbolNumberAfterSimplification_Unlabeled_splitClauses_1":["212"],
"minedTemplateNumber_PredictedCG_splitClauses_1":["1583"],
"cegarIterationNumber_Empty_splitClauses_1":["8"],
"averagePredicateSize_RelationalIneqs_splitClauses_0":["10800000"],
"solvability_All_splitClauses_1":["10800000"],
"unlabeledBinaryVariableTemplatesNumber_Term_splitClauses_1":["9174"],
"minedTemplateRelationSymbolNumber_Labeled_splitClauses_1":["42"],
"averagePredicateSize_Unlabeled_splitClauses_1":["1"],
"labeledTemplateNumber_Term_splitClauses_0":["12"],
"smt2FileSizeByte_Empty_splitClauses_1":["590440"],
"solvingTime_PredictedCG_splitClauses_0":["10800000"],
"cegarIterationNumber_All_splitClauses_1":["10800000"],
"clauseNumberBeforeSimplification_Term_splitClauses_1":["187"],
"predicateGeneratorTime_Empty_splitClauses_0":["10800000"],
"relationSymbolNumberBeforeSimplification_Empty_splitClauses_1":["396"],
"averagePredicateSize_All_splitClauses_0":["10800000"],
"unlabeledBinaryVariableTemplatesNumber_Random_splitClauses_0":["9174"],
"smt2FileSizeByte_Term_splitClauses_0":["590440"],
"averagePredicateSize_Mined_splitClauses_1":["1"],
"minedBinaryVariableTemplatesNumber_Empty_splitClauses_0":["12"],
"minedTemplateRelationSymbolNumber_All_splitClauses_1":["42"],
"labeledSingleVariableTemplatesNumber_PredictedCG_splitClauses_0":["0"],
"unlabeledBinaryVariableTemplatesNumber_RelationalIneqs_splitClauses_0":["9174"],
"unlabeledSingleVariableTemplatesNumber_RelationalIneqs_splitClauses_1":["4713"],
"clauseNumberAfterSimplification_RelationalIneqs_splitClauses_0":["97"],
"unlabeledTemplateNumber_RelationalEqs_splitClauses_0":["13887"],
"unlabeledTemplateNumber_RelationalIneqs_splitClauses_1":["13887"],
"labeledTemplateRelationSymbolNumber_PredictedCG_splitClauses_1":["6"],
"labeledTemplateRelationSymbolNumber_All_splitClauses_0":["6"],
"labeledSingleVariableTemplatesNumber_Octagon_splitClauses_0":["0"],
"dummyFiled":[]
}