{
"cegarIterationNumber_Term_splitClauses_0":[2],
"cegarIterationNumber_RelationalIneqs_splitClauses_1":[2],
"cegarIterationNumber_Octagon_splitClauses_0":[2],
"solvingTime_RelationalIneqs_splitClauses_1":[203],
"solvingTime_Term_splitClauses_0":[150],
"cegarIterationNumber_RelationalIneqs_splitClauses_0":[2],
"solvingTime_RelationalIneqs_splitClauses_0":[156],
"solvingTime_Octagon_splitClauses_1":[151],
"cegarIterationNumber_RelationalEqs_splitClauses_0":[2],
"solvingTime_RelationalEqs_splitClauses_0":[206],
"solvingTime_RelationalEqs_splitClauses_1":[139],
"cegarIterationNumber_Octagon_splitClauses_1":[2],
"solvingTime_Term_splitClauses_1":[203],
"solvingTime_Octagon_splitClauses_0":[184],
"cegarIterationNumber_RelationalEqs_splitClauses_1":[2],
"cegarIterationNumber_Term_splitClauses_1":[2],
"dummyFiled":[]
}