{
"cegarIterationNumber_Term_splitClauses_0":[8],
"cegarIterationNumber_RelationalIneqs_splitClauses_1":[36],
"cegarIterationNumber_Octagon_splitClauses_0":[8],
"solvingTime_RelationalIneqs_splitClauses_1":[2506],
"solvingTime_Term_splitClauses_0":[168468],
"cegarIterationNumber_RelationalIneqs_splitClauses_0":[8],
"solvingTime_RelationalIneqs_splitClauses_0":[175241],
"solvingTime_Octagon_splitClauses_1":[2432],
"cegarIterationNumber_RelationalEqs_splitClauses_0":[8],
"solvingTime_RelationalEqs_splitClauses_0":[169161],
"solvingTime_RelationalEqs_splitClauses_1":[2483],
"cegarIterationNumber_Octagon_splitClauses_1":[36],
"solvingTime_Term_splitClauses_1":[2687],
"solvingTime_Octagon_splitClauses_0":[170344],
"cegarIterationNumber_RelationalEqs_splitClauses_1":[36],
"cegarIterationNumber_Term_splitClauses_1":[36],
"dummyFiled":[]
}