{
"smt2FileSizeByte_All_splitClauses_1":["16062"],
"generatedPredicateNumber_All_splitClauses_1":["10800000"],
"unlabeledTemplateRelationSymbolNumber_PredictedCDHG_splitClauses_0":["2"],
"relationSymbolNumberBeforeSimplification_Unlabeled_splitClauses_1":["89"],
"predicateGeneratorTime_Term_splitClauses_0":["10800000"],
"averagePredicateSize_Random_splitClauses_1":["1"],
"labeledBinaryVariableTemplatesNumber_Labeled_splitClauses_1":["4"],
"clauseNumberBeforeSimplification_All_splitClauses_1":["44"],
"minedTemplateRelationSymbolNumber_Term_splitClauses_0":["2"],
"solvingTime_Labeled_splitClauses_1":["204"],
"unlabeledTemplateNumber_Labeled_splitClauses_1":["79"],
"relationSymbolNumberAfterSimplification_All_splitClauses_1":["11"],
"minedTemplateRelationSymbolNumber_Octagon_splitClauses_1":["2"],
"clauseNumberAfterSimplification_Mined_splitClauses_1":["9"],
"relationSymbolNumberBeforeSimplification_Octagon_splitClauses_0":["89"],
"unlabeledBinaryVariableTemplatesNumber_Term_splitClauses_0":["48"],
"labeledTemplateNumber_PredictedCDHG_splitClauses_0":["4"],
"solvability_Empty_splitClauses_0":["10800000"],
"unlabeledTemplateRelationSymbolNumber_Random_splitClauses_1":["2"],
"labeledBinaryVariableTemplatesNumber_Octagon_splitClauses_0":["4"],
"relationSymbolNumberBeforeSimplification_Random_splitClauses_1":["89"],
"minedTemplateRelationSymbolNumber_Random_splitClauses_1":["2"],
"unlabeledSingleVariableTemplatesNumber_Mined_splitClauses_0":["31"],
"unlabeledBinaryVariableTemplatesNumber_PredictedCG_splitClauses_1":["48"],
"solvability_All_splitClauses_0":["10800000"],
"predicateGeneratorTime_RelationalEqs_splitClauses_1":["136"],
"relationSymbolNumberBeforeSimplification_PredictedCDHG_splitClauses_1":["89"],
"smt2FileSizeByte_PredictedCG_splitClauses_1":["16062"],
"labeledSingleVariableTemplatesNumber_Unlabeled_splitClauses_1":["0"],
"labeledBinaryVariableTemplatesNumber_PredictedCG_splitClauses_1":["4"],
"minedBinaryVariableTemplatesNumber_PredictedCG_splitClauses_0":["4"],
"solvability_Random_splitClauses_0":["10800000"],
"relationSymbolNumberAfterSimplification_PredictedCG_splitClauses_1":["11"],
"clauseNumberBeforeSimplification_PredictedCDHG_splitClauses_1":["44"],
"labeledSingleVariableTemplatesNumber_Mined_splitClauses_0":["0"],
"solvability_Unlabeled_splitClauses_1":["1"],
"cegarIterationNumber_Labeled_splitClauses_1":["2"],
"smt2FileSizeByte_Mined_splitClauses_0":["16062"],
"relationSymbolNumberAfterSimplification_Mined_splitClauses_0":["11"],
"labeledSingleVariableTemplatesNumber_PredictedCG_splitClauses_1":["0"],
"smt2FileSizeByte_Octagon_splitClauses_1":["16062"],
"minedTemplateNumber_Labeled_splitClauses_1":["15"],
"labeledSingleVariableTemplatesNumber_RelationalIneqs_splitClauses_1":["0"],
"clauseNumberAfterSimplification_Labeled_splitClauses_1":["9"],
"relationSymbolNumberAfterSimplification_Labeled_splitClauses_0":["11"],
"smt2FileSizeByte_Random_splitClauses_0":["16062"],
"relationSymbolNumberAfterSimplification_PredictedCDHG_splitClauses_0":["11"],
"unlabeledTemplateRelationSymbolNumber_PredictedCDHG_splitClauses_1":["2"],
"labeledSingleVariableTemplatesNumber_Term_splitClauses_0":["0"],
"generatedPredicateNumber_PredictedCDHG_splitClauses_1":["10800000"],
"minedSingleVariableTemplatesNumber_Unlabeled_splitClauses_0":["11"],
"generatedPredicateNumber_Octagon_splitClauses_1":["3"],
"labeledSingleVariableTemplatesNumber_RelationalEqs_splitClauses_0":["0"],
"predicateGeneratorTime_PredictedCG_splitClauses_1":["10800000"],
"relationSymbolNumberAfterSimplification_Octagon_splitClauses_0":["11"],
"labeledTemplateNumber_Labeled_splitClauses_1":["4"],
"labeledSingleVariableTemplatesNumber_Empty_splitClauses_0":["0"],
"minedTemplateRelationSymbolNumber_RelationalIneqs_splitClauses_1":["2"],
"unlabeledSingleVariableTemplatesNumber_All_splitClauses_1":["31"],
"labeledBinaryVariableTemplatesNumber_PredictedCDHG_splitClauses_1":["4"],
"unlabeledSingleVariableTemplatesNumber_RelationalEqs_splitClauses_1":["31"],
"cegarIterationNumber_Term_splitClauses_0":["10800000"],
"unlabeledBinaryVariableTemplatesNumber_Labeled_splitClauses_1":["48"],
"unlabeledSingleVariableTemplatesNumber_Term_splitClauses_1":["31"],
"clauseNumberAfterSimplification_All_splitClauses_1":["9"],
"minedSingleVariableTemplatesNumber_Random_splitClauses_0":["11"],
"solvability_RelationalIneqs_splitClauses_1":["1"],
"minedTemplateNumber_Labeled_splitClauses_0":["15"],
"minedSingleVariableTemplatesNumber_Octagon_splitClauses_0":["11"],
"minedSingleVariableTemplatesNumber_Term_splitClauses_1":["11"],
"minedBinaryVariableTemplatesNumber_PredictedCDHG_splitClauses_1":["4"],
"generatedPredicateNumber_Mined_splitClauses_1":["3"],
"labeledSingleVariableTemplatesNumber_RelationalIneqs_splitClauses_0":["0"],
"averagePredicateSize_Mined_splitClauses_0":["10800000"],
"cegarIterationNumber_Unlabeled_splitClauses_0":["10800000"],
"minedBinaryVariableTemplatesNumber_Random_splitClauses_0":["4"],
"labeledTemplateNumber_Mined_splitClauses_1":["4"],
"labeledBinaryVariableTemplatesNumber_Random_splitClauses_0":["4"],
"unlabeledTemplateRelationSymbolNumber_Unlabeled_splitClauses_1":["2"],
"cegarIterationNumber_Mined_splitClauses_0":["10800000"],
"minedTemplateRelationSymbolNumber_Labeled_splitClauses_0":["2"],
"unlabeledBinaryVariableTemplatesNumber_RelationalIneqs_splitClauses_1":["48"],
"unlabeledBinaryVariableTemplatesNumber_Octagon_splitClauses_0":["48"],
"solvability_Mined_splitClauses_0":["10800000"],
"averagePredicateSize_RelationalEqs_splitClauses_0":["10800000"],
"clauseNumberAfterSimplification_Term_splitClauses_0":["9"],
"unlabeledTemplateNumber_Mined_splitClauses_0":["79"],
"relationSymbolNumberAfterSimplification_Random_splitClauses_1":["11"],
"unlabeledTemplateNumber_PredictedCDHG_splitClauses_0":["79"],
"cegarIterationNumber_RelationalIneqs_splitClauses_1":["2"],
"minedBinaryVariableTemplatesNumber_Unlabeled_splitClauses_1":["4"],
"labeledTemplateNumber_PredictedCG_splitClauses_1":["4"],
"labeledTemplateRelationSymbolNumber_Mined_splitClauses_0":["2"],
"labeledBinaryVariableTemplatesNumber_Mined_splitClauses_1":["4"],
"relationSymbolNumberBeforeSimplification_Mined_splitClauses_0":["89"],
"relationSymbolNumberBeforeSimplification_RelationalIneqs_splitClauses_0":["89"],
"clauseNumberAfterSimplification_RelationalIneqs_splitClauses_1":["9"],
"minedSingleVariableTemplatesNumber_PredictedCDHG_splitClauses_0":["11"],
"solvability_Labeled_splitClauses_1":["1"],
"labeledSingleVariableTemplatesNumber_Octagon_splitClauses_1":["0"],
"averagePredicateSize_Random_splitClauses_0":["10800000"],
"smt2FileSizeByte_RelationalIneqs_splitClauses_0":["16062"],
"generatedPredicateNumber_Unlabeled_splitClauses_0":["10800000"],
"solvability_RelationalEqs_splitClauses_0":["10800000"],
"predicateGeneratorTime_Empty_splitClauses_1":["135"],
"minedSingleVariableTemplatesNumber_Mined_splitClauses_0":["11"],
"relationSymbolNumberAfterSimplification_Unlabeled_splitClauses_0":["11"],
"minedTemplateRelationSymbolNumber_PredictedCDHG_splitClauses_1":["2"],
"minedTemplateNumber_PredictedCG_splitClauses_0":["15"],
"averagePredicateSize_RelationalIneqs_splitClauses_1":["1"],
"labeledTemplateRelationSymbolNumber_Random_splitClauses_1":["2"],
"minedTemplateNumber_RelationalIneqs_splitClauses_0":["15"],
"predicateGeneratorTime_RelationalIneqs_splitClauses_0":["10800000"],
"labeledTemplateRelationSymbolNumber_Empty_splitClauses_0":["2"],
"minedBinaryVariableTemplatesNumber_Octagon_splitClauses_0":["4"],
"labeledSingleVariableTemplatesNumber_Term_splitClauses_1":["0"],
"labeledBinaryVariableTemplatesNumber_Empty_splitClauses_0":["4"],
"minedTemplateNumber_Octagon_splitClauses_0":["15"],
"labeledBinaryVariableTemplatesNumber_Unlabeled_splitClauses_0":["4"],
"relationSymbolNumberBeforeSimplification_Empty_splitClauses_0":["89"],
"clauseNumberAfterSimplification_PredictedCDHG_splitClauses_0":["9"],
"smt2FileSizeByte_PredictedCG_splitClauses_0":["16062"],
"minedBinaryVariableTemplatesNumber_RelationalEqs_splitClauses_0":["4"],
"relationSymbolNumberBeforeSimplification_Unlabeled_splitClauses_0":["89"],
"labeledTemplateRelationSymbolNumber_RelationalEqs_splitClauses_1":["2"],
"minedBinaryVariableTemplatesNumber_Random_splitClauses_1":["4"],
"clauseNumberAfterSimplification_Unlabeled_splitClauses_1":["9"],
"minedSingleVariableTemplatesNumber_PredictedCDHG_splitClauses_1":["11"],
"labeledBinaryVariableTemplatesNumber_Term_splitClauses_1":["4"],
"clauseNumberBeforeSimplification_Empty_splitClauses_1":["44"],
"relationSymbolNumberAfterSimplification_Octagon_splitClauses_1":["11"],
"relationSymbolNumberAfterSimplification_Term_splitClauses_0":["11"],
"minedBinaryVariableTemplatesNumber_Mined_splitClauses_1":["4"],
"unlabeledBinaryVariableTemplatesNumber_Unlabeled_splitClauses_1":["48"],
"relationSymbolNumberBeforeSimplification_Random_splitClauses_0":["89"],
"relationSymbolNumberAfterSimplification_PredictedCDHG_splitClauses_1":["11"],
"unlabeledTemplateNumber_PredictedCG_splitClauses_1":["79"],
"generatedPredicateNumber_Empty_splitClauses_0":["10800000"],
"predicateGeneratorTime_RelationalIneqs_splitClauses_1":["146"],
"unlabeledSingleVariableTemplatesNumber_Empty_splitClauses_0":["31"],
"cegarIterationNumber_Octagon_splitClauses_0":["10800000"],
"clauseNumberAfterSimplification_Octagon_splitClauses_1":["9"],
"unlabeledSingleVariableTemplatesNumber_Labeled_splitClauses_1":["31"],
"clauseNumberBeforeSimplification_Random_splitClauses_1":["44"],
"minedTemplateRelationSymbolNumber_All_splitClauses_0":["2"],
"unlabeledTemplateRelationSymbolNumber_RelationalEqs_splitClauses_0":["2"],
"minedSingleVariableTemplatesNumber_Unlabeled_splitClauses_1":["11"],
"clauseNumberBeforeSimplification_RelationalEqs_splitClauses_0":["44"],
"minedTemplateNumber_Unlabeled_splitClauses_0":["15"],
"generatedPredicateNumber_Octagon_splitClauses_0":["10800000"],
"predicateGeneratorTime_PredictedCDHG_splitClauses_0":["10800000"],
"clauseNumberAfterSimplification_PredictedCG_splitClauses_1":["9"],
"labeledSingleVariableTemplatesNumber_RelationalEqs_splitClauses_1":["0"],
"smt2FileSizeByte_Random_splitClauses_1":["16062"],
"averagePredicateSize_PredictedCG_splitClauses_1":["10800000"],
"cegarIterationNumber_PredictedCDHG_splitClauses_1":["10800000"],
"clauseNumberAfterSimplification_RelationalEqs_splitClauses_1":["9"],
"minedBinaryVariableTemplatesNumber_Empty_splitClauses_1":["4"],
"relationSymbolNumberAfterSimplification_RelationalEqs_splitClauses_1":["11"],
"minedTemplateNumber_PredictedCDHG_splitClauses_0":["15"],
"labeledBinaryVariableTemplatesNumber_All_splitClauses_1":["4"],
"solvingTime_RelationalIneqs_splitClauses_1":["200"],
"unlabeledTemplateRelationSymbolNumber_RelationalEqs_splitClauses_1":["2"],
"smt2FileSizeByte_Unlabeled_splitClauses_0":["16062"],
"relationSymbolNumberBeforeSimplification_Mined_splitClauses_1":["89"],
"relationSymbolNumberAfterSimplification_Mined_splitClauses_1":["11"],
"generatedPredicateNumber_All_splitClauses_0":["10800000"],
"relationSymbolNumberBeforeSimplification_Octagon_splitClauses_1":["89"],
"predicateGeneratorTime_Octagon_splitClauses_1":["122"],
"solvability_Mined_splitClauses_1":["1"],
"minedTemplateRelationSymbolNumber_Term_splitClauses_1":["2"],
"clauseNumberAfterSimplification_Mined_splitClauses_0":["9"],
"solvability_PredictedCDHG_splitClauses_0":["10800000"],
"solvingTime_Empty_splitClauses_0":["10800000"],
"unlabeledSingleVariableTemplatesNumber_Unlabeled_splitClauses_1":["31"],
"minedTemplateNumber_Term_splitClauses_1":["15"],
"averagePredicateSize_Octagon_splitClauses_1":["1"],
"unlabeledSingleVariableTemplatesNumber_Octagon_splitClauses_1":["31"],
"minedTemplateRelationSymbolNumber_RelationalEqs_splitClauses_1":["2"],
"relationSymbolNumberBeforeSimplification_All_splitClauses_1":["89"],
"minedBinaryVariableTemplatesNumber_RelationalIneqs_splitClauses_0":["4"],
"predicateGeneratorTime_Term_splitClauses_1":["162"],
"solvingTime_Labeled_splitClauses_0":["10800000"],
"unlabeledBinaryVariableTemplatesNumber_PredictedCG_splitClauses_0":["48"],
"minedTemplateNumber_All_splitClauses_0":["15"],
"predicateGeneratorTime_Labeled_splitClauses_1":["148"],
"unlabeledTemplateRelationSymbolNumber_Empty_splitClauses_0":["2"],
"unlabeledTemplateNumber_Mined_splitClauses_1":["79"],
"solvability_PredictedCG_splitClauses_1":["10800000"],
"unlabeledTemplateNumber_Term_splitClauses_0":["79"],
"minedBinaryVariableTemplatesNumber_PredictedCG_splitClauses_1":["4"],
"labeledSingleVariableTemplatesNumber_PredictedCDHG_splitClauses_0":["0"],
"minedBinaryVariableTemplatesNumber_All_splitClauses_0":["4"],
"averagePredicateSize_PredictedCDHG_splitClauses_1":["10800000"],
"predicateGeneratorTime_PredictedCG_splitClauses_0":["10800000"],
"generatedPredicateNumber_RelationalIneqs_splitClauses_0":["10800000"],
"labeledTemplateNumber_Empty_splitClauses_0":["4"],
"relationSymbolNumberAfterSimplification_RelationalIneqs_splitClauses_1":["11"],
"unlabeledTemplateRelationSymbolNumber_Term_splitClauses_0":["2"],
"minedTemplateNumber_All_splitClauses_1":["15"],
"labeledSingleVariableTemplatesNumber_Empty_splitClauses_1":["0"],
"minedBinaryVariableTemplatesNumber_Unlabeled_splitClauses_0":["4"],
"labeledTemplateNumber_Random_splitClauses_0":["4"],
"minedBinaryVariableTemplatesNumber_All_splitClauses_1":["4"],
"unlabeledSingleVariableTemplatesNumber_All_splitClauses_0":["31"],
"relationSymbolNumberBeforeSimplification_Labeled_splitClauses_1":["89"],
"smt2FileSizeByte_PredictedCDHG_splitClauses_1":["16062"],
"labeledBinaryVariableTemplatesNumber_PredictedCDHG_splitClauses_0":["4"],
"averagePredicateSize_RelationalEqs_splitClauses_1":["1"],
"minedSingleVariableTemplatesNumber_Term_splitClauses_0":["11"],
"labeledTemplateRelationSymbolNumber_Term_splitClauses_1":["2"],
"generatedPredicateNumber_Random_splitClauses_0":["10800000"],
"labeledBinaryVariableTemplatesNumber_Empty_splitClauses_1":["4"],
"relationSymbolNumberAfterSimplification_Term_splitClauses_1":["11"],
"clauseNumberAfterSimplification_Labeled_splitClauses_0":["9"],
"labeledSingleVariableTemplatesNumber_Labeled_splitClauses_0":["0"],
"minedTemplateNumber_Mined_splitClauses_1":["15"],
"labeledTemplateRelationSymbolNumber_Labeled_splitClauses_0":["2"],
"unlabeledTemplateRelationSymbolNumber_Mined_splitClauses_1":["2"],
"solvability_Labeled_splitClauses_0":["10800000"],
"minedTemplateNumber_RelationalEqs_splitClauses_1":["15"],
"solvingTime_Random_splitClauses_1":["177"],
"minedTemplateNumber_Random_splitClauses_0":["15"],
"cegarIterationNumber_Unlabeled_splitClauses_1":["2"],
"minedTemplateNumber_RelationalIneqs_splitClauses_1":["15"],
"unlabeledBinaryVariableTemplatesNumber_Octagon_splitClauses_1":["48"],
"minedSingleVariableTemplatesNumber_Octagon_splitClauses_1":["11"],
"minedSingleVariableTemplatesNumber_Random_splitClauses_1":["11"],
"averagePredicateSize_All_splitClauses_1":["10800000"],
"minedTemplateNumber_Empty_splitClauses_0":["15"],
"labeledTemplateNumber_Mined_splitClauses_0":["4"],
"unlabeledBinaryVariableTemplatesNumber_All_splitClauses_0":["48"],
"relationSymbolNumberAfterSimplification_Labeled_splitClauses_1":["11"],
"labeledSingleVariableTemplatesNumber_PredictedCDHG_splitClauses_1":["0"],
"minedSingleVariableTemplatesNumber_Mined_splitClauses_1":["11"],
"labeledTemplateRelationSymbolNumber_Term_splitClauses_0":["2"],
"unlabeledTemplateRelationSymbolNumber_Term_splitClauses_1":["2"],
"predicateGeneratorTime_All_splitClauses_1":["10800000"],
"unlabeledSingleVariableTemplatesNumber_Random_splitClauses_0":["31"],
"predicateGeneratorTime_Unlabeled_splitClauses_1":["140"],
"cegarIterationNumber_PredictedCDHG_splitClauses_0":["10800000"],
"labeledTemplateNumber_RelationalEqs_splitClauses_0":["4"],
"labeledTemplateRelationSymbolNumber_Mined_splitClauses_1":["2"],
"labeledTemplateRelationSymbolNumber_Random_splitClauses_0":["2"],
"labeledBinaryVariableTemplatesNumber_RelationalEqs_splitClauses_1":["4"],
"generatedPredicateNumber_RelationalIneqs_splitClauses_1":["3"],
"unlabeledTemplateRelationSymbolNumber_PredictedCG_splitClauses_1":["2"],
"unlabeledSingleVariableTemplatesNumber_RelationalEqs_splitClauses_0":["31"],
"labeledBinaryVariableTemplatesNumber_Labeled_splitClauses_0":["4"],
"minedBinaryVariableTemplatesNumber_PredictedCDHG_splitClauses_0":["4"],
"unlabeledTemplateRelationSymbolNumber_Unlabeled_splitClauses_0":["2"],
"clauseNumberAfterSimplification_Term_splitClauses_1":["9"],
"unlabeledTemplateNumber_Octagon_splitClauses_0":["79"],
"unlabeledBinaryVariableTemplatesNumber_RelationalEqs_splitClauses_1":["48"],
"unlabeledTemplateNumber_PredictedCG_splitClauses_0":["79"],
"unlabeledTemplateNumber_All_splitClauses_0":["79"],
"labeledTemplateRelationSymbolNumber_RelationalIneqs_splitClauses_1":["2"],
"unlabeledSingleVariableTemplatesNumber_Mined_splitClauses_1":["31"],
"labeledTemplateRelationSymbolNumber_Unlabeled_splitClauses_1":["2"],
"labeledBinaryVariableTemplatesNumber_Random_splitClauses_1":["4"],
"solvability_Random_splitClauses_1":["1"],
"solvingTime_Term_splitClauses_0":["10800000"],
"minedSingleVariableTemplatesNumber_Labeled_splitClauses_1":["11"],
"clauseNumberBeforeSimplification_Term_splitClauses_0":["44"],
"relationSymbolNumberBeforeSimplification_RelationalIneqs_splitClauses_1":["89"],
"minedTemplateRelationSymbolNumber_Mined_splitClauses_0":["2"],
"solvability_Octagon_splitClauses_1":["1"],
"minedSingleVariableTemplatesNumber_RelationalIneqs_splitClauses_1":["11"],
"smt2FileSizeByte_Labeled_splitClauses_0":["16062"],
"solvability_RelationalEqs_splitClauses_1":["1"],
"unlabeledSingleVariableTemplatesNumber_Empty_splitClauses_1":["31"],
"labeledTemplateNumber_PredictedCDHG_splitClauses_1":["4"],
"minedTemplateRelationSymbolNumber_Octagon_splitClauses_0":["2"],
"clauseNumberAfterSimplification_Unlabeled_splitClauses_0":["9"],
"clauseNumberBeforeSimplification_Unlabeled_splitClauses_0":["44"],
"clauseNumberBeforeSimplification_PredictedCDHG_splitClauses_0":["44"],
"cegarIterationNumber_RelationalIneqs_splitClauses_0":["10800000"],
"labeledTemplateRelationSymbolNumber_RelationalEqs_splitClauses_0":["2"],
"averagePredicateSize_Labeled_splitClauses_0":["10800000"],
"smt2FileSizeByte_RelationalIneqs_splitClauses_1":["16062"],
"clauseNumberBeforeSimplification_RelationalEqs_splitClauses_1":["44"],
"unlabeledTemplateRelationSymbolNumber_RelationalIneqs_splitClauses_1":["2"],
"clauseNumberBeforeSimplification_PredictedCG_splitClauses_0":["44"],
"solvingTime_PredictedCDHG_splitClauses_0":["10800000"],
"labeledTemplateRelationSymbolNumber_Octagon_splitClauses_1":["2"],
"minedTemplateRelationSymbolNumber_PredictedCG_splitClauses_1":["2"],
"relationSymbolNumberBeforeSimplification_RelationalEqs_splitClauses_1":["89"],
"labeledTemplateNumber_Random_splitClauses_1":["4"],
"solvingTime_RelationalIneqs_splitClauses_0":["10800000"],
"labeledTemplateNumber_All_splitClauses_1":["4"],
"unlabeledTemplateNumber_Random_splitClauses_1":["79"],
"relationSymbolNumberBeforeSimplification_All_splitClauses_0":["89"],
"smt2FileSizeByte_Unlabeled_splitClauses_1":["16062"],
"cegarIterationNumber_PredictedCG_splitClauses_0":["10800000"],
"predicateGeneratorTime_Octagon_splitClauses_0":["10800000"],
"unlabeledTemplateNumber_RelationalEqs_splitClauses_1":["79"],
"clauseNumberAfterSimplification_Octagon_splitClauses_0":["9"],
"cegarIterationNumber_Random_splitClauses_0":["10800000"],
"solvability_PredictedCDHG_splitClauses_1":["10800000"],
"solvability_PredictedCG_splitClauses_0":["10800000"],
"solvingTime_PredictedCG_splitClauses_1":["10800000"],
"unlabeledSingleVariableTemplatesNumber_Unlabeled_splitClauses_0":["31"],
"unlabeledTemplateNumber_Unlabeled_splitClauses_0":["79"],
"labeledTemplateRelationSymbolNumber_RelationalIneqs_splitClauses_0":["2"],
"minedTemplateNumber_Random_splitClauses_1":["15"],
"generatedPredicateNumber_RelationalEqs_splitClauses_0":["10800000"],
"minedTemplateNumber_Term_splitClauses_0":["15"],
"solvingTime_All_splitClauses_1":["10800000"],
"minedSingleVariableTemplatesNumber_PredictedCG_splitClauses_0":["11"],
"smt2FileSizeByte_Term_splitClauses_1":["16062"],
"labeledBinaryVariableTemplatesNumber_All_splitClauses_0":["4"],
"minedTemplateNumber_PredictedCDHG_splitClauses_1":["15"],
"minedTemplateRelationSymbolNumber_PredictedCDHG_splitClauses_0":["2"],
"averagePredicateSize_Unlabeled_splitClauses_0":["10800000"],
"minedBinaryVariableTemplatesNumber_Octagon_splitClauses_1":["4"],
"unlabeledSingleVariableTemplatesNumber_Random_splitClauses_1":["31"],
"clauseNumberBeforeSimplification_Random_splitClauses_0":["44"],
"solvingTime_Unlabeled_splitClauses_1":["191"],
"predicateGeneratorTime_PredictedCDHG_splitClauses_1":["10800000"],
"averagePredicateSize_PredictedCDHG_splitClauses_0":["10800000"],
"relationSymbolNumberAfterSimplification_RelationalEqs_splitClauses_0":["11"],
"minedBinaryVariableTemplatesNumber_Term_splitClauses_0":["4"],
"labeledTemplateNumber_RelationalIneqs_splitClauses_0":["4"],
"clauseNumberAfterSimplification_Random_splitClauses_0":["9"],
"clauseNumberAfterSimplification_PredictedCG_splitClauses_0":["9"],
"generatedPredicateNumber_Empty_splitClauses_1":["3"],
"clauseNumberBeforeSimplification_Octagon_splitClauses_0":["44"],
"unlabeledTemplateNumber_Empty_splitClauses_0":["79"],
"minedSingleVariableTemplatesNumber_All_splitClauses_0":["11"],
"labeledTemplateRelationSymbolNumber_Octagon_splitClauses_0":["2"],
"generatedPredicateNumber_Random_splitClauses_1":["3"],
"clauseNumberAfterSimplification_RelationalEqs_splitClauses_0":["9"],
"labeledBinaryVariableTemplatesNumber_Term_splitClauses_0":["4"],
"minedSingleVariableTemplatesNumber_RelationalEqs_splitClauses_0":["11"],
"minedTemplateNumber_Mined_splitClauses_0":["15"],
"relationSymbolNumberBeforeSimplification_PredictedCG_splitClauses_0":["89"],
"averagePredicateSize_Octagon_splitClauses_0":["10800000"],
"unlabeledBinaryVariableTemplatesNumber_Empty_splitClauses_1":["48"],
"unlabeledSingleVariableTemplatesNumber_PredictedCDHG_splitClauses_0":["31"],
"unlabeledSingleVariableTemplatesNumber_PredictedCG_splitClauses_1":["31"],
"labeledTemplateRelationSymbolNumber_Labeled_splitClauses_1":["2"],
"minedTemplateRelationSymbolNumber_Random_splitClauses_0":["2"],
"unlabeledTemplateRelationSymbolNumber_PredictedCG_splitClauses_0":["2"],
"unlabeledTemplateNumber_RelationalIneqs_splitClauses_0":["79"],
"unlabeledSingleVariableTemplatesNumber_Labeled_splitClauses_0":["31"],
"relationSymbolNumberAfterSimplification_PredictedCG_splitClauses_0":["11"],
"minedTemplateNumber_Unlabeled_splitClauses_1":["15"],
"generatedPredicateNumber_PredictedCG_splitClauses_0":["10800000"],
"labeledTemplateNumber_Unlabeled_splitClauses_1":["4"],
"unlabeledTemplateRelationSymbolNumber_Empty_splitClauses_1":["2"],
"clauseNumberBeforeSimplification_Empty_splitClauses_0":["44"],
"solvingTime_Octagon_splitClauses_1":["171"],
"cegarIterationNumber_Mined_splitClauses_1":["2"],
"clauseNumberBeforeSimplification_Mined_splitClauses_1":["44"],
"smt2FileSizeByte_PredictedCDHG_splitClauses_0":["16062"],
"averagePredicateSize_PredictedCG_splitClauses_0":["10800000"],
"solvingTime_Random_splitClauses_0":["10800000"],
"minedTemplateNumber_RelationalEqs_splitClauses_0":["15"],
"unlabeledSingleVariableTemplatesNumber_RelationalIneqs_splitClauses_0":["31"],
"unlabeledTemplateNumber_Unlabeled_splitClauses_1":["79"],
"labeledBinaryVariableTemplatesNumber_RelationalEqs_splitClauses_0":["4"],
"generatedPredicateNumber_PredictedCDHG_splitClauses_0":["10800000"],
"relationSymbolNumberAfterSimplification_RelationalIneqs_splitClauses_0":["11"],
"minedTemplateRelationSymbolNumber_Empty_splitClauses_1":["2"],
"predicateGeneratorTime_Random_splitClauses_1":["132"],
"labeledTemplateNumber_Term_splitClauses_1":["4"],
"relationSymbolNumberBeforeSimplification_RelationalEqs_splitClauses_0":["89"],
"minedSingleVariableTemplatesNumber_Empty_splitClauses_1":["11"],
"minedSingleVariableTemplatesNumber_RelationalIneqs_splitClauses_0":["11"],
"clauseNumberAfterSimplification_All_splitClauses_0":["9"],
"unlabeledBinaryVariableTemplatesNumber_RelationalEqs_splitClauses_0":["48"],
"cegarIterationNumber_RelationalEqs_splitClauses_0":["10800000"],
"labeledTemplateRelationSymbolNumber_PredictedCDHG_splitClauses_0":["2"],
"labeledSingleVariableTemplatesNumber_Labeled_splitClauses_1":["0"],
"unlabeledBinaryVariableTemplatesNumber_All_splitClauses_1":["48"],
"minedTemplateRelationSymbolNumber_Unlabeled_splitClauses_1":["2"],
"solvingTime_RelationalEqs_splitClauses_0":["10800000"],
"solvingTime_RelationalEqs_splitClauses_1":["182"],
"minedBinaryVariableTemplatesNumber_Mined_splitClauses_0":["4"],
"clauseNumberBeforeSimplification_All_splitClauses_0":["44"],
"clauseNumberBeforeSimplification_RelationalIneqs_splitClauses_1":["44"],
"labeledTemplateNumber_RelationalEqs_splitClauses_1":["4"],
"labeledBinaryVariableTemplatesNumber_RelationalIneqs_splitClauses_0":["4"],
"relationSymbolNumberBeforeSimplification_Labeled_splitClauses_0":["89"],
"clauseNumberAfterSimplification_Empty_splitClauses_0":["9"],
"averagePredicateSize_Empty_splitClauses_0":["10800000"],
"unlabeledTemplateNumber_Term_splitClauses_1":["79"],
"predicateGeneratorTime_Mined_splitClauses_1":["120"],
"labeledBinaryVariableTemplatesNumber_RelationalIneqs_splitClauses_1":["4"],
"predicateGeneratorTime_Unlabeled_splitClauses_0":["10800000"],
"relationSymbolNumberAfterSimplification_Empty_splitClauses_0":["11"],
"generatedPredicateNumber_Mined_splitClauses_0":["10800000"],
"generatedPredicateNumber_RelationalEqs_splitClauses_1":["3"],
"labeledTemplateRelationSymbolNumber_PredictedCG_splitClauses_0":["2"],
"minedSingleVariableTemplatesNumber_PredictedCG_splitClauses_1":["11"],
"minedTemplateRelationSymbolNumber_PredictedCG_splitClauses_0":["2"],
"unlabeledTemplateRelationSymbolNumber_Labeled_splitClauses_0":["2"],
"solvability_Empty_splitClauses_1":["1"],
"averagePredicateSize_Term_splitClauses_0":["10800000"],
"cegarIterationNumber_Random_splitClauses_1":["2"],
"averagePredicateSize_Labeled_splitClauses_1":["1"],
"unlabeledBinaryVariableTemplatesNumber_Unlabeled_splitClauses_0":["48"],
"generatedPredicateNumber_Unlabeled_splitClauses_1":["3"],
"predicateGeneratorTime_All_splitClauses_0":["10800000"],
"unlabeledBinaryVariableTemplatesNumber_PredictedCDHG_splitClauses_1":["48"],
"clauseNumberBeforeSimplification_Labeled_splitClauses_1":["44"],
"minedBinaryVariableTemplatesNumber_Labeled_splitClauses_1":["4"],
"labeledSingleVariableTemplatesNumber_All_splitClauses_0":["0"],
"unlabeledTemplateRelationSymbolNumber_Mined_splitClauses_0":["2"],
"cegarIterationNumber_Octagon_splitClauses_1":["2"],
"labeledTemplateNumber_Octagon_splitClauses_0":["4"],
"labeledTemplateRelationSymbolNumber_All_splitClauses_1":["2"],
"smt2FileSizeByte_Empty_splitClauses_0":["16062"],
"unlabeledTemplateNumber_Octagon_splitClauses_1":["79"],
"predicateGeneratorTime_RelationalEqs_splitClauses_0":["10800000"],
"unlabeledTemplateRelationSymbolNumber_RelationalIneqs_splitClauses_0":["2"],
"smt2FileSizeByte_RelationalEqs_splitClauses_1":["16062"],
"unlabeledTemplateNumber_Labeled_splitClauses_0":["79"],
"minedSingleVariableTemplatesNumber_Labeled_splitClauses_0":["11"],
"solvingTime_PredictedCDHG_splitClauses_1":["10800000"],
"relationSymbolNumberBeforeSimplification_Term_splitClauses_1":["89"],
"minedTemplateNumber_Octagon_splitClauses_1":["15"],
"clauseNumberBeforeSimplification_Mined_splitClauses_0":["44"],
"smt2FileSizeByte_All_splitClauses_0":["16062"],
"solvingTime_All_splitClauses_0":["10800000"],
"minedBinaryVariableTemplatesNumber_Term_splitClauses_1":["4"],
"unlabeledTemplateRelationSymbolNumber_Random_splitClauses_0":["2"],
"cegarIterationNumber_All_splitClauses_0":["10800000"],
"smt2FileSizeByte_RelationalEqs_splitClauses_0":["16062"],
"unlabeledSingleVariableTemplatesNumber_PredictedCDHG_splitClauses_1":["31"],
"clauseNumberBeforeSimplification_Labeled_splitClauses_0":["44"],
"cegarIterationNumber_PredictedCG_splitClauses_1":["10800000"],
"labeledTemplateRelationSymbolNumber_Unlabeled_splitClauses_0":["2"],
"unlabeledTemplateRelationSymbolNumber_Octagon_splitClauses_1":["2"],
"unlabeledTemplateNumber_Empty_splitClauses_1":["79"],
"clauseNumberBeforeSimplification_Octagon_splitClauses_1":["44"],
"labeledTemplateNumber_Unlabeled_splitClauses_0":["4"],
"labeledBinaryVariableTemplatesNumber_PredictedCG_splitClauses_0":["4"],
"solvability_Term_splitClauses_1":["1"],
"solvability_Octagon_splitClauses_0":["10800000"],
"minedTemplateRelationSymbolNumber_RelationalIneqs_splitClauses_0":["2"],
"clauseNumberBeforeSimplification_RelationalIneqs_splitClauses_0":["44"],
"labeledTemplateNumber_PredictedCG_splitClauses_0":["4"],
"cegarIterationNumber_Labeled_splitClauses_0":["10800000"],
"smt2FileSizeByte_Labeled_splitClauses_1":["16062"],
"clauseNumberBeforeSimplification_Unlabeled_splitClauses_1":["44"],
"generatedPredicateNumber_Term_splitClauses_1":["3"],
"solvingTime_Term_splitClauses_1":["215"],
"unlabeledBinaryVariableTemplatesNumber_Random_splitClauses_1":["48"],
"unlabeledSingleVariableTemplatesNumber_Octagon_splitClauses_0":["31"],
"solvingTime_Octagon_splitClauses_0":["10800000"],
"labeledSingleVariableTemplatesNumber_Mined_splitClauses_1":["0"],
"averagePredicateSize_Term_splitClauses_1":["1"],
"labeledTemplateNumber_Labeled_splitClauses_0":["4"],
"unlabeledSingleVariableTemplatesNumber_PredictedCG_splitClauses_0":["31"],
"smt2FileSizeByte_Mined_splitClauses_1":["16062"],
"labeledBinaryVariableTemplatesNumber_Unlabeled_splitClauses_1":["4"],
"labeledTemplateNumber_All_splitClauses_0":["4"],
"unlabeledTemplateNumber_Random_splitClauses_0":["79"],
"labeledTemplateNumber_Octagon_splitClauses_1":["4"],
"unlabeledTemplateNumber_PredictedCDHG_splitClauses_1":["79"],
"unlabeledBinaryVariableTemplatesNumber_Mined_splitClauses_0":["48"],
"minedTemplateRelationSymbolNumber_Mined_splitClauses_1":["2"],
"labeledTemplateNumber_RelationalIneqs_splitClauses_1":["4"],
"relationSymbolNumberAfterSimplification_All_splitClauses_0":["11"],
"relationSymbolNumberBeforeSimplification_PredictedCDHG_splitClauses_0":["89"],
"solvability_Term_splitClauses_0":["10800000"],
"clauseNumberBeforeSimplification_PredictedCG_splitClauses_1":["44"],
"generatedPredicateNumber_Labeled_splitClauses_1":["3"],
"labeledSingleVariableTemplatesNumber_Unlabeled_splitClauses_0":["0"],
"unlabeledBinaryVariableTemplatesNumber_Empty_splitClauses_0":["48"],
"solvingTime_Mined_splitClauses_0":["10800000"],
"unlabeledTemplateNumber_All_splitClauses_1":["79"],
"clauseNumberAfterSimplification_Random_splitClauses_1":["9"],
"labeledBinaryVariableTemplatesNumber_Octagon_splitClauses_1":["4"],
"unlabeledBinaryVariableTemplatesNumber_Labeled_splitClauses_0":["48"],
"smt2FileSizeByte_Octagon_splitClauses_0":["16062"],
"labeledSingleVariableTemplatesNumber_Random_splitClauses_1":["0"],
"solvability_Unlabeled_splitClauses_0":["10800000"],
"solvingTime_Unlabeled_splitClauses_0":["10800000"],
"unlabeledTemplateRelationSymbolNumber_All_splitClauses_1":["2"],
"minedTemplateNumber_Empty_splitClauses_1":["15"],
"solvability_RelationalIneqs_splitClauses_0":["10800000"],
"unlabeledTemplateRelationSymbolNumber_Labeled_splitClauses_1":["2"],
"cegarIterationNumber_RelationalEqs_splitClauses_1":["2"],
"minedSingleVariableTemplatesNumber_RelationalEqs_splitClauses_1":["11"],
"clauseNumberAfterSimplification_PredictedCDHG_splitClauses_1":["9"],
"minedBinaryVariableTemplatesNumber_RelationalIneqs_splitClauses_1":["4"],
"unlabeledBinaryVariableTemplatesNumber_Mined_splitClauses_1":["48"],
"unlabeledBinaryVariableTemplatesNumber_PredictedCDHG_splitClauses_0":["48"],
"solvingTime_Empty_splitClauses_1":["187"],
"labeledTemplateRelationSymbolNumber_Empty_splitClauses_1":["2"],
"generatedPredicateNumber_Term_splitClauses_0":["10800000"],
"averagePredicateSize_Empty_splitClauses_1":["1"],
"generatedPredicateNumber_PredictedCG_splitClauses_1":["10800000"],
"labeledTemplateRelationSymbolNumber_PredictedCDHG_splitClauses_1":["2"],
"predicateGeneratorTime_Mined_splitClauses_0":["10800000"],
"relationSymbolNumberBeforeSimplification_Term_splitClauses_0":["89"],
"predicateGeneratorTime_Labeled_splitClauses_0":["10800000"],
"labeledSingleVariableTemplatesNumber_Random_splitClauses_0":["0"],
"unlabeledTemplateRelationSymbolNumber_All_splitClauses_0":["2"],
"minedBinaryVariableTemplatesNumber_Labeled_splitClauses_0":["4"],
"generatedPredicateNumber_Labeled_splitClauses_0":["10800000"],
"relationSymbolNumberAfterSimplification_Empty_splitClauses_1":["11"],
"solvingTime_Mined_splitClauses_1":["170"],
"minedSingleVariableTemplatesNumber_All_splitClauses_1":["11"],
"predicateGeneratorTime_Random_splitClauses_0":["10800000"],
"cegarIterationNumber_Term_splitClauses_1":["2"],
"labeledTemplateNumber_Empty_splitClauses_1":["4"],
"clauseNumberAfterSimplification_Empty_splitClauses_1":["9"],
"minedTemplateRelationSymbolNumber_Empty_splitClauses_0":["2"],
"unlabeledSingleVariableTemplatesNumber_Term_splitClauses_0":["31"],
"minedSingleVariableTemplatesNumber_Empty_splitClauses_0":["11"],
"relationSymbolNumberAfterSimplification_Random_splitClauses_0":["11"],
"minedTemplateRelationSymbolNumber_RelationalEqs_splitClauses_0":["2"],
"cegarIterationNumber_Empty_splitClauses_0":["10800000"],
"minedBinaryVariableTemplatesNumber_RelationalEqs_splitClauses_1":["4"],
"relationSymbolNumberBeforeSimplification_PredictedCG_splitClauses_1":["89"],
"labeledSingleVariableTemplatesNumber_All_splitClauses_1":["0"],
"unlabeledTemplateRelationSymbolNumber_Octagon_splitClauses_0":["2"],
"minedTemplateRelationSymbolNumber_Unlabeled_splitClauses_0":["2"],
"labeledBinaryVariableTemplatesNumber_Mined_splitClauses_0":["4"],
"relationSymbolNumberAfterSimplification_Unlabeled_splitClauses_1":["11"],
"minedTemplateNumber_PredictedCG_splitClauses_1":["15"],
"cegarIterationNumber_Empty_splitClauses_1":["2"],
"averagePredicateSize_RelationalIneqs_splitClauses_0":["10800000"],
"solvability_All_splitClauses_1":["10800000"],
"unlabeledBinaryVariableTemplatesNumber_Term_splitClauses_1":["48"],
"minedTemplateRelationSymbolNumber_Labeled_splitClauses_1":["2"],
"averagePredicateSize_Unlabeled_splitClauses_1":["1"],
"labeledTemplateNumber_Term_splitClauses_0":["4"],
"smt2FileSizeByte_Empty_splitClauses_1":["16062"],
"solvingTime_PredictedCG_splitClauses_0":["10800000"],
"cegarIterationNumber_All_splitClauses_1":["10800000"],
"clauseNumberBeforeSimplification_Term_splitClauses_1":["44"],
"predicateGeneratorTime_Empty_splitClauses_0":["10800000"],
"relationSymbolNumberBeforeSimplification_Empty_splitClauses_1":["89"],
"averagePredicateSize_All_splitClauses_0":["10800000"],
"unlabeledBinaryVariableTemplatesNumber_Random_splitClauses_0":["48"],
"smt2FileSizeByte_Term_splitClauses_0":["16062"],
"averagePredicateSize_Mined_splitClauses_1":["1"],
"minedBinaryVariableTemplatesNumber_Empty_splitClauses_0":["4"],
"minedTemplateRelationSymbolNumber_All_splitClauses_1":["2"],
"labeledSingleVariableTemplatesNumber_PredictedCG_splitClauses_0":["0"],
"unlabeledBinaryVariableTemplatesNumber_RelationalIneqs_splitClauses_0":["48"],
"unlabeledSingleVariableTemplatesNumber_RelationalIneqs_splitClauses_1":["31"],
"clauseNumberAfterSimplification_RelationalIneqs_splitClauses_0":["9"],
"unlabeledTemplateNumber_RelationalEqs_splitClauses_0":["79"],
"unlabeledTemplateNumber_RelationalIneqs_splitClauses_1":["79"],
"labeledTemplateRelationSymbolNumber_PredictedCG_splitClauses_1":["2"],
"labeledTemplateRelationSymbolNumber_All_splitClauses_0":["2"],
"labeledSingleVariableTemplatesNumber_Octagon_splitClauses_0":["0"],
"dummyFiled":[]
}