{
"smt2FileSizeByte_All_splitClauses_1":["114129"],
"generatedPredicateNumber_All_splitClauses_1":["10800000"],
"unlabeledTemplateRelationSymbolNumber_PredictedCDHG_splitClauses_0":["42"],
"relationSymbolNumberBeforeSimplification_Unlabeled_splitClauses_1":["492"],
"predicateGeneratorTime_Term_splitClauses_0":["10800000"],
"averagePredicateSize_Random_splitClauses_1":["1"],
"labeledBinaryVariableTemplatesNumber_Labeled_splitClauses_1":["89"],
"clauseNumberBeforeSimplification_All_splitClauses_1":["199"],
"minedTemplateRelationSymbolNumber_Term_splitClauses_0":["42"],
"solvingTime_Labeled_splitClauses_1":["2151"],
"unlabeledTemplateNumber_Labeled_splitClauses_1":["2659"],
"relationSymbolNumberAfterSimplification_All_splitClauses_1":["246"],
"minedTemplateRelationSymbolNumber_Octagon_splitClauses_1":["42"],
"clauseNumberAfterSimplification_Mined_splitClauses_1":["150"],
"relationSymbolNumberBeforeSimplification_Octagon_splitClauses_0":["492"],
"unlabeledBinaryVariableTemplatesNumber_Term_splitClauses_0":["1674"],
"labeledTemplateNumber_PredictedCDHG_splitClauses_0":["95"],
"solvability_Empty_splitClauses_0":["10800000"],
"unlabeledTemplateRelationSymbolNumber_Random_splitClauses_1":["42"],
"labeledBinaryVariableTemplatesNumber_Octagon_splitClauses_0":["89"],
"relationSymbolNumberBeforeSimplification_Random_splitClauses_1":["492"],
"minedTemplateRelationSymbolNumber_Random_splitClauses_1":["42"],
"unlabeledSingleVariableTemplatesNumber_Mined_splitClauses_0":["985"],
"unlabeledBinaryVariableTemplatesNumber_PredictedCG_splitClauses_1":["1674"],
"solvability_All_splitClauses_0":["10800000"],
"predicateGeneratorTime_RelationalEqs_splitClauses_1":["970"],
"relationSymbolNumberBeforeSimplification_PredictedCDHG_splitClauses_1":["492"],
"smt2FileSizeByte_PredictedCG_splitClauses_1":["114129"],
"labeledSingleVariableTemplatesNumber_Unlabeled_splitClauses_1":["6"],
"labeledBinaryVariableTemplatesNumber_PredictedCG_splitClauses_1":["89"],
"minedBinaryVariableTemplatesNumber_PredictedCG_splitClauses_0":["89"],
"solvability_Random_splitClauses_0":["10800000"],
"relationSymbolNumberAfterSimplification_PredictedCG_splitClauses_1":["246"],
"clauseNumberBeforeSimplification_PredictedCDHG_splitClauses_1":["199"],
"labeledSingleVariableTemplatesNumber_Mined_splitClauses_0":["6"],
"solvability_Unlabeled_splitClauses_1":["1"],
"cegarIterationNumber_Labeled_splitClauses_1":["40"],
"smt2FileSizeByte_Mined_splitClauses_0":["114129"],
"relationSymbolNumberAfterSimplification_Mined_splitClauses_0":["246"],
"labeledSingleVariableTemplatesNumber_PredictedCG_splitClauses_1":["6"],
"smt2FileSizeByte_Octagon_splitClauses_1":["114129"],
"minedTemplateNumber_Labeled_splitClauses_1":["432"],
"labeledSingleVariableTemplatesNumber_RelationalIneqs_splitClauses_1":["6"],
"clauseNumberAfterSimplification_Labeled_splitClauses_1":["150"],
"relationSymbolNumberAfterSimplification_Labeled_splitClauses_0":["246"],
"smt2FileSizeByte_Random_splitClauses_0":["114129"],
"relationSymbolNumberAfterSimplification_PredictedCDHG_splitClauses_0":["246"],
"unlabeledTemplateRelationSymbolNumber_PredictedCDHG_splitClauses_1":["42"],
"labeledSingleVariableTemplatesNumber_Term_splitClauses_0":["6"],
"generatedPredicateNumber_PredictedCDHG_splitClauses_1":["10800000"],
"minedSingleVariableTemplatesNumber_Unlabeled_splitClauses_0":["343"],
"generatedPredicateNumber_Octagon_splitClauses_1":["97"],
"labeledSingleVariableTemplatesNumber_RelationalEqs_splitClauses_0":["6"],
"predicateGeneratorTime_PredictedCG_splitClauses_1":["10800000"],
"relationSymbolNumberAfterSimplification_Octagon_splitClauses_0":["246"],
"labeledTemplateNumber_Labeled_splitClauses_1":["95"],
"labeledSingleVariableTemplatesNumber_Empty_splitClauses_0":["6"],
"minedTemplateRelationSymbolNumber_RelationalIneqs_splitClauses_1":["42"],
"unlabeledSingleVariableTemplatesNumber_All_splitClauses_1":["985"],
"labeledBinaryVariableTemplatesNumber_PredictedCDHG_splitClauses_1":["89"],
"unlabeledSingleVariableTemplatesNumber_RelationalEqs_splitClauses_1":["985"],
"cegarIterationNumber_Term_splitClauses_0":["10800000"],
"unlabeledBinaryVariableTemplatesNumber_Labeled_splitClauses_1":["1674"],
"unlabeledSingleVariableTemplatesNumber_Term_splitClauses_1":["985"],
"clauseNumberAfterSimplification_All_splitClauses_1":["150"],
"minedSingleVariableTemplatesNumber_Random_splitClauses_0":["343"],
"solvability_RelationalIneqs_splitClauses_1":["1"],
"minedTemplateNumber_Labeled_splitClauses_0":["432"],
"minedSingleVariableTemplatesNumber_Octagon_splitClauses_0":["343"],
"minedSingleVariableTemplatesNumber_Term_splitClauses_1":["343"],
"minedBinaryVariableTemplatesNumber_PredictedCDHG_splitClauses_1":["89"],
"generatedPredicateNumber_Mined_splitClauses_1":["97"],
"labeledSingleVariableTemplatesNumber_RelationalIneqs_splitClauses_0":["6"],
"averagePredicateSize_Mined_splitClauses_0":["10800000"],
"cegarIterationNumber_Unlabeled_splitClauses_0":["10800000"],
"minedBinaryVariableTemplatesNumber_Random_splitClauses_0":["89"],
"labeledTemplateNumber_Mined_splitClauses_1":["95"],
"labeledBinaryVariableTemplatesNumber_Random_splitClauses_0":["89"],
"unlabeledTemplateRelationSymbolNumber_Unlabeled_splitClauses_1":["42"],
"cegarIterationNumber_Mined_splitClauses_0":["10800000"],
"minedTemplateRelationSymbolNumber_Labeled_splitClauses_0":["42"],
"unlabeledBinaryVariableTemplatesNumber_RelationalIneqs_splitClauses_1":["1674"],
"unlabeledBinaryVariableTemplatesNumber_Octagon_splitClauses_0":["1674"],
"solvability_Mined_splitClauses_0":["10800000"],
"averagePredicateSize_RelationalEqs_splitClauses_0":["10800000"],
"clauseNumberAfterSimplification_Term_splitClauses_0":["150"],
"unlabeledTemplateNumber_Mined_splitClauses_0":["2659"],
"relationSymbolNumberAfterSimplification_Random_splitClauses_1":["246"],
"unlabeledTemplateNumber_PredictedCDHG_splitClauses_0":["2659"],
"cegarIterationNumber_RelationalIneqs_splitClauses_1":["40"],
"minedBinaryVariableTemplatesNumber_Unlabeled_splitClauses_1":["89"],
"labeledTemplateNumber_PredictedCG_splitClauses_1":["95"],
"labeledTemplateRelationSymbolNumber_Mined_splitClauses_0":["33"],
"labeledBinaryVariableTemplatesNumber_Mined_splitClauses_1":["89"],
"relationSymbolNumberBeforeSimplification_Mined_splitClauses_0":["492"],
"relationSymbolNumberBeforeSimplification_RelationalIneqs_splitClauses_0":["492"],
"clauseNumberAfterSimplification_RelationalIneqs_splitClauses_1":["150"],
"minedSingleVariableTemplatesNumber_PredictedCDHG_splitClauses_0":["343"],
"solvability_Labeled_splitClauses_1":["1"],
"labeledSingleVariableTemplatesNumber_Octagon_splitClauses_1":["6"],
"averagePredicateSize_Random_splitClauses_0":["10800000"],
"smt2FileSizeByte_RelationalIneqs_splitClauses_0":["114129"],
"generatedPredicateNumber_Unlabeled_splitClauses_0":["10800000"],
"solvability_RelationalEqs_splitClauses_0":["10800000"],
"predicateGeneratorTime_Empty_splitClauses_1":["1049"],
"minedSingleVariableTemplatesNumber_Mined_splitClauses_0":["343"],
"relationSymbolNumberAfterSimplification_Unlabeled_splitClauses_0":["246"],
"minedTemplateRelationSymbolNumber_PredictedCDHG_splitClauses_1":["42"],
"minedTemplateNumber_PredictedCG_splitClauses_0":["432"],
"averagePredicateSize_RelationalIneqs_splitClauses_1":["1"],
"labeledTemplateRelationSymbolNumber_Random_splitClauses_1":["33"],
"minedTemplateNumber_RelationalIneqs_splitClauses_0":["432"],
"predicateGeneratorTime_RelationalIneqs_splitClauses_0":["10800000"],
"labeledTemplateRelationSymbolNumber_Empty_splitClauses_0":["33"],
"minedBinaryVariableTemplatesNumber_Octagon_splitClauses_0":["89"],
"labeledSingleVariableTemplatesNumber_Term_splitClauses_1":["6"],
"labeledBinaryVariableTemplatesNumber_Empty_splitClauses_0":["89"],
"minedTemplateNumber_Octagon_splitClauses_0":["432"],
"labeledBinaryVariableTemplatesNumber_Unlabeled_splitClauses_0":["89"],
"relationSymbolNumberBeforeSimplification_Empty_splitClauses_0":["492"],
"clauseNumberAfterSimplification_PredictedCDHG_splitClauses_0":["150"],
"smt2FileSizeByte_PredictedCG_splitClauses_0":["114129"],
"minedBinaryVariableTemplatesNumber_RelationalEqs_splitClauses_0":["89"],
"relationSymbolNumberBeforeSimplification_Unlabeled_splitClauses_0":["492"],
"labeledTemplateRelationSymbolNumber_RelationalEqs_splitClauses_1":["33"],
"minedBinaryVariableTemplatesNumber_Random_splitClauses_1":["89"],
"clauseNumberAfterSimplification_Unlabeled_splitClauses_1":["150"],
"minedSingleVariableTemplatesNumber_PredictedCDHG_splitClauses_1":["343"],
"labeledBinaryVariableTemplatesNumber_Term_splitClauses_1":["89"],
"clauseNumberBeforeSimplification_Empty_splitClauses_1":["199"],
"relationSymbolNumberAfterSimplification_Octagon_splitClauses_1":["246"],
"relationSymbolNumberAfterSimplification_Term_splitClauses_0":["246"],
"minedBinaryVariableTemplatesNumber_Mined_splitClauses_1":["89"],
"unlabeledBinaryVariableTemplatesNumber_Unlabeled_splitClauses_1":["1674"],
"relationSymbolNumberBeforeSimplification_Random_splitClauses_0":["492"],
"relationSymbolNumberAfterSimplification_PredictedCDHG_splitClauses_1":["246"],
"unlabeledTemplateNumber_PredictedCG_splitClauses_1":["2659"],
"generatedPredicateNumber_Empty_splitClauses_0":["10800000"],
"predicateGeneratorTime_RelationalIneqs_splitClauses_1":["1053"],
"unlabeledSingleVariableTemplatesNumber_Empty_splitClauses_0":["985"],
"cegarIterationNumber_Octagon_splitClauses_0":["10800000"],
"clauseNumberAfterSimplification_Octagon_splitClauses_1":["150"],
"unlabeledSingleVariableTemplatesNumber_Labeled_splitClauses_1":["985"],
"clauseNumberBeforeSimplification_Random_splitClauses_1":["199"],
"minedTemplateRelationSymbolNumber_All_splitClauses_0":["42"],
"unlabeledTemplateRelationSymbolNumber_RelationalEqs_splitClauses_0":["42"],
"minedSingleVariableTemplatesNumber_Unlabeled_splitClauses_1":["343"],
"clauseNumberBeforeSimplification_RelationalEqs_splitClauses_0":["199"],
"minedTemplateNumber_Unlabeled_splitClauses_0":["432"],
"generatedPredicateNumber_Octagon_splitClauses_0":["10800000"],
"predicateGeneratorTime_PredictedCDHG_splitClauses_0":["10800000"],
"clauseNumberAfterSimplification_PredictedCG_splitClauses_1":["150"],
"labeledSingleVariableTemplatesNumber_RelationalEqs_splitClauses_1":["6"],
"smt2FileSizeByte_Random_splitClauses_1":["114129"],
"averagePredicateSize_PredictedCG_splitClauses_1":["10800000"],
"cegarIterationNumber_PredictedCDHG_splitClauses_1":["10800000"],
"clauseNumberAfterSimplification_RelationalEqs_splitClauses_1":["150"],
"minedBinaryVariableTemplatesNumber_Empty_splitClauses_1":["89"],
"relationSymbolNumberAfterSimplification_RelationalEqs_splitClauses_1":["246"],
"minedTemplateNumber_PredictedCDHG_splitClauses_0":["432"],
"labeledBinaryVariableTemplatesNumber_All_splitClauses_1":["89"],
"solvingTime_RelationalIneqs_splitClauses_1":["2380"],
"unlabeledTemplateRelationSymbolNumber_RelationalEqs_splitClauses_1":["42"],
"smt2FileSizeByte_Unlabeled_splitClauses_0":["114129"],
"relationSymbolNumberBeforeSimplification_Mined_splitClauses_1":["492"],
"relationSymbolNumberAfterSimplification_Mined_splitClauses_1":["246"],
"generatedPredicateNumber_All_splitClauses_0":["10800000"],
"relationSymbolNumberBeforeSimplification_Octagon_splitClauses_1":["492"],
"predicateGeneratorTime_Octagon_splitClauses_1":["965"],
"solvability_Mined_splitClauses_1":["1"],
"minedTemplateRelationSymbolNumber_Term_splitClauses_1":["42"],
"clauseNumberAfterSimplification_Mined_splitClauses_0":["150"],
"solvability_PredictedCDHG_splitClauses_0":["10800000"],
"solvingTime_Empty_splitClauses_0":["10800000"],
"unlabeledSingleVariableTemplatesNumber_Unlabeled_splitClauses_1":["985"],
"minedTemplateNumber_Term_splitClauses_1":["432"],
"averagePredicateSize_Octagon_splitClauses_1":["1"],
"unlabeledSingleVariableTemplatesNumber_Octagon_splitClauses_1":["985"],
"minedTemplateRelationSymbolNumber_RelationalEqs_splitClauses_1":["42"],
"relationSymbolNumberBeforeSimplification_All_splitClauses_1":["492"],
"minedBinaryVariableTemplatesNumber_RelationalIneqs_splitClauses_0":["89"],
"predicateGeneratorTime_Term_splitClauses_1":["1118"],
"solvingTime_Labeled_splitClauses_0":["10800000"],
"unlabeledBinaryVariableTemplatesNumber_PredictedCG_splitClauses_0":["1674"],
"minedTemplateNumber_All_splitClauses_0":["432"],
"predicateGeneratorTime_Labeled_splitClauses_1":["1031"],
"unlabeledTemplateRelationSymbolNumber_Empty_splitClauses_0":["42"],
"unlabeledTemplateNumber_Mined_splitClauses_1":["2659"],
"solvability_PredictedCG_splitClauses_1":["10800000"],
"unlabeledTemplateNumber_Term_splitClauses_0":["2659"],
"minedBinaryVariableTemplatesNumber_PredictedCG_splitClauses_1":["89"],
"labeledSingleVariableTemplatesNumber_PredictedCDHG_splitClauses_0":["6"],
"minedBinaryVariableTemplatesNumber_All_splitClauses_0":["89"],
"averagePredicateSize_PredictedCDHG_splitClauses_1":["10800000"],
"predicateGeneratorTime_PredictedCG_splitClauses_0":["10800000"],
"generatedPredicateNumber_RelationalIneqs_splitClauses_0":["10800000"],
"labeledTemplateNumber_Empty_splitClauses_0":["95"],
"relationSymbolNumberAfterSimplification_RelationalIneqs_splitClauses_1":["246"],
"unlabeledTemplateRelationSymbolNumber_Term_splitClauses_0":["42"],
"minedTemplateNumber_All_splitClauses_1":["432"],
"labeledSingleVariableTemplatesNumber_Empty_splitClauses_1":["6"],
"minedBinaryVariableTemplatesNumber_Unlabeled_splitClauses_0":["89"],
"labeledTemplateNumber_Random_splitClauses_0":["95"],
"minedBinaryVariableTemplatesNumber_All_splitClauses_1":["89"],
"unlabeledSingleVariableTemplatesNumber_All_splitClauses_0":["985"],
"relationSymbolNumberBeforeSimplification_Labeled_splitClauses_1":["492"],
"smt2FileSizeByte_PredictedCDHG_splitClauses_1":["114129"],
"labeledBinaryVariableTemplatesNumber_PredictedCDHG_splitClauses_0":["89"],
"averagePredicateSize_RelationalEqs_splitClauses_1":["1"],
"minedSingleVariableTemplatesNumber_Term_splitClauses_0":["343"],
"labeledTemplateRelationSymbolNumber_Term_splitClauses_1":["33"],
"generatedPredicateNumber_Random_splitClauses_0":["10800000"],
"labeledBinaryVariableTemplatesNumber_Empty_splitClauses_1":["89"],
"relationSymbolNumberAfterSimplification_Term_splitClauses_1":["246"],
"clauseNumberAfterSimplification_Labeled_splitClauses_0":["150"],
"labeledSingleVariableTemplatesNumber_Labeled_splitClauses_0":["6"],
"minedTemplateNumber_Mined_splitClauses_1":["432"],
"labeledTemplateRelationSymbolNumber_Labeled_splitClauses_0":["33"],
"unlabeledTemplateRelationSymbolNumber_Mined_splitClauses_1":["42"],
"solvability_Labeled_splitClauses_0":["10800000"],
"minedTemplateNumber_RelationalEqs_splitClauses_1":["432"],
"solvingTime_Random_splitClauses_1":["2208"],
"minedTemplateNumber_Random_splitClauses_0":["432"],
"cegarIterationNumber_Unlabeled_splitClauses_1":["40"],
"minedTemplateNumber_RelationalIneqs_splitClauses_1":["432"],
"unlabeledBinaryVariableTemplatesNumber_Octagon_splitClauses_1":["1674"],
"minedSingleVariableTemplatesNumber_Octagon_splitClauses_1":["343"],
"minedSingleVariableTemplatesNumber_Random_splitClauses_1":["343"],
"averagePredicateSize_All_splitClauses_1":["10800000"],
"minedTemplateNumber_Empty_splitClauses_0":["432"],
"labeledTemplateNumber_Mined_splitClauses_0":["95"],
"unlabeledBinaryVariableTemplatesNumber_All_splitClauses_0":["1674"],
"relationSymbolNumberAfterSimplification_Labeled_splitClauses_1":["246"],
"labeledSingleVariableTemplatesNumber_PredictedCDHG_splitClauses_1":["6"],
"minedSingleVariableTemplatesNumber_Mined_splitClauses_1":["343"],
"labeledTemplateRelationSymbolNumber_Term_splitClauses_0":["33"],
"unlabeledTemplateRelationSymbolNumber_Term_splitClauses_1":["42"],
"predicateGeneratorTime_All_splitClauses_1":["10800000"],
"unlabeledSingleVariableTemplatesNumber_Random_splitClauses_0":["985"],
"predicateGeneratorTime_Unlabeled_splitClauses_1":["1014"],
"cegarIterationNumber_PredictedCDHG_splitClauses_0":["10800000"],
"labeledTemplateNumber_RelationalEqs_splitClauses_0":["95"],
"labeledTemplateRelationSymbolNumber_Mined_splitClauses_1":["33"],
"labeledTemplateRelationSymbolNumber_Random_splitClauses_0":["33"],
"labeledBinaryVariableTemplatesNumber_RelationalEqs_splitClauses_1":["89"],
"generatedPredicateNumber_RelationalIneqs_splitClauses_1":["97"],
"unlabeledTemplateRelationSymbolNumber_PredictedCG_splitClauses_1":["42"],
"unlabeledSingleVariableTemplatesNumber_RelationalEqs_splitClauses_0":["985"],
"labeledBinaryVariableTemplatesNumber_Labeled_splitClauses_0":["89"],
"minedBinaryVariableTemplatesNumber_PredictedCDHG_splitClauses_0":["89"],
"unlabeledTemplateRelationSymbolNumber_Unlabeled_splitClauses_0":["42"],
"clauseNumberAfterSimplification_Term_splitClauses_1":["150"],
"unlabeledTemplateNumber_Octagon_splitClauses_0":["2659"],
"unlabeledBinaryVariableTemplatesNumber_RelationalEqs_splitClauses_1":["1674"],
"unlabeledTemplateNumber_PredictedCG_splitClauses_0":["2659"],
"unlabeledTemplateNumber_All_splitClauses_0":["2659"],
"labeledTemplateRelationSymbolNumber_RelationalIneqs_splitClauses_1":["33"],
"unlabeledSingleVariableTemplatesNumber_Mined_splitClauses_1":["985"],
"labeledTemplateRelationSymbolNumber_Unlabeled_splitClauses_1":["33"],
"labeledBinaryVariableTemplatesNumber_Random_splitClauses_1":["89"],
"solvability_Random_splitClauses_1":["1"],
"solvingTime_Term_splitClauses_0":["10800000"],
"minedSingleVariableTemplatesNumber_Labeled_splitClauses_1":["343"],
"clauseNumberBeforeSimplification_Term_splitClauses_0":["199"],
"relationSymbolNumberBeforeSimplification_RelationalIneqs_splitClauses_1":["492"],
"minedTemplateRelationSymbolNumber_Mined_splitClauses_0":["42"],
"solvability_Octagon_splitClauses_1":["1"],
"minedSingleVariableTemplatesNumber_RelationalIneqs_splitClauses_1":["343"],
"smt2FileSizeByte_Labeled_splitClauses_0":["114129"],
"solvability_RelationalEqs_splitClauses_1":["1"],
"unlabeledSingleVariableTemplatesNumber_Empty_splitClauses_1":["985"],
"labeledTemplateNumber_PredictedCDHG_splitClauses_1":["95"],
"minedTemplateRelationSymbolNumber_Octagon_splitClauses_0":["42"],
"clauseNumberAfterSimplification_Unlabeled_splitClauses_0":["150"],
"clauseNumberBeforeSimplification_Unlabeled_splitClauses_0":["199"],
"clauseNumberBeforeSimplification_PredictedCDHG_splitClauses_0":["199"],
"cegarIterationNumber_RelationalIneqs_splitClauses_0":["10800000"],
"labeledTemplateRelationSymbolNumber_RelationalEqs_splitClauses_0":["33"],
"averagePredicateSize_Labeled_splitClauses_0":["10800000"],
"smt2FileSizeByte_RelationalIneqs_splitClauses_1":["114129"],
"clauseNumberBeforeSimplification_RelationalEqs_splitClauses_1":["199"],
"unlabeledTemplateRelationSymbolNumber_RelationalIneqs_splitClauses_1":["42"],
"clauseNumberBeforeSimplification_PredictedCG_splitClauses_0":["199"],
"solvingTime_PredictedCDHG_splitClauses_0":["10800000"],
"labeledTemplateRelationSymbolNumber_Octagon_splitClauses_1":["33"],
"minedTemplateRelationSymbolNumber_PredictedCG_splitClauses_1":["42"],
"relationSymbolNumberBeforeSimplification_RelationalEqs_splitClauses_1":["492"],
"labeledTemplateNumber_Random_splitClauses_1":["95"],
"solvingTime_RelationalIneqs_splitClauses_0":["10800000"],
"labeledTemplateNumber_All_splitClauses_1":["95"],
"unlabeledTemplateNumber_Random_splitClauses_1":["2659"],
"relationSymbolNumberBeforeSimplification_All_splitClauses_0":["492"],
"smt2FileSizeByte_Unlabeled_splitClauses_1":["114129"],
"cegarIterationNumber_PredictedCG_splitClauses_0":["10800000"],
"predicateGeneratorTime_Octagon_splitClauses_0":["10800000"],
"unlabeledTemplateNumber_RelationalEqs_splitClauses_1":["2659"],
"clauseNumberAfterSimplification_Octagon_splitClauses_0":["150"],
"cegarIterationNumber_Random_splitClauses_0":["10800000"],
"solvability_PredictedCDHG_splitClauses_1":["10800000"],
"solvability_PredictedCG_splitClauses_0":["10800000"],
"solvingTime_PredictedCG_splitClauses_1":["10800000"],
"unlabeledSingleVariableTemplatesNumber_Unlabeled_splitClauses_0":["985"],
"unlabeledTemplateNumber_Unlabeled_splitClauses_0":["2659"],
"labeledTemplateRelationSymbolNumber_RelationalIneqs_splitClauses_0":["33"],
"minedTemplateNumber_Random_splitClauses_1":["432"],
"generatedPredicateNumber_RelationalEqs_splitClauses_0":["10800000"],
"minedTemplateNumber_Term_splitClauses_0":["432"],
"solvingTime_All_splitClauses_1":["10800000"],
"minedSingleVariableTemplatesNumber_PredictedCG_splitClauses_0":["343"],
"smt2FileSizeByte_Term_splitClauses_1":["114129"],
"labeledBinaryVariableTemplatesNumber_All_splitClauses_0":["89"],
"minedTemplateNumber_PredictedCDHG_splitClauses_1":["432"],
"minedTemplateRelationSymbolNumber_PredictedCDHG_splitClauses_0":["42"],
"averagePredicateSize_Unlabeled_splitClauses_0":["10800000"],
"minedBinaryVariableTemplatesNumber_Octagon_splitClauses_1":["89"],
"unlabeledSingleVariableTemplatesNumber_Random_splitClauses_1":["985"],
"clauseNumberBeforeSimplification_Random_splitClauses_0":["199"],
"solvingTime_Unlabeled_splitClauses_1":["2163"],
"predicateGeneratorTime_PredictedCDHG_splitClauses_1":["10800000"],
"averagePredicateSize_PredictedCDHG_splitClauses_0":["10800000"],
"relationSymbolNumberAfterSimplification_RelationalEqs_splitClauses_0":["246"],
"minedBinaryVariableTemplatesNumber_Term_splitClauses_0":["89"],
"labeledTemplateNumber_RelationalIneqs_splitClauses_0":["95"],
"clauseNumberAfterSimplification_Random_splitClauses_0":["150"],
"clauseNumberAfterSimplification_PredictedCG_splitClauses_0":["150"],
"generatedPredicateNumber_Empty_splitClauses_1":["97"],
"clauseNumberBeforeSimplification_Octagon_splitClauses_0":["199"],
"unlabeledTemplateNumber_Empty_splitClauses_0":["2659"],
"minedSingleVariableTemplatesNumber_All_splitClauses_0":["343"],
"labeledTemplateRelationSymbolNumber_Octagon_splitClauses_0":["33"],
"generatedPredicateNumber_Random_splitClauses_1":["97"],
"clauseNumberAfterSimplification_RelationalEqs_splitClauses_0":["150"],
"labeledBinaryVariableTemplatesNumber_Term_splitClauses_0":["89"],
"minedSingleVariableTemplatesNumber_RelationalEqs_splitClauses_0":["343"],
"minedTemplateNumber_Mined_splitClauses_0":["432"],
"relationSymbolNumberBeforeSimplification_PredictedCG_splitClauses_0":["492"],
"averagePredicateSize_Octagon_splitClauses_0":["10800000"],
"unlabeledBinaryVariableTemplatesNumber_Empty_splitClauses_1":["1674"],
"unlabeledSingleVariableTemplatesNumber_PredictedCDHG_splitClauses_0":["985"],
"unlabeledSingleVariableTemplatesNumber_PredictedCG_splitClauses_1":["985"],
"labeledTemplateRelationSymbolNumber_Labeled_splitClauses_1":["33"],
"minedTemplateRelationSymbolNumber_Random_splitClauses_0":["42"],
"unlabeledTemplateRelationSymbolNumber_PredictedCG_splitClauses_0":["42"],
"unlabeledTemplateNumber_RelationalIneqs_splitClauses_0":["2659"],
"unlabeledSingleVariableTemplatesNumber_Labeled_splitClauses_0":["985"],
"relationSymbolNumberAfterSimplification_PredictedCG_splitClauses_0":["246"],
"minedTemplateNumber_Unlabeled_splitClauses_1":["432"],
"generatedPredicateNumber_PredictedCG_splitClauses_0":["10800000"],
"labeledTemplateNumber_Unlabeled_splitClauses_1":["95"],
"unlabeledTemplateRelationSymbolNumber_Empty_splitClauses_1":["42"],
"clauseNumberBeforeSimplification_Empty_splitClauses_0":["199"],
"solvingTime_Octagon_splitClauses_1":["1974"],
"cegarIterationNumber_Mined_splitClauses_1":["40"],
"clauseNumberBeforeSimplification_Mined_splitClauses_1":["199"],
"smt2FileSizeByte_PredictedCDHG_splitClauses_0":["114129"],
"averagePredicateSize_PredictedCG_splitClauses_0":["10800000"],
"solvingTime_Random_splitClauses_0":["10800000"],
"minedTemplateNumber_RelationalEqs_splitClauses_0":["432"],
"unlabeledSingleVariableTemplatesNumber_RelationalIneqs_splitClauses_0":["985"],
"unlabeledTemplateNumber_Unlabeled_splitClauses_1":["2659"],
"labeledBinaryVariableTemplatesNumber_RelationalEqs_splitClauses_0":["89"],
"generatedPredicateNumber_PredictedCDHG_splitClauses_0":["10800000"],
"relationSymbolNumberAfterSimplification_RelationalIneqs_splitClauses_0":["246"],
"minedTemplateRelationSymbolNumber_Empty_splitClauses_1":["42"],
"predicateGeneratorTime_Random_splitClauses_1":["1040"],
"labeledTemplateNumber_Term_splitClauses_1":["95"],
"relationSymbolNumberBeforeSimplification_RelationalEqs_splitClauses_0":["492"],
"minedSingleVariableTemplatesNumber_Empty_splitClauses_1":["343"],
"minedSingleVariableTemplatesNumber_RelationalIneqs_splitClauses_0":["343"],
"clauseNumberAfterSimplification_All_splitClauses_0":["150"],
"unlabeledBinaryVariableTemplatesNumber_RelationalEqs_splitClauses_0":["1674"],
"cegarIterationNumber_RelationalEqs_splitClauses_0":["10800000"],
"labeledTemplateRelationSymbolNumber_PredictedCDHG_splitClauses_0":["33"],
"labeledSingleVariableTemplatesNumber_Labeled_splitClauses_1":["6"],
"unlabeledBinaryVariableTemplatesNumber_All_splitClauses_1":["1674"],
"minedTemplateRelationSymbolNumber_Unlabeled_splitClauses_1":["42"],
"solvingTime_RelationalEqs_splitClauses_0":["10800000"],
"solvingTime_RelationalEqs_splitClauses_1":["2069"],
"minedBinaryVariableTemplatesNumber_Mined_splitClauses_0":["89"],
"clauseNumberBeforeSimplification_All_splitClauses_0":["199"],
"clauseNumberBeforeSimplification_RelationalIneqs_splitClauses_1":["199"],
"labeledTemplateNumber_RelationalEqs_splitClauses_1":["95"],
"labeledBinaryVariableTemplatesNumber_RelationalIneqs_splitClauses_0":["89"],
"relationSymbolNumberBeforeSimplification_Labeled_splitClauses_0":["492"],
"clauseNumberAfterSimplification_Empty_splitClauses_0":["150"],
"averagePredicateSize_Empty_splitClauses_0":["10800000"],
"unlabeledTemplateNumber_Term_splitClauses_1":["2659"],
"predicateGeneratorTime_Mined_splitClauses_1":["1058"],
"labeledBinaryVariableTemplatesNumber_RelationalIneqs_splitClauses_1":["89"],
"predicateGeneratorTime_Unlabeled_splitClauses_0":["10800000"],
"relationSymbolNumberAfterSimplification_Empty_splitClauses_0":["246"],
"generatedPredicateNumber_Mined_splitClauses_0":["10800000"],
"generatedPredicateNumber_RelationalEqs_splitClauses_1":["97"],
"labeledTemplateRelationSymbolNumber_PredictedCG_splitClauses_0":["33"],
"minedSingleVariableTemplatesNumber_PredictedCG_splitClauses_1":["343"],
"minedTemplateRelationSymbolNumber_PredictedCG_splitClauses_0":["42"],
"unlabeledTemplateRelationSymbolNumber_Labeled_splitClauses_0":["42"],
"solvability_Empty_splitClauses_1":["1"],
"averagePredicateSize_Term_splitClauses_0":["10800000"],
"cegarIterationNumber_Random_splitClauses_1":["40"],
"averagePredicateSize_Labeled_splitClauses_1":["1"],
"unlabeledBinaryVariableTemplatesNumber_Unlabeled_splitClauses_0":["1674"],
"generatedPredicateNumber_Unlabeled_splitClauses_1":["97"],
"predicateGeneratorTime_All_splitClauses_0":["10800000"],
"unlabeledBinaryVariableTemplatesNumber_PredictedCDHG_splitClauses_1":["1674"],
"clauseNumberBeforeSimplification_Labeled_splitClauses_1":["199"],
"minedBinaryVariableTemplatesNumber_Labeled_splitClauses_1":["89"],
"labeledSingleVariableTemplatesNumber_All_splitClauses_0":["6"],
"unlabeledTemplateRelationSymbolNumber_Mined_splitClauses_0":["42"],
"cegarIterationNumber_Octagon_splitClauses_1":["40"],
"labeledTemplateNumber_Octagon_splitClauses_0":["95"],
"labeledTemplateRelationSymbolNumber_All_splitClauses_1":["33"],
"smt2FileSizeByte_Empty_splitClauses_0":["114129"],
"unlabeledTemplateNumber_Octagon_splitClauses_1":["2659"],
"predicateGeneratorTime_RelationalEqs_splitClauses_0":["10800000"],
"unlabeledTemplateRelationSymbolNumber_RelationalIneqs_splitClauses_0":["42"],
"smt2FileSizeByte_RelationalEqs_splitClauses_1":["114129"],
"unlabeledTemplateNumber_Labeled_splitClauses_0":["2659"],
"minedSingleVariableTemplatesNumber_Labeled_splitClauses_0":["343"],
"solvingTime_PredictedCDHG_splitClauses_1":["10800000"],
"relationSymbolNumberBeforeSimplification_Term_splitClauses_1":["492"],
"minedTemplateNumber_Octagon_splitClauses_1":["432"],
"clauseNumberBeforeSimplification_Mined_splitClauses_0":["199"],
"smt2FileSizeByte_All_splitClauses_0":["114129"],
"solvingTime_All_splitClauses_0":["10800000"],
"minedBinaryVariableTemplatesNumber_Term_splitClauses_1":["89"],
"unlabeledTemplateRelationSymbolNumber_Random_splitClauses_0":["42"],
"cegarIterationNumber_All_splitClauses_0":["10800000"],
"smt2FileSizeByte_RelationalEqs_splitClauses_0":["114129"],
"unlabeledSingleVariableTemplatesNumber_PredictedCDHG_splitClauses_1":["985"],
"clauseNumberBeforeSimplification_Labeled_splitClauses_0":["199"],
"cegarIterationNumber_PredictedCG_splitClauses_1":["10800000"],
"labeledTemplateRelationSymbolNumber_Unlabeled_splitClauses_0":["33"],
"unlabeledTemplateRelationSymbolNumber_Octagon_splitClauses_1":["42"],
"unlabeledTemplateNumber_Empty_splitClauses_1":["2659"],
"clauseNumberBeforeSimplification_Octagon_splitClauses_1":["199"],
"labeledTemplateNumber_Unlabeled_splitClauses_0":["95"],
"labeledBinaryVariableTemplatesNumber_PredictedCG_splitClauses_0":["89"],
"solvability_Term_splitClauses_1":["1"],
"solvability_Octagon_splitClauses_0":["10800000"],
"minedTemplateRelationSymbolNumber_RelationalIneqs_splitClauses_0":["42"],
"clauseNumberBeforeSimplification_RelationalIneqs_splitClauses_0":["199"],
"labeledTemplateNumber_PredictedCG_splitClauses_0":["95"],
"cegarIterationNumber_Labeled_splitClauses_0":["10800000"],
"smt2FileSizeByte_Labeled_splitClauses_1":["114129"],
"clauseNumberBeforeSimplification_Unlabeled_splitClauses_1":["199"],
"generatedPredicateNumber_Term_splitClauses_1":["97"],
"solvingTime_Term_splitClauses_1":["2377"],
"unlabeledBinaryVariableTemplatesNumber_Random_splitClauses_1":["1674"],
"unlabeledSingleVariableTemplatesNumber_Octagon_splitClauses_0":["985"],
"solvingTime_Octagon_splitClauses_0":["10800000"],
"labeledSingleVariableTemplatesNumber_Mined_splitClauses_1":["6"],
"averagePredicateSize_Term_splitClauses_1":["1"],
"labeledTemplateNumber_Labeled_splitClauses_0":["95"],
"unlabeledSingleVariableTemplatesNumber_PredictedCG_splitClauses_0":["985"],
"smt2FileSizeByte_Mined_splitClauses_1":["114129"],
"labeledBinaryVariableTemplatesNumber_Unlabeled_splitClauses_1":["89"],
"labeledTemplateNumber_All_splitClauses_0":["95"],
"unlabeledTemplateNumber_Random_splitClauses_0":["2659"],
"labeledTemplateNumber_Octagon_splitClauses_1":["95"],
"unlabeledTemplateNumber_PredictedCDHG_splitClauses_1":["2659"],
"unlabeledBinaryVariableTemplatesNumber_Mined_splitClauses_0":["1674"],
"minedTemplateRelationSymbolNumber_Mined_splitClauses_1":["42"],
"labeledTemplateNumber_RelationalIneqs_splitClauses_1":["95"],
"relationSymbolNumberAfterSimplification_All_splitClauses_0":["246"],
"relationSymbolNumberBeforeSimplification_PredictedCDHG_splitClauses_0":["492"],
"solvability_Term_splitClauses_0":["10800000"],
"clauseNumberBeforeSimplification_PredictedCG_splitClauses_1":["199"],
"generatedPredicateNumber_Labeled_splitClauses_1":["97"],
"labeledSingleVariableTemplatesNumber_Unlabeled_splitClauses_0":["6"],
"unlabeledBinaryVariableTemplatesNumber_Empty_splitClauses_0":["1674"],
"solvingTime_Mined_splitClauses_0":["10800000"],
"unlabeledTemplateNumber_All_splitClauses_1":["2659"],
"clauseNumberAfterSimplification_Random_splitClauses_1":["150"],
"labeledBinaryVariableTemplatesNumber_Octagon_splitClauses_1":["89"],
"unlabeledBinaryVariableTemplatesNumber_Labeled_splitClauses_0":["1674"],
"smt2FileSizeByte_Octagon_splitClauses_0":["114129"],
"labeledSingleVariableTemplatesNumber_Random_splitClauses_1":["6"],
"solvability_Unlabeled_splitClauses_0":["10800000"],
"solvingTime_Unlabeled_splitClauses_0":["10800000"],
"unlabeledTemplateRelationSymbolNumber_All_splitClauses_1":["42"],
"minedTemplateNumber_Empty_splitClauses_1":["432"],
"solvability_RelationalIneqs_splitClauses_0":["10800000"],
"unlabeledTemplateRelationSymbolNumber_Labeled_splitClauses_1":["42"],
"cegarIterationNumber_RelationalEqs_splitClauses_1":["40"],
"minedSingleVariableTemplatesNumber_RelationalEqs_splitClauses_1":["343"],
"clauseNumberAfterSimplification_PredictedCDHG_splitClauses_1":["150"],
"minedBinaryVariableTemplatesNumber_RelationalIneqs_splitClauses_1":["89"],
"unlabeledBinaryVariableTemplatesNumber_Mined_splitClauses_1":["1674"],
"unlabeledBinaryVariableTemplatesNumber_PredictedCDHG_splitClauses_0":["1674"],
"solvingTime_Empty_splitClauses_1":["2289"],
"labeledTemplateRelationSymbolNumber_Empty_splitClauses_1":["33"],
"generatedPredicateNumber_Term_splitClauses_0":["10800000"],
"averagePredicateSize_Empty_splitClauses_1":["1"],
"generatedPredicateNumber_PredictedCG_splitClauses_1":["10800000"],
"labeledTemplateRelationSymbolNumber_PredictedCDHG_splitClauses_1":["33"],
"predicateGeneratorTime_Mined_splitClauses_0":["10800000"],
"relationSymbolNumberBeforeSimplification_Term_splitClauses_0":["492"],
"predicateGeneratorTime_Labeled_splitClauses_0":["10800000"],
"labeledSingleVariableTemplatesNumber_Random_splitClauses_0":["6"],
"unlabeledTemplateRelationSymbolNumber_All_splitClauses_0":["42"],
"minedBinaryVariableTemplatesNumber_Labeled_splitClauses_0":["89"],
"generatedPredicateNumber_Labeled_splitClauses_0":["10800000"],
"relationSymbolNumberAfterSimplification_Empty_splitClauses_1":["246"],
"solvingTime_Mined_splitClauses_1":["2181"],
"minedSingleVariableTemplatesNumber_All_splitClauses_1":["343"],
"predicateGeneratorTime_Random_splitClauses_0":["10800000"],
"cegarIterationNumber_Term_splitClauses_1":["40"],
"labeledTemplateNumber_Empty_splitClauses_1":["95"],
"clauseNumberAfterSimplification_Empty_splitClauses_1":["150"],
"minedTemplateRelationSymbolNumber_Empty_splitClauses_0":["42"],
"unlabeledSingleVariableTemplatesNumber_Term_splitClauses_0":["985"],
"minedSingleVariableTemplatesNumber_Empty_splitClauses_0":["343"],
"relationSymbolNumberAfterSimplification_Random_splitClauses_0":["246"],
"minedTemplateRelationSymbolNumber_RelationalEqs_splitClauses_0":["42"],
"cegarIterationNumber_Empty_splitClauses_0":["10800000"],
"minedBinaryVariableTemplatesNumber_RelationalEqs_splitClauses_1":["89"],
"relationSymbolNumberBeforeSimplification_PredictedCG_splitClauses_1":["492"],
"labeledSingleVariableTemplatesNumber_All_splitClauses_1":["6"],
"unlabeledTemplateRelationSymbolNumber_Octagon_splitClauses_0":["42"],
"minedTemplateRelationSymbolNumber_Unlabeled_splitClauses_0":["42"],
"labeledBinaryVariableTemplatesNumber_Mined_splitClauses_0":["89"],
"relationSymbolNumberAfterSimplification_Unlabeled_splitClauses_1":["246"],
"minedTemplateNumber_PredictedCG_splitClauses_1":["432"],
"cegarIterationNumber_Empty_splitClauses_1":["40"],
"averagePredicateSize_RelationalIneqs_splitClauses_0":["10800000"],
"solvability_All_splitClauses_1":["10800000"],
"unlabeledBinaryVariableTemplatesNumber_Term_splitClauses_1":["1674"],
"minedTemplateRelationSymbolNumber_Labeled_splitClauses_1":["42"],
"averagePredicateSize_Unlabeled_splitClauses_1":["1"],
"labeledTemplateNumber_Term_splitClauses_0":["95"],
"smt2FileSizeByte_Empty_splitClauses_1":["114129"],
"solvingTime_PredictedCG_splitClauses_0":["10800000"],
"cegarIterationNumber_All_splitClauses_1":["10800000"],
"clauseNumberBeforeSimplification_Term_splitClauses_1":["199"],
"predicateGeneratorTime_Empty_splitClauses_0":["10800000"],
"relationSymbolNumberBeforeSimplification_Empty_splitClauses_1":["492"],
"averagePredicateSize_All_splitClauses_0":["10800000"],
"unlabeledBinaryVariableTemplatesNumber_Random_splitClauses_0":["1674"],
"smt2FileSizeByte_Term_splitClauses_0":["114129"],
"averagePredicateSize_Mined_splitClauses_1":["1"],
"minedBinaryVariableTemplatesNumber_Empty_splitClauses_0":["89"],
"minedTemplateRelationSymbolNumber_All_splitClauses_1":["42"],
"labeledSingleVariableTemplatesNumber_PredictedCG_splitClauses_0":["6"],
"unlabeledBinaryVariableTemplatesNumber_RelationalIneqs_splitClauses_0":["1674"],
"unlabeledSingleVariableTemplatesNumber_RelationalIneqs_splitClauses_1":["985"],
"clauseNumberAfterSimplification_RelationalIneqs_splitClauses_0":["150"],
"unlabeledTemplateNumber_RelationalEqs_splitClauses_0":["2659"],
"unlabeledTemplateNumber_RelationalIneqs_splitClauses_1":["2659"],
"labeledTemplateRelationSymbolNumber_PredictedCG_splitClauses_1":["33"],
"labeledTemplateRelationSymbolNumber_All_splitClauses_0":["33"],
"labeledSingleVariableTemplatesNumber_Octagon_splitClauses_0":["6"],
"dummyFiled":[]
}