{
"smt2FileSizeByte_All_splitClauses_1":["88029"],
"generatedPredicateNumber_All_splitClauses_1":["10800000"],
"unlabeledTemplateRelationSymbolNumber_PredictedCDHG_splitClauses_0":["40"],
"relationSymbolNumberBeforeSimplification_Unlabeled_splitClauses_1":["368"],
"predicateGeneratorTime_Term_splitClauses_0":["10800000"],
"averagePredicateSize_Random_splitClauses_1":["1"],
"labeledBinaryVariableTemplatesNumber_Labeled_splitClauses_1":["60"],
"clauseNumberBeforeSimplification_All_splitClauses_1":["166"],
"minedTemplateRelationSymbolNumber_Term_splitClauses_0":["40"],
"solvingTime_Labeled_splitClauses_1":["2179"],
"unlabeledTemplateNumber_Labeled_splitClauses_1":["2956"],
"relationSymbolNumberAfterSimplification_All_splitClauses_1":["282"],
"minedTemplateRelationSymbolNumber_Octagon_splitClauses_1":["40"],
"clauseNumberAfterSimplification_Mined_splitClauses_1":["164"],
"relationSymbolNumberBeforeSimplification_Octagon_splitClauses_0":["368"],
"unlabeledBinaryVariableTemplatesNumber_Term_splitClauses_0":["1884"],
"labeledTemplateNumber_PredictedCDHG_splitClauses_0":["61"],
"solvability_Empty_splitClauses_0":["10800000"],
"unlabeledTemplateRelationSymbolNumber_Random_splitClauses_1":["40"],
"labeledBinaryVariableTemplatesNumber_Octagon_splitClauses_0":["60"],
"relationSymbolNumberBeforeSimplification_Random_splitClauses_1":["368"],
"minedTemplateRelationSymbolNumber_Random_splitClauses_1":["40"],
"unlabeledSingleVariableTemplatesNumber_Mined_splitClauses_0":["1072"],
"unlabeledBinaryVariableTemplatesNumber_PredictedCG_splitClauses_1":["1884"],
"solvability_All_splitClauses_0":["10800000"],
"predicateGeneratorTime_RelationalEqs_splitClauses_1":["1109"],
"relationSymbolNumberBeforeSimplification_PredictedCDHG_splitClauses_1":["368"],
"smt2FileSizeByte_PredictedCG_splitClauses_1":["88029"],
"labeledSingleVariableTemplatesNumber_Unlabeled_splitClauses_1":["1"],
"labeledBinaryVariableTemplatesNumber_PredictedCG_splitClauses_1":["60"],
"minedBinaryVariableTemplatesNumber_PredictedCG_splitClauses_0":["60"],
"solvability_Random_splitClauses_0":["10800000"],
"relationSymbolNumberAfterSimplification_PredictedCG_splitClauses_1":["282"],
"clauseNumberBeforeSimplification_PredictedCDHG_splitClauses_1":["166"],
"labeledSingleVariableTemplatesNumber_Mined_splitClauses_0":["1"],
"solvability_Unlabeled_splitClauses_1":["1"],
"cegarIterationNumber_Labeled_splitClauses_1":["27"],
"smt2FileSizeByte_Mined_splitClauses_0":["88029"],
"relationSymbolNumberAfterSimplification_Mined_splitClauses_0":["282"],
"labeledSingleVariableTemplatesNumber_PredictedCG_splitClauses_1":["1"],
"smt2FileSizeByte_Octagon_splitClauses_1":["88029"],
"minedTemplateNumber_Labeled_splitClauses_1":["424"],
"labeledSingleVariableTemplatesNumber_RelationalIneqs_splitClauses_1":["1"],
"clauseNumberAfterSimplification_Labeled_splitClauses_1":["164"],
"relationSymbolNumberAfterSimplification_Labeled_splitClauses_0":["282"],
"smt2FileSizeByte_Random_splitClauses_0":["88029"],
"relationSymbolNumberAfterSimplification_PredictedCDHG_splitClauses_0":["282"],
"unlabeledTemplateRelationSymbolNumber_PredictedCDHG_splitClauses_1":["40"],
"labeledSingleVariableTemplatesNumber_Term_splitClauses_0":["1"],
"generatedPredicateNumber_PredictedCDHG_splitClauses_1":["10800000"],
"minedSingleVariableTemplatesNumber_Unlabeled_splitClauses_0":["364"],
"generatedPredicateNumber_Octagon_splitClauses_1":["107"],
"labeledSingleVariableTemplatesNumber_RelationalEqs_splitClauses_0":["1"],
"predicateGeneratorTime_PredictedCG_splitClauses_1":["10800000"],
"relationSymbolNumberAfterSimplification_Octagon_splitClauses_0":["282"],
"labeledTemplateNumber_Labeled_splitClauses_1":["61"],
"labeledSingleVariableTemplatesNumber_Empty_splitClauses_0":["1"],
"minedTemplateRelationSymbolNumber_RelationalIneqs_splitClauses_1":["40"],
"unlabeledSingleVariableTemplatesNumber_All_splitClauses_1":["1072"],
"labeledBinaryVariableTemplatesNumber_PredictedCDHG_splitClauses_1":["60"],
"unlabeledSingleVariableTemplatesNumber_RelationalEqs_splitClauses_1":["1072"],
"cegarIterationNumber_Term_splitClauses_0":["10800000"],
"unlabeledBinaryVariableTemplatesNumber_Labeled_splitClauses_1":["1884"],
"unlabeledSingleVariableTemplatesNumber_Term_splitClauses_1":["1072"],
"clauseNumberAfterSimplification_All_splitClauses_1":["164"],
"minedSingleVariableTemplatesNumber_Random_splitClauses_0":["364"],
"solvability_RelationalIneqs_splitClauses_1":["1"],
"minedTemplateNumber_Labeled_splitClauses_0":["424"],
"minedSingleVariableTemplatesNumber_Octagon_splitClauses_0":["364"],
"minedSingleVariableTemplatesNumber_Term_splitClauses_1":["364"],
"minedBinaryVariableTemplatesNumber_PredictedCDHG_splitClauses_1":["60"],
"generatedPredicateNumber_Mined_splitClauses_1":["107"],
"labeledSingleVariableTemplatesNumber_RelationalIneqs_splitClauses_0":["1"],
"averagePredicateSize_Mined_splitClauses_0":["10800000"],
"cegarIterationNumber_Unlabeled_splitClauses_0":["10800000"],
"minedBinaryVariableTemplatesNumber_Random_splitClauses_0":["60"],
"labeledTemplateNumber_Mined_splitClauses_1":["61"],
"labeledBinaryVariableTemplatesNumber_Random_splitClauses_0":["60"],
"unlabeledTemplateRelationSymbolNumber_Unlabeled_splitClauses_1":["40"],
"cegarIterationNumber_Mined_splitClauses_0":["10800000"],
"minedTemplateRelationSymbolNumber_Labeled_splitClauses_0":["40"],
"unlabeledBinaryVariableTemplatesNumber_RelationalIneqs_splitClauses_1":["1884"],
"unlabeledBinaryVariableTemplatesNumber_Octagon_splitClauses_0":["1884"],
"solvability_Mined_splitClauses_0":["10800000"],
"averagePredicateSize_RelationalEqs_splitClauses_0":["10800000"],
"clauseNumberAfterSimplification_Term_splitClauses_0":["164"],
"unlabeledTemplateNumber_Mined_splitClauses_0":["2956"],
"relationSymbolNumberAfterSimplification_Random_splitClauses_1":["282"],
"unlabeledTemplateNumber_PredictedCDHG_splitClauses_0":["2956"],
"cegarIterationNumber_RelationalIneqs_splitClauses_1":["27"],
"minedBinaryVariableTemplatesNumber_Unlabeled_splitClauses_1":["60"],
"labeledTemplateNumber_PredictedCG_splitClauses_1":["61"],
"labeledTemplateRelationSymbolNumber_Mined_splitClauses_0":["22"],
"labeledBinaryVariableTemplatesNumber_Mined_splitClauses_1":["60"],
"relationSymbolNumberBeforeSimplification_Mined_splitClauses_0":["368"],
"relationSymbolNumberBeforeSimplification_RelationalIneqs_splitClauses_0":["368"],
"clauseNumberAfterSimplification_RelationalIneqs_splitClauses_1":["164"],
"minedSingleVariableTemplatesNumber_PredictedCDHG_splitClauses_0":["364"],
"solvability_Labeled_splitClauses_1":["1"],
"labeledSingleVariableTemplatesNumber_Octagon_splitClauses_1":["1"],
"averagePredicateSize_Random_splitClauses_0":["10800000"],
"smt2FileSizeByte_RelationalIneqs_splitClauses_0":["88029"],
"generatedPredicateNumber_Unlabeled_splitClauses_0":["10800000"],
"solvability_RelationalEqs_splitClauses_0":["10800000"],
"predicateGeneratorTime_Empty_splitClauses_1":["1629"],
"minedSingleVariableTemplatesNumber_Mined_splitClauses_0":["364"],
"relationSymbolNumberAfterSimplification_Unlabeled_splitClauses_0":["282"],
"minedTemplateRelationSymbolNumber_PredictedCDHG_splitClauses_1":["40"],
"minedTemplateNumber_PredictedCG_splitClauses_0":["424"],
"averagePredicateSize_RelationalIneqs_splitClauses_1":["1"],
"labeledTemplateRelationSymbolNumber_Random_splitClauses_1":["22"],
"minedTemplateNumber_RelationalIneqs_splitClauses_0":["424"],
"predicateGeneratorTime_RelationalIneqs_splitClauses_0":["10800000"],
"labeledTemplateRelationSymbolNumber_Empty_splitClauses_0":["22"],
"minedBinaryVariableTemplatesNumber_Octagon_splitClauses_0":["60"],
"labeledSingleVariableTemplatesNumber_Term_splitClauses_1":["1"],
"labeledBinaryVariableTemplatesNumber_Empty_splitClauses_0":["60"],
"minedTemplateNumber_Octagon_splitClauses_0":["424"],
"labeledBinaryVariableTemplatesNumber_Unlabeled_splitClauses_0":["60"],
"relationSymbolNumberBeforeSimplification_Empty_splitClauses_0":["368"],
"clauseNumberAfterSimplification_PredictedCDHG_splitClauses_0":["164"],
"smt2FileSizeByte_PredictedCG_splitClauses_0":["88029"],
"minedBinaryVariableTemplatesNumber_RelationalEqs_splitClauses_0":["60"],
"relationSymbolNumberBeforeSimplification_Unlabeled_splitClauses_0":["368"],
"labeledTemplateRelationSymbolNumber_RelationalEqs_splitClauses_1":["22"],
"minedBinaryVariableTemplatesNumber_Random_splitClauses_1":["60"],
"clauseNumberAfterSimplification_Unlabeled_splitClauses_1":["164"],
"minedSingleVariableTemplatesNumber_PredictedCDHG_splitClauses_1":["364"],
"labeledBinaryVariableTemplatesNumber_Term_splitClauses_1":["60"],
"clauseNumberBeforeSimplification_Empty_splitClauses_1":["166"],
"relationSymbolNumberAfterSimplification_Octagon_splitClauses_1":["282"],
"relationSymbolNumberAfterSimplification_Term_splitClauses_0":["282"],
"minedBinaryVariableTemplatesNumber_Mined_splitClauses_1":["60"],
"unlabeledBinaryVariableTemplatesNumber_Unlabeled_splitClauses_1":["1884"],
"relationSymbolNumberBeforeSimplification_Random_splitClauses_0":["368"],
"relationSymbolNumberAfterSimplification_PredictedCDHG_splitClauses_1":["282"],
"unlabeledTemplateNumber_PredictedCG_splitClauses_1":["2956"],
"generatedPredicateNumber_Empty_splitClauses_0":["10800000"],
"predicateGeneratorTime_RelationalIneqs_splitClauses_1":["1127"],
"unlabeledSingleVariableTemplatesNumber_Empty_splitClauses_0":["1072"],
"cegarIterationNumber_Octagon_splitClauses_0":["10800000"],
"clauseNumberAfterSimplification_Octagon_splitClauses_1":["164"],
"unlabeledSingleVariableTemplatesNumber_Labeled_splitClauses_1":["1072"],
"clauseNumberBeforeSimplification_Random_splitClauses_1":["166"],
"minedTemplateRelationSymbolNumber_All_splitClauses_0":["40"],
"unlabeledTemplateRelationSymbolNumber_RelationalEqs_splitClauses_0":["40"],
"minedSingleVariableTemplatesNumber_Unlabeled_splitClauses_1":["364"],
"clauseNumberBeforeSimplification_RelationalEqs_splitClauses_0":["166"],
"minedTemplateNumber_Unlabeled_splitClauses_0":["424"],
"generatedPredicateNumber_Octagon_splitClauses_0":["10800000"],
"predicateGeneratorTime_PredictedCDHG_splitClauses_0":["10800000"],
"clauseNumberAfterSimplification_PredictedCG_splitClauses_1":["164"],
"labeledSingleVariableTemplatesNumber_RelationalEqs_splitClauses_1":["1"],
"smt2FileSizeByte_Random_splitClauses_1":["88029"],
"averagePredicateSize_PredictedCG_splitClauses_1":["10800000"],
"cegarIterationNumber_PredictedCDHG_splitClauses_1":["10800000"],
"clauseNumberAfterSimplification_RelationalEqs_splitClauses_1":["164"],
"minedBinaryVariableTemplatesNumber_Empty_splitClauses_1":["60"],
"relationSymbolNumberAfterSimplification_RelationalEqs_splitClauses_1":["282"],
"minedTemplateNumber_PredictedCDHG_splitClauses_0":["424"],
"labeledBinaryVariableTemplatesNumber_All_splitClauses_1":["60"],
"solvingTime_RelationalIneqs_splitClauses_1":["2227"],
"unlabeledTemplateRelationSymbolNumber_RelationalEqs_splitClauses_1":["40"],
"smt2FileSizeByte_Unlabeled_splitClauses_0":["88029"],
"relationSymbolNumberBeforeSimplification_Mined_splitClauses_1":["368"],
"relationSymbolNumberAfterSimplification_Mined_splitClauses_1":["282"],
"generatedPredicateNumber_All_splitClauses_0":["10800000"],
"relationSymbolNumberBeforeSimplification_Octagon_splitClauses_1":["368"],
"predicateGeneratorTime_Octagon_splitClauses_1":["1090"],
"solvability_Mined_splitClauses_1":["1"],
"minedTemplateRelationSymbolNumber_Term_splitClauses_1":["40"],
"clauseNumberAfterSimplification_Mined_splitClauses_0":["164"],
"solvability_PredictedCDHG_splitClauses_0":["10800000"],
"solvingTime_Empty_splitClauses_0":["10800000"],
"unlabeledSingleVariableTemplatesNumber_Unlabeled_splitClauses_1":["1072"],
"minedTemplateNumber_Term_splitClauses_1":["424"],
"averagePredicateSize_Octagon_splitClauses_1":["1"],
"unlabeledSingleVariableTemplatesNumber_Octagon_splitClauses_1":["1072"],
"minedTemplateRelationSymbolNumber_RelationalEqs_splitClauses_1":["40"],
"relationSymbolNumberBeforeSimplification_All_splitClauses_1":["368"],
"minedBinaryVariableTemplatesNumber_RelationalIneqs_splitClauses_0":["60"],
"predicateGeneratorTime_Term_splitClauses_1":["1425"],
"solvingTime_Labeled_splitClauses_0":["10800000"],
"unlabeledBinaryVariableTemplatesNumber_PredictedCG_splitClauses_0":["1884"],
"minedTemplateNumber_All_splitClauses_0":["424"],
"predicateGeneratorTime_Labeled_splitClauses_1":["1120"],
"unlabeledTemplateRelationSymbolNumber_Empty_splitClauses_0":["40"],
"unlabeledTemplateNumber_Mined_splitClauses_1":["2956"],
"solvability_PredictedCG_splitClauses_1":["10800000"],
"unlabeledTemplateNumber_Term_splitClauses_0":["2956"],
"minedBinaryVariableTemplatesNumber_PredictedCG_splitClauses_1":["60"],
"labeledSingleVariableTemplatesNumber_PredictedCDHG_splitClauses_0":["1"],
"minedBinaryVariableTemplatesNumber_All_splitClauses_0":["60"],
"averagePredicateSize_PredictedCDHG_splitClauses_1":["10800000"],
"predicateGeneratorTime_PredictedCG_splitClauses_0":["10800000"],
"generatedPredicateNumber_RelationalIneqs_splitClauses_0":["10800000"],
"labeledTemplateNumber_Empty_splitClauses_0":["61"],
"relationSymbolNumberAfterSimplification_RelationalIneqs_splitClauses_1":["282"],
"unlabeledTemplateRelationSymbolNumber_Term_splitClauses_0":["40"],
"minedTemplateNumber_All_splitClauses_1":["424"],
"labeledSingleVariableTemplatesNumber_Empty_splitClauses_1":["1"],
"minedBinaryVariableTemplatesNumber_Unlabeled_splitClauses_0":["60"],
"labeledTemplateNumber_Random_splitClauses_0":["61"],
"minedBinaryVariableTemplatesNumber_All_splitClauses_1":["60"],
"unlabeledSingleVariableTemplatesNumber_All_splitClauses_0":["1072"],
"relationSymbolNumberBeforeSimplification_Labeled_splitClauses_1":["368"],
"smt2FileSizeByte_PredictedCDHG_splitClauses_1":["88029"],
"labeledBinaryVariableTemplatesNumber_PredictedCDHG_splitClauses_0":["60"],
"averagePredicateSize_RelationalEqs_splitClauses_1":["1"],
"minedSingleVariableTemplatesNumber_Term_splitClauses_0":["364"],
"labeledTemplateRelationSymbolNumber_Term_splitClauses_1":["22"],
"generatedPredicateNumber_Random_splitClauses_0":["10800000"],
"labeledBinaryVariableTemplatesNumber_Empty_splitClauses_1":["60"],
"relationSymbolNumberAfterSimplification_Term_splitClauses_1":["282"],
"clauseNumberAfterSimplification_Labeled_splitClauses_0":["164"],
"labeledSingleVariableTemplatesNumber_Labeled_splitClauses_0":["1"],
"minedTemplateNumber_Mined_splitClauses_1":["424"],
"labeledTemplateRelationSymbolNumber_Labeled_splitClauses_0":["22"],
"unlabeledTemplateRelationSymbolNumber_Mined_splitClauses_1":["40"],
"solvability_Labeled_splitClauses_0":["10800000"],
"minedTemplateNumber_RelationalEqs_splitClauses_1":["424"],
"solvingTime_Random_splitClauses_1":["2446"],
"minedTemplateNumber_Random_splitClauses_0":["424"],
"cegarIterationNumber_Unlabeled_splitClauses_1":["27"],
"minedTemplateNumber_RelationalIneqs_splitClauses_1":["424"],
"unlabeledBinaryVariableTemplatesNumber_Octagon_splitClauses_1":["1884"],
"minedSingleVariableTemplatesNumber_Octagon_splitClauses_1":["364"],
"minedSingleVariableTemplatesNumber_Random_splitClauses_1":["364"],
"averagePredicateSize_All_splitClauses_1":["10800000"],
"minedTemplateNumber_Empty_splitClauses_0":["424"],
"labeledTemplateNumber_Mined_splitClauses_0":["61"],
"unlabeledBinaryVariableTemplatesNumber_All_splitClauses_0":["1884"],
"relationSymbolNumberAfterSimplification_Labeled_splitClauses_1":["282"],
"labeledSingleVariableTemplatesNumber_PredictedCDHG_splitClauses_1":["1"],
"minedSingleVariableTemplatesNumber_Mined_splitClauses_1":["364"],
"labeledTemplateRelationSymbolNumber_Term_splitClauses_0":["22"],
"unlabeledTemplateRelationSymbolNumber_Term_splitClauses_1":["40"],
"predicateGeneratorTime_All_splitClauses_1":["10800000"],
"unlabeledSingleVariableTemplatesNumber_Random_splitClauses_0":["1072"],
"predicateGeneratorTime_Unlabeled_splitClauses_1":["1123"],
"cegarIterationNumber_PredictedCDHG_splitClauses_0":["10800000"],
"labeledTemplateNumber_RelationalEqs_splitClauses_0":["61"],
"labeledTemplateRelationSymbolNumber_Mined_splitClauses_1":["22"],
"labeledTemplateRelationSymbolNumber_Random_splitClauses_0":["22"],
"labeledBinaryVariableTemplatesNumber_RelationalEqs_splitClauses_1":["60"],
"generatedPredicateNumber_RelationalIneqs_splitClauses_1":["107"],
"unlabeledTemplateRelationSymbolNumber_PredictedCG_splitClauses_1":["40"],
"unlabeledSingleVariableTemplatesNumber_RelationalEqs_splitClauses_0":["1072"],
"labeledBinaryVariableTemplatesNumber_Labeled_splitClauses_0":["60"],
"minedBinaryVariableTemplatesNumber_PredictedCDHG_splitClauses_0":["60"],
"unlabeledTemplateRelationSymbolNumber_Unlabeled_splitClauses_0":["40"],
"clauseNumberAfterSimplification_Term_splitClauses_1":["164"],
"unlabeledTemplateNumber_Octagon_splitClauses_0":["2956"],
"unlabeledBinaryVariableTemplatesNumber_RelationalEqs_splitClauses_1":["1884"],
"unlabeledTemplateNumber_PredictedCG_splitClauses_0":["2956"],
"unlabeledTemplateNumber_All_splitClauses_0":["2956"],
"labeledTemplateRelationSymbolNumber_RelationalIneqs_splitClauses_1":["22"],
"unlabeledSingleVariableTemplatesNumber_Mined_splitClauses_1":["1072"],
"labeledTemplateRelationSymbolNumber_Unlabeled_splitClauses_1":["22"],
"labeledBinaryVariableTemplatesNumber_Random_splitClauses_1":["60"],
"solvability_Random_splitClauses_1":["1"],
"solvingTime_Term_splitClauses_0":["10800000"],
"minedSingleVariableTemplatesNumber_Labeled_splitClauses_1":["364"],
"clauseNumberBeforeSimplification_Term_splitClauses_0":["166"],
"relationSymbolNumberBeforeSimplification_RelationalIneqs_splitClauses_1":["368"],
"minedTemplateRelationSymbolNumber_Mined_splitClauses_0":["40"],
"solvability_Octagon_splitClauses_1":["1"],
"minedSingleVariableTemplatesNumber_RelationalIneqs_splitClauses_1":["364"],
"smt2FileSizeByte_Labeled_splitClauses_0":["88029"],
"solvability_RelationalEqs_splitClauses_1":["1"],
"unlabeledSingleVariableTemplatesNumber_Empty_splitClauses_1":["1072"],
"labeledTemplateNumber_PredictedCDHG_splitClauses_1":["61"],
"minedTemplateRelationSymbolNumber_Octagon_splitClauses_0":["40"],
"clauseNumberAfterSimplification_Unlabeled_splitClauses_0":["164"],
"clauseNumberBeforeSimplification_Unlabeled_splitClauses_0":["166"],
"clauseNumberBeforeSimplification_PredictedCDHG_splitClauses_0":["166"],
"cegarIterationNumber_RelationalIneqs_splitClauses_0":["10800000"],
"labeledTemplateRelationSymbolNumber_RelationalEqs_splitClauses_0":["22"],
"averagePredicateSize_Labeled_splitClauses_0":["10800000"],
"smt2FileSizeByte_RelationalIneqs_splitClauses_1":["88029"],
"clauseNumberBeforeSimplification_RelationalEqs_splitClauses_1":["166"],
"unlabeledTemplateRelationSymbolNumber_RelationalIneqs_splitClauses_1":["40"],
"clauseNumberBeforeSimplification_PredictedCG_splitClauses_0":["166"],
"solvingTime_PredictedCDHG_splitClauses_0":["10800000"],
"labeledTemplateRelationSymbolNumber_Octagon_splitClauses_1":["22"],
"minedTemplateRelationSymbolNumber_PredictedCG_splitClauses_1":["40"],
"relationSymbolNumberBeforeSimplification_RelationalEqs_splitClauses_1":["368"],
"labeledTemplateNumber_Random_splitClauses_1":["61"],
"solvingTime_RelationalIneqs_splitClauses_0":["10800000"],
"labeledTemplateNumber_All_splitClauses_1":["61"],
"unlabeledTemplateNumber_Random_splitClauses_1":["2956"],
"relationSymbolNumberBeforeSimplification_All_splitClauses_0":["368"],
"smt2FileSizeByte_Unlabeled_splitClauses_1":["88029"],
"cegarIterationNumber_PredictedCG_splitClauses_0":["10800000"],
"predicateGeneratorTime_Octagon_splitClauses_0":["10800000"],
"unlabeledTemplateNumber_RelationalEqs_splitClauses_1":["2956"],
"clauseNumberAfterSimplification_Octagon_splitClauses_0":["164"],
"cegarIterationNumber_Random_splitClauses_0":["10800000"],
"solvability_PredictedCDHG_splitClauses_1":["10800000"],
"solvability_PredictedCG_splitClauses_0":["10800000"],
"solvingTime_PredictedCG_splitClauses_1":["10800000"],
"unlabeledSingleVariableTemplatesNumber_Unlabeled_splitClauses_0":["1072"],
"unlabeledTemplateNumber_Unlabeled_splitClauses_0":["2956"],
"labeledTemplateRelationSymbolNumber_RelationalIneqs_splitClauses_0":["22"],
"minedTemplateNumber_Random_splitClauses_1":["424"],
"generatedPredicateNumber_RelationalEqs_splitClauses_0":["10800000"],
"minedTemplateNumber_Term_splitClauses_0":["424"],
"solvingTime_All_splitClauses_1":["10800000"],
"minedSingleVariableTemplatesNumber_PredictedCG_splitClauses_0":["364"],
"smt2FileSizeByte_Term_splitClauses_1":["88029"],
"labeledBinaryVariableTemplatesNumber_All_splitClauses_0":["60"],
"minedTemplateNumber_PredictedCDHG_splitClauses_1":["424"],
"minedTemplateRelationSymbolNumber_PredictedCDHG_splitClauses_0":["40"],
"averagePredicateSize_Unlabeled_splitClauses_0":["10800000"],
"minedBinaryVariableTemplatesNumber_Octagon_splitClauses_1":["60"],
"unlabeledSingleVariableTemplatesNumber_Random_splitClauses_1":["1072"],
"clauseNumberBeforeSimplification_Random_splitClauses_0":["166"],
"solvingTime_Unlabeled_splitClauses_1":["2102"],
"predicateGeneratorTime_PredictedCDHG_splitClauses_1":["10800000"],
"averagePredicateSize_PredictedCDHG_splitClauses_0":["10800000"],
"relationSymbolNumberAfterSimplification_RelationalEqs_splitClauses_0":["282"],
"minedBinaryVariableTemplatesNumber_Term_splitClauses_0":["60"],
"labeledTemplateNumber_RelationalIneqs_splitClauses_0":["61"],
"clauseNumberAfterSimplification_Random_splitClauses_0":["164"],
"clauseNumberAfterSimplification_PredictedCG_splitClauses_0":["164"],
"generatedPredicateNumber_Empty_splitClauses_1":["107"],
"clauseNumberBeforeSimplification_Octagon_splitClauses_0":["166"],
"unlabeledTemplateNumber_Empty_splitClauses_0":["2956"],
"minedSingleVariableTemplatesNumber_All_splitClauses_0":["364"],
"labeledTemplateRelationSymbolNumber_Octagon_splitClauses_0":["22"],
"generatedPredicateNumber_Random_splitClauses_1":["107"],
"clauseNumberAfterSimplification_RelationalEqs_splitClauses_0":["164"],
"labeledBinaryVariableTemplatesNumber_Term_splitClauses_0":["60"],
"minedSingleVariableTemplatesNumber_RelationalEqs_splitClauses_0":["364"],
"minedTemplateNumber_Mined_splitClauses_0":["424"],
"relationSymbolNumberBeforeSimplification_PredictedCG_splitClauses_0":["368"],
"averagePredicateSize_Octagon_splitClauses_0":["10800000"],
"unlabeledBinaryVariableTemplatesNumber_Empty_splitClauses_1":["1884"],
"unlabeledSingleVariableTemplatesNumber_PredictedCDHG_splitClauses_0":["1072"],
"unlabeledSingleVariableTemplatesNumber_PredictedCG_splitClauses_1":["1072"],
"labeledTemplateRelationSymbolNumber_Labeled_splitClauses_1":["22"],
"minedTemplateRelationSymbolNumber_Random_splitClauses_0":["40"],
"unlabeledTemplateRelationSymbolNumber_PredictedCG_splitClauses_0":["40"],
"unlabeledTemplateNumber_RelationalIneqs_splitClauses_0":["2956"],
"unlabeledSingleVariableTemplatesNumber_Labeled_splitClauses_0":["1072"],
"relationSymbolNumberAfterSimplification_PredictedCG_splitClauses_0":["282"],
"minedTemplateNumber_Unlabeled_splitClauses_1":["424"],
"generatedPredicateNumber_PredictedCG_splitClauses_0":["10800000"],
"labeledTemplateNumber_Unlabeled_splitClauses_1":["61"],
"unlabeledTemplateRelationSymbolNumber_Empty_splitClauses_1":["40"],
"clauseNumberBeforeSimplification_Empty_splitClauses_0":["166"],
"solvingTime_Octagon_splitClauses_1":["2083"],
"cegarIterationNumber_Mined_splitClauses_1":["27"],
"clauseNumberBeforeSimplification_Mined_splitClauses_1":["166"],
"smt2FileSizeByte_PredictedCDHG_splitClauses_0":["88029"],
"averagePredicateSize_PredictedCG_splitClauses_0":["10800000"],
"solvingTime_Random_splitClauses_0":["10800000"],
"minedTemplateNumber_RelationalEqs_splitClauses_0":["424"],
"unlabeledSingleVariableTemplatesNumber_RelationalIneqs_splitClauses_0":["1072"],
"unlabeledTemplateNumber_Unlabeled_splitClauses_1":["2956"],
"labeledBinaryVariableTemplatesNumber_RelationalEqs_splitClauses_0":["60"],
"generatedPredicateNumber_PredictedCDHG_splitClauses_0":["10800000"],
"relationSymbolNumberAfterSimplification_RelationalIneqs_splitClauses_0":["282"],
"minedTemplateRelationSymbolNumber_Empty_splitClauses_1":["40"],
"predicateGeneratorTime_Random_splitClauses_1":["1293"],
"labeledTemplateNumber_Term_splitClauses_1":["61"],
"relationSymbolNumberBeforeSimplification_RelationalEqs_splitClauses_0":["368"],
"minedSingleVariableTemplatesNumber_Empty_splitClauses_1":["364"],
"minedSingleVariableTemplatesNumber_RelationalIneqs_splitClauses_0":["364"],
"clauseNumberAfterSimplification_All_splitClauses_0":["164"],
"unlabeledBinaryVariableTemplatesNumber_RelationalEqs_splitClauses_0":["1884"],
"cegarIterationNumber_RelationalEqs_splitClauses_0":["10800000"],
"labeledTemplateRelationSymbolNumber_PredictedCDHG_splitClauses_0":["22"],
"labeledSingleVariableTemplatesNumber_Labeled_splitClauses_1":["1"],
"unlabeledBinaryVariableTemplatesNumber_All_splitClauses_1":["1884"],
"minedTemplateRelationSymbolNumber_Unlabeled_splitClauses_1":["40"],
"solvingTime_RelationalEqs_splitClauses_0":["10800000"],
"solvingTime_RelationalEqs_splitClauses_1":["2155"],
"minedBinaryVariableTemplatesNumber_Mined_splitClauses_0":["60"],
"clauseNumberBeforeSimplification_All_splitClauses_0":["166"],
"clauseNumberBeforeSimplification_RelationalIneqs_splitClauses_1":["166"],
"labeledTemplateNumber_RelationalEqs_splitClauses_1":["61"],
"labeledBinaryVariableTemplatesNumber_RelationalIneqs_splitClauses_0":["60"],
"relationSymbolNumberBeforeSimplification_Labeled_splitClauses_0":["368"],
"clauseNumberAfterSimplification_Empty_splitClauses_0":["164"],
"averagePredicateSize_Empty_splitClauses_0":["10800000"],
"unlabeledTemplateNumber_Term_splitClauses_1":["2956"],
"predicateGeneratorTime_Mined_splitClauses_1":["1049"],
"labeledBinaryVariableTemplatesNumber_RelationalIneqs_splitClauses_1":["60"],
"predicateGeneratorTime_Unlabeled_splitClauses_0":["10800000"],
"relationSymbolNumberAfterSimplification_Empty_splitClauses_0":["282"],
"generatedPredicateNumber_Mined_splitClauses_0":["10800000"],
"generatedPredicateNumber_RelationalEqs_splitClauses_1":["107"],
"labeledTemplateRelationSymbolNumber_PredictedCG_splitClauses_0":["22"],
"minedSingleVariableTemplatesNumber_PredictedCG_splitClauses_1":["364"],
"minedTemplateRelationSymbolNumber_PredictedCG_splitClauses_0":["40"],
"unlabeledTemplateRelationSymbolNumber_Labeled_splitClauses_0":["40"],
"solvability_Empty_splitClauses_1":["1"],
"averagePredicateSize_Term_splitClauses_0":["10800000"],
"cegarIterationNumber_Random_splitClauses_1":["27"],
"averagePredicateSize_Labeled_splitClauses_1":["1"],
"unlabeledBinaryVariableTemplatesNumber_Unlabeled_splitClauses_0":["1884"],
"generatedPredicateNumber_Unlabeled_splitClauses_1":["107"],
"predicateGeneratorTime_All_splitClauses_0":["10800000"],
"unlabeledBinaryVariableTemplatesNumber_PredictedCDHG_splitClauses_1":["1884"],
"clauseNumberBeforeSimplification_Labeled_splitClauses_1":["166"],
"minedBinaryVariableTemplatesNumber_Labeled_splitClauses_1":["60"],
"labeledSingleVariableTemplatesNumber_All_splitClauses_0":["1"],
"unlabeledTemplateRelationSymbolNumber_Mined_splitClauses_0":["40"],
"cegarIterationNumber_Octagon_splitClauses_1":["27"],
"labeledTemplateNumber_Octagon_splitClauses_0":["61"],
"labeledTemplateRelationSymbolNumber_All_splitClauses_1":["22"],
"smt2FileSizeByte_Empty_splitClauses_0":["88029"],
"unlabeledTemplateNumber_Octagon_splitClauses_1":["2956"],
"predicateGeneratorTime_RelationalEqs_splitClauses_0":["10800000"],
"unlabeledTemplateRelationSymbolNumber_RelationalIneqs_splitClauses_0":["40"],
"smt2FileSizeByte_RelationalEqs_splitClauses_1":["88029"],
"unlabeledTemplateNumber_Labeled_splitClauses_0":["2956"],
"minedSingleVariableTemplatesNumber_Labeled_splitClauses_0":["364"],
"solvingTime_PredictedCDHG_splitClauses_1":["10800000"],
"relationSymbolNumberBeforeSimplification_Term_splitClauses_1":["368"],
"minedTemplateNumber_Octagon_splitClauses_1":["424"],
"clauseNumberBeforeSimplification_Mined_splitClauses_0":["166"],
"smt2FileSizeByte_All_splitClauses_0":["88029"],
"solvingTime_All_splitClauses_0":["10800000"],
"minedBinaryVariableTemplatesNumber_Term_splitClauses_1":["60"],
"unlabeledTemplateRelationSymbolNumber_Random_splitClauses_0":["40"],
"cegarIterationNumber_All_splitClauses_0":["10800000"],
"smt2FileSizeByte_RelationalEqs_splitClauses_0":["88029"],
"unlabeledSingleVariableTemplatesNumber_PredictedCDHG_splitClauses_1":["1072"],
"clauseNumberBeforeSimplification_Labeled_splitClauses_0":["166"],
"cegarIterationNumber_PredictedCG_splitClauses_1":["10800000"],
"labeledTemplateRelationSymbolNumber_Unlabeled_splitClauses_0":["22"],
"unlabeledTemplateRelationSymbolNumber_Octagon_splitClauses_1":["40"],
"unlabeledTemplateNumber_Empty_splitClauses_1":["2956"],
"clauseNumberBeforeSimplification_Octagon_splitClauses_1":["166"],
"labeledTemplateNumber_Unlabeled_splitClauses_0":["61"],
"labeledBinaryVariableTemplatesNumber_PredictedCG_splitClauses_0":["60"],
"solvability_Term_splitClauses_1":["1"],
"solvability_Octagon_splitClauses_0":["10800000"],
"minedTemplateRelationSymbolNumber_RelationalIneqs_splitClauses_0":["40"],
"clauseNumberBeforeSimplification_RelationalIneqs_splitClauses_0":["166"],
"labeledTemplateNumber_PredictedCG_splitClauses_0":["61"],
"cegarIterationNumber_Labeled_splitClauses_0":["10800000"],
"smt2FileSizeByte_Labeled_splitClauses_1":["88029"],
"clauseNumberBeforeSimplification_Unlabeled_splitClauses_1":["166"],
"generatedPredicateNumber_Term_splitClauses_1":["107"],
"solvingTime_Term_splitClauses_1":["2656"],
"unlabeledBinaryVariableTemplatesNumber_Random_splitClauses_1":["1884"],
"unlabeledSingleVariableTemplatesNumber_Octagon_splitClauses_0":["1072"],
"solvingTime_Octagon_splitClauses_0":["10800000"],
"labeledSingleVariableTemplatesNumber_Mined_splitClauses_1":["1"],
"averagePredicateSize_Term_splitClauses_1":["1"],
"labeledTemplateNumber_Labeled_splitClauses_0":["61"],
"unlabeledSingleVariableTemplatesNumber_PredictedCG_splitClauses_0":["1072"],
"smt2FileSizeByte_Mined_splitClauses_1":["88029"],
"labeledBinaryVariableTemplatesNumber_Unlabeled_splitClauses_1":["60"],
"labeledTemplateNumber_All_splitClauses_0":["61"],
"unlabeledTemplateNumber_Random_splitClauses_0":["2956"],
"labeledTemplateNumber_Octagon_splitClauses_1":["61"],
"unlabeledTemplateNumber_PredictedCDHG_splitClauses_1":["2956"],
"unlabeledBinaryVariableTemplatesNumber_Mined_splitClauses_0":["1884"],
"minedTemplateRelationSymbolNumber_Mined_splitClauses_1":["40"],
"labeledTemplateNumber_RelationalIneqs_splitClauses_1":["61"],
"relationSymbolNumberAfterSimplification_All_splitClauses_0":["282"],
"relationSymbolNumberBeforeSimplification_PredictedCDHG_splitClauses_0":["368"],
"solvability_Term_splitClauses_0":["10800000"],
"clauseNumberBeforeSimplification_PredictedCG_splitClauses_1":["166"],
"generatedPredicateNumber_Labeled_splitClauses_1":["107"],
"labeledSingleVariableTemplatesNumber_Unlabeled_splitClauses_0":["1"],
"unlabeledBinaryVariableTemplatesNumber_Empty_splitClauses_0":["1884"],
"solvingTime_Mined_splitClauses_0":["10800000"],
"unlabeledTemplateNumber_All_splitClauses_1":["2956"],
"clauseNumberAfterSimplification_Random_splitClauses_1":["164"],
"labeledBinaryVariableTemplatesNumber_Octagon_splitClauses_1":["60"],
"unlabeledBinaryVariableTemplatesNumber_Labeled_splitClauses_0":["1884"],
"smt2FileSizeByte_Octagon_splitClauses_0":["88029"],
"labeledSingleVariableTemplatesNumber_Random_splitClauses_1":["1"],
"solvability_Unlabeled_splitClauses_0":["10800000"],
"solvingTime_Unlabeled_splitClauses_0":["10800000"],
"unlabeledTemplateRelationSymbolNumber_All_splitClauses_1":["40"],
"minedTemplateNumber_Empty_splitClauses_1":["424"],
"solvability_RelationalIneqs_splitClauses_0":["10800000"],
"unlabeledTemplateRelationSymbolNumber_Labeled_splitClauses_1":["40"],
"cegarIterationNumber_RelationalEqs_splitClauses_1":["27"],
"minedSingleVariableTemplatesNumber_RelationalEqs_splitClauses_1":["364"],
"clauseNumberAfterSimplification_PredictedCDHG_splitClauses_1":["164"],
"minedBinaryVariableTemplatesNumber_RelationalIneqs_splitClauses_1":["60"],
"unlabeledBinaryVariableTemplatesNumber_Mined_splitClauses_1":["1884"],
"unlabeledBinaryVariableTemplatesNumber_PredictedCDHG_splitClauses_0":["1884"],
"solvingTime_Empty_splitClauses_1":["2894"],
"labeledTemplateRelationSymbolNumber_Empty_splitClauses_1":["22"],
"generatedPredicateNumber_Term_splitClauses_0":["10800000"],
"averagePredicateSize_Empty_splitClauses_1":["1"],
"generatedPredicateNumber_PredictedCG_splitClauses_1":["10800000"],
"labeledTemplateRelationSymbolNumber_PredictedCDHG_splitClauses_1":["22"],
"predicateGeneratorTime_Mined_splitClauses_0":["10800000"],
"relationSymbolNumberBeforeSimplification_Term_splitClauses_0":["368"],
"predicateGeneratorTime_Labeled_splitClauses_0":["10800000"],
"labeledSingleVariableTemplatesNumber_Random_splitClauses_0":["1"],
"unlabeledTemplateRelationSymbolNumber_All_splitClauses_0":["40"],
"minedBinaryVariableTemplatesNumber_Labeled_splitClauses_0":["60"],
"generatedPredicateNumber_Labeled_splitClauses_0":["10800000"],
"relationSymbolNumberAfterSimplification_Empty_splitClauses_1":["282"],
"solvingTime_Mined_splitClauses_1":["2042"],
"minedSingleVariableTemplatesNumber_All_splitClauses_1":["364"],
"predicateGeneratorTime_Random_splitClauses_0":["10800000"],
"cegarIterationNumber_Term_splitClauses_1":["27"],
"labeledTemplateNumber_Empty_splitClauses_1":["61"],
"clauseNumberAfterSimplification_Empty_splitClauses_1":["164"],
"minedTemplateRelationSymbolNumber_Empty_splitClauses_0":["40"],
"unlabeledSingleVariableTemplatesNumber_Term_splitClauses_0":["1072"],
"minedSingleVariableTemplatesNumber_Empty_splitClauses_0":["364"],
"relationSymbolNumberAfterSimplification_Random_splitClauses_0":["282"],
"minedTemplateRelationSymbolNumber_RelationalEqs_splitClauses_0":["40"],
"cegarIterationNumber_Empty_splitClauses_0":["10800000"],
"minedBinaryVariableTemplatesNumber_RelationalEqs_splitClauses_1":["60"],
"relationSymbolNumberBeforeSimplification_PredictedCG_splitClauses_1":["368"],
"labeledSingleVariableTemplatesNumber_All_splitClauses_1":["1"],
"unlabeledTemplateRelationSymbolNumber_Octagon_splitClauses_0":["40"],
"minedTemplateRelationSymbolNumber_Unlabeled_splitClauses_0":["40"],
"labeledBinaryVariableTemplatesNumber_Mined_splitClauses_0":["60"],
"relationSymbolNumberAfterSimplification_Unlabeled_splitClauses_1":["282"],
"minedTemplateNumber_PredictedCG_splitClauses_1":["424"],
"cegarIterationNumber_Empty_splitClauses_1":["27"],
"averagePredicateSize_RelationalIneqs_splitClauses_0":["10800000"],
"solvability_All_splitClauses_1":["10800000"],
"unlabeledBinaryVariableTemplatesNumber_Term_splitClauses_1":["1884"],
"minedTemplateRelationSymbolNumber_Labeled_splitClauses_1":["40"],
"averagePredicateSize_Unlabeled_splitClauses_1":["1"],
"labeledTemplateNumber_Term_splitClauses_0":["61"],
"smt2FileSizeByte_Empty_splitClauses_1":["88029"],
"solvingTime_PredictedCG_splitClauses_0":["10800000"],
"cegarIterationNumber_All_splitClauses_1":["10800000"],
"clauseNumberBeforeSimplification_Term_splitClauses_1":["166"],
"predicateGeneratorTime_Empty_splitClauses_0":["10800000"],
"relationSymbolNumberBeforeSimplification_Empty_splitClauses_1":["368"],
"averagePredicateSize_All_splitClauses_0":["10800000"],
"unlabeledBinaryVariableTemplatesNumber_Random_splitClauses_0":["1884"],
"smt2FileSizeByte_Term_splitClauses_0":["88029"],
"averagePredicateSize_Mined_splitClauses_1":["1"],
"minedBinaryVariableTemplatesNumber_Empty_splitClauses_0":["60"],
"minedTemplateRelationSymbolNumber_All_splitClauses_1":["40"],
"labeledSingleVariableTemplatesNumber_PredictedCG_splitClauses_0":["1"],
"unlabeledBinaryVariableTemplatesNumber_RelationalIneqs_splitClauses_0":["1884"],
"unlabeledSingleVariableTemplatesNumber_RelationalIneqs_splitClauses_1":["1072"],
"clauseNumberAfterSimplification_RelationalIneqs_splitClauses_0":["164"],
"unlabeledTemplateNumber_RelationalEqs_splitClauses_0":["2956"],
"unlabeledTemplateNumber_RelationalIneqs_splitClauses_1":["2956"],
"labeledTemplateRelationSymbolNumber_PredictedCG_splitClauses_1":["22"],
"labeledTemplateRelationSymbolNumber_All_splitClauses_0":["22"],
"labeledSingleVariableTemplatesNumber_Octagon_splitClauses_0":["1"],
"dummyFiled":[]
}