{
"cegarIterationNumber_Term_splitClauses_0":[41],
"cegarIterationNumber_RelationalIneqs_splitClauses_1":[43],
"cegarIterationNumber_Octagon_splitClauses_0":[41],
"solvingTime_RelationalIneqs_splitClauses_1":[1264],
"solvingTime_Term_splitClauses_0":[1272],
"cegarIterationNumber_RelationalIneqs_splitClauses_0":[41],
"solvingTime_RelationalIneqs_splitClauses_0":[1619],
"solvingTime_Octagon_splitClauses_1":[1191],
"cegarIterationNumber_RelationalEqs_splitClauses_0":[41],
"solvingTime_RelationalEqs_splitClauses_0":[1377],
"solvingTime_RelationalEqs_splitClauses_1":[1301],
"cegarIterationNumber_Octagon_splitClauses_1":[43],
"solvingTime_Term_splitClauses_1":[1428],
"solvingTime_Octagon_splitClauses_0":[1468],
"cegarIterationNumber_RelationalEqs_splitClauses_1":[43],
"cegarIterationNumber_Term_splitClauses_1":[43],
"dummyFiled":[]
}