{
"smt2FileSizeByte_All_splitClauses_1":["36726"],
"generatedPredicateNumber_All_splitClauses_1":["10800000"],
"unlabeledTemplateRelationSymbolNumber_PredictedCDHG_splitClauses_0":["22"],
"predicateGeneratorTime_Term_splitClauses_0":["10800000"],
"averagePredicateSize_Random_splitClauses_1":["10800000"],
"labeledBinaryVariableTemplatesNumber_Labeled_splitClauses_1":["21"],
"clauseNumberBeforeSimplification_All_splitClauses_1":["100"],
"minedTemplateRelationSymbolNumber_Term_splitClauses_0":["22"],
"solvingTime_Labeled_splitClauses_1":["10800000"],
"unlabeledTemplateNumber_Labeled_splitClauses_1":["1032"],
"relationSymbolNumber_Term_splitClauses_1":["103"],
"minedTemplateRelationSymbolNumber_Octagon_splitClauses_1":["22"],
"clauseNumberAfterSimplification_Mined_splitClauses_1":["62"],
"unlabeledBinaryVariableTemplatesNumber_Term_splitClauses_0":["636"],
"labeledTemplateNumber_PredictedCDHG_splitClauses_0":["22"],
"relationSymbolNumber_RelationalEqs_splitClauses_1":["103"],
"solvability_Empty_splitClauses_0":["10800000"],
"unlabeledTemplateRelationSymbolNumber_Random_splitClauses_1":["22"],
"labeledBinaryVariableTemplatesNumber_Octagon_splitClauses_0":["21"],
"minedTemplateRelationSymbolNumber_Random_splitClauses_1":["22"],
"unlabeledSingleVariableTemplatesNumber_Mined_splitClauses_0":["396"],
"unlabeledBinaryVariableTemplatesNumber_PredictedCG_splitClauses_1":["636"],
"solvability_All_splitClauses_0":["10800000"],
"predicateGeneratorTime_RelationalEqs_splitClauses_1":["10800000"],
"smt2FileSizeByte_PredictedCG_splitClauses_1":["36726"],
"labeledSingleVariableTemplatesNumber_Unlabeled_splitClauses_1":["1"],
"labeledBinaryVariableTemplatesNumber_PredictedCG_splitClauses_1":["21"],
"minedBinaryVariableTemplatesNumber_PredictedCG_splitClauses_0":["21"],
"solvability_Random_splitClauses_0":["10800000"],
"clauseNumberBeforeSimplification_PredictedCDHG_splitClauses_1":["100"],
"labeledSingleVariableTemplatesNumber_Mined_splitClauses_0":["1"],
"solvability_Unlabeled_splitClauses_1":["10800000"],
"cegarIterationNumber_Labeled_splitClauses_1":["10800000"],
"smt2FileSizeByte_Mined_splitClauses_0":["36726"],
"labeledSingleVariableTemplatesNumber_PredictedCG_splitClauses_1":["1"],
"smt2FileSizeByte_Octagon_splitClauses_1":["36726"],
"minedTemplateNumber_Labeled_splitClauses_1":["161"],
"labeledSingleVariableTemplatesNumber_RelationalIneqs_splitClauses_1":["1"],
"clauseNumberAfterSimplification_Labeled_splitClauses_1":["62"],
"smt2FileSizeByte_Random_splitClauses_0":["36726"],
"unlabeledTemplateRelationSymbolNumber_PredictedCDHG_splitClauses_1":["22"],
"labeledSingleVariableTemplatesNumber_Term_splitClauses_0":["1"],
"generatedPredicateNumber_PredictedCDHG_splitClauses_1":["10800000"],
"minedSingleVariableTemplatesNumber_Unlabeled_splitClauses_0":["140"],
"generatedPredicateNumber_Octagon_splitClauses_1":["10800000"],
"labeledSingleVariableTemplatesNumber_RelationalEqs_splitClauses_0":["1"],
"predicateGeneratorTime_PredictedCG_splitClauses_1":["10800000"],
"labeledTemplateNumber_Labeled_splitClauses_1":["22"],
"labeledSingleVariableTemplatesNumber_Empty_splitClauses_0":["1"],
"minedTemplateRelationSymbolNumber_RelationalIneqs_splitClauses_1":["22"],
"unlabeledSingleVariableTemplatesNumber_All_splitClauses_1":["396"],
"labeledBinaryVariableTemplatesNumber_PredictedCDHG_splitClauses_1":["21"],
"unlabeledSingleVariableTemplatesNumber_RelationalEqs_splitClauses_1":["396"],
"cegarIterationNumber_Term_splitClauses_0":["10800000"],
"unlabeledBinaryVariableTemplatesNumber_Labeled_splitClauses_1":["636"],
"unlabeledSingleVariableTemplatesNumber_Term_splitClauses_1":["396"],
"clauseNumberAfterSimplification_All_splitClauses_1":["62"],
"minedSingleVariableTemplatesNumber_Random_splitClauses_0":["140"],
"solvability_RelationalIneqs_splitClauses_1":["10800000"],
"minedTemplateNumber_Labeled_splitClauses_0":["161"],
"minedSingleVariableTemplatesNumber_Octagon_splitClauses_0":["140"],
"minedSingleVariableTemplatesNumber_Term_splitClauses_1":["140"],
"minedBinaryVariableTemplatesNumber_PredictedCDHG_splitClauses_1":["21"],
"generatedPredicateNumber_Mined_splitClauses_1":["26"],
"relationSymbolNumber_Octagon_splitClauses_1":["103"],
"relationSymbolNumber_Unlabeled_splitClauses_1":["103"],
"labeledSingleVariableTemplatesNumber_RelationalIneqs_splitClauses_0":["1"],
"averagePredicateSize_Mined_splitClauses_0":["10800000"],
"cegarIterationNumber_Unlabeled_splitClauses_0":["10800000"],
"minedBinaryVariableTemplatesNumber_Random_splitClauses_0":["21"],
"labeledTemplateNumber_Mined_splitClauses_1":["22"],
"labeledBinaryVariableTemplatesNumber_Random_splitClauses_0":["21"],
"unlabeledTemplateRelationSymbolNumber_Unlabeled_splitClauses_1":["22"],
"cegarIterationNumber_Mined_splitClauses_0":["10800000"],
"minedTemplateRelationSymbolNumber_Labeled_splitClauses_0":["22"],
"unlabeledBinaryVariableTemplatesNumber_RelationalIneqs_splitClauses_1":["636"],
"unlabeledBinaryVariableTemplatesNumber_Octagon_splitClauses_0":["636"],
"solvability_Mined_splitClauses_0":["10800000"],
"averagePredicateSize_RelationalEqs_splitClauses_0":["10800000"],
"clauseNumberAfterSimplification_Term_splitClauses_0":["62"],
"unlabeledTemplateNumber_Mined_splitClauses_0":["1032"],
"unlabeledTemplateNumber_PredictedCDHG_splitClauses_0":["1032"],
"cegarIterationNumber_RelationalIneqs_splitClauses_1":["10800000"],
"minedBinaryVariableTemplatesNumber_Unlabeled_splitClauses_1":["21"],
"labeledTemplateNumber_PredictedCG_splitClauses_1":["22"],
"labeledTemplateRelationSymbolNumber_Mined_splitClauses_0":["9"],
"labeledBinaryVariableTemplatesNumber_Mined_splitClauses_1":["21"],
"clauseNumberAfterSimplification_RelationalIneqs_splitClauses_1":["62"],
"minedSingleVariableTemplatesNumber_PredictedCDHG_splitClauses_0":["140"],
"solvability_Labeled_splitClauses_1":["10800000"],
"labeledSingleVariableTemplatesNumber_Octagon_splitClauses_1":["1"],
"averagePredicateSize_Random_splitClauses_0":["10800000"],
"smt2FileSizeByte_RelationalIneqs_splitClauses_0":["36726"],
"generatedPredicateNumber_Unlabeled_splitClauses_0":["10800000"],
"solvability_RelationalEqs_splitClauses_0":["10800000"],
"predicateGeneratorTime_Empty_splitClauses_1":["10800000"],
"minedSingleVariableTemplatesNumber_Mined_splitClauses_0":["140"],
"minedTemplateRelationSymbolNumber_PredictedCDHG_splitClauses_1":["22"],
"minedTemplateNumber_PredictedCG_splitClauses_0":["161"],
"averagePredicateSize_RelationalIneqs_splitClauses_1":["10800000"],
"labeledTemplateRelationSymbolNumber_Random_splitClauses_1":["9"],
"minedTemplateNumber_RelationalIneqs_splitClauses_0":["161"],
"predicateGeneratorTime_RelationalIneqs_splitClauses_0":["10800000"],
"labeledTemplateRelationSymbolNumber_Empty_splitClauses_0":["9"],
"minedBinaryVariableTemplatesNumber_Octagon_splitClauses_0":["21"],
"relationSymbolNumber_Labeled_splitClauses_0":["103"],
"labeledSingleVariableTemplatesNumber_Term_splitClauses_1":["1"],
"labeledBinaryVariableTemplatesNumber_Empty_splitClauses_0":["21"],
"minedTemplateNumber_Octagon_splitClauses_0":["161"],
"labeledBinaryVariableTemplatesNumber_Unlabeled_splitClauses_0":["21"],
"clauseNumberAfterSimplification_PredictedCDHG_splitClauses_0":["62"],
"smt2FileSizeByte_PredictedCG_splitClauses_0":["36726"],
"minedBinaryVariableTemplatesNumber_RelationalEqs_splitClauses_0":["21"],
"labeledTemplateRelationSymbolNumber_RelationalEqs_splitClauses_1":["9"],
"minedBinaryVariableTemplatesNumber_Random_splitClauses_1":["21"],
"clauseNumberAfterSimplification_Unlabeled_splitClauses_1":["62"],
"minedSingleVariableTemplatesNumber_PredictedCDHG_splitClauses_1":["140"],
"labeledBinaryVariableTemplatesNumber_Term_splitClauses_1":["21"],
"clauseNumberBeforeSimplification_Empty_splitClauses_1":["100"],
"minedBinaryVariableTemplatesNumber_Mined_splitClauses_1":["21"],
"unlabeledBinaryVariableTemplatesNumber_Unlabeled_splitClauses_1":["636"],
"unlabeledTemplateNumber_PredictedCG_splitClauses_1":["1032"],
"generatedPredicateNumber_Empty_splitClauses_0":["10800000"],
"predicateGeneratorTime_RelationalIneqs_splitClauses_1":["10800000"],
"unlabeledSingleVariableTemplatesNumber_Empty_splitClauses_0":["396"],
"cegarIterationNumber_Octagon_splitClauses_0":["10800000"],
"clauseNumberAfterSimplification_Octagon_splitClauses_1":["62"],
"unlabeledSingleVariableTemplatesNumber_Labeled_splitClauses_1":["396"],
"clauseNumberBeforeSimplification_Random_splitClauses_1":["100"],
"minedTemplateRelationSymbolNumber_All_splitClauses_0":["22"],
"unlabeledTemplateRelationSymbolNumber_RelationalEqs_splitClauses_0":["22"],
"minedSingleVariableTemplatesNumber_Unlabeled_splitClauses_1":["140"],
"clauseNumberBeforeSimplification_RelationalEqs_splitClauses_0":["100"],
"minedTemplateNumber_Unlabeled_splitClauses_0":["161"],
"generatedPredicateNumber_Octagon_splitClauses_0":["10800000"],
"predicateGeneratorTime_PredictedCDHG_splitClauses_0":["10800000"],
"clauseNumberAfterSimplification_PredictedCG_splitClauses_1":["62"],
"labeledSingleVariableTemplatesNumber_RelationalEqs_splitClauses_1":["1"],
"smt2FileSizeByte_Random_splitClauses_1":["36726"],
"averagePredicateSize_PredictedCG_splitClauses_1":["10800000"],
"cegarIterationNumber_PredictedCDHG_splitClauses_1":["10800000"],
"clauseNumberAfterSimplification_RelationalEqs_splitClauses_1":["62"],
"minedBinaryVariableTemplatesNumber_Empty_splitClauses_1":["21"],
"minedTemplateNumber_PredictedCDHG_splitClauses_0":["161"],
"labeledBinaryVariableTemplatesNumber_All_splitClauses_1":["21"],
"solvingTime_RelationalIneqs_splitClauses_1":["10800000"],
"unlabeledTemplateRelationSymbolNumber_RelationalEqs_splitClauses_1":["22"],
"smt2FileSizeByte_Unlabeled_splitClauses_0":["36726"],
"generatedPredicateNumber_All_splitClauses_0":["10800000"],
"predicateGeneratorTime_Octagon_splitClauses_1":["10800000"],
"solvability_Mined_splitClauses_1":["1"],
"minedTemplateRelationSymbolNumber_Term_splitClauses_1":["22"],
"clauseNumberAfterSimplification_Mined_splitClauses_0":["62"],
"solvability_PredictedCDHG_splitClauses_0":["10800000"],
"solvingTime_Empty_splitClauses_0":["10800000"],
"unlabeledSingleVariableTemplatesNumber_Unlabeled_splitClauses_1":["396"],
"minedTemplateNumber_Term_splitClauses_1":["161"],
"averagePredicateSize_Octagon_splitClauses_1":["10800000"],
"relationSymbolNumber_Empty_splitClauses_1":["103"],
"unlabeledSingleVariableTemplatesNumber_Octagon_splitClauses_1":["396"],
"minedTemplateRelationSymbolNumber_RelationalEqs_splitClauses_1":["22"],
"minedBinaryVariableTemplatesNumber_RelationalIneqs_splitClauses_0":["21"],
"predicateGeneratorTime_Term_splitClauses_1":["10800000"],
"solvingTime_Labeled_splitClauses_0":["10800000"],
"unlabeledBinaryVariableTemplatesNumber_PredictedCG_splitClauses_0":["636"],
"minedTemplateNumber_All_splitClauses_0":["161"],
"predicateGeneratorTime_Labeled_splitClauses_1":["10800000"],
"unlabeledTemplateRelationSymbolNumber_Empty_splitClauses_0":["22"],
"unlabeledTemplateNumber_Mined_splitClauses_1":["1032"],
"solvability_PredictedCG_splitClauses_1":["10800000"],
"unlabeledTemplateNumber_Term_splitClauses_0":["1032"],
"minedBinaryVariableTemplatesNumber_PredictedCG_splitClauses_1":["21"],
"labeledSingleVariableTemplatesNumber_PredictedCDHG_splitClauses_0":["1"],
"minedBinaryVariableTemplatesNumber_All_splitClauses_0":["21"],
"averagePredicateSize_PredictedCDHG_splitClauses_1":["10800000"],
"predicateGeneratorTime_PredictedCG_splitClauses_0":["10800000"],
"generatedPredicateNumber_RelationalIneqs_splitClauses_0":["10800000"],
"labeledTemplateNumber_Empty_splitClauses_0":["22"],
"unlabeledTemplateRelationSymbolNumber_Term_splitClauses_0":["22"],
"minedTemplateNumber_All_splitClauses_1":["161"],
"labeledSingleVariableTemplatesNumber_Empty_splitClauses_1":["1"],
"minedBinaryVariableTemplatesNumber_Unlabeled_splitClauses_0":["21"],
"labeledTemplateNumber_Random_splitClauses_0":["22"],
"minedBinaryVariableTemplatesNumber_All_splitClauses_1":["21"],
"unlabeledSingleVariableTemplatesNumber_All_splitClauses_0":["396"],
"smt2FileSizeByte_PredictedCDHG_splitClauses_1":["36726"],
"labeledBinaryVariableTemplatesNumber_PredictedCDHG_splitClauses_0":["21"],
"averagePredicateSize_RelationalEqs_splitClauses_1":["10800000"],
"minedSingleVariableTemplatesNumber_Term_splitClauses_0":["140"],
"labeledTemplateRelationSymbolNumber_Term_splitClauses_1":["9"],
"generatedPredicateNumber_Random_splitClauses_0":["10800000"],
"labeledBinaryVariableTemplatesNumber_Empty_splitClauses_1":["21"],
"clauseNumberAfterSimplification_Labeled_splitClauses_0":["62"],
"labeledSingleVariableTemplatesNumber_Labeled_splitClauses_0":["1"],
"minedTemplateNumber_Mined_splitClauses_1":["161"],
"labeledTemplateRelationSymbolNumber_Labeled_splitClauses_0":["9"],
"unlabeledTemplateRelationSymbolNumber_Mined_splitClauses_1":["22"],
"solvability_Labeled_splitClauses_0":["10800000"],
"minedTemplateNumber_RelationalEqs_splitClauses_1":["161"],
"solvingTime_Random_splitClauses_1":["10800000"],
"minedTemplateNumber_Random_splitClauses_0":["161"],
"cegarIterationNumber_Unlabeled_splitClauses_1":["10800000"],
"minedTemplateNumber_RelationalIneqs_splitClauses_1":["161"],
"unlabeledBinaryVariableTemplatesNumber_Octagon_splitClauses_1":["636"],
"minedSingleVariableTemplatesNumber_Octagon_splitClauses_1":["140"],
"minedSingleVariableTemplatesNumber_Random_splitClauses_1":["140"],
"averagePredicateSize_All_splitClauses_1":["10800000"],
"minedTemplateNumber_Empty_splitClauses_0":["161"],
"labeledTemplateNumber_Mined_splitClauses_0":["22"],
"unlabeledBinaryVariableTemplatesNumber_All_splitClauses_0":["636"],
"labeledSingleVariableTemplatesNumber_PredictedCDHG_splitClauses_1":["1"],
"minedSingleVariableTemplatesNumber_Mined_splitClauses_1":["140"],
"labeledTemplateRelationSymbolNumber_Term_splitClauses_0":["9"],
"unlabeledTemplateRelationSymbolNumber_Term_splitClauses_1":["22"],
"predicateGeneratorTime_All_splitClauses_1":["10800000"],
"unlabeledSingleVariableTemplatesNumber_Random_splitClauses_0":["396"],
"predicateGeneratorTime_Unlabeled_splitClauses_1":["10800000"],
"cegarIterationNumber_PredictedCDHG_splitClauses_0":["10800000"],
"labeledTemplateNumber_RelationalEqs_splitClauses_0":["22"],
"labeledTemplateRelationSymbolNumber_Mined_splitClauses_1":["9"],
"labeledTemplateRelationSymbolNumber_Random_splitClauses_0":["9"],
"labeledBinaryVariableTemplatesNumber_RelationalEqs_splitClauses_1":["21"],
"generatedPredicateNumber_RelationalIneqs_splitClauses_1":["10800000"],
"unlabeledTemplateRelationSymbolNumber_PredictedCG_splitClauses_1":["22"],
"unlabeledSingleVariableTemplatesNumber_RelationalEqs_splitClauses_0":["396"],
"labeledBinaryVariableTemplatesNumber_Labeled_splitClauses_0":["21"],
"minedBinaryVariableTemplatesNumber_PredictedCDHG_splitClauses_0":["21"],
"unlabeledTemplateRelationSymbolNumber_Unlabeled_splitClauses_0":["22"],
"clauseNumberAfterSimplification_Term_splitClauses_1":["62"],
"relationSymbolNumber_RelationalIneqs_splitClauses_0":["103"],
"unlabeledTemplateNumber_Octagon_splitClauses_0":["1032"],
"unlabeledBinaryVariableTemplatesNumber_RelationalEqs_splitClauses_1":["636"],
"unlabeledTemplateNumber_PredictedCG_splitClauses_0":["1032"],
"unlabeledTemplateNumber_All_splitClauses_0":["1032"],
"labeledTemplateRelationSymbolNumber_RelationalIneqs_splitClauses_1":["9"],
"unlabeledSingleVariableTemplatesNumber_Mined_splitClauses_1":["396"],
"labeledTemplateRelationSymbolNumber_Unlabeled_splitClauses_1":["9"],
"labeledBinaryVariableTemplatesNumber_Random_splitClauses_1":["21"],
"relationSymbolNumber_RelationalEqs_splitClauses_0":["103"],
"solvability_Random_splitClauses_1":["10800000"],
"solvingTime_Term_splitClauses_0":["10800000"],
"minedSingleVariableTemplatesNumber_Labeled_splitClauses_1":["140"],
"relationSymbolNumber_Random_splitClauses_0":["103"],
"clauseNumberBeforeSimplification_Term_splitClauses_0":["100"],
"minedTemplateRelationSymbolNumber_Mined_splitClauses_0":["22"],
"solvability_Octagon_splitClauses_1":["10800000"],
"relationSymbolNumber_Labeled_splitClauses_1":["103"],
"minedSingleVariableTemplatesNumber_RelationalIneqs_splitClauses_1":["140"],
"smt2FileSizeByte_Labeled_splitClauses_0":["36726"],
"solvability_RelationalEqs_splitClauses_1":["10800000"],
"unlabeledSingleVariableTemplatesNumber_Empty_splitClauses_1":["396"],
"labeledTemplateNumber_PredictedCDHG_splitClauses_1":["22"],
"minedTemplateRelationSymbolNumber_Octagon_splitClauses_0":["22"],
"clauseNumberAfterSimplification_Unlabeled_splitClauses_0":["62"],
"clauseNumberBeforeSimplification_Unlabeled_splitClauses_0":["100"],
"clauseNumberBeforeSimplification_PredictedCDHG_splitClauses_0":["100"],
"cegarIterationNumber_RelationalIneqs_splitClauses_0":["10800000"],
"relationSymbolNumber_All_splitClauses_0":["103"],
"labeledTemplateRelationSymbolNumber_RelationalEqs_splitClauses_0":["9"],
"averagePredicateSize_Labeled_splitClauses_0":["10800000"],
"smt2FileSizeByte_RelationalIneqs_splitClauses_1":["36726"],
"clauseNumberBeforeSimplification_RelationalEqs_splitClauses_1":["100"],
"unlabeledTemplateRelationSymbolNumber_RelationalIneqs_splitClauses_1":["22"],
"clauseNumberBeforeSimplification_PredictedCG_splitClauses_0":["100"],
"solvingTime_PredictedCDHG_splitClauses_0":["10800000"],
"labeledTemplateRelationSymbolNumber_Octagon_splitClauses_1":["9"],
"minedTemplateRelationSymbolNumber_PredictedCG_splitClauses_1":["22"],
"labeledTemplateNumber_Random_splitClauses_1":["22"],
"solvingTime_RelationalIneqs_splitClauses_0":["10800000"],
"labeledTemplateNumber_All_splitClauses_1":["22"],
"unlabeledTemplateNumber_Random_splitClauses_1":["1032"],
"relationSymbolNumber_PredictedCDHG_splitClauses_1":["103"],
"smt2FileSizeByte_Unlabeled_splitClauses_1":["36726"],
"cegarIterationNumber_PredictedCG_splitClauses_0":["10800000"],
"predicateGeneratorTime_Octagon_splitClauses_0":["10800000"],
"unlabeledTemplateNumber_RelationalEqs_splitClauses_1":["1032"],
"clauseNumberAfterSimplification_Octagon_splitClauses_0":["62"],
"cegarIterationNumber_Random_splitClauses_0":["10800000"],
"solvability_PredictedCDHG_splitClauses_1":["10800000"],
"solvability_PredictedCG_splitClauses_0":["10800000"],
"solvingTime_PredictedCG_splitClauses_1":["10800000"],
"unlabeledSingleVariableTemplatesNumber_Unlabeled_splitClauses_0":["396"],
"unlabeledTemplateNumber_Unlabeled_splitClauses_0":["1032"],
"labeledTemplateRelationSymbolNumber_RelationalIneqs_splitClauses_0":["9"],
"minedTemplateNumber_Random_splitClauses_1":["161"],
"relationSymbolNumber_PredictedCG_splitClauses_0":["103"],
"generatedPredicateNumber_RelationalEqs_splitClauses_0":["10800000"],
"minedTemplateNumber_Term_splitClauses_0":["161"],
"solvingTime_All_splitClauses_1":["10800000"],
"minedSingleVariableTemplatesNumber_PredictedCG_splitClauses_0":["140"],
"smt2FileSizeByte_Term_splitClauses_1":["36726"],
"labeledBinaryVariableTemplatesNumber_All_splitClauses_0":["21"],
"minedTemplateNumber_PredictedCDHG_splitClauses_1":["161"],
"minedTemplateRelationSymbolNumber_PredictedCDHG_splitClauses_0":["22"],
"averagePredicateSize_Unlabeled_splitClauses_0":["10800000"],
"minedBinaryVariableTemplatesNumber_Octagon_splitClauses_1":["21"],
"unlabeledSingleVariableTemplatesNumber_Random_splitClauses_1":["396"],
"clauseNumberBeforeSimplification_Random_splitClauses_0":["100"],
"solvingTime_Unlabeled_splitClauses_1":["10800000"],
"predicateGeneratorTime_PredictedCDHG_splitClauses_1":["10800000"],
"averagePredicateSize_PredictedCDHG_splitClauses_0":["10800000"],
"minedBinaryVariableTemplatesNumber_Term_splitClauses_0":["21"],
"labeledTemplateNumber_RelationalIneqs_splitClauses_0":["22"],
"clauseNumberAfterSimplification_Random_splitClauses_0":["62"],
"clauseNumberAfterSimplification_PredictedCG_splitClauses_0":["62"],
"generatedPredicateNumber_Empty_splitClauses_1":["10800000"],
"clauseNumberBeforeSimplification_Octagon_splitClauses_0":["100"],
"unlabeledTemplateNumber_Empty_splitClauses_0":["1032"],
"minedSingleVariableTemplatesNumber_All_splitClauses_0":["140"],
"labeledTemplateRelationSymbolNumber_Octagon_splitClauses_0":["9"],
"generatedPredicateNumber_Random_splitClauses_1":["10800000"],
"clauseNumberAfterSimplification_RelationalEqs_splitClauses_0":["62"],
"labeledBinaryVariableTemplatesNumber_Term_splitClauses_0":["21"],
"minedSingleVariableTemplatesNumber_RelationalEqs_splitClauses_0":["140"],
"minedTemplateNumber_Mined_splitClauses_0":["161"],
"averagePredicateSize_Octagon_splitClauses_0":["10800000"],
"unlabeledBinaryVariableTemplatesNumber_Empty_splitClauses_1":["636"],
"relationSymbolNumber_Unlabeled_splitClauses_0":["103"],
"unlabeledSingleVariableTemplatesNumber_PredictedCDHG_splitClauses_0":["396"],
"unlabeledSingleVariableTemplatesNumber_PredictedCG_splitClauses_1":["396"],
"labeledTemplateRelationSymbolNumber_Labeled_splitClauses_1":["9"],
"minedTemplateRelationSymbolNumber_Random_splitClauses_0":["22"],
"unlabeledTemplateRelationSymbolNumber_PredictedCG_splitClauses_0":["22"],
"unlabeledTemplateNumber_RelationalIneqs_splitClauses_0":["1032"],
"unlabeledSingleVariableTemplatesNumber_Labeled_splitClauses_0":["396"],
"minedTemplateNumber_Unlabeled_splitClauses_1":["161"],
"generatedPredicateNumber_PredictedCG_splitClauses_0":["10800000"],
"labeledTemplateNumber_Unlabeled_splitClauses_1":["22"],
"unlabeledTemplateRelationSymbolNumber_Empty_splitClauses_1":["22"],
"clauseNumberBeforeSimplification_Empty_splitClauses_0":["100"],
"solvingTime_Octagon_splitClauses_1":["10800000"],
"cegarIterationNumber_Mined_splitClauses_1":["13"],
"clauseNumberBeforeSimplification_Mined_splitClauses_1":["100"],
"smt2FileSizeByte_PredictedCDHG_splitClauses_0":["36726"],
"averagePredicateSize_PredictedCG_splitClauses_0":["10800000"],
"solvingTime_Random_splitClauses_0":["10800000"],
"minedTemplateNumber_RelationalEqs_splitClauses_0":["161"],
"unlabeledSingleVariableTemplatesNumber_RelationalIneqs_splitClauses_0":["396"],
"unlabeledTemplateNumber_Unlabeled_splitClauses_1":["1032"],
"labeledBinaryVariableTemplatesNumber_RelationalEqs_splitClauses_0":["21"],
"generatedPredicateNumber_PredictedCDHG_splitClauses_0":["10800000"],
"minedTemplateRelationSymbolNumber_Empty_splitClauses_1":["22"],
"predicateGeneratorTime_Random_splitClauses_1":["10800000"],
"labeledTemplateNumber_Term_splitClauses_1":["22"],
"minedSingleVariableTemplatesNumber_Empty_splitClauses_1":["140"],
"minedSingleVariableTemplatesNumber_RelationalIneqs_splitClauses_0":["140"],
"clauseNumberAfterSimplification_All_splitClauses_0":["62"],
"unlabeledBinaryVariableTemplatesNumber_RelationalEqs_splitClauses_0":["636"],
"cegarIterationNumber_RelationalEqs_splitClauses_0":["10800000"],
"labeledTemplateRelationSymbolNumber_PredictedCDHG_splitClauses_0":["9"],
"labeledSingleVariableTemplatesNumber_Labeled_splitClauses_1":["1"],
"unlabeledBinaryVariableTemplatesNumber_All_splitClauses_1":["636"],
"minedTemplateRelationSymbolNumber_Unlabeled_splitClauses_1":["22"],
"solvingTime_RelationalEqs_splitClauses_0":["10800000"],
"solvingTime_RelationalEqs_splitClauses_1":["10800000"],
"minedBinaryVariableTemplatesNumber_Mined_splitClauses_0":["21"],
"clauseNumberBeforeSimplification_All_splitClauses_0":["100"],
"clauseNumberBeforeSimplification_RelationalIneqs_splitClauses_1":["100"],
"labeledTemplateNumber_RelationalEqs_splitClauses_1":["22"],
"labeledBinaryVariableTemplatesNumber_RelationalIneqs_splitClauses_0":["21"],
"clauseNumberAfterSimplification_Empty_splitClauses_0":["62"],
"averagePredicateSize_Empty_splitClauses_0":["10800000"],
"relationSymbolNumber_PredictedCG_splitClauses_1":["103"],
"unlabeledTemplateNumber_Term_splitClauses_1":["1032"],
"predicateGeneratorTime_Mined_splitClauses_1":["386"],
"relationSymbolNumber_Mined_splitClauses_0":["103"],
"labeledBinaryVariableTemplatesNumber_RelationalIneqs_splitClauses_1":["21"],
"predicateGeneratorTime_Unlabeled_splitClauses_0":["10800000"],
"generatedPredicateNumber_Mined_splitClauses_0":["10800000"],
"generatedPredicateNumber_RelationalEqs_splitClauses_1":["10800000"],
"labeledTemplateRelationSymbolNumber_PredictedCG_splitClauses_0":["9"],
"minedSingleVariableTemplatesNumber_PredictedCG_splitClauses_1":["140"],
"minedTemplateRelationSymbolNumber_PredictedCG_splitClauses_0":["22"],
"unlabeledTemplateRelationSymbolNumber_Labeled_splitClauses_0":["22"],
"solvability_Empty_splitClauses_1":["10800000"],
"averagePredicateSize_Term_splitClauses_0":["10800000"],
"cegarIterationNumber_Random_splitClauses_1":["10800000"],
"relationSymbolNumber_All_splitClauses_1":["103"],
"averagePredicateSize_Labeled_splitClauses_1":["10800000"],
"unlabeledBinaryVariableTemplatesNumber_Unlabeled_splitClauses_0":["636"],
"generatedPredicateNumber_Unlabeled_splitClauses_1":["10800000"],
"predicateGeneratorTime_All_splitClauses_0":["10800000"],
"unlabeledBinaryVariableTemplatesNumber_PredictedCDHG_splitClauses_1":["636"],
"clauseNumberBeforeSimplification_Labeled_splitClauses_1":["100"],
"minedBinaryVariableTemplatesNumber_Labeled_splitClauses_1":["21"],
"labeledSingleVariableTemplatesNumber_All_splitClauses_0":["1"],
"unlabeledTemplateRelationSymbolNumber_Mined_splitClauses_0":["22"],
"cegarIterationNumber_Octagon_splitClauses_1":["10800000"],
"labeledTemplateNumber_Octagon_splitClauses_0":["22"],
"labeledTemplateRelationSymbolNumber_All_splitClauses_1":["9"],
"smt2FileSizeByte_Empty_splitClauses_0":["36726"],
"relationSymbolNumber_RelationalIneqs_splitClauses_1":["103"],
"unlabeledTemplateNumber_Octagon_splitClauses_1":["1032"],
"predicateGeneratorTime_RelationalEqs_splitClauses_0":["10800000"],
"unlabeledTemplateRelationSymbolNumber_RelationalIneqs_splitClauses_0":["22"],
"smt2FileSizeByte_RelationalEqs_splitClauses_1":["36726"],
"unlabeledTemplateNumber_Labeled_splitClauses_0":["1032"],
"relationSymbolNumber_Random_splitClauses_1":["103"],
"minedSingleVariableTemplatesNumber_Labeled_splitClauses_0":["140"],
"solvingTime_PredictedCDHG_splitClauses_1":["10800000"],
"minedTemplateNumber_Octagon_splitClauses_1":["161"],
"clauseNumberBeforeSimplification_Mined_splitClauses_0":["100"],
"smt2FileSizeByte_All_splitClauses_0":["36726"],
"solvingTime_All_splitClauses_0":["10800000"],
"minedBinaryVariableTemplatesNumber_Term_splitClauses_1":["21"],
"unlabeledTemplateRelationSymbolNumber_Random_splitClauses_0":["22"],
"cegarIterationNumber_All_splitClauses_0":["10800000"],
"smt2FileSizeByte_RelationalEqs_splitClauses_0":["36726"],
"unlabeledSingleVariableTemplatesNumber_PredictedCDHG_splitClauses_1":["396"],
"clauseNumberBeforeSimplification_Labeled_splitClauses_0":["100"],
"cegarIterationNumber_PredictedCG_splitClauses_1":["10800000"],
"labeledTemplateRelationSymbolNumber_Unlabeled_splitClauses_0":["9"],
"unlabeledTemplateRelationSymbolNumber_Octagon_splitClauses_1":["22"],
"unlabeledTemplateNumber_Empty_splitClauses_1":["1032"],
"clauseNumberBeforeSimplification_Octagon_splitClauses_1":["100"],
"labeledTemplateNumber_Unlabeled_splitClauses_0":["22"],
"labeledBinaryVariableTemplatesNumber_PredictedCG_splitClauses_0":["21"],
"solvability_Term_splitClauses_1":["10800000"],
"solvability_Octagon_splitClauses_0":["10800000"],
"minedTemplateRelationSymbolNumber_RelationalIneqs_splitClauses_0":["22"],
"clauseNumberBeforeSimplification_RelationalIneqs_splitClauses_0":["100"],
"labeledTemplateNumber_PredictedCG_splitClauses_0":["22"],
"cegarIterationNumber_Labeled_splitClauses_0":["10800000"],
"smt2FileSizeByte_Labeled_splitClauses_1":["36726"],
"clauseNumberBeforeSimplification_Unlabeled_splitClauses_1":["100"],
"generatedPredicateNumber_Term_splitClauses_1":["10800000"],
"solvingTime_Term_splitClauses_1":["10800000"],
"unlabeledBinaryVariableTemplatesNumber_Random_splitClauses_1":["636"],
"unlabeledSingleVariableTemplatesNumber_Octagon_splitClauses_0":["396"],
"solvingTime_Octagon_splitClauses_0":["10800000"],
"labeledSingleVariableTemplatesNumber_Mined_splitClauses_1":["1"],
"averagePredicateSize_Term_splitClauses_1":["10800000"],
"labeledTemplateNumber_Labeled_splitClauses_0":["22"],
"unlabeledSingleVariableTemplatesNumber_PredictedCG_splitClauses_0":["396"],
"smt2FileSizeByte_Mined_splitClauses_1":["36726"],
"labeledBinaryVariableTemplatesNumber_Unlabeled_splitClauses_1":["21"],
"labeledTemplateNumber_All_splitClauses_0":["22"],
"unlabeledTemplateNumber_Random_splitClauses_0":["1032"],
"labeledTemplateNumber_Octagon_splitClauses_1":["22"],
"unlabeledTemplateNumber_PredictedCDHG_splitClauses_1":["1032"],
"unlabeledBinaryVariableTemplatesNumber_Mined_splitClauses_0":["636"],
"minedTemplateRelationSymbolNumber_Mined_splitClauses_1":["22"],
"labeledTemplateNumber_RelationalIneqs_splitClauses_1":["22"],
"solvability_Term_splitClauses_0":["10800000"],
"relationSymbolNumber_Octagon_splitClauses_0":["103"],
"clauseNumberBeforeSimplification_PredictedCG_splitClauses_1":["100"],
"generatedPredicateNumber_Labeled_splitClauses_1":["10800000"],
"labeledSingleVariableTemplatesNumber_Unlabeled_splitClauses_0":["1"],
"unlabeledBinaryVariableTemplatesNumber_Empty_splitClauses_0":["636"],
"solvingTime_Mined_splitClauses_0":["10800000"],
"unlabeledTemplateNumber_All_splitClauses_1":["1032"],
"clauseNumberAfterSimplification_Random_splitClauses_1":["62"],
"labeledBinaryVariableTemplatesNumber_Octagon_splitClauses_1":["21"],
"unlabeledBinaryVariableTemplatesNumber_Labeled_splitClauses_0":["636"],
"smt2FileSizeByte_Octagon_splitClauses_0":["36726"],
"labeledSingleVariableTemplatesNumber_Random_splitClauses_1":["1"],
"solvability_Unlabeled_splitClauses_0":["10800000"],
"solvingTime_Unlabeled_splitClauses_0":["10800000"],
"unlabeledTemplateRelationSymbolNumber_All_splitClauses_1":["22"],
"minedTemplateNumber_Empty_splitClauses_1":["161"],
"solvability_RelationalIneqs_splitClauses_0":["10800000"],
"unlabeledTemplateRelationSymbolNumber_Labeled_splitClauses_1":["22"],
"cegarIterationNumber_RelationalEqs_splitClauses_1":["10800000"],
"minedSingleVariableTemplatesNumber_RelationalEqs_splitClauses_1":["140"],
"clauseNumberAfterSimplification_PredictedCDHG_splitClauses_1":["62"],
"minedBinaryVariableTemplatesNumber_RelationalIneqs_splitClauses_1":["21"],
"unlabeledBinaryVariableTemplatesNumber_Mined_splitClauses_1":["636"],
"unlabeledBinaryVariableTemplatesNumber_PredictedCDHG_splitClauses_0":["636"],
"solvingTime_Empty_splitClauses_1":["10800000"],
"labeledTemplateRelationSymbolNumber_Empty_splitClauses_1":["9"],
"generatedPredicateNumber_Term_splitClauses_0":["10800000"],
"averagePredicateSize_Empty_splitClauses_1":["10800000"],
"generatedPredicateNumber_PredictedCG_splitClauses_1":["10800000"],
"labeledTemplateRelationSymbolNumber_PredictedCDHG_splitClauses_1":["9"],
"relationSymbolNumber_Mined_splitClauses_1":["103"],
"predicateGeneratorTime_Mined_splitClauses_0":["10800000"],
"predicateGeneratorTime_Labeled_splitClauses_0":["10800000"],
"labeledSingleVariableTemplatesNumber_Random_splitClauses_0":["1"],
"unlabeledTemplateRelationSymbolNumber_All_splitClauses_0":["22"],
"minedBinaryVariableTemplatesNumber_Labeled_splitClauses_0":["21"],
"generatedPredicateNumber_Labeled_splitClauses_0":["10800000"],
"relationSymbolNumber_Empty_splitClauses_0":["103"],
"solvingTime_Mined_splitClauses_1":["523"],
"minedSingleVariableTemplatesNumber_All_splitClauses_1":["140"],
"predicateGeneratorTime_Random_splitClauses_0":["10800000"],
"cegarIterationNumber_Term_splitClauses_1":["10800000"],
"labeledTemplateNumber_Empty_splitClauses_1":["22"],
"clauseNumberAfterSimplification_Empty_splitClauses_1":["62"],
"minedTemplateRelationSymbolNumber_Empty_splitClauses_0":["22"],
"unlabeledSingleVariableTemplatesNumber_Term_splitClauses_0":["396"],
"minedSingleVariableTemplatesNumber_Empty_splitClauses_0":["140"],
"minedTemplateRelationSymbolNumber_RelationalEqs_splitClauses_0":["22"],
"cegarIterationNumber_Empty_splitClauses_0":["10800000"],
"minedBinaryVariableTemplatesNumber_RelationalEqs_splitClauses_1":["21"],
"labeledSingleVariableTemplatesNumber_All_splitClauses_1":["1"],
"unlabeledTemplateRelationSymbolNumber_Octagon_splitClauses_0":["22"],
"minedTemplateRelationSymbolNumber_Unlabeled_splitClauses_0":["22"],
"labeledBinaryVariableTemplatesNumber_Mined_splitClauses_0":["21"],
"minedTemplateNumber_PredictedCG_splitClauses_1":["161"],
"cegarIterationNumber_Empty_splitClauses_1":["10800000"],
"averagePredicateSize_RelationalIneqs_splitClauses_0":["10800000"],
"solvability_All_splitClauses_1":["10800000"],
"unlabeledBinaryVariableTemplatesNumber_Term_splitClauses_1":["636"],
"relationSymbolNumber_PredictedCDHG_splitClauses_0":["103"],
"minedTemplateRelationSymbolNumber_Labeled_splitClauses_1":["22"],
"averagePredicateSize_Unlabeled_splitClauses_1":["10800000"],
"labeledTemplateNumber_Term_splitClauses_0":["22"],
"smt2FileSizeByte_Empty_splitClauses_1":["36726"],
"solvingTime_PredictedCG_splitClauses_0":["10800000"],
"relationSymbolNumber_Term_splitClauses_0":["103"],
"cegarIterationNumber_All_splitClauses_1":["10800000"],
"clauseNumberBeforeSimplification_Term_splitClauses_1":["100"],
"predicateGeneratorTime_Empty_splitClauses_0":["10800000"],
"averagePredicateSize_All_splitClauses_0":["10800000"],
"unlabeledBinaryVariableTemplatesNumber_Random_splitClauses_0":["636"],
"smt2FileSizeByte_Term_splitClauses_0":["36726"],
"averagePredicateSize_Mined_splitClauses_1":["1"],
"minedBinaryVariableTemplatesNumber_Empty_splitClauses_0":["21"],
"minedTemplateRelationSymbolNumber_All_splitClauses_1":["22"],
"labeledSingleVariableTemplatesNumber_PredictedCG_splitClauses_0":["1"],
"unlabeledBinaryVariableTemplatesNumber_RelationalIneqs_splitClauses_0":["636"],
"unlabeledSingleVariableTemplatesNumber_RelationalIneqs_splitClauses_1":["396"],
"clauseNumberAfterSimplification_RelationalIneqs_splitClauses_0":["62"],
"unlabeledTemplateNumber_RelationalEqs_splitClauses_0":["1032"],
"unlabeledTemplateNumber_RelationalIneqs_splitClauses_1":["1032"],
"labeledTemplateRelationSymbolNumber_PredictedCG_splitClauses_1":["9"],
"labeledTemplateRelationSymbolNumber_All_splitClauses_0":["9"],
"labeledSingleVariableTemplatesNumber_Octagon_splitClauses_0":["1"],
"dummyFiled":[]
}