{
"cegarIterationNumber_Term_splitClauses_0":[1],
"cegarIterationNumber_RelationalIneqs_splitClauses_1":[0],
"cegarIterationNumber_Octagon_splitClauses_0":[1],
"solvingTime_RelationalIneqs_splitClauses_1":[73],
"solvingTime_Term_splitClauses_0":[136],
"cegarIterationNumber_RelationalIneqs_splitClauses_0":[1],
"solvingTime_RelationalIneqs_splitClauses_0":[179],
"solvingTime_Octagon_splitClauses_1":[77],
"cegarIterationNumber_RelationalEqs_splitClauses_0":[1],
"solvingTime_RelationalEqs_splitClauses_0":[175],
"solvingTime_RelationalEqs_splitClauses_1":[66],
"cegarIterationNumber_Octagon_splitClauses_1":[0],
"solvingTime_Term_splitClauses_1":[60],
"solvingTime_Octagon_splitClauses_0":[167],
"cegarIterationNumber_RelationalEqs_splitClauses_1":[0],
"cegarIterationNumber_Term_splitClauses_1":[0],
"dummyFiled":[]
}