{
"smt2FileSizeByte_All_splitClauses_1":["28474"],
"generatedPredicateNumber_All_splitClauses_1":["10800000"],
"unlabeledTemplateRelationSymbolNumber_PredictedCDHG_splitClauses_0":["8"],
"relationSymbolNumberBeforeSimplification_Unlabeled_splitClauses_1":["133"],
"predicateGeneratorTime_Term_splitClauses_0":["10800000"],
"averagePredicateSize_Random_splitClauses_1":["1"],
"labeledBinaryVariableTemplatesNumber_Labeled_splitClauses_1":["4"],
"clauseNumberBeforeSimplification_All_splitClauses_1":["66"],
"minedTemplateRelationSymbolNumber_Term_splitClauses_0":["8"],
"solvingTime_Labeled_splitClauses_1":["196"],
"unlabeledTemplateNumber_Labeled_splitClauses_1":["307"],
"relationSymbolNumberAfterSimplification_All_splitClauses_1":["31"],
"minedTemplateRelationSymbolNumber_Octagon_splitClauses_1":["8"],
"clauseNumberAfterSimplification_Mined_splitClauses_1":["20"],
"relationSymbolNumberBeforeSimplification_Octagon_splitClauses_0":["133"],
"unlabeledBinaryVariableTemplatesNumber_Term_splitClauses_0":["186"],
"labeledTemplateNumber_PredictedCDHG_splitClauses_0":["4"],
"solvability_Empty_splitClauses_0":["10800000"],
"unlabeledTemplateRelationSymbolNumber_Random_splitClauses_1":["8"],
"labeledBinaryVariableTemplatesNumber_Octagon_splitClauses_0":["4"],
"relationSymbolNumberBeforeSimplification_Random_splitClauses_1":["133"],
"minedTemplateRelationSymbolNumber_Random_splitClauses_1":["8"],
"unlabeledSingleVariableTemplatesNumber_Mined_splitClauses_0":["121"],
"unlabeledBinaryVariableTemplatesNumber_PredictedCG_splitClauses_1":["186"],
"solvability_All_splitClauses_0":["10800000"],
"predicateGeneratorTime_RelationalEqs_splitClauses_1":["134"],
"relationSymbolNumberBeforeSimplification_PredictedCDHG_splitClauses_1":["133"],
"smt2FileSizeByte_PredictedCG_splitClauses_1":["28474"],
"labeledSingleVariableTemplatesNumber_Unlabeled_splitClauses_1":["0"],
"labeledBinaryVariableTemplatesNumber_PredictedCG_splitClauses_1":["4"],
"minedBinaryVariableTemplatesNumber_PredictedCG_splitClauses_0":["4"],
"solvability_Random_splitClauses_0":["10800000"],
"relationSymbolNumberAfterSimplification_PredictedCG_splitClauses_1":["31"],
"clauseNumberBeforeSimplification_PredictedCDHG_splitClauses_1":["66"],
"labeledSingleVariableTemplatesNumber_Mined_splitClauses_0":["0"],
"solvability_Unlabeled_splitClauses_1":["1"],
"cegarIterationNumber_Labeled_splitClauses_1":["2"],
"smt2FileSizeByte_Mined_splitClauses_0":["28474"],
"relationSymbolNumberAfterSimplification_Mined_splitClauses_0":["31"],
"labeledSingleVariableTemplatesNumber_PredictedCG_splitClauses_1":["0"],
"smt2FileSizeByte_Octagon_splitClauses_1":["28474"],
"minedTemplateNumber_Labeled_splitClauses_1":["47"],
"labeledSingleVariableTemplatesNumber_RelationalIneqs_splitClauses_1":["0"],
"clauseNumberAfterSimplification_Labeled_splitClauses_1":["20"],
"relationSymbolNumberAfterSimplification_Labeled_splitClauses_0":["31"],
"smt2FileSizeByte_Random_splitClauses_0":["28474"],
"relationSymbolNumberAfterSimplification_PredictedCDHG_splitClauses_0":["31"],
"unlabeledTemplateRelationSymbolNumber_PredictedCDHG_splitClauses_1":["8"],
"labeledSingleVariableTemplatesNumber_Term_splitClauses_0":["0"],
"generatedPredicateNumber_PredictedCDHG_splitClauses_1":["10800000"],
"minedSingleVariableTemplatesNumber_Unlabeled_splitClauses_0":["43"],
"generatedPredicateNumber_Octagon_splitClauses_1":["3"],
"labeledSingleVariableTemplatesNumber_RelationalEqs_splitClauses_0":["0"],
"predicateGeneratorTime_PredictedCG_splitClauses_1":["10800000"],
"relationSymbolNumberAfterSimplification_Octagon_splitClauses_0":["31"],
"labeledTemplateNumber_Labeled_splitClauses_1":["4"],
"labeledSingleVariableTemplatesNumber_Empty_splitClauses_0":["0"],
"minedTemplateRelationSymbolNumber_RelationalIneqs_splitClauses_1":["8"],
"unlabeledSingleVariableTemplatesNumber_All_splitClauses_1":["121"],
"labeledBinaryVariableTemplatesNumber_PredictedCDHG_splitClauses_1":["4"],
"unlabeledSingleVariableTemplatesNumber_RelationalEqs_splitClauses_1":["121"],
"cegarIterationNumber_Term_splitClauses_0":["10800000"],
"unlabeledBinaryVariableTemplatesNumber_Labeled_splitClauses_1":["186"],
"unlabeledSingleVariableTemplatesNumber_Term_splitClauses_1":["121"],
"clauseNumberAfterSimplification_All_splitClauses_1":["20"],
"minedSingleVariableTemplatesNumber_Random_splitClauses_0":["43"],
"solvability_RelationalIneqs_splitClauses_1":["1"],
"minedTemplateNumber_Labeled_splitClauses_0":["47"],
"minedSingleVariableTemplatesNumber_Octagon_splitClauses_0":["43"],
"minedSingleVariableTemplatesNumber_Term_splitClauses_1":["43"],
"minedBinaryVariableTemplatesNumber_PredictedCDHG_splitClauses_1":["4"],
"generatedPredicateNumber_Mined_splitClauses_1":["3"],
"labeledSingleVariableTemplatesNumber_RelationalIneqs_splitClauses_0":["0"],
"averagePredicateSize_Mined_splitClauses_0":["10800000"],
"cegarIterationNumber_Unlabeled_splitClauses_0":["10800000"],
"minedBinaryVariableTemplatesNumber_Random_splitClauses_0":["4"],
"labeledTemplateNumber_Mined_splitClauses_1":["4"],
"labeledBinaryVariableTemplatesNumber_Random_splitClauses_0":["4"],
"unlabeledTemplateRelationSymbolNumber_Unlabeled_splitClauses_1":["8"],
"cegarIterationNumber_Mined_splitClauses_0":["10800000"],
"minedTemplateRelationSymbolNumber_Labeled_splitClauses_0":["8"],
"unlabeledBinaryVariableTemplatesNumber_RelationalIneqs_splitClauses_1":["186"],
"unlabeledBinaryVariableTemplatesNumber_Octagon_splitClauses_0":["186"],
"solvability_Mined_splitClauses_0":["10800000"],
"averagePredicateSize_RelationalEqs_splitClauses_0":["10800000"],
"clauseNumberAfterSimplification_Term_splitClauses_0":["20"],
"unlabeledTemplateNumber_Mined_splitClauses_0":["307"],
"relationSymbolNumberAfterSimplification_Random_splitClauses_1":["31"],
"unlabeledTemplateNumber_PredictedCDHG_splitClauses_0":["307"],
"cegarIterationNumber_RelationalIneqs_splitClauses_1":["2"],
"minedBinaryVariableTemplatesNumber_Unlabeled_splitClauses_1":["4"],
"labeledTemplateNumber_PredictedCG_splitClauses_1":["4"],
"labeledTemplateRelationSymbolNumber_Mined_splitClauses_0":["2"],
"labeledBinaryVariableTemplatesNumber_Mined_splitClauses_1":["4"],
"relationSymbolNumberBeforeSimplification_Mined_splitClauses_0":["133"],
"relationSymbolNumberBeforeSimplification_RelationalIneqs_splitClauses_0":["133"],
"clauseNumberAfterSimplification_RelationalIneqs_splitClauses_1":["20"],
"minedSingleVariableTemplatesNumber_PredictedCDHG_splitClauses_0":["43"],
"solvability_Labeled_splitClauses_1":["1"],
"labeledSingleVariableTemplatesNumber_Octagon_splitClauses_1":["0"],
"averagePredicateSize_Random_splitClauses_0":["10800000"],
"smt2FileSizeByte_RelationalIneqs_splitClauses_0":["28474"],
"generatedPredicateNumber_Unlabeled_splitClauses_0":["10800000"],
"solvability_RelationalEqs_splitClauses_0":["10800000"],
"predicateGeneratorTime_Empty_splitClauses_1":["130"],
"minedSingleVariableTemplatesNumber_Mined_splitClauses_0":["43"],
"relationSymbolNumberAfterSimplification_Unlabeled_splitClauses_0":["31"],
"minedTemplateRelationSymbolNumber_PredictedCDHG_splitClauses_1":["8"],
"minedTemplateNumber_PredictedCG_splitClauses_0":["47"],
"averagePredicateSize_RelationalIneqs_splitClauses_1":["1"],
"labeledTemplateRelationSymbolNumber_Random_splitClauses_1":["2"],
"minedTemplateNumber_RelationalIneqs_splitClauses_0":["47"],
"predicateGeneratorTime_RelationalIneqs_splitClauses_0":["10800000"],
"labeledTemplateRelationSymbolNumber_Empty_splitClauses_0":["2"],
"minedBinaryVariableTemplatesNumber_Octagon_splitClauses_0":["4"],
"labeledSingleVariableTemplatesNumber_Term_splitClauses_1":["0"],
"labeledBinaryVariableTemplatesNumber_Empty_splitClauses_0":["4"],
"minedTemplateNumber_Octagon_splitClauses_0":["47"],
"labeledBinaryVariableTemplatesNumber_Unlabeled_splitClauses_0":["4"],
"relationSymbolNumberBeforeSimplification_Empty_splitClauses_0":["133"],
"clauseNumberAfterSimplification_PredictedCDHG_splitClauses_0":["20"],
"smt2FileSizeByte_PredictedCG_splitClauses_0":["28474"],
"minedBinaryVariableTemplatesNumber_RelationalEqs_splitClauses_0":["4"],
"relationSymbolNumberBeforeSimplification_Unlabeled_splitClauses_0":["133"],
"labeledTemplateRelationSymbolNumber_RelationalEqs_splitClauses_1":["2"],
"minedBinaryVariableTemplatesNumber_Random_splitClauses_1":["4"],
"clauseNumberAfterSimplification_Unlabeled_splitClauses_1":["20"],
"minedSingleVariableTemplatesNumber_PredictedCDHG_splitClauses_1":["43"],
"labeledBinaryVariableTemplatesNumber_Term_splitClauses_1":["4"],
"clauseNumberBeforeSimplification_Empty_splitClauses_1":["66"],
"relationSymbolNumberAfterSimplification_Octagon_splitClauses_1":["31"],
"relationSymbolNumberAfterSimplification_Term_splitClauses_0":["31"],
"minedBinaryVariableTemplatesNumber_Mined_splitClauses_1":["4"],
"unlabeledBinaryVariableTemplatesNumber_Unlabeled_splitClauses_1":["186"],
"relationSymbolNumberBeforeSimplification_Random_splitClauses_0":["133"],
"relationSymbolNumberAfterSimplification_PredictedCDHG_splitClauses_1":["31"],
"unlabeledTemplateNumber_PredictedCG_splitClauses_1":["307"],
"generatedPredicateNumber_Empty_splitClauses_0":["10800000"],
"predicateGeneratorTime_RelationalIneqs_splitClauses_1":["138"],
"unlabeledSingleVariableTemplatesNumber_Empty_splitClauses_0":["121"],
"cegarIterationNumber_Octagon_splitClauses_0":["10800000"],
"clauseNumberAfterSimplification_Octagon_splitClauses_1":["20"],
"unlabeledSingleVariableTemplatesNumber_Labeled_splitClauses_1":["121"],
"clauseNumberBeforeSimplification_Random_splitClauses_1":["66"],
"minedTemplateRelationSymbolNumber_All_splitClauses_0":["8"],
"unlabeledTemplateRelationSymbolNumber_RelationalEqs_splitClauses_0":["8"],
"minedSingleVariableTemplatesNumber_Unlabeled_splitClauses_1":["43"],
"clauseNumberBeforeSimplification_RelationalEqs_splitClauses_0":["66"],
"minedTemplateNumber_Unlabeled_splitClauses_0":["47"],
"generatedPredicateNumber_Octagon_splitClauses_0":["10800000"],
"predicateGeneratorTime_PredictedCDHG_splitClauses_0":["10800000"],
"clauseNumberAfterSimplification_PredictedCG_splitClauses_1":["20"],
"labeledSingleVariableTemplatesNumber_RelationalEqs_splitClauses_1":["0"],
"smt2FileSizeByte_Random_splitClauses_1":["28474"],
"averagePredicateSize_PredictedCG_splitClauses_1":["10800000"],
"cegarIterationNumber_PredictedCDHG_splitClauses_1":["10800000"],
"clauseNumberAfterSimplification_RelationalEqs_splitClauses_1":["20"],
"minedBinaryVariableTemplatesNumber_Empty_splitClauses_1":["4"],
"relationSymbolNumberAfterSimplification_RelationalEqs_splitClauses_1":["31"],
"minedTemplateNumber_PredictedCDHG_splitClauses_0":["47"],
"labeledBinaryVariableTemplatesNumber_All_splitClauses_1":["4"],
"solvingTime_RelationalIneqs_splitClauses_1":["204"],
"unlabeledTemplateRelationSymbolNumber_RelationalEqs_splitClauses_1":["8"],
"smt2FileSizeByte_Unlabeled_splitClauses_0":["28474"],
"relationSymbolNumberBeforeSimplification_Mined_splitClauses_1":["133"],
"relationSymbolNumberAfterSimplification_Mined_splitClauses_1":["31"],
"generatedPredicateNumber_All_splitClauses_0":["10800000"],
"relationSymbolNumberBeforeSimplification_Octagon_splitClauses_1":["133"],
"predicateGeneratorTime_Octagon_splitClauses_1":["150"],
"solvability_Mined_splitClauses_1":["1"],
"minedTemplateRelationSymbolNumber_Term_splitClauses_1":["8"],
"clauseNumberAfterSimplification_Mined_splitClauses_0":["20"],
"solvability_PredictedCDHG_splitClauses_0":["10800000"],
"solvingTime_Empty_splitClauses_0":["10800000"],
"unlabeledSingleVariableTemplatesNumber_Unlabeled_splitClauses_1":["121"],
"minedTemplateNumber_Term_splitClauses_1":["47"],
"averagePredicateSize_Octagon_splitClauses_1":["1"],
"unlabeledSingleVariableTemplatesNumber_Octagon_splitClauses_1":["121"],
"minedTemplateRelationSymbolNumber_RelationalEqs_splitClauses_1":["8"],
"relationSymbolNumberBeforeSimplification_All_splitClauses_1":["133"],
"minedBinaryVariableTemplatesNumber_RelationalIneqs_splitClauses_0":["4"],
"predicateGeneratorTime_Term_splitClauses_1":["149"],
"solvingTime_Labeled_splitClauses_0":["10800000"],
"unlabeledBinaryVariableTemplatesNumber_PredictedCG_splitClauses_0":["186"],
"minedTemplateNumber_All_splitClauses_0":["47"],
"predicateGeneratorTime_Labeled_splitClauses_1":["131"],
"unlabeledTemplateRelationSymbolNumber_Empty_splitClauses_0":["8"],
"unlabeledTemplateNumber_Mined_splitClauses_1":["307"],
"solvability_PredictedCG_splitClauses_1":["10800000"],
"unlabeledTemplateNumber_Term_splitClauses_0":["307"],
"minedBinaryVariableTemplatesNumber_PredictedCG_splitClauses_1":["4"],
"labeledSingleVariableTemplatesNumber_PredictedCDHG_splitClauses_0":["0"],
"minedBinaryVariableTemplatesNumber_All_splitClauses_0":["4"],
"averagePredicateSize_PredictedCDHG_splitClauses_1":["10800000"],
"predicateGeneratorTime_PredictedCG_splitClauses_0":["10800000"],
"generatedPredicateNumber_RelationalIneqs_splitClauses_0":["10800000"],
"labeledTemplateNumber_Empty_splitClauses_0":["4"],
"relationSymbolNumberAfterSimplification_RelationalIneqs_splitClauses_1":["31"],
"unlabeledTemplateRelationSymbolNumber_Term_splitClauses_0":["8"],
"minedTemplateNumber_All_splitClauses_1":["47"],
"labeledSingleVariableTemplatesNumber_Empty_splitClauses_1":["0"],
"minedBinaryVariableTemplatesNumber_Unlabeled_splitClauses_0":["4"],
"labeledTemplateNumber_Random_splitClauses_0":["4"],
"minedBinaryVariableTemplatesNumber_All_splitClauses_1":["4"],
"unlabeledSingleVariableTemplatesNumber_All_splitClauses_0":["121"],
"relationSymbolNumberBeforeSimplification_Labeled_splitClauses_1":["133"],
"smt2FileSizeByte_PredictedCDHG_splitClauses_1":["28474"],
"labeledBinaryVariableTemplatesNumber_PredictedCDHG_splitClauses_0":["4"],
"averagePredicateSize_RelationalEqs_splitClauses_1":["1"],
"minedSingleVariableTemplatesNumber_Term_splitClauses_0":["43"],
"labeledTemplateRelationSymbolNumber_Term_splitClauses_1":["2"],
"generatedPredicateNumber_Random_splitClauses_0":["10800000"],
"labeledBinaryVariableTemplatesNumber_Empty_splitClauses_1":["4"],
"relationSymbolNumberAfterSimplification_Term_splitClauses_1":["31"],
"clauseNumberAfterSimplification_Labeled_splitClauses_0":["20"],
"labeledSingleVariableTemplatesNumber_Labeled_splitClauses_0":["0"],
"minedTemplateNumber_Mined_splitClauses_1":["47"],
"labeledTemplateRelationSymbolNumber_Labeled_splitClauses_0":["2"],
"unlabeledTemplateRelationSymbolNumber_Mined_splitClauses_1":["8"],
"solvability_Labeled_splitClauses_0":["10800000"],
"minedTemplateNumber_RelationalEqs_splitClauses_1":["47"],
"solvingTime_Random_splitClauses_1":["201"],
"minedTemplateNumber_Random_splitClauses_0":["47"],
"cegarIterationNumber_Unlabeled_splitClauses_1":["2"],
"minedTemplateNumber_RelationalIneqs_splitClauses_1":["47"],
"unlabeledBinaryVariableTemplatesNumber_Octagon_splitClauses_1":["186"],
"minedSingleVariableTemplatesNumber_Octagon_splitClauses_1":["43"],
"minedSingleVariableTemplatesNumber_Random_splitClauses_1":["43"],
"averagePredicateSize_All_splitClauses_1":["10800000"],
"minedTemplateNumber_Empty_splitClauses_0":["47"],
"labeledTemplateNumber_Mined_splitClauses_0":["4"],
"unlabeledBinaryVariableTemplatesNumber_All_splitClauses_0":["186"],
"relationSymbolNumberAfterSimplification_Labeled_splitClauses_1":["31"],
"labeledSingleVariableTemplatesNumber_PredictedCDHG_splitClauses_1":["0"],
"minedSingleVariableTemplatesNumber_Mined_splitClauses_1":["43"],
"labeledTemplateRelationSymbolNumber_Term_splitClauses_0":["2"],
"unlabeledTemplateRelationSymbolNumber_Term_splitClauses_1":["8"],
"predicateGeneratorTime_All_splitClauses_1":["10800000"],
"unlabeledSingleVariableTemplatesNumber_Random_splitClauses_0":["121"],
"predicateGeneratorTime_Unlabeled_splitClauses_1":["131"],
"cegarIterationNumber_PredictedCDHG_splitClauses_0":["10800000"],
"labeledTemplateNumber_RelationalEqs_splitClauses_0":["4"],
"labeledTemplateRelationSymbolNumber_Mined_splitClauses_1":["2"],
"labeledTemplateRelationSymbolNumber_Random_splitClauses_0":["2"],
"labeledBinaryVariableTemplatesNumber_RelationalEqs_splitClauses_1":["4"],
"generatedPredicateNumber_RelationalIneqs_splitClauses_1":["3"],
"unlabeledTemplateRelationSymbolNumber_PredictedCG_splitClauses_1":["8"],
"unlabeledSingleVariableTemplatesNumber_RelationalEqs_splitClauses_0":["121"],
"labeledBinaryVariableTemplatesNumber_Labeled_splitClauses_0":["4"],
"minedBinaryVariableTemplatesNumber_PredictedCDHG_splitClauses_0":["4"],
"unlabeledTemplateRelationSymbolNumber_Unlabeled_splitClauses_0":["8"],
"clauseNumberAfterSimplification_Term_splitClauses_1":["20"],
"unlabeledTemplateNumber_Octagon_splitClauses_0":["307"],
"unlabeledBinaryVariableTemplatesNumber_RelationalEqs_splitClauses_1":["186"],
"unlabeledTemplateNumber_PredictedCG_splitClauses_0":["307"],
"unlabeledTemplateNumber_All_splitClauses_0":["307"],
"labeledTemplateRelationSymbolNumber_RelationalIneqs_splitClauses_1":["2"],
"unlabeledSingleVariableTemplatesNumber_Mined_splitClauses_1":["121"],
"labeledTemplateRelationSymbolNumber_Unlabeled_splitClauses_1":["2"],
"labeledBinaryVariableTemplatesNumber_Random_splitClauses_1":["4"],
"solvability_Random_splitClauses_1":["1"],
"solvingTime_Term_splitClauses_0":["10800000"],
"minedSingleVariableTemplatesNumber_Labeled_splitClauses_1":["43"],
"clauseNumberBeforeSimplification_Term_splitClauses_0":["66"],
"relationSymbolNumberBeforeSimplification_RelationalIneqs_splitClauses_1":["133"],
"minedTemplateRelationSymbolNumber_Mined_splitClauses_0":["8"],
"solvability_Octagon_splitClauses_1":["1"],
"minedSingleVariableTemplatesNumber_RelationalIneqs_splitClauses_1":["43"],
"smt2FileSizeByte_Labeled_splitClauses_0":["28474"],
"solvability_RelationalEqs_splitClauses_1":["1"],
"unlabeledSingleVariableTemplatesNumber_Empty_splitClauses_1":["121"],
"labeledTemplateNumber_PredictedCDHG_splitClauses_1":["4"],
"minedTemplateRelationSymbolNumber_Octagon_splitClauses_0":["8"],
"clauseNumberAfterSimplification_Unlabeled_splitClauses_0":["20"],
"clauseNumberBeforeSimplification_Unlabeled_splitClauses_0":["66"],
"clauseNumberBeforeSimplification_PredictedCDHG_splitClauses_0":["66"],
"cegarIterationNumber_RelationalIneqs_splitClauses_0":["10800000"],
"labeledTemplateRelationSymbolNumber_RelationalEqs_splitClauses_0":["2"],
"averagePredicateSize_Labeled_splitClauses_0":["10800000"],
"smt2FileSizeByte_RelationalIneqs_splitClauses_1":["28474"],
"clauseNumberBeforeSimplification_RelationalEqs_splitClauses_1":["66"],
"unlabeledTemplateRelationSymbolNumber_RelationalIneqs_splitClauses_1":["8"],
"clauseNumberBeforeSimplification_PredictedCG_splitClauses_0":["66"],
"solvingTime_PredictedCDHG_splitClauses_0":["10800000"],
"labeledTemplateRelationSymbolNumber_Octagon_splitClauses_1":["2"],
"minedTemplateRelationSymbolNumber_PredictedCG_splitClauses_1":["8"],
"relationSymbolNumberBeforeSimplification_RelationalEqs_splitClauses_1":["133"],
"labeledTemplateNumber_Random_splitClauses_1":["4"],
"solvingTime_RelationalIneqs_splitClauses_0":["10800000"],
"labeledTemplateNumber_All_splitClauses_1":["4"],
"unlabeledTemplateNumber_Random_splitClauses_1":["307"],
"relationSymbolNumberBeforeSimplification_All_splitClauses_0":["133"],
"smt2FileSizeByte_Unlabeled_splitClauses_1":["28474"],
"cegarIterationNumber_PredictedCG_splitClauses_0":["10800000"],
"predicateGeneratorTime_Octagon_splitClauses_0":["10800000"],
"unlabeledTemplateNumber_RelationalEqs_splitClauses_1":["307"],
"clauseNumberAfterSimplification_Octagon_splitClauses_0":["20"],
"cegarIterationNumber_Random_splitClauses_0":["10800000"],
"solvability_PredictedCDHG_splitClauses_1":["10800000"],
"solvability_PredictedCG_splitClauses_0":["10800000"],
"solvingTime_PredictedCG_splitClauses_1":["10800000"],
"unlabeledSingleVariableTemplatesNumber_Unlabeled_splitClauses_0":["121"],
"unlabeledTemplateNumber_Unlabeled_splitClauses_0":["307"],
"labeledTemplateRelationSymbolNumber_RelationalIneqs_splitClauses_0":["2"],
"minedTemplateNumber_Random_splitClauses_1":["47"],
"generatedPredicateNumber_RelationalEqs_splitClauses_0":["10800000"],
"minedTemplateNumber_Term_splitClauses_0":["47"],
"solvingTime_All_splitClauses_1":["10800000"],
"minedSingleVariableTemplatesNumber_PredictedCG_splitClauses_0":["43"],
"smt2FileSizeByte_Term_splitClauses_1":["28474"],
"labeledBinaryVariableTemplatesNumber_All_splitClauses_0":["4"],
"minedTemplateNumber_PredictedCDHG_splitClauses_1":["47"],
"minedTemplateRelationSymbolNumber_PredictedCDHG_splitClauses_0":["8"],
"averagePredicateSize_Unlabeled_splitClauses_0":["10800000"],
"minedBinaryVariableTemplatesNumber_Octagon_splitClauses_1":["4"],
"unlabeledSingleVariableTemplatesNumber_Random_splitClauses_1":["121"],
"clauseNumberBeforeSimplification_Random_splitClauses_0":["66"],
"solvingTime_Unlabeled_splitClauses_1":["203"],
"predicateGeneratorTime_PredictedCDHG_splitClauses_1":["10800000"],
"averagePredicateSize_PredictedCDHG_splitClauses_0":["10800000"],
"relationSymbolNumberAfterSimplification_RelationalEqs_splitClauses_0":["31"],
"minedBinaryVariableTemplatesNumber_Term_splitClauses_0":["4"],
"labeledTemplateNumber_RelationalIneqs_splitClauses_0":["4"],
"clauseNumberAfterSimplification_Random_splitClauses_0":["20"],
"clauseNumberAfterSimplification_PredictedCG_splitClauses_0":["20"],
"generatedPredicateNumber_Empty_splitClauses_1":["3"],
"clauseNumberBeforeSimplification_Octagon_splitClauses_0":["66"],
"unlabeledTemplateNumber_Empty_splitClauses_0":["307"],
"minedSingleVariableTemplatesNumber_All_splitClauses_0":["43"],
"labeledTemplateRelationSymbolNumber_Octagon_splitClauses_0":["2"],
"generatedPredicateNumber_Random_splitClauses_1":["3"],
"clauseNumberAfterSimplification_RelationalEqs_splitClauses_0":["20"],
"labeledBinaryVariableTemplatesNumber_Term_splitClauses_0":["4"],
"minedSingleVariableTemplatesNumber_RelationalEqs_splitClauses_0":["43"],
"minedTemplateNumber_Mined_splitClauses_0":["47"],
"relationSymbolNumberBeforeSimplification_PredictedCG_splitClauses_0":["133"],
"averagePredicateSize_Octagon_splitClauses_0":["10800000"],
"unlabeledBinaryVariableTemplatesNumber_Empty_splitClauses_1":["186"],
"unlabeledSingleVariableTemplatesNumber_PredictedCDHG_splitClauses_0":["121"],
"unlabeledSingleVariableTemplatesNumber_PredictedCG_splitClauses_1":["121"],
"labeledTemplateRelationSymbolNumber_Labeled_splitClauses_1":["2"],
"minedTemplateRelationSymbolNumber_Random_splitClauses_0":["8"],
"unlabeledTemplateRelationSymbolNumber_PredictedCG_splitClauses_0":["8"],
"unlabeledTemplateNumber_RelationalIneqs_splitClauses_0":["307"],
"unlabeledSingleVariableTemplatesNumber_Labeled_splitClauses_0":["121"],
"relationSymbolNumberAfterSimplification_PredictedCG_splitClauses_0":["31"],
"minedTemplateNumber_Unlabeled_splitClauses_1":["47"],
"generatedPredicateNumber_PredictedCG_splitClauses_0":["10800000"],
"labeledTemplateNumber_Unlabeled_splitClauses_1":["4"],
"unlabeledTemplateRelationSymbolNumber_Empty_splitClauses_1":["8"],
"clauseNumberBeforeSimplification_Empty_splitClauses_0":["66"],
"solvingTime_Octagon_splitClauses_1":["232"],
"cegarIterationNumber_Mined_splitClauses_1":["2"],
"clauseNumberBeforeSimplification_Mined_splitClauses_1":["66"],
"smt2FileSizeByte_PredictedCDHG_splitClauses_0":["28474"],
"averagePredicateSize_PredictedCG_splitClauses_0":["10800000"],
"solvingTime_Random_splitClauses_0":["10800000"],
"minedTemplateNumber_RelationalEqs_splitClauses_0":["47"],
"unlabeledSingleVariableTemplatesNumber_RelationalIneqs_splitClauses_0":["121"],
"unlabeledTemplateNumber_Unlabeled_splitClauses_1":["307"],
"labeledBinaryVariableTemplatesNumber_RelationalEqs_splitClauses_0":["4"],
"generatedPredicateNumber_PredictedCDHG_splitClauses_0":["10800000"],
"relationSymbolNumberAfterSimplification_RelationalIneqs_splitClauses_0":["31"],
"minedTemplateRelationSymbolNumber_Empty_splitClauses_1":["8"],
"predicateGeneratorTime_Random_splitClauses_1":["134"],
"labeledTemplateNumber_Term_splitClauses_1":["4"],
"relationSymbolNumberBeforeSimplification_RelationalEqs_splitClauses_0":["133"],
"minedSingleVariableTemplatesNumber_Empty_splitClauses_1":["43"],
"minedSingleVariableTemplatesNumber_RelationalIneqs_splitClauses_0":["43"],
"clauseNumberAfterSimplification_All_splitClauses_0":["20"],
"unlabeledBinaryVariableTemplatesNumber_RelationalEqs_splitClauses_0":["186"],
"cegarIterationNumber_RelationalEqs_splitClauses_0":["10800000"],
"labeledTemplateRelationSymbolNumber_PredictedCDHG_splitClauses_0":["2"],
"labeledSingleVariableTemplatesNumber_Labeled_splitClauses_1":["0"],
"unlabeledBinaryVariableTemplatesNumber_All_splitClauses_1":["186"],
"minedTemplateRelationSymbolNumber_Unlabeled_splitClauses_1":["8"],
"solvingTime_RelationalEqs_splitClauses_0":["10800000"],
"solvingTime_RelationalEqs_splitClauses_1":["207"],
"minedBinaryVariableTemplatesNumber_Mined_splitClauses_0":["4"],
"clauseNumberBeforeSimplification_All_splitClauses_0":["66"],
"clauseNumberBeforeSimplification_RelationalIneqs_splitClauses_1":["66"],
"labeledTemplateNumber_RelationalEqs_splitClauses_1":["4"],
"labeledBinaryVariableTemplatesNumber_RelationalIneqs_splitClauses_0":["4"],
"relationSymbolNumberBeforeSimplification_Labeled_splitClauses_0":["133"],
"clauseNumberAfterSimplification_Empty_splitClauses_0":["20"],
"averagePredicateSize_Empty_splitClauses_0":["10800000"],
"unlabeledTemplateNumber_Term_splitClauses_1":["307"],
"predicateGeneratorTime_Mined_splitClauses_1":["139"],
"labeledBinaryVariableTemplatesNumber_RelationalIneqs_splitClauses_1":["4"],
"predicateGeneratorTime_Unlabeled_splitClauses_0":["10800000"],
"relationSymbolNumberAfterSimplification_Empty_splitClauses_0":["31"],
"generatedPredicateNumber_Mined_splitClauses_0":["10800000"],
"generatedPredicateNumber_RelationalEqs_splitClauses_1":["3"],
"labeledTemplateRelationSymbolNumber_PredictedCG_splitClauses_0":["2"],
"minedSingleVariableTemplatesNumber_PredictedCG_splitClauses_1":["43"],
"minedTemplateRelationSymbolNumber_PredictedCG_splitClauses_0":["8"],
"unlabeledTemplateRelationSymbolNumber_Labeled_splitClauses_0":["8"],
"solvability_Empty_splitClauses_1":["1"],
"averagePredicateSize_Term_splitClauses_0":["10800000"],
"cegarIterationNumber_Random_splitClauses_1":["2"],
"averagePredicateSize_Labeled_splitClauses_1":["1"],
"unlabeledBinaryVariableTemplatesNumber_Unlabeled_splitClauses_0":["186"],
"generatedPredicateNumber_Unlabeled_splitClauses_1":["3"],
"predicateGeneratorTime_All_splitClauses_0":["10800000"],
"unlabeledBinaryVariableTemplatesNumber_PredictedCDHG_splitClauses_1":["186"],
"clauseNumberBeforeSimplification_Labeled_splitClauses_1":["66"],
"minedBinaryVariableTemplatesNumber_Labeled_splitClauses_1":["4"],
"labeledSingleVariableTemplatesNumber_All_splitClauses_0":["0"],
"unlabeledTemplateRelationSymbolNumber_Mined_splitClauses_0":["8"],
"cegarIterationNumber_Octagon_splitClauses_1":["2"],
"labeledTemplateNumber_Octagon_splitClauses_0":["4"],
"labeledTemplateRelationSymbolNumber_All_splitClauses_1":["2"],
"smt2FileSizeByte_Empty_splitClauses_0":["28474"],
"unlabeledTemplateNumber_Octagon_splitClauses_1":["307"],
"predicateGeneratorTime_RelationalEqs_splitClauses_0":["10800000"],
"unlabeledTemplateRelationSymbolNumber_RelationalIneqs_splitClauses_0":["8"],
"smt2FileSizeByte_RelationalEqs_splitClauses_1":["28474"],
"unlabeledTemplateNumber_Labeled_splitClauses_0":["307"],
"minedSingleVariableTemplatesNumber_Labeled_splitClauses_0":["43"],
"solvingTime_PredictedCDHG_splitClauses_1":["10800000"],
"relationSymbolNumberBeforeSimplification_Term_splitClauses_1":["133"],
"minedTemplateNumber_Octagon_splitClauses_1":["47"],
"clauseNumberBeforeSimplification_Mined_splitClauses_0":["66"],
"smt2FileSizeByte_All_splitClauses_0":["28474"],
"solvingTime_All_splitClauses_0":["10800000"],
"minedBinaryVariableTemplatesNumber_Term_splitClauses_1":["4"],
"unlabeledTemplateRelationSymbolNumber_Random_splitClauses_0":["8"],
"cegarIterationNumber_All_splitClauses_0":["10800000"],
"smt2FileSizeByte_RelationalEqs_splitClauses_0":["28474"],
"unlabeledSingleVariableTemplatesNumber_PredictedCDHG_splitClauses_1":["121"],
"clauseNumberBeforeSimplification_Labeled_splitClauses_0":["66"],
"cegarIterationNumber_PredictedCG_splitClauses_1":["10800000"],
"labeledTemplateRelationSymbolNumber_Unlabeled_splitClauses_0":["2"],
"unlabeledTemplateRelationSymbolNumber_Octagon_splitClauses_1":["8"],
"unlabeledTemplateNumber_Empty_splitClauses_1":["307"],
"clauseNumberBeforeSimplification_Octagon_splitClauses_1":["66"],
"labeledTemplateNumber_Unlabeled_splitClauses_0":["4"],
"labeledBinaryVariableTemplatesNumber_PredictedCG_splitClauses_0":["4"],
"solvability_Term_splitClauses_1":["1"],
"solvability_Octagon_splitClauses_0":["10800000"],
"minedTemplateRelationSymbolNumber_RelationalIneqs_splitClauses_0":["8"],
"clauseNumberBeforeSimplification_RelationalIneqs_splitClauses_0":["66"],
"labeledTemplateNumber_PredictedCG_splitClauses_0":["4"],
"cegarIterationNumber_Labeled_splitClauses_0":["10800000"],
"smt2FileSizeByte_Labeled_splitClauses_1":["28474"],
"clauseNumberBeforeSimplification_Unlabeled_splitClauses_1":["66"],
"generatedPredicateNumber_Term_splitClauses_1":["3"],
"solvingTime_Term_splitClauses_1":["215"],
"unlabeledBinaryVariableTemplatesNumber_Random_splitClauses_1":["186"],
"unlabeledSingleVariableTemplatesNumber_Octagon_splitClauses_0":["121"],
"solvingTime_Octagon_splitClauses_0":["10800000"],
"labeledSingleVariableTemplatesNumber_Mined_splitClauses_1":["0"],
"averagePredicateSize_Term_splitClauses_1":["1"],
"labeledTemplateNumber_Labeled_splitClauses_0":["4"],
"unlabeledSingleVariableTemplatesNumber_PredictedCG_splitClauses_0":["121"],
"smt2FileSizeByte_Mined_splitClauses_1":["28474"],
"labeledBinaryVariableTemplatesNumber_Unlabeled_splitClauses_1":["4"],
"labeledTemplateNumber_All_splitClauses_0":["4"],
"unlabeledTemplateNumber_Random_splitClauses_0":["307"],
"labeledTemplateNumber_Octagon_splitClauses_1":["4"],
"unlabeledTemplateNumber_PredictedCDHG_splitClauses_1":["307"],
"unlabeledBinaryVariableTemplatesNumber_Mined_splitClauses_0":["186"],
"minedTemplateRelationSymbolNumber_Mined_splitClauses_1":["8"],
"labeledTemplateNumber_RelationalIneqs_splitClauses_1":["4"],
"relationSymbolNumberAfterSimplification_All_splitClauses_0":["31"],
"relationSymbolNumberBeforeSimplification_PredictedCDHG_splitClauses_0":["133"],
"solvability_Term_splitClauses_0":["10800000"],
"clauseNumberBeforeSimplification_PredictedCG_splitClauses_1":["66"],
"generatedPredicateNumber_Labeled_splitClauses_1":["3"],
"labeledSingleVariableTemplatesNumber_Unlabeled_splitClauses_0":["0"],
"unlabeledBinaryVariableTemplatesNumber_Empty_splitClauses_0":["186"],
"solvingTime_Mined_splitClauses_0":["10800000"],
"unlabeledTemplateNumber_All_splitClauses_1":["307"],
"clauseNumberAfterSimplification_Random_splitClauses_1":["20"],
"labeledBinaryVariableTemplatesNumber_Octagon_splitClauses_1":["4"],
"unlabeledBinaryVariableTemplatesNumber_Labeled_splitClauses_0":["186"],
"smt2FileSizeByte_Octagon_splitClauses_0":["28474"],
"labeledSingleVariableTemplatesNumber_Random_splitClauses_1":["0"],
"solvability_Unlabeled_splitClauses_0":["10800000"],
"solvingTime_Unlabeled_splitClauses_0":["10800000"],
"unlabeledTemplateRelationSymbolNumber_All_splitClauses_1":["8"],
"minedTemplateNumber_Empty_splitClauses_1":["47"],
"solvability_RelationalIneqs_splitClauses_0":["10800000"],
"unlabeledTemplateRelationSymbolNumber_Labeled_splitClauses_1":["8"],
"cegarIterationNumber_RelationalEqs_splitClauses_1":["2"],
"minedSingleVariableTemplatesNumber_RelationalEqs_splitClauses_1":["43"],
"clauseNumberAfterSimplification_PredictedCDHG_splitClauses_1":["20"],
"minedBinaryVariableTemplatesNumber_RelationalIneqs_splitClauses_1":["4"],
"unlabeledBinaryVariableTemplatesNumber_Mined_splitClauses_1":["186"],
"unlabeledBinaryVariableTemplatesNumber_PredictedCDHG_splitClauses_0":["186"],
"solvingTime_Empty_splitClauses_1":["198"],
"labeledTemplateRelationSymbolNumber_Empty_splitClauses_1":["2"],
"generatedPredicateNumber_Term_splitClauses_0":["10800000"],
"averagePredicateSize_Empty_splitClauses_1":["1"],
"generatedPredicateNumber_PredictedCG_splitClauses_1":["10800000"],
"labeledTemplateRelationSymbolNumber_PredictedCDHG_splitClauses_1":["2"],
"predicateGeneratorTime_Mined_splitClauses_0":["10800000"],
"relationSymbolNumberBeforeSimplification_Term_splitClauses_0":["133"],
"predicateGeneratorTime_Labeled_splitClauses_0":["10800000"],
"labeledSingleVariableTemplatesNumber_Random_splitClauses_0":["0"],
"unlabeledTemplateRelationSymbolNumber_All_splitClauses_0":["8"],
"minedBinaryVariableTemplatesNumber_Labeled_splitClauses_0":["4"],
"generatedPredicateNumber_Labeled_splitClauses_0":["10800000"],
"relationSymbolNumberAfterSimplification_Empty_splitClauses_1":["31"],
"solvingTime_Mined_splitClauses_1":["201"],
"minedSingleVariableTemplatesNumber_All_splitClauses_1":["43"],
"predicateGeneratorTime_Random_splitClauses_0":["10800000"],
"cegarIterationNumber_Term_splitClauses_1":["2"],
"labeledTemplateNumber_Empty_splitClauses_1":["4"],
"clauseNumberAfterSimplification_Empty_splitClauses_1":["20"],
"minedTemplateRelationSymbolNumber_Empty_splitClauses_0":["8"],
"unlabeledSingleVariableTemplatesNumber_Term_splitClauses_0":["121"],
"minedSingleVariableTemplatesNumber_Empty_splitClauses_0":["43"],
"relationSymbolNumberAfterSimplification_Random_splitClauses_0":["31"],
"minedTemplateRelationSymbolNumber_RelationalEqs_splitClauses_0":["8"],
"cegarIterationNumber_Empty_splitClauses_0":["10800000"],
"minedBinaryVariableTemplatesNumber_RelationalEqs_splitClauses_1":["4"],
"relationSymbolNumberBeforeSimplification_PredictedCG_splitClauses_1":["133"],
"labeledSingleVariableTemplatesNumber_All_splitClauses_1":["0"],
"unlabeledTemplateRelationSymbolNumber_Octagon_splitClauses_0":["8"],
"minedTemplateRelationSymbolNumber_Unlabeled_splitClauses_0":["8"],
"labeledBinaryVariableTemplatesNumber_Mined_splitClauses_0":["4"],
"relationSymbolNumberAfterSimplification_Unlabeled_splitClauses_1":["31"],
"minedTemplateNumber_PredictedCG_splitClauses_1":["47"],
"cegarIterationNumber_Empty_splitClauses_1":["2"],
"averagePredicateSize_RelationalIneqs_splitClauses_0":["10800000"],
"solvability_All_splitClauses_1":["10800000"],
"unlabeledBinaryVariableTemplatesNumber_Term_splitClauses_1":["186"],
"minedTemplateRelationSymbolNumber_Labeled_splitClauses_1":["8"],
"averagePredicateSize_Unlabeled_splitClauses_1":["1"],
"labeledTemplateNumber_Term_splitClauses_0":["4"],
"smt2FileSizeByte_Empty_splitClauses_1":["28474"],
"solvingTime_PredictedCG_splitClauses_0":["10800000"],
"cegarIterationNumber_All_splitClauses_1":["10800000"],
"clauseNumberBeforeSimplification_Term_splitClauses_1":["66"],
"predicateGeneratorTime_Empty_splitClauses_0":["10800000"],
"relationSymbolNumberBeforeSimplification_Empty_splitClauses_1":["133"],
"averagePredicateSize_All_splitClauses_0":["10800000"],
"unlabeledBinaryVariableTemplatesNumber_Random_splitClauses_0":["186"],
"smt2FileSizeByte_Term_splitClauses_0":["28474"],
"averagePredicateSize_Mined_splitClauses_1":["1"],
"minedBinaryVariableTemplatesNumber_Empty_splitClauses_0":["4"],
"minedTemplateRelationSymbolNumber_All_splitClauses_1":["8"],
"labeledSingleVariableTemplatesNumber_PredictedCG_splitClauses_0":["0"],
"unlabeledBinaryVariableTemplatesNumber_RelationalIneqs_splitClauses_0":["186"],
"unlabeledSingleVariableTemplatesNumber_RelationalIneqs_splitClauses_1":["121"],
"clauseNumberAfterSimplification_RelationalIneqs_splitClauses_0":["20"],
"unlabeledTemplateNumber_RelationalEqs_splitClauses_0":["307"],
"unlabeledTemplateNumber_RelationalIneqs_splitClauses_1":["307"],
"labeledTemplateRelationSymbolNumber_PredictedCG_splitClauses_1":["2"],
"labeledTemplateRelationSymbolNumber_All_splitClauses_0":["2"],
"labeledSingleVariableTemplatesNumber_Octagon_splitClauses_0":["0"],
"dummyFiled":[]
}