{
"smt2FileSizeByte_All_splitClauses_1":["46358"],
"generatedPredicateNumber_All_splitClauses_1":["10800000"],
"unlabeledTemplateRelationSymbolNumber_PredictedCDHG_splitClauses_0":["25"],
"predicateGeneratorTime_Term_splitClauses_0":["10800000"],
"averagePredicateSize_Random_splitClauses_1":["10800000"],
"labeledBinaryVariableTemplatesNumber_Labeled_splitClauses_1":["6"],
"clauseNumberBeforeSimplification_All_splitClauses_1":["124"],
"minedTemplateRelationSymbolNumber_Term_splitClauses_0":["25"],
"solvingTime_Labeled_splitClauses_1":["10800000"],
"unlabeledTemplateNumber_Labeled_splitClauses_1":["1016"],
"relationSymbolNumber_Term_splitClauses_1":["124"],
"minedTemplateRelationSymbolNumber_Octagon_splitClauses_1":["25"],
"clauseNumberAfterSimplification_Mined_splitClauses_1":["85"],
"unlabeledBinaryVariableTemplatesNumber_Term_splitClauses_0":["624"],
"labeledTemplateNumber_PredictedCDHG_splitClauses_0":["7"],
"relationSymbolNumber_RelationalEqs_splitClauses_1":["124"],
"solvability_Empty_splitClauses_0":["10800000"],
"unlabeledTemplateRelationSymbolNumber_Random_splitClauses_1":["25"],
"labeledBinaryVariableTemplatesNumber_Octagon_splitClauses_0":["6"],
"minedTemplateRelationSymbolNumber_Random_splitClauses_1":["25"],
"unlabeledSingleVariableTemplatesNumber_Mined_splitClauses_0":["392"],
"unlabeledBinaryVariableTemplatesNumber_PredictedCG_splitClauses_1":["624"],
"solvability_All_splitClauses_0":["10800000"],
"predicateGeneratorTime_RelationalEqs_splitClauses_1":["10800000"],
"smt2FileSizeByte_PredictedCG_splitClauses_1":["46358"],
"labeledSingleVariableTemplatesNumber_Unlabeled_splitClauses_1":["1"],
"labeledBinaryVariableTemplatesNumber_PredictedCG_splitClauses_1":["6"],
"minedBinaryVariableTemplatesNumber_PredictedCG_splitClauses_0":["6"],
"solvability_Random_splitClauses_0":["10800000"],
"clauseNumberBeforeSimplification_PredictedCDHG_splitClauses_1":["124"],
"labeledSingleVariableTemplatesNumber_Mined_splitClauses_0":["1"],
"solvability_Unlabeled_splitClauses_1":["10800000"],
"cegarIterationNumber_Labeled_splitClauses_1":["10800000"],
"smt2FileSizeByte_Mined_splitClauses_0":["46358"],
"labeledSingleVariableTemplatesNumber_PredictedCG_splitClauses_1":["1"],
"smt2FileSizeByte_Octagon_splitClauses_1":["46358"],
"minedTemplateNumber_Labeled_splitClauses_1":["140"],
"labeledSingleVariableTemplatesNumber_RelationalIneqs_splitClauses_1":["1"],
"clauseNumberAfterSimplification_Labeled_splitClauses_1":["85"],
"smt2FileSizeByte_Random_splitClauses_0":["46358"],
"unlabeledTemplateRelationSymbolNumber_PredictedCDHG_splitClauses_1":["25"],
"labeledSingleVariableTemplatesNumber_Term_splitClauses_0":["1"],
"generatedPredicateNumber_PredictedCDHG_splitClauses_1":["10800000"],
"minedSingleVariableTemplatesNumber_Unlabeled_splitClauses_0":["134"],
"generatedPredicateNumber_Octagon_splitClauses_1":["10800000"],
"labeledSingleVariableTemplatesNumber_RelationalEqs_splitClauses_0":["1"],
"predicateGeneratorTime_PredictedCG_splitClauses_1":["10800000"],
"labeledTemplateNumber_Labeled_splitClauses_1":["7"],
"labeledSingleVariableTemplatesNumber_Empty_splitClauses_0":["1"],
"minedTemplateRelationSymbolNumber_RelationalIneqs_splitClauses_1":["25"],
"unlabeledSingleVariableTemplatesNumber_All_splitClauses_1":["392"],
"labeledBinaryVariableTemplatesNumber_PredictedCDHG_splitClauses_1":["6"],
"unlabeledSingleVariableTemplatesNumber_RelationalEqs_splitClauses_1":["392"],
"cegarIterationNumber_Term_splitClauses_0":["10800000"],
"unlabeledBinaryVariableTemplatesNumber_Labeled_splitClauses_1":["624"],
"unlabeledSingleVariableTemplatesNumber_Term_splitClauses_1":["392"],
"clauseNumberAfterSimplification_All_splitClauses_1":["85"],
"minedSingleVariableTemplatesNumber_Random_splitClauses_0":["134"],
"solvability_RelationalIneqs_splitClauses_1":["10800000"],
"minedTemplateNumber_Labeled_splitClauses_0":["140"],
"minedSingleVariableTemplatesNumber_Octagon_splitClauses_0":["134"],
"minedSingleVariableTemplatesNumber_Term_splitClauses_1":["134"],
"minedBinaryVariableTemplatesNumber_PredictedCDHG_splitClauses_1":["6"],
"generatedPredicateNumber_Mined_splitClauses_1":["8"],
"relationSymbolNumber_Octagon_splitClauses_1":["124"],
"relationSymbolNumber_Unlabeled_splitClauses_1":["124"],
"labeledSingleVariableTemplatesNumber_RelationalIneqs_splitClauses_0":["1"],
"averagePredicateSize_Mined_splitClauses_0":["10800000"],
"cegarIterationNumber_Unlabeled_splitClauses_0":["10800000"],
"minedBinaryVariableTemplatesNumber_Random_splitClauses_0":["6"],
"labeledTemplateNumber_Mined_splitClauses_1":["7"],
"labeledBinaryVariableTemplatesNumber_Random_splitClauses_0":["6"],
"unlabeledTemplateRelationSymbolNumber_Unlabeled_splitClauses_1":["25"],
"cegarIterationNumber_Mined_splitClauses_0":["10800000"],
"minedTemplateRelationSymbolNumber_Labeled_splitClauses_0":["25"],
"unlabeledBinaryVariableTemplatesNumber_RelationalIneqs_splitClauses_1":["624"],
"unlabeledBinaryVariableTemplatesNumber_Octagon_splitClauses_0":["624"],
"solvability_Mined_splitClauses_0":["10800000"],
"averagePredicateSize_RelationalEqs_splitClauses_0":["10800000"],
"clauseNumberAfterSimplification_Term_splitClauses_0":["85"],
"unlabeledTemplateNumber_Mined_splitClauses_0":["1016"],
"unlabeledTemplateNumber_PredictedCDHG_splitClauses_0":["1016"],
"cegarIterationNumber_RelationalIneqs_splitClauses_1":["10800000"],
"minedBinaryVariableTemplatesNumber_Unlabeled_splitClauses_1":["6"],
"labeledTemplateNumber_PredictedCG_splitClauses_1":["7"],
"labeledTemplateRelationSymbolNumber_Mined_splitClauses_0":["3"],
"labeledBinaryVariableTemplatesNumber_Mined_splitClauses_1":["6"],
"clauseNumberAfterSimplification_RelationalIneqs_splitClauses_1":["85"],
"minedSingleVariableTemplatesNumber_PredictedCDHG_splitClauses_0":["134"],
"solvability_Labeled_splitClauses_1":["10800000"],
"labeledSingleVariableTemplatesNumber_Octagon_splitClauses_1":["1"],
"averagePredicateSize_Random_splitClauses_0":["10800000"],
"smt2FileSizeByte_RelationalIneqs_splitClauses_0":["46358"],
"generatedPredicateNumber_Unlabeled_splitClauses_0":["10800000"],
"solvability_RelationalEqs_splitClauses_0":["10800000"],
"predicateGeneratorTime_Empty_splitClauses_1":["10800000"],
"minedSingleVariableTemplatesNumber_Mined_splitClauses_0":["134"],
"minedTemplateRelationSymbolNumber_PredictedCDHG_splitClauses_1":["25"],
"minedTemplateNumber_PredictedCG_splitClauses_0":["140"],
"averagePredicateSize_RelationalIneqs_splitClauses_1":["10800000"],
"labeledTemplateRelationSymbolNumber_Random_splitClauses_1":["3"],
"minedTemplateNumber_RelationalIneqs_splitClauses_0":["140"],
"predicateGeneratorTime_RelationalIneqs_splitClauses_0":["10800000"],
"labeledTemplateRelationSymbolNumber_Empty_splitClauses_0":["3"],
"minedBinaryVariableTemplatesNumber_Octagon_splitClauses_0":["6"],
"relationSymbolNumber_Labeled_splitClauses_0":["124"],
"labeledSingleVariableTemplatesNumber_Term_splitClauses_1":["1"],
"labeledBinaryVariableTemplatesNumber_Empty_splitClauses_0":["6"],
"minedTemplateNumber_Octagon_splitClauses_0":["140"],
"labeledBinaryVariableTemplatesNumber_Unlabeled_splitClauses_0":["6"],
"clauseNumberAfterSimplification_PredictedCDHG_splitClauses_0":["85"],
"smt2FileSizeByte_PredictedCG_splitClauses_0":["46358"],
"minedBinaryVariableTemplatesNumber_RelationalEqs_splitClauses_0":["6"],
"labeledTemplateRelationSymbolNumber_RelationalEqs_splitClauses_1":["3"],
"minedBinaryVariableTemplatesNumber_Random_splitClauses_1":["6"],
"clauseNumberAfterSimplification_Unlabeled_splitClauses_1":["85"],
"minedSingleVariableTemplatesNumber_PredictedCDHG_splitClauses_1":["134"],
"labeledBinaryVariableTemplatesNumber_Term_splitClauses_1":["6"],
"clauseNumberBeforeSimplification_Empty_splitClauses_1":["124"],
"minedBinaryVariableTemplatesNumber_Mined_splitClauses_1":["6"],
"unlabeledBinaryVariableTemplatesNumber_Unlabeled_splitClauses_1":["624"],
"unlabeledTemplateNumber_PredictedCG_splitClauses_1":["1016"],
"generatedPredicateNumber_Empty_splitClauses_0":["10800000"],
"predicateGeneratorTime_RelationalIneqs_splitClauses_1":["10800000"],
"unlabeledSingleVariableTemplatesNumber_Empty_splitClauses_0":["392"],
"cegarIterationNumber_Octagon_splitClauses_0":["10800000"],
"clauseNumberAfterSimplification_Octagon_splitClauses_1":["85"],
"unlabeledSingleVariableTemplatesNumber_Labeled_splitClauses_1":["392"],
"clauseNumberBeforeSimplification_Random_splitClauses_1":["124"],
"minedTemplateRelationSymbolNumber_All_splitClauses_0":["25"],
"unlabeledTemplateRelationSymbolNumber_RelationalEqs_splitClauses_0":["25"],
"minedSingleVariableTemplatesNumber_Unlabeled_splitClauses_1":["134"],
"clauseNumberBeforeSimplification_RelationalEqs_splitClauses_0":["124"],
"minedTemplateNumber_Unlabeled_splitClauses_0":["140"],
"generatedPredicateNumber_Octagon_splitClauses_0":["10800000"],
"predicateGeneratorTime_PredictedCDHG_splitClauses_0":["10800000"],
"clauseNumberAfterSimplification_PredictedCG_splitClauses_1":["85"],
"labeledSingleVariableTemplatesNumber_RelationalEqs_splitClauses_1":["1"],
"smt2FileSizeByte_Random_splitClauses_1":["46358"],
"averagePredicateSize_PredictedCG_splitClauses_1":["10800000"],
"cegarIterationNumber_PredictedCDHG_splitClauses_1":["10800000"],
"clauseNumberAfterSimplification_RelationalEqs_splitClauses_1":["85"],
"minedBinaryVariableTemplatesNumber_Empty_splitClauses_1":["6"],
"minedTemplateNumber_PredictedCDHG_splitClauses_0":["140"],
"labeledBinaryVariableTemplatesNumber_All_splitClauses_1":["6"],
"solvingTime_RelationalIneqs_splitClauses_1":["10800000"],
"unlabeledTemplateRelationSymbolNumber_RelationalEqs_splitClauses_1":["25"],
"smt2FileSizeByte_Unlabeled_splitClauses_0":["46358"],
"generatedPredicateNumber_All_splitClauses_0":["10800000"],
"predicateGeneratorTime_Octagon_splitClauses_1":["10800000"],
"solvability_Mined_splitClauses_1":["1"],
"minedTemplateRelationSymbolNumber_Term_splitClauses_1":["25"],
"clauseNumberAfterSimplification_Mined_splitClauses_0":["85"],
"solvability_PredictedCDHG_splitClauses_0":["10800000"],
"solvingTime_Empty_splitClauses_0":["10800000"],
"unlabeledSingleVariableTemplatesNumber_Unlabeled_splitClauses_1":["392"],
"minedTemplateNumber_Term_splitClauses_1":["140"],
"averagePredicateSize_Octagon_splitClauses_1":["10800000"],
"relationSymbolNumber_Empty_splitClauses_1":["124"],
"unlabeledSingleVariableTemplatesNumber_Octagon_splitClauses_1":["392"],
"minedTemplateRelationSymbolNumber_RelationalEqs_splitClauses_1":["25"],
"minedBinaryVariableTemplatesNumber_RelationalIneqs_splitClauses_0":["6"],
"predicateGeneratorTime_Term_splitClauses_1":["10800000"],
"solvingTime_Labeled_splitClauses_0":["10800000"],
"unlabeledBinaryVariableTemplatesNumber_PredictedCG_splitClauses_0":["624"],
"minedTemplateNumber_All_splitClauses_0":["140"],
"predicateGeneratorTime_Labeled_splitClauses_1":["10800000"],
"unlabeledTemplateRelationSymbolNumber_Empty_splitClauses_0":["25"],
"unlabeledTemplateNumber_Mined_splitClauses_1":["1016"],
"solvability_PredictedCG_splitClauses_1":["10800000"],
"unlabeledTemplateNumber_Term_splitClauses_0":["1016"],
"minedBinaryVariableTemplatesNumber_PredictedCG_splitClauses_1":["6"],
"labeledSingleVariableTemplatesNumber_PredictedCDHG_splitClauses_0":["1"],
"minedBinaryVariableTemplatesNumber_All_splitClauses_0":["6"],
"averagePredicateSize_PredictedCDHG_splitClauses_1":["10800000"],
"predicateGeneratorTime_PredictedCG_splitClauses_0":["10800000"],
"generatedPredicateNumber_RelationalIneqs_splitClauses_0":["10800000"],
"labeledTemplateNumber_Empty_splitClauses_0":["7"],
"unlabeledTemplateRelationSymbolNumber_Term_splitClauses_0":["25"],
"minedTemplateNumber_All_splitClauses_1":["140"],
"labeledSingleVariableTemplatesNumber_Empty_splitClauses_1":["1"],
"minedBinaryVariableTemplatesNumber_Unlabeled_splitClauses_0":["6"],
"labeledTemplateNumber_Random_splitClauses_0":["7"],
"minedBinaryVariableTemplatesNumber_All_splitClauses_1":["6"],
"unlabeledSingleVariableTemplatesNumber_All_splitClauses_0":["392"],
"smt2FileSizeByte_PredictedCDHG_splitClauses_1":["46358"],
"labeledBinaryVariableTemplatesNumber_PredictedCDHG_splitClauses_0":["6"],
"averagePredicateSize_RelationalEqs_splitClauses_1":["10800000"],
"minedSingleVariableTemplatesNumber_Term_splitClauses_0":["134"],
"labeledTemplateRelationSymbolNumber_Term_splitClauses_1":["3"],
"generatedPredicateNumber_Random_splitClauses_0":["10800000"],
"labeledBinaryVariableTemplatesNumber_Empty_splitClauses_1":["6"],
"clauseNumberAfterSimplification_Labeled_splitClauses_0":["85"],
"labeledSingleVariableTemplatesNumber_Labeled_splitClauses_0":["1"],
"minedTemplateNumber_Mined_splitClauses_1":["140"],
"labeledTemplateRelationSymbolNumber_Labeled_splitClauses_0":["3"],
"unlabeledTemplateRelationSymbolNumber_Mined_splitClauses_1":["25"],
"solvability_Labeled_splitClauses_0":["10800000"],
"minedTemplateNumber_RelationalEqs_splitClauses_1":["140"],
"solvingTime_Random_splitClauses_1":["10800000"],
"minedTemplateNumber_Random_splitClauses_0":["140"],
"cegarIterationNumber_Unlabeled_splitClauses_1":["10800000"],
"minedTemplateNumber_RelationalIneqs_splitClauses_1":["140"],
"unlabeledBinaryVariableTemplatesNumber_Octagon_splitClauses_1":["624"],
"minedSingleVariableTemplatesNumber_Octagon_splitClauses_1":["134"],
"minedSingleVariableTemplatesNumber_Random_splitClauses_1":["134"],
"averagePredicateSize_All_splitClauses_1":["10800000"],
"minedTemplateNumber_Empty_splitClauses_0":["140"],
"labeledTemplateNumber_Mined_splitClauses_0":["7"],
"unlabeledBinaryVariableTemplatesNumber_All_splitClauses_0":["624"],
"labeledSingleVariableTemplatesNumber_PredictedCDHG_splitClauses_1":["1"],
"minedSingleVariableTemplatesNumber_Mined_splitClauses_1":["134"],
"labeledTemplateRelationSymbolNumber_Term_splitClauses_0":["3"],
"unlabeledTemplateRelationSymbolNumber_Term_splitClauses_1":["25"],
"predicateGeneratorTime_All_splitClauses_1":["10800000"],
"unlabeledSingleVariableTemplatesNumber_Random_splitClauses_0":["392"],
"predicateGeneratorTime_Unlabeled_splitClauses_1":["10800000"],
"cegarIterationNumber_PredictedCDHG_splitClauses_0":["10800000"],
"labeledTemplateNumber_RelationalEqs_splitClauses_0":["7"],
"labeledTemplateRelationSymbolNumber_Mined_splitClauses_1":["3"],
"labeledTemplateRelationSymbolNumber_Random_splitClauses_0":["3"],
"labeledBinaryVariableTemplatesNumber_RelationalEqs_splitClauses_1":["6"],
"generatedPredicateNumber_RelationalIneqs_splitClauses_1":["10800000"],
"unlabeledTemplateRelationSymbolNumber_PredictedCG_splitClauses_1":["25"],
"unlabeledSingleVariableTemplatesNumber_RelationalEqs_splitClauses_0":["392"],
"labeledBinaryVariableTemplatesNumber_Labeled_splitClauses_0":["6"],
"minedBinaryVariableTemplatesNumber_PredictedCDHG_splitClauses_0":["6"],
"unlabeledTemplateRelationSymbolNumber_Unlabeled_splitClauses_0":["25"],
"clauseNumberAfterSimplification_Term_splitClauses_1":["85"],
"relationSymbolNumber_RelationalIneqs_splitClauses_0":["124"],
"unlabeledTemplateNumber_Octagon_splitClauses_0":["1016"],
"unlabeledBinaryVariableTemplatesNumber_RelationalEqs_splitClauses_1":["624"],
"unlabeledTemplateNumber_PredictedCG_splitClauses_0":["1016"],
"unlabeledTemplateNumber_All_splitClauses_0":["1016"],
"labeledTemplateRelationSymbolNumber_RelationalIneqs_splitClauses_1":["3"],
"unlabeledSingleVariableTemplatesNumber_Mined_splitClauses_1":["392"],
"labeledTemplateRelationSymbolNumber_Unlabeled_splitClauses_1":["3"],
"labeledBinaryVariableTemplatesNumber_Random_splitClauses_1":["6"],
"relationSymbolNumber_RelationalEqs_splitClauses_0":["124"],
"solvability_Random_splitClauses_1":["10800000"],
"solvingTime_Term_splitClauses_0":["10800000"],
"minedSingleVariableTemplatesNumber_Labeled_splitClauses_1":["134"],
"relationSymbolNumber_Random_splitClauses_0":["124"],
"clauseNumberBeforeSimplification_Term_splitClauses_0":["124"],
"minedTemplateRelationSymbolNumber_Mined_splitClauses_0":["25"],
"solvability_Octagon_splitClauses_1":["10800000"],
"relationSymbolNumber_Labeled_splitClauses_1":["124"],
"minedSingleVariableTemplatesNumber_RelationalIneqs_splitClauses_1":["134"],
"smt2FileSizeByte_Labeled_splitClauses_0":["46358"],
"solvability_RelationalEqs_splitClauses_1":["10800000"],
"unlabeledSingleVariableTemplatesNumber_Empty_splitClauses_1":["392"],
"labeledTemplateNumber_PredictedCDHG_splitClauses_1":["7"],
"minedTemplateRelationSymbolNumber_Octagon_splitClauses_0":["25"],
"clauseNumberAfterSimplification_Unlabeled_splitClauses_0":["85"],
"clauseNumberBeforeSimplification_Unlabeled_splitClauses_0":["124"],
"clauseNumberBeforeSimplification_PredictedCDHG_splitClauses_0":["124"],
"cegarIterationNumber_RelationalIneqs_splitClauses_0":["10800000"],
"relationSymbolNumber_All_splitClauses_0":["124"],
"labeledTemplateRelationSymbolNumber_RelationalEqs_splitClauses_0":["3"],
"averagePredicateSize_Labeled_splitClauses_0":["10800000"],
"smt2FileSizeByte_RelationalIneqs_splitClauses_1":["46358"],
"clauseNumberBeforeSimplification_RelationalEqs_splitClauses_1":["124"],
"unlabeledTemplateRelationSymbolNumber_RelationalIneqs_splitClauses_1":["25"],
"clauseNumberBeforeSimplification_PredictedCG_splitClauses_0":["124"],
"solvingTime_PredictedCDHG_splitClauses_0":["10800000"],
"labeledTemplateRelationSymbolNumber_Octagon_splitClauses_1":["3"],
"minedTemplateRelationSymbolNumber_PredictedCG_splitClauses_1":["25"],
"labeledTemplateNumber_Random_splitClauses_1":["7"],
"solvingTime_RelationalIneqs_splitClauses_0":["10800000"],
"labeledTemplateNumber_All_splitClauses_1":["7"],
"unlabeledTemplateNumber_Random_splitClauses_1":["1016"],
"relationSymbolNumber_PredictedCDHG_splitClauses_1":["124"],
"smt2FileSizeByte_Unlabeled_splitClauses_1":["46358"],
"cegarIterationNumber_PredictedCG_splitClauses_0":["10800000"],
"predicateGeneratorTime_Octagon_splitClauses_0":["10800000"],
"unlabeledTemplateNumber_RelationalEqs_splitClauses_1":["1016"],
"clauseNumberAfterSimplification_Octagon_splitClauses_0":["85"],
"cegarIterationNumber_Random_splitClauses_0":["10800000"],
"solvability_PredictedCDHG_splitClauses_1":["10800000"],
"solvability_PredictedCG_splitClauses_0":["10800000"],
"solvingTime_PredictedCG_splitClauses_1":["10800000"],
"unlabeledSingleVariableTemplatesNumber_Unlabeled_splitClauses_0":["392"],
"unlabeledTemplateNumber_Unlabeled_splitClauses_0":["1016"],
"labeledTemplateRelationSymbolNumber_RelationalIneqs_splitClauses_0":["3"],
"minedTemplateNumber_Random_splitClauses_1":["140"],
"relationSymbolNumber_PredictedCG_splitClauses_0":["124"],
"generatedPredicateNumber_RelationalEqs_splitClauses_0":["10800000"],
"minedTemplateNumber_Term_splitClauses_0":["140"],
"solvingTime_All_splitClauses_1":["10800000"],
"minedSingleVariableTemplatesNumber_PredictedCG_splitClauses_0":["134"],
"smt2FileSizeByte_Term_splitClauses_1":["46358"],
"labeledBinaryVariableTemplatesNumber_All_splitClauses_0":["6"],
"minedTemplateNumber_PredictedCDHG_splitClauses_1":["140"],
"minedTemplateRelationSymbolNumber_PredictedCDHG_splitClauses_0":["25"],
"averagePredicateSize_Unlabeled_splitClauses_0":["10800000"],
"minedBinaryVariableTemplatesNumber_Octagon_splitClauses_1":["6"],
"unlabeledSingleVariableTemplatesNumber_Random_splitClauses_1":["392"],
"clauseNumberBeforeSimplification_Random_splitClauses_0":["124"],
"solvingTime_Unlabeled_splitClauses_1":["10800000"],
"predicateGeneratorTime_PredictedCDHG_splitClauses_1":["10800000"],
"averagePredicateSize_PredictedCDHG_splitClauses_0":["10800000"],
"minedBinaryVariableTemplatesNumber_Term_splitClauses_0":["6"],
"labeledTemplateNumber_RelationalIneqs_splitClauses_0":["7"],
"clauseNumberAfterSimplification_Random_splitClauses_0":["85"],
"clauseNumberAfterSimplification_PredictedCG_splitClauses_0":["85"],
"generatedPredicateNumber_Empty_splitClauses_1":["10800000"],
"clauseNumberBeforeSimplification_Octagon_splitClauses_0":["124"],
"unlabeledTemplateNumber_Empty_splitClauses_0":["1016"],
"minedSingleVariableTemplatesNumber_All_splitClauses_0":["134"],
"labeledTemplateRelationSymbolNumber_Octagon_splitClauses_0":["3"],
"generatedPredicateNumber_Random_splitClauses_1":["10800000"],
"clauseNumberAfterSimplification_RelationalEqs_splitClauses_0":["85"],
"labeledBinaryVariableTemplatesNumber_Term_splitClauses_0":["6"],
"minedSingleVariableTemplatesNumber_RelationalEqs_splitClauses_0":["134"],
"minedTemplateNumber_Mined_splitClauses_0":["140"],
"averagePredicateSize_Octagon_splitClauses_0":["10800000"],
"unlabeledBinaryVariableTemplatesNumber_Empty_splitClauses_1":["624"],
"relationSymbolNumber_Unlabeled_splitClauses_0":["124"],
"unlabeledSingleVariableTemplatesNumber_PredictedCDHG_splitClauses_0":["392"],
"unlabeledSingleVariableTemplatesNumber_PredictedCG_splitClauses_1":["392"],
"labeledTemplateRelationSymbolNumber_Labeled_splitClauses_1":["3"],
"minedTemplateRelationSymbolNumber_Random_splitClauses_0":["25"],
"unlabeledTemplateRelationSymbolNumber_PredictedCG_splitClauses_0":["25"],
"unlabeledTemplateNumber_RelationalIneqs_splitClauses_0":["1016"],
"unlabeledSingleVariableTemplatesNumber_Labeled_splitClauses_0":["392"],
"minedTemplateNumber_Unlabeled_splitClauses_1":["140"],
"generatedPredicateNumber_PredictedCG_splitClauses_0":["10800000"],
"labeledTemplateNumber_Unlabeled_splitClauses_1":["7"],
"unlabeledTemplateRelationSymbolNumber_Empty_splitClauses_1":["25"],
"clauseNumberBeforeSimplification_Empty_splitClauses_0":["124"],
"solvingTime_Octagon_splitClauses_1":["10800000"],
"cegarIterationNumber_Mined_splitClauses_1":["4"],
"clauseNumberBeforeSimplification_Mined_splitClauses_1":["124"],
"smt2FileSizeByte_PredictedCDHG_splitClauses_0":["46358"],
"averagePredicateSize_PredictedCG_splitClauses_0":["10800000"],
"solvingTime_Random_splitClauses_0":["10800000"],
"minedTemplateNumber_RelationalEqs_splitClauses_0":["140"],
"unlabeledSingleVariableTemplatesNumber_RelationalIneqs_splitClauses_0":["392"],
"unlabeledTemplateNumber_Unlabeled_splitClauses_1":["1016"],
"labeledBinaryVariableTemplatesNumber_RelationalEqs_splitClauses_0":["6"],
"generatedPredicateNumber_PredictedCDHG_splitClauses_0":["10800000"],
"minedTemplateRelationSymbolNumber_Empty_splitClauses_1":["25"],
"predicateGeneratorTime_Random_splitClauses_1":["10800000"],
"labeledTemplateNumber_Term_splitClauses_1":["7"],
"minedSingleVariableTemplatesNumber_Empty_splitClauses_1":["134"],
"minedSingleVariableTemplatesNumber_RelationalIneqs_splitClauses_0":["134"],
"clauseNumberAfterSimplification_All_splitClauses_0":["85"],
"unlabeledBinaryVariableTemplatesNumber_RelationalEqs_splitClauses_0":["624"],
"cegarIterationNumber_RelationalEqs_splitClauses_0":["10800000"],
"labeledTemplateRelationSymbolNumber_PredictedCDHG_splitClauses_0":["3"],
"labeledSingleVariableTemplatesNumber_Labeled_splitClauses_1":["1"],
"unlabeledBinaryVariableTemplatesNumber_All_splitClauses_1":["624"],
"minedTemplateRelationSymbolNumber_Unlabeled_splitClauses_1":["25"],
"solvingTime_RelationalEqs_splitClauses_0":["10800000"],
"solvingTime_RelationalEqs_splitClauses_1":["10800000"],
"minedBinaryVariableTemplatesNumber_Mined_splitClauses_0":["6"],
"clauseNumberBeforeSimplification_All_splitClauses_0":["124"],
"clauseNumberBeforeSimplification_RelationalIneqs_splitClauses_1":["124"],
"labeledTemplateNumber_RelationalEqs_splitClauses_1":["7"],
"labeledBinaryVariableTemplatesNumber_RelationalIneqs_splitClauses_0":["6"],
"clauseNumberAfterSimplification_Empty_splitClauses_0":["85"],
"averagePredicateSize_Empty_splitClauses_0":["10800000"],
"relationSymbolNumber_PredictedCG_splitClauses_1":["124"],
"unlabeledTemplateNumber_Term_splitClauses_1":["1016"],
"predicateGeneratorTime_Mined_splitClauses_1":["195"],
"relationSymbolNumber_Mined_splitClauses_0":["124"],
"labeledBinaryVariableTemplatesNumber_RelationalIneqs_splitClauses_1":["6"],
"predicateGeneratorTime_Unlabeled_splitClauses_0":["10800000"],
"generatedPredicateNumber_Mined_splitClauses_0":["10800000"],
"generatedPredicateNumber_RelationalEqs_splitClauses_1":["10800000"],
"labeledTemplateRelationSymbolNumber_PredictedCG_splitClauses_0":["3"],
"minedSingleVariableTemplatesNumber_PredictedCG_splitClauses_1":["134"],
"minedTemplateRelationSymbolNumber_PredictedCG_splitClauses_0":["25"],
"unlabeledTemplateRelationSymbolNumber_Labeled_splitClauses_0":["25"],
"solvability_Empty_splitClauses_1":["10800000"],
"averagePredicateSize_Term_splitClauses_0":["10800000"],
"cegarIterationNumber_Random_splitClauses_1":["10800000"],
"relationSymbolNumber_All_splitClauses_1":["124"],
"averagePredicateSize_Labeled_splitClauses_1":["10800000"],
"unlabeledBinaryVariableTemplatesNumber_Unlabeled_splitClauses_0":["624"],
"generatedPredicateNumber_Unlabeled_splitClauses_1":["10800000"],
"predicateGeneratorTime_All_splitClauses_0":["10800000"],
"unlabeledBinaryVariableTemplatesNumber_PredictedCDHG_splitClauses_1":["624"],
"clauseNumberBeforeSimplification_Labeled_splitClauses_1":["124"],
"minedBinaryVariableTemplatesNumber_Labeled_splitClauses_1":["6"],
"labeledSingleVariableTemplatesNumber_All_splitClauses_0":["1"],
"unlabeledTemplateRelationSymbolNumber_Mined_splitClauses_0":["25"],
"cegarIterationNumber_Octagon_splitClauses_1":["10800000"],
"labeledTemplateNumber_Octagon_splitClauses_0":["7"],
"labeledTemplateRelationSymbolNumber_All_splitClauses_1":["3"],
"smt2FileSizeByte_Empty_splitClauses_0":["46358"],
"relationSymbolNumber_RelationalIneqs_splitClauses_1":["124"],
"unlabeledTemplateNumber_Octagon_splitClauses_1":["1016"],
"predicateGeneratorTime_RelationalEqs_splitClauses_0":["10800000"],
"unlabeledTemplateRelationSymbolNumber_RelationalIneqs_splitClauses_0":["25"],
"smt2FileSizeByte_RelationalEqs_splitClauses_1":["46358"],
"unlabeledTemplateNumber_Labeled_splitClauses_0":["1016"],
"relationSymbolNumber_Random_splitClauses_1":["124"],
"minedSingleVariableTemplatesNumber_Labeled_splitClauses_0":["134"],
"solvingTime_PredictedCDHG_splitClauses_1":["10800000"],
"minedTemplateNumber_Octagon_splitClauses_1":["140"],
"clauseNumberBeforeSimplification_Mined_splitClauses_0":["124"],
"smt2FileSizeByte_All_splitClauses_0":["46358"],
"solvingTime_All_splitClauses_0":["10800000"],
"minedBinaryVariableTemplatesNumber_Term_splitClauses_1":["6"],
"unlabeledTemplateRelationSymbolNumber_Random_splitClauses_0":["25"],
"cegarIterationNumber_All_splitClauses_0":["10800000"],
"smt2FileSizeByte_RelationalEqs_splitClauses_0":["46358"],
"unlabeledSingleVariableTemplatesNumber_PredictedCDHG_splitClauses_1":["392"],
"clauseNumberBeforeSimplification_Labeled_splitClauses_0":["124"],
"cegarIterationNumber_PredictedCG_splitClauses_1":["10800000"],
"labeledTemplateRelationSymbolNumber_Unlabeled_splitClauses_0":["3"],
"unlabeledTemplateRelationSymbolNumber_Octagon_splitClauses_1":["25"],
"unlabeledTemplateNumber_Empty_splitClauses_1":["1016"],
"clauseNumberBeforeSimplification_Octagon_splitClauses_1":["124"],
"labeledTemplateNumber_Unlabeled_splitClauses_0":["7"],
"labeledBinaryVariableTemplatesNumber_PredictedCG_splitClauses_0":["6"],
"solvability_Term_splitClauses_1":["10800000"],
"solvability_Octagon_splitClauses_0":["10800000"],
"minedTemplateRelationSymbolNumber_RelationalIneqs_splitClauses_0":["25"],
"clauseNumberBeforeSimplification_RelationalIneqs_splitClauses_0":["124"],
"labeledTemplateNumber_PredictedCG_splitClauses_0":["7"],
"cegarIterationNumber_Labeled_splitClauses_0":["10800000"],
"smt2FileSizeByte_Labeled_splitClauses_1":["46358"],
"clauseNumberBeforeSimplification_Unlabeled_splitClauses_1":["124"],
"generatedPredicateNumber_Term_splitClauses_1":["10800000"],
"solvingTime_Term_splitClauses_1":["10800000"],
"unlabeledBinaryVariableTemplatesNumber_Random_splitClauses_1":["624"],
"unlabeledSingleVariableTemplatesNumber_Octagon_splitClauses_0":["392"],
"solvingTime_Octagon_splitClauses_0":["10800000"],
"labeledSingleVariableTemplatesNumber_Mined_splitClauses_1":["1"],
"averagePredicateSize_Term_splitClauses_1":["10800000"],
"labeledTemplateNumber_Labeled_splitClauses_0":["7"],
"unlabeledSingleVariableTemplatesNumber_PredictedCG_splitClauses_0":["392"],
"smt2FileSizeByte_Mined_splitClauses_1":["46358"],
"labeledBinaryVariableTemplatesNumber_Unlabeled_splitClauses_1":["6"],
"labeledTemplateNumber_All_splitClauses_0":["7"],
"unlabeledTemplateNumber_Random_splitClauses_0":["1016"],
"labeledTemplateNumber_Octagon_splitClauses_1":["7"],
"unlabeledTemplateNumber_PredictedCDHG_splitClauses_1":["1016"],
"unlabeledBinaryVariableTemplatesNumber_Mined_splitClauses_0":["624"],
"minedTemplateRelationSymbolNumber_Mined_splitClauses_1":["25"],
"labeledTemplateNumber_RelationalIneqs_splitClauses_1":["7"],
"solvability_Term_splitClauses_0":["10800000"],
"relationSymbolNumber_Octagon_splitClauses_0":["124"],
"clauseNumberBeforeSimplification_PredictedCG_splitClauses_1":["124"],
"generatedPredicateNumber_Labeled_splitClauses_1":["10800000"],
"labeledSingleVariableTemplatesNumber_Unlabeled_splitClauses_0":["1"],
"unlabeledBinaryVariableTemplatesNumber_Empty_splitClauses_0":["624"],
"solvingTime_Mined_splitClauses_0":["10800000"],
"unlabeledTemplateNumber_All_splitClauses_1":["1016"],
"clauseNumberAfterSimplification_Random_splitClauses_1":["85"],
"labeledBinaryVariableTemplatesNumber_Octagon_splitClauses_1":["6"],
"unlabeledBinaryVariableTemplatesNumber_Labeled_splitClauses_0":["624"],
"smt2FileSizeByte_Octagon_splitClauses_0":["46358"],
"labeledSingleVariableTemplatesNumber_Random_splitClauses_1":["1"],
"solvability_Unlabeled_splitClauses_0":["10800000"],
"solvingTime_Unlabeled_splitClauses_0":["10800000"],
"unlabeledTemplateRelationSymbolNumber_All_splitClauses_1":["25"],
"minedTemplateNumber_Empty_splitClauses_1":["140"],
"solvability_RelationalIneqs_splitClauses_0":["10800000"],
"unlabeledTemplateRelationSymbolNumber_Labeled_splitClauses_1":["25"],
"cegarIterationNumber_RelationalEqs_splitClauses_1":["10800000"],
"minedSingleVariableTemplatesNumber_RelationalEqs_splitClauses_1":["134"],
"clauseNumberAfterSimplification_PredictedCDHG_splitClauses_1":["85"],
"minedBinaryVariableTemplatesNumber_RelationalIneqs_splitClauses_1":["6"],
"unlabeledBinaryVariableTemplatesNumber_Mined_splitClauses_1":["624"],
"unlabeledBinaryVariableTemplatesNumber_PredictedCDHG_splitClauses_0":["624"],
"solvingTime_Empty_splitClauses_1":["10800000"],
"labeledTemplateRelationSymbolNumber_Empty_splitClauses_1":["3"],
"generatedPredicateNumber_Term_splitClauses_0":["10800000"],
"averagePredicateSize_Empty_splitClauses_1":["10800000"],
"generatedPredicateNumber_PredictedCG_splitClauses_1":["10800000"],
"labeledTemplateRelationSymbolNumber_PredictedCDHG_splitClauses_1":["3"],
"relationSymbolNumber_Mined_splitClauses_1":["124"],
"predicateGeneratorTime_Mined_splitClauses_0":["10800000"],
"predicateGeneratorTime_Labeled_splitClauses_0":["10800000"],
"labeledSingleVariableTemplatesNumber_Random_splitClauses_0":["1"],
"unlabeledTemplateRelationSymbolNumber_All_splitClauses_0":["25"],
"minedBinaryVariableTemplatesNumber_Labeled_splitClauses_0":["6"],
"generatedPredicateNumber_Labeled_splitClauses_0":["10800000"],
"relationSymbolNumber_Empty_splitClauses_0":["124"],
"solvingTime_Mined_splitClauses_1":["270"],
"minedSingleVariableTemplatesNumber_All_splitClauses_1":["134"],
"predicateGeneratorTime_Random_splitClauses_0":["10800000"],
"cegarIterationNumber_Term_splitClauses_1":["10800000"],
"labeledTemplateNumber_Empty_splitClauses_1":["7"],
"clauseNumberAfterSimplification_Empty_splitClauses_1":["85"],
"minedTemplateRelationSymbolNumber_Empty_splitClauses_0":["25"],
"unlabeledSingleVariableTemplatesNumber_Term_splitClauses_0":["392"],
"minedSingleVariableTemplatesNumber_Empty_splitClauses_0":["134"],
"minedTemplateRelationSymbolNumber_RelationalEqs_splitClauses_0":["25"],
"cegarIterationNumber_Empty_splitClauses_0":["10800000"],
"minedBinaryVariableTemplatesNumber_RelationalEqs_splitClauses_1":["6"],
"labeledSingleVariableTemplatesNumber_All_splitClauses_1":["1"],
"unlabeledTemplateRelationSymbolNumber_Octagon_splitClauses_0":["25"],
"minedTemplateRelationSymbolNumber_Unlabeled_splitClauses_0":["25"],
"labeledBinaryVariableTemplatesNumber_Mined_splitClauses_0":["6"],
"minedTemplateNumber_PredictedCG_splitClauses_1":["140"],
"cegarIterationNumber_Empty_splitClauses_1":["10800000"],
"averagePredicateSize_RelationalIneqs_splitClauses_0":["10800000"],
"solvability_All_splitClauses_1":["10800000"],
"unlabeledBinaryVariableTemplatesNumber_Term_splitClauses_1":["624"],
"relationSymbolNumber_PredictedCDHG_splitClauses_0":["124"],
"minedTemplateRelationSymbolNumber_Labeled_splitClauses_1":["25"],
"averagePredicateSize_Unlabeled_splitClauses_1":["10800000"],
"labeledTemplateNumber_Term_splitClauses_0":["7"],
"smt2FileSizeByte_Empty_splitClauses_1":["46358"],
"solvingTime_PredictedCG_splitClauses_0":["10800000"],
"relationSymbolNumber_Term_splitClauses_0":["124"],
"cegarIterationNumber_All_splitClauses_1":["10800000"],
"clauseNumberBeforeSimplification_Term_splitClauses_1":["124"],
"predicateGeneratorTime_Empty_splitClauses_0":["10800000"],
"averagePredicateSize_All_splitClauses_0":["10800000"],
"unlabeledBinaryVariableTemplatesNumber_Random_splitClauses_0":["624"],
"smt2FileSizeByte_Term_splitClauses_0":["46358"],
"averagePredicateSize_Mined_splitClauses_1":["1"],
"minedBinaryVariableTemplatesNumber_Empty_splitClauses_0":["6"],
"minedTemplateRelationSymbolNumber_All_splitClauses_1":["25"],
"labeledSingleVariableTemplatesNumber_PredictedCG_splitClauses_0":["1"],
"unlabeledBinaryVariableTemplatesNumber_RelationalIneqs_splitClauses_0":["624"],
"unlabeledSingleVariableTemplatesNumber_RelationalIneqs_splitClauses_1":["392"],
"clauseNumberAfterSimplification_RelationalIneqs_splitClauses_0":["85"],
"unlabeledTemplateNumber_RelationalEqs_splitClauses_0":["1016"],
"unlabeledTemplateNumber_RelationalIneqs_splitClauses_1":["1016"],
"labeledTemplateRelationSymbolNumber_PredictedCG_splitClauses_1":["3"],
"labeledTemplateRelationSymbolNumber_All_splitClauses_0":["3"],
"labeledSingleVariableTemplatesNumber_Octagon_splitClauses_0":["1"],
"dummyFiled":[]
}