{
"smt2FileSizeByte_All_splitClauses_1":["26571"],
"generatedPredicateNumber_All_splitClauses_1":["10800000"],
"unlabeledTemplateRelationSymbolNumber_PredictedCDHG_splitClauses_0":["6"],
"relationSymbolNumberBeforeSimplification_Unlabeled_splitClauses_1":["117"],
"predicateGeneratorTime_Term_splitClauses_0":["10800000"],
"averagePredicateSize_Random_splitClauses_1":["1"],
"labeledBinaryVariableTemplatesNumber_Labeled_splitClauses_1":["4"],
"clauseNumberBeforeSimplification_All_splitClauses_1":["59"],
"minedTemplateRelationSymbolNumber_Term_splitClauses_0":["6"],
"solvingTime_Labeled_splitClauses_1":["135"],
"unlabeledTemplateNumber_Labeled_splitClauses_1":["220"],
"relationSymbolNumberAfterSimplification_All_splitClauses_1":["23"],
"minedTemplateRelationSymbolNumber_Octagon_splitClauses_1":["6"],
"clauseNumberAfterSimplification_Mined_splitClauses_1":["16"],
"relationSymbolNumberBeforeSimplification_Octagon_splitClauses_0":["117"],
"unlabeledBinaryVariableTemplatesNumber_Term_splitClauses_0":["132"],
"labeledTemplateNumber_PredictedCDHG_splitClauses_0":["4"],
"solvability_Empty_splitClauses_0":["10800000"],
"unlabeledTemplateRelationSymbolNumber_Random_splitClauses_1":["6"],
"labeledBinaryVariableTemplatesNumber_Octagon_splitClauses_0":["4"],
"relationSymbolNumberBeforeSimplification_Random_splitClauses_1":["117"],
"minedTemplateRelationSymbolNumber_Random_splitClauses_1":["6"],
"unlabeledSingleVariableTemplatesNumber_Mined_splitClauses_0":["88"],
"unlabeledBinaryVariableTemplatesNumber_PredictedCG_splitClauses_1":["132"],
"solvability_All_splitClauses_0":["10800000"],
"predicateGeneratorTime_RelationalEqs_splitClauses_1":["101"],
"relationSymbolNumberBeforeSimplification_PredictedCDHG_splitClauses_1":["117"],
"smt2FileSizeByte_PredictedCG_splitClauses_1":["26571"],
"labeledSingleVariableTemplatesNumber_Unlabeled_splitClauses_1":["0"],
"labeledBinaryVariableTemplatesNumber_PredictedCG_splitClauses_1":["4"],
"minedBinaryVariableTemplatesNumber_PredictedCG_splitClauses_0":["4"],
"solvability_Random_splitClauses_0":["10800000"],
"relationSymbolNumberAfterSimplification_PredictedCG_splitClauses_1":["23"],
"clauseNumberBeforeSimplification_PredictedCDHG_splitClauses_1":["59"],
"labeledSingleVariableTemplatesNumber_Mined_splitClauses_0":["0"],
"solvability_Unlabeled_splitClauses_1":["1"],
"cegarIterationNumber_Labeled_splitClauses_1":["2"],
"smt2FileSizeByte_Mined_splitClauses_0":["26571"],
"relationSymbolNumberAfterSimplification_Mined_splitClauses_0":["23"],
"labeledSingleVariableTemplatesNumber_PredictedCG_splitClauses_1":["0"],
"smt2FileSizeByte_Octagon_splitClauses_1":["26571"],
"minedTemplateNumber_Labeled_splitClauses_1":["36"],
"labeledSingleVariableTemplatesNumber_RelationalIneqs_splitClauses_1":["0"],
"clauseNumberAfterSimplification_Labeled_splitClauses_1":["16"],
"relationSymbolNumberAfterSimplification_Labeled_splitClauses_0":["23"],
"smt2FileSizeByte_Random_splitClauses_0":["26571"],
"relationSymbolNumberAfterSimplification_PredictedCDHG_splitClauses_0":["23"],
"unlabeledTemplateRelationSymbolNumber_PredictedCDHG_splitClauses_1":["6"],
"labeledSingleVariableTemplatesNumber_Term_splitClauses_0":["0"],
"generatedPredicateNumber_PredictedCDHG_splitClauses_1":["10800000"],
"minedSingleVariableTemplatesNumber_Unlabeled_splitClauses_0":["32"],
"generatedPredicateNumber_Octagon_splitClauses_1":["3"],
"labeledSingleVariableTemplatesNumber_RelationalEqs_splitClauses_0":["0"],
"predicateGeneratorTime_PredictedCG_splitClauses_1":["10800000"],
"relationSymbolNumberAfterSimplification_Octagon_splitClauses_0":["23"],
"labeledTemplateNumber_Labeled_splitClauses_1":["4"],
"labeledSingleVariableTemplatesNumber_Empty_splitClauses_0":["0"],
"minedTemplateRelationSymbolNumber_RelationalIneqs_splitClauses_1":["6"],
"unlabeledSingleVariableTemplatesNumber_All_splitClauses_1":["88"],
"labeledBinaryVariableTemplatesNumber_PredictedCDHG_splitClauses_1":["4"],
"unlabeledSingleVariableTemplatesNumber_RelationalEqs_splitClauses_1":["88"],
"cegarIterationNumber_Term_splitClauses_0":["10800000"],
"unlabeledBinaryVariableTemplatesNumber_Labeled_splitClauses_1":["132"],
"unlabeledSingleVariableTemplatesNumber_Term_splitClauses_1":["88"],
"clauseNumberAfterSimplification_All_splitClauses_1":["16"],
"minedSingleVariableTemplatesNumber_Random_splitClauses_0":["32"],
"solvability_RelationalIneqs_splitClauses_1":["1"],
"minedTemplateNumber_Labeled_splitClauses_0":["36"],
"minedSingleVariableTemplatesNumber_Octagon_splitClauses_0":["32"],
"minedSingleVariableTemplatesNumber_Term_splitClauses_1":["32"],
"minedBinaryVariableTemplatesNumber_PredictedCDHG_splitClauses_1":["4"],
"generatedPredicateNumber_Mined_splitClauses_1":["3"],
"labeledSingleVariableTemplatesNumber_RelationalIneqs_splitClauses_0":["0"],
"averagePredicateSize_Mined_splitClauses_0":["10800000"],
"cegarIterationNumber_Unlabeled_splitClauses_0":["10800000"],
"minedBinaryVariableTemplatesNumber_Random_splitClauses_0":["4"],
"labeledTemplateNumber_Mined_splitClauses_1":["4"],
"labeledBinaryVariableTemplatesNumber_Random_splitClauses_0":["4"],
"unlabeledTemplateRelationSymbolNumber_Unlabeled_splitClauses_1":["6"],
"cegarIterationNumber_Mined_splitClauses_0":["10800000"],
"minedTemplateRelationSymbolNumber_Labeled_splitClauses_0":["6"],
"unlabeledBinaryVariableTemplatesNumber_RelationalIneqs_splitClauses_1":["132"],
"unlabeledBinaryVariableTemplatesNumber_Octagon_splitClauses_0":["132"],
"solvability_Mined_splitClauses_0":["10800000"],
"averagePredicateSize_RelationalEqs_splitClauses_0":["10800000"],
"clauseNumberAfterSimplification_Term_splitClauses_0":["16"],
"unlabeledTemplateNumber_Mined_splitClauses_0":["220"],
"relationSymbolNumberAfterSimplification_Random_splitClauses_1":["23"],
"unlabeledTemplateNumber_PredictedCDHG_splitClauses_0":["220"],
"cegarIterationNumber_RelationalIneqs_splitClauses_1":["2"],
"minedBinaryVariableTemplatesNumber_Unlabeled_splitClauses_1":["4"],
"labeledTemplateNumber_PredictedCG_splitClauses_1":["4"],
"labeledTemplateRelationSymbolNumber_Mined_splitClauses_0":["2"],
"labeledBinaryVariableTemplatesNumber_Mined_splitClauses_1":["4"],
"relationSymbolNumberBeforeSimplification_Mined_splitClauses_0":["117"],
"relationSymbolNumberBeforeSimplification_RelationalIneqs_splitClauses_0":["117"],
"clauseNumberAfterSimplification_RelationalIneqs_splitClauses_1":["16"],
"minedSingleVariableTemplatesNumber_PredictedCDHG_splitClauses_0":["32"],
"solvability_Labeled_splitClauses_1":["1"],
"labeledSingleVariableTemplatesNumber_Octagon_splitClauses_1":["0"],
"averagePredicateSize_Random_splitClauses_0":["10800000"],
"smt2FileSizeByte_RelationalIneqs_splitClauses_0":["26571"],
"generatedPredicateNumber_Unlabeled_splitClauses_0":["10800000"],
"solvability_RelationalEqs_splitClauses_0":["10800000"],
"predicateGeneratorTime_Empty_splitClauses_1":["88"],
"minedSingleVariableTemplatesNumber_Mined_splitClauses_0":["32"],
"relationSymbolNumberAfterSimplification_Unlabeled_splitClauses_0":["23"],
"minedTemplateRelationSymbolNumber_PredictedCDHG_splitClauses_1":["6"],
"minedTemplateNumber_PredictedCG_splitClauses_0":["36"],
"averagePredicateSize_RelationalIneqs_splitClauses_1":["1"],
"labeledTemplateRelationSymbolNumber_Random_splitClauses_1":["2"],
"minedTemplateNumber_RelationalIneqs_splitClauses_0":["36"],
"predicateGeneratorTime_RelationalIneqs_splitClauses_0":["10800000"],
"labeledTemplateRelationSymbolNumber_Empty_splitClauses_0":["2"],
"minedBinaryVariableTemplatesNumber_Octagon_splitClauses_0":["4"],
"labeledSingleVariableTemplatesNumber_Term_splitClauses_1":["0"],
"labeledBinaryVariableTemplatesNumber_Empty_splitClauses_0":["4"],
"minedTemplateNumber_Octagon_splitClauses_0":["36"],
"labeledBinaryVariableTemplatesNumber_Unlabeled_splitClauses_0":["4"],
"relationSymbolNumberBeforeSimplification_Empty_splitClauses_0":["117"],
"clauseNumberAfterSimplification_PredictedCDHG_splitClauses_0":["16"],
"smt2FileSizeByte_PredictedCG_splitClauses_0":["26571"],
"minedBinaryVariableTemplatesNumber_RelationalEqs_splitClauses_0":["4"],
"relationSymbolNumberBeforeSimplification_Unlabeled_splitClauses_0":["117"],
"labeledTemplateRelationSymbolNumber_RelationalEqs_splitClauses_1":["2"],
"minedBinaryVariableTemplatesNumber_Random_splitClauses_1":["4"],
"clauseNumberAfterSimplification_Unlabeled_splitClauses_1":["16"],
"minedSingleVariableTemplatesNumber_PredictedCDHG_splitClauses_1":["32"],
"labeledBinaryVariableTemplatesNumber_Term_splitClauses_1":["4"],
"clauseNumberBeforeSimplification_Empty_splitClauses_1":["59"],
"relationSymbolNumberAfterSimplification_Octagon_splitClauses_1":["23"],
"relationSymbolNumberAfterSimplification_Term_splitClauses_0":["23"],
"minedBinaryVariableTemplatesNumber_Mined_splitClauses_1":["4"],
"unlabeledBinaryVariableTemplatesNumber_Unlabeled_splitClauses_1":["132"],
"relationSymbolNumberBeforeSimplification_Random_splitClauses_0":["117"],
"relationSymbolNumberAfterSimplification_PredictedCDHG_splitClauses_1":["23"],
"unlabeledTemplateNumber_PredictedCG_splitClauses_1":["220"],
"generatedPredicateNumber_Empty_splitClauses_0":["10800000"],
"predicateGeneratorTime_RelationalIneqs_splitClauses_1":["232"],
"unlabeledSingleVariableTemplatesNumber_Empty_splitClauses_0":["88"],
"cegarIterationNumber_Octagon_splitClauses_0":["10800000"],
"clauseNumberAfterSimplification_Octagon_splitClauses_1":["16"],
"unlabeledSingleVariableTemplatesNumber_Labeled_splitClauses_1":["88"],
"clauseNumberBeforeSimplification_Random_splitClauses_1":["59"],
"minedTemplateRelationSymbolNumber_All_splitClauses_0":["6"],
"unlabeledTemplateRelationSymbolNumber_RelationalEqs_splitClauses_0":["6"],
"minedSingleVariableTemplatesNumber_Unlabeled_splitClauses_1":["32"],
"clauseNumberBeforeSimplification_RelationalEqs_splitClauses_0":["59"],
"minedTemplateNumber_Unlabeled_splitClauses_0":["36"],
"generatedPredicateNumber_Octagon_splitClauses_0":["10800000"],
"predicateGeneratorTime_PredictedCDHG_splitClauses_0":["10800000"],
"clauseNumberAfterSimplification_PredictedCG_splitClauses_1":["16"],
"labeledSingleVariableTemplatesNumber_RelationalEqs_splitClauses_1":["0"],
"smt2FileSizeByte_Random_splitClauses_1":["26571"],
"averagePredicateSize_PredictedCG_splitClauses_1":["10800000"],
"cegarIterationNumber_PredictedCDHG_splitClauses_1":["10800000"],
"clauseNumberAfterSimplification_RelationalEqs_splitClauses_1":["16"],
"minedBinaryVariableTemplatesNumber_Empty_splitClauses_1":["4"],
"relationSymbolNumberAfterSimplification_RelationalEqs_splitClauses_1":["23"],
"minedTemplateNumber_PredictedCDHG_splitClauses_0":["36"],
"labeledBinaryVariableTemplatesNumber_All_splitClauses_1":["4"],
"solvingTime_RelationalIneqs_splitClauses_1":["311"],
"unlabeledTemplateRelationSymbolNumber_RelationalEqs_splitClauses_1":["6"],
"smt2FileSizeByte_Unlabeled_splitClauses_0":["26571"],
"relationSymbolNumberBeforeSimplification_Mined_splitClauses_1":["117"],
"relationSymbolNumberAfterSimplification_Mined_splitClauses_1":["23"],
"generatedPredicateNumber_All_splitClauses_0":["10800000"],
"relationSymbolNumberBeforeSimplification_Octagon_splitClauses_1":["117"],
"predicateGeneratorTime_Octagon_splitClauses_1":["92"],
"solvability_Mined_splitClauses_1":["1"],
"minedTemplateRelationSymbolNumber_Term_splitClauses_1":["6"],
"clauseNumberAfterSimplification_Mined_splitClauses_0":["16"],
"solvability_PredictedCDHG_splitClauses_0":["10800000"],
"solvingTime_Empty_splitClauses_0":["10800000"],
"unlabeledSingleVariableTemplatesNumber_Unlabeled_splitClauses_1":["88"],
"minedTemplateNumber_Term_splitClauses_1":["36"],
"averagePredicateSize_Octagon_splitClauses_1":["1"],
"unlabeledSingleVariableTemplatesNumber_Octagon_splitClauses_1":["88"],
"minedTemplateRelationSymbolNumber_RelationalEqs_splitClauses_1":["6"],
"relationSymbolNumberBeforeSimplification_All_splitClauses_1":["117"],
"minedBinaryVariableTemplatesNumber_RelationalIneqs_splitClauses_0":["4"],
"predicateGeneratorTime_Term_splitClauses_1":["123"],
"solvingTime_Labeled_splitClauses_0":["10800000"],
"unlabeledBinaryVariableTemplatesNumber_PredictedCG_splitClauses_0":["132"],
"minedTemplateNumber_All_splitClauses_0":["36"],
"predicateGeneratorTime_Labeled_splitClauses_1":["88"],
"unlabeledTemplateRelationSymbolNumber_Empty_splitClauses_0":["6"],
"unlabeledTemplateNumber_Mined_splitClauses_1":["220"],
"solvability_PredictedCG_splitClauses_1":["10800000"],
"unlabeledTemplateNumber_Term_splitClauses_0":["220"],
"minedBinaryVariableTemplatesNumber_PredictedCG_splitClauses_1":["4"],
"labeledSingleVariableTemplatesNumber_PredictedCDHG_splitClauses_0":["0"],
"minedBinaryVariableTemplatesNumber_All_splitClauses_0":["4"],
"averagePredicateSize_PredictedCDHG_splitClauses_1":["10800000"],
"predicateGeneratorTime_PredictedCG_splitClauses_0":["10800000"],
"generatedPredicateNumber_RelationalIneqs_splitClauses_0":["10800000"],
"labeledTemplateNumber_Empty_splitClauses_0":["4"],
"relationSymbolNumberAfterSimplification_RelationalIneqs_splitClauses_1":["23"],
"unlabeledTemplateRelationSymbolNumber_Term_splitClauses_0":["6"],
"minedTemplateNumber_All_splitClauses_1":["36"],
"labeledSingleVariableTemplatesNumber_Empty_splitClauses_1":["0"],
"minedBinaryVariableTemplatesNumber_Unlabeled_splitClauses_0":["4"],
"labeledTemplateNumber_Random_splitClauses_0":["4"],
"minedBinaryVariableTemplatesNumber_All_splitClauses_1":["4"],
"unlabeledSingleVariableTemplatesNumber_All_splitClauses_0":["88"],
"relationSymbolNumberBeforeSimplification_Labeled_splitClauses_1":["117"],
"smt2FileSizeByte_PredictedCDHG_splitClauses_1":["26571"],
"labeledBinaryVariableTemplatesNumber_PredictedCDHG_splitClauses_0":["4"],
"averagePredicateSize_RelationalEqs_splitClauses_1":["1"],
"minedSingleVariableTemplatesNumber_Term_splitClauses_0":["32"],
"labeledTemplateRelationSymbolNumber_Term_splitClauses_1":["2"],
"generatedPredicateNumber_Random_splitClauses_0":["10800000"],
"labeledBinaryVariableTemplatesNumber_Empty_splitClauses_1":["4"],
"relationSymbolNumberAfterSimplification_Term_splitClauses_1":["23"],
"clauseNumberAfterSimplification_Labeled_splitClauses_0":["16"],
"labeledSingleVariableTemplatesNumber_Labeled_splitClauses_0":["0"],
"minedTemplateNumber_Mined_splitClauses_1":["36"],
"labeledTemplateRelationSymbolNumber_Labeled_splitClauses_0":["2"],
"unlabeledTemplateRelationSymbolNumber_Mined_splitClauses_1":["6"],
"solvability_Labeled_splitClauses_0":["10800000"],
"minedTemplateNumber_RelationalEqs_splitClauses_1":["36"],
"solvingTime_Random_splitClauses_1":["149"],
"minedTemplateNumber_Random_splitClauses_0":["36"],
"cegarIterationNumber_Unlabeled_splitClauses_1":["2"],
"minedTemplateNumber_RelationalIneqs_splitClauses_1":["36"],
"unlabeledBinaryVariableTemplatesNumber_Octagon_splitClauses_1":["132"],
"minedSingleVariableTemplatesNumber_Octagon_splitClauses_1":["32"],
"minedSingleVariableTemplatesNumber_Random_splitClauses_1":["32"],
"averagePredicateSize_All_splitClauses_1":["10800000"],
"minedTemplateNumber_Empty_splitClauses_0":["36"],
"labeledTemplateNumber_Mined_splitClauses_0":["4"],
"unlabeledBinaryVariableTemplatesNumber_All_splitClauses_0":["132"],
"relationSymbolNumberAfterSimplification_Labeled_splitClauses_1":["23"],
"labeledSingleVariableTemplatesNumber_PredictedCDHG_splitClauses_1":["0"],
"minedSingleVariableTemplatesNumber_Mined_splitClauses_1":["32"],
"labeledTemplateRelationSymbolNumber_Term_splitClauses_0":["2"],
"unlabeledTemplateRelationSymbolNumber_Term_splitClauses_1":["6"],
"predicateGeneratorTime_All_splitClauses_1":["10800000"],
"unlabeledSingleVariableTemplatesNumber_Random_splitClauses_0":["88"],
"predicateGeneratorTime_Unlabeled_splitClauses_1":["88"],
"cegarIterationNumber_PredictedCDHG_splitClauses_0":["10800000"],
"labeledTemplateNumber_RelationalEqs_splitClauses_0":["4"],
"labeledTemplateRelationSymbolNumber_Mined_splitClauses_1":["2"],
"labeledTemplateRelationSymbolNumber_Random_splitClauses_0":["2"],
"labeledBinaryVariableTemplatesNumber_RelationalEqs_splitClauses_1":["4"],
"generatedPredicateNumber_RelationalIneqs_splitClauses_1":["3"],
"unlabeledTemplateRelationSymbolNumber_PredictedCG_splitClauses_1":["6"],
"unlabeledSingleVariableTemplatesNumber_RelationalEqs_splitClauses_0":["88"],
"labeledBinaryVariableTemplatesNumber_Labeled_splitClauses_0":["4"],
"minedBinaryVariableTemplatesNumber_PredictedCDHG_splitClauses_0":["4"],
"unlabeledTemplateRelationSymbolNumber_Unlabeled_splitClauses_0":["6"],
"clauseNumberAfterSimplification_Term_splitClauses_1":["16"],
"unlabeledTemplateNumber_Octagon_splitClauses_0":["220"],
"unlabeledBinaryVariableTemplatesNumber_RelationalEqs_splitClauses_1":["132"],
"unlabeledTemplateNumber_PredictedCG_splitClauses_0":["220"],
"unlabeledTemplateNumber_All_splitClauses_0":["220"],
"labeledTemplateRelationSymbolNumber_RelationalIneqs_splitClauses_1":["2"],
"unlabeledSingleVariableTemplatesNumber_Mined_splitClauses_1":["88"],
"labeledTemplateRelationSymbolNumber_Unlabeled_splitClauses_1":["2"],
"labeledBinaryVariableTemplatesNumber_Random_splitClauses_1":["4"],
"solvability_Random_splitClauses_1":["1"],
"solvingTime_Term_splitClauses_0":["10800000"],
"minedSingleVariableTemplatesNumber_Labeled_splitClauses_1":["32"],
"clauseNumberBeforeSimplification_Term_splitClauses_0":["59"],
"relationSymbolNumberBeforeSimplification_RelationalIneqs_splitClauses_1":["117"],
"minedTemplateRelationSymbolNumber_Mined_splitClauses_0":["6"],
"solvability_Octagon_splitClauses_1":["1"],
"minedSingleVariableTemplatesNumber_RelationalIneqs_splitClauses_1":["32"],
"smt2FileSizeByte_Labeled_splitClauses_0":["26571"],
"solvability_RelationalEqs_splitClauses_1":["1"],
"unlabeledSingleVariableTemplatesNumber_Empty_splitClauses_1":["88"],
"labeledTemplateNumber_PredictedCDHG_splitClauses_1":["4"],
"minedTemplateRelationSymbolNumber_Octagon_splitClauses_0":["6"],
"clauseNumberAfterSimplification_Unlabeled_splitClauses_0":["16"],
"clauseNumberBeforeSimplification_Unlabeled_splitClauses_0":["59"],
"clauseNumberBeforeSimplification_PredictedCDHG_splitClauses_0":["59"],
"cegarIterationNumber_RelationalIneqs_splitClauses_0":["10800000"],
"labeledTemplateRelationSymbolNumber_RelationalEqs_splitClauses_0":["2"],
"averagePredicateSize_Labeled_splitClauses_0":["10800000"],
"smt2FileSizeByte_RelationalIneqs_splitClauses_1":["26571"],
"clauseNumberBeforeSimplification_RelationalEqs_splitClauses_1":["59"],
"unlabeledTemplateRelationSymbolNumber_RelationalIneqs_splitClauses_1":["6"],
"clauseNumberBeforeSimplification_PredictedCG_splitClauses_0":["59"],
"solvingTime_PredictedCDHG_splitClauses_0":["10800000"],
"labeledTemplateRelationSymbolNumber_Octagon_splitClauses_1":["2"],
"minedTemplateRelationSymbolNumber_PredictedCG_splitClauses_1":["6"],
"relationSymbolNumberBeforeSimplification_RelationalEqs_splitClauses_1":["117"],
"labeledTemplateNumber_Random_splitClauses_1":["4"],
"solvingTime_RelationalIneqs_splitClauses_0":["10800000"],
"labeledTemplateNumber_All_splitClauses_1":["4"],
"unlabeledTemplateNumber_Random_splitClauses_1":["220"],
"relationSymbolNumberBeforeSimplification_All_splitClauses_0":["117"],
"smt2FileSizeByte_Unlabeled_splitClauses_1":["26571"],
"cegarIterationNumber_PredictedCG_splitClauses_0":["10800000"],
"predicateGeneratorTime_Octagon_splitClauses_0":["10800000"],
"unlabeledTemplateNumber_RelationalEqs_splitClauses_1":["220"],
"clauseNumberAfterSimplification_Octagon_splitClauses_0":["16"],
"cegarIterationNumber_Random_splitClauses_0":["10800000"],
"solvability_PredictedCDHG_splitClauses_1":["10800000"],
"solvability_PredictedCG_splitClauses_0":["10800000"],
"solvingTime_PredictedCG_splitClauses_1":["10800000"],
"unlabeledSingleVariableTemplatesNumber_Unlabeled_splitClauses_0":["88"],
"unlabeledTemplateNumber_Unlabeled_splitClauses_0":["220"],
"labeledTemplateRelationSymbolNumber_RelationalIneqs_splitClauses_0":["2"],
"minedTemplateNumber_Random_splitClauses_1":["36"],
"generatedPredicateNumber_RelationalEqs_splitClauses_0":["10800000"],
"minedTemplateNumber_Term_splitClauses_0":["36"],
"solvingTime_All_splitClauses_1":["10800000"],
"minedSingleVariableTemplatesNumber_PredictedCG_splitClauses_0":["32"],
"smt2FileSizeByte_Term_splitClauses_1":["26571"],
"labeledBinaryVariableTemplatesNumber_All_splitClauses_0":["4"],
"minedTemplateNumber_PredictedCDHG_splitClauses_1":["36"],
"minedTemplateRelationSymbolNumber_PredictedCDHG_splitClauses_0":["6"],
"averagePredicateSize_Unlabeled_splitClauses_0":["10800000"],
"minedBinaryVariableTemplatesNumber_Octagon_splitClauses_1":["4"],
"unlabeledSingleVariableTemplatesNumber_Random_splitClauses_1":["88"],
"clauseNumberBeforeSimplification_Random_splitClauses_0":["59"],
"solvingTime_Unlabeled_splitClauses_1":["132"],
"predicateGeneratorTime_PredictedCDHG_splitClauses_1":["10800000"],
"averagePredicateSize_PredictedCDHG_splitClauses_0":["10800000"],
"relationSymbolNumberAfterSimplification_RelationalEqs_splitClauses_0":["23"],
"minedBinaryVariableTemplatesNumber_Term_splitClauses_0":["4"],
"labeledTemplateNumber_RelationalIneqs_splitClauses_0":["4"],
"clauseNumberAfterSimplification_Random_splitClauses_0":["16"],
"clauseNumberAfterSimplification_PredictedCG_splitClauses_0":["16"],
"generatedPredicateNumber_Empty_splitClauses_1":["3"],
"clauseNumberBeforeSimplification_Octagon_splitClauses_0":["59"],
"unlabeledTemplateNumber_Empty_splitClauses_0":["220"],
"minedSingleVariableTemplatesNumber_All_splitClauses_0":["32"],
"labeledTemplateRelationSymbolNumber_Octagon_splitClauses_0":["2"],
"generatedPredicateNumber_Random_splitClauses_1":["3"],
"clauseNumberAfterSimplification_RelationalEqs_splitClauses_0":["16"],
"labeledBinaryVariableTemplatesNumber_Term_splitClauses_0":["4"],
"minedSingleVariableTemplatesNumber_RelationalEqs_splitClauses_0":["32"],
"minedTemplateNumber_Mined_splitClauses_0":["36"],
"relationSymbolNumberBeforeSimplification_PredictedCG_splitClauses_0":["117"],
"averagePredicateSize_Octagon_splitClauses_0":["10800000"],
"unlabeledBinaryVariableTemplatesNumber_Empty_splitClauses_1":["132"],
"unlabeledSingleVariableTemplatesNumber_PredictedCDHG_splitClauses_0":["88"],
"unlabeledSingleVariableTemplatesNumber_PredictedCG_splitClauses_1":["88"],
"labeledTemplateRelationSymbolNumber_Labeled_splitClauses_1":["2"],
"minedTemplateRelationSymbolNumber_Random_splitClauses_0":["6"],
"unlabeledTemplateRelationSymbolNumber_PredictedCG_splitClauses_0":["6"],
"unlabeledTemplateNumber_RelationalIneqs_splitClauses_0":["220"],
"unlabeledSingleVariableTemplatesNumber_Labeled_splitClauses_0":["88"],
"relationSymbolNumberAfterSimplification_PredictedCG_splitClauses_0":["23"],
"minedTemplateNumber_Unlabeled_splitClauses_1":["36"],
"generatedPredicateNumber_PredictedCG_splitClauses_0":["10800000"],
"labeledTemplateNumber_Unlabeled_splitClauses_1":["4"],
"unlabeledTemplateRelationSymbolNumber_Empty_splitClauses_1":["6"],
"clauseNumberBeforeSimplification_Empty_splitClauses_0":["59"],
"solvingTime_Octagon_splitClauses_1":["140"],
"cegarIterationNumber_Mined_splitClauses_1":["2"],
"clauseNumberBeforeSimplification_Mined_splitClauses_1":["59"],
"smt2FileSizeByte_PredictedCDHG_splitClauses_0":["26571"],
"averagePredicateSize_PredictedCG_splitClauses_0":["10800000"],
"solvingTime_Random_splitClauses_0":["10800000"],
"minedTemplateNumber_RelationalEqs_splitClauses_0":["36"],
"unlabeledSingleVariableTemplatesNumber_RelationalIneqs_splitClauses_0":["88"],
"unlabeledTemplateNumber_Unlabeled_splitClauses_1":["220"],
"labeledBinaryVariableTemplatesNumber_RelationalEqs_splitClauses_0":["4"],
"generatedPredicateNumber_PredictedCDHG_splitClauses_0":["10800000"],
"relationSymbolNumberAfterSimplification_RelationalIneqs_splitClauses_0":["23"],
"minedTemplateRelationSymbolNumber_Empty_splitClauses_1":["6"],
"predicateGeneratorTime_Random_splitClauses_1":["104"],
"labeledTemplateNumber_Term_splitClauses_1":["4"],
"relationSymbolNumberBeforeSimplification_RelationalEqs_splitClauses_0":["117"],
"minedSingleVariableTemplatesNumber_Empty_splitClauses_1":["32"],
"minedSingleVariableTemplatesNumber_RelationalIneqs_splitClauses_0":["32"],
"clauseNumberAfterSimplification_All_splitClauses_0":["16"],
"unlabeledBinaryVariableTemplatesNumber_RelationalEqs_splitClauses_0":["132"],
"cegarIterationNumber_RelationalEqs_splitClauses_0":["10800000"],
"labeledTemplateRelationSymbolNumber_PredictedCDHG_splitClauses_0":["2"],
"labeledSingleVariableTemplatesNumber_Labeled_splitClauses_1":["0"],
"unlabeledBinaryVariableTemplatesNumber_All_splitClauses_1":["132"],
"minedTemplateRelationSymbolNumber_Unlabeled_splitClauses_1":["6"],
"solvingTime_RelationalEqs_splitClauses_0":["10800000"],
"solvingTime_RelationalEqs_splitClauses_1":["156"],
"minedBinaryVariableTemplatesNumber_Mined_splitClauses_0":["4"],
"clauseNumberBeforeSimplification_All_splitClauses_0":["59"],
"clauseNumberBeforeSimplification_RelationalIneqs_splitClauses_1":["59"],
"labeledTemplateNumber_RelationalEqs_splitClauses_1":["4"],
"labeledBinaryVariableTemplatesNumber_RelationalIneqs_splitClauses_0":["4"],
"relationSymbolNumberBeforeSimplification_Labeled_splitClauses_0":["117"],
"clauseNumberAfterSimplification_Empty_splitClauses_0":["16"],
"averagePredicateSize_Empty_splitClauses_0":["10800000"],
"unlabeledTemplateNumber_Term_splitClauses_1":["220"],
"predicateGeneratorTime_Mined_splitClauses_1":["129"],
"labeledBinaryVariableTemplatesNumber_RelationalIneqs_splitClauses_1":["4"],
"predicateGeneratorTime_Unlabeled_splitClauses_0":["10800000"],
"relationSymbolNumberAfterSimplification_Empty_splitClauses_0":["23"],
"generatedPredicateNumber_Mined_splitClauses_0":["10800000"],
"generatedPredicateNumber_RelationalEqs_splitClauses_1":["3"],
"labeledTemplateRelationSymbolNumber_PredictedCG_splitClauses_0":["2"],
"minedSingleVariableTemplatesNumber_PredictedCG_splitClauses_1":["32"],
"minedTemplateRelationSymbolNumber_PredictedCG_splitClauses_0":["6"],
"unlabeledTemplateRelationSymbolNumber_Labeled_splitClauses_0":["6"],
"solvability_Empty_splitClauses_1":["1"],
"averagePredicateSize_Term_splitClauses_0":["10800000"],
"cegarIterationNumber_Random_splitClauses_1":["2"],
"averagePredicateSize_Labeled_splitClauses_1":["1"],
"unlabeledBinaryVariableTemplatesNumber_Unlabeled_splitClauses_0":["132"],
"generatedPredicateNumber_Unlabeled_splitClauses_1":["3"],
"predicateGeneratorTime_All_splitClauses_0":["10800000"],
"unlabeledBinaryVariableTemplatesNumber_PredictedCDHG_splitClauses_1":["132"],
"clauseNumberBeforeSimplification_Labeled_splitClauses_1":["59"],
"minedBinaryVariableTemplatesNumber_Labeled_splitClauses_1":["4"],
"labeledSingleVariableTemplatesNumber_All_splitClauses_0":["0"],
"unlabeledTemplateRelationSymbolNumber_Mined_splitClauses_0":["6"],
"cegarIterationNumber_Octagon_splitClauses_1":["2"],
"labeledTemplateNumber_Octagon_splitClauses_0":["4"],
"labeledTemplateRelationSymbolNumber_All_splitClauses_1":["2"],
"smt2FileSizeByte_Empty_splitClauses_0":["26571"],
"unlabeledTemplateNumber_Octagon_splitClauses_1":["220"],
"predicateGeneratorTime_RelationalEqs_splitClauses_0":["10800000"],
"unlabeledTemplateRelationSymbolNumber_RelationalIneqs_splitClauses_0":["6"],
"smt2FileSizeByte_RelationalEqs_splitClauses_1":["26571"],
"unlabeledTemplateNumber_Labeled_splitClauses_0":["220"],
"minedSingleVariableTemplatesNumber_Labeled_splitClauses_0":["32"],
"solvingTime_PredictedCDHG_splitClauses_1":["10800000"],
"relationSymbolNumberBeforeSimplification_Term_splitClauses_1":["117"],
"minedTemplateNumber_Octagon_splitClauses_1":["36"],
"clauseNumberBeforeSimplification_Mined_splitClauses_0":["59"],
"smt2FileSizeByte_All_splitClauses_0":["26571"],
"solvingTime_All_splitClauses_0":["10800000"],
"minedBinaryVariableTemplatesNumber_Term_splitClauses_1":["4"],
"unlabeledTemplateRelationSymbolNumber_Random_splitClauses_0":["6"],
"cegarIterationNumber_All_splitClauses_0":["10800000"],
"smt2FileSizeByte_RelationalEqs_splitClauses_0":["26571"],
"unlabeledSingleVariableTemplatesNumber_PredictedCDHG_splitClauses_1":["88"],
"clauseNumberBeforeSimplification_Labeled_splitClauses_0":["59"],
"cegarIterationNumber_PredictedCG_splitClauses_1":["10800000"],
"labeledTemplateRelationSymbolNumber_Unlabeled_splitClauses_0":["2"],
"unlabeledTemplateRelationSymbolNumber_Octagon_splitClauses_1":["6"],
"unlabeledTemplateNumber_Empty_splitClauses_1":["220"],
"clauseNumberBeforeSimplification_Octagon_splitClauses_1":["59"],
"labeledTemplateNumber_Unlabeled_splitClauses_0":["4"],
"labeledBinaryVariableTemplatesNumber_PredictedCG_splitClauses_0":["4"],
"solvability_Term_splitClauses_1":["1"],
"solvability_Octagon_splitClauses_0":["10800000"],
"minedTemplateRelationSymbolNumber_RelationalIneqs_splitClauses_0":["6"],
"clauseNumberBeforeSimplification_RelationalIneqs_splitClauses_0":["59"],
"labeledTemplateNumber_PredictedCG_splitClauses_0":["4"],
"cegarIterationNumber_Labeled_splitClauses_0":["10800000"],
"smt2FileSizeByte_Labeled_splitClauses_1":["26571"],
"clauseNumberBeforeSimplification_Unlabeled_splitClauses_1":["59"],
"generatedPredicateNumber_Term_splitClauses_1":["3"],
"solvingTime_Term_splitClauses_1":["185"],
"unlabeledBinaryVariableTemplatesNumber_Random_splitClauses_1":["132"],
"unlabeledSingleVariableTemplatesNumber_Octagon_splitClauses_0":["88"],
"solvingTime_Octagon_splitClauses_0":["10800000"],
"labeledSingleVariableTemplatesNumber_Mined_splitClauses_1":["0"],
"averagePredicateSize_Term_splitClauses_1":["1"],
"labeledTemplateNumber_Labeled_splitClauses_0":["4"],
"unlabeledSingleVariableTemplatesNumber_PredictedCG_splitClauses_0":["88"],
"smt2FileSizeByte_Mined_splitClauses_1":["26571"],
"labeledBinaryVariableTemplatesNumber_Unlabeled_splitClauses_1":["4"],
"labeledTemplateNumber_All_splitClauses_0":["4"],
"unlabeledTemplateNumber_Random_splitClauses_0":["220"],
"labeledTemplateNumber_Octagon_splitClauses_1":["4"],
"unlabeledTemplateNumber_PredictedCDHG_splitClauses_1":["220"],
"unlabeledBinaryVariableTemplatesNumber_Mined_splitClauses_0":["132"],
"minedTemplateRelationSymbolNumber_Mined_splitClauses_1":["6"],
"labeledTemplateNumber_RelationalIneqs_splitClauses_1":["4"],
"relationSymbolNumberAfterSimplification_All_splitClauses_0":["23"],
"relationSymbolNumberBeforeSimplification_PredictedCDHG_splitClauses_0":["117"],
"solvability_Term_splitClauses_0":["10800000"],
"clauseNumberBeforeSimplification_PredictedCG_splitClauses_1":["59"],
"generatedPredicateNumber_Labeled_splitClauses_1":["3"],
"labeledSingleVariableTemplatesNumber_Unlabeled_splitClauses_0":["0"],
"unlabeledBinaryVariableTemplatesNumber_Empty_splitClauses_0":["132"],
"solvingTime_Mined_splitClauses_0":["10800000"],
"unlabeledTemplateNumber_All_splitClauses_1":["220"],
"clauseNumberAfterSimplification_Random_splitClauses_1":["16"],
"labeledBinaryVariableTemplatesNumber_Octagon_splitClauses_1":["4"],
"unlabeledBinaryVariableTemplatesNumber_Labeled_splitClauses_0":["132"],
"smt2FileSizeByte_Octagon_splitClauses_0":["26571"],
"labeledSingleVariableTemplatesNumber_Random_splitClauses_1":["0"],
"solvability_Unlabeled_splitClauses_0":["10800000"],
"solvingTime_Unlabeled_splitClauses_0":["10800000"],
"unlabeledTemplateRelationSymbolNumber_All_splitClauses_1":["6"],
"minedTemplateNumber_Empty_splitClauses_1":["36"],
"solvability_RelationalIneqs_splitClauses_0":["10800000"],
"unlabeledTemplateRelationSymbolNumber_Labeled_splitClauses_1":["6"],
"cegarIterationNumber_RelationalEqs_splitClauses_1":["2"],
"minedSingleVariableTemplatesNumber_RelationalEqs_splitClauses_1":["32"],
"clauseNumberAfterSimplification_PredictedCDHG_splitClauses_1":["16"],
"minedBinaryVariableTemplatesNumber_RelationalIneqs_splitClauses_1":["4"],
"unlabeledBinaryVariableTemplatesNumber_Mined_splitClauses_1":["132"],
"unlabeledBinaryVariableTemplatesNumber_PredictedCDHG_splitClauses_0":["132"],
"solvingTime_Empty_splitClauses_1":["134"],
"labeledTemplateRelationSymbolNumber_Empty_splitClauses_1":["2"],
"generatedPredicateNumber_Term_splitClauses_0":["10800000"],
"averagePredicateSize_Empty_splitClauses_1":["1"],
"generatedPredicateNumber_PredictedCG_splitClauses_1":["10800000"],
"labeledTemplateRelationSymbolNumber_PredictedCDHG_splitClauses_1":["2"],
"predicateGeneratorTime_Mined_splitClauses_0":["10800000"],
"relationSymbolNumberBeforeSimplification_Term_splitClauses_0":["117"],
"predicateGeneratorTime_Labeled_splitClauses_0":["10800000"],
"labeledSingleVariableTemplatesNumber_Random_splitClauses_0":["0"],
"unlabeledTemplateRelationSymbolNumber_All_splitClauses_0":["6"],
"minedBinaryVariableTemplatesNumber_Labeled_splitClauses_0":["4"],
"generatedPredicateNumber_Labeled_splitClauses_0":["10800000"],
"relationSymbolNumberAfterSimplification_Empty_splitClauses_1":["23"],
"solvingTime_Mined_splitClauses_1":["185"],
"minedSingleVariableTemplatesNumber_All_splitClauses_1":["32"],
"predicateGeneratorTime_Random_splitClauses_0":["10800000"],
"cegarIterationNumber_Term_splitClauses_1":["2"],
"labeledTemplateNumber_Empty_splitClauses_1":["4"],
"clauseNumberAfterSimplification_Empty_splitClauses_1":["16"],
"minedTemplateRelationSymbolNumber_Empty_splitClauses_0":["6"],
"unlabeledSingleVariableTemplatesNumber_Term_splitClauses_0":["88"],
"minedSingleVariableTemplatesNumber_Empty_splitClauses_0":["32"],
"relationSymbolNumberAfterSimplification_Random_splitClauses_0":["23"],
"minedTemplateRelationSymbolNumber_RelationalEqs_splitClauses_0":["6"],
"cegarIterationNumber_Empty_splitClauses_0":["10800000"],
"minedBinaryVariableTemplatesNumber_RelationalEqs_splitClauses_1":["4"],
"relationSymbolNumberBeforeSimplification_PredictedCG_splitClauses_1":["117"],
"labeledSingleVariableTemplatesNumber_All_splitClauses_1":["0"],
"unlabeledTemplateRelationSymbolNumber_Octagon_splitClauses_0":["6"],
"minedTemplateRelationSymbolNumber_Unlabeled_splitClauses_0":["6"],
"labeledBinaryVariableTemplatesNumber_Mined_splitClauses_0":["4"],
"relationSymbolNumberAfterSimplification_Unlabeled_splitClauses_1":["23"],
"minedTemplateNumber_PredictedCG_splitClauses_1":["36"],
"cegarIterationNumber_Empty_splitClauses_1":["2"],
"averagePredicateSize_RelationalIneqs_splitClauses_0":["10800000"],
"solvability_All_splitClauses_1":["10800000"],
"unlabeledBinaryVariableTemplatesNumber_Term_splitClauses_1":["132"],
"minedTemplateRelationSymbolNumber_Labeled_splitClauses_1":["6"],
"averagePredicateSize_Unlabeled_splitClauses_1":["1"],
"labeledTemplateNumber_Term_splitClauses_0":["4"],
"smt2FileSizeByte_Empty_splitClauses_1":["26571"],
"solvingTime_PredictedCG_splitClauses_0":["10800000"],
"cegarIterationNumber_All_splitClauses_1":["10800000"],
"clauseNumberBeforeSimplification_Term_splitClauses_1":["59"],
"predicateGeneratorTime_Empty_splitClauses_0":["10800000"],
"relationSymbolNumberBeforeSimplification_Empty_splitClauses_1":["117"],
"averagePredicateSize_All_splitClauses_0":["10800000"],
"unlabeledBinaryVariableTemplatesNumber_Random_splitClauses_0":["132"],
"smt2FileSizeByte_Term_splitClauses_0":["26571"],
"averagePredicateSize_Mined_splitClauses_1":["1"],
"minedBinaryVariableTemplatesNumber_Empty_splitClauses_0":["4"],
"minedTemplateRelationSymbolNumber_All_splitClauses_1":["6"],
"labeledSingleVariableTemplatesNumber_PredictedCG_splitClauses_0":["0"],
"unlabeledBinaryVariableTemplatesNumber_RelationalIneqs_splitClauses_0":["132"],
"unlabeledSingleVariableTemplatesNumber_RelationalIneqs_splitClauses_1":["88"],
"clauseNumberAfterSimplification_RelationalIneqs_splitClauses_0":["16"],
"unlabeledTemplateNumber_RelationalEqs_splitClauses_0":["220"],
"unlabeledTemplateNumber_RelationalIneqs_splitClauses_1":["220"],
"labeledTemplateRelationSymbolNumber_PredictedCG_splitClauses_1":["2"],
"labeledTemplateRelationSymbolNumber_All_splitClauses_0":["2"],
"labeledSingleVariableTemplatesNumber_Octagon_splitClauses_0":["0"],
"dummyFiled":[]
}