{
"generatedPredicateNumber_All_splitClauses_1":["10800000"],
"predicateGeneratorTime_Term_splitClauses_0":["10800000"],
"averagePredicateSize_Random_splitClauses_1":["10800000"],
"solvingTime_Labeled_splitClauses_1":["10800000"],
"solvability_Empty_splitClauses_0":["10800000"],
"solvability_All_splitClauses_0":["10800000"],
"predicateGeneratorTime_RelationalEqs_splitClauses_1":["10800000"],
"solvability_Random_splitClauses_0":["10800000"],
"solvability_Unlabeled_splitClauses_1":["10800000"],
"cegarIterationNumber_Labeled_splitClauses_1":["10800000"],
"generatedPredicateNumber_PredictedCDHG_splitClauses_1":["10800000"],
"generatedPredicateNumber_Octagon_splitClauses_1":["10800000"],
"predicateGeneratorTime_PredictedCG_splitClauses_1":["10800000"],
"cegarIterationNumber_Term_splitClauses_0":["10800000"],
"solvability_RelationalIneqs_splitClauses_1":["10800000"],
"generatedPredicateNumber_Mined_splitClauses_1":["4"],
"averagePredicateSize_Mined_splitClauses_0":["10800000"],
"cegarIterationNumber_Unlabeled_splitClauses_0":["10800000"],
"cegarIterationNumber_Mined_splitClauses_0":["10800000"],
"solvability_Mined_splitClauses_0":["10800000"],
"averagePredicateSize_RelationalEqs_splitClauses_0":["10800000"],
"cegarIterationNumber_RelationalIneqs_splitClauses_1":["10800000"],
"solvability_Labeled_splitClauses_1":["10800000"],
"averagePredicateSize_Random_splitClauses_0":["10800000"],
"generatedPredicateNumber_Unlabeled_splitClauses_0":["10800000"],
"solvability_RelationalEqs_splitClauses_0":["10800000"],
"predicateGeneratorTime_Empty_splitClauses_1":["10800000"],
"averagePredicateSize_RelationalIneqs_splitClauses_1":["10800000"],
"predicateGeneratorTime_RelationalIneqs_splitClauses_0":["10800000"],
"generatedPredicateNumber_Empty_splitClauses_0":["10800000"],
"predicateGeneratorTime_RelationalIneqs_splitClauses_1":["10800000"],
"cegarIterationNumber_Octagon_splitClauses_0":["10800000"],
"generatedPredicateNumber_Octagon_splitClauses_0":["10800000"],
"predicateGeneratorTime_PredictedCDHG_splitClauses_0":["10800000"],
"averagePredicateSize_PredictedCG_splitClauses_1":["10800000"],
"cegarIterationNumber_PredictedCDHG_splitClauses_1":["10800000"],
"solvingTime_RelationalIneqs_splitClauses_1":["10800000"],
"generatedPredicateNumber_All_splitClauses_0":["10800000"],
"predicateGeneratorTime_Octagon_splitClauses_1":["10800000"],
"solvability_Mined_splitClauses_1":["1"],
"solvability_PredictedCDHG_splitClauses_0":["10800000"],
"solvingTime_Empty_splitClauses_0":["10800000"],
"averagePredicateSize_Octagon_splitClauses_1":["10800000"],
"predicateGeneratorTime_Term_splitClauses_1":["10800000"],
"solvingTime_Labeled_splitClauses_0":["10800000"],
"predicateGeneratorTime_Labeled_splitClauses_1":["10800000"],
"solvability_PredictedCG_splitClauses_1":["10800000"],
"averagePredicateSize_PredictedCDHG_splitClauses_1":["10800000"],
"predicateGeneratorTime_PredictedCG_splitClauses_0":["10800000"],
"generatedPredicateNumber_RelationalIneqs_splitClauses_0":["10800000"],
"averagePredicateSize_RelationalEqs_splitClauses_1":["10800000"],
"generatedPredicateNumber_Random_splitClauses_0":["10800000"],
"solvability_Labeled_splitClauses_0":["10800000"],
"solvingTime_Random_splitClauses_1":["10800000"],
"cegarIterationNumber_Unlabeled_splitClauses_1":["10800000"],
"averagePredicateSize_All_splitClauses_1":["10800000"],
"predicateGeneratorTime_All_splitClauses_1":["10800000"],
"predicateGeneratorTime_Unlabeled_splitClauses_1":["10800000"],
"cegarIterationNumber_PredictedCDHG_splitClauses_0":["10800000"],
"generatedPredicateNumber_RelationalIneqs_splitClauses_1":["10800000"],
"solvability_Random_splitClauses_1":["10800000"],
"solvingTime_Term_splitClauses_0":["10800000"],
"solvability_Octagon_splitClauses_1":["10800000"],
"solvability_RelationalEqs_splitClauses_1":["10800000"],
"cegarIterationNumber_RelationalIneqs_splitClauses_0":["10800000"],
"averagePredicateSize_Labeled_splitClauses_0":["10800000"],
"solvingTime_PredictedCDHG_splitClauses_0":["10800000"],
"solvingTime_RelationalIneqs_splitClauses_0":["10800000"],
"cegarIterationNumber_PredictedCG_splitClauses_0":["10800000"],
"predicateGeneratorTime_Octagon_splitClauses_0":["10800000"],
"cegarIterationNumber_Random_splitClauses_0":["10800000"],
"solvability_PredictedCDHG_splitClauses_1":["10800000"],
"solvability_PredictedCG_splitClauses_0":["10800000"],
"solvingTime_PredictedCG_splitClauses_1":["10800000"],
"generatedPredicateNumber_RelationalEqs_splitClauses_0":["10800000"],
"solvingTime_All_splitClauses_1":["10800000"],
"averagePredicateSize_Unlabeled_splitClauses_0":["10800000"],
"solvingTime_Unlabeled_splitClauses_1":["10800000"],
"predicateGeneratorTime_PredictedCDHG_splitClauses_1":["10800000"],
"averagePredicateSize_PredictedCDHG_splitClauses_0":["10800000"],
"generatedPredicateNumber_Empty_splitClauses_1":["10800000"],
"generatedPredicateNumber_Random_splitClauses_1":["10800000"],
"averagePredicateSize_Octagon_splitClauses_0":["10800000"],
"generatedPredicateNumber_PredictedCG_splitClauses_0":["10800000"],
"solvingTime_Octagon_splitClauses_1":["10800000"],
"cegarIterationNumber_Mined_splitClauses_1":["3"],
"averagePredicateSize_PredictedCG_splitClauses_0":["10800000"],
"solvingTime_Random_splitClauses_0":["10800000"],
"generatedPredicateNumber_PredictedCDHG_splitClauses_0":["10800000"],
"predicateGeneratorTime_Random_splitClauses_1":["10800000"],
"cegarIterationNumber_RelationalEqs_splitClauses_0":["10800000"],
"solvingTime_RelationalEqs_splitClauses_0":["10800000"],
"solvingTime_RelationalEqs_splitClauses_1":["10800000"],
"averagePredicateSize_Empty_splitClauses_0":["10800000"],
"predicateGeneratorTime_Mined_splitClauses_1":["130"],
"predicateGeneratorTime_Unlabeled_splitClauses_0":["10800000"],
"generatedPredicateNumber_Mined_splitClauses_0":["10800000"],
"generatedPredicateNumber_RelationalEqs_splitClauses_1":["10800000"],
"solvability_Empty_splitClauses_1":["10800000"],
"averagePredicateSize_Term_splitClauses_0":["10800000"],
"cegarIterationNumber_Random_splitClauses_1":["10800000"],
"averagePredicateSize_Labeled_splitClauses_1":["10800000"],
"generatedPredicateNumber_Unlabeled_splitClauses_1":["10800000"],
"predicateGeneratorTime_All_splitClauses_0":["10800000"],
"cegarIterationNumber_Octagon_splitClauses_1":["10800000"],
"predicateGeneratorTime_RelationalEqs_splitClauses_0":["10800000"],
"solvingTime_PredictedCDHG_splitClauses_1":["10800000"],
"solvingTime_All_splitClauses_0":["10800000"],
"cegarIterationNumber_All_splitClauses_0":["10800000"],
"cegarIterationNumber_PredictedCG_splitClauses_1":["10800000"],
"solvability_Term_splitClauses_1":["10800000"],
"solvability_Octagon_splitClauses_0":["10800000"],
"cegarIterationNumber_Labeled_splitClauses_0":["10800000"],
"generatedPredicateNumber_Term_splitClauses_1":["10800000"],
"solvingTime_Term_splitClauses_1":["10800000"],
"solvingTime_Octagon_splitClauses_0":["10800000"],
"averagePredicateSize_Term_splitClauses_1":["10800000"],
"solvability_Term_splitClauses_0":["10800000"],
"generatedPredicateNumber_Labeled_splitClauses_1":["10800000"],
"solvingTime_Mined_splitClauses_0":["10800000"],
"solvability_Unlabeled_splitClauses_0":["10800000"],
"solvingTime_Unlabeled_splitClauses_0":["10800000"],
"solvability_RelationalIneqs_splitClauses_0":["10800000"],
"cegarIterationNumber_RelationalEqs_splitClauses_1":["10800000"],
"solvingTime_Empty_splitClauses_1":["10800000"],
"generatedPredicateNumber_Term_splitClauses_0":["10800000"],
"averagePredicateSize_Empty_splitClauses_1":["10800000"],
"generatedPredicateNumber_PredictedCG_splitClauses_1":["10800000"],
"predicateGeneratorTime_Mined_splitClauses_0":["10800000"],
"predicateGeneratorTime_Labeled_splitClauses_0":["10800000"],
"generatedPredicateNumber_Labeled_splitClauses_0":["10800000"],
"solvingTime_Mined_splitClauses_1":["183"],
"predicateGeneratorTime_Random_splitClauses_0":["10800000"],
"cegarIterationNumber_Term_splitClauses_1":["10800000"],
"cegarIterationNumber_Empty_splitClauses_0":["10800000"],
"cegarIterationNumber_Empty_splitClauses_1":["10800000"],
"averagePredicateSize_RelationalIneqs_splitClauses_0":["10800000"],
"solvability_All_splitClauses_1":["10800000"],
"averagePredicateSize_Unlabeled_splitClauses_1":["10800000"],
"solvingTime_PredictedCG_splitClauses_0":["10800000"],
"cegarIterationNumber_All_splitClauses_1":["10800000"],
"predicateGeneratorTime_Empty_splitClauses_0":["10800000"],
"averagePredicateSize_All_splitClauses_0":["10800000"],
"averagePredicateSize_Mined_splitClauses_1":["1"],
"dummyFiled":[]
}