{
"smt2FileSizeByte_All_splitClauses_1":["69358"],
"generatedPredicateNumber_All_splitClauses_1":["10800000"],
"unlabeledTemplateRelationSymbolNumber_PredictedCDHG_splitClauses_0":["4"],
"relationSymbolNumberBeforeSimplification_Unlabeled_splitClauses_1":["126"],
"predicateGeneratorTime_Term_splitClauses_0":["10800000"],
"averagePredicateSize_Random_splitClauses_1":["1"],
"labeledBinaryVariableTemplatesNumber_Labeled_splitClauses_1":["4"],
"clauseNumberBeforeSimplification_All_splitClauses_1":["63"],
"minedTemplateRelationSymbolNumber_Term_splitClauses_0":["4"],
"solvingTime_Labeled_splitClauses_1":["161"],
"unlabeledTemplateNumber_Labeled_splitClauses_1":["150"],
"relationSymbolNumberAfterSimplification_All_splitClauses_1":["18"],
"minedTemplateRelationSymbolNumber_Octagon_splitClauses_1":["4"],
"clauseNumberAfterSimplification_Mined_splitClauses_1":["13"],
"relationSymbolNumberBeforeSimplification_Octagon_splitClauses_0":["126"],
"unlabeledBinaryVariableTemplatesNumber_Term_splitClauses_0":["90"],
"labeledTemplateNumber_PredictedCDHG_splitClauses_0":["4"],
"solvability_Empty_splitClauses_0":["10800000"],
"unlabeledTemplateRelationSymbolNumber_Random_splitClauses_1":["4"],
"labeledBinaryVariableTemplatesNumber_Octagon_splitClauses_0":["4"],
"relationSymbolNumberBeforeSimplification_Random_splitClauses_1":["126"],
"minedTemplateRelationSymbolNumber_Random_splitClauses_1":["4"],
"unlabeledSingleVariableTemplatesNumber_Mined_splitClauses_0":["60"],
"unlabeledBinaryVariableTemplatesNumber_PredictedCG_splitClauses_1":["90"],
"solvability_All_splitClauses_0":["10800000"],
"predicateGeneratorTime_RelationalEqs_splitClauses_1":["120"],
"relationSymbolNumberBeforeSimplification_PredictedCDHG_splitClauses_1":["126"],
"smt2FileSizeByte_PredictedCG_splitClauses_1":["69358"],
"labeledSingleVariableTemplatesNumber_Unlabeled_splitClauses_1":["0"],
"labeledBinaryVariableTemplatesNumber_PredictedCG_splitClauses_1":["4"],
"minedBinaryVariableTemplatesNumber_PredictedCG_splitClauses_0":["4"],
"solvability_Random_splitClauses_0":["10800000"],
"relationSymbolNumberAfterSimplification_PredictedCG_splitClauses_1":["18"],
"clauseNumberBeforeSimplification_PredictedCDHG_splitClauses_1":["63"],
"labeledSingleVariableTemplatesNumber_Mined_splitClauses_0":["0"],
"solvability_Unlabeled_splitClauses_1":["1"],
"cegarIterationNumber_Labeled_splitClauses_1":["2"],
"smt2FileSizeByte_Mined_splitClauses_0":["69358"],
"relationSymbolNumberAfterSimplification_Mined_splitClauses_0":["18"],
"labeledSingleVariableTemplatesNumber_PredictedCG_splitClauses_1":["0"],
"smt2FileSizeByte_Octagon_splitClauses_1":["69358"],
"minedTemplateNumber_Labeled_splitClauses_1":["26"],
"labeledSingleVariableTemplatesNumber_RelationalIneqs_splitClauses_1":["0"],
"clauseNumberAfterSimplification_Labeled_splitClauses_1":["13"],
"relationSymbolNumberAfterSimplification_Labeled_splitClauses_0":["18"],
"smt2FileSizeByte_Random_splitClauses_0":["69358"],
"relationSymbolNumberAfterSimplification_PredictedCDHG_splitClauses_0":["18"],
"unlabeledTemplateRelationSymbolNumber_PredictedCDHG_splitClauses_1":["4"],
"labeledSingleVariableTemplatesNumber_Term_splitClauses_0":["0"],
"generatedPredicateNumber_PredictedCDHG_splitClauses_1":["10800000"],
"minedSingleVariableTemplatesNumber_Unlabeled_splitClauses_0":["22"],
"generatedPredicateNumber_Octagon_splitClauses_1":["3"],
"labeledSingleVariableTemplatesNumber_RelationalEqs_splitClauses_0":["0"],
"predicateGeneratorTime_PredictedCG_splitClauses_1":["10800000"],
"relationSymbolNumberAfterSimplification_Octagon_splitClauses_0":["18"],
"labeledTemplateNumber_Labeled_splitClauses_1":["4"],
"labeledSingleVariableTemplatesNumber_Empty_splitClauses_0":["0"],
"minedTemplateRelationSymbolNumber_RelationalIneqs_splitClauses_1":["4"],
"unlabeledSingleVariableTemplatesNumber_All_splitClauses_1":["60"],
"labeledBinaryVariableTemplatesNumber_PredictedCDHG_splitClauses_1":["4"],
"unlabeledSingleVariableTemplatesNumber_RelationalEqs_splitClauses_1":["60"],
"cegarIterationNumber_Term_splitClauses_0":["10800000"],
"unlabeledBinaryVariableTemplatesNumber_Labeled_splitClauses_1":["90"],
"unlabeledSingleVariableTemplatesNumber_Term_splitClauses_1":["60"],
"clauseNumberAfterSimplification_All_splitClauses_1":["13"],
"minedSingleVariableTemplatesNumber_Random_splitClauses_0":["22"],
"solvability_RelationalIneqs_splitClauses_1":["1"],
"minedTemplateNumber_Labeled_splitClauses_0":["26"],
"minedSingleVariableTemplatesNumber_Octagon_splitClauses_0":["22"],
"minedSingleVariableTemplatesNumber_Term_splitClauses_1":["22"],
"minedBinaryVariableTemplatesNumber_PredictedCDHG_splitClauses_1":["4"],
"generatedPredicateNumber_Mined_splitClauses_1":["3"],
"labeledSingleVariableTemplatesNumber_RelationalIneqs_splitClauses_0":["0"],
"averagePredicateSize_Mined_splitClauses_0":["10800000"],
"cegarIterationNumber_Unlabeled_splitClauses_0":["10800000"],
"minedBinaryVariableTemplatesNumber_Random_splitClauses_0":["4"],
"labeledTemplateNumber_Mined_splitClauses_1":["4"],
"labeledBinaryVariableTemplatesNumber_Random_splitClauses_0":["4"],
"unlabeledTemplateRelationSymbolNumber_Unlabeled_splitClauses_1":["4"],
"cegarIterationNumber_Mined_splitClauses_0":["10800000"],
"minedTemplateRelationSymbolNumber_Labeled_splitClauses_0":["4"],
"unlabeledBinaryVariableTemplatesNumber_RelationalIneqs_splitClauses_1":["90"],
"unlabeledBinaryVariableTemplatesNumber_Octagon_splitClauses_0":["90"],
"solvability_Mined_splitClauses_0":["10800000"],
"averagePredicateSize_RelationalEqs_splitClauses_0":["10800000"],
"clauseNumberAfterSimplification_Term_splitClauses_0":["13"],
"unlabeledTemplateNumber_Mined_splitClauses_0":["150"],
"relationSymbolNumberAfterSimplification_Random_splitClauses_1":["18"],
"unlabeledTemplateNumber_PredictedCDHG_splitClauses_0":["150"],
"cegarIterationNumber_RelationalIneqs_splitClauses_1":["2"],
"minedBinaryVariableTemplatesNumber_Unlabeled_splitClauses_1":["4"],
"labeledTemplateNumber_PredictedCG_splitClauses_1":["4"],
"labeledTemplateRelationSymbolNumber_Mined_splitClauses_0":["2"],
"labeledBinaryVariableTemplatesNumber_Mined_splitClauses_1":["4"],
"relationSymbolNumberBeforeSimplification_Mined_splitClauses_0":["126"],
"relationSymbolNumberBeforeSimplification_RelationalIneqs_splitClauses_0":["126"],
"clauseNumberAfterSimplification_RelationalIneqs_splitClauses_1":["13"],
"minedSingleVariableTemplatesNumber_PredictedCDHG_splitClauses_0":["22"],
"solvability_Labeled_splitClauses_1":["1"],
"labeledSingleVariableTemplatesNumber_Octagon_splitClauses_1":["0"],
"averagePredicateSize_Random_splitClauses_0":["10800000"],
"smt2FileSizeByte_RelationalIneqs_splitClauses_0":["69358"],
"generatedPredicateNumber_Unlabeled_splitClauses_0":["10800000"],
"solvability_RelationalEqs_splitClauses_0":["10800000"],
"predicateGeneratorTime_Empty_splitClauses_1":["120"],
"minedSingleVariableTemplatesNumber_Mined_splitClauses_0":["22"],
"relationSymbolNumberAfterSimplification_Unlabeled_splitClauses_0":["18"],
"minedTemplateRelationSymbolNumber_PredictedCDHG_splitClauses_1":["4"],
"minedTemplateNumber_PredictedCG_splitClauses_0":["26"],
"averagePredicateSize_RelationalIneqs_splitClauses_1":["1"],
"labeledTemplateRelationSymbolNumber_Random_splitClauses_1":["2"],
"minedTemplateNumber_RelationalIneqs_splitClauses_0":["26"],
"predicateGeneratorTime_RelationalIneqs_splitClauses_0":["10800000"],
"labeledTemplateRelationSymbolNumber_Empty_splitClauses_0":["2"],
"minedBinaryVariableTemplatesNumber_Octagon_splitClauses_0":["4"],
"labeledSingleVariableTemplatesNumber_Term_splitClauses_1":["0"],
"labeledBinaryVariableTemplatesNumber_Empty_splitClauses_0":["4"],
"minedTemplateNumber_Octagon_splitClauses_0":["26"],
"labeledBinaryVariableTemplatesNumber_Unlabeled_splitClauses_0":["4"],
"relationSymbolNumberBeforeSimplification_Empty_splitClauses_0":["126"],
"clauseNumberAfterSimplification_PredictedCDHG_splitClauses_0":["13"],
"smt2FileSizeByte_PredictedCG_splitClauses_0":["69358"],
"minedBinaryVariableTemplatesNumber_RelationalEqs_splitClauses_0":["4"],
"relationSymbolNumberBeforeSimplification_Unlabeled_splitClauses_0":["126"],
"labeledTemplateRelationSymbolNumber_RelationalEqs_splitClauses_1":["2"],
"minedBinaryVariableTemplatesNumber_Random_splitClauses_1":["4"],
"clauseNumberAfterSimplification_Unlabeled_splitClauses_1":["13"],
"minedSingleVariableTemplatesNumber_PredictedCDHG_splitClauses_1":["22"],
"labeledBinaryVariableTemplatesNumber_Term_splitClauses_1":["4"],
"clauseNumberBeforeSimplification_Empty_splitClauses_1":["63"],
"relationSymbolNumberAfterSimplification_Octagon_splitClauses_1":["18"],
"relationSymbolNumberAfterSimplification_Term_splitClauses_0":["18"],
"minedBinaryVariableTemplatesNumber_Mined_splitClauses_1":["4"],
"unlabeledBinaryVariableTemplatesNumber_Unlabeled_splitClauses_1":["90"],
"relationSymbolNumberBeforeSimplification_Random_splitClauses_0":["126"],
"relationSymbolNumberAfterSimplification_PredictedCDHG_splitClauses_1":["18"],
"unlabeledTemplateNumber_PredictedCG_splitClauses_1":["150"],
"generatedPredicateNumber_Empty_splitClauses_0":["10800000"],
"predicateGeneratorTime_RelationalIneqs_splitClauses_1":["121"],
"unlabeledSingleVariableTemplatesNumber_Empty_splitClauses_0":["60"],
"cegarIterationNumber_Octagon_splitClauses_0":["10800000"],
"clauseNumberAfterSimplification_Octagon_splitClauses_1":["13"],
"unlabeledSingleVariableTemplatesNumber_Labeled_splitClauses_1":["60"],
"clauseNumberBeforeSimplification_Random_splitClauses_1":["63"],
"minedTemplateRelationSymbolNumber_All_splitClauses_0":["4"],
"unlabeledTemplateRelationSymbolNumber_RelationalEqs_splitClauses_0":["4"],
"minedSingleVariableTemplatesNumber_Unlabeled_splitClauses_1":["22"],
"clauseNumberBeforeSimplification_RelationalEqs_splitClauses_0":["63"],
"minedTemplateNumber_Unlabeled_splitClauses_0":["26"],
"generatedPredicateNumber_Octagon_splitClauses_0":["10800000"],
"predicateGeneratorTime_PredictedCDHG_splitClauses_0":["10800000"],
"clauseNumberAfterSimplification_PredictedCG_splitClauses_1":["13"],
"labeledSingleVariableTemplatesNumber_RelationalEqs_splitClauses_1":["0"],
"smt2FileSizeByte_Random_splitClauses_1":["69358"],
"averagePredicateSize_PredictedCG_splitClauses_1":["10800000"],
"cegarIterationNumber_PredictedCDHG_splitClauses_1":["10800000"],
"clauseNumberAfterSimplification_RelationalEqs_splitClauses_1":["13"],
"minedBinaryVariableTemplatesNumber_Empty_splitClauses_1":["4"],
"relationSymbolNumberAfterSimplification_RelationalEqs_splitClauses_1":["18"],
"minedTemplateNumber_PredictedCDHG_splitClauses_0":["26"],
"labeledBinaryVariableTemplatesNumber_All_splitClauses_1":["4"],
"solvingTime_RelationalIneqs_splitClauses_1":["167"],
"unlabeledTemplateRelationSymbolNumber_RelationalEqs_splitClauses_1":["4"],
"smt2FileSizeByte_Unlabeled_splitClauses_0":["69358"],
"relationSymbolNumberBeforeSimplification_Mined_splitClauses_1":["126"],
"relationSymbolNumberAfterSimplification_Mined_splitClauses_1":["18"],
"generatedPredicateNumber_All_splitClauses_0":["10800000"],
"relationSymbolNumberBeforeSimplification_Octagon_splitClauses_1":["126"],
"predicateGeneratorTime_Octagon_splitClauses_1":["126"],
"solvability_Mined_splitClauses_1":["1"],
"minedTemplateRelationSymbolNumber_Term_splitClauses_1":["4"],
"clauseNumberAfterSimplification_Mined_splitClauses_0":["13"],
"solvability_PredictedCDHG_splitClauses_0":["10800000"],
"solvingTime_Empty_splitClauses_0":["10800000"],
"unlabeledSingleVariableTemplatesNumber_Unlabeled_splitClauses_1":["60"],
"minedTemplateNumber_Term_splitClauses_1":["26"],
"averagePredicateSize_Octagon_splitClauses_1":["1"],
"unlabeledSingleVariableTemplatesNumber_Octagon_splitClauses_1":["60"],
"minedTemplateRelationSymbolNumber_RelationalEqs_splitClauses_1":["4"],
"relationSymbolNumberBeforeSimplification_All_splitClauses_1":["126"],
"minedBinaryVariableTemplatesNumber_RelationalIneqs_splitClauses_0":["4"],
"predicateGeneratorTime_Term_splitClauses_1":["123"],
"solvingTime_Labeled_splitClauses_0":["10800000"],
"unlabeledBinaryVariableTemplatesNumber_PredictedCG_splitClauses_0":["90"],
"minedTemplateNumber_All_splitClauses_0":["26"],
"predicateGeneratorTime_Labeled_splitClauses_1":["116"],
"unlabeledTemplateRelationSymbolNumber_Empty_splitClauses_0":["4"],
"unlabeledTemplateNumber_Mined_splitClauses_1":["150"],
"solvability_PredictedCG_splitClauses_1":["10800000"],
"unlabeledTemplateNumber_Term_splitClauses_0":["150"],
"minedBinaryVariableTemplatesNumber_PredictedCG_splitClauses_1":["4"],
"labeledSingleVariableTemplatesNumber_PredictedCDHG_splitClauses_0":["0"],
"minedBinaryVariableTemplatesNumber_All_splitClauses_0":["4"],
"averagePredicateSize_PredictedCDHG_splitClauses_1":["10800000"],
"predicateGeneratorTime_PredictedCG_splitClauses_0":["10800000"],
"generatedPredicateNumber_RelationalIneqs_splitClauses_0":["10800000"],
"labeledTemplateNumber_Empty_splitClauses_0":["4"],
"relationSymbolNumberAfterSimplification_RelationalIneqs_splitClauses_1":["18"],
"unlabeledTemplateRelationSymbolNumber_Term_splitClauses_0":["4"],
"minedTemplateNumber_All_splitClauses_1":["26"],
"labeledSingleVariableTemplatesNumber_Empty_splitClauses_1":["0"],
"minedBinaryVariableTemplatesNumber_Unlabeled_splitClauses_0":["4"],
"labeledTemplateNumber_Random_splitClauses_0":["4"],
"minedBinaryVariableTemplatesNumber_All_splitClauses_1":["4"],
"unlabeledSingleVariableTemplatesNumber_All_splitClauses_0":["60"],
"relationSymbolNumberBeforeSimplification_Labeled_splitClauses_1":["126"],
"smt2FileSizeByte_PredictedCDHG_splitClauses_1":["69358"],
"labeledBinaryVariableTemplatesNumber_PredictedCDHG_splitClauses_0":["4"],
"averagePredicateSize_RelationalEqs_splitClauses_1":["1"],
"minedSingleVariableTemplatesNumber_Term_splitClauses_0":["22"],
"labeledTemplateRelationSymbolNumber_Term_splitClauses_1":["2"],
"generatedPredicateNumber_Random_splitClauses_0":["10800000"],
"labeledBinaryVariableTemplatesNumber_Empty_splitClauses_1":["4"],
"relationSymbolNumberAfterSimplification_Term_splitClauses_1":["18"],
"clauseNumberAfterSimplification_Labeled_splitClauses_0":["13"],
"labeledSingleVariableTemplatesNumber_Labeled_splitClauses_0":["0"],
"minedTemplateNumber_Mined_splitClauses_1":["26"],
"labeledTemplateRelationSymbolNumber_Labeled_splitClauses_0":["2"],
"unlabeledTemplateRelationSymbolNumber_Mined_splitClauses_1":["4"],
"solvability_Labeled_splitClauses_0":["10800000"],
"minedTemplateNumber_RelationalEqs_splitClauses_1":["26"],
"solvingTime_Random_splitClauses_1":["153"],
"minedTemplateNumber_Random_splitClauses_0":["26"],
"cegarIterationNumber_Unlabeled_splitClauses_1":["2"],
"minedTemplateNumber_RelationalIneqs_splitClauses_1":["26"],
"unlabeledBinaryVariableTemplatesNumber_Octagon_splitClauses_1":["90"],
"minedSingleVariableTemplatesNumber_Octagon_splitClauses_1":["22"],
"minedSingleVariableTemplatesNumber_Random_splitClauses_1":["22"],
"averagePredicateSize_All_splitClauses_1":["10800000"],
"minedTemplateNumber_Empty_splitClauses_0":["26"],
"labeledTemplateNumber_Mined_splitClauses_0":["4"],
"unlabeledBinaryVariableTemplatesNumber_All_splitClauses_0":["90"],
"relationSymbolNumberAfterSimplification_Labeled_splitClauses_1":["18"],
"labeledSingleVariableTemplatesNumber_PredictedCDHG_splitClauses_1":["0"],
"minedSingleVariableTemplatesNumber_Mined_splitClauses_1":["22"],
"labeledTemplateRelationSymbolNumber_Term_splitClauses_0":["2"],
"unlabeledTemplateRelationSymbolNumber_Term_splitClauses_1":["4"],
"predicateGeneratorTime_All_splitClauses_1":["10800000"],
"unlabeledSingleVariableTemplatesNumber_Random_splitClauses_0":["60"],
"predicateGeneratorTime_Unlabeled_splitClauses_1":["120"],
"cegarIterationNumber_PredictedCDHG_splitClauses_0":["10800000"],
"labeledTemplateNumber_RelationalEqs_splitClauses_0":["4"],
"labeledTemplateRelationSymbolNumber_Mined_splitClauses_1":["2"],
"labeledTemplateRelationSymbolNumber_Random_splitClauses_0":["2"],
"labeledBinaryVariableTemplatesNumber_RelationalEqs_splitClauses_1":["4"],
"generatedPredicateNumber_RelationalIneqs_splitClauses_1":["3"],
"unlabeledTemplateRelationSymbolNumber_PredictedCG_splitClauses_1":["4"],
"unlabeledSingleVariableTemplatesNumber_RelationalEqs_splitClauses_0":["60"],
"labeledBinaryVariableTemplatesNumber_Labeled_splitClauses_0":["4"],
"minedBinaryVariableTemplatesNumber_PredictedCDHG_splitClauses_0":["4"],
"unlabeledTemplateRelationSymbolNumber_Unlabeled_splitClauses_0":["4"],
"clauseNumberAfterSimplification_Term_splitClauses_1":["13"],
"unlabeledTemplateNumber_Octagon_splitClauses_0":["150"],
"unlabeledBinaryVariableTemplatesNumber_RelationalEqs_splitClauses_1":["90"],
"unlabeledTemplateNumber_PredictedCG_splitClauses_0":["150"],
"unlabeledTemplateNumber_All_splitClauses_0":["150"],
"labeledTemplateRelationSymbolNumber_RelationalIneqs_splitClauses_1":["2"],
"unlabeledSingleVariableTemplatesNumber_Mined_splitClauses_1":["60"],
"labeledTemplateRelationSymbolNumber_Unlabeled_splitClauses_1":["2"],
"labeledBinaryVariableTemplatesNumber_Random_splitClauses_1":["4"],
"solvability_Random_splitClauses_1":["1"],
"solvingTime_Term_splitClauses_0":["10800000"],
"minedSingleVariableTemplatesNumber_Labeled_splitClauses_1":["22"],
"clauseNumberBeforeSimplification_Term_splitClauses_0":["63"],
"relationSymbolNumberBeforeSimplification_RelationalIneqs_splitClauses_1":["126"],
"minedTemplateRelationSymbolNumber_Mined_splitClauses_0":["4"],
"solvability_Octagon_splitClauses_1":["1"],
"minedSingleVariableTemplatesNumber_RelationalIneqs_splitClauses_1":["22"],
"smt2FileSizeByte_Labeled_splitClauses_0":["69358"],
"solvability_RelationalEqs_splitClauses_1":["1"],
"unlabeledSingleVariableTemplatesNumber_Empty_splitClauses_1":["60"],
"labeledTemplateNumber_PredictedCDHG_splitClauses_1":["4"],
"minedTemplateRelationSymbolNumber_Octagon_splitClauses_0":["4"],
"clauseNumberAfterSimplification_Unlabeled_splitClauses_0":["13"],
"clauseNumberBeforeSimplification_Unlabeled_splitClauses_0":["63"],
"clauseNumberBeforeSimplification_PredictedCDHG_splitClauses_0":["63"],
"cegarIterationNumber_RelationalIneqs_splitClauses_0":["10800000"],
"labeledTemplateRelationSymbolNumber_RelationalEqs_splitClauses_0":["2"],
"averagePredicateSize_Labeled_splitClauses_0":["10800000"],
"smt2FileSizeByte_RelationalIneqs_splitClauses_1":["69358"],
"clauseNumberBeforeSimplification_RelationalEqs_splitClauses_1":["63"],
"unlabeledTemplateRelationSymbolNumber_RelationalIneqs_splitClauses_1":["4"],
"clauseNumberBeforeSimplification_PredictedCG_splitClauses_0":["63"],
"solvingTime_PredictedCDHG_splitClauses_0":["10800000"],
"labeledTemplateRelationSymbolNumber_Octagon_splitClauses_1":["2"],
"minedTemplateRelationSymbolNumber_PredictedCG_splitClauses_1":["4"],
"relationSymbolNumberBeforeSimplification_RelationalEqs_splitClauses_1":["126"],
"labeledTemplateNumber_Random_splitClauses_1":["4"],
"solvingTime_RelationalIneqs_splitClauses_0":["10800000"],
"labeledTemplateNumber_All_splitClauses_1":["4"],
"unlabeledTemplateNumber_Random_splitClauses_1":["150"],
"relationSymbolNumberBeforeSimplification_All_splitClauses_0":["126"],
"smt2FileSizeByte_Unlabeled_splitClauses_1":["69358"],
"cegarIterationNumber_PredictedCG_splitClauses_0":["10800000"],
"predicateGeneratorTime_Octagon_splitClauses_0":["10800000"],
"unlabeledTemplateNumber_RelationalEqs_splitClauses_1":["150"],
"clauseNumberAfterSimplification_Octagon_splitClauses_0":["13"],
"cegarIterationNumber_Random_splitClauses_0":["10800000"],
"solvability_PredictedCDHG_splitClauses_1":["10800000"],
"solvability_PredictedCG_splitClauses_0":["10800000"],
"solvingTime_PredictedCG_splitClauses_1":["10800000"],
"unlabeledSingleVariableTemplatesNumber_Unlabeled_splitClauses_0":["60"],
"unlabeledTemplateNumber_Unlabeled_splitClauses_0":["150"],
"labeledTemplateRelationSymbolNumber_RelationalIneqs_splitClauses_0":["2"],
"minedTemplateNumber_Random_splitClauses_1":["26"],
"generatedPredicateNumber_RelationalEqs_splitClauses_0":["10800000"],
"minedTemplateNumber_Term_splitClauses_0":["26"],
"solvingTime_All_splitClauses_1":["10800000"],
"minedSingleVariableTemplatesNumber_PredictedCG_splitClauses_0":["22"],
"smt2FileSizeByte_Term_splitClauses_1":["69358"],
"labeledBinaryVariableTemplatesNumber_All_splitClauses_0":["4"],
"minedTemplateNumber_PredictedCDHG_splitClauses_1":["26"],
"minedTemplateRelationSymbolNumber_PredictedCDHG_splitClauses_0":["4"],
"averagePredicateSize_Unlabeled_splitClauses_0":["10800000"],
"minedBinaryVariableTemplatesNumber_Octagon_splitClauses_1":["4"],
"unlabeledSingleVariableTemplatesNumber_Random_splitClauses_1":["60"],
"clauseNumberBeforeSimplification_Random_splitClauses_0":["63"],
"solvingTime_Unlabeled_splitClauses_1":["164"],
"predicateGeneratorTime_PredictedCDHG_splitClauses_1":["10800000"],
"averagePredicateSize_PredictedCDHG_splitClauses_0":["10800000"],
"relationSymbolNumberAfterSimplification_RelationalEqs_splitClauses_0":["18"],
"minedBinaryVariableTemplatesNumber_Term_splitClauses_0":["4"],
"labeledTemplateNumber_RelationalIneqs_splitClauses_0":["4"],
"clauseNumberAfterSimplification_Random_splitClauses_0":["13"],
"clauseNumberAfterSimplification_PredictedCG_splitClauses_0":["13"],
"generatedPredicateNumber_Empty_splitClauses_1":["3"],
"clauseNumberBeforeSimplification_Octagon_splitClauses_0":["63"],
"unlabeledTemplateNumber_Empty_splitClauses_0":["150"],
"minedSingleVariableTemplatesNumber_All_splitClauses_0":["22"],
"labeledTemplateRelationSymbolNumber_Octagon_splitClauses_0":["2"],
"generatedPredicateNumber_Random_splitClauses_1":["3"],
"clauseNumberAfterSimplification_RelationalEqs_splitClauses_0":["13"],
"labeledBinaryVariableTemplatesNumber_Term_splitClauses_0":["4"],
"minedSingleVariableTemplatesNumber_RelationalEqs_splitClauses_0":["22"],
"minedTemplateNumber_Mined_splitClauses_0":["26"],
"relationSymbolNumberBeforeSimplification_PredictedCG_splitClauses_0":["126"],
"averagePredicateSize_Octagon_splitClauses_0":["10800000"],
"unlabeledBinaryVariableTemplatesNumber_Empty_splitClauses_1":["90"],
"unlabeledSingleVariableTemplatesNumber_PredictedCDHG_splitClauses_0":["60"],
"unlabeledSingleVariableTemplatesNumber_PredictedCG_splitClauses_1":["60"],
"labeledTemplateRelationSymbolNumber_Labeled_splitClauses_1":["2"],
"minedTemplateRelationSymbolNumber_Random_splitClauses_0":["4"],
"unlabeledTemplateRelationSymbolNumber_PredictedCG_splitClauses_0":["4"],
"unlabeledTemplateNumber_RelationalIneqs_splitClauses_0":["150"],
"unlabeledSingleVariableTemplatesNumber_Labeled_splitClauses_0":["60"],
"relationSymbolNumberAfterSimplification_PredictedCG_splitClauses_0":["18"],
"minedTemplateNumber_Unlabeled_splitClauses_1":["26"],
"generatedPredicateNumber_PredictedCG_splitClauses_0":["10800000"],
"labeledTemplateNumber_Unlabeled_splitClauses_1":["4"],
"unlabeledTemplateRelationSymbolNumber_Empty_splitClauses_1":["4"],
"clauseNumberBeforeSimplification_Empty_splitClauses_0":["63"],
"solvingTime_Octagon_splitClauses_1":["186"],
"cegarIterationNumber_Mined_splitClauses_1":["2"],
"clauseNumberBeforeSimplification_Mined_splitClauses_1":["63"],
"smt2FileSizeByte_PredictedCDHG_splitClauses_0":["69358"],
"averagePredicateSize_PredictedCG_splitClauses_0":["10800000"],
"solvingTime_Random_splitClauses_0":["10800000"],
"minedTemplateNumber_RelationalEqs_splitClauses_0":["26"],
"unlabeledSingleVariableTemplatesNumber_RelationalIneqs_splitClauses_0":["60"],
"unlabeledTemplateNumber_Unlabeled_splitClauses_1":["150"],
"labeledBinaryVariableTemplatesNumber_RelationalEqs_splitClauses_0":["4"],
"generatedPredicateNumber_PredictedCDHG_splitClauses_0":["10800000"],
"relationSymbolNumberAfterSimplification_RelationalIneqs_splitClauses_0":["18"],
"minedTemplateRelationSymbolNumber_Empty_splitClauses_1":["4"],
"predicateGeneratorTime_Random_splitClauses_1":["111"],
"labeledTemplateNumber_Term_splitClauses_1":["4"],
"relationSymbolNumberBeforeSimplification_RelationalEqs_splitClauses_0":["126"],
"minedSingleVariableTemplatesNumber_Empty_splitClauses_1":["22"],
"minedSingleVariableTemplatesNumber_RelationalIneqs_splitClauses_0":["22"],
"clauseNumberAfterSimplification_All_splitClauses_0":["13"],
"unlabeledBinaryVariableTemplatesNumber_RelationalEqs_splitClauses_0":["90"],
"cegarIterationNumber_RelationalEqs_splitClauses_0":["10800000"],
"labeledTemplateRelationSymbolNumber_PredictedCDHG_splitClauses_0":["2"],
"labeledSingleVariableTemplatesNumber_Labeled_splitClauses_1":["0"],
"unlabeledBinaryVariableTemplatesNumber_All_splitClauses_1":["90"],
"minedTemplateRelationSymbolNumber_Unlabeled_splitClauses_1":["4"],
"solvingTime_RelationalEqs_splitClauses_0":["10800000"],
"solvingTime_RelationalEqs_splitClauses_1":["172"],
"minedBinaryVariableTemplatesNumber_Mined_splitClauses_0":["4"],
"clauseNumberBeforeSimplification_All_splitClauses_0":["63"],
"clauseNumberBeforeSimplification_RelationalIneqs_splitClauses_1":["63"],
"labeledTemplateNumber_RelationalEqs_splitClauses_1":["4"],
"labeledBinaryVariableTemplatesNumber_RelationalIneqs_splitClauses_0":["4"],
"relationSymbolNumberBeforeSimplification_Labeled_splitClauses_0":["126"],
"clauseNumberAfterSimplification_Empty_splitClauses_0":["13"],
"averagePredicateSize_Empty_splitClauses_0":["10800000"],
"unlabeledTemplateNumber_Term_splitClauses_1":["150"],
"predicateGeneratorTime_Mined_splitClauses_1":["129"],
"labeledBinaryVariableTemplatesNumber_RelationalIneqs_splitClauses_1":["4"],
"predicateGeneratorTime_Unlabeled_splitClauses_0":["10800000"],
"relationSymbolNumberAfterSimplification_Empty_splitClauses_0":["18"],
"generatedPredicateNumber_Mined_splitClauses_0":["10800000"],
"generatedPredicateNumber_RelationalEqs_splitClauses_1":["3"],
"labeledTemplateRelationSymbolNumber_PredictedCG_splitClauses_0":["2"],
"minedSingleVariableTemplatesNumber_PredictedCG_splitClauses_1":["22"],
"minedTemplateRelationSymbolNumber_PredictedCG_splitClauses_0":["4"],
"unlabeledTemplateRelationSymbolNumber_Labeled_splitClauses_0":["4"],
"solvability_Empty_splitClauses_1":["1"],
"averagePredicateSize_Term_splitClauses_0":["10800000"],
"cegarIterationNumber_Random_splitClauses_1":["2"],
"averagePredicateSize_Labeled_splitClauses_1":["1"],
"unlabeledBinaryVariableTemplatesNumber_Unlabeled_splitClauses_0":["90"],
"generatedPredicateNumber_Unlabeled_splitClauses_1":["3"],
"predicateGeneratorTime_All_splitClauses_0":["10800000"],
"unlabeledBinaryVariableTemplatesNumber_PredictedCDHG_splitClauses_1":["90"],
"clauseNumberBeforeSimplification_Labeled_splitClauses_1":["63"],
"minedBinaryVariableTemplatesNumber_Labeled_splitClauses_1":["4"],
"labeledSingleVariableTemplatesNumber_All_splitClauses_0":["0"],
"unlabeledTemplateRelationSymbolNumber_Mined_splitClauses_0":["4"],
"cegarIterationNumber_Octagon_splitClauses_1":["2"],
"labeledTemplateNumber_Octagon_splitClauses_0":["4"],
"labeledTemplateRelationSymbolNumber_All_splitClauses_1":["2"],
"smt2FileSizeByte_Empty_splitClauses_0":["69358"],
"unlabeledTemplateNumber_Octagon_splitClauses_1":["150"],
"predicateGeneratorTime_RelationalEqs_splitClauses_0":["10800000"],
"unlabeledTemplateRelationSymbolNumber_RelationalIneqs_splitClauses_0":["4"],
"smt2FileSizeByte_RelationalEqs_splitClauses_1":["69358"],
"unlabeledTemplateNumber_Labeled_splitClauses_0":["150"],
"minedSingleVariableTemplatesNumber_Labeled_splitClauses_0":["22"],
"solvingTime_PredictedCDHG_splitClauses_1":["10800000"],
"relationSymbolNumberBeforeSimplification_Term_splitClauses_1":["126"],
"minedTemplateNumber_Octagon_splitClauses_1":["26"],
"clauseNumberBeforeSimplification_Mined_splitClauses_0":["63"],
"smt2FileSizeByte_All_splitClauses_0":["69358"],
"solvingTime_All_splitClauses_0":["10800000"],
"minedBinaryVariableTemplatesNumber_Term_splitClauses_1":["4"],
"unlabeledTemplateRelationSymbolNumber_Random_splitClauses_0":["4"],
"cegarIterationNumber_All_splitClauses_0":["10800000"],
"smt2FileSizeByte_RelationalEqs_splitClauses_0":["69358"],
"unlabeledSingleVariableTemplatesNumber_PredictedCDHG_splitClauses_1":["60"],
"clauseNumberBeforeSimplification_Labeled_splitClauses_0":["63"],
"cegarIterationNumber_PredictedCG_splitClauses_1":["10800000"],
"labeledTemplateRelationSymbolNumber_Unlabeled_splitClauses_0":["2"],
"unlabeledTemplateRelationSymbolNumber_Octagon_splitClauses_1":["4"],
"unlabeledTemplateNumber_Empty_splitClauses_1":["150"],
"clauseNumberBeforeSimplification_Octagon_splitClauses_1":["63"],
"labeledTemplateNumber_Unlabeled_splitClauses_0":["4"],
"labeledBinaryVariableTemplatesNumber_PredictedCG_splitClauses_0":["4"],
"solvability_Term_splitClauses_1":["1"],
"solvability_Octagon_splitClauses_0":["10800000"],
"minedTemplateRelationSymbolNumber_RelationalIneqs_splitClauses_0":["4"],
"clauseNumberBeforeSimplification_RelationalIneqs_splitClauses_0":["63"],
"labeledTemplateNumber_PredictedCG_splitClauses_0":["4"],
"cegarIterationNumber_Labeled_splitClauses_0":["10800000"],
"smt2FileSizeByte_Labeled_splitClauses_1":["69358"],
"clauseNumberBeforeSimplification_Unlabeled_splitClauses_1":["63"],
"generatedPredicateNumber_Term_splitClauses_1":["3"],
"solvingTime_Term_splitClauses_1":["168"],
"unlabeledBinaryVariableTemplatesNumber_Random_splitClauses_1":["90"],
"unlabeledSingleVariableTemplatesNumber_Octagon_splitClauses_0":["60"],
"solvingTime_Octagon_splitClauses_0":["10800000"],
"labeledSingleVariableTemplatesNumber_Mined_splitClauses_1":["0"],
"averagePredicateSize_Term_splitClauses_1":["1"],
"labeledTemplateNumber_Labeled_splitClauses_0":["4"],
"unlabeledSingleVariableTemplatesNumber_PredictedCG_splitClauses_0":["60"],
"smt2FileSizeByte_Mined_splitClauses_1":["69358"],
"labeledBinaryVariableTemplatesNumber_Unlabeled_splitClauses_1":["4"],
"labeledTemplateNumber_All_splitClauses_0":["4"],
"unlabeledTemplateNumber_Random_splitClauses_0":["150"],
"labeledTemplateNumber_Octagon_splitClauses_1":["4"],
"unlabeledTemplateNumber_PredictedCDHG_splitClauses_1":["150"],
"unlabeledBinaryVariableTemplatesNumber_Mined_splitClauses_0":["90"],
"minedTemplateRelationSymbolNumber_Mined_splitClauses_1":["4"],
"labeledTemplateNumber_RelationalIneqs_splitClauses_1":["4"],
"relationSymbolNumberAfterSimplification_All_splitClauses_0":["18"],
"relationSymbolNumberBeforeSimplification_PredictedCDHG_splitClauses_0":["126"],
"solvability_Term_splitClauses_0":["10800000"],
"clauseNumberBeforeSimplification_PredictedCG_splitClauses_1":["63"],
"generatedPredicateNumber_Labeled_splitClauses_1":["3"],
"labeledSingleVariableTemplatesNumber_Unlabeled_splitClauses_0":["0"],
"unlabeledBinaryVariableTemplatesNumber_Empty_splitClauses_0":["90"],
"solvingTime_Mined_splitClauses_0":["10800000"],
"unlabeledTemplateNumber_All_splitClauses_1":["150"],
"clauseNumberAfterSimplification_Random_splitClauses_1":["13"],
"labeledBinaryVariableTemplatesNumber_Octagon_splitClauses_1":["4"],
"unlabeledBinaryVariableTemplatesNumber_Labeled_splitClauses_0":["90"],
"smt2FileSizeByte_Octagon_splitClauses_0":["69358"],
"labeledSingleVariableTemplatesNumber_Random_splitClauses_1":["0"],
"solvability_Unlabeled_splitClauses_0":["10800000"],
"solvingTime_Unlabeled_splitClauses_0":["10800000"],
"unlabeledTemplateRelationSymbolNumber_All_splitClauses_1":["4"],
"minedTemplateNumber_Empty_splitClauses_1":["26"],
"solvability_RelationalIneqs_splitClauses_0":["10800000"],
"unlabeledTemplateRelationSymbolNumber_Labeled_splitClauses_1":["4"],
"cegarIterationNumber_RelationalEqs_splitClauses_1":["2"],
"minedSingleVariableTemplatesNumber_RelationalEqs_splitClauses_1":["22"],
"clauseNumberAfterSimplification_PredictedCDHG_splitClauses_1":["13"],
"minedBinaryVariableTemplatesNumber_RelationalIneqs_splitClauses_1":["4"],
"unlabeledBinaryVariableTemplatesNumber_Mined_splitClauses_1":["90"],
"unlabeledBinaryVariableTemplatesNumber_PredictedCDHG_splitClauses_0":["90"],
"solvingTime_Empty_splitClauses_1":["168"],
"labeledTemplateRelationSymbolNumber_Empty_splitClauses_1":["2"],
"generatedPredicateNumber_Term_splitClauses_0":["10800000"],
"averagePredicateSize_Empty_splitClauses_1":["1"],
"generatedPredicateNumber_PredictedCG_splitClauses_1":["10800000"],
"labeledTemplateRelationSymbolNumber_PredictedCDHG_splitClauses_1":["2"],
"predicateGeneratorTime_Mined_splitClauses_0":["10800000"],
"relationSymbolNumberBeforeSimplification_Term_splitClauses_0":["126"],
"predicateGeneratorTime_Labeled_splitClauses_0":["10800000"],
"labeledSingleVariableTemplatesNumber_Random_splitClauses_0":["0"],
"unlabeledTemplateRelationSymbolNumber_All_splitClauses_0":["4"],
"minedBinaryVariableTemplatesNumber_Labeled_splitClauses_0":["4"],
"generatedPredicateNumber_Labeled_splitClauses_0":["10800000"],
"relationSymbolNumberAfterSimplification_Empty_splitClauses_1":["18"],
"solvingTime_Mined_splitClauses_1":["178"],
"minedSingleVariableTemplatesNumber_All_splitClauses_1":["22"],
"predicateGeneratorTime_Random_splitClauses_0":["10800000"],
"cegarIterationNumber_Term_splitClauses_1":["2"],
"labeledTemplateNumber_Empty_splitClauses_1":["4"],
"clauseNumberAfterSimplification_Empty_splitClauses_1":["13"],
"minedTemplateRelationSymbolNumber_Empty_splitClauses_0":["4"],
"unlabeledSingleVariableTemplatesNumber_Term_splitClauses_0":["60"],
"minedSingleVariableTemplatesNumber_Empty_splitClauses_0":["22"],
"relationSymbolNumberAfterSimplification_Random_splitClauses_0":["18"],
"minedTemplateRelationSymbolNumber_RelationalEqs_splitClauses_0":["4"],
"cegarIterationNumber_Empty_splitClauses_0":["10800000"],
"minedBinaryVariableTemplatesNumber_RelationalEqs_splitClauses_1":["4"],
"relationSymbolNumberBeforeSimplification_PredictedCG_splitClauses_1":["126"],
"labeledSingleVariableTemplatesNumber_All_splitClauses_1":["0"],
"unlabeledTemplateRelationSymbolNumber_Octagon_splitClauses_0":["4"],
"minedTemplateRelationSymbolNumber_Unlabeled_splitClauses_0":["4"],
"labeledBinaryVariableTemplatesNumber_Mined_splitClauses_0":["4"],
"relationSymbolNumberAfterSimplification_Unlabeled_splitClauses_1":["18"],
"minedTemplateNumber_PredictedCG_splitClauses_1":["26"],
"cegarIterationNumber_Empty_splitClauses_1":["2"],
"averagePredicateSize_RelationalIneqs_splitClauses_0":["10800000"],
"solvability_All_splitClauses_1":["10800000"],
"unlabeledBinaryVariableTemplatesNumber_Term_splitClauses_1":["90"],
"minedTemplateRelationSymbolNumber_Labeled_splitClauses_1":["4"],
"averagePredicateSize_Unlabeled_splitClauses_1":["1"],
"labeledTemplateNumber_Term_splitClauses_0":["4"],
"smt2FileSizeByte_Empty_splitClauses_1":["69358"],
"solvingTime_PredictedCG_splitClauses_0":["10800000"],
"cegarIterationNumber_All_splitClauses_1":["10800000"],
"clauseNumberBeforeSimplification_Term_splitClauses_1":["63"],
"predicateGeneratorTime_Empty_splitClauses_0":["10800000"],
"relationSymbolNumberBeforeSimplification_Empty_splitClauses_1":["126"],
"averagePredicateSize_All_splitClauses_0":["10800000"],
"unlabeledBinaryVariableTemplatesNumber_Random_splitClauses_0":["90"],
"smt2FileSizeByte_Term_splitClauses_0":["69358"],
"averagePredicateSize_Mined_splitClauses_1":["1"],
"minedBinaryVariableTemplatesNumber_Empty_splitClauses_0":["4"],
"minedTemplateRelationSymbolNumber_All_splitClauses_1":["4"],
"labeledSingleVariableTemplatesNumber_PredictedCG_splitClauses_0":["0"],
"unlabeledBinaryVariableTemplatesNumber_RelationalIneqs_splitClauses_0":["90"],
"unlabeledSingleVariableTemplatesNumber_RelationalIneqs_splitClauses_1":["60"],
"clauseNumberAfterSimplification_RelationalIneqs_splitClauses_0":["13"],
"unlabeledTemplateNumber_RelationalEqs_splitClauses_0":["150"],
"unlabeledTemplateNumber_RelationalIneqs_splitClauses_1":["150"],
"labeledTemplateRelationSymbolNumber_PredictedCG_splitClauses_1":["2"],
"labeledTemplateRelationSymbolNumber_All_splitClauses_0":["2"],
"labeledSingleVariableTemplatesNumber_Octagon_splitClauses_0":["0"],
"dummyFiled":[]
}