{
"smt2FileSizeByte_All_splitClauses_1":["4806"],
"generatedPredicateNumber_All_splitClauses_1":["10800000"],
"unlabeledTemplateRelationSymbolNumber_PredictedCDHG_splitClauses_0":["4"],
"relationSymbolNumberBeforeSimplification_Unlabeled_splitClauses_1":["35"],
"predicateGeneratorTime_Term_splitClauses_0":["10800000"],
"averagePredicateSize_Random_splitClauses_1":["10800000"],
"labeledBinaryVariableTemplatesNumber_Labeled_splitClauses_1":["17"],
"clauseNumberBeforeSimplification_All_splitClauses_1":["18"],
"minedTemplateRelationSymbolNumber_Term_splitClauses_0":["4"],
"solvingTime_Labeled_splitClauses_1":["10800000"],
"unlabeledTemplateNumber_Labeled_splitClauses_1":["129"],
"relationSymbolNumberAfterSimplification_All_splitClauses_1":["33"],
"minedTemplateRelationSymbolNumber_Octagon_splitClauses_1":["4"],
"clauseNumberAfterSimplification_Mined_splitClauses_1":["17"],
"relationSymbolNumberBeforeSimplification_Octagon_splitClauses_0":["35"],
"unlabeledBinaryVariableTemplatesNumber_Term_splitClauses_0":["78"],
"labeledTemplateNumber_PredictedCDHG_splitClauses_0":["19"],
"solvability_Empty_splitClauses_0":["10800000"],
"unlabeledTemplateRelationSymbolNumber_Random_splitClauses_1":["4"],
"labeledBinaryVariableTemplatesNumber_Octagon_splitClauses_0":["17"],
"relationSymbolNumberBeforeSimplification_Random_splitClauses_1":["35"],
"minedTemplateRelationSymbolNumber_Random_splitClauses_1":["4"],
"unlabeledSingleVariableTemplatesNumber_Mined_splitClauses_0":["51"],
"unlabeledBinaryVariableTemplatesNumber_PredictedCG_splitClauses_1":["78"],
"solvability_All_splitClauses_0":["10800000"],
"predicateGeneratorTime_RelationalEqs_splitClauses_1":["10800000"],
"relationSymbolNumberBeforeSimplification_PredictedCDHG_splitClauses_1":["35"],
"smt2FileSizeByte_PredictedCG_splitClauses_1":["4806"],
"labeledSingleVariableTemplatesNumber_Unlabeled_splitClauses_1":["2"],
"labeledBinaryVariableTemplatesNumber_PredictedCG_splitClauses_1":["17"],
"minedBinaryVariableTemplatesNumber_PredictedCG_splitClauses_0":["17"],
"solvability_Random_splitClauses_0":["10800000"],
"relationSymbolNumberAfterSimplification_PredictedCG_splitClauses_1":["33"],
"clauseNumberBeforeSimplification_PredictedCDHG_splitClauses_1":["18"],
"labeledSingleVariableTemplatesNumber_Mined_splitClauses_0":["2"],
"solvability_Unlabeled_splitClauses_1":["10800000"],
"cegarIterationNumber_Labeled_splitClauses_1":["10800000"],
"smt2FileSizeByte_Mined_splitClauses_0":["4806"],
"relationSymbolNumberAfterSimplification_Mined_splitClauses_0":["33"],
"labeledSingleVariableTemplatesNumber_PredictedCG_splitClauses_1":["2"],
"smt2FileSizeByte_Octagon_splitClauses_1":["4806"],
"minedTemplateNumber_Labeled_splitClauses_1":["35"],
"labeledSingleVariableTemplatesNumber_RelationalIneqs_splitClauses_1":["2"],
"clauseNumberAfterSimplification_Labeled_splitClauses_1":["17"],
"relationSymbolNumberAfterSimplification_Labeled_splitClauses_0":["33"],
"smt2FileSizeByte_Random_splitClauses_0":["4806"],
"relationSymbolNumberAfterSimplification_PredictedCDHG_splitClauses_0":["33"],
"unlabeledTemplateRelationSymbolNumber_PredictedCDHG_splitClauses_1":["4"],
"labeledSingleVariableTemplatesNumber_Term_splitClauses_0":["2"],
"generatedPredicateNumber_PredictedCDHG_splitClauses_1":["10800000"],
"minedSingleVariableTemplatesNumber_Unlabeled_splitClauses_0":["18"],
"generatedPredicateNumber_Octagon_splitClauses_1":["10800000"],
"labeledSingleVariableTemplatesNumber_RelationalEqs_splitClauses_0":["2"],
"predicateGeneratorTime_PredictedCG_splitClauses_1":["10800000"],
"relationSymbolNumberAfterSimplification_Octagon_splitClauses_0":["33"],
"labeledTemplateNumber_Labeled_splitClauses_1":["19"],
"labeledSingleVariableTemplatesNumber_Empty_splitClauses_0":["2"],
"minedTemplateRelationSymbolNumber_RelationalIneqs_splitClauses_1":["4"],
"unlabeledSingleVariableTemplatesNumber_All_splitClauses_1":["51"],
"labeledBinaryVariableTemplatesNumber_PredictedCDHG_splitClauses_1":["17"],
"unlabeledSingleVariableTemplatesNumber_RelationalEqs_splitClauses_1":["51"],
"cegarIterationNumber_Term_splitClauses_0":["10800000"],
"unlabeledBinaryVariableTemplatesNumber_Labeled_splitClauses_1":["78"],
"unlabeledSingleVariableTemplatesNumber_Term_splitClauses_1":["51"],
"clauseNumberAfterSimplification_All_splitClauses_1":["17"],
"minedSingleVariableTemplatesNumber_Random_splitClauses_0":["18"],
"solvability_RelationalIneqs_splitClauses_1":["10800000"],
"minedTemplateNumber_Labeled_splitClauses_0":["35"],
"minedSingleVariableTemplatesNumber_Octagon_splitClauses_0":["18"],
"minedSingleVariableTemplatesNumber_Term_splitClauses_1":["18"],
"minedBinaryVariableTemplatesNumber_PredictedCDHG_splitClauses_1":["17"],
"generatedPredicateNumber_Mined_splitClauses_1":["53"],
"labeledSingleVariableTemplatesNumber_RelationalIneqs_splitClauses_0":["2"],
"averagePredicateSize_Mined_splitClauses_0":["10800000"],
"cegarIterationNumber_Unlabeled_splitClauses_0":["10800000"],
"minedBinaryVariableTemplatesNumber_Random_splitClauses_0":["17"],
"labeledTemplateNumber_Mined_splitClauses_1":["19"],
"labeledBinaryVariableTemplatesNumber_Random_splitClauses_0":["17"],
"unlabeledTemplateRelationSymbolNumber_Unlabeled_splitClauses_1":["4"],
"cegarIterationNumber_Mined_splitClauses_0":["10800000"],
"minedTemplateRelationSymbolNumber_Labeled_splitClauses_0":["4"],
"unlabeledBinaryVariableTemplatesNumber_RelationalIneqs_splitClauses_1":["78"],
"unlabeledBinaryVariableTemplatesNumber_Octagon_splitClauses_0":["78"],
"solvability_Mined_splitClauses_0":["10800000"],
"averagePredicateSize_RelationalEqs_splitClauses_0":["10800000"],
"clauseNumberAfterSimplification_Term_splitClauses_0":["17"],
"unlabeledTemplateNumber_Mined_splitClauses_0":["129"],
"relationSymbolNumberAfterSimplification_Random_splitClauses_1":["33"],
"unlabeledTemplateNumber_PredictedCDHG_splitClauses_0":["129"],
"cegarIterationNumber_RelationalIneqs_splitClauses_1":["10800000"],
"minedBinaryVariableTemplatesNumber_Unlabeled_splitClauses_1":["17"],
"labeledTemplateNumber_PredictedCG_splitClauses_1":["19"],
"labeledTemplateRelationSymbolNumber_Mined_splitClauses_0":["3"],
"labeledBinaryVariableTemplatesNumber_Mined_splitClauses_1":["17"],
"relationSymbolNumberBeforeSimplification_Mined_splitClauses_0":["35"],
"relationSymbolNumberBeforeSimplification_RelationalIneqs_splitClauses_0":["35"],
"clauseNumberAfterSimplification_RelationalIneqs_splitClauses_1":["17"],
"minedSingleVariableTemplatesNumber_PredictedCDHG_splitClauses_0":["18"],
"solvability_Labeled_splitClauses_1":["10800000"],
"labeledSingleVariableTemplatesNumber_Octagon_splitClauses_1":["2"],
"averagePredicateSize_Random_splitClauses_0":["10800000"],
"smt2FileSizeByte_RelationalIneqs_splitClauses_0":["4806"],
"generatedPredicateNumber_Unlabeled_splitClauses_0":["10800000"],
"solvability_RelationalEqs_splitClauses_0":["10800000"],
"predicateGeneratorTime_Empty_splitClauses_1":["10800000"],
"minedSingleVariableTemplatesNumber_Mined_splitClauses_0":["18"],
"relationSymbolNumberAfterSimplification_Unlabeled_splitClauses_0":["33"],
"minedTemplateRelationSymbolNumber_PredictedCDHG_splitClauses_1":["4"],
"minedTemplateNumber_PredictedCG_splitClauses_0":["35"],
"averagePredicateSize_RelationalIneqs_splitClauses_1":["10800000"],
"labeledTemplateRelationSymbolNumber_Random_splitClauses_1":["3"],
"minedTemplateNumber_RelationalIneqs_splitClauses_0":["35"],
"predicateGeneratorTime_RelationalIneqs_splitClauses_0":["10800000"],
"labeledTemplateRelationSymbolNumber_Empty_splitClauses_0":["3"],
"minedBinaryVariableTemplatesNumber_Octagon_splitClauses_0":["17"],
"labeledSingleVariableTemplatesNumber_Term_splitClauses_1":["2"],
"labeledBinaryVariableTemplatesNumber_Empty_splitClauses_0":["17"],
"minedTemplateNumber_Octagon_splitClauses_0":["35"],
"labeledBinaryVariableTemplatesNumber_Unlabeled_splitClauses_0":["17"],
"relationSymbolNumberBeforeSimplification_Empty_splitClauses_0":["35"],
"clauseNumberAfterSimplification_PredictedCDHG_splitClauses_0":["17"],
"smt2FileSizeByte_PredictedCG_splitClauses_0":["4806"],
"minedBinaryVariableTemplatesNumber_RelationalEqs_splitClauses_0":["17"],
"relationSymbolNumberBeforeSimplification_Unlabeled_splitClauses_0":["35"],
"labeledTemplateRelationSymbolNumber_RelationalEqs_splitClauses_1":["3"],
"minedBinaryVariableTemplatesNumber_Random_splitClauses_1":["17"],
"clauseNumberAfterSimplification_Unlabeled_splitClauses_1":["17"],
"minedSingleVariableTemplatesNumber_PredictedCDHG_splitClauses_1":["18"],
"labeledBinaryVariableTemplatesNumber_Term_splitClauses_1":["17"],
"clauseNumberBeforeSimplification_Empty_splitClauses_1":["18"],
"relationSymbolNumberAfterSimplification_Octagon_splitClauses_1":["33"],
"relationSymbolNumberAfterSimplification_Term_splitClauses_0":["33"],
"minedBinaryVariableTemplatesNumber_Mined_splitClauses_1":["17"],
"unlabeledBinaryVariableTemplatesNumber_Unlabeled_splitClauses_1":["78"],
"relationSymbolNumberBeforeSimplification_Random_splitClauses_0":["35"],
"relationSymbolNumberAfterSimplification_PredictedCDHG_splitClauses_1":["33"],
"unlabeledTemplateNumber_PredictedCG_splitClauses_1":["129"],
"generatedPredicateNumber_Empty_splitClauses_0":["10800000"],
"predicateGeneratorTime_RelationalIneqs_splitClauses_1":["10800000"],
"unlabeledSingleVariableTemplatesNumber_Empty_splitClauses_0":["51"],
"cegarIterationNumber_Octagon_splitClauses_0":["10800000"],
"clauseNumberAfterSimplification_Octagon_splitClauses_1":["17"],
"unlabeledSingleVariableTemplatesNumber_Labeled_splitClauses_1":["51"],
"clauseNumberBeforeSimplification_Random_splitClauses_1":["18"],
"minedTemplateRelationSymbolNumber_All_splitClauses_0":["4"],
"unlabeledTemplateRelationSymbolNumber_RelationalEqs_splitClauses_0":["4"],
"minedSingleVariableTemplatesNumber_Unlabeled_splitClauses_1":["18"],
"clauseNumberBeforeSimplification_RelationalEqs_splitClauses_0":["18"],
"minedTemplateNumber_Unlabeled_splitClauses_0":["35"],
"generatedPredicateNumber_Octagon_splitClauses_0":["10800000"],
"predicateGeneratorTime_PredictedCDHG_splitClauses_0":["10800000"],
"clauseNumberAfterSimplification_PredictedCG_splitClauses_1":["17"],
"labeledSingleVariableTemplatesNumber_RelationalEqs_splitClauses_1":["2"],
"smt2FileSizeByte_Random_splitClauses_1":["4806"],
"averagePredicateSize_PredictedCG_splitClauses_1":["10800000"],
"cegarIterationNumber_PredictedCDHG_splitClauses_1":["10800000"],
"clauseNumberAfterSimplification_RelationalEqs_splitClauses_1":["17"],
"minedBinaryVariableTemplatesNumber_Empty_splitClauses_1":["17"],
"relationSymbolNumberAfterSimplification_RelationalEqs_splitClauses_1":["33"],
"minedTemplateNumber_PredictedCDHG_splitClauses_0":["35"],
"labeledBinaryVariableTemplatesNumber_All_splitClauses_1":["17"],
"solvingTime_RelationalIneqs_splitClauses_1":["10800000"],
"unlabeledTemplateRelationSymbolNumber_RelationalEqs_splitClauses_1":["4"],
"smt2FileSizeByte_Unlabeled_splitClauses_0":["4806"],
"relationSymbolNumberBeforeSimplification_Mined_splitClauses_1":["35"],
"relationSymbolNumberAfterSimplification_Mined_splitClauses_1":["33"],
"generatedPredicateNumber_All_splitClauses_0":["10800000"],
"relationSymbolNumberBeforeSimplification_Octagon_splitClauses_1":["35"],
"predicateGeneratorTime_Octagon_splitClauses_1":["10800000"],
"solvability_Mined_splitClauses_1":["1"],
"minedTemplateRelationSymbolNumber_Term_splitClauses_1":["4"],
"clauseNumberAfterSimplification_Mined_splitClauses_0":["17"],
"solvability_PredictedCDHG_splitClauses_0":["10800000"],
"solvingTime_Empty_splitClauses_0":["10800000"],
"unlabeledSingleVariableTemplatesNumber_Unlabeled_splitClauses_1":["51"],
"minedTemplateNumber_Term_splitClauses_1":["35"],
"averagePredicateSize_Octagon_splitClauses_1":["10800000"],
"unlabeledSingleVariableTemplatesNumber_Octagon_splitClauses_1":["51"],
"minedTemplateRelationSymbolNumber_RelationalEqs_splitClauses_1":["4"],
"relationSymbolNumberBeforeSimplification_All_splitClauses_1":["35"],
"minedBinaryVariableTemplatesNumber_RelationalIneqs_splitClauses_0":["17"],
"predicateGeneratorTime_Term_splitClauses_1":["10800000"],
"solvingTime_Labeled_splitClauses_0":["10800000"],
"unlabeledBinaryVariableTemplatesNumber_PredictedCG_splitClauses_0":["78"],
"minedTemplateNumber_All_splitClauses_0":["35"],
"predicateGeneratorTime_Labeled_splitClauses_1":["10800000"],
"unlabeledTemplateRelationSymbolNumber_Empty_splitClauses_0":["4"],
"unlabeledTemplateNumber_Mined_splitClauses_1":["129"],
"solvability_PredictedCG_splitClauses_1":["10800000"],
"unlabeledTemplateNumber_Term_splitClauses_0":["129"],
"minedBinaryVariableTemplatesNumber_PredictedCG_splitClauses_1":["17"],
"labeledSingleVariableTemplatesNumber_PredictedCDHG_splitClauses_0":["2"],
"minedBinaryVariableTemplatesNumber_All_splitClauses_0":["17"],
"averagePredicateSize_PredictedCDHG_splitClauses_1":["10800000"],
"predicateGeneratorTime_PredictedCG_splitClauses_0":["10800000"],
"generatedPredicateNumber_RelationalIneqs_splitClauses_0":["10800000"],
"labeledTemplateNumber_Empty_splitClauses_0":["19"],
"relationSymbolNumberAfterSimplification_RelationalIneqs_splitClauses_1":["33"],
"unlabeledTemplateRelationSymbolNumber_Term_splitClauses_0":["4"],
"minedTemplateNumber_All_splitClauses_1":["35"],
"labeledSingleVariableTemplatesNumber_Empty_splitClauses_1":["2"],
"minedBinaryVariableTemplatesNumber_Unlabeled_splitClauses_0":["17"],
"labeledTemplateNumber_Random_splitClauses_0":["19"],
"minedBinaryVariableTemplatesNumber_All_splitClauses_1":["17"],
"unlabeledSingleVariableTemplatesNumber_All_splitClauses_0":["51"],
"relationSymbolNumberBeforeSimplification_Labeled_splitClauses_1":["35"],
"smt2FileSizeByte_PredictedCDHG_splitClauses_1":["4806"],
"labeledBinaryVariableTemplatesNumber_PredictedCDHG_splitClauses_0":["17"],
"averagePredicateSize_RelationalEqs_splitClauses_1":["10800000"],
"minedSingleVariableTemplatesNumber_Term_splitClauses_0":["18"],
"labeledTemplateRelationSymbolNumber_Term_splitClauses_1":["3"],
"generatedPredicateNumber_Random_splitClauses_0":["10800000"],
"labeledBinaryVariableTemplatesNumber_Empty_splitClauses_1":["17"],
"relationSymbolNumberAfterSimplification_Term_splitClauses_1":["33"],
"clauseNumberAfterSimplification_Labeled_splitClauses_0":["17"],
"labeledSingleVariableTemplatesNumber_Labeled_splitClauses_0":["2"],
"minedTemplateNumber_Mined_splitClauses_1":["35"],
"labeledTemplateRelationSymbolNumber_Labeled_splitClauses_0":["3"],
"unlabeledTemplateRelationSymbolNumber_Mined_splitClauses_1":["4"],
"solvability_Labeled_splitClauses_0":["10800000"],
"minedTemplateNumber_RelationalEqs_splitClauses_1":["35"],
"solvingTime_Random_splitClauses_1":["10800000"],
"minedTemplateNumber_Random_splitClauses_0":["35"],
"cegarIterationNumber_Unlabeled_splitClauses_1":["10800000"],
"minedTemplateNumber_RelationalIneqs_splitClauses_1":["35"],
"unlabeledBinaryVariableTemplatesNumber_Octagon_splitClauses_1":["78"],
"minedSingleVariableTemplatesNumber_Octagon_splitClauses_1":["18"],
"minedSingleVariableTemplatesNumber_Random_splitClauses_1":["18"],
"averagePredicateSize_All_splitClauses_1":["10800000"],
"minedTemplateNumber_Empty_splitClauses_0":["35"],
"labeledTemplateNumber_Mined_splitClauses_0":["19"],
"unlabeledBinaryVariableTemplatesNumber_All_splitClauses_0":["78"],
"relationSymbolNumberAfterSimplification_Labeled_splitClauses_1":["33"],
"labeledSingleVariableTemplatesNumber_PredictedCDHG_splitClauses_1":["2"],
"minedSingleVariableTemplatesNumber_Mined_splitClauses_1":["18"],
"labeledTemplateRelationSymbolNumber_Term_splitClauses_0":["3"],
"unlabeledTemplateRelationSymbolNumber_Term_splitClauses_1":["4"],
"predicateGeneratorTime_All_splitClauses_1":["10800000"],
"unlabeledSingleVariableTemplatesNumber_Random_splitClauses_0":["51"],
"predicateGeneratorTime_Unlabeled_splitClauses_1":["10800000"],
"cegarIterationNumber_PredictedCDHG_splitClauses_0":["10800000"],
"labeledTemplateNumber_RelationalEqs_splitClauses_0":["19"],
"labeledTemplateRelationSymbolNumber_Mined_splitClauses_1":["3"],
"labeledTemplateRelationSymbolNumber_Random_splitClauses_0":["3"],
"labeledBinaryVariableTemplatesNumber_RelationalEqs_splitClauses_1":["17"],
"generatedPredicateNumber_RelationalIneqs_splitClauses_1":["10800000"],
"unlabeledTemplateRelationSymbolNumber_PredictedCG_splitClauses_1":["4"],
"unlabeledSingleVariableTemplatesNumber_RelationalEqs_splitClauses_0":["51"],
"labeledBinaryVariableTemplatesNumber_Labeled_splitClauses_0":["17"],
"minedBinaryVariableTemplatesNumber_PredictedCDHG_splitClauses_0":["17"],
"unlabeledTemplateRelationSymbolNumber_Unlabeled_splitClauses_0":["4"],
"clauseNumberAfterSimplification_Term_splitClauses_1":["17"],
"unlabeledTemplateNumber_Octagon_splitClauses_0":["129"],
"unlabeledBinaryVariableTemplatesNumber_RelationalEqs_splitClauses_1":["78"],
"unlabeledTemplateNumber_PredictedCG_splitClauses_0":["129"],
"unlabeledTemplateNumber_All_splitClauses_0":["129"],
"labeledTemplateRelationSymbolNumber_RelationalIneqs_splitClauses_1":["3"],
"unlabeledSingleVariableTemplatesNumber_Mined_splitClauses_1":["51"],
"labeledTemplateRelationSymbolNumber_Unlabeled_splitClauses_1":["3"],
"labeledBinaryVariableTemplatesNumber_Random_splitClauses_1":["17"],
"solvability_Random_splitClauses_1":["10800000"],
"solvingTime_Term_splitClauses_0":["10800000"],
"minedSingleVariableTemplatesNumber_Labeled_splitClauses_1":["18"],
"clauseNumberBeforeSimplification_Term_splitClauses_0":["18"],
"relationSymbolNumberBeforeSimplification_RelationalIneqs_splitClauses_1":["35"],
"minedTemplateRelationSymbolNumber_Mined_splitClauses_0":["4"],
"solvability_Octagon_splitClauses_1":["10800000"],
"minedSingleVariableTemplatesNumber_RelationalIneqs_splitClauses_1":["18"],
"smt2FileSizeByte_Labeled_splitClauses_0":["4806"],
"solvability_RelationalEqs_splitClauses_1":["10800000"],
"unlabeledSingleVariableTemplatesNumber_Empty_splitClauses_1":["51"],
"labeledTemplateNumber_PredictedCDHG_splitClauses_1":["19"],
"minedTemplateRelationSymbolNumber_Octagon_splitClauses_0":["4"],
"clauseNumberAfterSimplification_Unlabeled_splitClauses_0":["17"],
"clauseNumberBeforeSimplification_Unlabeled_splitClauses_0":["18"],
"clauseNumberBeforeSimplification_PredictedCDHG_splitClauses_0":["18"],
"cegarIterationNumber_RelationalIneqs_splitClauses_0":["10800000"],
"labeledTemplateRelationSymbolNumber_RelationalEqs_splitClauses_0":["3"],
"averagePredicateSize_Labeled_splitClauses_0":["10800000"],
"smt2FileSizeByte_RelationalIneqs_splitClauses_1":["4806"],
"clauseNumberBeforeSimplification_RelationalEqs_splitClauses_1":["18"],
"unlabeledTemplateRelationSymbolNumber_RelationalIneqs_splitClauses_1":["4"],
"clauseNumberBeforeSimplification_PredictedCG_splitClauses_0":["18"],
"solvingTime_PredictedCDHG_splitClauses_0":["10800000"],
"labeledTemplateRelationSymbolNumber_Octagon_splitClauses_1":["3"],
"minedTemplateRelationSymbolNumber_PredictedCG_splitClauses_1":["4"],
"relationSymbolNumberBeforeSimplification_RelationalEqs_splitClauses_1":["35"],
"labeledTemplateNumber_Random_splitClauses_1":["19"],
"solvingTime_RelationalIneqs_splitClauses_0":["10800000"],
"labeledTemplateNumber_All_splitClauses_1":["19"],
"unlabeledTemplateNumber_Random_splitClauses_1":["129"],
"relationSymbolNumberBeforeSimplification_All_splitClauses_0":["35"],
"smt2FileSizeByte_Unlabeled_splitClauses_1":["4806"],
"cegarIterationNumber_PredictedCG_splitClauses_0":["10800000"],
"predicateGeneratorTime_Octagon_splitClauses_0":["10800000"],
"unlabeledTemplateNumber_RelationalEqs_splitClauses_1":["129"],
"clauseNumberAfterSimplification_Octagon_splitClauses_0":["17"],
"cegarIterationNumber_Random_splitClauses_0":["10800000"],
"solvability_PredictedCDHG_splitClauses_1":["10800000"],
"solvability_PredictedCG_splitClauses_0":["10800000"],
"solvingTime_PredictedCG_splitClauses_1":["10800000"],
"unlabeledSingleVariableTemplatesNumber_Unlabeled_splitClauses_0":["51"],
"unlabeledTemplateNumber_Unlabeled_splitClauses_0":["129"],
"labeledTemplateRelationSymbolNumber_RelationalIneqs_splitClauses_0":["3"],
"minedTemplateNumber_Random_splitClauses_1":["35"],
"generatedPredicateNumber_RelationalEqs_splitClauses_0":["10800000"],
"minedTemplateNumber_Term_splitClauses_0":["35"],
"solvingTime_All_splitClauses_1":["10800000"],
"minedSingleVariableTemplatesNumber_PredictedCG_splitClauses_0":["18"],
"smt2FileSizeByte_Term_splitClauses_1":["4806"],
"labeledBinaryVariableTemplatesNumber_All_splitClauses_0":["17"],
"minedTemplateNumber_PredictedCDHG_splitClauses_1":["35"],
"minedTemplateRelationSymbolNumber_PredictedCDHG_splitClauses_0":["4"],
"averagePredicateSize_Unlabeled_splitClauses_0":["10800000"],
"minedBinaryVariableTemplatesNumber_Octagon_splitClauses_1":["17"],
"unlabeledSingleVariableTemplatesNumber_Random_splitClauses_1":["51"],
"clauseNumberBeforeSimplification_Random_splitClauses_0":["18"],
"solvingTime_Unlabeled_splitClauses_1":["10800000"],
"predicateGeneratorTime_PredictedCDHG_splitClauses_1":["10800000"],
"averagePredicateSize_PredictedCDHG_splitClauses_0":["10800000"],
"relationSymbolNumberAfterSimplification_RelationalEqs_splitClauses_0":["33"],
"minedBinaryVariableTemplatesNumber_Term_splitClauses_0":["17"],
"labeledTemplateNumber_RelationalIneqs_splitClauses_0":["19"],
"clauseNumberAfterSimplification_Random_splitClauses_0":["17"],
"clauseNumberAfterSimplification_PredictedCG_splitClauses_0":["17"],
"generatedPredicateNumber_Empty_splitClauses_1":["10800000"],
"clauseNumberBeforeSimplification_Octagon_splitClauses_0":["18"],
"unlabeledTemplateNumber_Empty_splitClauses_0":["129"],
"minedSingleVariableTemplatesNumber_All_splitClauses_0":["18"],
"labeledTemplateRelationSymbolNumber_Octagon_splitClauses_0":["3"],
"generatedPredicateNumber_Random_splitClauses_1":["10800000"],
"clauseNumberAfterSimplification_RelationalEqs_splitClauses_0":["17"],
"labeledBinaryVariableTemplatesNumber_Term_splitClauses_0":["17"],
"minedSingleVariableTemplatesNumber_RelationalEqs_splitClauses_0":["18"],
"minedTemplateNumber_Mined_splitClauses_0":["35"],
"relationSymbolNumberBeforeSimplification_PredictedCG_splitClauses_0":["35"],
"averagePredicateSize_Octagon_splitClauses_0":["10800000"],
"unlabeledBinaryVariableTemplatesNumber_Empty_splitClauses_1":["78"],
"unlabeledSingleVariableTemplatesNumber_PredictedCDHG_splitClauses_0":["51"],
"unlabeledSingleVariableTemplatesNumber_PredictedCG_splitClauses_1":["51"],
"labeledTemplateRelationSymbolNumber_Labeled_splitClauses_1":["3"],
"minedTemplateRelationSymbolNumber_Random_splitClauses_0":["4"],
"unlabeledTemplateRelationSymbolNumber_PredictedCG_splitClauses_0":["4"],
"unlabeledTemplateNumber_RelationalIneqs_splitClauses_0":["129"],
"unlabeledSingleVariableTemplatesNumber_Labeled_splitClauses_0":["51"],
"relationSymbolNumberAfterSimplification_PredictedCG_splitClauses_0":["33"],
"minedTemplateNumber_Unlabeled_splitClauses_1":["35"],
"generatedPredicateNumber_PredictedCG_splitClauses_0":["10800000"],
"labeledTemplateNumber_Unlabeled_splitClauses_1":["19"],
"unlabeledTemplateRelationSymbolNumber_Empty_splitClauses_1":["4"],
"clauseNumberBeforeSimplification_Empty_splitClauses_0":["18"],
"solvingTime_Octagon_splitClauses_1":["10800000"],
"cegarIterationNumber_Mined_splitClauses_1":["18"],
"clauseNumberBeforeSimplification_Mined_splitClauses_1":["18"],
"smt2FileSizeByte_PredictedCDHG_splitClauses_0":["4806"],
"averagePredicateSize_PredictedCG_splitClauses_0":["10800000"],
"solvingTime_Random_splitClauses_0":["10800000"],
"minedTemplateNumber_RelationalEqs_splitClauses_0":["35"],
"unlabeledSingleVariableTemplatesNumber_RelationalIneqs_splitClauses_0":["51"],
"unlabeledTemplateNumber_Unlabeled_splitClauses_1":["129"],
"labeledBinaryVariableTemplatesNumber_RelationalEqs_splitClauses_0":["17"],
"generatedPredicateNumber_PredictedCDHG_splitClauses_0":["10800000"],
"relationSymbolNumberAfterSimplification_RelationalIneqs_splitClauses_0":["33"],
"minedTemplateRelationSymbolNumber_Empty_splitClauses_1":["4"],
"predicateGeneratorTime_Random_splitClauses_1":["10800000"],
"labeledTemplateNumber_Term_splitClauses_1":["19"],
"relationSymbolNumberBeforeSimplification_RelationalEqs_splitClauses_0":["35"],
"minedSingleVariableTemplatesNumber_Empty_splitClauses_1":["18"],
"minedSingleVariableTemplatesNumber_RelationalIneqs_splitClauses_0":["18"],
"clauseNumberAfterSimplification_All_splitClauses_0":["17"],
"unlabeledBinaryVariableTemplatesNumber_RelationalEqs_splitClauses_0":["78"],
"cegarIterationNumber_RelationalEqs_splitClauses_0":["10800000"],
"labeledTemplateRelationSymbolNumber_PredictedCDHG_splitClauses_0":["3"],
"labeledSingleVariableTemplatesNumber_Labeled_splitClauses_1":["2"],
"unlabeledBinaryVariableTemplatesNumber_All_splitClauses_1":["78"],
"minedTemplateRelationSymbolNumber_Unlabeled_splitClauses_1":["4"],
"solvingTime_RelationalEqs_splitClauses_0":["10800000"],
"solvingTime_RelationalEqs_splitClauses_1":["10800000"],
"minedBinaryVariableTemplatesNumber_Mined_splitClauses_0":["17"],
"clauseNumberBeforeSimplification_All_splitClauses_0":["18"],
"clauseNumberBeforeSimplification_RelationalIneqs_splitClauses_1":["18"],
"labeledTemplateNumber_RelationalEqs_splitClauses_1":["19"],
"labeledBinaryVariableTemplatesNumber_RelationalIneqs_splitClauses_0":["17"],
"relationSymbolNumberBeforeSimplification_Labeled_splitClauses_0":["35"],
"clauseNumberAfterSimplification_Empty_splitClauses_0":["17"],
"averagePredicateSize_Empty_splitClauses_0":["10800000"],
"unlabeledTemplateNumber_Term_splitClauses_1":["129"],
"predicateGeneratorTime_Mined_splitClauses_1":["1288"],
"labeledBinaryVariableTemplatesNumber_RelationalIneqs_splitClauses_1":["17"],
"predicateGeneratorTime_Unlabeled_splitClauses_0":["10800000"],
"relationSymbolNumberAfterSimplification_Empty_splitClauses_0":["33"],
"generatedPredicateNumber_Mined_splitClauses_0":["10800000"],
"generatedPredicateNumber_RelationalEqs_splitClauses_1":["10800000"],
"labeledTemplateRelationSymbolNumber_PredictedCG_splitClauses_0":["3"],
"minedSingleVariableTemplatesNumber_PredictedCG_splitClauses_1":["18"],
"minedTemplateRelationSymbolNumber_PredictedCG_splitClauses_0":["4"],
"unlabeledTemplateRelationSymbolNumber_Labeled_splitClauses_0":["4"],
"solvability_Empty_splitClauses_1":["10800000"],
"averagePredicateSize_Term_splitClauses_0":["10800000"],
"cegarIterationNumber_Random_splitClauses_1":["10800000"],
"averagePredicateSize_Labeled_splitClauses_1":["10800000"],
"unlabeledBinaryVariableTemplatesNumber_Unlabeled_splitClauses_0":["78"],
"generatedPredicateNumber_Unlabeled_splitClauses_1":["10800000"],
"predicateGeneratorTime_All_splitClauses_0":["10800000"],
"unlabeledBinaryVariableTemplatesNumber_PredictedCDHG_splitClauses_1":["78"],
"clauseNumberBeforeSimplification_Labeled_splitClauses_1":["18"],
"minedBinaryVariableTemplatesNumber_Labeled_splitClauses_1":["17"],
"labeledSingleVariableTemplatesNumber_All_splitClauses_0":["2"],
"unlabeledTemplateRelationSymbolNumber_Mined_splitClauses_0":["4"],
"cegarIterationNumber_Octagon_splitClauses_1":["10800000"],
"labeledTemplateNumber_Octagon_splitClauses_0":["19"],
"labeledTemplateRelationSymbolNumber_All_splitClauses_1":["3"],
"smt2FileSizeByte_Empty_splitClauses_0":["4806"],
"unlabeledTemplateNumber_Octagon_splitClauses_1":["129"],
"predicateGeneratorTime_RelationalEqs_splitClauses_0":["10800000"],
"unlabeledTemplateRelationSymbolNumber_RelationalIneqs_splitClauses_0":["4"],
"smt2FileSizeByte_RelationalEqs_splitClauses_1":["4806"],
"unlabeledTemplateNumber_Labeled_splitClauses_0":["129"],
"minedSingleVariableTemplatesNumber_Labeled_splitClauses_0":["18"],
"solvingTime_PredictedCDHG_splitClauses_1":["10800000"],
"relationSymbolNumberBeforeSimplification_Term_splitClauses_1":["35"],
"minedTemplateNumber_Octagon_splitClauses_1":["35"],
"clauseNumberBeforeSimplification_Mined_splitClauses_0":["18"],
"smt2FileSizeByte_All_splitClauses_0":["4806"],
"solvingTime_All_splitClauses_0":["10800000"],
"minedBinaryVariableTemplatesNumber_Term_splitClauses_1":["17"],
"unlabeledTemplateRelationSymbolNumber_Random_splitClauses_0":["4"],
"cegarIterationNumber_All_splitClauses_0":["10800000"],
"smt2FileSizeByte_RelationalEqs_splitClauses_0":["4806"],
"unlabeledSingleVariableTemplatesNumber_PredictedCDHG_splitClauses_1":["51"],
"clauseNumberBeforeSimplification_Labeled_splitClauses_0":["18"],
"cegarIterationNumber_PredictedCG_splitClauses_1":["10800000"],
"labeledTemplateRelationSymbolNumber_Unlabeled_splitClauses_0":["3"],
"unlabeledTemplateRelationSymbolNumber_Octagon_splitClauses_1":["4"],
"unlabeledTemplateNumber_Empty_splitClauses_1":["129"],
"clauseNumberBeforeSimplification_Octagon_splitClauses_1":["18"],
"labeledTemplateNumber_Unlabeled_splitClauses_0":["19"],
"labeledBinaryVariableTemplatesNumber_PredictedCG_splitClauses_0":["17"],
"solvability_Term_splitClauses_1":["10800000"],
"solvability_Octagon_splitClauses_0":["10800000"],
"minedTemplateRelationSymbolNumber_RelationalIneqs_splitClauses_0":["4"],
"clauseNumberBeforeSimplification_RelationalIneqs_splitClauses_0":["18"],
"labeledTemplateNumber_PredictedCG_splitClauses_0":["19"],
"cegarIterationNumber_Labeled_splitClauses_0":["10800000"],
"smt2FileSizeByte_Labeled_splitClauses_1":["4806"],
"clauseNumberBeforeSimplification_Unlabeled_splitClauses_1":["18"],
"generatedPredicateNumber_Term_splitClauses_1":["10800000"],
"solvingTime_Term_splitClauses_1":["10800000"],
"unlabeledBinaryVariableTemplatesNumber_Random_splitClauses_1":["78"],
"unlabeledSingleVariableTemplatesNumber_Octagon_splitClauses_0":["51"],
"solvingTime_Octagon_splitClauses_0":["10800000"],
"labeledSingleVariableTemplatesNumber_Mined_splitClauses_1":["2"],
"averagePredicateSize_Term_splitClauses_1":["10800000"],
"labeledTemplateNumber_Labeled_splitClauses_0":["19"],
"unlabeledSingleVariableTemplatesNumber_PredictedCG_splitClauses_0":["51"],
"smt2FileSizeByte_Mined_splitClauses_1":["4806"],
"labeledBinaryVariableTemplatesNumber_Unlabeled_splitClauses_1":["17"],
"labeledTemplateNumber_All_splitClauses_0":["19"],
"unlabeledTemplateNumber_Random_splitClauses_0":["129"],
"labeledTemplateNumber_Octagon_splitClauses_1":["19"],
"unlabeledTemplateNumber_PredictedCDHG_splitClauses_1":["129"],
"unlabeledBinaryVariableTemplatesNumber_Mined_splitClauses_0":["78"],
"minedTemplateRelationSymbolNumber_Mined_splitClauses_1":["4"],
"labeledTemplateNumber_RelationalIneqs_splitClauses_1":["19"],
"relationSymbolNumberAfterSimplification_All_splitClauses_0":["33"],
"relationSymbolNumberBeforeSimplification_PredictedCDHG_splitClauses_0":["35"],
"solvability_Term_splitClauses_0":["10800000"],
"clauseNumberBeforeSimplification_PredictedCG_splitClauses_1":["18"],
"generatedPredicateNumber_Labeled_splitClauses_1":["10800000"],
"labeledSingleVariableTemplatesNumber_Unlabeled_splitClauses_0":["2"],
"unlabeledBinaryVariableTemplatesNumber_Empty_splitClauses_0":["78"],
"solvingTime_Mined_splitClauses_0":["10800000"],
"unlabeledTemplateNumber_All_splitClauses_1":["129"],
"clauseNumberAfterSimplification_Random_splitClauses_1":["17"],
"labeledBinaryVariableTemplatesNumber_Octagon_splitClauses_1":["17"],
"unlabeledBinaryVariableTemplatesNumber_Labeled_splitClauses_0":["78"],
"smt2FileSizeByte_Octagon_splitClauses_0":["4806"],
"labeledSingleVariableTemplatesNumber_Random_splitClauses_1":["2"],
"solvability_Unlabeled_splitClauses_0":["10800000"],
"solvingTime_Unlabeled_splitClauses_0":["10800000"],
"unlabeledTemplateRelationSymbolNumber_All_splitClauses_1":["4"],
"minedTemplateNumber_Empty_splitClauses_1":["35"],
"solvability_RelationalIneqs_splitClauses_0":["10800000"],
"unlabeledTemplateRelationSymbolNumber_Labeled_splitClauses_1":["4"],
"cegarIterationNumber_RelationalEqs_splitClauses_1":["10800000"],
"minedSingleVariableTemplatesNumber_RelationalEqs_splitClauses_1":["18"],
"clauseNumberAfterSimplification_PredictedCDHG_splitClauses_1":["17"],
"minedBinaryVariableTemplatesNumber_RelationalIneqs_splitClauses_1":["17"],
"unlabeledBinaryVariableTemplatesNumber_Mined_splitClauses_1":["78"],
"unlabeledBinaryVariableTemplatesNumber_PredictedCDHG_splitClauses_0":["78"],
"solvingTime_Empty_splitClauses_1":["10800000"],
"labeledTemplateRelationSymbolNumber_Empty_splitClauses_1":["3"],
"generatedPredicateNumber_Term_splitClauses_0":["10800000"],
"averagePredicateSize_Empty_splitClauses_1":["10800000"],
"generatedPredicateNumber_PredictedCG_splitClauses_1":["10800000"],
"labeledTemplateRelationSymbolNumber_PredictedCDHG_splitClauses_1":["3"],
"predicateGeneratorTime_Mined_splitClauses_0":["10800000"],
"relationSymbolNumberBeforeSimplification_Term_splitClauses_0":["35"],
"predicateGeneratorTime_Labeled_splitClauses_0":["10800000"],
"labeledSingleVariableTemplatesNumber_Random_splitClauses_0":["2"],
"unlabeledTemplateRelationSymbolNumber_All_splitClauses_0":["4"],
"minedBinaryVariableTemplatesNumber_Labeled_splitClauses_0":["17"],
"generatedPredicateNumber_Labeled_splitClauses_0":["10800000"],
"relationSymbolNumberAfterSimplification_Empty_splitClauses_1":["33"],
"solvingTime_Mined_splitClauses_1":["1987"],
"minedSingleVariableTemplatesNumber_All_splitClauses_1":["18"],
"predicateGeneratorTime_Random_splitClauses_0":["10800000"],
"cegarIterationNumber_Term_splitClauses_1":["10800000"],
"labeledTemplateNumber_Empty_splitClauses_1":["19"],
"clauseNumberAfterSimplification_Empty_splitClauses_1":["17"],
"minedTemplateRelationSymbolNumber_Empty_splitClauses_0":["4"],
"unlabeledSingleVariableTemplatesNumber_Term_splitClauses_0":["51"],
"minedSingleVariableTemplatesNumber_Empty_splitClauses_0":["18"],
"relationSymbolNumberAfterSimplification_Random_splitClauses_0":["33"],
"minedTemplateRelationSymbolNumber_RelationalEqs_splitClauses_0":["4"],
"cegarIterationNumber_Empty_splitClauses_0":["10800000"],
"minedBinaryVariableTemplatesNumber_RelationalEqs_splitClauses_1":["17"],
"relationSymbolNumberBeforeSimplification_PredictedCG_splitClauses_1":["35"],
"labeledSingleVariableTemplatesNumber_All_splitClauses_1":["2"],
"unlabeledTemplateRelationSymbolNumber_Octagon_splitClauses_0":["4"],
"minedTemplateRelationSymbolNumber_Unlabeled_splitClauses_0":["4"],
"labeledBinaryVariableTemplatesNumber_Mined_splitClauses_0":["17"],
"relationSymbolNumberAfterSimplification_Unlabeled_splitClauses_1":["33"],
"minedTemplateNumber_PredictedCG_splitClauses_1":["35"],
"cegarIterationNumber_Empty_splitClauses_1":["10800000"],
"averagePredicateSize_RelationalIneqs_splitClauses_0":["10800000"],
"solvability_All_splitClauses_1":["10800000"],
"unlabeledBinaryVariableTemplatesNumber_Term_splitClauses_1":["78"],
"minedTemplateRelationSymbolNumber_Labeled_splitClauses_1":["4"],
"averagePredicateSize_Unlabeled_splitClauses_1":["10800000"],
"labeledTemplateNumber_Term_splitClauses_0":["19"],
"smt2FileSizeByte_Empty_splitClauses_1":["4806"],
"solvingTime_PredictedCG_splitClauses_0":["10800000"],
"cegarIterationNumber_All_splitClauses_1":["10800000"],
"clauseNumberBeforeSimplification_Term_splitClauses_1":["18"],
"predicateGeneratorTime_Empty_splitClauses_0":["10800000"],
"relationSymbolNumberBeforeSimplification_Empty_splitClauses_1":["35"],
"averagePredicateSize_All_splitClauses_0":["10800000"],
"unlabeledBinaryVariableTemplatesNumber_Random_splitClauses_0":["78"],
"smt2FileSizeByte_Term_splitClauses_0":["4806"],
"averagePredicateSize_Mined_splitClauses_1":["1"],
"minedBinaryVariableTemplatesNumber_Empty_splitClauses_0":["17"],
"minedTemplateRelationSymbolNumber_All_splitClauses_1":["4"],
"labeledSingleVariableTemplatesNumber_PredictedCG_splitClauses_0":["2"],
"unlabeledBinaryVariableTemplatesNumber_RelationalIneqs_splitClauses_0":["78"],
"unlabeledSingleVariableTemplatesNumber_RelationalIneqs_splitClauses_1":["51"],
"clauseNumberAfterSimplification_RelationalIneqs_splitClauses_0":["17"],
"unlabeledTemplateNumber_RelationalEqs_splitClauses_0":["129"],
"unlabeledTemplateNumber_RelationalIneqs_splitClauses_1":["129"],
"labeledTemplateRelationSymbolNumber_PredictedCG_splitClauses_1":["3"],
"labeledTemplateRelationSymbolNumber_All_splitClauses_0":["3"],
"labeledSingleVariableTemplatesNumber_Octagon_splitClauses_0":["2"],
"dummyFiled":[]
}