{
"smt2FileSizeByte_All_splitClauses_1":["4728"],
"generatedPredicateNumber_All_splitClauses_1":["10800000"],
"unlabeledTemplateRelationSymbolNumber_PredictedCDHG_splitClauses_0":["4"],
"relationSymbolNumberBeforeSimplification_Unlabeled_splitClauses_1":["32"],
"predicateGeneratorTime_Term_splitClauses_0":["10800000"],
"averagePredicateSize_Random_splitClauses_1":["1"],
"labeledBinaryVariableTemplatesNumber_Labeled_splitClauses_1":["1"],
"clauseNumberBeforeSimplification_All_splitClauses_1":["15"],
"minedTemplateRelationSymbolNumber_Term_splitClauses_0":["4"],
"solvingTime_Labeled_splitClauses_1":["393"],
"unlabeledTemplateNumber_Labeled_splitClauses_1":["48"],
"relationSymbolNumberAfterSimplification_All_splitClauses_1":["29"],
"minedTemplateRelationSymbolNumber_Octagon_splitClauses_1":["4"],
"clauseNumberAfterSimplification_Mined_splitClauses_1":["13"],
"relationSymbolNumberBeforeSimplification_Octagon_splitClauses_0":["32"],
"unlabeledBinaryVariableTemplatesNumber_Term_splitClauses_0":["24"],
"labeledTemplateNumber_PredictedCDHG_splitClauses_0":["1"],
"solvability_Empty_splitClauses_0":["10800000"],
"unlabeledTemplateRelationSymbolNumber_Random_splitClauses_1":["4"],
"labeledBinaryVariableTemplatesNumber_Octagon_splitClauses_0":["1"],
"relationSymbolNumberBeforeSimplification_Random_splitClauses_1":["32"],
"minedTemplateRelationSymbolNumber_Random_splitClauses_1":["4"],
"unlabeledSingleVariableTemplatesNumber_Mined_splitClauses_0":["24"],
"unlabeledBinaryVariableTemplatesNumber_PredictedCG_splitClauses_1":["24"],
"solvability_All_splitClauses_0":["10800000"],
"predicateGeneratorTime_RelationalEqs_splitClauses_1":["141"],
"relationSymbolNumberBeforeSimplification_PredictedCDHG_splitClauses_1":["32"],
"smt2FileSizeByte_PredictedCG_splitClauses_1":["4728"],
"labeledSingleVariableTemplatesNumber_Unlabeled_splitClauses_1":["0"],
"labeledBinaryVariableTemplatesNumber_PredictedCG_splitClauses_1":["1"],
"minedBinaryVariableTemplatesNumber_PredictedCG_splitClauses_0":["1"],
"solvability_Random_splitClauses_0":["10800000"],
"relationSymbolNumberAfterSimplification_PredictedCG_splitClauses_1":["29"],
"clauseNumberBeforeSimplification_PredictedCDHG_splitClauses_1":["15"],
"labeledSingleVariableTemplatesNumber_Mined_splitClauses_0":["0"],
"solvability_Unlabeled_splitClauses_1":["1"],
"cegarIterationNumber_Labeled_splitClauses_1":["3"],
"smt2FileSizeByte_Mined_splitClauses_0":["4728"],
"relationSymbolNumberAfterSimplification_Mined_splitClauses_0":["29"],
"labeledSingleVariableTemplatesNumber_PredictedCG_splitClauses_1":["0"],
"smt2FileSizeByte_Octagon_splitClauses_1":["4728"],
"minedTemplateNumber_Labeled_splitClauses_1":["9"],
"labeledSingleVariableTemplatesNumber_RelationalIneqs_splitClauses_1":["0"],
"clauseNumberAfterSimplification_Labeled_splitClauses_1":["13"],
"relationSymbolNumberAfterSimplification_Labeled_splitClauses_0":["29"],
"smt2FileSizeByte_Random_splitClauses_0":["4728"],
"relationSymbolNumberAfterSimplification_PredictedCDHG_splitClauses_0":["29"],
"unlabeledTemplateRelationSymbolNumber_PredictedCDHG_splitClauses_1":["4"],
"labeledSingleVariableTemplatesNumber_Term_splitClauses_0":["0"],
"generatedPredicateNumber_PredictedCDHG_splitClauses_1":["10800000"],
"minedSingleVariableTemplatesNumber_Unlabeled_splitClauses_0":["8"],
"generatedPredicateNumber_Octagon_splitClauses_1":["3"],
"labeledSingleVariableTemplatesNumber_RelationalEqs_splitClauses_0":["0"],
"predicateGeneratorTime_PredictedCG_splitClauses_1":["10800000"],
"relationSymbolNumberAfterSimplification_Octagon_splitClauses_0":["29"],
"labeledTemplateNumber_Labeled_splitClauses_1":["1"],
"labeledSingleVariableTemplatesNumber_Empty_splitClauses_0":["0"],
"minedTemplateRelationSymbolNumber_RelationalIneqs_splitClauses_1":["4"],
"unlabeledSingleVariableTemplatesNumber_All_splitClauses_1":["24"],
"labeledBinaryVariableTemplatesNumber_PredictedCDHG_splitClauses_1":["1"],
"unlabeledSingleVariableTemplatesNumber_RelationalEqs_splitClauses_1":["24"],
"cegarIterationNumber_Term_splitClauses_0":["10800000"],
"unlabeledBinaryVariableTemplatesNumber_Labeled_splitClauses_1":["24"],
"unlabeledSingleVariableTemplatesNumber_Term_splitClauses_1":["24"],
"clauseNumberAfterSimplification_All_splitClauses_1":["13"],
"minedSingleVariableTemplatesNumber_Random_splitClauses_0":["8"],
"solvability_RelationalIneqs_splitClauses_1":["1"],
"minedTemplateNumber_Labeled_splitClauses_0":["9"],
"minedSingleVariableTemplatesNumber_Octagon_splitClauses_0":["8"],
"minedSingleVariableTemplatesNumber_Term_splitClauses_1":["8"],
"minedBinaryVariableTemplatesNumber_PredictedCDHG_splitClauses_1":["1"],
"generatedPredicateNumber_Mined_splitClauses_1":["3"],
"labeledSingleVariableTemplatesNumber_RelationalIneqs_splitClauses_0":["0"],
"averagePredicateSize_Mined_splitClauses_0":["10800000"],
"cegarIterationNumber_Unlabeled_splitClauses_0":["10800000"],
"minedBinaryVariableTemplatesNumber_Random_splitClauses_0":["1"],
"labeledTemplateNumber_Mined_splitClauses_1":["1"],
"labeledBinaryVariableTemplatesNumber_Random_splitClauses_0":["1"],
"unlabeledTemplateRelationSymbolNumber_Unlabeled_splitClauses_1":["4"],
"cegarIterationNumber_Mined_splitClauses_0":["10800000"],
"minedTemplateRelationSymbolNumber_Labeled_splitClauses_0":["4"],
"unlabeledBinaryVariableTemplatesNumber_RelationalIneqs_splitClauses_1":["24"],
"unlabeledBinaryVariableTemplatesNumber_Octagon_splitClauses_0":["24"],
"solvability_Mined_splitClauses_0":["10800000"],
"averagePredicateSize_RelationalEqs_splitClauses_0":["10800000"],
"clauseNumberAfterSimplification_Term_splitClauses_0":["13"],
"unlabeledTemplateNumber_Mined_splitClauses_0":["48"],
"relationSymbolNumberAfterSimplification_Random_splitClauses_1":["29"],
"unlabeledTemplateNumber_PredictedCDHG_splitClauses_0":["48"],
"cegarIterationNumber_RelationalIneqs_splitClauses_1":["3"],
"minedBinaryVariableTemplatesNumber_Unlabeled_splitClauses_1":["1"],
"labeledTemplateNumber_PredictedCG_splitClauses_1":["1"],
"labeledTemplateRelationSymbolNumber_Mined_splitClauses_0":["1"],
"labeledBinaryVariableTemplatesNumber_Mined_splitClauses_1":["1"],
"relationSymbolNumberBeforeSimplification_Mined_splitClauses_0":["32"],
"relationSymbolNumberBeforeSimplification_RelationalIneqs_splitClauses_0":["32"],
"clauseNumberAfterSimplification_RelationalIneqs_splitClauses_1":["13"],
"minedSingleVariableTemplatesNumber_PredictedCDHG_splitClauses_0":["8"],
"solvability_Labeled_splitClauses_1":["1"],
"labeledSingleVariableTemplatesNumber_Octagon_splitClauses_1":["0"],
"averagePredicateSize_Random_splitClauses_0":["10800000"],
"smt2FileSizeByte_RelationalIneqs_splitClauses_0":["4728"],
"generatedPredicateNumber_Unlabeled_splitClauses_0":["10800000"],
"solvability_RelationalEqs_splitClauses_0":["10800000"],
"predicateGeneratorTime_Empty_splitClauses_1":["149"],
"minedSingleVariableTemplatesNumber_Mined_splitClauses_0":["8"],
"relationSymbolNumberAfterSimplification_Unlabeled_splitClauses_0":["29"],
"minedTemplateRelationSymbolNumber_PredictedCDHG_splitClauses_1":["4"],
"minedTemplateNumber_PredictedCG_splitClauses_0":["9"],
"averagePredicateSize_RelationalIneqs_splitClauses_1":["1"],
"labeledTemplateRelationSymbolNumber_Random_splitClauses_1":["1"],
"minedTemplateNumber_RelationalIneqs_splitClauses_0":["9"],
"predicateGeneratorTime_RelationalIneqs_splitClauses_0":["10800000"],
"labeledTemplateRelationSymbolNumber_Empty_splitClauses_0":["1"],
"minedBinaryVariableTemplatesNumber_Octagon_splitClauses_0":["1"],
"labeledSingleVariableTemplatesNumber_Term_splitClauses_1":["0"],
"labeledBinaryVariableTemplatesNumber_Empty_splitClauses_0":["1"],
"minedTemplateNumber_Octagon_splitClauses_0":["9"],
"labeledBinaryVariableTemplatesNumber_Unlabeled_splitClauses_0":["1"],
"relationSymbolNumberBeforeSimplification_Empty_splitClauses_0":["32"],
"clauseNumberAfterSimplification_PredictedCDHG_splitClauses_0":["13"],
"smt2FileSizeByte_PredictedCG_splitClauses_0":["4728"],
"minedBinaryVariableTemplatesNumber_RelationalEqs_splitClauses_0":["1"],
"relationSymbolNumberBeforeSimplification_Unlabeled_splitClauses_0":["32"],
"labeledTemplateRelationSymbolNumber_RelationalEqs_splitClauses_1":["1"],
"minedBinaryVariableTemplatesNumber_Random_splitClauses_1":["1"],
"clauseNumberAfterSimplification_Unlabeled_splitClauses_1":["13"],
"minedSingleVariableTemplatesNumber_PredictedCDHG_splitClauses_1":["8"],
"labeledBinaryVariableTemplatesNumber_Term_splitClauses_1":["1"],
"clauseNumberBeforeSimplification_Empty_splitClauses_1":["15"],
"relationSymbolNumberAfterSimplification_Octagon_splitClauses_1":["29"],
"relationSymbolNumberAfterSimplification_Term_splitClauses_0":["29"],
"minedBinaryVariableTemplatesNumber_Mined_splitClauses_1":["1"],
"unlabeledBinaryVariableTemplatesNumber_Unlabeled_splitClauses_1":["24"],
"relationSymbolNumberBeforeSimplification_Random_splitClauses_0":["32"],
"relationSymbolNumberAfterSimplification_PredictedCDHG_splitClauses_1":["29"],
"unlabeledTemplateNumber_PredictedCG_splitClauses_1":["48"],
"generatedPredicateNumber_Empty_splitClauses_0":["10800000"],
"predicateGeneratorTime_RelationalIneqs_splitClauses_1":["133"],
"unlabeledSingleVariableTemplatesNumber_Empty_splitClauses_0":["24"],
"cegarIterationNumber_Octagon_splitClauses_0":["10800000"],
"clauseNumberAfterSimplification_Octagon_splitClauses_1":["13"],
"unlabeledSingleVariableTemplatesNumber_Labeled_splitClauses_1":["24"],
"clauseNumberBeforeSimplification_Random_splitClauses_1":["15"],
"minedTemplateRelationSymbolNumber_All_splitClauses_0":["4"],
"unlabeledTemplateRelationSymbolNumber_RelationalEqs_splitClauses_0":["4"],
"minedSingleVariableTemplatesNumber_Unlabeled_splitClauses_1":["8"],
"clauseNumberBeforeSimplification_RelationalEqs_splitClauses_0":["15"],
"minedTemplateNumber_Unlabeled_splitClauses_0":["9"],
"generatedPredicateNumber_Octagon_splitClauses_0":["10800000"],
"predicateGeneratorTime_PredictedCDHG_splitClauses_0":["10800000"],
"clauseNumberAfterSimplification_PredictedCG_splitClauses_1":["13"],
"labeledSingleVariableTemplatesNumber_RelationalEqs_splitClauses_1":["0"],
"smt2FileSizeByte_Random_splitClauses_1":["4728"],
"averagePredicateSize_PredictedCG_splitClauses_1":["10800000"],
"cegarIterationNumber_PredictedCDHG_splitClauses_1":["10800000"],
"clauseNumberAfterSimplification_RelationalEqs_splitClauses_1":["13"],
"minedBinaryVariableTemplatesNumber_Empty_splitClauses_1":["1"],
"relationSymbolNumberAfterSimplification_RelationalEqs_splitClauses_1":["29"],
"minedTemplateNumber_PredictedCDHG_splitClauses_0":["9"],
"labeledBinaryVariableTemplatesNumber_All_splitClauses_1":["1"],
"solvingTime_RelationalIneqs_splitClauses_1":["199"],
"unlabeledTemplateRelationSymbolNumber_RelationalEqs_splitClauses_1":["4"],
"smt2FileSizeByte_Unlabeled_splitClauses_0":["4728"],
"relationSymbolNumberBeforeSimplification_Mined_splitClauses_1":["32"],
"relationSymbolNumberAfterSimplification_Mined_splitClauses_1":["29"],
"generatedPredicateNumber_All_splitClauses_0":["10800000"],
"relationSymbolNumberBeforeSimplification_Octagon_splitClauses_1":["32"],
"predicateGeneratorTime_Octagon_splitClauses_1":["151"],
"solvability_Mined_splitClauses_1":["1"],
"minedTemplateRelationSymbolNumber_Term_splitClauses_1":["4"],
"clauseNumberAfterSimplification_Mined_splitClauses_0":["13"],
"solvability_PredictedCDHG_splitClauses_0":["10800000"],
"solvingTime_Empty_splitClauses_0":["10800000"],
"unlabeledSingleVariableTemplatesNumber_Unlabeled_splitClauses_1":["24"],
"minedTemplateNumber_Term_splitClauses_1":["9"],
"averagePredicateSize_Octagon_splitClauses_1":["1"],
"unlabeledSingleVariableTemplatesNumber_Octagon_splitClauses_1":["24"],
"minedTemplateRelationSymbolNumber_RelationalEqs_splitClauses_1":["4"],
"relationSymbolNumberBeforeSimplification_All_splitClauses_1":["32"],
"minedBinaryVariableTemplatesNumber_RelationalIneqs_splitClauses_0":["1"],
"predicateGeneratorTime_Term_splitClauses_1":["139"],
"solvingTime_Labeled_splitClauses_0":["10800000"],
"unlabeledBinaryVariableTemplatesNumber_PredictedCG_splitClauses_0":["24"],
"minedTemplateNumber_All_splitClauses_0":["9"],
"predicateGeneratorTime_Labeled_splitClauses_1":["213"],
"unlabeledTemplateRelationSymbolNumber_Empty_splitClauses_0":["4"],
"unlabeledTemplateNumber_Mined_splitClauses_1":["48"],
"solvability_PredictedCG_splitClauses_1":["10800000"],
"unlabeledTemplateNumber_Term_splitClauses_0":["48"],
"minedBinaryVariableTemplatesNumber_PredictedCG_splitClauses_1":["1"],
"labeledSingleVariableTemplatesNumber_PredictedCDHG_splitClauses_0":["0"],
"minedBinaryVariableTemplatesNumber_All_splitClauses_0":["1"],
"averagePredicateSize_PredictedCDHG_splitClauses_1":["10800000"],
"predicateGeneratorTime_PredictedCG_splitClauses_0":["10800000"],
"generatedPredicateNumber_RelationalIneqs_splitClauses_0":["10800000"],
"labeledTemplateNumber_Empty_splitClauses_0":["1"],
"relationSymbolNumberAfterSimplification_RelationalIneqs_splitClauses_1":["29"],
"unlabeledTemplateRelationSymbolNumber_Term_splitClauses_0":["4"],
"minedTemplateNumber_All_splitClauses_1":["9"],
"labeledSingleVariableTemplatesNumber_Empty_splitClauses_1":["0"],
"minedBinaryVariableTemplatesNumber_Unlabeled_splitClauses_0":["1"],
"labeledTemplateNumber_Random_splitClauses_0":["1"],
"minedBinaryVariableTemplatesNumber_All_splitClauses_1":["1"],
"unlabeledSingleVariableTemplatesNumber_All_splitClauses_0":["24"],
"relationSymbolNumberBeforeSimplification_Labeled_splitClauses_1":["32"],
"smt2FileSizeByte_PredictedCDHG_splitClauses_1":["4728"],
"labeledBinaryVariableTemplatesNumber_PredictedCDHG_splitClauses_0":["1"],
"averagePredicateSize_RelationalEqs_splitClauses_1":["1"],
"minedSingleVariableTemplatesNumber_Term_splitClauses_0":["8"],
"labeledTemplateRelationSymbolNumber_Term_splitClauses_1":["1"],
"generatedPredicateNumber_Random_splitClauses_0":["10800000"],
"labeledBinaryVariableTemplatesNumber_Empty_splitClauses_1":["1"],
"relationSymbolNumberAfterSimplification_Term_splitClauses_1":["29"],
"clauseNumberAfterSimplification_Labeled_splitClauses_0":["13"],
"labeledSingleVariableTemplatesNumber_Labeled_splitClauses_0":["0"],
"minedTemplateNumber_Mined_splitClauses_1":["9"],
"labeledTemplateRelationSymbolNumber_Labeled_splitClauses_0":["1"],
"unlabeledTemplateRelationSymbolNumber_Mined_splitClauses_1":["4"],
"solvability_Labeled_splitClauses_0":["10800000"],
"minedTemplateNumber_RelationalEqs_splitClauses_1":["9"],
"solvingTime_Random_splitClauses_1":["246"],
"minedTemplateNumber_Random_splitClauses_0":["9"],
"cegarIterationNumber_Unlabeled_splitClauses_1":["3"],
"minedTemplateNumber_RelationalIneqs_splitClauses_1":["9"],
"unlabeledBinaryVariableTemplatesNumber_Octagon_splitClauses_1":["24"],
"minedSingleVariableTemplatesNumber_Octagon_splitClauses_1":["8"],
"minedSingleVariableTemplatesNumber_Random_splitClauses_1":["8"],
"averagePredicateSize_All_splitClauses_1":["10800000"],
"minedTemplateNumber_Empty_splitClauses_0":["9"],
"labeledTemplateNumber_Mined_splitClauses_0":["1"],
"unlabeledBinaryVariableTemplatesNumber_All_splitClauses_0":["24"],
"relationSymbolNumberAfterSimplification_Labeled_splitClauses_1":["29"],
"labeledSingleVariableTemplatesNumber_PredictedCDHG_splitClauses_1":["0"],
"minedSingleVariableTemplatesNumber_Mined_splitClauses_1":["8"],
"labeledTemplateRelationSymbolNumber_Term_splitClauses_0":["1"],
"unlabeledTemplateRelationSymbolNumber_Term_splitClauses_1":["4"],
"predicateGeneratorTime_All_splitClauses_1":["10800000"],
"unlabeledSingleVariableTemplatesNumber_Random_splitClauses_0":["24"],
"predicateGeneratorTime_Unlabeled_splitClauses_1":["195"],
"cegarIterationNumber_PredictedCDHG_splitClauses_0":["10800000"],
"labeledTemplateNumber_RelationalEqs_splitClauses_0":["1"],
"labeledTemplateRelationSymbolNumber_Mined_splitClauses_1":["1"],
"labeledTemplateRelationSymbolNumber_Random_splitClauses_0":["1"],
"labeledBinaryVariableTemplatesNumber_RelationalEqs_splitClauses_1":["1"],
"generatedPredicateNumber_RelationalIneqs_splitClauses_1":["3"],
"unlabeledTemplateRelationSymbolNumber_PredictedCG_splitClauses_1":["4"],
"unlabeledSingleVariableTemplatesNumber_RelationalEqs_splitClauses_0":["24"],
"labeledBinaryVariableTemplatesNumber_Labeled_splitClauses_0":["1"],
"minedBinaryVariableTemplatesNumber_PredictedCDHG_splitClauses_0":["1"],
"unlabeledTemplateRelationSymbolNumber_Unlabeled_splitClauses_0":["4"],
"clauseNumberAfterSimplification_Term_splitClauses_1":["13"],
"unlabeledTemplateNumber_Octagon_splitClauses_0":["48"],
"unlabeledBinaryVariableTemplatesNumber_RelationalEqs_splitClauses_1":["24"],
"unlabeledTemplateNumber_PredictedCG_splitClauses_0":["48"],
"unlabeledTemplateNumber_All_splitClauses_0":["48"],
"labeledTemplateRelationSymbolNumber_RelationalIneqs_splitClauses_1":["1"],
"unlabeledSingleVariableTemplatesNumber_Mined_splitClauses_1":["24"],
"labeledTemplateRelationSymbolNumber_Unlabeled_splitClauses_1":["1"],
"labeledBinaryVariableTemplatesNumber_Random_splitClauses_1":["1"],
"solvability_Random_splitClauses_1":["1"],
"solvingTime_Term_splitClauses_0":["10800000"],
"minedSingleVariableTemplatesNumber_Labeled_splitClauses_1":["8"],
"clauseNumberBeforeSimplification_Term_splitClauses_0":["15"],
"relationSymbolNumberBeforeSimplification_RelationalIneqs_splitClauses_1":["32"],
"minedTemplateRelationSymbolNumber_Mined_splitClauses_0":["4"],
"solvability_Octagon_splitClauses_1":["1"],
"minedSingleVariableTemplatesNumber_RelationalIneqs_splitClauses_1":["8"],
"smt2FileSizeByte_Labeled_splitClauses_0":["4728"],
"solvability_RelationalEqs_splitClauses_1":["1"],
"unlabeledSingleVariableTemplatesNumber_Empty_splitClauses_1":["24"],
"labeledTemplateNumber_PredictedCDHG_splitClauses_1":["1"],
"minedTemplateRelationSymbolNumber_Octagon_splitClauses_0":["4"],
"clauseNumberAfterSimplification_Unlabeled_splitClauses_0":["13"],
"clauseNumberBeforeSimplification_Unlabeled_splitClauses_0":["15"],
"clauseNumberBeforeSimplification_PredictedCDHG_splitClauses_0":["15"],
"cegarIterationNumber_RelationalIneqs_splitClauses_0":["10800000"],
"labeledTemplateRelationSymbolNumber_RelationalEqs_splitClauses_0":["1"],
"averagePredicateSize_Labeled_splitClauses_0":["10800000"],
"smt2FileSizeByte_RelationalIneqs_splitClauses_1":["4728"],
"clauseNumberBeforeSimplification_RelationalEqs_splitClauses_1":["15"],
"unlabeledTemplateRelationSymbolNumber_RelationalIneqs_splitClauses_1":["4"],
"clauseNumberBeforeSimplification_PredictedCG_splitClauses_0":["15"],
"solvingTime_PredictedCDHG_splitClauses_0":["10800000"],
"labeledTemplateRelationSymbolNumber_Octagon_splitClauses_1":["1"],
"minedTemplateRelationSymbolNumber_PredictedCG_splitClauses_1":["4"],
"relationSymbolNumberBeforeSimplification_RelationalEqs_splitClauses_1":["32"],
"labeledTemplateNumber_Random_splitClauses_1":["1"],
"solvingTime_RelationalIneqs_splitClauses_0":["10800000"],
"labeledTemplateNumber_All_splitClauses_1":["1"],
"unlabeledTemplateNumber_Random_splitClauses_1":["48"],
"relationSymbolNumberBeforeSimplification_All_splitClauses_0":["32"],
"smt2FileSizeByte_Unlabeled_splitClauses_1":["4728"],
"cegarIterationNumber_PredictedCG_splitClauses_0":["10800000"],
"predicateGeneratorTime_Octagon_splitClauses_0":["10800000"],
"unlabeledTemplateNumber_RelationalEqs_splitClauses_1":["48"],
"clauseNumberAfterSimplification_Octagon_splitClauses_0":["13"],
"cegarIterationNumber_Random_splitClauses_0":["10800000"],
"solvability_PredictedCDHG_splitClauses_1":["10800000"],
"solvability_PredictedCG_splitClauses_0":["10800000"],
"solvingTime_PredictedCG_splitClauses_1":["10800000"],
"unlabeledSingleVariableTemplatesNumber_Unlabeled_splitClauses_0":["24"],
"unlabeledTemplateNumber_Unlabeled_splitClauses_0":["48"],
"labeledTemplateRelationSymbolNumber_RelationalIneqs_splitClauses_0":["1"],
"minedTemplateNumber_Random_splitClauses_1":["9"],
"generatedPredicateNumber_RelationalEqs_splitClauses_0":["10800000"],
"minedTemplateNumber_Term_splitClauses_0":["9"],
"solvingTime_All_splitClauses_1":["10800000"],
"minedSingleVariableTemplatesNumber_PredictedCG_splitClauses_0":["8"],
"smt2FileSizeByte_Term_splitClauses_1":["4728"],
"labeledBinaryVariableTemplatesNumber_All_splitClauses_0":["1"],
"minedTemplateNumber_PredictedCDHG_splitClauses_1":["9"],
"minedTemplateRelationSymbolNumber_PredictedCDHG_splitClauses_0":["4"],
"averagePredicateSize_Unlabeled_splitClauses_0":["10800000"],
"minedBinaryVariableTemplatesNumber_Octagon_splitClauses_1":["1"],
"unlabeledSingleVariableTemplatesNumber_Random_splitClauses_1":["24"],
"clauseNumberBeforeSimplification_Random_splitClauses_0":["15"],
"solvingTime_Unlabeled_splitClauses_1":["325"],
"predicateGeneratorTime_PredictedCDHG_splitClauses_1":["10800000"],
"averagePredicateSize_PredictedCDHG_splitClauses_0":["10800000"],
"relationSymbolNumberAfterSimplification_RelationalEqs_splitClauses_0":["29"],
"minedBinaryVariableTemplatesNumber_Term_splitClauses_0":["1"],
"labeledTemplateNumber_RelationalIneqs_splitClauses_0":["1"],
"clauseNumberAfterSimplification_Random_splitClauses_0":["13"],
"clauseNumberAfterSimplification_PredictedCG_splitClauses_0":["13"],
"generatedPredicateNumber_Empty_splitClauses_1":["3"],
"clauseNumberBeforeSimplification_Octagon_splitClauses_0":["15"],
"unlabeledTemplateNumber_Empty_splitClauses_0":["48"],
"minedSingleVariableTemplatesNumber_All_splitClauses_0":["8"],
"labeledTemplateRelationSymbolNumber_Octagon_splitClauses_0":["1"],
"generatedPredicateNumber_Random_splitClauses_1":["3"],
"clauseNumberAfterSimplification_RelationalEqs_splitClauses_0":["13"],
"labeledBinaryVariableTemplatesNumber_Term_splitClauses_0":["1"],
"minedSingleVariableTemplatesNumber_RelationalEqs_splitClauses_0":["8"],
"minedTemplateNumber_Mined_splitClauses_0":["9"],
"relationSymbolNumberBeforeSimplification_PredictedCG_splitClauses_0":["32"],
"averagePredicateSize_Octagon_splitClauses_0":["10800000"],
"unlabeledBinaryVariableTemplatesNumber_Empty_splitClauses_1":["24"],
"unlabeledSingleVariableTemplatesNumber_PredictedCDHG_splitClauses_0":["24"],
"unlabeledSingleVariableTemplatesNumber_PredictedCG_splitClauses_1":["24"],
"labeledTemplateRelationSymbolNumber_Labeled_splitClauses_1":["1"],
"minedTemplateRelationSymbolNumber_Random_splitClauses_0":["4"],
"unlabeledTemplateRelationSymbolNumber_PredictedCG_splitClauses_0":["4"],
"unlabeledTemplateNumber_RelationalIneqs_splitClauses_0":["48"],
"unlabeledSingleVariableTemplatesNumber_Labeled_splitClauses_0":["24"],
"relationSymbolNumberAfterSimplification_PredictedCG_splitClauses_0":["29"],
"minedTemplateNumber_Unlabeled_splitClauses_1":["9"],
"generatedPredicateNumber_PredictedCG_splitClauses_0":["10800000"],
"labeledTemplateNumber_Unlabeled_splitClauses_1":["1"],
"unlabeledTemplateRelationSymbolNumber_Empty_splitClauses_1":["4"],
"clauseNumberBeforeSimplification_Empty_splitClauses_0":["15"],
"solvingTime_Octagon_splitClauses_1":["271"],
"cegarIterationNumber_Mined_splitClauses_1":["3"],
"clauseNumberBeforeSimplification_Mined_splitClauses_1":["15"],
"smt2FileSizeByte_PredictedCDHG_splitClauses_0":["4728"],
"averagePredicateSize_PredictedCG_splitClauses_0":["10800000"],
"solvingTime_Random_splitClauses_0":["10800000"],
"minedTemplateNumber_RelationalEqs_splitClauses_0":["9"],
"unlabeledSingleVariableTemplatesNumber_RelationalIneqs_splitClauses_0":["24"],
"unlabeledTemplateNumber_Unlabeled_splitClauses_1":["48"],
"labeledBinaryVariableTemplatesNumber_RelationalEqs_splitClauses_0":["1"],
"generatedPredicateNumber_PredictedCDHG_splitClauses_0":["10800000"],
"relationSymbolNumberAfterSimplification_RelationalIneqs_splitClauses_0":["29"],
"minedTemplateRelationSymbolNumber_Empty_splitClauses_1":["4"],
"predicateGeneratorTime_Random_splitClauses_1":["142"],
"labeledTemplateNumber_Term_splitClauses_1":["1"],
"relationSymbolNumberBeforeSimplification_RelationalEqs_splitClauses_0":["32"],
"minedSingleVariableTemplatesNumber_Empty_splitClauses_1":["8"],
"minedSingleVariableTemplatesNumber_RelationalIneqs_splitClauses_0":["8"],
"clauseNumberAfterSimplification_All_splitClauses_0":["13"],
"unlabeledBinaryVariableTemplatesNumber_RelationalEqs_splitClauses_0":["24"],
"cegarIterationNumber_RelationalEqs_splitClauses_0":["10800000"],
"labeledTemplateRelationSymbolNumber_PredictedCDHG_splitClauses_0":["1"],
"labeledSingleVariableTemplatesNumber_Labeled_splitClauses_1":["0"],
"unlabeledBinaryVariableTemplatesNumber_All_splitClauses_1":["24"],
"minedTemplateRelationSymbolNumber_Unlabeled_splitClauses_1":["4"],
"solvingTime_RelationalEqs_splitClauses_0":["10800000"],
"solvingTime_RelationalEqs_splitClauses_1":["211"],
"minedBinaryVariableTemplatesNumber_Mined_splitClauses_0":["1"],
"clauseNumberBeforeSimplification_All_splitClauses_0":["15"],
"clauseNumberBeforeSimplification_RelationalIneqs_splitClauses_1":["15"],
"labeledTemplateNumber_RelationalEqs_splitClauses_1":["1"],
"labeledBinaryVariableTemplatesNumber_RelationalIneqs_splitClauses_0":["1"],
"relationSymbolNumberBeforeSimplification_Labeled_splitClauses_0":["32"],
"clauseNumberAfterSimplification_Empty_splitClauses_0":["13"],
"averagePredicateSize_Empty_splitClauses_0":["10800000"],
"unlabeledTemplateNumber_Term_splitClauses_1":["48"],
"predicateGeneratorTime_Mined_splitClauses_1":["195"],
"labeledBinaryVariableTemplatesNumber_RelationalIneqs_splitClauses_1":["1"],
"predicateGeneratorTime_Unlabeled_splitClauses_0":["10800000"],
"relationSymbolNumberAfterSimplification_Empty_splitClauses_0":["29"],
"generatedPredicateNumber_Mined_splitClauses_0":["10800000"],
"generatedPredicateNumber_RelationalEqs_splitClauses_1":["3"],
"labeledTemplateRelationSymbolNumber_PredictedCG_splitClauses_0":["1"],
"minedSingleVariableTemplatesNumber_PredictedCG_splitClauses_1":["8"],
"minedTemplateRelationSymbolNumber_PredictedCG_splitClauses_0":["4"],
"unlabeledTemplateRelationSymbolNumber_Labeled_splitClauses_0":["4"],
"solvability_Empty_splitClauses_1":["1"],
"averagePredicateSize_Term_splitClauses_0":["10800000"],
"cegarIterationNumber_Random_splitClauses_1":["3"],
"averagePredicateSize_Labeled_splitClauses_1":["1"],
"unlabeledBinaryVariableTemplatesNumber_Unlabeled_splitClauses_0":["24"],
"generatedPredicateNumber_Unlabeled_splitClauses_1":["3"],
"predicateGeneratorTime_All_splitClauses_0":["10800000"],
"unlabeledBinaryVariableTemplatesNumber_PredictedCDHG_splitClauses_1":["24"],
"clauseNumberBeforeSimplification_Labeled_splitClauses_1":["15"],
"minedBinaryVariableTemplatesNumber_Labeled_splitClauses_1":["1"],
"labeledSingleVariableTemplatesNumber_All_splitClauses_0":["0"],
"unlabeledTemplateRelationSymbolNumber_Mined_splitClauses_0":["4"],
"cegarIterationNumber_Octagon_splitClauses_1":["3"],
"labeledTemplateNumber_Octagon_splitClauses_0":["1"],
"labeledTemplateRelationSymbolNumber_All_splitClauses_1":["1"],
"smt2FileSizeByte_Empty_splitClauses_0":["4728"],
"unlabeledTemplateNumber_Octagon_splitClauses_1":["48"],
"predicateGeneratorTime_RelationalEqs_splitClauses_0":["10800000"],
"unlabeledTemplateRelationSymbolNumber_RelationalIneqs_splitClauses_0":["4"],
"smt2FileSizeByte_RelationalEqs_splitClauses_1":["4728"],
"unlabeledTemplateNumber_Labeled_splitClauses_0":["48"],
"minedSingleVariableTemplatesNumber_Labeled_splitClauses_0":["8"],
"solvingTime_PredictedCDHG_splitClauses_1":["10800000"],
"relationSymbolNumberBeforeSimplification_Term_splitClauses_1":["32"],
"minedTemplateNumber_Octagon_splitClauses_1":["9"],
"clauseNumberBeforeSimplification_Mined_splitClauses_0":["15"],
"smt2FileSizeByte_All_splitClauses_0":["4728"],
"solvingTime_All_splitClauses_0":["10800000"],
"minedBinaryVariableTemplatesNumber_Term_splitClauses_1":["1"],
"unlabeledTemplateRelationSymbolNumber_Random_splitClauses_0":["4"],
"cegarIterationNumber_All_splitClauses_0":["10800000"],
"smt2FileSizeByte_RelationalEqs_splitClauses_0":["4728"],
"unlabeledSingleVariableTemplatesNumber_PredictedCDHG_splitClauses_1":["24"],
"clauseNumberBeforeSimplification_Labeled_splitClauses_0":["15"],
"cegarIterationNumber_PredictedCG_splitClauses_1":["10800000"],
"labeledTemplateRelationSymbolNumber_Unlabeled_splitClauses_0":["1"],
"unlabeledTemplateRelationSymbolNumber_Octagon_splitClauses_1":["4"],
"unlabeledTemplateNumber_Empty_splitClauses_1":["48"],
"clauseNumberBeforeSimplification_Octagon_splitClauses_1":["15"],
"labeledTemplateNumber_Unlabeled_splitClauses_0":["1"],
"labeledBinaryVariableTemplatesNumber_PredictedCG_splitClauses_0":["1"],
"solvability_Term_splitClauses_1":["1"],
"solvability_Octagon_splitClauses_0":["10800000"],
"minedTemplateRelationSymbolNumber_RelationalIneqs_splitClauses_0":["4"],
"clauseNumberBeforeSimplification_RelationalIneqs_splitClauses_0":["15"],
"labeledTemplateNumber_PredictedCG_splitClauses_0":["1"],
"cegarIterationNumber_Labeled_splitClauses_0":["10800000"],
"smt2FileSizeByte_Labeled_splitClauses_1":["4728"],
"clauseNumberBeforeSimplification_Unlabeled_splitClauses_1":["15"],
"generatedPredicateNumber_Term_splitClauses_1":["3"],
"solvingTime_Term_splitClauses_1":["209"],
"unlabeledBinaryVariableTemplatesNumber_Random_splitClauses_1":["24"],
"unlabeledSingleVariableTemplatesNumber_Octagon_splitClauses_0":["24"],
"solvingTime_Octagon_splitClauses_0":["10800000"],
"labeledSingleVariableTemplatesNumber_Mined_splitClauses_1":["0"],
"averagePredicateSize_Term_splitClauses_1":["1"],
"labeledTemplateNumber_Labeled_splitClauses_0":["1"],
"unlabeledSingleVariableTemplatesNumber_PredictedCG_splitClauses_0":["24"],
"smt2FileSizeByte_Mined_splitClauses_1":["4728"],
"labeledBinaryVariableTemplatesNumber_Unlabeled_splitClauses_1":["1"],
"labeledTemplateNumber_All_splitClauses_0":["1"],
"unlabeledTemplateNumber_Random_splitClauses_0":["48"],
"labeledTemplateNumber_Octagon_splitClauses_1":["1"],
"unlabeledTemplateNumber_PredictedCDHG_splitClauses_1":["48"],
"unlabeledBinaryVariableTemplatesNumber_Mined_splitClauses_0":["24"],
"minedTemplateRelationSymbolNumber_Mined_splitClauses_1":["4"],
"labeledTemplateNumber_RelationalIneqs_splitClauses_1":["1"],
"relationSymbolNumberAfterSimplification_All_splitClauses_0":["29"],
"relationSymbolNumberBeforeSimplification_PredictedCDHG_splitClauses_0":["32"],
"solvability_Term_splitClauses_0":["10800000"],
"clauseNumberBeforeSimplification_PredictedCG_splitClauses_1":["15"],
"generatedPredicateNumber_Labeled_splitClauses_1":["3"],
"labeledSingleVariableTemplatesNumber_Unlabeled_splitClauses_0":["0"],
"unlabeledBinaryVariableTemplatesNumber_Empty_splitClauses_0":["24"],
"solvingTime_Mined_splitClauses_0":["10800000"],
"unlabeledTemplateNumber_All_splitClauses_1":["48"],
"clauseNumberAfterSimplification_Random_splitClauses_1":["13"],
"labeledBinaryVariableTemplatesNumber_Octagon_splitClauses_1":["1"],
"unlabeledBinaryVariableTemplatesNumber_Labeled_splitClauses_0":["24"],
"smt2FileSizeByte_Octagon_splitClauses_0":["4728"],
"labeledSingleVariableTemplatesNumber_Random_splitClauses_1":["0"],
"solvability_Unlabeled_splitClauses_0":["10800000"],
"solvingTime_Unlabeled_splitClauses_0":["10800000"],
"unlabeledTemplateRelationSymbolNumber_All_splitClauses_1":["4"],
"minedTemplateNumber_Empty_splitClauses_1":["9"],
"solvability_RelationalIneqs_splitClauses_0":["10800000"],
"unlabeledTemplateRelationSymbolNumber_Labeled_splitClauses_1":["4"],
"cegarIterationNumber_RelationalEqs_splitClauses_1":["3"],
"minedSingleVariableTemplatesNumber_RelationalEqs_splitClauses_1":["8"],
"clauseNumberAfterSimplification_PredictedCDHG_splitClauses_1":["13"],
"minedBinaryVariableTemplatesNumber_RelationalIneqs_splitClauses_1":["1"],
"unlabeledBinaryVariableTemplatesNumber_Mined_splitClauses_1":["24"],
"unlabeledBinaryVariableTemplatesNumber_PredictedCDHG_splitClauses_0":["24"],
"solvingTime_Empty_splitClauses_1":["259"],
"labeledTemplateRelationSymbolNumber_Empty_splitClauses_1":["1"],
"generatedPredicateNumber_Term_splitClauses_0":["10800000"],
"averagePredicateSize_Empty_splitClauses_1":["1"],
"generatedPredicateNumber_PredictedCG_splitClauses_1":["10800000"],
"labeledTemplateRelationSymbolNumber_PredictedCDHG_splitClauses_1":["1"],
"predicateGeneratorTime_Mined_splitClauses_0":["10800000"],
"relationSymbolNumberBeforeSimplification_Term_splitClauses_0":["32"],
"predicateGeneratorTime_Labeled_splitClauses_0":["10800000"],
"labeledSingleVariableTemplatesNumber_Random_splitClauses_0":["0"],
"unlabeledTemplateRelationSymbolNumber_All_splitClauses_0":["4"],
"minedBinaryVariableTemplatesNumber_Labeled_splitClauses_0":["1"],
"generatedPredicateNumber_Labeled_splitClauses_0":["10800000"],
"relationSymbolNumberAfterSimplification_Empty_splitClauses_1":["29"],
"solvingTime_Mined_splitClauses_1":["362"],
"minedSingleVariableTemplatesNumber_All_splitClauses_1":["8"],
"predicateGeneratorTime_Random_splitClauses_0":["10800000"],
"cegarIterationNumber_Term_splitClauses_1":["3"],
"labeledTemplateNumber_Empty_splitClauses_1":["1"],
"clauseNumberAfterSimplification_Empty_splitClauses_1":["13"],
"minedTemplateRelationSymbolNumber_Empty_splitClauses_0":["4"],
"unlabeledSingleVariableTemplatesNumber_Term_splitClauses_0":["24"],
"minedSingleVariableTemplatesNumber_Empty_splitClauses_0":["8"],
"relationSymbolNumberAfterSimplification_Random_splitClauses_0":["29"],
"minedTemplateRelationSymbolNumber_RelationalEqs_splitClauses_0":["4"],
"cegarIterationNumber_Empty_splitClauses_0":["10800000"],
"minedBinaryVariableTemplatesNumber_RelationalEqs_splitClauses_1":["1"],
"relationSymbolNumberBeforeSimplification_PredictedCG_splitClauses_1":["32"],
"labeledSingleVariableTemplatesNumber_All_splitClauses_1":["0"],
"unlabeledTemplateRelationSymbolNumber_Octagon_splitClauses_0":["4"],
"minedTemplateRelationSymbolNumber_Unlabeled_splitClauses_0":["4"],
"labeledBinaryVariableTemplatesNumber_Mined_splitClauses_0":["1"],
"relationSymbolNumberAfterSimplification_Unlabeled_splitClauses_1":["29"],
"minedTemplateNumber_PredictedCG_splitClauses_1":["9"],
"cegarIterationNumber_Empty_splitClauses_1":["3"],
"averagePredicateSize_RelationalIneqs_splitClauses_0":["10800000"],
"solvability_All_splitClauses_1":["10800000"],
"unlabeledBinaryVariableTemplatesNumber_Term_splitClauses_1":["24"],
"minedTemplateRelationSymbolNumber_Labeled_splitClauses_1":["4"],
"averagePredicateSize_Unlabeled_splitClauses_1":["1"],
"labeledTemplateNumber_Term_splitClauses_0":["1"],
"smt2FileSizeByte_Empty_splitClauses_1":["4728"],
"solvingTime_PredictedCG_splitClauses_0":["10800000"],
"cegarIterationNumber_All_splitClauses_1":["10800000"],
"clauseNumberBeforeSimplification_Term_splitClauses_1":["15"],
"predicateGeneratorTime_Empty_splitClauses_0":["10800000"],
"relationSymbolNumberBeforeSimplification_Empty_splitClauses_1":["32"],
"averagePredicateSize_All_splitClauses_0":["10800000"],
"unlabeledBinaryVariableTemplatesNumber_Random_splitClauses_0":["24"],
"smt2FileSizeByte_Term_splitClauses_0":["4728"],
"averagePredicateSize_Mined_splitClauses_1":["1"],
"minedBinaryVariableTemplatesNumber_Empty_splitClauses_0":["1"],
"minedTemplateRelationSymbolNumber_All_splitClauses_1":["4"],
"labeledSingleVariableTemplatesNumber_PredictedCG_splitClauses_0":["0"],
"unlabeledBinaryVariableTemplatesNumber_RelationalIneqs_splitClauses_0":["24"],
"unlabeledSingleVariableTemplatesNumber_RelationalIneqs_splitClauses_1":["24"],
"clauseNumberAfterSimplification_RelationalIneqs_splitClauses_0":["13"],
"unlabeledTemplateNumber_RelationalEqs_splitClauses_0":["48"],
"unlabeledTemplateNumber_RelationalIneqs_splitClauses_1":["48"],
"labeledTemplateRelationSymbolNumber_PredictedCG_splitClauses_1":["1"],
"labeledTemplateRelationSymbolNumber_All_splitClauses_0":["1"],
"labeledSingleVariableTemplatesNumber_Octagon_splitClauses_0":["0"],
"dummyFiled":[]
}