{
"smt2FileSizeByte_All_splitClauses_1":["45114"],
"generatedPredicateNumber_All_splitClauses_1":["10800000"],
"unlabeledTemplateRelationSymbolNumber_PredictedCDHG_splitClauses_0":["6"],
"relationSymbolNumberBeforeSimplification_Unlabeled_splitClauses_1":["175"],
"predicateGeneratorTime_Term_splitClauses_0":["10800000"],
"averagePredicateSize_Random_splitClauses_1":["1"],
"labeledBinaryVariableTemplatesNumber_Labeled_splitClauses_1":["9"],
"clauseNumberBeforeSimplification_All_splitClauses_1":["85"],
"minedTemplateRelationSymbolNumber_Term_splitClauses_0":["6"],
"solvingTime_Labeled_splitClauses_1":["427"],
"unlabeledTemplateNumber_Labeled_splitClauses_1":["273"],
"relationSymbolNumberAfterSimplification_All_splitClauses_1":["50"],
"minedTemplateRelationSymbolNumber_Octagon_splitClauses_1":["6"],
"clauseNumberAfterSimplification_Mined_splitClauses_1":["37"],
"relationSymbolNumberBeforeSimplification_Octagon_splitClauses_0":["175"],
"unlabeledBinaryVariableTemplatesNumber_Term_splitClauses_0":["168"],
"labeledTemplateNumber_PredictedCDHG_splitClauses_0":["10"],
"solvability_Empty_splitClauses_0":["10800000"],
"unlabeledTemplateRelationSymbolNumber_Random_splitClauses_1":["6"],
"labeledBinaryVariableTemplatesNumber_Octagon_splitClauses_0":["9"],
"relationSymbolNumberBeforeSimplification_Random_splitClauses_1":["175"],
"minedTemplateRelationSymbolNumber_Random_splitClauses_1":["6"],
"unlabeledSingleVariableTemplatesNumber_Mined_splitClauses_0":["105"],
"unlabeledBinaryVariableTemplatesNumber_PredictedCG_splitClauses_1":["168"],
"solvability_All_splitClauses_0":["10800000"],
"predicateGeneratorTime_RelationalEqs_splitClauses_1":["336"],
"relationSymbolNumberBeforeSimplification_PredictedCDHG_splitClauses_1":["175"],
"smt2FileSizeByte_PredictedCG_splitClauses_1":["45114"],
"labeledSingleVariableTemplatesNumber_Unlabeled_splitClauses_1":["1"],
"labeledBinaryVariableTemplatesNumber_PredictedCG_splitClauses_1":["9"],
"minedBinaryVariableTemplatesNumber_PredictedCG_splitClauses_0":["9"],
"solvability_Random_splitClauses_0":["10800000"],
"relationSymbolNumberAfterSimplification_PredictedCG_splitClauses_1":["50"],
"clauseNumberBeforeSimplification_PredictedCDHG_splitClauses_1":["85"],
"labeledSingleVariableTemplatesNumber_Mined_splitClauses_0":["1"],
"solvability_Unlabeled_splitClauses_1":["1"],
"cegarIterationNumber_Labeled_splitClauses_1":["7"],
"smt2FileSizeByte_Mined_splitClauses_0":["45114"],
"relationSymbolNumberAfterSimplification_Mined_splitClauses_0":["50"],
"labeledSingleVariableTemplatesNumber_PredictedCG_splitClauses_1":["1"],
"smt2FileSizeByte_Octagon_splitClauses_1":["45114"],
"minedTemplateNumber_Labeled_splitClauses_1":["46"],
"labeledSingleVariableTemplatesNumber_RelationalIneqs_splitClauses_1":["1"],
"clauseNumberAfterSimplification_Labeled_splitClauses_1":["37"],
"relationSymbolNumberAfterSimplification_Labeled_splitClauses_0":["50"],
"smt2FileSizeByte_Random_splitClauses_0":["45114"],
"relationSymbolNumberAfterSimplification_PredictedCDHG_splitClauses_0":["50"],
"unlabeledTemplateRelationSymbolNumber_PredictedCDHG_splitClauses_1":["6"],
"labeledSingleVariableTemplatesNumber_Term_splitClauses_0":["1"],
"generatedPredicateNumber_PredictedCDHG_splitClauses_1":["10800000"],
"minedSingleVariableTemplatesNumber_Unlabeled_splitClauses_0":["37"],
"generatedPredicateNumber_Octagon_splitClauses_1":["10"],
"labeledSingleVariableTemplatesNumber_RelationalEqs_splitClauses_0":["1"],
"predicateGeneratorTime_PredictedCG_splitClauses_1":["10800000"],
"relationSymbolNumberAfterSimplification_Octagon_splitClauses_0":["50"],
"labeledTemplateNumber_Labeled_splitClauses_1":["10"],
"labeledSingleVariableTemplatesNumber_Empty_splitClauses_0":["1"],
"minedTemplateRelationSymbolNumber_RelationalIneqs_splitClauses_1":["6"],
"unlabeledSingleVariableTemplatesNumber_All_splitClauses_1":["105"],
"labeledBinaryVariableTemplatesNumber_PredictedCDHG_splitClauses_1":["9"],
"unlabeledSingleVariableTemplatesNumber_RelationalEqs_splitClauses_1":["105"],
"cegarIterationNumber_Term_splitClauses_0":["10800000"],
"unlabeledBinaryVariableTemplatesNumber_Labeled_splitClauses_1":["168"],
"unlabeledSingleVariableTemplatesNumber_Term_splitClauses_1":["105"],
"clauseNumberAfterSimplification_All_splitClauses_1":["37"],
"minedSingleVariableTemplatesNumber_Random_splitClauses_0":["37"],
"solvability_RelationalIneqs_splitClauses_1":["1"],
"minedTemplateNumber_Labeled_splitClauses_0":["46"],
"minedSingleVariableTemplatesNumber_Octagon_splitClauses_0":["37"],
"minedSingleVariableTemplatesNumber_Term_splitClauses_1":["37"],
"minedBinaryVariableTemplatesNumber_PredictedCDHG_splitClauses_1":["9"],
"generatedPredicateNumber_Mined_splitClauses_1":["10"],
"labeledSingleVariableTemplatesNumber_RelationalIneqs_splitClauses_0":["1"],
"averagePredicateSize_Mined_splitClauses_0":["10800000"],
"cegarIterationNumber_Unlabeled_splitClauses_0":["10800000"],
"minedBinaryVariableTemplatesNumber_Random_splitClauses_0":["9"],
"labeledTemplateNumber_Mined_splitClauses_1":["10"],
"labeledBinaryVariableTemplatesNumber_Random_splitClauses_0":["9"],
"unlabeledTemplateRelationSymbolNumber_Unlabeled_splitClauses_1":["6"],
"cegarIterationNumber_Mined_splitClauses_0":["10800000"],
"minedTemplateRelationSymbolNumber_Labeled_splitClauses_0":["6"],
"unlabeledBinaryVariableTemplatesNumber_RelationalIneqs_splitClauses_1":["168"],
"unlabeledBinaryVariableTemplatesNumber_Octagon_splitClauses_0":["168"],
"solvability_Mined_splitClauses_0":["10800000"],
"averagePredicateSize_RelationalEqs_splitClauses_0":["10800000"],
"clauseNumberAfterSimplification_Term_splitClauses_0":["37"],
"unlabeledTemplateNumber_Mined_splitClauses_0":["273"],
"relationSymbolNumberAfterSimplification_Random_splitClauses_1":["50"],
"unlabeledTemplateNumber_PredictedCDHG_splitClauses_0":["273"],
"cegarIterationNumber_RelationalIneqs_splitClauses_1":["7"],
"minedBinaryVariableTemplatesNumber_Unlabeled_splitClauses_1":["9"],
"labeledTemplateNumber_PredictedCG_splitClauses_1":["10"],
"labeledTemplateRelationSymbolNumber_Mined_splitClauses_0":["4"],
"labeledBinaryVariableTemplatesNumber_Mined_splitClauses_1":["9"],
"relationSymbolNumberBeforeSimplification_Mined_splitClauses_0":["175"],
"relationSymbolNumberBeforeSimplification_RelationalIneqs_splitClauses_0":["175"],
"clauseNumberAfterSimplification_RelationalIneqs_splitClauses_1":["37"],
"minedSingleVariableTemplatesNumber_PredictedCDHG_splitClauses_0":["37"],
"solvability_Labeled_splitClauses_1":["1"],
"labeledSingleVariableTemplatesNumber_Octagon_splitClauses_1":["1"],
"averagePredicateSize_Random_splitClauses_0":["10800000"],
"smt2FileSizeByte_RelationalIneqs_splitClauses_0":["45114"],
"generatedPredicateNumber_Unlabeled_splitClauses_0":["10800000"],
"solvability_RelationalEqs_splitClauses_0":["10800000"],
"predicateGeneratorTime_Empty_splitClauses_1":["267"],
"minedSingleVariableTemplatesNumber_Mined_splitClauses_0":["37"],
"relationSymbolNumberAfterSimplification_Unlabeled_splitClauses_0":["50"],
"minedTemplateRelationSymbolNumber_PredictedCDHG_splitClauses_1":["6"],
"minedTemplateNumber_PredictedCG_splitClauses_0":["46"],
"averagePredicateSize_RelationalIneqs_splitClauses_1":["1"],
"labeledTemplateRelationSymbolNumber_Random_splitClauses_1":["4"],
"minedTemplateNumber_RelationalIneqs_splitClauses_0":["46"],
"predicateGeneratorTime_RelationalIneqs_splitClauses_0":["10800000"],
"labeledTemplateRelationSymbolNumber_Empty_splitClauses_0":["4"],
"minedBinaryVariableTemplatesNumber_Octagon_splitClauses_0":["9"],
"labeledSingleVariableTemplatesNumber_Term_splitClauses_1":["1"],
"labeledBinaryVariableTemplatesNumber_Empty_splitClauses_0":["9"],
"minedTemplateNumber_Octagon_splitClauses_0":["46"],
"labeledBinaryVariableTemplatesNumber_Unlabeled_splitClauses_0":["9"],
"relationSymbolNumberBeforeSimplification_Empty_splitClauses_0":["175"],
"clauseNumberAfterSimplification_PredictedCDHG_splitClauses_0":["37"],
"smt2FileSizeByte_PredictedCG_splitClauses_0":["45114"],
"minedBinaryVariableTemplatesNumber_RelationalEqs_splitClauses_0":["9"],
"relationSymbolNumberBeforeSimplification_Unlabeled_splitClauses_0":["175"],
"labeledTemplateRelationSymbolNumber_RelationalEqs_splitClauses_1":["4"],
"minedBinaryVariableTemplatesNumber_Random_splitClauses_1":["9"],
"clauseNumberAfterSimplification_Unlabeled_splitClauses_1":["37"],
"minedSingleVariableTemplatesNumber_PredictedCDHG_splitClauses_1":["37"],
"labeledBinaryVariableTemplatesNumber_Term_splitClauses_1":["9"],
"clauseNumberBeforeSimplification_Empty_splitClauses_1":["85"],
"relationSymbolNumberAfterSimplification_Octagon_splitClauses_1":["50"],
"relationSymbolNumberAfterSimplification_Term_splitClauses_0":["50"],
"minedBinaryVariableTemplatesNumber_Mined_splitClauses_1":["9"],
"unlabeledBinaryVariableTemplatesNumber_Unlabeled_splitClauses_1":["168"],
"relationSymbolNumberBeforeSimplification_Random_splitClauses_0":["175"],
"relationSymbolNumberAfterSimplification_PredictedCDHG_splitClauses_1":["50"],
"unlabeledTemplateNumber_PredictedCG_splitClauses_1":["273"],
"generatedPredicateNumber_Empty_splitClauses_0":["10800000"],
"predicateGeneratorTime_RelationalIneqs_splitClauses_1":["360"],
"unlabeledSingleVariableTemplatesNumber_Empty_splitClauses_0":["105"],
"cegarIterationNumber_Octagon_splitClauses_0":["10800000"],
"clauseNumberAfterSimplification_Octagon_splitClauses_1":["37"],
"unlabeledSingleVariableTemplatesNumber_Labeled_splitClauses_1":["105"],
"clauseNumberBeforeSimplification_Random_splitClauses_1":["85"],
"minedTemplateRelationSymbolNumber_All_splitClauses_0":["6"],
"unlabeledTemplateRelationSymbolNumber_RelationalEqs_splitClauses_0":["6"],
"minedSingleVariableTemplatesNumber_Unlabeled_splitClauses_1":["37"],
"clauseNumberBeforeSimplification_RelationalEqs_splitClauses_0":["85"],
"minedTemplateNumber_Unlabeled_splitClauses_0":["46"],
"generatedPredicateNumber_Octagon_splitClauses_0":["10800000"],
"predicateGeneratorTime_PredictedCDHG_splitClauses_0":["10800000"],
"clauseNumberAfterSimplification_PredictedCG_splitClauses_1":["37"],
"labeledSingleVariableTemplatesNumber_RelationalEqs_splitClauses_1":["1"],
"smt2FileSizeByte_Random_splitClauses_1":["45114"],
"averagePredicateSize_PredictedCG_splitClauses_1":["10800000"],
"cegarIterationNumber_PredictedCDHG_splitClauses_1":["10800000"],
"clauseNumberAfterSimplification_RelationalEqs_splitClauses_1":["37"],
"minedBinaryVariableTemplatesNumber_Empty_splitClauses_1":["9"],
"relationSymbolNumberAfterSimplification_RelationalEqs_splitClauses_1":["50"],
"minedTemplateNumber_PredictedCDHG_splitClauses_0":["46"],
"labeledBinaryVariableTemplatesNumber_All_splitClauses_1":["9"],
"solvingTime_RelationalIneqs_splitClauses_1":["509"],
"unlabeledTemplateRelationSymbolNumber_RelationalEqs_splitClauses_1":["6"],
"smt2FileSizeByte_Unlabeled_splitClauses_0":["45114"],
"relationSymbolNumberBeforeSimplification_Mined_splitClauses_1":["175"],
"relationSymbolNumberAfterSimplification_Mined_splitClauses_1":["50"],
"generatedPredicateNumber_All_splitClauses_0":["10800000"],
"relationSymbolNumberBeforeSimplification_Octagon_splitClauses_1":["175"],
"predicateGeneratorTime_Octagon_splitClauses_1":["311"],
"solvability_Mined_splitClauses_1":["1"],
"minedTemplateRelationSymbolNumber_Term_splitClauses_1":["6"],
"clauseNumberAfterSimplification_Mined_splitClauses_0":["37"],
"solvability_PredictedCDHG_splitClauses_0":["10800000"],
"solvingTime_Empty_splitClauses_0":["10800000"],
"unlabeledSingleVariableTemplatesNumber_Unlabeled_splitClauses_1":["105"],
"minedTemplateNumber_Term_splitClauses_1":["46"],
"averagePredicateSize_Octagon_splitClauses_1":["1"],
"unlabeledSingleVariableTemplatesNumber_Octagon_splitClauses_1":["105"],
"minedTemplateRelationSymbolNumber_RelationalEqs_splitClauses_1":["6"],
"relationSymbolNumberBeforeSimplification_All_splitClauses_1":["175"],
"minedBinaryVariableTemplatesNumber_RelationalIneqs_splitClauses_0":["9"],
"predicateGeneratorTime_Term_splitClauses_1":["297"],
"solvingTime_Labeled_splitClauses_0":["10800000"],
"unlabeledBinaryVariableTemplatesNumber_PredictedCG_splitClauses_0":["168"],
"minedTemplateNumber_All_splitClauses_0":["46"],
"predicateGeneratorTime_Labeled_splitClauses_1":["313"],
"unlabeledTemplateRelationSymbolNumber_Empty_splitClauses_0":["6"],
"unlabeledTemplateNumber_Mined_splitClauses_1":["273"],
"solvability_PredictedCG_splitClauses_1":["10800000"],
"unlabeledTemplateNumber_Term_splitClauses_0":["273"],
"minedBinaryVariableTemplatesNumber_PredictedCG_splitClauses_1":["9"],
"labeledSingleVariableTemplatesNumber_PredictedCDHG_splitClauses_0":["1"],
"minedBinaryVariableTemplatesNumber_All_splitClauses_0":["9"],
"averagePredicateSize_PredictedCDHG_splitClauses_1":["10800000"],
"predicateGeneratorTime_PredictedCG_splitClauses_0":["10800000"],
"generatedPredicateNumber_RelationalIneqs_splitClauses_0":["10800000"],
"labeledTemplateNumber_Empty_splitClauses_0":["10"],
"relationSymbolNumberAfterSimplification_RelationalIneqs_splitClauses_1":["50"],
"unlabeledTemplateRelationSymbolNumber_Term_splitClauses_0":["6"],
"minedTemplateNumber_All_splitClauses_1":["46"],
"labeledSingleVariableTemplatesNumber_Empty_splitClauses_1":["1"],
"minedBinaryVariableTemplatesNumber_Unlabeled_splitClauses_0":["9"],
"labeledTemplateNumber_Random_splitClauses_0":["10"],
"minedBinaryVariableTemplatesNumber_All_splitClauses_1":["9"],
"unlabeledSingleVariableTemplatesNumber_All_splitClauses_0":["105"],
"relationSymbolNumberBeforeSimplification_Labeled_splitClauses_1":["175"],
"smt2FileSizeByte_PredictedCDHG_splitClauses_1":["45114"],
"labeledBinaryVariableTemplatesNumber_PredictedCDHG_splitClauses_0":["9"],
"averagePredicateSize_RelationalEqs_splitClauses_1":["1"],
"minedSingleVariableTemplatesNumber_Term_splitClauses_0":["37"],
"labeledTemplateRelationSymbolNumber_Term_splitClauses_1":["4"],
"generatedPredicateNumber_Random_splitClauses_0":["10800000"],
"labeledBinaryVariableTemplatesNumber_Empty_splitClauses_1":["9"],
"relationSymbolNumberAfterSimplification_Term_splitClauses_1":["50"],
"clauseNumberAfterSimplification_Labeled_splitClauses_0":["37"],
"labeledSingleVariableTemplatesNumber_Labeled_splitClauses_0":["1"],
"minedTemplateNumber_Mined_splitClauses_1":["46"],
"labeledTemplateRelationSymbolNumber_Labeled_splitClauses_0":["4"],
"unlabeledTemplateRelationSymbolNumber_Mined_splitClauses_1":["6"],
"solvability_Labeled_splitClauses_0":["10800000"],
"minedTemplateNumber_RelationalEqs_splitClauses_1":["46"],
"solvingTime_Random_splitClauses_1":["390"],
"minedTemplateNumber_Random_splitClauses_0":["46"],
"cegarIterationNumber_Unlabeled_splitClauses_1":["7"],
"minedTemplateNumber_RelationalIneqs_splitClauses_1":["46"],
"unlabeledBinaryVariableTemplatesNumber_Octagon_splitClauses_1":["168"],
"minedSingleVariableTemplatesNumber_Octagon_splitClauses_1":["37"],
"minedSingleVariableTemplatesNumber_Random_splitClauses_1":["37"],
"averagePredicateSize_All_splitClauses_1":["10800000"],
"minedTemplateNumber_Empty_splitClauses_0":["46"],
"labeledTemplateNumber_Mined_splitClauses_0":["10"],
"unlabeledBinaryVariableTemplatesNumber_All_splitClauses_0":["168"],
"relationSymbolNumberAfterSimplification_Labeled_splitClauses_1":["50"],
"labeledSingleVariableTemplatesNumber_PredictedCDHG_splitClauses_1":["1"],
"minedSingleVariableTemplatesNumber_Mined_splitClauses_1":["37"],
"labeledTemplateRelationSymbolNumber_Term_splitClauses_0":["4"],
"unlabeledTemplateRelationSymbolNumber_Term_splitClauses_1":["6"],
"predicateGeneratorTime_All_splitClauses_1":["10800000"],
"unlabeledSingleVariableTemplatesNumber_Random_splitClauses_0":["105"],
"predicateGeneratorTime_Unlabeled_splitClauses_1":["263"],
"cegarIterationNumber_PredictedCDHG_splitClauses_0":["10800000"],
"labeledTemplateNumber_RelationalEqs_splitClauses_0":["10"],
"labeledTemplateRelationSymbolNumber_Mined_splitClauses_1":["4"],
"labeledTemplateRelationSymbolNumber_Random_splitClauses_0":["4"],
"labeledBinaryVariableTemplatesNumber_RelationalEqs_splitClauses_1":["9"],
"generatedPredicateNumber_RelationalIneqs_splitClauses_1":["10"],
"unlabeledTemplateRelationSymbolNumber_PredictedCG_splitClauses_1":["6"],
"unlabeledSingleVariableTemplatesNumber_RelationalEqs_splitClauses_0":["105"],
"labeledBinaryVariableTemplatesNumber_Labeled_splitClauses_0":["9"],
"minedBinaryVariableTemplatesNumber_PredictedCDHG_splitClauses_0":["9"],
"unlabeledTemplateRelationSymbolNumber_Unlabeled_splitClauses_0":["6"],
"clauseNumberAfterSimplification_Term_splitClauses_1":["37"],
"unlabeledTemplateNumber_Octagon_splitClauses_0":["273"],
"unlabeledBinaryVariableTemplatesNumber_RelationalEqs_splitClauses_1":["168"],
"unlabeledTemplateNumber_PredictedCG_splitClauses_0":["273"],
"unlabeledTemplateNumber_All_splitClauses_0":["273"],
"labeledTemplateRelationSymbolNumber_RelationalIneqs_splitClauses_1":["4"],
"unlabeledSingleVariableTemplatesNumber_Mined_splitClauses_1":["105"],
"labeledTemplateRelationSymbolNumber_Unlabeled_splitClauses_1":["4"],
"labeledBinaryVariableTemplatesNumber_Random_splitClauses_1":["9"],
"solvability_Random_splitClauses_1":["1"],
"solvingTime_Term_splitClauses_0":["10800000"],
"minedSingleVariableTemplatesNumber_Labeled_splitClauses_1":["37"],
"clauseNumberBeforeSimplification_Term_splitClauses_0":["85"],
"relationSymbolNumberBeforeSimplification_RelationalIneqs_splitClauses_1":["175"],
"minedTemplateRelationSymbolNumber_Mined_splitClauses_0":["6"],
"solvability_Octagon_splitClauses_1":["1"],
"minedSingleVariableTemplatesNumber_RelationalIneqs_splitClauses_1":["37"],
"smt2FileSizeByte_Labeled_splitClauses_0":["45114"],
"solvability_RelationalEqs_splitClauses_1":["1"],
"unlabeledSingleVariableTemplatesNumber_Empty_splitClauses_1":["105"],
"labeledTemplateNumber_PredictedCDHG_splitClauses_1":["10"],
"minedTemplateRelationSymbolNumber_Octagon_splitClauses_0":["6"],
"clauseNumberAfterSimplification_Unlabeled_splitClauses_0":["37"],
"clauseNumberBeforeSimplification_Unlabeled_splitClauses_0":["85"],
"clauseNumberBeforeSimplification_PredictedCDHG_splitClauses_0":["85"],
"cegarIterationNumber_RelationalIneqs_splitClauses_0":["10800000"],
"labeledTemplateRelationSymbolNumber_RelationalEqs_splitClauses_0":["4"],
"averagePredicateSize_Labeled_splitClauses_0":["10800000"],
"smt2FileSizeByte_RelationalIneqs_splitClauses_1":["45114"],
"clauseNumberBeforeSimplification_RelationalEqs_splitClauses_1":["85"],
"unlabeledTemplateRelationSymbolNumber_RelationalIneqs_splitClauses_1":["6"],
"clauseNumberBeforeSimplification_PredictedCG_splitClauses_0":["85"],
"solvingTime_PredictedCDHG_splitClauses_0":["10800000"],
"labeledTemplateRelationSymbolNumber_Octagon_splitClauses_1":["4"],
"minedTemplateRelationSymbolNumber_PredictedCG_splitClauses_1":["6"],
"relationSymbolNumberBeforeSimplification_RelationalEqs_splitClauses_1":["175"],
"labeledTemplateNumber_Random_splitClauses_1":["10"],
"solvingTime_RelationalIneqs_splitClauses_0":["10800000"],
"labeledTemplateNumber_All_splitClauses_1":["10"],
"unlabeledTemplateNumber_Random_splitClauses_1":["273"],
"relationSymbolNumberBeforeSimplification_All_splitClauses_0":["175"],
"smt2FileSizeByte_Unlabeled_splitClauses_1":["45114"],
"cegarIterationNumber_PredictedCG_splitClauses_0":["10800000"],
"predicateGeneratorTime_Octagon_splitClauses_0":["10800000"],
"unlabeledTemplateNumber_RelationalEqs_splitClauses_1":["273"],
"clauseNumberAfterSimplification_Octagon_splitClauses_0":["37"],
"cegarIterationNumber_Random_splitClauses_0":["10800000"],
"solvability_PredictedCDHG_splitClauses_1":["10800000"],
"solvability_PredictedCG_splitClauses_0":["10800000"],
"solvingTime_PredictedCG_splitClauses_1":["10800000"],
"unlabeledSingleVariableTemplatesNumber_Unlabeled_splitClauses_0":["105"],
"unlabeledTemplateNumber_Unlabeled_splitClauses_0":["273"],
"labeledTemplateRelationSymbolNumber_RelationalIneqs_splitClauses_0":["4"],
"minedTemplateNumber_Random_splitClauses_1":["46"],
"generatedPredicateNumber_RelationalEqs_splitClauses_0":["10800000"],
"minedTemplateNumber_Term_splitClauses_0":["46"],
"solvingTime_All_splitClauses_1":["10800000"],
"minedSingleVariableTemplatesNumber_PredictedCG_splitClauses_0":["37"],
"smt2FileSizeByte_Term_splitClauses_1":["45114"],
"labeledBinaryVariableTemplatesNumber_All_splitClauses_0":["9"],
"minedTemplateNumber_PredictedCDHG_splitClauses_1":["46"],
"minedTemplateRelationSymbolNumber_PredictedCDHG_splitClauses_0":["6"],
"averagePredicateSize_Unlabeled_splitClauses_0":["10800000"],
"minedBinaryVariableTemplatesNumber_Octagon_splitClauses_1":["9"],
"unlabeledSingleVariableTemplatesNumber_Random_splitClauses_1":["105"],
"clauseNumberBeforeSimplification_Random_splitClauses_0":["85"],
"solvingTime_Unlabeled_splitClauses_1":["407"],
"predicateGeneratorTime_PredictedCDHG_splitClauses_1":["10800000"],
"averagePredicateSize_PredictedCDHG_splitClauses_0":["10800000"],
"relationSymbolNumberAfterSimplification_RelationalEqs_splitClauses_0":["50"],
"minedBinaryVariableTemplatesNumber_Term_splitClauses_0":["9"],
"labeledTemplateNumber_RelationalIneqs_splitClauses_0":["10"],
"clauseNumberAfterSimplification_Random_splitClauses_0":["37"],
"clauseNumberAfterSimplification_PredictedCG_splitClauses_0":["37"],
"generatedPredicateNumber_Empty_splitClauses_1":["10"],
"clauseNumberBeforeSimplification_Octagon_splitClauses_0":["85"],
"unlabeledTemplateNumber_Empty_splitClauses_0":["273"],
"minedSingleVariableTemplatesNumber_All_splitClauses_0":["37"],
"labeledTemplateRelationSymbolNumber_Octagon_splitClauses_0":["4"],
"generatedPredicateNumber_Random_splitClauses_1":["10"],
"clauseNumberAfterSimplification_RelationalEqs_splitClauses_0":["37"],
"labeledBinaryVariableTemplatesNumber_Term_splitClauses_0":["9"],
"minedSingleVariableTemplatesNumber_RelationalEqs_splitClauses_0":["37"],
"minedTemplateNumber_Mined_splitClauses_0":["46"],
"relationSymbolNumberBeforeSimplification_PredictedCG_splitClauses_0":["175"],
"averagePredicateSize_Octagon_splitClauses_0":["10800000"],
"unlabeledBinaryVariableTemplatesNumber_Empty_splitClauses_1":["168"],
"unlabeledSingleVariableTemplatesNumber_PredictedCDHG_splitClauses_0":["105"],
"unlabeledSingleVariableTemplatesNumber_PredictedCG_splitClauses_1":["105"],
"labeledTemplateRelationSymbolNumber_Labeled_splitClauses_1":["4"],
"minedTemplateRelationSymbolNumber_Random_splitClauses_0":["6"],
"unlabeledTemplateRelationSymbolNumber_PredictedCG_splitClauses_0":["6"],
"unlabeledTemplateNumber_RelationalIneqs_splitClauses_0":["273"],
"unlabeledSingleVariableTemplatesNumber_Labeled_splitClauses_0":["105"],
"relationSymbolNumberAfterSimplification_PredictedCG_splitClauses_0":["50"],
"minedTemplateNumber_Unlabeled_splitClauses_1":["46"],
"generatedPredicateNumber_PredictedCG_splitClauses_0":["10800000"],
"labeledTemplateNumber_Unlabeled_splitClauses_1":["10"],
"unlabeledTemplateRelationSymbolNumber_Empty_splitClauses_1":["6"],
"clauseNumberBeforeSimplification_Empty_splitClauses_0":["85"],
"solvingTime_Octagon_splitClauses_1":["417"],
"cegarIterationNumber_Mined_splitClauses_1":["7"],
"clauseNumberBeforeSimplification_Mined_splitClauses_1":["85"],
"smt2FileSizeByte_PredictedCDHG_splitClauses_0":["45114"],
"averagePredicateSize_PredictedCG_splitClauses_0":["10800000"],
"solvingTime_Random_splitClauses_0":["10800000"],
"minedTemplateNumber_RelationalEqs_splitClauses_0":["46"],
"unlabeledSingleVariableTemplatesNumber_RelationalIneqs_splitClauses_0":["105"],
"unlabeledTemplateNumber_Unlabeled_splitClauses_1":["273"],
"labeledBinaryVariableTemplatesNumber_RelationalEqs_splitClauses_0":["9"],
"generatedPredicateNumber_PredictedCDHG_splitClauses_0":["10800000"],
"relationSymbolNumberAfterSimplification_RelationalIneqs_splitClauses_0":["50"],
"minedTemplateRelationSymbolNumber_Empty_splitClauses_1":["6"],
"predicateGeneratorTime_Random_splitClauses_1":["278"],
"labeledTemplateNumber_Term_splitClauses_1":["10"],
"relationSymbolNumberBeforeSimplification_RelationalEqs_splitClauses_0":["175"],
"minedSingleVariableTemplatesNumber_Empty_splitClauses_1":["37"],
"minedSingleVariableTemplatesNumber_RelationalIneqs_splitClauses_0":["37"],
"clauseNumberAfterSimplification_All_splitClauses_0":["37"],
"unlabeledBinaryVariableTemplatesNumber_RelationalEqs_splitClauses_0":["168"],
"cegarIterationNumber_RelationalEqs_splitClauses_0":["10800000"],
"labeledTemplateRelationSymbolNumber_PredictedCDHG_splitClauses_0":["4"],
"labeledSingleVariableTemplatesNumber_Labeled_splitClauses_1":["1"],
"unlabeledBinaryVariableTemplatesNumber_All_splitClauses_1":["168"],
"minedTemplateRelationSymbolNumber_Unlabeled_splitClauses_1":["6"],
"solvingTime_RelationalEqs_splitClauses_0":["10800000"],
"solvingTime_RelationalEqs_splitClauses_1":["452"],
"minedBinaryVariableTemplatesNumber_Mined_splitClauses_0":["9"],
"clauseNumberBeforeSimplification_All_splitClauses_0":["85"],
"clauseNumberBeforeSimplification_RelationalIneqs_splitClauses_1":["85"],
"labeledTemplateNumber_RelationalEqs_splitClauses_1":["10"],
"labeledBinaryVariableTemplatesNumber_RelationalIneqs_splitClauses_0":["9"],
"relationSymbolNumberBeforeSimplification_Labeled_splitClauses_0":["175"],
"clauseNumberAfterSimplification_Empty_splitClauses_0":["37"],
"averagePredicateSize_Empty_splitClauses_0":["10800000"],
"unlabeledTemplateNumber_Term_splitClauses_1":["273"],
"predicateGeneratorTime_Mined_splitClauses_1":["206"],
"labeledBinaryVariableTemplatesNumber_RelationalIneqs_splitClauses_1":["9"],
"predicateGeneratorTime_Unlabeled_splitClauses_0":["10800000"],
"relationSymbolNumberAfterSimplification_Empty_splitClauses_0":["50"],
"generatedPredicateNumber_Mined_splitClauses_0":["10800000"],
"generatedPredicateNumber_RelationalEqs_splitClauses_1":["10"],
"labeledTemplateRelationSymbolNumber_PredictedCG_splitClauses_0":["4"],
"minedSingleVariableTemplatesNumber_PredictedCG_splitClauses_1":["37"],
"minedTemplateRelationSymbolNumber_PredictedCG_splitClauses_0":["6"],
"unlabeledTemplateRelationSymbolNumber_Labeled_splitClauses_0":["6"],
"solvability_Empty_splitClauses_1":["1"],
"averagePredicateSize_Term_splitClauses_0":["10800000"],
"cegarIterationNumber_Random_splitClauses_1":["7"],
"averagePredicateSize_Labeled_splitClauses_1":["1"],
"unlabeledBinaryVariableTemplatesNumber_Unlabeled_splitClauses_0":["168"],
"generatedPredicateNumber_Unlabeled_splitClauses_1":["10"],
"predicateGeneratorTime_All_splitClauses_0":["10800000"],
"unlabeledBinaryVariableTemplatesNumber_PredictedCDHG_splitClauses_1":["168"],
"clauseNumberBeforeSimplification_Labeled_splitClauses_1":["85"],
"minedBinaryVariableTemplatesNumber_Labeled_splitClauses_1":["9"],
"labeledSingleVariableTemplatesNumber_All_splitClauses_0":["1"],
"unlabeledTemplateRelationSymbolNumber_Mined_splitClauses_0":["6"],
"cegarIterationNumber_Octagon_splitClauses_1":["7"],
"labeledTemplateNumber_Octagon_splitClauses_0":["10"],
"labeledTemplateRelationSymbolNumber_All_splitClauses_1":["4"],
"smt2FileSizeByte_Empty_splitClauses_0":["45114"],
"unlabeledTemplateNumber_Octagon_splitClauses_1":["273"],
"predicateGeneratorTime_RelationalEqs_splitClauses_0":["10800000"],
"unlabeledTemplateRelationSymbolNumber_RelationalIneqs_splitClauses_0":["6"],
"smt2FileSizeByte_RelationalEqs_splitClauses_1":["45114"],
"unlabeledTemplateNumber_Labeled_splitClauses_0":["273"],
"minedSingleVariableTemplatesNumber_Labeled_splitClauses_0":["37"],
"solvingTime_PredictedCDHG_splitClauses_1":["10800000"],
"relationSymbolNumberBeforeSimplification_Term_splitClauses_1":["175"],
"minedTemplateNumber_Octagon_splitClauses_1":["46"],
"clauseNumberBeforeSimplification_Mined_splitClauses_0":["85"],
"smt2FileSizeByte_All_splitClauses_0":["45114"],
"solvingTime_All_splitClauses_0":["10800000"],
"minedBinaryVariableTemplatesNumber_Term_splitClauses_1":["9"],
"unlabeledTemplateRelationSymbolNumber_Random_splitClauses_0":["6"],
"cegarIterationNumber_All_splitClauses_0":["10800000"],
"smt2FileSizeByte_RelationalEqs_splitClauses_0":["45114"],
"unlabeledSingleVariableTemplatesNumber_PredictedCDHG_splitClauses_1":["105"],
"clauseNumberBeforeSimplification_Labeled_splitClauses_0":["85"],
"cegarIterationNumber_PredictedCG_splitClauses_1":["10800000"],
"labeledTemplateRelationSymbolNumber_Unlabeled_splitClauses_0":["4"],
"unlabeledTemplateRelationSymbolNumber_Octagon_splitClauses_1":["6"],
"unlabeledTemplateNumber_Empty_splitClauses_1":["273"],
"clauseNumberBeforeSimplification_Octagon_splitClauses_1":["85"],
"labeledTemplateNumber_Unlabeled_splitClauses_0":["10"],
"labeledBinaryVariableTemplatesNumber_PredictedCG_splitClauses_0":["9"],
"solvability_Term_splitClauses_1":["1"],
"solvability_Octagon_splitClauses_0":["10800000"],
"minedTemplateRelationSymbolNumber_RelationalIneqs_splitClauses_0":["6"],
"clauseNumberBeforeSimplification_RelationalIneqs_splitClauses_0":["85"],
"labeledTemplateNumber_PredictedCG_splitClauses_0":["10"],
"cegarIterationNumber_Labeled_splitClauses_0":["10800000"],
"smt2FileSizeByte_Labeled_splitClauses_1":["45114"],
"clauseNumberBeforeSimplification_Unlabeled_splitClauses_1":["85"],
"generatedPredicateNumber_Term_splitClauses_1":["10"],
"solvingTime_Term_splitClauses_1":["396"],
"unlabeledBinaryVariableTemplatesNumber_Random_splitClauses_1":["168"],
"unlabeledSingleVariableTemplatesNumber_Octagon_splitClauses_0":["105"],
"solvingTime_Octagon_splitClauses_0":["10800000"],
"labeledSingleVariableTemplatesNumber_Mined_splitClauses_1":["1"],
"averagePredicateSize_Term_splitClauses_1":["1"],
"labeledTemplateNumber_Labeled_splitClauses_0":["10"],
"unlabeledSingleVariableTemplatesNumber_PredictedCG_splitClauses_0":["105"],
"smt2FileSizeByte_Mined_splitClauses_1":["45114"],
"labeledBinaryVariableTemplatesNumber_Unlabeled_splitClauses_1":["9"],
"labeledTemplateNumber_All_splitClauses_0":["10"],
"unlabeledTemplateNumber_Random_splitClauses_0":["273"],
"labeledTemplateNumber_Octagon_splitClauses_1":["10"],
"unlabeledTemplateNumber_PredictedCDHG_splitClauses_1":["273"],
"unlabeledBinaryVariableTemplatesNumber_Mined_splitClauses_0":["168"],
"minedTemplateRelationSymbolNumber_Mined_splitClauses_1":["6"],
"labeledTemplateNumber_RelationalIneqs_splitClauses_1":["10"],
"relationSymbolNumberAfterSimplification_All_splitClauses_0":["50"],
"relationSymbolNumberBeforeSimplification_PredictedCDHG_splitClauses_0":["175"],
"solvability_Term_splitClauses_0":["10800000"],
"clauseNumberBeforeSimplification_PredictedCG_splitClauses_1":["85"],
"generatedPredicateNumber_Labeled_splitClauses_1":["10"],
"labeledSingleVariableTemplatesNumber_Unlabeled_splitClauses_0":["1"],
"unlabeledBinaryVariableTemplatesNumber_Empty_splitClauses_0":["168"],
"solvingTime_Mined_splitClauses_0":["10800000"],
"unlabeledTemplateNumber_All_splitClauses_1":["273"],
"clauseNumberAfterSimplification_Random_splitClauses_1":["37"],
"labeledBinaryVariableTemplatesNumber_Octagon_splitClauses_1":["9"],
"unlabeledBinaryVariableTemplatesNumber_Labeled_splitClauses_0":["168"],
"smt2FileSizeByte_Octagon_splitClauses_0":["45114"],
"labeledSingleVariableTemplatesNumber_Random_splitClauses_1":["1"],
"solvability_Unlabeled_splitClauses_0":["10800000"],
"solvingTime_Unlabeled_splitClauses_0":["10800000"],
"unlabeledTemplateRelationSymbolNumber_All_splitClauses_1":["6"],
"minedTemplateNumber_Empty_splitClauses_1":["46"],
"solvability_RelationalIneqs_splitClauses_0":["10800000"],
"unlabeledTemplateRelationSymbolNumber_Labeled_splitClauses_1":["6"],
"cegarIterationNumber_RelationalEqs_splitClauses_1":["7"],
"minedSingleVariableTemplatesNumber_RelationalEqs_splitClauses_1":["37"],
"clauseNumberAfterSimplification_PredictedCDHG_splitClauses_1":["37"],
"minedBinaryVariableTemplatesNumber_RelationalIneqs_splitClauses_1":["9"],
"unlabeledBinaryVariableTemplatesNumber_Mined_splitClauses_1":["168"],
"unlabeledBinaryVariableTemplatesNumber_PredictedCDHG_splitClauses_0":["168"],
"solvingTime_Empty_splitClauses_1":["401"],
"labeledTemplateRelationSymbolNumber_Empty_splitClauses_1":["4"],
"generatedPredicateNumber_Term_splitClauses_0":["10800000"],
"averagePredicateSize_Empty_splitClauses_1":["1"],
"generatedPredicateNumber_PredictedCG_splitClauses_1":["10800000"],
"labeledTemplateRelationSymbolNumber_PredictedCDHG_splitClauses_1":["4"],
"predicateGeneratorTime_Mined_splitClauses_0":["10800000"],
"relationSymbolNumberBeforeSimplification_Term_splitClauses_0":["175"],
"predicateGeneratorTime_Labeled_splitClauses_0":["10800000"],
"labeledSingleVariableTemplatesNumber_Random_splitClauses_0":["1"],
"unlabeledTemplateRelationSymbolNumber_All_splitClauses_0":["6"],
"minedBinaryVariableTemplatesNumber_Labeled_splitClauses_0":["9"],
"generatedPredicateNumber_Labeled_splitClauses_0":["10800000"],
"relationSymbolNumberAfterSimplification_Empty_splitClauses_1":["50"],
"solvingTime_Mined_splitClauses_1":["282"],
"minedSingleVariableTemplatesNumber_All_splitClauses_1":["37"],
"predicateGeneratorTime_Random_splitClauses_0":["10800000"],
"cegarIterationNumber_Term_splitClauses_1":["7"],
"labeledTemplateNumber_Empty_splitClauses_1":["10"],
"clauseNumberAfterSimplification_Empty_splitClauses_1":["37"],
"minedTemplateRelationSymbolNumber_Empty_splitClauses_0":["6"],
"unlabeledSingleVariableTemplatesNumber_Term_splitClauses_0":["105"],
"minedSingleVariableTemplatesNumber_Empty_splitClauses_0":["37"],
"relationSymbolNumberAfterSimplification_Random_splitClauses_0":["50"],
"minedTemplateRelationSymbolNumber_RelationalEqs_splitClauses_0":["6"],
"cegarIterationNumber_Empty_splitClauses_0":["10800000"],
"minedBinaryVariableTemplatesNumber_RelationalEqs_splitClauses_1":["9"],
"relationSymbolNumberBeforeSimplification_PredictedCG_splitClauses_1":["175"],
"labeledSingleVariableTemplatesNumber_All_splitClauses_1":["1"],
"unlabeledTemplateRelationSymbolNumber_Octagon_splitClauses_0":["6"],
"minedTemplateRelationSymbolNumber_Unlabeled_splitClauses_0":["6"],
"labeledBinaryVariableTemplatesNumber_Mined_splitClauses_0":["9"],
"relationSymbolNumberAfterSimplification_Unlabeled_splitClauses_1":["50"],
"minedTemplateNumber_PredictedCG_splitClauses_1":["46"],
"cegarIterationNumber_Empty_splitClauses_1":["7"],
"averagePredicateSize_RelationalIneqs_splitClauses_0":["10800000"],
"solvability_All_splitClauses_1":["10800000"],
"unlabeledBinaryVariableTemplatesNumber_Term_splitClauses_1":["168"],
"minedTemplateRelationSymbolNumber_Labeled_splitClauses_1":["6"],
"averagePredicateSize_Unlabeled_splitClauses_1":["1"],
"labeledTemplateNumber_Term_splitClauses_0":["10"],
"smt2FileSizeByte_Empty_splitClauses_1":["45114"],
"solvingTime_PredictedCG_splitClauses_0":["10800000"],
"cegarIterationNumber_All_splitClauses_1":["10800000"],
"clauseNumberBeforeSimplification_Term_splitClauses_1":["85"],
"predicateGeneratorTime_Empty_splitClauses_0":["10800000"],
"relationSymbolNumberBeforeSimplification_Empty_splitClauses_1":["175"],
"averagePredicateSize_All_splitClauses_0":["10800000"],
"unlabeledBinaryVariableTemplatesNumber_Random_splitClauses_0":["168"],
"smt2FileSizeByte_Term_splitClauses_0":["45114"],
"averagePredicateSize_Mined_splitClauses_1":["1"],
"minedBinaryVariableTemplatesNumber_Empty_splitClauses_0":["9"],
"minedTemplateRelationSymbolNumber_All_splitClauses_1":["6"],
"labeledSingleVariableTemplatesNumber_PredictedCG_splitClauses_0":["1"],
"unlabeledBinaryVariableTemplatesNumber_RelationalIneqs_splitClauses_0":["168"],
"unlabeledSingleVariableTemplatesNumber_RelationalIneqs_splitClauses_1":["105"],
"clauseNumberAfterSimplification_RelationalIneqs_splitClauses_0":["37"],
"unlabeledTemplateNumber_RelationalEqs_splitClauses_0":["273"],
"unlabeledTemplateNumber_RelationalIneqs_splitClauses_1":["273"],
"labeledTemplateRelationSymbolNumber_PredictedCG_splitClauses_1":["4"],
"labeledTemplateRelationSymbolNumber_All_splitClauses_0":["4"],
"labeledSingleVariableTemplatesNumber_Octagon_splitClauses_0":["1"],
"dummyFiled":[]
}