{
"cegarIterationNumber_Term_splitClauses_0":[7],
"cegarIterationNumber_RelationalIneqs_splitClauses_1":[7],
"cegarIterationNumber_Octagon_splitClauses_0":[7],
"solvingTime_RelationalIneqs_splitClauses_1":[345],
"solvingTime_Term_splitClauses_0":[358],
"cegarIterationNumber_RelationalIneqs_splitClauses_0":[7],
"solvingTime_RelationalIneqs_splitClauses_0":[362],
"solvingTime_Octagon_splitClauses_1":[259],
"cegarIterationNumber_RelationalEqs_splitClauses_0":[7],
"solvingTime_RelationalEqs_splitClauses_0":[351],
"solvingTime_RelationalEqs_splitClauses_1":[294],
"cegarIterationNumber_Octagon_splitClauses_1":[7],
"solvingTime_Term_splitClauses_1":[329],
"solvingTime_Octagon_splitClauses_0":[262],
"cegarIterationNumber_RelationalEqs_splitClauses_1":[7],
"cegarIterationNumber_Term_splitClauses_1":[7],
"dummyFiled":[]
}