{
"smt2FileSizeByte_All_splitClauses_1":["7212"],
"generatedPredicateNumber_All_splitClauses_1":["10800000"],
"unlabeledTemplateRelationSymbolNumber_PredictedCDHG_splitClauses_0":["1"],
"relationSymbolNumberBeforeSimplification_Unlabeled_splitClauses_1":["28"],
"predicateGeneratorTime_Term_splitClauses_0":["10800000"],
"averagePredicateSize_Random_splitClauses_1":["1"],
"labeledBinaryVariableTemplatesNumber_Labeled_splitClauses_1":["5"],
"clauseNumberBeforeSimplification_All_splitClauses_1":["14"],
"minedTemplateRelationSymbolNumber_Term_splitClauses_0":["1"],
"solvingTime_Labeled_splitClauses_1":["869"],
"unlabeledTemplateNumber_Labeled_splitClauses_1":["41"],
"relationSymbolNumberAfterSimplification_All_splitClauses_1":["788"],
"minedTemplateRelationSymbolNumber_Octagon_splitClauses_1":["1"],
"clauseNumberAfterSimplification_Mined_splitClauses_1":["430"],
"relationSymbolNumberBeforeSimplification_Octagon_splitClauses_0":["28"],
"unlabeledBinaryVariableTemplatesNumber_Term_splitClauses_0":["24"],
"labeledTemplateNumber_PredictedCDHG_splitClauses_0":["7"],
"solvability_Empty_splitClauses_0":["10800000"],
"unlabeledTemplateRelationSymbolNumber_Random_splitClauses_1":["1"],
"labeledBinaryVariableTemplatesNumber_Octagon_splitClauses_0":["5"],
"relationSymbolNumberBeforeSimplification_Random_splitClauses_1":["28"],
"minedTemplateRelationSymbolNumber_Random_splitClauses_1":["1"],
"unlabeledSingleVariableTemplatesNumber_Mined_splitClauses_0":["17"],
"unlabeledBinaryVariableTemplatesNumber_PredictedCG_splitClauses_1":["24"],
"solvability_All_splitClauses_0":["10800000"],
"predicateGeneratorTime_RelationalEqs_splitClauses_1":["333"],
"relationSymbolNumberBeforeSimplification_PredictedCDHG_splitClauses_1":["28"],
"smt2FileSizeByte_PredictedCG_splitClauses_1":["7212"],
"labeledSingleVariableTemplatesNumber_Unlabeled_splitClauses_1":["2"],
"labeledBinaryVariableTemplatesNumber_PredictedCG_splitClauses_1":["5"],
"minedBinaryVariableTemplatesNumber_PredictedCG_splitClauses_0":["5"],
"solvability_Random_splitClauses_0":["10800000"],
"relationSymbolNumberAfterSimplification_PredictedCG_splitClauses_1":["788"],
"clauseNumberBeforeSimplification_PredictedCDHG_splitClauses_1":["14"],
"labeledSingleVariableTemplatesNumber_Mined_splitClauses_0":["2"],
"solvability_Unlabeled_splitClauses_1":["1"],
"cegarIterationNumber_Labeled_splitClauses_1":["7"],
"smt2FileSizeByte_Mined_splitClauses_0":["7212"],
"relationSymbolNumberAfterSimplification_Mined_splitClauses_0":["788"],
"labeledSingleVariableTemplatesNumber_PredictedCG_splitClauses_1":["2"],
"smt2FileSizeByte_Octagon_splitClauses_1":["7212"],
"minedTemplateNumber_Labeled_splitClauses_1":["12"],
"labeledSingleVariableTemplatesNumber_RelationalIneqs_splitClauses_1":["2"],
"clauseNumberAfterSimplification_Labeled_splitClauses_1":["430"],
"relationSymbolNumberAfterSimplification_Labeled_splitClauses_0":["788"],
"smt2FileSizeByte_Random_splitClauses_0":["7212"],
"relationSymbolNumberAfterSimplification_PredictedCDHG_splitClauses_0":["788"],
"unlabeledTemplateRelationSymbolNumber_PredictedCDHG_splitClauses_1":["1"],
"labeledSingleVariableTemplatesNumber_Term_splitClauses_0":["2"],
"generatedPredicateNumber_PredictedCDHG_splitClauses_1":["10800000"],
"minedSingleVariableTemplatesNumber_Unlabeled_splitClauses_0":["7"],
"generatedPredicateNumber_Octagon_splitClauses_1":["9"],
"labeledSingleVariableTemplatesNumber_RelationalEqs_splitClauses_0":["2"],
"predicateGeneratorTime_PredictedCG_splitClauses_1":["10800000"],
"relationSymbolNumberAfterSimplification_Octagon_splitClauses_0":["788"],
"labeledTemplateNumber_Labeled_splitClauses_1":["7"],
"labeledSingleVariableTemplatesNumber_Empty_splitClauses_0":["2"],
"minedTemplateRelationSymbolNumber_RelationalIneqs_splitClauses_1":["1"],
"unlabeledSingleVariableTemplatesNumber_All_splitClauses_1":["17"],
"labeledBinaryVariableTemplatesNumber_PredictedCDHG_splitClauses_1":["5"],
"unlabeledSingleVariableTemplatesNumber_RelationalEqs_splitClauses_1":["17"],
"cegarIterationNumber_Term_splitClauses_0":["10800000"],
"unlabeledBinaryVariableTemplatesNumber_Labeled_splitClauses_1":["24"],
"unlabeledSingleVariableTemplatesNumber_Term_splitClauses_1":["17"],
"clauseNumberAfterSimplification_All_splitClauses_1":["430"],
"minedSingleVariableTemplatesNumber_Random_splitClauses_0":["7"],
"solvability_RelationalIneqs_splitClauses_1":["1"],
"minedTemplateNumber_Labeled_splitClauses_0":["12"],
"minedSingleVariableTemplatesNumber_Octagon_splitClauses_0":["7"],
"minedSingleVariableTemplatesNumber_Term_splitClauses_1":["7"],
"minedBinaryVariableTemplatesNumber_PredictedCDHG_splitClauses_1":["5"],
"generatedPredicateNumber_Mined_splitClauses_1":["9"],
"labeledSingleVariableTemplatesNumber_RelationalIneqs_splitClauses_0":["2"],
"averagePredicateSize_Mined_splitClauses_0":["10800000"],
"cegarIterationNumber_Unlabeled_splitClauses_0":["10800000"],
"minedBinaryVariableTemplatesNumber_Random_splitClauses_0":["5"],
"labeledTemplateNumber_Mined_splitClauses_1":["7"],
"labeledBinaryVariableTemplatesNumber_Random_splitClauses_0":["5"],
"unlabeledTemplateRelationSymbolNumber_Unlabeled_splitClauses_1":["1"],
"cegarIterationNumber_Mined_splitClauses_0":["10800000"],
"minedTemplateRelationSymbolNumber_Labeled_splitClauses_0":["1"],
"unlabeledBinaryVariableTemplatesNumber_RelationalIneqs_splitClauses_1":["24"],
"unlabeledBinaryVariableTemplatesNumber_Octagon_splitClauses_0":["24"],
"solvability_Mined_splitClauses_0":["10800000"],
"averagePredicateSize_RelationalEqs_splitClauses_0":["10800000"],
"clauseNumberAfterSimplification_Term_splitClauses_0":["430"],
"unlabeledTemplateNumber_Mined_splitClauses_0":["41"],
"relationSymbolNumberAfterSimplification_Random_splitClauses_1":["788"],
"unlabeledTemplateNumber_PredictedCDHG_splitClauses_0":["41"],
"cegarIterationNumber_RelationalIneqs_splitClauses_1":["7"],
"minedBinaryVariableTemplatesNumber_Unlabeled_splitClauses_1":["5"],
"labeledTemplateNumber_PredictedCG_splitClauses_1":["7"],
"labeledTemplateRelationSymbolNumber_Mined_splitClauses_0":["1"],
"labeledBinaryVariableTemplatesNumber_Mined_splitClauses_1":["5"],
"relationSymbolNumberBeforeSimplification_Mined_splitClauses_0":["28"],
"relationSymbolNumberBeforeSimplification_RelationalIneqs_splitClauses_0":["28"],
"clauseNumberAfterSimplification_RelationalIneqs_splitClauses_1":["430"],
"minedSingleVariableTemplatesNumber_PredictedCDHG_splitClauses_0":["7"],
"solvability_Labeled_splitClauses_1":["1"],
"labeledSingleVariableTemplatesNumber_Octagon_splitClauses_1":["2"],
"averagePredicateSize_Random_splitClauses_0":["10800000"],
"smt2FileSizeByte_RelationalIneqs_splitClauses_0":["7212"],
"generatedPredicateNumber_Unlabeled_splitClauses_0":["10800000"],
"solvability_RelationalEqs_splitClauses_0":["10800000"],
"predicateGeneratorTime_Empty_splitClauses_1":["323"],
"minedSingleVariableTemplatesNumber_Mined_splitClauses_0":["7"],
"relationSymbolNumberAfterSimplification_Unlabeled_splitClauses_0":["788"],
"minedTemplateRelationSymbolNumber_PredictedCDHG_splitClauses_1":["1"],
"minedTemplateNumber_PredictedCG_splitClauses_0":["12"],
"averagePredicateSize_RelationalIneqs_splitClauses_1":["1"],
"labeledTemplateRelationSymbolNumber_Random_splitClauses_1":["1"],
"minedTemplateNumber_RelationalIneqs_splitClauses_0":["12"],
"predicateGeneratorTime_RelationalIneqs_splitClauses_0":["10800000"],
"labeledTemplateRelationSymbolNumber_Empty_splitClauses_0":["1"],
"minedBinaryVariableTemplatesNumber_Octagon_splitClauses_0":["5"],
"labeledSingleVariableTemplatesNumber_Term_splitClauses_1":["2"],
"labeledBinaryVariableTemplatesNumber_Empty_splitClauses_0":["5"],
"minedTemplateNumber_Octagon_splitClauses_0":["12"],
"labeledBinaryVariableTemplatesNumber_Unlabeled_splitClauses_0":["5"],
"relationSymbolNumberBeforeSimplification_Empty_splitClauses_0":["28"],
"clauseNumberAfterSimplification_PredictedCDHG_splitClauses_0":["430"],
"smt2FileSizeByte_PredictedCG_splitClauses_0":["7212"],
"minedBinaryVariableTemplatesNumber_RelationalEqs_splitClauses_0":["5"],
"relationSymbolNumberBeforeSimplification_Unlabeled_splitClauses_0":["28"],
"labeledTemplateRelationSymbolNumber_RelationalEqs_splitClauses_1":["1"],
"minedBinaryVariableTemplatesNumber_Random_splitClauses_1":["5"],
"clauseNumberAfterSimplification_Unlabeled_splitClauses_1":["430"],
"minedSingleVariableTemplatesNumber_PredictedCDHG_splitClauses_1":["7"],
"labeledBinaryVariableTemplatesNumber_Term_splitClauses_1":["5"],
"clauseNumberBeforeSimplification_Empty_splitClauses_1":["14"],
"relationSymbolNumberAfterSimplification_Octagon_splitClauses_1":["788"],
"relationSymbolNumberAfterSimplification_Term_splitClauses_0":["788"],
"minedBinaryVariableTemplatesNumber_Mined_splitClauses_1":["5"],
"unlabeledBinaryVariableTemplatesNumber_Unlabeled_splitClauses_1":["24"],
"relationSymbolNumberBeforeSimplification_Random_splitClauses_0":["28"],
"relationSymbolNumberAfterSimplification_PredictedCDHG_splitClauses_1":["788"],
"unlabeledTemplateNumber_PredictedCG_splitClauses_1":["41"],
"generatedPredicateNumber_Empty_splitClauses_0":["10800000"],
"predicateGeneratorTime_RelationalIneqs_splitClauses_1":["413"],
"unlabeledSingleVariableTemplatesNumber_Empty_splitClauses_0":["17"],
"cegarIterationNumber_Octagon_splitClauses_0":["10800000"],
"clauseNumberAfterSimplification_Octagon_splitClauses_1":["430"],
"unlabeledSingleVariableTemplatesNumber_Labeled_splitClauses_1":["17"],
"clauseNumberBeforeSimplification_Random_splitClauses_1":["14"],
"minedTemplateRelationSymbolNumber_All_splitClauses_0":["1"],
"unlabeledTemplateRelationSymbolNumber_RelationalEqs_splitClauses_0":["1"],
"minedSingleVariableTemplatesNumber_Unlabeled_splitClauses_1":["7"],
"clauseNumberBeforeSimplification_RelationalEqs_splitClauses_0":["14"],
"minedTemplateNumber_Unlabeled_splitClauses_0":["12"],
"generatedPredicateNumber_Octagon_splitClauses_0":["10800000"],
"predicateGeneratorTime_PredictedCDHG_splitClauses_0":["10800000"],
"clauseNumberAfterSimplification_PredictedCG_splitClauses_1":["430"],
"labeledSingleVariableTemplatesNumber_RelationalEqs_splitClauses_1":["2"],
"smt2FileSizeByte_Random_splitClauses_1":["7212"],
"averagePredicateSize_PredictedCG_splitClauses_1":["10800000"],
"cegarIterationNumber_PredictedCDHG_splitClauses_1":["10800000"],
"clauseNumberAfterSimplification_RelationalEqs_splitClauses_1":["430"],
"minedBinaryVariableTemplatesNumber_Empty_splitClauses_1":["5"],
"relationSymbolNumberAfterSimplification_RelationalEqs_splitClauses_1":["788"],
"minedTemplateNumber_PredictedCDHG_splitClauses_0":["12"],
"labeledBinaryVariableTemplatesNumber_All_splitClauses_1":["5"],
"solvingTime_RelationalIneqs_splitClauses_1":["977"],
"unlabeledTemplateRelationSymbolNumber_RelationalEqs_splitClauses_1":["1"],
"smt2FileSizeByte_Unlabeled_splitClauses_0":["7212"],
"relationSymbolNumberBeforeSimplification_Mined_splitClauses_1":["28"],
"relationSymbolNumberAfterSimplification_Mined_splitClauses_1":["788"],
"generatedPredicateNumber_All_splitClauses_0":["10800000"],
"relationSymbolNumberBeforeSimplification_Octagon_splitClauses_1":["28"],
"predicateGeneratorTime_Octagon_splitClauses_1":["352"],
"solvability_Mined_splitClauses_1":["1"],
"minedTemplateRelationSymbolNumber_Term_splitClauses_1":["1"],
"clauseNumberAfterSimplification_Mined_splitClauses_0":["430"],
"solvability_PredictedCDHG_splitClauses_0":["10800000"],
"solvingTime_Empty_splitClauses_0":["10800000"],
"unlabeledSingleVariableTemplatesNumber_Unlabeled_splitClauses_1":["17"],
"minedTemplateNumber_Term_splitClauses_1":["12"],
"averagePredicateSize_Octagon_splitClauses_1":["1"],
"unlabeledSingleVariableTemplatesNumber_Octagon_splitClauses_1":["17"],
"minedTemplateRelationSymbolNumber_RelationalEqs_splitClauses_1":["1"],
"relationSymbolNumberBeforeSimplification_All_splitClauses_1":["28"],
"minedBinaryVariableTemplatesNumber_RelationalIneqs_splitClauses_0":["5"],
"predicateGeneratorTime_Term_splitClauses_1":["371"],
"solvingTime_Labeled_splitClauses_0":["10800000"],
"unlabeledBinaryVariableTemplatesNumber_PredictedCG_splitClauses_0":["24"],
"minedTemplateNumber_All_splitClauses_0":["12"],
"predicateGeneratorTime_Labeled_splitClauses_1":["342"],
"unlabeledTemplateRelationSymbolNumber_Empty_splitClauses_0":["1"],
"unlabeledTemplateNumber_Mined_splitClauses_1":["41"],
"solvability_PredictedCG_splitClauses_1":["10800000"],
"unlabeledTemplateNumber_Term_splitClauses_0":["41"],
"minedBinaryVariableTemplatesNumber_PredictedCG_splitClauses_1":["5"],
"labeledSingleVariableTemplatesNumber_PredictedCDHG_splitClauses_0":["2"],
"minedBinaryVariableTemplatesNumber_All_splitClauses_0":["5"],
"averagePredicateSize_PredictedCDHG_splitClauses_1":["10800000"],
"predicateGeneratorTime_PredictedCG_splitClauses_0":["10800000"],
"generatedPredicateNumber_RelationalIneqs_splitClauses_0":["10800000"],
"labeledTemplateNumber_Empty_splitClauses_0":["7"],
"relationSymbolNumberAfterSimplification_RelationalIneqs_splitClauses_1":["788"],
"unlabeledTemplateRelationSymbolNumber_Term_splitClauses_0":["1"],
"minedTemplateNumber_All_splitClauses_1":["12"],
"labeledSingleVariableTemplatesNumber_Empty_splitClauses_1":["2"],
"minedBinaryVariableTemplatesNumber_Unlabeled_splitClauses_0":["5"],
"labeledTemplateNumber_Random_splitClauses_0":["7"],
"minedBinaryVariableTemplatesNumber_All_splitClauses_1":["5"],
"unlabeledSingleVariableTemplatesNumber_All_splitClauses_0":["17"],
"relationSymbolNumberBeforeSimplification_Labeled_splitClauses_1":["28"],
"smt2FileSizeByte_PredictedCDHG_splitClauses_1":["7212"],
"labeledBinaryVariableTemplatesNumber_PredictedCDHG_splitClauses_0":["5"],
"averagePredicateSize_RelationalEqs_splitClauses_1":["1"],
"minedSingleVariableTemplatesNumber_Term_splitClauses_0":["7"],
"labeledTemplateRelationSymbolNumber_Term_splitClauses_1":["1"],
"generatedPredicateNumber_Random_splitClauses_0":["10800000"],
"labeledBinaryVariableTemplatesNumber_Empty_splitClauses_1":["5"],
"relationSymbolNumberAfterSimplification_Term_splitClauses_1":["788"],
"clauseNumberAfterSimplification_Labeled_splitClauses_0":["430"],
"labeledSingleVariableTemplatesNumber_Labeled_splitClauses_0":["2"],
"minedTemplateNumber_Mined_splitClauses_1":["12"],
"labeledTemplateRelationSymbolNumber_Labeled_splitClauses_0":["1"],
"unlabeledTemplateRelationSymbolNumber_Mined_splitClauses_1":["1"],
"solvability_Labeled_splitClauses_0":["10800000"],
"minedTemplateNumber_RelationalEqs_splitClauses_1":["12"],
"solvingTime_Random_splitClauses_1":["821"],
"minedTemplateNumber_Random_splitClauses_0":["12"],
"cegarIterationNumber_Unlabeled_splitClauses_1":["7"],
"minedTemplateNumber_RelationalIneqs_splitClauses_1":["12"],
"unlabeledBinaryVariableTemplatesNumber_Octagon_splitClauses_1":["24"],
"minedSingleVariableTemplatesNumber_Octagon_splitClauses_1":["7"],
"minedSingleVariableTemplatesNumber_Random_splitClauses_1":["7"],
"averagePredicateSize_All_splitClauses_1":["10800000"],
"minedTemplateNumber_Empty_splitClauses_0":["12"],
"labeledTemplateNumber_Mined_splitClauses_0":["7"],
"unlabeledBinaryVariableTemplatesNumber_All_splitClauses_0":["24"],
"relationSymbolNumberAfterSimplification_Labeled_splitClauses_1":["788"],
"labeledSingleVariableTemplatesNumber_PredictedCDHG_splitClauses_1":["2"],
"minedSingleVariableTemplatesNumber_Mined_splitClauses_1":["7"],
"labeledTemplateRelationSymbolNumber_Term_splitClauses_0":["1"],
"unlabeledTemplateRelationSymbolNumber_Term_splitClauses_1":["1"],
"predicateGeneratorTime_All_splitClauses_1":["10800000"],
"unlabeledSingleVariableTemplatesNumber_Random_splitClauses_0":["17"],
"predicateGeneratorTime_Unlabeled_splitClauses_1":["304"],
"cegarIterationNumber_PredictedCDHG_splitClauses_0":["10800000"],
"labeledTemplateNumber_RelationalEqs_splitClauses_0":["7"],
"labeledTemplateRelationSymbolNumber_Mined_splitClauses_1":["1"],
"labeledTemplateRelationSymbolNumber_Random_splitClauses_0":["1"],
"labeledBinaryVariableTemplatesNumber_RelationalEqs_splitClauses_1":["5"],
"generatedPredicateNumber_RelationalIneqs_splitClauses_1":["9"],
"unlabeledTemplateRelationSymbolNumber_PredictedCG_splitClauses_1":["1"],
"unlabeledSingleVariableTemplatesNumber_RelationalEqs_splitClauses_0":["17"],
"labeledBinaryVariableTemplatesNumber_Labeled_splitClauses_0":["5"],
"minedBinaryVariableTemplatesNumber_PredictedCDHG_splitClauses_0":["5"],
"unlabeledTemplateRelationSymbolNumber_Unlabeled_splitClauses_0":["1"],
"clauseNumberAfterSimplification_Term_splitClauses_1":["430"],
"unlabeledTemplateNumber_Octagon_splitClauses_0":["41"],
"unlabeledBinaryVariableTemplatesNumber_RelationalEqs_splitClauses_1":["24"],
"unlabeledTemplateNumber_PredictedCG_splitClauses_0":["41"],
"unlabeledTemplateNumber_All_splitClauses_0":["41"],
"labeledTemplateRelationSymbolNumber_RelationalIneqs_splitClauses_1":["1"],
"unlabeledSingleVariableTemplatesNumber_Mined_splitClauses_1":["17"],
"labeledTemplateRelationSymbolNumber_Unlabeled_splitClauses_1":["1"],
"labeledBinaryVariableTemplatesNumber_Random_splitClauses_1":["5"],
"solvability_Random_splitClauses_1":["1"],
"solvingTime_Term_splitClauses_0":["10800000"],
"minedSingleVariableTemplatesNumber_Labeled_splitClauses_1":["7"],
"clauseNumberBeforeSimplification_Term_splitClauses_0":["14"],
"relationSymbolNumberBeforeSimplification_RelationalIneqs_splitClauses_1":["28"],
"minedTemplateRelationSymbolNumber_Mined_splitClauses_0":["1"],
"solvability_Octagon_splitClauses_1":["1"],
"minedSingleVariableTemplatesNumber_RelationalIneqs_splitClauses_1":["7"],
"smt2FileSizeByte_Labeled_splitClauses_0":["7212"],
"solvability_RelationalEqs_splitClauses_1":["1"],
"unlabeledSingleVariableTemplatesNumber_Empty_splitClauses_1":["17"],
"labeledTemplateNumber_PredictedCDHG_splitClauses_1":["7"],
"minedTemplateRelationSymbolNumber_Octagon_splitClauses_0":["1"],
"clauseNumberAfterSimplification_Unlabeled_splitClauses_0":["430"],
"clauseNumberBeforeSimplification_Unlabeled_splitClauses_0":["14"],
"clauseNumberBeforeSimplification_PredictedCDHG_splitClauses_0":["14"],
"cegarIterationNumber_RelationalIneqs_splitClauses_0":["10800000"],
"labeledTemplateRelationSymbolNumber_RelationalEqs_splitClauses_0":["1"],
"averagePredicateSize_Labeled_splitClauses_0":["10800000"],
"smt2FileSizeByte_RelationalIneqs_splitClauses_1":["7212"],
"clauseNumberBeforeSimplification_RelationalEqs_splitClauses_1":["14"],
"unlabeledTemplateRelationSymbolNumber_RelationalIneqs_splitClauses_1":["1"],
"clauseNumberBeforeSimplification_PredictedCG_splitClauses_0":["14"],
"solvingTime_PredictedCDHG_splitClauses_0":["10800000"],
"labeledTemplateRelationSymbolNumber_Octagon_splitClauses_1":["1"],
"minedTemplateRelationSymbolNumber_PredictedCG_splitClauses_1":["1"],
"relationSymbolNumberBeforeSimplification_RelationalEqs_splitClauses_1":["28"],
"labeledTemplateNumber_Random_splitClauses_1":["7"],
"solvingTime_RelationalIneqs_splitClauses_0":["10800000"],
"labeledTemplateNumber_All_splitClauses_1":["7"],
"unlabeledTemplateNumber_Random_splitClauses_1":["41"],
"relationSymbolNumberBeforeSimplification_All_splitClauses_0":["28"],
"smt2FileSizeByte_Unlabeled_splitClauses_1":["7212"],
"cegarIterationNumber_PredictedCG_splitClauses_0":["10800000"],
"predicateGeneratorTime_Octagon_splitClauses_0":["10800000"],
"unlabeledTemplateNumber_RelationalEqs_splitClauses_1":["41"],
"clauseNumberAfterSimplification_Octagon_splitClauses_0":["430"],
"cegarIterationNumber_Random_splitClauses_0":["10800000"],
"solvability_PredictedCDHG_splitClauses_1":["10800000"],
"solvability_PredictedCG_splitClauses_0":["10800000"],
"solvingTime_PredictedCG_splitClauses_1":["10800000"],
"unlabeledSingleVariableTemplatesNumber_Unlabeled_splitClauses_0":["17"],
"unlabeledTemplateNumber_Unlabeled_splitClauses_0":["41"],
"labeledTemplateRelationSymbolNumber_RelationalIneqs_splitClauses_0":["1"],
"minedTemplateNumber_Random_splitClauses_1":["12"],
"generatedPredicateNumber_RelationalEqs_splitClauses_0":["10800000"],
"minedTemplateNumber_Term_splitClauses_0":["12"],
"solvingTime_All_splitClauses_1":["10800000"],
"minedSingleVariableTemplatesNumber_PredictedCG_splitClauses_0":["7"],
"smt2FileSizeByte_Term_splitClauses_1":["7212"],
"labeledBinaryVariableTemplatesNumber_All_splitClauses_0":["5"],
"minedTemplateNumber_PredictedCDHG_splitClauses_1":["12"],
"minedTemplateRelationSymbolNumber_PredictedCDHG_splitClauses_0":["1"],
"averagePredicateSize_Unlabeled_splitClauses_0":["10800000"],
"minedBinaryVariableTemplatesNumber_Octagon_splitClauses_1":["5"],
"unlabeledSingleVariableTemplatesNumber_Random_splitClauses_1":["17"],
"clauseNumberBeforeSimplification_Random_splitClauses_0":["14"],
"solvingTime_Unlabeled_splitClauses_1":["756"],
"predicateGeneratorTime_PredictedCDHG_splitClauses_1":["10800000"],
"averagePredicateSize_PredictedCDHG_splitClauses_0":["10800000"],
"relationSymbolNumberAfterSimplification_RelationalEqs_splitClauses_0":["788"],
"minedBinaryVariableTemplatesNumber_Term_splitClauses_0":["5"],
"labeledTemplateNumber_RelationalIneqs_splitClauses_0":["7"],
"clauseNumberAfterSimplification_Random_splitClauses_0":["430"],
"clauseNumberAfterSimplification_PredictedCG_splitClauses_0":["430"],
"generatedPredicateNumber_Empty_splitClauses_1":["7"],
"clauseNumberBeforeSimplification_Octagon_splitClauses_0":["14"],
"unlabeledTemplateNumber_Empty_splitClauses_0":["41"],
"minedSingleVariableTemplatesNumber_All_splitClauses_0":["7"],
"labeledTemplateRelationSymbolNumber_Octagon_splitClauses_0":["1"],
"generatedPredicateNumber_Random_splitClauses_1":["9"],
"clauseNumberAfterSimplification_RelationalEqs_splitClauses_0":["430"],
"labeledBinaryVariableTemplatesNumber_Term_splitClauses_0":["5"],
"minedSingleVariableTemplatesNumber_RelationalEqs_splitClauses_0":["7"],
"minedTemplateNumber_Mined_splitClauses_0":["12"],
"relationSymbolNumberBeforeSimplification_PredictedCG_splitClauses_0":["28"],
"averagePredicateSize_Octagon_splitClauses_0":["10800000"],
"unlabeledBinaryVariableTemplatesNumber_Empty_splitClauses_1":["24"],
"unlabeledSingleVariableTemplatesNumber_PredictedCDHG_splitClauses_0":["17"],
"unlabeledSingleVariableTemplatesNumber_PredictedCG_splitClauses_1":["17"],
"labeledTemplateRelationSymbolNumber_Labeled_splitClauses_1":["1"],
"minedTemplateRelationSymbolNumber_Random_splitClauses_0":["1"],
"unlabeledTemplateRelationSymbolNumber_PredictedCG_splitClauses_0":["1"],
"unlabeledTemplateNumber_RelationalIneqs_splitClauses_0":["41"],
"unlabeledSingleVariableTemplatesNumber_Labeled_splitClauses_0":["17"],
"relationSymbolNumberAfterSimplification_PredictedCG_splitClauses_0":["788"],
"minedTemplateNumber_Unlabeled_splitClauses_1":["12"],
"generatedPredicateNumber_PredictedCG_splitClauses_0":["10800000"],
"labeledTemplateNumber_Unlabeled_splitClauses_1":["7"],
"unlabeledTemplateRelationSymbolNumber_Empty_splitClauses_1":["1"],
"clauseNumberBeforeSimplification_Empty_splitClauses_0":["14"],
"solvingTime_Octagon_splitClauses_1":["836"],
"cegarIterationNumber_Mined_splitClauses_1":["7"],
"clauseNumberBeforeSimplification_Mined_splitClauses_1":["14"],
"smt2FileSizeByte_PredictedCDHG_splitClauses_0":["7212"],
"averagePredicateSize_PredictedCG_splitClauses_0":["10800000"],
"solvingTime_Random_splitClauses_0":["10800000"],
"minedTemplateNumber_RelationalEqs_splitClauses_0":["12"],
"unlabeledSingleVariableTemplatesNumber_RelationalIneqs_splitClauses_0":["17"],
"unlabeledTemplateNumber_Unlabeled_splitClauses_1":["41"],
"labeledBinaryVariableTemplatesNumber_RelationalEqs_splitClauses_0":["5"],
"generatedPredicateNumber_PredictedCDHG_splitClauses_0":["10800000"],
"relationSymbolNumberAfterSimplification_RelationalIneqs_splitClauses_0":["788"],
"minedTemplateRelationSymbolNumber_Empty_splitClauses_1":["1"],
"predicateGeneratorTime_Random_splitClauses_1":["319"],
"labeledTemplateNumber_Term_splitClauses_1":["7"],
"relationSymbolNumberBeforeSimplification_RelationalEqs_splitClauses_0":["28"],
"minedSingleVariableTemplatesNumber_Empty_splitClauses_1":["7"],
"minedSingleVariableTemplatesNumber_RelationalIneqs_splitClauses_0":["7"],
"clauseNumberAfterSimplification_All_splitClauses_0":["430"],
"unlabeledBinaryVariableTemplatesNumber_RelationalEqs_splitClauses_0":["24"],
"cegarIterationNumber_RelationalEqs_splitClauses_0":["10800000"],
"labeledTemplateRelationSymbolNumber_PredictedCDHG_splitClauses_0":["1"],
"labeledSingleVariableTemplatesNumber_Labeled_splitClauses_1":["2"],
"unlabeledBinaryVariableTemplatesNumber_All_splitClauses_1":["24"],
"minedTemplateRelationSymbolNumber_Unlabeled_splitClauses_1":["1"],
"solvingTime_RelationalEqs_splitClauses_0":["10800000"],
"solvingTime_RelationalEqs_splitClauses_1":["903"],
"minedBinaryVariableTemplatesNumber_Mined_splitClauses_0":["5"],
"clauseNumberBeforeSimplification_All_splitClauses_0":["14"],
"clauseNumberBeforeSimplification_RelationalIneqs_splitClauses_1":["14"],
"labeledTemplateNumber_RelationalEqs_splitClauses_1":["7"],
"labeledBinaryVariableTemplatesNumber_RelationalIneqs_splitClauses_0":["5"],
"relationSymbolNumberBeforeSimplification_Labeled_splitClauses_0":["28"],
"clauseNumberAfterSimplification_Empty_splitClauses_0":["430"],
"averagePredicateSize_Empty_splitClauses_0":["10800000"],
"unlabeledTemplateNumber_Term_splitClauses_1":["41"],
"predicateGeneratorTime_Mined_splitClauses_1":["289"],
"labeledBinaryVariableTemplatesNumber_RelationalIneqs_splitClauses_1":["5"],
"predicateGeneratorTime_Unlabeled_splitClauses_0":["10800000"],
"relationSymbolNumberAfterSimplification_Empty_splitClauses_0":["788"],
"generatedPredicateNumber_Mined_splitClauses_0":["10800000"],
"generatedPredicateNumber_RelationalEqs_splitClauses_1":["9"],
"labeledTemplateRelationSymbolNumber_PredictedCG_splitClauses_0":["1"],
"minedSingleVariableTemplatesNumber_PredictedCG_splitClauses_1":["7"],
"minedTemplateRelationSymbolNumber_PredictedCG_splitClauses_0":["1"],
"unlabeledTemplateRelationSymbolNumber_Labeled_splitClauses_0":["1"],
"solvability_Empty_splitClauses_1":["1"],
"averagePredicateSize_Term_splitClauses_0":["10800000"],
"cegarIterationNumber_Random_splitClauses_1":["7"],
"averagePredicateSize_Labeled_splitClauses_1":["1"],
"unlabeledBinaryVariableTemplatesNumber_Unlabeled_splitClauses_0":["24"],
"generatedPredicateNumber_Unlabeled_splitClauses_1":["9"],
"predicateGeneratorTime_All_splitClauses_0":["10800000"],
"unlabeledBinaryVariableTemplatesNumber_PredictedCDHG_splitClauses_1":["24"],
"clauseNumberBeforeSimplification_Labeled_splitClauses_1":["14"],
"minedBinaryVariableTemplatesNumber_Labeled_splitClauses_1":["5"],
"labeledSingleVariableTemplatesNumber_All_splitClauses_0":["2"],
"unlabeledTemplateRelationSymbolNumber_Mined_splitClauses_0":["1"],
"cegarIterationNumber_Octagon_splitClauses_1":["7"],
"labeledTemplateNumber_Octagon_splitClauses_0":["7"],
"labeledTemplateRelationSymbolNumber_All_splitClauses_1":["1"],
"smt2FileSizeByte_Empty_splitClauses_0":["7212"],
"unlabeledTemplateNumber_Octagon_splitClauses_1":["41"],
"predicateGeneratorTime_RelationalEqs_splitClauses_0":["10800000"],
"unlabeledTemplateRelationSymbolNumber_RelationalIneqs_splitClauses_0":["1"],
"smt2FileSizeByte_RelationalEqs_splitClauses_1":["7212"],
"unlabeledTemplateNumber_Labeled_splitClauses_0":["41"],
"minedSingleVariableTemplatesNumber_Labeled_splitClauses_0":["7"],
"solvingTime_PredictedCDHG_splitClauses_1":["10800000"],
"relationSymbolNumberBeforeSimplification_Term_splitClauses_1":["28"],
"minedTemplateNumber_Octagon_splitClauses_1":["12"],
"clauseNumberBeforeSimplification_Mined_splitClauses_0":["14"],
"smt2FileSizeByte_All_splitClauses_0":["7212"],
"solvingTime_All_splitClauses_0":["10800000"],
"minedBinaryVariableTemplatesNumber_Term_splitClauses_1":["5"],
"unlabeledTemplateRelationSymbolNumber_Random_splitClauses_0":["1"],
"cegarIterationNumber_All_splitClauses_0":["10800000"],
"smt2FileSizeByte_RelationalEqs_splitClauses_0":["7212"],
"unlabeledSingleVariableTemplatesNumber_PredictedCDHG_splitClauses_1":["17"],
"clauseNumberBeforeSimplification_Labeled_splitClauses_0":["14"],
"cegarIterationNumber_PredictedCG_splitClauses_1":["10800000"],
"labeledTemplateRelationSymbolNumber_Unlabeled_splitClauses_0":["1"],
"unlabeledTemplateRelationSymbolNumber_Octagon_splitClauses_1":["1"],
"unlabeledTemplateNumber_Empty_splitClauses_1":["41"],
"clauseNumberBeforeSimplification_Octagon_splitClauses_1":["14"],
"labeledTemplateNumber_Unlabeled_splitClauses_0":["7"],
"labeledBinaryVariableTemplatesNumber_PredictedCG_splitClauses_0":["5"],
"solvability_Term_splitClauses_1":["1"],
"solvability_Octagon_splitClauses_0":["10800000"],
"minedTemplateRelationSymbolNumber_RelationalIneqs_splitClauses_0":["1"],
"clauseNumberBeforeSimplification_RelationalIneqs_splitClauses_0":["14"],
"labeledTemplateNumber_PredictedCG_splitClauses_0":["7"],
"cegarIterationNumber_Labeled_splitClauses_0":["10800000"],
"smt2FileSizeByte_Labeled_splitClauses_1":["7212"],
"clauseNumberBeforeSimplification_Unlabeled_splitClauses_1":["14"],
"generatedPredicateNumber_Term_splitClauses_1":["9"],
"solvingTime_Term_splitClauses_1":["943"],
"unlabeledBinaryVariableTemplatesNumber_Random_splitClauses_1":["24"],
"unlabeledSingleVariableTemplatesNumber_Octagon_splitClauses_0":["17"],
"solvingTime_Octagon_splitClauses_0":["10800000"],
"labeledSingleVariableTemplatesNumber_Mined_splitClauses_1":["2"],
"averagePredicateSize_Term_splitClauses_1":["1"],
"labeledTemplateNumber_Labeled_splitClauses_0":["7"],
"unlabeledSingleVariableTemplatesNumber_PredictedCG_splitClauses_0":["17"],
"smt2FileSizeByte_Mined_splitClauses_1":["7212"],
"labeledBinaryVariableTemplatesNumber_Unlabeled_splitClauses_1":["5"],
"labeledTemplateNumber_All_splitClauses_0":["7"],
"unlabeledTemplateNumber_Random_splitClauses_0":["41"],
"labeledTemplateNumber_Octagon_splitClauses_1":["7"],
"unlabeledTemplateNumber_PredictedCDHG_splitClauses_1":["41"],
"unlabeledBinaryVariableTemplatesNumber_Mined_splitClauses_0":["24"],
"minedTemplateRelationSymbolNumber_Mined_splitClauses_1":["1"],
"labeledTemplateNumber_RelationalIneqs_splitClauses_1":["7"],
"relationSymbolNumberAfterSimplification_All_splitClauses_0":["788"],
"relationSymbolNumberBeforeSimplification_PredictedCDHG_splitClauses_0":["28"],
"solvability_Term_splitClauses_0":["10800000"],
"clauseNumberBeforeSimplification_PredictedCG_splitClauses_1":["14"],
"generatedPredicateNumber_Labeled_splitClauses_1":["9"],
"labeledSingleVariableTemplatesNumber_Unlabeled_splitClauses_0":["2"],
"unlabeledBinaryVariableTemplatesNumber_Empty_splitClauses_0":["24"],
"solvingTime_Mined_splitClauses_0":["10800000"],
"unlabeledTemplateNumber_All_splitClauses_1":["41"],
"clauseNumberAfterSimplification_Random_splitClauses_1":["430"],
"labeledBinaryVariableTemplatesNumber_Octagon_splitClauses_1":["5"],
"unlabeledBinaryVariableTemplatesNumber_Labeled_splitClauses_0":["24"],
"smt2FileSizeByte_Octagon_splitClauses_0":["7212"],
"labeledSingleVariableTemplatesNumber_Random_splitClauses_1":["2"],
"solvability_Unlabeled_splitClauses_0":["10800000"],
"solvingTime_Unlabeled_splitClauses_0":["10800000"],
"unlabeledTemplateRelationSymbolNumber_All_splitClauses_1":["1"],
"minedTemplateNumber_Empty_splitClauses_1":["12"],
"solvability_RelationalIneqs_splitClauses_0":["10800000"],
"unlabeledTemplateRelationSymbolNumber_Labeled_splitClauses_1":["1"],
"cegarIterationNumber_RelationalEqs_splitClauses_1":["7"],
"minedSingleVariableTemplatesNumber_RelationalEqs_splitClauses_1":["7"],
"clauseNumberAfterSimplification_PredictedCDHG_splitClauses_1":["430"],
"minedBinaryVariableTemplatesNumber_RelationalIneqs_splitClauses_1":["5"],
"unlabeledBinaryVariableTemplatesNumber_Mined_splitClauses_1":["24"],
"unlabeledBinaryVariableTemplatesNumber_PredictedCDHG_splitClauses_0":["24"],
"solvingTime_Empty_splitClauses_1":["964"],
"labeledTemplateRelationSymbolNumber_Empty_splitClauses_1":["1"],
"generatedPredicateNumber_Term_splitClauses_0":["10800000"],
"averagePredicateSize_Empty_splitClauses_1":["1"],
"generatedPredicateNumber_PredictedCG_splitClauses_1":["10800000"],
"labeledTemplateRelationSymbolNumber_PredictedCDHG_splitClauses_1":["1"],
"predicateGeneratorTime_Mined_splitClauses_0":["10800000"],
"relationSymbolNumberBeforeSimplification_Term_splitClauses_0":["28"],
"predicateGeneratorTime_Labeled_splitClauses_0":["10800000"],
"labeledSingleVariableTemplatesNumber_Random_splitClauses_0":["2"],
"unlabeledTemplateRelationSymbolNumber_All_splitClauses_0":["1"],
"minedBinaryVariableTemplatesNumber_Labeled_splitClauses_0":["5"],
"generatedPredicateNumber_Labeled_splitClauses_0":["10800000"],
"relationSymbolNumberAfterSimplification_Empty_splitClauses_1":["788"],
"solvingTime_Mined_splitClauses_1":["722"],
"minedSingleVariableTemplatesNumber_All_splitClauses_1":["7"],
"predicateGeneratorTime_Random_splitClauses_0":["10800000"],
"cegarIterationNumber_Term_splitClauses_1":["7"],
"labeledTemplateNumber_Empty_splitClauses_1":["7"],
"clauseNumberAfterSimplification_Empty_splitClauses_1":["430"],
"minedTemplateRelationSymbolNumber_Empty_splitClauses_0":["1"],
"unlabeledSingleVariableTemplatesNumber_Term_splitClauses_0":["17"],
"minedSingleVariableTemplatesNumber_Empty_splitClauses_0":["7"],
"relationSymbolNumberAfterSimplification_Random_splitClauses_0":["788"],
"minedTemplateRelationSymbolNumber_RelationalEqs_splitClauses_0":["1"],
"cegarIterationNumber_Empty_splitClauses_0":["10800000"],
"minedBinaryVariableTemplatesNumber_RelationalEqs_splitClauses_1":["5"],
"relationSymbolNumberBeforeSimplification_PredictedCG_splitClauses_1":["28"],
"labeledSingleVariableTemplatesNumber_All_splitClauses_1":["2"],
"unlabeledTemplateRelationSymbolNumber_Octagon_splitClauses_0":["1"],
"minedTemplateRelationSymbolNumber_Unlabeled_splitClauses_0":["1"],
"labeledBinaryVariableTemplatesNumber_Mined_splitClauses_0":["5"],
"relationSymbolNumberAfterSimplification_Unlabeled_splitClauses_1":["788"],
"minedTemplateNumber_PredictedCG_splitClauses_1":["12"],
"cegarIterationNumber_Empty_splitClauses_1":["7"],
"averagePredicateSize_RelationalIneqs_splitClauses_0":["10800000"],
"solvability_All_splitClauses_1":["10800000"],
"unlabeledBinaryVariableTemplatesNumber_Term_splitClauses_1":["24"],
"minedTemplateRelationSymbolNumber_Labeled_splitClauses_1":["1"],
"averagePredicateSize_Unlabeled_splitClauses_1":["1"],
"labeledTemplateNumber_Term_splitClauses_0":["7"],
"smt2FileSizeByte_Empty_splitClauses_1":["7212"],
"solvingTime_PredictedCG_splitClauses_0":["10800000"],
"cegarIterationNumber_All_splitClauses_1":["10800000"],
"clauseNumberBeforeSimplification_Term_splitClauses_1":["14"],
"predicateGeneratorTime_Empty_splitClauses_0":["10800000"],
"relationSymbolNumberBeforeSimplification_Empty_splitClauses_1":["28"],
"averagePredicateSize_All_splitClauses_0":["10800000"],
"unlabeledBinaryVariableTemplatesNumber_Random_splitClauses_0":["24"],
"smt2FileSizeByte_Term_splitClauses_0":["7212"],
"averagePredicateSize_Mined_splitClauses_1":["1"],
"minedBinaryVariableTemplatesNumber_Empty_splitClauses_0":["5"],
"minedTemplateRelationSymbolNumber_All_splitClauses_1":["1"],
"labeledSingleVariableTemplatesNumber_PredictedCG_splitClauses_0":["2"],
"unlabeledBinaryVariableTemplatesNumber_RelationalIneqs_splitClauses_0":["24"],
"unlabeledSingleVariableTemplatesNumber_RelationalIneqs_splitClauses_1":["17"],
"clauseNumberAfterSimplification_RelationalIneqs_splitClauses_0":["430"],
"unlabeledTemplateNumber_RelationalEqs_splitClauses_0":["41"],
"unlabeledTemplateNumber_RelationalIneqs_splitClauses_1":["41"],
"labeledTemplateRelationSymbolNumber_PredictedCG_splitClauses_1":["1"],
"labeledTemplateRelationSymbolNumber_All_splitClauses_0":["1"],
"labeledSingleVariableTemplatesNumber_Octagon_splitClauses_0":["2"],
"dummyFiled":[]
}