{
"smt2FileSizeByte_All_splitClauses_1":["137490"],
"generatedPredicateNumber_All_splitClauses_1":["10800000"],
"unlabeledTemplateRelationSymbolNumber_PredictedCDHG_splitClauses_0":["6"],
"relationSymbolNumberBeforeSimplification_Unlabeled_splitClauses_1":["257"],
"predicateGeneratorTime_Term_splitClauses_0":["10800000"],
"averagePredicateSize_Random_splitClauses_1":["1"],
"labeledBinaryVariableTemplatesNumber_Labeled_splitClauses_1":["3"],
"clauseNumberBeforeSimplification_All_splitClauses_1":["129"],
"minedTemplateRelationSymbolNumber_Term_splitClauses_0":["6"],
"solvingTime_Labeled_splitClauses_1":["910"],
"unlabeledTemplateNumber_Labeled_splitClauses_1":["426"],
"relationSymbolNumberAfterSimplification_All_splitClauses_1":["229"],
"minedTemplateRelationSymbolNumber_Octagon_splitClauses_1":["6"],
"clauseNumberAfterSimplification_Mined_splitClauses_1":["115"],
"relationSymbolNumberBeforeSimplification_Octagon_splitClauses_0":["257"],
"unlabeledBinaryVariableTemplatesNumber_Term_splitClauses_0":["276"],
"labeledTemplateNumber_PredictedCDHG_splitClauses_0":["8"],
"solvability_Empty_splitClauses_0":["10800000"],
"unlabeledTemplateRelationSymbolNumber_Random_splitClauses_1":["6"],
"labeledBinaryVariableTemplatesNumber_Octagon_splitClauses_0":["3"],
"relationSymbolNumberBeforeSimplification_Random_splitClauses_1":["257"],
"minedTemplateRelationSymbolNumber_Random_splitClauses_1":["6"],
"unlabeledSingleVariableTemplatesNumber_Mined_splitClauses_0":["150"],
"unlabeledBinaryVariableTemplatesNumber_PredictedCG_splitClauses_1":["276"],
"solvability_All_splitClauses_0":["10800000"],
"predicateGeneratorTime_RelationalEqs_splitClauses_1":["4412"],
"relationSymbolNumberBeforeSimplification_PredictedCDHG_splitClauses_1":["257"],
"smt2FileSizeByte_PredictedCG_splitClauses_1":["137490"],
"labeledSingleVariableTemplatesNumber_Unlabeled_splitClauses_1":["5"],
"labeledBinaryVariableTemplatesNumber_PredictedCG_splitClauses_1":["3"],
"minedBinaryVariableTemplatesNumber_PredictedCG_splitClauses_0":["3"],
"solvability_Random_splitClauses_0":["10800000"],
"relationSymbolNumberAfterSimplification_PredictedCG_splitClauses_1":["229"],
"clauseNumberBeforeSimplification_PredictedCDHG_splitClauses_1":["129"],
"labeledSingleVariableTemplatesNumber_Mined_splitClauses_0":["5"],
"solvability_Unlabeled_splitClauses_1":["1"],
"cegarIterationNumber_Labeled_splitClauses_1":["9"],
"smt2FileSizeByte_Mined_splitClauses_0":["137490"],
"relationSymbolNumberAfterSimplification_Mined_splitClauses_0":["229"],
"labeledSingleVariableTemplatesNumber_PredictedCG_splitClauses_1":["5"],
"smt2FileSizeByte_Octagon_splitClauses_1":["137490"],
"minedTemplateNumber_Labeled_splitClauses_1":["57"],
"labeledSingleVariableTemplatesNumber_RelationalIneqs_splitClauses_1":["5"],
"clauseNumberAfterSimplification_Labeled_splitClauses_1":["115"],
"relationSymbolNumberAfterSimplification_Labeled_splitClauses_0":["229"],
"smt2FileSizeByte_Random_splitClauses_0":["137490"],
"relationSymbolNumberAfterSimplification_PredictedCDHG_splitClauses_0":["229"],
"unlabeledTemplateRelationSymbolNumber_PredictedCDHG_splitClauses_1":["6"],
"labeledSingleVariableTemplatesNumber_Term_splitClauses_0":["5"],
"generatedPredicateNumber_PredictedCDHG_splitClauses_1":["10800000"],
"minedSingleVariableTemplatesNumber_Unlabeled_splitClauses_0":["54"],
"generatedPredicateNumber_Octagon_splitClauses_1":["12"],
"labeledSingleVariableTemplatesNumber_RelationalEqs_splitClauses_0":["5"],
"predicateGeneratorTime_PredictedCG_splitClauses_1":["10800000"],
"relationSymbolNumberAfterSimplification_Octagon_splitClauses_0":["229"],
"labeledTemplateNumber_Labeled_splitClauses_1":["8"],
"labeledSingleVariableTemplatesNumber_Empty_splitClauses_0":["5"],
"minedTemplateRelationSymbolNumber_RelationalIneqs_splitClauses_1":["6"],
"unlabeledSingleVariableTemplatesNumber_All_splitClauses_1":["150"],
"labeledBinaryVariableTemplatesNumber_PredictedCDHG_splitClauses_1":["3"],
"unlabeledSingleVariableTemplatesNumber_RelationalEqs_splitClauses_1":["150"],
"cegarIterationNumber_Term_splitClauses_0":["10800000"],
"unlabeledBinaryVariableTemplatesNumber_Labeled_splitClauses_1":["276"],
"unlabeledSingleVariableTemplatesNumber_Term_splitClauses_1":["150"],
"clauseNumberAfterSimplification_All_splitClauses_1":["115"],
"minedSingleVariableTemplatesNumber_Random_splitClauses_0":["54"],
"solvability_RelationalIneqs_splitClauses_1":["1"],
"minedTemplateNumber_Labeled_splitClauses_0":["57"],
"minedSingleVariableTemplatesNumber_Octagon_splitClauses_0":["54"],
"minedSingleVariableTemplatesNumber_Term_splitClauses_1":["54"],
"minedBinaryVariableTemplatesNumber_PredictedCDHG_splitClauses_1":["3"],
"generatedPredicateNumber_Mined_splitClauses_1":["12"],
"labeledSingleVariableTemplatesNumber_RelationalIneqs_splitClauses_0":["5"],
"averagePredicateSize_Mined_splitClauses_0":["10800000"],
"cegarIterationNumber_Unlabeled_splitClauses_0":["10800000"],
"minedBinaryVariableTemplatesNumber_Random_splitClauses_0":["3"],
"labeledTemplateNumber_Mined_splitClauses_1":["8"],
"labeledBinaryVariableTemplatesNumber_Random_splitClauses_0":["3"],
"unlabeledTemplateRelationSymbolNumber_Unlabeled_splitClauses_1":["6"],
"cegarIterationNumber_Mined_splitClauses_0":["10800000"],
"minedTemplateRelationSymbolNumber_Labeled_splitClauses_0":["6"],
"unlabeledBinaryVariableTemplatesNumber_RelationalIneqs_splitClauses_1":["276"],
"unlabeledBinaryVariableTemplatesNumber_Octagon_splitClauses_0":["276"],
"solvability_Mined_splitClauses_0":["10800000"],
"averagePredicateSize_RelationalEqs_splitClauses_0":["10800000"],
"clauseNumberAfterSimplification_Term_splitClauses_0":["115"],
"unlabeledTemplateNumber_Mined_splitClauses_0":["426"],
"relationSymbolNumberAfterSimplification_Random_splitClauses_1":["229"],
"unlabeledTemplateNumber_PredictedCDHG_splitClauses_0":["426"],
"cegarIterationNumber_RelationalIneqs_splitClauses_1":["9"],
"minedBinaryVariableTemplatesNumber_Unlabeled_splitClauses_1":["3"],
"labeledTemplateNumber_PredictedCG_splitClauses_1":["8"],
"labeledTemplateRelationSymbolNumber_Mined_splitClauses_0":["5"],
"labeledBinaryVariableTemplatesNumber_Mined_splitClauses_1":["3"],
"relationSymbolNumberBeforeSimplification_Mined_splitClauses_0":["257"],
"relationSymbolNumberBeforeSimplification_RelationalIneqs_splitClauses_0":["257"],
"clauseNumberAfterSimplification_RelationalIneqs_splitClauses_1":["115"],
"minedSingleVariableTemplatesNumber_PredictedCDHG_splitClauses_0":["54"],
"solvability_Labeled_splitClauses_1":["1"],
"labeledSingleVariableTemplatesNumber_Octagon_splitClauses_1":["5"],
"averagePredicateSize_Random_splitClauses_0":["10800000"],
"smt2FileSizeByte_RelationalIneqs_splitClauses_0":["137490"],
"generatedPredicateNumber_Unlabeled_splitClauses_0":["10800000"],
"solvability_RelationalEqs_splitClauses_0":["10800000"],
"predicateGeneratorTime_Empty_splitClauses_1":["325"],
"minedSingleVariableTemplatesNumber_Mined_splitClauses_0":["54"],
"relationSymbolNumberAfterSimplification_Unlabeled_splitClauses_0":["229"],
"minedTemplateRelationSymbolNumber_PredictedCDHG_splitClauses_1":["6"],
"minedTemplateNumber_PredictedCG_splitClauses_0":["57"],
"averagePredicateSize_RelationalIneqs_splitClauses_1":["1"],
"labeledTemplateRelationSymbolNumber_Random_splitClauses_1":["5"],
"minedTemplateNumber_RelationalIneqs_splitClauses_0":["57"],
"predicateGeneratorTime_RelationalIneqs_splitClauses_0":["10800000"],
"labeledTemplateRelationSymbolNumber_Empty_splitClauses_0":["5"],
"minedBinaryVariableTemplatesNumber_Octagon_splitClauses_0":["3"],
"labeledSingleVariableTemplatesNumber_Term_splitClauses_1":["5"],
"labeledBinaryVariableTemplatesNumber_Empty_splitClauses_0":["3"],
"minedTemplateNumber_Octagon_splitClauses_0":["57"],
"labeledBinaryVariableTemplatesNumber_Unlabeled_splitClauses_0":["3"],
"relationSymbolNumberBeforeSimplification_Empty_splitClauses_0":["257"],
"clauseNumberAfterSimplification_PredictedCDHG_splitClauses_0":["115"],
"smt2FileSizeByte_PredictedCG_splitClauses_0":["137490"],
"minedBinaryVariableTemplatesNumber_RelationalEqs_splitClauses_0":["3"],
"relationSymbolNumberBeforeSimplification_Unlabeled_splitClauses_0":["257"],
"labeledTemplateRelationSymbolNumber_RelationalEqs_splitClauses_1":["5"],
"minedBinaryVariableTemplatesNumber_Random_splitClauses_1":["3"],
"clauseNumberAfterSimplification_Unlabeled_splitClauses_1":["115"],
"minedSingleVariableTemplatesNumber_PredictedCDHG_splitClauses_1":["54"],
"labeledBinaryVariableTemplatesNumber_Term_splitClauses_1":["3"],
"clauseNumberBeforeSimplification_Empty_splitClauses_1":["129"],
"relationSymbolNumberAfterSimplification_Octagon_splitClauses_1":["229"],
"relationSymbolNumberAfterSimplification_Term_splitClauses_0":["229"],
"minedBinaryVariableTemplatesNumber_Mined_splitClauses_1":["3"],
"unlabeledBinaryVariableTemplatesNumber_Unlabeled_splitClauses_1":["276"],
"relationSymbolNumberBeforeSimplification_Random_splitClauses_0":["257"],
"relationSymbolNumberAfterSimplification_PredictedCDHG_splitClauses_1":["229"],
"unlabeledTemplateNumber_PredictedCG_splitClauses_1":["426"],
"generatedPredicateNumber_Empty_splitClauses_0":["10800000"],
"predicateGeneratorTime_RelationalIneqs_splitClauses_1":["4416"],
"unlabeledSingleVariableTemplatesNumber_Empty_splitClauses_0":["150"],
"cegarIterationNumber_Octagon_splitClauses_0":["10800000"],
"clauseNumberAfterSimplification_Octagon_splitClauses_1":["115"],
"unlabeledSingleVariableTemplatesNumber_Labeled_splitClauses_1":["150"],
"clauseNumberBeforeSimplification_Random_splitClauses_1":["129"],
"minedTemplateRelationSymbolNumber_All_splitClauses_0":["6"],
"unlabeledTemplateRelationSymbolNumber_RelationalEqs_splitClauses_0":["6"],
"minedSingleVariableTemplatesNumber_Unlabeled_splitClauses_1":["54"],
"clauseNumberBeforeSimplification_RelationalEqs_splitClauses_0":["129"],
"minedTemplateNumber_Unlabeled_splitClauses_0":["57"],
"generatedPredicateNumber_Octagon_splitClauses_0":["10800000"],
"predicateGeneratorTime_PredictedCDHG_splitClauses_0":["10800000"],
"clauseNumberAfterSimplification_PredictedCG_splitClauses_1":["115"],
"labeledSingleVariableTemplatesNumber_RelationalEqs_splitClauses_1":["5"],
"smt2FileSizeByte_Random_splitClauses_1":["137490"],
"averagePredicateSize_PredictedCG_splitClauses_1":["10800000"],
"cegarIterationNumber_PredictedCDHG_splitClauses_1":["10800000"],
"clauseNumberAfterSimplification_RelationalEqs_splitClauses_1":["115"],
"minedBinaryVariableTemplatesNumber_Empty_splitClauses_1":["3"],
"relationSymbolNumberAfterSimplification_RelationalEqs_splitClauses_1":["229"],
"minedTemplateNumber_PredictedCDHG_splitClauses_0":["57"],
"labeledBinaryVariableTemplatesNumber_All_splitClauses_1":["3"],
"solvingTime_RelationalIneqs_splitClauses_1":["4714"],
"unlabeledTemplateRelationSymbolNumber_RelationalEqs_splitClauses_1":["6"],
"smt2FileSizeByte_Unlabeled_splitClauses_0":["137490"],
"relationSymbolNumberBeforeSimplification_Mined_splitClauses_1":["257"],
"relationSymbolNumberAfterSimplification_Mined_splitClauses_1":["229"],
"generatedPredicateNumber_All_splitClauses_0":["10800000"],
"relationSymbolNumberBeforeSimplification_Octagon_splitClauses_1":["257"],
"predicateGeneratorTime_Octagon_splitClauses_1":["3706"],
"solvability_Mined_splitClauses_1":["1"],
"minedTemplateRelationSymbolNumber_Term_splitClauses_1":["6"],
"clauseNumberAfterSimplification_Mined_splitClauses_0":["115"],
"solvability_PredictedCDHG_splitClauses_0":["10800000"],
"solvingTime_Empty_splitClauses_0":["10800000"],
"unlabeledSingleVariableTemplatesNumber_Unlabeled_splitClauses_1":["150"],
"minedTemplateNumber_Term_splitClauses_1":["57"],
"averagePredicateSize_Octagon_splitClauses_1":["1"],
"unlabeledSingleVariableTemplatesNumber_Octagon_splitClauses_1":["150"],
"minedTemplateRelationSymbolNumber_RelationalEqs_splitClauses_1":["6"],
"relationSymbolNumberBeforeSimplification_All_splitClauses_1":["257"],
"minedBinaryVariableTemplatesNumber_RelationalIneqs_splitClauses_0":["3"],
"predicateGeneratorTime_Term_splitClauses_1":["312"],
"solvingTime_Labeled_splitClauses_0":["10800000"],
"unlabeledBinaryVariableTemplatesNumber_PredictedCG_splitClauses_0":["276"],
"minedTemplateNumber_All_splitClauses_0":["57"],
"predicateGeneratorTime_Labeled_splitClauses_1":["431"],
"unlabeledTemplateRelationSymbolNumber_Empty_splitClauses_0":["6"],
"unlabeledTemplateNumber_Mined_splitClauses_1":["426"],
"solvability_PredictedCG_splitClauses_1":["10800000"],
"unlabeledTemplateNumber_Term_splitClauses_0":["426"],
"minedBinaryVariableTemplatesNumber_PredictedCG_splitClauses_1":["3"],
"labeledSingleVariableTemplatesNumber_PredictedCDHG_splitClauses_0":["5"],
"minedBinaryVariableTemplatesNumber_All_splitClauses_0":["3"],
"averagePredicateSize_PredictedCDHG_splitClauses_1":["10800000"],
"predicateGeneratorTime_PredictedCG_splitClauses_0":["10800000"],
"generatedPredicateNumber_RelationalIneqs_splitClauses_0":["10800000"],
"labeledTemplateNumber_Empty_splitClauses_0":["8"],
"relationSymbolNumberAfterSimplification_RelationalIneqs_splitClauses_1":["229"],
"unlabeledTemplateRelationSymbolNumber_Term_splitClauses_0":["6"],
"minedTemplateNumber_All_splitClauses_1":["57"],
"labeledSingleVariableTemplatesNumber_Empty_splitClauses_1":["5"],
"minedBinaryVariableTemplatesNumber_Unlabeled_splitClauses_0":["3"],
"labeledTemplateNumber_Random_splitClauses_0":["8"],
"minedBinaryVariableTemplatesNumber_All_splitClauses_1":["3"],
"unlabeledSingleVariableTemplatesNumber_All_splitClauses_0":["150"],
"relationSymbolNumberBeforeSimplification_Labeled_splitClauses_1":["257"],
"smt2FileSizeByte_PredictedCDHG_splitClauses_1":["137490"],
"labeledBinaryVariableTemplatesNumber_PredictedCDHG_splitClauses_0":["3"],
"averagePredicateSize_RelationalEqs_splitClauses_1":["1"],
"minedSingleVariableTemplatesNumber_Term_splitClauses_0":["54"],
"labeledTemplateRelationSymbolNumber_Term_splitClauses_1":["5"],
"generatedPredicateNumber_Random_splitClauses_0":["10800000"],
"labeledBinaryVariableTemplatesNumber_Empty_splitClauses_1":["3"],
"relationSymbolNumberAfterSimplification_Term_splitClauses_1":["229"],
"clauseNumberAfterSimplification_Labeled_splitClauses_0":["115"],
"labeledSingleVariableTemplatesNumber_Labeled_splitClauses_0":["5"],
"minedTemplateNumber_Mined_splitClauses_1":["57"],
"labeledTemplateRelationSymbolNumber_Labeled_splitClauses_0":["5"],
"unlabeledTemplateRelationSymbolNumber_Mined_splitClauses_1":["6"],
"solvability_Labeled_splitClauses_0":["10800000"],
"minedTemplateNumber_RelationalEqs_splitClauses_1":["57"],
"solvingTime_Random_splitClauses_1":["882"],
"minedTemplateNumber_Random_splitClauses_0":["57"],
"cegarIterationNumber_Unlabeled_splitClauses_1":["9"],
"minedTemplateNumber_RelationalIneqs_splitClauses_1":["57"],
"unlabeledBinaryVariableTemplatesNumber_Octagon_splitClauses_1":["276"],
"minedSingleVariableTemplatesNumber_Octagon_splitClauses_1":["54"],
"minedSingleVariableTemplatesNumber_Random_splitClauses_1":["54"],
"averagePredicateSize_All_splitClauses_1":["10800000"],
"minedTemplateNumber_Empty_splitClauses_0":["57"],
"labeledTemplateNumber_Mined_splitClauses_0":["8"],
"unlabeledBinaryVariableTemplatesNumber_All_splitClauses_0":["276"],
"relationSymbolNumberAfterSimplification_Labeled_splitClauses_1":["229"],
"labeledSingleVariableTemplatesNumber_PredictedCDHG_splitClauses_1":["5"],
"minedSingleVariableTemplatesNumber_Mined_splitClauses_1":["54"],
"labeledTemplateRelationSymbolNumber_Term_splitClauses_0":["5"],
"unlabeledTemplateRelationSymbolNumber_Term_splitClauses_1":["6"],
"predicateGeneratorTime_All_splitClauses_1":["10800000"],
"unlabeledSingleVariableTemplatesNumber_Random_splitClauses_0":["150"],
"predicateGeneratorTime_Unlabeled_splitClauses_1":["4240"],
"cegarIterationNumber_PredictedCDHG_splitClauses_0":["10800000"],
"labeledTemplateNumber_RelationalEqs_splitClauses_0":["8"],
"labeledTemplateRelationSymbolNumber_Mined_splitClauses_1":["5"],
"labeledTemplateRelationSymbolNumber_Random_splitClauses_0":["5"],
"labeledBinaryVariableTemplatesNumber_RelationalEqs_splitClauses_1":["3"],
"generatedPredicateNumber_RelationalIneqs_splitClauses_1":["14"],
"unlabeledTemplateRelationSymbolNumber_PredictedCG_splitClauses_1":["6"],
"unlabeledSingleVariableTemplatesNumber_RelationalEqs_splitClauses_0":["150"],
"labeledBinaryVariableTemplatesNumber_Labeled_splitClauses_0":["3"],
"minedBinaryVariableTemplatesNumber_PredictedCDHG_splitClauses_0":["3"],
"unlabeledTemplateRelationSymbolNumber_Unlabeled_splitClauses_0":["6"],
"clauseNumberAfterSimplification_Term_splitClauses_1":["115"],
"unlabeledTemplateNumber_Octagon_splitClauses_0":["426"],
"unlabeledBinaryVariableTemplatesNumber_RelationalEqs_splitClauses_1":["276"],
"unlabeledTemplateNumber_PredictedCG_splitClauses_0":["426"],
"unlabeledTemplateNumber_All_splitClauses_0":["426"],
"labeledTemplateRelationSymbolNumber_RelationalIneqs_splitClauses_1":["5"],
"unlabeledSingleVariableTemplatesNumber_Mined_splitClauses_1":["150"],
"labeledTemplateRelationSymbolNumber_Unlabeled_splitClauses_1":["5"],
"labeledBinaryVariableTemplatesNumber_Random_splitClauses_1":["3"],
"solvability_Random_splitClauses_1":["1"],
"solvingTime_Term_splitClauses_0":["10800000"],
"minedSingleVariableTemplatesNumber_Labeled_splitClauses_1":["54"],
"clauseNumberBeforeSimplification_Term_splitClauses_0":["129"],
"relationSymbolNumberBeforeSimplification_RelationalIneqs_splitClauses_1":["257"],
"minedTemplateRelationSymbolNumber_Mined_splitClauses_0":["6"],
"solvability_Octagon_splitClauses_1":["1"],
"minedSingleVariableTemplatesNumber_RelationalIneqs_splitClauses_1":["54"],
"smt2FileSizeByte_Labeled_splitClauses_0":["137490"],
"solvability_RelationalEqs_splitClauses_1":["1"],
"unlabeledSingleVariableTemplatesNumber_Empty_splitClauses_1":["150"],
"labeledTemplateNumber_PredictedCDHG_splitClauses_1":["8"],
"minedTemplateRelationSymbolNumber_Octagon_splitClauses_0":["6"],
"clauseNumberAfterSimplification_Unlabeled_splitClauses_0":["115"],
"clauseNumberBeforeSimplification_Unlabeled_splitClauses_0":["129"],
"clauseNumberBeforeSimplification_PredictedCDHG_splitClauses_0":["129"],
"cegarIterationNumber_RelationalIneqs_splitClauses_0":["10800000"],
"labeledTemplateRelationSymbolNumber_RelationalEqs_splitClauses_0":["5"],
"averagePredicateSize_Labeled_splitClauses_0":["10800000"],
"smt2FileSizeByte_RelationalIneqs_splitClauses_1":["137490"],
"clauseNumberBeforeSimplification_RelationalEqs_splitClauses_1":["129"],
"unlabeledTemplateRelationSymbolNumber_RelationalIneqs_splitClauses_1":["6"],
"clauseNumberBeforeSimplification_PredictedCG_splitClauses_0":["129"],
"solvingTime_PredictedCDHG_splitClauses_0":["10800000"],
"labeledTemplateRelationSymbolNumber_Octagon_splitClauses_1":["5"],
"minedTemplateRelationSymbolNumber_PredictedCG_splitClauses_1":["6"],
"relationSymbolNumberBeforeSimplification_RelationalEqs_splitClauses_1":["257"],
"labeledTemplateNumber_Random_splitClauses_1":["8"],
"solvingTime_RelationalIneqs_splitClauses_0":["10800000"],
"labeledTemplateNumber_All_splitClauses_1":["8"],
"unlabeledTemplateNumber_Random_splitClauses_1":["426"],
"relationSymbolNumberBeforeSimplification_All_splitClauses_0":["257"],
"smt2FileSizeByte_Unlabeled_splitClauses_1":["137490"],
"cegarIterationNumber_PredictedCG_splitClauses_0":["10800000"],
"predicateGeneratorTime_Octagon_splitClauses_0":["10800000"],
"unlabeledTemplateNumber_RelationalEqs_splitClauses_1":["426"],
"clauseNumberAfterSimplification_Octagon_splitClauses_0":["115"],
"cegarIterationNumber_Random_splitClauses_0":["10800000"],
"solvability_PredictedCDHG_splitClauses_1":["10800000"],
"solvability_PredictedCG_splitClauses_0":["10800000"],
"solvingTime_PredictedCG_splitClauses_1":["10800000"],
"unlabeledSingleVariableTemplatesNumber_Unlabeled_splitClauses_0":["150"],
"unlabeledTemplateNumber_Unlabeled_splitClauses_0":["426"],
"labeledTemplateRelationSymbolNumber_RelationalIneqs_splitClauses_0":["5"],
"minedTemplateNumber_Random_splitClauses_1":["57"],
"generatedPredicateNumber_RelationalEqs_splitClauses_0":["10800000"],
"minedTemplateNumber_Term_splitClauses_0":["57"],
"solvingTime_All_splitClauses_1":["10800000"],
"minedSingleVariableTemplatesNumber_PredictedCG_splitClauses_0":["54"],
"smt2FileSizeByte_Term_splitClauses_1":["137490"],
"labeledBinaryVariableTemplatesNumber_All_splitClauses_0":["3"],
"minedTemplateNumber_PredictedCDHG_splitClauses_1":["57"],
"minedTemplateRelationSymbolNumber_PredictedCDHG_splitClauses_0":["6"],
"averagePredicateSize_Unlabeled_splitClauses_0":["10800000"],
"minedBinaryVariableTemplatesNumber_Octagon_splitClauses_1":["3"],
"unlabeledSingleVariableTemplatesNumber_Random_splitClauses_1":["150"],
"clauseNumberBeforeSimplification_Random_splitClauses_0":["129"],
"solvingTime_Unlabeled_splitClauses_1":["4614"],
"predicateGeneratorTime_PredictedCDHG_splitClauses_1":["10800000"],
"averagePredicateSize_PredictedCDHG_splitClauses_0":["10800000"],
"relationSymbolNumberAfterSimplification_RelationalEqs_splitClauses_0":["229"],
"minedBinaryVariableTemplatesNumber_Term_splitClauses_0":["3"],
"labeledTemplateNumber_RelationalIneqs_splitClauses_0":["8"],
"clauseNumberAfterSimplification_Random_splitClauses_0":["115"],
"clauseNumberAfterSimplification_PredictedCG_splitClauses_0":["115"],
"generatedPredicateNumber_Empty_splitClauses_1":["11"],
"clauseNumberBeforeSimplification_Octagon_splitClauses_0":["129"],
"unlabeledTemplateNumber_Empty_splitClauses_0":["426"],
"minedSingleVariableTemplatesNumber_All_splitClauses_0":["54"],
"labeledTemplateRelationSymbolNumber_Octagon_splitClauses_0":["5"],
"generatedPredicateNumber_Random_splitClauses_1":["11"],
"clauseNumberAfterSimplification_RelationalEqs_splitClauses_0":["115"],
"labeledBinaryVariableTemplatesNumber_Term_splitClauses_0":["3"],
"minedSingleVariableTemplatesNumber_RelationalEqs_splitClauses_0":["54"],
"minedTemplateNumber_Mined_splitClauses_0":["57"],
"relationSymbolNumberBeforeSimplification_PredictedCG_splitClauses_0":["257"],
"averagePredicateSize_Octagon_splitClauses_0":["10800000"],
"unlabeledBinaryVariableTemplatesNumber_Empty_splitClauses_1":["276"],
"unlabeledSingleVariableTemplatesNumber_PredictedCDHG_splitClauses_0":["150"],
"unlabeledSingleVariableTemplatesNumber_PredictedCG_splitClauses_1":["150"],
"labeledTemplateRelationSymbolNumber_Labeled_splitClauses_1":["5"],
"minedTemplateRelationSymbolNumber_Random_splitClauses_0":["6"],
"unlabeledTemplateRelationSymbolNumber_PredictedCG_splitClauses_0":["6"],
"unlabeledTemplateNumber_RelationalIneqs_splitClauses_0":["426"],
"unlabeledSingleVariableTemplatesNumber_Labeled_splitClauses_0":["150"],
"relationSymbolNumberAfterSimplification_PredictedCG_splitClauses_0":["229"],
"minedTemplateNumber_Unlabeled_splitClauses_1":["57"],
"generatedPredicateNumber_PredictedCG_splitClauses_0":["10800000"],
"labeledTemplateNumber_Unlabeled_splitClauses_1":["8"],
"unlabeledTemplateRelationSymbolNumber_Empty_splitClauses_1":["6"],
"clauseNumberBeforeSimplification_Empty_splitClauses_0":["129"],
"solvingTime_Octagon_splitClauses_1":["4313"],
"cegarIterationNumber_Mined_splitClauses_1":["9"],
"clauseNumberBeforeSimplification_Mined_splitClauses_1":["129"],
"smt2FileSizeByte_PredictedCDHG_splitClauses_0":["137490"],
"averagePredicateSize_PredictedCG_splitClauses_0":["10800000"],
"solvingTime_Random_splitClauses_0":["10800000"],
"minedTemplateNumber_RelationalEqs_splitClauses_0":["57"],
"unlabeledSingleVariableTemplatesNumber_RelationalIneqs_splitClauses_0":["150"],
"unlabeledTemplateNumber_Unlabeled_splitClauses_1":["426"],
"labeledBinaryVariableTemplatesNumber_RelationalEqs_splitClauses_0":["3"],
"generatedPredicateNumber_PredictedCDHG_splitClauses_0":["10800000"],
"relationSymbolNumberAfterSimplification_RelationalIneqs_splitClauses_0":["229"],
"minedTemplateRelationSymbolNumber_Empty_splitClauses_1":["6"],
"predicateGeneratorTime_Random_splitClauses_1":["410"],
"labeledTemplateNumber_Term_splitClauses_1":["8"],
"relationSymbolNumberBeforeSimplification_RelationalEqs_splitClauses_0":["257"],
"minedSingleVariableTemplatesNumber_Empty_splitClauses_1":["54"],
"minedSingleVariableTemplatesNumber_RelationalIneqs_splitClauses_0":["54"],
"clauseNumberAfterSimplification_All_splitClauses_0":["115"],
"unlabeledBinaryVariableTemplatesNumber_RelationalEqs_splitClauses_0":["276"],
"cegarIterationNumber_RelationalEqs_splitClauses_0":["10800000"],
"labeledTemplateRelationSymbolNumber_PredictedCDHG_splitClauses_0":["5"],
"labeledSingleVariableTemplatesNumber_Labeled_splitClauses_1":["5"],
"unlabeledBinaryVariableTemplatesNumber_All_splitClauses_1":["276"],
"minedTemplateRelationSymbolNumber_Unlabeled_splitClauses_1":["6"],
"solvingTime_RelationalEqs_splitClauses_0":["10800000"],
"solvingTime_RelationalEqs_splitClauses_1":["4737"],
"minedBinaryVariableTemplatesNumber_Mined_splitClauses_0":["3"],
"clauseNumberBeforeSimplification_All_splitClauses_0":["129"],
"clauseNumberBeforeSimplification_RelationalIneqs_splitClauses_1":["129"],
"labeledTemplateNumber_RelationalEqs_splitClauses_1":["8"],
"labeledBinaryVariableTemplatesNumber_RelationalIneqs_splitClauses_0":["3"],
"relationSymbolNumberBeforeSimplification_Labeled_splitClauses_0":["257"],
"clauseNumberAfterSimplification_Empty_splitClauses_0":["115"],
"averagePredicateSize_Empty_splitClauses_0":["10800000"],
"unlabeledTemplateNumber_Term_splitClauses_1":["426"],
"predicateGeneratorTime_Mined_splitClauses_1":["439"],
"labeledBinaryVariableTemplatesNumber_RelationalIneqs_splitClauses_1":["3"],
"predicateGeneratorTime_Unlabeled_splitClauses_0":["10800000"],
"relationSymbolNumberAfterSimplification_Empty_splitClauses_0":["229"],
"generatedPredicateNumber_Mined_splitClauses_0":["10800000"],
"generatedPredicateNumber_RelationalEqs_splitClauses_1":["13"],
"labeledTemplateRelationSymbolNumber_PredictedCG_splitClauses_0":["5"],
"minedSingleVariableTemplatesNumber_PredictedCG_splitClauses_1":["54"],
"minedTemplateRelationSymbolNumber_PredictedCG_splitClauses_0":["6"],
"unlabeledTemplateRelationSymbolNumber_Labeled_splitClauses_0":["6"],
"solvability_Empty_splitClauses_1":["1"],
"averagePredicateSize_Term_splitClauses_0":["10800000"],
"cegarIterationNumber_Random_splitClauses_1":["9"],
"averagePredicateSize_Labeled_splitClauses_1":["1"],
"unlabeledBinaryVariableTemplatesNumber_Unlabeled_splitClauses_0":["276"],
"generatedPredicateNumber_Unlabeled_splitClauses_1":["12"],
"predicateGeneratorTime_All_splitClauses_0":["10800000"],
"unlabeledBinaryVariableTemplatesNumber_PredictedCDHG_splitClauses_1":["276"],
"clauseNumberBeforeSimplification_Labeled_splitClauses_1":["129"],
"minedBinaryVariableTemplatesNumber_Labeled_splitClauses_1":["3"],
"labeledSingleVariableTemplatesNumber_All_splitClauses_0":["5"],
"unlabeledTemplateRelationSymbolNumber_Mined_splitClauses_0":["6"],
"cegarIterationNumber_Octagon_splitClauses_1":["9"],
"labeledTemplateNumber_Octagon_splitClauses_0":["8"],
"labeledTemplateRelationSymbolNumber_All_splitClauses_1":["5"],
"smt2FileSizeByte_Empty_splitClauses_0":["137490"],
"unlabeledTemplateNumber_Octagon_splitClauses_1":["426"],
"predicateGeneratorTime_RelationalEqs_splitClauses_0":["10800000"],
"unlabeledTemplateRelationSymbolNumber_RelationalIneqs_splitClauses_0":["6"],
"smt2FileSizeByte_RelationalEqs_splitClauses_1":["137490"],
"unlabeledTemplateNumber_Labeled_splitClauses_0":["426"],
"minedSingleVariableTemplatesNumber_Labeled_splitClauses_0":["54"],
"solvingTime_PredictedCDHG_splitClauses_1":["10800000"],
"relationSymbolNumberBeforeSimplification_Term_splitClauses_1":["257"],
"minedTemplateNumber_Octagon_splitClauses_1":["57"],
"clauseNumberBeforeSimplification_Mined_splitClauses_0":["129"],
"smt2FileSizeByte_All_splitClauses_0":["137490"],
"solvingTime_All_splitClauses_0":["10800000"],
"minedBinaryVariableTemplatesNumber_Term_splitClauses_1":["3"],
"unlabeledTemplateRelationSymbolNumber_Random_splitClauses_0":["6"],
"cegarIterationNumber_All_splitClauses_0":["10800000"],
"smt2FileSizeByte_RelationalEqs_splitClauses_0":["137490"],
"unlabeledSingleVariableTemplatesNumber_PredictedCDHG_splitClauses_1":["150"],
"clauseNumberBeforeSimplification_Labeled_splitClauses_0":["129"],
"cegarIterationNumber_PredictedCG_splitClauses_1":["10800000"],
"labeledTemplateRelationSymbolNumber_Unlabeled_splitClauses_0":["5"],
"unlabeledTemplateRelationSymbolNumber_Octagon_splitClauses_1":["6"],
"unlabeledTemplateNumber_Empty_splitClauses_1":["426"],
"clauseNumberBeforeSimplification_Octagon_splitClauses_1":["129"],
"labeledTemplateNumber_Unlabeled_splitClauses_0":["8"],
"labeledBinaryVariableTemplatesNumber_PredictedCG_splitClauses_0":["3"],
"solvability_Term_splitClauses_1":["1"],
"solvability_Octagon_splitClauses_0":["10800000"],
"minedTemplateRelationSymbolNumber_RelationalIneqs_splitClauses_0":["6"],
"clauseNumberBeforeSimplification_RelationalIneqs_splitClauses_0":["129"],
"labeledTemplateNumber_PredictedCG_splitClauses_0":["8"],
"cegarIterationNumber_Labeled_splitClauses_0":["10800000"],
"smt2FileSizeByte_Labeled_splitClauses_1":["137490"],
"clauseNumberBeforeSimplification_Unlabeled_splitClauses_1":["129"],
"generatedPredicateNumber_Term_splitClauses_1":["11"],
"solvingTime_Term_splitClauses_1":["650"],
"unlabeledBinaryVariableTemplatesNumber_Random_splitClauses_1":["276"],
"unlabeledSingleVariableTemplatesNumber_Octagon_splitClauses_0":["150"],
"solvingTime_Octagon_splitClauses_0":["10800000"],
"labeledSingleVariableTemplatesNumber_Mined_splitClauses_1":["5"],
"averagePredicateSize_Term_splitClauses_1":["1"],
"labeledTemplateNumber_Labeled_splitClauses_0":["8"],
"unlabeledSingleVariableTemplatesNumber_PredictedCG_splitClauses_0":["150"],
"smt2FileSizeByte_Mined_splitClauses_1":["137490"],
"labeledBinaryVariableTemplatesNumber_Unlabeled_splitClauses_1":["3"],
"labeledTemplateNumber_All_splitClauses_0":["8"],
"unlabeledTemplateNumber_Random_splitClauses_0":["426"],
"labeledTemplateNumber_Octagon_splitClauses_1":["8"],
"unlabeledTemplateNumber_PredictedCDHG_splitClauses_1":["426"],
"unlabeledBinaryVariableTemplatesNumber_Mined_splitClauses_0":["276"],
"minedTemplateRelationSymbolNumber_Mined_splitClauses_1":["6"],
"labeledTemplateNumber_RelationalIneqs_splitClauses_1":["8"],
"relationSymbolNumberAfterSimplification_All_splitClauses_0":["229"],
"relationSymbolNumberBeforeSimplification_PredictedCDHG_splitClauses_0":["257"],
"solvability_Term_splitClauses_0":["10800000"],
"clauseNumberBeforeSimplification_PredictedCG_splitClauses_1":["129"],
"generatedPredicateNumber_Labeled_splitClauses_1":["12"],
"labeledSingleVariableTemplatesNumber_Unlabeled_splitClauses_0":["5"],
"unlabeledBinaryVariableTemplatesNumber_Empty_splitClauses_0":["276"],
"solvingTime_Mined_splitClauses_0":["10800000"],
"unlabeledTemplateNumber_All_splitClauses_1":["426"],
"clauseNumberAfterSimplification_Random_splitClauses_1":["115"],
"labeledBinaryVariableTemplatesNumber_Octagon_splitClauses_1":["3"],
"unlabeledBinaryVariableTemplatesNumber_Labeled_splitClauses_0":["276"],
"smt2FileSizeByte_Octagon_splitClauses_0":["137490"],
"labeledSingleVariableTemplatesNumber_Random_splitClauses_1":["5"],
"solvability_Unlabeled_splitClauses_0":["10800000"],
"solvingTime_Unlabeled_splitClauses_0":["10800000"],
"unlabeledTemplateRelationSymbolNumber_All_splitClauses_1":["6"],
"minedTemplateNumber_Empty_splitClauses_1":["57"],
"solvability_RelationalIneqs_splitClauses_0":["10800000"],
"unlabeledTemplateRelationSymbolNumber_Labeled_splitClauses_1":["6"],
"cegarIterationNumber_RelationalEqs_splitClauses_1":["9"],
"minedSingleVariableTemplatesNumber_RelationalEqs_splitClauses_1":["54"],
"clauseNumberAfterSimplification_PredictedCDHG_splitClauses_1":["115"],
"minedBinaryVariableTemplatesNumber_RelationalIneqs_splitClauses_1":["3"],
"unlabeledBinaryVariableTemplatesNumber_Mined_splitClauses_1":["276"],
"unlabeledBinaryVariableTemplatesNumber_PredictedCDHG_splitClauses_0":["276"],
"solvingTime_Empty_splitClauses_1":["994"],
"labeledTemplateRelationSymbolNumber_Empty_splitClauses_1":["5"],
"generatedPredicateNumber_Term_splitClauses_0":["10800000"],
"averagePredicateSize_Empty_splitClauses_1":["1"],
"generatedPredicateNumber_PredictedCG_splitClauses_1":["10800000"],
"labeledTemplateRelationSymbolNumber_PredictedCDHG_splitClauses_1":["5"],
"predicateGeneratorTime_Mined_splitClauses_0":["10800000"],
"relationSymbolNumberBeforeSimplification_Term_splitClauses_0":["257"],
"predicateGeneratorTime_Labeled_splitClauses_0":["10800000"],
"labeledSingleVariableTemplatesNumber_Random_splitClauses_0":["5"],
"unlabeledTemplateRelationSymbolNumber_All_splitClauses_0":["6"],
"minedBinaryVariableTemplatesNumber_Labeled_splitClauses_0":["3"],
"generatedPredicateNumber_Labeled_splitClauses_0":["10800000"],
"relationSymbolNumberAfterSimplification_Empty_splitClauses_1":["229"],
"solvingTime_Mined_splitClauses_1":["821"],
"minedSingleVariableTemplatesNumber_All_splitClauses_1":["54"],
"predicateGeneratorTime_Random_splitClauses_0":["10800000"],
"cegarIterationNumber_Term_splitClauses_1":["9"],
"labeledTemplateNumber_Empty_splitClauses_1":["8"],
"clauseNumberAfterSimplification_Empty_splitClauses_1":["115"],
"minedTemplateRelationSymbolNumber_Empty_splitClauses_0":["6"],
"unlabeledSingleVariableTemplatesNumber_Term_splitClauses_0":["150"],
"minedSingleVariableTemplatesNumber_Empty_splitClauses_0":["54"],
"relationSymbolNumberAfterSimplification_Random_splitClauses_0":["229"],
"minedTemplateRelationSymbolNumber_RelationalEqs_splitClauses_0":["6"],
"cegarIterationNumber_Empty_splitClauses_0":["10800000"],
"minedBinaryVariableTemplatesNumber_RelationalEqs_splitClauses_1":["3"],
"relationSymbolNumberBeforeSimplification_PredictedCG_splitClauses_1":["257"],
"labeledSingleVariableTemplatesNumber_All_splitClauses_1":["5"],
"unlabeledTemplateRelationSymbolNumber_Octagon_splitClauses_0":["6"],
"minedTemplateRelationSymbolNumber_Unlabeled_splitClauses_0":["6"],
"labeledBinaryVariableTemplatesNumber_Mined_splitClauses_0":["3"],
"relationSymbolNumberAfterSimplification_Unlabeled_splitClauses_1":["229"],
"minedTemplateNumber_PredictedCG_splitClauses_1":["57"],
"cegarIterationNumber_Empty_splitClauses_1":["9"],
"averagePredicateSize_RelationalIneqs_splitClauses_0":["10800000"],
"solvability_All_splitClauses_1":["10800000"],
"unlabeledBinaryVariableTemplatesNumber_Term_splitClauses_1":["276"],
"minedTemplateRelationSymbolNumber_Labeled_splitClauses_1":["6"],
"averagePredicateSize_Unlabeled_splitClauses_1":["1"],
"labeledTemplateNumber_Term_splitClauses_0":["8"],
"smt2FileSizeByte_Empty_splitClauses_1":["137490"],
"solvingTime_PredictedCG_splitClauses_0":["10800000"],
"cegarIterationNumber_All_splitClauses_1":["10800000"],
"clauseNumberBeforeSimplification_Term_splitClauses_1":["129"],
"predicateGeneratorTime_Empty_splitClauses_0":["10800000"],
"relationSymbolNumberBeforeSimplification_Empty_splitClauses_1":["257"],
"averagePredicateSize_All_splitClauses_0":["10800000"],
"unlabeledBinaryVariableTemplatesNumber_Random_splitClauses_0":["276"],
"smt2FileSizeByte_Term_splitClauses_0":["137490"],
"averagePredicateSize_Mined_splitClauses_1":["1"],
"minedBinaryVariableTemplatesNumber_Empty_splitClauses_0":["3"],
"minedTemplateRelationSymbolNumber_All_splitClauses_1":["6"],
"labeledSingleVariableTemplatesNumber_PredictedCG_splitClauses_0":["5"],
"unlabeledBinaryVariableTemplatesNumber_RelationalIneqs_splitClauses_0":["276"],
"unlabeledSingleVariableTemplatesNumber_RelationalIneqs_splitClauses_1":["150"],
"clauseNumberAfterSimplification_RelationalIneqs_splitClauses_0":["115"],
"unlabeledTemplateNumber_RelationalEqs_splitClauses_0":["426"],
"unlabeledTemplateNumber_RelationalIneqs_splitClauses_1":["426"],
"labeledTemplateRelationSymbolNumber_PredictedCG_splitClauses_1":["5"],
"labeledTemplateRelationSymbolNumber_All_splitClauses_0":["5"],
"labeledSingleVariableTemplatesNumber_Octagon_splitClauses_0":["5"],
"dummyFiled":[]
}