{
"cegarIterationNumber_Term_splitClauses_0":[14],
"cegarIterationNumber_RelationalIneqs_splitClauses_1":[18],
"cegarIterationNumber_Octagon_splitClauses_0":[14],
"solvingTime_RelationalIneqs_splitClauses_1":[1036],
"solvingTime_Term_splitClauses_0":[1065],
"cegarIterationNumber_RelationalIneqs_splitClauses_0":[14],
"solvingTime_RelationalIneqs_splitClauses_0":[1004],
"solvingTime_Octagon_splitClauses_1":[865],
"cegarIterationNumber_RelationalEqs_splitClauses_0":[14],
"solvingTime_RelationalEqs_splitClauses_0":[1067],
"solvingTime_RelationalEqs_splitClauses_1":[1047],
"cegarIterationNumber_Octagon_splitClauses_1":[18],
"solvingTime_Term_splitClauses_1":[995],
"solvingTime_Octagon_splitClauses_0":[1513],
"cegarIterationNumber_RelationalEqs_splitClauses_1":[18],
"cegarIterationNumber_Term_splitClauses_1":[18],
"dummyFiled":[]
}