{
"smt2FileSizeByte_All_splitClauses_1":["2450"],
"generatedPredicateNumber_All_splitClauses_1":["10800000"],
"unlabeledTemplateRelationSymbolNumber_PredictedCDHG_splitClauses_0":["2"],
"relationSymbolNumberBeforeSimplification_Unlabeled_splitClauses_1":["5"],
"predicateGeneratorTime_Term_splitClauses_0":["10800000"],
"averagePredicateSize_Random_splitClauses_1":["1"],
"labeledBinaryVariableTemplatesNumber_Labeled_splitClauses_1":["2"],
"clauseNumberBeforeSimplification_All_splitClauses_1":["3"],
"minedTemplateRelationSymbolNumber_Term_splitClauses_0":["2"],
"solvingTime_Labeled_splitClauses_1":["384"],
"unlabeledTemplateNumber_Labeled_splitClauses_1":["107"],
"relationSymbolNumberAfterSimplification_All_splitClauses_1":["158"],
"minedTemplateRelationSymbolNumber_Octagon_splitClauses_1":["2"],
"clauseNumberAfterSimplification_Mined_splitClauses_1":["80"],
"relationSymbolNumberBeforeSimplification_Octagon_splitClauses_0":["5"],
"unlabeledBinaryVariableTemplatesNumber_Term_splitClauses_0":["60"],
"labeledTemplateNumber_PredictedCDHG_splitClauses_0":["2"],
"solvability_Empty_splitClauses_0":["10800000"],
"unlabeledTemplateRelationSymbolNumber_Random_splitClauses_1":["2"],
"labeledBinaryVariableTemplatesNumber_Octagon_splitClauses_0":["2"],
"relationSymbolNumberBeforeSimplification_Random_splitClauses_1":["5"],
"minedTemplateRelationSymbolNumber_Random_splitClauses_1":["2"],
"unlabeledSingleVariableTemplatesNumber_Mined_splitClauses_0":["47"],
"unlabeledBinaryVariableTemplatesNumber_PredictedCG_splitClauses_1":["60"],
"solvability_All_splitClauses_0":["10800000"],
"predicateGeneratorTime_RelationalEqs_splitClauses_1":["105"],
"relationSymbolNumberBeforeSimplification_PredictedCDHG_splitClauses_1":["5"],
"smt2FileSizeByte_PredictedCG_splitClauses_1":["2450"],
"labeledSingleVariableTemplatesNumber_Unlabeled_splitClauses_1":["0"],
"labeledBinaryVariableTemplatesNumber_PredictedCG_splitClauses_1":["2"],
"minedBinaryVariableTemplatesNumber_PredictedCG_splitClauses_0":["2"],
"solvability_Random_splitClauses_0":["10800000"],
"relationSymbolNumberAfterSimplification_PredictedCG_splitClauses_1":["158"],
"clauseNumberBeforeSimplification_PredictedCDHG_splitClauses_1":["3"],
"labeledSingleVariableTemplatesNumber_Mined_splitClauses_0":["0"],
"solvability_Unlabeled_splitClauses_1":["1"],
"cegarIterationNumber_Labeled_splitClauses_1":["4"],
"smt2FileSizeByte_Mined_splitClauses_0":["2450"],
"relationSymbolNumberAfterSimplification_Mined_splitClauses_0":["158"],
"labeledSingleVariableTemplatesNumber_PredictedCG_splitClauses_1":["0"],
"smt2FileSizeByte_Octagon_splitClauses_1":["2450"],
"minedTemplateNumber_Labeled_splitClauses_1":["25"],
"labeledSingleVariableTemplatesNumber_RelationalIneqs_splitClauses_1":["0"],
"clauseNumberAfterSimplification_Labeled_splitClauses_1":["80"],
"relationSymbolNumberAfterSimplification_Labeled_splitClauses_0":["158"],
"smt2FileSizeByte_Random_splitClauses_0":["2450"],
"relationSymbolNumberAfterSimplification_PredictedCDHG_splitClauses_0":["158"],
"unlabeledTemplateRelationSymbolNumber_PredictedCDHG_splitClauses_1":["2"],
"labeledSingleVariableTemplatesNumber_Term_splitClauses_0":["0"],
"generatedPredicateNumber_PredictedCDHG_splitClauses_1":["10800000"],
"minedSingleVariableTemplatesNumber_Unlabeled_splitClauses_0":["23"],
"generatedPredicateNumber_Octagon_splitClauses_1":["4"],
"labeledSingleVariableTemplatesNumber_RelationalEqs_splitClauses_0":["0"],
"predicateGeneratorTime_PredictedCG_splitClauses_1":["10800000"],
"relationSymbolNumberAfterSimplification_Octagon_splitClauses_0":["158"],
"labeledTemplateNumber_Labeled_splitClauses_1":["2"],
"labeledSingleVariableTemplatesNumber_Empty_splitClauses_0":["0"],
"minedTemplateRelationSymbolNumber_RelationalIneqs_splitClauses_1":["2"],
"unlabeledSingleVariableTemplatesNumber_All_splitClauses_1":["47"],
"labeledBinaryVariableTemplatesNumber_PredictedCDHG_splitClauses_1":["2"],
"unlabeledSingleVariableTemplatesNumber_RelationalEqs_splitClauses_1":["47"],
"cegarIterationNumber_Term_splitClauses_0":["10800000"],
"unlabeledBinaryVariableTemplatesNumber_Labeled_splitClauses_1":["60"],
"unlabeledSingleVariableTemplatesNumber_Term_splitClauses_1":["47"],
"clauseNumberAfterSimplification_All_splitClauses_1":["80"],
"minedSingleVariableTemplatesNumber_Random_splitClauses_0":["23"],
"solvability_RelationalIneqs_splitClauses_1":["1"],
"minedTemplateNumber_Labeled_splitClauses_0":["25"],
"minedSingleVariableTemplatesNumber_Octagon_splitClauses_0":["23"],
"minedSingleVariableTemplatesNumber_Term_splitClauses_1":["23"],
"minedBinaryVariableTemplatesNumber_PredictedCDHG_splitClauses_1":["2"],
"generatedPredicateNumber_Mined_splitClauses_1":["4"],
"labeledSingleVariableTemplatesNumber_RelationalIneqs_splitClauses_0":["0"],
"averagePredicateSize_Mined_splitClauses_0":["10800000"],
"cegarIterationNumber_Unlabeled_splitClauses_0":["10800000"],
"minedBinaryVariableTemplatesNumber_Random_splitClauses_0":["2"],
"labeledTemplateNumber_Mined_splitClauses_1":["2"],
"labeledBinaryVariableTemplatesNumber_Random_splitClauses_0":["2"],
"unlabeledTemplateRelationSymbolNumber_Unlabeled_splitClauses_1":["2"],
"cegarIterationNumber_Mined_splitClauses_0":["10800000"],
"minedTemplateRelationSymbolNumber_Labeled_splitClauses_0":["2"],
"unlabeledBinaryVariableTemplatesNumber_RelationalIneqs_splitClauses_1":["60"],
"unlabeledBinaryVariableTemplatesNumber_Octagon_splitClauses_0":["60"],
"solvability_Mined_splitClauses_0":["10800000"],
"averagePredicateSize_RelationalEqs_splitClauses_0":["10800000"],
"clauseNumberAfterSimplification_Term_splitClauses_0":["80"],
"unlabeledTemplateNumber_Mined_splitClauses_0":["107"],
"relationSymbolNumberAfterSimplification_Random_splitClauses_1":["158"],
"unlabeledTemplateNumber_PredictedCDHG_splitClauses_0":["107"],
"cegarIterationNumber_RelationalIneqs_splitClauses_1":["4"],
"minedBinaryVariableTemplatesNumber_Unlabeled_splitClauses_1":["2"],
"labeledTemplateNumber_PredictedCG_splitClauses_1":["2"],
"labeledTemplateRelationSymbolNumber_Mined_splitClauses_0":["1"],
"labeledBinaryVariableTemplatesNumber_Mined_splitClauses_1":["2"],
"relationSymbolNumberBeforeSimplification_Mined_splitClauses_0":["5"],
"relationSymbolNumberBeforeSimplification_RelationalIneqs_splitClauses_0":["5"],
"clauseNumberAfterSimplification_RelationalIneqs_splitClauses_1":["80"],
"minedSingleVariableTemplatesNumber_PredictedCDHG_splitClauses_0":["23"],
"solvability_Labeled_splitClauses_1":["1"],
"labeledSingleVariableTemplatesNumber_Octagon_splitClauses_1":["0"],
"averagePredicateSize_Random_splitClauses_0":["10800000"],
"smt2FileSizeByte_RelationalIneqs_splitClauses_0":["2450"],
"generatedPredicateNumber_Unlabeled_splitClauses_0":["10800000"],
"solvability_RelationalEqs_splitClauses_0":["10800000"],
"predicateGeneratorTime_Empty_splitClauses_1":["198"],
"minedSingleVariableTemplatesNumber_Mined_splitClauses_0":["23"],
"relationSymbolNumberAfterSimplification_Unlabeled_splitClauses_0":["158"],
"minedTemplateRelationSymbolNumber_PredictedCDHG_splitClauses_1":["2"],
"minedTemplateNumber_PredictedCG_splitClauses_0":["25"],
"averagePredicateSize_RelationalIneqs_splitClauses_1":["1"],
"labeledTemplateRelationSymbolNumber_Random_splitClauses_1":["1"],
"minedTemplateNumber_RelationalIneqs_splitClauses_0":["25"],
"predicateGeneratorTime_RelationalIneqs_splitClauses_0":["10800000"],
"labeledTemplateRelationSymbolNumber_Empty_splitClauses_0":["1"],
"minedBinaryVariableTemplatesNumber_Octagon_splitClauses_0":["2"],
"labeledSingleVariableTemplatesNumber_Term_splitClauses_1":["0"],
"labeledBinaryVariableTemplatesNumber_Empty_splitClauses_0":["2"],
"minedTemplateNumber_Octagon_splitClauses_0":["25"],
"labeledBinaryVariableTemplatesNumber_Unlabeled_splitClauses_0":["2"],
"relationSymbolNumberBeforeSimplification_Empty_splitClauses_0":["5"],
"clauseNumberAfterSimplification_PredictedCDHG_splitClauses_0":["80"],
"smt2FileSizeByte_PredictedCG_splitClauses_0":["2450"],
"minedBinaryVariableTemplatesNumber_RelationalEqs_splitClauses_0":["2"],
"relationSymbolNumberBeforeSimplification_Unlabeled_splitClauses_0":["5"],
"labeledTemplateRelationSymbolNumber_RelationalEqs_splitClauses_1":["1"],
"minedBinaryVariableTemplatesNumber_Random_splitClauses_1":["2"],
"clauseNumberAfterSimplification_Unlabeled_splitClauses_1":["80"],
"minedSingleVariableTemplatesNumber_PredictedCDHG_splitClauses_1":["23"],
"labeledBinaryVariableTemplatesNumber_Term_splitClauses_1":["2"],
"clauseNumberBeforeSimplification_Empty_splitClauses_1":["3"],
"relationSymbolNumberAfterSimplification_Octagon_splitClauses_1":["158"],
"relationSymbolNumberAfterSimplification_Term_splitClauses_0":["158"],
"minedBinaryVariableTemplatesNumber_Mined_splitClauses_1":["2"],
"unlabeledBinaryVariableTemplatesNumber_Unlabeled_splitClauses_1":["60"],
"relationSymbolNumberBeforeSimplification_Random_splitClauses_0":["5"],
"relationSymbolNumberAfterSimplification_PredictedCDHG_splitClauses_1":["158"],
"unlabeledTemplateNumber_PredictedCG_splitClauses_1":["107"],
"generatedPredicateNumber_Empty_splitClauses_0":["10800000"],
"predicateGeneratorTime_RelationalIneqs_splitClauses_1":["105"],
"unlabeledSingleVariableTemplatesNumber_Empty_splitClauses_0":["47"],
"cegarIterationNumber_Octagon_splitClauses_0":["10800000"],
"clauseNumberAfterSimplification_Octagon_splitClauses_1":["80"],
"unlabeledSingleVariableTemplatesNumber_Labeled_splitClauses_1":["47"],
"clauseNumberBeforeSimplification_Random_splitClauses_1":["3"],
"minedTemplateRelationSymbolNumber_All_splitClauses_0":["2"],
"unlabeledTemplateRelationSymbolNumber_RelationalEqs_splitClauses_0":["2"],
"minedSingleVariableTemplatesNumber_Unlabeled_splitClauses_1":["23"],
"clauseNumberBeforeSimplification_RelationalEqs_splitClauses_0":["3"],
"minedTemplateNumber_Unlabeled_splitClauses_0":["25"],
"generatedPredicateNumber_Octagon_splitClauses_0":["10800000"],
"predicateGeneratorTime_PredictedCDHG_splitClauses_0":["10800000"],
"clauseNumberAfterSimplification_PredictedCG_splitClauses_1":["80"],
"labeledSingleVariableTemplatesNumber_RelationalEqs_splitClauses_1":["0"],
"smt2FileSizeByte_Random_splitClauses_1":["2450"],
"averagePredicateSize_PredictedCG_splitClauses_1":["10800000"],
"cegarIterationNumber_PredictedCDHG_splitClauses_1":["10800000"],
"clauseNumberAfterSimplification_RelationalEqs_splitClauses_1":["80"],
"minedBinaryVariableTemplatesNumber_Empty_splitClauses_1":["2"],
"relationSymbolNumberAfterSimplification_RelationalEqs_splitClauses_1":["158"],
"minedTemplateNumber_PredictedCDHG_splitClauses_0":["25"],
"labeledBinaryVariableTemplatesNumber_All_splitClauses_1":["2"],
"solvingTime_RelationalIneqs_splitClauses_1":["277"],
"unlabeledTemplateRelationSymbolNumber_RelationalEqs_splitClauses_1":["2"],
"smt2FileSizeByte_Unlabeled_splitClauses_0":["2450"],
"relationSymbolNumberBeforeSimplification_Mined_splitClauses_1":["5"],
"relationSymbolNumberAfterSimplification_Mined_splitClauses_1":["158"],
"generatedPredicateNumber_All_splitClauses_0":["10800000"],
"relationSymbolNumberBeforeSimplification_Octagon_splitClauses_1":["5"],
"predicateGeneratorTime_Octagon_splitClauses_1":["116"],
"solvability_Mined_splitClauses_1":["1"],
"minedTemplateRelationSymbolNumber_Term_splitClauses_1":["2"],
"clauseNumberAfterSimplification_Mined_splitClauses_0":["80"],
"solvability_PredictedCDHG_splitClauses_0":["10800000"],
"solvingTime_Empty_splitClauses_0":["10800000"],
"unlabeledSingleVariableTemplatesNumber_Unlabeled_splitClauses_1":["47"],
"minedTemplateNumber_Term_splitClauses_1":["25"],
"averagePredicateSize_Octagon_splitClauses_1":["1"],
"unlabeledSingleVariableTemplatesNumber_Octagon_splitClauses_1":["47"],
"minedTemplateRelationSymbolNumber_RelationalEqs_splitClauses_1":["2"],
"relationSymbolNumberBeforeSimplification_All_splitClauses_1":["5"],
"minedBinaryVariableTemplatesNumber_RelationalIneqs_splitClauses_0":["2"],
"predicateGeneratorTime_Term_splitClauses_1":["99"],
"solvingTime_Labeled_splitClauses_0":["10800000"],
"unlabeledBinaryVariableTemplatesNumber_PredictedCG_splitClauses_0":["60"],
"minedTemplateNumber_All_splitClauses_0":["25"],
"predicateGeneratorTime_Labeled_splitClauses_1":["145"],
"unlabeledTemplateRelationSymbolNumber_Empty_splitClauses_0":["2"],
"unlabeledTemplateNumber_Mined_splitClauses_1":["107"],
"solvability_PredictedCG_splitClauses_1":["10800000"],
"unlabeledTemplateNumber_Term_splitClauses_0":["107"],
"minedBinaryVariableTemplatesNumber_PredictedCG_splitClauses_1":["2"],
"labeledSingleVariableTemplatesNumber_PredictedCDHG_splitClauses_0":["0"],
"minedBinaryVariableTemplatesNumber_All_splitClauses_0":["2"],
"averagePredicateSize_PredictedCDHG_splitClauses_1":["10800000"],
"predicateGeneratorTime_PredictedCG_splitClauses_0":["10800000"],
"generatedPredicateNumber_RelationalIneqs_splitClauses_0":["10800000"],
"labeledTemplateNumber_Empty_splitClauses_0":["2"],
"relationSymbolNumberAfterSimplification_RelationalIneqs_splitClauses_1":["158"],
"unlabeledTemplateRelationSymbolNumber_Term_splitClauses_0":["2"],
"minedTemplateNumber_All_splitClauses_1":["25"],
"labeledSingleVariableTemplatesNumber_Empty_splitClauses_1":["0"],
"minedBinaryVariableTemplatesNumber_Unlabeled_splitClauses_0":["2"],
"labeledTemplateNumber_Random_splitClauses_0":["2"],
"minedBinaryVariableTemplatesNumber_All_splitClauses_1":["2"],
"unlabeledSingleVariableTemplatesNumber_All_splitClauses_0":["47"],
"relationSymbolNumberBeforeSimplification_Labeled_splitClauses_1":["5"],
"smt2FileSizeByte_PredictedCDHG_splitClauses_1":["2450"],
"labeledBinaryVariableTemplatesNumber_PredictedCDHG_splitClauses_0":["2"],
"averagePredicateSize_RelationalEqs_splitClauses_1":["1"],
"minedSingleVariableTemplatesNumber_Term_splitClauses_0":["23"],
"labeledTemplateRelationSymbolNumber_Term_splitClauses_1":["1"],
"generatedPredicateNumber_Random_splitClauses_0":["10800000"],
"labeledBinaryVariableTemplatesNumber_Empty_splitClauses_1":["2"],
"relationSymbolNumberAfterSimplification_Term_splitClauses_1":["158"],
"clauseNumberAfterSimplification_Labeled_splitClauses_0":["80"],
"labeledSingleVariableTemplatesNumber_Labeled_splitClauses_0":["0"],
"minedTemplateNumber_Mined_splitClauses_1":["25"],
"labeledTemplateRelationSymbolNumber_Labeled_splitClauses_0":["1"],
"unlabeledTemplateRelationSymbolNumber_Mined_splitClauses_1":["2"],
"solvability_Labeled_splitClauses_0":["10800000"],
"minedTemplateNumber_RelationalEqs_splitClauses_1":["25"],
"solvingTime_Random_splitClauses_1":["313"],
"minedTemplateNumber_Random_splitClauses_0":["25"],
"cegarIterationNumber_Unlabeled_splitClauses_1":["4"],
"minedTemplateNumber_RelationalIneqs_splitClauses_1":["25"],
"unlabeledBinaryVariableTemplatesNumber_Octagon_splitClauses_1":["60"],
"minedSingleVariableTemplatesNumber_Octagon_splitClauses_1":["23"],
"minedSingleVariableTemplatesNumber_Random_splitClauses_1":["23"],
"averagePredicateSize_All_splitClauses_1":["10800000"],
"minedTemplateNumber_Empty_splitClauses_0":["25"],
"labeledTemplateNumber_Mined_splitClauses_0":["2"],
"unlabeledBinaryVariableTemplatesNumber_All_splitClauses_0":["60"],
"relationSymbolNumberAfterSimplification_Labeled_splitClauses_1":["158"],
"labeledSingleVariableTemplatesNumber_PredictedCDHG_splitClauses_1":["0"],
"minedSingleVariableTemplatesNumber_Mined_splitClauses_1":["23"],
"labeledTemplateRelationSymbolNumber_Term_splitClauses_0":["1"],
"unlabeledTemplateRelationSymbolNumber_Term_splitClauses_1":["2"],
"predicateGeneratorTime_All_splitClauses_1":["10800000"],
"unlabeledSingleVariableTemplatesNumber_Random_splitClauses_0":["47"],
"predicateGeneratorTime_Unlabeled_splitClauses_1":["158"],
"cegarIterationNumber_PredictedCDHG_splitClauses_0":["10800000"],
"labeledTemplateNumber_RelationalEqs_splitClauses_0":["2"],
"labeledTemplateRelationSymbolNumber_Mined_splitClauses_1":["1"],
"labeledTemplateRelationSymbolNumber_Random_splitClauses_0":["1"],
"labeledBinaryVariableTemplatesNumber_RelationalEqs_splitClauses_1":["2"],
"generatedPredicateNumber_RelationalIneqs_splitClauses_1":["4"],
"unlabeledTemplateRelationSymbolNumber_PredictedCG_splitClauses_1":["2"],
"unlabeledSingleVariableTemplatesNumber_RelationalEqs_splitClauses_0":["47"],
"labeledBinaryVariableTemplatesNumber_Labeled_splitClauses_0":["2"],
"minedBinaryVariableTemplatesNumber_PredictedCDHG_splitClauses_0":["2"],
"unlabeledTemplateRelationSymbolNumber_Unlabeled_splitClauses_0":["2"],
"clauseNumberAfterSimplification_Term_splitClauses_1":["80"],
"unlabeledTemplateNumber_Octagon_splitClauses_0":["107"],
"unlabeledBinaryVariableTemplatesNumber_RelationalEqs_splitClauses_1":["60"],
"unlabeledTemplateNumber_PredictedCG_splitClauses_0":["107"],
"unlabeledTemplateNumber_All_splitClauses_0":["107"],
"labeledTemplateRelationSymbolNumber_RelationalIneqs_splitClauses_1":["1"],
"unlabeledSingleVariableTemplatesNumber_Mined_splitClauses_1":["47"],
"labeledTemplateRelationSymbolNumber_Unlabeled_splitClauses_1":["1"],
"labeledBinaryVariableTemplatesNumber_Random_splitClauses_1":["2"],
"solvability_Random_splitClauses_1":["1"],
"solvingTime_Term_splitClauses_0":["10800000"],
"minedSingleVariableTemplatesNumber_Labeled_splitClauses_1":["23"],
"clauseNumberBeforeSimplification_Term_splitClauses_0":["3"],
"relationSymbolNumberBeforeSimplification_RelationalIneqs_splitClauses_1":["5"],
"minedTemplateRelationSymbolNumber_Mined_splitClauses_0":["2"],
"solvability_Octagon_splitClauses_1":["1"],
"minedSingleVariableTemplatesNumber_RelationalIneqs_splitClauses_1":["23"],
"smt2FileSizeByte_Labeled_splitClauses_0":["2450"],
"solvability_RelationalEqs_splitClauses_1":["1"],
"unlabeledSingleVariableTemplatesNumber_Empty_splitClauses_1":["47"],
"labeledTemplateNumber_PredictedCDHG_splitClauses_1":["2"],
"minedTemplateRelationSymbolNumber_Octagon_splitClauses_0":["2"],
"clauseNumberAfterSimplification_Unlabeled_splitClauses_0":["80"],
"clauseNumberBeforeSimplification_Unlabeled_splitClauses_0":["3"],
"clauseNumberBeforeSimplification_PredictedCDHG_splitClauses_0":["3"],
"cegarIterationNumber_RelationalIneqs_splitClauses_0":["10800000"],
"labeledTemplateRelationSymbolNumber_RelationalEqs_splitClauses_0":["1"],
"averagePredicateSize_Labeled_splitClauses_0":["10800000"],
"smt2FileSizeByte_RelationalIneqs_splitClauses_1":["2450"],
"clauseNumberBeforeSimplification_RelationalEqs_splitClauses_1":["3"],
"unlabeledTemplateRelationSymbolNumber_RelationalIneqs_splitClauses_1":["2"],
"clauseNumberBeforeSimplification_PredictedCG_splitClauses_0":["3"],
"solvingTime_PredictedCDHG_splitClauses_0":["10800000"],
"labeledTemplateRelationSymbolNumber_Octagon_splitClauses_1":["1"],
"minedTemplateRelationSymbolNumber_PredictedCG_splitClauses_1":["2"],
"relationSymbolNumberBeforeSimplification_RelationalEqs_splitClauses_1":["5"],
"labeledTemplateNumber_Random_splitClauses_1":["2"],
"solvingTime_RelationalIneqs_splitClauses_0":["10800000"],
"labeledTemplateNumber_All_splitClauses_1":["2"],
"unlabeledTemplateNumber_Random_splitClauses_1":["107"],
"relationSymbolNumberBeforeSimplification_All_splitClauses_0":["5"],
"smt2FileSizeByte_Unlabeled_splitClauses_1":["2450"],
"cegarIterationNumber_PredictedCG_splitClauses_0":["10800000"],
"predicateGeneratorTime_Octagon_splitClauses_0":["10800000"],
"unlabeledTemplateNumber_RelationalEqs_splitClauses_1":["107"],
"clauseNumberAfterSimplification_Octagon_splitClauses_0":["80"],
"cegarIterationNumber_Random_splitClauses_0":["10800000"],
"solvability_PredictedCDHG_splitClauses_1":["10800000"],
"solvability_PredictedCG_splitClauses_0":["10800000"],
"solvingTime_PredictedCG_splitClauses_1":["10800000"],
"unlabeledSingleVariableTemplatesNumber_Unlabeled_splitClauses_0":["47"],
"unlabeledTemplateNumber_Unlabeled_splitClauses_0":["107"],
"labeledTemplateRelationSymbolNumber_RelationalIneqs_splitClauses_0":["1"],
"minedTemplateNumber_Random_splitClauses_1":["25"],
"generatedPredicateNumber_RelationalEqs_splitClauses_0":["10800000"],
"minedTemplateNumber_Term_splitClauses_0":["25"],
"solvingTime_All_splitClauses_1":["10800000"],
"minedSingleVariableTemplatesNumber_PredictedCG_splitClauses_0":["23"],
"smt2FileSizeByte_Term_splitClauses_1":["2450"],
"labeledBinaryVariableTemplatesNumber_All_splitClauses_0":["2"],
"minedTemplateNumber_PredictedCDHG_splitClauses_1":["25"],
"minedTemplateRelationSymbolNumber_PredictedCDHG_splitClauses_0":["2"],
"averagePredicateSize_Unlabeled_splitClauses_0":["10800000"],
"minedBinaryVariableTemplatesNumber_Octagon_splitClauses_1":["2"],
"unlabeledSingleVariableTemplatesNumber_Random_splitClauses_1":["47"],
"clauseNumberBeforeSimplification_Random_splitClauses_0":["3"],
"solvingTime_Unlabeled_splitClauses_1":["433"],
"predicateGeneratorTime_PredictedCDHG_splitClauses_1":["10800000"],
"averagePredicateSize_PredictedCDHG_splitClauses_0":["10800000"],
"relationSymbolNumberAfterSimplification_RelationalEqs_splitClauses_0":["158"],
"minedBinaryVariableTemplatesNumber_Term_splitClauses_0":["2"],
"labeledTemplateNumber_RelationalIneqs_splitClauses_0":["2"],
"clauseNumberAfterSimplification_Random_splitClauses_0":["80"],
"clauseNumberAfterSimplification_PredictedCG_splitClauses_0":["80"],
"generatedPredicateNumber_Empty_splitClauses_1":["4"],
"clauseNumberBeforeSimplification_Octagon_splitClauses_0":["3"],
"unlabeledTemplateNumber_Empty_splitClauses_0":["107"],
"minedSingleVariableTemplatesNumber_All_splitClauses_0":["23"],
"labeledTemplateRelationSymbolNumber_Octagon_splitClauses_0":["1"],
"generatedPredicateNumber_Random_splitClauses_1":["4"],
"clauseNumberAfterSimplification_RelationalEqs_splitClauses_0":["80"],
"labeledBinaryVariableTemplatesNumber_Term_splitClauses_0":["2"],
"minedSingleVariableTemplatesNumber_RelationalEqs_splitClauses_0":["23"],
"minedTemplateNumber_Mined_splitClauses_0":["25"],
"relationSymbolNumberBeforeSimplification_PredictedCG_splitClauses_0":["5"],
"averagePredicateSize_Octagon_splitClauses_0":["10800000"],
"unlabeledBinaryVariableTemplatesNumber_Empty_splitClauses_1":["60"],
"unlabeledSingleVariableTemplatesNumber_PredictedCDHG_splitClauses_0":["47"],
"unlabeledSingleVariableTemplatesNumber_PredictedCG_splitClauses_1":["47"],
"labeledTemplateRelationSymbolNumber_Labeled_splitClauses_1":["1"],
"minedTemplateRelationSymbolNumber_Random_splitClauses_0":["2"],
"unlabeledTemplateRelationSymbolNumber_PredictedCG_splitClauses_0":["2"],
"unlabeledTemplateNumber_RelationalIneqs_splitClauses_0":["107"],
"unlabeledSingleVariableTemplatesNumber_Labeled_splitClauses_0":["47"],
"relationSymbolNumberAfterSimplification_PredictedCG_splitClauses_0":["158"],
"minedTemplateNumber_Unlabeled_splitClauses_1":["25"],
"generatedPredicateNumber_PredictedCG_splitClauses_0":["10800000"],
"labeledTemplateNumber_Unlabeled_splitClauses_1":["2"],
"unlabeledTemplateRelationSymbolNumber_Empty_splitClauses_1":["2"],
"clauseNumberBeforeSimplification_Empty_splitClauses_0":["3"],
"solvingTime_Octagon_splitClauses_1":["288"],
"cegarIterationNumber_Mined_splitClauses_1":["4"],
"clauseNumberBeforeSimplification_Mined_splitClauses_1":["3"],
"smt2FileSizeByte_PredictedCDHG_splitClauses_0":["2450"],
"averagePredicateSize_PredictedCG_splitClauses_0":["10800000"],
"solvingTime_Random_splitClauses_0":["10800000"],
"minedTemplateNumber_RelationalEqs_splitClauses_0":["25"],
"unlabeledSingleVariableTemplatesNumber_RelationalIneqs_splitClauses_0":["47"],
"unlabeledTemplateNumber_Unlabeled_splitClauses_1":["107"],
"labeledBinaryVariableTemplatesNumber_RelationalEqs_splitClauses_0":["2"],
"generatedPredicateNumber_PredictedCDHG_splitClauses_0":["10800000"],
"relationSymbolNumberAfterSimplification_RelationalIneqs_splitClauses_0":["158"],
"minedTemplateRelationSymbolNumber_Empty_splitClauses_1":["2"],
"predicateGeneratorTime_Random_splitClauses_1":["139"],
"labeledTemplateNumber_Term_splitClauses_1":["2"],
"relationSymbolNumberBeforeSimplification_RelationalEqs_splitClauses_0":["5"],
"minedSingleVariableTemplatesNumber_Empty_splitClauses_1":["23"],
"minedSingleVariableTemplatesNumber_RelationalIneqs_splitClauses_0":["23"],
"clauseNumberAfterSimplification_All_splitClauses_0":["80"],
"unlabeledBinaryVariableTemplatesNumber_RelationalEqs_splitClauses_0":["60"],
"cegarIterationNumber_RelationalEqs_splitClauses_0":["10800000"],
"labeledTemplateRelationSymbolNumber_PredictedCDHG_splitClauses_0":["1"],
"labeledSingleVariableTemplatesNumber_Labeled_splitClauses_1":["0"],
"unlabeledBinaryVariableTemplatesNumber_All_splitClauses_1":["60"],
"minedTemplateRelationSymbolNumber_Unlabeled_splitClauses_1":["2"],
"solvingTime_RelationalEqs_splitClauses_0":["10800000"],
"solvingTime_RelationalEqs_splitClauses_1":["262"],
"minedBinaryVariableTemplatesNumber_Mined_splitClauses_0":["2"],
"clauseNumberBeforeSimplification_All_splitClauses_0":["3"],
"clauseNumberBeforeSimplification_RelationalIneqs_splitClauses_1":["3"],
"labeledTemplateNumber_RelationalEqs_splitClauses_1":["2"],
"labeledBinaryVariableTemplatesNumber_RelationalIneqs_splitClauses_0":["2"],
"relationSymbolNumberBeforeSimplification_Labeled_splitClauses_0":["5"],
"clauseNumberAfterSimplification_Empty_splitClauses_0":["80"],
"averagePredicateSize_Empty_splitClauses_0":["10800000"],
"unlabeledTemplateNumber_Term_splitClauses_1":["107"],
"predicateGeneratorTime_Mined_splitClauses_1":["136"],
"labeledBinaryVariableTemplatesNumber_RelationalIneqs_splitClauses_1":["2"],
"predicateGeneratorTime_Unlabeled_splitClauses_0":["10800000"],
"relationSymbolNumberAfterSimplification_Empty_splitClauses_0":["158"],
"generatedPredicateNumber_Mined_splitClauses_0":["10800000"],
"generatedPredicateNumber_RelationalEqs_splitClauses_1":["4"],
"labeledTemplateRelationSymbolNumber_PredictedCG_splitClauses_0":["1"],
"minedSingleVariableTemplatesNumber_PredictedCG_splitClauses_1":["23"],
"minedTemplateRelationSymbolNumber_PredictedCG_splitClauses_0":["2"],
"unlabeledTemplateRelationSymbolNumber_Labeled_splitClauses_0":["2"],
"solvability_Empty_splitClauses_1":["1"],
"averagePredicateSize_Term_splitClauses_0":["10800000"],
"cegarIterationNumber_Random_splitClauses_1":["4"],
"averagePredicateSize_Labeled_splitClauses_1":["1"],
"unlabeledBinaryVariableTemplatesNumber_Unlabeled_splitClauses_0":["60"],
"generatedPredicateNumber_Unlabeled_splitClauses_1":["4"],
"predicateGeneratorTime_All_splitClauses_0":["10800000"],
"unlabeledBinaryVariableTemplatesNumber_PredictedCDHG_splitClauses_1":["60"],
"clauseNumberBeforeSimplification_Labeled_splitClauses_1":["3"],
"minedBinaryVariableTemplatesNumber_Labeled_splitClauses_1":["2"],
"labeledSingleVariableTemplatesNumber_All_splitClauses_0":["0"],
"unlabeledTemplateRelationSymbolNumber_Mined_splitClauses_0":["2"],
"cegarIterationNumber_Octagon_splitClauses_1":["4"],
"labeledTemplateNumber_Octagon_splitClauses_0":["2"],
"labeledTemplateRelationSymbolNumber_All_splitClauses_1":["1"],
"smt2FileSizeByte_Empty_splitClauses_0":["2450"],
"unlabeledTemplateNumber_Octagon_splitClauses_1":["107"],
"predicateGeneratorTime_RelationalEqs_splitClauses_0":["10800000"],
"unlabeledTemplateRelationSymbolNumber_RelationalIneqs_splitClauses_0":["2"],
"smt2FileSizeByte_RelationalEqs_splitClauses_1":["2450"],
"unlabeledTemplateNumber_Labeled_splitClauses_0":["107"],
"minedSingleVariableTemplatesNumber_Labeled_splitClauses_0":["23"],
"solvingTime_PredictedCDHG_splitClauses_1":["10800000"],
"relationSymbolNumberBeforeSimplification_Term_splitClauses_1":["5"],
"minedTemplateNumber_Octagon_splitClauses_1":["25"],
"clauseNumberBeforeSimplification_Mined_splitClauses_0":["3"],
"smt2FileSizeByte_All_splitClauses_0":["2450"],
"solvingTime_All_splitClauses_0":["10800000"],
"minedBinaryVariableTemplatesNumber_Term_splitClauses_1":["2"],
"unlabeledTemplateRelationSymbolNumber_Random_splitClauses_0":["2"],
"cegarIterationNumber_All_splitClauses_0":["10800000"],
"smt2FileSizeByte_RelationalEqs_splitClauses_0":["2450"],
"unlabeledSingleVariableTemplatesNumber_PredictedCDHG_splitClauses_1":["47"],
"clauseNumberBeforeSimplification_Labeled_splitClauses_0":["3"],
"cegarIterationNumber_PredictedCG_splitClauses_1":["10800000"],
"labeledTemplateRelationSymbolNumber_Unlabeled_splitClauses_0":["1"],
"unlabeledTemplateRelationSymbolNumber_Octagon_splitClauses_1":["2"],
"unlabeledTemplateNumber_Empty_splitClauses_1":["107"],
"clauseNumberBeforeSimplification_Octagon_splitClauses_1":["3"],
"labeledTemplateNumber_Unlabeled_splitClauses_0":["2"],
"labeledBinaryVariableTemplatesNumber_PredictedCG_splitClauses_0":["2"],
"solvability_Term_splitClauses_1":["1"],
"solvability_Octagon_splitClauses_0":["10800000"],
"minedTemplateRelationSymbolNumber_RelationalIneqs_splitClauses_0":["2"],
"clauseNumberBeforeSimplification_RelationalIneqs_splitClauses_0":["3"],
"labeledTemplateNumber_PredictedCG_splitClauses_0":["2"],
"cegarIterationNumber_Labeled_splitClauses_0":["10800000"],
"smt2FileSizeByte_Labeled_splitClauses_1":["2450"],
"clauseNumberBeforeSimplification_Unlabeled_splitClauses_1":["3"],
"generatedPredicateNumber_Term_splitClauses_1":["4"],
"solvingTime_Term_splitClauses_1":["267"],
"unlabeledBinaryVariableTemplatesNumber_Random_splitClauses_1":["60"],
"unlabeledSingleVariableTemplatesNumber_Octagon_splitClauses_0":["47"],
"solvingTime_Octagon_splitClauses_0":["10800000"],
"labeledSingleVariableTemplatesNumber_Mined_splitClauses_1":["0"],
"averagePredicateSize_Term_splitClauses_1":["1"],
"labeledTemplateNumber_Labeled_splitClauses_0":["2"],
"unlabeledSingleVariableTemplatesNumber_PredictedCG_splitClauses_0":["47"],
"smt2FileSizeByte_Mined_splitClauses_1":["2450"],
"labeledBinaryVariableTemplatesNumber_Unlabeled_splitClauses_1":["2"],
"labeledTemplateNumber_All_splitClauses_0":["2"],
"unlabeledTemplateNumber_Random_splitClauses_0":["107"],
"labeledTemplateNumber_Octagon_splitClauses_1":["2"],
"unlabeledTemplateNumber_PredictedCDHG_splitClauses_1":["107"],
"unlabeledBinaryVariableTemplatesNumber_Mined_splitClauses_0":["60"],
"minedTemplateRelationSymbolNumber_Mined_splitClauses_1":["2"],
"labeledTemplateNumber_RelationalIneqs_splitClauses_1":["2"],
"relationSymbolNumberAfterSimplification_All_splitClauses_0":["158"],
"relationSymbolNumberBeforeSimplification_PredictedCDHG_splitClauses_0":["5"],
"solvability_Term_splitClauses_0":["10800000"],
"clauseNumberBeforeSimplification_PredictedCG_splitClauses_1":["3"],
"generatedPredicateNumber_Labeled_splitClauses_1":["4"],
"labeledSingleVariableTemplatesNumber_Unlabeled_splitClauses_0":["0"],
"unlabeledBinaryVariableTemplatesNumber_Empty_splitClauses_0":["60"],
"solvingTime_Mined_splitClauses_0":["10800000"],
"unlabeledTemplateNumber_All_splitClauses_1":["107"],
"clauseNumberAfterSimplification_Random_splitClauses_1":["80"],
"labeledBinaryVariableTemplatesNumber_Octagon_splitClauses_1":["2"],
"unlabeledBinaryVariableTemplatesNumber_Labeled_splitClauses_0":["60"],
"smt2FileSizeByte_Octagon_splitClauses_0":["2450"],
"labeledSingleVariableTemplatesNumber_Random_splitClauses_1":["0"],
"solvability_Unlabeled_splitClauses_0":["10800000"],
"solvingTime_Unlabeled_splitClauses_0":["10800000"],
"unlabeledTemplateRelationSymbolNumber_All_splitClauses_1":["2"],
"minedTemplateNumber_Empty_splitClauses_1":["25"],
"solvability_RelationalIneqs_splitClauses_0":["10800000"],
"unlabeledTemplateRelationSymbolNumber_Labeled_splitClauses_1":["2"],
"cegarIterationNumber_RelationalEqs_splitClauses_1":["4"],
"minedSingleVariableTemplatesNumber_RelationalEqs_splitClauses_1":["23"],
"clauseNumberAfterSimplification_PredictedCDHG_splitClauses_1":["80"],
"minedBinaryVariableTemplatesNumber_RelationalIneqs_splitClauses_1":["2"],
"unlabeledBinaryVariableTemplatesNumber_Mined_splitClauses_1":["60"],
"unlabeledBinaryVariableTemplatesNumber_PredictedCDHG_splitClauses_0":["60"],
"solvingTime_Empty_splitClauses_1":["538"],
"labeledTemplateRelationSymbolNumber_Empty_splitClauses_1":["1"],
"generatedPredicateNumber_Term_splitClauses_0":["10800000"],
"averagePredicateSize_Empty_splitClauses_1":["1"],
"generatedPredicateNumber_PredictedCG_splitClauses_1":["10800000"],
"labeledTemplateRelationSymbolNumber_PredictedCDHG_splitClauses_1":["1"],
"predicateGeneratorTime_Mined_splitClauses_0":["10800000"],
"relationSymbolNumberBeforeSimplification_Term_splitClauses_0":["5"],
"predicateGeneratorTime_Labeled_splitClauses_0":["10800000"],
"labeledSingleVariableTemplatesNumber_Random_splitClauses_0":["0"],
"unlabeledTemplateRelationSymbolNumber_All_splitClauses_0":["2"],
"minedBinaryVariableTemplatesNumber_Labeled_splitClauses_0":["2"],
"generatedPredicateNumber_Labeled_splitClauses_0":["10800000"],
"relationSymbolNumberAfterSimplification_Empty_splitClauses_1":["158"],
"solvingTime_Mined_splitClauses_1":["422"],
"minedSingleVariableTemplatesNumber_All_splitClauses_1":["23"],
"predicateGeneratorTime_Random_splitClauses_0":["10800000"],
"cegarIterationNumber_Term_splitClauses_1":["4"],
"labeledTemplateNumber_Empty_splitClauses_1":["2"],
"clauseNumberAfterSimplification_Empty_splitClauses_1":["80"],
"minedTemplateRelationSymbolNumber_Empty_splitClauses_0":["2"],
"unlabeledSingleVariableTemplatesNumber_Term_splitClauses_0":["47"],
"minedSingleVariableTemplatesNumber_Empty_splitClauses_0":["23"],
"relationSymbolNumberAfterSimplification_Random_splitClauses_0":["158"],
"minedTemplateRelationSymbolNumber_RelationalEqs_splitClauses_0":["2"],
"cegarIterationNumber_Empty_splitClauses_0":["10800000"],
"minedBinaryVariableTemplatesNumber_RelationalEqs_splitClauses_1":["2"],
"relationSymbolNumberBeforeSimplification_PredictedCG_splitClauses_1":["5"],
"labeledSingleVariableTemplatesNumber_All_splitClauses_1":["0"],
"unlabeledTemplateRelationSymbolNumber_Octagon_splitClauses_0":["2"],
"minedTemplateRelationSymbolNumber_Unlabeled_splitClauses_0":["2"],
"labeledBinaryVariableTemplatesNumber_Mined_splitClauses_0":["2"],
"relationSymbolNumberAfterSimplification_Unlabeled_splitClauses_1":["158"],
"minedTemplateNumber_PredictedCG_splitClauses_1":["25"],
"cegarIterationNumber_Empty_splitClauses_1":["4"],
"averagePredicateSize_RelationalIneqs_splitClauses_0":["10800000"],
"solvability_All_splitClauses_1":["10800000"],
"unlabeledBinaryVariableTemplatesNumber_Term_splitClauses_1":["60"],
"minedTemplateRelationSymbolNumber_Labeled_splitClauses_1":["2"],
"averagePredicateSize_Unlabeled_splitClauses_1":["1"],
"labeledTemplateNumber_Term_splitClauses_0":["2"],
"smt2FileSizeByte_Empty_splitClauses_1":["2450"],
"solvingTime_PredictedCG_splitClauses_0":["10800000"],
"cegarIterationNumber_All_splitClauses_1":["10800000"],
"clauseNumberBeforeSimplification_Term_splitClauses_1":["3"],
"predicateGeneratorTime_Empty_splitClauses_0":["10800000"],
"relationSymbolNumberBeforeSimplification_Empty_splitClauses_1":["5"],
"averagePredicateSize_All_splitClauses_0":["10800000"],
"unlabeledBinaryVariableTemplatesNumber_Random_splitClauses_0":["60"],
"smt2FileSizeByte_Term_splitClauses_0":["2450"],
"averagePredicateSize_Mined_splitClauses_1":["1"],
"minedBinaryVariableTemplatesNumber_Empty_splitClauses_0":["2"],
"minedTemplateRelationSymbolNumber_All_splitClauses_1":["2"],
"labeledSingleVariableTemplatesNumber_PredictedCG_splitClauses_0":["0"],
"unlabeledBinaryVariableTemplatesNumber_RelationalIneqs_splitClauses_0":["60"],
"unlabeledSingleVariableTemplatesNumber_RelationalIneqs_splitClauses_1":["47"],
"clauseNumberAfterSimplification_RelationalIneqs_splitClauses_0":["80"],
"unlabeledTemplateNumber_RelationalEqs_splitClauses_0":["107"],
"unlabeledTemplateNumber_RelationalIneqs_splitClauses_1":["107"],
"labeledTemplateRelationSymbolNumber_PredictedCG_splitClauses_1":["1"],
"labeledTemplateRelationSymbolNumber_All_splitClauses_0":["1"],
"labeledSingleVariableTemplatesNumber_Octagon_splitClauses_0":["0"],
"dummyFiled":[]
}