{
"smt2FileSizeByte_All_splitClauses_1":["12053"],
"generatedPredicateNumber_All_splitClauses_1":["10800000"],
"unlabeledTemplateRelationSymbolNumber_PredictedCDHG_splitClauses_0":["5"],
"relationSymbolNumberBeforeSimplification_Unlabeled_splitClauses_1":["71"],
"predicateGeneratorTime_Term_splitClauses_0":["10800000"],
"averagePredicateSize_Random_splitClauses_1":["10800000"],
"labeledBinaryVariableTemplatesNumber_Labeled_splitClauses_1":["8"],
"clauseNumberBeforeSimplification_All_splitClauses_1":["36"],
"minedTemplateRelationSymbolNumber_Term_splitClauses_0":["5"],
"solvingTime_Labeled_splitClauses_1":["1014"],
"unlabeledTemplateNumber_Labeled_splitClauses_1":["60"],
"relationSymbolNumberAfterSimplification_All_splitClauses_1":["20"],
"minedTemplateRelationSymbolNumber_Octagon_splitClauses_1":["5"],
"clauseNumberAfterSimplification_Mined_splitClauses_1":["11"],
"relationSymbolNumberBeforeSimplification_Octagon_splitClauses_0":["71"],
"unlabeledBinaryVariableTemplatesNumber_Term_splitClauses_0":["30"],
"labeledTemplateNumber_PredictedCDHG_splitClauses_0":["10"],
"solvability_Empty_splitClauses_0":["10800000"],
"unlabeledTemplateRelationSymbolNumber_Random_splitClauses_1":["5"],
"labeledBinaryVariableTemplatesNumber_Octagon_splitClauses_0":["8"],
"relationSymbolNumberBeforeSimplification_Random_splitClauses_1":["71"],
"minedTemplateRelationSymbolNumber_Random_splitClauses_1":["5"],
"unlabeledSingleVariableTemplatesNumber_Mined_splitClauses_0":["30"],
"unlabeledBinaryVariableTemplatesNumber_PredictedCG_splitClauses_1":["30"],
"solvability_All_splitClauses_0":["10800000"],
"predicateGeneratorTime_RelationalEqs_splitClauses_1":["4854"],
"relationSymbolNumberBeforeSimplification_PredictedCDHG_splitClauses_1":["71"],
"smt2FileSizeByte_PredictedCG_splitClauses_1":["12053"],
"labeledSingleVariableTemplatesNumber_Unlabeled_splitClauses_1":["2"],
"labeledBinaryVariableTemplatesNumber_PredictedCG_splitClauses_1":["8"],
"minedBinaryVariableTemplatesNumber_PredictedCG_splitClauses_0":["8"],
"solvability_Random_splitClauses_0":["10800000"],
"relationSymbolNumberAfterSimplification_PredictedCG_splitClauses_1":["20"],
"clauseNumberBeforeSimplification_PredictedCDHG_splitClauses_1":["36"],
"labeledSingleVariableTemplatesNumber_Mined_splitClauses_0":["2"],
"solvability_Unlabeled_splitClauses_1":["1"],
"cegarIterationNumber_Labeled_splitClauses_1":["13"],
"smt2FileSizeByte_Mined_splitClauses_0":["12053"],
"relationSymbolNumberAfterSimplification_Mined_splitClauses_0":["20"],
"labeledSingleVariableTemplatesNumber_PredictedCG_splitClauses_1":["2"],
"smt2FileSizeByte_Octagon_splitClauses_1":["12053"],
"minedTemplateNumber_Labeled_splitClauses_1":["20"],
"labeledSingleVariableTemplatesNumber_RelationalIneqs_splitClauses_1":["2"],
"clauseNumberAfterSimplification_Labeled_splitClauses_1":["11"],
"relationSymbolNumberAfterSimplification_Labeled_splitClauses_0":["20"],
"smt2FileSizeByte_Random_splitClauses_0":["12053"],
"relationSymbolNumberAfterSimplification_PredictedCDHG_splitClauses_0":["20"],
"unlabeledTemplateRelationSymbolNumber_PredictedCDHG_splitClauses_1":["5"],
"labeledSingleVariableTemplatesNumber_Term_splitClauses_0":["2"],
"generatedPredicateNumber_PredictedCDHG_splitClauses_1":["10800000"],
"minedSingleVariableTemplatesNumber_Unlabeled_splitClauses_0":["12"],
"generatedPredicateNumber_Octagon_splitClauses_1":["61"],
"labeledSingleVariableTemplatesNumber_RelationalEqs_splitClauses_0":["2"],
"predicateGeneratorTime_PredictedCG_splitClauses_1":["10800000"],
"relationSymbolNumberAfterSimplification_Octagon_splitClauses_0":["20"],
"labeledTemplateNumber_Labeled_splitClauses_1":["10"],
"labeledSingleVariableTemplatesNumber_Empty_splitClauses_0":["2"],
"minedTemplateRelationSymbolNumber_RelationalIneqs_splitClauses_1":["5"],
"unlabeledSingleVariableTemplatesNumber_All_splitClauses_1":["30"],
"labeledBinaryVariableTemplatesNumber_PredictedCDHG_splitClauses_1":["8"],
"unlabeledSingleVariableTemplatesNumber_RelationalEqs_splitClauses_1":["30"],
"cegarIterationNumber_Term_splitClauses_0":["10800000"],
"unlabeledBinaryVariableTemplatesNumber_Labeled_splitClauses_1":["30"],
"unlabeledSingleVariableTemplatesNumber_Term_splitClauses_1":["30"],
"clauseNumberAfterSimplification_All_splitClauses_1":["11"],
"minedSingleVariableTemplatesNumber_Random_splitClauses_0":["12"],
"solvability_RelationalIneqs_splitClauses_1":["1"],
"minedTemplateNumber_Labeled_splitClauses_0":["20"],
"minedSingleVariableTemplatesNumber_Octagon_splitClauses_0":["12"],
"minedSingleVariableTemplatesNumber_Term_splitClauses_1":["12"],
"minedBinaryVariableTemplatesNumber_PredictedCDHG_splitClauses_1":["8"],
"generatedPredicateNumber_Mined_splitClauses_1":["34"],
"labeledSingleVariableTemplatesNumber_RelationalIneqs_splitClauses_0":["2"],
"averagePredicateSize_Mined_splitClauses_0":["10800000"],
"cegarIterationNumber_Unlabeled_splitClauses_0":["10800000"],
"minedBinaryVariableTemplatesNumber_Random_splitClauses_0":["8"],
"labeledTemplateNumber_Mined_splitClauses_1":["10"],
"labeledBinaryVariableTemplatesNumber_Random_splitClauses_0":["8"],
"unlabeledTemplateRelationSymbolNumber_Unlabeled_splitClauses_1":["5"],
"cegarIterationNumber_Mined_splitClauses_0":["10800000"],
"minedTemplateRelationSymbolNumber_Labeled_splitClauses_0":["5"],
"unlabeledBinaryVariableTemplatesNumber_RelationalIneqs_splitClauses_1":["30"],
"unlabeledBinaryVariableTemplatesNumber_Octagon_splitClauses_0":["30"],
"solvability_Mined_splitClauses_0":["10800000"],
"averagePredicateSize_RelationalEqs_splitClauses_0":["10800000"],
"clauseNumberAfterSimplification_Term_splitClauses_0":["11"],
"unlabeledTemplateNumber_Mined_splitClauses_0":["60"],
"relationSymbolNumberAfterSimplification_Random_splitClauses_1":["20"],
"unlabeledTemplateNumber_PredictedCDHG_splitClauses_0":["60"],
"cegarIterationNumber_RelationalIneqs_splitClauses_1":["16"],
"minedBinaryVariableTemplatesNumber_Unlabeled_splitClauses_1":["8"],
"labeledTemplateNumber_PredictedCG_splitClauses_1":["10"],
"labeledTemplateRelationSymbolNumber_Mined_splitClauses_0":["4"],
"labeledBinaryVariableTemplatesNumber_Mined_splitClauses_1":["8"],
"relationSymbolNumberBeforeSimplification_Mined_splitClauses_0":["71"],
"relationSymbolNumberBeforeSimplification_RelationalIneqs_splitClauses_0":["71"],
"clauseNumberAfterSimplification_RelationalIneqs_splitClauses_1":["11"],
"minedSingleVariableTemplatesNumber_PredictedCDHG_splitClauses_0":["12"],
"solvability_Labeled_splitClauses_1":["1"],
"labeledSingleVariableTemplatesNumber_Octagon_splitClauses_1":["2"],
"averagePredicateSize_Random_splitClauses_0":["10800000"],
"smt2FileSizeByte_RelationalIneqs_splitClauses_0":["12053"],
"generatedPredicateNumber_Unlabeled_splitClauses_0":["10800000"],
"solvability_RelationalEqs_splitClauses_0":["10800000"],
"predicateGeneratorTime_Empty_splitClauses_1":["10800000"],
"minedSingleVariableTemplatesNumber_Mined_splitClauses_0":["12"],
"relationSymbolNumberAfterSimplification_Unlabeled_splitClauses_0":["20"],
"minedTemplateRelationSymbolNumber_PredictedCDHG_splitClauses_1":["5"],
"minedTemplateNumber_PredictedCG_splitClauses_0":["20"],
"averagePredicateSize_RelationalIneqs_splitClauses_1":["1"],
"labeledTemplateRelationSymbolNumber_Random_splitClauses_1":["4"],
"minedTemplateNumber_RelationalIneqs_splitClauses_0":["20"],
"predicateGeneratorTime_RelationalIneqs_splitClauses_0":["10800000"],
"labeledTemplateRelationSymbolNumber_Empty_splitClauses_0":["4"],
"minedBinaryVariableTemplatesNumber_Octagon_splitClauses_0":["8"],
"labeledSingleVariableTemplatesNumber_Term_splitClauses_1":["2"],
"labeledBinaryVariableTemplatesNumber_Empty_splitClauses_0":["8"],
"minedTemplateNumber_Octagon_splitClauses_0":["20"],
"labeledBinaryVariableTemplatesNumber_Unlabeled_splitClauses_0":["8"],
"relationSymbolNumberBeforeSimplification_Empty_splitClauses_0":["71"],
"clauseNumberAfterSimplification_PredictedCDHG_splitClauses_0":["11"],
"smt2FileSizeByte_PredictedCG_splitClauses_0":["12053"],
"minedBinaryVariableTemplatesNumber_RelationalEqs_splitClauses_0":["8"],
"relationSymbolNumberBeforeSimplification_Unlabeled_splitClauses_0":["71"],
"labeledTemplateRelationSymbolNumber_RelationalEqs_splitClauses_1":["4"],
"minedBinaryVariableTemplatesNumber_Random_splitClauses_1":["8"],
"clauseNumberAfterSimplification_Unlabeled_splitClauses_1":["11"],
"minedSingleVariableTemplatesNumber_PredictedCDHG_splitClauses_1":["12"],
"labeledBinaryVariableTemplatesNumber_Term_splitClauses_1":["8"],
"clauseNumberBeforeSimplification_Empty_splitClauses_1":["36"],
"relationSymbolNumberAfterSimplification_Octagon_splitClauses_1":["20"],
"relationSymbolNumberAfterSimplification_Term_splitClauses_0":["20"],
"minedBinaryVariableTemplatesNumber_Mined_splitClauses_1":["8"],
"unlabeledBinaryVariableTemplatesNumber_Unlabeled_splitClauses_1":["30"],
"relationSymbolNumberBeforeSimplification_Random_splitClauses_0":["71"],
"relationSymbolNumberAfterSimplification_PredictedCDHG_splitClauses_1":["20"],
"unlabeledTemplateNumber_PredictedCG_splitClauses_1":["60"],
"generatedPredicateNumber_Empty_splitClauses_0":["10800000"],
"predicateGeneratorTime_RelationalIneqs_splitClauses_1":["4887"],
"unlabeledSingleVariableTemplatesNumber_Empty_splitClauses_0":["30"],
"cegarIterationNumber_Octagon_splitClauses_0":["10800000"],
"clauseNumberAfterSimplification_Octagon_splitClauses_1":["11"],
"unlabeledSingleVariableTemplatesNumber_Labeled_splitClauses_1":["30"],
"clauseNumberBeforeSimplification_Random_splitClauses_1":["36"],
"minedTemplateRelationSymbolNumber_All_splitClauses_0":["5"],
"unlabeledTemplateRelationSymbolNumber_RelationalEqs_splitClauses_0":["5"],
"minedSingleVariableTemplatesNumber_Unlabeled_splitClauses_1":["12"],
"clauseNumberBeforeSimplification_RelationalEqs_splitClauses_0":["36"],
"minedTemplateNumber_Unlabeled_splitClauses_0":["20"],
"generatedPredicateNumber_Octagon_splitClauses_0":["10800000"],
"predicateGeneratorTime_PredictedCDHG_splitClauses_0":["10800000"],
"clauseNumberAfterSimplification_PredictedCG_splitClauses_1":["11"],
"labeledSingleVariableTemplatesNumber_RelationalEqs_splitClauses_1":["2"],
"smt2FileSizeByte_Random_splitClauses_1":["12053"],
"averagePredicateSize_PredictedCG_splitClauses_1":["10800000"],
"cegarIterationNumber_PredictedCDHG_splitClauses_1":["10800000"],
"clauseNumberAfterSimplification_RelationalEqs_splitClauses_1":["11"],
"minedBinaryVariableTemplatesNumber_Empty_splitClauses_1":["8"],
"relationSymbolNumberAfterSimplification_RelationalEqs_splitClauses_1":["20"],
"minedTemplateNumber_PredictedCDHG_splitClauses_0":["20"],
"labeledBinaryVariableTemplatesNumber_All_splitClauses_1":["8"],
"solvingTime_RelationalIneqs_splitClauses_1":["5351"],
"unlabeledTemplateRelationSymbolNumber_RelationalEqs_splitClauses_1":["5"],
"smt2FileSizeByte_Unlabeled_splitClauses_0":["12053"],
"relationSymbolNumberBeforeSimplification_Mined_splitClauses_1":["71"],
"relationSymbolNumberAfterSimplification_Mined_splitClauses_1":["20"],
"generatedPredicateNumber_All_splitClauses_0":["10800000"],
"relationSymbolNumberBeforeSimplification_Octagon_splitClauses_1":["71"],
"predicateGeneratorTime_Octagon_splitClauses_1":["7024"],
"solvability_Mined_splitClauses_1":["1"],
"minedTemplateRelationSymbolNumber_Term_splitClauses_1":["5"],
"clauseNumberAfterSimplification_Mined_splitClauses_0":["11"],
"solvability_PredictedCDHG_splitClauses_0":["10800000"],
"solvingTime_Empty_splitClauses_0":["10800000"],
"unlabeledSingleVariableTemplatesNumber_Unlabeled_splitClauses_1":["30"],
"minedTemplateNumber_Term_splitClauses_1":["20"],
"averagePredicateSize_Octagon_splitClauses_1":["1"],
"unlabeledSingleVariableTemplatesNumber_Octagon_splitClauses_1":["30"],
"minedTemplateRelationSymbolNumber_RelationalEqs_splitClauses_1":["5"],
"relationSymbolNumberBeforeSimplification_All_splitClauses_1":["71"],
"minedBinaryVariableTemplatesNumber_RelationalIneqs_splitClauses_0":["8"],
"predicateGeneratorTime_Term_splitClauses_1":["10800000"],
"solvingTime_Labeled_splitClauses_0":["10800000"],
"unlabeledBinaryVariableTemplatesNumber_PredictedCG_splitClauses_0":["30"],
"minedTemplateNumber_All_splitClauses_0":["20"],
"predicateGeneratorTime_Labeled_splitClauses_1":["699"],
"unlabeledTemplateRelationSymbolNumber_Empty_splitClauses_0":["5"],
"unlabeledTemplateNumber_Mined_splitClauses_1":["60"],
"solvability_PredictedCG_splitClauses_1":["10800000"],
"unlabeledTemplateNumber_Term_splitClauses_0":["60"],
"minedBinaryVariableTemplatesNumber_PredictedCG_splitClauses_1":["8"],
"labeledSingleVariableTemplatesNumber_PredictedCDHG_splitClauses_0":["2"],
"minedBinaryVariableTemplatesNumber_All_splitClauses_0":["8"],
"averagePredicateSize_PredictedCDHG_splitClauses_1":["10800000"],
"predicateGeneratorTime_PredictedCG_splitClauses_0":["10800000"],
"generatedPredicateNumber_RelationalIneqs_splitClauses_0":["10800000"],
"labeledTemplateNumber_Empty_splitClauses_0":["10"],
"relationSymbolNumberAfterSimplification_RelationalIneqs_splitClauses_1":["20"],
"unlabeledTemplateRelationSymbolNumber_Term_splitClauses_0":["5"],
"minedTemplateNumber_All_splitClauses_1":["20"],
"labeledSingleVariableTemplatesNumber_Empty_splitClauses_1":["2"],
"minedBinaryVariableTemplatesNumber_Unlabeled_splitClauses_0":["8"],
"labeledTemplateNumber_Random_splitClauses_0":["10"],
"minedBinaryVariableTemplatesNumber_All_splitClauses_1":["8"],
"unlabeledSingleVariableTemplatesNumber_All_splitClauses_0":["30"],
"relationSymbolNumberBeforeSimplification_Labeled_splitClauses_1":["71"],
"smt2FileSizeByte_PredictedCDHG_splitClauses_1":["12053"],
"labeledBinaryVariableTemplatesNumber_PredictedCDHG_splitClauses_0":["8"],
"averagePredicateSize_RelationalEqs_splitClauses_1":["1"],
"minedSingleVariableTemplatesNumber_Term_splitClauses_0":["12"],
"labeledTemplateRelationSymbolNumber_Term_splitClauses_1":["4"],
"generatedPredicateNumber_Random_splitClauses_0":["10800000"],
"labeledBinaryVariableTemplatesNumber_Empty_splitClauses_1":["8"],
"relationSymbolNumberAfterSimplification_Term_splitClauses_1":["20"],
"clauseNumberAfterSimplification_Labeled_splitClauses_0":["11"],
"labeledSingleVariableTemplatesNumber_Labeled_splitClauses_0":["2"],
"minedTemplateNumber_Mined_splitClauses_1":["20"],
"labeledTemplateRelationSymbolNumber_Labeled_splitClauses_0":["4"],
"unlabeledTemplateRelationSymbolNumber_Mined_splitClauses_1":["5"],
"solvability_Labeled_splitClauses_0":["10800000"],
"minedTemplateNumber_RelationalEqs_splitClauses_1":["20"],
"solvingTime_Random_splitClauses_1":["10800000"],
"minedTemplateNumber_Random_splitClauses_0":["20"],
"cegarIterationNumber_Unlabeled_splitClauses_1":["34"],
"minedTemplateNumber_RelationalIneqs_splitClauses_1":["20"],
"unlabeledBinaryVariableTemplatesNumber_Octagon_splitClauses_1":["30"],
"minedSingleVariableTemplatesNumber_Octagon_splitClauses_1":["12"],
"minedSingleVariableTemplatesNumber_Random_splitClauses_1":["12"],
"averagePredicateSize_All_splitClauses_1":["10800000"],
"minedTemplateNumber_Empty_splitClauses_0":["20"],
"labeledTemplateNumber_Mined_splitClauses_0":["10"],
"unlabeledBinaryVariableTemplatesNumber_All_splitClauses_0":["30"],
"relationSymbolNumberAfterSimplification_Labeled_splitClauses_1":["20"],
"labeledSingleVariableTemplatesNumber_PredictedCDHG_splitClauses_1":["2"],
"minedSingleVariableTemplatesNumber_Mined_splitClauses_1":["12"],
"labeledTemplateRelationSymbolNumber_Term_splitClauses_0":["4"],
"unlabeledTemplateRelationSymbolNumber_Term_splitClauses_1":["5"],
"predicateGeneratorTime_All_splitClauses_1":["10800000"],
"unlabeledSingleVariableTemplatesNumber_Random_splitClauses_0":["30"],
"predicateGeneratorTime_Unlabeled_splitClauses_1":["48409"],
"cegarIterationNumber_PredictedCDHG_splitClauses_0":["10800000"],
"labeledTemplateNumber_RelationalEqs_splitClauses_0":["10"],
"labeledTemplateRelationSymbolNumber_Mined_splitClauses_1":["4"],
"labeledTemplateRelationSymbolNumber_Random_splitClauses_0":["4"],
"labeledBinaryVariableTemplatesNumber_RelationalEqs_splitClauses_1":["8"],
"generatedPredicateNumber_RelationalIneqs_splitClauses_1":["64"],
"unlabeledTemplateRelationSymbolNumber_PredictedCG_splitClauses_1":["5"],
"unlabeledSingleVariableTemplatesNumber_RelationalEqs_splitClauses_0":["30"],
"labeledBinaryVariableTemplatesNumber_Labeled_splitClauses_0":["8"],
"minedBinaryVariableTemplatesNumber_PredictedCDHG_splitClauses_0":["8"],
"unlabeledTemplateRelationSymbolNumber_Unlabeled_splitClauses_0":["5"],
"clauseNumberAfterSimplification_Term_splitClauses_1":["11"],
"unlabeledTemplateNumber_Octagon_splitClauses_0":["60"],
"unlabeledBinaryVariableTemplatesNumber_RelationalEqs_splitClauses_1":["30"],
"unlabeledTemplateNumber_PredictedCG_splitClauses_0":["60"],
"unlabeledTemplateNumber_All_splitClauses_0":["60"],
"labeledTemplateRelationSymbolNumber_RelationalIneqs_splitClauses_1":["4"],
"unlabeledSingleVariableTemplatesNumber_Mined_splitClauses_1":["30"],
"labeledTemplateRelationSymbolNumber_Unlabeled_splitClauses_1":["4"],
"labeledBinaryVariableTemplatesNumber_Random_splitClauses_1":["8"],
"solvability_Random_splitClauses_1":["10800000"],
"solvingTime_Term_splitClauses_0":["10800000"],
"minedSingleVariableTemplatesNumber_Labeled_splitClauses_1":["12"],
"clauseNumberBeforeSimplification_Term_splitClauses_0":["36"],
"relationSymbolNumberBeforeSimplification_RelationalIneqs_splitClauses_1":["71"],
"minedTemplateRelationSymbolNumber_Mined_splitClauses_0":["5"],
"solvability_Octagon_splitClauses_1":["1"],
"minedSingleVariableTemplatesNumber_RelationalIneqs_splitClauses_1":["12"],
"smt2FileSizeByte_Labeled_splitClauses_0":["12053"],
"solvability_RelationalEqs_splitClauses_1":["1"],
"unlabeledSingleVariableTemplatesNumber_Empty_splitClauses_1":["30"],
"labeledTemplateNumber_PredictedCDHG_splitClauses_1":["10"],
"minedTemplateRelationSymbolNumber_Octagon_splitClauses_0":["5"],
"clauseNumberAfterSimplification_Unlabeled_splitClauses_0":["11"],
"clauseNumberBeforeSimplification_Unlabeled_splitClauses_0":["36"],
"clauseNumberBeforeSimplification_PredictedCDHG_splitClauses_0":["36"],
"cegarIterationNumber_RelationalIneqs_splitClauses_0":["10800000"],
"labeledTemplateRelationSymbolNumber_RelationalEqs_splitClauses_0":["4"],
"averagePredicateSize_Labeled_splitClauses_0":["10800000"],
"smt2FileSizeByte_RelationalIneqs_splitClauses_1":["12053"],
"clauseNumberBeforeSimplification_RelationalEqs_splitClauses_1":["36"],
"unlabeledTemplateRelationSymbolNumber_RelationalIneqs_splitClauses_1":["5"],
"clauseNumberBeforeSimplification_PredictedCG_splitClauses_0":["36"],
"solvingTime_PredictedCDHG_splitClauses_0":["10800000"],
"labeledTemplateRelationSymbolNumber_Octagon_splitClauses_1":["4"],
"minedTemplateRelationSymbolNumber_PredictedCG_splitClauses_1":["5"],
"relationSymbolNumberBeforeSimplification_RelationalEqs_splitClauses_1":["71"],
"labeledTemplateNumber_Random_splitClauses_1":["10"],
"solvingTime_RelationalIneqs_splitClauses_0":["10800000"],
"labeledTemplateNumber_All_splitClauses_1":["10"],
"unlabeledTemplateNumber_Random_splitClauses_1":["60"],
"relationSymbolNumberBeforeSimplification_All_splitClauses_0":["71"],
"smt2FileSizeByte_Unlabeled_splitClauses_1":["12053"],
"cegarIterationNumber_PredictedCG_splitClauses_0":["10800000"],
"predicateGeneratorTime_Octagon_splitClauses_0":["10800000"],
"unlabeledTemplateNumber_RelationalEqs_splitClauses_1":["60"],
"clauseNumberAfterSimplification_Octagon_splitClauses_0":["11"],
"cegarIterationNumber_Random_splitClauses_0":["10800000"],
"solvability_PredictedCDHG_splitClauses_1":["10800000"],
"solvability_PredictedCG_splitClauses_0":["10800000"],
"solvingTime_PredictedCG_splitClauses_1":["10800000"],
"unlabeledSingleVariableTemplatesNumber_Unlabeled_splitClauses_0":["30"],
"unlabeledTemplateNumber_Unlabeled_splitClauses_0":["60"],
"labeledTemplateRelationSymbolNumber_RelationalIneqs_splitClauses_0":["4"],
"minedTemplateNumber_Random_splitClauses_1":["20"],
"generatedPredicateNumber_RelationalEqs_splitClauses_0":["10800000"],
"minedTemplateNumber_Term_splitClauses_0":["20"],
"solvingTime_All_splitClauses_1":["10800000"],
"minedSingleVariableTemplatesNumber_PredictedCG_splitClauses_0":["12"],
"smt2FileSizeByte_Term_splitClauses_1":["12053"],
"labeledBinaryVariableTemplatesNumber_All_splitClauses_0":["8"],
"minedTemplateNumber_PredictedCDHG_splitClauses_1":["20"],
"minedTemplateRelationSymbolNumber_PredictedCDHG_splitClauses_0":["5"],
"averagePredicateSize_Unlabeled_splitClauses_0":["10800000"],
"minedBinaryVariableTemplatesNumber_Octagon_splitClauses_1":["8"],
"unlabeledSingleVariableTemplatesNumber_Random_splitClauses_1":["30"],
"clauseNumberBeforeSimplification_Random_splitClauses_0":["36"],
"solvingTime_Unlabeled_splitClauses_1":["49735"],
"predicateGeneratorTime_PredictedCDHG_splitClauses_1":["10800000"],
"averagePredicateSize_PredictedCDHG_splitClauses_0":["10800000"],
"relationSymbolNumberAfterSimplification_RelationalEqs_splitClauses_0":["20"],
"minedBinaryVariableTemplatesNumber_Term_splitClauses_0":["8"],
"labeledTemplateNumber_RelationalIneqs_splitClauses_0":["10"],
"clauseNumberAfterSimplification_Random_splitClauses_0":["11"],
"clauseNumberAfterSimplification_PredictedCG_splitClauses_0":["11"],
"generatedPredicateNumber_Empty_splitClauses_1":["10800000"],
"clauseNumberBeforeSimplification_Octagon_splitClauses_0":["36"],
"unlabeledTemplateNumber_Empty_splitClauses_0":["60"],
"minedSingleVariableTemplatesNumber_All_splitClauses_0":["12"],
"labeledTemplateRelationSymbolNumber_Octagon_splitClauses_0":["4"],
"generatedPredicateNumber_Random_splitClauses_1":["10800000"],
"clauseNumberAfterSimplification_RelationalEqs_splitClauses_0":["11"],
"labeledBinaryVariableTemplatesNumber_Term_splitClauses_0":["8"],
"minedSingleVariableTemplatesNumber_RelationalEqs_splitClauses_0":["12"],
"minedTemplateNumber_Mined_splitClauses_0":["20"],
"relationSymbolNumberBeforeSimplification_PredictedCG_splitClauses_0":["71"],
"averagePredicateSize_Octagon_splitClauses_0":["10800000"],
"unlabeledBinaryVariableTemplatesNumber_Empty_splitClauses_1":["30"],
"unlabeledSingleVariableTemplatesNumber_PredictedCDHG_splitClauses_0":["30"],
"unlabeledSingleVariableTemplatesNumber_PredictedCG_splitClauses_1":["30"],
"labeledTemplateRelationSymbolNumber_Labeled_splitClauses_1":["4"],
"minedTemplateRelationSymbolNumber_Random_splitClauses_0":["5"],
"unlabeledTemplateRelationSymbolNumber_PredictedCG_splitClauses_0":["5"],
"unlabeledTemplateNumber_RelationalIneqs_splitClauses_0":["60"],
"unlabeledSingleVariableTemplatesNumber_Labeled_splitClauses_0":["30"],
"relationSymbolNumberAfterSimplification_PredictedCG_splitClauses_0":["20"],
"minedTemplateNumber_Unlabeled_splitClauses_1":["20"],
"generatedPredicateNumber_PredictedCG_splitClauses_0":["10800000"],
"labeledTemplateNumber_Unlabeled_splitClauses_1":["10"],
"unlabeledTemplateRelationSymbolNumber_Empty_splitClauses_1":["5"],
"clauseNumberBeforeSimplification_Empty_splitClauses_0":["36"],
"solvingTime_Octagon_splitClauses_1":["7651"],
"cegarIterationNumber_Mined_splitClauses_1":["13"],
"clauseNumberBeforeSimplification_Mined_splitClauses_1":["36"],
"smt2FileSizeByte_PredictedCDHG_splitClauses_0":["12053"],
"averagePredicateSize_PredictedCG_splitClauses_0":["10800000"],
"solvingTime_Random_splitClauses_0":["10800000"],
"minedTemplateNumber_RelationalEqs_splitClauses_0":["20"],
"unlabeledSingleVariableTemplatesNumber_RelationalIneqs_splitClauses_0":["30"],
"unlabeledTemplateNumber_Unlabeled_splitClauses_1":["60"],
"labeledBinaryVariableTemplatesNumber_RelationalEqs_splitClauses_0":["8"],
"generatedPredicateNumber_PredictedCDHG_splitClauses_0":["10800000"],
"relationSymbolNumberAfterSimplification_RelationalIneqs_splitClauses_0":["20"],
"minedTemplateRelationSymbolNumber_Empty_splitClauses_1":["5"],
"predicateGeneratorTime_Random_splitClauses_1":["10800000"],
"labeledTemplateNumber_Term_splitClauses_1":["10"],
"relationSymbolNumberBeforeSimplification_RelationalEqs_splitClauses_0":["71"],
"minedSingleVariableTemplatesNumber_Empty_splitClauses_1":["12"],
"minedSingleVariableTemplatesNumber_RelationalIneqs_splitClauses_0":["12"],
"clauseNumberAfterSimplification_All_splitClauses_0":["11"],
"unlabeledBinaryVariableTemplatesNumber_RelationalEqs_splitClauses_0":["30"],
"cegarIterationNumber_RelationalEqs_splitClauses_0":["10800000"],
"labeledTemplateRelationSymbolNumber_PredictedCDHG_splitClauses_0":["4"],
"labeledSingleVariableTemplatesNumber_Labeled_splitClauses_1":["2"],
"unlabeledBinaryVariableTemplatesNumber_All_splitClauses_1":["30"],
"minedTemplateRelationSymbolNumber_Unlabeled_splitClauses_1":["5"],
"solvingTime_RelationalEqs_splitClauses_0":["10800000"],
"solvingTime_RelationalEqs_splitClauses_1":["5462"],
"minedBinaryVariableTemplatesNumber_Mined_splitClauses_0":["8"],
"clauseNumberBeforeSimplification_All_splitClauses_0":["36"],
"clauseNumberBeforeSimplification_RelationalIneqs_splitClauses_1":["36"],
"labeledTemplateNumber_RelationalEqs_splitClauses_1":["10"],
"labeledBinaryVariableTemplatesNumber_RelationalIneqs_splitClauses_0":["8"],
"relationSymbolNumberBeforeSimplification_Labeled_splitClauses_0":["71"],
"clauseNumberAfterSimplification_Empty_splitClauses_0":["11"],
"averagePredicateSize_Empty_splitClauses_0":["10800000"],
"unlabeledTemplateNumber_Term_splitClauses_1":["60"],
"predicateGeneratorTime_Mined_splitClauses_1":["818"],
"labeledBinaryVariableTemplatesNumber_RelationalIneqs_splitClauses_1":["8"],
"predicateGeneratorTime_Unlabeled_splitClauses_0":["10800000"],
"relationSymbolNumberAfterSimplification_Empty_splitClauses_0":["20"],
"generatedPredicateNumber_Mined_splitClauses_0":["10800000"],
"generatedPredicateNumber_RelationalEqs_splitClauses_1":["56"],
"labeledTemplateRelationSymbolNumber_PredictedCG_splitClauses_0":["4"],
"minedSingleVariableTemplatesNumber_PredictedCG_splitClauses_1":["12"],
"minedTemplateRelationSymbolNumber_PredictedCG_splitClauses_0":["5"],
"unlabeledTemplateRelationSymbolNumber_Labeled_splitClauses_0":["5"],
"solvability_Empty_splitClauses_1":["10800000"],
"averagePredicateSize_Term_splitClauses_0":["10800000"],
"cegarIterationNumber_Random_splitClauses_1":["10800000"],
"averagePredicateSize_Labeled_splitClauses_1":["1"],
"unlabeledBinaryVariableTemplatesNumber_Unlabeled_splitClauses_0":["30"],
"generatedPredicateNumber_Unlabeled_splitClauses_1":["175"],
"predicateGeneratorTime_All_splitClauses_0":["10800000"],
"unlabeledBinaryVariableTemplatesNumber_PredictedCDHG_splitClauses_1":["30"],
"clauseNumberBeforeSimplification_Labeled_splitClauses_1":["36"],
"minedBinaryVariableTemplatesNumber_Labeled_splitClauses_1":["8"],
"labeledSingleVariableTemplatesNumber_All_splitClauses_0":["2"],
"unlabeledTemplateRelationSymbolNumber_Mined_splitClauses_0":["5"],
"cegarIterationNumber_Octagon_splitClauses_1":["17"],
"labeledTemplateNumber_Octagon_splitClauses_0":["10"],
"labeledTemplateRelationSymbolNumber_All_splitClauses_1":["4"],
"smt2FileSizeByte_Empty_splitClauses_0":["12053"],
"unlabeledTemplateNumber_Octagon_splitClauses_1":["60"],
"predicateGeneratorTime_RelationalEqs_splitClauses_0":["10800000"],
"unlabeledTemplateRelationSymbolNumber_RelationalIneqs_splitClauses_0":["5"],
"smt2FileSizeByte_RelationalEqs_splitClauses_1":["12053"],
"unlabeledTemplateNumber_Labeled_splitClauses_0":["60"],
"minedSingleVariableTemplatesNumber_Labeled_splitClauses_0":["12"],
"solvingTime_PredictedCDHG_splitClauses_1":["10800000"],
"relationSymbolNumberBeforeSimplification_Term_splitClauses_1":["71"],
"minedTemplateNumber_Octagon_splitClauses_1":["20"],
"clauseNumberBeforeSimplification_Mined_splitClauses_0":["36"],
"smt2FileSizeByte_All_splitClauses_0":["12053"],
"solvingTime_All_splitClauses_0":["10800000"],
"minedBinaryVariableTemplatesNumber_Term_splitClauses_1":["8"],
"unlabeledTemplateRelationSymbolNumber_Random_splitClauses_0":["5"],
"cegarIterationNumber_All_splitClauses_0":["10800000"],
"smt2FileSizeByte_RelationalEqs_splitClauses_0":["12053"],
"unlabeledSingleVariableTemplatesNumber_PredictedCDHG_splitClauses_1":["30"],
"clauseNumberBeforeSimplification_Labeled_splitClauses_0":["36"],
"cegarIterationNumber_PredictedCG_splitClauses_1":["10800000"],
"labeledTemplateRelationSymbolNumber_Unlabeled_splitClauses_0":["4"],
"unlabeledTemplateRelationSymbolNumber_Octagon_splitClauses_1":["5"],
"unlabeledTemplateNumber_Empty_splitClauses_1":["60"],
"clauseNumberBeforeSimplification_Octagon_splitClauses_1":["36"],
"labeledTemplateNumber_Unlabeled_splitClauses_0":["10"],
"labeledBinaryVariableTemplatesNumber_PredictedCG_splitClauses_0":["8"],
"solvability_Term_splitClauses_1":["10800000"],
"solvability_Octagon_splitClauses_0":["10800000"],
"minedTemplateRelationSymbolNumber_RelationalIneqs_splitClauses_0":["5"],
"clauseNumberBeforeSimplification_RelationalIneqs_splitClauses_0":["36"],
"labeledTemplateNumber_PredictedCG_splitClauses_0":["10"],
"cegarIterationNumber_Labeled_splitClauses_0":["10800000"],
"smt2FileSizeByte_Labeled_splitClauses_1":["12053"],
"clauseNumberBeforeSimplification_Unlabeled_splitClauses_1":["36"],
"generatedPredicateNumber_Term_splitClauses_1":["10800000"],
"solvingTime_Term_splitClauses_1":["10800000"],
"unlabeledBinaryVariableTemplatesNumber_Random_splitClauses_1":["30"],
"unlabeledSingleVariableTemplatesNumber_Octagon_splitClauses_0":["30"],
"solvingTime_Octagon_splitClauses_0":["10800000"],
"labeledSingleVariableTemplatesNumber_Mined_splitClauses_1":["2"],
"averagePredicateSize_Term_splitClauses_1":["10800000"],
"labeledTemplateNumber_Labeled_splitClauses_0":["10"],
"unlabeledSingleVariableTemplatesNumber_PredictedCG_splitClauses_0":["30"],
"smt2FileSizeByte_Mined_splitClauses_1":["12053"],
"labeledBinaryVariableTemplatesNumber_Unlabeled_splitClauses_1":["8"],
"labeledTemplateNumber_All_splitClauses_0":["10"],
"unlabeledTemplateNumber_Random_splitClauses_0":["60"],
"labeledTemplateNumber_Octagon_splitClauses_1":["10"],
"unlabeledTemplateNumber_PredictedCDHG_splitClauses_1":["60"],
"unlabeledBinaryVariableTemplatesNumber_Mined_splitClauses_0":["30"],
"minedTemplateRelationSymbolNumber_Mined_splitClauses_1":["5"],
"labeledTemplateNumber_RelationalIneqs_splitClauses_1":["10"],
"relationSymbolNumberAfterSimplification_All_splitClauses_0":["20"],
"relationSymbolNumberBeforeSimplification_PredictedCDHG_splitClauses_0":["71"],
"solvability_Term_splitClauses_0":["10800000"],
"clauseNumberBeforeSimplification_PredictedCG_splitClauses_1":["36"],
"generatedPredicateNumber_Labeled_splitClauses_1":["34"],
"labeledSingleVariableTemplatesNumber_Unlabeled_splitClauses_0":["2"],
"unlabeledBinaryVariableTemplatesNumber_Empty_splitClauses_0":["30"],
"solvingTime_Mined_splitClauses_0":["10800000"],
"unlabeledTemplateNumber_All_splitClauses_1":["60"],
"clauseNumberAfterSimplification_Random_splitClauses_1":["11"],
"labeledBinaryVariableTemplatesNumber_Octagon_splitClauses_1":["8"],
"unlabeledBinaryVariableTemplatesNumber_Labeled_splitClauses_0":["30"],
"smt2FileSizeByte_Octagon_splitClauses_0":["12053"],
"labeledSingleVariableTemplatesNumber_Random_splitClauses_1":["2"],
"solvability_Unlabeled_splitClauses_0":["10800000"],
"solvingTime_Unlabeled_splitClauses_0":["10800000"],
"unlabeledTemplateRelationSymbolNumber_All_splitClauses_1":["5"],
"minedTemplateNumber_Empty_splitClauses_1":["20"],
"solvability_RelationalIneqs_splitClauses_0":["10800000"],
"unlabeledTemplateRelationSymbolNumber_Labeled_splitClauses_1":["5"],
"cegarIterationNumber_RelationalEqs_splitClauses_1":["16"],
"minedSingleVariableTemplatesNumber_RelationalEqs_splitClauses_1":["12"],
"clauseNumberAfterSimplification_PredictedCDHG_splitClauses_1":["11"],
"minedBinaryVariableTemplatesNumber_RelationalIneqs_splitClauses_1":["8"],
"unlabeledBinaryVariableTemplatesNumber_Mined_splitClauses_1":["30"],
"unlabeledBinaryVariableTemplatesNumber_PredictedCDHG_splitClauses_0":["30"],
"solvingTime_Empty_splitClauses_1":["10800000"],
"labeledTemplateRelationSymbolNumber_Empty_splitClauses_1":["4"],
"generatedPredicateNumber_Term_splitClauses_0":["10800000"],
"averagePredicateSize_Empty_splitClauses_1":["10800000"],
"generatedPredicateNumber_PredictedCG_splitClauses_1":["10800000"],
"labeledTemplateRelationSymbolNumber_PredictedCDHG_splitClauses_1":["4"],
"predicateGeneratorTime_Mined_splitClauses_0":["10800000"],
"relationSymbolNumberBeforeSimplification_Term_splitClauses_0":["71"],
"predicateGeneratorTime_Labeled_splitClauses_0":["10800000"],
"labeledSingleVariableTemplatesNumber_Random_splitClauses_0":["2"],
"unlabeledTemplateRelationSymbolNumber_All_splitClauses_0":["5"],
"minedBinaryVariableTemplatesNumber_Labeled_splitClauses_0":["8"],
"generatedPredicateNumber_Labeled_splitClauses_0":["10800000"],
"relationSymbolNumberAfterSimplification_Empty_splitClauses_1":["20"],
"solvingTime_Mined_splitClauses_1":["1188"],
"minedSingleVariableTemplatesNumber_All_splitClauses_1":["12"],
"predicateGeneratorTime_Random_splitClauses_0":["10800000"],
"cegarIterationNumber_Term_splitClauses_1":["10800000"],
"labeledTemplateNumber_Empty_splitClauses_1":["10"],
"clauseNumberAfterSimplification_Empty_splitClauses_1":["11"],
"minedTemplateRelationSymbolNumber_Empty_splitClauses_0":["5"],
"unlabeledSingleVariableTemplatesNumber_Term_splitClauses_0":["30"],
"minedSingleVariableTemplatesNumber_Empty_splitClauses_0":["12"],
"relationSymbolNumberAfterSimplification_Random_splitClauses_0":["20"],
"minedTemplateRelationSymbolNumber_RelationalEqs_splitClauses_0":["5"],
"cegarIterationNumber_Empty_splitClauses_0":["10800000"],
"minedBinaryVariableTemplatesNumber_RelationalEqs_splitClauses_1":["8"],
"relationSymbolNumberBeforeSimplification_PredictedCG_splitClauses_1":["71"],
"labeledSingleVariableTemplatesNumber_All_splitClauses_1":["2"],
"unlabeledTemplateRelationSymbolNumber_Octagon_splitClauses_0":["5"],
"minedTemplateRelationSymbolNumber_Unlabeled_splitClauses_0":["5"],
"labeledBinaryVariableTemplatesNumber_Mined_splitClauses_0":["8"],
"relationSymbolNumberAfterSimplification_Unlabeled_splitClauses_1":["20"],
"minedTemplateNumber_PredictedCG_splitClauses_1":["20"],
"cegarIterationNumber_Empty_splitClauses_1":["10800000"],
"averagePredicateSize_RelationalIneqs_splitClauses_0":["10800000"],
"solvability_All_splitClauses_1":["10800000"],
"unlabeledBinaryVariableTemplatesNumber_Term_splitClauses_1":["30"],
"minedTemplateRelationSymbolNumber_Labeled_splitClauses_1":["5"],
"averagePredicateSize_Unlabeled_splitClauses_1":["1"],
"labeledTemplateNumber_Term_splitClauses_0":["10"],
"smt2FileSizeByte_Empty_splitClauses_1":["12053"],
"solvingTime_PredictedCG_splitClauses_0":["10800000"],
"cegarIterationNumber_All_splitClauses_1":["10800000"],
"clauseNumberBeforeSimplification_Term_splitClauses_1":["36"],
"predicateGeneratorTime_Empty_splitClauses_0":["10800000"],
"relationSymbolNumberBeforeSimplification_Empty_splitClauses_1":["71"],
"averagePredicateSize_All_splitClauses_0":["10800000"],
"unlabeledBinaryVariableTemplatesNumber_Random_splitClauses_0":["30"],
"smt2FileSizeByte_Term_splitClauses_0":["12053"],
"averagePredicateSize_Mined_splitClauses_1":["1"],
"minedBinaryVariableTemplatesNumber_Empty_splitClauses_0":["8"],
"minedTemplateRelationSymbolNumber_All_splitClauses_1":["5"],
"labeledSingleVariableTemplatesNumber_PredictedCG_splitClauses_0":["2"],
"unlabeledBinaryVariableTemplatesNumber_RelationalIneqs_splitClauses_0":["30"],
"unlabeledSingleVariableTemplatesNumber_RelationalIneqs_splitClauses_1":["30"],
"clauseNumberAfterSimplification_RelationalIneqs_splitClauses_0":["11"],
"unlabeledTemplateNumber_RelationalEqs_splitClauses_0":["60"],
"unlabeledTemplateNumber_RelationalIneqs_splitClauses_1":["60"],
"labeledTemplateRelationSymbolNumber_PredictedCG_splitClauses_1":["4"],
"labeledTemplateRelationSymbolNumber_All_splitClauses_0":["4"],
"labeledSingleVariableTemplatesNumber_Octagon_splitClauses_0":["2"],
"dummyFiled":[]
}