{
"cegarIterationNumber_Term_splitClauses_0":[4],
"cegarIterationNumber_RelationalIneqs_splitClauses_1":[4],
"cegarIterationNumber_Octagon_splitClauses_0":[4],
"solvingTime_RelationalIneqs_splitClauses_1":[252],
"solvingTime_Term_splitClauses_0":[239],
"cegarIterationNumber_RelationalIneqs_splitClauses_0":[4],
"solvingTime_RelationalIneqs_splitClauses_0":[258],
"solvingTime_Octagon_splitClauses_1":[454],
"cegarIterationNumber_RelationalEqs_splitClauses_0":[4],
"solvingTime_RelationalEqs_splitClauses_0":[340],
"solvingTime_RelationalEqs_splitClauses_1":[387],
"cegarIterationNumber_Octagon_splitClauses_1":[4],
"solvingTime_Term_splitClauses_1":[346],
"solvingTime_Octagon_splitClauses_0":[298],
"cegarIterationNumber_RelationalEqs_splitClauses_1":[4],
"cegarIterationNumber_Term_splitClauses_1":[4],
"dummyFiled":[]
}