{
"smt2FileSizeByte_All_splitClauses_1":["638024"],
"generatedPredicateNumber_All_splitClauses_1":["10800000"],
"unlabeledTemplateRelationSymbolNumber_PredictedCDHG_splitClauses_0":["27"],
"predicateGeneratorTime_Term_splitClauses_0":["10800000"],
"averagePredicateSize_Random_splitClauses_1":["10800000"],
"labeledBinaryVariableTemplatesNumber_Labeled_splitClauses_1":["16"],
"clauseNumberBeforeSimplification_All_splitClauses_1":["199"],
"minedTemplateRelationSymbolNumber_Term_splitClauses_0":["27"],
"solvingTime_Labeled_splitClauses_1":["10800000"],
"unlabeledTemplateNumber_Labeled_splitClauses_1":["15219"],
"relationSymbolNumber_Term_splitClauses_1":["167"],
"minedTemplateRelationSymbolNumber_Octagon_splitClauses_1":["27"],
"clauseNumberAfterSimplification_Mined_splitClauses_1":["79"],
"unlabeledBinaryVariableTemplatesNumber_Term_splitClauses_0":["10092"],
"labeledTemplateNumber_PredictedCDHG_splitClauses_0":["18"],
"relationSymbolNumber_RelationalEqs_splitClauses_1":["167"],
"solvability_Empty_splitClauses_0":["10800000"],
"unlabeledTemplateRelationSymbolNumber_Random_splitClauses_1":["27"],
"labeledBinaryVariableTemplatesNumber_Octagon_splitClauses_0":["16"],
"minedTemplateRelationSymbolNumber_Random_splitClauses_1":["27"],
"unlabeledSingleVariableTemplatesNumber_Mined_splitClauses_0":["5127"],
"unlabeledBinaryVariableTemplatesNumber_PredictedCG_splitClauses_1":["10092"],
"solvability_All_splitClauses_0":["10800000"],
"predicateGeneratorTime_RelationalEqs_splitClauses_1":["10800000"],
"smt2FileSizeByte_PredictedCG_splitClauses_1":["638024"],
"labeledSingleVariableTemplatesNumber_Unlabeled_splitClauses_1":["2"],
"labeledBinaryVariableTemplatesNumber_PredictedCG_splitClauses_1":["16"],
"minedBinaryVariableTemplatesNumber_PredictedCG_splitClauses_0":["16"],
"solvability_Random_splitClauses_0":["10800000"],
"clauseNumberBeforeSimplification_PredictedCDHG_splitClauses_1":["199"],
"labeledSingleVariableTemplatesNumber_Mined_splitClauses_0":["2"],
"solvability_Unlabeled_splitClauses_1":["10800000"],
"cegarIterationNumber_Labeled_splitClauses_1":["10800000"],
"smt2FileSizeByte_Mined_splitClauses_0":["638024"],
"labeledSingleVariableTemplatesNumber_PredictedCG_splitClauses_1":["2"],
"smt2FileSizeByte_Octagon_splitClauses_1":["638024"],
"minedTemplateNumber_Labeled_splitClauses_1":["1725"],
"labeledSingleVariableTemplatesNumber_RelationalIneqs_splitClauses_1":["2"],
"clauseNumberAfterSimplification_Labeled_splitClauses_1":["79"],
"smt2FileSizeByte_Random_splitClauses_0":["638024"],
"unlabeledTemplateRelationSymbolNumber_PredictedCDHG_splitClauses_1":["27"],
"labeledSingleVariableTemplatesNumber_Term_splitClauses_0":["2"],
"generatedPredicateNumber_PredictedCDHG_splitClauses_1":["10800000"],
"minedSingleVariableTemplatesNumber_Unlabeled_splitClauses_0":["1709"],
"generatedPredicateNumber_Octagon_splitClauses_1":["10800000"],
"labeledSingleVariableTemplatesNumber_RelationalEqs_splitClauses_0":["2"],
"predicateGeneratorTime_PredictedCG_splitClauses_1":["10800000"],
"labeledTemplateNumber_Labeled_splitClauses_1":["18"],
"labeledSingleVariableTemplatesNumber_Empty_splitClauses_0":["2"],
"minedTemplateRelationSymbolNumber_RelationalIneqs_splitClauses_1":["27"],
"unlabeledSingleVariableTemplatesNumber_All_splitClauses_1":["5127"],
"labeledBinaryVariableTemplatesNumber_PredictedCDHG_splitClauses_1":["16"],
"unlabeledSingleVariableTemplatesNumber_RelationalEqs_splitClauses_1":["5127"],
"cegarIterationNumber_Term_splitClauses_0":["10800000"],
"unlabeledBinaryVariableTemplatesNumber_Labeled_splitClauses_1":["10092"],
"unlabeledSingleVariableTemplatesNumber_Term_splitClauses_1":["5127"],
"clauseNumberAfterSimplification_All_splitClauses_1":["79"],
"minedSingleVariableTemplatesNumber_Random_splitClauses_0":["1709"],
"solvability_RelationalIneqs_splitClauses_1":["10800000"],
"minedTemplateNumber_Labeled_splitClauses_0":["1725"],
"minedSingleVariableTemplatesNumber_Octagon_splitClauses_0":["1709"],
"minedSingleVariableTemplatesNumber_Term_splitClauses_1":["1709"],
"minedBinaryVariableTemplatesNumber_PredictedCDHG_splitClauses_1":["16"],
"generatedPredicateNumber_Mined_splitClauses_1":["28"],
"relationSymbolNumber_Octagon_splitClauses_1":["167"],
"relationSymbolNumber_Unlabeled_splitClauses_1":["167"],
"labeledSingleVariableTemplatesNumber_RelationalIneqs_splitClauses_0":["2"],
"averagePredicateSize_Mined_splitClauses_0":["10800000"],
"cegarIterationNumber_Unlabeled_splitClauses_0":["10800000"],
"minedBinaryVariableTemplatesNumber_Random_splitClauses_0":["16"],
"labeledTemplateNumber_Mined_splitClauses_1":["18"],
"labeledBinaryVariableTemplatesNumber_Random_splitClauses_0":["16"],
"unlabeledTemplateRelationSymbolNumber_Unlabeled_splitClauses_1":["27"],
"cegarIterationNumber_Mined_splitClauses_0":["10800000"],
"minedTemplateRelationSymbolNumber_Labeled_splitClauses_0":["27"],
"unlabeledBinaryVariableTemplatesNumber_RelationalIneqs_splitClauses_1":["10092"],
"unlabeledBinaryVariableTemplatesNumber_Octagon_splitClauses_0":["10092"],
"solvability_Mined_splitClauses_0":["10800000"],
"averagePredicateSize_RelationalEqs_splitClauses_0":["10800000"],
"clauseNumberAfterSimplification_Term_splitClauses_0":["79"],
"unlabeledTemplateNumber_Mined_splitClauses_0":["15219"],
"unlabeledTemplateNumber_PredictedCDHG_splitClauses_0":["15219"],
"cegarIterationNumber_RelationalIneqs_splitClauses_1":["10800000"],
"minedBinaryVariableTemplatesNumber_Unlabeled_splitClauses_1":["16"],
"labeledTemplateNumber_PredictedCG_splitClauses_1":["18"],
"labeledTemplateRelationSymbolNumber_Mined_splitClauses_0":["7"],
"labeledBinaryVariableTemplatesNumber_Mined_splitClauses_1":["16"],
"clauseNumberAfterSimplification_RelationalIneqs_splitClauses_1":["79"],
"minedSingleVariableTemplatesNumber_PredictedCDHG_splitClauses_0":["1709"],
"solvability_Labeled_splitClauses_1":["10800000"],
"labeledSingleVariableTemplatesNumber_Octagon_splitClauses_1":["2"],
"averagePredicateSize_Random_splitClauses_0":["10800000"],
"smt2FileSizeByte_RelationalIneqs_splitClauses_0":["638024"],
"generatedPredicateNumber_Unlabeled_splitClauses_0":["10800000"],
"solvability_RelationalEqs_splitClauses_0":["10800000"],
"predicateGeneratorTime_Empty_splitClauses_1":["10800000"],
"minedSingleVariableTemplatesNumber_Mined_splitClauses_0":["1709"],
"minedTemplateRelationSymbolNumber_PredictedCDHG_splitClauses_1":["27"],
"minedTemplateNumber_PredictedCG_splitClauses_0":["1725"],
"averagePredicateSize_RelationalIneqs_splitClauses_1":["10800000"],
"labeledTemplateRelationSymbolNumber_Random_splitClauses_1":["7"],
"minedTemplateNumber_RelationalIneqs_splitClauses_0":["1725"],
"predicateGeneratorTime_RelationalIneqs_splitClauses_0":["10800000"],
"labeledTemplateRelationSymbolNumber_Empty_splitClauses_0":["7"],
"minedBinaryVariableTemplatesNumber_Octagon_splitClauses_0":["16"],
"relationSymbolNumber_Labeled_splitClauses_0":["167"],
"labeledSingleVariableTemplatesNumber_Term_splitClauses_1":["2"],
"labeledBinaryVariableTemplatesNumber_Empty_splitClauses_0":["16"],
"minedTemplateNumber_Octagon_splitClauses_0":["1725"],
"labeledBinaryVariableTemplatesNumber_Unlabeled_splitClauses_0":["16"],
"clauseNumberAfterSimplification_PredictedCDHG_splitClauses_0":["79"],
"smt2FileSizeByte_PredictedCG_splitClauses_0":["638024"],
"minedBinaryVariableTemplatesNumber_RelationalEqs_splitClauses_0":["16"],
"labeledTemplateRelationSymbolNumber_RelationalEqs_splitClauses_1":["7"],
"minedBinaryVariableTemplatesNumber_Random_splitClauses_1":["16"],
"clauseNumberAfterSimplification_Unlabeled_splitClauses_1":["79"],
"minedSingleVariableTemplatesNumber_PredictedCDHG_splitClauses_1":["1709"],
"labeledBinaryVariableTemplatesNumber_Term_splitClauses_1":["16"],
"clauseNumberBeforeSimplification_Empty_splitClauses_1":["199"],
"minedBinaryVariableTemplatesNumber_Mined_splitClauses_1":["16"],
"unlabeledBinaryVariableTemplatesNumber_Unlabeled_splitClauses_1":["10092"],
"unlabeledTemplateNumber_PredictedCG_splitClauses_1":["15219"],
"generatedPredicateNumber_Empty_splitClauses_0":["10800000"],
"predicateGeneratorTime_RelationalIneqs_splitClauses_1":["10800000"],
"unlabeledSingleVariableTemplatesNumber_Empty_splitClauses_0":["5127"],
"cegarIterationNumber_Octagon_splitClauses_0":["10800000"],
"clauseNumberAfterSimplification_Octagon_splitClauses_1":["79"],
"unlabeledSingleVariableTemplatesNumber_Labeled_splitClauses_1":["5127"],
"clauseNumberBeforeSimplification_Random_splitClauses_1":["199"],
"minedTemplateRelationSymbolNumber_All_splitClauses_0":["27"],
"unlabeledTemplateRelationSymbolNumber_RelationalEqs_splitClauses_0":["27"],
"minedSingleVariableTemplatesNumber_Unlabeled_splitClauses_1":["1709"],
"clauseNumberBeforeSimplification_RelationalEqs_splitClauses_0":["199"],
"minedTemplateNumber_Unlabeled_splitClauses_0":["1725"],
"generatedPredicateNumber_Octagon_splitClauses_0":["10800000"],
"predicateGeneratorTime_PredictedCDHG_splitClauses_0":["10800000"],
"clauseNumberAfterSimplification_PredictedCG_splitClauses_1":["79"],
"labeledSingleVariableTemplatesNumber_RelationalEqs_splitClauses_1":["2"],
"smt2FileSizeByte_Random_splitClauses_1":["638024"],
"averagePredicateSize_PredictedCG_splitClauses_1":["10800000"],
"cegarIterationNumber_PredictedCDHG_splitClauses_1":["10800000"],
"clauseNumberAfterSimplification_RelationalEqs_splitClauses_1":["79"],
"minedBinaryVariableTemplatesNumber_Empty_splitClauses_1":["16"],
"minedTemplateNumber_PredictedCDHG_splitClauses_0":["1725"],
"labeledBinaryVariableTemplatesNumber_All_splitClauses_1":["16"],
"solvingTime_RelationalIneqs_splitClauses_1":["10800000"],
"unlabeledTemplateRelationSymbolNumber_RelationalEqs_splitClauses_1":["27"],
"smt2FileSizeByte_Unlabeled_splitClauses_0":["638024"],
"generatedPredicateNumber_All_splitClauses_0":["10800000"],
"predicateGeneratorTime_Octagon_splitClauses_1":["10800000"],
"solvability_Mined_splitClauses_1":["1"],
"minedTemplateRelationSymbolNumber_Term_splitClauses_1":["27"],
"clauseNumberAfterSimplification_Mined_splitClauses_0":["79"],
"solvability_PredictedCDHG_splitClauses_0":["10800000"],
"solvingTime_Empty_splitClauses_0":["10800000"],
"unlabeledSingleVariableTemplatesNumber_Unlabeled_splitClauses_1":["5127"],
"minedTemplateNumber_Term_splitClauses_1":["1725"],
"averagePredicateSize_Octagon_splitClauses_1":["10800000"],
"relationSymbolNumber_Empty_splitClauses_1":["167"],
"unlabeledSingleVariableTemplatesNumber_Octagon_splitClauses_1":["5127"],
"minedTemplateRelationSymbolNumber_RelationalEqs_splitClauses_1":["27"],
"minedBinaryVariableTemplatesNumber_RelationalIneqs_splitClauses_0":["16"],
"predicateGeneratorTime_Term_splitClauses_1":["10800000"],
"solvingTime_Labeled_splitClauses_0":["10800000"],
"unlabeledBinaryVariableTemplatesNumber_PredictedCG_splitClauses_0":["10092"],
"minedTemplateNumber_All_splitClauses_0":["1725"],
"predicateGeneratorTime_Labeled_splitClauses_1":["10800000"],
"unlabeledTemplateRelationSymbolNumber_Empty_splitClauses_0":["27"],
"unlabeledTemplateNumber_Mined_splitClauses_1":["15219"],
"solvability_PredictedCG_splitClauses_1":["10800000"],
"unlabeledTemplateNumber_Term_splitClauses_0":["15219"],
"minedBinaryVariableTemplatesNumber_PredictedCG_splitClauses_1":["16"],
"labeledSingleVariableTemplatesNumber_PredictedCDHG_splitClauses_0":["2"],
"minedBinaryVariableTemplatesNumber_All_splitClauses_0":["16"],
"averagePredicateSize_PredictedCDHG_splitClauses_1":["10800000"],
"predicateGeneratorTime_PredictedCG_splitClauses_0":["10800000"],
"generatedPredicateNumber_RelationalIneqs_splitClauses_0":["10800000"],
"labeledTemplateNumber_Empty_splitClauses_0":["18"],
"unlabeledTemplateRelationSymbolNumber_Term_splitClauses_0":["27"],
"minedTemplateNumber_All_splitClauses_1":["1725"],
"labeledSingleVariableTemplatesNumber_Empty_splitClauses_1":["2"],
"minedBinaryVariableTemplatesNumber_Unlabeled_splitClauses_0":["16"],
"labeledTemplateNumber_Random_splitClauses_0":["18"],
"minedBinaryVariableTemplatesNumber_All_splitClauses_1":["16"],
"unlabeledSingleVariableTemplatesNumber_All_splitClauses_0":["5127"],
"smt2FileSizeByte_PredictedCDHG_splitClauses_1":["638024"],
"labeledBinaryVariableTemplatesNumber_PredictedCDHG_splitClauses_0":["16"],
"averagePredicateSize_RelationalEqs_splitClauses_1":["10800000"],
"minedSingleVariableTemplatesNumber_Term_splitClauses_0":["1709"],
"labeledTemplateRelationSymbolNumber_Term_splitClauses_1":["7"],
"generatedPredicateNumber_Random_splitClauses_0":["10800000"],
"labeledBinaryVariableTemplatesNumber_Empty_splitClauses_1":["16"],
"clauseNumberAfterSimplification_Labeled_splitClauses_0":["79"],
"labeledSingleVariableTemplatesNumber_Labeled_splitClauses_0":["2"],
"minedTemplateNumber_Mined_splitClauses_1":["1725"],
"labeledTemplateRelationSymbolNumber_Labeled_splitClauses_0":["7"],
"unlabeledTemplateRelationSymbolNumber_Mined_splitClauses_1":["27"],
"solvability_Labeled_splitClauses_0":["10800000"],
"minedTemplateNumber_RelationalEqs_splitClauses_1":["1725"],
"solvingTime_Random_splitClauses_1":["10800000"],
"minedTemplateNumber_Random_splitClauses_0":["1725"],
"cegarIterationNumber_Unlabeled_splitClauses_1":["10800000"],
"minedTemplateNumber_RelationalIneqs_splitClauses_1":["1725"],
"unlabeledBinaryVariableTemplatesNumber_Octagon_splitClauses_1":["10092"],
"minedSingleVariableTemplatesNumber_Octagon_splitClauses_1":["1709"],
"minedSingleVariableTemplatesNumber_Random_splitClauses_1":["1709"],
"averagePredicateSize_All_splitClauses_1":["10800000"],
"minedTemplateNumber_Empty_splitClauses_0":["1725"],
"labeledTemplateNumber_Mined_splitClauses_0":["18"],
"unlabeledBinaryVariableTemplatesNumber_All_splitClauses_0":["10092"],
"labeledSingleVariableTemplatesNumber_PredictedCDHG_splitClauses_1":["2"],
"minedSingleVariableTemplatesNumber_Mined_splitClauses_1":["1709"],
"labeledTemplateRelationSymbolNumber_Term_splitClauses_0":["7"],
"unlabeledTemplateRelationSymbolNumber_Term_splitClauses_1":["27"],
"predicateGeneratorTime_All_splitClauses_1":["10800000"],
"unlabeledSingleVariableTemplatesNumber_Random_splitClauses_0":["5127"],
"predicateGeneratorTime_Unlabeled_splitClauses_1":["10800000"],
"cegarIterationNumber_PredictedCDHG_splitClauses_0":["10800000"],
"labeledTemplateNumber_RelationalEqs_splitClauses_0":["18"],
"labeledTemplateRelationSymbolNumber_Mined_splitClauses_1":["7"],
"labeledTemplateRelationSymbolNumber_Random_splitClauses_0":["7"],
"labeledBinaryVariableTemplatesNumber_RelationalEqs_splitClauses_1":["16"],
"generatedPredicateNumber_RelationalIneqs_splitClauses_1":["10800000"],
"unlabeledTemplateRelationSymbolNumber_PredictedCG_splitClauses_1":["27"],
"unlabeledSingleVariableTemplatesNumber_RelationalEqs_splitClauses_0":["5127"],
"labeledBinaryVariableTemplatesNumber_Labeled_splitClauses_0":["16"],
"minedBinaryVariableTemplatesNumber_PredictedCDHG_splitClauses_0":["16"],
"unlabeledTemplateRelationSymbolNumber_Unlabeled_splitClauses_0":["27"],
"clauseNumberAfterSimplification_Term_splitClauses_1":["79"],
"relationSymbolNumber_RelationalIneqs_splitClauses_0":["167"],
"unlabeledTemplateNumber_Octagon_splitClauses_0":["15219"],
"unlabeledBinaryVariableTemplatesNumber_RelationalEqs_splitClauses_1":["10092"],
"unlabeledTemplateNumber_PredictedCG_splitClauses_0":["15219"],
"unlabeledTemplateNumber_All_splitClauses_0":["15219"],
"labeledTemplateRelationSymbolNumber_RelationalIneqs_splitClauses_1":["7"],
"unlabeledSingleVariableTemplatesNumber_Mined_splitClauses_1":["5127"],
"labeledTemplateRelationSymbolNumber_Unlabeled_splitClauses_1":["7"],
"labeledBinaryVariableTemplatesNumber_Random_splitClauses_1":["16"],
"relationSymbolNumber_RelationalEqs_splitClauses_0":["167"],
"solvability_Random_splitClauses_1":["10800000"],
"solvingTime_Term_splitClauses_0":["10800000"],
"minedSingleVariableTemplatesNumber_Labeled_splitClauses_1":["1709"],
"relationSymbolNumber_Random_splitClauses_0":["167"],
"clauseNumberBeforeSimplification_Term_splitClauses_0":["199"],
"minedTemplateRelationSymbolNumber_Mined_splitClauses_0":["27"],
"solvability_Octagon_splitClauses_1":["10800000"],
"relationSymbolNumber_Labeled_splitClauses_1":["167"],
"minedSingleVariableTemplatesNumber_RelationalIneqs_splitClauses_1":["1709"],
"smt2FileSizeByte_Labeled_splitClauses_0":["638024"],
"solvability_RelationalEqs_splitClauses_1":["10800000"],
"unlabeledSingleVariableTemplatesNumber_Empty_splitClauses_1":["5127"],
"labeledTemplateNumber_PredictedCDHG_splitClauses_1":["18"],
"minedTemplateRelationSymbolNumber_Octagon_splitClauses_0":["27"],
"clauseNumberAfterSimplification_Unlabeled_splitClauses_0":["79"],
"clauseNumberBeforeSimplification_Unlabeled_splitClauses_0":["199"],
"clauseNumberBeforeSimplification_PredictedCDHG_splitClauses_0":["199"],
"cegarIterationNumber_RelationalIneqs_splitClauses_0":["10800000"],
"relationSymbolNumber_All_splitClauses_0":["167"],
"labeledTemplateRelationSymbolNumber_RelationalEqs_splitClauses_0":["7"],
"averagePredicateSize_Labeled_splitClauses_0":["10800000"],
"smt2FileSizeByte_RelationalIneqs_splitClauses_1":["638024"],
"clauseNumberBeforeSimplification_RelationalEqs_splitClauses_1":["199"],
"unlabeledTemplateRelationSymbolNumber_RelationalIneqs_splitClauses_1":["27"],
"clauseNumberBeforeSimplification_PredictedCG_splitClauses_0":["199"],
"solvingTime_PredictedCDHG_splitClauses_0":["10800000"],
"labeledTemplateRelationSymbolNumber_Octagon_splitClauses_1":["7"],
"minedTemplateRelationSymbolNumber_PredictedCG_splitClauses_1":["27"],
"labeledTemplateNumber_Random_splitClauses_1":["18"],
"solvingTime_RelationalIneqs_splitClauses_0":["10800000"],
"labeledTemplateNumber_All_splitClauses_1":["18"],
"unlabeledTemplateNumber_Random_splitClauses_1":["15219"],
"relationSymbolNumber_PredictedCDHG_splitClauses_1":["167"],
"smt2FileSizeByte_Unlabeled_splitClauses_1":["638024"],
"cegarIterationNumber_PredictedCG_splitClauses_0":["10800000"],
"predicateGeneratorTime_Octagon_splitClauses_0":["10800000"],
"unlabeledTemplateNumber_RelationalEqs_splitClauses_1":["15219"],
"clauseNumberAfterSimplification_Octagon_splitClauses_0":["79"],
"cegarIterationNumber_Random_splitClauses_0":["10800000"],
"solvability_PredictedCDHG_splitClauses_1":["10800000"],
"solvability_PredictedCG_splitClauses_0":["10800000"],
"solvingTime_PredictedCG_splitClauses_1":["10800000"],
"unlabeledSingleVariableTemplatesNumber_Unlabeled_splitClauses_0":["5127"],
"unlabeledTemplateNumber_Unlabeled_splitClauses_0":["15219"],
"labeledTemplateRelationSymbolNumber_RelationalIneqs_splitClauses_0":["7"],
"minedTemplateNumber_Random_splitClauses_1":["1725"],
"relationSymbolNumber_PredictedCG_splitClauses_0":["167"],
"generatedPredicateNumber_RelationalEqs_splitClauses_0":["10800000"],
"minedTemplateNumber_Term_splitClauses_0":["1725"],
"solvingTime_All_splitClauses_1":["10800000"],
"minedSingleVariableTemplatesNumber_PredictedCG_splitClauses_0":["1709"],
"smt2FileSizeByte_Term_splitClauses_1":["638024"],
"labeledBinaryVariableTemplatesNumber_All_splitClauses_0":["16"],
"minedTemplateNumber_PredictedCDHG_splitClauses_1":["1725"],
"minedTemplateRelationSymbolNumber_PredictedCDHG_splitClauses_0":["27"],
"averagePredicateSize_Unlabeled_splitClauses_0":["10800000"],
"minedBinaryVariableTemplatesNumber_Octagon_splitClauses_1":["16"],
"unlabeledSingleVariableTemplatesNumber_Random_splitClauses_1":["5127"],
"clauseNumberBeforeSimplification_Random_splitClauses_0":["199"],
"solvingTime_Unlabeled_splitClauses_1":["10800000"],
"predicateGeneratorTime_PredictedCDHG_splitClauses_1":["10800000"],
"averagePredicateSize_PredictedCDHG_splitClauses_0":["10800000"],
"minedBinaryVariableTemplatesNumber_Term_splitClauses_0":["16"],
"labeledTemplateNumber_RelationalIneqs_splitClauses_0":["18"],
"clauseNumberAfterSimplification_Random_splitClauses_0":["79"],
"clauseNumberAfterSimplification_PredictedCG_splitClauses_0":["79"],
"generatedPredicateNumber_Empty_splitClauses_1":["10800000"],
"clauseNumberBeforeSimplification_Octagon_splitClauses_0":["199"],
"unlabeledTemplateNumber_Empty_splitClauses_0":["15219"],
"minedSingleVariableTemplatesNumber_All_splitClauses_0":["1709"],
"labeledTemplateRelationSymbolNumber_Octagon_splitClauses_0":["7"],
"generatedPredicateNumber_Random_splitClauses_1":["10800000"],
"clauseNumberAfterSimplification_RelationalEqs_splitClauses_0":["79"],
"labeledBinaryVariableTemplatesNumber_Term_splitClauses_0":["16"],
"minedSingleVariableTemplatesNumber_RelationalEqs_splitClauses_0":["1709"],
"minedTemplateNumber_Mined_splitClauses_0":["1725"],
"averagePredicateSize_Octagon_splitClauses_0":["10800000"],
"unlabeledBinaryVariableTemplatesNumber_Empty_splitClauses_1":["10092"],
"relationSymbolNumber_Unlabeled_splitClauses_0":["167"],
"unlabeledSingleVariableTemplatesNumber_PredictedCDHG_splitClauses_0":["5127"],
"unlabeledSingleVariableTemplatesNumber_PredictedCG_splitClauses_1":["5127"],
"labeledTemplateRelationSymbolNumber_Labeled_splitClauses_1":["7"],
"minedTemplateRelationSymbolNumber_Random_splitClauses_0":["27"],
"unlabeledTemplateRelationSymbolNumber_PredictedCG_splitClauses_0":["27"],
"unlabeledTemplateNumber_RelationalIneqs_splitClauses_0":["15219"],
"unlabeledSingleVariableTemplatesNumber_Labeled_splitClauses_0":["5127"],
"minedTemplateNumber_Unlabeled_splitClauses_1":["1725"],
"generatedPredicateNumber_PredictedCG_splitClauses_0":["10800000"],
"labeledTemplateNumber_Unlabeled_splitClauses_1":["18"],
"unlabeledTemplateRelationSymbolNumber_Empty_splitClauses_1":["27"],
"clauseNumberBeforeSimplification_Empty_splitClauses_0":["199"],
"solvingTime_Octagon_splitClauses_1":["10800000"],
"cegarIterationNumber_Mined_splitClauses_1":["10"],
"clauseNumberBeforeSimplification_Mined_splitClauses_1":["199"],
"smt2FileSizeByte_PredictedCDHG_splitClauses_0":["638024"],
"averagePredicateSize_PredictedCG_splitClauses_0":["10800000"],
"solvingTime_Random_splitClauses_0":["10800000"],
"minedTemplateNumber_RelationalEqs_splitClauses_0":["1725"],
"unlabeledSingleVariableTemplatesNumber_RelationalIneqs_splitClauses_0":["5127"],
"unlabeledTemplateNumber_Unlabeled_splitClauses_1":["15219"],
"labeledBinaryVariableTemplatesNumber_RelationalEqs_splitClauses_0":["16"],
"generatedPredicateNumber_PredictedCDHG_splitClauses_0":["10800000"],
"minedTemplateRelationSymbolNumber_Empty_splitClauses_1":["27"],
"predicateGeneratorTime_Random_splitClauses_1":["10800000"],
"labeledTemplateNumber_Term_splitClauses_1":["18"],
"minedSingleVariableTemplatesNumber_Empty_splitClauses_1":["1709"],
"minedSingleVariableTemplatesNumber_RelationalIneqs_splitClauses_0":["1709"],
"clauseNumberAfterSimplification_All_splitClauses_0":["79"],
"unlabeledBinaryVariableTemplatesNumber_RelationalEqs_splitClauses_0":["10092"],
"cegarIterationNumber_RelationalEqs_splitClauses_0":["10800000"],
"labeledTemplateRelationSymbolNumber_PredictedCDHG_splitClauses_0":["7"],
"labeledSingleVariableTemplatesNumber_Labeled_splitClauses_1":["2"],
"unlabeledBinaryVariableTemplatesNumber_All_splitClauses_1":["10092"],
"minedTemplateRelationSymbolNumber_Unlabeled_splitClauses_1":["27"],
"solvingTime_RelationalEqs_splitClauses_0":["10800000"],
"solvingTime_RelationalEqs_splitClauses_1":["10800000"],
"minedBinaryVariableTemplatesNumber_Mined_splitClauses_0":["16"],
"clauseNumberBeforeSimplification_All_splitClauses_0":["199"],
"clauseNumberBeforeSimplification_RelationalIneqs_splitClauses_1":["199"],
"labeledTemplateNumber_RelationalEqs_splitClauses_1":["18"],
"labeledBinaryVariableTemplatesNumber_RelationalIneqs_splitClauses_0":["16"],
"clauseNumberAfterSimplification_Empty_splitClauses_0":["79"],
"averagePredicateSize_Empty_splitClauses_0":["10800000"],
"relationSymbolNumber_PredictedCG_splitClauses_1":["167"],
"unlabeledTemplateNumber_Term_splitClauses_1":["15219"],
"predicateGeneratorTime_Mined_splitClauses_1":["1192"],
"relationSymbolNumber_Mined_splitClauses_0":["167"],
"labeledBinaryVariableTemplatesNumber_RelationalIneqs_splitClauses_1":["16"],
"predicateGeneratorTime_Unlabeled_splitClauses_0":["10800000"],
"generatedPredicateNumber_Mined_splitClauses_0":["10800000"],
"generatedPredicateNumber_RelationalEqs_splitClauses_1":["10800000"],
"labeledTemplateRelationSymbolNumber_PredictedCG_splitClauses_0":["7"],
"minedSingleVariableTemplatesNumber_PredictedCG_splitClauses_1":["1709"],
"minedTemplateRelationSymbolNumber_PredictedCG_splitClauses_0":["27"],
"unlabeledTemplateRelationSymbolNumber_Labeled_splitClauses_0":["27"],
"solvability_Empty_splitClauses_1":["10800000"],
"averagePredicateSize_Term_splitClauses_0":["10800000"],
"cegarIterationNumber_Random_splitClauses_1":["10800000"],
"relationSymbolNumber_All_splitClauses_1":["167"],
"averagePredicateSize_Labeled_splitClauses_1":["10800000"],
"unlabeledBinaryVariableTemplatesNumber_Unlabeled_splitClauses_0":["10092"],
"generatedPredicateNumber_Unlabeled_splitClauses_1":["10800000"],
"predicateGeneratorTime_All_splitClauses_0":["10800000"],
"unlabeledBinaryVariableTemplatesNumber_PredictedCDHG_splitClauses_1":["10092"],
"clauseNumberBeforeSimplification_Labeled_splitClauses_1":["199"],
"minedBinaryVariableTemplatesNumber_Labeled_splitClauses_1":["16"],
"labeledSingleVariableTemplatesNumber_All_splitClauses_0":["2"],
"unlabeledTemplateRelationSymbolNumber_Mined_splitClauses_0":["27"],
"cegarIterationNumber_Octagon_splitClauses_1":["10800000"],
"labeledTemplateNumber_Octagon_splitClauses_0":["18"],
"labeledTemplateRelationSymbolNumber_All_splitClauses_1":["7"],
"smt2FileSizeByte_Empty_splitClauses_0":["638024"],
"relationSymbolNumber_RelationalIneqs_splitClauses_1":["167"],
"unlabeledTemplateNumber_Octagon_splitClauses_1":["15219"],
"predicateGeneratorTime_RelationalEqs_splitClauses_0":["10800000"],
"unlabeledTemplateRelationSymbolNumber_RelationalIneqs_splitClauses_0":["27"],
"smt2FileSizeByte_RelationalEqs_splitClauses_1":["638024"],
"unlabeledTemplateNumber_Labeled_splitClauses_0":["15219"],
"relationSymbolNumber_Random_splitClauses_1":["167"],
"minedSingleVariableTemplatesNumber_Labeled_splitClauses_0":["1709"],
"solvingTime_PredictedCDHG_splitClauses_1":["10800000"],
"minedTemplateNumber_Octagon_splitClauses_1":["1725"],
"clauseNumberBeforeSimplification_Mined_splitClauses_0":["199"],
"smt2FileSizeByte_All_splitClauses_0":["638024"],
"solvingTime_All_splitClauses_0":["10800000"],
"minedBinaryVariableTemplatesNumber_Term_splitClauses_1":["16"],
"unlabeledTemplateRelationSymbolNumber_Random_splitClauses_0":["27"],
"cegarIterationNumber_All_splitClauses_0":["10800000"],
"smt2FileSizeByte_RelationalEqs_splitClauses_0":["638024"],
"unlabeledSingleVariableTemplatesNumber_PredictedCDHG_splitClauses_1":["5127"],
"clauseNumberBeforeSimplification_Labeled_splitClauses_0":["199"],
"cegarIterationNumber_PredictedCG_splitClauses_1":["10800000"],
"labeledTemplateRelationSymbolNumber_Unlabeled_splitClauses_0":["7"],
"unlabeledTemplateRelationSymbolNumber_Octagon_splitClauses_1":["27"],
"unlabeledTemplateNumber_Empty_splitClauses_1":["15219"],
"clauseNumberBeforeSimplification_Octagon_splitClauses_1":["199"],
"labeledTemplateNumber_Unlabeled_splitClauses_0":["18"],
"labeledBinaryVariableTemplatesNumber_PredictedCG_splitClauses_0":["16"],
"solvability_Term_splitClauses_1":["10800000"],
"solvability_Octagon_splitClauses_0":["10800000"],
"minedTemplateRelationSymbolNumber_RelationalIneqs_splitClauses_0":["27"],
"clauseNumberBeforeSimplification_RelationalIneqs_splitClauses_0":["199"],
"labeledTemplateNumber_PredictedCG_splitClauses_0":["18"],
"cegarIterationNumber_Labeled_splitClauses_0":["10800000"],
"smt2FileSizeByte_Labeled_splitClauses_1":["638024"],
"clauseNumberBeforeSimplification_Unlabeled_splitClauses_1":["199"],
"generatedPredicateNumber_Term_splitClauses_1":["10800000"],
"solvingTime_Term_splitClauses_1":["10800000"],
"unlabeledBinaryVariableTemplatesNumber_Random_splitClauses_1":["10092"],
"unlabeledSingleVariableTemplatesNumber_Octagon_splitClauses_0":["5127"],
"solvingTime_Octagon_splitClauses_0":["10800000"],
"labeledSingleVariableTemplatesNumber_Mined_splitClauses_1":["2"],
"averagePredicateSize_Term_splitClauses_1":["10800000"],
"labeledTemplateNumber_Labeled_splitClauses_0":["18"],
"unlabeledSingleVariableTemplatesNumber_PredictedCG_splitClauses_0":["5127"],
"smt2FileSizeByte_Mined_splitClauses_1":["638024"],
"labeledBinaryVariableTemplatesNumber_Unlabeled_splitClauses_1":["16"],
"labeledTemplateNumber_All_splitClauses_0":["18"],
"unlabeledTemplateNumber_Random_splitClauses_0":["15219"],
"labeledTemplateNumber_Octagon_splitClauses_1":["18"],
"unlabeledTemplateNumber_PredictedCDHG_splitClauses_1":["15219"],
"unlabeledBinaryVariableTemplatesNumber_Mined_splitClauses_0":["10092"],
"minedTemplateRelationSymbolNumber_Mined_splitClauses_1":["27"],
"labeledTemplateNumber_RelationalIneqs_splitClauses_1":["18"],
"solvability_Term_splitClauses_0":["10800000"],
"relationSymbolNumber_Octagon_splitClauses_0":["167"],
"clauseNumberBeforeSimplification_PredictedCG_splitClauses_1":["199"],
"generatedPredicateNumber_Labeled_splitClauses_1":["10800000"],
"labeledSingleVariableTemplatesNumber_Unlabeled_splitClauses_0":["2"],
"unlabeledBinaryVariableTemplatesNumber_Empty_splitClauses_0":["10092"],
"solvingTime_Mined_splitClauses_0":["10800000"],
"unlabeledTemplateNumber_All_splitClauses_1":["15219"],
"clauseNumberAfterSimplification_Random_splitClauses_1":["79"],
"labeledBinaryVariableTemplatesNumber_Octagon_splitClauses_1":["16"],
"unlabeledBinaryVariableTemplatesNumber_Labeled_splitClauses_0":["10092"],
"smt2FileSizeByte_Octagon_splitClauses_0":["638024"],
"labeledSingleVariableTemplatesNumber_Random_splitClauses_1":["2"],
"solvability_Unlabeled_splitClauses_0":["10800000"],
"solvingTime_Unlabeled_splitClauses_0":["10800000"],
"unlabeledTemplateRelationSymbolNumber_All_splitClauses_1":["27"],
"minedTemplateNumber_Empty_splitClauses_1":["1725"],
"solvability_RelationalIneqs_splitClauses_0":["10800000"],
"unlabeledTemplateRelationSymbolNumber_Labeled_splitClauses_1":["27"],
"cegarIterationNumber_RelationalEqs_splitClauses_1":["10800000"],
"minedSingleVariableTemplatesNumber_RelationalEqs_splitClauses_1":["1709"],
"clauseNumberAfterSimplification_PredictedCDHG_splitClauses_1":["79"],
"minedBinaryVariableTemplatesNumber_RelationalIneqs_splitClauses_1":["16"],
"unlabeledBinaryVariableTemplatesNumber_Mined_splitClauses_1":["10092"],
"unlabeledBinaryVariableTemplatesNumber_PredictedCDHG_splitClauses_0":["10092"],
"solvingTime_Empty_splitClauses_1":["10800000"],
"labeledTemplateRelationSymbolNumber_Empty_splitClauses_1":["7"],
"generatedPredicateNumber_Term_splitClauses_0":["10800000"],
"averagePredicateSize_Empty_splitClauses_1":["10800000"],
"generatedPredicateNumber_PredictedCG_splitClauses_1":["10800000"],
"labeledTemplateRelationSymbolNumber_PredictedCDHG_splitClauses_1":["7"],
"relationSymbolNumber_Mined_splitClauses_1":["167"],
"predicateGeneratorTime_Mined_splitClauses_0":["10800000"],
"predicateGeneratorTime_Labeled_splitClauses_0":["10800000"],
"labeledSingleVariableTemplatesNumber_Random_splitClauses_0":["2"],
"unlabeledTemplateRelationSymbolNumber_All_splitClauses_0":["27"],
"minedBinaryVariableTemplatesNumber_Labeled_splitClauses_0":["16"],
"generatedPredicateNumber_Labeled_splitClauses_0":["10800000"],
"relationSymbolNumber_Empty_splitClauses_0":["167"],
"solvingTime_Mined_splitClauses_1":["1723"],
"minedSingleVariableTemplatesNumber_All_splitClauses_1":["1709"],
"predicateGeneratorTime_Random_splitClauses_0":["10800000"],
"cegarIterationNumber_Term_splitClauses_1":["10800000"],
"labeledTemplateNumber_Empty_splitClauses_1":["18"],
"clauseNumberAfterSimplification_Empty_splitClauses_1":["79"],
"minedTemplateRelationSymbolNumber_Empty_splitClauses_0":["27"],
"unlabeledSingleVariableTemplatesNumber_Term_splitClauses_0":["5127"],
"minedSingleVariableTemplatesNumber_Empty_splitClauses_0":["1709"],
"minedTemplateRelationSymbolNumber_RelationalEqs_splitClauses_0":["27"],
"cegarIterationNumber_Empty_splitClauses_0":["10800000"],
"minedBinaryVariableTemplatesNumber_RelationalEqs_splitClauses_1":["16"],
"labeledSingleVariableTemplatesNumber_All_splitClauses_1":["2"],
"unlabeledTemplateRelationSymbolNumber_Octagon_splitClauses_0":["27"],
"minedTemplateRelationSymbolNumber_Unlabeled_splitClauses_0":["27"],
"labeledBinaryVariableTemplatesNumber_Mined_splitClauses_0":["16"],
"minedTemplateNumber_PredictedCG_splitClauses_1":["1725"],
"cegarIterationNumber_Empty_splitClauses_1":["10800000"],
"averagePredicateSize_RelationalIneqs_splitClauses_0":["10800000"],
"solvability_All_splitClauses_1":["10800000"],
"unlabeledBinaryVariableTemplatesNumber_Term_splitClauses_1":["10092"],
"relationSymbolNumber_PredictedCDHG_splitClauses_0":["167"],
"minedTemplateRelationSymbolNumber_Labeled_splitClauses_1":["27"],
"averagePredicateSize_Unlabeled_splitClauses_1":["10800000"],
"labeledTemplateNumber_Term_splitClauses_0":["18"],
"smt2FileSizeByte_Empty_splitClauses_1":["638024"],
"solvingTime_PredictedCG_splitClauses_0":["10800000"],
"relationSymbolNumber_Term_splitClauses_0":["167"],
"cegarIterationNumber_All_splitClauses_1":["10800000"],
"clauseNumberBeforeSimplification_Term_splitClauses_1":["199"],
"predicateGeneratorTime_Empty_splitClauses_0":["10800000"],
"averagePredicateSize_All_splitClauses_0":["10800000"],
"unlabeledBinaryVariableTemplatesNumber_Random_splitClauses_0":["10092"],
"smt2FileSizeByte_Term_splitClauses_0":["638024"],
"averagePredicateSize_Mined_splitClauses_1":["1"],
"minedBinaryVariableTemplatesNumber_Empty_splitClauses_0":["16"],
"minedTemplateRelationSymbolNumber_All_splitClauses_1":["27"],
"labeledSingleVariableTemplatesNumber_PredictedCG_splitClauses_0":["2"],
"unlabeledBinaryVariableTemplatesNumber_RelationalIneqs_splitClauses_0":["10092"],
"unlabeledSingleVariableTemplatesNumber_RelationalIneqs_splitClauses_1":["5127"],
"clauseNumberAfterSimplification_RelationalIneqs_splitClauses_0":["79"],
"unlabeledTemplateNumber_RelationalEqs_splitClauses_0":["15219"],
"unlabeledTemplateNumber_RelationalIneqs_splitClauses_1":["15219"],
"labeledTemplateRelationSymbolNumber_PredictedCG_splitClauses_1":["7"],
"labeledTemplateRelationSymbolNumber_All_splitClauses_0":["7"],
"labeledSingleVariableTemplatesNumber_Octagon_splitClauses_0":["2"],
"dummyFiled":[]
}