{
"smt2FileSizeByte_All_splitClauses_1":["177753"],
"generatedPredicateNumber_All_splitClauses_1":["10800000"],
"unlabeledTemplateRelationSymbolNumber_PredictedCDHG_splitClauses_0":["22"],
"predicateGeneratorTime_Term_splitClauses_0":["10800000"],
"averagePredicateSize_Random_splitClauses_1":["10800000"],
"labeledBinaryVariableTemplatesNumber_Labeled_splitClauses_1":["7"],
"clauseNumberBeforeSimplification_All_splitClauses_1":["323"],
"minedTemplateRelationSymbolNumber_Term_splitClauses_0":["22"],
"solvingTime_Labeled_splitClauses_1":["10800000"],
"unlabeledTemplateNumber_Labeled_splitClauses_1":["444"],
"relationSymbolNumber_Term_splitClauses_1":["120"],
"minedTemplateRelationSymbolNumber_Octagon_splitClauses_1":["22"],
"clauseNumberAfterSimplification_Mined_splitClauses_1":["57"],
"unlabeledBinaryVariableTemplatesNumber_Term_splitClauses_0":["252"],
"labeledTemplateNumber_PredictedCDHG_splitClauses_0":["10"],
"relationSymbolNumber_RelationalEqs_splitClauses_1":["120"],
"solvability_Empty_splitClauses_0":["10800000"],
"unlabeledTemplateRelationSymbolNumber_Random_splitClauses_1":["22"],
"labeledBinaryVariableTemplatesNumber_Octagon_splitClauses_0":["7"],
"minedTemplateRelationSymbolNumber_Random_splitClauses_1":["22"],
"unlabeledSingleVariableTemplatesNumber_Mined_splitClauses_0":["192"],
"unlabeledBinaryVariableTemplatesNumber_PredictedCG_splitClauses_1":["252"],
"solvability_All_splitClauses_0":["10800000"],
"predicateGeneratorTime_RelationalEqs_splitClauses_1":["10800000"],
"smt2FileSizeByte_PredictedCG_splitClauses_1":["177753"],
"labeledSingleVariableTemplatesNumber_Unlabeled_splitClauses_1":["3"],
"labeledBinaryVariableTemplatesNumber_PredictedCG_splitClauses_1":["7"],
"minedBinaryVariableTemplatesNumber_PredictedCG_splitClauses_0":["7"],
"solvability_Random_splitClauses_0":["10800000"],
"clauseNumberBeforeSimplification_PredictedCDHG_splitClauses_1":["323"],
"labeledSingleVariableTemplatesNumber_Mined_splitClauses_0":["3"],
"solvability_Unlabeled_splitClauses_1":["10800000"],
"cegarIterationNumber_Labeled_splitClauses_1":["10800000"],
"smt2FileSizeByte_Mined_splitClauses_0":["177753"],
"labeledSingleVariableTemplatesNumber_PredictedCG_splitClauses_1":["3"],
"smt2FileSizeByte_Octagon_splitClauses_1":["177753"],
"minedTemplateNumber_Labeled_splitClauses_1":["72"],
"labeledSingleVariableTemplatesNumber_RelationalIneqs_splitClauses_1":["3"],
"clauseNumberAfterSimplification_Labeled_splitClauses_1":["57"],
"smt2FileSizeByte_Random_splitClauses_0":["177753"],
"unlabeledTemplateRelationSymbolNumber_PredictedCDHG_splitClauses_1":["22"],
"labeledSingleVariableTemplatesNumber_Term_splitClauses_0":["3"],
"generatedPredicateNumber_PredictedCDHG_splitClauses_1":["10800000"],
"minedSingleVariableTemplatesNumber_Unlabeled_splitClauses_0":["65"],
"generatedPredicateNumber_Octagon_splitClauses_1":["10800000"],
"labeledSingleVariableTemplatesNumber_RelationalEqs_splitClauses_0":["3"],
"predicateGeneratorTime_PredictedCG_splitClauses_1":["10800000"],
"labeledTemplateNumber_Labeled_splitClauses_1":["10"],
"labeledSingleVariableTemplatesNumber_Empty_splitClauses_0":["3"],
"minedTemplateRelationSymbolNumber_RelationalIneqs_splitClauses_1":["22"],
"unlabeledSingleVariableTemplatesNumber_All_splitClauses_1":["192"],
"labeledBinaryVariableTemplatesNumber_PredictedCDHG_splitClauses_1":["7"],
"unlabeledSingleVariableTemplatesNumber_RelationalEqs_splitClauses_1":["192"],
"cegarIterationNumber_Term_splitClauses_0":["10800000"],
"unlabeledBinaryVariableTemplatesNumber_Labeled_splitClauses_1":["252"],
"unlabeledSingleVariableTemplatesNumber_Term_splitClauses_1":["192"],
"clauseNumberAfterSimplification_All_splitClauses_1":["57"],
"minedSingleVariableTemplatesNumber_Random_splitClauses_0":["65"],
"solvability_RelationalIneqs_splitClauses_1":["10800000"],
"minedTemplateNumber_Labeled_splitClauses_0":["72"],
"minedSingleVariableTemplatesNumber_Octagon_splitClauses_0":["65"],
"minedSingleVariableTemplatesNumber_Term_splitClauses_1":["65"],
"minedBinaryVariableTemplatesNumber_PredictedCDHG_splitClauses_1":["7"],
"generatedPredicateNumber_Mined_splitClauses_1":["21"],
"relationSymbolNumber_Octagon_splitClauses_1":["120"],
"relationSymbolNumber_Unlabeled_splitClauses_1":["120"],
"labeledSingleVariableTemplatesNumber_RelationalIneqs_splitClauses_0":["3"],
"averagePredicateSize_Mined_splitClauses_0":["10800000"],
"cegarIterationNumber_Unlabeled_splitClauses_0":["10800000"],
"minedBinaryVariableTemplatesNumber_Random_splitClauses_0":["7"],
"labeledTemplateNumber_Mined_splitClauses_1":["10"],
"labeledBinaryVariableTemplatesNumber_Random_splitClauses_0":["7"],
"unlabeledTemplateRelationSymbolNumber_Unlabeled_splitClauses_1":["22"],
"cegarIterationNumber_Mined_splitClauses_0":["10800000"],
"minedTemplateRelationSymbolNumber_Labeled_splitClauses_0":["22"],
"unlabeledBinaryVariableTemplatesNumber_RelationalIneqs_splitClauses_1":["252"],
"unlabeledBinaryVariableTemplatesNumber_Octagon_splitClauses_0":["252"],
"solvability_Mined_splitClauses_0":["10800000"],
"averagePredicateSize_RelationalEqs_splitClauses_0":["10800000"],
"clauseNumberAfterSimplification_Term_splitClauses_0":["57"],
"unlabeledTemplateNumber_Mined_splitClauses_0":["444"],
"unlabeledTemplateNumber_PredictedCDHG_splitClauses_0":["444"],
"cegarIterationNumber_RelationalIneqs_splitClauses_1":["10800000"],
"minedBinaryVariableTemplatesNumber_Unlabeled_splitClauses_1":["7"],
"labeledTemplateNumber_PredictedCG_splitClauses_1":["10"],
"labeledTemplateRelationSymbolNumber_Mined_splitClauses_0":["4"],
"labeledBinaryVariableTemplatesNumber_Mined_splitClauses_1":["7"],
"clauseNumberAfterSimplification_RelationalIneqs_splitClauses_1":["57"],
"minedSingleVariableTemplatesNumber_PredictedCDHG_splitClauses_0":["65"],
"solvability_Labeled_splitClauses_1":["10800000"],
"labeledSingleVariableTemplatesNumber_Octagon_splitClauses_1":["3"],
"averagePredicateSize_Random_splitClauses_0":["10800000"],
"smt2FileSizeByte_RelationalIneqs_splitClauses_0":["177753"],
"generatedPredicateNumber_Unlabeled_splitClauses_0":["10800000"],
"solvability_RelationalEqs_splitClauses_0":["10800000"],
"predicateGeneratorTime_Empty_splitClauses_1":["10800000"],
"minedSingleVariableTemplatesNumber_Mined_splitClauses_0":["65"],
"minedTemplateRelationSymbolNumber_PredictedCDHG_splitClauses_1":["22"],
"minedTemplateNumber_PredictedCG_splitClauses_0":["72"],
"averagePredicateSize_RelationalIneqs_splitClauses_1":["10800000"],
"labeledTemplateRelationSymbolNumber_Random_splitClauses_1":["4"],
"minedTemplateNumber_RelationalIneqs_splitClauses_0":["72"],
"predicateGeneratorTime_RelationalIneqs_splitClauses_0":["10800000"],
"labeledTemplateRelationSymbolNumber_Empty_splitClauses_0":["4"],
"minedBinaryVariableTemplatesNumber_Octagon_splitClauses_0":["7"],
"relationSymbolNumber_Labeled_splitClauses_0":["120"],
"labeledSingleVariableTemplatesNumber_Term_splitClauses_1":["3"],
"labeledBinaryVariableTemplatesNumber_Empty_splitClauses_0":["7"],
"minedTemplateNumber_Octagon_splitClauses_0":["72"],
"labeledBinaryVariableTemplatesNumber_Unlabeled_splitClauses_0":["7"],
"clauseNumberAfterSimplification_PredictedCDHG_splitClauses_0":["57"],
"smt2FileSizeByte_PredictedCG_splitClauses_0":["177753"],
"minedBinaryVariableTemplatesNumber_RelationalEqs_splitClauses_0":["7"],
"labeledTemplateRelationSymbolNumber_RelationalEqs_splitClauses_1":["4"],
"minedBinaryVariableTemplatesNumber_Random_splitClauses_1":["7"],
"clauseNumberAfterSimplification_Unlabeled_splitClauses_1":["57"],
"minedSingleVariableTemplatesNumber_PredictedCDHG_splitClauses_1":["65"],
"labeledBinaryVariableTemplatesNumber_Term_splitClauses_1":["7"],
"clauseNumberBeforeSimplification_Empty_splitClauses_1":["323"],
"minedBinaryVariableTemplatesNumber_Mined_splitClauses_1":["7"],
"unlabeledBinaryVariableTemplatesNumber_Unlabeled_splitClauses_1":["252"],
"unlabeledTemplateNumber_PredictedCG_splitClauses_1":["444"],
"generatedPredicateNumber_Empty_splitClauses_0":["10800000"],
"predicateGeneratorTime_RelationalIneqs_splitClauses_1":["10800000"],
"unlabeledSingleVariableTemplatesNumber_Empty_splitClauses_0":["192"],
"cegarIterationNumber_Octagon_splitClauses_0":["10800000"],
"clauseNumberAfterSimplification_Octagon_splitClauses_1":["57"],
"unlabeledSingleVariableTemplatesNumber_Labeled_splitClauses_1":["192"],
"clauseNumberBeforeSimplification_Random_splitClauses_1":["323"],
"minedTemplateRelationSymbolNumber_All_splitClauses_0":["22"],
"unlabeledTemplateRelationSymbolNumber_RelationalEqs_splitClauses_0":["22"],
"minedSingleVariableTemplatesNumber_Unlabeled_splitClauses_1":["65"],
"clauseNumberBeforeSimplification_RelationalEqs_splitClauses_0":["323"],
"minedTemplateNumber_Unlabeled_splitClauses_0":["72"],
"generatedPredicateNumber_Octagon_splitClauses_0":["10800000"],
"predicateGeneratorTime_PredictedCDHG_splitClauses_0":["10800000"],
"clauseNumberAfterSimplification_PredictedCG_splitClauses_1":["57"],
"labeledSingleVariableTemplatesNumber_RelationalEqs_splitClauses_1":["3"],
"smt2FileSizeByte_Random_splitClauses_1":["177753"],
"averagePredicateSize_PredictedCG_splitClauses_1":["10800000"],
"cegarIterationNumber_PredictedCDHG_splitClauses_1":["10800000"],
"clauseNumberAfterSimplification_RelationalEqs_splitClauses_1":["57"],
"minedBinaryVariableTemplatesNumber_Empty_splitClauses_1":["7"],
"minedTemplateNumber_PredictedCDHG_splitClauses_0":["72"],
"labeledBinaryVariableTemplatesNumber_All_splitClauses_1":["7"],
"solvingTime_RelationalIneqs_splitClauses_1":["10800000"],
"unlabeledTemplateRelationSymbolNumber_RelationalEqs_splitClauses_1":["22"],
"smt2FileSizeByte_Unlabeled_splitClauses_0":["177753"],
"generatedPredicateNumber_All_splitClauses_0":["10800000"],
"predicateGeneratorTime_Octagon_splitClauses_1":["10800000"],
"solvability_Mined_splitClauses_1":["1"],
"minedTemplateRelationSymbolNumber_Term_splitClauses_1":["22"],
"clauseNumberAfterSimplification_Mined_splitClauses_0":["57"],
"solvability_PredictedCDHG_splitClauses_0":["10800000"],
"solvingTime_Empty_splitClauses_0":["10800000"],
"unlabeledSingleVariableTemplatesNumber_Unlabeled_splitClauses_1":["192"],
"minedTemplateNumber_Term_splitClauses_1":["72"],
"averagePredicateSize_Octagon_splitClauses_1":["10800000"],
"relationSymbolNumber_Empty_splitClauses_1":["120"],
"unlabeledSingleVariableTemplatesNumber_Octagon_splitClauses_1":["192"],
"minedTemplateRelationSymbolNumber_RelationalEqs_splitClauses_1":["22"],
"minedBinaryVariableTemplatesNumber_RelationalIneqs_splitClauses_0":["7"],
"predicateGeneratorTime_Term_splitClauses_1":["10800000"],
"solvingTime_Labeled_splitClauses_0":["10800000"],
"unlabeledBinaryVariableTemplatesNumber_PredictedCG_splitClauses_0":["252"],
"minedTemplateNumber_All_splitClauses_0":["72"],
"predicateGeneratorTime_Labeled_splitClauses_1":["10800000"],
"unlabeledTemplateRelationSymbolNumber_Empty_splitClauses_0":["22"],
"unlabeledTemplateNumber_Mined_splitClauses_1":["444"],
"solvability_PredictedCG_splitClauses_1":["10800000"],
"unlabeledTemplateNumber_Term_splitClauses_0":["444"],
"minedBinaryVariableTemplatesNumber_PredictedCG_splitClauses_1":["7"],
"labeledSingleVariableTemplatesNumber_PredictedCDHG_splitClauses_0":["3"],
"minedBinaryVariableTemplatesNumber_All_splitClauses_0":["7"],
"averagePredicateSize_PredictedCDHG_splitClauses_1":["10800000"],
"predicateGeneratorTime_PredictedCG_splitClauses_0":["10800000"],
"generatedPredicateNumber_RelationalIneqs_splitClauses_0":["10800000"],
"labeledTemplateNumber_Empty_splitClauses_0":["10"],
"unlabeledTemplateRelationSymbolNumber_Term_splitClauses_0":["22"],
"minedTemplateNumber_All_splitClauses_1":["72"],
"labeledSingleVariableTemplatesNumber_Empty_splitClauses_1":["3"],
"minedBinaryVariableTemplatesNumber_Unlabeled_splitClauses_0":["7"],
"labeledTemplateNumber_Random_splitClauses_0":["10"],
"minedBinaryVariableTemplatesNumber_All_splitClauses_1":["7"],
"unlabeledSingleVariableTemplatesNumber_All_splitClauses_0":["192"],
"smt2FileSizeByte_PredictedCDHG_splitClauses_1":["177753"],
"labeledBinaryVariableTemplatesNumber_PredictedCDHG_splitClauses_0":["7"],
"averagePredicateSize_RelationalEqs_splitClauses_1":["10800000"],
"minedSingleVariableTemplatesNumber_Term_splitClauses_0":["65"],
"labeledTemplateRelationSymbolNumber_Term_splitClauses_1":["4"],
"generatedPredicateNumber_Random_splitClauses_0":["10800000"],
"labeledBinaryVariableTemplatesNumber_Empty_splitClauses_1":["7"],
"clauseNumberAfterSimplification_Labeled_splitClauses_0":["57"],
"labeledSingleVariableTemplatesNumber_Labeled_splitClauses_0":["3"],
"minedTemplateNumber_Mined_splitClauses_1":["72"],
"labeledTemplateRelationSymbolNumber_Labeled_splitClauses_0":["4"],
"unlabeledTemplateRelationSymbolNumber_Mined_splitClauses_1":["22"],
"solvability_Labeled_splitClauses_0":["10800000"],
"minedTemplateNumber_RelationalEqs_splitClauses_1":["72"],
"solvingTime_Random_splitClauses_1":["10800000"],
"minedTemplateNumber_Random_splitClauses_0":["72"],
"cegarIterationNumber_Unlabeled_splitClauses_1":["10800000"],
"minedTemplateNumber_RelationalIneqs_splitClauses_1":["72"],
"unlabeledBinaryVariableTemplatesNumber_Octagon_splitClauses_1":["252"],
"minedSingleVariableTemplatesNumber_Octagon_splitClauses_1":["65"],
"minedSingleVariableTemplatesNumber_Random_splitClauses_1":["65"],
"averagePredicateSize_All_splitClauses_1":["10800000"],
"minedTemplateNumber_Empty_splitClauses_0":["72"],
"labeledTemplateNumber_Mined_splitClauses_0":["10"],
"unlabeledBinaryVariableTemplatesNumber_All_splitClauses_0":["252"],
"labeledSingleVariableTemplatesNumber_PredictedCDHG_splitClauses_1":["3"],
"minedSingleVariableTemplatesNumber_Mined_splitClauses_1":["65"],
"labeledTemplateRelationSymbolNumber_Term_splitClauses_0":["4"],
"unlabeledTemplateRelationSymbolNumber_Term_splitClauses_1":["22"],
"predicateGeneratorTime_All_splitClauses_1":["10800000"],
"unlabeledSingleVariableTemplatesNumber_Random_splitClauses_0":["192"],
"predicateGeneratorTime_Unlabeled_splitClauses_1":["10800000"],
"cegarIterationNumber_PredictedCDHG_splitClauses_0":["10800000"],
"labeledTemplateNumber_RelationalEqs_splitClauses_0":["10"],
"labeledTemplateRelationSymbolNumber_Mined_splitClauses_1":["4"],
"labeledTemplateRelationSymbolNumber_Random_splitClauses_0":["4"],
"labeledBinaryVariableTemplatesNumber_RelationalEqs_splitClauses_1":["7"],
"generatedPredicateNumber_RelationalIneqs_splitClauses_1":["10800000"],
"unlabeledTemplateRelationSymbolNumber_PredictedCG_splitClauses_1":["22"],
"unlabeledSingleVariableTemplatesNumber_RelationalEqs_splitClauses_0":["192"],
"labeledBinaryVariableTemplatesNumber_Labeled_splitClauses_0":["7"],
"minedBinaryVariableTemplatesNumber_PredictedCDHG_splitClauses_0":["7"],
"unlabeledTemplateRelationSymbolNumber_Unlabeled_splitClauses_0":["22"],
"clauseNumberAfterSimplification_Term_splitClauses_1":["57"],
"relationSymbolNumber_RelationalIneqs_splitClauses_0":["120"],
"unlabeledTemplateNumber_Octagon_splitClauses_0":["444"],
"unlabeledBinaryVariableTemplatesNumber_RelationalEqs_splitClauses_1":["252"],
"unlabeledTemplateNumber_PredictedCG_splitClauses_0":["444"],
"unlabeledTemplateNumber_All_splitClauses_0":["444"],
"labeledTemplateRelationSymbolNumber_RelationalIneqs_splitClauses_1":["4"],
"unlabeledSingleVariableTemplatesNumber_Mined_splitClauses_1":["192"],
"labeledTemplateRelationSymbolNumber_Unlabeled_splitClauses_1":["4"],
"labeledBinaryVariableTemplatesNumber_Random_splitClauses_1":["7"],
"relationSymbolNumber_RelationalEqs_splitClauses_0":["120"],
"solvability_Random_splitClauses_1":["10800000"],
"solvingTime_Term_splitClauses_0":["10800000"],
"minedSingleVariableTemplatesNumber_Labeled_splitClauses_1":["65"],
"relationSymbolNumber_Random_splitClauses_0":["120"],
"clauseNumberBeforeSimplification_Term_splitClauses_0":["323"],
"minedTemplateRelationSymbolNumber_Mined_splitClauses_0":["22"],
"solvability_Octagon_splitClauses_1":["10800000"],
"relationSymbolNumber_Labeled_splitClauses_1":["120"],
"minedSingleVariableTemplatesNumber_RelationalIneqs_splitClauses_1":["65"],
"smt2FileSizeByte_Labeled_splitClauses_0":["177753"],
"solvability_RelationalEqs_splitClauses_1":["10800000"],
"unlabeledSingleVariableTemplatesNumber_Empty_splitClauses_1":["192"],
"labeledTemplateNumber_PredictedCDHG_splitClauses_1":["10"],
"minedTemplateRelationSymbolNumber_Octagon_splitClauses_0":["22"],
"clauseNumberAfterSimplification_Unlabeled_splitClauses_0":["57"],
"clauseNumberBeforeSimplification_Unlabeled_splitClauses_0":["323"],
"clauseNumberBeforeSimplification_PredictedCDHG_splitClauses_0":["323"],
"cegarIterationNumber_RelationalIneqs_splitClauses_0":["10800000"],
"relationSymbolNumber_All_splitClauses_0":["120"],
"labeledTemplateRelationSymbolNumber_RelationalEqs_splitClauses_0":["4"],
"averagePredicateSize_Labeled_splitClauses_0":["10800000"],
"smt2FileSizeByte_RelationalIneqs_splitClauses_1":["177753"],
"clauseNumberBeforeSimplification_RelationalEqs_splitClauses_1":["323"],
"unlabeledTemplateRelationSymbolNumber_RelationalIneqs_splitClauses_1":["22"],
"clauseNumberBeforeSimplification_PredictedCG_splitClauses_0":["323"],
"solvingTime_PredictedCDHG_splitClauses_0":["10800000"],
"labeledTemplateRelationSymbolNumber_Octagon_splitClauses_1":["4"],
"minedTemplateRelationSymbolNumber_PredictedCG_splitClauses_1":["22"],
"labeledTemplateNumber_Random_splitClauses_1":["10"],
"solvingTime_RelationalIneqs_splitClauses_0":["10800000"],
"labeledTemplateNumber_All_splitClauses_1":["10"],
"unlabeledTemplateNumber_Random_splitClauses_1":["444"],
"relationSymbolNumber_PredictedCDHG_splitClauses_1":["120"],
"smt2FileSizeByte_Unlabeled_splitClauses_1":["177753"],
"cegarIterationNumber_PredictedCG_splitClauses_0":["10800000"],
"predicateGeneratorTime_Octagon_splitClauses_0":["10800000"],
"unlabeledTemplateNumber_RelationalEqs_splitClauses_1":["444"],
"clauseNumberAfterSimplification_Octagon_splitClauses_0":["57"],
"cegarIterationNumber_Random_splitClauses_0":["10800000"],
"solvability_PredictedCDHG_splitClauses_1":["10800000"],
"solvability_PredictedCG_splitClauses_0":["10800000"],
"solvingTime_PredictedCG_splitClauses_1":["10800000"],
"unlabeledSingleVariableTemplatesNumber_Unlabeled_splitClauses_0":["192"],
"unlabeledTemplateNumber_Unlabeled_splitClauses_0":["444"],
"labeledTemplateRelationSymbolNumber_RelationalIneqs_splitClauses_0":["4"],
"minedTemplateNumber_Random_splitClauses_1":["72"],
"relationSymbolNumber_PredictedCG_splitClauses_0":["120"],
"generatedPredicateNumber_RelationalEqs_splitClauses_0":["10800000"],
"minedTemplateNumber_Term_splitClauses_0":["72"],
"solvingTime_All_splitClauses_1":["10800000"],
"minedSingleVariableTemplatesNumber_PredictedCG_splitClauses_0":["65"],
"smt2FileSizeByte_Term_splitClauses_1":["177753"],
"labeledBinaryVariableTemplatesNumber_All_splitClauses_0":["7"],
"minedTemplateNumber_PredictedCDHG_splitClauses_1":["72"],
"minedTemplateRelationSymbolNumber_PredictedCDHG_splitClauses_0":["22"],
"averagePredicateSize_Unlabeled_splitClauses_0":["10800000"],
"minedBinaryVariableTemplatesNumber_Octagon_splitClauses_1":["7"],
"unlabeledSingleVariableTemplatesNumber_Random_splitClauses_1":["192"],
"clauseNumberBeforeSimplification_Random_splitClauses_0":["323"],
"solvingTime_Unlabeled_splitClauses_1":["10800000"],
"predicateGeneratorTime_PredictedCDHG_splitClauses_1":["10800000"],
"averagePredicateSize_PredictedCDHG_splitClauses_0":["10800000"],
"minedBinaryVariableTemplatesNumber_Term_splitClauses_0":["7"],
"labeledTemplateNumber_RelationalIneqs_splitClauses_0":["10"],
"clauseNumberAfterSimplification_Random_splitClauses_0":["57"],
"clauseNumberAfterSimplification_PredictedCG_splitClauses_0":["57"],
"generatedPredicateNumber_Empty_splitClauses_1":["10800000"],
"clauseNumberBeforeSimplification_Octagon_splitClauses_0":["323"],
"unlabeledTemplateNumber_Empty_splitClauses_0":["444"],
"minedSingleVariableTemplatesNumber_All_splitClauses_0":["65"],
"labeledTemplateRelationSymbolNumber_Octagon_splitClauses_0":["4"],
"generatedPredicateNumber_Random_splitClauses_1":["10800000"],
"clauseNumberAfterSimplification_RelationalEqs_splitClauses_0":["57"],
"labeledBinaryVariableTemplatesNumber_Term_splitClauses_0":["7"],
"minedSingleVariableTemplatesNumber_RelationalEqs_splitClauses_0":["65"],
"minedTemplateNumber_Mined_splitClauses_0":["72"],
"averagePredicateSize_Octagon_splitClauses_0":["10800000"],
"unlabeledBinaryVariableTemplatesNumber_Empty_splitClauses_1":["252"],
"relationSymbolNumber_Unlabeled_splitClauses_0":["120"],
"unlabeledSingleVariableTemplatesNumber_PredictedCDHG_splitClauses_0":["192"],
"unlabeledSingleVariableTemplatesNumber_PredictedCG_splitClauses_1":["192"],
"labeledTemplateRelationSymbolNumber_Labeled_splitClauses_1":["4"],
"minedTemplateRelationSymbolNumber_Random_splitClauses_0":["22"],
"unlabeledTemplateRelationSymbolNumber_PredictedCG_splitClauses_0":["22"],
"unlabeledTemplateNumber_RelationalIneqs_splitClauses_0":["444"],
"unlabeledSingleVariableTemplatesNumber_Labeled_splitClauses_0":["192"],
"minedTemplateNumber_Unlabeled_splitClauses_1":["72"],
"generatedPredicateNumber_PredictedCG_splitClauses_0":["10800000"],
"labeledTemplateNumber_Unlabeled_splitClauses_1":["10"],
"unlabeledTemplateRelationSymbolNumber_Empty_splitClauses_1":["22"],
"clauseNumberBeforeSimplification_Empty_splitClauses_0":["323"],
"solvingTime_Octagon_splitClauses_1":["10800000"],
"cegarIterationNumber_Mined_splitClauses_1":["10"],
"clauseNumberBeforeSimplification_Mined_splitClauses_1":["323"],
"smt2FileSizeByte_PredictedCDHG_splitClauses_0":["177753"],
"averagePredicateSize_PredictedCG_splitClauses_0":["10800000"],
"solvingTime_Random_splitClauses_0":["10800000"],
"minedTemplateNumber_RelationalEqs_splitClauses_0":["72"],
"unlabeledSingleVariableTemplatesNumber_RelationalIneqs_splitClauses_0":["192"],
"unlabeledTemplateNumber_Unlabeled_splitClauses_1":["444"],
"labeledBinaryVariableTemplatesNumber_RelationalEqs_splitClauses_0":["7"],
"generatedPredicateNumber_PredictedCDHG_splitClauses_0":["10800000"],
"minedTemplateRelationSymbolNumber_Empty_splitClauses_1":["22"],
"predicateGeneratorTime_Random_splitClauses_1":["10800000"],
"labeledTemplateNumber_Term_splitClauses_1":["10"],
"minedSingleVariableTemplatesNumber_Empty_splitClauses_1":["65"],
"minedSingleVariableTemplatesNumber_RelationalIneqs_splitClauses_0":["65"],
"clauseNumberAfterSimplification_All_splitClauses_0":["57"],
"unlabeledBinaryVariableTemplatesNumber_RelationalEqs_splitClauses_0":["252"],
"cegarIterationNumber_RelationalEqs_splitClauses_0":["10800000"],
"labeledTemplateRelationSymbolNumber_PredictedCDHG_splitClauses_0":["4"],
"labeledSingleVariableTemplatesNumber_Labeled_splitClauses_1":["3"],
"unlabeledBinaryVariableTemplatesNumber_All_splitClauses_1":["252"],
"minedTemplateRelationSymbolNumber_Unlabeled_splitClauses_1":["22"],
"solvingTime_RelationalEqs_splitClauses_0":["10800000"],
"solvingTime_RelationalEqs_splitClauses_1":["10800000"],
"minedBinaryVariableTemplatesNumber_Mined_splitClauses_0":["7"],
"clauseNumberBeforeSimplification_All_splitClauses_0":["323"],
"clauseNumberBeforeSimplification_RelationalIneqs_splitClauses_1":["323"],
"labeledTemplateNumber_RelationalEqs_splitClauses_1":["10"],
"labeledBinaryVariableTemplatesNumber_RelationalIneqs_splitClauses_0":["7"],
"clauseNumberAfterSimplification_Empty_splitClauses_0":["57"],
"averagePredicateSize_Empty_splitClauses_0":["10800000"],
"relationSymbolNumber_PredictedCG_splitClauses_1":["120"],
"unlabeledTemplateNumber_Term_splitClauses_1":["444"],
"predicateGeneratorTime_Mined_splitClauses_1":["545"],
"relationSymbolNumber_Mined_splitClauses_0":["120"],
"labeledBinaryVariableTemplatesNumber_RelationalIneqs_splitClauses_1":["7"],
"predicateGeneratorTime_Unlabeled_splitClauses_0":["10800000"],
"generatedPredicateNumber_Mined_splitClauses_0":["10800000"],
"generatedPredicateNumber_RelationalEqs_splitClauses_1":["10800000"],
"labeledTemplateRelationSymbolNumber_PredictedCG_splitClauses_0":["4"],
"minedSingleVariableTemplatesNumber_PredictedCG_splitClauses_1":["65"],
"minedTemplateRelationSymbolNumber_PredictedCG_splitClauses_0":["22"],
"unlabeledTemplateRelationSymbolNumber_Labeled_splitClauses_0":["22"],
"solvability_Empty_splitClauses_1":["10800000"],
"averagePredicateSize_Term_splitClauses_0":["10800000"],
"cegarIterationNumber_Random_splitClauses_1":["10800000"],
"relationSymbolNumber_All_splitClauses_1":["120"],
"averagePredicateSize_Labeled_splitClauses_1":["10800000"],
"unlabeledBinaryVariableTemplatesNumber_Unlabeled_splitClauses_0":["252"],
"generatedPredicateNumber_Unlabeled_splitClauses_1":["10800000"],
"predicateGeneratorTime_All_splitClauses_0":["10800000"],
"unlabeledBinaryVariableTemplatesNumber_PredictedCDHG_splitClauses_1":["252"],
"clauseNumberBeforeSimplification_Labeled_splitClauses_1":["323"],
"minedBinaryVariableTemplatesNumber_Labeled_splitClauses_1":["7"],
"labeledSingleVariableTemplatesNumber_All_splitClauses_0":["3"],
"unlabeledTemplateRelationSymbolNumber_Mined_splitClauses_0":["22"],
"cegarIterationNumber_Octagon_splitClauses_1":["10800000"],
"labeledTemplateNumber_Octagon_splitClauses_0":["10"],
"labeledTemplateRelationSymbolNumber_All_splitClauses_1":["4"],
"smt2FileSizeByte_Empty_splitClauses_0":["177753"],
"relationSymbolNumber_RelationalIneqs_splitClauses_1":["120"],
"unlabeledTemplateNumber_Octagon_splitClauses_1":["444"],
"predicateGeneratorTime_RelationalEqs_splitClauses_0":["10800000"],
"unlabeledTemplateRelationSymbolNumber_RelationalIneqs_splitClauses_0":["22"],
"smt2FileSizeByte_RelationalEqs_splitClauses_1":["177753"],
"unlabeledTemplateNumber_Labeled_splitClauses_0":["444"],
"relationSymbolNumber_Random_splitClauses_1":["120"],
"minedSingleVariableTemplatesNumber_Labeled_splitClauses_0":["65"],
"solvingTime_PredictedCDHG_splitClauses_1":["10800000"],
"minedTemplateNumber_Octagon_splitClauses_1":["72"],
"clauseNumberBeforeSimplification_Mined_splitClauses_0":["323"],
"smt2FileSizeByte_All_splitClauses_0":["177753"],
"solvingTime_All_splitClauses_0":["10800000"],
"minedBinaryVariableTemplatesNumber_Term_splitClauses_1":["7"],
"unlabeledTemplateRelationSymbolNumber_Random_splitClauses_0":["22"],
"cegarIterationNumber_All_splitClauses_0":["10800000"],
"smt2FileSizeByte_RelationalEqs_splitClauses_0":["177753"],
"unlabeledSingleVariableTemplatesNumber_PredictedCDHG_splitClauses_1":["192"],
"clauseNumberBeforeSimplification_Labeled_splitClauses_0":["323"],
"cegarIterationNumber_PredictedCG_splitClauses_1":["10800000"],
"labeledTemplateRelationSymbolNumber_Unlabeled_splitClauses_0":["4"],
"unlabeledTemplateRelationSymbolNumber_Octagon_splitClauses_1":["22"],
"unlabeledTemplateNumber_Empty_splitClauses_1":["444"],
"clauseNumberBeforeSimplification_Octagon_splitClauses_1":["323"],
"labeledTemplateNumber_Unlabeled_splitClauses_0":["10"],
"labeledBinaryVariableTemplatesNumber_PredictedCG_splitClauses_0":["7"],
"solvability_Term_splitClauses_1":["10800000"],
"solvability_Octagon_splitClauses_0":["10800000"],
"minedTemplateRelationSymbolNumber_RelationalIneqs_splitClauses_0":["22"],
"clauseNumberBeforeSimplification_RelationalIneqs_splitClauses_0":["323"],
"labeledTemplateNumber_PredictedCG_splitClauses_0":["10"],
"cegarIterationNumber_Labeled_splitClauses_0":["10800000"],
"smt2FileSizeByte_Labeled_splitClauses_1":["177753"],
"clauseNumberBeforeSimplification_Unlabeled_splitClauses_1":["323"],
"generatedPredicateNumber_Term_splitClauses_1":["10800000"],
"solvingTime_Term_splitClauses_1":["10800000"],
"unlabeledBinaryVariableTemplatesNumber_Random_splitClauses_1":["252"],
"unlabeledSingleVariableTemplatesNumber_Octagon_splitClauses_0":["192"],
"solvingTime_Octagon_splitClauses_0":["10800000"],
"labeledSingleVariableTemplatesNumber_Mined_splitClauses_1":["3"],
"averagePredicateSize_Term_splitClauses_1":["10800000"],
"labeledTemplateNumber_Labeled_splitClauses_0":["10"],
"unlabeledSingleVariableTemplatesNumber_PredictedCG_splitClauses_0":["192"],
"smt2FileSizeByte_Mined_splitClauses_1":["177753"],
"labeledBinaryVariableTemplatesNumber_Unlabeled_splitClauses_1":["7"],
"labeledTemplateNumber_All_splitClauses_0":["10"],
"unlabeledTemplateNumber_Random_splitClauses_0":["444"],
"labeledTemplateNumber_Octagon_splitClauses_1":["10"],
"unlabeledTemplateNumber_PredictedCDHG_splitClauses_1":["444"],
"unlabeledBinaryVariableTemplatesNumber_Mined_splitClauses_0":["252"],
"minedTemplateRelationSymbolNumber_Mined_splitClauses_1":["22"],
"labeledTemplateNumber_RelationalIneqs_splitClauses_1":["10"],
"solvability_Term_splitClauses_0":["10800000"],
"relationSymbolNumber_Octagon_splitClauses_0":["120"],
"clauseNumberBeforeSimplification_PredictedCG_splitClauses_1":["323"],
"generatedPredicateNumber_Labeled_splitClauses_1":["10800000"],
"labeledSingleVariableTemplatesNumber_Unlabeled_splitClauses_0":["3"],
"unlabeledBinaryVariableTemplatesNumber_Empty_splitClauses_0":["252"],
"solvingTime_Mined_splitClauses_0":["10800000"],
"unlabeledTemplateNumber_All_splitClauses_1":["444"],
"clauseNumberAfterSimplification_Random_splitClauses_1":["57"],
"labeledBinaryVariableTemplatesNumber_Octagon_splitClauses_1":["7"],
"unlabeledBinaryVariableTemplatesNumber_Labeled_splitClauses_0":["252"],
"smt2FileSizeByte_Octagon_splitClauses_0":["177753"],
"labeledSingleVariableTemplatesNumber_Random_splitClauses_1":["3"],
"solvability_Unlabeled_splitClauses_0":["10800000"],
"solvingTime_Unlabeled_splitClauses_0":["10800000"],
"unlabeledTemplateRelationSymbolNumber_All_splitClauses_1":["22"],
"minedTemplateNumber_Empty_splitClauses_1":["72"],
"solvability_RelationalIneqs_splitClauses_0":["10800000"],
"unlabeledTemplateRelationSymbolNumber_Labeled_splitClauses_1":["22"],
"cegarIterationNumber_RelationalEqs_splitClauses_1":["10800000"],
"minedSingleVariableTemplatesNumber_RelationalEqs_splitClauses_1":["65"],
"clauseNumberAfterSimplification_PredictedCDHG_splitClauses_1":["57"],
"minedBinaryVariableTemplatesNumber_RelationalIneqs_splitClauses_1":["7"],
"unlabeledBinaryVariableTemplatesNumber_Mined_splitClauses_1":["252"],
"unlabeledBinaryVariableTemplatesNumber_PredictedCDHG_splitClauses_0":["252"],
"solvingTime_Empty_splitClauses_1":["10800000"],
"labeledTemplateRelationSymbolNumber_Empty_splitClauses_1":["4"],
"generatedPredicateNumber_Term_splitClauses_0":["10800000"],
"averagePredicateSize_Empty_splitClauses_1":["10800000"],
"generatedPredicateNumber_PredictedCG_splitClauses_1":["10800000"],
"labeledTemplateRelationSymbolNumber_PredictedCDHG_splitClauses_1":["4"],
"relationSymbolNumber_Mined_splitClauses_1":["120"],
"predicateGeneratorTime_Mined_splitClauses_0":["10800000"],
"predicateGeneratorTime_Labeled_splitClauses_0":["10800000"],
"labeledSingleVariableTemplatesNumber_Random_splitClauses_0":["3"],
"unlabeledTemplateRelationSymbolNumber_All_splitClauses_0":["22"],
"minedBinaryVariableTemplatesNumber_Labeled_splitClauses_0":["7"],
"generatedPredicateNumber_Labeled_splitClauses_0":["10800000"],
"relationSymbolNumber_Empty_splitClauses_0":["120"],
"solvingTime_Mined_splitClauses_1":["832"],
"minedSingleVariableTemplatesNumber_All_splitClauses_1":["65"],
"predicateGeneratorTime_Random_splitClauses_0":["10800000"],
"cegarIterationNumber_Term_splitClauses_1":["10800000"],
"labeledTemplateNumber_Empty_splitClauses_1":["10"],
"clauseNumberAfterSimplification_Empty_splitClauses_1":["57"],
"minedTemplateRelationSymbolNumber_Empty_splitClauses_0":["22"],
"unlabeledSingleVariableTemplatesNumber_Term_splitClauses_0":["192"],
"minedSingleVariableTemplatesNumber_Empty_splitClauses_0":["65"],
"minedTemplateRelationSymbolNumber_RelationalEqs_splitClauses_0":["22"],
"cegarIterationNumber_Empty_splitClauses_0":["10800000"],
"minedBinaryVariableTemplatesNumber_RelationalEqs_splitClauses_1":["7"],
"labeledSingleVariableTemplatesNumber_All_splitClauses_1":["3"],
"unlabeledTemplateRelationSymbolNumber_Octagon_splitClauses_0":["22"],
"minedTemplateRelationSymbolNumber_Unlabeled_splitClauses_0":["22"],
"labeledBinaryVariableTemplatesNumber_Mined_splitClauses_0":["7"],
"minedTemplateNumber_PredictedCG_splitClauses_1":["72"],
"cegarIterationNumber_Empty_splitClauses_1":["10800000"],
"averagePredicateSize_RelationalIneqs_splitClauses_0":["10800000"],
"solvability_All_splitClauses_1":["10800000"],
"unlabeledBinaryVariableTemplatesNumber_Term_splitClauses_1":["252"],
"relationSymbolNumber_PredictedCDHG_splitClauses_0":["120"],
"minedTemplateRelationSymbolNumber_Labeled_splitClauses_1":["22"],
"averagePredicateSize_Unlabeled_splitClauses_1":["10800000"],
"labeledTemplateNumber_Term_splitClauses_0":["10"],
"smt2FileSizeByte_Empty_splitClauses_1":["177753"],
"solvingTime_PredictedCG_splitClauses_0":["10800000"],
"relationSymbolNumber_Term_splitClauses_0":["120"],
"cegarIterationNumber_All_splitClauses_1":["10800000"],
"clauseNumberBeforeSimplification_Term_splitClauses_1":["323"],
"predicateGeneratorTime_Empty_splitClauses_0":["10800000"],
"averagePredicateSize_All_splitClauses_0":["10800000"],
"unlabeledBinaryVariableTemplatesNumber_Random_splitClauses_0":["252"],
"smt2FileSizeByte_Term_splitClauses_0":["177753"],
"averagePredicateSize_Mined_splitClauses_1":["1"],
"minedBinaryVariableTemplatesNumber_Empty_splitClauses_0":["7"],
"minedTemplateRelationSymbolNumber_All_splitClauses_1":["22"],
"labeledSingleVariableTemplatesNumber_PredictedCG_splitClauses_0":["3"],
"unlabeledBinaryVariableTemplatesNumber_RelationalIneqs_splitClauses_0":["252"],
"unlabeledSingleVariableTemplatesNumber_RelationalIneqs_splitClauses_1":["192"],
"clauseNumberAfterSimplification_RelationalIneqs_splitClauses_0":["57"],
"unlabeledTemplateNumber_RelationalEqs_splitClauses_0":["444"],
"unlabeledTemplateNumber_RelationalIneqs_splitClauses_1":["444"],
"labeledTemplateRelationSymbolNumber_PredictedCG_splitClauses_1":["4"],
"labeledTemplateRelationSymbolNumber_All_splitClauses_0":["4"],
"labeledSingleVariableTemplatesNumber_Octagon_splitClauses_0":["3"],
"dummyFiled":[]
}