{
"smt2FileSizeByte_All_splitClauses_1":["2942"],
"generatedPredicateNumber_All_splitClauses_1":["10800000"],
"unlabeledTemplateRelationSymbolNumber_PredictedCDHG_splitClauses_0":["1"],
"relationSymbolNumberBeforeSimplification_Unlabeled_splitClauses_1":["5"],
"predicateGeneratorTime_Term_splitClauses_0":["10800000"],
"averagePredicateSize_Random_splitClauses_1":["1"],
"labeledBinaryVariableTemplatesNumber_Labeled_splitClauses_1":["3"],
"clauseNumberBeforeSimplification_All_splitClauses_1":["3"],
"minedTemplateRelationSymbolNumber_Term_splitClauses_0":["1"],
"solvingTime_Labeled_splitClauses_1":["3080"],
"unlabeledTemplateNumber_Labeled_splitClauses_1":["34"],
"relationSymbolNumberAfterSimplification_All_splitClauses_1":["45"],
"minedTemplateRelationSymbolNumber_Octagon_splitClauses_1":["1"],
"clauseNumberAfterSimplification_Mined_splitClauses_1":["23"],
"relationSymbolNumberBeforeSimplification_Octagon_splitClauses_0":["5"],
"unlabeledBinaryVariableTemplatesNumber_Term_splitClauses_0":["18"],
"labeledTemplateNumber_PredictedCDHG_splitClauses_0":["8"],
"solvability_Empty_splitClauses_0":["10800000"],
"unlabeledTemplateRelationSymbolNumber_Random_splitClauses_1":["1"],
"labeledBinaryVariableTemplatesNumber_Octagon_splitClauses_0":["3"],
"relationSymbolNumberBeforeSimplification_Random_splitClauses_1":["5"],
"minedTemplateRelationSymbolNumber_Random_splitClauses_1":["1"],
"unlabeledSingleVariableTemplatesNumber_Mined_splitClauses_0":["16"],
"unlabeledBinaryVariableTemplatesNumber_PredictedCG_splitClauses_1":["18"],
"solvability_All_splitClauses_0":["10800000"],
"predicateGeneratorTime_RelationalEqs_splitClauses_1":["6598"],
"relationSymbolNumberBeforeSimplification_PredictedCDHG_splitClauses_1":["5"],
"smt2FileSizeByte_PredictedCG_splitClauses_1":["2942"],
"labeledSingleVariableTemplatesNumber_Unlabeled_splitClauses_1":["5"],
"labeledBinaryVariableTemplatesNumber_PredictedCG_splitClauses_1":["3"],
"minedBinaryVariableTemplatesNumber_PredictedCG_splitClauses_0":["3"],
"solvability_Random_splitClauses_0":["10800000"],
"relationSymbolNumberAfterSimplification_PredictedCG_splitClauses_1":["45"],
"clauseNumberBeforeSimplification_PredictedCDHG_splitClauses_1":["3"],
"labeledSingleVariableTemplatesNumber_Mined_splitClauses_0":["5"],
"solvability_Unlabeled_splitClauses_1":["1"],
"cegarIterationNumber_Labeled_splitClauses_1":["10"],
"smt2FileSizeByte_Mined_splitClauses_0":["2942"],
"relationSymbolNumberAfterSimplification_Mined_splitClauses_0":["45"],
"labeledSingleVariableTemplatesNumber_PredictedCG_splitClauses_1":["5"],
"smt2FileSizeByte_Octagon_splitClauses_1":["2942"],
"minedTemplateNumber_Labeled_splitClauses_1":["11"],
"labeledSingleVariableTemplatesNumber_RelationalIneqs_splitClauses_1":["5"],
"clauseNumberAfterSimplification_Labeled_splitClauses_1":["23"],
"relationSymbolNumberAfterSimplification_Labeled_splitClauses_0":["45"],
"smt2FileSizeByte_Random_splitClauses_0":["2942"],
"relationSymbolNumberAfterSimplification_PredictedCDHG_splitClauses_0":["45"],
"unlabeledTemplateRelationSymbolNumber_PredictedCDHG_splitClauses_1":["1"],
"labeledSingleVariableTemplatesNumber_Term_splitClauses_0":["5"],
"generatedPredicateNumber_PredictedCDHG_splitClauses_1":["10800000"],
"minedSingleVariableTemplatesNumber_Unlabeled_splitClauses_0":["8"],
"generatedPredicateNumber_Octagon_splitClauses_1":["22"],
"labeledSingleVariableTemplatesNumber_RelationalEqs_splitClauses_0":["5"],
"predicateGeneratorTime_PredictedCG_splitClauses_1":["10800000"],
"relationSymbolNumberAfterSimplification_Octagon_splitClauses_0":["45"],
"labeledTemplateNumber_Labeled_splitClauses_1":["8"],
"labeledSingleVariableTemplatesNumber_Empty_splitClauses_0":["5"],
"minedTemplateRelationSymbolNumber_RelationalIneqs_splitClauses_1":["1"],
"unlabeledSingleVariableTemplatesNumber_All_splitClauses_1":["16"],
"labeledBinaryVariableTemplatesNumber_PredictedCDHG_splitClauses_1":["3"],
"unlabeledSingleVariableTemplatesNumber_RelationalEqs_splitClauses_1":["16"],
"cegarIterationNumber_Term_splitClauses_0":["10800000"],
"unlabeledBinaryVariableTemplatesNumber_Labeled_splitClauses_1":["18"],
"unlabeledSingleVariableTemplatesNumber_Term_splitClauses_1":["16"],
"clauseNumberAfterSimplification_All_splitClauses_1":["23"],
"minedSingleVariableTemplatesNumber_Random_splitClauses_0":["8"],
"solvability_RelationalIneqs_splitClauses_1":["1"],
"minedTemplateNumber_Labeled_splitClauses_0":["11"],
"minedSingleVariableTemplatesNumber_Octagon_splitClauses_0":["8"],
"minedSingleVariableTemplatesNumber_Term_splitClauses_1":["8"],
"minedBinaryVariableTemplatesNumber_PredictedCDHG_splitClauses_1":["3"],
"generatedPredicateNumber_Mined_splitClauses_1":["14"],
"labeledSingleVariableTemplatesNumber_RelationalIneqs_splitClauses_0":["5"],
"averagePredicateSize_Mined_splitClauses_0":["10800000"],
"cegarIterationNumber_Unlabeled_splitClauses_0":["10800000"],
"minedBinaryVariableTemplatesNumber_Random_splitClauses_0":["3"],
"labeledTemplateNumber_Mined_splitClauses_1":["8"],
"labeledBinaryVariableTemplatesNumber_Random_splitClauses_0":["3"],
"unlabeledTemplateRelationSymbolNumber_Unlabeled_splitClauses_1":["1"],
"cegarIterationNumber_Mined_splitClauses_0":["10800000"],
"minedTemplateRelationSymbolNumber_Labeled_splitClauses_0":["1"],
"unlabeledBinaryVariableTemplatesNumber_RelationalIneqs_splitClauses_1":["18"],
"unlabeledBinaryVariableTemplatesNumber_Octagon_splitClauses_0":["18"],
"solvability_Mined_splitClauses_0":["10800000"],
"averagePredicateSize_RelationalEqs_splitClauses_0":["10800000"],
"clauseNumberAfterSimplification_Term_splitClauses_0":["23"],
"unlabeledTemplateNumber_Mined_splitClauses_0":["34"],
"relationSymbolNumberAfterSimplification_Random_splitClauses_1":["45"],
"unlabeledTemplateNumber_PredictedCDHG_splitClauses_0":["34"],
"cegarIterationNumber_RelationalIneqs_splitClauses_1":["8"],
"minedBinaryVariableTemplatesNumber_Unlabeled_splitClauses_1":["3"],
"labeledTemplateNumber_PredictedCG_splitClauses_1":["8"],
"labeledTemplateRelationSymbolNumber_Mined_splitClauses_0":["1"],
"labeledBinaryVariableTemplatesNumber_Mined_splitClauses_1":["3"],
"relationSymbolNumberBeforeSimplification_Mined_splitClauses_0":["5"],
"relationSymbolNumberBeforeSimplification_RelationalIneqs_splitClauses_0":["5"],
"clauseNumberAfterSimplification_RelationalIneqs_splitClauses_1":["23"],
"minedSingleVariableTemplatesNumber_PredictedCDHG_splitClauses_0":["8"],
"solvability_Labeled_splitClauses_1":["1"],
"labeledSingleVariableTemplatesNumber_Octagon_splitClauses_1":["5"],
"averagePredicateSize_Random_splitClauses_0":["10800000"],
"smt2FileSizeByte_RelationalIneqs_splitClauses_0":["2942"],
"generatedPredicateNumber_Unlabeled_splitClauses_0":["10800000"],
"solvability_RelationalEqs_splitClauses_0":["10800000"],
"predicateGeneratorTime_Empty_splitClauses_1":["332"],
"minedSingleVariableTemplatesNumber_Mined_splitClauses_0":["8"],
"relationSymbolNumberAfterSimplification_Unlabeled_splitClauses_0":["45"],
"minedTemplateRelationSymbolNumber_PredictedCDHG_splitClauses_1":["1"],
"minedTemplateNumber_PredictedCG_splitClauses_0":["11"],
"averagePredicateSize_RelationalIneqs_splitClauses_1":["1"],
"labeledTemplateRelationSymbolNumber_Random_splitClauses_1":["1"],
"minedTemplateNumber_RelationalIneqs_splitClauses_0":["11"],
"predicateGeneratorTime_RelationalIneqs_splitClauses_0":["10800000"],
"labeledTemplateRelationSymbolNumber_Empty_splitClauses_0":["1"],
"minedBinaryVariableTemplatesNumber_Octagon_splitClauses_0":["3"],
"labeledSingleVariableTemplatesNumber_Term_splitClauses_1":["5"],
"labeledBinaryVariableTemplatesNumber_Empty_splitClauses_0":["3"],
"minedTemplateNumber_Octagon_splitClauses_0":["11"],
"labeledBinaryVariableTemplatesNumber_Unlabeled_splitClauses_0":["3"],
"relationSymbolNumberBeforeSimplification_Empty_splitClauses_0":["5"],
"clauseNumberAfterSimplification_PredictedCDHG_splitClauses_0":["23"],
"smt2FileSizeByte_PredictedCG_splitClauses_0":["2942"],
"minedBinaryVariableTemplatesNumber_RelationalEqs_splitClauses_0":["3"],
"relationSymbolNumberBeforeSimplification_Unlabeled_splitClauses_0":["5"],
"labeledTemplateRelationSymbolNumber_RelationalEqs_splitClauses_1":["1"],
"minedBinaryVariableTemplatesNumber_Random_splitClauses_1":["3"],
"clauseNumberAfterSimplification_Unlabeled_splitClauses_1":["23"],
"minedSingleVariableTemplatesNumber_PredictedCDHG_splitClauses_1":["8"],
"labeledBinaryVariableTemplatesNumber_Term_splitClauses_1":["3"],
"clauseNumberBeforeSimplification_Empty_splitClauses_1":["3"],
"relationSymbolNumberAfterSimplification_Octagon_splitClauses_1":["45"],
"relationSymbolNumberAfterSimplification_Term_splitClauses_0":["45"],
"minedBinaryVariableTemplatesNumber_Mined_splitClauses_1":["3"],
"unlabeledBinaryVariableTemplatesNumber_Unlabeled_splitClauses_1":["18"],
"relationSymbolNumberBeforeSimplification_Random_splitClauses_0":["5"],
"relationSymbolNumberAfterSimplification_PredictedCDHG_splitClauses_1":["45"],
"unlabeledTemplateNumber_PredictedCG_splitClauses_1":["34"],
"generatedPredicateNumber_Empty_splitClauses_0":["10800000"],
"predicateGeneratorTime_RelationalIneqs_splitClauses_1":["7993"],
"unlabeledSingleVariableTemplatesNumber_Empty_splitClauses_0":["16"],
"cegarIterationNumber_Octagon_splitClauses_0":["10800000"],
"clauseNumberAfterSimplification_Octagon_splitClauses_1":["23"],
"unlabeledSingleVariableTemplatesNumber_Labeled_splitClauses_1":["16"],
"clauseNumberBeforeSimplification_Random_splitClauses_1":["3"],
"minedTemplateRelationSymbolNumber_All_splitClauses_0":["1"],
"unlabeledTemplateRelationSymbolNumber_RelationalEqs_splitClauses_0":["1"],
"minedSingleVariableTemplatesNumber_Unlabeled_splitClauses_1":["8"],
"clauseNumberBeforeSimplification_RelationalEqs_splitClauses_0":["3"],
"minedTemplateNumber_Unlabeled_splitClauses_0":["11"],
"generatedPredicateNumber_Octagon_splitClauses_0":["10800000"],
"predicateGeneratorTime_PredictedCDHG_splitClauses_0":["10800000"],
"clauseNumberAfterSimplification_PredictedCG_splitClauses_1":["23"],
"labeledSingleVariableTemplatesNumber_RelationalEqs_splitClauses_1":["5"],
"smt2FileSizeByte_Random_splitClauses_1":["2942"],
"averagePredicateSize_PredictedCG_splitClauses_1":["10800000"],
"cegarIterationNumber_PredictedCDHG_splitClauses_1":["10800000"],
"clauseNumberAfterSimplification_RelationalEqs_splitClauses_1":["23"],
"minedBinaryVariableTemplatesNumber_Empty_splitClauses_1":["3"],
"relationSymbolNumberAfterSimplification_RelationalEqs_splitClauses_1":["45"],
"minedTemplateNumber_PredictedCDHG_splitClauses_0":["11"],
"labeledBinaryVariableTemplatesNumber_All_splitClauses_1":["3"],
"solvingTime_RelationalIneqs_splitClauses_1":["8623"],
"unlabeledTemplateRelationSymbolNumber_RelationalEqs_splitClauses_1":["1"],
"smt2FileSizeByte_Unlabeled_splitClauses_0":["2942"],
"relationSymbolNumberBeforeSimplification_Mined_splitClauses_1":["5"],
"relationSymbolNumberAfterSimplification_Mined_splitClauses_1":["45"],
"generatedPredicateNumber_All_splitClauses_0":["10800000"],
"relationSymbolNumberBeforeSimplification_Octagon_splitClauses_1":["5"],
"predicateGeneratorTime_Octagon_splitClauses_1":["5367"],
"solvability_Mined_splitClauses_1":["1"],
"minedTemplateRelationSymbolNumber_Term_splitClauses_1":["1"],
"clauseNumberAfterSimplification_Mined_splitClauses_0":["23"],
"solvability_PredictedCDHG_splitClauses_0":["10800000"],
"solvingTime_Empty_splitClauses_0":["10800000"],
"unlabeledSingleVariableTemplatesNumber_Unlabeled_splitClauses_1":["16"],
"minedTemplateNumber_Term_splitClauses_1":["11"],
"averagePredicateSize_Octagon_splitClauses_1":["1"],
"unlabeledSingleVariableTemplatesNumber_Octagon_splitClauses_1":["16"],
"minedTemplateRelationSymbolNumber_RelationalEqs_splitClauses_1":["1"],
"relationSymbolNumberBeforeSimplification_All_splitClauses_1":["5"],
"minedBinaryVariableTemplatesNumber_RelationalIneqs_splitClauses_0":["3"],
"predicateGeneratorTime_Term_splitClauses_1":["1657"],
"solvingTime_Labeled_splitClauses_0":["10800000"],
"unlabeledBinaryVariableTemplatesNumber_PredictedCG_splitClauses_0":["18"],
"minedTemplateNumber_All_splitClauses_0":["11"],
"predicateGeneratorTime_Labeled_splitClauses_1":["2399"],
"unlabeledTemplateRelationSymbolNumber_Empty_splitClauses_0":["1"],
"unlabeledTemplateNumber_Mined_splitClauses_1":["34"],
"solvability_PredictedCG_splitClauses_1":["10800000"],
"unlabeledTemplateNumber_Term_splitClauses_0":["34"],
"minedBinaryVariableTemplatesNumber_PredictedCG_splitClauses_1":["3"],
"labeledSingleVariableTemplatesNumber_PredictedCDHG_splitClauses_0":["5"],
"minedBinaryVariableTemplatesNumber_All_splitClauses_0":["3"],
"averagePredicateSize_PredictedCDHG_splitClauses_1":["10800000"],
"predicateGeneratorTime_PredictedCG_splitClauses_0":["10800000"],
"generatedPredicateNumber_RelationalIneqs_splitClauses_0":["10800000"],
"labeledTemplateNumber_Empty_splitClauses_0":["8"],
"relationSymbolNumberAfterSimplification_RelationalIneqs_splitClauses_1":["45"],
"unlabeledTemplateRelationSymbolNumber_Term_splitClauses_0":["1"],
"minedTemplateNumber_All_splitClauses_1":["11"],
"labeledSingleVariableTemplatesNumber_Empty_splitClauses_1":["5"],
"minedBinaryVariableTemplatesNumber_Unlabeled_splitClauses_0":["3"],
"labeledTemplateNumber_Random_splitClauses_0":["8"],
"minedBinaryVariableTemplatesNumber_All_splitClauses_1":["3"],
"unlabeledSingleVariableTemplatesNumber_All_splitClauses_0":["16"],
"relationSymbolNumberBeforeSimplification_Labeled_splitClauses_1":["5"],
"smt2FileSizeByte_PredictedCDHG_splitClauses_1":["2942"],
"labeledBinaryVariableTemplatesNumber_PredictedCDHG_splitClauses_0":["3"],
"averagePredicateSize_RelationalEqs_splitClauses_1":["1"],
"minedSingleVariableTemplatesNumber_Term_splitClauses_0":["8"],
"labeledTemplateRelationSymbolNumber_Term_splitClauses_1":["1"],
"generatedPredicateNumber_Random_splitClauses_0":["10800000"],
"labeledBinaryVariableTemplatesNumber_Empty_splitClauses_1":["3"],
"relationSymbolNumberAfterSimplification_Term_splitClauses_1":["45"],
"clauseNumberAfterSimplification_Labeled_splitClauses_0":["23"],
"labeledSingleVariableTemplatesNumber_Labeled_splitClauses_0":["5"],
"minedTemplateNumber_Mined_splitClauses_1":["11"],
"labeledTemplateRelationSymbolNumber_Labeled_splitClauses_0":["1"],
"unlabeledTemplateRelationSymbolNumber_Mined_splitClauses_1":["1"],
"solvability_Labeled_splitClauses_0":["10800000"],
"minedTemplateNumber_RelationalEqs_splitClauses_1":["11"],
"solvingTime_Random_splitClauses_1":["1702"],
"minedTemplateNumber_Random_splitClauses_0":["11"],
"cegarIterationNumber_Unlabeled_splitClauses_1":["10"],
"minedTemplateNumber_RelationalIneqs_splitClauses_1":["11"],
"unlabeledBinaryVariableTemplatesNumber_Octagon_splitClauses_1":["18"],
"minedSingleVariableTemplatesNumber_Octagon_splitClauses_1":["8"],
"minedSingleVariableTemplatesNumber_Random_splitClauses_1":["8"],
"averagePredicateSize_All_splitClauses_1":["10800000"],
"minedTemplateNumber_Empty_splitClauses_0":["11"],
"labeledTemplateNumber_Mined_splitClauses_0":["8"],
"unlabeledBinaryVariableTemplatesNumber_All_splitClauses_0":["18"],
"relationSymbolNumberAfterSimplification_Labeled_splitClauses_1":["45"],
"labeledSingleVariableTemplatesNumber_PredictedCDHG_splitClauses_1":["5"],
"minedSingleVariableTemplatesNumber_Mined_splitClauses_1":["8"],
"labeledTemplateRelationSymbolNumber_Term_splitClauses_0":["1"],
"unlabeledTemplateRelationSymbolNumber_Term_splitClauses_1":["1"],
"predicateGeneratorTime_All_splitClauses_1":["10800000"],
"unlabeledSingleVariableTemplatesNumber_Random_splitClauses_0":["16"],
"predicateGeneratorTime_Unlabeled_splitClauses_1":["7392"],
"cegarIterationNumber_PredictedCDHG_splitClauses_0":["10800000"],
"labeledTemplateNumber_RelationalEqs_splitClauses_0":["8"],
"labeledTemplateRelationSymbolNumber_Mined_splitClauses_1":["1"],
"labeledTemplateRelationSymbolNumber_Random_splitClauses_0":["1"],
"labeledBinaryVariableTemplatesNumber_RelationalEqs_splitClauses_1":["3"],
"generatedPredicateNumber_RelationalIneqs_splitClauses_1":["26"],
"unlabeledTemplateRelationSymbolNumber_PredictedCG_splitClauses_1":["1"],
"unlabeledSingleVariableTemplatesNumber_RelationalEqs_splitClauses_0":["16"],
"labeledBinaryVariableTemplatesNumber_Labeled_splitClauses_0":["3"],
"minedBinaryVariableTemplatesNumber_PredictedCDHG_splitClauses_0":["3"],
"unlabeledTemplateRelationSymbolNumber_Unlabeled_splitClauses_0":["1"],
"clauseNumberAfterSimplification_Term_splitClauses_1":["23"],
"unlabeledTemplateNumber_Octagon_splitClauses_0":["34"],
"unlabeledBinaryVariableTemplatesNumber_RelationalEqs_splitClauses_1":["18"],
"unlabeledTemplateNumber_PredictedCG_splitClauses_0":["34"],
"unlabeledTemplateNumber_All_splitClauses_0":["34"],
"labeledTemplateRelationSymbolNumber_RelationalIneqs_splitClauses_1":["1"],
"unlabeledSingleVariableTemplatesNumber_Mined_splitClauses_1":["16"],
"labeledTemplateRelationSymbolNumber_Unlabeled_splitClauses_1":["1"],
"labeledBinaryVariableTemplatesNumber_Random_splitClauses_1":["3"],
"solvability_Random_splitClauses_1":["1"],
"solvingTime_Term_splitClauses_0":["10800000"],
"minedSingleVariableTemplatesNumber_Labeled_splitClauses_1":["8"],
"clauseNumberBeforeSimplification_Term_splitClauses_0":["3"],
"relationSymbolNumberBeforeSimplification_RelationalIneqs_splitClauses_1":["5"],
"minedTemplateRelationSymbolNumber_Mined_splitClauses_0":["1"],
"solvability_Octagon_splitClauses_1":["1"],
"minedSingleVariableTemplatesNumber_RelationalIneqs_splitClauses_1":["8"],
"smt2FileSizeByte_Labeled_splitClauses_0":["2942"],
"solvability_RelationalEqs_splitClauses_1":["1"],
"unlabeledSingleVariableTemplatesNumber_Empty_splitClauses_1":["16"],
"labeledTemplateNumber_PredictedCDHG_splitClauses_1":["8"],
"minedTemplateRelationSymbolNumber_Octagon_splitClauses_0":["1"],
"clauseNumberAfterSimplification_Unlabeled_splitClauses_0":["23"],
"clauseNumberBeforeSimplification_Unlabeled_splitClauses_0":["3"],
"clauseNumberBeforeSimplification_PredictedCDHG_splitClauses_0":["3"],
"cegarIterationNumber_RelationalIneqs_splitClauses_0":["10800000"],
"labeledTemplateRelationSymbolNumber_RelationalEqs_splitClauses_0":["1"],
"averagePredicateSize_Labeled_splitClauses_0":["10800000"],
"smt2FileSizeByte_RelationalIneqs_splitClauses_1":["2942"],
"clauseNumberBeforeSimplification_RelationalEqs_splitClauses_1":["3"],
"unlabeledTemplateRelationSymbolNumber_RelationalIneqs_splitClauses_1":["1"],
"clauseNumberBeforeSimplification_PredictedCG_splitClauses_0":["3"],
"solvingTime_PredictedCDHG_splitClauses_0":["10800000"],
"labeledTemplateRelationSymbolNumber_Octagon_splitClauses_1":["1"],
"minedTemplateRelationSymbolNumber_PredictedCG_splitClauses_1":["1"],
"relationSymbolNumberBeforeSimplification_RelationalEqs_splitClauses_1":["5"],
"labeledTemplateNumber_Random_splitClauses_1":["8"],
"solvingTime_RelationalIneqs_splitClauses_0":["10800000"],
"labeledTemplateNumber_All_splitClauses_1":["8"],
"unlabeledTemplateNumber_Random_splitClauses_1":["34"],
"relationSymbolNumberBeforeSimplification_All_splitClauses_0":["5"],
"smt2FileSizeByte_Unlabeled_splitClauses_1":["2942"],
"cegarIterationNumber_PredictedCG_splitClauses_0":["10800000"],
"predicateGeneratorTime_Octagon_splitClauses_0":["10800000"],
"unlabeledTemplateNumber_RelationalEqs_splitClauses_1":["34"],
"clauseNumberAfterSimplification_Octagon_splitClauses_0":["23"],
"cegarIterationNumber_Random_splitClauses_0":["10800000"],
"solvability_PredictedCDHG_splitClauses_1":["10800000"],
"solvability_PredictedCG_splitClauses_0":["10800000"],
"solvingTime_PredictedCG_splitClauses_1":["10800000"],
"unlabeledSingleVariableTemplatesNumber_Unlabeled_splitClauses_0":["16"],
"unlabeledTemplateNumber_Unlabeled_splitClauses_0":["34"],
"labeledTemplateRelationSymbolNumber_RelationalIneqs_splitClauses_0":["1"],
"minedTemplateNumber_Random_splitClauses_1":["11"],
"generatedPredicateNumber_RelationalEqs_splitClauses_0":["10800000"],
"minedTemplateNumber_Term_splitClauses_0":["11"],
"solvingTime_All_splitClauses_1":["10800000"],
"minedSingleVariableTemplatesNumber_PredictedCG_splitClauses_0":["8"],
"smt2FileSizeByte_Term_splitClauses_1":["2942"],
"labeledBinaryVariableTemplatesNumber_All_splitClauses_0":["3"],
"minedTemplateNumber_PredictedCDHG_splitClauses_1":["11"],
"minedTemplateRelationSymbolNumber_PredictedCDHG_splitClauses_0":["1"],
"averagePredicateSize_Unlabeled_splitClauses_0":["10800000"],
"minedBinaryVariableTemplatesNumber_Octagon_splitClauses_1":["3"],
"unlabeledSingleVariableTemplatesNumber_Random_splitClauses_1":["16"],
"clauseNumberBeforeSimplification_Random_splitClauses_0":["3"],
"solvingTime_Unlabeled_splitClauses_1":["7906"],
"predicateGeneratorTime_PredictedCDHG_splitClauses_1":["10800000"],
"averagePredicateSize_PredictedCDHG_splitClauses_0":["10800000"],
"relationSymbolNumberAfterSimplification_RelationalEqs_splitClauses_0":["45"],
"minedBinaryVariableTemplatesNumber_Term_splitClauses_0":["3"],
"labeledTemplateNumber_RelationalIneqs_splitClauses_0":["8"],
"clauseNumberAfterSimplification_Random_splitClauses_0":["23"],
"clauseNumberAfterSimplification_PredictedCG_splitClauses_0":["23"],
"generatedPredicateNumber_Empty_splitClauses_1":["14"],
"clauseNumberBeforeSimplification_Octagon_splitClauses_0":["3"],
"unlabeledTemplateNumber_Empty_splitClauses_0":["34"],
"minedSingleVariableTemplatesNumber_All_splitClauses_0":["8"],
"labeledTemplateRelationSymbolNumber_Octagon_splitClauses_0":["1"],
"generatedPredicateNumber_Random_splitClauses_1":["14"],
"clauseNumberAfterSimplification_RelationalEqs_splitClauses_0":["23"],
"labeledBinaryVariableTemplatesNumber_Term_splitClauses_0":["3"],
"minedSingleVariableTemplatesNumber_RelationalEqs_splitClauses_0":["8"],
"minedTemplateNumber_Mined_splitClauses_0":["11"],
"relationSymbolNumberBeforeSimplification_PredictedCG_splitClauses_0":["5"],
"averagePredicateSize_Octagon_splitClauses_0":["10800000"],
"unlabeledBinaryVariableTemplatesNumber_Empty_splitClauses_1":["18"],
"unlabeledSingleVariableTemplatesNumber_PredictedCDHG_splitClauses_0":["16"],
"unlabeledSingleVariableTemplatesNumber_PredictedCG_splitClauses_1":["16"],
"labeledTemplateRelationSymbolNumber_Labeled_splitClauses_1":["1"],
"minedTemplateRelationSymbolNumber_Random_splitClauses_0":["1"],
"unlabeledTemplateRelationSymbolNumber_PredictedCG_splitClauses_0":["1"],
"unlabeledTemplateNumber_RelationalIneqs_splitClauses_0":["34"],
"unlabeledSingleVariableTemplatesNumber_Labeled_splitClauses_0":["16"],
"relationSymbolNumberAfterSimplification_PredictedCG_splitClauses_0":["45"],
"minedTemplateNumber_Unlabeled_splitClauses_1":["11"],
"generatedPredicateNumber_PredictedCG_splitClauses_0":["10800000"],
"labeledTemplateNumber_Unlabeled_splitClauses_1":["8"],
"unlabeledTemplateRelationSymbolNumber_Empty_splitClauses_1":["1"],
"clauseNumberBeforeSimplification_Empty_splitClauses_0":["3"],
"solvingTime_Octagon_splitClauses_1":["5775"],
"cegarIterationNumber_Mined_splitClauses_1":["9"],
"clauseNumberBeforeSimplification_Mined_splitClauses_1":["3"],
"smt2FileSizeByte_PredictedCDHG_splitClauses_0":["2942"],
"averagePredicateSize_PredictedCG_splitClauses_0":["10800000"],
"solvingTime_Random_splitClauses_0":["10800000"],
"minedTemplateNumber_RelationalEqs_splitClauses_0":["11"],
"unlabeledSingleVariableTemplatesNumber_RelationalIneqs_splitClauses_0":["16"],
"unlabeledTemplateNumber_Unlabeled_splitClauses_1":["34"],
"labeledBinaryVariableTemplatesNumber_RelationalEqs_splitClauses_0":["3"],
"generatedPredicateNumber_PredictedCDHG_splitClauses_0":["10800000"],
"relationSymbolNumberAfterSimplification_RelationalIneqs_splitClauses_0":["45"],
"minedTemplateRelationSymbolNumber_Empty_splitClauses_1":["1"],
"predicateGeneratorTime_Random_splitClauses_1":["1082"],
"labeledTemplateNumber_Term_splitClauses_1":["8"],
"relationSymbolNumberBeforeSimplification_RelationalEqs_splitClauses_0":["5"],
"minedSingleVariableTemplatesNumber_Empty_splitClauses_1":["8"],
"minedSingleVariableTemplatesNumber_RelationalIneqs_splitClauses_0":["8"],
"clauseNumberAfterSimplification_All_splitClauses_0":["23"],
"unlabeledBinaryVariableTemplatesNumber_RelationalEqs_splitClauses_0":["18"],
"cegarIterationNumber_RelationalEqs_splitClauses_0":["10800000"],
"labeledTemplateRelationSymbolNumber_PredictedCDHG_splitClauses_0":["1"],
"labeledSingleVariableTemplatesNumber_Labeled_splitClauses_1":["5"],
"unlabeledBinaryVariableTemplatesNumber_All_splitClauses_1":["18"],
"minedTemplateRelationSymbolNumber_Unlabeled_splitClauses_1":["1"],
"solvingTime_RelationalEqs_splitClauses_0":["10800000"],
"solvingTime_RelationalEqs_splitClauses_1":["6959"],
"minedBinaryVariableTemplatesNumber_Mined_splitClauses_0":["3"],
"clauseNumberBeforeSimplification_All_splitClauses_0":["3"],
"clauseNumberBeforeSimplification_RelationalIneqs_splitClauses_1":["3"],
"labeledTemplateNumber_RelationalEqs_splitClauses_1":["8"],
"labeledBinaryVariableTemplatesNumber_RelationalIneqs_splitClauses_0":["3"],
"relationSymbolNumberBeforeSimplification_Labeled_splitClauses_0":["5"],
"clauseNumberAfterSimplification_Empty_splitClauses_0":["23"],
"averagePredicateSize_Empty_splitClauses_0":["10800000"],
"unlabeledTemplateNumber_Term_splitClauses_1":["34"],
"predicateGeneratorTime_Mined_splitClauses_1":["3371"],
"labeledBinaryVariableTemplatesNumber_RelationalIneqs_splitClauses_1":["3"],
"predicateGeneratorTime_Unlabeled_splitClauses_0":["10800000"],
"relationSymbolNumberAfterSimplification_Empty_splitClauses_0":["45"],
"generatedPredicateNumber_Mined_splitClauses_0":["10800000"],
"generatedPredicateNumber_RelationalEqs_splitClauses_1":["26"],
"labeledTemplateRelationSymbolNumber_PredictedCG_splitClauses_0":["1"],
"minedSingleVariableTemplatesNumber_PredictedCG_splitClauses_1":["8"],
"minedTemplateRelationSymbolNumber_PredictedCG_splitClauses_0":["1"],
"unlabeledTemplateRelationSymbolNumber_Labeled_splitClauses_0":["1"],
"solvability_Empty_splitClauses_1":["1"],
"averagePredicateSize_Term_splitClauses_0":["10800000"],
"cegarIterationNumber_Random_splitClauses_1":["10"],
"averagePredicateSize_Labeled_splitClauses_1":["1"],
"unlabeledBinaryVariableTemplatesNumber_Unlabeled_splitClauses_0":["18"],
"generatedPredicateNumber_Unlabeled_splitClauses_1":["14"],
"predicateGeneratorTime_All_splitClauses_0":["10800000"],
"unlabeledBinaryVariableTemplatesNumber_PredictedCDHG_splitClauses_1":["18"],
"clauseNumberBeforeSimplification_Labeled_splitClauses_1":["3"],
"minedBinaryVariableTemplatesNumber_Labeled_splitClauses_1":["3"],
"labeledSingleVariableTemplatesNumber_All_splitClauses_0":["5"],
"unlabeledTemplateRelationSymbolNumber_Mined_splitClauses_0":["1"],
"cegarIterationNumber_Octagon_splitClauses_1":["8"],
"labeledTemplateNumber_Octagon_splitClauses_0":["8"],
"labeledTemplateRelationSymbolNumber_All_splitClauses_1":["1"],
"smt2FileSizeByte_Empty_splitClauses_0":["2942"],
"unlabeledTemplateNumber_Octagon_splitClauses_1":["34"],
"predicateGeneratorTime_RelationalEqs_splitClauses_0":["10800000"],
"unlabeledTemplateRelationSymbolNumber_RelationalIneqs_splitClauses_0":["1"],
"smt2FileSizeByte_RelationalEqs_splitClauses_1":["2942"],
"unlabeledTemplateNumber_Labeled_splitClauses_0":["34"],
"minedSingleVariableTemplatesNumber_Labeled_splitClauses_0":["8"],
"solvingTime_PredictedCDHG_splitClauses_1":["10800000"],
"relationSymbolNumberBeforeSimplification_Term_splitClauses_1":["5"],
"minedTemplateNumber_Octagon_splitClauses_1":["11"],
"clauseNumberBeforeSimplification_Mined_splitClauses_0":["3"],
"smt2FileSizeByte_All_splitClauses_0":["2942"],
"solvingTime_All_splitClauses_0":["10800000"],
"minedBinaryVariableTemplatesNumber_Term_splitClauses_1":["3"],
"unlabeledTemplateRelationSymbolNumber_Random_splitClauses_0":["1"],
"cegarIterationNumber_All_splitClauses_0":["10800000"],
"smt2FileSizeByte_RelationalEqs_splitClauses_0":["2942"],
"unlabeledSingleVariableTemplatesNumber_PredictedCDHG_splitClauses_1":["16"],
"clauseNumberBeforeSimplification_Labeled_splitClauses_0":["3"],
"cegarIterationNumber_PredictedCG_splitClauses_1":["10800000"],
"labeledTemplateRelationSymbolNumber_Unlabeled_splitClauses_0":["1"],
"unlabeledTemplateRelationSymbolNumber_Octagon_splitClauses_1":["1"],
"unlabeledTemplateNumber_Empty_splitClauses_1":["34"],
"clauseNumberBeforeSimplification_Octagon_splitClauses_1":["3"],
"labeledTemplateNumber_Unlabeled_splitClauses_0":["8"],
"labeledBinaryVariableTemplatesNumber_PredictedCG_splitClauses_0":["3"],
"solvability_Term_splitClauses_1":["1"],
"solvability_Octagon_splitClauses_0":["10800000"],
"minedTemplateRelationSymbolNumber_RelationalIneqs_splitClauses_0":["1"],
"clauseNumberBeforeSimplification_RelationalIneqs_splitClauses_0":["3"],
"labeledTemplateNumber_PredictedCG_splitClauses_0":["8"],
"cegarIterationNumber_Labeled_splitClauses_0":["10800000"],
"smt2FileSizeByte_Labeled_splitClauses_1":["2942"],
"clauseNumberBeforeSimplification_Unlabeled_splitClauses_1":["3"],
"generatedPredicateNumber_Term_splitClauses_1":["14"],
"solvingTime_Term_splitClauses_1":["2235"],
"unlabeledBinaryVariableTemplatesNumber_Random_splitClauses_1":["18"],
"unlabeledSingleVariableTemplatesNumber_Octagon_splitClauses_0":["16"],
"solvingTime_Octagon_splitClauses_0":["10800000"],
"labeledSingleVariableTemplatesNumber_Mined_splitClauses_1":["5"],
"averagePredicateSize_Term_splitClauses_1":["1"],
"labeledTemplateNumber_Labeled_splitClauses_0":["8"],
"unlabeledSingleVariableTemplatesNumber_PredictedCG_splitClauses_0":["16"],
"smt2FileSizeByte_Mined_splitClauses_1":["2942"],
"labeledBinaryVariableTemplatesNumber_Unlabeled_splitClauses_1":["3"],
"labeledTemplateNumber_All_splitClauses_0":["8"],
"unlabeledTemplateNumber_Random_splitClauses_0":["34"],
"labeledTemplateNumber_Octagon_splitClauses_1":["8"],
"unlabeledTemplateNumber_PredictedCDHG_splitClauses_1":["34"],
"unlabeledBinaryVariableTemplatesNumber_Mined_splitClauses_0":["18"],
"minedTemplateRelationSymbolNumber_Mined_splitClauses_1":["1"],
"labeledTemplateNumber_RelationalIneqs_splitClauses_1":["8"],
"relationSymbolNumberAfterSimplification_All_splitClauses_0":["45"],
"relationSymbolNumberBeforeSimplification_PredictedCDHG_splitClauses_0":["5"],
"solvability_Term_splitClauses_0":["10800000"],
"clauseNumberBeforeSimplification_PredictedCG_splitClauses_1":["3"],
"generatedPredicateNumber_Labeled_splitClauses_1":["14"],
"labeledSingleVariableTemplatesNumber_Unlabeled_splitClauses_0":["5"],
"unlabeledBinaryVariableTemplatesNumber_Empty_splitClauses_0":["18"],
"solvingTime_Mined_splitClauses_0":["10800000"],
"unlabeledTemplateNumber_All_splitClauses_1":["34"],
"clauseNumberAfterSimplification_Random_splitClauses_1":["23"],
"labeledBinaryVariableTemplatesNumber_Octagon_splitClauses_1":["3"],
"unlabeledBinaryVariableTemplatesNumber_Labeled_splitClauses_0":["18"],
"smt2FileSizeByte_Octagon_splitClauses_0":["2942"],
"labeledSingleVariableTemplatesNumber_Random_splitClauses_1":["5"],
"solvability_Unlabeled_splitClauses_0":["10800000"],
"solvingTime_Unlabeled_splitClauses_0":["10800000"],
"unlabeledTemplateRelationSymbolNumber_All_splitClauses_1":["1"],
"minedTemplateNumber_Empty_splitClauses_1":["11"],
"solvability_RelationalIneqs_splitClauses_0":["10800000"],
"unlabeledTemplateRelationSymbolNumber_Labeled_splitClauses_1":["1"],
"cegarIterationNumber_RelationalEqs_splitClauses_1":["8"],
"minedSingleVariableTemplatesNumber_RelationalEqs_splitClauses_1":["8"],
"clauseNumberAfterSimplification_PredictedCDHG_splitClauses_1":["23"],
"minedBinaryVariableTemplatesNumber_RelationalIneqs_splitClauses_1":["3"],
"unlabeledBinaryVariableTemplatesNumber_Mined_splitClauses_1":["18"],
"unlabeledBinaryVariableTemplatesNumber_PredictedCDHG_splitClauses_0":["18"],
"solvingTime_Empty_splitClauses_1":["1068"],
"labeledTemplateRelationSymbolNumber_Empty_splitClauses_1":["1"],
"generatedPredicateNumber_Term_splitClauses_0":["10800000"],
"averagePredicateSize_Empty_splitClauses_1":["1"],
"generatedPredicateNumber_PredictedCG_splitClauses_1":["10800000"],
"labeledTemplateRelationSymbolNumber_PredictedCDHG_splitClauses_1":["1"],
"predicateGeneratorTime_Mined_splitClauses_0":["10800000"],
"relationSymbolNumberBeforeSimplification_Term_splitClauses_0":["5"],
"predicateGeneratorTime_Labeled_splitClauses_0":["10800000"],
"labeledSingleVariableTemplatesNumber_Random_splitClauses_0":["5"],
"unlabeledTemplateRelationSymbolNumber_All_splitClauses_0":["1"],
"minedBinaryVariableTemplatesNumber_Labeled_splitClauses_0":["3"],
"generatedPredicateNumber_Labeled_splitClauses_0":["10800000"],
"relationSymbolNumberAfterSimplification_Empty_splitClauses_1":["45"],
"solvingTime_Mined_splitClauses_1":["3804"],
"minedSingleVariableTemplatesNumber_All_splitClauses_1":["8"],
"predicateGeneratorTime_Random_splitClauses_0":["10800000"],
"cegarIterationNumber_Term_splitClauses_1":["10"],
"labeledTemplateNumber_Empty_splitClauses_1":["8"],
"clauseNumberAfterSimplification_Empty_splitClauses_1":["23"],
"minedTemplateRelationSymbolNumber_Empty_splitClauses_0":["1"],
"unlabeledSingleVariableTemplatesNumber_Term_splitClauses_0":["16"],
"minedSingleVariableTemplatesNumber_Empty_splitClauses_0":["8"],
"relationSymbolNumberAfterSimplification_Random_splitClauses_0":["45"],
"minedTemplateRelationSymbolNumber_RelationalEqs_splitClauses_0":["1"],
"cegarIterationNumber_Empty_splitClauses_0":["10800000"],
"minedBinaryVariableTemplatesNumber_RelationalEqs_splitClauses_1":["3"],
"relationSymbolNumberBeforeSimplification_PredictedCG_splitClauses_1":["5"],
"labeledSingleVariableTemplatesNumber_All_splitClauses_1":["5"],
"unlabeledTemplateRelationSymbolNumber_Octagon_splitClauses_0":["1"],
"minedTemplateRelationSymbolNumber_Unlabeled_splitClauses_0":["1"],
"labeledBinaryVariableTemplatesNumber_Mined_splitClauses_0":["3"],
"relationSymbolNumberAfterSimplification_Unlabeled_splitClauses_1":["45"],
"minedTemplateNumber_PredictedCG_splitClauses_1":["11"],
"cegarIterationNumber_Empty_splitClauses_1":["11"],
"averagePredicateSize_RelationalIneqs_splitClauses_0":["10800000"],
"solvability_All_splitClauses_1":["10800000"],
"unlabeledBinaryVariableTemplatesNumber_Term_splitClauses_1":["18"],
"minedTemplateRelationSymbolNumber_Labeled_splitClauses_1":["1"],
"averagePredicateSize_Unlabeled_splitClauses_1":["1"],
"labeledTemplateNumber_Term_splitClauses_0":["8"],
"smt2FileSizeByte_Empty_splitClauses_1":["2942"],
"solvingTime_PredictedCG_splitClauses_0":["10800000"],
"cegarIterationNumber_All_splitClauses_1":["10800000"],
"clauseNumberBeforeSimplification_Term_splitClauses_1":["3"],
"predicateGeneratorTime_Empty_splitClauses_0":["10800000"],
"relationSymbolNumberBeforeSimplification_Empty_splitClauses_1":["5"],
"averagePredicateSize_All_splitClauses_0":["10800000"],
"unlabeledBinaryVariableTemplatesNumber_Random_splitClauses_0":["18"],
"smt2FileSizeByte_Term_splitClauses_0":["2942"],
"averagePredicateSize_Mined_splitClauses_1":["1"],
"minedBinaryVariableTemplatesNumber_Empty_splitClauses_0":["3"],
"minedTemplateRelationSymbolNumber_All_splitClauses_1":["1"],
"labeledSingleVariableTemplatesNumber_PredictedCG_splitClauses_0":["5"],
"unlabeledBinaryVariableTemplatesNumber_RelationalIneqs_splitClauses_0":["18"],
"unlabeledSingleVariableTemplatesNumber_RelationalIneqs_splitClauses_1":["16"],
"clauseNumberAfterSimplification_RelationalIneqs_splitClauses_0":["23"],
"unlabeledTemplateNumber_RelationalEqs_splitClauses_0":["34"],
"unlabeledTemplateNumber_RelationalIneqs_splitClauses_1":["34"],
"labeledTemplateRelationSymbolNumber_PredictedCG_splitClauses_1":["1"],
"labeledTemplateRelationSymbolNumber_All_splitClauses_0":["1"],
"labeledSingleVariableTemplatesNumber_Octagon_splitClauses_0":["5"],
"dummyFiled":[]
}