{
"smt2FileSizeByte_All_splitClauses_1":["110379"],
"generatedPredicateNumber_All_splitClauses_1":["10800000"],
"unlabeledTemplateRelationSymbolNumber_PredictedCDHG_splitClauses_0":["40"],
"relationSymbolNumberBeforeSimplification_Unlabeled_splitClauses_1":["326"],
"predicateGeneratorTime_Term_splitClauses_0":["10800000"],
"averagePredicateSize_Random_splitClauses_1":["1"],
"labeledBinaryVariableTemplatesNumber_Labeled_splitClauses_1":["61"],
"clauseNumberBeforeSimplification_All_splitClauses_1":["158"],
"minedTemplateRelationSymbolNumber_Term_splitClauses_0":["40"],
"solvingTime_Labeled_splitClauses_1":["1268"],
"unlabeledTemplateNumber_Labeled_splitClauses_1":["3656"],
"relationSymbolNumberAfterSimplification_All_splitClauses_1":["207"],
"minedTemplateRelationSymbolNumber_Octagon_splitClauses_1":["40"],
"clauseNumberAfterSimplification_Mined_splitClauses_1":["118"],
"relationSymbolNumberBeforeSimplification_Octagon_splitClauses_0":["326"],
"unlabeledBinaryVariableTemplatesNumber_Term_splitClauses_0":["2346"],
"labeledTemplateNumber_PredictedCDHG_splitClauses_0":["61"],
"solvability_Empty_splitClauses_0":["10800000"],
"unlabeledTemplateRelationSymbolNumber_Random_splitClauses_1":["40"],
"labeledBinaryVariableTemplatesNumber_Octagon_splitClauses_0":["61"],
"relationSymbolNumberBeforeSimplification_Random_splitClauses_1":["326"],
"minedTemplateRelationSymbolNumber_Random_splitClauses_1":["40"],
"unlabeledSingleVariableTemplatesNumber_Mined_splitClauses_0":["1310"],
"unlabeledBinaryVariableTemplatesNumber_PredictedCG_splitClauses_1":["2346"],
"solvability_All_splitClauses_0":["10800000"],
"predicateGeneratorTime_RelationalEqs_splitClauses_1":["798"],
"relationSymbolNumberBeforeSimplification_PredictedCDHG_splitClauses_1":["326"],
"smt2FileSizeByte_PredictedCG_splitClauses_1":["110379"],
"labeledSingleVariableTemplatesNumber_Unlabeled_splitClauses_1":["0"],
"labeledBinaryVariableTemplatesNumber_PredictedCG_splitClauses_1":["61"],
"minedBinaryVariableTemplatesNumber_PredictedCG_splitClauses_0":["61"],
"solvability_Random_splitClauses_0":["10800000"],
"relationSymbolNumberAfterSimplification_PredictedCG_splitClauses_1":["207"],
"clauseNumberBeforeSimplification_PredictedCDHG_splitClauses_1":["158"],
"labeledSingleVariableTemplatesNumber_Mined_splitClauses_0":["0"],
"solvability_Unlabeled_splitClauses_1":["1"],
"cegarIterationNumber_Labeled_splitClauses_1":["25"],
"smt2FileSizeByte_Mined_splitClauses_0":["110379"],
"relationSymbolNumberAfterSimplification_Mined_splitClauses_0":["207"],
"labeledSingleVariableTemplatesNumber_PredictedCG_splitClauses_1":["0"],
"smt2FileSizeByte_Octagon_splitClauses_1":["110379"],
"minedTemplateNumber_Labeled_splitClauses_1":["509"],
"labeledSingleVariableTemplatesNumber_RelationalIneqs_splitClauses_1":["0"],
"clauseNumberAfterSimplification_Labeled_splitClauses_1":["118"],
"relationSymbolNumberAfterSimplification_Labeled_splitClauses_0":["207"],
"smt2FileSizeByte_Random_splitClauses_0":["110379"],
"relationSymbolNumberAfterSimplification_PredictedCDHG_splitClauses_0":["207"],
"unlabeledTemplateRelationSymbolNumber_PredictedCDHG_splitClauses_1":["40"],
"labeledSingleVariableTemplatesNumber_Term_splitClauses_0":["0"],
"generatedPredicateNumber_PredictedCDHG_splitClauses_1":["10800000"],
"minedSingleVariableTemplatesNumber_Unlabeled_splitClauses_0":["448"],
"generatedPredicateNumber_Octagon_splitClauses_1":["54"],
"labeledSingleVariableTemplatesNumber_RelationalEqs_splitClauses_0":["0"],
"predicateGeneratorTime_PredictedCG_splitClauses_1":["10800000"],
"relationSymbolNumberAfterSimplification_Octagon_splitClauses_0":["207"],
"labeledTemplateNumber_Labeled_splitClauses_1":["61"],
"labeledSingleVariableTemplatesNumber_Empty_splitClauses_0":["0"],
"minedTemplateRelationSymbolNumber_RelationalIneqs_splitClauses_1":["40"],
"unlabeledSingleVariableTemplatesNumber_All_splitClauses_1":["1310"],
"labeledBinaryVariableTemplatesNumber_PredictedCDHG_splitClauses_1":["61"],
"unlabeledSingleVariableTemplatesNumber_RelationalEqs_splitClauses_1":["1310"],
"cegarIterationNumber_Term_splitClauses_0":["10800000"],
"unlabeledBinaryVariableTemplatesNumber_Labeled_splitClauses_1":["2346"],
"unlabeledSingleVariableTemplatesNumber_Term_splitClauses_1":["1310"],
"clauseNumberAfterSimplification_All_splitClauses_1":["118"],
"minedSingleVariableTemplatesNumber_Random_splitClauses_0":["448"],
"solvability_RelationalIneqs_splitClauses_1":["1"],
"minedTemplateNumber_Labeled_splitClauses_0":["509"],
"minedSingleVariableTemplatesNumber_Octagon_splitClauses_0":["448"],
"minedSingleVariableTemplatesNumber_Term_splitClauses_1":["448"],
"minedBinaryVariableTemplatesNumber_PredictedCDHG_splitClauses_1":["61"],
"generatedPredicateNumber_Mined_splitClauses_1":["54"],
"labeledSingleVariableTemplatesNumber_RelationalIneqs_splitClauses_0":["0"],
"averagePredicateSize_Mined_splitClauses_0":["10800000"],
"cegarIterationNumber_Unlabeled_splitClauses_0":["10800000"],
"minedBinaryVariableTemplatesNumber_Random_splitClauses_0":["61"],
"labeledTemplateNumber_Mined_splitClauses_1":["61"],
"labeledBinaryVariableTemplatesNumber_Random_splitClauses_0":["61"],
"unlabeledTemplateRelationSymbolNumber_Unlabeled_splitClauses_1":["40"],
"cegarIterationNumber_Mined_splitClauses_0":["10800000"],
"minedTemplateRelationSymbolNumber_Labeled_splitClauses_0":["40"],
"unlabeledBinaryVariableTemplatesNumber_RelationalIneqs_splitClauses_1":["2346"],
"unlabeledBinaryVariableTemplatesNumber_Octagon_splitClauses_0":["2346"],
"solvability_Mined_splitClauses_0":["10800000"],
"averagePredicateSize_RelationalEqs_splitClauses_0":["10800000"],
"clauseNumberAfterSimplification_Term_splitClauses_0":["118"],
"unlabeledTemplateNumber_Mined_splitClauses_0":["3656"],
"relationSymbolNumberAfterSimplification_Random_splitClauses_1":["207"],
"unlabeledTemplateNumber_PredictedCDHG_splitClauses_0":["3656"],
"cegarIterationNumber_RelationalIneqs_splitClauses_1":["25"],
"minedBinaryVariableTemplatesNumber_Unlabeled_splitClauses_1":["61"],
"labeledTemplateNumber_PredictedCG_splitClauses_1":["61"],
"labeledTemplateRelationSymbolNumber_Mined_splitClauses_0":["22"],
"labeledBinaryVariableTemplatesNumber_Mined_splitClauses_1":["61"],
"relationSymbolNumberBeforeSimplification_Mined_splitClauses_0":["326"],
"relationSymbolNumberBeforeSimplification_RelationalIneqs_splitClauses_0":["326"],
"clauseNumberAfterSimplification_RelationalIneqs_splitClauses_1":["118"],
"minedSingleVariableTemplatesNumber_PredictedCDHG_splitClauses_0":["448"],
"solvability_Labeled_splitClauses_1":["1"],
"labeledSingleVariableTemplatesNumber_Octagon_splitClauses_1":["0"],
"averagePredicateSize_Random_splitClauses_0":["10800000"],
"smt2FileSizeByte_RelationalIneqs_splitClauses_0":["110379"],
"generatedPredicateNumber_Unlabeled_splitClauses_0":["10800000"],
"solvability_RelationalEqs_splitClauses_0":["10800000"],
"predicateGeneratorTime_Empty_splitClauses_1":["898"],
"minedSingleVariableTemplatesNumber_Mined_splitClauses_0":["448"],
"relationSymbolNumberAfterSimplification_Unlabeled_splitClauses_0":["207"],
"minedTemplateRelationSymbolNumber_PredictedCDHG_splitClauses_1":["40"],
"minedTemplateNumber_PredictedCG_splitClauses_0":["509"],
"averagePredicateSize_RelationalIneqs_splitClauses_1":["1"],
"labeledTemplateRelationSymbolNumber_Random_splitClauses_1":["22"],
"minedTemplateNumber_RelationalIneqs_splitClauses_0":["509"],
"predicateGeneratorTime_RelationalIneqs_splitClauses_0":["10800000"],
"labeledTemplateRelationSymbolNumber_Empty_splitClauses_0":["22"],
"minedBinaryVariableTemplatesNumber_Octagon_splitClauses_0":["61"],
"labeledSingleVariableTemplatesNumber_Term_splitClauses_1":["0"],
"labeledBinaryVariableTemplatesNumber_Empty_splitClauses_0":["61"],
"minedTemplateNumber_Octagon_splitClauses_0":["509"],
"labeledBinaryVariableTemplatesNumber_Unlabeled_splitClauses_0":["61"],
"relationSymbolNumberBeforeSimplification_Empty_splitClauses_0":["326"],
"clauseNumberAfterSimplification_PredictedCDHG_splitClauses_0":["118"],
"smt2FileSizeByte_PredictedCG_splitClauses_0":["110379"],
"minedBinaryVariableTemplatesNumber_RelationalEqs_splitClauses_0":["61"],
"relationSymbolNumberBeforeSimplification_Unlabeled_splitClauses_0":["326"],
"labeledTemplateRelationSymbolNumber_RelationalEqs_splitClauses_1":["22"],
"minedBinaryVariableTemplatesNumber_Random_splitClauses_1":["61"],
"clauseNumberAfterSimplification_Unlabeled_splitClauses_1":["118"],
"minedSingleVariableTemplatesNumber_PredictedCDHG_splitClauses_1":["448"],
"labeledBinaryVariableTemplatesNumber_Term_splitClauses_1":["61"],
"clauseNumberBeforeSimplification_Empty_splitClauses_1":["158"],
"relationSymbolNumberAfterSimplification_Octagon_splitClauses_1":["207"],
"relationSymbolNumberAfterSimplification_Term_splitClauses_0":["207"],
"minedBinaryVariableTemplatesNumber_Mined_splitClauses_1":["61"],
"unlabeledBinaryVariableTemplatesNumber_Unlabeled_splitClauses_1":["2346"],
"relationSymbolNumberBeforeSimplification_Random_splitClauses_0":["326"],
"relationSymbolNumberAfterSimplification_PredictedCDHG_splitClauses_1":["207"],
"unlabeledTemplateNumber_PredictedCG_splitClauses_1":["3656"],
"generatedPredicateNumber_Empty_splitClauses_0":["10800000"],
"predicateGeneratorTime_RelationalIneqs_splitClauses_1":["924"],
"unlabeledSingleVariableTemplatesNumber_Empty_splitClauses_0":["1310"],
"cegarIterationNumber_Octagon_splitClauses_0":["10800000"],
"clauseNumberAfterSimplification_Octagon_splitClauses_1":["118"],
"unlabeledSingleVariableTemplatesNumber_Labeled_splitClauses_1":["1310"],
"clauseNumberBeforeSimplification_Random_splitClauses_1":["158"],
"minedTemplateRelationSymbolNumber_All_splitClauses_0":["40"],
"unlabeledTemplateRelationSymbolNumber_RelationalEqs_splitClauses_0":["40"],
"minedSingleVariableTemplatesNumber_Unlabeled_splitClauses_1":["448"],
"clauseNumberBeforeSimplification_RelationalEqs_splitClauses_0":["158"],
"minedTemplateNumber_Unlabeled_splitClauses_0":["509"],
"generatedPredicateNumber_Octagon_splitClauses_0":["10800000"],
"predicateGeneratorTime_PredictedCDHG_splitClauses_0":["10800000"],
"clauseNumberAfterSimplification_PredictedCG_splitClauses_1":["118"],
"labeledSingleVariableTemplatesNumber_RelationalEqs_splitClauses_1":["0"],
"smt2FileSizeByte_Random_splitClauses_1":["110379"],
"averagePredicateSize_PredictedCG_splitClauses_1":["10800000"],
"cegarIterationNumber_PredictedCDHG_splitClauses_1":["10800000"],
"clauseNumberAfterSimplification_RelationalEqs_splitClauses_1":["118"],
"minedBinaryVariableTemplatesNumber_Empty_splitClauses_1":["61"],
"relationSymbolNumberAfterSimplification_RelationalEqs_splitClauses_1":["207"],
"minedTemplateNumber_PredictedCDHG_splitClauses_0":["509"],
"labeledBinaryVariableTemplatesNumber_All_splitClauses_1":["61"],
"solvingTime_RelationalIneqs_splitClauses_1":["1252"],
"unlabeledTemplateRelationSymbolNumber_RelationalEqs_splitClauses_1":["40"],
"smt2FileSizeByte_Unlabeled_splitClauses_0":["110379"],
"relationSymbolNumberBeforeSimplification_Mined_splitClauses_1":["326"],
"relationSymbolNumberAfterSimplification_Mined_splitClauses_1":["207"],
"generatedPredicateNumber_All_splitClauses_0":["10800000"],
"relationSymbolNumberBeforeSimplification_Octagon_splitClauses_1":["326"],
"predicateGeneratorTime_Octagon_splitClauses_1":["1021"],
"solvability_Mined_splitClauses_1":["1"],
"minedTemplateRelationSymbolNumber_Term_splitClauses_1":["40"],
"clauseNumberAfterSimplification_Mined_splitClauses_0":["118"],
"solvability_PredictedCDHG_splitClauses_0":["10800000"],
"solvingTime_Empty_splitClauses_0":["10800000"],
"unlabeledSingleVariableTemplatesNumber_Unlabeled_splitClauses_1":["1310"],
"minedTemplateNumber_Term_splitClauses_1":["509"],
"averagePredicateSize_Octagon_splitClauses_1":["1"],
"unlabeledSingleVariableTemplatesNumber_Octagon_splitClauses_1":["1310"],
"minedTemplateRelationSymbolNumber_RelationalEqs_splitClauses_1":["40"],
"relationSymbolNumberBeforeSimplification_All_splitClauses_1":["326"],
"minedBinaryVariableTemplatesNumber_RelationalIneqs_splitClauses_0":["61"],
"predicateGeneratorTime_Term_splitClauses_1":["1067"],
"solvingTime_Labeled_splitClauses_0":["10800000"],
"unlabeledBinaryVariableTemplatesNumber_PredictedCG_splitClauses_0":["2346"],
"minedTemplateNumber_All_splitClauses_0":["509"],
"predicateGeneratorTime_Labeled_splitClauses_1":["984"],
"unlabeledTemplateRelationSymbolNumber_Empty_splitClauses_0":["40"],
"unlabeledTemplateNumber_Mined_splitClauses_1":["3656"],
"solvability_PredictedCG_splitClauses_1":["10800000"],
"unlabeledTemplateNumber_Term_splitClauses_0":["3656"],
"minedBinaryVariableTemplatesNumber_PredictedCG_splitClauses_1":["61"],
"labeledSingleVariableTemplatesNumber_PredictedCDHG_splitClauses_0":["0"],
"minedBinaryVariableTemplatesNumber_All_splitClauses_0":["61"],
"averagePredicateSize_PredictedCDHG_splitClauses_1":["10800000"],
"predicateGeneratorTime_PredictedCG_splitClauses_0":["10800000"],
"generatedPredicateNumber_RelationalIneqs_splitClauses_0":["10800000"],
"labeledTemplateNumber_Empty_splitClauses_0":["61"],
"relationSymbolNumberAfterSimplification_RelationalIneqs_splitClauses_1":["207"],
"unlabeledTemplateRelationSymbolNumber_Term_splitClauses_0":["40"],
"minedTemplateNumber_All_splitClauses_1":["509"],
"labeledSingleVariableTemplatesNumber_Empty_splitClauses_1":["0"],
"minedBinaryVariableTemplatesNumber_Unlabeled_splitClauses_0":["61"],
"labeledTemplateNumber_Random_splitClauses_0":["61"],
"minedBinaryVariableTemplatesNumber_All_splitClauses_1":["61"],
"unlabeledSingleVariableTemplatesNumber_All_splitClauses_0":["1310"],
"relationSymbolNumberBeforeSimplification_Labeled_splitClauses_1":["326"],
"smt2FileSizeByte_PredictedCDHG_splitClauses_1":["110379"],
"labeledBinaryVariableTemplatesNumber_PredictedCDHG_splitClauses_0":["61"],
"averagePredicateSize_RelationalEqs_splitClauses_1":["1"],
"minedSingleVariableTemplatesNumber_Term_splitClauses_0":["448"],
"labeledTemplateRelationSymbolNumber_Term_splitClauses_1":["22"],
"generatedPredicateNumber_Random_splitClauses_0":["10800000"],
"labeledBinaryVariableTemplatesNumber_Empty_splitClauses_1":["61"],
"relationSymbolNumberAfterSimplification_Term_splitClauses_1":["207"],
"clauseNumberAfterSimplification_Labeled_splitClauses_0":["118"],
"labeledSingleVariableTemplatesNumber_Labeled_splitClauses_0":["0"],
"minedTemplateNumber_Mined_splitClauses_1":["509"],
"labeledTemplateRelationSymbolNumber_Labeled_splitClauses_0":["22"],
"unlabeledTemplateRelationSymbolNumber_Mined_splitClauses_1":["40"],
"solvability_Labeled_splitClauses_0":["10800000"],
"minedTemplateNumber_RelationalEqs_splitClauses_1":["509"],
"solvingTime_Random_splitClauses_1":["1066"],
"minedTemplateNumber_Random_splitClauses_0":["509"],
"cegarIterationNumber_Unlabeled_splitClauses_1":["25"],
"minedTemplateNumber_RelationalIneqs_splitClauses_1":["509"],
"unlabeledBinaryVariableTemplatesNumber_Octagon_splitClauses_1":["2346"],
"minedSingleVariableTemplatesNumber_Octagon_splitClauses_1":["448"],
"minedSingleVariableTemplatesNumber_Random_splitClauses_1":["448"],
"averagePredicateSize_All_splitClauses_1":["10800000"],
"minedTemplateNumber_Empty_splitClauses_0":["509"],
"labeledTemplateNumber_Mined_splitClauses_0":["61"],
"unlabeledBinaryVariableTemplatesNumber_All_splitClauses_0":["2346"],
"relationSymbolNumberAfterSimplification_Labeled_splitClauses_1":["207"],
"labeledSingleVariableTemplatesNumber_PredictedCDHG_splitClauses_1":["0"],
"minedSingleVariableTemplatesNumber_Mined_splitClauses_1":["448"],
"labeledTemplateRelationSymbolNumber_Term_splitClauses_0":["22"],
"unlabeledTemplateRelationSymbolNumber_Term_splitClauses_1":["40"],
"predicateGeneratorTime_All_splitClauses_1":["10800000"],
"unlabeledSingleVariableTemplatesNumber_Random_splitClauses_0":["1310"],
"predicateGeneratorTime_Unlabeled_splitClauses_1":["985"],
"cegarIterationNumber_PredictedCDHG_splitClauses_0":["10800000"],
"labeledTemplateNumber_RelationalEqs_splitClauses_0":["61"],
"labeledTemplateRelationSymbolNumber_Mined_splitClauses_1":["22"],
"labeledTemplateRelationSymbolNumber_Random_splitClauses_0":["22"],
"labeledBinaryVariableTemplatesNumber_RelationalEqs_splitClauses_1":["61"],
"generatedPredicateNumber_RelationalIneqs_splitClauses_1":["54"],
"unlabeledTemplateRelationSymbolNumber_PredictedCG_splitClauses_1":["40"],
"unlabeledSingleVariableTemplatesNumber_RelationalEqs_splitClauses_0":["1310"],
"labeledBinaryVariableTemplatesNumber_Labeled_splitClauses_0":["61"],
"minedBinaryVariableTemplatesNumber_PredictedCDHG_splitClauses_0":["61"],
"unlabeledTemplateRelationSymbolNumber_Unlabeled_splitClauses_0":["40"],
"clauseNumberAfterSimplification_Term_splitClauses_1":["118"],
"unlabeledTemplateNumber_Octagon_splitClauses_0":["3656"],
"unlabeledBinaryVariableTemplatesNumber_RelationalEqs_splitClauses_1":["2346"],
"unlabeledTemplateNumber_PredictedCG_splitClauses_0":["3656"],
"unlabeledTemplateNumber_All_splitClauses_0":["3656"],
"labeledTemplateRelationSymbolNumber_RelationalIneqs_splitClauses_1":["22"],
"unlabeledSingleVariableTemplatesNumber_Mined_splitClauses_1":["1310"],
"labeledTemplateRelationSymbolNumber_Unlabeled_splitClauses_1":["22"],
"labeledBinaryVariableTemplatesNumber_Random_splitClauses_1":["61"],
"solvability_Random_splitClauses_1":["1"],
"solvingTime_Term_splitClauses_0":["10800000"],
"minedSingleVariableTemplatesNumber_Labeled_splitClauses_1":["448"],
"clauseNumberBeforeSimplification_Term_splitClauses_0":["158"],
"relationSymbolNumberBeforeSimplification_RelationalIneqs_splitClauses_1":["326"],
"minedTemplateRelationSymbolNumber_Mined_splitClauses_0":["40"],
"solvability_Octagon_splitClauses_1":["1"],
"minedSingleVariableTemplatesNumber_RelationalIneqs_splitClauses_1":["448"],
"smt2FileSizeByte_Labeled_splitClauses_0":["110379"],
"solvability_RelationalEqs_splitClauses_1":["1"],
"unlabeledSingleVariableTemplatesNumber_Empty_splitClauses_1":["1310"],
"labeledTemplateNumber_PredictedCDHG_splitClauses_1":["61"],
"minedTemplateRelationSymbolNumber_Octagon_splitClauses_0":["40"],
"clauseNumberAfterSimplification_Unlabeled_splitClauses_0":["118"],
"clauseNumberBeforeSimplification_Unlabeled_splitClauses_0":["158"],
"clauseNumberBeforeSimplification_PredictedCDHG_splitClauses_0":["158"],
"cegarIterationNumber_RelationalIneqs_splitClauses_0":["10800000"],
"labeledTemplateRelationSymbolNumber_RelationalEqs_splitClauses_0":["22"],
"averagePredicateSize_Labeled_splitClauses_0":["10800000"],
"smt2FileSizeByte_RelationalIneqs_splitClauses_1":["110379"],
"clauseNumberBeforeSimplification_RelationalEqs_splitClauses_1":["158"],
"unlabeledTemplateRelationSymbolNumber_RelationalIneqs_splitClauses_1":["40"],
"clauseNumberBeforeSimplification_PredictedCG_splitClauses_0":["158"],
"solvingTime_PredictedCDHG_splitClauses_0":["10800000"],
"labeledTemplateRelationSymbolNumber_Octagon_splitClauses_1":["22"],
"minedTemplateRelationSymbolNumber_PredictedCG_splitClauses_1":["40"],
"relationSymbolNumberBeforeSimplification_RelationalEqs_splitClauses_1":["326"],
"labeledTemplateNumber_Random_splitClauses_1":["61"],
"solvingTime_RelationalIneqs_splitClauses_0":["10800000"],
"labeledTemplateNumber_All_splitClauses_1":["61"],
"unlabeledTemplateNumber_Random_splitClauses_1":["3656"],
"relationSymbolNumberBeforeSimplification_All_splitClauses_0":["326"],
"smt2FileSizeByte_Unlabeled_splitClauses_1":["110379"],
"cegarIterationNumber_PredictedCG_splitClauses_0":["10800000"],
"predicateGeneratorTime_Octagon_splitClauses_0":["10800000"],
"unlabeledTemplateNumber_RelationalEqs_splitClauses_1":["3656"],
"clauseNumberAfterSimplification_Octagon_splitClauses_0":["118"],
"cegarIterationNumber_Random_splitClauses_0":["10800000"],
"solvability_PredictedCDHG_splitClauses_1":["10800000"],
"solvability_PredictedCG_splitClauses_0":["10800000"],
"solvingTime_PredictedCG_splitClauses_1":["10800000"],
"unlabeledSingleVariableTemplatesNumber_Unlabeled_splitClauses_0":["1310"],
"unlabeledTemplateNumber_Unlabeled_splitClauses_0":["3656"],
"labeledTemplateRelationSymbolNumber_RelationalIneqs_splitClauses_0":["22"],
"minedTemplateNumber_Random_splitClauses_1":["509"],
"generatedPredicateNumber_RelationalEqs_splitClauses_0":["10800000"],
"minedTemplateNumber_Term_splitClauses_0":["509"],
"solvingTime_All_splitClauses_1":["10800000"],
"minedSingleVariableTemplatesNumber_PredictedCG_splitClauses_0":["448"],
"smt2FileSizeByte_Term_splitClauses_1":["110379"],
"labeledBinaryVariableTemplatesNumber_All_splitClauses_0":["61"],
"minedTemplateNumber_PredictedCDHG_splitClauses_1":["509"],
"minedTemplateRelationSymbolNumber_PredictedCDHG_splitClauses_0":["40"],
"averagePredicateSize_Unlabeled_splitClauses_0":["10800000"],
"minedBinaryVariableTemplatesNumber_Octagon_splitClauses_1":["61"],
"unlabeledSingleVariableTemplatesNumber_Random_splitClauses_1":["1310"],
"clauseNumberBeforeSimplification_Random_splitClauses_0":["158"],
"solvingTime_Unlabeled_splitClauses_1":["1334"],
"predicateGeneratorTime_PredictedCDHG_splitClauses_1":["10800000"],
"averagePredicateSize_PredictedCDHG_splitClauses_0":["10800000"],
"relationSymbolNumberAfterSimplification_RelationalEqs_splitClauses_0":["207"],
"minedBinaryVariableTemplatesNumber_Term_splitClauses_0":["61"],
"labeledTemplateNumber_RelationalIneqs_splitClauses_0":["61"],
"clauseNumberAfterSimplification_Random_splitClauses_0":["118"],
"clauseNumberAfterSimplification_PredictedCG_splitClauses_0":["118"],
"generatedPredicateNumber_Empty_splitClauses_1":["54"],
"clauseNumberBeforeSimplification_Octagon_splitClauses_0":["158"],
"unlabeledTemplateNumber_Empty_splitClauses_0":["3656"],
"minedSingleVariableTemplatesNumber_All_splitClauses_0":["448"],
"labeledTemplateRelationSymbolNumber_Octagon_splitClauses_0":["22"],
"generatedPredicateNumber_Random_splitClauses_1":["54"],
"clauseNumberAfterSimplification_RelationalEqs_splitClauses_0":["118"],
"labeledBinaryVariableTemplatesNumber_Term_splitClauses_0":["61"],
"minedSingleVariableTemplatesNumber_RelationalEqs_splitClauses_0":["448"],
"minedTemplateNumber_Mined_splitClauses_0":["509"],
"relationSymbolNumberBeforeSimplification_PredictedCG_splitClauses_0":["326"],
"averagePredicateSize_Octagon_splitClauses_0":["10800000"],
"unlabeledBinaryVariableTemplatesNumber_Empty_splitClauses_1":["2346"],
"unlabeledSingleVariableTemplatesNumber_PredictedCDHG_splitClauses_0":["1310"],
"unlabeledSingleVariableTemplatesNumber_PredictedCG_splitClauses_1":["1310"],
"labeledTemplateRelationSymbolNumber_Labeled_splitClauses_1":["22"],
"minedTemplateRelationSymbolNumber_Random_splitClauses_0":["40"],
"unlabeledTemplateRelationSymbolNumber_PredictedCG_splitClauses_0":["40"],
"unlabeledTemplateNumber_RelationalIneqs_splitClauses_0":["3656"],
"unlabeledSingleVariableTemplatesNumber_Labeled_splitClauses_0":["1310"],
"relationSymbolNumberAfterSimplification_PredictedCG_splitClauses_0":["207"],
"minedTemplateNumber_Unlabeled_splitClauses_1":["509"],
"generatedPredicateNumber_PredictedCG_splitClauses_0":["10800000"],
"labeledTemplateNumber_Unlabeled_splitClauses_1":["61"],
"unlabeledTemplateRelationSymbolNumber_Empty_splitClauses_1":["40"],
"clauseNumberBeforeSimplification_Empty_splitClauses_0":["158"],
"solvingTime_Octagon_splitClauses_1":["1359"],
"cegarIterationNumber_Mined_splitClauses_1":["25"],
"clauseNumberBeforeSimplification_Mined_splitClauses_1":["158"],
"smt2FileSizeByte_PredictedCDHG_splitClauses_0":["110379"],
"averagePredicateSize_PredictedCG_splitClauses_0":["10800000"],
"solvingTime_Random_splitClauses_0":["10800000"],
"minedTemplateNumber_RelationalEqs_splitClauses_0":["509"],
"unlabeledSingleVariableTemplatesNumber_RelationalIneqs_splitClauses_0":["1310"],
"unlabeledTemplateNumber_Unlabeled_splitClauses_1":["3656"],
"labeledBinaryVariableTemplatesNumber_RelationalEqs_splitClauses_0":["61"],
"generatedPredicateNumber_PredictedCDHG_splitClauses_0":["10800000"],
"relationSymbolNumberAfterSimplification_RelationalIneqs_splitClauses_0":["207"],
"minedTemplateRelationSymbolNumber_Empty_splitClauses_1":["40"],
"predicateGeneratorTime_Random_splitClauses_1":["805"],
"labeledTemplateNumber_Term_splitClauses_1":["61"],
"relationSymbolNumberBeforeSimplification_RelationalEqs_splitClauses_0":["326"],
"minedSingleVariableTemplatesNumber_Empty_splitClauses_1":["448"],
"minedSingleVariableTemplatesNumber_RelationalIneqs_splitClauses_0":["448"],
"clauseNumberAfterSimplification_All_splitClauses_0":["118"],
"unlabeledBinaryVariableTemplatesNumber_RelationalEqs_splitClauses_0":["2346"],
"cegarIterationNumber_RelationalEqs_splitClauses_0":["10800000"],
"labeledTemplateRelationSymbolNumber_PredictedCDHG_splitClauses_0":["22"],
"labeledSingleVariableTemplatesNumber_Labeled_splitClauses_1":["0"],
"unlabeledBinaryVariableTemplatesNumber_All_splitClauses_1":["2346"],
"minedTemplateRelationSymbolNumber_Unlabeled_splitClauses_1":["40"],
"solvingTime_RelationalEqs_splitClauses_0":["10800000"],
"solvingTime_RelationalEqs_splitClauses_1":["1064"],
"minedBinaryVariableTemplatesNumber_Mined_splitClauses_0":["61"],
"clauseNumberBeforeSimplification_All_splitClauses_0":["158"],
"clauseNumberBeforeSimplification_RelationalIneqs_splitClauses_1":["158"],
"labeledTemplateNumber_RelationalEqs_splitClauses_1":["61"],
"labeledBinaryVariableTemplatesNumber_RelationalIneqs_splitClauses_0":["61"],
"relationSymbolNumberBeforeSimplification_Labeled_splitClauses_0":["326"],
"clauseNumberAfterSimplification_Empty_splitClauses_0":["118"],
"averagePredicateSize_Empty_splitClauses_0":["10800000"],
"unlabeledTemplateNumber_Term_splitClauses_1":["3656"],
"predicateGeneratorTime_Mined_splitClauses_1":["883"],
"labeledBinaryVariableTemplatesNumber_RelationalIneqs_splitClauses_1":["61"],
"predicateGeneratorTime_Unlabeled_splitClauses_0":["10800000"],
"relationSymbolNumberAfterSimplification_Empty_splitClauses_0":["207"],
"generatedPredicateNumber_Mined_splitClauses_0":["10800000"],
"generatedPredicateNumber_RelationalEqs_splitClauses_1":["54"],
"labeledTemplateRelationSymbolNumber_PredictedCG_splitClauses_0":["22"],
"minedSingleVariableTemplatesNumber_PredictedCG_splitClauses_1":["448"],
"minedTemplateRelationSymbolNumber_PredictedCG_splitClauses_0":["40"],
"unlabeledTemplateRelationSymbolNumber_Labeled_splitClauses_0":["40"],
"solvability_Empty_splitClauses_1":["1"],
"averagePredicateSize_Term_splitClauses_0":["10800000"],
"cegarIterationNumber_Random_splitClauses_1":["25"],
"averagePredicateSize_Labeled_splitClauses_1":["1"],
"unlabeledBinaryVariableTemplatesNumber_Unlabeled_splitClauses_0":["2346"],
"generatedPredicateNumber_Unlabeled_splitClauses_1":["54"],
"predicateGeneratorTime_All_splitClauses_0":["10800000"],
"unlabeledBinaryVariableTemplatesNumber_PredictedCDHG_splitClauses_1":["2346"],
"clauseNumberBeforeSimplification_Labeled_splitClauses_1":["158"],
"minedBinaryVariableTemplatesNumber_Labeled_splitClauses_1":["61"],
"labeledSingleVariableTemplatesNumber_All_splitClauses_0":["0"],
"unlabeledTemplateRelationSymbolNumber_Mined_splitClauses_0":["40"],
"cegarIterationNumber_Octagon_splitClauses_1":["25"],
"labeledTemplateNumber_Octagon_splitClauses_0":["61"],
"labeledTemplateRelationSymbolNumber_All_splitClauses_1":["22"],
"smt2FileSizeByte_Empty_splitClauses_0":["110379"],
"unlabeledTemplateNumber_Octagon_splitClauses_1":["3656"],
"predicateGeneratorTime_RelationalEqs_splitClauses_0":["10800000"],
"unlabeledTemplateRelationSymbolNumber_RelationalIneqs_splitClauses_0":["40"],
"smt2FileSizeByte_RelationalEqs_splitClauses_1":["110379"],
"unlabeledTemplateNumber_Labeled_splitClauses_0":["3656"],
"minedSingleVariableTemplatesNumber_Labeled_splitClauses_0":["448"],
"solvingTime_PredictedCDHG_splitClauses_1":["10800000"],
"relationSymbolNumberBeforeSimplification_Term_splitClauses_1":["326"],
"minedTemplateNumber_Octagon_splitClauses_1":["509"],
"clauseNumberBeforeSimplification_Mined_splitClauses_0":["158"],
"smt2FileSizeByte_All_splitClauses_0":["110379"],
"solvingTime_All_splitClauses_0":["10800000"],
"minedBinaryVariableTemplatesNumber_Term_splitClauses_1":["61"],
"unlabeledTemplateRelationSymbolNumber_Random_splitClauses_0":["40"],
"cegarIterationNumber_All_splitClauses_0":["10800000"],
"smt2FileSizeByte_RelationalEqs_splitClauses_0":["110379"],
"unlabeledSingleVariableTemplatesNumber_PredictedCDHG_splitClauses_1":["1310"],
"clauseNumberBeforeSimplification_Labeled_splitClauses_0":["158"],
"cegarIterationNumber_PredictedCG_splitClauses_1":["10800000"],
"labeledTemplateRelationSymbolNumber_Unlabeled_splitClauses_0":["22"],
"unlabeledTemplateRelationSymbolNumber_Octagon_splitClauses_1":["40"],
"unlabeledTemplateNumber_Empty_splitClauses_1":["3656"],
"clauseNumberBeforeSimplification_Octagon_splitClauses_1":["158"],
"labeledTemplateNumber_Unlabeled_splitClauses_0":["61"],
"labeledBinaryVariableTemplatesNumber_PredictedCG_splitClauses_0":["61"],
"solvability_Term_splitClauses_1":["1"],
"solvability_Octagon_splitClauses_0":["10800000"],
"minedTemplateRelationSymbolNumber_RelationalIneqs_splitClauses_0":["40"],
"clauseNumberBeforeSimplification_RelationalIneqs_splitClauses_0":["158"],
"labeledTemplateNumber_PredictedCG_splitClauses_0":["61"],
"cegarIterationNumber_Labeled_splitClauses_0":["10800000"],
"smt2FileSizeByte_Labeled_splitClauses_1":["110379"],
"clauseNumberBeforeSimplification_Unlabeled_splitClauses_1":["158"],
"generatedPredicateNumber_Term_splitClauses_1":["54"],
"solvingTime_Term_splitClauses_1":["1408"],
"unlabeledBinaryVariableTemplatesNumber_Random_splitClauses_1":["2346"],
"unlabeledSingleVariableTemplatesNumber_Octagon_splitClauses_0":["1310"],
"solvingTime_Octagon_splitClauses_0":["10800000"],
"labeledSingleVariableTemplatesNumber_Mined_splitClauses_1":["0"],
"averagePredicateSize_Term_splitClauses_1":["1"],
"labeledTemplateNumber_Labeled_splitClauses_0":["61"],
"unlabeledSingleVariableTemplatesNumber_PredictedCG_splitClauses_0":["1310"],
"smt2FileSizeByte_Mined_splitClauses_1":["110379"],
"labeledBinaryVariableTemplatesNumber_Unlabeled_splitClauses_1":["61"],
"labeledTemplateNumber_All_splitClauses_0":["61"],
"unlabeledTemplateNumber_Random_splitClauses_0":["3656"],
"labeledTemplateNumber_Octagon_splitClauses_1":["61"],
"unlabeledTemplateNumber_PredictedCDHG_splitClauses_1":["3656"],
"unlabeledBinaryVariableTemplatesNumber_Mined_splitClauses_0":["2346"],
"minedTemplateRelationSymbolNumber_Mined_splitClauses_1":["40"],
"labeledTemplateNumber_RelationalIneqs_splitClauses_1":["61"],
"relationSymbolNumberAfterSimplification_All_splitClauses_0":["207"],
"relationSymbolNumberBeforeSimplification_PredictedCDHG_splitClauses_0":["326"],
"solvability_Term_splitClauses_0":["10800000"],
"clauseNumberBeforeSimplification_PredictedCG_splitClauses_1":["158"],
"generatedPredicateNumber_Labeled_splitClauses_1":["54"],
"labeledSingleVariableTemplatesNumber_Unlabeled_splitClauses_0":["0"],
"unlabeledBinaryVariableTemplatesNumber_Empty_splitClauses_0":["2346"],
"solvingTime_Mined_splitClauses_0":["10800000"],
"unlabeledTemplateNumber_All_splitClauses_1":["3656"],
"clauseNumberAfterSimplification_Random_splitClauses_1":["118"],
"labeledBinaryVariableTemplatesNumber_Octagon_splitClauses_1":["61"],
"unlabeledBinaryVariableTemplatesNumber_Labeled_splitClauses_0":["2346"],
"smt2FileSizeByte_Octagon_splitClauses_0":["110379"],
"labeledSingleVariableTemplatesNumber_Random_splitClauses_1":["0"],
"solvability_Unlabeled_splitClauses_0":["10800000"],
"solvingTime_Unlabeled_splitClauses_0":["10800000"],
"unlabeledTemplateRelationSymbolNumber_All_splitClauses_1":["40"],
"minedTemplateNumber_Empty_splitClauses_1":["509"],
"solvability_RelationalIneqs_splitClauses_0":["10800000"],
"unlabeledTemplateRelationSymbolNumber_Labeled_splitClauses_1":["40"],
"cegarIterationNumber_RelationalEqs_splitClauses_1":["25"],
"minedSingleVariableTemplatesNumber_RelationalEqs_splitClauses_1":["448"],
"clauseNumberAfterSimplification_PredictedCDHG_splitClauses_1":["118"],
"minedBinaryVariableTemplatesNumber_RelationalIneqs_splitClauses_1":["61"],
"unlabeledBinaryVariableTemplatesNumber_Mined_splitClauses_1":["2346"],
"unlabeledBinaryVariableTemplatesNumber_PredictedCDHG_splitClauses_0":["2346"],
"solvingTime_Empty_splitClauses_1":["1193"],
"labeledTemplateRelationSymbolNumber_Empty_splitClauses_1":["22"],
"generatedPredicateNumber_Term_splitClauses_0":["10800000"],
"averagePredicateSize_Empty_splitClauses_1":["1"],
"generatedPredicateNumber_PredictedCG_splitClauses_1":["10800000"],
"labeledTemplateRelationSymbolNumber_PredictedCDHG_splitClauses_1":["22"],
"predicateGeneratorTime_Mined_splitClauses_0":["10800000"],
"relationSymbolNumberBeforeSimplification_Term_splitClauses_0":["326"],
"predicateGeneratorTime_Labeled_splitClauses_0":["10800000"],
"labeledSingleVariableTemplatesNumber_Random_splitClauses_0":["0"],
"unlabeledTemplateRelationSymbolNumber_All_splitClauses_0":["40"],
"minedBinaryVariableTemplatesNumber_Labeled_splitClauses_0":["61"],
"generatedPredicateNumber_Labeled_splitClauses_0":["10800000"],
"relationSymbolNumberAfterSimplification_Empty_splitClauses_1":["207"],
"solvingTime_Mined_splitClauses_1":["1206"],
"minedSingleVariableTemplatesNumber_All_splitClauses_1":["448"],
"predicateGeneratorTime_Random_splitClauses_0":["10800000"],
"cegarIterationNumber_Term_splitClauses_1":["25"],
"labeledTemplateNumber_Empty_splitClauses_1":["61"],
"clauseNumberAfterSimplification_Empty_splitClauses_1":["118"],
"minedTemplateRelationSymbolNumber_Empty_splitClauses_0":["40"],
"unlabeledSingleVariableTemplatesNumber_Term_splitClauses_0":["1310"],
"minedSingleVariableTemplatesNumber_Empty_splitClauses_0":["448"],
"relationSymbolNumberAfterSimplification_Random_splitClauses_0":["207"],
"minedTemplateRelationSymbolNumber_RelationalEqs_splitClauses_0":["40"],
"cegarIterationNumber_Empty_splitClauses_0":["10800000"],
"minedBinaryVariableTemplatesNumber_RelationalEqs_splitClauses_1":["61"],
"relationSymbolNumberBeforeSimplification_PredictedCG_splitClauses_1":["326"],
"labeledSingleVariableTemplatesNumber_All_splitClauses_1":["0"],
"unlabeledTemplateRelationSymbolNumber_Octagon_splitClauses_0":["40"],
"minedTemplateRelationSymbolNumber_Unlabeled_splitClauses_0":["40"],
"labeledBinaryVariableTemplatesNumber_Mined_splitClauses_0":["61"],
"relationSymbolNumberAfterSimplification_Unlabeled_splitClauses_1":["207"],
"minedTemplateNumber_PredictedCG_splitClauses_1":["509"],
"cegarIterationNumber_Empty_splitClauses_1":["25"],
"averagePredicateSize_RelationalIneqs_splitClauses_0":["10800000"],
"solvability_All_splitClauses_1":["10800000"],
"unlabeledBinaryVariableTemplatesNumber_Term_splitClauses_1":["2346"],
"minedTemplateRelationSymbolNumber_Labeled_splitClauses_1":["40"],
"averagePredicateSize_Unlabeled_splitClauses_1":["1"],
"labeledTemplateNumber_Term_splitClauses_0":["61"],
"smt2FileSizeByte_Empty_splitClauses_1":["110379"],
"solvingTime_PredictedCG_splitClauses_0":["10800000"],
"cegarIterationNumber_All_splitClauses_1":["10800000"],
"clauseNumberBeforeSimplification_Term_splitClauses_1":["158"],
"predicateGeneratorTime_Empty_splitClauses_0":["10800000"],
"relationSymbolNumberBeforeSimplification_Empty_splitClauses_1":["326"],
"averagePredicateSize_All_splitClauses_0":["10800000"],
"unlabeledBinaryVariableTemplatesNumber_Random_splitClauses_0":["2346"],
"smt2FileSizeByte_Term_splitClauses_0":["110379"],
"averagePredicateSize_Mined_splitClauses_1":["1"],
"minedBinaryVariableTemplatesNumber_Empty_splitClauses_0":["61"],
"minedTemplateRelationSymbolNumber_All_splitClauses_1":["40"],
"labeledSingleVariableTemplatesNumber_PredictedCG_splitClauses_0":["0"],
"unlabeledBinaryVariableTemplatesNumber_RelationalIneqs_splitClauses_0":["2346"],
"unlabeledSingleVariableTemplatesNumber_RelationalIneqs_splitClauses_1":["1310"],
"clauseNumberAfterSimplification_RelationalIneqs_splitClauses_0":["118"],
"unlabeledTemplateNumber_RelationalEqs_splitClauses_0":["3656"],
"unlabeledTemplateNumber_RelationalIneqs_splitClauses_1":["3656"],
"labeledTemplateRelationSymbolNumber_PredictedCG_splitClauses_1":["22"],
"labeledTemplateRelationSymbolNumber_All_splitClauses_0":["22"],
"labeledSingleVariableTemplatesNumber_Octagon_splitClauses_0":["0"],
"dummyFiled":[]
}