{
"cegarIterationNumber_Term_splitClauses_0":[55],
"cegarIterationNumber_RelationalIneqs_splitClauses_1":[58],
"cegarIterationNumber_Octagon_splitClauses_0":[55],
"solvingTime_RelationalIneqs_splitClauses_1":[73263],
"solvingTime_Term_splitClauses_0":[71256],
"cegarIterationNumber_RelationalIneqs_splitClauses_0":[55],
"solvingTime_RelationalIneqs_splitClauses_0":[69706],
"solvingTime_Octagon_splitClauses_1":[80442],
"cegarIterationNumber_RelationalEqs_splitClauses_0":[55],
"solvingTime_RelationalEqs_splitClauses_0":[57880],
"solvingTime_RelationalEqs_splitClauses_1":[64184],
"cegarIterationNumber_Octagon_splitClauses_1":[58],
"solvingTime_Term_splitClauses_1":[75744],
"solvingTime_Octagon_splitClauses_0":[58196],
"cegarIterationNumber_RelationalEqs_splitClauses_1":[56],
"cegarIterationNumber_Term_splitClauses_1":[58],
"dummyFiled":[]
}