{
"cegarIterationNumber_Term_splitClauses_0":[0],
"cegarIterationNumber_RelationalIneqs_splitClauses_1":[0],
"cegarIterationNumber_Octagon_splitClauses_0":[0],
"solvingTime_RelationalIneqs_splitClauses_1":[113],
"solvingTime_Term_splitClauses_0":[99],
"cegarIterationNumber_RelationalIneqs_splitClauses_0":[0],
"solvingTime_RelationalIneqs_splitClauses_0":[111],
"solvingTime_Octagon_splitClauses_1":[78],
"cegarIterationNumber_RelationalEqs_splitClauses_0":[0],
"solvingTime_RelationalEqs_splitClauses_0":[107],
"solvingTime_RelationalEqs_splitClauses_1":[104],
"cegarIterationNumber_Octagon_splitClauses_1":[0],
"solvingTime_Term_splitClauses_1":[122],
"solvingTime_Octagon_splitClauses_0":[97],
"cegarIterationNumber_RelationalEqs_splitClauses_1":[0],
"cegarIterationNumber_Term_splitClauses_1":[0],
"dummyFiled":[]
}