{
"cegarIterationNumber_Term_splitClauses_0":[19],
"cegarIterationNumber_RelationalIneqs_splitClauses_1":[33],
"cegarIterationNumber_Octagon_splitClauses_0":[19],
"solvingTime_RelationalIneqs_splitClauses_1":[2159],
"solvingTime_Term_splitClauses_0":[1440],
"cegarIterationNumber_RelationalIneqs_splitClauses_0":[19],
"solvingTime_RelationalIneqs_splitClauses_0":[1455],
"solvingTime_Octagon_splitClauses_1":[1798],
"cegarIterationNumber_RelationalEqs_splitClauses_0":[19],
"solvingTime_RelationalEqs_splitClauses_0":[1448],
"solvingTime_RelationalEqs_splitClauses_1":[1924],
"cegarIterationNumber_Octagon_splitClauses_1":[33],
"solvingTime_Term_splitClauses_1":[1972],
"solvingTime_Octagon_splitClauses_0":[1385],
"cegarIterationNumber_RelationalEqs_splitClauses_1":[33],
"cegarIterationNumber_Term_splitClauses_1":[33],
"dummyFiled":[]
}