{
"cegarIterationNumber_Term_splitClauses_0":[0],
"cegarIterationNumber_RelationalIneqs_splitClauses_1":[0],
"cegarIterationNumber_Octagon_splitClauses_0":[0],
"solvingTime_RelationalIneqs_splitClauses_1":[27],
"solvingTime_Term_splitClauses_0":[24],
"cegarIterationNumber_RelationalIneqs_splitClauses_0":[0],
"solvingTime_RelationalIneqs_splitClauses_0":[21],
"solvingTime_Octagon_splitClauses_1":[24],
"cegarIterationNumber_RelationalEqs_splitClauses_0":[0],
"solvingTime_RelationalEqs_splitClauses_0":[19],
"solvingTime_RelationalEqs_splitClauses_1":[31],
"cegarIterationNumber_Octagon_splitClauses_1":[0],
"solvingTime_Term_splitClauses_1":[23],
"solvingTime_Octagon_splitClauses_0":[46],
"cegarIterationNumber_RelationalEqs_splitClauses_1":[0],
"cegarIterationNumber_Term_splitClauses_1":[0],
"dummyFiled":[]
}