{
"cegarIterationNumber_Term_splitClauses_0":[5],
"cegarIterationNumber_RelationalIneqs_splitClauses_1":[5],
"cegarIterationNumber_Octagon_splitClauses_0":[5],
"solvingTime_RelationalIneqs_splitClauses_1":[745],
"solvingTime_Term_splitClauses_0":[581],
"cegarIterationNumber_RelationalIneqs_splitClauses_0":[5],
"solvingTime_RelationalIneqs_splitClauses_0":[724],
"solvingTime_Octagon_splitClauses_1":[677],
"cegarIterationNumber_RelationalEqs_splitClauses_0":[5],
"solvingTime_RelationalEqs_splitClauses_0":[701],
"solvingTime_RelationalEqs_splitClauses_1":[558],
"cegarIterationNumber_Octagon_splitClauses_1":[5],
"solvingTime_Term_splitClauses_1":[709],
"solvingTime_Octagon_splitClauses_0":[749],
"cegarIterationNumber_RelationalEqs_splitClauses_1":[5],
"cegarIterationNumber_Term_splitClauses_1":[5],
"dummyFiled":[]
}