{
"cegarIterationNumber_Term_splitClauses_0":[45],
"cegarIterationNumber_RelationalIneqs_splitClauses_1":[44],
"cegarIterationNumber_Octagon_splitClauses_0":[44],
"solvingTime_RelationalIneqs_splitClauses_1":[88523],
"solvingTime_Term_splitClauses_0":[71464],
"cegarIterationNumber_RelationalIneqs_splitClauses_0":[44],
"solvingTime_RelationalIneqs_splitClauses_0":[110905],
"solvingTime_Octagon_splitClauses_1":[10800000],
"cegarIterationNumber_RelationalEqs_splitClauses_0":[53],
"solvingTime_RelationalEqs_splitClauses_0":[125350],
"solvingTime_RelationalEqs_splitClauses_1":[114151],
"cegarIterationNumber_Octagon_splitClauses_1":[10800000],
"solvingTime_Term_splitClauses_1":[69485],
"solvingTime_Octagon_splitClauses_0":[95912],
"cegarIterationNumber_RelationalEqs_splitClauses_1":[46],
"cegarIterationNumber_Term_splitClauses_1":[47],
"dummyFiled":[]
}