{
"smt2FileSizeByte_All_splitClauses_1":["79074"],
"generatedPredicateNumber_All_splitClauses_1":["10800000"],
"unlabeledTemplateRelationSymbolNumber_PredictedCDHG_splitClauses_0":["25"],
"relationSymbolNumberBeforeSimplification_Unlabeled_splitClauses_1":["237"],
"predicateGeneratorTime_Term_splitClauses_0":["10800000"],
"averagePredicateSize_Random_splitClauses_1":["1"],
"labeledBinaryVariableTemplatesNumber_Labeled_splitClauses_1":["49"],
"clauseNumberBeforeSimplification_All_splitClauses_1":["113"],
"minedTemplateRelationSymbolNumber_Term_splitClauses_0":["25"],
"solvingTime_Labeled_splitClauses_1":["1181"],
"unlabeledTemplateNumber_Labeled_splitClauses_1":["1490"],
"relationSymbolNumberAfterSimplification_All_splitClauses_1":["126"],
"minedTemplateRelationSymbolNumber_Octagon_splitClauses_1":["25"],
"clauseNumberAfterSimplification_Mined_splitClauses_1":["77"],
"relationSymbolNumberBeforeSimplification_Octagon_splitClauses_0":["237"],
"unlabeledBinaryVariableTemplatesNumber_Term_splitClauses_0":["936"],
"labeledTemplateNumber_PredictedCDHG_splitClauses_0":["52"],
"solvability_Empty_splitClauses_0":["10800000"],
"unlabeledTemplateRelationSymbolNumber_Random_splitClauses_1":["25"],
"labeledBinaryVariableTemplatesNumber_Octagon_splitClauses_0":["49"],
"relationSymbolNumberBeforeSimplification_Random_splitClauses_1":["237"],
"minedTemplateRelationSymbolNumber_Random_splitClauses_1":["25"],
"unlabeledSingleVariableTemplatesNumber_Mined_splitClauses_0":["554"],
"unlabeledBinaryVariableTemplatesNumber_PredictedCG_splitClauses_1":["936"],
"solvability_All_splitClauses_0":["10800000"],
"predicateGeneratorTime_RelationalEqs_splitClauses_1":["660"],
"relationSymbolNumberBeforeSimplification_PredictedCDHG_splitClauses_1":["237"],
"smt2FileSizeByte_PredictedCG_splitClauses_1":["79074"],
"labeledSingleVariableTemplatesNumber_Unlabeled_splitClauses_1":["3"],
"labeledBinaryVariableTemplatesNumber_PredictedCG_splitClauses_1":["49"],
"minedBinaryVariableTemplatesNumber_PredictedCG_splitClauses_0":["49"],
"solvability_Random_splitClauses_0":["10800000"],
"relationSymbolNumberAfterSimplification_PredictedCG_splitClauses_1":["126"],
"clauseNumberBeforeSimplification_PredictedCDHG_splitClauses_1":["113"],
"labeledSingleVariableTemplatesNumber_Mined_splitClauses_0":["3"],
"solvability_Unlabeled_splitClauses_1":["1"],
"cegarIterationNumber_Labeled_splitClauses_1":["26"],
"smt2FileSizeByte_Mined_splitClauses_0":["79074"],
"relationSymbolNumberAfterSimplification_Mined_splitClauses_0":["126"],
"labeledSingleVariableTemplatesNumber_PredictedCG_splitClauses_1":["3"],
"smt2FileSizeByte_Octagon_splitClauses_1":["79074"],
"minedTemplateNumber_Labeled_splitClauses_1":["241"],
"labeledSingleVariableTemplatesNumber_RelationalIneqs_splitClauses_1":["3"],
"clauseNumberAfterSimplification_Labeled_splitClauses_1":["77"],
"relationSymbolNumberAfterSimplification_Labeled_splitClauses_0":["126"],
"smt2FileSizeByte_Random_splitClauses_0":["79074"],
"relationSymbolNumberAfterSimplification_PredictedCDHG_splitClauses_0":["126"],
"unlabeledTemplateRelationSymbolNumber_PredictedCDHG_splitClauses_1":["25"],
"labeledSingleVariableTemplatesNumber_Term_splitClauses_0":["3"],
"generatedPredicateNumber_PredictedCDHG_splitClauses_1":["10800000"],
"minedSingleVariableTemplatesNumber_Unlabeled_splitClauses_0":["192"],
"generatedPredicateNumber_Octagon_splitClauses_1":["51"],
"labeledSingleVariableTemplatesNumber_RelationalEqs_splitClauses_0":["3"],
"predicateGeneratorTime_PredictedCG_splitClauses_1":["10800000"],
"relationSymbolNumberAfterSimplification_Octagon_splitClauses_0":["126"],
"labeledTemplateNumber_Labeled_splitClauses_1":["52"],
"labeledSingleVariableTemplatesNumber_Empty_splitClauses_0":["3"],
"minedTemplateRelationSymbolNumber_RelationalIneqs_splitClauses_1":["25"],
"unlabeledSingleVariableTemplatesNumber_All_splitClauses_1":["554"],
"labeledBinaryVariableTemplatesNumber_PredictedCDHG_splitClauses_1":["49"],
"unlabeledSingleVariableTemplatesNumber_RelationalEqs_splitClauses_1":["554"],
"cegarIterationNumber_Term_splitClauses_0":["10800000"],
"unlabeledBinaryVariableTemplatesNumber_Labeled_splitClauses_1":["936"],
"unlabeledSingleVariableTemplatesNumber_Term_splitClauses_1":["554"],
"clauseNumberAfterSimplification_All_splitClauses_1":["77"],
"minedSingleVariableTemplatesNumber_Random_splitClauses_0":["192"],
"solvability_RelationalIneqs_splitClauses_1":["1"],
"minedTemplateNumber_Labeled_splitClauses_0":["241"],
"minedSingleVariableTemplatesNumber_Octagon_splitClauses_0":["192"],
"minedSingleVariableTemplatesNumber_Term_splitClauses_1":["192"],
"minedBinaryVariableTemplatesNumber_PredictedCDHG_splitClauses_1":["49"],
"generatedPredicateNumber_Mined_splitClauses_1":["51"],
"labeledSingleVariableTemplatesNumber_RelationalIneqs_splitClauses_0":["3"],
"averagePredicateSize_Mined_splitClauses_0":["10800000"],
"cegarIterationNumber_Unlabeled_splitClauses_0":["10800000"],
"minedBinaryVariableTemplatesNumber_Random_splitClauses_0":["49"],
"labeledTemplateNumber_Mined_splitClauses_1":["52"],
"labeledBinaryVariableTemplatesNumber_Random_splitClauses_0":["49"],
"unlabeledTemplateRelationSymbolNumber_Unlabeled_splitClauses_1":["25"],
"cegarIterationNumber_Mined_splitClauses_0":["10800000"],
"minedTemplateRelationSymbolNumber_Labeled_splitClauses_0":["25"],
"unlabeledBinaryVariableTemplatesNumber_RelationalIneqs_splitClauses_1":["936"],
"unlabeledBinaryVariableTemplatesNumber_Octagon_splitClauses_0":["936"],
"solvability_Mined_splitClauses_0":["10800000"],
"averagePredicateSize_RelationalEqs_splitClauses_0":["10800000"],
"clauseNumberAfterSimplification_Term_splitClauses_0":["77"],
"unlabeledTemplateNumber_Mined_splitClauses_0":["1490"],
"relationSymbolNumberAfterSimplification_Random_splitClauses_1":["126"],
"unlabeledTemplateNumber_PredictedCDHG_splitClauses_0":["1490"],
"cegarIterationNumber_RelationalIneqs_splitClauses_1":["26"],
"minedBinaryVariableTemplatesNumber_Unlabeled_splitClauses_1":["49"],
"labeledTemplateNumber_PredictedCG_splitClauses_1":["52"],
"labeledTemplateRelationSymbolNumber_Mined_splitClauses_0":["20"],
"labeledBinaryVariableTemplatesNumber_Mined_splitClauses_1":["49"],
"relationSymbolNumberBeforeSimplification_Mined_splitClauses_0":["237"],
"relationSymbolNumberBeforeSimplification_RelationalIneqs_splitClauses_0":["237"],
"clauseNumberAfterSimplification_RelationalIneqs_splitClauses_1":["77"],
"minedSingleVariableTemplatesNumber_PredictedCDHG_splitClauses_0":["192"],
"solvability_Labeled_splitClauses_1":["1"],
"labeledSingleVariableTemplatesNumber_Octagon_splitClauses_1":["3"],
"averagePredicateSize_Random_splitClauses_0":["10800000"],
"smt2FileSizeByte_RelationalIneqs_splitClauses_0":["79074"],
"generatedPredicateNumber_Unlabeled_splitClauses_0":["10800000"],
"solvability_RelationalEqs_splitClauses_0":["10800000"],
"predicateGeneratorTime_Empty_splitClauses_1":["786"],
"minedSingleVariableTemplatesNumber_Mined_splitClauses_0":["192"],
"relationSymbolNumberAfterSimplification_Unlabeled_splitClauses_0":["126"],
"minedTemplateRelationSymbolNumber_PredictedCDHG_splitClauses_1":["25"],
"minedTemplateNumber_PredictedCG_splitClauses_0":["241"],
"averagePredicateSize_RelationalIneqs_splitClauses_1":["1"],
"labeledTemplateRelationSymbolNumber_Random_splitClauses_1":["20"],
"minedTemplateNumber_RelationalIneqs_splitClauses_0":["241"],
"predicateGeneratorTime_RelationalIneqs_splitClauses_0":["10800000"],
"labeledTemplateRelationSymbolNumber_Empty_splitClauses_0":["20"],
"minedBinaryVariableTemplatesNumber_Octagon_splitClauses_0":["49"],
"labeledSingleVariableTemplatesNumber_Term_splitClauses_1":["3"],
"labeledBinaryVariableTemplatesNumber_Empty_splitClauses_0":["49"],
"minedTemplateNumber_Octagon_splitClauses_0":["241"],
"labeledBinaryVariableTemplatesNumber_Unlabeled_splitClauses_0":["49"],
"relationSymbolNumberBeforeSimplification_Empty_splitClauses_0":["237"],
"clauseNumberAfterSimplification_PredictedCDHG_splitClauses_0":["77"],
"smt2FileSizeByte_PredictedCG_splitClauses_0":["79074"],
"minedBinaryVariableTemplatesNumber_RelationalEqs_splitClauses_0":["49"],
"relationSymbolNumberBeforeSimplification_Unlabeled_splitClauses_0":["237"],
"labeledTemplateRelationSymbolNumber_RelationalEqs_splitClauses_1":["20"],
"minedBinaryVariableTemplatesNumber_Random_splitClauses_1":["49"],
"clauseNumberAfterSimplification_Unlabeled_splitClauses_1":["77"],
"minedSingleVariableTemplatesNumber_PredictedCDHG_splitClauses_1":["192"],
"labeledBinaryVariableTemplatesNumber_Term_splitClauses_1":["49"],
"clauseNumberBeforeSimplification_Empty_splitClauses_1":["113"],
"relationSymbolNumberAfterSimplification_Octagon_splitClauses_1":["126"],
"relationSymbolNumberAfterSimplification_Term_splitClauses_0":["126"],
"minedBinaryVariableTemplatesNumber_Mined_splitClauses_1":["49"],
"unlabeledBinaryVariableTemplatesNumber_Unlabeled_splitClauses_1":["936"],
"relationSymbolNumberBeforeSimplification_Random_splitClauses_0":["237"],
"relationSymbolNumberAfterSimplification_PredictedCDHG_splitClauses_1":["126"],
"unlabeledTemplateNumber_PredictedCG_splitClauses_1":["1490"],
"generatedPredicateNumber_Empty_splitClauses_0":["10800000"],
"predicateGeneratorTime_RelationalIneqs_splitClauses_1":["622"],
"unlabeledSingleVariableTemplatesNumber_Empty_splitClauses_0":["554"],
"cegarIterationNumber_Octagon_splitClauses_0":["10800000"],
"clauseNumberAfterSimplification_Octagon_splitClauses_1":["77"],
"unlabeledSingleVariableTemplatesNumber_Labeled_splitClauses_1":["554"],
"clauseNumberBeforeSimplification_Random_splitClauses_1":["113"],
"minedTemplateRelationSymbolNumber_All_splitClauses_0":["25"],
"unlabeledTemplateRelationSymbolNumber_RelationalEqs_splitClauses_0":["25"],
"minedSingleVariableTemplatesNumber_Unlabeled_splitClauses_1":["192"],
"clauseNumberBeforeSimplification_RelationalEqs_splitClauses_0":["113"],
"minedTemplateNumber_Unlabeled_splitClauses_0":["241"],
"generatedPredicateNumber_Octagon_splitClauses_0":["10800000"],
"predicateGeneratorTime_PredictedCDHG_splitClauses_0":["10800000"],
"clauseNumberAfterSimplification_PredictedCG_splitClauses_1":["77"],
"labeledSingleVariableTemplatesNumber_RelationalEqs_splitClauses_1":["3"],
"smt2FileSizeByte_Random_splitClauses_1":["79074"],
"averagePredicateSize_PredictedCG_splitClauses_1":["10800000"],
"cegarIterationNumber_PredictedCDHG_splitClauses_1":["10800000"],
"clauseNumberAfterSimplification_RelationalEqs_splitClauses_1":["77"],
"minedBinaryVariableTemplatesNumber_Empty_splitClauses_1":["49"],
"relationSymbolNumberAfterSimplification_RelationalEqs_splitClauses_1":["126"],
"minedTemplateNumber_PredictedCDHG_splitClauses_0":["241"],
"labeledBinaryVariableTemplatesNumber_All_splitClauses_1":["49"],
"solvingTime_RelationalIneqs_splitClauses_1":["957"],
"unlabeledTemplateRelationSymbolNumber_RelationalEqs_splitClauses_1":["25"],
"smt2FileSizeByte_Unlabeled_splitClauses_0":["79074"],
"relationSymbolNumberBeforeSimplification_Mined_splitClauses_1":["237"],
"relationSymbolNumberAfterSimplification_Mined_splitClauses_1":["126"],
"generatedPredicateNumber_All_splitClauses_0":["10800000"],
"relationSymbolNumberBeforeSimplification_Octagon_splitClauses_1":["237"],
"predicateGeneratorTime_Octagon_splitClauses_1":["792"],
"solvability_Mined_splitClauses_1":["1"],
"minedTemplateRelationSymbolNumber_Term_splitClauses_1":["25"],
"clauseNumberAfterSimplification_Mined_splitClauses_0":["77"],
"solvability_PredictedCDHG_splitClauses_0":["10800000"],
"solvingTime_Empty_splitClauses_0":["10800000"],
"unlabeledSingleVariableTemplatesNumber_Unlabeled_splitClauses_1":["554"],
"minedTemplateNumber_Term_splitClauses_1":["241"],
"averagePredicateSize_Octagon_splitClauses_1":["1"],
"unlabeledSingleVariableTemplatesNumber_Octagon_splitClauses_1":["554"],
"minedTemplateRelationSymbolNumber_RelationalEqs_splitClauses_1":["25"],
"relationSymbolNumberBeforeSimplification_All_splitClauses_1":["237"],
"minedBinaryVariableTemplatesNumber_RelationalIneqs_splitClauses_0":["49"],
"predicateGeneratorTime_Term_splitClauses_1":["797"],
"solvingTime_Labeled_splitClauses_0":["10800000"],
"unlabeledBinaryVariableTemplatesNumber_PredictedCG_splitClauses_0":["936"],
"minedTemplateNumber_All_splitClauses_0":["241"],
"predicateGeneratorTime_Labeled_splitClauses_1":["892"],
"unlabeledTemplateRelationSymbolNumber_Empty_splitClauses_0":["25"],
"unlabeledTemplateNumber_Mined_splitClauses_1":["1490"],
"solvability_PredictedCG_splitClauses_1":["10800000"],
"unlabeledTemplateNumber_Term_splitClauses_0":["1490"],
"minedBinaryVariableTemplatesNumber_PredictedCG_splitClauses_1":["49"],
"labeledSingleVariableTemplatesNumber_PredictedCDHG_splitClauses_0":["3"],
"minedBinaryVariableTemplatesNumber_All_splitClauses_0":["49"],
"averagePredicateSize_PredictedCDHG_splitClauses_1":["10800000"],
"predicateGeneratorTime_PredictedCG_splitClauses_0":["10800000"],
"generatedPredicateNumber_RelationalIneqs_splitClauses_0":["10800000"],
"labeledTemplateNumber_Empty_splitClauses_0":["52"],
"relationSymbolNumberAfterSimplification_RelationalIneqs_splitClauses_1":["126"],
"unlabeledTemplateRelationSymbolNumber_Term_splitClauses_0":["25"],
"minedTemplateNumber_All_splitClauses_1":["241"],
"labeledSingleVariableTemplatesNumber_Empty_splitClauses_1":["3"],
"minedBinaryVariableTemplatesNumber_Unlabeled_splitClauses_0":["49"],
"labeledTemplateNumber_Random_splitClauses_0":["52"],
"minedBinaryVariableTemplatesNumber_All_splitClauses_1":["49"],
"unlabeledSingleVariableTemplatesNumber_All_splitClauses_0":["554"],
"relationSymbolNumberBeforeSimplification_Labeled_splitClauses_1":["237"],
"smt2FileSizeByte_PredictedCDHG_splitClauses_1":["79074"],
"labeledBinaryVariableTemplatesNumber_PredictedCDHG_splitClauses_0":["49"],
"averagePredicateSize_RelationalEqs_splitClauses_1":["1"],
"minedSingleVariableTemplatesNumber_Term_splitClauses_0":["192"],
"labeledTemplateRelationSymbolNumber_Term_splitClauses_1":["20"],
"generatedPredicateNumber_Random_splitClauses_0":["10800000"],
"labeledBinaryVariableTemplatesNumber_Empty_splitClauses_1":["49"],
"relationSymbolNumberAfterSimplification_Term_splitClauses_1":["126"],
"clauseNumberAfterSimplification_Labeled_splitClauses_0":["77"],
"labeledSingleVariableTemplatesNumber_Labeled_splitClauses_0":["3"],
"minedTemplateNumber_Mined_splitClauses_1":["241"],
"labeledTemplateRelationSymbolNumber_Labeled_splitClauses_0":["20"],
"unlabeledTemplateRelationSymbolNumber_Mined_splitClauses_1":["25"],
"solvability_Labeled_splitClauses_0":["10800000"],
"minedTemplateNumber_RelationalEqs_splitClauses_1":["241"],
"solvingTime_Random_splitClauses_1":["764"],
"minedTemplateNumber_Random_splitClauses_0":["241"],
"cegarIterationNumber_Unlabeled_splitClauses_1":["26"],
"minedTemplateNumber_RelationalIneqs_splitClauses_1":["241"],
"unlabeledBinaryVariableTemplatesNumber_Octagon_splitClauses_1":["936"],
"minedSingleVariableTemplatesNumber_Octagon_splitClauses_1":["192"],
"minedSingleVariableTemplatesNumber_Random_splitClauses_1":["192"],
"averagePredicateSize_All_splitClauses_1":["10800000"],
"minedTemplateNumber_Empty_splitClauses_0":["241"],
"labeledTemplateNumber_Mined_splitClauses_0":["52"],
"unlabeledBinaryVariableTemplatesNumber_All_splitClauses_0":["936"],
"relationSymbolNumberAfterSimplification_Labeled_splitClauses_1":["126"],
"labeledSingleVariableTemplatesNumber_PredictedCDHG_splitClauses_1":["3"],
"minedSingleVariableTemplatesNumber_Mined_splitClauses_1":["192"],
"labeledTemplateRelationSymbolNumber_Term_splitClauses_0":["20"],
"unlabeledTemplateRelationSymbolNumber_Term_splitClauses_1":["25"],
"predicateGeneratorTime_All_splitClauses_1":["10800000"],
"unlabeledSingleVariableTemplatesNumber_Random_splitClauses_0":["554"],
"predicateGeneratorTime_Unlabeled_splitClauses_1":["586"],
"cegarIterationNumber_PredictedCDHG_splitClauses_0":["10800000"],
"labeledTemplateNumber_RelationalEqs_splitClauses_0":["52"],
"labeledTemplateRelationSymbolNumber_Mined_splitClauses_1":["20"],
"labeledTemplateRelationSymbolNumber_Random_splitClauses_0":["20"],
"labeledBinaryVariableTemplatesNumber_RelationalEqs_splitClauses_1":["49"],
"generatedPredicateNumber_RelationalIneqs_splitClauses_1":["51"],
"unlabeledTemplateRelationSymbolNumber_PredictedCG_splitClauses_1":["25"],
"unlabeledSingleVariableTemplatesNumber_RelationalEqs_splitClauses_0":["554"],
"labeledBinaryVariableTemplatesNumber_Labeled_splitClauses_0":["49"],
"minedBinaryVariableTemplatesNumber_PredictedCDHG_splitClauses_0":["49"],
"unlabeledTemplateRelationSymbolNumber_Unlabeled_splitClauses_0":["25"],
"clauseNumberAfterSimplification_Term_splitClauses_1":["77"],
"unlabeledTemplateNumber_Octagon_splitClauses_0":["1490"],
"unlabeledBinaryVariableTemplatesNumber_RelationalEqs_splitClauses_1":["936"],
"unlabeledTemplateNumber_PredictedCG_splitClauses_0":["1490"],
"unlabeledTemplateNumber_All_splitClauses_0":["1490"],
"labeledTemplateRelationSymbolNumber_RelationalIneqs_splitClauses_1":["20"],
"unlabeledSingleVariableTemplatesNumber_Mined_splitClauses_1":["554"],
"labeledTemplateRelationSymbolNumber_Unlabeled_splitClauses_1":["20"],
"labeledBinaryVariableTemplatesNumber_Random_splitClauses_1":["49"],
"solvability_Random_splitClauses_1":["1"],
"solvingTime_Term_splitClauses_0":["10800000"],
"minedSingleVariableTemplatesNumber_Labeled_splitClauses_1":["192"],
"clauseNumberBeforeSimplification_Term_splitClauses_0":["113"],
"relationSymbolNumberBeforeSimplification_RelationalIneqs_splitClauses_1":["237"],
"minedTemplateRelationSymbolNumber_Mined_splitClauses_0":["25"],
"solvability_Octagon_splitClauses_1":["1"],
"minedSingleVariableTemplatesNumber_RelationalIneqs_splitClauses_1":["192"],
"smt2FileSizeByte_Labeled_splitClauses_0":["79074"],
"solvability_RelationalEqs_splitClauses_1":["1"],
"unlabeledSingleVariableTemplatesNumber_Empty_splitClauses_1":["554"],
"labeledTemplateNumber_PredictedCDHG_splitClauses_1":["52"],
"minedTemplateRelationSymbolNumber_Octagon_splitClauses_0":["25"],
"clauseNumberAfterSimplification_Unlabeled_splitClauses_0":["77"],
"clauseNumberBeforeSimplification_Unlabeled_splitClauses_0":["113"],
"clauseNumberBeforeSimplification_PredictedCDHG_splitClauses_0":["113"],
"cegarIterationNumber_RelationalIneqs_splitClauses_0":["10800000"],
"labeledTemplateRelationSymbolNumber_RelationalEqs_splitClauses_0":["20"],
"averagePredicateSize_Labeled_splitClauses_0":["10800000"],
"smt2FileSizeByte_RelationalIneqs_splitClauses_1":["79074"],
"clauseNumberBeforeSimplification_RelationalEqs_splitClauses_1":["113"],
"unlabeledTemplateRelationSymbolNumber_RelationalIneqs_splitClauses_1":["25"],
"clauseNumberBeforeSimplification_PredictedCG_splitClauses_0":["113"],
"solvingTime_PredictedCDHG_splitClauses_0":["10800000"],
"labeledTemplateRelationSymbolNumber_Octagon_splitClauses_1":["20"],
"minedTemplateRelationSymbolNumber_PredictedCG_splitClauses_1":["25"],
"relationSymbolNumberBeforeSimplification_RelationalEqs_splitClauses_1":["237"],
"labeledTemplateNumber_Random_splitClauses_1":["52"],
"solvingTime_RelationalIneqs_splitClauses_0":["10800000"],
"labeledTemplateNumber_All_splitClauses_1":["52"],
"unlabeledTemplateNumber_Random_splitClauses_1":["1490"],
"relationSymbolNumberBeforeSimplification_All_splitClauses_0":["237"],
"smt2FileSizeByte_Unlabeled_splitClauses_1":["79074"],
"cegarIterationNumber_PredictedCG_splitClauses_0":["10800000"],
"predicateGeneratorTime_Octagon_splitClauses_0":["10800000"],
"unlabeledTemplateNumber_RelationalEqs_splitClauses_1":["1490"],
"clauseNumberAfterSimplification_Octagon_splitClauses_0":["77"],
"cegarIterationNumber_Random_splitClauses_0":["10800000"],
"solvability_PredictedCDHG_splitClauses_1":["10800000"],
"solvability_PredictedCG_splitClauses_0":["10800000"],
"solvingTime_PredictedCG_splitClauses_1":["10800000"],
"unlabeledSingleVariableTemplatesNumber_Unlabeled_splitClauses_0":["554"],
"unlabeledTemplateNumber_Unlabeled_splitClauses_0":["1490"],
"labeledTemplateRelationSymbolNumber_RelationalIneqs_splitClauses_0":["20"],
"minedTemplateNumber_Random_splitClauses_1":["241"],
"generatedPredicateNumber_RelationalEqs_splitClauses_0":["10800000"],
"minedTemplateNumber_Term_splitClauses_0":["241"],
"solvingTime_All_splitClauses_1":["10800000"],
"minedSingleVariableTemplatesNumber_PredictedCG_splitClauses_0":["192"],
"smt2FileSizeByte_Term_splitClauses_1":["79074"],
"labeledBinaryVariableTemplatesNumber_All_splitClauses_0":["49"],
"minedTemplateNumber_PredictedCDHG_splitClauses_1":["241"],
"minedTemplateRelationSymbolNumber_PredictedCDHG_splitClauses_0":["25"],
"averagePredicateSize_Unlabeled_splitClauses_0":["10800000"],
"minedBinaryVariableTemplatesNumber_Octagon_splitClauses_1":["49"],
"unlabeledSingleVariableTemplatesNumber_Random_splitClauses_1":["554"],
"clauseNumberBeforeSimplification_Random_splitClauses_0":["113"],
"solvingTime_Unlabeled_splitClauses_1":["920"],
"predicateGeneratorTime_PredictedCDHG_splitClauses_1":["10800000"],
"averagePredicateSize_PredictedCDHG_splitClauses_0":["10800000"],
"relationSymbolNumberAfterSimplification_RelationalEqs_splitClauses_0":["126"],
"minedBinaryVariableTemplatesNumber_Term_splitClauses_0":["49"],
"labeledTemplateNumber_RelationalIneqs_splitClauses_0":["52"],
"clauseNumberAfterSimplification_Random_splitClauses_0":["77"],
"clauseNumberAfterSimplification_PredictedCG_splitClauses_0":["77"],
"generatedPredicateNumber_Empty_splitClauses_1":["51"],
"clauseNumberBeforeSimplification_Octagon_splitClauses_0":["113"],
"unlabeledTemplateNumber_Empty_splitClauses_0":["1490"],
"minedSingleVariableTemplatesNumber_All_splitClauses_0":["192"],
"labeledTemplateRelationSymbolNumber_Octagon_splitClauses_0":["20"],
"generatedPredicateNumber_Random_splitClauses_1":["51"],
"clauseNumberAfterSimplification_RelationalEqs_splitClauses_0":["77"],
"labeledBinaryVariableTemplatesNumber_Term_splitClauses_0":["49"],
"minedSingleVariableTemplatesNumber_RelationalEqs_splitClauses_0":["192"],
"minedTemplateNumber_Mined_splitClauses_0":["241"],
"relationSymbolNumberBeforeSimplification_PredictedCG_splitClauses_0":["237"],
"averagePredicateSize_Octagon_splitClauses_0":["10800000"],
"unlabeledBinaryVariableTemplatesNumber_Empty_splitClauses_1":["936"],
"unlabeledSingleVariableTemplatesNumber_PredictedCDHG_splitClauses_0":["554"],
"unlabeledSingleVariableTemplatesNumber_PredictedCG_splitClauses_1":["554"],
"labeledTemplateRelationSymbolNumber_Labeled_splitClauses_1":["20"],
"minedTemplateRelationSymbolNumber_Random_splitClauses_0":["25"],
"unlabeledTemplateRelationSymbolNumber_PredictedCG_splitClauses_0":["25"],
"unlabeledTemplateNumber_RelationalIneqs_splitClauses_0":["1490"],
"unlabeledSingleVariableTemplatesNumber_Labeled_splitClauses_0":["554"],
"relationSymbolNumberAfterSimplification_PredictedCG_splitClauses_0":["126"],
"minedTemplateNumber_Unlabeled_splitClauses_1":["241"],
"generatedPredicateNumber_PredictedCG_splitClauses_0":["10800000"],
"labeledTemplateNumber_Unlabeled_splitClauses_1":["52"],
"unlabeledTemplateRelationSymbolNumber_Empty_splitClauses_1":["25"],
"clauseNumberBeforeSimplification_Empty_splitClauses_0":["113"],
"solvingTime_Octagon_splitClauses_1":["1124"],
"cegarIterationNumber_Mined_splitClauses_1":["26"],
"clauseNumberBeforeSimplification_Mined_splitClauses_1":["113"],
"smt2FileSizeByte_PredictedCDHG_splitClauses_0":["79074"],
"averagePredicateSize_PredictedCG_splitClauses_0":["10800000"],
"solvingTime_Random_splitClauses_0":["10800000"],
"minedTemplateNumber_RelationalEqs_splitClauses_0":["241"],
"unlabeledSingleVariableTemplatesNumber_RelationalIneqs_splitClauses_0":["554"],
"unlabeledTemplateNumber_Unlabeled_splitClauses_1":["1490"],
"labeledBinaryVariableTemplatesNumber_RelationalEqs_splitClauses_0":["49"],
"generatedPredicateNumber_PredictedCDHG_splitClauses_0":["10800000"],
"relationSymbolNumberAfterSimplification_RelationalIneqs_splitClauses_0":["126"],
"minedTemplateRelationSymbolNumber_Empty_splitClauses_1":["25"],
"predicateGeneratorTime_Random_splitClauses_1":["565"],
"labeledTemplateNumber_Term_splitClauses_1":["52"],
"relationSymbolNumberBeforeSimplification_RelationalEqs_splitClauses_0":["237"],
"minedSingleVariableTemplatesNumber_Empty_splitClauses_1":["192"],
"minedSingleVariableTemplatesNumber_RelationalIneqs_splitClauses_0":["192"],
"clauseNumberAfterSimplification_All_splitClauses_0":["77"],
"unlabeledBinaryVariableTemplatesNumber_RelationalEqs_splitClauses_0":["936"],
"cegarIterationNumber_RelationalEqs_splitClauses_0":["10800000"],
"labeledTemplateRelationSymbolNumber_PredictedCDHG_splitClauses_0":["20"],
"labeledSingleVariableTemplatesNumber_Labeled_splitClauses_1":["3"],
"unlabeledBinaryVariableTemplatesNumber_All_splitClauses_1":["936"],
"minedTemplateRelationSymbolNumber_Unlabeled_splitClauses_1":["25"],
"solvingTime_RelationalEqs_splitClauses_0":["10800000"],
"solvingTime_RelationalEqs_splitClauses_1":["948"],
"minedBinaryVariableTemplatesNumber_Mined_splitClauses_0":["49"],
"clauseNumberBeforeSimplification_All_splitClauses_0":["113"],
"clauseNumberBeforeSimplification_RelationalIneqs_splitClauses_1":["113"],
"labeledTemplateNumber_RelationalEqs_splitClauses_1":["52"],
"labeledBinaryVariableTemplatesNumber_RelationalIneqs_splitClauses_0":["49"],
"relationSymbolNumberBeforeSimplification_Labeled_splitClauses_0":["237"],
"clauseNumberAfterSimplification_Empty_splitClauses_0":["77"],
"averagePredicateSize_Empty_splitClauses_0":["10800000"],
"unlabeledTemplateNumber_Term_splitClauses_1":["1490"],
"predicateGeneratorTime_Mined_splitClauses_1":["671"],
"labeledBinaryVariableTemplatesNumber_RelationalIneqs_splitClauses_1":["49"],
"predicateGeneratorTime_Unlabeled_splitClauses_0":["10800000"],
"relationSymbolNumberAfterSimplification_Empty_splitClauses_0":["126"],
"generatedPredicateNumber_Mined_splitClauses_0":["10800000"],
"generatedPredicateNumber_RelationalEqs_splitClauses_1":["51"],
"labeledTemplateRelationSymbolNumber_PredictedCG_splitClauses_0":["20"],
"minedSingleVariableTemplatesNumber_PredictedCG_splitClauses_1":["192"],
"minedTemplateRelationSymbolNumber_PredictedCG_splitClauses_0":["25"],
"unlabeledTemplateRelationSymbolNumber_Labeled_splitClauses_0":["25"],
"solvability_Empty_splitClauses_1":["1"],
"averagePredicateSize_Term_splitClauses_0":["10800000"],
"cegarIterationNumber_Random_splitClauses_1":["26"],
"averagePredicateSize_Labeled_splitClauses_1":["1"],
"unlabeledBinaryVariableTemplatesNumber_Unlabeled_splitClauses_0":["936"],
"generatedPredicateNumber_Unlabeled_splitClauses_1":["51"],
"predicateGeneratorTime_All_splitClauses_0":["10800000"],
"unlabeledBinaryVariableTemplatesNumber_PredictedCDHG_splitClauses_1":["936"],
"clauseNumberBeforeSimplification_Labeled_splitClauses_1":["113"],
"minedBinaryVariableTemplatesNumber_Labeled_splitClauses_1":["49"],
"labeledSingleVariableTemplatesNumber_All_splitClauses_0":["3"],
"unlabeledTemplateRelationSymbolNumber_Mined_splitClauses_0":["25"],
"cegarIterationNumber_Octagon_splitClauses_1":["26"],
"labeledTemplateNumber_Octagon_splitClauses_0":["52"],
"labeledTemplateRelationSymbolNumber_All_splitClauses_1":["20"],
"smt2FileSizeByte_Empty_splitClauses_0":["79074"],
"unlabeledTemplateNumber_Octagon_splitClauses_1":["1490"],
"predicateGeneratorTime_RelationalEqs_splitClauses_0":["10800000"],
"unlabeledTemplateRelationSymbolNumber_RelationalIneqs_splitClauses_0":["25"],
"smt2FileSizeByte_RelationalEqs_splitClauses_1":["79074"],
"unlabeledTemplateNumber_Labeled_splitClauses_0":["1490"],
"minedSingleVariableTemplatesNumber_Labeled_splitClauses_0":["192"],
"solvingTime_PredictedCDHG_splitClauses_1":["10800000"],
"relationSymbolNumberBeforeSimplification_Term_splitClauses_1":["237"],
"minedTemplateNumber_Octagon_splitClauses_1":["241"],
"clauseNumberBeforeSimplification_Mined_splitClauses_0":["113"],
"smt2FileSizeByte_All_splitClauses_0":["79074"],
"solvingTime_All_splitClauses_0":["10800000"],
"minedBinaryVariableTemplatesNumber_Term_splitClauses_1":["49"],
"unlabeledTemplateRelationSymbolNumber_Random_splitClauses_0":["25"],
"cegarIterationNumber_All_splitClauses_0":["10800000"],
"smt2FileSizeByte_RelationalEqs_splitClauses_0":["79074"],
"unlabeledSingleVariableTemplatesNumber_PredictedCDHG_splitClauses_1":["554"],
"clauseNumberBeforeSimplification_Labeled_splitClauses_0":["113"],
"cegarIterationNumber_PredictedCG_splitClauses_1":["10800000"],
"labeledTemplateRelationSymbolNumber_Unlabeled_splitClauses_0":["20"],
"unlabeledTemplateRelationSymbolNumber_Octagon_splitClauses_1":["25"],
"unlabeledTemplateNumber_Empty_splitClauses_1":["1490"],
"clauseNumberBeforeSimplification_Octagon_splitClauses_1":["113"],
"labeledTemplateNumber_Unlabeled_splitClauses_0":["52"],
"labeledBinaryVariableTemplatesNumber_PredictedCG_splitClauses_0":["49"],
"solvability_Term_splitClauses_1":["1"],
"solvability_Octagon_splitClauses_0":["10800000"],
"minedTemplateRelationSymbolNumber_RelationalIneqs_splitClauses_0":["25"],
"clauseNumberBeforeSimplification_RelationalIneqs_splitClauses_0":["113"],
"labeledTemplateNumber_PredictedCG_splitClauses_0":["52"],
"cegarIterationNumber_Labeled_splitClauses_0":["10800000"],
"smt2FileSizeByte_Labeled_splitClauses_1":["79074"],
"clauseNumberBeforeSimplification_Unlabeled_splitClauses_1":["113"],
"generatedPredicateNumber_Term_splitClauses_1":["51"],
"solvingTime_Term_splitClauses_1":["1106"],
"unlabeledBinaryVariableTemplatesNumber_Random_splitClauses_1":["936"],
"unlabeledSingleVariableTemplatesNumber_Octagon_splitClauses_0":["554"],
"solvingTime_Octagon_splitClauses_0":["10800000"],
"labeledSingleVariableTemplatesNumber_Mined_splitClauses_1":["3"],
"averagePredicateSize_Term_splitClauses_1":["1"],
"labeledTemplateNumber_Labeled_splitClauses_0":["52"],
"unlabeledSingleVariableTemplatesNumber_PredictedCG_splitClauses_0":["554"],
"smt2FileSizeByte_Mined_splitClauses_1":["79074"],
"labeledBinaryVariableTemplatesNumber_Unlabeled_splitClauses_1":["49"],
"labeledTemplateNumber_All_splitClauses_0":["52"],
"unlabeledTemplateNumber_Random_splitClauses_0":["1490"],
"labeledTemplateNumber_Octagon_splitClauses_1":["52"],
"unlabeledTemplateNumber_PredictedCDHG_splitClauses_1":["1490"],
"unlabeledBinaryVariableTemplatesNumber_Mined_splitClauses_0":["936"],
"minedTemplateRelationSymbolNumber_Mined_splitClauses_1":["25"],
"labeledTemplateNumber_RelationalIneqs_splitClauses_1":["52"],
"relationSymbolNumberAfterSimplification_All_splitClauses_0":["126"],
"relationSymbolNumberBeforeSimplification_PredictedCDHG_splitClauses_0":["237"],
"solvability_Term_splitClauses_0":["10800000"],
"clauseNumberBeforeSimplification_PredictedCG_splitClauses_1":["113"],
"generatedPredicateNumber_Labeled_splitClauses_1":["51"],
"labeledSingleVariableTemplatesNumber_Unlabeled_splitClauses_0":["3"],
"unlabeledBinaryVariableTemplatesNumber_Empty_splitClauses_0":["936"],
"solvingTime_Mined_splitClauses_0":["10800000"],
"unlabeledTemplateNumber_All_splitClauses_1":["1490"],
"clauseNumberAfterSimplification_Random_splitClauses_1":["77"],
"labeledBinaryVariableTemplatesNumber_Octagon_splitClauses_1":["49"],
"unlabeledBinaryVariableTemplatesNumber_Labeled_splitClauses_0":["936"],
"smt2FileSizeByte_Octagon_splitClauses_0":["79074"],
"labeledSingleVariableTemplatesNumber_Random_splitClauses_1":["3"],
"solvability_Unlabeled_splitClauses_0":["10800000"],
"solvingTime_Unlabeled_splitClauses_0":["10800000"],
"unlabeledTemplateRelationSymbolNumber_All_splitClauses_1":["25"],
"minedTemplateNumber_Empty_splitClauses_1":["241"],
"solvability_RelationalIneqs_splitClauses_0":["10800000"],
"unlabeledTemplateRelationSymbolNumber_Labeled_splitClauses_1":["25"],
"cegarIterationNumber_RelationalEqs_splitClauses_1":["26"],
"minedSingleVariableTemplatesNumber_RelationalEqs_splitClauses_1":["192"],
"clauseNumberAfterSimplification_PredictedCDHG_splitClauses_1":["77"],
"minedBinaryVariableTemplatesNumber_RelationalIneqs_splitClauses_1":["49"],
"unlabeledBinaryVariableTemplatesNumber_Mined_splitClauses_1":["936"],
"unlabeledBinaryVariableTemplatesNumber_PredictedCDHG_splitClauses_0":["936"],
"solvingTime_Empty_splitClauses_1":["1088"],
"labeledTemplateRelationSymbolNumber_Empty_splitClauses_1":["20"],
"generatedPredicateNumber_Term_splitClauses_0":["10800000"],
"averagePredicateSize_Empty_splitClauses_1":["1"],
"generatedPredicateNumber_PredictedCG_splitClauses_1":["10800000"],
"labeledTemplateRelationSymbolNumber_PredictedCDHG_splitClauses_1":["20"],
"predicateGeneratorTime_Mined_splitClauses_0":["10800000"],
"relationSymbolNumberBeforeSimplification_Term_splitClauses_0":["237"],
"predicateGeneratorTime_Labeled_splitClauses_0":["10800000"],
"labeledSingleVariableTemplatesNumber_Random_splitClauses_0":["3"],
"unlabeledTemplateRelationSymbolNumber_All_splitClauses_0":["25"],
"minedBinaryVariableTemplatesNumber_Labeled_splitClauses_0":["49"],
"generatedPredicateNumber_Labeled_splitClauses_0":["10800000"],
"relationSymbolNumberAfterSimplification_Empty_splitClauses_1":["126"],
"solvingTime_Mined_splitClauses_1":["975"],
"minedSingleVariableTemplatesNumber_All_splitClauses_1":["192"],
"predicateGeneratorTime_Random_splitClauses_0":["10800000"],
"cegarIterationNumber_Term_splitClauses_1":["26"],
"labeledTemplateNumber_Empty_splitClauses_1":["52"],
"clauseNumberAfterSimplification_Empty_splitClauses_1":["77"],
"minedTemplateRelationSymbolNumber_Empty_splitClauses_0":["25"],
"unlabeledSingleVariableTemplatesNumber_Term_splitClauses_0":["554"],
"minedSingleVariableTemplatesNumber_Empty_splitClauses_0":["192"],
"relationSymbolNumberAfterSimplification_Random_splitClauses_0":["126"],
"minedTemplateRelationSymbolNumber_RelationalEqs_splitClauses_0":["25"],
"cegarIterationNumber_Empty_splitClauses_0":["10800000"],
"minedBinaryVariableTemplatesNumber_RelationalEqs_splitClauses_1":["49"],
"relationSymbolNumberBeforeSimplification_PredictedCG_splitClauses_1":["237"],
"labeledSingleVariableTemplatesNumber_All_splitClauses_1":["3"],
"unlabeledTemplateRelationSymbolNumber_Octagon_splitClauses_0":["25"],
"minedTemplateRelationSymbolNumber_Unlabeled_splitClauses_0":["25"],
"labeledBinaryVariableTemplatesNumber_Mined_splitClauses_0":["49"],
"relationSymbolNumberAfterSimplification_Unlabeled_splitClauses_1":["126"],
"minedTemplateNumber_PredictedCG_splitClauses_1":["241"],
"cegarIterationNumber_Empty_splitClauses_1":["26"],
"averagePredicateSize_RelationalIneqs_splitClauses_0":["10800000"],
"solvability_All_splitClauses_1":["10800000"],
"unlabeledBinaryVariableTemplatesNumber_Term_splitClauses_1":["936"],
"minedTemplateRelationSymbolNumber_Labeled_splitClauses_1":["25"],
"averagePredicateSize_Unlabeled_splitClauses_1":["1"],
"labeledTemplateNumber_Term_splitClauses_0":["52"],
"smt2FileSizeByte_Empty_splitClauses_1":["79074"],
"solvingTime_PredictedCG_splitClauses_0":["10800000"],
"cegarIterationNumber_All_splitClauses_1":["10800000"],
"clauseNumberBeforeSimplification_Term_splitClauses_1":["113"],
"predicateGeneratorTime_Empty_splitClauses_0":["10800000"],
"relationSymbolNumberBeforeSimplification_Empty_splitClauses_1":["237"],
"averagePredicateSize_All_splitClauses_0":["10800000"],
"unlabeledBinaryVariableTemplatesNumber_Random_splitClauses_0":["936"],
"smt2FileSizeByte_Term_splitClauses_0":["79074"],
"averagePredicateSize_Mined_splitClauses_1":["1"],
"minedBinaryVariableTemplatesNumber_Empty_splitClauses_0":["49"],
"minedTemplateRelationSymbolNumber_All_splitClauses_1":["25"],
"labeledSingleVariableTemplatesNumber_PredictedCG_splitClauses_0":["3"],
"unlabeledBinaryVariableTemplatesNumber_RelationalIneqs_splitClauses_0":["936"],
"unlabeledSingleVariableTemplatesNumber_RelationalIneqs_splitClauses_1":["554"],
"clauseNumberAfterSimplification_RelationalIneqs_splitClauses_0":["77"],
"unlabeledTemplateNumber_RelationalEqs_splitClauses_0":["1490"],
"unlabeledTemplateNumber_RelationalIneqs_splitClauses_1":["1490"],
"labeledTemplateRelationSymbolNumber_PredictedCG_splitClauses_1":["20"],
"labeledTemplateRelationSymbolNumber_All_splitClauses_0":["20"],
"labeledSingleVariableTemplatesNumber_Octagon_splitClauses_0":["3"],
"dummyFiled":[]
}