{
"smt2FileSizeByte_All_splitClauses_1":["11294"],
"generatedPredicateNumber_All_splitClauses_1":["10800000"],
"unlabeledTemplateRelationSymbolNumber_PredictedCDHG_splitClauses_0":["40"],
"relationSymbolNumberBeforeSimplification_Unlabeled_splitClauses_1":["192"],
"predicateGeneratorTime_Term_splitClauses_0":["10800000"],
"averagePredicateSize_Random_splitClauses_1":["1"],
"labeledBinaryVariableTemplatesNumber_Labeled_splitClauses_1":["5"],
"clauseNumberBeforeSimplification_All_splitClauses_1":["48"],
"minedTemplateRelationSymbolNumber_Term_splitClauses_0":["40"],
"solvingTime_Labeled_splitClauses_1":["1419"],
"unlabeledTemplateNumber_Labeled_splitClauses_1":["993"],
"relationSymbolNumberAfterSimplification_All_splitClauses_1":["181"],
"minedTemplateRelationSymbolNumber_Octagon_splitClauses_1":["40"],
"clauseNumberAfterSimplification_Mined_splitClauses_1":["58"],
"relationSymbolNumberBeforeSimplification_Octagon_splitClauses_0":["192"],
"unlabeledBinaryVariableTemplatesNumber_Term_splitClauses_0":["582"],
"labeledTemplateNumber_PredictedCDHG_splitClauses_0":["5"],
"solvability_Empty_splitClauses_0":["10800000"],
"unlabeledTemplateRelationSymbolNumber_Random_splitClauses_1":["40"],
"labeledBinaryVariableTemplatesNumber_Octagon_splitClauses_0":["5"],
"relationSymbolNumberBeforeSimplification_Random_splitClauses_1":["192"],
"minedTemplateRelationSymbolNumber_Random_splitClauses_1":["40"],
"unlabeledSingleVariableTemplatesNumber_Mined_splitClauses_0":["411"],
"unlabeledBinaryVariableTemplatesNumber_PredictedCG_splitClauses_1":["582"],
"solvability_All_splitClauses_0":["10800000"],
"predicateGeneratorTime_RelationalEqs_splitClauses_1":["581"],
"relationSymbolNumberBeforeSimplification_PredictedCDHG_splitClauses_1":["192"],
"smt2FileSizeByte_PredictedCG_splitClauses_1":["11294"],
"labeledSingleVariableTemplatesNumber_Unlabeled_splitClauses_1":["0"],
"labeledBinaryVariableTemplatesNumber_PredictedCG_splitClauses_1":["5"],
"minedBinaryVariableTemplatesNumber_PredictedCG_splitClauses_0":["5"],
"solvability_Random_splitClauses_0":["10800000"],
"relationSymbolNumberAfterSimplification_PredictedCG_splitClauses_1":["181"],
"clauseNumberBeforeSimplification_PredictedCDHG_splitClauses_1":["48"],
"labeledSingleVariableTemplatesNumber_Mined_splitClauses_0":["0"],
"solvability_Unlabeled_splitClauses_1":["1"],
"cegarIterationNumber_Labeled_splitClauses_1":["11"],
"smt2FileSizeByte_Mined_splitClauses_0":["11294"],
"relationSymbolNumberAfterSimplification_Mined_splitClauses_0":["181"],
"labeledSingleVariableTemplatesNumber_PredictedCG_splitClauses_1":["0"],
"smt2FileSizeByte_Octagon_splitClauses_1":["11294"],
"minedTemplateNumber_Labeled_splitClauses_1":["142"],
"labeledSingleVariableTemplatesNumber_RelationalIneqs_splitClauses_1":["0"],
"clauseNumberAfterSimplification_Labeled_splitClauses_1":["58"],
"relationSymbolNumberAfterSimplification_Labeled_splitClauses_0":["181"],
"smt2FileSizeByte_Random_splitClauses_0":["11294"],
"relationSymbolNumberAfterSimplification_PredictedCDHG_splitClauses_0":["181"],
"unlabeledTemplateRelationSymbolNumber_PredictedCDHG_splitClauses_1":["40"],
"labeledSingleVariableTemplatesNumber_Term_splitClauses_0":["0"],
"generatedPredicateNumber_PredictedCDHG_splitClauses_1":["10800000"],
"minedSingleVariableTemplatesNumber_Unlabeled_splitClauses_0":["137"],
"generatedPredicateNumber_Octagon_splitClauses_1":["33"],
"labeledSingleVariableTemplatesNumber_RelationalEqs_splitClauses_0":["0"],
"predicateGeneratorTime_PredictedCG_splitClauses_1":["10800000"],
"relationSymbolNumberAfterSimplification_Octagon_splitClauses_0":["181"],
"labeledTemplateNumber_Labeled_splitClauses_1":["5"],
"labeledSingleVariableTemplatesNumber_Empty_splitClauses_0":["0"],
"minedTemplateRelationSymbolNumber_RelationalIneqs_splitClauses_1":["40"],
"unlabeledSingleVariableTemplatesNumber_All_splitClauses_1":["411"],
"labeledBinaryVariableTemplatesNumber_PredictedCDHG_splitClauses_1":["5"],
"unlabeledSingleVariableTemplatesNumber_RelationalEqs_splitClauses_1":["411"],
"cegarIterationNumber_Term_splitClauses_0":["10800000"],
"unlabeledBinaryVariableTemplatesNumber_Labeled_splitClauses_1":["582"],
"unlabeledSingleVariableTemplatesNumber_Term_splitClauses_1":["411"],
"clauseNumberAfterSimplification_All_splitClauses_1":["58"],
"minedSingleVariableTemplatesNumber_Random_splitClauses_0":["137"],
"solvability_RelationalIneqs_splitClauses_1":["1"],
"minedTemplateNumber_Labeled_splitClauses_0":["142"],
"minedSingleVariableTemplatesNumber_Octagon_splitClauses_0":["137"],
"minedSingleVariableTemplatesNumber_Term_splitClauses_1":["137"],
"minedBinaryVariableTemplatesNumber_PredictedCDHG_splitClauses_1":["5"],
"generatedPredicateNumber_Mined_splitClauses_1":["33"],
"labeledSingleVariableTemplatesNumber_RelationalIneqs_splitClauses_0":["0"],
"averagePredicateSize_Mined_splitClauses_0":["10800000"],
"cegarIterationNumber_Unlabeled_splitClauses_0":["10800000"],
"minedBinaryVariableTemplatesNumber_Random_splitClauses_0":["5"],
"labeledTemplateNumber_Mined_splitClauses_1":["5"],
"labeledBinaryVariableTemplatesNumber_Random_splitClauses_0":["5"],
"unlabeledTemplateRelationSymbolNumber_Unlabeled_splitClauses_1":["40"],
"cegarIterationNumber_Mined_splitClauses_0":["10800000"],
"minedTemplateRelationSymbolNumber_Labeled_splitClauses_0":["40"],
"unlabeledBinaryVariableTemplatesNumber_RelationalIneqs_splitClauses_1":["582"],
"unlabeledBinaryVariableTemplatesNumber_Octagon_splitClauses_0":["582"],
"solvability_Mined_splitClauses_0":["10800000"],
"averagePredicateSize_RelationalEqs_splitClauses_0":["10800000"],
"clauseNumberAfterSimplification_Term_splitClauses_0":["58"],
"unlabeledTemplateNumber_Mined_splitClauses_0":["993"],
"relationSymbolNumberAfterSimplification_Random_splitClauses_1":["181"],
"unlabeledTemplateNumber_PredictedCDHG_splitClauses_0":["993"],
"cegarIterationNumber_RelationalIneqs_splitClauses_1":["11"],
"minedBinaryVariableTemplatesNumber_Unlabeled_splitClauses_1":["5"],
"labeledTemplateNumber_PredictedCG_splitClauses_1":["5"],
"labeledTemplateRelationSymbolNumber_Mined_splitClauses_0":["5"],
"labeledBinaryVariableTemplatesNumber_Mined_splitClauses_1":["5"],
"relationSymbolNumberBeforeSimplification_Mined_splitClauses_0":["192"],
"relationSymbolNumberBeforeSimplification_RelationalIneqs_splitClauses_0":["192"],
"clauseNumberAfterSimplification_RelationalIneqs_splitClauses_1":["58"],
"minedSingleVariableTemplatesNumber_PredictedCDHG_splitClauses_0":["137"],
"solvability_Labeled_splitClauses_1":["1"],
"labeledSingleVariableTemplatesNumber_Octagon_splitClauses_1":["0"],
"averagePredicateSize_Random_splitClauses_0":["10800000"],
"smt2FileSizeByte_RelationalIneqs_splitClauses_0":["11294"],
"generatedPredicateNumber_Unlabeled_splitClauses_0":["10800000"],
"solvability_RelationalEqs_splitClauses_0":["10800000"],
"predicateGeneratorTime_Empty_splitClauses_1":["697"],
"minedSingleVariableTemplatesNumber_Mined_splitClauses_0":["137"],
"relationSymbolNumberAfterSimplification_Unlabeled_splitClauses_0":["181"],
"minedTemplateRelationSymbolNumber_PredictedCDHG_splitClauses_1":["40"],
"minedTemplateNumber_PredictedCG_splitClauses_0":["142"],
"averagePredicateSize_RelationalIneqs_splitClauses_1":["1"],
"labeledTemplateRelationSymbolNumber_Random_splitClauses_1":["5"],
"minedTemplateNumber_RelationalIneqs_splitClauses_0":["142"],
"predicateGeneratorTime_RelationalIneqs_splitClauses_0":["10800000"],
"labeledTemplateRelationSymbolNumber_Empty_splitClauses_0":["5"],
"minedBinaryVariableTemplatesNumber_Octagon_splitClauses_0":["5"],
"labeledSingleVariableTemplatesNumber_Term_splitClauses_1":["0"],
"labeledBinaryVariableTemplatesNumber_Empty_splitClauses_0":["5"],
"minedTemplateNumber_Octagon_splitClauses_0":["142"],
"labeledBinaryVariableTemplatesNumber_Unlabeled_splitClauses_0":["5"],
"relationSymbolNumberBeforeSimplification_Empty_splitClauses_0":["192"],
"clauseNumberAfterSimplification_PredictedCDHG_splitClauses_0":["58"],
"smt2FileSizeByte_PredictedCG_splitClauses_0":["11294"],
"minedBinaryVariableTemplatesNumber_RelationalEqs_splitClauses_0":["5"],
"relationSymbolNumberBeforeSimplification_Unlabeled_splitClauses_0":["192"],
"labeledTemplateRelationSymbolNumber_RelationalEqs_splitClauses_1":["5"],
"minedBinaryVariableTemplatesNumber_Random_splitClauses_1":["5"],
"clauseNumberAfterSimplification_Unlabeled_splitClauses_1":["58"],
"minedSingleVariableTemplatesNumber_PredictedCDHG_splitClauses_1":["137"],
"labeledBinaryVariableTemplatesNumber_Term_splitClauses_1":["5"],
"clauseNumberBeforeSimplification_Empty_splitClauses_1":["48"],
"relationSymbolNumberAfterSimplification_Octagon_splitClauses_1":["181"],
"relationSymbolNumberAfterSimplification_Term_splitClauses_0":["181"],
"minedBinaryVariableTemplatesNumber_Mined_splitClauses_1":["5"],
"unlabeledBinaryVariableTemplatesNumber_Unlabeled_splitClauses_1":["582"],
"relationSymbolNumberBeforeSimplification_Random_splitClauses_0":["192"],
"relationSymbolNumberAfterSimplification_PredictedCDHG_splitClauses_1":["181"],
"unlabeledTemplateNumber_PredictedCG_splitClauses_1":["993"],
"generatedPredicateNumber_Empty_splitClauses_0":["10800000"],
"predicateGeneratorTime_RelationalIneqs_splitClauses_1":["733"],
"unlabeledSingleVariableTemplatesNumber_Empty_splitClauses_0":["411"],
"cegarIterationNumber_Octagon_splitClauses_0":["10800000"],
"clauseNumberAfterSimplification_Octagon_splitClauses_1":["58"],
"unlabeledSingleVariableTemplatesNumber_Labeled_splitClauses_1":["411"],
"clauseNumberBeforeSimplification_Random_splitClauses_1":["48"],
"minedTemplateRelationSymbolNumber_All_splitClauses_0":["40"],
"unlabeledTemplateRelationSymbolNumber_RelationalEqs_splitClauses_0":["40"],
"minedSingleVariableTemplatesNumber_Unlabeled_splitClauses_1":["137"],
"clauseNumberBeforeSimplification_RelationalEqs_splitClauses_0":["48"],
"minedTemplateNumber_Unlabeled_splitClauses_0":["142"],
"generatedPredicateNumber_Octagon_splitClauses_0":["10800000"],
"predicateGeneratorTime_PredictedCDHG_splitClauses_0":["10800000"],
"clauseNumberAfterSimplification_PredictedCG_splitClauses_1":["58"],
"labeledSingleVariableTemplatesNumber_RelationalEqs_splitClauses_1":["0"],
"smt2FileSizeByte_Random_splitClauses_1":["11294"],
"averagePredicateSize_PredictedCG_splitClauses_1":["10800000"],
"cegarIterationNumber_PredictedCDHG_splitClauses_1":["10800000"],
"clauseNumberAfterSimplification_RelationalEqs_splitClauses_1":["58"],
"minedBinaryVariableTemplatesNumber_Empty_splitClauses_1":["5"],
"relationSymbolNumberAfterSimplification_RelationalEqs_splitClauses_1":["181"],
"minedTemplateNumber_PredictedCDHG_splitClauses_0":["142"],
"labeledBinaryVariableTemplatesNumber_All_splitClauses_1":["5"],
"solvingTime_RelationalIneqs_splitClauses_1":["1220"],
"unlabeledTemplateRelationSymbolNumber_RelationalEqs_splitClauses_1":["40"],
"smt2FileSizeByte_Unlabeled_splitClauses_0":["11294"],
"relationSymbolNumberBeforeSimplification_Mined_splitClauses_1":["192"],
"relationSymbolNumberAfterSimplification_Mined_splitClauses_1":["181"],
"generatedPredicateNumber_All_splitClauses_0":["10800000"],
"relationSymbolNumberBeforeSimplification_Octagon_splitClauses_1":["192"],
"predicateGeneratorTime_Octagon_splitClauses_1":["1006"],
"solvability_Mined_splitClauses_1":["1"],
"minedTemplateRelationSymbolNumber_Term_splitClauses_1":["40"],
"clauseNumberAfterSimplification_Mined_splitClauses_0":["58"],
"solvability_PredictedCDHG_splitClauses_0":["10800000"],
"solvingTime_Empty_splitClauses_0":["10800000"],
"unlabeledSingleVariableTemplatesNumber_Unlabeled_splitClauses_1":["411"],
"minedTemplateNumber_Term_splitClauses_1":["142"],
"averagePredicateSize_Octagon_splitClauses_1":["1"],
"unlabeledSingleVariableTemplatesNumber_Octagon_splitClauses_1":["411"],
"minedTemplateRelationSymbolNumber_RelationalEqs_splitClauses_1":["40"],
"relationSymbolNumberBeforeSimplification_All_splitClauses_1":["192"],
"minedBinaryVariableTemplatesNumber_RelationalIneqs_splitClauses_0":["5"],
"predicateGeneratorTime_Term_splitClauses_1":["677"],
"solvingTime_Labeled_splitClauses_0":["10800000"],
"unlabeledBinaryVariableTemplatesNumber_PredictedCG_splitClauses_0":["582"],
"minedTemplateNumber_All_splitClauses_0":["142"],
"predicateGeneratorTime_Labeled_splitClauses_1":["858"],
"unlabeledTemplateRelationSymbolNumber_Empty_splitClauses_0":["40"],
"unlabeledTemplateNumber_Mined_splitClauses_1":["993"],
"solvability_PredictedCG_splitClauses_1":["10800000"],
"unlabeledTemplateNumber_Term_splitClauses_0":["993"],
"minedBinaryVariableTemplatesNumber_PredictedCG_splitClauses_1":["5"],
"labeledSingleVariableTemplatesNumber_PredictedCDHG_splitClauses_0":["0"],
"minedBinaryVariableTemplatesNumber_All_splitClauses_0":["5"],
"averagePredicateSize_PredictedCDHG_splitClauses_1":["10800000"],
"predicateGeneratorTime_PredictedCG_splitClauses_0":["10800000"],
"generatedPredicateNumber_RelationalIneqs_splitClauses_0":["10800000"],
"labeledTemplateNumber_Empty_splitClauses_0":["5"],
"relationSymbolNumberAfterSimplification_RelationalIneqs_splitClauses_1":["181"],
"unlabeledTemplateRelationSymbolNumber_Term_splitClauses_0":["40"],
"minedTemplateNumber_All_splitClauses_1":["142"],
"labeledSingleVariableTemplatesNumber_Empty_splitClauses_1":["0"],
"minedBinaryVariableTemplatesNumber_Unlabeled_splitClauses_0":["5"],
"labeledTemplateNumber_Random_splitClauses_0":["5"],
"minedBinaryVariableTemplatesNumber_All_splitClauses_1":["5"],
"unlabeledSingleVariableTemplatesNumber_All_splitClauses_0":["411"],
"relationSymbolNumberBeforeSimplification_Labeled_splitClauses_1":["192"],
"smt2FileSizeByte_PredictedCDHG_splitClauses_1":["11294"],
"labeledBinaryVariableTemplatesNumber_PredictedCDHG_splitClauses_0":["5"],
"averagePredicateSize_RelationalEqs_splitClauses_1":["1"],
"minedSingleVariableTemplatesNumber_Term_splitClauses_0":["137"],
"labeledTemplateRelationSymbolNumber_Term_splitClauses_1":["5"],
"generatedPredicateNumber_Random_splitClauses_0":["10800000"],
"labeledBinaryVariableTemplatesNumber_Empty_splitClauses_1":["5"],
"relationSymbolNumberAfterSimplification_Term_splitClauses_1":["181"],
"clauseNumberAfterSimplification_Labeled_splitClauses_0":["58"],
"labeledSingleVariableTemplatesNumber_Labeled_splitClauses_0":["0"],
"minedTemplateNumber_Mined_splitClauses_1":["142"],
"labeledTemplateRelationSymbolNumber_Labeled_splitClauses_0":["5"],
"unlabeledTemplateRelationSymbolNumber_Mined_splitClauses_1":["40"],
"solvability_Labeled_splitClauses_0":["10800000"],
"minedTemplateNumber_RelationalEqs_splitClauses_1":["142"],
"solvingTime_Random_splitClauses_1":["1866"],
"minedTemplateNumber_Random_splitClauses_0":["142"],
"cegarIterationNumber_Unlabeled_splitClauses_1":["11"],
"minedTemplateNumber_RelationalIneqs_splitClauses_1":["142"],
"unlabeledBinaryVariableTemplatesNumber_Octagon_splitClauses_1":["582"],
"minedSingleVariableTemplatesNumber_Octagon_splitClauses_1":["137"],
"minedSingleVariableTemplatesNumber_Random_splitClauses_1":["137"],
"averagePredicateSize_All_splitClauses_1":["10800000"],
"minedTemplateNumber_Empty_splitClauses_0":["142"],
"labeledTemplateNumber_Mined_splitClauses_0":["5"],
"unlabeledBinaryVariableTemplatesNumber_All_splitClauses_0":["582"],
"relationSymbolNumberAfterSimplification_Labeled_splitClauses_1":["181"],
"labeledSingleVariableTemplatesNumber_PredictedCDHG_splitClauses_1":["0"],
"minedSingleVariableTemplatesNumber_Mined_splitClauses_1":["137"],
"labeledTemplateRelationSymbolNumber_Term_splitClauses_0":["5"],
"unlabeledTemplateRelationSymbolNumber_Term_splitClauses_1":["40"],
"predicateGeneratorTime_All_splitClauses_1":["10800000"],
"unlabeledSingleVariableTemplatesNumber_Random_splitClauses_0":["411"],
"predicateGeneratorTime_Unlabeled_splitClauses_1":["668"],
"cegarIterationNumber_PredictedCDHG_splitClauses_0":["10800000"],
"labeledTemplateNumber_RelationalEqs_splitClauses_0":["5"],
"labeledTemplateRelationSymbolNumber_Mined_splitClauses_1":["5"],
"labeledTemplateRelationSymbolNumber_Random_splitClauses_0":["5"],
"labeledBinaryVariableTemplatesNumber_RelationalEqs_splitClauses_1":["5"],
"generatedPredicateNumber_RelationalIneqs_splitClauses_1":["33"],
"unlabeledTemplateRelationSymbolNumber_PredictedCG_splitClauses_1":["40"],
"unlabeledSingleVariableTemplatesNumber_RelationalEqs_splitClauses_0":["411"],
"labeledBinaryVariableTemplatesNumber_Labeled_splitClauses_0":["5"],
"minedBinaryVariableTemplatesNumber_PredictedCDHG_splitClauses_0":["5"],
"unlabeledTemplateRelationSymbolNumber_Unlabeled_splitClauses_0":["40"],
"clauseNumberAfterSimplification_Term_splitClauses_1":["58"],
"unlabeledTemplateNumber_Octagon_splitClauses_0":["993"],
"unlabeledBinaryVariableTemplatesNumber_RelationalEqs_splitClauses_1":["582"],
"unlabeledTemplateNumber_PredictedCG_splitClauses_0":["993"],
"unlabeledTemplateNumber_All_splitClauses_0":["993"],
"labeledTemplateRelationSymbolNumber_RelationalIneqs_splitClauses_1":["5"],
"unlabeledSingleVariableTemplatesNumber_Mined_splitClauses_1":["411"],
"labeledTemplateRelationSymbolNumber_Unlabeled_splitClauses_1":["5"],
"labeledBinaryVariableTemplatesNumber_Random_splitClauses_1":["5"],
"solvability_Random_splitClauses_1":["1"],
"solvingTime_Term_splitClauses_0":["10800000"],
"minedSingleVariableTemplatesNumber_Labeled_splitClauses_1":["137"],
"clauseNumberBeforeSimplification_Term_splitClauses_0":["48"],
"relationSymbolNumberBeforeSimplification_RelationalIneqs_splitClauses_1":["192"],
"minedTemplateRelationSymbolNumber_Mined_splitClauses_0":["40"],
"solvability_Octagon_splitClauses_1":["1"],
"minedSingleVariableTemplatesNumber_RelationalIneqs_splitClauses_1":["137"],
"smt2FileSizeByte_Labeled_splitClauses_0":["11294"],
"solvability_RelationalEqs_splitClauses_1":["1"],
"unlabeledSingleVariableTemplatesNumber_Empty_splitClauses_1":["411"],
"labeledTemplateNumber_PredictedCDHG_splitClauses_1":["5"],
"minedTemplateRelationSymbolNumber_Octagon_splitClauses_0":["40"],
"clauseNumberAfterSimplification_Unlabeled_splitClauses_0":["58"],
"clauseNumberBeforeSimplification_Unlabeled_splitClauses_0":["48"],
"clauseNumberBeforeSimplification_PredictedCDHG_splitClauses_0":["48"],
"cegarIterationNumber_RelationalIneqs_splitClauses_0":["10800000"],
"labeledTemplateRelationSymbolNumber_RelationalEqs_splitClauses_0":["5"],
"averagePredicateSize_Labeled_splitClauses_0":["10800000"],
"smt2FileSizeByte_RelationalIneqs_splitClauses_1":["11294"],
"clauseNumberBeforeSimplification_RelationalEqs_splitClauses_1":["48"],
"unlabeledTemplateRelationSymbolNumber_RelationalIneqs_splitClauses_1":["40"],
"clauseNumberBeforeSimplification_PredictedCG_splitClauses_0":["48"],
"solvingTime_PredictedCDHG_splitClauses_0":["10800000"],
"labeledTemplateRelationSymbolNumber_Octagon_splitClauses_1":["5"],
"minedTemplateRelationSymbolNumber_PredictedCG_splitClauses_1":["40"],
"relationSymbolNumberBeforeSimplification_RelationalEqs_splitClauses_1":["192"],
"labeledTemplateNumber_Random_splitClauses_1":["5"],
"solvingTime_RelationalIneqs_splitClauses_0":["10800000"],
"labeledTemplateNumber_All_splitClauses_1":["5"],
"unlabeledTemplateNumber_Random_splitClauses_1":["993"],
"relationSymbolNumberBeforeSimplification_All_splitClauses_0":["192"],
"smt2FileSizeByte_Unlabeled_splitClauses_1":["11294"],
"cegarIterationNumber_PredictedCG_splitClauses_0":["10800000"],
"predicateGeneratorTime_Octagon_splitClauses_0":["10800000"],
"unlabeledTemplateNumber_RelationalEqs_splitClauses_1":["993"],
"clauseNumberAfterSimplification_Octagon_splitClauses_0":["58"],
"cegarIterationNumber_Random_splitClauses_0":["10800000"],
"solvability_PredictedCDHG_splitClauses_1":["10800000"],
"solvability_PredictedCG_splitClauses_0":["10800000"],
"solvingTime_PredictedCG_splitClauses_1":["10800000"],
"unlabeledSingleVariableTemplatesNumber_Unlabeled_splitClauses_0":["411"],
"unlabeledTemplateNumber_Unlabeled_splitClauses_0":["993"],
"labeledTemplateRelationSymbolNumber_RelationalIneqs_splitClauses_0":["5"],
"minedTemplateNumber_Random_splitClauses_1":["142"],
"generatedPredicateNumber_RelationalEqs_splitClauses_0":["10800000"],
"minedTemplateNumber_Term_splitClauses_0":["142"],
"solvingTime_All_splitClauses_1":["10800000"],
"minedSingleVariableTemplatesNumber_PredictedCG_splitClauses_0":["137"],
"smt2FileSizeByte_Term_splitClauses_1":["11294"],
"labeledBinaryVariableTemplatesNumber_All_splitClauses_0":["5"],
"minedTemplateNumber_PredictedCDHG_splitClauses_1":["142"],
"minedTemplateRelationSymbolNumber_PredictedCDHG_splitClauses_0":["40"],
"averagePredicateSize_Unlabeled_splitClauses_0":["10800000"],
"minedBinaryVariableTemplatesNumber_Octagon_splitClauses_1":["5"],
"unlabeledSingleVariableTemplatesNumber_Random_splitClauses_1":["411"],
"clauseNumberBeforeSimplification_Random_splitClauses_0":["48"],
"solvingTime_Unlabeled_splitClauses_1":["1133"],
"predicateGeneratorTime_PredictedCDHG_splitClauses_1":["10800000"],
"averagePredicateSize_PredictedCDHG_splitClauses_0":["10800000"],
"relationSymbolNumberAfterSimplification_RelationalEqs_splitClauses_0":["181"],
"minedBinaryVariableTemplatesNumber_Term_splitClauses_0":["5"],
"labeledTemplateNumber_RelationalIneqs_splitClauses_0":["5"],
"clauseNumberAfterSimplification_Random_splitClauses_0":["58"],
"clauseNumberAfterSimplification_PredictedCG_splitClauses_0":["58"],
"generatedPredicateNumber_Empty_splitClauses_1":["33"],
"clauseNumberBeforeSimplification_Octagon_splitClauses_0":["48"],
"unlabeledTemplateNumber_Empty_splitClauses_0":["993"],
"minedSingleVariableTemplatesNumber_All_splitClauses_0":["137"],
"labeledTemplateRelationSymbolNumber_Octagon_splitClauses_0":["5"],
"generatedPredicateNumber_Random_splitClauses_1":["33"],
"clauseNumberAfterSimplification_RelationalEqs_splitClauses_0":["58"],
"labeledBinaryVariableTemplatesNumber_Term_splitClauses_0":["5"],
"minedSingleVariableTemplatesNumber_RelationalEqs_splitClauses_0":["137"],
"minedTemplateNumber_Mined_splitClauses_0":["142"],
"relationSymbolNumberBeforeSimplification_PredictedCG_splitClauses_0":["192"],
"averagePredicateSize_Octagon_splitClauses_0":["10800000"],
"unlabeledBinaryVariableTemplatesNumber_Empty_splitClauses_1":["582"],
"unlabeledSingleVariableTemplatesNumber_PredictedCDHG_splitClauses_0":["411"],
"unlabeledSingleVariableTemplatesNumber_PredictedCG_splitClauses_1":["411"],
"labeledTemplateRelationSymbolNumber_Labeled_splitClauses_1":["5"],
"minedTemplateRelationSymbolNumber_Random_splitClauses_0":["40"],
"unlabeledTemplateRelationSymbolNumber_PredictedCG_splitClauses_0":["40"],
"unlabeledTemplateNumber_RelationalIneqs_splitClauses_0":["993"],
"unlabeledSingleVariableTemplatesNumber_Labeled_splitClauses_0":["411"],
"relationSymbolNumberAfterSimplification_PredictedCG_splitClauses_0":["181"],
"minedTemplateNumber_Unlabeled_splitClauses_1":["142"],
"generatedPredicateNumber_PredictedCG_splitClauses_0":["10800000"],
"labeledTemplateNumber_Unlabeled_splitClauses_1":["5"],
"unlabeledTemplateRelationSymbolNumber_Empty_splitClauses_1":["40"],
"clauseNumberBeforeSimplification_Empty_splitClauses_0":["48"],
"solvingTime_Octagon_splitClauses_1":["1584"],
"cegarIterationNumber_Mined_splitClauses_1":["11"],
"clauseNumberBeforeSimplification_Mined_splitClauses_1":["48"],
"smt2FileSizeByte_PredictedCDHG_splitClauses_0":["11294"],
"averagePredicateSize_PredictedCG_splitClauses_0":["10800000"],
"solvingTime_Random_splitClauses_0":["10800000"],
"minedTemplateNumber_RelationalEqs_splitClauses_0":["142"],
"unlabeledSingleVariableTemplatesNumber_RelationalIneqs_splitClauses_0":["411"],
"unlabeledTemplateNumber_Unlabeled_splitClauses_1":["993"],
"labeledBinaryVariableTemplatesNumber_RelationalEqs_splitClauses_0":["5"],
"generatedPredicateNumber_PredictedCDHG_splitClauses_0":["10800000"],
"relationSymbolNumberAfterSimplification_RelationalIneqs_splitClauses_0":["181"],
"minedTemplateRelationSymbolNumber_Empty_splitClauses_1":["40"],
"predicateGeneratorTime_Random_splitClauses_1":["1071"],
"labeledTemplateNumber_Term_splitClauses_1":["5"],
"relationSymbolNumberBeforeSimplification_RelationalEqs_splitClauses_0":["192"],
"minedSingleVariableTemplatesNumber_Empty_splitClauses_1":["137"],
"minedSingleVariableTemplatesNumber_RelationalIneqs_splitClauses_0":["137"],
"clauseNumberAfterSimplification_All_splitClauses_0":["58"],
"unlabeledBinaryVariableTemplatesNumber_RelationalEqs_splitClauses_0":["582"],
"cegarIterationNumber_RelationalEqs_splitClauses_0":["10800000"],
"labeledTemplateRelationSymbolNumber_PredictedCDHG_splitClauses_0":["5"],
"labeledSingleVariableTemplatesNumber_Labeled_splitClauses_1":["0"],
"unlabeledBinaryVariableTemplatesNumber_All_splitClauses_1":["582"],
"minedTemplateRelationSymbolNumber_Unlabeled_splitClauses_1":["40"],
"solvingTime_RelationalEqs_splitClauses_0":["10800000"],
"solvingTime_RelationalEqs_splitClauses_1":["909"],
"minedBinaryVariableTemplatesNumber_Mined_splitClauses_0":["5"],
"clauseNumberBeforeSimplification_All_splitClauses_0":["48"],
"clauseNumberBeforeSimplification_RelationalIneqs_splitClauses_1":["48"],
"labeledTemplateNumber_RelationalEqs_splitClauses_1":["5"],
"labeledBinaryVariableTemplatesNumber_RelationalIneqs_splitClauses_0":["5"],
"relationSymbolNumberBeforeSimplification_Labeled_splitClauses_0":["192"],
"clauseNumberAfterSimplification_Empty_splitClauses_0":["58"],
"averagePredicateSize_Empty_splitClauses_0":["10800000"],
"unlabeledTemplateNumber_Term_splitClauses_1":["993"],
"predicateGeneratorTime_Mined_splitClauses_1":["729"],
"labeledBinaryVariableTemplatesNumber_RelationalIneqs_splitClauses_1":["5"],
"predicateGeneratorTime_Unlabeled_splitClauses_0":["10800000"],
"relationSymbolNumberAfterSimplification_Empty_splitClauses_0":["181"],
"generatedPredicateNumber_Mined_splitClauses_0":["10800000"],
"generatedPredicateNumber_RelationalEqs_splitClauses_1":["33"],
"labeledTemplateRelationSymbolNumber_PredictedCG_splitClauses_0":["5"],
"minedSingleVariableTemplatesNumber_PredictedCG_splitClauses_1":["137"],
"minedTemplateRelationSymbolNumber_PredictedCG_splitClauses_0":["40"],
"unlabeledTemplateRelationSymbolNumber_Labeled_splitClauses_0":["40"],
"solvability_Empty_splitClauses_1":["1"],
"averagePredicateSize_Term_splitClauses_0":["10800000"],
"cegarIterationNumber_Random_splitClauses_1":["11"],
"averagePredicateSize_Labeled_splitClauses_1":["1"],
"unlabeledBinaryVariableTemplatesNumber_Unlabeled_splitClauses_0":["582"],
"generatedPredicateNumber_Unlabeled_splitClauses_1":["33"],
"predicateGeneratorTime_All_splitClauses_0":["10800000"],
"unlabeledBinaryVariableTemplatesNumber_PredictedCDHG_splitClauses_1":["582"],
"clauseNumberBeforeSimplification_Labeled_splitClauses_1":["48"],
"minedBinaryVariableTemplatesNumber_Labeled_splitClauses_1":["5"],
"labeledSingleVariableTemplatesNumber_All_splitClauses_0":["0"],
"unlabeledTemplateRelationSymbolNumber_Mined_splitClauses_0":["40"],
"cegarIterationNumber_Octagon_splitClauses_1":["11"],
"labeledTemplateNumber_Octagon_splitClauses_0":["5"],
"labeledTemplateRelationSymbolNumber_All_splitClauses_1":["5"],
"smt2FileSizeByte_Empty_splitClauses_0":["11294"],
"unlabeledTemplateNumber_Octagon_splitClauses_1":["993"],
"predicateGeneratorTime_RelationalEqs_splitClauses_0":["10800000"],
"unlabeledTemplateRelationSymbolNumber_RelationalIneqs_splitClauses_0":["40"],
"smt2FileSizeByte_RelationalEqs_splitClauses_1":["11294"],
"unlabeledTemplateNumber_Labeled_splitClauses_0":["993"],
"minedSingleVariableTemplatesNumber_Labeled_splitClauses_0":["137"],
"solvingTime_PredictedCDHG_splitClauses_1":["10800000"],
"relationSymbolNumberBeforeSimplification_Term_splitClauses_1":["192"],
"minedTemplateNumber_Octagon_splitClauses_1":["142"],
"clauseNumberBeforeSimplification_Mined_splitClauses_0":["48"],
"smt2FileSizeByte_All_splitClauses_0":["11294"],
"solvingTime_All_splitClauses_0":["10800000"],
"minedBinaryVariableTemplatesNumber_Term_splitClauses_1":["5"],
"unlabeledTemplateRelationSymbolNumber_Random_splitClauses_0":["40"],
"cegarIterationNumber_All_splitClauses_0":["10800000"],
"smt2FileSizeByte_RelationalEqs_splitClauses_0":["11294"],
"unlabeledSingleVariableTemplatesNumber_PredictedCDHG_splitClauses_1":["411"],
"clauseNumberBeforeSimplification_Labeled_splitClauses_0":["48"],
"cegarIterationNumber_PredictedCG_splitClauses_1":["10800000"],
"labeledTemplateRelationSymbolNumber_Unlabeled_splitClauses_0":["5"],
"unlabeledTemplateRelationSymbolNumber_Octagon_splitClauses_1":["40"],
"unlabeledTemplateNumber_Empty_splitClauses_1":["993"],
"clauseNumberBeforeSimplification_Octagon_splitClauses_1":["48"],
"labeledTemplateNumber_Unlabeled_splitClauses_0":["5"],
"labeledBinaryVariableTemplatesNumber_PredictedCG_splitClauses_0":["5"],
"solvability_Term_splitClauses_1":["1"],
"solvability_Octagon_splitClauses_0":["10800000"],
"minedTemplateRelationSymbolNumber_RelationalIneqs_splitClauses_0":["40"],
"clauseNumberBeforeSimplification_RelationalIneqs_splitClauses_0":["48"],
"labeledTemplateNumber_PredictedCG_splitClauses_0":["5"],
"cegarIterationNumber_Labeled_splitClauses_0":["10800000"],
"smt2FileSizeByte_Labeled_splitClauses_1":["11294"],
"clauseNumberBeforeSimplification_Unlabeled_splitClauses_1":["48"],
"generatedPredicateNumber_Term_splitClauses_1":["33"],
"solvingTime_Term_splitClauses_1":["1183"],
"unlabeledBinaryVariableTemplatesNumber_Random_splitClauses_1":["582"],
"unlabeledSingleVariableTemplatesNumber_Octagon_splitClauses_0":["411"],
"solvingTime_Octagon_splitClauses_0":["10800000"],
"labeledSingleVariableTemplatesNumber_Mined_splitClauses_1":["0"],
"averagePredicateSize_Term_splitClauses_1":["1"],
"labeledTemplateNumber_Labeled_splitClauses_0":["5"],
"unlabeledSingleVariableTemplatesNumber_PredictedCG_splitClauses_0":["411"],
"smt2FileSizeByte_Mined_splitClauses_1":["11294"],
"labeledBinaryVariableTemplatesNumber_Unlabeled_splitClauses_1":["5"],
"labeledTemplateNumber_All_splitClauses_0":["5"],
"unlabeledTemplateNumber_Random_splitClauses_0":["993"],
"labeledTemplateNumber_Octagon_splitClauses_1":["5"],
"unlabeledTemplateNumber_PredictedCDHG_splitClauses_1":["993"],
"unlabeledBinaryVariableTemplatesNumber_Mined_splitClauses_0":["582"],
"minedTemplateRelationSymbolNumber_Mined_splitClauses_1":["40"],
"labeledTemplateNumber_RelationalIneqs_splitClauses_1":["5"],
"relationSymbolNumberAfterSimplification_All_splitClauses_0":["181"],
"relationSymbolNumberBeforeSimplification_PredictedCDHG_splitClauses_0":["192"],
"solvability_Term_splitClauses_0":["10800000"],
"clauseNumberBeforeSimplification_PredictedCG_splitClauses_1":["48"],
"generatedPredicateNumber_Labeled_splitClauses_1":["33"],
"labeledSingleVariableTemplatesNumber_Unlabeled_splitClauses_0":["0"],
"unlabeledBinaryVariableTemplatesNumber_Empty_splitClauses_0":["582"],
"solvingTime_Mined_splitClauses_0":["10800000"],
"unlabeledTemplateNumber_All_splitClauses_1":["993"],
"clauseNumberAfterSimplification_Random_splitClauses_1":["58"],
"labeledBinaryVariableTemplatesNumber_Octagon_splitClauses_1":["5"],
"unlabeledBinaryVariableTemplatesNumber_Labeled_splitClauses_0":["582"],
"smt2FileSizeByte_Octagon_splitClauses_0":["11294"],
"labeledSingleVariableTemplatesNumber_Random_splitClauses_1":["0"],
"solvability_Unlabeled_splitClauses_0":["10800000"],
"solvingTime_Unlabeled_splitClauses_0":["10800000"],
"unlabeledTemplateRelationSymbolNumber_All_splitClauses_1":["40"],
"minedTemplateNumber_Empty_splitClauses_1":["142"],
"solvability_RelationalIneqs_splitClauses_0":["10800000"],
"unlabeledTemplateRelationSymbolNumber_Labeled_splitClauses_1":["40"],
"cegarIterationNumber_RelationalEqs_splitClauses_1":["11"],
"minedSingleVariableTemplatesNumber_RelationalEqs_splitClauses_1":["137"],
"clauseNumberAfterSimplification_PredictedCDHG_splitClauses_1":["58"],
"minedBinaryVariableTemplatesNumber_RelationalIneqs_splitClauses_1":["5"],
"unlabeledBinaryVariableTemplatesNumber_Mined_splitClauses_1":["582"],
"unlabeledBinaryVariableTemplatesNumber_PredictedCDHG_splitClauses_0":["582"],
"solvingTime_Empty_splitClauses_1":["1238"],
"labeledTemplateRelationSymbolNumber_Empty_splitClauses_1":["5"],
"generatedPredicateNumber_Term_splitClauses_0":["10800000"],
"averagePredicateSize_Empty_splitClauses_1":["1"],
"generatedPredicateNumber_PredictedCG_splitClauses_1":["10800000"],
"labeledTemplateRelationSymbolNumber_PredictedCDHG_splitClauses_1":["5"],
"predicateGeneratorTime_Mined_splitClauses_0":["10800000"],
"relationSymbolNumberBeforeSimplification_Term_splitClauses_0":["192"],
"predicateGeneratorTime_Labeled_splitClauses_0":["10800000"],
"labeledSingleVariableTemplatesNumber_Random_splitClauses_0":["0"],
"unlabeledTemplateRelationSymbolNumber_All_splitClauses_0":["40"],
"minedBinaryVariableTemplatesNumber_Labeled_splitClauses_0":["5"],
"generatedPredicateNumber_Labeled_splitClauses_0":["10800000"],
"relationSymbolNumberAfterSimplification_Empty_splitClauses_1":["181"],
"solvingTime_Mined_splitClauses_1":["1278"],
"minedSingleVariableTemplatesNumber_All_splitClauses_1":["137"],
"predicateGeneratorTime_Random_splitClauses_0":["10800000"],
"cegarIterationNumber_Term_splitClauses_1":["11"],
"labeledTemplateNumber_Empty_splitClauses_1":["5"],
"clauseNumberAfterSimplification_Empty_splitClauses_1":["58"],
"minedTemplateRelationSymbolNumber_Empty_splitClauses_0":["40"],
"unlabeledSingleVariableTemplatesNumber_Term_splitClauses_0":["411"],
"minedSingleVariableTemplatesNumber_Empty_splitClauses_0":["137"],
"relationSymbolNumberAfterSimplification_Random_splitClauses_0":["181"],
"minedTemplateRelationSymbolNumber_RelationalEqs_splitClauses_0":["40"],
"cegarIterationNumber_Empty_splitClauses_0":["10800000"],
"minedBinaryVariableTemplatesNumber_RelationalEqs_splitClauses_1":["5"],
"relationSymbolNumberBeforeSimplification_PredictedCG_splitClauses_1":["192"],
"labeledSingleVariableTemplatesNumber_All_splitClauses_1":["0"],
"unlabeledTemplateRelationSymbolNumber_Octagon_splitClauses_0":["40"],
"minedTemplateRelationSymbolNumber_Unlabeled_splitClauses_0":["40"],
"labeledBinaryVariableTemplatesNumber_Mined_splitClauses_0":["5"],
"relationSymbolNumberAfterSimplification_Unlabeled_splitClauses_1":["181"],
"minedTemplateNumber_PredictedCG_splitClauses_1":["142"],
"cegarIterationNumber_Empty_splitClauses_1":["11"],
"averagePredicateSize_RelationalIneqs_splitClauses_0":["10800000"],
"solvability_All_splitClauses_1":["10800000"],
"unlabeledBinaryVariableTemplatesNumber_Term_splitClauses_1":["582"],
"minedTemplateRelationSymbolNumber_Labeled_splitClauses_1":["40"],
"averagePredicateSize_Unlabeled_splitClauses_1":["1"],
"labeledTemplateNumber_Term_splitClauses_0":["5"],
"smt2FileSizeByte_Empty_splitClauses_1":["11294"],
"solvingTime_PredictedCG_splitClauses_0":["10800000"],
"cegarIterationNumber_All_splitClauses_1":["10800000"],
"clauseNumberBeforeSimplification_Term_splitClauses_1":["48"],
"predicateGeneratorTime_Empty_splitClauses_0":["10800000"],
"relationSymbolNumberBeforeSimplification_Empty_splitClauses_1":["192"],
"averagePredicateSize_All_splitClauses_0":["10800000"],
"unlabeledBinaryVariableTemplatesNumber_Random_splitClauses_0":["582"],
"smt2FileSizeByte_Term_splitClauses_0":["11294"],
"averagePredicateSize_Mined_splitClauses_1":["1"],
"minedBinaryVariableTemplatesNumber_Empty_splitClauses_0":["5"],
"minedTemplateRelationSymbolNumber_All_splitClauses_1":["40"],
"labeledSingleVariableTemplatesNumber_PredictedCG_splitClauses_0":["0"],
"unlabeledBinaryVariableTemplatesNumber_RelationalIneqs_splitClauses_0":["582"],
"unlabeledSingleVariableTemplatesNumber_RelationalIneqs_splitClauses_1":["411"],
"clauseNumberAfterSimplification_RelationalIneqs_splitClauses_0":["58"],
"unlabeledTemplateNumber_RelationalEqs_splitClauses_0":["993"],
"unlabeledTemplateNumber_RelationalIneqs_splitClauses_1":["993"],
"labeledTemplateRelationSymbolNumber_PredictedCG_splitClauses_1":["5"],
"labeledTemplateRelationSymbolNumber_All_splitClauses_0":["5"],
"labeledSingleVariableTemplatesNumber_Octagon_splitClauses_0":["0"],
"dummyFiled":[]
}