{
"cegarIterationNumber_Term_splitClauses_0":[3],
"cegarIterationNumber_RelationalIneqs_splitClauses_1":[7],
"cegarIterationNumber_Octagon_splitClauses_0":[3],
"solvingTime_RelationalIneqs_splitClauses_1":[446],
"solvingTime_Term_splitClauses_0":[821],
"cegarIterationNumber_RelationalIneqs_splitClauses_0":[3],
"solvingTime_RelationalIneqs_splitClauses_0":[1504],
"solvingTime_Octagon_splitClauses_1":[490],
"cegarIterationNumber_RelationalEqs_splitClauses_0":[3],
"solvingTime_RelationalEqs_splitClauses_0":[1112],
"solvingTime_RelationalEqs_splitClauses_1":[417],
"cegarIterationNumber_Octagon_splitClauses_1":[7],
"solvingTime_Term_splitClauses_1":[317],
"solvingTime_Octagon_splitClauses_0":[921],
"cegarIterationNumber_RelationalEqs_splitClauses_1":[7],
"cegarIterationNumber_Term_splitClauses_1":[7],
"dummyFiled":[]
}