{
"cegarIterationNumber_Term_splitClauses_0":[48],
"cegarIterationNumber_RelationalIneqs_splitClauses_1":[51],
"cegarIterationNumber_Octagon_splitClauses_0":[48],
"solvingTime_RelationalIneqs_splitClauses_1":[1370],
"solvingTime_Term_splitClauses_0":[1190],
"cegarIterationNumber_RelationalIneqs_splitClauses_0":[48],
"solvingTime_RelationalIneqs_splitClauses_0":[1367],
"solvingTime_Octagon_splitClauses_1":[1338],
"cegarIterationNumber_RelationalEqs_splitClauses_0":[48],
"solvingTime_RelationalEqs_splitClauses_0":[1405],
"solvingTime_RelationalEqs_splitClauses_1":[2172],
"cegarIterationNumber_Octagon_splitClauses_1":[51],
"solvingTime_Term_splitClauses_1":[2011],
"solvingTime_Octagon_splitClauses_0":[2080],
"cegarIterationNumber_RelationalEqs_splitClauses_1":[51],
"cegarIterationNumber_Term_splitClauses_1":[51],
"dummyFiled":[]
}