{
"smt2FileSizeByte_All_splitClauses_1":["3016"],
"generatedPredicateNumber_All_splitClauses_1":["10800000"],
"unlabeledTemplateRelationSymbolNumber_PredictedCDHG_splitClauses_0":["4"],
"relationSymbolNumberBeforeSimplification_Unlabeled_splitClauses_1":["27"],
"predicateGeneratorTime_Term_splitClauses_0":["10800000"],
"averagePredicateSize_Random_splitClauses_1":["1"],
"labeledBinaryVariableTemplatesNumber_Labeled_splitClauses_1":["2"],
"clauseNumberBeforeSimplification_All_splitClauses_1":["14"],
"minedTemplateRelationSymbolNumber_Term_splitClauses_0":["4"],
"solvingTime_Labeled_splitClauses_1":["231"],
"unlabeledTemplateNumber_Labeled_splitClauses_1":["30"],
"relationSymbolNumberAfterSimplification_All_splitClauses_1":["25"],
"minedTemplateRelationSymbolNumber_Octagon_splitClauses_1":["4"],
"clauseNumberAfterSimplification_Mined_splitClauses_1":["13"],
"relationSymbolNumberBeforeSimplification_Octagon_splitClauses_0":["27"],
"unlabeledBinaryVariableTemplatesNumber_Term_splitClauses_0":["12"],
"labeledTemplateNumber_PredictedCDHG_splitClauses_0":["2"],
"solvability_Empty_splitClauses_0":["10800000"],
"unlabeledTemplateRelationSymbolNumber_Random_splitClauses_1":["4"],
"labeledBinaryVariableTemplatesNumber_Octagon_splitClauses_0":["2"],
"relationSymbolNumberBeforeSimplification_Random_splitClauses_1":["27"],
"minedTemplateRelationSymbolNumber_Random_splitClauses_1":["4"],
"unlabeledSingleVariableTemplatesNumber_Mined_splitClauses_0":["18"],
"unlabeledBinaryVariableTemplatesNumber_PredictedCG_splitClauses_1":["12"],
"solvability_All_splitClauses_0":["10800000"],
"predicateGeneratorTime_RelationalEqs_splitClauses_1":["152"],
"relationSymbolNumberBeforeSimplification_PredictedCDHG_splitClauses_1":["27"],
"smt2FileSizeByte_PredictedCG_splitClauses_1":["3016"],
"labeledSingleVariableTemplatesNumber_Unlabeled_splitClauses_1":["0"],
"labeledBinaryVariableTemplatesNumber_PredictedCG_splitClauses_1":["2"],
"minedBinaryVariableTemplatesNumber_PredictedCG_splitClauses_0":["2"],
"solvability_Random_splitClauses_0":["10800000"],
"relationSymbolNumberAfterSimplification_PredictedCG_splitClauses_1":["25"],
"clauseNumberBeforeSimplification_PredictedCDHG_splitClauses_1":["14"],
"labeledSingleVariableTemplatesNumber_Mined_splitClauses_0":["0"],
"solvability_Unlabeled_splitClauses_1":["1"],
"cegarIterationNumber_Labeled_splitClauses_1":["4"],
"smt2FileSizeByte_Mined_splitClauses_0":["3016"],
"relationSymbolNumberAfterSimplification_Mined_splitClauses_0":["25"],
"labeledSingleVariableTemplatesNumber_PredictedCG_splitClauses_1":["0"],
"smt2FileSizeByte_Octagon_splitClauses_1":["3016"],
"minedTemplateNumber_Labeled_splitClauses_1":["8"],
"labeledSingleVariableTemplatesNumber_RelationalIneqs_splitClauses_1":["0"],
"clauseNumberAfterSimplification_Labeled_splitClauses_1":["13"],
"relationSymbolNumberAfterSimplification_Labeled_splitClauses_0":["25"],
"smt2FileSizeByte_Random_splitClauses_0":["3016"],
"relationSymbolNumberAfterSimplification_PredictedCDHG_splitClauses_0":["25"],
"unlabeledTemplateRelationSymbolNumber_PredictedCDHG_splitClauses_1":["4"],
"labeledSingleVariableTemplatesNumber_Term_splitClauses_0":["0"],
"generatedPredicateNumber_PredictedCDHG_splitClauses_1":["10800000"],
"minedSingleVariableTemplatesNumber_Unlabeled_splitClauses_0":["6"],
"generatedPredicateNumber_Octagon_splitClauses_1":["6"],
"labeledSingleVariableTemplatesNumber_RelationalEqs_splitClauses_0":["0"],
"predicateGeneratorTime_PredictedCG_splitClauses_1":["10800000"],
"relationSymbolNumberAfterSimplification_Octagon_splitClauses_0":["25"],
"labeledTemplateNumber_Labeled_splitClauses_1":["2"],
"labeledSingleVariableTemplatesNumber_Empty_splitClauses_0":["0"],
"minedTemplateRelationSymbolNumber_RelationalIneqs_splitClauses_1":["4"],
"unlabeledSingleVariableTemplatesNumber_All_splitClauses_1":["18"],
"labeledBinaryVariableTemplatesNumber_PredictedCDHG_splitClauses_1":["2"],
"unlabeledSingleVariableTemplatesNumber_RelationalEqs_splitClauses_1":["18"],
"cegarIterationNumber_Term_splitClauses_0":["10800000"],
"unlabeledBinaryVariableTemplatesNumber_Labeled_splitClauses_1":["12"],
"unlabeledSingleVariableTemplatesNumber_Term_splitClauses_1":["18"],
"clauseNumberAfterSimplification_All_splitClauses_1":["13"],
"minedSingleVariableTemplatesNumber_Random_splitClauses_0":["6"],
"solvability_RelationalIneqs_splitClauses_1":["1"],
"minedTemplateNumber_Labeled_splitClauses_0":["8"],
"minedSingleVariableTemplatesNumber_Octagon_splitClauses_0":["6"],
"minedSingleVariableTemplatesNumber_Term_splitClauses_1":["6"],
"minedBinaryVariableTemplatesNumber_PredictedCDHG_splitClauses_1":["2"],
"generatedPredicateNumber_Mined_splitClauses_1":["6"],
"labeledSingleVariableTemplatesNumber_RelationalIneqs_splitClauses_0":["0"],
"averagePredicateSize_Mined_splitClauses_0":["10800000"],
"cegarIterationNumber_Unlabeled_splitClauses_0":["10800000"],
"minedBinaryVariableTemplatesNumber_Random_splitClauses_0":["2"],
"labeledTemplateNumber_Mined_splitClauses_1":["2"],
"labeledBinaryVariableTemplatesNumber_Random_splitClauses_0":["2"],
"unlabeledTemplateRelationSymbolNumber_Unlabeled_splitClauses_1":["4"],
"cegarIterationNumber_Mined_splitClauses_0":["10800000"],
"minedTemplateRelationSymbolNumber_Labeled_splitClauses_0":["4"],
"unlabeledBinaryVariableTemplatesNumber_RelationalIneqs_splitClauses_1":["12"],
"unlabeledBinaryVariableTemplatesNumber_Octagon_splitClauses_0":["12"],
"solvability_Mined_splitClauses_0":["10800000"],
"averagePredicateSize_RelationalEqs_splitClauses_0":["10800000"],
"clauseNumberAfterSimplification_Term_splitClauses_0":["13"],
"unlabeledTemplateNumber_Mined_splitClauses_0":["30"],
"relationSymbolNumberAfterSimplification_Random_splitClauses_1":["25"],
"unlabeledTemplateNumber_PredictedCDHG_splitClauses_0":["30"],
"cegarIterationNumber_RelationalIneqs_splitClauses_1":["4"],
"minedBinaryVariableTemplatesNumber_Unlabeled_splitClauses_1":["2"],
"labeledTemplateNumber_PredictedCG_splitClauses_1":["2"],
"labeledTemplateRelationSymbolNumber_Mined_splitClauses_0":["2"],
"labeledBinaryVariableTemplatesNumber_Mined_splitClauses_1":["2"],
"relationSymbolNumberBeforeSimplification_Mined_splitClauses_0":["27"],
"relationSymbolNumberBeforeSimplification_RelationalIneqs_splitClauses_0":["27"],
"clauseNumberAfterSimplification_RelationalIneqs_splitClauses_1":["13"],
"minedSingleVariableTemplatesNumber_PredictedCDHG_splitClauses_0":["6"],
"solvability_Labeled_splitClauses_1":["1"],
"labeledSingleVariableTemplatesNumber_Octagon_splitClauses_1":["0"],
"averagePredicateSize_Random_splitClauses_0":["10800000"],
"smt2FileSizeByte_RelationalIneqs_splitClauses_0":["3016"],
"generatedPredicateNumber_Unlabeled_splitClauses_0":["10800000"],
"solvability_RelationalEqs_splitClauses_0":["10800000"],
"predicateGeneratorTime_Empty_splitClauses_1":["200"],
"minedSingleVariableTemplatesNumber_Mined_splitClauses_0":["6"],
"relationSymbolNumberAfterSimplification_Unlabeled_splitClauses_0":["25"],
"minedTemplateRelationSymbolNumber_PredictedCDHG_splitClauses_1":["4"],
"minedTemplateNumber_PredictedCG_splitClauses_0":["8"],
"averagePredicateSize_RelationalIneqs_splitClauses_1":["1"],
"labeledTemplateRelationSymbolNumber_Random_splitClauses_1":["2"],
"minedTemplateNumber_RelationalIneqs_splitClauses_0":["8"],
"predicateGeneratorTime_RelationalIneqs_splitClauses_0":["10800000"],
"labeledTemplateRelationSymbolNumber_Empty_splitClauses_0":["2"],
"minedBinaryVariableTemplatesNumber_Octagon_splitClauses_0":["2"],
"labeledSingleVariableTemplatesNumber_Term_splitClauses_1":["0"],
"labeledBinaryVariableTemplatesNumber_Empty_splitClauses_0":["2"],
"minedTemplateNumber_Octagon_splitClauses_0":["8"],
"labeledBinaryVariableTemplatesNumber_Unlabeled_splitClauses_0":["2"],
"relationSymbolNumberBeforeSimplification_Empty_splitClauses_0":["27"],
"clauseNumberAfterSimplification_PredictedCDHG_splitClauses_0":["13"],
"smt2FileSizeByte_PredictedCG_splitClauses_0":["3016"],
"minedBinaryVariableTemplatesNumber_RelationalEqs_splitClauses_0":["2"],
"relationSymbolNumberBeforeSimplification_Unlabeled_splitClauses_0":["27"],
"labeledTemplateRelationSymbolNumber_RelationalEqs_splitClauses_1":["2"],
"minedBinaryVariableTemplatesNumber_Random_splitClauses_1":["2"],
"clauseNumberAfterSimplification_Unlabeled_splitClauses_1":["13"],
"minedSingleVariableTemplatesNumber_PredictedCDHG_splitClauses_1":["6"],
"labeledBinaryVariableTemplatesNumber_Term_splitClauses_1":["2"],
"clauseNumberBeforeSimplification_Empty_splitClauses_1":["14"],
"relationSymbolNumberAfterSimplification_Octagon_splitClauses_1":["25"],
"relationSymbolNumberAfterSimplification_Term_splitClauses_0":["25"],
"minedBinaryVariableTemplatesNumber_Mined_splitClauses_1":["2"],
"unlabeledBinaryVariableTemplatesNumber_Unlabeled_splitClauses_1":["12"],
"relationSymbolNumberBeforeSimplification_Random_splitClauses_0":["27"],
"relationSymbolNumberAfterSimplification_PredictedCDHG_splitClauses_1":["25"],
"unlabeledTemplateNumber_PredictedCG_splitClauses_1":["30"],
"generatedPredicateNumber_Empty_splitClauses_0":["10800000"],
"predicateGeneratorTime_RelationalIneqs_splitClauses_1":["104"],
"unlabeledSingleVariableTemplatesNumber_Empty_splitClauses_0":["18"],
"cegarIterationNumber_Octagon_splitClauses_0":["10800000"],
"clauseNumberAfterSimplification_Octagon_splitClauses_1":["13"],
"unlabeledSingleVariableTemplatesNumber_Labeled_splitClauses_1":["18"],
"clauseNumberBeforeSimplification_Random_splitClauses_1":["14"],
"minedTemplateRelationSymbolNumber_All_splitClauses_0":["4"],
"unlabeledTemplateRelationSymbolNumber_RelationalEqs_splitClauses_0":["4"],
"minedSingleVariableTemplatesNumber_Unlabeled_splitClauses_1":["6"],
"clauseNumberBeforeSimplification_RelationalEqs_splitClauses_0":["14"],
"minedTemplateNumber_Unlabeled_splitClauses_0":["8"],
"generatedPredicateNumber_Octagon_splitClauses_0":["10800000"],
"predicateGeneratorTime_PredictedCDHG_splitClauses_0":["10800000"],
"clauseNumberAfterSimplification_PredictedCG_splitClauses_1":["13"],
"labeledSingleVariableTemplatesNumber_RelationalEqs_splitClauses_1":["0"],
"smt2FileSizeByte_Random_splitClauses_1":["3016"],
"averagePredicateSize_PredictedCG_splitClauses_1":["10800000"],
"cegarIterationNumber_PredictedCDHG_splitClauses_1":["10800000"],
"clauseNumberAfterSimplification_RelationalEqs_splitClauses_1":["13"],
"minedBinaryVariableTemplatesNumber_Empty_splitClauses_1":["2"],
"relationSymbolNumberAfterSimplification_RelationalEqs_splitClauses_1":["25"],
"minedTemplateNumber_PredictedCDHG_splitClauses_0":["8"],
"labeledBinaryVariableTemplatesNumber_All_splitClauses_1":["2"],
"solvingTime_RelationalIneqs_splitClauses_1":["219"],
"unlabeledTemplateRelationSymbolNumber_RelationalEqs_splitClauses_1":["4"],
"smt2FileSizeByte_Unlabeled_splitClauses_0":["3016"],
"relationSymbolNumberBeforeSimplification_Mined_splitClauses_1":["27"],
"relationSymbolNumberAfterSimplification_Mined_splitClauses_1":["25"],
"generatedPredicateNumber_All_splitClauses_0":["10800000"],
"relationSymbolNumberBeforeSimplification_Octagon_splitClauses_1":["27"],
"predicateGeneratorTime_Octagon_splitClauses_1":["186"],
"solvability_Mined_splitClauses_1":["1"],
"minedTemplateRelationSymbolNumber_Term_splitClauses_1":["4"],
"clauseNumberAfterSimplification_Mined_splitClauses_0":["13"],
"solvability_PredictedCDHG_splitClauses_0":["10800000"],
"solvingTime_Empty_splitClauses_0":["10800000"],
"unlabeledSingleVariableTemplatesNumber_Unlabeled_splitClauses_1":["18"],
"minedTemplateNumber_Term_splitClauses_1":["8"],
"averagePredicateSize_Octagon_splitClauses_1":["1"],
"unlabeledSingleVariableTemplatesNumber_Octagon_splitClauses_1":["18"],
"minedTemplateRelationSymbolNumber_RelationalEqs_splitClauses_1":["4"],
"relationSymbolNumberBeforeSimplification_All_splitClauses_1":["27"],
"minedBinaryVariableTemplatesNumber_RelationalIneqs_splitClauses_0":["2"],
"predicateGeneratorTime_Term_splitClauses_1":["138"],
"solvingTime_Labeled_splitClauses_0":["10800000"],
"unlabeledBinaryVariableTemplatesNumber_PredictedCG_splitClauses_0":["12"],
"minedTemplateNumber_All_splitClauses_0":["8"],
"predicateGeneratorTime_Labeled_splitClauses_1":["143"],
"unlabeledTemplateRelationSymbolNumber_Empty_splitClauses_0":["4"],
"unlabeledTemplateNumber_Mined_splitClauses_1":["30"],
"solvability_PredictedCG_splitClauses_1":["10800000"],
"unlabeledTemplateNumber_Term_splitClauses_0":["30"],
"minedBinaryVariableTemplatesNumber_PredictedCG_splitClauses_1":["2"],
"labeledSingleVariableTemplatesNumber_PredictedCDHG_splitClauses_0":["0"],
"minedBinaryVariableTemplatesNumber_All_splitClauses_0":["2"],
"averagePredicateSize_PredictedCDHG_splitClauses_1":["10800000"],
"predicateGeneratorTime_PredictedCG_splitClauses_0":["10800000"],
"generatedPredicateNumber_RelationalIneqs_splitClauses_0":["10800000"],
"labeledTemplateNumber_Empty_splitClauses_0":["2"],
"relationSymbolNumberAfterSimplification_RelationalIneqs_splitClauses_1":["25"],
"unlabeledTemplateRelationSymbolNumber_Term_splitClauses_0":["4"],
"minedTemplateNumber_All_splitClauses_1":["8"],
"labeledSingleVariableTemplatesNumber_Empty_splitClauses_1":["0"],
"minedBinaryVariableTemplatesNumber_Unlabeled_splitClauses_0":["2"],
"labeledTemplateNumber_Random_splitClauses_0":["2"],
"minedBinaryVariableTemplatesNumber_All_splitClauses_1":["2"],
"unlabeledSingleVariableTemplatesNumber_All_splitClauses_0":["18"],
"relationSymbolNumberBeforeSimplification_Labeled_splitClauses_1":["27"],
"smt2FileSizeByte_PredictedCDHG_splitClauses_1":["3016"],
"labeledBinaryVariableTemplatesNumber_PredictedCDHG_splitClauses_0":["2"],
"averagePredicateSize_RelationalEqs_splitClauses_1":["1"],
"minedSingleVariableTemplatesNumber_Term_splitClauses_0":["6"],
"labeledTemplateRelationSymbolNumber_Term_splitClauses_1":["2"],
"generatedPredicateNumber_Random_splitClauses_0":["10800000"],
"labeledBinaryVariableTemplatesNumber_Empty_splitClauses_1":["2"],
"relationSymbolNumberAfterSimplification_Term_splitClauses_1":["25"],
"clauseNumberAfterSimplification_Labeled_splitClauses_0":["13"],
"labeledSingleVariableTemplatesNumber_Labeled_splitClauses_0":["0"],
"minedTemplateNumber_Mined_splitClauses_1":["8"],
"labeledTemplateRelationSymbolNumber_Labeled_splitClauses_0":["2"],
"unlabeledTemplateRelationSymbolNumber_Mined_splitClauses_1":["4"],
"solvability_Labeled_splitClauses_0":["10800000"],
"minedTemplateNumber_RelationalEqs_splitClauses_1":["8"],
"solvingTime_Random_splitClauses_1":["276"],
"minedTemplateNumber_Random_splitClauses_0":["8"],
"cegarIterationNumber_Unlabeled_splitClauses_1":["4"],
"minedTemplateNumber_RelationalIneqs_splitClauses_1":["8"],
"unlabeledBinaryVariableTemplatesNumber_Octagon_splitClauses_1":["12"],
"minedSingleVariableTemplatesNumber_Octagon_splitClauses_1":["6"],
"minedSingleVariableTemplatesNumber_Random_splitClauses_1":["6"],
"averagePredicateSize_All_splitClauses_1":["10800000"],
"minedTemplateNumber_Empty_splitClauses_0":["8"],
"labeledTemplateNumber_Mined_splitClauses_0":["2"],
"unlabeledBinaryVariableTemplatesNumber_All_splitClauses_0":["12"],
"relationSymbolNumberAfterSimplification_Labeled_splitClauses_1":["25"],
"labeledSingleVariableTemplatesNumber_PredictedCDHG_splitClauses_1":["0"],
"minedSingleVariableTemplatesNumber_Mined_splitClauses_1":["6"],
"labeledTemplateRelationSymbolNumber_Term_splitClauses_0":["2"],
"unlabeledTemplateRelationSymbolNumber_Term_splitClauses_1":["4"],
"predicateGeneratorTime_All_splitClauses_1":["10800000"],
"unlabeledSingleVariableTemplatesNumber_Random_splitClauses_0":["18"],
"predicateGeneratorTime_Unlabeled_splitClauses_1":["150"],
"cegarIterationNumber_PredictedCDHG_splitClauses_0":["10800000"],
"labeledTemplateNumber_RelationalEqs_splitClauses_0":["2"],
"labeledTemplateRelationSymbolNumber_Mined_splitClauses_1":["2"],
"labeledTemplateRelationSymbolNumber_Random_splitClauses_0":["2"],
"labeledBinaryVariableTemplatesNumber_RelationalEqs_splitClauses_1":["2"],
"generatedPredicateNumber_RelationalIneqs_splitClauses_1":["6"],
"unlabeledTemplateRelationSymbolNumber_PredictedCG_splitClauses_1":["4"],
"unlabeledSingleVariableTemplatesNumber_RelationalEqs_splitClauses_0":["18"],
"labeledBinaryVariableTemplatesNumber_Labeled_splitClauses_0":["2"],
"minedBinaryVariableTemplatesNumber_PredictedCDHG_splitClauses_0":["2"],
"unlabeledTemplateRelationSymbolNumber_Unlabeled_splitClauses_0":["4"],
"clauseNumberAfterSimplification_Term_splitClauses_1":["13"],
"unlabeledTemplateNumber_Octagon_splitClauses_0":["30"],
"unlabeledBinaryVariableTemplatesNumber_RelationalEqs_splitClauses_1":["12"],
"unlabeledTemplateNumber_PredictedCG_splitClauses_0":["30"],
"unlabeledTemplateNumber_All_splitClauses_0":["30"],
"labeledTemplateRelationSymbolNumber_RelationalIneqs_splitClauses_1":["2"],
"unlabeledSingleVariableTemplatesNumber_Mined_splitClauses_1":["18"],
"labeledTemplateRelationSymbolNumber_Unlabeled_splitClauses_1":["2"],
"labeledBinaryVariableTemplatesNumber_Random_splitClauses_1":["2"],
"solvability_Random_splitClauses_1":["1"],
"solvingTime_Term_splitClauses_0":["10800000"],
"minedSingleVariableTemplatesNumber_Labeled_splitClauses_1":["6"],
"clauseNumberBeforeSimplification_Term_splitClauses_0":["14"],
"relationSymbolNumberBeforeSimplification_RelationalIneqs_splitClauses_1":["27"],
"minedTemplateRelationSymbolNumber_Mined_splitClauses_0":["4"],
"solvability_Octagon_splitClauses_1":["1"],
"minedSingleVariableTemplatesNumber_RelationalIneqs_splitClauses_1":["6"],
"smt2FileSizeByte_Labeled_splitClauses_0":["3016"],
"solvability_RelationalEqs_splitClauses_1":["1"],
"unlabeledSingleVariableTemplatesNumber_Empty_splitClauses_1":["18"],
"labeledTemplateNumber_PredictedCDHG_splitClauses_1":["2"],
"minedTemplateRelationSymbolNumber_Octagon_splitClauses_0":["4"],
"clauseNumberAfterSimplification_Unlabeled_splitClauses_0":["13"],
"clauseNumberBeforeSimplification_Unlabeled_splitClauses_0":["14"],
"clauseNumberBeforeSimplification_PredictedCDHG_splitClauses_0":["14"],
"cegarIterationNumber_RelationalIneqs_splitClauses_0":["10800000"],
"labeledTemplateRelationSymbolNumber_RelationalEqs_splitClauses_0":["2"],
"averagePredicateSize_Labeled_splitClauses_0":["10800000"],
"smt2FileSizeByte_RelationalIneqs_splitClauses_1":["3016"],
"clauseNumberBeforeSimplification_RelationalEqs_splitClauses_1":["14"],
"unlabeledTemplateRelationSymbolNumber_RelationalIneqs_splitClauses_1":["4"],
"clauseNumberBeforeSimplification_PredictedCG_splitClauses_0":["14"],
"solvingTime_PredictedCDHG_splitClauses_0":["10800000"],
"labeledTemplateRelationSymbolNumber_Octagon_splitClauses_1":["2"],
"minedTemplateRelationSymbolNumber_PredictedCG_splitClauses_1":["4"],
"relationSymbolNumberBeforeSimplification_RelationalEqs_splitClauses_1":["27"],
"labeledTemplateNumber_Random_splitClauses_1":["2"],
"solvingTime_RelationalIneqs_splitClauses_0":["10800000"],
"labeledTemplateNumber_All_splitClauses_1":["2"],
"unlabeledTemplateNumber_Random_splitClauses_1":["30"],
"relationSymbolNumberBeforeSimplification_All_splitClauses_0":["27"],
"smt2FileSizeByte_Unlabeled_splitClauses_1":["3016"],
"cegarIterationNumber_PredictedCG_splitClauses_0":["10800000"],
"predicateGeneratorTime_Octagon_splitClauses_0":["10800000"],
"unlabeledTemplateNumber_RelationalEqs_splitClauses_1":["30"],
"clauseNumberAfterSimplification_Octagon_splitClauses_0":["13"],
"cegarIterationNumber_Random_splitClauses_0":["10800000"],
"solvability_PredictedCDHG_splitClauses_1":["10800000"],
"solvability_PredictedCG_splitClauses_0":["10800000"],
"solvingTime_PredictedCG_splitClauses_1":["10800000"],
"unlabeledSingleVariableTemplatesNumber_Unlabeled_splitClauses_0":["18"],
"unlabeledTemplateNumber_Unlabeled_splitClauses_0":["30"],
"labeledTemplateRelationSymbolNumber_RelationalIneqs_splitClauses_0":["2"],
"minedTemplateNumber_Random_splitClauses_1":["8"],
"generatedPredicateNumber_RelationalEqs_splitClauses_0":["10800000"],
"minedTemplateNumber_Term_splitClauses_0":["8"],
"solvingTime_All_splitClauses_1":["10800000"],
"minedSingleVariableTemplatesNumber_PredictedCG_splitClauses_0":["6"],
"smt2FileSizeByte_Term_splitClauses_1":["3016"],
"labeledBinaryVariableTemplatesNumber_All_splitClauses_0":["2"],
"minedTemplateNumber_PredictedCDHG_splitClauses_1":["8"],
"minedTemplateRelationSymbolNumber_PredictedCDHG_splitClauses_0":["4"],
"averagePredicateSize_Unlabeled_splitClauses_0":["10800000"],
"minedBinaryVariableTemplatesNumber_Octagon_splitClauses_1":["2"],
"unlabeledSingleVariableTemplatesNumber_Random_splitClauses_1":["18"],
"clauseNumberBeforeSimplification_Random_splitClauses_0":["14"],
"solvingTime_Unlabeled_splitClauses_1":["274"],
"predicateGeneratorTime_PredictedCDHG_splitClauses_1":["10800000"],
"averagePredicateSize_PredictedCDHG_splitClauses_0":["10800000"],
"relationSymbolNumberAfterSimplification_RelationalEqs_splitClauses_0":["25"],
"minedBinaryVariableTemplatesNumber_Term_splitClauses_0":["2"],
"labeledTemplateNumber_RelationalIneqs_splitClauses_0":["2"],
"clauseNumberAfterSimplification_Random_splitClauses_0":["13"],
"clauseNumberAfterSimplification_PredictedCG_splitClauses_0":["13"],
"generatedPredicateNumber_Empty_splitClauses_1":["6"],
"clauseNumberBeforeSimplification_Octagon_splitClauses_0":["14"],
"unlabeledTemplateNumber_Empty_splitClauses_0":["30"],
"minedSingleVariableTemplatesNumber_All_splitClauses_0":["6"],
"labeledTemplateRelationSymbolNumber_Octagon_splitClauses_0":["2"],
"generatedPredicateNumber_Random_splitClauses_1":["6"],
"clauseNumberAfterSimplification_RelationalEqs_splitClauses_0":["13"],
"labeledBinaryVariableTemplatesNumber_Term_splitClauses_0":["2"],
"minedSingleVariableTemplatesNumber_RelationalEqs_splitClauses_0":["6"],
"minedTemplateNumber_Mined_splitClauses_0":["8"],
"relationSymbolNumberBeforeSimplification_PredictedCG_splitClauses_0":["27"],
"averagePredicateSize_Octagon_splitClauses_0":["10800000"],
"unlabeledBinaryVariableTemplatesNumber_Empty_splitClauses_1":["12"],
"unlabeledSingleVariableTemplatesNumber_PredictedCDHG_splitClauses_0":["18"],
"unlabeledSingleVariableTemplatesNumber_PredictedCG_splitClauses_1":["18"],
"labeledTemplateRelationSymbolNumber_Labeled_splitClauses_1":["2"],
"minedTemplateRelationSymbolNumber_Random_splitClauses_0":["4"],
"unlabeledTemplateRelationSymbolNumber_PredictedCG_splitClauses_0":["4"],
"unlabeledTemplateNumber_RelationalIneqs_splitClauses_0":["30"],
"unlabeledSingleVariableTemplatesNumber_Labeled_splitClauses_0":["18"],
"relationSymbolNumberAfterSimplification_PredictedCG_splitClauses_0":["25"],
"minedTemplateNumber_Unlabeled_splitClauses_1":["8"],
"generatedPredicateNumber_PredictedCG_splitClauses_0":["10800000"],
"labeledTemplateNumber_Unlabeled_splitClauses_1":["2"],
"unlabeledTemplateRelationSymbolNumber_Empty_splitClauses_1":["4"],
"clauseNumberBeforeSimplification_Empty_splitClauses_0":["14"],
"solvingTime_Octagon_splitClauses_1":["373"],
"cegarIterationNumber_Mined_splitClauses_1":["4"],
"clauseNumberBeforeSimplification_Mined_splitClauses_1":["14"],
"smt2FileSizeByte_PredictedCDHG_splitClauses_0":["3016"],
"averagePredicateSize_PredictedCG_splitClauses_0":["10800000"],
"solvingTime_Random_splitClauses_0":["10800000"],
"minedTemplateNumber_RelationalEqs_splitClauses_0":["8"],
"unlabeledSingleVariableTemplatesNumber_RelationalIneqs_splitClauses_0":["18"],
"unlabeledTemplateNumber_Unlabeled_splitClauses_1":["30"],
"labeledBinaryVariableTemplatesNumber_RelationalEqs_splitClauses_0":["2"],
"generatedPredicateNumber_PredictedCDHG_splitClauses_0":["10800000"],
"relationSymbolNumberAfterSimplification_RelationalIneqs_splitClauses_0":["25"],
"minedTemplateRelationSymbolNumber_Empty_splitClauses_1":["4"],
"predicateGeneratorTime_Random_splitClauses_1":["149"],
"labeledTemplateNumber_Term_splitClauses_1":["2"],
"relationSymbolNumberBeforeSimplification_RelationalEqs_splitClauses_0":["27"],
"minedSingleVariableTemplatesNumber_Empty_splitClauses_1":["6"],
"minedSingleVariableTemplatesNumber_RelationalIneqs_splitClauses_0":["6"],
"clauseNumberAfterSimplification_All_splitClauses_0":["13"],
"unlabeledBinaryVariableTemplatesNumber_RelationalEqs_splitClauses_0":["12"],
"cegarIterationNumber_RelationalEqs_splitClauses_0":["10800000"],
"labeledTemplateRelationSymbolNumber_PredictedCDHG_splitClauses_0":["2"],
"labeledSingleVariableTemplatesNumber_Labeled_splitClauses_1":["0"],
"unlabeledBinaryVariableTemplatesNumber_All_splitClauses_1":["12"],
"minedTemplateRelationSymbolNumber_Unlabeled_splitClauses_1":["4"],
"solvingTime_RelationalEqs_splitClauses_0":["10800000"],
"solvingTime_RelationalEqs_splitClauses_1":["274"],
"minedBinaryVariableTemplatesNumber_Mined_splitClauses_0":["2"],
"clauseNumberBeforeSimplification_All_splitClauses_0":["14"],
"clauseNumberBeforeSimplification_RelationalIneqs_splitClauses_1":["14"],
"labeledTemplateNumber_RelationalEqs_splitClauses_1":["2"],
"labeledBinaryVariableTemplatesNumber_RelationalIneqs_splitClauses_0":["2"],
"relationSymbolNumberBeforeSimplification_Labeled_splitClauses_0":["27"],
"clauseNumberAfterSimplification_Empty_splitClauses_0":["13"],
"averagePredicateSize_Empty_splitClauses_0":["10800000"],
"unlabeledTemplateNumber_Term_splitClauses_1":["30"],
"predicateGeneratorTime_Mined_splitClauses_1":["207"],
"labeledBinaryVariableTemplatesNumber_RelationalIneqs_splitClauses_1":["2"],
"predicateGeneratorTime_Unlabeled_splitClauses_0":["10800000"],
"relationSymbolNumberAfterSimplification_Empty_splitClauses_0":["25"],
"generatedPredicateNumber_Mined_splitClauses_0":["10800000"],
"generatedPredicateNumber_RelationalEqs_splitClauses_1":["6"],
"labeledTemplateRelationSymbolNumber_PredictedCG_splitClauses_0":["2"],
"minedSingleVariableTemplatesNumber_PredictedCG_splitClauses_1":["6"],
"minedTemplateRelationSymbolNumber_PredictedCG_splitClauses_0":["4"],
"unlabeledTemplateRelationSymbolNumber_Labeled_splitClauses_0":["4"],
"solvability_Empty_splitClauses_1":["1"],
"averagePredicateSize_Term_splitClauses_0":["10800000"],
"cegarIterationNumber_Random_splitClauses_1":["4"],
"averagePredicateSize_Labeled_splitClauses_1":["1"],
"unlabeledBinaryVariableTemplatesNumber_Unlabeled_splitClauses_0":["12"],
"generatedPredicateNumber_Unlabeled_splitClauses_1":["6"],
"predicateGeneratorTime_All_splitClauses_0":["10800000"],
"unlabeledBinaryVariableTemplatesNumber_PredictedCDHG_splitClauses_1":["12"],
"clauseNumberBeforeSimplification_Labeled_splitClauses_1":["14"],
"minedBinaryVariableTemplatesNumber_Labeled_splitClauses_1":["2"],
"labeledSingleVariableTemplatesNumber_All_splitClauses_0":["0"],
"unlabeledTemplateRelationSymbolNumber_Mined_splitClauses_0":["4"],
"cegarIterationNumber_Octagon_splitClauses_1":["4"],
"labeledTemplateNumber_Octagon_splitClauses_0":["2"],
"labeledTemplateRelationSymbolNumber_All_splitClauses_1":["2"],
"smt2FileSizeByte_Empty_splitClauses_0":["3016"],
"unlabeledTemplateNumber_Octagon_splitClauses_1":["30"],
"predicateGeneratorTime_RelationalEqs_splitClauses_0":["10800000"],
"unlabeledTemplateRelationSymbolNumber_RelationalIneqs_splitClauses_0":["4"],
"smt2FileSizeByte_RelationalEqs_splitClauses_1":["3016"],
"unlabeledTemplateNumber_Labeled_splitClauses_0":["30"],
"minedSingleVariableTemplatesNumber_Labeled_splitClauses_0":["6"],
"solvingTime_PredictedCDHG_splitClauses_1":["10800000"],
"relationSymbolNumberBeforeSimplification_Term_splitClauses_1":["27"],
"minedTemplateNumber_Octagon_splitClauses_1":["8"],
"clauseNumberBeforeSimplification_Mined_splitClauses_0":["14"],
"smt2FileSizeByte_All_splitClauses_0":["3016"],
"solvingTime_All_splitClauses_0":["10800000"],
"minedBinaryVariableTemplatesNumber_Term_splitClauses_1":["2"],
"unlabeledTemplateRelationSymbolNumber_Random_splitClauses_0":["4"],
"cegarIterationNumber_All_splitClauses_0":["10800000"],
"smt2FileSizeByte_RelationalEqs_splitClauses_0":["3016"],
"unlabeledSingleVariableTemplatesNumber_PredictedCDHG_splitClauses_1":["18"],
"clauseNumberBeforeSimplification_Labeled_splitClauses_0":["14"],
"cegarIterationNumber_PredictedCG_splitClauses_1":["10800000"],
"labeledTemplateRelationSymbolNumber_Unlabeled_splitClauses_0":["2"],
"unlabeledTemplateRelationSymbolNumber_Octagon_splitClauses_1":["4"],
"unlabeledTemplateNumber_Empty_splitClauses_1":["30"],
"clauseNumberBeforeSimplification_Octagon_splitClauses_1":["14"],
"labeledTemplateNumber_Unlabeled_splitClauses_0":["2"],
"labeledBinaryVariableTemplatesNumber_PredictedCG_splitClauses_0":["2"],
"solvability_Term_splitClauses_1":["1"],
"solvability_Octagon_splitClauses_0":["10800000"],
"minedTemplateRelationSymbolNumber_RelationalIneqs_splitClauses_0":["4"],
"clauseNumberBeforeSimplification_RelationalIneqs_splitClauses_0":["14"],
"labeledTemplateNumber_PredictedCG_splitClauses_0":["2"],
"cegarIterationNumber_Labeled_splitClauses_0":["10800000"],
"smt2FileSizeByte_Labeled_splitClauses_1":["3016"],
"clauseNumberBeforeSimplification_Unlabeled_splitClauses_1":["14"],
"generatedPredicateNumber_Term_splitClauses_1":["6"],
"solvingTime_Term_splitClauses_1":["220"],
"unlabeledBinaryVariableTemplatesNumber_Random_splitClauses_1":["12"],
"unlabeledSingleVariableTemplatesNumber_Octagon_splitClauses_0":["18"],
"solvingTime_Octagon_splitClauses_0":["10800000"],
"labeledSingleVariableTemplatesNumber_Mined_splitClauses_1":["0"],
"averagePredicateSize_Term_splitClauses_1":["1"],
"labeledTemplateNumber_Labeled_splitClauses_0":["2"],
"unlabeledSingleVariableTemplatesNumber_PredictedCG_splitClauses_0":["18"],
"smt2FileSizeByte_Mined_splitClauses_1":["3016"],
"labeledBinaryVariableTemplatesNumber_Unlabeled_splitClauses_1":["2"],
"labeledTemplateNumber_All_splitClauses_0":["2"],
"unlabeledTemplateNumber_Random_splitClauses_0":["30"],
"labeledTemplateNumber_Octagon_splitClauses_1":["2"],
"unlabeledTemplateNumber_PredictedCDHG_splitClauses_1":["30"],
"unlabeledBinaryVariableTemplatesNumber_Mined_splitClauses_0":["12"],
"minedTemplateRelationSymbolNumber_Mined_splitClauses_1":["4"],
"labeledTemplateNumber_RelationalIneqs_splitClauses_1":["2"],
"relationSymbolNumberAfterSimplification_All_splitClauses_0":["25"],
"relationSymbolNumberBeforeSimplification_PredictedCDHG_splitClauses_0":["27"],
"solvability_Term_splitClauses_0":["10800000"],
"clauseNumberBeforeSimplification_PredictedCG_splitClauses_1":["14"],
"generatedPredicateNumber_Labeled_splitClauses_1":["6"],
"labeledSingleVariableTemplatesNumber_Unlabeled_splitClauses_0":["0"],
"unlabeledBinaryVariableTemplatesNumber_Empty_splitClauses_0":["12"],
"solvingTime_Mined_splitClauses_0":["10800000"],
"unlabeledTemplateNumber_All_splitClauses_1":["30"],
"clauseNumberAfterSimplification_Random_splitClauses_1":["13"],
"labeledBinaryVariableTemplatesNumber_Octagon_splitClauses_1":["2"],
"unlabeledBinaryVariableTemplatesNumber_Labeled_splitClauses_0":["12"],
"smt2FileSizeByte_Octagon_splitClauses_0":["3016"],
"labeledSingleVariableTemplatesNumber_Random_splitClauses_1":["0"],
"solvability_Unlabeled_splitClauses_0":["10800000"],
"solvingTime_Unlabeled_splitClauses_0":["10800000"],
"unlabeledTemplateRelationSymbolNumber_All_splitClauses_1":["4"],
"minedTemplateNumber_Empty_splitClauses_1":["8"],
"solvability_RelationalIneqs_splitClauses_0":["10800000"],
"unlabeledTemplateRelationSymbolNumber_Labeled_splitClauses_1":["4"],
"cegarIterationNumber_RelationalEqs_splitClauses_1":["4"],
"minedSingleVariableTemplatesNumber_RelationalEqs_splitClauses_1":["6"],
"clauseNumberAfterSimplification_PredictedCDHG_splitClauses_1":["13"],
"minedBinaryVariableTemplatesNumber_RelationalIneqs_splitClauses_1":["2"],
"unlabeledBinaryVariableTemplatesNumber_Mined_splitClauses_1":["12"],
"unlabeledBinaryVariableTemplatesNumber_PredictedCDHG_splitClauses_0":["12"],
"solvingTime_Empty_splitClauses_1":["337"],
"labeledTemplateRelationSymbolNumber_Empty_splitClauses_1":["2"],
"generatedPredicateNumber_Term_splitClauses_0":["10800000"],
"averagePredicateSize_Empty_splitClauses_1":["1"],
"generatedPredicateNumber_PredictedCG_splitClauses_1":["10800000"],
"labeledTemplateRelationSymbolNumber_PredictedCDHG_splitClauses_1":["2"],
"predicateGeneratorTime_Mined_splitClauses_0":["10800000"],
"relationSymbolNumberBeforeSimplification_Term_splitClauses_0":["27"],
"predicateGeneratorTime_Labeled_splitClauses_0":["10800000"],
"labeledSingleVariableTemplatesNumber_Random_splitClauses_0":["0"],
"unlabeledTemplateRelationSymbolNumber_All_splitClauses_0":["4"],
"minedBinaryVariableTemplatesNumber_Labeled_splitClauses_0":["2"],
"generatedPredicateNumber_Labeled_splitClauses_0":["10800000"],
"relationSymbolNumberAfterSimplification_Empty_splitClauses_1":["25"],
"solvingTime_Mined_splitClauses_1":["343"],
"minedSingleVariableTemplatesNumber_All_splitClauses_1":["6"],
"predicateGeneratorTime_Random_splitClauses_0":["10800000"],
"cegarIterationNumber_Term_splitClauses_1":["4"],
"labeledTemplateNumber_Empty_splitClauses_1":["2"],
"clauseNumberAfterSimplification_Empty_splitClauses_1":["13"],
"minedTemplateRelationSymbolNumber_Empty_splitClauses_0":["4"],
"unlabeledSingleVariableTemplatesNumber_Term_splitClauses_0":["18"],
"minedSingleVariableTemplatesNumber_Empty_splitClauses_0":["6"],
"relationSymbolNumberAfterSimplification_Random_splitClauses_0":["25"],
"minedTemplateRelationSymbolNumber_RelationalEqs_splitClauses_0":["4"],
"cegarIterationNumber_Empty_splitClauses_0":["10800000"],
"minedBinaryVariableTemplatesNumber_RelationalEqs_splitClauses_1":["2"],
"relationSymbolNumberBeforeSimplification_PredictedCG_splitClauses_1":["27"],
"labeledSingleVariableTemplatesNumber_All_splitClauses_1":["0"],
"unlabeledTemplateRelationSymbolNumber_Octagon_splitClauses_0":["4"],
"minedTemplateRelationSymbolNumber_Unlabeled_splitClauses_0":["4"],
"labeledBinaryVariableTemplatesNumber_Mined_splitClauses_0":["2"],
"relationSymbolNumberAfterSimplification_Unlabeled_splitClauses_1":["25"],
"minedTemplateNumber_PredictedCG_splitClauses_1":["8"],
"cegarIterationNumber_Empty_splitClauses_1":["4"],
"averagePredicateSize_RelationalIneqs_splitClauses_0":["10800000"],
"solvability_All_splitClauses_1":["10800000"],
"unlabeledBinaryVariableTemplatesNumber_Term_splitClauses_1":["12"],
"minedTemplateRelationSymbolNumber_Labeled_splitClauses_1":["4"],
"averagePredicateSize_Unlabeled_splitClauses_1":["1"],
"labeledTemplateNumber_Term_splitClauses_0":["2"],
"smt2FileSizeByte_Empty_splitClauses_1":["3016"],
"solvingTime_PredictedCG_splitClauses_0":["10800000"],
"cegarIterationNumber_All_splitClauses_1":["10800000"],
"clauseNumberBeforeSimplification_Term_splitClauses_1":["14"],
"predicateGeneratorTime_Empty_splitClauses_0":["10800000"],
"relationSymbolNumberBeforeSimplification_Empty_splitClauses_1":["27"],
"averagePredicateSize_All_splitClauses_0":["10800000"],
"unlabeledBinaryVariableTemplatesNumber_Random_splitClauses_0":["12"],
"smt2FileSizeByte_Term_splitClauses_0":["3016"],
"averagePredicateSize_Mined_splitClauses_1":["1"],
"minedBinaryVariableTemplatesNumber_Empty_splitClauses_0":["2"],
"minedTemplateRelationSymbolNumber_All_splitClauses_1":["4"],
"labeledSingleVariableTemplatesNumber_PredictedCG_splitClauses_0":["0"],
"unlabeledBinaryVariableTemplatesNumber_RelationalIneqs_splitClauses_0":["12"],
"unlabeledSingleVariableTemplatesNumber_RelationalIneqs_splitClauses_1":["18"],
"clauseNumberAfterSimplification_RelationalIneqs_splitClauses_0":["13"],
"unlabeledTemplateNumber_RelationalEqs_splitClauses_0":["30"],
"unlabeledTemplateNumber_RelationalIneqs_splitClauses_1":["30"],
"labeledTemplateRelationSymbolNumber_PredictedCG_splitClauses_1":["2"],
"labeledTemplateRelationSymbolNumber_All_splitClauses_0":["2"],
"labeledSingleVariableTemplatesNumber_Octagon_splitClauses_0":["0"],
"dummyFiled":[]
}