{
"smt2FileSizeByte_All_splitClauses_1":["2547"],
"generatedPredicateNumber_All_splitClauses_1":["10800000"],
"unlabeledTemplateRelationSymbolNumber_PredictedCDHG_splitClauses_0":["2"],
"relationSymbolNumberBeforeSimplification_Unlabeled_splitClauses_1":["23"],
"predicateGeneratorTime_Term_splitClauses_0":["10800000"],
"averagePredicateSize_Random_splitClauses_1":["1"],
"labeledBinaryVariableTemplatesNumber_Labeled_splitClauses_1":["2"],
"clauseNumberBeforeSimplification_All_splitClauses_1":["11"],
"minedTemplateRelationSymbolNumber_Term_splitClauses_0":["2"],
"solvingTime_Labeled_splitClauses_1":["1909"],
"unlabeledTemplateNumber_Labeled_splitClauses_1":["24"],
"relationSymbolNumberAfterSimplification_All_splitClauses_1":["178"],
"minedTemplateRelationSymbolNumber_Octagon_splitClauses_1":["2"],
"clauseNumberAfterSimplification_Mined_splitClauses_1":["65"],
"relationSymbolNumberBeforeSimplification_Octagon_splitClauses_0":["23"],
"unlabeledBinaryVariableTemplatesNumber_Term_splitClauses_0":["12"],
"labeledTemplateNumber_PredictedCDHG_splitClauses_0":["2"],
"solvability_Empty_splitClauses_0":["10800000"],
"unlabeledTemplateRelationSymbolNumber_Random_splitClauses_1":["2"],
"labeledBinaryVariableTemplatesNumber_Octagon_splitClauses_0":["2"],
"relationSymbolNumberBeforeSimplification_Random_splitClauses_1":["23"],
"minedTemplateRelationSymbolNumber_Random_splitClauses_1":["2"],
"unlabeledSingleVariableTemplatesNumber_Mined_splitClauses_0":["12"],
"unlabeledBinaryVariableTemplatesNumber_PredictedCG_splitClauses_1":["12"],
"solvability_All_splitClauses_0":["10800000"],
"predicateGeneratorTime_RelationalEqs_splitClauses_1":["741"],
"relationSymbolNumberBeforeSimplification_PredictedCDHG_splitClauses_1":["23"],
"smt2FileSizeByte_PredictedCG_splitClauses_1":["2547"],
"labeledSingleVariableTemplatesNumber_Unlabeled_splitClauses_1":["0"],
"labeledBinaryVariableTemplatesNumber_PredictedCG_splitClauses_1":["2"],
"minedBinaryVariableTemplatesNumber_PredictedCG_splitClauses_0":["2"],
"solvability_Random_splitClauses_0":["10800000"],
"relationSymbolNumberAfterSimplification_PredictedCG_splitClauses_1":["178"],
"clauseNumberBeforeSimplification_PredictedCDHG_splitClauses_1":["11"],
"labeledSingleVariableTemplatesNumber_Mined_splitClauses_0":["0"],
"solvability_Unlabeled_splitClauses_1":["1"],
"cegarIterationNumber_Labeled_splitClauses_1":["8"],
"smt2FileSizeByte_Mined_splitClauses_0":["2547"],
"relationSymbolNumberAfterSimplification_Mined_splitClauses_0":["178"],
"labeledSingleVariableTemplatesNumber_PredictedCG_splitClauses_1":["0"],
"smt2FileSizeByte_Octagon_splitClauses_1":["2547"],
"minedTemplateNumber_Labeled_splitClauses_1":["8"],
"labeledSingleVariableTemplatesNumber_RelationalIneqs_splitClauses_1":["0"],
"clauseNumberAfterSimplification_Labeled_splitClauses_1":["65"],
"relationSymbolNumberAfterSimplification_Labeled_splitClauses_0":["178"],
"smt2FileSizeByte_Random_splitClauses_0":["2547"],
"relationSymbolNumberAfterSimplification_PredictedCDHG_splitClauses_0":["178"],
"unlabeledTemplateRelationSymbolNumber_PredictedCDHG_splitClauses_1":["2"],
"labeledSingleVariableTemplatesNumber_Term_splitClauses_0":["0"],
"generatedPredicateNumber_PredictedCDHG_splitClauses_1":["10800000"],
"minedSingleVariableTemplatesNumber_Unlabeled_splitClauses_0":["6"],
"generatedPredicateNumber_Octagon_splitClauses_1":["12"],
"labeledSingleVariableTemplatesNumber_RelationalEqs_splitClauses_0":["0"],
"predicateGeneratorTime_PredictedCG_splitClauses_1":["10800000"],
"relationSymbolNumberAfterSimplification_Octagon_splitClauses_0":["178"],
"labeledTemplateNumber_Labeled_splitClauses_1":["2"],
"labeledSingleVariableTemplatesNumber_Empty_splitClauses_0":["0"],
"minedTemplateRelationSymbolNumber_RelationalIneqs_splitClauses_1":["2"],
"unlabeledSingleVariableTemplatesNumber_All_splitClauses_1":["12"],
"labeledBinaryVariableTemplatesNumber_PredictedCDHG_splitClauses_1":["2"],
"unlabeledSingleVariableTemplatesNumber_RelationalEqs_splitClauses_1":["12"],
"cegarIterationNumber_Term_splitClauses_0":["10800000"],
"unlabeledBinaryVariableTemplatesNumber_Labeled_splitClauses_1":["12"],
"unlabeledSingleVariableTemplatesNumber_Term_splitClauses_1":["12"],
"clauseNumberAfterSimplification_All_splitClauses_1":["65"],
"minedSingleVariableTemplatesNumber_Random_splitClauses_0":["6"],
"solvability_RelationalIneqs_splitClauses_1":["1"],
"minedTemplateNumber_Labeled_splitClauses_0":["8"],
"minedSingleVariableTemplatesNumber_Octagon_splitClauses_0":["6"],
"minedSingleVariableTemplatesNumber_Term_splitClauses_1":["6"],
"minedBinaryVariableTemplatesNumber_PredictedCDHG_splitClauses_1":["2"],
"generatedPredicateNumber_Mined_splitClauses_1":["14"],
"labeledSingleVariableTemplatesNumber_RelationalIneqs_splitClauses_0":["0"],
"averagePredicateSize_Mined_splitClauses_0":["10800000"],
"cegarIterationNumber_Unlabeled_splitClauses_0":["10800000"],
"minedBinaryVariableTemplatesNumber_Random_splitClauses_0":["2"],
"labeledTemplateNumber_Mined_splitClauses_1":["2"],
"labeledBinaryVariableTemplatesNumber_Random_splitClauses_0":["2"],
"unlabeledTemplateRelationSymbolNumber_Unlabeled_splitClauses_1":["2"],
"cegarIterationNumber_Mined_splitClauses_0":["10800000"],
"minedTemplateRelationSymbolNumber_Labeled_splitClauses_0":["2"],
"unlabeledBinaryVariableTemplatesNumber_RelationalIneqs_splitClauses_1":["12"],
"unlabeledBinaryVariableTemplatesNumber_Octagon_splitClauses_0":["12"],
"solvability_Mined_splitClauses_0":["10800000"],
"averagePredicateSize_RelationalEqs_splitClauses_0":["10800000"],
"clauseNumberAfterSimplification_Term_splitClauses_0":["65"],
"unlabeledTemplateNumber_Mined_splitClauses_0":["24"],
"relationSymbolNumberAfterSimplification_Random_splitClauses_1":["178"],
"unlabeledTemplateNumber_PredictedCDHG_splitClauses_0":["24"],
"cegarIterationNumber_RelationalIneqs_splitClauses_1":["7"],
"minedBinaryVariableTemplatesNumber_Unlabeled_splitClauses_1":["2"],
"labeledTemplateNumber_PredictedCG_splitClauses_1":["2"],
"labeledTemplateRelationSymbolNumber_Mined_splitClauses_0":["1"],
"labeledBinaryVariableTemplatesNumber_Mined_splitClauses_1":["2"],
"relationSymbolNumberBeforeSimplification_Mined_splitClauses_0":["23"],
"relationSymbolNumberBeforeSimplification_RelationalIneqs_splitClauses_0":["23"],
"clauseNumberAfterSimplification_RelationalIneqs_splitClauses_1":["65"],
"minedSingleVariableTemplatesNumber_PredictedCDHG_splitClauses_0":["6"],
"solvability_Labeled_splitClauses_1":["1"],
"labeledSingleVariableTemplatesNumber_Octagon_splitClauses_1":["0"],
"averagePredicateSize_Random_splitClauses_0":["10800000"],
"smt2FileSizeByte_RelationalIneqs_splitClauses_0":["2547"],
"generatedPredicateNumber_Unlabeled_splitClauses_0":["10800000"],
"solvability_RelationalEqs_splitClauses_0":["10800000"],
"predicateGeneratorTime_Empty_splitClauses_1":["208"],
"minedSingleVariableTemplatesNumber_Mined_splitClauses_0":["6"],
"relationSymbolNumberAfterSimplification_Unlabeled_splitClauses_0":["178"],
"minedTemplateRelationSymbolNumber_PredictedCDHG_splitClauses_1":["2"],
"minedTemplateNumber_PredictedCG_splitClauses_0":["8"],
"averagePredicateSize_RelationalIneqs_splitClauses_1":["1"],
"labeledTemplateRelationSymbolNumber_Random_splitClauses_1":["1"],
"minedTemplateNumber_RelationalIneqs_splitClauses_0":["8"],
"predicateGeneratorTime_RelationalIneqs_splitClauses_0":["10800000"],
"labeledTemplateRelationSymbolNumber_Empty_splitClauses_0":["1"],
"minedBinaryVariableTemplatesNumber_Octagon_splitClauses_0":["2"],
"labeledSingleVariableTemplatesNumber_Term_splitClauses_1":["0"],
"labeledBinaryVariableTemplatesNumber_Empty_splitClauses_0":["2"],
"minedTemplateNumber_Octagon_splitClauses_0":["8"],
"labeledBinaryVariableTemplatesNumber_Unlabeled_splitClauses_0":["2"],
"relationSymbolNumberBeforeSimplification_Empty_splitClauses_0":["23"],
"clauseNumberAfterSimplification_PredictedCDHG_splitClauses_0":["65"],
"smt2FileSizeByte_PredictedCG_splitClauses_0":["2547"],
"minedBinaryVariableTemplatesNumber_RelationalEqs_splitClauses_0":["2"],
"relationSymbolNumberBeforeSimplification_Unlabeled_splitClauses_0":["23"],
"labeledTemplateRelationSymbolNumber_RelationalEqs_splitClauses_1":["1"],
"minedBinaryVariableTemplatesNumber_Random_splitClauses_1":["2"],
"clauseNumberAfterSimplification_Unlabeled_splitClauses_1":["65"],
"minedSingleVariableTemplatesNumber_PredictedCDHG_splitClauses_1":["6"],
"labeledBinaryVariableTemplatesNumber_Term_splitClauses_1":["2"],
"clauseNumberBeforeSimplification_Empty_splitClauses_1":["11"],
"relationSymbolNumberAfterSimplification_Octagon_splitClauses_1":["178"],
"relationSymbolNumberAfterSimplification_Term_splitClauses_0":["178"],
"minedBinaryVariableTemplatesNumber_Mined_splitClauses_1":["2"],
"unlabeledBinaryVariableTemplatesNumber_Unlabeled_splitClauses_1":["12"],
"relationSymbolNumberBeforeSimplification_Random_splitClauses_0":["23"],
"relationSymbolNumberAfterSimplification_PredictedCDHG_splitClauses_1":["178"],
"unlabeledTemplateNumber_PredictedCG_splitClauses_1":["24"],
"generatedPredicateNumber_Empty_splitClauses_0":["10800000"],
"predicateGeneratorTime_RelationalIneqs_splitClauses_1":["338"],
"unlabeledSingleVariableTemplatesNumber_Empty_splitClauses_0":["12"],
"cegarIterationNumber_Octagon_splitClauses_0":["10800000"],
"clauseNumberAfterSimplification_Octagon_splitClauses_1":["65"],
"unlabeledSingleVariableTemplatesNumber_Labeled_splitClauses_1":["12"],
"clauseNumberBeforeSimplification_Random_splitClauses_1":["11"],
"minedTemplateRelationSymbolNumber_All_splitClauses_0":["2"],
"unlabeledTemplateRelationSymbolNumber_RelationalEqs_splitClauses_0":["2"],
"minedSingleVariableTemplatesNumber_Unlabeled_splitClauses_1":["6"],
"clauseNumberBeforeSimplification_RelationalEqs_splitClauses_0":["11"],
"minedTemplateNumber_Unlabeled_splitClauses_0":["8"],
"generatedPredicateNumber_Octagon_splitClauses_0":["10800000"],
"predicateGeneratorTime_PredictedCDHG_splitClauses_0":["10800000"],
"clauseNumberAfterSimplification_PredictedCG_splitClauses_1":["65"],
"labeledSingleVariableTemplatesNumber_RelationalEqs_splitClauses_1":["0"],
"smt2FileSizeByte_Random_splitClauses_1":["2547"],
"averagePredicateSize_PredictedCG_splitClauses_1":["10800000"],
"cegarIterationNumber_PredictedCDHG_splitClauses_1":["10800000"],
"clauseNumberAfterSimplification_RelationalEqs_splitClauses_1":["65"],
"minedBinaryVariableTemplatesNumber_Empty_splitClauses_1":["2"],
"relationSymbolNumberAfterSimplification_RelationalEqs_splitClauses_1":["178"],
"minedTemplateNumber_PredictedCDHG_splitClauses_0":["8"],
"labeledBinaryVariableTemplatesNumber_All_splitClauses_1":["2"],
"solvingTime_RelationalIneqs_splitClauses_1":["2724"],
"unlabeledTemplateRelationSymbolNumber_RelationalEqs_splitClauses_1":["2"],
"smt2FileSizeByte_Unlabeled_splitClauses_0":["2547"],
"relationSymbolNumberBeforeSimplification_Mined_splitClauses_1":["23"],
"relationSymbolNumberAfterSimplification_Mined_splitClauses_1":["178"],
"generatedPredicateNumber_All_splitClauses_0":["10800000"],
"relationSymbolNumberBeforeSimplification_Octagon_splitClauses_1":["23"],
"predicateGeneratorTime_Octagon_splitClauses_1":["369"],
"solvability_Mined_splitClauses_1":["1"],
"minedTemplateRelationSymbolNumber_Term_splitClauses_1":["2"],
"clauseNumberAfterSimplification_Mined_splitClauses_0":["65"],
"solvability_PredictedCDHG_splitClauses_0":["10800000"],
"solvingTime_Empty_splitClauses_0":["10800000"],
"unlabeledSingleVariableTemplatesNumber_Unlabeled_splitClauses_1":["12"],
"minedTemplateNumber_Term_splitClauses_1":["8"],
"averagePredicateSize_Octagon_splitClauses_1":["1"],
"unlabeledSingleVariableTemplatesNumber_Octagon_splitClauses_1":["12"],
"minedTemplateRelationSymbolNumber_RelationalEqs_splitClauses_1":["2"],
"relationSymbolNumberBeforeSimplification_All_splitClauses_1":["23"],
"minedBinaryVariableTemplatesNumber_RelationalIneqs_splitClauses_0":["2"],
"predicateGeneratorTime_Term_splitClauses_1":["319"],
"solvingTime_Labeled_splitClauses_0":["10800000"],
"unlabeledBinaryVariableTemplatesNumber_PredictedCG_splitClauses_0":["12"],
"minedTemplateNumber_All_splitClauses_0":["8"],
"predicateGeneratorTime_Labeled_splitClauses_1":["261"],
"unlabeledTemplateRelationSymbolNumber_Empty_splitClauses_0":["2"],
"unlabeledTemplateNumber_Mined_splitClauses_1":["24"],
"solvability_PredictedCG_splitClauses_1":["10800000"],
"unlabeledTemplateNumber_Term_splitClauses_0":["24"],
"minedBinaryVariableTemplatesNumber_PredictedCG_splitClauses_1":["2"],
"labeledSingleVariableTemplatesNumber_PredictedCDHG_splitClauses_0":["0"],
"minedBinaryVariableTemplatesNumber_All_splitClauses_0":["2"],
"averagePredicateSize_PredictedCDHG_splitClauses_1":["10800000"],
"predicateGeneratorTime_PredictedCG_splitClauses_0":["10800000"],
"generatedPredicateNumber_RelationalIneqs_splitClauses_0":["10800000"],
"labeledTemplateNumber_Empty_splitClauses_0":["2"],
"relationSymbolNumberAfterSimplification_RelationalIneqs_splitClauses_1":["178"],
"unlabeledTemplateRelationSymbolNumber_Term_splitClauses_0":["2"],
"minedTemplateNumber_All_splitClauses_1":["8"],
"labeledSingleVariableTemplatesNumber_Empty_splitClauses_1":["0"],
"minedBinaryVariableTemplatesNumber_Unlabeled_splitClauses_0":["2"],
"labeledTemplateNumber_Random_splitClauses_0":["2"],
"minedBinaryVariableTemplatesNumber_All_splitClauses_1":["2"],
"unlabeledSingleVariableTemplatesNumber_All_splitClauses_0":["12"],
"relationSymbolNumberBeforeSimplification_Labeled_splitClauses_1":["23"],
"smt2FileSizeByte_PredictedCDHG_splitClauses_1":["2547"],
"labeledBinaryVariableTemplatesNumber_PredictedCDHG_splitClauses_0":["2"],
"averagePredicateSize_RelationalEqs_splitClauses_1":["1"],
"minedSingleVariableTemplatesNumber_Term_splitClauses_0":["6"],
"labeledTemplateRelationSymbolNumber_Term_splitClauses_1":["1"],
"generatedPredicateNumber_Random_splitClauses_0":["10800000"],
"labeledBinaryVariableTemplatesNumber_Empty_splitClauses_1":["2"],
"relationSymbolNumberAfterSimplification_Term_splitClauses_1":["178"],
"clauseNumberAfterSimplification_Labeled_splitClauses_0":["65"],
"labeledSingleVariableTemplatesNumber_Labeled_splitClauses_0":["0"],
"minedTemplateNumber_Mined_splitClauses_1":["8"],
"labeledTemplateRelationSymbolNumber_Labeled_splitClauses_0":["1"],
"unlabeledTemplateRelationSymbolNumber_Mined_splitClauses_1":["2"],
"solvability_Labeled_splitClauses_0":["10800000"],
"minedTemplateNumber_RelationalEqs_splitClauses_1":["8"],
"solvingTime_Random_splitClauses_1":["9420"],
"minedTemplateNumber_Random_splitClauses_0":["8"],
"cegarIterationNumber_Unlabeled_splitClauses_1":["6"],
"minedTemplateNumber_RelationalIneqs_splitClauses_1":["8"],
"unlabeledBinaryVariableTemplatesNumber_Octagon_splitClauses_1":["12"],
"minedSingleVariableTemplatesNumber_Octagon_splitClauses_1":["6"],
"minedSingleVariableTemplatesNumber_Random_splitClauses_1":["6"],
"averagePredicateSize_All_splitClauses_1":["10800000"],
"minedTemplateNumber_Empty_splitClauses_0":["8"],
"labeledTemplateNumber_Mined_splitClauses_0":["2"],
"unlabeledBinaryVariableTemplatesNumber_All_splitClauses_0":["12"],
"relationSymbolNumberAfterSimplification_Labeled_splitClauses_1":["178"],
"labeledSingleVariableTemplatesNumber_PredictedCDHG_splitClauses_1":["0"],
"minedSingleVariableTemplatesNumber_Mined_splitClauses_1":["6"],
"labeledTemplateRelationSymbolNumber_Term_splitClauses_0":["1"],
"unlabeledTemplateRelationSymbolNumber_Term_splitClauses_1":["2"],
"predicateGeneratorTime_All_splitClauses_1":["10800000"],
"unlabeledSingleVariableTemplatesNumber_Random_splitClauses_0":["12"],
"predicateGeneratorTime_Unlabeled_splitClauses_1":["650"],
"cegarIterationNumber_PredictedCDHG_splitClauses_0":["10800000"],
"labeledTemplateNumber_RelationalEqs_splitClauses_0":["2"],
"labeledTemplateRelationSymbolNumber_Mined_splitClauses_1":["1"],
"labeledTemplateRelationSymbolNumber_Random_splitClauses_0":["1"],
"labeledBinaryVariableTemplatesNumber_RelationalEqs_splitClauses_1":["2"],
"generatedPredicateNumber_RelationalIneqs_splitClauses_1":["20"],
"unlabeledTemplateRelationSymbolNumber_PredictedCG_splitClauses_1":["2"],
"unlabeledSingleVariableTemplatesNumber_RelationalEqs_splitClauses_0":["12"],
"labeledBinaryVariableTemplatesNumber_Labeled_splitClauses_0":["2"],
"minedBinaryVariableTemplatesNumber_PredictedCDHG_splitClauses_0":["2"],
"unlabeledTemplateRelationSymbolNumber_Unlabeled_splitClauses_0":["2"],
"clauseNumberAfterSimplification_Term_splitClauses_1":["65"],
"unlabeledTemplateNumber_Octagon_splitClauses_0":["24"],
"unlabeledBinaryVariableTemplatesNumber_RelationalEqs_splitClauses_1":["12"],
"unlabeledTemplateNumber_PredictedCG_splitClauses_0":["24"],
"unlabeledTemplateNumber_All_splitClauses_0":["24"],
"labeledTemplateRelationSymbolNumber_RelationalIneqs_splitClauses_1":["1"],
"unlabeledSingleVariableTemplatesNumber_Mined_splitClauses_1":["12"],
"labeledTemplateRelationSymbolNumber_Unlabeled_splitClauses_1":["1"],
"labeledBinaryVariableTemplatesNumber_Random_splitClauses_1":["2"],
"solvability_Random_splitClauses_1":["1"],
"solvingTime_Term_splitClauses_0":["10800000"],
"minedSingleVariableTemplatesNumber_Labeled_splitClauses_1":["6"],
"clauseNumberBeforeSimplification_Term_splitClauses_0":["11"],
"relationSymbolNumberBeforeSimplification_RelationalIneqs_splitClauses_1":["23"],
"minedTemplateRelationSymbolNumber_Mined_splitClauses_0":["2"],
"solvability_Octagon_splitClauses_1":["1"],
"minedSingleVariableTemplatesNumber_RelationalIneqs_splitClauses_1":["6"],
"smt2FileSizeByte_Labeled_splitClauses_0":["2547"],
"solvability_RelationalEqs_splitClauses_1":["1"],
"unlabeledSingleVariableTemplatesNumber_Empty_splitClauses_1":["12"],
"labeledTemplateNumber_PredictedCDHG_splitClauses_1":["2"],
"minedTemplateRelationSymbolNumber_Octagon_splitClauses_0":["2"],
"clauseNumberAfterSimplification_Unlabeled_splitClauses_0":["65"],
"clauseNumberBeforeSimplification_Unlabeled_splitClauses_0":["11"],
"clauseNumberBeforeSimplification_PredictedCDHG_splitClauses_0":["11"],
"cegarIterationNumber_RelationalIneqs_splitClauses_0":["10800000"],
"labeledTemplateRelationSymbolNumber_RelationalEqs_splitClauses_0":["1"],
"averagePredicateSize_Labeled_splitClauses_0":["10800000"],
"smt2FileSizeByte_RelationalIneqs_splitClauses_1":["2547"],
"clauseNumberBeforeSimplification_RelationalEqs_splitClauses_1":["11"],
"unlabeledTemplateRelationSymbolNumber_RelationalIneqs_splitClauses_1":["2"],
"clauseNumberBeforeSimplification_PredictedCG_splitClauses_0":["11"],
"solvingTime_PredictedCDHG_splitClauses_0":["10800000"],
"labeledTemplateRelationSymbolNumber_Octagon_splitClauses_1":["1"],
"minedTemplateRelationSymbolNumber_PredictedCG_splitClauses_1":["2"],
"relationSymbolNumberBeforeSimplification_RelationalEqs_splitClauses_1":["23"],
"labeledTemplateNumber_Random_splitClauses_1":["2"],
"solvingTime_RelationalIneqs_splitClauses_0":["10800000"],
"labeledTemplateNumber_All_splitClauses_1":["2"],
"unlabeledTemplateNumber_Random_splitClauses_1":["24"],
"relationSymbolNumberBeforeSimplification_All_splitClauses_0":["23"],
"smt2FileSizeByte_Unlabeled_splitClauses_1":["2547"],
"cegarIterationNumber_PredictedCG_splitClauses_0":["10800000"],
"predicateGeneratorTime_Octagon_splitClauses_0":["10800000"],
"unlabeledTemplateNumber_RelationalEqs_splitClauses_1":["24"],
"clauseNumberAfterSimplification_Octagon_splitClauses_0":["65"],
"cegarIterationNumber_Random_splitClauses_0":["10800000"],
"solvability_PredictedCDHG_splitClauses_1":["10800000"],
"solvability_PredictedCG_splitClauses_0":["10800000"],
"solvingTime_PredictedCG_splitClauses_1":["10800000"],
"unlabeledSingleVariableTemplatesNumber_Unlabeled_splitClauses_0":["12"],
"unlabeledTemplateNumber_Unlabeled_splitClauses_0":["24"],
"labeledTemplateRelationSymbolNumber_RelationalIneqs_splitClauses_0":["1"],
"minedTemplateNumber_Random_splitClauses_1":["8"],
"generatedPredicateNumber_RelationalEqs_splitClauses_0":["10800000"],
"minedTemplateNumber_Term_splitClauses_0":["8"],
"solvingTime_All_splitClauses_1":["10800000"],
"minedSingleVariableTemplatesNumber_PredictedCG_splitClauses_0":["6"],
"smt2FileSizeByte_Term_splitClauses_1":["2547"],
"labeledBinaryVariableTemplatesNumber_All_splitClauses_0":["2"],
"minedTemplateNumber_PredictedCDHG_splitClauses_1":["8"],
"minedTemplateRelationSymbolNumber_PredictedCDHG_splitClauses_0":["2"],
"averagePredicateSize_Unlabeled_splitClauses_0":["10800000"],
"minedBinaryVariableTemplatesNumber_Octagon_splitClauses_1":["2"],
"unlabeledSingleVariableTemplatesNumber_Random_splitClauses_1":["12"],
"clauseNumberBeforeSimplification_Random_splitClauses_0":["11"],
"solvingTime_Unlabeled_splitClauses_1":["18219"],
"predicateGeneratorTime_PredictedCDHG_splitClauses_1":["10800000"],
"averagePredicateSize_PredictedCDHG_splitClauses_0":["10800000"],
"relationSymbolNumberAfterSimplification_RelationalEqs_splitClauses_0":["178"],
"minedBinaryVariableTemplatesNumber_Term_splitClauses_0":["2"],
"labeledTemplateNumber_RelationalIneqs_splitClauses_0":["2"],
"clauseNumberAfterSimplification_Random_splitClauses_0":["65"],
"clauseNumberAfterSimplification_PredictedCG_splitClauses_0":["65"],
"generatedPredicateNumber_Empty_splitClauses_1":["11"],
"clauseNumberBeforeSimplification_Octagon_splitClauses_0":["11"],
"unlabeledTemplateNumber_Empty_splitClauses_0":["24"],
"minedSingleVariableTemplatesNumber_All_splitClauses_0":["6"],
"labeledTemplateRelationSymbolNumber_Octagon_splitClauses_0":["1"],
"generatedPredicateNumber_Random_splitClauses_1":["24"],
"clauseNumberAfterSimplification_RelationalEqs_splitClauses_0":["65"],
"labeledBinaryVariableTemplatesNumber_Term_splitClauses_0":["2"],
"minedSingleVariableTemplatesNumber_RelationalEqs_splitClauses_0":["6"],
"minedTemplateNumber_Mined_splitClauses_0":["8"],
"relationSymbolNumberBeforeSimplification_PredictedCG_splitClauses_0":["23"],
"averagePredicateSize_Octagon_splitClauses_0":["10800000"],
"unlabeledBinaryVariableTemplatesNumber_Empty_splitClauses_1":["12"],
"unlabeledSingleVariableTemplatesNumber_PredictedCDHG_splitClauses_0":["12"],
"unlabeledSingleVariableTemplatesNumber_PredictedCG_splitClauses_1":["12"],
"labeledTemplateRelationSymbolNumber_Labeled_splitClauses_1":["1"],
"minedTemplateRelationSymbolNumber_Random_splitClauses_0":["2"],
"unlabeledTemplateRelationSymbolNumber_PredictedCG_splitClauses_0":["2"],
"unlabeledTemplateNumber_RelationalIneqs_splitClauses_0":["24"],
"unlabeledSingleVariableTemplatesNumber_Labeled_splitClauses_0":["12"],
"relationSymbolNumberAfterSimplification_PredictedCG_splitClauses_0":["178"],
"minedTemplateNumber_Unlabeled_splitClauses_1":["8"],
"generatedPredicateNumber_PredictedCG_splitClauses_0":["10800000"],
"labeledTemplateNumber_Unlabeled_splitClauses_1":["2"],
"unlabeledTemplateRelationSymbolNumber_Empty_splitClauses_1":["2"],
"clauseNumberBeforeSimplification_Empty_splitClauses_0":["11"],
"solvingTime_Octagon_splitClauses_1":["1973"],
"cegarIterationNumber_Mined_splitClauses_1":["7"],
"clauseNumberBeforeSimplification_Mined_splitClauses_1":["11"],
"smt2FileSizeByte_PredictedCDHG_splitClauses_0":["2547"],
"averagePredicateSize_PredictedCG_splitClauses_0":["10800000"],
"solvingTime_Random_splitClauses_0":["10800000"],
"minedTemplateNumber_RelationalEqs_splitClauses_0":["8"],
"unlabeledSingleVariableTemplatesNumber_RelationalIneqs_splitClauses_0":["12"],
"unlabeledTemplateNumber_Unlabeled_splitClauses_1":["24"],
"labeledBinaryVariableTemplatesNumber_RelationalEqs_splitClauses_0":["2"],
"generatedPredicateNumber_PredictedCDHG_splitClauses_0":["10800000"],
"relationSymbolNumberAfterSimplification_RelationalIneqs_splitClauses_0":["178"],
"minedTemplateRelationSymbolNumber_Empty_splitClauses_1":["2"],
"predicateGeneratorTime_Random_splitClauses_1":["438"],
"labeledTemplateNumber_Term_splitClauses_1":["2"],
"relationSymbolNumberBeforeSimplification_RelationalEqs_splitClauses_0":["23"],
"minedSingleVariableTemplatesNumber_Empty_splitClauses_1":["6"],
"minedSingleVariableTemplatesNumber_RelationalIneqs_splitClauses_0":["6"],
"clauseNumberAfterSimplification_All_splitClauses_0":["65"],
"unlabeledBinaryVariableTemplatesNumber_RelationalEqs_splitClauses_0":["12"],
"cegarIterationNumber_RelationalEqs_splitClauses_0":["10800000"],
"labeledTemplateRelationSymbolNumber_PredictedCDHG_splitClauses_0":["1"],
"labeledSingleVariableTemplatesNumber_Labeled_splitClauses_1":["0"],
"unlabeledBinaryVariableTemplatesNumber_All_splitClauses_1":["12"],
"minedTemplateRelationSymbolNumber_Unlabeled_splitClauses_1":["2"],
"solvingTime_RelationalEqs_splitClauses_0":["10800000"],
"solvingTime_RelationalEqs_splitClauses_1":["3578"],
"minedBinaryVariableTemplatesNumber_Mined_splitClauses_0":["2"],
"clauseNumberBeforeSimplification_All_splitClauses_0":["11"],
"clauseNumberBeforeSimplification_RelationalIneqs_splitClauses_1":["11"],
"labeledTemplateNumber_RelationalEqs_splitClauses_1":["2"],
"labeledBinaryVariableTemplatesNumber_RelationalIneqs_splitClauses_0":["2"],
"relationSymbolNumberBeforeSimplification_Labeled_splitClauses_0":["23"],
"clauseNumberAfterSimplification_Empty_splitClauses_0":["65"],
"averagePredicateSize_Empty_splitClauses_0":["10800000"],
"unlabeledTemplateNumber_Term_splitClauses_1":["24"],
"predicateGeneratorTime_Mined_splitClauses_1":["296"],
"labeledBinaryVariableTemplatesNumber_RelationalIneqs_splitClauses_1":["2"],
"predicateGeneratorTime_Unlabeled_splitClauses_0":["10800000"],
"relationSymbolNumberAfterSimplification_Empty_splitClauses_0":["178"],
"generatedPredicateNumber_Mined_splitClauses_0":["10800000"],
"generatedPredicateNumber_RelationalEqs_splitClauses_1":["25"],
"labeledTemplateRelationSymbolNumber_PredictedCG_splitClauses_0":["1"],
"minedSingleVariableTemplatesNumber_PredictedCG_splitClauses_1":["6"],
"minedTemplateRelationSymbolNumber_PredictedCG_splitClauses_0":["2"],
"unlabeledTemplateRelationSymbolNumber_Labeled_splitClauses_0":["2"],
"solvability_Empty_splitClauses_1":["1"],
"averagePredicateSize_Term_splitClauses_0":["10800000"],
"cegarIterationNumber_Random_splitClauses_1":["9"],
"averagePredicateSize_Labeled_splitClauses_1":["1"],
"unlabeledBinaryVariableTemplatesNumber_Unlabeled_splitClauses_0":["12"],
"generatedPredicateNumber_Unlabeled_splitClauses_1":["47"],
"predicateGeneratorTime_All_splitClauses_0":["10800000"],
"unlabeledBinaryVariableTemplatesNumber_PredictedCDHG_splitClauses_1":["12"],
"clauseNumberBeforeSimplification_Labeled_splitClauses_1":["11"],
"minedBinaryVariableTemplatesNumber_Labeled_splitClauses_1":["2"],
"labeledSingleVariableTemplatesNumber_All_splitClauses_0":["0"],
"unlabeledTemplateRelationSymbolNumber_Mined_splitClauses_0":["2"],
"cegarIterationNumber_Octagon_splitClauses_1":["7"],
"labeledTemplateNumber_Octagon_splitClauses_0":["2"],
"labeledTemplateRelationSymbolNumber_All_splitClauses_1":["1"],
"smt2FileSizeByte_Empty_splitClauses_0":["2547"],
"unlabeledTemplateNumber_Octagon_splitClauses_1":["24"],
"predicateGeneratorTime_RelationalEqs_splitClauses_0":["10800000"],
"unlabeledTemplateRelationSymbolNumber_RelationalIneqs_splitClauses_0":["2"],
"smt2FileSizeByte_RelationalEqs_splitClauses_1":["2547"],
"unlabeledTemplateNumber_Labeled_splitClauses_0":["24"],
"minedSingleVariableTemplatesNumber_Labeled_splitClauses_0":["6"],
"solvingTime_PredictedCDHG_splitClauses_1":["10800000"],
"relationSymbolNumberBeforeSimplification_Term_splitClauses_1":["23"],
"minedTemplateNumber_Octagon_splitClauses_1":["8"],
"clauseNumberBeforeSimplification_Mined_splitClauses_0":["11"],
"smt2FileSizeByte_All_splitClauses_0":["2547"],
"solvingTime_All_splitClauses_0":["10800000"],
"minedBinaryVariableTemplatesNumber_Term_splitClauses_1":["2"],
"unlabeledTemplateRelationSymbolNumber_Random_splitClauses_0":["2"],
"cegarIterationNumber_All_splitClauses_0":["10800000"],
"smt2FileSizeByte_RelationalEqs_splitClauses_0":["2547"],
"unlabeledSingleVariableTemplatesNumber_PredictedCDHG_splitClauses_1":["12"],
"clauseNumberBeforeSimplification_Labeled_splitClauses_0":["11"],
"cegarIterationNumber_PredictedCG_splitClauses_1":["10800000"],
"labeledTemplateRelationSymbolNumber_Unlabeled_splitClauses_0":["1"],
"unlabeledTemplateRelationSymbolNumber_Octagon_splitClauses_1":["2"],
"unlabeledTemplateNumber_Empty_splitClauses_1":["24"],
"clauseNumberBeforeSimplification_Octagon_splitClauses_1":["11"],
"labeledTemplateNumber_Unlabeled_splitClauses_0":["2"],
"labeledBinaryVariableTemplatesNumber_PredictedCG_splitClauses_0":["2"],
"solvability_Term_splitClauses_1":["1"],
"solvability_Octagon_splitClauses_0":["10800000"],
"minedTemplateRelationSymbolNumber_RelationalIneqs_splitClauses_0":["2"],
"clauseNumberBeforeSimplification_RelationalIneqs_splitClauses_0":["11"],
"labeledTemplateNumber_PredictedCG_splitClauses_0":["2"],
"cegarIterationNumber_Labeled_splitClauses_0":["10800000"],
"smt2FileSizeByte_Labeled_splitClauses_1":["2547"],
"clauseNumberBeforeSimplification_Unlabeled_splitClauses_1":["11"],
"generatedPredicateNumber_Term_splitClauses_1":["16"],
"solvingTime_Term_splitClauses_1":["4397"],
"unlabeledBinaryVariableTemplatesNumber_Random_splitClauses_1":["12"],
"unlabeledSingleVariableTemplatesNumber_Octagon_splitClauses_0":["12"],
"solvingTime_Octagon_splitClauses_0":["10800000"],
"labeledSingleVariableTemplatesNumber_Mined_splitClauses_1":["0"],
"averagePredicateSize_Term_splitClauses_1":["1"],
"labeledTemplateNumber_Labeled_splitClauses_0":["2"],
"unlabeledSingleVariableTemplatesNumber_PredictedCG_splitClauses_0":["12"],
"smt2FileSizeByte_Mined_splitClauses_1":["2547"],
"labeledBinaryVariableTemplatesNumber_Unlabeled_splitClauses_1":["2"],
"labeledTemplateNumber_All_splitClauses_0":["2"],
"unlabeledTemplateNumber_Random_splitClauses_0":["24"],
"labeledTemplateNumber_Octagon_splitClauses_1":["2"],
"unlabeledTemplateNumber_PredictedCDHG_splitClauses_1":["24"],
"unlabeledBinaryVariableTemplatesNumber_Mined_splitClauses_0":["12"],
"minedTemplateRelationSymbolNumber_Mined_splitClauses_1":["2"],
"labeledTemplateNumber_RelationalIneqs_splitClauses_1":["2"],
"relationSymbolNumberAfterSimplification_All_splitClauses_0":["178"],
"relationSymbolNumberBeforeSimplification_PredictedCDHG_splitClauses_0":["23"],
"solvability_Term_splitClauses_0":["10800000"],
"clauseNumberBeforeSimplification_PredictedCG_splitClauses_1":["11"],
"generatedPredicateNumber_Labeled_splitClauses_1":["12"],
"labeledSingleVariableTemplatesNumber_Unlabeled_splitClauses_0":["0"],
"unlabeledBinaryVariableTemplatesNumber_Empty_splitClauses_0":["12"],
"solvingTime_Mined_splitClauses_0":["10800000"],
"unlabeledTemplateNumber_All_splitClauses_1":["24"],
"clauseNumberAfterSimplification_Random_splitClauses_1":["65"],
"labeledBinaryVariableTemplatesNumber_Octagon_splitClauses_1":["2"],
"unlabeledBinaryVariableTemplatesNumber_Labeled_splitClauses_0":["12"],
"smt2FileSizeByte_Octagon_splitClauses_0":["2547"],
"labeledSingleVariableTemplatesNumber_Random_splitClauses_1":["0"],
"solvability_Unlabeled_splitClauses_0":["10800000"],
"solvingTime_Unlabeled_splitClauses_0":["10800000"],
"unlabeledTemplateRelationSymbolNumber_All_splitClauses_1":["2"],
"minedTemplateNumber_Empty_splitClauses_1":["8"],
"solvability_RelationalIneqs_splitClauses_0":["10800000"],
"unlabeledTemplateRelationSymbolNumber_Labeled_splitClauses_1":["2"],
"cegarIterationNumber_RelationalEqs_splitClauses_1":["8"],
"minedSingleVariableTemplatesNumber_RelationalEqs_splitClauses_1":["6"],
"clauseNumberAfterSimplification_PredictedCDHG_splitClauses_1":["65"],
"minedBinaryVariableTemplatesNumber_RelationalIneqs_splitClauses_1":["2"],
"unlabeledBinaryVariableTemplatesNumber_Mined_splitClauses_1":["12"],
"unlabeledBinaryVariableTemplatesNumber_PredictedCDHG_splitClauses_0":["12"],
"solvingTime_Empty_splitClauses_1":["2192"],
"labeledTemplateRelationSymbolNumber_Empty_splitClauses_1":["1"],
"generatedPredicateNumber_Term_splitClauses_0":["10800000"],
"averagePredicateSize_Empty_splitClauses_1":["1"],
"generatedPredicateNumber_PredictedCG_splitClauses_1":["10800000"],
"labeledTemplateRelationSymbolNumber_PredictedCDHG_splitClauses_1":["1"],
"predicateGeneratorTime_Mined_splitClauses_0":["10800000"],
"relationSymbolNumberBeforeSimplification_Term_splitClauses_0":["23"],
"predicateGeneratorTime_Labeled_splitClauses_0":["10800000"],
"labeledSingleVariableTemplatesNumber_Random_splitClauses_0":["0"],
"unlabeledTemplateRelationSymbolNumber_All_splitClauses_0":["2"],
"minedBinaryVariableTemplatesNumber_Labeled_splitClauses_0":["2"],
"generatedPredicateNumber_Labeled_splitClauses_0":["10800000"],
"relationSymbolNumberAfterSimplification_Empty_splitClauses_1":["178"],
"solvingTime_Mined_splitClauses_1":["1816"],
"minedSingleVariableTemplatesNumber_All_splitClauses_1":["6"],
"predicateGeneratorTime_Random_splitClauses_0":["10800000"],
"cegarIterationNumber_Term_splitClauses_1":["7"],
"labeledTemplateNumber_Empty_splitClauses_1":["2"],
"clauseNumberAfterSimplification_Empty_splitClauses_1":["65"],
"minedTemplateRelationSymbolNumber_Empty_splitClauses_0":["2"],
"unlabeledSingleVariableTemplatesNumber_Term_splitClauses_0":["12"],
"minedSingleVariableTemplatesNumber_Empty_splitClauses_0":["6"],
"relationSymbolNumberAfterSimplification_Random_splitClauses_0":["178"],
"minedTemplateRelationSymbolNumber_RelationalEqs_splitClauses_0":["2"],
"cegarIterationNumber_Empty_splitClauses_0":["10800000"],
"minedBinaryVariableTemplatesNumber_RelationalEqs_splitClauses_1":["2"],
"relationSymbolNumberBeforeSimplification_PredictedCG_splitClauses_1":["23"],
"labeledSingleVariableTemplatesNumber_All_splitClauses_1":["0"],
"unlabeledTemplateRelationSymbolNumber_Octagon_splitClauses_0":["2"],
"minedTemplateRelationSymbolNumber_Unlabeled_splitClauses_0":["2"],
"labeledBinaryVariableTemplatesNumber_Mined_splitClauses_0":["2"],
"relationSymbolNumberAfterSimplification_Unlabeled_splitClauses_1":["178"],
"minedTemplateNumber_PredictedCG_splitClauses_1":["8"],
"cegarIterationNumber_Empty_splitClauses_1":["9"],
"averagePredicateSize_RelationalIneqs_splitClauses_0":["10800000"],
"solvability_All_splitClauses_1":["10800000"],
"unlabeledBinaryVariableTemplatesNumber_Term_splitClauses_1":["12"],
"minedTemplateRelationSymbolNumber_Labeled_splitClauses_1":["2"],
"averagePredicateSize_Unlabeled_splitClauses_1":["1"],
"labeledTemplateNumber_Term_splitClauses_0":["2"],
"smt2FileSizeByte_Empty_splitClauses_1":["2547"],
"solvingTime_PredictedCG_splitClauses_0":["10800000"],
"cegarIterationNumber_All_splitClauses_1":["10800000"],
"clauseNumberBeforeSimplification_Term_splitClauses_1":["11"],
"predicateGeneratorTime_Empty_splitClauses_0":["10800000"],
"relationSymbolNumberBeforeSimplification_Empty_splitClauses_1":["23"],
"averagePredicateSize_All_splitClauses_0":["10800000"],
"unlabeledBinaryVariableTemplatesNumber_Random_splitClauses_0":["12"],
"smt2FileSizeByte_Term_splitClauses_0":["2547"],
"averagePredicateSize_Mined_splitClauses_1":["1"],
"minedBinaryVariableTemplatesNumber_Empty_splitClauses_0":["2"],
"minedTemplateRelationSymbolNumber_All_splitClauses_1":["2"],
"labeledSingleVariableTemplatesNumber_PredictedCG_splitClauses_0":["0"],
"unlabeledBinaryVariableTemplatesNumber_RelationalIneqs_splitClauses_0":["12"],
"unlabeledSingleVariableTemplatesNumber_RelationalIneqs_splitClauses_1":["12"],
"clauseNumberAfterSimplification_RelationalIneqs_splitClauses_0":["65"],
"unlabeledTemplateNumber_RelationalEqs_splitClauses_0":["24"],
"unlabeledTemplateNumber_RelationalIneqs_splitClauses_1":["24"],
"labeledTemplateRelationSymbolNumber_PredictedCG_splitClauses_1":["1"],
"labeledTemplateRelationSymbolNumber_All_splitClauses_0":["1"],
"labeledSingleVariableTemplatesNumber_Octagon_splitClauses_0":["0"],
"dummyFiled":[]
}