{
"smt2FileSizeByte_All_splitClauses_1":["19267"],
"generatedPredicateNumber_All_splitClauses_1":["10800000"],
"unlabeledTemplateRelationSymbolNumber_PredictedCDHG_splitClauses_0":["6"],
"relationSymbolNumberBeforeSimplification_Unlabeled_splitClauses_1":["135"],
"predicateGeneratorTime_Term_splitClauses_0":["10800000"],
"averagePredicateSize_Random_splitClauses_1":["1"],
"labeledBinaryVariableTemplatesNumber_Labeled_splitClauses_1":["7"],
"clauseNumberBeforeSimplification_All_splitClauses_1":["56"],
"minedTemplateRelationSymbolNumber_Term_splitClauses_0":["6"],
"solvingTime_Labeled_splitClauses_1":["363"],
"unlabeledTemplateNumber_Labeled_splitClauses_1":["144"],
"relationSymbolNumberAfterSimplification_All_splitClauses_1":["204"],
"minedTemplateRelationSymbolNumber_Octagon_splitClauses_1":["6"],
"clauseNumberAfterSimplification_Mined_splitClauses_1":["76"],
"relationSymbolNumberBeforeSimplification_Octagon_splitClauses_0":["135"],
"unlabeledBinaryVariableTemplatesNumber_Term_splitClauses_0":["84"],
"labeledTemplateNumber_PredictedCDHG_splitClauses_0":["7"],
"solvability_Empty_splitClauses_0":["10800000"],
"unlabeledTemplateRelationSymbolNumber_Random_splitClauses_1":["6"],
"labeledBinaryVariableTemplatesNumber_Octagon_splitClauses_0":["7"],
"relationSymbolNumberBeforeSimplification_Random_splitClauses_1":["135"],
"minedTemplateRelationSymbolNumber_Random_splitClauses_1":["6"],
"unlabeledSingleVariableTemplatesNumber_Mined_splitClauses_0":["60"],
"unlabeledBinaryVariableTemplatesNumber_PredictedCG_splitClauses_1":["84"],
"solvability_All_splitClauses_0":["10800000"],
"predicateGeneratorTime_RelationalEqs_splitClauses_1":["146"],
"relationSymbolNumberBeforeSimplification_PredictedCDHG_splitClauses_1":["135"],
"smt2FileSizeByte_PredictedCG_splitClauses_1":["19267"],
"labeledSingleVariableTemplatesNumber_Unlabeled_splitClauses_1":["0"],
"labeledBinaryVariableTemplatesNumber_PredictedCG_splitClauses_1":["7"],
"minedBinaryVariableTemplatesNumber_PredictedCG_splitClauses_0":["7"],
"solvability_Random_splitClauses_0":["10800000"],
"relationSymbolNumberAfterSimplification_PredictedCG_splitClauses_1":["204"],
"clauseNumberBeforeSimplification_PredictedCDHG_splitClauses_1":["56"],
"labeledSingleVariableTemplatesNumber_Mined_splitClauses_0":["0"],
"solvability_Unlabeled_splitClauses_1":["1"],
"cegarIterationNumber_Labeled_splitClauses_1":["6"],
"smt2FileSizeByte_Mined_splitClauses_0":["19267"],
"relationSymbolNumberAfterSimplification_Mined_splitClauses_0":["204"],
"labeledSingleVariableTemplatesNumber_PredictedCG_splitClauses_1":["0"],
"smt2FileSizeByte_Octagon_splitClauses_1":["19267"],
"minedTemplateNumber_Labeled_splitClauses_1":["27"],
"labeledSingleVariableTemplatesNumber_RelationalIneqs_splitClauses_1":["0"],
"clauseNumberAfterSimplification_Labeled_splitClauses_1":["76"],
"relationSymbolNumberAfterSimplification_Labeled_splitClauses_0":["204"],
"smt2FileSizeByte_Random_splitClauses_0":["19267"],
"relationSymbolNumberAfterSimplification_PredictedCDHG_splitClauses_0":["204"],
"unlabeledTemplateRelationSymbolNumber_PredictedCDHG_splitClauses_1":["6"],
"labeledSingleVariableTemplatesNumber_Term_splitClauses_0":["0"],
"generatedPredicateNumber_PredictedCDHG_splitClauses_1":["10800000"],
"minedSingleVariableTemplatesNumber_Unlabeled_splitClauses_0":["20"],
"generatedPredicateNumber_Octagon_splitClauses_1":["10"],
"labeledSingleVariableTemplatesNumber_RelationalEqs_splitClauses_0":["0"],
"predicateGeneratorTime_PredictedCG_splitClauses_1":["10800000"],
"relationSymbolNumberAfterSimplification_Octagon_splitClauses_0":["204"],
"labeledTemplateNumber_Labeled_splitClauses_1":["7"],
"labeledSingleVariableTemplatesNumber_Empty_splitClauses_0":["0"],
"minedTemplateRelationSymbolNumber_RelationalIneqs_splitClauses_1":["6"],
"unlabeledSingleVariableTemplatesNumber_All_splitClauses_1":["60"],
"labeledBinaryVariableTemplatesNumber_PredictedCDHG_splitClauses_1":["7"],
"unlabeledSingleVariableTemplatesNumber_RelationalEqs_splitClauses_1":["60"],
"cegarIterationNumber_Term_splitClauses_0":["10800000"],
"unlabeledBinaryVariableTemplatesNumber_Labeled_splitClauses_1":["84"],
"unlabeledSingleVariableTemplatesNumber_Term_splitClauses_1":["60"],
"clauseNumberAfterSimplification_All_splitClauses_1":["76"],
"minedSingleVariableTemplatesNumber_Random_splitClauses_0":["20"],
"solvability_RelationalIneqs_splitClauses_1":["1"],
"minedTemplateNumber_Labeled_splitClauses_0":["27"],
"minedSingleVariableTemplatesNumber_Octagon_splitClauses_0":["20"],
"minedSingleVariableTemplatesNumber_Term_splitClauses_1":["20"],
"minedBinaryVariableTemplatesNumber_PredictedCDHG_splitClauses_1":["7"],
"generatedPredicateNumber_Mined_splitClauses_1":["10"],
"labeledSingleVariableTemplatesNumber_RelationalIneqs_splitClauses_0":["0"],
"averagePredicateSize_Mined_splitClauses_0":["10800000"],
"cegarIterationNumber_Unlabeled_splitClauses_0":["10800000"],
"minedBinaryVariableTemplatesNumber_Random_splitClauses_0":["7"],
"labeledTemplateNumber_Mined_splitClauses_1":["7"],
"labeledBinaryVariableTemplatesNumber_Random_splitClauses_0":["7"],
"unlabeledTemplateRelationSymbolNumber_Unlabeled_splitClauses_1":["6"],
"cegarIterationNumber_Mined_splitClauses_0":["10800000"],
"minedTemplateRelationSymbolNumber_Labeled_splitClauses_0":["6"],
"unlabeledBinaryVariableTemplatesNumber_RelationalIneqs_splitClauses_1":["84"],
"unlabeledBinaryVariableTemplatesNumber_Octagon_splitClauses_0":["84"],
"solvability_Mined_splitClauses_0":["10800000"],
"averagePredicateSize_RelationalEqs_splitClauses_0":["10800000"],
"clauseNumberAfterSimplification_Term_splitClauses_0":["76"],
"unlabeledTemplateNumber_Mined_splitClauses_0":["144"],
"relationSymbolNumberAfterSimplification_Random_splitClauses_1":["204"],
"unlabeledTemplateNumber_PredictedCDHG_splitClauses_0":["144"],
"cegarIterationNumber_RelationalIneqs_splitClauses_1":["6"],
"minedBinaryVariableTemplatesNumber_Unlabeled_splitClauses_1":["7"],
"labeledTemplateNumber_PredictedCG_splitClauses_1":["7"],
"labeledTemplateRelationSymbolNumber_Mined_splitClauses_0":["2"],
"labeledBinaryVariableTemplatesNumber_Mined_splitClauses_1":["7"],
"relationSymbolNumberBeforeSimplification_Mined_splitClauses_0":["135"],
"relationSymbolNumberBeforeSimplification_RelationalIneqs_splitClauses_0":["135"],
"clauseNumberAfterSimplification_RelationalIneqs_splitClauses_1":["76"],
"minedSingleVariableTemplatesNumber_PredictedCDHG_splitClauses_0":["20"],
"solvability_Labeled_splitClauses_1":["1"],
"labeledSingleVariableTemplatesNumber_Octagon_splitClauses_1":["0"],
"averagePredicateSize_Random_splitClauses_0":["10800000"],
"smt2FileSizeByte_RelationalIneqs_splitClauses_0":["19267"],
"generatedPredicateNumber_Unlabeled_splitClauses_0":["10800000"],
"solvability_RelationalEqs_splitClauses_0":["10800000"],
"predicateGeneratorTime_Empty_splitClauses_1":["375"],
"minedSingleVariableTemplatesNumber_Mined_splitClauses_0":["20"],
"relationSymbolNumberAfterSimplification_Unlabeled_splitClauses_0":["204"],
"minedTemplateRelationSymbolNumber_PredictedCDHG_splitClauses_1":["6"],
"minedTemplateNumber_PredictedCG_splitClauses_0":["27"],
"averagePredicateSize_RelationalIneqs_splitClauses_1":["1"],
"labeledTemplateRelationSymbolNumber_Random_splitClauses_1":["2"],
"minedTemplateNumber_RelationalIneqs_splitClauses_0":["27"],
"predicateGeneratorTime_RelationalIneqs_splitClauses_0":["10800000"],
"labeledTemplateRelationSymbolNumber_Empty_splitClauses_0":["2"],
"minedBinaryVariableTemplatesNumber_Octagon_splitClauses_0":["7"],
"labeledSingleVariableTemplatesNumber_Term_splitClauses_1":["0"],
"labeledBinaryVariableTemplatesNumber_Empty_splitClauses_0":["7"],
"minedTemplateNumber_Octagon_splitClauses_0":["27"],
"labeledBinaryVariableTemplatesNumber_Unlabeled_splitClauses_0":["7"],
"relationSymbolNumberBeforeSimplification_Empty_splitClauses_0":["135"],
"clauseNumberAfterSimplification_PredictedCDHG_splitClauses_0":["76"],
"smt2FileSizeByte_PredictedCG_splitClauses_0":["19267"],
"minedBinaryVariableTemplatesNumber_RelationalEqs_splitClauses_0":["7"],
"relationSymbolNumberBeforeSimplification_Unlabeled_splitClauses_0":["135"],
"labeledTemplateRelationSymbolNumber_RelationalEqs_splitClauses_1":["2"],
"minedBinaryVariableTemplatesNumber_Random_splitClauses_1":["7"],
"clauseNumberAfterSimplification_Unlabeled_splitClauses_1":["76"],
"minedSingleVariableTemplatesNumber_PredictedCDHG_splitClauses_1":["20"],
"labeledBinaryVariableTemplatesNumber_Term_splitClauses_1":["7"],
"clauseNumberBeforeSimplification_Empty_splitClauses_1":["56"],
"relationSymbolNumberAfterSimplification_Octagon_splitClauses_1":["204"],
"relationSymbolNumberAfterSimplification_Term_splitClauses_0":["204"],
"minedBinaryVariableTemplatesNumber_Mined_splitClauses_1":["7"],
"unlabeledBinaryVariableTemplatesNumber_Unlabeled_splitClauses_1":["84"],
"relationSymbolNumberBeforeSimplification_Random_splitClauses_0":["135"],
"relationSymbolNumberAfterSimplification_PredictedCDHG_splitClauses_1":["204"],
"unlabeledTemplateNumber_PredictedCG_splitClauses_1":["144"],
"generatedPredicateNumber_Empty_splitClauses_0":["10800000"],
"predicateGeneratorTime_RelationalIneqs_splitClauses_1":["132"],
"unlabeledSingleVariableTemplatesNumber_Empty_splitClauses_0":["60"],
"cegarIterationNumber_Octagon_splitClauses_0":["10800000"],
"clauseNumberAfterSimplification_Octagon_splitClauses_1":["76"],
"unlabeledSingleVariableTemplatesNumber_Labeled_splitClauses_1":["60"],
"clauseNumberBeforeSimplification_Random_splitClauses_1":["56"],
"minedTemplateRelationSymbolNumber_All_splitClauses_0":["6"],
"unlabeledTemplateRelationSymbolNumber_RelationalEqs_splitClauses_0":["6"],
"minedSingleVariableTemplatesNumber_Unlabeled_splitClauses_1":["20"],
"clauseNumberBeforeSimplification_RelationalEqs_splitClauses_0":["56"],
"minedTemplateNumber_Unlabeled_splitClauses_0":["27"],
"generatedPredicateNumber_Octagon_splitClauses_0":["10800000"],
"predicateGeneratorTime_PredictedCDHG_splitClauses_0":["10800000"],
"clauseNumberAfterSimplification_PredictedCG_splitClauses_1":["76"],
"labeledSingleVariableTemplatesNumber_RelationalEqs_splitClauses_1":["0"],
"smt2FileSizeByte_Random_splitClauses_1":["19267"],
"averagePredicateSize_PredictedCG_splitClauses_1":["10800000"],
"cegarIterationNumber_PredictedCDHG_splitClauses_1":["10800000"],
"clauseNumberAfterSimplification_RelationalEqs_splitClauses_1":["76"],
"minedBinaryVariableTemplatesNumber_Empty_splitClauses_1":["7"],
"relationSymbolNumberAfterSimplification_RelationalEqs_splitClauses_1":["204"],
"minedTemplateNumber_PredictedCDHG_splitClauses_0":["27"],
"labeledBinaryVariableTemplatesNumber_All_splitClauses_1":["7"],
"solvingTime_RelationalIneqs_splitClauses_1":["265"],
"unlabeledTemplateRelationSymbolNumber_RelationalEqs_splitClauses_1":["6"],
"smt2FileSizeByte_Unlabeled_splitClauses_0":["19267"],
"relationSymbolNumberBeforeSimplification_Mined_splitClauses_1":["135"],
"relationSymbolNumberAfterSimplification_Mined_splitClauses_1":["204"],
"generatedPredicateNumber_All_splitClauses_0":["10800000"],
"relationSymbolNumberBeforeSimplification_Octagon_splitClauses_1":["135"],
"predicateGeneratorTime_Octagon_splitClauses_1":["169"],
"solvability_Mined_splitClauses_1":["1"],
"minedTemplateRelationSymbolNumber_Term_splitClauses_1":["6"],
"clauseNumberAfterSimplification_Mined_splitClauses_0":["76"],
"solvability_PredictedCDHG_splitClauses_0":["10800000"],
"solvingTime_Empty_splitClauses_0":["10800000"],
"unlabeledSingleVariableTemplatesNumber_Unlabeled_splitClauses_1":["60"],
"minedTemplateNumber_Term_splitClauses_1":["27"],
"averagePredicateSize_Octagon_splitClauses_1":["1"],
"unlabeledSingleVariableTemplatesNumber_Octagon_splitClauses_1":["60"],
"minedTemplateRelationSymbolNumber_RelationalEqs_splitClauses_1":["6"],
"relationSymbolNumberBeforeSimplification_All_splitClauses_1":["135"],
"minedBinaryVariableTemplatesNumber_RelationalIneqs_splitClauses_0":["7"],
"predicateGeneratorTime_Term_splitClauses_1":["272"],
"solvingTime_Labeled_splitClauses_0":["10800000"],
"unlabeledBinaryVariableTemplatesNumber_PredictedCG_splitClauses_0":["84"],
"minedTemplateNumber_All_splitClauses_0":["27"],
"predicateGeneratorTime_Labeled_splitClauses_1":["233"],
"unlabeledTemplateRelationSymbolNumber_Empty_splitClauses_0":["6"],
"unlabeledTemplateNumber_Mined_splitClauses_1":["144"],
"solvability_PredictedCG_splitClauses_1":["10800000"],
"unlabeledTemplateNumber_Term_splitClauses_0":["144"],
"minedBinaryVariableTemplatesNumber_PredictedCG_splitClauses_1":["7"],
"labeledSingleVariableTemplatesNumber_PredictedCDHG_splitClauses_0":["0"],
"minedBinaryVariableTemplatesNumber_All_splitClauses_0":["7"],
"averagePredicateSize_PredictedCDHG_splitClauses_1":["10800000"],
"predicateGeneratorTime_PredictedCG_splitClauses_0":["10800000"],
"generatedPredicateNumber_RelationalIneqs_splitClauses_0":["10800000"],
"labeledTemplateNumber_Empty_splitClauses_0":["7"],
"relationSymbolNumberAfterSimplification_RelationalIneqs_splitClauses_1":["204"],
"unlabeledTemplateRelationSymbolNumber_Term_splitClauses_0":["6"],
"minedTemplateNumber_All_splitClauses_1":["27"],
"labeledSingleVariableTemplatesNumber_Empty_splitClauses_1":["0"],
"minedBinaryVariableTemplatesNumber_Unlabeled_splitClauses_0":["7"],
"labeledTemplateNumber_Random_splitClauses_0":["7"],
"minedBinaryVariableTemplatesNumber_All_splitClauses_1":["7"],
"unlabeledSingleVariableTemplatesNumber_All_splitClauses_0":["60"],
"relationSymbolNumberBeforeSimplification_Labeled_splitClauses_1":["135"],
"smt2FileSizeByte_PredictedCDHG_splitClauses_1":["19267"],
"labeledBinaryVariableTemplatesNumber_PredictedCDHG_splitClauses_0":["7"],
"averagePredicateSize_RelationalEqs_splitClauses_1":["1"],
"minedSingleVariableTemplatesNumber_Term_splitClauses_0":["20"],
"labeledTemplateRelationSymbolNumber_Term_splitClauses_1":["2"],
"generatedPredicateNumber_Random_splitClauses_0":["10800000"],
"labeledBinaryVariableTemplatesNumber_Empty_splitClauses_1":["7"],
"relationSymbolNumberAfterSimplification_Term_splitClauses_1":["204"],
"clauseNumberAfterSimplification_Labeled_splitClauses_0":["76"],
"labeledSingleVariableTemplatesNumber_Labeled_splitClauses_0":["0"],
"minedTemplateNumber_Mined_splitClauses_1":["27"],
"labeledTemplateRelationSymbolNumber_Labeled_splitClauses_0":["2"],
"unlabeledTemplateRelationSymbolNumber_Mined_splitClauses_1":["6"],
"solvability_Labeled_splitClauses_0":["10800000"],
"minedTemplateNumber_RelationalEqs_splitClauses_1":["27"],
"solvingTime_Random_splitClauses_1":["311"],
"minedTemplateNumber_Random_splitClauses_0":["27"],
"cegarIterationNumber_Unlabeled_splitClauses_1":["6"],
"minedTemplateNumber_RelationalIneqs_splitClauses_1":["27"],
"unlabeledBinaryVariableTemplatesNumber_Octagon_splitClauses_1":["84"],
"minedSingleVariableTemplatesNumber_Octagon_splitClauses_1":["20"],
"minedSingleVariableTemplatesNumber_Random_splitClauses_1":["20"],
"averagePredicateSize_All_splitClauses_1":["10800000"],
"minedTemplateNumber_Empty_splitClauses_0":["27"],
"labeledTemplateNumber_Mined_splitClauses_0":["7"],
"unlabeledBinaryVariableTemplatesNumber_All_splitClauses_0":["84"],
"relationSymbolNumberAfterSimplification_Labeled_splitClauses_1":["204"],
"labeledSingleVariableTemplatesNumber_PredictedCDHG_splitClauses_1":["0"],
"minedSingleVariableTemplatesNumber_Mined_splitClauses_1":["20"],
"labeledTemplateRelationSymbolNumber_Term_splitClauses_0":["2"],
"unlabeledTemplateRelationSymbolNumber_Term_splitClauses_1":["6"],
"predicateGeneratorTime_All_splitClauses_1":["10800000"],
"unlabeledSingleVariableTemplatesNumber_Random_splitClauses_0":["60"],
"predicateGeneratorTime_Unlabeled_splitClauses_1":["186"],
"cegarIterationNumber_PredictedCDHG_splitClauses_0":["10800000"],
"labeledTemplateNumber_RelationalEqs_splitClauses_0":["7"],
"labeledTemplateRelationSymbolNumber_Mined_splitClauses_1":["2"],
"labeledTemplateRelationSymbolNumber_Random_splitClauses_0":["2"],
"labeledBinaryVariableTemplatesNumber_RelationalEqs_splitClauses_1":["7"],
"generatedPredicateNumber_RelationalIneqs_splitClauses_1":["10"],
"unlabeledTemplateRelationSymbolNumber_PredictedCG_splitClauses_1":["6"],
"unlabeledSingleVariableTemplatesNumber_RelationalEqs_splitClauses_0":["60"],
"labeledBinaryVariableTemplatesNumber_Labeled_splitClauses_0":["7"],
"minedBinaryVariableTemplatesNumber_PredictedCDHG_splitClauses_0":["7"],
"unlabeledTemplateRelationSymbolNumber_Unlabeled_splitClauses_0":["6"],
"clauseNumberAfterSimplification_Term_splitClauses_1":["76"],
"unlabeledTemplateNumber_Octagon_splitClauses_0":["144"],
"unlabeledBinaryVariableTemplatesNumber_RelationalEqs_splitClauses_1":["84"],
"unlabeledTemplateNumber_PredictedCG_splitClauses_0":["144"],
"unlabeledTemplateNumber_All_splitClauses_0":["144"],
"labeledTemplateRelationSymbolNumber_RelationalIneqs_splitClauses_1":["2"],
"unlabeledSingleVariableTemplatesNumber_Mined_splitClauses_1":["60"],
"labeledTemplateRelationSymbolNumber_Unlabeled_splitClauses_1":["2"],
"labeledBinaryVariableTemplatesNumber_Random_splitClauses_1":["7"],
"solvability_Random_splitClauses_1":["1"],
"solvingTime_Term_splitClauses_0":["10800000"],
"minedSingleVariableTemplatesNumber_Labeled_splitClauses_1":["20"],
"clauseNumberBeforeSimplification_Term_splitClauses_0":["56"],
"relationSymbolNumberBeforeSimplification_RelationalIneqs_splitClauses_1":["135"],
"minedTemplateRelationSymbolNumber_Mined_splitClauses_0":["6"],
"solvability_Octagon_splitClauses_1":["1"],
"minedSingleVariableTemplatesNumber_RelationalIneqs_splitClauses_1":["20"],
"smt2FileSizeByte_Labeled_splitClauses_0":["19267"],
"solvability_RelationalEqs_splitClauses_1":["1"],
"unlabeledSingleVariableTemplatesNumber_Empty_splitClauses_1":["60"],
"labeledTemplateNumber_PredictedCDHG_splitClauses_1":["7"],
"minedTemplateRelationSymbolNumber_Octagon_splitClauses_0":["6"],
"clauseNumberAfterSimplification_Unlabeled_splitClauses_0":["76"],
"clauseNumberBeforeSimplification_Unlabeled_splitClauses_0":["56"],
"clauseNumberBeforeSimplification_PredictedCDHG_splitClauses_0":["56"],
"cegarIterationNumber_RelationalIneqs_splitClauses_0":["10800000"],
"labeledTemplateRelationSymbolNumber_RelationalEqs_splitClauses_0":["2"],
"averagePredicateSize_Labeled_splitClauses_0":["10800000"],
"smt2FileSizeByte_RelationalIneqs_splitClauses_1":["19267"],
"clauseNumberBeforeSimplification_RelationalEqs_splitClauses_1":["56"],
"unlabeledTemplateRelationSymbolNumber_RelationalIneqs_splitClauses_1":["6"],
"clauseNumberBeforeSimplification_PredictedCG_splitClauses_0":["56"],
"solvingTime_PredictedCDHG_splitClauses_0":["10800000"],
"labeledTemplateRelationSymbolNumber_Octagon_splitClauses_1":["2"],
"minedTemplateRelationSymbolNumber_PredictedCG_splitClauses_1":["6"],
"relationSymbolNumberBeforeSimplification_RelationalEqs_splitClauses_1":["135"],
"labeledTemplateNumber_Random_splitClauses_1":["7"],
"solvingTime_RelationalIneqs_splitClauses_0":["10800000"],
"labeledTemplateNumber_All_splitClauses_1":["7"],
"unlabeledTemplateNumber_Random_splitClauses_1":["144"],
"relationSymbolNumberBeforeSimplification_All_splitClauses_0":["135"],
"smt2FileSizeByte_Unlabeled_splitClauses_1":["19267"],
"cegarIterationNumber_PredictedCG_splitClauses_0":["10800000"],
"predicateGeneratorTime_Octagon_splitClauses_0":["10800000"],
"unlabeledTemplateNumber_RelationalEqs_splitClauses_1":["144"],
"clauseNumberAfterSimplification_Octagon_splitClauses_0":["76"],
"cegarIterationNumber_Random_splitClauses_0":["10800000"],
"solvability_PredictedCDHG_splitClauses_1":["10800000"],
"solvability_PredictedCG_splitClauses_0":["10800000"],
"solvingTime_PredictedCG_splitClauses_1":["10800000"],
"unlabeledSingleVariableTemplatesNumber_Unlabeled_splitClauses_0":["60"],
"unlabeledTemplateNumber_Unlabeled_splitClauses_0":["144"],
"labeledTemplateRelationSymbolNumber_RelationalIneqs_splitClauses_0":["2"],
"minedTemplateNumber_Random_splitClauses_1":["27"],
"generatedPredicateNumber_RelationalEqs_splitClauses_0":["10800000"],
"minedTemplateNumber_Term_splitClauses_0":["27"],
"solvingTime_All_splitClauses_1":["10800000"],
"minedSingleVariableTemplatesNumber_PredictedCG_splitClauses_0":["20"],
"smt2FileSizeByte_Term_splitClauses_1":["19267"],
"labeledBinaryVariableTemplatesNumber_All_splitClauses_0":["7"],
"minedTemplateNumber_PredictedCDHG_splitClauses_1":["27"],
"minedTemplateRelationSymbolNumber_PredictedCDHG_splitClauses_0":["6"],
"averagePredicateSize_Unlabeled_splitClauses_0":["10800000"],
"minedBinaryVariableTemplatesNumber_Octagon_splitClauses_1":["7"],
"unlabeledSingleVariableTemplatesNumber_Random_splitClauses_1":["60"],
"clauseNumberBeforeSimplification_Random_splitClauses_0":["56"],
"solvingTime_Unlabeled_splitClauses_1":["383"],
"predicateGeneratorTime_PredictedCDHG_splitClauses_1":["10800000"],
"averagePredicateSize_PredictedCDHG_splitClauses_0":["10800000"],
"relationSymbolNumberAfterSimplification_RelationalEqs_splitClauses_0":["204"],
"minedBinaryVariableTemplatesNumber_Term_splitClauses_0":["7"],
"labeledTemplateNumber_RelationalIneqs_splitClauses_0":["7"],
"clauseNumberAfterSimplification_Random_splitClauses_0":["76"],
"clauseNumberAfterSimplification_PredictedCG_splitClauses_0":["76"],
"generatedPredicateNumber_Empty_splitClauses_1":["10"],
"clauseNumberBeforeSimplification_Octagon_splitClauses_0":["56"],
"unlabeledTemplateNumber_Empty_splitClauses_0":["144"],
"minedSingleVariableTemplatesNumber_All_splitClauses_0":["20"],
"labeledTemplateRelationSymbolNumber_Octagon_splitClauses_0":["2"],
"generatedPredicateNumber_Random_splitClauses_1":["10"],
"clauseNumberAfterSimplification_RelationalEqs_splitClauses_0":["76"],
"labeledBinaryVariableTemplatesNumber_Term_splitClauses_0":["7"],
"minedSingleVariableTemplatesNumber_RelationalEqs_splitClauses_0":["20"],
"minedTemplateNumber_Mined_splitClauses_0":["27"],
"relationSymbolNumberBeforeSimplification_PredictedCG_splitClauses_0":["135"],
"averagePredicateSize_Octagon_splitClauses_0":["10800000"],
"unlabeledBinaryVariableTemplatesNumber_Empty_splitClauses_1":["84"],
"unlabeledSingleVariableTemplatesNumber_PredictedCDHG_splitClauses_0":["60"],
"unlabeledSingleVariableTemplatesNumber_PredictedCG_splitClauses_1":["60"],
"labeledTemplateRelationSymbolNumber_Labeled_splitClauses_1":["2"],
"minedTemplateRelationSymbolNumber_Random_splitClauses_0":["6"],
"unlabeledTemplateRelationSymbolNumber_PredictedCG_splitClauses_0":["6"],
"unlabeledTemplateNumber_RelationalIneqs_splitClauses_0":["144"],
"unlabeledSingleVariableTemplatesNumber_Labeled_splitClauses_0":["60"],
"relationSymbolNumberAfterSimplification_PredictedCG_splitClauses_0":["204"],
"minedTemplateNumber_Unlabeled_splitClauses_1":["27"],
"generatedPredicateNumber_PredictedCG_splitClauses_0":["10800000"],
"labeledTemplateNumber_Unlabeled_splitClauses_1":["7"],
"unlabeledTemplateRelationSymbolNumber_Empty_splitClauses_1":["6"],
"clauseNumberBeforeSimplification_Empty_splitClauses_0":["56"],
"solvingTime_Octagon_splitClauses_1":["336"],
"cegarIterationNumber_Mined_splitClauses_1":["6"],
"clauseNumberBeforeSimplification_Mined_splitClauses_1":["56"],
"smt2FileSizeByte_PredictedCDHG_splitClauses_0":["19267"],
"averagePredicateSize_PredictedCG_splitClauses_0":["10800000"],
"solvingTime_Random_splitClauses_0":["10800000"],
"minedTemplateNumber_RelationalEqs_splitClauses_0":["27"],
"unlabeledSingleVariableTemplatesNumber_RelationalIneqs_splitClauses_0":["60"],
"unlabeledTemplateNumber_Unlabeled_splitClauses_1":["144"],
"labeledBinaryVariableTemplatesNumber_RelationalEqs_splitClauses_0":["7"],
"generatedPredicateNumber_PredictedCDHG_splitClauses_0":["10800000"],
"relationSymbolNumberAfterSimplification_RelationalIneqs_splitClauses_0":["204"],
"minedTemplateRelationSymbolNumber_Empty_splitClauses_1":["6"],
"predicateGeneratorTime_Random_splitClauses_1":["187"],
"labeledTemplateNumber_Term_splitClauses_1":["7"],
"relationSymbolNumberBeforeSimplification_RelationalEqs_splitClauses_0":["135"],
"minedSingleVariableTemplatesNumber_Empty_splitClauses_1":["20"],
"minedSingleVariableTemplatesNumber_RelationalIneqs_splitClauses_0":["20"],
"clauseNumberAfterSimplification_All_splitClauses_0":["76"],
"unlabeledBinaryVariableTemplatesNumber_RelationalEqs_splitClauses_0":["84"],
"cegarIterationNumber_RelationalEqs_splitClauses_0":["10800000"],
"labeledTemplateRelationSymbolNumber_PredictedCDHG_splitClauses_0":["2"],
"labeledSingleVariableTemplatesNumber_Labeled_splitClauses_1":["0"],
"unlabeledBinaryVariableTemplatesNumber_All_splitClauses_1":["84"],
"minedTemplateRelationSymbolNumber_Unlabeled_splitClauses_1":["6"],
"solvingTime_RelationalEqs_splitClauses_0":["10800000"],
"solvingTime_RelationalEqs_splitClauses_1":["267"],
"minedBinaryVariableTemplatesNumber_Mined_splitClauses_0":["7"],
"clauseNumberBeforeSimplification_All_splitClauses_0":["56"],
"clauseNumberBeforeSimplification_RelationalIneqs_splitClauses_1":["56"],
"labeledTemplateNumber_RelationalEqs_splitClauses_1":["7"],
"labeledBinaryVariableTemplatesNumber_RelationalIneqs_splitClauses_0":["7"],
"relationSymbolNumberBeforeSimplification_Labeled_splitClauses_0":["135"],
"clauseNumberAfterSimplification_Empty_splitClauses_0":["76"],
"averagePredicateSize_Empty_splitClauses_0":["10800000"],
"unlabeledTemplateNumber_Term_splitClauses_1":["144"],
"predicateGeneratorTime_Mined_splitClauses_1":["171"],
"labeledBinaryVariableTemplatesNumber_RelationalIneqs_splitClauses_1":["7"],
"predicateGeneratorTime_Unlabeled_splitClauses_0":["10800000"],
"relationSymbolNumberAfterSimplification_Empty_splitClauses_0":["204"],
"generatedPredicateNumber_Mined_splitClauses_0":["10800000"],
"generatedPredicateNumber_RelationalEqs_splitClauses_1":["10"],
"labeledTemplateRelationSymbolNumber_PredictedCG_splitClauses_0":["2"],
"minedSingleVariableTemplatesNumber_PredictedCG_splitClauses_1":["20"],
"minedTemplateRelationSymbolNumber_PredictedCG_splitClauses_0":["6"],
"unlabeledTemplateRelationSymbolNumber_Labeled_splitClauses_0":["6"],
"solvability_Empty_splitClauses_1":["1"],
"averagePredicateSize_Term_splitClauses_0":["10800000"],
"cegarIterationNumber_Random_splitClauses_1":["6"],
"averagePredicateSize_Labeled_splitClauses_1":["1"],
"unlabeledBinaryVariableTemplatesNumber_Unlabeled_splitClauses_0":["84"],
"generatedPredicateNumber_Unlabeled_splitClauses_1":["10"],
"predicateGeneratorTime_All_splitClauses_0":["10800000"],
"unlabeledBinaryVariableTemplatesNumber_PredictedCDHG_splitClauses_1":["84"],
"clauseNumberBeforeSimplification_Labeled_splitClauses_1":["56"],
"minedBinaryVariableTemplatesNumber_Labeled_splitClauses_1":["7"],
"labeledSingleVariableTemplatesNumber_All_splitClauses_0":["0"],
"unlabeledTemplateRelationSymbolNumber_Mined_splitClauses_0":["6"],
"cegarIterationNumber_Octagon_splitClauses_1":["6"],
"labeledTemplateNumber_Octagon_splitClauses_0":["7"],
"labeledTemplateRelationSymbolNumber_All_splitClauses_1":["2"],
"smt2FileSizeByte_Empty_splitClauses_0":["19267"],
"unlabeledTemplateNumber_Octagon_splitClauses_1":["144"],
"predicateGeneratorTime_RelationalEqs_splitClauses_0":["10800000"],
"unlabeledTemplateRelationSymbolNumber_RelationalIneqs_splitClauses_0":["6"],
"smt2FileSizeByte_RelationalEqs_splitClauses_1":["19267"],
"unlabeledTemplateNumber_Labeled_splitClauses_0":["144"],
"minedSingleVariableTemplatesNumber_Labeled_splitClauses_0":["20"],
"solvingTime_PredictedCDHG_splitClauses_1":["10800000"],
"relationSymbolNumberBeforeSimplification_Term_splitClauses_1":["135"],
"minedTemplateNumber_Octagon_splitClauses_1":["27"],
"clauseNumberBeforeSimplification_Mined_splitClauses_0":["56"],
"smt2FileSizeByte_All_splitClauses_0":["19267"],
"solvingTime_All_splitClauses_0":["10800000"],
"minedBinaryVariableTemplatesNumber_Term_splitClauses_1":["7"],
"unlabeledTemplateRelationSymbolNumber_Random_splitClauses_0":["6"],
"cegarIterationNumber_All_splitClauses_0":["10800000"],
"smt2FileSizeByte_RelationalEqs_splitClauses_0":["19267"],
"unlabeledSingleVariableTemplatesNumber_PredictedCDHG_splitClauses_1":["60"],
"clauseNumberBeforeSimplification_Labeled_splitClauses_0":["56"],
"cegarIterationNumber_PredictedCG_splitClauses_1":["10800000"],
"labeledTemplateRelationSymbolNumber_Unlabeled_splitClauses_0":["2"],
"unlabeledTemplateRelationSymbolNumber_Octagon_splitClauses_1":["6"],
"unlabeledTemplateNumber_Empty_splitClauses_1":["144"],
"clauseNumberBeforeSimplification_Octagon_splitClauses_1":["56"],
"labeledTemplateNumber_Unlabeled_splitClauses_0":["7"],
"labeledBinaryVariableTemplatesNumber_PredictedCG_splitClauses_0":["7"],
"solvability_Term_splitClauses_1":["1"],
"solvability_Octagon_splitClauses_0":["10800000"],
"minedTemplateRelationSymbolNumber_RelationalIneqs_splitClauses_0":["6"],
"clauseNumberBeforeSimplification_RelationalIneqs_splitClauses_0":["56"],
"labeledTemplateNumber_PredictedCG_splitClauses_0":["7"],
"cegarIterationNumber_Labeled_splitClauses_0":["10800000"],
"smt2FileSizeByte_Labeled_splitClauses_1":["19267"],
"clauseNumberBeforeSimplification_Unlabeled_splitClauses_1":["56"],
"generatedPredicateNumber_Term_splitClauses_1":["10"],
"solvingTime_Term_splitClauses_1":["410"],
"unlabeledBinaryVariableTemplatesNumber_Random_splitClauses_1":["84"],
"unlabeledSingleVariableTemplatesNumber_Octagon_splitClauses_0":["60"],
"solvingTime_Octagon_splitClauses_0":["10800000"],
"labeledSingleVariableTemplatesNumber_Mined_splitClauses_1":["0"],
"averagePredicateSize_Term_splitClauses_1":["1"],
"labeledTemplateNumber_Labeled_splitClauses_0":["7"],
"unlabeledSingleVariableTemplatesNumber_PredictedCG_splitClauses_0":["60"],
"smt2FileSizeByte_Mined_splitClauses_1":["19267"],
"labeledBinaryVariableTemplatesNumber_Unlabeled_splitClauses_1":["7"],
"labeledTemplateNumber_All_splitClauses_0":["7"],
"unlabeledTemplateNumber_Random_splitClauses_0":["144"],
"labeledTemplateNumber_Octagon_splitClauses_1":["7"],
"unlabeledTemplateNumber_PredictedCDHG_splitClauses_1":["144"],
"unlabeledBinaryVariableTemplatesNumber_Mined_splitClauses_0":["84"],
"minedTemplateRelationSymbolNumber_Mined_splitClauses_1":["6"],
"labeledTemplateNumber_RelationalIneqs_splitClauses_1":["7"],
"relationSymbolNumberAfterSimplification_All_splitClauses_0":["204"],
"relationSymbolNumberBeforeSimplification_PredictedCDHG_splitClauses_0":["135"],
"solvability_Term_splitClauses_0":["10800000"],
"clauseNumberBeforeSimplification_PredictedCG_splitClauses_1":["56"],
"generatedPredicateNumber_Labeled_splitClauses_1":["10"],
"labeledSingleVariableTemplatesNumber_Unlabeled_splitClauses_0":["0"],
"unlabeledBinaryVariableTemplatesNumber_Empty_splitClauses_0":["84"],
"solvingTime_Mined_splitClauses_0":["10800000"],
"unlabeledTemplateNumber_All_splitClauses_1":["144"],
"clauseNumberAfterSimplification_Random_splitClauses_1":["76"],
"labeledBinaryVariableTemplatesNumber_Octagon_splitClauses_1":["7"],
"unlabeledBinaryVariableTemplatesNumber_Labeled_splitClauses_0":["84"],
"smt2FileSizeByte_Octagon_splitClauses_0":["19267"],
"labeledSingleVariableTemplatesNumber_Random_splitClauses_1":["0"],
"solvability_Unlabeled_splitClauses_0":["10800000"],
"solvingTime_Unlabeled_splitClauses_0":["10800000"],
"unlabeledTemplateRelationSymbolNumber_All_splitClauses_1":["6"],
"minedTemplateNumber_Empty_splitClauses_1":["27"],
"solvability_RelationalIneqs_splitClauses_0":["10800000"],
"unlabeledTemplateRelationSymbolNumber_Labeled_splitClauses_1":["6"],
"cegarIterationNumber_RelationalEqs_splitClauses_1":["6"],
"minedSingleVariableTemplatesNumber_RelationalEqs_splitClauses_1":["20"],
"clauseNumberAfterSimplification_PredictedCDHG_splitClauses_1":["76"],
"minedBinaryVariableTemplatesNumber_RelationalIneqs_splitClauses_1":["7"],
"unlabeledBinaryVariableTemplatesNumber_Mined_splitClauses_1":["84"],
"unlabeledBinaryVariableTemplatesNumber_PredictedCDHG_splitClauses_0":["84"],
"solvingTime_Empty_splitClauses_1":["552"],
"labeledTemplateRelationSymbolNumber_Empty_splitClauses_1":["2"],
"generatedPredicateNumber_Term_splitClauses_0":["10800000"],
"averagePredicateSize_Empty_splitClauses_1":["1"],
"generatedPredicateNumber_PredictedCG_splitClauses_1":["10800000"],
"labeledTemplateRelationSymbolNumber_PredictedCDHG_splitClauses_1":["2"],
"predicateGeneratorTime_Mined_splitClauses_0":["10800000"],
"relationSymbolNumberBeforeSimplification_Term_splitClauses_0":["135"],
"predicateGeneratorTime_Labeled_splitClauses_0":["10800000"],
"labeledSingleVariableTemplatesNumber_Random_splitClauses_0":["0"],
"unlabeledTemplateRelationSymbolNumber_All_splitClauses_0":["6"],
"minedBinaryVariableTemplatesNumber_Labeled_splitClauses_0":["7"],
"generatedPredicateNumber_Labeled_splitClauses_0":["10800000"],
"relationSymbolNumberAfterSimplification_Empty_splitClauses_1":["204"],
"solvingTime_Mined_splitClauses_1":["335"],
"minedSingleVariableTemplatesNumber_All_splitClauses_1":["20"],
"predicateGeneratorTime_Random_splitClauses_0":["10800000"],
"cegarIterationNumber_Term_splitClauses_1":["6"],
"labeledTemplateNumber_Empty_splitClauses_1":["7"],
"clauseNumberAfterSimplification_Empty_splitClauses_1":["76"],
"minedTemplateRelationSymbolNumber_Empty_splitClauses_0":["6"],
"unlabeledSingleVariableTemplatesNumber_Term_splitClauses_0":["60"],
"minedSingleVariableTemplatesNumber_Empty_splitClauses_0":["20"],
"relationSymbolNumberAfterSimplification_Random_splitClauses_0":["204"],
"minedTemplateRelationSymbolNumber_RelationalEqs_splitClauses_0":["6"],
"cegarIterationNumber_Empty_splitClauses_0":["10800000"],
"minedBinaryVariableTemplatesNumber_RelationalEqs_splitClauses_1":["7"],
"relationSymbolNumberBeforeSimplification_PredictedCG_splitClauses_1":["135"],
"labeledSingleVariableTemplatesNumber_All_splitClauses_1":["0"],
"unlabeledTemplateRelationSymbolNumber_Octagon_splitClauses_0":["6"],
"minedTemplateRelationSymbolNumber_Unlabeled_splitClauses_0":["6"],
"labeledBinaryVariableTemplatesNumber_Mined_splitClauses_0":["7"],
"relationSymbolNumberAfterSimplification_Unlabeled_splitClauses_1":["204"],
"minedTemplateNumber_PredictedCG_splitClauses_1":["27"],
"cegarIterationNumber_Empty_splitClauses_1":["6"],
"averagePredicateSize_RelationalIneqs_splitClauses_0":["10800000"],
"solvability_All_splitClauses_1":["10800000"],
"unlabeledBinaryVariableTemplatesNumber_Term_splitClauses_1":["84"],
"minedTemplateRelationSymbolNumber_Labeled_splitClauses_1":["6"],
"averagePredicateSize_Unlabeled_splitClauses_1":["1"],
"labeledTemplateNumber_Term_splitClauses_0":["7"],
"smt2FileSizeByte_Empty_splitClauses_1":["19267"],
"solvingTime_PredictedCG_splitClauses_0":["10800000"],
"cegarIterationNumber_All_splitClauses_1":["10800000"],
"clauseNumberBeforeSimplification_Term_splitClauses_1":["56"],
"predicateGeneratorTime_Empty_splitClauses_0":["10800000"],
"relationSymbolNumberBeforeSimplification_Empty_splitClauses_1":["135"],
"averagePredicateSize_All_splitClauses_0":["10800000"],
"unlabeledBinaryVariableTemplatesNumber_Random_splitClauses_0":["84"],
"smt2FileSizeByte_Term_splitClauses_0":["19267"],
"averagePredicateSize_Mined_splitClauses_1":["1"],
"minedBinaryVariableTemplatesNumber_Empty_splitClauses_0":["7"],
"minedTemplateRelationSymbolNumber_All_splitClauses_1":["6"],
"labeledSingleVariableTemplatesNumber_PredictedCG_splitClauses_0":["0"],
"unlabeledBinaryVariableTemplatesNumber_RelationalIneqs_splitClauses_0":["84"],
"unlabeledSingleVariableTemplatesNumber_RelationalIneqs_splitClauses_1":["60"],
"clauseNumberAfterSimplification_RelationalIneqs_splitClauses_0":["76"],
"unlabeledTemplateNumber_RelationalEqs_splitClauses_0":["144"],
"unlabeledTemplateNumber_RelationalIneqs_splitClauses_1":["144"],
"labeledTemplateRelationSymbolNumber_PredictedCG_splitClauses_1":["2"],
"labeledTemplateRelationSymbolNumber_All_splitClauses_0":["2"],
"labeledSingleVariableTemplatesNumber_Octagon_splitClauses_0":["0"],
"dummyFiled":[]
}