{
"cegarIterationNumber_Term_splitClauses_0":[5],
"cegarIterationNumber_RelationalIneqs_splitClauses_1":[5],
"cegarIterationNumber_Octagon_splitClauses_0":[5],
"solvingTime_RelationalIneqs_splitClauses_1":[342],
"solvingTime_Term_splitClauses_0":[329],
"cegarIterationNumber_RelationalIneqs_splitClauses_0":[5],
"solvingTime_RelationalIneqs_splitClauses_0":[215],
"solvingTime_Octagon_splitClauses_1":[215],
"cegarIterationNumber_RelationalEqs_splitClauses_0":[5],
"solvingTime_RelationalEqs_splitClauses_0":[227],
"solvingTime_RelationalEqs_splitClauses_1":[274],
"cegarIterationNumber_Octagon_splitClauses_1":[5],
"solvingTime_Term_splitClauses_1":[250],
"solvingTime_Octagon_splitClauses_0":[320],
"cegarIterationNumber_RelationalEqs_splitClauses_1":[5],
"cegarIterationNumber_Term_splitClauses_1":[5],
"dummyFiled":[]
}