{
"smt2FileSizeByte_All_splitClauses_1":["59626"],
"generatedPredicateNumber_All_splitClauses_1":["10800000"],
"unlabeledTemplateRelationSymbolNumber_PredictedCDHG_splitClauses_0":["25"],
"predicateGeneratorTime_Term_splitClauses_0":["10800000"],
"averagePredicateSize_Random_splitClauses_1":["10800000"],
"labeledBinaryVariableTemplatesNumber_Labeled_splitClauses_1":["6"],
"clauseNumberBeforeSimplification_All_splitClauses_1":["124"],
"minedTemplateRelationSymbolNumber_Term_splitClauses_0":["25"],
"solvingTime_Labeled_splitClauses_1":["10800000"],
"unlabeledTemplateNumber_Labeled_splitClauses_1":["881"],
"relationSymbolNumber_Term_splitClauses_1":["229"],
"minedTemplateRelationSymbolNumber_Octagon_splitClauses_1":["25"],
"clauseNumberAfterSimplification_Mined_splitClauses_1":["135"],
"unlabeledBinaryVariableTemplatesNumber_Term_splitClauses_0":["534"],
"labeledTemplateNumber_PredictedCDHG_splitClauses_0":["7"],
"relationSymbolNumber_RelationalEqs_splitClauses_1":["229"],
"solvability_Empty_splitClauses_0":["10800000"],
"unlabeledTemplateRelationSymbolNumber_Random_splitClauses_1":["25"],
"labeledBinaryVariableTemplatesNumber_Octagon_splitClauses_0":["6"],
"minedTemplateRelationSymbolNumber_Random_splitClauses_1":["25"],
"unlabeledSingleVariableTemplatesNumber_Mined_splitClauses_0":["347"],
"unlabeledBinaryVariableTemplatesNumber_PredictedCG_splitClauses_1":["534"],
"solvability_All_splitClauses_0":["10800000"],
"predicateGeneratorTime_RelationalEqs_splitClauses_1":["10800000"],
"smt2FileSizeByte_PredictedCG_splitClauses_1":["59626"],
"labeledSingleVariableTemplatesNumber_Unlabeled_splitClauses_1":["1"],
"labeledBinaryVariableTemplatesNumber_PredictedCG_splitClauses_1":["6"],
"minedBinaryVariableTemplatesNumber_PredictedCG_splitClauses_0":["6"],
"solvability_Random_splitClauses_0":["10800000"],
"clauseNumberBeforeSimplification_PredictedCDHG_splitClauses_1":["124"],
"labeledSingleVariableTemplatesNumber_Mined_splitClauses_0":["1"],
"solvability_Unlabeled_splitClauses_1":["10800000"],
"cegarIterationNumber_Labeled_splitClauses_1":["10800000"],
"smt2FileSizeByte_Mined_splitClauses_0":["59626"],
"labeledSingleVariableTemplatesNumber_PredictedCG_splitClauses_1":["1"],
"smt2FileSizeByte_Octagon_splitClauses_1":["59626"],
"minedTemplateNumber_Labeled_splitClauses_1":["125"],
"labeledSingleVariableTemplatesNumber_RelationalIneqs_splitClauses_1":["1"],
"clauseNumberAfterSimplification_Labeled_splitClauses_1":["135"],
"smt2FileSizeByte_Random_splitClauses_0":["59626"],
"unlabeledTemplateRelationSymbolNumber_PredictedCDHG_splitClauses_1":["25"],
"labeledSingleVariableTemplatesNumber_Term_splitClauses_0":["1"],
"generatedPredicateNumber_PredictedCDHG_splitClauses_1":["10800000"],
"minedSingleVariableTemplatesNumber_Unlabeled_splitClauses_0":["119"],
"generatedPredicateNumber_Octagon_splitClauses_1":["10800000"],
"labeledSingleVariableTemplatesNumber_RelationalEqs_splitClauses_0":["1"],
"predicateGeneratorTime_PredictedCG_splitClauses_1":["10800000"],
"labeledTemplateNumber_Labeled_splitClauses_1":["7"],
"labeledSingleVariableTemplatesNumber_Empty_splitClauses_0":["1"],
"minedTemplateRelationSymbolNumber_RelationalIneqs_splitClauses_1":["25"],
"unlabeledSingleVariableTemplatesNumber_All_splitClauses_1":["347"],
"labeledBinaryVariableTemplatesNumber_PredictedCDHG_splitClauses_1":["6"],
"unlabeledSingleVariableTemplatesNumber_RelationalEqs_splitClauses_1":["347"],
"cegarIterationNumber_Term_splitClauses_0":["10800000"],
"unlabeledBinaryVariableTemplatesNumber_Labeled_splitClauses_1":["534"],
"unlabeledSingleVariableTemplatesNumber_Term_splitClauses_1":["347"],
"clauseNumberAfterSimplification_All_splitClauses_1":["135"],
"minedSingleVariableTemplatesNumber_Random_splitClauses_0":["119"],
"solvability_RelationalIneqs_splitClauses_1":["10800000"],
"minedTemplateNumber_Labeled_splitClauses_0":["125"],
"minedSingleVariableTemplatesNumber_Octagon_splitClauses_0":["119"],
"minedSingleVariableTemplatesNumber_Term_splitClauses_1":["119"],
"minedBinaryVariableTemplatesNumber_PredictedCDHG_splitClauses_1":["6"],
"generatedPredicateNumber_Mined_splitClauses_1":["8"],
"relationSymbolNumber_Octagon_splitClauses_1":["229"],
"relationSymbolNumber_Unlabeled_splitClauses_1":["229"],
"labeledSingleVariableTemplatesNumber_RelationalIneqs_splitClauses_0":["1"],
"averagePredicateSize_Mined_splitClauses_0":["10800000"],
"cegarIterationNumber_Unlabeled_splitClauses_0":["10800000"],
"minedBinaryVariableTemplatesNumber_Random_splitClauses_0":["6"],
"labeledTemplateNumber_Mined_splitClauses_1":["7"],
"labeledBinaryVariableTemplatesNumber_Random_splitClauses_0":["6"],
"unlabeledTemplateRelationSymbolNumber_Unlabeled_splitClauses_1":["25"],
"cegarIterationNumber_Mined_splitClauses_0":["10800000"],
"minedTemplateRelationSymbolNumber_Labeled_splitClauses_0":["25"],
"unlabeledBinaryVariableTemplatesNumber_RelationalIneqs_splitClauses_1":["534"],
"unlabeledBinaryVariableTemplatesNumber_Octagon_splitClauses_0":["534"],
"solvability_Mined_splitClauses_0":["10800000"],
"averagePredicateSize_RelationalEqs_splitClauses_0":["10800000"],
"clauseNumberAfterSimplification_Term_splitClauses_0":["135"],
"unlabeledTemplateNumber_Mined_splitClauses_0":["881"],
"unlabeledTemplateNumber_PredictedCDHG_splitClauses_0":["881"],
"cegarIterationNumber_RelationalIneqs_splitClauses_1":["10800000"],
"minedBinaryVariableTemplatesNumber_Unlabeled_splitClauses_1":["6"],
"labeledTemplateNumber_PredictedCG_splitClauses_1":["7"],
"labeledTemplateRelationSymbolNumber_Mined_splitClauses_0":["3"],
"labeledBinaryVariableTemplatesNumber_Mined_splitClauses_1":["6"],
"clauseNumberAfterSimplification_RelationalIneqs_splitClauses_1":["135"],
"minedSingleVariableTemplatesNumber_PredictedCDHG_splitClauses_0":["119"],
"solvability_Labeled_splitClauses_1":["10800000"],
"labeledSingleVariableTemplatesNumber_Octagon_splitClauses_1":["1"],
"averagePredicateSize_Random_splitClauses_0":["10800000"],
"smt2FileSizeByte_RelationalIneqs_splitClauses_0":["59626"],
"generatedPredicateNumber_Unlabeled_splitClauses_0":["10800000"],
"solvability_RelationalEqs_splitClauses_0":["10800000"],
"predicateGeneratorTime_Empty_splitClauses_1":["10800000"],
"minedSingleVariableTemplatesNumber_Mined_splitClauses_0":["119"],
"minedTemplateRelationSymbolNumber_PredictedCDHG_splitClauses_1":["25"],
"minedTemplateNumber_PredictedCG_splitClauses_0":["125"],
"averagePredicateSize_RelationalIneqs_splitClauses_1":["10800000"],
"labeledTemplateRelationSymbolNumber_Random_splitClauses_1":["3"],
"minedTemplateNumber_RelationalIneqs_splitClauses_0":["125"],
"predicateGeneratorTime_RelationalIneqs_splitClauses_0":["10800000"],
"labeledTemplateRelationSymbolNumber_Empty_splitClauses_0":["3"],
"minedBinaryVariableTemplatesNumber_Octagon_splitClauses_0":["6"],
"relationSymbolNumber_Labeled_splitClauses_0":["229"],
"labeledSingleVariableTemplatesNumber_Term_splitClauses_1":["1"],
"labeledBinaryVariableTemplatesNumber_Empty_splitClauses_0":["6"],
"minedTemplateNumber_Octagon_splitClauses_0":["125"],
"labeledBinaryVariableTemplatesNumber_Unlabeled_splitClauses_0":["6"],
"clauseNumberAfterSimplification_PredictedCDHG_splitClauses_0":["135"],
"smt2FileSizeByte_PredictedCG_splitClauses_0":["59626"],
"minedBinaryVariableTemplatesNumber_RelationalEqs_splitClauses_0":["6"],
"labeledTemplateRelationSymbolNumber_RelationalEqs_splitClauses_1":["3"],
"minedBinaryVariableTemplatesNumber_Random_splitClauses_1":["6"],
"clauseNumberAfterSimplification_Unlabeled_splitClauses_1":["135"],
"minedSingleVariableTemplatesNumber_PredictedCDHG_splitClauses_1":["119"],
"labeledBinaryVariableTemplatesNumber_Term_splitClauses_1":["6"],
"clauseNumberBeforeSimplification_Empty_splitClauses_1":["124"],
"minedBinaryVariableTemplatesNumber_Mined_splitClauses_1":["6"],
"unlabeledBinaryVariableTemplatesNumber_Unlabeled_splitClauses_1":["534"],
"unlabeledTemplateNumber_PredictedCG_splitClauses_1":["881"],
"generatedPredicateNumber_Empty_splitClauses_0":["10800000"],
"predicateGeneratorTime_RelationalIneqs_splitClauses_1":["10800000"],
"unlabeledSingleVariableTemplatesNumber_Empty_splitClauses_0":["347"],
"cegarIterationNumber_Octagon_splitClauses_0":["10800000"],
"clauseNumberAfterSimplification_Octagon_splitClauses_1":["135"],
"unlabeledSingleVariableTemplatesNumber_Labeled_splitClauses_1":["347"],
"clauseNumberBeforeSimplification_Random_splitClauses_1":["124"],
"minedTemplateRelationSymbolNumber_All_splitClauses_0":["25"],
"unlabeledTemplateRelationSymbolNumber_RelationalEqs_splitClauses_0":["25"],
"minedSingleVariableTemplatesNumber_Unlabeled_splitClauses_1":["119"],
"clauseNumberBeforeSimplification_RelationalEqs_splitClauses_0":["124"],
"minedTemplateNumber_Unlabeled_splitClauses_0":["125"],
"generatedPredicateNumber_Octagon_splitClauses_0":["10800000"],
"predicateGeneratorTime_PredictedCDHG_splitClauses_0":["10800000"],
"clauseNumberAfterSimplification_PredictedCG_splitClauses_1":["135"],
"labeledSingleVariableTemplatesNumber_RelationalEqs_splitClauses_1":["1"],
"smt2FileSizeByte_Random_splitClauses_1":["59626"],
"averagePredicateSize_PredictedCG_splitClauses_1":["10800000"],
"cegarIterationNumber_PredictedCDHG_splitClauses_1":["10800000"],
"clauseNumberAfterSimplification_RelationalEqs_splitClauses_1":["135"],
"minedBinaryVariableTemplatesNumber_Empty_splitClauses_1":["6"],
"minedTemplateNumber_PredictedCDHG_splitClauses_0":["125"],
"labeledBinaryVariableTemplatesNumber_All_splitClauses_1":["6"],
"solvingTime_RelationalIneqs_splitClauses_1":["10800000"],
"unlabeledTemplateRelationSymbolNumber_RelationalEqs_splitClauses_1":["25"],
"smt2FileSizeByte_Unlabeled_splitClauses_0":["59626"],
"generatedPredicateNumber_All_splitClauses_0":["10800000"],
"predicateGeneratorTime_Octagon_splitClauses_1":["10800000"],
"solvability_Mined_splitClauses_1":["1"],
"minedTemplateRelationSymbolNumber_Term_splitClauses_1":["25"],
"clauseNumberAfterSimplification_Mined_splitClauses_0":["135"],
"solvability_PredictedCDHG_splitClauses_0":["10800000"],
"solvingTime_Empty_splitClauses_0":["10800000"],
"unlabeledSingleVariableTemplatesNumber_Unlabeled_splitClauses_1":["347"],
"minedTemplateNumber_Term_splitClauses_1":["125"],
"averagePredicateSize_Octagon_splitClauses_1":["10800000"],
"relationSymbolNumber_Empty_splitClauses_1":["229"],
"unlabeledSingleVariableTemplatesNumber_Octagon_splitClauses_1":["347"],
"minedTemplateRelationSymbolNumber_RelationalEqs_splitClauses_1":["25"],
"minedBinaryVariableTemplatesNumber_RelationalIneqs_splitClauses_0":["6"],
"predicateGeneratorTime_Term_splitClauses_1":["10800000"],
"solvingTime_Labeled_splitClauses_0":["10800000"],
"unlabeledBinaryVariableTemplatesNumber_PredictedCG_splitClauses_0":["534"],
"minedTemplateNumber_All_splitClauses_0":["125"],
"predicateGeneratorTime_Labeled_splitClauses_1":["10800000"],
"unlabeledTemplateRelationSymbolNumber_Empty_splitClauses_0":["25"],
"unlabeledTemplateNumber_Mined_splitClauses_1":["881"],
"solvability_PredictedCG_splitClauses_1":["10800000"],
"unlabeledTemplateNumber_Term_splitClauses_0":["881"],
"minedBinaryVariableTemplatesNumber_PredictedCG_splitClauses_1":["6"],
"labeledSingleVariableTemplatesNumber_PredictedCDHG_splitClauses_0":["1"],
"minedBinaryVariableTemplatesNumber_All_splitClauses_0":["6"],
"averagePredicateSize_PredictedCDHG_splitClauses_1":["10800000"],
"predicateGeneratorTime_PredictedCG_splitClauses_0":["10800000"],
"generatedPredicateNumber_RelationalIneqs_splitClauses_0":["10800000"],
"labeledTemplateNumber_Empty_splitClauses_0":["7"],
"unlabeledTemplateRelationSymbolNumber_Term_splitClauses_0":["25"],
"minedTemplateNumber_All_splitClauses_1":["125"],
"labeledSingleVariableTemplatesNumber_Empty_splitClauses_1":["1"],
"minedBinaryVariableTemplatesNumber_Unlabeled_splitClauses_0":["6"],
"labeledTemplateNumber_Random_splitClauses_0":["7"],
"minedBinaryVariableTemplatesNumber_All_splitClauses_1":["6"],
"unlabeledSingleVariableTemplatesNumber_All_splitClauses_0":["347"],
"smt2FileSizeByte_PredictedCDHG_splitClauses_1":["59626"],
"labeledBinaryVariableTemplatesNumber_PredictedCDHG_splitClauses_0":["6"],
"averagePredicateSize_RelationalEqs_splitClauses_1":["10800000"],
"minedSingleVariableTemplatesNumber_Term_splitClauses_0":["119"],
"labeledTemplateRelationSymbolNumber_Term_splitClauses_1":["3"],
"generatedPredicateNumber_Random_splitClauses_0":["10800000"],
"labeledBinaryVariableTemplatesNumber_Empty_splitClauses_1":["6"],
"clauseNumberAfterSimplification_Labeled_splitClauses_0":["135"],
"labeledSingleVariableTemplatesNumber_Labeled_splitClauses_0":["1"],
"minedTemplateNumber_Mined_splitClauses_1":["125"],
"labeledTemplateRelationSymbolNumber_Labeled_splitClauses_0":["3"],
"unlabeledTemplateRelationSymbolNumber_Mined_splitClauses_1":["25"],
"solvability_Labeled_splitClauses_0":["10800000"],
"minedTemplateNumber_RelationalEqs_splitClauses_1":["125"],
"solvingTime_Random_splitClauses_1":["10800000"],
"minedTemplateNumber_Random_splitClauses_0":["125"],
"cegarIterationNumber_Unlabeled_splitClauses_1":["10800000"],
"minedTemplateNumber_RelationalIneqs_splitClauses_1":["125"],
"unlabeledBinaryVariableTemplatesNumber_Octagon_splitClauses_1":["534"],
"minedSingleVariableTemplatesNumber_Octagon_splitClauses_1":["119"],
"minedSingleVariableTemplatesNumber_Random_splitClauses_1":["119"],
"averagePredicateSize_All_splitClauses_1":["10800000"],
"minedTemplateNumber_Empty_splitClauses_0":["125"],
"labeledTemplateNumber_Mined_splitClauses_0":["7"],
"unlabeledBinaryVariableTemplatesNumber_All_splitClauses_0":["534"],
"labeledSingleVariableTemplatesNumber_PredictedCDHG_splitClauses_1":["1"],
"minedSingleVariableTemplatesNumber_Mined_splitClauses_1":["119"],
"labeledTemplateRelationSymbolNumber_Term_splitClauses_0":["3"],
"unlabeledTemplateRelationSymbolNumber_Term_splitClauses_1":["25"],
"predicateGeneratorTime_All_splitClauses_1":["10800000"],
"unlabeledSingleVariableTemplatesNumber_Random_splitClauses_0":["347"],
"predicateGeneratorTime_Unlabeled_splitClauses_1":["10800000"],
"cegarIterationNumber_PredictedCDHG_splitClauses_0":["10800000"],
"labeledTemplateNumber_RelationalEqs_splitClauses_0":["7"],
"labeledTemplateRelationSymbolNumber_Mined_splitClauses_1":["3"],
"labeledTemplateRelationSymbolNumber_Random_splitClauses_0":["3"],
"labeledBinaryVariableTemplatesNumber_RelationalEqs_splitClauses_1":["6"],
"generatedPredicateNumber_RelationalIneqs_splitClauses_1":["10800000"],
"unlabeledTemplateRelationSymbolNumber_PredictedCG_splitClauses_1":["25"],
"unlabeledSingleVariableTemplatesNumber_RelationalEqs_splitClauses_0":["347"],
"labeledBinaryVariableTemplatesNumber_Labeled_splitClauses_0":["6"],
"minedBinaryVariableTemplatesNumber_PredictedCDHG_splitClauses_0":["6"],
"unlabeledTemplateRelationSymbolNumber_Unlabeled_splitClauses_0":["25"],
"clauseNumberAfterSimplification_Term_splitClauses_1":["135"],
"relationSymbolNumber_RelationalIneqs_splitClauses_0":["229"],
"unlabeledTemplateNumber_Octagon_splitClauses_0":["881"],
"unlabeledBinaryVariableTemplatesNumber_RelationalEqs_splitClauses_1":["534"],
"unlabeledTemplateNumber_PredictedCG_splitClauses_0":["881"],
"unlabeledTemplateNumber_All_splitClauses_0":["881"],
"labeledTemplateRelationSymbolNumber_RelationalIneqs_splitClauses_1":["3"],
"unlabeledSingleVariableTemplatesNumber_Mined_splitClauses_1":["347"],
"labeledTemplateRelationSymbolNumber_Unlabeled_splitClauses_1":["3"],
"labeledBinaryVariableTemplatesNumber_Random_splitClauses_1":["6"],
"relationSymbolNumber_RelationalEqs_splitClauses_0":["229"],
"solvability_Random_splitClauses_1":["10800000"],
"solvingTime_Term_splitClauses_0":["10800000"],
"minedSingleVariableTemplatesNumber_Labeled_splitClauses_1":["119"],
"relationSymbolNumber_Random_splitClauses_0":["229"],
"clauseNumberBeforeSimplification_Term_splitClauses_0":["124"],
"minedTemplateRelationSymbolNumber_Mined_splitClauses_0":["25"],
"solvability_Octagon_splitClauses_1":["10800000"],
"relationSymbolNumber_Labeled_splitClauses_1":["229"],
"minedSingleVariableTemplatesNumber_RelationalIneqs_splitClauses_1":["119"],
"smt2FileSizeByte_Labeled_splitClauses_0":["59626"],
"solvability_RelationalEqs_splitClauses_1":["10800000"],
"unlabeledSingleVariableTemplatesNumber_Empty_splitClauses_1":["347"],
"labeledTemplateNumber_PredictedCDHG_splitClauses_1":["7"],
"minedTemplateRelationSymbolNumber_Octagon_splitClauses_0":["25"],
"clauseNumberAfterSimplification_Unlabeled_splitClauses_0":["135"],
"clauseNumberBeforeSimplification_Unlabeled_splitClauses_0":["124"],
"clauseNumberBeforeSimplification_PredictedCDHG_splitClauses_0":["124"],
"cegarIterationNumber_RelationalIneqs_splitClauses_0":["10800000"],
"relationSymbolNumber_All_splitClauses_0":["229"],
"labeledTemplateRelationSymbolNumber_RelationalEqs_splitClauses_0":["3"],
"averagePredicateSize_Labeled_splitClauses_0":["10800000"],
"smt2FileSizeByte_RelationalIneqs_splitClauses_1":["59626"],
"clauseNumberBeforeSimplification_RelationalEqs_splitClauses_1":["124"],
"unlabeledTemplateRelationSymbolNumber_RelationalIneqs_splitClauses_1":["25"],
"clauseNumberBeforeSimplification_PredictedCG_splitClauses_0":["124"],
"solvingTime_PredictedCDHG_splitClauses_0":["10800000"],
"labeledTemplateRelationSymbolNumber_Octagon_splitClauses_1":["3"],
"minedTemplateRelationSymbolNumber_PredictedCG_splitClauses_1":["25"],
"labeledTemplateNumber_Random_splitClauses_1":["7"],
"solvingTime_RelationalIneqs_splitClauses_0":["10800000"],
"labeledTemplateNumber_All_splitClauses_1":["7"],
"unlabeledTemplateNumber_Random_splitClauses_1":["881"],
"relationSymbolNumber_PredictedCDHG_splitClauses_1":["229"],
"smt2FileSizeByte_Unlabeled_splitClauses_1":["59626"],
"cegarIterationNumber_PredictedCG_splitClauses_0":["10800000"],
"predicateGeneratorTime_Octagon_splitClauses_0":["10800000"],
"unlabeledTemplateNumber_RelationalEqs_splitClauses_1":["881"],
"clauseNumberAfterSimplification_Octagon_splitClauses_0":["135"],
"cegarIterationNumber_Random_splitClauses_0":["10800000"],
"solvability_PredictedCDHG_splitClauses_1":["10800000"],
"solvability_PredictedCG_splitClauses_0":["10800000"],
"solvingTime_PredictedCG_splitClauses_1":["10800000"],
"unlabeledSingleVariableTemplatesNumber_Unlabeled_splitClauses_0":["347"],
"unlabeledTemplateNumber_Unlabeled_splitClauses_0":["881"],
"labeledTemplateRelationSymbolNumber_RelationalIneqs_splitClauses_0":["3"],
"minedTemplateNumber_Random_splitClauses_1":["125"],
"relationSymbolNumber_PredictedCG_splitClauses_0":["229"],
"generatedPredicateNumber_RelationalEqs_splitClauses_0":["10800000"],
"minedTemplateNumber_Term_splitClauses_0":["125"],
"solvingTime_All_splitClauses_1":["10800000"],
"minedSingleVariableTemplatesNumber_PredictedCG_splitClauses_0":["119"],
"smt2FileSizeByte_Term_splitClauses_1":["59626"],
"labeledBinaryVariableTemplatesNumber_All_splitClauses_0":["6"],
"minedTemplateNumber_PredictedCDHG_splitClauses_1":["125"],
"minedTemplateRelationSymbolNumber_PredictedCDHG_splitClauses_0":["25"],
"averagePredicateSize_Unlabeled_splitClauses_0":["10800000"],
"minedBinaryVariableTemplatesNumber_Octagon_splitClauses_1":["6"],
"unlabeledSingleVariableTemplatesNumber_Random_splitClauses_1":["347"],
"clauseNumberBeforeSimplification_Random_splitClauses_0":["124"],
"solvingTime_Unlabeled_splitClauses_1":["10800000"],
"predicateGeneratorTime_PredictedCDHG_splitClauses_1":["10800000"],
"averagePredicateSize_PredictedCDHG_splitClauses_0":["10800000"],
"minedBinaryVariableTemplatesNumber_Term_splitClauses_0":["6"],
"labeledTemplateNumber_RelationalIneqs_splitClauses_0":["7"],
"clauseNumberAfterSimplification_Random_splitClauses_0":["135"],
"clauseNumberAfterSimplification_PredictedCG_splitClauses_0":["135"],
"generatedPredicateNumber_Empty_splitClauses_1":["10800000"],
"clauseNumberBeforeSimplification_Octagon_splitClauses_0":["124"],
"unlabeledTemplateNumber_Empty_splitClauses_0":["881"],
"minedSingleVariableTemplatesNumber_All_splitClauses_0":["119"],
"labeledTemplateRelationSymbolNumber_Octagon_splitClauses_0":["3"],
"generatedPredicateNumber_Random_splitClauses_1":["10800000"],
"clauseNumberAfterSimplification_RelationalEqs_splitClauses_0":["135"],
"labeledBinaryVariableTemplatesNumber_Term_splitClauses_0":["6"],
"minedSingleVariableTemplatesNumber_RelationalEqs_splitClauses_0":["119"],
"minedTemplateNumber_Mined_splitClauses_0":["125"],
"averagePredicateSize_Octagon_splitClauses_0":["10800000"],
"unlabeledBinaryVariableTemplatesNumber_Empty_splitClauses_1":["534"],
"relationSymbolNumber_Unlabeled_splitClauses_0":["229"],
"unlabeledSingleVariableTemplatesNumber_PredictedCDHG_splitClauses_0":["347"],
"unlabeledSingleVariableTemplatesNumber_PredictedCG_splitClauses_1":["347"],
"labeledTemplateRelationSymbolNumber_Labeled_splitClauses_1":["3"],
"minedTemplateRelationSymbolNumber_Random_splitClauses_0":["25"],
"unlabeledTemplateRelationSymbolNumber_PredictedCG_splitClauses_0":["25"],
"unlabeledTemplateNumber_RelationalIneqs_splitClauses_0":["881"],
"unlabeledSingleVariableTemplatesNumber_Labeled_splitClauses_0":["347"],
"minedTemplateNumber_Unlabeled_splitClauses_1":["125"],
"generatedPredicateNumber_PredictedCG_splitClauses_0":["10800000"],
"labeledTemplateNumber_Unlabeled_splitClauses_1":["7"],
"unlabeledTemplateRelationSymbolNumber_Empty_splitClauses_1":["25"],
"clauseNumberBeforeSimplification_Empty_splitClauses_0":["124"],
"solvingTime_Octagon_splitClauses_1":["10800000"],
"cegarIterationNumber_Mined_splitClauses_1":["4"],
"clauseNumberBeforeSimplification_Mined_splitClauses_1":["124"],
"smt2FileSizeByte_PredictedCDHG_splitClauses_0":["59626"],
"averagePredicateSize_PredictedCG_splitClauses_0":["10800000"],
"solvingTime_Random_splitClauses_0":["10800000"],
"minedTemplateNumber_RelationalEqs_splitClauses_0":["125"],
"unlabeledSingleVariableTemplatesNumber_RelationalIneqs_splitClauses_0":["347"],
"unlabeledTemplateNumber_Unlabeled_splitClauses_1":["881"],
"labeledBinaryVariableTemplatesNumber_RelationalEqs_splitClauses_0":["6"],
"generatedPredicateNumber_PredictedCDHG_splitClauses_0":["10800000"],
"minedTemplateRelationSymbolNumber_Empty_splitClauses_1":["25"],
"predicateGeneratorTime_Random_splitClauses_1":["10800000"],
"labeledTemplateNumber_Term_splitClauses_1":["7"],
"minedSingleVariableTemplatesNumber_Empty_splitClauses_1":["119"],
"minedSingleVariableTemplatesNumber_RelationalIneqs_splitClauses_0":["119"],
"clauseNumberAfterSimplification_All_splitClauses_0":["135"],
"unlabeledBinaryVariableTemplatesNumber_RelationalEqs_splitClauses_0":["534"],
"cegarIterationNumber_RelationalEqs_splitClauses_0":["10800000"],
"labeledTemplateRelationSymbolNumber_PredictedCDHG_splitClauses_0":["3"],
"labeledSingleVariableTemplatesNumber_Labeled_splitClauses_1":["1"],
"unlabeledBinaryVariableTemplatesNumber_All_splitClauses_1":["534"],
"minedTemplateRelationSymbolNumber_Unlabeled_splitClauses_1":["25"],
"solvingTime_RelationalEqs_splitClauses_0":["10800000"],
"solvingTime_RelationalEqs_splitClauses_1":["10800000"],
"minedBinaryVariableTemplatesNumber_Mined_splitClauses_0":["6"],
"clauseNumberBeforeSimplification_All_splitClauses_0":["124"],
"clauseNumberBeforeSimplification_RelationalIneqs_splitClauses_1":["124"],
"labeledTemplateNumber_RelationalEqs_splitClauses_1":["7"],
"labeledBinaryVariableTemplatesNumber_RelationalIneqs_splitClauses_0":["6"],
"clauseNumberAfterSimplification_Empty_splitClauses_0":["135"],
"averagePredicateSize_Empty_splitClauses_0":["10800000"],
"relationSymbolNumber_PredictedCG_splitClauses_1":["229"],
"unlabeledTemplateNumber_Term_splitClauses_1":["881"],
"predicateGeneratorTime_Mined_splitClauses_1":["169"],
"relationSymbolNumber_Mined_splitClauses_0":["229"],
"labeledBinaryVariableTemplatesNumber_RelationalIneqs_splitClauses_1":["6"],
"predicateGeneratorTime_Unlabeled_splitClauses_0":["10800000"],
"generatedPredicateNumber_Mined_splitClauses_0":["10800000"],
"generatedPredicateNumber_RelationalEqs_splitClauses_1":["10800000"],
"labeledTemplateRelationSymbolNumber_PredictedCG_splitClauses_0":["3"],
"minedSingleVariableTemplatesNumber_PredictedCG_splitClauses_1":["119"],
"minedTemplateRelationSymbolNumber_PredictedCG_splitClauses_0":["25"],
"unlabeledTemplateRelationSymbolNumber_Labeled_splitClauses_0":["25"],
"solvability_Empty_splitClauses_1":["10800000"],
"averagePredicateSize_Term_splitClauses_0":["10800000"],
"cegarIterationNumber_Random_splitClauses_1":["10800000"],
"relationSymbolNumber_All_splitClauses_1":["229"],
"averagePredicateSize_Labeled_splitClauses_1":["10800000"],
"unlabeledBinaryVariableTemplatesNumber_Unlabeled_splitClauses_0":["534"],
"generatedPredicateNumber_Unlabeled_splitClauses_1":["10800000"],
"predicateGeneratorTime_All_splitClauses_0":["10800000"],
"unlabeledBinaryVariableTemplatesNumber_PredictedCDHG_splitClauses_1":["534"],
"clauseNumberBeforeSimplification_Labeled_splitClauses_1":["124"],
"minedBinaryVariableTemplatesNumber_Labeled_splitClauses_1":["6"],
"labeledSingleVariableTemplatesNumber_All_splitClauses_0":["1"],
"unlabeledTemplateRelationSymbolNumber_Mined_splitClauses_0":["25"],
"cegarIterationNumber_Octagon_splitClauses_1":["10800000"],
"labeledTemplateNumber_Octagon_splitClauses_0":["7"],
"labeledTemplateRelationSymbolNumber_All_splitClauses_1":["3"],
"smt2FileSizeByte_Empty_splitClauses_0":["59626"],
"relationSymbolNumber_RelationalIneqs_splitClauses_1":["229"],
"unlabeledTemplateNumber_Octagon_splitClauses_1":["881"],
"predicateGeneratorTime_RelationalEqs_splitClauses_0":["10800000"],
"unlabeledTemplateRelationSymbolNumber_RelationalIneqs_splitClauses_0":["25"],
"smt2FileSizeByte_RelationalEqs_splitClauses_1":["59626"],
"unlabeledTemplateNumber_Labeled_splitClauses_0":["881"],
"relationSymbolNumber_Random_splitClauses_1":["229"],
"minedSingleVariableTemplatesNumber_Labeled_splitClauses_0":["119"],
"solvingTime_PredictedCDHG_splitClauses_1":["10800000"],
"minedTemplateNumber_Octagon_splitClauses_1":["125"],
"clauseNumberBeforeSimplification_Mined_splitClauses_0":["124"],
"smt2FileSizeByte_All_splitClauses_0":["59626"],
"solvingTime_All_splitClauses_0":["10800000"],
"minedBinaryVariableTemplatesNumber_Term_splitClauses_1":["6"],
"unlabeledTemplateRelationSymbolNumber_Random_splitClauses_0":["25"],
"cegarIterationNumber_All_splitClauses_0":["10800000"],
"smt2FileSizeByte_RelationalEqs_splitClauses_0":["59626"],
"unlabeledSingleVariableTemplatesNumber_PredictedCDHG_splitClauses_1":["347"],
"clauseNumberBeforeSimplification_Labeled_splitClauses_0":["124"],
"cegarIterationNumber_PredictedCG_splitClauses_1":["10800000"],
"labeledTemplateRelationSymbolNumber_Unlabeled_splitClauses_0":["3"],
"unlabeledTemplateRelationSymbolNumber_Octagon_splitClauses_1":["25"],
"unlabeledTemplateNumber_Empty_splitClauses_1":["881"],
"clauseNumberBeforeSimplification_Octagon_splitClauses_1":["124"],
"labeledTemplateNumber_Unlabeled_splitClauses_0":["7"],
"labeledBinaryVariableTemplatesNumber_PredictedCG_splitClauses_0":["6"],
"solvability_Term_splitClauses_1":["10800000"],
"solvability_Octagon_splitClauses_0":["10800000"],
"minedTemplateRelationSymbolNumber_RelationalIneqs_splitClauses_0":["25"],
"clauseNumberBeforeSimplification_RelationalIneqs_splitClauses_0":["124"],
"labeledTemplateNumber_PredictedCG_splitClauses_0":["7"],
"cegarIterationNumber_Labeled_splitClauses_0":["10800000"],
"smt2FileSizeByte_Labeled_splitClauses_1":["59626"],
"clauseNumberBeforeSimplification_Unlabeled_splitClauses_1":["124"],
"generatedPredicateNumber_Term_splitClauses_1":["10800000"],
"solvingTime_Term_splitClauses_1":["10800000"],
"unlabeledBinaryVariableTemplatesNumber_Random_splitClauses_1":["534"],
"unlabeledSingleVariableTemplatesNumber_Octagon_splitClauses_0":["347"],
"solvingTime_Octagon_splitClauses_0":["10800000"],
"labeledSingleVariableTemplatesNumber_Mined_splitClauses_1":["1"],
"averagePredicateSize_Term_splitClauses_1":["10800000"],
"labeledTemplateNumber_Labeled_splitClauses_0":["7"],
"unlabeledSingleVariableTemplatesNumber_PredictedCG_splitClauses_0":["347"],
"smt2FileSizeByte_Mined_splitClauses_1":["59626"],
"labeledBinaryVariableTemplatesNumber_Unlabeled_splitClauses_1":["6"],
"labeledTemplateNumber_All_splitClauses_0":["7"],
"unlabeledTemplateNumber_Random_splitClauses_0":["881"],
"labeledTemplateNumber_Octagon_splitClauses_1":["7"],
"unlabeledTemplateNumber_PredictedCDHG_splitClauses_1":["881"],
"unlabeledBinaryVariableTemplatesNumber_Mined_splitClauses_0":["534"],
"minedTemplateRelationSymbolNumber_Mined_splitClauses_1":["25"],
"labeledTemplateNumber_RelationalIneqs_splitClauses_1":["7"],
"solvability_Term_splitClauses_0":["10800000"],
"relationSymbolNumber_Octagon_splitClauses_0":["229"],
"clauseNumberBeforeSimplification_PredictedCG_splitClauses_1":["124"],
"generatedPredicateNumber_Labeled_splitClauses_1":["10800000"],
"labeledSingleVariableTemplatesNumber_Unlabeled_splitClauses_0":["1"],
"unlabeledBinaryVariableTemplatesNumber_Empty_splitClauses_0":["534"],
"solvingTime_Mined_splitClauses_0":["10800000"],
"unlabeledTemplateNumber_All_splitClauses_1":["881"],
"clauseNumberAfterSimplification_Random_splitClauses_1":["135"],
"labeledBinaryVariableTemplatesNumber_Octagon_splitClauses_1":["6"],
"unlabeledBinaryVariableTemplatesNumber_Labeled_splitClauses_0":["534"],
"smt2FileSizeByte_Octagon_splitClauses_0":["59626"],
"labeledSingleVariableTemplatesNumber_Random_splitClauses_1":["1"],
"solvability_Unlabeled_splitClauses_0":["10800000"],
"solvingTime_Unlabeled_splitClauses_0":["10800000"],
"unlabeledTemplateRelationSymbolNumber_All_splitClauses_1":["25"],
"minedTemplateNumber_Empty_splitClauses_1":["125"],
"solvability_RelationalIneqs_splitClauses_0":["10800000"],
"unlabeledTemplateRelationSymbolNumber_Labeled_splitClauses_1":["25"],
"cegarIterationNumber_RelationalEqs_splitClauses_1":["10800000"],
"minedSingleVariableTemplatesNumber_RelationalEqs_splitClauses_1":["119"],
"clauseNumberAfterSimplification_PredictedCDHG_splitClauses_1":["135"],
"minedBinaryVariableTemplatesNumber_RelationalIneqs_splitClauses_1":["6"],
"unlabeledBinaryVariableTemplatesNumber_Mined_splitClauses_1":["534"],
"unlabeledBinaryVariableTemplatesNumber_PredictedCDHG_splitClauses_0":["534"],
"solvingTime_Empty_splitClauses_1":["10800000"],
"labeledTemplateRelationSymbolNumber_Empty_splitClauses_1":["3"],
"generatedPredicateNumber_Term_splitClauses_0":["10800000"],
"averagePredicateSize_Empty_splitClauses_1":["10800000"],
"generatedPredicateNumber_PredictedCG_splitClauses_1":["10800000"],
"labeledTemplateRelationSymbolNumber_PredictedCDHG_splitClauses_1":["3"],
"relationSymbolNumber_Mined_splitClauses_1":["229"],
"predicateGeneratorTime_Mined_splitClauses_0":["10800000"],
"predicateGeneratorTime_Labeled_splitClauses_0":["10800000"],
"labeledSingleVariableTemplatesNumber_Random_splitClauses_0":["1"],
"unlabeledTemplateRelationSymbolNumber_All_splitClauses_0":["25"],
"minedBinaryVariableTemplatesNumber_Labeled_splitClauses_0":["6"],
"generatedPredicateNumber_Labeled_splitClauses_0":["10800000"],
"relationSymbolNumber_Empty_splitClauses_0":["229"],
"solvingTime_Mined_splitClauses_1":["260"],
"minedSingleVariableTemplatesNumber_All_splitClauses_1":["119"],
"predicateGeneratorTime_Random_splitClauses_0":["10800000"],
"cegarIterationNumber_Term_splitClauses_1":["10800000"],
"labeledTemplateNumber_Empty_splitClauses_1":["7"],
"clauseNumberAfterSimplification_Empty_splitClauses_1":["135"],
"minedTemplateRelationSymbolNumber_Empty_splitClauses_0":["25"],
"unlabeledSingleVariableTemplatesNumber_Term_splitClauses_0":["347"],
"minedSingleVariableTemplatesNumber_Empty_splitClauses_0":["119"],
"minedTemplateRelationSymbolNumber_RelationalEqs_splitClauses_0":["25"],
"cegarIterationNumber_Empty_splitClauses_0":["10800000"],
"minedBinaryVariableTemplatesNumber_RelationalEqs_splitClauses_1":["6"],
"labeledSingleVariableTemplatesNumber_All_splitClauses_1":["1"],
"unlabeledTemplateRelationSymbolNumber_Octagon_splitClauses_0":["25"],
"minedTemplateRelationSymbolNumber_Unlabeled_splitClauses_0":["25"],
"labeledBinaryVariableTemplatesNumber_Mined_splitClauses_0":["6"],
"minedTemplateNumber_PredictedCG_splitClauses_1":["125"],
"cegarIterationNumber_Empty_splitClauses_1":["10800000"],
"averagePredicateSize_RelationalIneqs_splitClauses_0":["10800000"],
"solvability_All_splitClauses_1":["10800000"],
"unlabeledBinaryVariableTemplatesNumber_Term_splitClauses_1":["534"],
"relationSymbolNumber_PredictedCDHG_splitClauses_0":["229"],
"minedTemplateRelationSymbolNumber_Labeled_splitClauses_1":["25"],
"averagePredicateSize_Unlabeled_splitClauses_1":["10800000"],
"labeledTemplateNumber_Term_splitClauses_0":["7"],
"smt2FileSizeByte_Empty_splitClauses_1":["59626"],
"solvingTime_PredictedCG_splitClauses_0":["10800000"],
"relationSymbolNumber_Term_splitClauses_0":["229"],
"cegarIterationNumber_All_splitClauses_1":["10800000"],
"clauseNumberBeforeSimplification_Term_splitClauses_1":["124"],
"predicateGeneratorTime_Empty_splitClauses_0":["10800000"],
"averagePredicateSize_All_splitClauses_0":["10800000"],
"unlabeledBinaryVariableTemplatesNumber_Random_splitClauses_0":["534"],
"smt2FileSizeByte_Term_splitClauses_0":["59626"],
"averagePredicateSize_Mined_splitClauses_1":["1"],
"minedBinaryVariableTemplatesNumber_Empty_splitClauses_0":["6"],
"minedTemplateRelationSymbolNumber_All_splitClauses_1":["25"],
"labeledSingleVariableTemplatesNumber_PredictedCG_splitClauses_0":["1"],
"unlabeledBinaryVariableTemplatesNumber_RelationalIneqs_splitClauses_0":["534"],
"unlabeledSingleVariableTemplatesNumber_RelationalIneqs_splitClauses_1":["347"],
"clauseNumberAfterSimplification_RelationalIneqs_splitClauses_0":["135"],
"unlabeledTemplateNumber_RelationalEqs_splitClauses_0":["881"],
"unlabeledTemplateNumber_RelationalIneqs_splitClauses_1":["881"],
"labeledTemplateRelationSymbolNumber_PredictedCG_splitClauses_1":["3"],
"labeledTemplateRelationSymbolNumber_All_splitClauses_0":["3"],
"labeledSingleVariableTemplatesNumber_Octagon_splitClauses_0":["1"],
"dummyFiled":[]
}