{
"cegarIterationNumber_Term_splitClauses_0":[5],
"cegarIterationNumber_RelationalIneqs_splitClauses_1":[4],
"cegarIterationNumber_Octagon_splitClauses_0":[5],
"solvingTime_RelationalIneqs_splitClauses_1":[296],
"solvingTime_Term_splitClauses_0":[271],
"cegarIterationNumber_RelationalIneqs_splitClauses_0":[5],
"solvingTime_RelationalIneqs_splitClauses_0":[283],
"solvingTime_Octagon_splitClauses_1":[246],
"cegarIterationNumber_RelationalEqs_splitClauses_0":[5],
"solvingTime_RelationalEqs_splitClauses_0":[346],
"solvingTime_RelationalEqs_splitClauses_1":[280],
"cegarIterationNumber_Octagon_splitClauses_1":[4],
"solvingTime_Term_splitClauses_1":[273],
"solvingTime_Octagon_splitClauses_0":[283],
"cegarIterationNumber_RelationalEqs_splitClauses_1":[4],
"cegarIterationNumber_Term_splitClauses_1":[4],
"dummyFiled":[]
}