{
"cegarIterationNumber_Term_splitClauses_0":[7],
"cegarIterationNumber_RelationalIneqs_splitClauses_1":[7],
"cegarIterationNumber_Octagon_splitClauses_0":[7],
"solvingTime_RelationalIneqs_splitClauses_1":[333],
"solvingTime_Term_splitClauses_0":[441],
"cegarIterationNumber_RelationalIneqs_splitClauses_0":[7],
"solvingTime_RelationalIneqs_splitClauses_0":[407],
"solvingTime_Octagon_splitClauses_1":[528],
"cegarIterationNumber_RelationalEqs_splitClauses_0":[7],
"solvingTime_RelationalEqs_splitClauses_0":[434],
"solvingTime_RelationalEqs_splitClauses_1":[427],
"cegarIterationNumber_Octagon_splitClauses_1":[7],
"solvingTime_Term_splitClauses_1":[447],
"solvingTime_Octagon_splitClauses_0":[421],
"cegarIterationNumber_RelationalEqs_splitClauses_1":[7],
"cegarIterationNumber_Term_splitClauses_1":[7],
"dummyFiled":[]
}