{
"cegarIterationNumber_Term_splitClauses_0":[50],
"cegarIterationNumber_RelationalIneqs_splitClauses_1":[50],
"cegarIterationNumber_Octagon_splitClauses_0":[50],
"solvingTime_RelationalIneqs_splitClauses_1":[1755],
"solvingTime_Term_splitClauses_0":[1622],
"cegarIterationNumber_RelationalIneqs_splitClauses_0":[50],
"solvingTime_RelationalIneqs_splitClauses_0":[2019],
"solvingTime_Octagon_splitClauses_1":[2525],
"cegarIterationNumber_RelationalEqs_splitClauses_0":[50],
"solvingTime_RelationalEqs_splitClauses_0":[1654],
"solvingTime_RelationalEqs_splitClauses_1":[1248],
"cegarIterationNumber_Octagon_splitClauses_1":[50],
"solvingTime_Term_splitClauses_1":[1309],
"solvingTime_Octagon_splitClauses_0":[1477],
"cegarIterationNumber_RelationalEqs_splitClauses_1":[50],
"cegarIterationNumber_Term_splitClauses_1":[50],
"dummyFiled":[]
}