{
"smt2FileSizeByte_All_splitClauses_1":["112638"],
"generatedPredicateNumber_All_splitClauses_1":["10800000"],
"unlabeledTemplateRelationSymbolNumber_PredictedCDHG_splitClauses_0":["40"],
"relationSymbolNumberBeforeSimplification_Unlabeled_splitClauses_1":["438"],
"predicateGeneratorTime_Term_splitClauses_0":["10800000"],
"averagePredicateSize_Random_splitClauses_1":["1"],
"labeledBinaryVariableTemplatesNumber_Labeled_splitClauses_1":["86"],
"clauseNumberBeforeSimplification_All_splitClauses_1":["191"],
"minedTemplateRelationSymbolNumber_Term_splitClauses_0":["40"],
"solvingTime_Labeled_splitClauses_1":["2366"],
"unlabeledTemplateNumber_Labeled_splitClauses_1":["2349"],
"relationSymbolNumberAfterSimplification_All_splitClauses_1":["236"],
"minedTemplateRelationSymbolNumber_Octagon_splitClauses_1":["40"],
"clauseNumberAfterSimplification_Mined_splitClauses_1":["138"],
"relationSymbolNumberBeforeSimplification_Octagon_splitClauses_0":["438"],
"unlabeledBinaryVariableTemplatesNumber_Term_splitClauses_0":["1476"],
"labeledTemplateNumber_PredictedCDHG_splitClauses_0":["95"],
"solvability_Empty_splitClauses_0":["10800000"],
"unlabeledTemplateRelationSymbolNumber_Random_splitClauses_1":["40"],
"labeledBinaryVariableTemplatesNumber_Octagon_splitClauses_0":["86"],
"relationSymbolNumberBeforeSimplification_Random_splitClauses_1":["438"],
"minedTemplateRelationSymbolNumber_Random_splitClauses_1":["40"],
"unlabeledSingleVariableTemplatesNumber_Mined_splitClauses_0":["873"],
"unlabeledBinaryVariableTemplatesNumber_PredictedCG_splitClauses_1":["1476"],
"solvability_All_splitClauses_0":["10800000"],
"predicateGeneratorTime_RelationalEqs_splitClauses_1":["919"],
"relationSymbolNumberBeforeSimplification_PredictedCDHG_splitClauses_1":["438"],
"smt2FileSizeByte_PredictedCG_splitClauses_1":["112638"],
"labeledSingleVariableTemplatesNumber_Unlabeled_splitClauses_1":["9"],
"labeledBinaryVariableTemplatesNumber_PredictedCG_splitClauses_1":["86"],
"minedBinaryVariableTemplatesNumber_PredictedCG_splitClauses_0":["86"],
"solvability_Random_splitClauses_0":["10800000"],
"relationSymbolNumberAfterSimplification_PredictedCG_splitClauses_1":["236"],
"clauseNumberBeforeSimplification_PredictedCDHG_splitClauses_1":["191"],
"labeledSingleVariableTemplatesNumber_Mined_splitClauses_0":["9"],
"solvability_Unlabeled_splitClauses_1":["1"],
"cegarIterationNumber_Labeled_splitClauses_1":["47"],
"smt2FileSizeByte_Mined_splitClauses_0":["112638"],
"relationSymbolNumberAfterSimplification_Mined_splitClauses_0":["236"],
"labeledSingleVariableTemplatesNumber_PredictedCG_splitClauses_1":["9"],
"smt2FileSizeByte_Octagon_splitClauses_1":["112638"],
"minedTemplateNumber_Labeled_splitClauses_1":["387"],
"labeledSingleVariableTemplatesNumber_RelationalIneqs_splitClauses_1":["9"],
"clauseNumberAfterSimplification_Labeled_splitClauses_1":["138"],
"relationSymbolNumberAfterSimplification_Labeled_splitClauses_0":["236"],
"smt2FileSizeByte_Random_splitClauses_0":["112638"],
"relationSymbolNumberAfterSimplification_PredictedCDHG_splitClauses_0":["236"],
"unlabeledTemplateRelationSymbolNumber_PredictedCDHG_splitClauses_1":["40"],
"labeledSingleVariableTemplatesNumber_Term_splitClauses_0":["9"],
"generatedPredicateNumber_PredictedCDHG_splitClauses_1":["10800000"],
"minedSingleVariableTemplatesNumber_Unlabeled_splitClauses_0":["301"],
"generatedPredicateNumber_Octagon_splitClauses_1":["96"],
"labeledSingleVariableTemplatesNumber_RelationalEqs_splitClauses_0":["9"],
"predicateGeneratorTime_PredictedCG_splitClauses_1":["10800000"],
"relationSymbolNumberAfterSimplification_Octagon_splitClauses_0":["236"],
"labeledTemplateNumber_Labeled_splitClauses_1":["95"],
"labeledSingleVariableTemplatesNumber_Empty_splitClauses_0":["9"],
"minedTemplateRelationSymbolNumber_RelationalIneqs_splitClauses_1":["40"],
"unlabeledSingleVariableTemplatesNumber_All_splitClauses_1":["873"],
"labeledBinaryVariableTemplatesNumber_PredictedCDHG_splitClauses_1":["86"],
"unlabeledSingleVariableTemplatesNumber_RelationalEqs_splitClauses_1":["873"],
"cegarIterationNumber_Term_splitClauses_0":["10800000"],
"unlabeledBinaryVariableTemplatesNumber_Labeled_splitClauses_1":["1476"],
"unlabeledSingleVariableTemplatesNumber_Term_splitClauses_1":["873"],
"clauseNumberAfterSimplification_All_splitClauses_1":["138"],
"minedSingleVariableTemplatesNumber_Random_splitClauses_0":["301"],
"solvability_RelationalIneqs_splitClauses_1":["1"],
"minedTemplateNumber_Labeled_splitClauses_0":["387"],
"minedSingleVariableTemplatesNumber_Octagon_splitClauses_0":["301"],
"minedSingleVariableTemplatesNumber_Term_splitClauses_1":["301"],
"minedBinaryVariableTemplatesNumber_PredictedCDHG_splitClauses_1":["86"],
"generatedPredicateNumber_Mined_splitClauses_1":["96"],
"labeledSingleVariableTemplatesNumber_RelationalIneqs_splitClauses_0":["9"],
"averagePredicateSize_Mined_splitClauses_0":["10800000"],
"cegarIterationNumber_Unlabeled_splitClauses_0":["10800000"],
"minedBinaryVariableTemplatesNumber_Random_splitClauses_0":["86"],
"labeledTemplateNumber_Mined_splitClauses_1":["95"],
"labeledBinaryVariableTemplatesNumber_Random_splitClauses_0":["86"],
"unlabeledTemplateRelationSymbolNumber_Unlabeled_splitClauses_1":["40"],
"cegarIterationNumber_Mined_splitClauses_0":["10800000"],
"minedTemplateRelationSymbolNumber_Labeled_splitClauses_0":["40"],
"unlabeledBinaryVariableTemplatesNumber_RelationalIneqs_splitClauses_1":["1476"],
"unlabeledBinaryVariableTemplatesNumber_Octagon_splitClauses_0":["1476"],
"solvability_Mined_splitClauses_0":["10800000"],
"averagePredicateSize_RelationalEqs_splitClauses_0":["10800000"],
"clauseNumberAfterSimplification_Term_splitClauses_0":["138"],
"unlabeledTemplateNumber_Mined_splitClauses_0":["2349"],
"relationSymbolNumberAfterSimplification_Random_splitClauses_1":["236"],
"unlabeledTemplateNumber_PredictedCDHG_splitClauses_0":["2349"],
"cegarIterationNumber_RelationalIneqs_splitClauses_1":["47"],
"minedBinaryVariableTemplatesNumber_Unlabeled_splitClauses_1":["86"],
"labeledTemplateNumber_PredictedCG_splitClauses_1":["95"],
"labeledTemplateRelationSymbolNumber_Mined_splitClauses_0":["35"],
"labeledBinaryVariableTemplatesNumber_Mined_splitClauses_1":["86"],
"relationSymbolNumberBeforeSimplification_Mined_splitClauses_0":["438"],
"relationSymbolNumberBeforeSimplification_RelationalIneqs_splitClauses_0":["438"],
"clauseNumberAfterSimplification_RelationalIneqs_splitClauses_1":["138"],
"minedSingleVariableTemplatesNumber_PredictedCDHG_splitClauses_0":["301"],
"solvability_Labeled_splitClauses_1":["1"],
"labeledSingleVariableTemplatesNumber_Octagon_splitClauses_1":["9"],
"averagePredicateSize_Random_splitClauses_0":["10800000"],
"smt2FileSizeByte_RelationalIneqs_splitClauses_0":["112638"],
"generatedPredicateNumber_Unlabeled_splitClauses_0":["10800000"],
"solvability_RelationalEqs_splitClauses_0":["10800000"],
"predicateGeneratorTime_Empty_splitClauses_1":["1043"],
"minedSingleVariableTemplatesNumber_Mined_splitClauses_0":["301"],
"relationSymbolNumberAfterSimplification_Unlabeled_splitClauses_0":["236"],
"minedTemplateRelationSymbolNumber_PredictedCDHG_splitClauses_1":["40"],
"minedTemplateNumber_PredictedCG_splitClauses_0":["387"],
"averagePredicateSize_RelationalIneqs_splitClauses_1":["1"],
"labeledTemplateRelationSymbolNumber_Random_splitClauses_1":["35"],
"minedTemplateNumber_RelationalIneqs_splitClauses_0":["387"],
"predicateGeneratorTime_RelationalIneqs_splitClauses_0":["10800000"],
"labeledTemplateRelationSymbolNumber_Empty_splitClauses_0":["35"],
"minedBinaryVariableTemplatesNumber_Octagon_splitClauses_0":["86"],
"labeledSingleVariableTemplatesNumber_Term_splitClauses_1":["9"],
"labeledBinaryVariableTemplatesNumber_Empty_splitClauses_0":["86"],
"minedTemplateNumber_Octagon_splitClauses_0":["387"],
"labeledBinaryVariableTemplatesNumber_Unlabeled_splitClauses_0":["86"],
"relationSymbolNumberBeforeSimplification_Empty_splitClauses_0":["438"],
"clauseNumberAfterSimplification_PredictedCDHG_splitClauses_0":["138"],
"smt2FileSizeByte_PredictedCG_splitClauses_0":["112638"],
"minedBinaryVariableTemplatesNumber_RelationalEqs_splitClauses_0":["86"],
"relationSymbolNumberBeforeSimplification_Unlabeled_splitClauses_0":["438"],
"labeledTemplateRelationSymbolNumber_RelationalEqs_splitClauses_1":["35"],
"minedBinaryVariableTemplatesNumber_Random_splitClauses_1":["86"],
"clauseNumberAfterSimplification_Unlabeled_splitClauses_1":["138"],
"minedSingleVariableTemplatesNumber_PredictedCDHG_splitClauses_1":["301"],
"labeledBinaryVariableTemplatesNumber_Term_splitClauses_1":["86"],
"clauseNumberBeforeSimplification_Empty_splitClauses_1":["191"],
"relationSymbolNumberAfterSimplification_Octagon_splitClauses_1":["236"],
"relationSymbolNumberAfterSimplification_Term_splitClauses_0":["236"],
"minedBinaryVariableTemplatesNumber_Mined_splitClauses_1":["86"],
"unlabeledBinaryVariableTemplatesNumber_Unlabeled_splitClauses_1":["1476"],
"relationSymbolNumberBeforeSimplification_Random_splitClauses_0":["438"],
"relationSymbolNumberAfterSimplification_PredictedCDHG_splitClauses_1":["236"],
"unlabeledTemplateNumber_PredictedCG_splitClauses_1":["2349"],
"generatedPredicateNumber_Empty_splitClauses_0":["10800000"],
"predicateGeneratorTime_RelationalIneqs_splitClauses_1":["1138"],
"unlabeledSingleVariableTemplatesNumber_Empty_splitClauses_0":["873"],
"cegarIterationNumber_Octagon_splitClauses_0":["10800000"],
"clauseNumberAfterSimplification_Octagon_splitClauses_1":["138"],
"unlabeledSingleVariableTemplatesNumber_Labeled_splitClauses_1":["873"],
"clauseNumberBeforeSimplification_Random_splitClauses_1":["191"],
"minedTemplateRelationSymbolNumber_All_splitClauses_0":["40"],
"unlabeledTemplateRelationSymbolNumber_RelationalEqs_splitClauses_0":["40"],
"minedSingleVariableTemplatesNumber_Unlabeled_splitClauses_1":["301"],
"clauseNumberBeforeSimplification_RelationalEqs_splitClauses_0":["191"],
"minedTemplateNumber_Unlabeled_splitClauses_0":["387"],
"generatedPredicateNumber_Octagon_splitClauses_0":["10800000"],
"predicateGeneratorTime_PredictedCDHG_splitClauses_0":["10800000"],
"clauseNumberAfterSimplification_PredictedCG_splitClauses_1":["138"],
"labeledSingleVariableTemplatesNumber_RelationalEqs_splitClauses_1":["9"],
"smt2FileSizeByte_Random_splitClauses_1":["112638"],
"averagePredicateSize_PredictedCG_splitClauses_1":["10800000"],
"cegarIterationNumber_PredictedCDHG_splitClauses_1":["10800000"],
"clauseNumberAfterSimplification_RelationalEqs_splitClauses_1":["138"],
"minedBinaryVariableTemplatesNumber_Empty_splitClauses_1":["86"],
"relationSymbolNumberAfterSimplification_RelationalEqs_splitClauses_1":["236"],
"minedTemplateNumber_PredictedCDHG_splitClauses_0":["387"],
"labeledBinaryVariableTemplatesNumber_All_splitClauses_1":["86"],
"solvingTime_RelationalIneqs_splitClauses_1":["2243"],
"unlabeledTemplateRelationSymbolNumber_RelationalEqs_splitClauses_1":["40"],
"smt2FileSizeByte_Unlabeled_splitClauses_0":["112638"],
"relationSymbolNumberBeforeSimplification_Mined_splitClauses_1":["438"],
"relationSymbolNumberAfterSimplification_Mined_splitClauses_1":["236"],
"generatedPredicateNumber_All_splitClauses_0":["10800000"],
"relationSymbolNumberBeforeSimplification_Octagon_splitClauses_1":["438"],
"predicateGeneratorTime_Octagon_splitClauses_1":["1139"],
"solvability_Mined_splitClauses_1":["1"],
"minedTemplateRelationSymbolNumber_Term_splitClauses_1":["40"],
"clauseNumberAfterSimplification_Mined_splitClauses_0":["138"],
"solvability_PredictedCDHG_splitClauses_0":["10800000"],
"solvingTime_Empty_splitClauses_0":["10800000"],
"unlabeledSingleVariableTemplatesNumber_Unlabeled_splitClauses_1":["873"],
"minedTemplateNumber_Term_splitClauses_1":["387"],
"averagePredicateSize_Octagon_splitClauses_1":["1"],
"unlabeledSingleVariableTemplatesNumber_Octagon_splitClauses_1":["873"],
"minedTemplateRelationSymbolNumber_RelationalEqs_splitClauses_1":["40"],
"relationSymbolNumberBeforeSimplification_All_splitClauses_1":["438"],
"minedBinaryVariableTemplatesNumber_RelationalIneqs_splitClauses_0":["86"],
"predicateGeneratorTime_Term_splitClauses_1":["1266"],
"solvingTime_Labeled_splitClauses_0":["10800000"],
"unlabeledBinaryVariableTemplatesNumber_PredictedCG_splitClauses_0":["1476"],
"minedTemplateNumber_All_splitClauses_0":["387"],
"predicateGeneratorTime_Labeled_splitClauses_1":["1294"],
"unlabeledTemplateRelationSymbolNumber_Empty_splitClauses_0":["40"],
"unlabeledTemplateNumber_Mined_splitClauses_1":["2349"],
"solvability_PredictedCG_splitClauses_1":["10800000"],
"unlabeledTemplateNumber_Term_splitClauses_0":["2349"],
"minedBinaryVariableTemplatesNumber_PredictedCG_splitClauses_1":["86"],
"labeledSingleVariableTemplatesNumber_PredictedCDHG_splitClauses_0":["9"],
"minedBinaryVariableTemplatesNumber_All_splitClauses_0":["86"],
"averagePredicateSize_PredictedCDHG_splitClauses_1":["10800000"],
"predicateGeneratorTime_PredictedCG_splitClauses_0":["10800000"],
"generatedPredicateNumber_RelationalIneqs_splitClauses_0":["10800000"],
"labeledTemplateNumber_Empty_splitClauses_0":["95"],
"relationSymbolNumberAfterSimplification_RelationalIneqs_splitClauses_1":["236"],
"unlabeledTemplateRelationSymbolNumber_Term_splitClauses_0":["40"],
"minedTemplateNumber_All_splitClauses_1":["387"],
"labeledSingleVariableTemplatesNumber_Empty_splitClauses_1":["9"],
"minedBinaryVariableTemplatesNumber_Unlabeled_splitClauses_0":["86"],
"labeledTemplateNumber_Random_splitClauses_0":["95"],
"minedBinaryVariableTemplatesNumber_All_splitClauses_1":["86"],
"unlabeledSingleVariableTemplatesNumber_All_splitClauses_0":["873"],
"relationSymbolNumberBeforeSimplification_Labeled_splitClauses_1":["438"],
"smt2FileSizeByte_PredictedCDHG_splitClauses_1":["112638"],
"labeledBinaryVariableTemplatesNumber_PredictedCDHG_splitClauses_0":["86"],
"averagePredicateSize_RelationalEqs_splitClauses_1":["1"],
"minedSingleVariableTemplatesNumber_Term_splitClauses_0":["301"],
"labeledTemplateRelationSymbolNumber_Term_splitClauses_1":["35"],
"generatedPredicateNumber_Random_splitClauses_0":["10800000"],
"labeledBinaryVariableTemplatesNumber_Empty_splitClauses_1":["86"],
"relationSymbolNumberAfterSimplification_Term_splitClauses_1":["236"],
"clauseNumberAfterSimplification_Labeled_splitClauses_0":["138"],
"labeledSingleVariableTemplatesNumber_Labeled_splitClauses_0":["9"],
"minedTemplateNumber_Mined_splitClauses_1":["387"],
"labeledTemplateRelationSymbolNumber_Labeled_splitClauses_0":["35"],
"unlabeledTemplateRelationSymbolNumber_Mined_splitClauses_1":["40"],
"solvability_Labeled_splitClauses_0":["10800000"],
"minedTemplateNumber_RelationalEqs_splitClauses_1":["387"],
"solvingTime_Random_splitClauses_1":["2271"],
"minedTemplateNumber_Random_splitClauses_0":["387"],
"cegarIterationNumber_Unlabeled_splitClauses_1":["47"],
"minedTemplateNumber_RelationalIneqs_splitClauses_1":["387"],
"unlabeledBinaryVariableTemplatesNumber_Octagon_splitClauses_1":["1476"],
"minedSingleVariableTemplatesNumber_Octagon_splitClauses_1":["301"],
"minedSingleVariableTemplatesNumber_Random_splitClauses_1":["301"],
"averagePredicateSize_All_splitClauses_1":["10800000"],
"minedTemplateNumber_Empty_splitClauses_0":["387"],
"labeledTemplateNumber_Mined_splitClauses_0":["95"],
"unlabeledBinaryVariableTemplatesNumber_All_splitClauses_0":["1476"],
"relationSymbolNumberAfterSimplification_Labeled_splitClauses_1":["236"],
"labeledSingleVariableTemplatesNumber_PredictedCDHG_splitClauses_1":["9"],
"minedSingleVariableTemplatesNumber_Mined_splitClauses_1":["301"],
"labeledTemplateRelationSymbolNumber_Term_splitClauses_0":["35"],
"unlabeledTemplateRelationSymbolNumber_Term_splitClauses_1":["40"],
"predicateGeneratorTime_All_splitClauses_1":["10800000"],
"unlabeledSingleVariableTemplatesNumber_Random_splitClauses_0":["873"],
"predicateGeneratorTime_Unlabeled_splitClauses_1":["1130"],
"cegarIterationNumber_PredictedCDHG_splitClauses_0":["10800000"],
"labeledTemplateNumber_RelationalEqs_splitClauses_0":["95"],
"labeledTemplateRelationSymbolNumber_Mined_splitClauses_1":["35"],
"labeledTemplateRelationSymbolNumber_Random_splitClauses_0":["35"],
"labeledBinaryVariableTemplatesNumber_RelationalEqs_splitClauses_1":["86"],
"generatedPredicateNumber_RelationalIneqs_splitClauses_1":["96"],
"unlabeledTemplateRelationSymbolNumber_PredictedCG_splitClauses_1":["40"],
"unlabeledSingleVariableTemplatesNumber_RelationalEqs_splitClauses_0":["873"],
"labeledBinaryVariableTemplatesNumber_Labeled_splitClauses_0":["86"],
"minedBinaryVariableTemplatesNumber_PredictedCDHG_splitClauses_0":["86"],
"unlabeledTemplateRelationSymbolNumber_Unlabeled_splitClauses_0":["40"],
"clauseNumberAfterSimplification_Term_splitClauses_1":["138"],
"unlabeledTemplateNumber_Octagon_splitClauses_0":["2349"],
"unlabeledBinaryVariableTemplatesNumber_RelationalEqs_splitClauses_1":["1476"],
"unlabeledTemplateNumber_PredictedCG_splitClauses_0":["2349"],
"unlabeledTemplateNumber_All_splitClauses_0":["2349"],
"labeledTemplateRelationSymbolNumber_RelationalIneqs_splitClauses_1":["35"],
"unlabeledSingleVariableTemplatesNumber_Mined_splitClauses_1":["873"],
"labeledTemplateRelationSymbolNumber_Unlabeled_splitClauses_1":["35"],
"labeledBinaryVariableTemplatesNumber_Random_splitClauses_1":["86"],
"solvability_Random_splitClauses_1":["1"],
"solvingTime_Term_splitClauses_0":["10800000"],
"minedSingleVariableTemplatesNumber_Labeled_splitClauses_1":["301"],
"clauseNumberBeforeSimplification_Term_splitClauses_0":["191"],
"relationSymbolNumberBeforeSimplification_RelationalIneqs_splitClauses_1":["438"],
"minedTemplateRelationSymbolNumber_Mined_splitClauses_0":["40"],
"solvability_Octagon_splitClauses_1":["1"],
"minedSingleVariableTemplatesNumber_RelationalIneqs_splitClauses_1":["301"],
"smt2FileSizeByte_Labeled_splitClauses_0":["112638"],
"solvability_RelationalEqs_splitClauses_1":["1"],
"unlabeledSingleVariableTemplatesNumber_Empty_splitClauses_1":["873"],
"labeledTemplateNumber_PredictedCDHG_splitClauses_1":["95"],
"minedTemplateRelationSymbolNumber_Octagon_splitClauses_0":["40"],
"clauseNumberAfterSimplification_Unlabeled_splitClauses_0":["138"],
"clauseNumberBeforeSimplification_Unlabeled_splitClauses_0":["191"],
"clauseNumberBeforeSimplification_PredictedCDHG_splitClauses_0":["191"],
"cegarIterationNumber_RelationalIneqs_splitClauses_0":["10800000"],
"labeledTemplateRelationSymbolNumber_RelationalEqs_splitClauses_0":["35"],
"averagePredicateSize_Labeled_splitClauses_0":["10800000"],
"smt2FileSizeByte_RelationalIneqs_splitClauses_1":["112638"],
"clauseNumberBeforeSimplification_RelationalEqs_splitClauses_1":["191"],
"unlabeledTemplateRelationSymbolNumber_RelationalIneqs_splitClauses_1":["40"],
"clauseNumberBeforeSimplification_PredictedCG_splitClauses_0":["191"],
"solvingTime_PredictedCDHG_splitClauses_0":["10800000"],
"labeledTemplateRelationSymbolNumber_Octagon_splitClauses_1":["35"],
"minedTemplateRelationSymbolNumber_PredictedCG_splitClauses_1":["40"],
"relationSymbolNumberBeforeSimplification_RelationalEqs_splitClauses_1":["438"],
"labeledTemplateNumber_Random_splitClauses_1":["95"],
"solvingTime_RelationalIneqs_splitClauses_0":["10800000"],
"labeledTemplateNumber_All_splitClauses_1":["95"],
"unlabeledTemplateNumber_Random_splitClauses_1":["2349"],
"relationSymbolNumberBeforeSimplification_All_splitClauses_0":["438"],
"smt2FileSizeByte_Unlabeled_splitClauses_1":["112638"],
"cegarIterationNumber_PredictedCG_splitClauses_0":["10800000"],
"predicateGeneratorTime_Octagon_splitClauses_0":["10800000"],
"unlabeledTemplateNumber_RelationalEqs_splitClauses_1":["2349"],
"clauseNumberAfterSimplification_Octagon_splitClauses_0":["138"],
"cegarIterationNumber_Random_splitClauses_0":["10800000"],
"solvability_PredictedCDHG_splitClauses_1":["10800000"],
"solvability_PredictedCG_splitClauses_0":["10800000"],
"solvingTime_PredictedCG_splitClauses_1":["10800000"],
"unlabeledSingleVariableTemplatesNumber_Unlabeled_splitClauses_0":["873"],
"unlabeledTemplateNumber_Unlabeled_splitClauses_0":["2349"],
"labeledTemplateRelationSymbolNumber_RelationalIneqs_splitClauses_0":["35"],
"minedTemplateNumber_Random_splitClauses_1":["387"],
"generatedPredicateNumber_RelationalEqs_splitClauses_0":["10800000"],
"minedTemplateNumber_Term_splitClauses_0":["387"],
"solvingTime_All_splitClauses_1":["10800000"],
"minedSingleVariableTemplatesNumber_PredictedCG_splitClauses_0":["301"],
"smt2FileSizeByte_Term_splitClauses_1":["112638"],
"labeledBinaryVariableTemplatesNumber_All_splitClauses_0":["86"],
"minedTemplateNumber_PredictedCDHG_splitClauses_1":["387"],
"minedTemplateRelationSymbolNumber_PredictedCDHG_splitClauses_0":["40"],
"averagePredicateSize_Unlabeled_splitClauses_0":["10800000"],
"minedBinaryVariableTemplatesNumber_Octagon_splitClauses_1":["86"],
"unlabeledSingleVariableTemplatesNumber_Random_splitClauses_1":["873"],
"clauseNumberBeforeSimplification_Random_splitClauses_0":["191"],
"solvingTime_Unlabeled_splitClauses_1":["2104"],
"predicateGeneratorTime_PredictedCDHG_splitClauses_1":["10800000"],
"averagePredicateSize_PredictedCDHG_splitClauses_0":["10800000"],
"relationSymbolNumberAfterSimplification_RelationalEqs_splitClauses_0":["236"],
"minedBinaryVariableTemplatesNumber_Term_splitClauses_0":["86"],
"labeledTemplateNumber_RelationalIneqs_splitClauses_0":["95"],
"clauseNumberAfterSimplification_Random_splitClauses_0":["138"],
"clauseNumberAfterSimplification_PredictedCG_splitClauses_0":["138"],
"generatedPredicateNumber_Empty_splitClauses_1":["96"],
"clauseNumberBeforeSimplification_Octagon_splitClauses_0":["191"],
"unlabeledTemplateNumber_Empty_splitClauses_0":["2349"],
"minedSingleVariableTemplatesNumber_All_splitClauses_0":["301"],
"labeledTemplateRelationSymbolNumber_Octagon_splitClauses_0":["35"],
"generatedPredicateNumber_Random_splitClauses_1":["96"],
"clauseNumberAfterSimplification_RelationalEqs_splitClauses_0":["138"],
"labeledBinaryVariableTemplatesNumber_Term_splitClauses_0":["86"],
"minedSingleVariableTemplatesNumber_RelationalEqs_splitClauses_0":["301"],
"minedTemplateNumber_Mined_splitClauses_0":["387"],
"relationSymbolNumberBeforeSimplification_PredictedCG_splitClauses_0":["438"],
"averagePredicateSize_Octagon_splitClauses_0":["10800000"],
"unlabeledBinaryVariableTemplatesNumber_Empty_splitClauses_1":["1476"],
"unlabeledSingleVariableTemplatesNumber_PredictedCDHG_splitClauses_0":["873"],
"unlabeledSingleVariableTemplatesNumber_PredictedCG_splitClauses_1":["873"],
"labeledTemplateRelationSymbolNumber_Labeled_splitClauses_1":["35"],
"minedTemplateRelationSymbolNumber_Random_splitClauses_0":["40"],
"unlabeledTemplateRelationSymbolNumber_PredictedCG_splitClauses_0":["40"],
"unlabeledTemplateNumber_RelationalIneqs_splitClauses_0":["2349"],
"unlabeledSingleVariableTemplatesNumber_Labeled_splitClauses_0":["873"],
"relationSymbolNumberAfterSimplification_PredictedCG_splitClauses_0":["236"],
"minedTemplateNumber_Unlabeled_splitClauses_1":["387"],
"generatedPredicateNumber_PredictedCG_splitClauses_0":["10800000"],
"labeledTemplateNumber_Unlabeled_splitClauses_1":["95"],
"unlabeledTemplateRelationSymbolNumber_Empty_splitClauses_1":["40"],
"clauseNumberBeforeSimplification_Empty_splitClauses_0":["191"],
"solvingTime_Octagon_splitClauses_1":["2072"],
"cegarIterationNumber_Mined_splitClauses_1":["47"],
"clauseNumberBeforeSimplification_Mined_splitClauses_1":["191"],
"smt2FileSizeByte_PredictedCDHG_splitClauses_0":["112638"],
"averagePredicateSize_PredictedCG_splitClauses_0":["10800000"],
"solvingTime_Random_splitClauses_0":["10800000"],
"minedTemplateNumber_RelationalEqs_splitClauses_0":["387"],
"unlabeledSingleVariableTemplatesNumber_RelationalIneqs_splitClauses_0":["873"],
"unlabeledTemplateNumber_Unlabeled_splitClauses_1":["2349"],
"labeledBinaryVariableTemplatesNumber_RelationalEqs_splitClauses_0":["86"],
"generatedPredicateNumber_PredictedCDHG_splitClauses_0":["10800000"],
"relationSymbolNumberAfterSimplification_RelationalIneqs_splitClauses_0":["236"],
"minedTemplateRelationSymbolNumber_Empty_splitClauses_1":["40"],
"predicateGeneratorTime_Random_splitClauses_1":["1279"],
"labeledTemplateNumber_Term_splitClauses_1":["95"],
"relationSymbolNumberBeforeSimplification_RelationalEqs_splitClauses_0":["438"],
"minedSingleVariableTemplatesNumber_Empty_splitClauses_1":["301"],
"minedSingleVariableTemplatesNumber_RelationalIneqs_splitClauses_0":["301"],
"clauseNumberAfterSimplification_All_splitClauses_0":["138"],
"unlabeledBinaryVariableTemplatesNumber_RelationalEqs_splitClauses_0":["1476"],
"cegarIterationNumber_RelationalEqs_splitClauses_0":["10800000"],
"labeledTemplateRelationSymbolNumber_PredictedCDHG_splitClauses_0":["35"],
"labeledSingleVariableTemplatesNumber_Labeled_splitClauses_1":["9"],
"unlabeledBinaryVariableTemplatesNumber_All_splitClauses_1":["1476"],
"minedTemplateRelationSymbolNumber_Unlabeled_splitClauses_1":["40"],
"solvingTime_RelationalEqs_splitClauses_0":["10800000"],
"solvingTime_RelationalEqs_splitClauses_1":["1760"],
"minedBinaryVariableTemplatesNumber_Mined_splitClauses_0":["86"],
"clauseNumberBeforeSimplification_All_splitClauses_0":["191"],
"clauseNumberBeforeSimplification_RelationalIneqs_splitClauses_1":["191"],
"labeledTemplateNumber_RelationalEqs_splitClauses_1":["95"],
"labeledBinaryVariableTemplatesNumber_RelationalIneqs_splitClauses_0":["86"],
"relationSymbolNumberBeforeSimplification_Labeled_splitClauses_0":["438"],
"clauseNumberAfterSimplification_Empty_splitClauses_0":["138"],
"averagePredicateSize_Empty_splitClauses_0":["10800000"],
"unlabeledTemplateNumber_Term_splitClauses_1":["2349"],
"predicateGeneratorTime_Mined_splitClauses_1":["1008"],
"labeledBinaryVariableTemplatesNumber_RelationalIneqs_splitClauses_1":["86"],
"predicateGeneratorTime_Unlabeled_splitClauses_0":["10800000"],
"relationSymbolNumberAfterSimplification_Empty_splitClauses_0":["236"],
"generatedPredicateNumber_Mined_splitClauses_0":["10800000"],
"generatedPredicateNumber_RelationalEqs_splitClauses_1":["96"],
"labeledTemplateRelationSymbolNumber_PredictedCG_splitClauses_0":["35"],
"minedSingleVariableTemplatesNumber_PredictedCG_splitClauses_1":["301"],
"minedTemplateRelationSymbolNumber_PredictedCG_splitClauses_0":["40"],
"unlabeledTemplateRelationSymbolNumber_Labeled_splitClauses_0":["40"],
"solvability_Empty_splitClauses_1":["1"],
"averagePredicateSize_Term_splitClauses_0":["10800000"],
"cegarIterationNumber_Random_splitClauses_1":["47"],
"averagePredicateSize_Labeled_splitClauses_1":["1"],
"unlabeledBinaryVariableTemplatesNumber_Unlabeled_splitClauses_0":["1476"],
"generatedPredicateNumber_Unlabeled_splitClauses_1":["96"],
"predicateGeneratorTime_All_splitClauses_0":["10800000"],
"unlabeledBinaryVariableTemplatesNumber_PredictedCDHG_splitClauses_1":["1476"],
"clauseNumberBeforeSimplification_Labeled_splitClauses_1":["191"],
"minedBinaryVariableTemplatesNumber_Labeled_splitClauses_1":["86"],
"labeledSingleVariableTemplatesNumber_All_splitClauses_0":["9"],
"unlabeledTemplateRelationSymbolNumber_Mined_splitClauses_0":["40"],
"cegarIterationNumber_Octagon_splitClauses_1":["47"],
"labeledTemplateNumber_Octagon_splitClauses_0":["95"],
"labeledTemplateRelationSymbolNumber_All_splitClauses_1":["35"],
"smt2FileSizeByte_Empty_splitClauses_0":["112638"],
"unlabeledTemplateNumber_Octagon_splitClauses_1":["2349"],
"predicateGeneratorTime_RelationalEqs_splitClauses_0":["10800000"],
"unlabeledTemplateRelationSymbolNumber_RelationalIneqs_splitClauses_0":["40"],
"smt2FileSizeByte_RelationalEqs_splitClauses_1":["112638"],
"unlabeledTemplateNumber_Labeled_splitClauses_0":["2349"],
"minedSingleVariableTemplatesNumber_Labeled_splitClauses_0":["301"],
"solvingTime_PredictedCDHG_splitClauses_1":["10800000"],
"relationSymbolNumberBeforeSimplification_Term_splitClauses_1":["438"],
"minedTemplateNumber_Octagon_splitClauses_1":["387"],
"clauseNumberBeforeSimplification_Mined_splitClauses_0":["191"],
"smt2FileSizeByte_All_splitClauses_0":["112638"],
"solvingTime_All_splitClauses_0":["10800000"],
"minedBinaryVariableTemplatesNumber_Term_splitClauses_1":["86"],
"unlabeledTemplateRelationSymbolNumber_Random_splitClauses_0":["40"],
"cegarIterationNumber_All_splitClauses_0":["10800000"],
"smt2FileSizeByte_RelationalEqs_splitClauses_0":["112638"],
"unlabeledSingleVariableTemplatesNumber_PredictedCDHG_splitClauses_1":["873"],
"clauseNumberBeforeSimplification_Labeled_splitClauses_0":["191"],
"cegarIterationNumber_PredictedCG_splitClauses_1":["10800000"],
"labeledTemplateRelationSymbolNumber_Unlabeled_splitClauses_0":["35"],
"unlabeledTemplateRelationSymbolNumber_Octagon_splitClauses_1":["40"],
"unlabeledTemplateNumber_Empty_splitClauses_1":["2349"],
"clauseNumberBeforeSimplification_Octagon_splitClauses_1":["191"],
"labeledTemplateNumber_Unlabeled_splitClauses_0":["95"],
"labeledBinaryVariableTemplatesNumber_PredictedCG_splitClauses_0":["86"],
"solvability_Term_splitClauses_1":["1"],
"solvability_Octagon_splitClauses_0":["10800000"],
"minedTemplateRelationSymbolNumber_RelationalIneqs_splitClauses_0":["40"],
"clauseNumberBeforeSimplification_RelationalIneqs_splitClauses_0":["191"],
"labeledTemplateNumber_PredictedCG_splitClauses_0":["95"],
"cegarIterationNumber_Labeled_splitClauses_0":["10800000"],
"smt2FileSizeByte_Labeled_splitClauses_1":["112638"],
"clauseNumberBeforeSimplification_Unlabeled_splitClauses_1":["191"],
"generatedPredicateNumber_Term_splitClauses_1":["96"],
"solvingTime_Term_splitClauses_1":["2288"],
"unlabeledBinaryVariableTemplatesNumber_Random_splitClauses_1":["1476"],
"unlabeledSingleVariableTemplatesNumber_Octagon_splitClauses_0":["873"],
"solvingTime_Octagon_splitClauses_0":["10800000"],
"labeledSingleVariableTemplatesNumber_Mined_splitClauses_1":["9"],
"averagePredicateSize_Term_splitClauses_1":["1"],
"labeledTemplateNumber_Labeled_splitClauses_0":["95"],
"unlabeledSingleVariableTemplatesNumber_PredictedCG_splitClauses_0":["873"],
"smt2FileSizeByte_Mined_splitClauses_1":["112638"],
"labeledBinaryVariableTemplatesNumber_Unlabeled_splitClauses_1":["86"],
"labeledTemplateNumber_All_splitClauses_0":["95"],
"unlabeledTemplateNumber_Random_splitClauses_0":["2349"],
"labeledTemplateNumber_Octagon_splitClauses_1":["95"],
"unlabeledTemplateNumber_PredictedCDHG_splitClauses_1":["2349"],
"unlabeledBinaryVariableTemplatesNumber_Mined_splitClauses_0":["1476"],
"minedTemplateRelationSymbolNumber_Mined_splitClauses_1":["40"],
"labeledTemplateNumber_RelationalIneqs_splitClauses_1":["95"],
"relationSymbolNumberAfterSimplification_All_splitClauses_0":["236"],
"relationSymbolNumberBeforeSimplification_PredictedCDHG_splitClauses_0":["438"],
"solvability_Term_splitClauses_0":["10800000"],
"clauseNumberBeforeSimplification_PredictedCG_splitClauses_1":["191"],
"generatedPredicateNumber_Labeled_splitClauses_1":["96"],
"labeledSingleVariableTemplatesNumber_Unlabeled_splitClauses_0":["9"],
"unlabeledBinaryVariableTemplatesNumber_Empty_splitClauses_0":["1476"],
"solvingTime_Mined_splitClauses_0":["10800000"],
"unlabeledTemplateNumber_All_splitClauses_1":["2349"],
"clauseNumberAfterSimplification_Random_splitClauses_1":["138"],
"labeledBinaryVariableTemplatesNumber_Octagon_splitClauses_1":["86"],
"unlabeledBinaryVariableTemplatesNumber_Labeled_splitClauses_0":["1476"],
"smt2FileSizeByte_Octagon_splitClauses_0":["112638"],
"labeledSingleVariableTemplatesNumber_Random_splitClauses_1":["9"],
"solvability_Unlabeled_splitClauses_0":["10800000"],
"solvingTime_Unlabeled_splitClauses_0":["10800000"],
"unlabeledTemplateRelationSymbolNumber_All_splitClauses_1":["40"],
"minedTemplateNumber_Empty_splitClauses_1":["387"],
"solvability_RelationalIneqs_splitClauses_0":["10800000"],
"unlabeledTemplateRelationSymbolNumber_Labeled_splitClauses_1":["40"],
"cegarIterationNumber_RelationalEqs_splitClauses_1":["47"],
"minedSingleVariableTemplatesNumber_RelationalEqs_splitClauses_1":["301"],
"clauseNumberAfterSimplification_PredictedCDHG_splitClauses_1":["138"],
"minedBinaryVariableTemplatesNumber_RelationalIneqs_splitClauses_1":["86"],
"unlabeledBinaryVariableTemplatesNumber_Mined_splitClauses_1":["1476"],
"unlabeledBinaryVariableTemplatesNumber_PredictedCDHG_splitClauses_0":["1476"],
"solvingTime_Empty_splitClauses_1":["2034"],
"labeledTemplateRelationSymbolNumber_Empty_splitClauses_1":["35"],
"generatedPredicateNumber_Term_splitClauses_0":["10800000"],
"averagePredicateSize_Empty_splitClauses_1":["1"],
"generatedPredicateNumber_PredictedCG_splitClauses_1":["10800000"],
"labeledTemplateRelationSymbolNumber_PredictedCDHG_splitClauses_1":["35"],
"predicateGeneratorTime_Mined_splitClauses_0":["10800000"],
"relationSymbolNumberBeforeSimplification_Term_splitClauses_0":["438"],
"predicateGeneratorTime_Labeled_splitClauses_0":["10800000"],
"labeledSingleVariableTemplatesNumber_Random_splitClauses_0":["9"],
"unlabeledTemplateRelationSymbolNumber_All_splitClauses_0":["40"],
"minedBinaryVariableTemplatesNumber_Labeled_splitClauses_0":["86"],
"generatedPredicateNumber_Labeled_splitClauses_0":["10800000"],
"relationSymbolNumberAfterSimplification_Empty_splitClauses_1":["236"],
"solvingTime_Mined_splitClauses_1":["1952"],
"minedSingleVariableTemplatesNumber_All_splitClauses_1":["301"],
"predicateGeneratorTime_Random_splitClauses_0":["10800000"],
"cegarIterationNumber_Term_splitClauses_1":["47"],
"labeledTemplateNumber_Empty_splitClauses_1":["95"],
"clauseNumberAfterSimplification_Empty_splitClauses_1":["138"],
"minedTemplateRelationSymbolNumber_Empty_splitClauses_0":["40"],
"unlabeledSingleVariableTemplatesNumber_Term_splitClauses_0":["873"],
"minedSingleVariableTemplatesNumber_Empty_splitClauses_0":["301"],
"relationSymbolNumberAfterSimplification_Random_splitClauses_0":["236"],
"minedTemplateRelationSymbolNumber_RelationalEqs_splitClauses_0":["40"],
"cegarIterationNumber_Empty_splitClauses_0":["10800000"],
"minedBinaryVariableTemplatesNumber_RelationalEqs_splitClauses_1":["86"],
"relationSymbolNumberBeforeSimplification_PredictedCG_splitClauses_1":["438"],
"labeledSingleVariableTemplatesNumber_All_splitClauses_1":["9"],
"unlabeledTemplateRelationSymbolNumber_Octagon_splitClauses_0":["40"],
"minedTemplateRelationSymbolNumber_Unlabeled_splitClauses_0":["40"],
"labeledBinaryVariableTemplatesNumber_Mined_splitClauses_0":["86"],
"relationSymbolNumberAfterSimplification_Unlabeled_splitClauses_1":["236"],
"minedTemplateNumber_PredictedCG_splitClauses_1":["387"],
"cegarIterationNumber_Empty_splitClauses_1":["47"],
"averagePredicateSize_RelationalIneqs_splitClauses_0":["10800000"],
"solvability_All_splitClauses_1":["10800000"],
"unlabeledBinaryVariableTemplatesNumber_Term_splitClauses_1":["1476"],
"minedTemplateRelationSymbolNumber_Labeled_splitClauses_1":["40"],
"averagePredicateSize_Unlabeled_splitClauses_1":["1"],
"labeledTemplateNumber_Term_splitClauses_0":["95"],
"smt2FileSizeByte_Empty_splitClauses_1":["112638"],
"solvingTime_PredictedCG_splitClauses_0":["10800000"],
"cegarIterationNumber_All_splitClauses_1":["10800000"],
"clauseNumberBeforeSimplification_Term_splitClauses_1":["191"],
"predicateGeneratorTime_Empty_splitClauses_0":["10800000"],
"relationSymbolNumberBeforeSimplification_Empty_splitClauses_1":["438"],
"averagePredicateSize_All_splitClauses_0":["10800000"],
"unlabeledBinaryVariableTemplatesNumber_Random_splitClauses_0":["1476"],
"smt2FileSizeByte_Term_splitClauses_0":["112638"],
"averagePredicateSize_Mined_splitClauses_1":["1"],
"minedBinaryVariableTemplatesNumber_Empty_splitClauses_0":["86"],
"minedTemplateRelationSymbolNumber_All_splitClauses_1":["40"],
"labeledSingleVariableTemplatesNumber_PredictedCG_splitClauses_0":["9"],
"unlabeledBinaryVariableTemplatesNumber_RelationalIneqs_splitClauses_0":["1476"],
"unlabeledSingleVariableTemplatesNumber_RelationalIneqs_splitClauses_1":["873"],
"clauseNumberAfterSimplification_RelationalIneqs_splitClauses_0":["138"],
"unlabeledTemplateNumber_RelationalEqs_splitClauses_0":["2349"],
"unlabeledTemplateNumber_RelationalIneqs_splitClauses_1":["2349"],
"labeledTemplateRelationSymbolNumber_PredictedCG_splitClauses_1":["35"],
"labeledTemplateRelationSymbolNumber_All_splitClauses_0":["35"],
"labeledSingleVariableTemplatesNumber_Octagon_splitClauses_0":["9"],
"dummyFiled":[]
}