{
"smt2FileSizeByte_All_splitClauses_1":["62847"],
"generatedPredicateNumber_All_splitClauses_1":["10800000"],
"unlabeledTemplateRelationSymbolNumber_PredictedCDHG_splitClauses_0":["22"],
"predicateGeneratorTime_Term_splitClauses_0":["10800000"],
"averagePredicateSize_Random_splitClauses_1":["10800000"],
"labeledBinaryVariableTemplatesNumber_Labeled_splitClauses_1":["6"],
"clauseNumberBeforeSimplification_All_splitClauses_1":["123"],
"minedTemplateRelationSymbolNumber_Term_splitClauses_0":["22"],
"solvingTime_Labeled_splitClauses_1":["10800000"],
"unlabeledTemplateNumber_Labeled_splitClauses_1":["1563"],
"relationSymbolNumber_Term_splitClauses_1":["101"],
"minedTemplateRelationSymbolNumber_Octagon_splitClauses_1":["22"],
"clauseNumberAfterSimplification_Mined_splitClauses_1":["65"],
"unlabeledBinaryVariableTemplatesNumber_Term_splitClauses_0":["996"],
"labeledTemplateNumber_PredictedCDHG_splitClauses_0":["6"],
"relationSymbolNumber_RelationalEqs_splitClauses_1":["101"],
"solvability_Empty_splitClauses_0":["10800000"],
"unlabeledTemplateRelationSymbolNumber_Random_splitClauses_1":["22"],
"labeledBinaryVariableTemplatesNumber_Octagon_splitClauses_0":["6"],
"minedTemplateRelationSymbolNumber_Random_splitClauses_1":["22"],
"unlabeledSingleVariableTemplatesNumber_Mined_splitClauses_0":["567"],
"unlabeledBinaryVariableTemplatesNumber_PredictedCG_splitClauses_1":["996"],
"solvability_All_splitClauses_0":["10800000"],
"predicateGeneratorTime_RelationalEqs_splitClauses_1":["10800000"],
"smt2FileSizeByte_PredictedCG_splitClauses_1":["62847"],
"labeledSingleVariableTemplatesNumber_Unlabeled_splitClauses_1":["0"],
"labeledBinaryVariableTemplatesNumber_PredictedCG_splitClauses_1":["6"],
"minedBinaryVariableTemplatesNumber_PredictedCG_splitClauses_0":["6"],
"solvability_Random_splitClauses_0":["10800000"],
"clauseNumberBeforeSimplification_PredictedCDHG_splitClauses_1":["123"],
"labeledSingleVariableTemplatesNumber_Mined_splitClauses_0":["0"],
"solvability_Unlabeled_splitClauses_1":["10800000"],
"cegarIterationNumber_Labeled_splitClauses_1":["10800000"],
"smt2FileSizeByte_Mined_splitClauses_0":["62847"],
"labeledSingleVariableTemplatesNumber_PredictedCG_splitClauses_1":["0"],
"smt2FileSizeByte_Octagon_splitClauses_1":["62847"],
"minedTemplateNumber_Labeled_splitClauses_1":["197"],
"labeledSingleVariableTemplatesNumber_RelationalIneqs_splitClauses_1":["0"],
"clauseNumberAfterSimplification_Labeled_splitClauses_1":["65"],
"smt2FileSizeByte_Random_splitClauses_0":["62847"],
"unlabeledTemplateRelationSymbolNumber_PredictedCDHG_splitClauses_1":["22"],
"labeledSingleVariableTemplatesNumber_Term_splitClauses_0":["0"],
"generatedPredicateNumber_PredictedCDHG_splitClauses_1":["10800000"],
"minedSingleVariableTemplatesNumber_Unlabeled_splitClauses_0":["191"],
"generatedPredicateNumber_Octagon_splitClauses_1":["10800000"],
"labeledSingleVariableTemplatesNumber_RelationalEqs_splitClauses_0":["0"],
"predicateGeneratorTime_PredictedCG_splitClauses_1":["10800000"],
"labeledTemplateNumber_Labeled_splitClauses_1":["6"],
"labeledSingleVariableTemplatesNumber_Empty_splitClauses_0":["0"],
"minedTemplateRelationSymbolNumber_RelationalIneqs_splitClauses_1":["22"],
"unlabeledSingleVariableTemplatesNumber_All_splitClauses_1":["567"],
"labeledBinaryVariableTemplatesNumber_PredictedCDHG_splitClauses_1":["6"],
"unlabeledSingleVariableTemplatesNumber_RelationalEqs_splitClauses_1":["567"],
"cegarIterationNumber_Term_splitClauses_0":["10800000"],
"unlabeledBinaryVariableTemplatesNumber_Labeled_splitClauses_1":["996"],
"unlabeledSingleVariableTemplatesNumber_Term_splitClauses_1":["567"],
"clauseNumberAfterSimplification_All_splitClauses_1":["65"],
"minedSingleVariableTemplatesNumber_Random_splitClauses_0":["191"],
"solvability_RelationalIneqs_splitClauses_1":["10800000"],
"minedTemplateNumber_Labeled_splitClauses_0":["197"],
"minedSingleVariableTemplatesNumber_Octagon_splitClauses_0":["191"],
"minedSingleVariableTemplatesNumber_Term_splitClauses_1":["191"],
"minedBinaryVariableTemplatesNumber_PredictedCDHG_splitClauses_1":["6"],
"generatedPredicateNumber_Mined_splitClauses_1":["9"],
"relationSymbolNumber_Octagon_splitClauses_1":["101"],
"relationSymbolNumber_Unlabeled_splitClauses_1":["101"],
"labeledSingleVariableTemplatesNumber_RelationalIneqs_splitClauses_0":["0"],
"averagePredicateSize_Mined_splitClauses_0":["10800000"],
"cegarIterationNumber_Unlabeled_splitClauses_0":["10800000"],
"minedBinaryVariableTemplatesNumber_Random_splitClauses_0":["6"],
"labeledTemplateNumber_Mined_splitClauses_1":["6"],
"labeledBinaryVariableTemplatesNumber_Random_splitClauses_0":["6"],
"unlabeledTemplateRelationSymbolNumber_Unlabeled_splitClauses_1":["22"],
"cegarIterationNumber_Mined_splitClauses_0":["10800000"],
"minedTemplateRelationSymbolNumber_Labeled_splitClauses_0":["22"],
"unlabeledBinaryVariableTemplatesNumber_RelationalIneqs_splitClauses_1":["996"],
"unlabeledBinaryVariableTemplatesNumber_Octagon_splitClauses_0":["996"],
"solvability_Mined_splitClauses_0":["10800000"],
"averagePredicateSize_RelationalEqs_splitClauses_0":["10800000"],
"clauseNumberAfterSimplification_Term_splitClauses_0":["65"],
"unlabeledTemplateNumber_Mined_splitClauses_0":["1563"],
"unlabeledTemplateNumber_PredictedCDHG_splitClauses_0":["1563"],
"cegarIterationNumber_RelationalIneqs_splitClauses_1":["10800000"],
"minedBinaryVariableTemplatesNumber_Unlabeled_splitClauses_1":["6"],
"labeledTemplateNumber_PredictedCG_splitClauses_1":["6"],
"labeledTemplateRelationSymbolNumber_Mined_splitClauses_0":["4"],
"labeledBinaryVariableTemplatesNumber_Mined_splitClauses_1":["6"],
"clauseNumberAfterSimplification_RelationalIneqs_splitClauses_1":["65"],
"minedSingleVariableTemplatesNumber_PredictedCDHG_splitClauses_0":["191"],
"solvability_Labeled_splitClauses_1":["10800000"],
"labeledSingleVariableTemplatesNumber_Octagon_splitClauses_1":["0"],
"averagePredicateSize_Random_splitClauses_0":["10800000"],
"smt2FileSizeByte_RelationalIneqs_splitClauses_0":["62847"],
"generatedPredicateNumber_Unlabeled_splitClauses_0":["10800000"],
"solvability_RelationalEqs_splitClauses_0":["10800000"],
"predicateGeneratorTime_Empty_splitClauses_1":["10800000"],
"minedSingleVariableTemplatesNumber_Mined_splitClauses_0":["191"],
"minedTemplateRelationSymbolNumber_PredictedCDHG_splitClauses_1":["22"],
"minedTemplateNumber_PredictedCG_splitClauses_0":["197"],
"averagePredicateSize_RelationalIneqs_splitClauses_1":["10800000"],
"labeledTemplateRelationSymbolNumber_Random_splitClauses_1":["4"],
"minedTemplateNumber_RelationalIneqs_splitClauses_0":["197"],
"predicateGeneratorTime_RelationalIneqs_splitClauses_0":["10800000"],
"labeledTemplateRelationSymbolNumber_Empty_splitClauses_0":["4"],
"minedBinaryVariableTemplatesNumber_Octagon_splitClauses_0":["6"],
"relationSymbolNumber_Labeled_splitClauses_0":["101"],
"labeledSingleVariableTemplatesNumber_Term_splitClauses_1":["0"],
"labeledBinaryVariableTemplatesNumber_Empty_splitClauses_0":["6"],
"minedTemplateNumber_Octagon_splitClauses_0":["197"],
"labeledBinaryVariableTemplatesNumber_Unlabeled_splitClauses_0":["6"],
"clauseNumberAfterSimplification_PredictedCDHG_splitClauses_0":["65"],
"smt2FileSizeByte_PredictedCG_splitClauses_0":["62847"],
"minedBinaryVariableTemplatesNumber_RelationalEqs_splitClauses_0":["6"],
"labeledTemplateRelationSymbolNumber_RelationalEqs_splitClauses_1":["4"],
"minedBinaryVariableTemplatesNumber_Random_splitClauses_1":["6"],
"clauseNumberAfterSimplification_Unlabeled_splitClauses_1":["65"],
"minedSingleVariableTemplatesNumber_PredictedCDHG_splitClauses_1":["191"],
"labeledBinaryVariableTemplatesNumber_Term_splitClauses_1":["6"],
"clauseNumberBeforeSimplification_Empty_splitClauses_1":["123"],
"minedBinaryVariableTemplatesNumber_Mined_splitClauses_1":["6"],
"unlabeledBinaryVariableTemplatesNumber_Unlabeled_splitClauses_1":["996"],
"unlabeledTemplateNumber_PredictedCG_splitClauses_1":["1563"],
"generatedPredicateNumber_Empty_splitClauses_0":["10800000"],
"predicateGeneratorTime_RelationalIneqs_splitClauses_1":["10800000"],
"unlabeledSingleVariableTemplatesNumber_Empty_splitClauses_0":["567"],
"cegarIterationNumber_Octagon_splitClauses_0":["10800000"],
"clauseNumberAfterSimplification_Octagon_splitClauses_1":["65"],
"unlabeledSingleVariableTemplatesNumber_Labeled_splitClauses_1":["567"],
"clauseNumberBeforeSimplification_Random_splitClauses_1":["123"],
"minedTemplateRelationSymbolNumber_All_splitClauses_0":["22"],
"unlabeledTemplateRelationSymbolNumber_RelationalEqs_splitClauses_0":["22"],
"minedSingleVariableTemplatesNumber_Unlabeled_splitClauses_1":["191"],
"clauseNumberBeforeSimplification_RelationalEqs_splitClauses_0":["123"],
"minedTemplateNumber_Unlabeled_splitClauses_0":["197"],
"generatedPredicateNumber_Octagon_splitClauses_0":["10800000"],
"predicateGeneratorTime_PredictedCDHG_splitClauses_0":["10800000"],
"clauseNumberAfterSimplification_PredictedCG_splitClauses_1":["65"],
"labeledSingleVariableTemplatesNumber_RelationalEqs_splitClauses_1":["0"],
"smt2FileSizeByte_Random_splitClauses_1":["62847"],
"averagePredicateSize_PredictedCG_splitClauses_1":["10800000"],
"cegarIterationNumber_PredictedCDHG_splitClauses_1":["10800000"],
"clauseNumberAfterSimplification_RelationalEqs_splitClauses_1":["65"],
"minedBinaryVariableTemplatesNumber_Empty_splitClauses_1":["6"],
"minedTemplateNumber_PredictedCDHG_splitClauses_0":["197"],
"labeledBinaryVariableTemplatesNumber_All_splitClauses_1":["6"],
"solvingTime_RelationalIneqs_splitClauses_1":["10800000"],
"unlabeledTemplateRelationSymbolNumber_RelationalEqs_splitClauses_1":["22"],
"smt2FileSizeByte_Unlabeled_splitClauses_0":["62847"],
"generatedPredicateNumber_All_splitClauses_0":["10800000"],
"predicateGeneratorTime_Octagon_splitClauses_1":["10800000"],
"solvability_Mined_splitClauses_1":["1"],
"minedTemplateRelationSymbolNumber_Term_splitClauses_1":["22"],
"clauseNumberAfterSimplification_Mined_splitClauses_0":["65"],
"solvability_PredictedCDHG_splitClauses_0":["10800000"],
"solvingTime_Empty_splitClauses_0":["10800000"],
"unlabeledSingleVariableTemplatesNumber_Unlabeled_splitClauses_1":["567"],
"minedTemplateNumber_Term_splitClauses_1":["197"],
"averagePredicateSize_Octagon_splitClauses_1":["10800000"],
"relationSymbolNumber_Empty_splitClauses_1":["101"],
"unlabeledSingleVariableTemplatesNumber_Octagon_splitClauses_1":["567"],
"minedTemplateRelationSymbolNumber_RelationalEqs_splitClauses_1":["22"],
"minedBinaryVariableTemplatesNumber_RelationalIneqs_splitClauses_0":["6"],
"predicateGeneratorTime_Term_splitClauses_1":["10800000"],
"solvingTime_Labeled_splitClauses_0":["10800000"],
"unlabeledBinaryVariableTemplatesNumber_PredictedCG_splitClauses_0":["996"],
"minedTemplateNumber_All_splitClauses_0":["197"],
"predicateGeneratorTime_Labeled_splitClauses_1":["10800000"],
"unlabeledTemplateRelationSymbolNumber_Empty_splitClauses_0":["22"],
"unlabeledTemplateNumber_Mined_splitClauses_1":["1563"],
"solvability_PredictedCG_splitClauses_1":["10800000"],
"unlabeledTemplateNumber_Term_splitClauses_0":["1563"],
"minedBinaryVariableTemplatesNumber_PredictedCG_splitClauses_1":["6"],
"labeledSingleVariableTemplatesNumber_PredictedCDHG_splitClauses_0":["0"],
"minedBinaryVariableTemplatesNumber_All_splitClauses_0":["6"],
"averagePredicateSize_PredictedCDHG_splitClauses_1":["10800000"],
"predicateGeneratorTime_PredictedCG_splitClauses_0":["10800000"],
"generatedPredicateNumber_RelationalIneqs_splitClauses_0":["10800000"],
"labeledTemplateNumber_Empty_splitClauses_0":["6"],
"unlabeledTemplateRelationSymbolNumber_Term_splitClauses_0":["22"],
"minedTemplateNumber_All_splitClauses_1":["197"],
"labeledSingleVariableTemplatesNumber_Empty_splitClauses_1":["0"],
"minedBinaryVariableTemplatesNumber_Unlabeled_splitClauses_0":["6"],
"labeledTemplateNumber_Random_splitClauses_0":["6"],
"minedBinaryVariableTemplatesNumber_All_splitClauses_1":["6"],
"unlabeledSingleVariableTemplatesNumber_All_splitClauses_0":["567"],
"smt2FileSizeByte_PredictedCDHG_splitClauses_1":["62847"],
"labeledBinaryVariableTemplatesNumber_PredictedCDHG_splitClauses_0":["6"],
"averagePredicateSize_RelationalEqs_splitClauses_1":["10800000"],
"minedSingleVariableTemplatesNumber_Term_splitClauses_0":["191"],
"labeledTemplateRelationSymbolNumber_Term_splitClauses_1":["4"],
"generatedPredicateNumber_Random_splitClauses_0":["10800000"],
"labeledBinaryVariableTemplatesNumber_Empty_splitClauses_1":["6"],
"clauseNumberAfterSimplification_Labeled_splitClauses_0":["65"],
"labeledSingleVariableTemplatesNumber_Labeled_splitClauses_0":["0"],
"minedTemplateNumber_Mined_splitClauses_1":["197"],
"labeledTemplateRelationSymbolNumber_Labeled_splitClauses_0":["4"],
"unlabeledTemplateRelationSymbolNumber_Mined_splitClauses_1":["22"],
"solvability_Labeled_splitClauses_0":["10800000"],
"minedTemplateNumber_RelationalEqs_splitClauses_1":["197"],
"solvingTime_Random_splitClauses_1":["10800000"],
"minedTemplateNumber_Random_splitClauses_0":["197"],
"cegarIterationNumber_Unlabeled_splitClauses_1":["10800000"],
"minedTemplateNumber_RelationalIneqs_splitClauses_1":["197"],
"unlabeledBinaryVariableTemplatesNumber_Octagon_splitClauses_1":["996"],
"minedSingleVariableTemplatesNumber_Octagon_splitClauses_1":["191"],
"minedSingleVariableTemplatesNumber_Random_splitClauses_1":["191"],
"averagePredicateSize_All_splitClauses_1":["10800000"],
"minedTemplateNumber_Empty_splitClauses_0":["197"],
"labeledTemplateNumber_Mined_splitClauses_0":["6"],
"unlabeledBinaryVariableTemplatesNumber_All_splitClauses_0":["996"],
"labeledSingleVariableTemplatesNumber_PredictedCDHG_splitClauses_1":["0"],
"minedSingleVariableTemplatesNumber_Mined_splitClauses_1":["191"],
"labeledTemplateRelationSymbolNumber_Term_splitClauses_0":["4"],
"unlabeledTemplateRelationSymbolNumber_Term_splitClauses_1":["22"],
"predicateGeneratorTime_All_splitClauses_1":["10800000"],
"unlabeledSingleVariableTemplatesNumber_Random_splitClauses_0":["567"],
"predicateGeneratorTime_Unlabeled_splitClauses_1":["10800000"],
"cegarIterationNumber_PredictedCDHG_splitClauses_0":["10800000"],
"labeledTemplateNumber_RelationalEqs_splitClauses_0":["6"],
"labeledTemplateRelationSymbolNumber_Mined_splitClauses_1":["4"],
"labeledTemplateRelationSymbolNumber_Random_splitClauses_0":["4"],
"labeledBinaryVariableTemplatesNumber_RelationalEqs_splitClauses_1":["6"],
"generatedPredicateNumber_RelationalIneqs_splitClauses_1":["10800000"],
"unlabeledTemplateRelationSymbolNumber_PredictedCG_splitClauses_1":["22"],
"unlabeledSingleVariableTemplatesNumber_RelationalEqs_splitClauses_0":["567"],
"labeledBinaryVariableTemplatesNumber_Labeled_splitClauses_0":["6"],
"minedBinaryVariableTemplatesNumber_PredictedCDHG_splitClauses_0":["6"],
"unlabeledTemplateRelationSymbolNumber_Unlabeled_splitClauses_0":["22"],
"clauseNumberAfterSimplification_Term_splitClauses_1":["65"],
"relationSymbolNumber_RelationalIneqs_splitClauses_0":["101"],
"unlabeledTemplateNumber_Octagon_splitClauses_0":["1563"],
"unlabeledBinaryVariableTemplatesNumber_RelationalEqs_splitClauses_1":["996"],
"unlabeledTemplateNumber_PredictedCG_splitClauses_0":["1563"],
"unlabeledTemplateNumber_All_splitClauses_0":["1563"],
"labeledTemplateRelationSymbolNumber_RelationalIneqs_splitClauses_1":["4"],
"unlabeledSingleVariableTemplatesNumber_Mined_splitClauses_1":["567"],
"labeledTemplateRelationSymbolNumber_Unlabeled_splitClauses_1":["4"],
"labeledBinaryVariableTemplatesNumber_Random_splitClauses_1":["6"],
"relationSymbolNumber_RelationalEqs_splitClauses_0":["101"],
"solvability_Random_splitClauses_1":["10800000"],
"solvingTime_Term_splitClauses_0":["10800000"],
"minedSingleVariableTemplatesNumber_Labeled_splitClauses_1":["191"],
"relationSymbolNumber_Random_splitClauses_0":["101"],
"clauseNumberBeforeSimplification_Term_splitClauses_0":["123"],
"minedTemplateRelationSymbolNumber_Mined_splitClauses_0":["22"],
"solvability_Octagon_splitClauses_1":["10800000"],
"relationSymbolNumber_Labeled_splitClauses_1":["101"],
"minedSingleVariableTemplatesNumber_RelationalIneqs_splitClauses_1":["191"],
"smt2FileSizeByte_Labeled_splitClauses_0":["62847"],
"solvability_RelationalEqs_splitClauses_1":["10800000"],
"unlabeledSingleVariableTemplatesNumber_Empty_splitClauses_1":["567"],
"labeledTemplateNumber_PredictedCDHG_splitClauses_1":["6"],
"minedTemplateRelationSymbolNumber_Octagon_splitClauses_0":["22"],
"clauseNumberAfterSimplification_Unlabeled_splitClauses_0":["65"],
"clauseNumberBeforeSimplification_Unlabeled_splitClauses_0":["123"],
"clauseNumberBeforeSimplification_PredictedCDHG_splitClauses_0":["123"],
"cegarIterationNumber_RelationalIneqs_splitClauses_0":["10800000"],
"relationSymbolNumber_All_splitClauses_0":["101"],
"labeledTemplateRelationSymbolNumber_RelationalEqs_splitClauses_0":["4"],
"averagePredicateSize_Labeled_splitClauses_0":["10800000"],
"smt2FileSizeByte_RelationalIneqs_splitClauses_1":["62847"],
"clauseNumberBeforeSimplification_RelationalEqs_splitClauses_1":["123"],
"unlabeledTemplateRelationSymbolNumber_RelationalIneqs_splitClauses_1":["22"],
"clauseNumberBeforeSimplification_PredictedCG_splitClauses_0":["123"],
"solvingTime_PredictedCDHG_splitClauses_0":["10800000"],
"labeledTemplateRelationSymbolNumber_Octagon_splitClauses_1":["4"],
"minedTemplateRelationSymbolNumber_PredictedCG_splitClauses_1":["22"],
"labeledTemplateNumber_Random_splitClauses_1":["6"],
"solvingTime_RelationalIneqs_splitClauses_0":["10800000"],
"labeledTemplateNumber_All_splitClauses_1":["6"],
"unlabeledTemplateNumber_Random_splitClauses_1":["1563"],
"relationSymbolNumber_PredictedCDHG_splitClauses_1":["101"],
"smt2FileSizeByte_Unlabeled_splitClauses_1":["62847"],
"cegarIterationNumber_PredictedCG_splitClauses_0":["10800000"],
"predicateGeneratorTime_Octagon_splitClauses_0":["10800000"],
"unlabeledTemplateNumber_RelationalEqs_splitClauses_1":["1563"],
"clauseNumberAfterSimplification_Octagon_splitClauses_0":["65"],
"cegarIterationNumber_Random_splitClauses_0":["10800000"],
"solvability_PredictedCDHG_splitClauses_1":["10800000"],
"solvability_PredictedCG_splitClauses_0":["10800000"],
"solvingTime_PredictedCG_splitClauses_1":["10800000"],
"unlabeledSingleVariableTemplatesNumber_Unlabeled_splitClauses_0":["567"],
"unlabeledTemplateNumber_Unlabeled_splitClauses_0":["1563"],
"labeledTemplateRelationSymbolNumber_RelationalIneqs_splitClauses_0":["4"],
"minedTemplateNumber_Random_splitClauses_1":["197"],
"relationSymbolNumber_PredictedCG_splitClauses_0":["101"],
"generatedPredicateNumber_RelationalEqs_splitClauses_0":["10800000"],
"minedTemplateNumber_Term_splitClauses_0":["197"],
"solvingTime_All_splitClauses_1":["10800000"],
"minedSingleVariableTemplatesNumber_PredictedCG_splitClauses_0":["191"],
"smt2FileSizeByte_Term_splitClauses_1":["62847"],
"labeledBinaryVariableTemplatesNumber_All_splitClauses_0":["6"],
"minedTemplateNumber_PredictedCDHG_splitClauses_1":["197"],
"minedTemplateRelationSymbolNumber_PredictedCDHG_splitClauses_0":["22"],
"averagePredicateSize_Unlabeled_splitClauses_0":["10800000"],
"minedBinaryVariableTemplatesNumber_Octagon_splitClauses_1":["6"],
"unlabeledSingleVariableTemplatesNumber_Random_splitClauses_1":["567"],
"clauseNumberBeforeSimplification_Random_splitClauses_0":["123"],
"solvingTime_Unlabeled_splitClauses_1":["10800000"],
"predicateGeneratorTime_PredictedCDHG_splitClauses_1":["10800000"],
"averagePredicateSize_PredictedCDHG_splitClauses_0":["10800000"],
"minedBinaryVariableTemplatesNumber_Term_splitClauses_0":["6"],
"labeledTemplateNumber_RelationalIneqs_splitClauses_0":["6"],
"clauseNumberAfterSimplification_Random_splitClauses_0":["65"],
"clauseNumberAfterSimplification_PredictedCG_splitClauses_0":["65"],
"generatedPredicateNumber_Empty_splitClauses_1":["10800000"],
"clauseNumberBeforeSimplification_Octagon_splitClauses_0":["123"],
"unlabeledTemplateNumber_Empty_splitClauses_0":["1563"],
"minedSingleVariableTemplatesNumber_All_splitClauses_0":["191"],
"labeledTemplateRelationSymbolNumber_Octagon_splitClauses_0":["4"],
"generatedPredicateNumber_Random_splitClauses_1":["10800000"],
"clauseNumberAfterSimplification_RelationalEqs_splitClauses_0":["65"],
"labeledBinaryVariableTemplatesNumber_Term_splitClauses_0":["6"],
"minedSingleVariableTemplatesNumber_RelationalEqs_splitClauses_0":["191"],
"minedTemplateNumber_Mined_splitClauses_0":["197"],
"averagePredicateSize_Octagon_splitClauses_0":["10800000"],
"unlabeledBinaryVariableTemplatesNumber_Empty_splitClauses_1":["996"],
"relationSymbolNumber_Unlabeled_splitClauses_0":["101"],
"unlabeledSingleVariableTemplatesNumber_PredictedCDHG_splitClauses_0":["567"],
"unlabeledSingleVariableTemplatesNumber_PredictedCG_splitClauses_1":["567"],
"labeledTemplateRelationSymbolNumber_Labeled_splitClauses_1":["4"],
"minedTemplateRelationSymbolNumber_Random_splitClauses_0":["22"],
"unlabeledTemplateRelationSymbolNumber_PredictedCG_splitClauses_0":["22"],
"unlabeledTemplateNumber_RelationalIneqs_splitClauses_0":["1563"],
"unlabeledSingleVariableTemplatesNumber_Labeled_splitClauses_0":["567"],
"minedTemplateNumber_Unlabeled_splitClauses_1":["197"],
"generatedPredicateNumber_PredictedCG_splitClauses_0":["10800000"],
"labeledTemplateNumber_Unlabeled_splitClauses_1":["6"],
"unlabeledTemplateRelationSymbolNumber_Empty_splitClauses_1":["22"],
"clauseNumberBeforeSimplification_Empty_splitClauses_0":["123"],
"solvingTime_Octagon_splitClauses_1":["10800000"],
"cegarIterationNumber_Mined_splitClauses_1":["7"],
"clauseNumberBeforeSimplification_Mined_splitClauses_1":["123"],
"smt2FileSizeByte_PredictedCDHG_splitClauses_0":["62847"],
"averagePredicateSize_PredictedCG_splitClauses_0":["10800000"],
"solvingTime_Random_splitClauses_0":["10800000"],
"minedTemplateNumber_RelationalEqs_splitClauses_0":["197"],
"unlabeledSingleVariableTemplatesNumber_RelationalIneqs_splitClauses_0":["567"],
"unlabeledTemplateNumber_Unlabeled_splitClauses_1":["1563"],
"labeledBinaryVariableTemplatesNumber_RelationalEqs_splitClauses_0":["6"],
"generatedPredicateNumber_PredictedCDHG_splitClauses_0":["10800000"],
"minedTemplateRelationSymbolNumber_Empty_splitClauses_1":["22"],
"predicateGeneratorTime_Random_splitClauses_1":["10800000"],
"labeledTemplateNumber_Term_splitClauses_1":["6"],
"minedSingleVariableTemplatesNumber_Empty_splitClauses_1":["191"],
"minedSingleVariableTemplatesNumber_RelationalIneqs_splitClauses_0":["191"],
"clauseNumberAfterSimplification_All_splitClauses_0":["65"],
"unlabeledBinaryVariableTemplatesNumber_RelationalEqs_splitClauses_0":["996"],
"cegarIterationNumber_RelationalEqs_splitClauses_0":["10800000"],
"labeledTemplateRelationSymbolNumber_PredictedCDHG_splitClauses_0":["4"],
"labeledSingleVariableTemplatesNumber_Labeled_splitClauses_1":["0"],
"unlabeledBinaryVariableTemplatesNumber_All_splitClauses_1":["996"],
"minedTemplateRelationSymbolNumber_Unlabeled_splitClauses_1":["22"],
"solvingTime_RelationalEqs_splitClauses_0":["10800000"],
"solvingTime_RelationalEqs_splitClauses_1":["10800000"],
"minedBinaryVariableTemplatesNumber_Mined_splitClauses_0":["6"],
"clauseNumberBeforeSimplification_All_splitClauses_0":["123"],
"clauseNumberBeforeSimplification_RelationalIneqs_splitClauses_1":["123"],
"labeledTemplateNumber_RelationalEqs_splitClauses_1":["6"],
"labeledBinaryVariableTemplatesNumber_RelationalIneqs_splitClauses_0":["6"],
"clauseNumberAfterSimplification_Empty_splitClauses_0":["65"],
"averagePredicateSize_Empty_splitClauses_0":["10800000"],
"relationSymbolNumber_PredictedCG_splitClauses_1":["101"],
"unlabeledTemplateNumber_Term_splitClauses_1":["1563"],
"predicateGeneratorTime_Mined_splitClauses_1":["255"],
"relationSymbolNumber_Mined_splitClauses_0":["101"],
"labeledBinaryVariableTemplatesNumber_RelationalIneqs_splitClauses_1":["6"],
"predicateGeneratorTime_Unlabeled_splitClauses_0":["10800000"],
"generatedPredicateNumber_Mined_splitClauses_0":["10800000"],
"generatedPredicateNumber_RelationalEqs_splitClauses_1":["10800000"],
"labeledTemplateRelationSymbolNumber_PredictedCG_splitClauses_0":["4"],
"minedSingleVariableTemplatesNumber_PredictedCG_splitClauses_1":["191"],
"minedTemplateRelationSymbolNumber_PredictedCG_splitClauses_0":["22"],
"unlabeledTemplateRelationSymbolNumber_Labeled_splitClauses_0":["22"],
"solvability_Empty_splitClauses_1":["10800000"],
"averagePredicateSize_Term_splitClauses_0":["10800000"],
"cegarIterationNumber_Random_splitClauses_1":["10800000"],
"relationSymbolNumber_All_splitClauses_1":["101"],
"averagePredicateSize_Labeled_splitClauses_1":["10800000"],
"unlabeledBinaryVariableTemplatesNumber_Unlabeled_splitClauses_0":["996"],
"generatedPredicateNumber_Unlabeled_splitClauses_1":["10800000"],
"predicateGeneratorTime_All_splitClauses_0":["10800000"],
"unlabeledBinaryVariableTemplatesNumber_PredictedCDHG_splitClauses_1":["996"],
"clauseNumberBeforeSimplification_Labeled_splitClauses_1":["123"],
"minedBinaryVariableTemplatesNumber_Labeled_splitClauses_1":["6"],
"labeledSingleVariableTemplatesNumber_All_splitClauses_0":["0"],
"unlabeledTemplateRelationSymbolNumber_Mined_splitClauses_0":["22"],
"cegarIterationNumber_Octagon_splitClauses_1":["10800000"],
"labeledTemplateNumber_Octagon_splitClauses_0":["6"],
"labeledTemplateRelationSymbolNumber_All_splitClauses_1":["4"],
"smt2FileSizeByte_Empty_splitClauses_0":["62847"],
"relationSymbolNumber_RelationalIneqs_splitClauses_1":["101"],
"unlabeledTemplateNumber_Octagon_splitClauses_1":["1563"],
"predicateGeneratorTime_RelationalEqs_splitClauses_0":["10800000"],
"unlabeledTemplateRelationSymbolNumber_RelationalIneqs_splitClauses_0":["22"],
"smt2FileSizeByte_RelationalEqs_splitClauses_1":["62847"],
"unlabeledTemplateNumber_Labeled_splitClauses_0":["1563"],
"relationSymbolNumber_Random_splitClauses_1":["101"],
"minedSingleVariableTemplatesNumber_Labeled_splitClauses_0":["191"],
"solvingTime_PredictedCDHG_splitClauses_1":["10800000"],
"minedTemplateNumber_Octagon_splitClauses_1":["197"],
"clauseNumberBeforeSimplification_Mined_splitClauses_0":["123"],
"smt2FileSizeByte_All_splitClauses_0":["62847"],
"solvingTime_All_splitClauses_0":["10800000"],
"minedBinaryVariableTemplatesNumber_Term_splitClauses_1":["6"],
"unlabeledTemplateRelationSymbolNumber_Random_splitClauses_0":["22"],
"cegarIterationNumber_All_splitClauses_0":["10800000"],
"smt2FileSizeByte_RelationalEqs_splitClauses_0":["62847"],
"unlabeledSingleVariableTemplatesNumber_PredictedCDHG_splitClauses_1":["567"],
"clauseNumberBeforeSimplification_Labeled_splitClauses_0":["123"],
"cegarIterationNumber_PredictedCG_splitClauses_1":["10800000"],
"labeledTemplateRelationSymbolNumber_Unlabeled_splitClauses_0":["4"],
"unlabeledTemplateRelationSymbolNumber_Octagon_splitClauses_1":["22"],
"unlabeledTemplateNumber_Empty_splitClauses_1":["1563"],
"clauseNumberBeforeSimplification_Octagon_splitClauses_1":["123"],
"labeledTemplateNumber_Unlabeled_splitClauses_0":["6"],
"labeledBinaryVariableTemplatesNumber_PredictedCG_splitClauses_0":["6"],
"solvability_Term_splitClauses_1":["10800000"],
"solvability_Octagon_splitClauses_0":["10800000"],
"minedTemplateRelationSymbolNumber_RelationalIneqs_splitClauses_0":["22"],
"clauseNumberBeforeSimplification_RelationalIneqs_splitClauses_0":["123"],
"labeledTemplateNumber_PredictedCG_splitClauses_0":["6"],
"cegarIterationNumber_Labeled_splitClauses_0":["10800000"],
"smt2FileSizeByte_Labeled_splitClauses_1":["62847"],
"clauseNumberBeforeSimplification_Unlabeled_splitClauses_1":["123"],
"generatedPredicateNumber_Term_splitClauses_1":["10800000"],
"solvingTime_Term_splitClauses_1":["10800000"],
"unlabeledBinaryVariableTemplatesNumber_Random_splitClauses_1":["996"],
"unlabeledSingleVariableTemplatesNumber_Octagon_splitClauses_0":["567"],
"solvingTime_Octagon_splitClauses_0":["10800000"],
"labeledSingleVariableTemplatesNumber_Mined_splitClauses_1":["0"],
"averagePredicateSize_Term_splitClauses_1":["10800000"],
"labeledTemplateNumber_Labeled_splitClauses_0":["6"],
"unlabeledSingleVariableTemplatesNumber_PredictedCG_splitClauses_0":["567"],
"smt2FileSizeByte_Mined_splitClauses_1":["62847"],
"labeledBinaryVariableTemplatesNumber_Unlabeled_splitClauses_1":["6"],
"labeledTemplateNumber_All_splitClauses_0":["6"],
"unlabeledTemplateNumber_Random_splitClauses_0":["1563"],
"labeledTemplateNumber_Octagon_splitClauses_1":["6"],
"unlabeledTemplateNumber_PredictedCDHG_splitClauses_1":["1563"],
"unlabeledBinaryVariableTemplatesNumber_Mined_splitClauses_0":["996"],
"minedTemplateRelationSymbolNumber_Mined_splitClauses_1":["22"],
"labeledTemplateNumber_RelationalIneqs_splitClauses_1":["6"],
"solvability_Term_splitClauses_0":["10800000"],
"relationSymbolNumber_Octagon_splitClauses_0":["101"],
"clauseNumberBeforeSimplification_PredictedCG_splitClauses_1":["123"],
"generatedPredicateNumber_Labeled_splitClauses_1":["10800000"],
"labeledSingleVariableTemplatesNumber_Unlabeled_splitClauses_0":["0"],
"unlabeledBinaryVariableTemplatesNumber_Empty_splitClauses_0":["996"],
"solvingTime_Mined_splitClauses_0":["10800000"],
"unlabeledTemplateNumber_All_splitClauses_1":["1563"],
"clauseNumberAfterSimplification_Random_splitClauses_1":["65"],
"labeledBinaryVariableTemplatesNumber_Octagon_splitClauses_1":["6"],
"unlabeledBinaryVariableTemplatesNumber_Labeled_splitClauses_0":["996"],
"smt2FileSizeByte_Octagon_splitClauses_0":["62847"],
"labeledSingleVariableTemplatesNumber_Random_splitClauses_1":["0"],
"solvability_Unlabeled_splitClauses_0":["10800000"],
"solvingTime_Unlabeled_splitClauses_0":["10800000"],
"unlabeledTemplateRelationSymbolNumber_All_splitClauses_1":["22"],
"minedTemplateNumber_Empty_splitClauses_1":["197"],
"solvability_RelationalIneqs_splitClauses_0":["10800000"],
"unlabeledTemplateRelationSymbolNumber_Labeled_splitClauses_1":["22"],
"cegarIterationNumber_RelationalEqs_splitClauses_1":["10800000"],
"minedSingleVariableTemplatesNumber_RelationalEqs_splitClauses_1":["191"],
"clauseNumberAfterSimplification_PredictedCDHG_splitClauses_1":["65"],
"minedBinaryVariableTemplatesNumber_RelationalIneqs_splitClauses_1":["6"],
"unlabeledBinaryVariableTemplatesNumber_Mined_splitClauses_1":["996"],
"unlabeledBinaryVariableTemplatesNumber_PredictedCDHG_splitClauses_0":["996"],
"solvingTime_Empty_splitClauses_1":["10800000"],
"labeledTemplateRelationSymbolNumber_Empty_splitClauses_1":["4"],
"generatedPredicateNumber_Term_splitClauses_0":["10800000"],
"averagePredicateSize_Empty_splitClauses_1":["10800000"],
"generatedPredicateNumber_PredictedCG_splitClauses_1":["10800000"],
"labeledTemplateRelationSymbolNumber_PredictedCDHG_splitClauses_1":["4"],
"relationSymbolNumber_Mined_splitClauses_1":["101"],
"predicateGeneratorTime_Mined_splitClauses_0":["10800000"],
"predicateGeneratorTime_Labeled_splitClauses_0":["10800000"],
"labeledSingleVariableTemplatesNumber_Random_splitClauses_0":["0"],
"unlabeledTemplateRelationSymbolNumber_All_splitClauses_0":["22"],
"minedBinaryVariableTemplatesNumber_Labeled_splitClauses_0":["6"],
"generatedPredicateNumber_Labeled_splitClauses_0":["10800000"],
"relationSymbolNumber_Empty_splitClauses_0":["101"],
"solvingTime_Mined_splitClauses_1":["380"],
"minedSingleVariableTemplatesNumber_All_splitClauses_1":["191"],
"predicateGeneratorTime_Random_splitClauses_0":["10800000"],
"cegarIterationNumber_Term_splitClauses_1":["10800000"],
"labeledTemplateNumber_Empty_splitClauses_1":["6"],
"clauseNumberAfterSimplification_Empty_splitClauses_1":["65"],
"minedTemplateRelationSymbolNumber_Empty_splitClauses_0":["22"],
"unlabeledSingleVariableTemplatesNumber_Term_splitClauses_0":["567"],
"minedSingleVariableTemplatesNumber_Empty_splitClauses_0":["191"],
"minedTemplateRelationSymbolNumber_RelationalEqs_splitClauses_0":["22"],
"cegarIterationNumber_Empty_splitClauses_0":["10800000"],
"minedBinaryVariableTemplatesNumber_RelationalEqs_splitClauses_1":["6"],
"labeledSingleVariableTemplatesNumber_All_splitClauses_1":["0"],
"unlabeledTemplateRelationSymbolNumber_Octagon_splitClauses_0":["22"],
"minedTemplateRelationSymbolNumber_Unlabeled_splitClauses_0":["22"],
"labeledBinaryVariableTemplatesNumber_Mined_splitClauses_0":["6"],
"minedTemplateNumber_PredictedCG_splitClauses_1":["197"],
"cegarIterationNumber_Empty_splitClauses_1":["10800000"],
"averagePredicateSize_RelationalIneqs_splitClauses_0":["10800000"],
"solvability_All_splitClauses_1":["10800000"],
"unlabeledBinaryVariableTemplatesNumber_Term_splitClauses_1":["996"],
"relationSymbolNumber_PredictedCDHG_splitClauses_0":["101"],
"minedTemplateRelationSymbolNumber_Labeled_splitClauses_1":["22"],
"averagePredicateSize_Unlabeled_splitClauses_1":["10800000"],
"labeledTemplateNumber_Term_splitClauses_0":["6"],
"smt2FileSizeByte_Empty_splitClauses_1":["62847"],
"solvingTime_PredictedCG_splitClauses_0":["10800000"],
"relationSymbolNumber_Term_splitClauses_0":["101"],
"cegarIterationNumber_All_splitClauses_1":["10800000"],
"clauseNumberBeforeSimplification_Term_splitClauses_1":["123"],
"predicateGeneratorTime_Empty_splitClauses_0":["10800000"],
"averagePredicateSize_All_splitClauses_0":["10800000"],
"unlabeledBinaryVariableTemplatesNumber_Random_splitClauses_0":["996"],
"smt2FileSizeByte_Term_splitClauses_0":["62847"],
"averagePredicateSize_Mined_splitClauses_1":["1"],
"minedBinaryVariableTemplatesNumber_Empty_splitClauses_0":["6"],
"minedTemplateRelationSymbolNumber_All_splitClauses_1":["22"],
"labeledSingleVariableTemplatesNumber_PredictedCG_splitClauses_0":["0"],
"unlabeledBinaryVariableTemplatesNumber_RelationalIneqs_splitClauses_0":["996"],
"unlabeledSingleVariableTemplatesNumber_RelationalIneqs_splitClauses_1":["567"],
"clauseNumberAfterSimplification_RelationalIneqs_splitClauses_0":["65"],
"unlabeledTemplateNumber_RelationalEqs_splitClauses_0":["1563"],
"unlabeledTemplateNumber_RelationalIneqs_splitClauses_1":["1563"],
"labeledTemplateRelationSymbolNumber_PredictedCG_splitClauses_1":["4"],
"labeledTemplateRelationSymbolNumber_All_splitClauses_0":["4"],
"labeledSingleVariableTemplatesNumber_Octagon_splitClauses_0":["0"],
"dummyFiled":[]
}