{
"smt2FileSizeByte_All_splitClauses_1":["52600"],
"generatedPredicateNumber_All_splitClauses_1":["10800000"],
"unlabeledTemplateRelationSymbolNumber_PredictedCDHG_splitClauses_0":["25"],
"relationSymbolNumberBeforeSimplification_Unlabeled_splitClauses_1":["180"],
"predicateGeneratorTime_Term_splitClauses_0":["10800000"],
"averagePredicateSize_Random_splitClauses_1":["1"],
"labeledBinaryVariableTemplatesNumber_Labeled_splitClauses_1":["40"],
"clauseNumberBeforeSimplification_All_splitClauses_1":["90"],
"minedTemplateRelationSymbolNumber_Term_splitClauses_0":["25"],
"solvingTime_Labeled_splitClauses_1":["1614"],
"unlabeledTemplateNumber_Labeled_splitClauses_1":["1426"],
"relationSymbolNumberAfterSimplification_All_splitClauses_1":["167"],
"minedTemplateRelationSymbolNumber_Octagon_splitClauses_1":["25"],
"clauseNumberAfterSimplification_Mined_splitClauses_1":["80"],
"relationSymbolNumberBeforeSimplification_Octagon_splitClauses_0":["180"],
"unlabeledBinaryVariableTemplatesNumber_Term_splitClauses_0":["888"],
"labeledTemplateNumber_PredictedCDHG_splitClauses_0":["49"],
"solvability_Empty_splitClauses_0":["10800000"],
"unlabeledTemplateRelationSymbolNumber_Random_splitClauses_1":["25"],
"labeledBinaryVariableTemplatesNumber_Octagon_splitClauses_0":["40"],
"relationSymbolNumberBeforeSimplification_Random_splitClauses_1":["180"],
"minedTemplateRelationSymbolNumber_Random_splitClauses_1":["25"],
"unlabeledSingleVariableTemplatesNumber_Mined_splitClauses_0":["538"],
"unlabeledBinaryVariableTemplatesNumber_PredictedCG_splitClauses_1":["888"],
"solvability_All_splitClauses_0":["10800000"],
"predicateGeneratorTime_RelationalEqs_splitClauses_1":["1326"],
"relationSymbolNumberBeforeSimplification_PredictedCDHG_splitClauses_1":["180"],
"smt2FileSizeByte_PredictedCG_splitClauses_1":["52600"],
"labeledSingleVariableTemplatesNumber_Unlabeled_splitClauses_1":["9"],
"labeledBinaryVariableTemplatesNumber_PredictedCG_splitClauses_1":["40"],
"minedBinaryVariableTemplatesNumber_PredictedCG_splitClauses_0":["40"],
"solvability_Random_splitClauses_0":["10800000"],
"relationSymbolNumberAfterSimplification_PredictedCG_splitClauses_1":["167"],
"clauseNumberBeforeSimplification_PredictedCDHG_splitClauses_1":["90"],
"labeledSingleVariableTemplatesNumber_Mined_splitClauses_0":["9"],
"solvability_Unlabeled_splitClauses_1":["1"],
"cegarIterationNumber_Labeled_splitClauses_1":["20"],
"smt2FileSizeByte_Mined_splitClauses_0":["52600"],
"relationSymbolNumberAfterSimplification_Mined_splitClauses_0":["167"],
"labeledSingleVariableTemplatesNumber_PredictedCG_splitClauses_1":["9"],
"smt2FileSizeByte_Octagon_splitClauses_1":["52600"],
"minedTemplateNumber_Labeled_splitClauses_1":["232"],
"labeledSingleVariableTemplatesNumber_RelationalIneqs_splitClauses_1":["9"],
"clauseNumberAfterSimplification_Labeled_splitClauses_1":["80"],
"relationSymbolNumberAfterSimplification_Labeled_splitClauses_0":["167"],
"smt2FileSizeByte_Random_splitClauses_0":["52600"],
"relationSymbolNumberAfterSimplification_PredictedCDHG_splitClauses_0":["167"],
"unlabeledTemplateRelationSymbolNumber_PredictedCDHG_splitClauses_1":["25"],
"labeledSingleVariableTemplatesNumber_Term_splitClauses_0":["9"],
"generatedPredicateNumber_PredictedCDHG_splitClauses_1":["10800000"],
"minedSingleVariableTemplatesNumber_Unlabeled_splitClauses_0":["192"],
"generatedPredicateNumber_Octagon_splitClauses_1":["49"],
"labeledSingleVariableTemplatesNumber_RelationalEqs_splitClauses_0":["9"],
"predicateGeneratorTime_PredictedCG_splitClauses_1":["10800000"],
"relationSymbolNumberAfterSimplification_Octagon_splitClauses_0":["167"],
"labeledTemplateNumber_Labeled_splitClauses_1":["49"],
"labeledSingleVariableTemplatesNumber_Empty_splitClauses_0":["9"],
"minedTemplateRelationSymbolNumber_RelationalIneqs_splitClauses_1":["25"],
"unlabeledSingleVariableTemplatesNumber_All_splitClauses_1":["538"],
"labeledBinaryVariableTemplatesNumber_PredictedCDHG_splitClauses_1":["40"],
"unlabeledSingleVariableTemplatesNumber_RelationalEqs_splitClauses_1":["538"],
"cegarIterationNumber_Term_splitClauses_0":["10800000"],
"unlabeledBinaryVariableTemplatesNumber_Labeled_splitClauses_1":["888"],
"unlabeledSingleVariableTemplatesNumber_Term_splitClauses_1":["538"],
"clauseNumberAfterSimplification_All_splitClauses_1":["80"],
"minedSingleVariableTemplatesNumber_Random_splitClauses_0":["192"],
"solvability_RelationalIneqs_splitClauses_1":["1"],
"minedTemplateNumber_Labeled_splitClauses_0":["232"],
"minedSingleVariableTemplatesNumber_Octagon_splitClauses_0":["192"],
"minedSingleVariableTemplatesNumber_Term_splitClauses_1":["192"],
"minedBinaryVariableTemplatesNumber_PredictedCDHG_splitClauses_1":["40"],
"generatedPredicateNumber_Mined_splitClauses_1":["49"],
"labeledSingleVariableTemplatesNumber_RelationalIneqs_splitClauses_0":["9"],
"averagePredicateSize_Mined_splitClauses_0":["10800000"],
"cegarIterationNumber_Unlabeled_splitClauses_0":["10800000"],
"minedBinaryVariableTemplatesNumber_Random_splitClauses_0":["40"],
"labeledTemplateNumber_Mined_splitClauses_1":["49"],
"labeledBinaryVariableTemplatesNumber_Random_splitClauses_0":["40"],
"unlabeledTemplateRelationSymbolNumber_Unlabeled_splitClauses_1":["25"],
"cegarIterationNumber_Mined_splitClauses_0":["10800000"],
"minedTemplateRelationSymbolNumber_Labeled_splitClauses_0":["25"],
"unlabeledBinaryVariableTemplatesNumber_RelationalIneqs_splitClauses_1":["888"],
"unlabeledBinaryVariableTemplatesNumber_Octagon_splitClauses_0":["888"],
"solvability_Mined_splitClauses_0":["10800000"],
"averagePredicateSize_RelationalEqs_splitClauses_0":["10800000"],
"clauseNumberAfterSimplification_Term_splitClauses_0":["80"],
"unlabeledTemplateNumber_Mined_splitClauses_0":["1426"],
"relationSymbolNumberAfterSimplification_Random_splitClauses_1":["167"],
"unlabeledTemplateNumber_PredictedCDHG_splitClauses_0":["1426"],
"cegarIterationNumber_RelationalIneqs_splitClauses_1":["20"],
"minedBinaryVariableTemplatesNumber_Unlabeled_splitClauses_1":["40"],
"labeledTemplateNumber_PredictedCG_splitClauses_1":["49"],
"labeledTemplateRelationSymbolNumber_Mined_splitClauses_0":["18"],
"labeledBinaryVariableTemplatesNumber_Mined_splitClauses_1":["40"],
"relationSymbolNumberBeforeSimplification_Mined_splitClauses_0":["180"],
"relationSymbolNumberBeforeSimplification_RelationalIneqs_splitClauses_0":["180"],
"clauseNumberAfterSimplification_RelationalIneqs_splitClauses_1":["80"],
"minedSingleVariableTemplatesNumber_PredictedCDHG_splitClauses_0":["192"],
"solvability_Labeled_splitClauses_1":["1"],
"labeledSingleVariableTemplatesNumber_Octagon_splitClauses_1":["9"],
"averagePredicateSize_Random_splitClauses_0":["10800000"],
"smt2FileSizeByte_RelationalIneqs_splitClauses_0":["52600"],
"generatedPredicateNumber_Unlabeled_splitClauses_0":["10800000"],
"solvability_RelationalEqs_splitClauses_0":["10800000"],
"predicateGeneratorTime_Empty_splitClauses_1":["1075"],
"minedSingleVariableTemplatesNumber_Mined_splitClauses_0":["192"],
"relationSymbolNumberAfterSimplification_Unlabeled_splitClauses_0":["167"],
"minedTemplateRelationSymbolNumber_PredictedCDHG_splitClauses_1":["25"],
"minedTemplateNumber_PredictedCG_splitClauses_0":["232"],
"averagePredicateSize_RelationalIneqs_splitClauses_1":["1"],
"labeledTemplateRelationSymbolNumber_Random_splitClauses_1":["18"],
"minedTemplateNumber_RelationalIneqs_splitClauses_0":["232"],
"predicateGeneratorTime_RelationalIneqs_splitClauses_0":["10800000"],
"labeledTemplateRelationSymbolNumber_Empty_splitClauses_0":["18"],
"minedBinaryVariableTemplatesNumber_Octagon_splitClauses_0":["40"],
"labeledSingleVariableTemplatesNumber_Term_splitClauses_1":["9"],
"labeledBinaryVariableTemplatesNumber_Empty_splitClauses_0":["40"],
"minedTemplateNumber_Octagon_splitClauses_0":["232"],
"labeledBinaryVariableTemplatesNumber_Unlabeled_splitClauses_0":["40"],
"relationSymbolNumberBeforeSimplification_Empty_splitClauses_0":["180"],
"clauseNumberAfterSimplification_PredictedCDHG_splitClauses_0":["80"],
"smt2FileSizeByte_PredictedCG_splitClauses_0":["52600"],
"minedBinaryVariableTemplatesNumber_RelationalEqs_splitClauses_0":["40"],
"relationSymbolNumberBeforeSimplification_Unlabeled_splitClauses_0":["180"],
"labeledTemplateRelationSymbolNumber_RelationalEqs_splitClauses_1":["18"],
"minedBinaryVariableTemplatesNumber_Random_splitClauses_1":["40"],
"clauseNumberAfterSimplification_Unlabeled_splitClauses_1":["80"],
"minedSingleVariableTemplatesNumber_PredictedCDHG_splitClauses_1":["192"],
"labeledBinaryVariableTemplatesNumber_Term_splitClauses_1":["40"],
"clauseNumberBeforeSimplification_Empty_splitClauses_1":["90"],
"relationSymbolNumberAfterSimplification_Octagon_splitClauses_1":["167"],
"relationSymbolNumberAfterSimplification_Term_splitClauses_0":["167"],
"minedBinaryVariableTemplatesNumber_Mined_splitClauses_1":["40"],
"unlabeledBinaryVariableTemplatesNumber_Unlabeled_splitClauses_1":["888"],
"relationSymbolNumberBeforeSimplification_Random_splitClauses_0":["180"],
"relationSymbolNumberAfterSimplification_PredictedCDHG_splitClauses_1":["167"],
"unlabeledTemplateNumber_PredictedCG_splitClauses_1":["1426"],
"generatedPredicateNumber_Empty_splitClauses_0":["10800000"],
"predicateGeneratorTime_RelationalIneqs_splitClauses_1":["1175"],
"unlabeledSingleVariableTemplatesNumber_Empty_splitClauses_0":["538"],
"cegarIterationNumber_Octagon_splitClauses_0":["10800000"],
"clauseNumberAfterSimplification_Octagon_splitClauses_1":["80"],
"unlabeledSingleVariableTemplatesNumber_Labeled_splitClauses_1":["538"],
"clauseNumberBeforeSimplification_Random_splitClauses_1":["90"],
"minedTemplateRelationSymbolNumber_All_splitClauses_0":["25"],
"unlabeledTemplateRelationSymbolNumber_RelationalEqs_splitClauses_0":["25"],
"minedSingleVariableTemplatesNumber_Unlabeled_splitClauses_1":["192"],
"clauseNumberBeforeSimplification_RelationalEqs_splitClauses_0":["90"],
"minedTemplateNumber_Unlabeled_splitClauses_0":["232"],
"generatedPredicateNumber_Octagon_splitClauses_0":["10800000"],
"predicateGeneratorTime_PredictedCDHG_splitClauses_0":["10800000"],
"clauseNumberAfterSimplification_PredictedCG_splitClauses_1":["80"],
"labeledSingleVariableTemplatesNumber_RelationalEqs_splitClauses_1":["9"],
"smt2FileSizeByte_Random_splitClauses_1":["52600"],
"averagePredicateSize_PredictedCG_splitClauses_1":["10800000"],
"cegarIterationNumber_PredictedCDHG_splitClauses_1":["10800000"],
"clauseNumberAfterSimplification_RelationalEqs_splitClauses_1":["80"],
"minedBinaryVariableTemplatesNumber_Empty_splitClauses_1":["40"],
"relationSymbolNumberAfterSimplification_RelationalEqs_splitClauses_1":["167"],
"minedTemplateNumber_PredictedCDHG_splitClauses_0":["232"],
"labeledBinaryVariableTemplatesNumber_All_splitClauses_1":["40"],
"solvingTime_RelationalIneqs_splitClauses_1":["1650"],
"unlabeledTemplateRelationSymbolNumber_RelationalEqs_splitClauses_1":["25"],
"smt2FileSizeByte_Unlabeled_splitClauses_0":["52600"],
"relationSymbolNumberBeforeSimplification_Mined_splitClauses_1":["180"],
"relationSymbolNumberAfterSimplification_Mined_splitClauses_1":["167"],
"generatedPredicateNumber_All_splitClauses_0":["10800000"],
"relationSymbolNumberBeforeSimplification_Octagon_splitClauses_1":["180"],
"predicateGeneratorTime_Octagon_splitClauses_1":["1466"],
"solvability_Mined_splitClauses_1":["1"],
"minedTemplateRelationSymbolNumber_Term_splitClauses_1":["25"],
"clauseNumberAfterSimplification_Mined_splitClauses_0":["80"],
"solvability_PredictedCDHG_splitClauses_0":["10800000"],
"solvingTime_Empty_splitClauses_0":["10800000"],
"unlabeledSingleVariableTemplatesNumber_Unlabeled_splitClauses_1":["538"],
"minedTemplateNumber_Term_splitClauses_1":["232"],
"averagePredicateSize_Octagon_splitClauses_1":["1"],
"unlabeledSingleVariableTemplatesNumber_Octagon_splitClauses_1":["538"],
"minedTemplateRelationSymbolNumber_RelationalEqs_splitClauses_1":["25"],
"relationSymbolNumberBeforeSimplification_All_splitClauses_1":["180"],
"minedBinaryVariableTemplatesNumber_RelationalIneqs_splitClauses_0":["40"],
"predicateGeneratorTime_Term_splitClauses_1":["1037"],
"solvingTime_Labeled_splitClauses_0":["10800000"],
"unlabeledBinaryVariableTemplatesNumber_PredictedCG_splitClauses_0":["888"],
"minedTemplateNumber_All_splitClauses_0":["232"],
"predicateGeneratorTime_Labeled_splitClauses_1":["1138"],
"unlabeledTemplateRelationSymbolNumber_Empty_splitClauses_0":["25"],
"unlabeledTemplateNumber_Mined_splitClauses_1":["1426"],
"solvability_PredictedCG_splitClauses_1":["10800000"],
"unlabeledTemplateNumber_Term_splitClauses_0":["1426"],
"minedBinaryVariableTemplatesNumber_PredictedCG_splitClauses_1":["40"],
"labeledSingleVariableTemplatesNumber_PredictedCDHG_splitClauses_0":["9"],
"minedBinaryVariableTemplatesNumber_All_splitClauses_0":["40"],
"averagePredicateSize_PredictedCDHG_splitClauses_1":["10800000"],
"predicateGeneratorTime_PredictedCG_splitClauses_0":["10800000"],
"generatedPredicateNumber_RelationalIneqs_splitClauses_0":["10800000"],
"labeledTemplateNumber_Empty_splitClauses_0":["49"],
"relationSymbolNumberAfterSimplification_RelationalIneqs_splitClauses_1":["167"],
"unlabeledTemplateRelationSymbolNumber_Term_splitClauses_0":["25"],
"minedTemplateNumber_All_splitClauses_1":["232"],
"labeledSingleVariableTemplatesNumber_Empty_splitClauses_1":["9"],
"minedBinaryVariableTemplatesNumber_Unlabeled_splitClauses_0":["40"],
"labeledTemplateNumber_Random_splitClauses_0":["49"],
"minedBinaryVariableTemplatesNumber_All_splitClauses_1":["40"],
"unlabeledSingleVariableTemplatesNumber_All_splitClauses_0":["538"],
"relationSymbolNumberBeforeSimplification_Labeled_splitClauses_1":["180"],
"smt2FileSizeByte_PredictedCDHG_splitClauses_1":["52600"],
"labeledBinaryVariableTemplatesNumber_PredictedCDHG_splitClauses_0":["40"],
"averagePredicateSize_RelationalEqs_splitClauses_1":["1"],
"minedSingleVariableTemplatesNumber_Term_splitClauses_0":["192"],
"labeledTemplateRelationSymbolNumber_Term_splitClauses_1":["18"],
"generatedPredicateNumber_Random_splitClauses_0":["10800000"],
"labeledBinaryVariableTemplatesNumber_Empty_splitClauses_1":["40"],
"relationSymbolNumberAfterSimplification_Term_splitClauses_1":["167"],
"clauseNumberAfterSimplification_Labeled_splitClauses_0":["80"],
"labeledSingleVariableTemplatesNumber_Labeled_splitClauses_0":["9"],
"minedTemplateNumber_Mined_splitClauses_1":["232"],
"labeledTemplateRelationSymbolNumber_Labeled_splitClauses_0":["18"],
"unlabeledTemplateRelationSymbolNumber_Mined_splitClauses_1":["25"],
"solvability_Labeled_splitClauses_0":["10800000"],
"minedTemplateNumber_RelationalEqs_splitClauses_1":["232"],
"solvingTime_Random_splitClauses_1":["2081"],
"minedTemplateNumber_Random_splitClauses_0":["232"],
"cegarIterationNumber_Unlabeled_splitClauses_1":["20"],
"minedTemplateNumber_RelationalIneqs_splitClauses_1":["232"],
"unlabeledBinaryVariableTemplatesNumber_Octagon_splitClauses_1":["888"],
"minedSingleVariableTemplatesNumber_Octagon_splitClauses_1":["192"],
"minedSingleVariableTemplatesNumber_Random_splitClauses_1":["192"],
"averagePredicateSize_All_splitClauses_1":["10800000"],
"minedTemplateNumber_Empty_splitClauses_0":["232"],
"labeledTemplateNumber_Mined_splitClauses_0":["49"],
"unlabeledBinaryVariableTemplatesNumber_All_splitClauses_0":["888"],
"relationSymbolNumberAfterSimplification_Labeled_splitClauses_1":["167"],
"labeledSingleVariableTemplatesNumber_PredictedCDHG_splitClauses_1":["9"],
"minedSingleVariableTemplatesNumber_Mined_splitClauses_1":["192"],
"labeledTemplateRelationSymbolNumber_Term_splitClauses_0":["18"],
"unlabeledTemplateRelationSymbolNumber_Term_splitClauses_1":["25"],
"predicateGeneratorTime_All_splitClauses_1":["10800000"],
"unlabeledSingleVariableTemplatesNumber_Random_splitClauses_0":["538"],
"predicateGeneratorTime_Unlabeled_splitClauses_1":["1243"],
"cegarIterationNumber_PredictedCDHG_splitClauses_0":["10800000"],
"labeledTemplateNumber_RelationalEqs_splitClauses_0":["49"],
"labeledTemplateRelationSymbolNumber_Mined_splitClauses_1":["18"],
"labeledTemplateRelationSymbolNumber_Random_splitClauses_0":["18"],
"labeledBinaryVariableTemplatesNumber_RelationalEqs_splitClauses_1":["40"],
"generatedPredicateNumber_RelationalIneqs_splitClauses_1":["49"],
"unlabeledTemplateRelationSymbolNumber_PredictedCG_splitClauses_1":["25"],
"unlabeledSingleVariableTemplatesNumber_RelationalEqs_splitClauses_0":["538"],
"labeledBinaryVariableTemplatesNumber_Labeled_splitClauses_0":["40"],
"minedBinaryVariableTemplatesNumber_PredictedCDHG_splitClauses_0":["40"],
"unlabeledTemplateRelationSymbolNumber_Unlabeled_splitClauses_0":["25"],
"clauseNumberAfterSimplification_Term_splitClauses_1":["80"],
"unlabeledTemplateNumber_Octagon_splitClauses_0":["1426"],
"unlabeledBinaryVariableTemplatesNumber_RelationalEqs_splitClauses_1":["888"],
"unlabeledTemplateNumber_PredictedCG_splitClauses_0":["1426"],
"unlabeledTemplateNumber_All_splitClauses_0":["1426"],
"labeledTemplateRelationSymbolNumber_RelationalIneqs_splitClauses_1":["18"],
"unlabeledSingleVariableTemplatesNumber_Mined_splitClauses_1":["538"],
"labeledTemplateRelationSymbolNumber_Unlabeled_splitClauses_1":["18"],
"labeledBinaryVariableTemplatesNumber_Random_splitClauses_1":["40"],
"solvability_Random_splitClauses_1":["1"],
"solvingTime_Term_splitClauses_0":["10800000"],
"minedSingleVariableTemplatesNumber_Labeled_splitClauses_1":["192"],
"clauseNumberBeforeSimplification_Term_splitClauses_0":["90"],
"relationSymbolNumberBeforeSimplification_RelationalIneqs_splitClauses_1":["180"],
"minedTemplateRelationSymbolNumber_Mined_splitClauses_0":["25"],
"solvability_Octagon_splitClauses_1":["1"],
"minedSingleVariableTemplatesNumber_RelationalIneqs_splitClauses_1":["192"],
"smt2FileSizeByte_Labeled_splitClauses_0":["52600"],
"solvability_RelationalEqs_splitClauses_1":["1"],
"unlabeledSingleVariableTemplatesNumber_Empty_splitClauses_1":["538"],
"labeledTemplateNumber_PredictedCDHG_splitClauses_1":["49"],
"minedTemplateRelationSymbolNumber_Octagon_splitClauses_0":["25"],
"clauseNumberAfterSimplification_Unlabeled_splitClauses_0":["80"],
"clauseNumberBeforeSimplification_Unlabeled_splitClauses_0":["90"],
"clauseNumberBeforeSimplification_PredictedCDHG_splitClauses_0":["90"],
"cegarIterationNumber_RelationalIneqs_splitClauses_0":["10800000"],
"labeledTemplateRelationSymbolNumber_RelationalEqs_splitClauses_0":["18"],
"averagePredicateSize_Labeled_splitClauses_0":["10800000"],
"smt2FileSizeByte_RelationalIneqs_splitClauses_1":["52600"],
"clauseNumberBeforeSimplification_RelationalEqs_splitClauses_1":["90"],
"unlabeledTemplateRelationSymbolNumber_RelationalIneqs_splitClauses_1":["25"],
"clauseNumberBeforeSimplification_PredictedCG_splitClauses_0":["90"],
"solvingTime_PredictedCDHG_splitClauses_0":["10800000"],
"labeledTemplateRelationSymbolNumber_Octagon_splitClauses_1":["18"],
"minedTemplateRelationSymbolNumber_PredictedCG_splitClauses_1":["25"],
"relationSymbolNumberBeforeSimplification_RelationalEqs_splitClauses_1":["180"],
"labeledTemplateNumber_Random_splitClauses_1":["49"],
"solvingTime_RelationalIneqs_splitClauses_0":["10800000"],
"labeledTemplateNumber_All_splitClauses_1":["49"],
"unlabeledTemplateNumber_Random_splitClauses_1":["1426"],
"relationSymbolNumberBeforeSimplification_All_splitClauses_0":["180"],
"smt2FileSizeByte_Unlabeled_splitClauses_1":["52600"],
"cegarIterationNumber_PredictedCG_splitClauses_0":["10800000"],
"predicateGeneratorTime_Octagon_splitClauses_0":["10800000"],
"unlabeledTemplateNumber_RelationalEqs_splitClauses_1":["1426"],
"clauseNumberAfterSimplification_Octagon_splitClauses_0":["80"],
"cegarIterationNumber_Random_splitClauses_0":["10800000"],
"solvability_PredictedCDHG_splitClauses_1":["10800000"],
"solvability_PredictedCG_splitClauses_0":["10800000"],
"solvingTime_PredictedCG_splitClauses_1":["10800000"],
"unlabeledSingleVariableTemplatesNumber_Unlabeled_splitClauses_0":["538"],
"unlabeledTemplateNumber_Unlabeled_splitClauses_0":["1426"],
"labeledTemplateRelationSymbolNumber_RelationalIneqs_splitClauses_0":["18"],
"minedTemplateNumber_Random_splitClauses_1":["232"],
"generatedPredicateNumber_RelationalEqs_splitClauses_0":["10800000"],
"minedTemplateNumber_Term_splitClauses_0":["232"],
"solvingTime_All_splitClauses_1":["10800000"],
"minedSingleVariableTemplatesNumber_PredictedCG_splitClauses_0":["192"],
"smt2FileSizeByte_Term_splitClauses_1":["52600"],
"labeledBinaryVariableTemplatesNumber_All_splitClauses_0":["40"],
"minedTemplateNumber_PredictedCDHG_splitClauses_1":["232"],
"minedTemplateRelationSymbolNumber_PredictedCDHG_splitClauses_0":["25"],
"averagePredicateSize_Unlabeled_splitClauses_0":["10800000"],
"minedBinaryVariableTemplatesNumber_Octagon_splitClauses_1":["40"],
"unlabeledSingleVariableTemplatesNumber_Random_splitClauses_1":["538"],
"clauseNumberBeforeSimplification_Random_splitClauses_0":["90"],
"solvingTime_Unlabeled_splitClauses_1":["1690"],
"predicateGeneratorTime_PredictedCDHG_splitClauses_1":["10800000"],
"averagePredicateSize_PredictedCDHG_splitClauses_0":["10800000"],
"relationSymbolNumberAfterSimplification_RelationalEqs_splitClauses_0":["167"],
"minedBinaryVariableTemplatesNumber_Term_splitClauses_0":["40"],
"labeledTemplateNumber_RelationalIneqs_splitClauses_0":["49"],
"clauseNumberAfterSimplification_Random_splitClauses_0":["80"],
"clauseNumberAfterSimplification_PredictedCG_splitClauses_0":["80"],
"generatedPredicateNumber_Empty_splitClauses_1":["49"],
"clauseNumberBeforeSimplification_Octagon_splitClauses_0":["90"],
"unlabeledTemplateNumber_Empty_splitClauses_0":["1426"],
"minedSingleVariableTemplatesNumber_All_splitClauses_0":["192"],
"labeledTemplateRelationSymbolNumber_Octagon_splitClauses_0":["18"],
"generatedPredicateNumber_Random_splitClauses_1":["49"],
"clauseNumberAfterSimplification_RelationalEqs_splitClauses_0":["80"],
"labeledBinaryVariableTemplatesNumber_Term_splitClauses_0":["40"],
"minedSingleVariableTemplatesNumber_RelationalEqs_splitClauses_0":["192"],
"minedTemplateNumber_Mined_splitClauses_0":["232"],
"relationSymbolNumberBeforeSimplification_PredictedCG_splitClauses_0":["180"],
"averagePredicateSize_Octagon_splitClauses_0":["10800000"],
"unlabeledBinaryVariableTemplatesNumber_Empty_splitClauses_1":["888"],
"unlabeledSingleVariableTemplatesNumber_PredictedCDHG_splitClauses_0":["538"],
"unlabeledSingleVariableTemplatesNumber_PredictedCG_splitClauses_1":["538"],
"labeledTemplateRelationSymbolNumber_Labeled_splitClauses_1":["18"],
"minedTemplateRelationSymbolNumber_Random_splitClauses_0":["25"],
"unlabeledTemplateRelationSymbolNumber_PredictedCG_splitClauses_0":["25"],
"unlabeledTemplateNumber_RelationalIneqs_splitClauses_0":["1426"],
"unlabeledSingleVariableTemplatesNumber_Labeled_splitClauses_0":["538"],
"relationSymbolNumberAfterSimplification_PredictedCG_splitClauses_0":["167"],
"minedTemplateNumber_Unlabeled_splitClauses_1":["232"],
"generatedPredicateNumber_PredictedCG_splitClauses_0":["10800000"],
"labeledTemplateNumber_Unlabeled_splitClauses_1":["49"],
"unlabeledTemplateRelationSymbolNumber_Empty_splitClauses_1":["25"],
"clauseNumberBeforeSimplification_Empty_splitClauses_0":["90"],
"solvingTime_Octagon_splitClauses_1":["2074"],
"cegarIterationNumber_Mined_splitClauses_1":["20"],
"clauseNumberBeforeSimplification_Mined_splitClauses_1":["90"],
"smt2FileSizeByte_PredictedCDHG_splitClauses_0":["52600"],
"averagePredicateSize_PredictedCG_splitClauses_0":["10800000"],
"solvingTime_Random_splitClauses_0":["10800000"],
"minedTemplateNumber_RelationalEqs_splitClauses_0":["232"],
"unlabeledSingleVariableTemplatesNumber_RelationalIneqs_splitClauses_0":["538"],
"unlabeledTemplateNumber_Unlabeled_splitClauses_1":["1426"],
"labeledBinaryVariableTemplatesNumber_RelationalEqs_splitClauses_0":["40"],
"generatedPredicateNumber_PredictedCDHG_splitClauses_0":["10800000"],
"relationSymbolNumberAfterSimplification_RelationalIneqs_splitClauses_0":["167"],
"minedTemplateRelationSymbolNumber_Empty_splitClauses_1":["25"],
"predicateGeneratorTime_Random_splitClauses_1":["1594"],
"labeledTemplateNumber_Term_splitClauses_1":["49"],
"relationSymbolNumberBeforeSimplification_RelationalEqs_splitClauses_0":["180"],
"minedSingleVariableTemplatesNumber_Empty_splitClauses_1":["192"],
"minedSingleVariableTemplatesNumber_RelationalIneqs_splitClauses_0":["192"],
"clauseNumberAfterSimplification_All_splitClauses_0":["80"],
"unlabeledBinaryVariableTemplatesNumber_RelationalEqs_splitClauses_0":["888"],
"cegarIterationNumber_RelationalEqs_splitClauses_0":["10800000"],
"labeledTemplateRelationSymbolNumber_PredictedCDHG_splitClauses_0":["18"],
"labeledSingleVariableTemplatesNumber_Labeled_splitClauses_1":["9"],
"unlabeledBinaryVariableTemplatesNumber_All_splitClauses_1":["888"],
"minedTemplateRelationSymbolNumber_Unlabeled_splitClauses_1":["25"],
"solvingTime_RelationalEqs_splitClauses_0":["10800000"],
"solvingTime_RelationalEqs_splitClauses_1":["1855"],
"minedBinaryVariableTemplatesNumber_Mined_splitClauses_0":["40"],
"clauseNumberBeforeSimplification_All_splitClauses_0":["90"],
"clauseNumberBeforeSimplification_RelationalIneqs_splitClauses_1":["90"],
"labeledTemplateNumber_RelationalEqs_splitClauses_1":["49"],
"labeledBinaryVariableTemplatesNumber_RelationalIneqs_splitClauses_0":["40"],
"relationSymbolNumberBeforeSimplification_Labeled_splitClauses_0":["180"],
"clauseNumberAfterSimplification_Empty_splitClauses_0":["80"],
"averagePredicateSize_Empty_splitClauses_0":["10800000"],
"unlabeledTemplateNumber_Term_splitClauses_1":["1426"],
"predicateGeneratorTime_Mined_splitClauses_1":["1197"],
"labeledBinaryVariableTemplatesNumber_RelationalIneqs_splitClauses_1":["40"],
"predicateGeneratorTime_Unlabeled_splitClauses_0":["10800000"],
"relationSymbolNumberAfterSimplification_Empty_splitClauses_0":["167"],
"generatedPredicateNumber_Mined_splitClauses_0":["10800000"],
"generatedPredicateNumber_RelationalEqs_splitClauses_1":["49"],
"labeledTemplateRelationSymbolNumber_PredictedCG_splitClauses_0":["18"],
"minedSingleVariableTemplatesNumber_PredictedCG_splitClauses_1":["192"],
"minedTemplateRelationSymbolNumber_PredictedCG_splitClauses_0":["25"],
"unlabeledTemplateRelationSymbolNumber_Labeled_splitClauses_0":["25"],
"solvability_Empty_splitClauses_1":["1"],
"averagePredicateSize_Term_splitClauses_0":["10800000"],
"cegarIterationNumber_Random_splitClauses_1":["20"],
"averagePredicateSize_Labeled_splitClauses_1":["1"],
"unlabeledBinaryVariableTemplatesNumber_Unlabeled_splitClauses_0":["888"],
"generatedPredicateNumber_Unlabeled_splitClauses_1":["49"],
"predicateGeneratorTime_All_splitClauses_0":["10800000"],
"unlabeledBinaryVariableTemplatesNumber_PredictedCDHG_splitClauses_1":["888"],
"clauseNumberBeforeSimplification_Labeled_splitClauses_1":["90"],
"minedBinaryVariableTemplatesNumber_Labeled_splitClauses_1":["40"],
"labeledSingleVariableTemplatesNumber_All_splitClauses_0":["9"],
"unlabeledTemplateRelationSymbolNumber_Mined_splitClauses_0":["25"],
"cegarIterationNumber_Octagon_splitClauses_1":["20"],
"labeledTemplateNumber_Octagon_splitClauses_0":["49"],
"labeledTemplateRelationSymbolNumber_All_splitClauses_1":["18"],
"smt2FileSizeByte_Empty_splitClauses_0":["52600"],
"unlabeledTemplateNumber_Octagon_splitClauses_1":["1426"],
"predicateGeneratorTime_RelationalEqs_splitClauses_0":["10800000"],
"unlabeledTemplateRelationSymbolNumber_RelationalIneqs_splitClauses_0":["25"],
"smt2FileSizeByte_RelationalEqs_splitClauses_1":["52600"],
"unlabeledTemplateNumber_Labeled_splitClauses_0":["1426"],
"minedSingleVariableTemplatesNumber_Labeled_splitClauses_0":["192"],
"solvingTime_PredictedCDHG_splitClauses_1":["10800000"],
"relationSymbolNumberBeforeSimplification_Term_splitClauses_1":["180"],
"minedTemplateNumber_Octagon_splitClauses_1":["232"],
"clauseNumberBeforeSimplification_Mined_splitClauses_0":["90"],
"smt2FileSizeByte_All_splitClauses_0":["52600"],
"solvingTime_All_splitClauses_0":["10800000"],
"minedBinaryVariableTemplatesNumber_Term_splitClauses_1":["40"],
"unlabeledTemplateRelationSymbolNumber_Random_splitClauses_0":["25"],
"cegarIterationNumber_All_splitClauses_0":["10800000"],
"smt2FileSizeByte_RelationalEqs_splitClauses_0":["52600"],
"unlabeledSingleVariableTemplatesNumber_PredictedCDHG_splitClauses_1":["538"],
"clauseNumberBeforeSimplification_Labeled_splitClauses_0":["90"],
"cegarIterationNumber_PredictedCG_splitClauses_1":["10800000"],
"labeledTemplateRelationSymbolNumber_Unlabeled_splitClauses_0":["18"],
"unlabeledTemplateRelationSymbolNumber_Octagon_splitClauses_1":["25"],
"unlabeledTemplateNumber_Empty_splitClauses_1":["1426"],
"clauseNumberBeforeSimplification_Octagon_splitClauses_1":["90"],
"labeledTemplateNumber_Unlabeled_splitClauses_0":["49"],
"labeledBinaryVariableTemplatesNumber_PredictedCG_splitClauses_0":["40"],
"solvability_Term_splitClauses_1":["1"],
"solvability_Octagon_splitClauses_0":["10800000"],
"minedTemplateRelationSymbolNumber_RelationalIneqs_splitClauses_0":["25"],
"clauseNumberBeforeSimplification_RelationalIneqs_splitClauses_0":["90"],
"labeledTemplateNumber_PredictedCG_splitClauses_0":["49"],
"cegarIterationNumber_Labeled_splitClauses_0":["10800000"],
"smt2FileSizeByte_Labeled_splitClauses_1":["52600"],
"clauseNumberBeforeSimplification_Unlabeled_splitClauses_1":["90"],
"generatedPredicateNumber_Term_splitClauses_1":["49"],
"solvingTime_Term_splitClauses_1":["1403"],
"unlabeledBinaryVariableTemplatesNumber_Random_splitClauses_1":["888"],
"unlabeledSingleVariableTemplatesNumber_Octagon_splitClauses_0":["538"],
"solvingTime_Octagon_splitClauses_0":["10800000"],
"labeledSingleVariableTemplatesNumber_Mined_splitClauses_1":["9"],
"averagePredicateSize_Term_splitClauses_1":["1"],
"labeledTemplateNumber_Labeled_splitClauses_0":["49"],
"unlabeledSingleVariableTemplatesNumber_PredictedCG_splitClauses_0":["538"],
"smt2FileSizeByte_Mined_splitClauses_1":["52600"],
"labeledBinaryVariableTemplatesNumber_Unlabeled_splitClauses_1":["40"],
"labeledTemplateNumber_All_splitClauses_0":["49"],
"unlabeledTemplateNumber_Random_splitClauses_0":["1426"],
"labeledTemplateNumber_Octagon_splitClauses_1":["49"],
"unlabeledTemplateNumber_PredictedCDHG_splitClauses_1":["1426"],
"unlabeledBinaryVariableTemplatesNumber_Mined_splitClauses_0":["888"],
"minedTemplateRelationSymbolNumber_Mined_splitClauses_1":["25"],
"labeledTemplateNumber_RelationalIneqs_splitClauses_1":["49"],
"relationSymbolNumberAfterSimplification_All_splitClauses_0":["167"],
"relationSymbolNumberBeforeSimplification_PredictedCDHG_splitClauses_0":["180"],
"solvability_Term_splitClauses_0":["10800000"],
"clauseNumberBeforeSimplification_PredictedCG_splitClauses_1":["90"],
"generatedPredicateNumber_Labeled_splitClauses_1":["49"],
"labeledSingleVariableTemplatesNumber_Unlabeled_splitClauses_0":["9"],
"unlabeledBinaryVariableTemplatesNumber_Empty_splitClauses_0":["888"],
"solvingTime_Mined_splitClauses_0":["10800000"],
"unlabeledTemplateNumber_All_splitClauses_1":["1426"],
"clauseNumberAfterSimplification_Random_splitClauses_1":["80"],
"labeledBinaryVariableTemplatesNumber_Octagon_splitClauses_1":["40"],
"unlabeledBinaryVariableTemplatesNumber_Labeled_splitClauses_0":["888"],
"smt2FileSizeByte_Octagon_splitClauses_0":["52600"],
"labeledSingleVariableTemplatesNumber_Random_splitClauses_1":["9"],
"solvability_Unlabeled_splitClauses_0":["10800000"],
"solvingTime_Unlabeled_splitClauses_0":["10800000"],
"unlabeledTemplateRelationSymbolNumber_All_splitClauses_1":["25"],
"minedTemplateNumber_Empty_splitClauses_1":["232"],
"solvability_RelationalIneqs_splitClauses_0":["10800000"],
"unlabeledTemplateRelationSymbolNumber_Labeled_splitClauses_1":["25"],
"cegarIterationNumber_RelationalEqs_splitClauses_1":["20"],
"minedSingleVariableTemplatesNumber_RelationalEqs_splitClauses_1":["192"],
"clauseNumberAfterSimplification_PredictedCDHG_splitClauses_1":["80"],
"minedBinaryVariableTemplatesNumber_RelationalIneqs_splitClauses_1":["40"],
"unlabeledBinaryVariableTemplatesNumber_Mined_splitClauses_1":["888"],
"unlabeledBinaryVariableTemplatesNumber_PredictedCDHG_splitClauses_0":["888"],
"solvingTime_Empty_splitClauses_1":["1474"],
"labeledTemplateRelationSymbolNumber_Empty_splitClauses_1":["18"],
"generatedPredicateNumber_Term_splitClauses_0":["10800000"],
"averagePredicateSize_Empty_splitClauses_1":["1"],
"generatedPredicateNumber_PredictedCG_splitClauses_1":["10800000"],
"labeledTemplateRelationSymbolNumber_PredictedCDHG_splitClauses_1":["18"],
"predicateGeneratorTime_Mined_splitClauses_0":["10800000"],
"relationSymbolNumberBeforeSimplification_Term_splitClauses_0":["180"],
"predicateGeneratorTime_Labeled_splitClauses_0":["10800000"],
"labeledSingleVariableTemplatesNumber_Random_splitClauses_0":["9"],
"unlabeledTemplateRelationSymbolNumber_All_splitClauses_0":["25"],
"minedBinaryVariableTemplatesNumber_Labeled_splitClauses_0":["40"],
"generatedPredicateNumber_Labeled_splitClauses_0":["10800000"],
"relationSymbolNumberAfterSimplification_Empty_splitClauses_1":["167"],
"solvingTime_Mined_splitClauses_1":["1655"],
"minedSingleVariableTemplatesNumber_All_splitClauses_1":["192"],
"predicateGeneratorTime_Random_splitClauses_0":["10800000"],
"cegarIterationNumber_Term_splitClauses_1":["20"],
"labeledTemplateNumber_Empty_splitClauses_1":["49"],
"clauseNumberAfterSimplification_Empty_splitClauses_1":["80"],
"minedTemplateRelationSymbolNumber_Empty_splitClauses_0":["25"],
"unlabeledSingleVariableTemplatesNumber_Term_splitClauses_0":["538"],
"minedSingleVariableTemplatesNumber_Empty_splitClauses_0":["192"],
"relationSymbolNumberAfterSimplification_Random_splitClauses_0":["167"],
"minedTemplateRelationSymbolNumber_RelationalEqs_splitClauses_0":["25"],
"cegarIterationNumber_Empty_splitClauses_0":["10800000"],
"minedBinaryVariableTemplatesNumber_RelationalEqs_splitClauses_1":["40"],
"relationSymbolNumberBeforeSimplification_PredictedCG_splitClauses_1":["180"],
"labeledSingleVariableTemplatesNumber_All_splitClauses_1":["9"],
"unlabeledTemplateRelationSymbolNumber_Octagon_splitClauses_0":["25"],
"minedTemplateRelationSymbolNumber_Unlabeled_splitClauses_0":["25"],
"labeledBinaryVariableTemplatesNumber_Mined_splitClauses_0":["40"],
"relationSymbolNumberAfterSimplification_Unlabeled_splitClauses_1":["167"],
"minedTemplateNumber_PredictedCG_splitClauses_1":["232"],
"cegarIterationNumber_Empty_splitClauses_1":["20"],
"averagePredicateSize_RelationalIneqs_splitClauses_0":["10800000"],
"solvability_All_splitClauses_1":["10800000"],
"unlabeledBinaryVariableTemplatesNumber_Term_splitClauses_1":["888"],
"minedTemplateRelationSymbolNumber_Labeled_splitClauses_1":["25"],
"averagePredicateSize_Unlabeled_splitClauses_1":["1"],
"labeledTemplateNumber_Term_splitClauses_0":["49"],
"smt2FileSizeByte_Empty_splitClauses_1":["52600"],
"solvingTime_PredictedCG_splitClauses_0":["10800000"],
"cegarIterationNumber_All_splitClauses_1":["10800000"],
"clauseNumberBeforeSimplification_Term_splitClauses_1":["90"],
"predicateGeneratorTime_Empty_splitClauses_0":["10800000"],
"relationSymbolNumberBeforeSimplification_Empty_splitClauses_1":["180"],
"averagePredicateSize_All_splitClauses_0":["10800000"],
"unlabeledBinaryVariableTemplatesNumber_Random_splitClauses_0":["888"],
"smt2FileSizeByte_Term_splitClauses_0":["52600"],
"averagePredicateSize_Mined_splitClauses_1":["1"],
"minedBinaryVariableTemplatesNumber_Empty_splitClauses_0":["40"],
"minedTemplateRelationSymbolNumber_All_splitClauses_1":["25"],
"labeledSingleVariableTemplatesNumber_PredictedCG_splitClauses_0":["9"],
"unlabeledBinaryVariableTemplatesNumber_RelationalIneqs_splitClauses_0":["888"],
"unlabeledSingleVariableTemplatesNumber_RelationalIneqs_splitClauses_1":["538"],
"clauseNumberAfterSimplification_RelationalIneqs_splitClauses_0":["80"],
"unlabeledTemplateNumber_RelationalEqs_splitClauses_0":["1426"],
"unlabeledTemplateNumber_RelationalIneqs_splitClauses_1":["1426"],
"labeledTemplateRelationSymbolNumber_PredictedCG_splitClauses_1":["18"],
"labeledTemplateRelationSymbolNumber_All_splitClauses_0":["18"],
"labeledSingleVariableTemplatesNumber_Octagon_splitClauses_0":["9"],
"dummyFiled":[]
}