{
"smt2FileSizeByte_All_splitClauses_1":["64279"],
"generatedPredicateNumber_All_splitClauses_1":["10800000"],
"unlabeledTemplateRelationSymbolNumber_PredictedCDHG_splitClauses_0":["19"],
"predicateGeneratorTime_Term_splitClauses_0":["10800000"],
"averagePredicateSize_Random_splitClauses_1":["10800000"],
"labeledBinaryVariableTemplatesNumber_Labeled_splitClauses_1":["12"],
"clauseNumberBeforeSimplification_All_splitClauses_1":["78"],
"minedTemplateRelationSymbolNumber_Term_splitClauses_0":["19"],
"solvingTime_Labeled_splitClauses_1":["10800000"],
"unlabeledTemplateNumber_Labeled_splitClauses_1":["1421"],
"relationSymbolNumber_Term_splitClauses_1":["134"],
"minedTemplateRelationSymbolNumber_Octagon_splitClauses_1":["19"],
"clauseNumberAfterSimplification_Mined_splitClauses_1":["69"],
"unlabeledBinaryVariableTemplatesNumber_Term_splitClauses_0":["906"],
"labeledTemplateNumber_PredictedCDHG_splitClauses_0":["12"],
"relationSymbolNumber_RelationalEqs_splitClauses_1":["134"],
"solvability_Empty_splitClauses_0":["10800000"],
"unlabeledTemplateRelationSymbolNumber_Random_splitClauses_1":["19"],
"labeledBinaryVariableTemplatesNumber_Octagon_splitClauses_0":["12"],
"minedTemplateRelationSymbolNumber_Random_splitClauses_1":["19"],
"unlabeledSingleVariableTemplatesNumber_Mined_splitClauses_0":["515"],
"unlabeledBinaryVariableTemplatesNumber_PredictedCG_splitClauses_1":["906"],
"solvability_All_splitClauses_0":["10800000"],
"predicateGeneratorTime_RelationalEqs_splitClauses_1":["10800000"],
"smt2FileSizeByte_PredictedCG_splitClauses_1":["64279"],
"labeledSingleVariableTemplatesNumber_Unlabeled_splitClauses_1":["0"],
"labeledBinaryVariableTemplatesNumber_PredictedCG_splitClauses_1":["12"],
"minedBinaryVariableTemplatesNumber_PredictedCG_splitClauses_0":["12"],
"solvability_Random_splitClauses_0":["10800000"],
"clauseNumberBeforeSimplification_PredictedCDHG_splitClauses_1":["78"],
"labeledSingleVariableTemplatesNumber_Mined_splitClauses_0":["0"],
"solvability_Unlabeled_splitClauses_1":["10800000"],
"cegarIterationNumber_Labeled_splitClauses_1":["10800000"],
"smt2FileSizeByte_Mined_splitClauses_0":["64279"],
"labeledSingleVariableTemplatesNumber_PredictedCG_splitClauses_1":["0"],
"smt2FileSizeByte_Octagon_splitClauses_1":["64279"],
"minedTemplateNumber_Labeled_splitClauses_1":["187"],
"labeledSingleVariableTemplatesNumber_RelationalIneqs_splitClauses_1":["0"],
"clauseNumberAfterSimplification_Labeled_splitClauses_1":["69"],
"smt2FileSizeByte_Random_splitClauses_0":["64279"],
"unlabeledTemplateRelationSymbolNumber_PredictedCDHG_splitClauses_1":["19"],
"labeledSingleVariableTemplatesNumber_Term_splitClauses_0":["0"],
"generatedPredicateNumber_PredictedCDHG_splitClauses_1":["10800000"],
"minedSingleVariableTemplatesNumber_Unlabeled_splitClauses_0":["175"],
"generatedPredicateNumber_Octagon_splitClauses_1":["10800000"],
"labeledSingleVariableTemplatesNumber_RelationalEqs_splitClauses_0":["0"],
"predicateGeneratorTime_PredictedCG_splitClauses_1":["10800000"],
"labeledTemplateNumber_Labeled_splitClauses_1":["12"],
"labeledSingleVariableTemplatesNumber_Empty_splitClauses_0":["0"],
"minedTemplateRelationSymbolNumber_RelationalIneqs_splitClauses_1":["19"],
"unlabeledSingleVariableTemplatesNumber_All_splitClauses_1":["515"],
"labeledBinaryVariableTemplatesNumber_PredictedCDHG_splitClauses_1":["12"],
"unlabeledSingleVariableTemplatesNumber_RelationalEqs_splitClauses_1":["515"],
"cegarIterationNumber_Term_splitClauses_0":["10800000"],
"unlabeledBinaryVariableTemplatesNumber_Labeled_splitClauses_1":["906"],
"unlabeledSingleVariableTemplatesNumber_Term_splitClauses_1":["515"],
"clauseNumberAfterSimplification_All_splitClauses_1":["69"],
"minedSingleVariableTemplatesNumber_Random_splitClauses_0":["175"],
"solvability_RelationalIneqs_splitClauses_1":["10800000"],
"minedTemplateNumber_Labeled_splitClauses_0":["187"],
"minedSingleVariableTemplatesNumber_Octagon_splitClauses_0":["175"],
"minedSingleVariableTemplatesNumber_Term_splitClauses_1":["175"],
"minedBinaryVariableTemplatesNumber_PredictedCDHG_splitClauses_1":["12"],
"generatedPredicateNumber_Mined_splitClauses_1":["21"],
"relationSymbolNumber_Octagon_splitClauses_1":["134"],
"relationSymbolNumber_Unlabeled_splitClauses_1":["134"],
"labeledSingleVariableTemplatesNumber_RelationalIneqs_splitClauses_0":["0"],
"averagePredicateSize_Mined_splitClauses_0":["10800000"],
"cegarIterationNumber_Unlabeled_splitClauses_0":["10800000"],
"minedBinaryVariableTemplatesNumber_Random_splitClauses_0":["12"],
"labeledTemplateNumber_Mined_splitClauses_1":["12"],
"labeledBinaryVariableTemplatesNumber_Random_splitClauses_0":["12"],
"unlabeledTemplateRelationSymbolNumber_Unlabeled_splitClauses_1":["19"],
"cegarIterationNumber_Mined_splitClauses_0":["10800000"],
"minedTemplateRelationSymbolNumber_Labeled_splitClauses_0":["19"],
"unlabeledBinaryVariableTemplatesNumber_RelationalIneqs_splitClauses_1":["906"],
"unlabeledBinaryVariableTemplatesNumber_Octagon_splitClauses_0":["906"],
"solvability_Mined_splitClauses_0":["10800000"],
"averagePredicateSize_RelationalEqs_splitClauses_0":["10800000"],
"clauseNumberAfterSimplification_Term_splitClauses_0":["69"],
"unlabeledTemplateNumber_Mined_splitClauses_0":["1421"],
"unlabeledTemplateNumber_PredictedCDHG_splitClauses_0":["1421"],
"cegarIterationNumber_RelationalIneqs_splitClauses_1":["10800000"],
"minedBinaryVariableTemplatesNumber_Unlabeled_splitClauses_1":["12"],
"labeledTemplateNumber_PredictedCG_splitClauses_1":["12"],
"labeledTemplateRelationSymbolNumber_Mined_splitClauses_0":["6"],
"labeledBinaryVariableTemplatesNumber_Mined_splitClauses_1":["12"],
"clauseNumberAfterSimplification_RelationalIneqs_splitClauses_1":["69"],
"minedSingleVariableTemplatesNumber_PredictedCDHG_splitClauses_0":["175"],
"solvability_Labeled_splitClauses_1":["10800000"],
"labeledSingleVariableTemplatesNumber_Octagon_splitClauses_1":["0"],
"averagePredicateSize_Random_splitClauses_0":["10800000"],
"smt2FileSizeByte_RelationalIneqs_splitClauses_0":["64279"],
"generatedPredicateNumber_Unlabeled_splitClauses_0":["10800000"],
"solvability_RelationalEqs_splitClauses_0":["10800000"],
"predicateGeneratorTime_Empty_splitClauses_1":["10800000"],
"minedSingleVariableTemplatesNumber_Mined_splitClauses_0":["175"],
"minedTemplateRelationSymbolNumber_PredictedCDHG_splitClauses_1":["19"],
"minedTemplateNumber_PredictedCG_splitClauses_0":["187"],
"averagePredicateSize_RelationalIneqs_splitClauses_1":["10800000"],
"labeledTemplateRelationSymbolNumber_Random_splitClauses_1":["6"],
"minedTemplateNumber_RelationalIneqs_splitClauses_0":["187"],
"predicateGeneratorTime_RelationalIneqs_splitClauses_0":["10800000"],
"labeledTemplateRelationSymbolNumber_Empty_splitClauses_0":["6"],
"minedBinaryVariableTemplatesNumber_Octagon_splitClauses_0":["12"],
"relationSymbolNumber_Labeled_splitClauses_0":["134"],
"labeledSingleVariableTemplatesNumber_Term_splitClauses_1":["0"],
"labeledBinaryVariableTemplatesNumber_Empty_splitClauses_0":["12"],
"minedTemplateNumber_Octagon_splitClauses_0":["187"],
"labeledBinaryVariableTemplatesNumber_Unlabeled_splitClauses_0":["12"],
"clauseNumberAfterSimplification_PredictedCDHG_splitClauses_0":["69"],
"smt2FileSizeByte_PredictedCG_splitClauses_0":["64279"],
"minedBinaryVariableTemplatesNumber_RelationalEqs_splitClauses_0":["12"],
"labeledTemplateRelationSymbolNumber_RelationalEqs_splitClauses_1":["6"],
"minedBinaryVariableTemplatesNumber_Random_splitClauses_1":["12"],
"clauseNumberAfterSimplification_Unlabeled_splitClauses_1":["69"],
"minedSingleVariableTemplatesNumber_PredictedCDHG_splitClauses_1":["175"],
"labeledBinaryVariableTemplatesNumber_Term_splitClauses_1":["12"],
"clauseNumberBeforeSimplification_Empty_splitClauses_1":["78"],
"minedBinaryVariableTemplatesNumber_Mined_splitClauses_1":["12"],
"unlabeledBinaryVariableTemplatesNumber_Unlabeled_splitClauses_1":["906"],
"unlabeledTemplateNumber_PredictedCG_splitClauses_1":["1421"],
"generatedPredicateNumber_Empty_splitClauses_0":["10800000"],
"predicateGeneratorTime_RelationalIneqs_splitClauses_1":["10800000"],
"unlabeledSingleVariableTemplatesNumber_Empty_splitClauses_0":["515"],
"cegarIterationNumber_Octagon_splitClauses_0":["10800000"],
"clauseNumberAfterSimplification_Octagon_splitClauses_1":["69"],
"unlabeledSingleVariableTemplatesNumber_Labeled_splitClauses_1":["515"],
"clauseNumberBeforeSimplification_Random_splitClauses_1":["78"],
"minedTemplateRelationSymbolNumber_All_splitClauses_0":["19"],
"unlabeledTemplateRelationSymbolNumber_RelationalEqs_splitClauses_0":["19"],
"minedSingleVariableTemplatesNumber_Unlabeled_splitClauses_1":["175"],
"clauseNumberBeforeSimplification_RelationalEqs_splitClauses_0":["78"],
"minedTemplateNumber_Unlabeled_splitClauses_0":["187"],
"generatedPredicateNumber_Octagon_splitClauses_0":["10800000"],
"predicateGeneratorTime_PredictedCDHG_splitClauses_0":["10800000"],
"clauseNumberAfterSimplification_PredictedCG_splitClauses_1":["69"],
"labeledSingleVariableTemplatesNumber_RelationalEqs_splitClauses_1":["0"],
"smt2FileSizeByte_Random_splitClauses_1":["64279"],
"averagePredicateSize_PredictedCG_splitClauses_1":["10800000"],
"cegarIterationNumber_PredictedCDHG_splitClauses_1":["10800000"],
"clauseNumberAfterSimplification_RelationalEqs_splitClauses_1":["69"],
"minedBinaryVariableTemplatesNumber_Empty_splitClauses_1":["12"],
"minedTemplateNumber_PredictedCDHG_splitClauses_0":["187"],
"labeledBinaryVariableTemplatesNumber_All_splitClauses_1":["12"],
"solvingTime_RelationalIneqs_splitClauses_1":["10800000"],
"unlabeledTemplateRelationSymbolNumber_RelationalEqs_splitClauses_1":["19"],
"smt2FileSizeByte_Unlabeled_splitClauses_0":["64279"],
"generatedPredicateNumber_All_splitClauses_0":["10800000"],
"predicateGeneratorTime_Octagon_splitClauses_1":["10800000"],
"solvability_Mined_splitClauses_1":["1"],
"minedTemplateRelationSymbolNumber_Term_splitClauses_1":["19"],
"clauseNumberAfterSimplification_Mined_splitClauses_0":["69"],
"solvability_PredictedCDHG_splitClauses_0":["10800000"],
"solvingTime_Empty_splitClauses_0":["10800000"],
"unlabeledSingleVariableTemplatesNumber_Unlabeled_splitClauses_1":["515"],
"minedTemplateNumber_Term_splitClauses_1":["187"],
"averagePredicateSize_Octagon_splitClauses_1":["10800000"],
"relationSymbolNumber_Empty_splitClauses_1":["134"],
"unlabeledSingleVariableTemplatesNumber_Octagon_splitClauses_1":["515"],
"minedTemplateRelationSymbolNumber_RelationalEqs_splitClauses_1":["19"],
"minedBinaryVariableTemplatesNumber_RelationalIneqs_splitClauses_0":["12"],
"predicateGeneratorTime_Term_splitClauses_1":["10800000"],
"solvingTime_Labeled_splitClauses_0":["10800000"],
"unlabeledBinaryVariableTemplatesNumber_PredictedCG_splitClauses_0":["906"],
"minedTemplateNumber_All_splitClauses_0":["187"],
"predicateGeneratorTime_Labeled_splitClauses_1":["10800000"],
"unlabeledTemplateRelationSymbolNumber_Empty_splitClauses_0":["19"],
"unlabeledTemplateNumber_Mined_splitClauses_1":["1421"],
"solvability_PredictedCG_splitClauses_1":["10800000"],
"unlabeledTemplateNumber_Term_splitClauses_0":["1421"],
"minedBinaryVariableTemplatesNumber_PredictedCG_splitClauses_1":["12"],
"labeledSingleVariableTemplatesNumber_PredictedCDHG_splitClauses_0":["0"],
"minedBinaryVariableTemplatesNumber_All_splitClauses_0":["12"],
"averagePredicateSize_PredictedCDHG_splitClauses_1":["10800000"],
"predicateGeneratorTime_PredictedCG_splitClauses_0":["10800000"],
"generatedPredicateNumber_RelationalIneqs_splitClauses_0":["10800000"],
"labeledTemplateNumber_Empty_splitClauses_0":["12"],
"unlabeledTemplateRelationSymbolNumber_Term_splitClauses_0":["19"],
"minedTemplateNumber_All_splitClauses_1":["187"],
"labeledSingleVariableTemplatesNumber_Empty_splitClauses_1":["0"],
"minedBinaryVariableTemplatesNumber_Unlabeled_splitClauses_0":["12"],
"labeledTemplateNumber_Random_splitClauses_0":["12"],
"minedBinaryVariableTemplatesNumber_All_splitClauses_1":["12"],
"unlabeledSingleVariableTemplatesNumber_All_splitClauses_0":["515"],
"smt2FileSizeByte_PredictedCDHG_splitClauses_1":["64279"],
"labeledBinaryVariableTemplatesNumber_PredictedCDHG_splitClauses_0":["12"],
"averagePredicateSize_RelationalEqs_splitClauses_1":["10800000"],
"minedSingleVariableTemplatesNumber_Term_splitClauses_0":["175"],
"labeledTemplateRelationSymbolNumber_Term_splitClauses_1":["6"],
"generatedPredicateNumber_Random_splitClauses_0":["10800000"],
"labeledBinaryVariableTemplatesNumber_Empty_splitClauses_1":["12"],
"clauseNumberAfterSimplification_Labeled_splitClauses_0":["69"],
"labeledSingleVariableTemplatesNumber_Labeled_splitClauses_0":["0"],
"minedTemplateNumber_Mined_splitClauses_1":["187"],
"labeledTemplateRelationSymbolNumber_Labeled_splitClauses_0":["6"],
"unlabeledTemplateRelationSymbolNumber_Mined_splitClauses_1":["19"],
"solvability_Labeled_splitClauses_0":["10800000"],
"minedTemplateNumber_RelationalEqs_splitClauses_1":["187"],
"solvingTime_Random_splitClauses_1":["10800000"],
"minedTemplateNumber_Random_splitClauses_0":["187"],
"cegarIterationNumber_Unlabeled_splitClauses_1":["10800000"],
"minedTemplateNumber_RelationalIneqs_splitClauses_1":["187"],
"unlabeledBinaryVariableTemplatesNumber_Octagon_splitClauses_1":["906"],
"minedSingleVariableTemplatesNumber_Octagon_splitClauses_1":["175"],
"minedSingleVariableTemplatesNumber_Random_splitClauses_1":["175"],
"averagePredicateSize_All_splitClauses_1":["10800000"],
"minedTemplateNumber_Empty_splitClauses_0":["187"],
"labeledTemplateNumber_Mined_splitClauses_0":["12"],
"unlabeledBinaryVariableTemplatesNumber_All_splitClauses_0":["906"],
"labeledSingleVariableTemplatesNumber_PredictedCDHG_splitClauses_1":["0"],
"minedSingleVariableTemplatesNumber_Mined_splitClauses_1":["175"],
"labeledTemplateRelationSymbolNumber_Term_splitClauses_0":["6"],
"unlabeledTemplateRelationSymbolNumber_Term_splitClauses_1":["19"],
"predicateGeneratorTime_All_splitClauses_1":["10800000"],
"unlabeledSingleVariableTemplatesNumber_Random_splitClauses_0":["515"],
"predicateGeneratorTime_Unlabeled_splitClauses_1":["10800000"],
"cegarIterationNumber_PredictedCDHG_splitClauses_0":["10800000"],
"labeledTemplateNumber_RelationalEqs_splitClauses_0":["12"],
"labeledTemplateRelationSymbolNumber_Mined_splitClauses_1":["6"],
"labeledTemplateRelationSymbolNumber_Random_splitClauses_0":["6"],
"labeledBinaryVariableTemplatesNumber_RelationalEqs_splitClauses_1":["12"],
"generatedPredicateNumber_RelationalIneqs_splitClauses_1":["10800000"],
"unlabeledTemplateRelationSymbolNumber_PredictedCG_splitClauses_1":["19"],
"unlabeledSingleVariableTemplatesNumber_RelationalEqs_splitClauses_0":["515"],
"labeledBinaryVariableTemplatesNumber_Labeled_splitClauses_0":["12"],
"minedBinaryVariableTemplatesNumber_PredictedCDHG_splitClauses_0":["12"],
"unlabeledTemplateRelationSymbolNumber_Unlabeled_splitClauses_0":["19"],
"clauseNumberAfterSimplification_Term_splitClauses_1":["69"],
"relationSymbolNumber_RelationalIneqs_splitClauses_0":["134"],
"unlabeledTemplateNumber_Octagon_splitClauses_0":["1421"],
"unlabeledBinaryVariableTemplatesNumber_RelationalEqs_splitClauses_1":["906"],
"unlabeledTemplateNumber_PredictedCG_splitClauses_0":["1421"],
"unlabeledTemplateNumber_All_splitClauses_0":["1421"],
"labeledTemplateRelationSymbolNumber_RelationalIneqs_splitClauses_1":["6"],
"unlabeledSingleVariableTemplatesNumber_Mined_splitClauses_1":["515"],
"labeledTemplateRelationSymbolNumber_Unlabeled_splitClauses_1":["6"],
"labeledBinaryVariableTemplatesNumber_Random_splitClauses_1":["12"],
"relationSymbolNumber_RelationalEqs_splitClauses_0":["134"],
"solvability_Random_splitClauses_1":["10800000"],
"solvingTime_Term_splitClauses_0":["10800000"],
"minedSingleVariableTemplatesNumber_Labeled_splitClauses_1":["175"],
"relationSymbolNumber_Random_splitClauses_0":["134"],
"clauseNumberBeforeSimplification_Term_splitClauses_0":["78"],
"minedTemplateRelationSymbolNumber_Mined_splitClauses_0":["19"],
"solvability_Octagon_splitClauses_1":["10800000"],
"relationSymbolNumber_Labeled_splitClauses_1":["134"],
"minedSingleVariableTemplatesNumber_RelationalIneqs_splitClauses_1":["175"],
"smt2FileSizeByte_Labeled_splitClauses_0":["64279"],
"solvability_RelationalEqs_splitClauses_1":["10800000"],
"unlabeledSingleVariableTemplatesNumber_Empty_splitClauses_1":["515"],
"labeledTemplateNumber_PredictedCDHG_splitClauses_1":["12"],
"minedTemplateRelationSymbolNumber_Octagon_splitClauses_0":["19"],
"clauseNumberAfterSimplification_Unlabeled_splitClauses_0":["69"],
"clauseNumberBeforeSimplification_Unlabeled_splitClauses_0":["78"],
"clauseNumberBeforeSimplification_PredictedCDHG_splitClauses_0":["78"],
"cegarIterationNumber_RelationalIneqs_splitClauses_0":["10800000"],
"relationSymbolNumber_All_splitClauses_0":["134"],
"labeledTemplateRelationSymbolNumber_RelationalEqs_splitClauses_0":["6"],
"averagePredicateSize_Labeled_splitClauses_0":["10800000"],
"smt2FileSizeByte_RelationalIneqs_splitClauses_1":["64279"],
"clauseNumberBeforeSimplification_RelationalEqs_splitClauses_1":["78"],
"unlabeledTemplateRelationSymbolNumber_RelationalIneqs_splitClauses_1":["19"],
"clauseNumberBeforeSimplification_PredictedCG_splitClauses_0":["78"],
"solvingTime_PredictedCDHG_splitClauses_0":["10800000"],
"labeledTemplateRelationSymbolNumber_Octagon_splitClauses_1":["6"],
"minedTemplateRelationSymbolNumber_PredictedCG_splitClauses_1":["19"],
"labeledTemplateNumber_Random_splitClauses_1":["12"],
"solvingTime_RelationalIneqs_splitClauses_0":["10800000"],
"labeledTemplateNumber_All_splitClauses_1":["12"],
"unlabeledTemplateNumber_Random_splitClauses_1":["1421"],
"relationSymbolNumber_PredictedCDHG_splitClauses_1":["134"],
"smt2FileSizeByte_Unlabeled_splitClauses_1":["64279"],
"cegarIterationNumber_PredictedCG_splitClauses_0":["10800000"],
"predicateGeneratorTime_Octagon_splitClauses_0":["10800000"],
"unlabeledTemplateNumber_RelationalEqs_splitClauses_1":["1421"],
"clauseNumberAfterSimplification_Octagon_splitClauses_0":["69"],
"cegarIterationNumber_Random_splitClauses_0":["10800000"],
"solvability_PredictedCDHG_splitClauses_1":["10800000"],
"solvability_PredictedCG_splitClauses_0":["10800000"],
"solvingTime_PredictedCG_splitClauses_1":["10800000"],
"unlabeledSingleVariableTemplatesNumber_Unlabeled_splitClauses_0":["515"],
"unlabeledTemplateNumber_Unlabeled_splitClauses_0":["1421"],
"labeledTemplateRelationSymbolNumber_RelationalIneqs_splitClauses_0":["6"],
"minedTemplateNumber_Random_splitClauses_1":["187"],
"relationSymbolNumber_PredictedCG_splitClauses_0":["134"],
"generatedPredicateNumber_RelationalEqs_splitClauses_0":["10800000"],
"minedTemplateNumber_Term_splitClauses_0":["187"],
"solvingTime_All_splitClauses_1":["10800000"],
"minedSingleVariableTemplatesNumber_PredictedCG_splitClauses_0":["175"],
"smt2FileSizeByte_Term_splitClauses_1":["64279"],
"labeledBinaryVariableTemplatesNumber_All_splitClauses_0":["12"],
"minedTemplateNumber_PredictedCDHG_splitClauses_1":["187"],
"minedTemplateRelationSymbolNumber_PredictedCDHG_splitClauses_0":["19"],
"averagePredicateSize_Unlabeled_splitClauses_0":["10800000"],
"minedBinaryVariableTemplatesNumber_Octagon_splitClauses_1":["12"],
"unlabeledSingleVariableTemplatesNumber_Random_splitClauses_1":["515"],
"clauseNumberBeforeSimplification_Random_splitClauses_0":["78"],
"solvingTime_Unlabeled_splitClauses_1":["10800000"],
"predicateGeneratorTime_PredictedCDHG_splitClauses_1":["10800000"],
"averagePredicateSize_PredictedCDHG_splitClauses_0":["10800000"],
"minedBinaryVariableTemplatesNumber_Term_splitClauses_0":["12"],
"labeledTemplateNumber_RelationalIneqs_splitClauses_0":["12"],
"clauseNumberAfterSimplification_Random_splitClauses_0":["69"],
"clauseNumberAfterSimplification_PredictedCG_splitClauses_0":["69"],
"generatedPredicateNumber_Empty_splitClauses_1":["10800000"],
"clauseNumberBeforeSimplification_Octagon_splitClauses_0":["78"],
"unlabeledTemplateNumber_Empty_splitClauses_0":["1421"],
"minedSingleVariableTemplatesNumber_All_splitClauses_0":["175"],
"labeledTemplateRelationSymbolNumber_Octagon_splitClauses_0":["6"],
"generatedPredicateNumber_Random_splitClauses_1":["10800000"],
"clauseNumberAfterSimplification_RelationalEqs_splitClauses_0":["69"],
"labeledBinaryVariableTemplatesNumber_Term_splitClauses_0":["12"],
"minedSingleVariableTemplatesNumber_RelationalEqs_splitClauses_0":["175"],
"minedTemplateNumber_Mined_splitClauses_0":["187"],
"averagePredicateSize_Octagon_splitClauses_0":["10800000"],
"unlabeledBinaryVariableTemplatesNumber_Empty_splitClauses_1":["906"],
"relationSymbolNumber_Unlabeled_splitClauses_0":["134"],
"unlabeledSingleVariableTemplatesNumber_PredictedCDHG_splitClauses_0":["515"],
"unlabeledSingleVariableTemplatesNumber_PredictedCG_splitClauses_1":["515"],
"labeledTemplateRelationSymbolNumber_Labeled_splitClauses_1":["6"],
"minedTemplateRelationSymbolNumber_Random_splitClauses_0":["19"],
"unlabeledTemplateRelationSymbolNumber_PredictedCG_splitClauses_0":["19"],
"unlabeledTemplateNumber_RelationalIneqs_splitClauses_0":["1421"],
"unlabeledSingleVariableTemplatesNumber_Labeled_splitClauses_0":["515"],
"minedTemplateNumber_Unlabeled_splitClauses_1":["187"],
"generatedPredicateNumber_PredictedCG_splitClauses_0":["10800000"],
"labeledTemplateNumber_Unlabeled_splitClauses_1":["12"],
"unlabeledTemplateRelationSymbolNumber_Empty_splitClauses_1":["19"],
"clauseNumberBeforeSimplification_Empty_splitClauses_0":["78"],
"solvingTime_Octagon_splitClauses_1":["10800000"],
"cegarIterationNumber_Mined_splitClauses_1":["11"],
"clauseNumberBeforeSimplification_Mined_splitClauses_1":["78"],
"smt2FileSizeByte_PredictedCDHG_splitClauses_0":["64279"],
"averagePredicateSize_PredictedCG_splitClauses_0":["10800000"],
"solvingTime_Random_splitClauses_0":["10800000"],
"minedTemplateNumber_RelationalEqs_splitClauses_0":["187"],
"unlabeledSingleVariableTemplatesNumber_RelationalIneqs_splitClauses_0":["515"],
"unlabeledTemplateNumber_Unlabeled_splitClauses_1":["1421"],
"labeledBinaryVariableTemplatesNumber_RelationalEqs_splitClauses_0":["12"],
"generatedPredicateNumber_PredictedCDHG_splitClauses_0":["10800000"],
"minedTemplateRelationSymbolNumber_Empty_splitClauses_1":["19"],
"predicateGeneratorTime_Random_splitClauses_1":["10800000"],
"labeledTemplateNumber_Term_splitClauses_1":["12"],
"minedSingleVariableTemplatesNumber_Empty_splitClauses_1":["175"],
"minedSingleVariableTemplatesNumber_RelationalIneqs_splitClauses_0":["175"],
"clauseNumberAfterSimplification_All_splitClauses_0":["69"],
"unlabeledBinaryVariableTemplatesNumber_RelationalEqs_splitClauses_0":["906"],
"cegarIterationNumber_RelationalEqs_splitClauses_0":["10800000"],
"labeledTemplateRelationSymbolNumber_PredictedCDHG_splitClauses_0":["6"],
"labeledSingleVariableTemplatesNumber_Labeled_splitClauses_1":["0"],
"unlabeledBinaryVariableTemplatesNumber_All_splitClauses_1":["906"],
"minedTemplateRelationSymbolNumber_Unlabeled_splitClauses_1":["19"],
"solvingTime_RelationalEqs_splitClauses_0":["10800000"],
"solvingTime_RelationalEqs_splitClauses_1":["10800000"],
"minedBinaryVariableTemplatesNumber_Mined_splitClauses_0":["12"],
"clauseNumberBeforeSimplification_All_splitClauses_0":["78"],
"clauseNumberBeforeSimplification_RelationalIneqs_splitClauses_1":["78"],
"labeledTemplateNumber_RelationalEqs_splitClauses_1":["12"],
"labeledBinaryVariableTemplatesNumber_RelationalIneqs_splitClauses_0":["12"],
"clauseNumberAfterSimplification_Empty_splitClauses_0":["69"],
"averagePredicateSize_Empty_splitClauses_0":["10800000"],
"relationSymbolNumber_PredictedCG_splitClauses_1":["134"],
"unlabeledTemplateNumber_Term_splitClauses_1":["1421"],
"predicateGeneratorTime_Mined_splitClauses_1":["929"],
"relationSymbolNumber_Mined_splitClauses_0":["134"],
"labeledBinaryVariableTemplatesNumber_RelationalIneqs_splitClauses_1":["12"],
"predicateGeneratorTime_Unlabeled_splitClauses_0":["10800000"],
"generatedPredicateNumber_Mined_splitClauses_0":["10800000"],
"generatedPredicateNumber_RelationalEqs_splitClauses_1":["10800000"],
"labeledTemplateRelationSymbolNumber_PredictedCG_splitClauses_0":["6"],
"minedSingleVariableTemplatesNumber_PredictedCG_splitClauses_1":["175"],
"minedTemplateRelationSymbolNumber_PredictedCG_splitClauses_0":["19"],
"unlabeledTemplateRelationSymbolNumber_Labeled_splitClauses_0":["19"],
"solvability_Empty_splitClauses_1":["10800000"],
"averagePredicateSize_Term_splitClauses_0":["10800000"],
"cegarIterationNumber_Random_splitClauses_1":["10800000"],
"relationSymbolNumber_All_splitClauses_1":["134"],
"averagePredicateSize_Labeled_splitClauses_1":["10800000"],
"unlabeledBinaryVariableTemplatesNumber_Unlabeled_splitClauses_0":["906"],
"generatedPredicateNumber_Unlabeled_splitClauses_1":["10800000"],
"predicateGeneratorTime_All_splitClauses_0":["10800000"],
"unlabeledBinaryVariableTemplatesNumber_PredictedCDHG_splitClauses_1":["906"],
"clauseNumberBeforeSimplification_Labeled_splitClauses_1":["78"],
"minedBinaryVariableTemplatesNumber_Labeled_splitClauses_1":["12"],
"labeledSingleVariableTemplatesNumber_All_splitClauses_0":["0"],
"unlabeledTemplateRelationSymbolNumber_Mined_splitClauses_0":["19"],
"cegarIterationNumber_Octagon_splitClauses_1":["10800000"],
"labeledTemplateNumber_Octagon_splitClauses_0":["12"],
"labeledTemplateRelationSymbolNumber_All_splitClauses_1":["6"],
"smt2FileSizeByte_Empty_splitClauses_0":["64279"],
"relationSymbolNumber_RelationalIneqs_splitClauses_1":["134"],
"unlabeledTemplateNumber_Octagon_splitClauses_1":["1421"],
"predicateGeneratorTime_RelationalEqs_splitClauses_0":["10800000"],
"unlabeledTemplateRelationSymbolNumber_RelationalIneqs_splitClauses_0":["19"],
"smt2FileSizeByte_RelationalEqs_splitClauses_1":["64279"],
"unlabeledTemplateNumber_Labeled_splitClauses_0":["1421"],
"relationSymbolNumber_Random_splitClauses_1":["134"],
"minedSingleVariableTemplatesNumber_Labeled_splitClauses_0":["175"],
"solvingTime_PredictedCDHG_splitClauses_1":["10800000"],
"minedTemplateNumber_Octagon_splitClauses_1":["187"],
"clauseNumberBeforeSimplification_Mined_splitClauses_0":["78"],
"smt2FileSizeByte_All_splitClauses_0":["64279"],
"solvingTime_All_splitClauses_0":["10800000"],
"minedBinaryVariableTemplatesNumber_Term_splitClauses_1":["12"],
"unlabeledTemplateRelationSymbolNumber_Random_splitClauses_0":["19"],
"cegarIterationNumber_All_splitClauses_0":["10800000"],
"smt2FileSizeByte_RelationalEqs_splitClauses_0":["64279"],
"unlabeledSingleVariableTemplatesNumber_PredictedCDHG_splitClauses_1":["515"],
"clauseNumberBeforeSimplification_Labeled_splitClauses_0":["78"],
"cegarIterationNumber_PredictedCG_splitClauses_1":["10800000"],
"labeledTemplateRelationSymbolNumber_Unlabeled_splitClauses_0":["6"],
"unlabeledTemplateRelationSymbolNumber_Octagon_splitClauses_1":["19"],
"unlabeledTemplateNumber_Empty_splitClauses_1":["1421"],
"clauseNumberBeforeSimplification_Octagon_splitClauses_1":["78"],
"labeledTemplateNumber_Unlabeled_splitClauses_0":["12"],
"labeledBinaryVariableTemplatesNumber_PredictedCG_splitClauses_0":["12"],
"solvability_Term_splitClauses_1":["10800000"],
"solvability_Octagon_splitClauses_0":["10800000"],
"minedTemplateRelationSymbolNumber_RelationalIneqs_splitClauses_0":["19"],
"clauseNumberBeforeSimplification_RelationalIneqs_splitClauses_0":["78"],
"labeledTemplateNumber_PredictedCG_splitClauses_0":["12"],
"cegarIterationNumber_Labeled_splitClauses_0":["10800000"],
"smt2FileSizeByte_Labeled_splitClauses_1":["64279"],
"clauseNumberBeforeSimplification_Unlabeled_splitClauses_1":["78"],
"generatedPredicateNumber_Term_splitClauses_1":["10800000"],
"solvingTime_Term_splitClauses_1":["10800000"],
"unlabeledBinaryVariableTemplatesNumber_Random_splitClauses_1":["906"],
"unlabeledSingleVariableTemplatesNumber_Octagon_splitClauses_0":["515"],
"solvingTime_Octagon_splitClauses_0":["10800000"],
"labeledSingleVariableTemplatesNumber_Mined_splitClauses_1":["0"],
"averagePredicateSize_Term_splitClauses_1":["10800000"],
"labeledTemplateNumber_Labeled_splitClauses_0":["12"],
"unlabeledSingleVariableTemplatesNumber_PredictedCG_splitClauses_0":["515"],
"smt2FileSizeByte_Mined_splitClauses_1":["64279"],
"labeledBinaryVariableTemplatesNumber_Unlabeled_splitClauses_1":["12"],
"labeledTemplateNumber_All_splitClauses_0":["12"],
"unlabeledTemplateNumber_Random_splitClauses_0":["1421"],
"labeledTemplateNumber_Octagon_splitClauses_1":["12"],
"unlabeledTemplateNumber_PredictedCDHG_splitClauses_1":["1421"],
"unlabeledBinaryVariableTemplatesNumber_Mined_splitClauses_0":["906"],
"minedTemplateRelationSymbolNumber_Mined_splitClauses_1":["19"],
"labeledTemplateNumber_RelationalIneqs_splitClauses_1":["12"],
"solvability_Term_splitClauses_0":["10800000"],
"relationSymbolNumber_Octagon_splitClauses_0":["134"],
"clauseNumberBeforeSimplification_PredictedCG_splitClauses_1":["78"],
"generatedPredicateNumber_Labeled_splitClauses_1":["10800000"],
"labeledSingleVariableTemplatesNumber_Unlabeled_splitClauses_0":["0"],
"unlabeledBinaryVariableTemplatesNumber_Empty_splitClauses_0":["906"],
"solvingTime_Mined_splitClauses_0":["10800000"],
"unlabeledTemplateNumber_All_splitClauses_1":["1421"],
"clauseNumberAfterSimplification_Random_splitClauses_1":["69"],
"labeledBinaryVariableTemplatesNumber_Octagon_splitClauses_1":["12"],
"unlabeledBinaryVariableTemplatesNumber_Labeled_splitClauses_0":["906"],
"smt2FileSizeByte_Octagon_splitClauses_0":["64279"],
"labeledSingleVariableTemplatesNumber_Random_splitClauses_1":["0"],
"solvability_Unlabeled_splitClauses_0":["10800000"],
"solvingTime_Unlabeled_splitClauses_0":["10800000"],
"unlabeledTemplateRelationSymbolNumber_All_splitClauses_1":["19"],
"minedTemplateNumber_Empty_splitClauses_1":["187"],
"solvability_RelationalIneqs_splitClauses_0":["10800000"],
"unlabeledTemplateRelationSymbolNumber_Labeled_splitClauses_1":["19"],
"cegarIterationNumber_RelationalEqs_splitClauses_1":["10800000"],
"minedSingleVariableTemplatesNumber_RelationalEqs_splitClauses_1":["175"],
"clauseNumberAfterSimplification_PredictedCDHG_splitClauses_1":["69"],
"minedBinaryVariableTemplatesNumber_RelationalIneqs_splitClauses_1":["12"],
"unlabeledBinaryVariableTemplatesNumber_Mined_splitClauses_1":["906"],
"unlabeledBinaryVariableTemplatesNumber_PredictedCDHG_splitClauses_0":["906"],
"solvingTime_Empty_splitClauses_1":["10800000"],
"labeledTemplateRelationSymbolNumber_Empty_splitClauses_1":["6"],
"generatedPredicateNumber_Term_splitClauses_0":["10800000"],
"averagePredicateSize_Empty_splitClauses_1":["10800000"],
"generatedPredicateNumber_PredictedCG_splitClauses_1":["10800000"],
"labeledTemplateRelationSymbolNumber_PredictedCDHG_splitClauses_1":["6"],
"relationSymbolNumber_Mined_splitClauses_1":["134"],
"predicateGeneratorTime_Mined_splitClauses_0":["10800000"],
"predicateGeneratorTime_Labeled_splitClauses_0":["10800000"],
"labeledSingleVariableTemplatesNumber_Random_splitClauses_0":["0"],
"unlabeledTemplateRelationSymbolNumber_All_splitClauses_0":["19"],
"minedBinaryVariableTemplatesNumber_Labeled_splitClauses_0":["12"],
"generatedPredicateNumber_Labeled_splitClauses_0":["10800000"],
"relationSymbolNumber_Empty_splitClauses_0":["134"],
"solvingTime_Mined_splitClauses_1":["1348"],
"minedSingleVariableTemplatesNumber_All_splitClauses_1":["175"],
"predicateGeneratorTime_Random_splitClauses_0":["10800000"],
"cegarIterationNumber_Term_splitClauses_1":["10800000"],
"labeledTemplateNumber_Empty_splitClauses_1":["12"],
"clauseNumberAfterSimplification_Empty_splitClauses_1":["69"],
"minedTemplateRelationSymbolNumber_Empty_splitClauses_0":["19"],
"unlabeledSingleVariableTemplatesNumber_Term_splitClauses_0":["515"],
"minedSingleVariableTemplatesNumber_Empty_splitClauses_0":["175"],
"minedTemplateRelationSymbolNumber_RelationalEqs_splitClauses_0":["19"],
"cegarIterationNumber_Empty_splitClauses_0":["10800000"],
"minedBinaryVariableTemplatesNumber_RelationalEqs_splitClauses_1":["12"],
"labeledSingleVariableTemplatesNumber_All_splitClauses_1":["0"],
"unlabeledTemplateRelationSymbolNumber_Octagon_splitClauses_0":["19"],
"minedTemplateRelationSymbolNumber_Unlabeled_splitClauses_0":["19"],
"labeledBinaryVariableTemplatesNumber_Mined_splitClauses_0":["12"],
"minedTemplateNumber_PredictedCG_splitClauses_1":["187"],
"cegarIterationNumber_Empty_splitClauses_1":["10800000"],
"averagePredicateSize_RelationalIneqs_splitClauses_0":["10800000"],
"solvability_All_splitClauses_1":["10800000"],
"unlabeledBinaryVariableTemplatesNumber_Term_splitClauses_1":["906"],
"relationSymbolNumber_PredictedCDHG_splitClauses_0":["134"],
"minedTemplateRelationSymbolNumber_Labeled_splitClauses_1":["19"],
"averagePredicateSize_Unlabeled_splitClauses_1":["10800000"],
"labeledTemplateNumber_Term_splitClauses_0":["12"],
"smt2FileSizeByte_Empty_splitClauses_1":["64279"],
"solvingTime_PredictedCG_splitClauses_0":["10800000"],
"relationSymbolNumber_Term_splitClauses_0":["134"],
"cegarIterationNumber_All_splitClauses_1":["10800000"],
"clauseNumberBeforeSimplification_Term_splitClauses_1":["78"],
"predicateGeneratorTime_Empty_splitClauses_0":["10800000"],
"averagePredicateSize_All_splitClauses_0":["10800000"],
"unlabeledBinaryVariableTemplatesNumber_Random_splitClauses_0":["906"],
"smt2FileSizeByte_Term_splitClauses_0":["64279"],
"averagePredicateSize_Mined_splitClauses_1":["1"],
"minedBinaryVariableTemplatesNumber_Empty_splitClauses_0":["12"],
"minedTemplateRelationSymbolNumber_All_splitClauses_1":["19"],
"labeledSingleVariableTemplatesNumber_PredictedCG_splitClauses_0":["0"],
"unlabeledBinaryVariableTemplatesNumber_RelationalIneqs_splitClauses_0":["906"],
"unlabeledSingleVariableTemplatesNumber_RelationalIneqs_splitClauses_1":["515"],
"clauseNumberAfterSimplification_RelationalIneqs_splitClauses_0":["69"],
"unlabeledTemplateNumber_RelationalEqs_splitClauses_0":["1421"],
"unlabeledTemplateNumber_RelationalIneqs_splitClauses_1":["1421"],
"labeledTemplateRelationSymbolNumber_PredictedCG_splitClauses_1":["6"],
"labeledTemplateRelationSymbolNumber_All_splitClauses_0":["6"],
"labeledSingleVariableTemplatesNumber_Octagon_splitClauses_0":["0"],
"dummyFiled":[]
}