{
"smt2FileSizeByte_All_splitClauses_1":["17833"],
"generatedPredicateNumber_All_splitClauses_1":["10800000"],
"unlabeledTemplateRelationSymbolNumber_PredictedCDHG_splitClauses_0":["5"],
"relationSymbolNumberBeforeSimplification_Unlabeled_splitClauses_1":["97"],
"predicateGeneratorTime_Term_splitClauses_0":["10800000"],
"averagePredicateSize_Random_splitClauses_1":["1"],
"labeledBinaryVariableTemplatesNumber_Labeled_splitClauses_1":["13"],
"clauseNumberBeforeSimplification_All_splitClauses_1":["50"],
"minedTemplateRelationSymbolNumber_Term_splitClauses_0":["5"],
"solvingTime_Labeled_splitClauses_1":["321"],
"unlabeledTemplateNumber_Labeled_splitClauses_1":["243"],
"relationSymbolNumberAfterSimplification_All_splitClauses_1":["24"],
"minedTemplateRelationSymbolNumber_Octagon_splitClauses_1":["5"],
"clauseNumberAfterSimplification_Mined_splitClauses_1":["16"],
"relationSymbolNumberBeforeSimplification_Octagon_splitClauses_0":["97"],
"unlabeledBinaryVariableTemplatesNumber_Term_splitClauses_0":["150"],
"labeledTemplateNumber_PredictedCDHG_splitClauses_0":["14"],
"solvability_Empty_splitClauses_0":["10800000"],
"unlabeledTemplateRelationSymbolNumber_Random_splitClauses_1":["5"],
"labeledBinaryVariableTemplatesNumber_Octagon_splitClauses_0":["13"],
"relationSymbolNumberBeforeSimplification_Random_splitClauses_1":["97"],
"minedTemplateRelationSymbolNumber_Random_splitClauses_1":["5"],
"unlabeledSingleVariableTemplatesNumber_Mined_splitClauses_0":["93"],
"unlabeledBinaryVariableTemplatesNumber_PredictedCG_splitClauses_1":["150"],
"solvability_All_splitClauses_0":["10800000"],
"predicateGeneratorTime_RelationalEqs_splitClauses_1":["278"],
"relationSymbolNumberBeforeSimplification_PredictedCDHG_splitClauses_1":["97"],
"smt2FileSizeByte_PredictedCG_splitClauses_1":["17833"],
"labeledSingleVariableTemplatesNumber_Unlabeled_splitClauses_1":["1"],
"labeledBinaryVariableTemplatesNumber_PredictedCG_splitClauses_1":["13"],
"minedBinaryVariableTemplatesNumber_PredictedCG_splitClauses_0":["13"],
"solvability_Random_splitClauses_0":["10800000"],
"relationSymbolNumberAfterSimplification_PredictedCG_splitClauses_1":["24"],
"clauseNumberBeforeSimplification_PredictedCDHG_splitClauses_1":["50"],
"labeledSingleVariableTemplatesNumber_Mined_splitClauses_0":["1"],
"solvability_Unlabeled_splitClauses_1":["1"],
"cegarIterationNumber_Labeled_splitClauses_1":["7"],
"smt2FileSizeByte_Mined_splitClauses_0":["17833"],
"relationSymbolNumberAfterSimplification_Mined_splitClauses_0":["24"],
"labeledSingleVariableTemplatesNumber_PredictedCG_splitClauses_1":["1"],
"smt2FileSizeByte_Octagon_splitClauses_1":["17833"],
"minedTemplateNumber_Labeled_splitClauses_1":["46"],
"labeledSingleVariableTemplatesNumber_RelationalIneqs_splitClauses_1":["1"],
"clauseNumberAfterSimplification_Labeled_splitClauses_1":["16"],
"relationSymbolNumberAfterSimplification_Labeled_splitClauses_0":["24"],
"smt2FileSizeByte_Random_splitClauses_0":["17833"],
"relationSymbolNumberAfterSimplification_PredictedCDHG_splitClauses_0":["24"],
"unlabeledTemplateRelationSymbolNumber_PredictedCDHG_splitClauses_1":["5"],
"labeledSingleVariableTemplatesNumber_Term_splitClauses_0":["1"],
"generatedPredicateNumber_PredictedCDHG_splitClauses_1":["10800000"],
"minedSingleVariableTemplatesNumber_Unlabeled_splitClauses_0":["33"],
"generatedPredicateNumber_Octagon_splitClauses_1":["16"],
"labeledSingleVariableTemplatesNumber_RelationalEqs_splitClauses_0":["1"],
"predicateGeneratorTime_PredictedCG_splitClauses_1":["10800000"],
"relationSymbolNumberAfterSimplification_Octagon_splitClauses_0":["24"],
"labeledTemplateNumber_Labeled_splitClauses_1":["14"],
"labeledSingleVariableTemplatesNumber_Empty_splitClauses_0":["1"],
"minedTemplateRelationSymbolNumber_RelationalIneqs_splitClauses_1":["5"],
"unlabeledSingleVariableTemplatesNumber_All_splitClauses_1":["93"],
"labeledBinaryVariableTemplatesNumber_PredictedCDHG_splitClauses_1":["13"],
"unlabeledSingleVariableTemplatesNumber_RelationalEqs_splitClauses_1":["93"],
"cegarIterationNumber_Term_splitClauses_0":["10800000"],
"unlabeledBinaryVariableTemplatesNumber_Labeled_splitClauses_1":["150"],
"unlabeledSingleVariableTemplatesNumber_Term_splitClauses_1":["93"],
"clauseNumberAfterSimplification_All_splitClauses_1":["16"],
"minedSingleVariableTemplatesNumber_Random_splitClauses_0":["33"],
"solvability_RelationalIneqs_splitClauses_1":["1"],
"minedTemplateNumber_Labeled_splitClauses_0":["46"],
"minedSingleVariableTemplatesNumber_Octagon_splitClauses_0":["33"],
"minedSingleVariableTemplatesNumber_Term_splitClauses_1":["33"],
"minedBinaryVariableTemplatesNumber_PredictedCDHG_splitClauses_1":["13"],
"generatedPredicateNumber_Mined_splitClauses_1":["16"],
"labeledSingleVariableTemplatesNumber_RelationalIneqs_splitClauses_0":["1"],
"averagePredicateSize_Mined_splitClauses_0":["10800000"],
"cegarIterationNumber_Unlabeled_splitClauses_0":["10800000"],
"minedBinaryVariableTemplatesNumber_Random_splitClauses_0":["13"],
"labeledTemplateNumber_Mined_splitClauses_1":["14"],
"labeledBinaryVariableTemplatesNumber_Random_splitClauses_0":["13"],
"unlabeledTemplateRelationSymbolNumber_Unlabeled_splitClauses_1":["5"],
"cegarIterationNumber_Mined_splitClauses_0":["10800000"],
"minedTemplateRelationSymbolNumber_Labeled_splitClauses_0":["5"],
"unlabeledBinaryVariableTemplatesNumber_RelationalIneqs_splitClauses_1":["150"],
"unlabeledBinaryVariableTemplatesNumber_Octagon_splitClauses_0":["150"],
"solvability_Mined_splitClauses_0":["10800000"],
"averagePredicateSize_RelationalEqs_splitClauses_0":["10800000"],
"clauseNumberAfterSimplification_Term_splitClauses_0":["16"],
"unlabeledTemplateNumber_Mined_splitClauses_0":["243"],
"relationSymbolNumberAfterSimplification_Random_splitClauses_1":["24"],
"unlabeledTemplateNumber_PredictedCDHG_splitClauses_0":["243"],
"cegarIterationNumber_RelationalIneqs_splitClauses_1":["7"],
"minedBinaryVariableTemplatesNumber_Unlabeled_splitClauses_1":["13"],
"labeledTemplateNumber_PredictedCG_splitClauses_1":["14"],
"labeledTemplateRelationSymbolNumber_Mined_splitClauses_0":["5"],
"labeledBinaryVariableTemplatesNumber_Mined_splitClauses_1":["13"],
"relationSymbolNumberBeforeSimplification_Mined_splitClauses_0":["97"],
"relationSymbolNumberBeforeSimplification_RelationalIneqs_splitClauses_0":["97"],
"clauseNumberAfterSimplification_RelationalIneqs_splitClauses_1":["16"],
"minedSingleVariableTemplatesNumber_PredictedCDHG_splitClauses_0":["33"],
"solvability_Labeled_splitClauses_1":["1"],
"labeledSingleVariableTemplatesNumber_Octagon_splitClauses_1":["1"],
"averagePredicateSize_Random_splitClauses_0":["10800000"],
"smt2FileSizeByte_RelationalIneqs_splitClauses_0":["17833"],
"generatedPredicateNumber_Unlabeled_splitClauses_0":["10800000"],
"solvability_RelationalEqs_splitClauses_0":["10800000"],
"predicateGeneratorTime_Empty_splitClauses_1":["350"],
"minedSingleVariableTemplatesNumber_Mined_splitClauses_0":["33"],
"relationSymbolNumberAfterSimplification_Unlabeled_splitClauses_0":["24"],
"minedTemplateRelationSymbolNumber_PredictedCDHG_splitClauses_1":["5"],
"minedTemplateNumber_PredictedCG_splitClauses_0":["46"],
"averagePredicateSize_RelationalIneqs_splitClauses_1":["1"],
"labeledTemplateRelationSymbolNumber_Random_splitClauses_1":["5"],
"minedTemplateNumber_RelationalIneqs_splitClauses_0":["46"],
"predicateGeneratorTime_RelationalIneqs_splitClauses_0":["10800000"],
"labeledTemplateRelationSymbolNumber_Empty_splitClauses_0":["5"],
"minedBinaryVariableTemplatesNumber_Octagon_splitClauses_0":["13"],
"labeledSingleVariableTemplatesNumber_Term_splitClauses_1":["1"],
"labeledBinaryVariableTemplatesNumber_Empty_splitClauses_0":["13"],
"minedTemplateNumber_Octagon_splitClauses_0":["46"],
"labeledBinaryVariableTemplatesNumber_Unlabeled_splitClauses_0":["13"],
"relationSymbolNumberBeforeSimplification_Empty_splitClauses_0":["97"],
"clauseNumberAfterSimplification_PredictedCDHG_splitClauses_0":["16"],
"smt2FileSizeByte_PredictedCG_splitClauses_0":["17833"],
"minedBinaryVariableTemplatesNumber_RelationalEqs_splitClauses_0":["13"],
"relationSymbolNumberBeforeSimplification_Unlabeled_splitClauses_0":["97"],
"labeledTemplateRelationSymbolNumber_RelationalEqs_splitClauses_1":["5"],
"minedBinaryVariableTemplatesNumber_Random_splitClauses_1":["13"],
"clauseNumberAfterSimplification_Unlabeled_splitClauses_1":["16"],
"minedSingleVariableTemplatesNumber_PredictedCDHG_splitClauses_1":["33"],
"labeledBinaryVariableTemplatesNumber_Term_splitClauses_1":["13"],
"clauseNumberBeforeSimplification_Empty_splitClauses_1":["50"],
"relationSymbolNumberAfterSimplification_Octagon_splitClauses_1":["24"],
"relationSymbolNumberAfterSimplification_Term_splitClauses_0":["24"],
"minedBinaryVariableTemplatesNumber_Mined_splitClauses_1":["13"],
"unlabeledBinaryVariableTemplatesNumber_Unlabeled_splitClauses_1":["150"],
"relationSymbolNumberBeforeSimplification_Random_splitClauses_0":["97"],
"relationSymbolNumberAfterSimplification_PredictedCDHG_splitClauses_1":["24"],
"unlabeledTemplateNumber_PredictedCG_splitClauses_1":["243"],
"generatedPredicateNumber_Empty_splitClauses_0":["10800000"],
"predicateGeneratorTime_RelationalIneqs_splitClauses_1":["355"],
"unlabeledSingleVariableTemplatesNumber_Empty_splitClauses_0":["93"],
"cegarIterationNumber_Octagon_splitClauses_0":["10800000"],
"clauseNumberAfterSimplification_Octagon_splitClauses_1":["16"],
"unlabeledSingleVariableTemplatesNumber_Labeled_splitClauses_1":["93"],
"clauseNumberBeforeSimplification_Random_splitClauses_1":["50"],
"minedTemplateRelationSymbolNumber_All_splitClauses_0":["5"],
"unlabeledTemplateRelationSymbolNumber_RelationalEqs_splitClauses_0":["5"],
"minedSingleVariableTemplatesNumber_Unlabeled_splitClauses_1":["33"],
"clauseNumberBeforeSimplification_RelationalEqs_splitClauses_0":["50"],
"minedTemplateNumber_Unlabeled_splitClauses_0":["46"],
"generatedPredicateNumber_Octagon_splitClauses_0":["10800000"],
"predicateGeneratorTime_PredictedCDHG_splitClauses_0":["10800000"],
"clauseNumberAfterSimplification_PredictedCG_splitClauses_1":["16"],
"labeledSingleVariableTemplatesNumber_RelationalEqs_splitClauses_1":["1"],
"smt2FileSizeByte_Random_splitClauses_1":["17833"],
"averagePredicateSize_PredictedCG_splitClauses_1":["10800000"],
"cegarIterationNumber_PredictedCDHG_splitClauses_1":["10800000"],
"clauseNumberAfterSimplification_RelationalEqs_splitClauses_1":["16"],
"minedBinaryVariableTemplatesNumber_Empty_splitClauses_1":["13"],
"relationSymbolNumberAfterSimplification_RelationalEqs_splitClauses_1":["24"],
"minedTemplateNumber_PredictedCDHG_splitClauses_0":["46"],
"labeledBinaryVariableTemplatesNumber_All_splitClauses_1":["13"],
"solvingTime_RelationalIneqs_splitClauses_1":["518"],
"unlabeledTemplateRelationSymbolNumber_RelationalEqs_splitClauses_1":["5"],
"smt2FileSizeByte_Unlabeled_splitClauses_0":["17833"],
"relationSymbolNumberBeforeSimplification_Mined_splitClauses_1":["97"],
"relationSymbolNumberAfterSimplification_Mined_splitClauses_1":["24"],
"generatedPredicateNumber_All_splitClauses_0":["10800000"],
"relationSymbolNumberBeforeSimplification_Octagon_splitClauses_1":["97"],
"predicateGeneratorTime_Octagon_splitClauses_1":["322"],
"solvability_Mined_splitClauses_1":["1"],
"minedTemplateRelationSymbolNumber_Term_splitClauses_1":["5"],
"clauseNumberAfterSimplification_Mined_splitClauses_0":["16"],
"solvability_PredictedCDHG_splitClauses_0":["10800000"],
"solvingTime_Empty_splitClauses_0":["10800000"],
"unlabeledSingleVariableTemplatesNumber_Unlabeled_splitClauses_1":["93"],
"minedTemplateNumber_Term_splitClauses_1":["46"],
"averagePredicateSize_Octagon_splitClauses_1":["1"],
"unlabeledSingleVariableTemplatesNumber_Octagon_splitClauses_1":["93"],
"minedTemplateRelationSymbolNumber_RelationalEqs_splitClauses_1":["5"],
"relationSymbolNumberBeforeSimplification_All_splitClauses_1":["97"],
"minedBinaryVariableTemplatesNumber_RelationalIneqs_splitClauses_0":["13"],
"predicateGeneratorTime_Term_splitClauses_1":["259"],
"solvingTime_Labeled_splitClauses_0":["10800000"],
"unlabeledBinaryVariableTemplatesNumber_PredictedCG_splitClauses_0":["150"],
"minedTemplateNumber_All_splitClauses_0":["46"],
"predicateGeneratorTime_Labeled_splitClauses_1":["228"],
"unlabeledTemplateRelationSymbolNumber_Empty_splitClauses_0":["5"],
"unlabeledTemplateNumber_Mined_splitClauses_1":["243"],
"solvability_PredictedCG_splitClauses_1":["10800000"],
"unlabeledTemplateNumber_Term_splitClauses_0":["243"],
"minedBinaryVariableTemplatesNumber_PredictedCG_splitClauses_1":["13"],
"labeledSingleVariableTemplatesNumber_PredictedCDHG_splitClauses_0":["1"],
"minedBinaryVariableTemplatesNumber_All_splitClauses_0":["13"],
"averagePredicateSize_PredictedCDHG_splitClauses_1":["10800000"],
"predicateGeneratorTime_PredictedCG_splitClauses_0":["10800000"],
"generatedPredicateNumber_RelationalIneqs_splitClauses_0":["10800000"],
"labeledTemplateNumber_Empty_splitClauses_0":["14"],
"relationSymbolNumberAfterSimplification_RelationalIneqs_splitClauses_1":["24"],
"unlabeledTemplateRelationSymbolNumber_Term_splitClauses_0":["5"],
"minedTemplateNumber_All_splitClauses_1":["46"],
"labeledSingleVariableTemplatesNumber_Empty_splitClauses_1":["1"],
"minedBinaryVariableTemplatesNumber_Unlabeled_splitClauses_0":["13"],
"labeledTemplateNumber_Random_splitClauses_0":["14"],
"minedBinaryVariableTemplatesNumber_All_splitClauses_1":["13"],
"unlabeledSingleVariableTemplatesNumber_All_splitClauses_0":["93"],
"relationSymbolNumberBeforeSimplification_Labeled_splitClauses_1":["97"],
"smt2FileSizeByte_PredictedCDHG_splitClauses_1":["17833"],
"labeledBinaryVariableTemplatesNumber_PredictedCDHG_splitClauses_0":["13"],
"averagePredicateSize_RelationalEqs_splitClauses_1":["1"],
"minedSingleVariableTemplatesNumber_Term_splitClauses_0":["33"],
"labeledTemplateRelationSymbolNumber_Term_splitClauses_1":["5"],
"generatedPredicateNumber_Random_splitClauses_0":["10800000"],
"labeledBinaryVariableTemplatesNumber_Empty_splitClauses_1":["13"],
"relationSymbolNumberAfterSimplification_Term_splitClauses_1":["24"],
"clauseNumberAfterSimplification_Labeled_splitClauses_0":["16"],
"labeledSingleVariableTemplatesNumber_Labeled_splitClauses_0":["1"],
"minedTemplateNumber_Mined_splitClauses_1":["46"],
"labeledTemplateRelationSymbolNumber_Labeled_splitClauses_0":["5"],
"unlabeledTemplateRelationSymbolNumber_Mined_splitClauses_1":["5"],
"solvability_Labeled_splitClauses_0":["10800000"],
"minedTemplateNumber_RelationalEqs_splitClauses_1":["46"],
"solvingTime_Random_splitClauses_1":["405"],
"minedTemplateNumber_Random_splitClauses_0":["46"],
"cegarIterationNumber_Unlabeled_splitClauses_1":["7"],
"minedTemplateNumber_RelationalIneqs_splitClauses_1":["46"],
"unlabeledBinaryVariableTemplatesNumber_Octagon_splitClauses_1":["150"],
"minedSingleVariableTemplatesNumber_Octagon_splitClauses_1":["33"],
"minedSingleVariableTemplatesNumber_Random_splitClauses_1":["33"],
"averagePredicateSize_All_splitClauses_1":["10800000"],
"minedTemplateNumber_Empty_splitClauses_0":["46"],
"labeledTemplateNumber_Mined_splitClauses_0":["14"],
"unlabeledBinaryVariableTemplatesNumber_All_splitClauses_0":["150"],
"relationSymbolNumberAfterSimplification_Labeled_splitClauses_1":["24"],
"labeledSingleVariableTemplatesNumber_PredictedCDHG_splitClauses_1":["1"],
"minedSingleVariableTemplatesNumber_Mined_splitClauses_1":["33"],
"labeledTemplateRelationSymbolNumber_Term_splitClauses_0":["5"],
"unlabeledTemplateRelationSymbolNumber_Term_splitClauses_1":["5"],
"predicateGeneratorTime_All_splitClauses_1":["10800000"],
"unlabeledSingleVariableTemplatesNumber_Random_splitClauses_0":["93"],
"predicateGeneratorTime_Unlabeled_splitClauses_1":["225"],
"cegarIterationNumber_PredictedCDHG_splitClauses_0":["10800000"],
"labeledTemplateNumber_RelationalEqs_splitClauses_0":["14"],
"labeledTemplateRelationSymbolNumber_Mined_splitClauses_1":["5"],
"labeledTemplateRelationSymbolNumber_Random_splitClauses_0":["5"],
"labeledBinaryVariableTemplatesNumber_RelationalEqs_splitClauses_1":["13"],
"generatedPredicateNumber_RelationalIneqs_splitClauses_1":["16"],
"unlabeledTemplateRelationSymbolNumber_PredictedCG_splitClauses_1":["5"],
"unlabeledSingleVariableTemplatesNumber_RelationalEqs_splitClauses_0":["93"],
"labeledBinaryVariableTemplatesNumber_Labeled_splitClauses_0":["13"],
"minedBinaryVariableTemplatesNumber_PredictedCDHG_splitClauses_0":["13"],
"unlabeledTemplateRelationSymbolNumber_Unlabeled_splitClauses_0":["5"],
"clauseNumberAfterSimplification_Term_splitClauses_1":["16"],
"unlabeledTemplateNumber_Octagon_splitClauses_0":["243"],
"unlabeledBinaryVariableTemplatesNumber_RelationalEqs_splitClauses_1":["150"],
"unlabeledTemplateNumber_PredictedCG_splitClauses_0":["243"],
"unlabeledTemplateNumber_All_splitClauses_0":["243"],
"labeledTemplateRelationSymbolNumber_RelationalIneqs_splitClauses_1":["5"],
"unlabeledSingleVariableTemplatesNumber_Mined_splitClauses_1":["93"],
"labeledTemplateRelationSymbolNumber_Unlabeled_splitClauses_1":["5"],
"labeledBinaryVariableTemplatesNumber_Random_splitClauses_1":["13"],
"solvability_Random_splitClauses_1":["1"],
"solvingTime_Term_splitClauses_0":["10800000"],
"minedSingleVariableTemplatesNumber_Labeled_splitClauses_1":["33"],
"clauseNumberBeforeSimplification_Term_splitClauses_0":["50"],
"relationSymbolNumberBeforeSimplification_RelationalIneqs_splitClauses_1":["97"],
"minedTemplateRelationSymbolNumber_Mined_splitClauses_0":["5"],
"solvability_Octagon_splitClauses_1":["1"],
"minedSingleVariableTemplatesNumber_RelationalIneqs_splitClauses_1":["33"],
"smt2FileSizeByte_Labeled_splitClauses_0":["17833"],
"solvability_RelationalEqs_splitClauses_1":["1"],
"unlabeledSingleVariableTemplatesNumber_Empty_splitClauses_1":["93"],
"labeledTemplateNumber_PredictedCDHG_splitClauses_1":["14"],
"minedTemplateRelationSymbolNumber_Octagon_splitClauses_0":["5"],
"clauseNumberAfterSimplification_Unlabeled_splitClauses_0":["16"],
"clauseNumberBeforeSimplification_Unlabeled_splitClauses_0":["50"],
"clauseNumberBeforeSimplification_PredictedCDHG_splitClauses_0":["50"],
"cegarIterationNumber_RelationalIneqs_splitClauses_0":["10800000"],
"labeledTemplateRelationSymbolNumber_RelationalEqs_splitClauses_0":["5"],
"averagePredicateSize_Labeled_splitClauses_0":["10800000"],
"smt2FileSizeByte_RelationalIneqs_splitClauses_1":["17833"],
"clauseNumberBeforeSimplification_RelationalEqs_splitClauses_1":["50"],
"unlabeledTemplateRelationSymbolNumber_RelationalIneqs_splitClauses_1":["5"],
"clauseNumberBeforeSimplification_PredictedCG_splitClauses_0":["50"],
"solvingTime_PredictedCDHG_splitClauses_0":["10800000"],
"labeledTemplateRelationSymbolNumber_Octagon_splitClauses_1":["5"],
"minedTemplateRelationSymbolNumber_PredictedCG_splitClauses_1":["5"],
"relationSymbolNumberBeforeSimplification_RelationalEqs_splitClauses_1":["97"],
"labeledTemplateNumber_Random_splitClauses_1":["14"],
"solvingTime_RelationalIneqs_splitClauses_0":["10800000"],
"labeledTemplateNumber_All_splitClauses_1":["14"],
"unlabeledTemplateNumber_Random_splitClauses_1":["243"],
"relationSymbolNumberBeforeSimplification_All_splitClauses_0":["97"],
"smt2FileSizeByte_Unlabeled_splitClauses_1":["17833"],
"cegarIterationNumber_PredictedCG_splitClauses_0":["10800000"],
"predicateGeneratorTime_Octagon_splitClauses_0":["10800000"],
"unlabeledTemplateNumber_RelationalEqs_splitClauses_1":["243"],
"clauseNumberAfterSimplification_Octagon_splitClauses_0":["16"],
"cegarIterationNumber_Random_splitClauses_0":["10800000"],
"solvability_PredictedCDHG_splitClauses_1":["10800000"],
"solvability_PredictedCG_splitClauses_0":["10800000"],
"solvingTime_PredictedCG_splitClauses_1":["10800000"],
"unlabeledSingleVariableTemplatesNumber_Unlabeled_splitClauses_0":["93"],
"unlabeledTemplateNumber_Unlabeled_splitClauses_0":["243"],
"labeledTemplateRelationSymbolNumber_RelationalIneqs_splitClauses_0":["5"],
"minedTemplateNumber_Random_splitClauses_1":["46"],
"generatedPredicateNumber_RelationalEqs_splitClauses_0":["10800000"],
"minedTemplateNumber_Term_splitClauses_0":["46"],
"solvingTime_All_splitClauses_1":["10800000"],
"minedSingleVariableTemplatesNumber_PredictedCG_splitClauses_0":["33"],
"smt2FileSizeByte_Term_splitClauses_1":["17833"],
"labeledBinaryVariableTemplatesNumber_All_splitClauses_0":["13"],
"minedTemplateNumber_PredictedCDHG_splitClauses_1":["46"],
"minedTemplateRelationSymbolNumber_PredictedCDHG_splitClauses_0":["5"],
"averagePredicateSize_Unlabeled_splitClauses_0":["10800000"],
"minedBinaryVariableTemplatesNumber_Octagon_splitClauses_1":["13"],
"unlabeledSingleVariableTemplatesNumber_Random_splitClauses_1":["93"],
"clauseNumberBeforeSimplification_Random_splitClauses_0":["50"],
"solvingTime_Unlabeled_splitClauses_1":["324"],
"predicateGeneratorTime_PredictedCDHG_splitClauses_1":["10800000"],
"averagePredicateSize_PredictedCDHG_splitClauses_0":["10800000"],
"relationSymbolNumberAfterSimplification_RelationalEqs_splitClauses_0":["24"],
"minedBinaryVariableTemplatesNumber_Term_splitClauses_0":["13"],
"labeledTemplateNumber_RelationalIneqs_splitClauses_0":["14"],
"clauseNumberAfterSimplification_Random_splitClauses_0":["16"],
"clauseNumberAfterSimplification_PredictedCG_splitClauses_0":["16"],
"generatedPredicateNumber_Empty_splitClauses_1":["16"],
"clauseNumberBeforeSimplification_Octagon_splitClauses_0":["50"],
"unlabeledTemplateNumber_Empty_splitClauses_0":["243"],
"minedSingleVariableTemplatesNumber_All_splitClauses_0":["33"],
"labeledTemplateRelationSymbolNumber_Octagon_splitClauses_0":["5"],
"generatedPredicateNumber_Random_splitClauses_1":["16"],
"clauseNumberAfterSimplification_RelationalEqs_splitClauses_0":["16"],
"labeledBinaryVariableTemplatesNumber_Term_splitClauses_0":["13"],
"minedSingleVariableTemplatesNumber_RelationalEqs_splitClauses_0":["33"],
"minedTemplateNumber_Mined_splitClauses_0":["46"],
"relationSymbolNumberBeforeSimplification_PredictedCG_splitClauses_0":["97"],
"averagePredicateSize_Octagon_splitClauses_0":["10800000"],
"unlabeledBinaryVariableTemplatesNumber_Empty_splitClauses_1":["150"],
"unlabeledSingleVariableTemplatesNumber_PredictedCDHG_splitClauses_0":["93"],
"unlabeledSingleVariableTemplatesNumber_PredictedCG_splitClauses_1":["93"],
"labeledTemplateRelationSymbolNumber_Labeled_splitClauses_1":["5"],
"minedTemplateRelationSymbolNumber_Random_splitClauses_0":["5"],
"unlabeledTemplateRelationSymbolNumber_PredictedCG_splitClauses_0":["5"],
"unlabeledTemplateNumber_RelationalIneqs_splitClauses_0":["243"],
"unlabeledSingleVariableTemplatesNumber_Labeled_splitClauses_0":["93"],
"relationSymbolNumberAfterSimplification_PredictedCG_splitClauses_0":["24"],
"minedTemplateNumber_Unlabeled_splitClauses_1":["46"],
"generatedPredicateNumber_PredictedCG_splitClauses_0":["10800000"],
"labeledTemplateNumber_Unlabeled_splitClauses_1":["14"],
"unlabeledTemplateRelationSymbolNumber_Empty_splitClauses_1":["5"],
"clauseNumberBeforeSimplification_Empty_splitClauses_0":["50"],
"solvingTime_Octagon_splitClauses_1":["474"],
"cegarIterationNumber_Mined_splitClauses_1":["7"],
"clauseNumberBeforeSimplification_Mined_splitClauses_1":["50"],
"smt2FileSizeByte_PredictedCDHG_splitClauses_0":["17833"],
"averagePredicateSize_PredictedCG_splitClauses_0":["10800000"],
"solvingTime_Random_splitClauses_0":["10800000"],
"minedTemplateNumber_RelationalEqs_splitClauses_0":["46"],
"unlabeledSingleVariableTemplatesNumber_RelationalIneqs_splitClauses_0":["93"],
"unlabeledTemplateNumber_Unlabeled_splitClauses_1":["243"],
"labeledBinaryVariableTemplatesNumber_RelationalEqs_splitClauses_0":["13"],
"generatedPredicateNumber_PredictedCDHG_splitClauses_0":["10800000"],
"relationSymbolNumberAfterSimplification_RelationalIneqs_splitClauses_0":["24"],
"minedTemplateRelationSymbolNumber_Empty_splitClauses_1":["5"],
"predicateGeneratorTime_Random_splitClauses_1":["281"],
"labeledTemplateNumber_Term_splitClauses_1":["14"],
"relationSymbolNumberBeforeSimplification_RelationalEqs_splitClauses_0":["97"],
"minedSingleVariableTemplatesNumber_Empty_splitClauses_1":["33"],
"minedSingleVariableTemplatesNumber_RelationalIneqs_splitClauses_0":["33"],
"clauseNumberAfterSimplification_All_splitClauses_0":["16"],
"unlabeledBinaryVariableTemplatesNumber_RelationalEqs_splitClauses_0":["150"],
"cegarIterationNumber_RelationalEqs_splitClauses_0":["10800000"],
"labeledTemplateRelationSymbolNumber_PredictedCDHG_splitClauses_0":["5"],
"labeledSingleVariableTemplatesNumber_Labeled_splitClauses_1":["1"],
"unlabeledBinaryVariableTemplatesNumber_All_splitClauses_1":["150"],
"minedTemplateRelationSymbolNumber_Unlabeled_splitClauses_1":["5"],
"solvingTime_RelationalEqs_splitClauses_0":["10800000"],
"solvingTime_RelationalEqs_splitClauses_1":["388"],
"minedBinaryVariableTemplatesNumber_Mined_splitClauses_0":["13"],
"clauseNumberBeforeSimplification_All_splitClauses_0":["50"],
"clauseNumberBeforeSimplification_RelationalIneqs_splitClauses_1":["50"],
"labeledTemplateNumber_RelationalEqs_splitClauses_1":["14"],
"labeledBinaryVariableTemplatesNumber_RelationalIneqs_splitClauses_0":["13"],
"relationSymbolNumberBeforeSimplification_Labeled_splitClauses_0":["97"],
"clauseNumberAfterSimplification_Empty_splitClauses_0":["16"],
"averagePredicateSize_Empty_splitClauses_0":["10800000"],
"unlabeledTemplateNumber_Term_splitClauses_1":["243"],
"predicateGeneratorTime_Mined_splitClauses_1":["285"],
"labeledBinaryVariableTemplatesNumber_RelationalIneqs_splitClauses_1":["13"],
"predicateGeneratorTime_Unlabeled_splitClauses_0":["10800000"],
"relationSymbolNumberAfterSimplification_Empty_splitClauses_0":["24"],
"generatedPredicateNumber_Mined_splitClauses_0":["10800000"],
"generatedPredicateNumber_RelationalEqs_splitClauses_1":["16"],
"labeledTemplateRelationSymbolNumber_PredictedCG_splitClauses_0":["5"],
"minedSingleVariableTemplatesNumber_PredictedCG_splitClauses_1":["33"],
"minedTemplateRelationSymbolNumber_PredictedCG_splitClauses_0":["5"],
"unlabeledTemplateRelationSymbolNumber_Labeled_splitClauses_0":["5"],
"solvability_Empty_splitClauses_1":["1"],
"averagePredicateSize_Term_splitClauses_0":["10800000"],
"cegarIterationNumber_Random_splitClauses_1":["7"],
"averagePredicateSize_Labeled_splitClauses_1":["1"],
"unlabeledBinaryVariableTemplatesNumber_Unlabeled_splitClauses_0":["150"],
"generatedPredicateNumber_Unlabeled_splitClauses_1":["16"],
"predicateGeneratorTime_All_splitClauses_0":["10800000"],
"unlabeledBinaryVariableTemplatesNumber_PredictedCDHG_splitClauses_1":["150"],
"clauseNumberBeforeSimplification_Labeled_splitClauses_1":["50"],
"minedBinaryVariableTemplatesNumber_Labeled_splitClauses_1":["13"],
"labeledSingleVariableTemplatesNumber_All_splitClauses_0":["1"],
"unlabeledTemplateRelationSymbolNumber_Mined_splitClauses_0":["5"],
"cegarIterationNumber_Octagon_splitClauses_1":["7"],
"labeledTemplateNumber_Octagon_splitClauses_0":["14"],
"labeledTemplateRelationSymbolNumber_All_splitClauses_1":["5"],
"smt2FileSizeByte_Empty_splitClauses_0":["17833"],
"unlabeledTemplateNumber_Octagon_splitClauses_1":["243"],
"predicateGeneratorTime_RelationalEqs_splitClauses_0":["10800000"],
"unlabeledTemplateRelationSymbolNumber_RelationalIneqs_splitClauses_0":["5"],
"smt2FileSizeByte_RelationalEqs_splitClauses_1":["17833"],
"unlabeledTemplateNumber_Labeled_splitClauses_0":["243"],
"minedSingleVariableTemplatesNumber_Labeled_splitClauses_0":["33"],
"solvingTime_PredictedCDHG_splitClauses_1":["10800000"],
"relationSymbolNumberBeforeSimplification_Term_splitClauses_1":["97"],
"minedTemplateNumber_Octagon_splitClauses_1":["46"],
"clauseNumberBeforeSimplification_Mined_splitClauses_0":["50"],
"smt2FileSizeByte_All_splitClauses_0":["17833"],
"solvingTime_All_splitClauses_0":["10800000"],
"minedBinaryVariableTemplatesNumber_Term_splitClauses_1":["13"],
"unlabeledTemplateRelationSymbolNumber_Random_splitClauses_0":["5"],
"cegarIterationNumber_All_splitClauses_0":["10800000"],
"smt2FileSizeByte_RelationalEqs_splitClauses_0":["17833"],
"unlabeledSingleVariableTemplatesNumber_PredictedCDHG_splitClauses_1":["93"],
"clauseNumberBeforeSimplification_Labeled_splitClauses_0":["50"],
"cegarIterationNumber_PredictedCG_splitClauses_1":["10800000"],
"labeledTemplateRelationSymbolNumber_Unlabeled_splitClauses_0":["5"],
"unlabeledTemplateRelationSymbolNumber_Octagon_splitClauses_1":["5"],
"unlabeledTemplateNumber_Empty_splitClauses_1":["243"],
"clauseNumberBeforeSimplification_Octagon_splitClauses_1":["50"],
"labeledTemplateNumber_Unlabeled_splitClauses_0":["14"],
"labeledBinaryVariableTemplatesNumber_PredictedCG_splitClauses_0":["13"],
"solvability_Term_splitClauses_1":["1"],
"solvability_Octagon_splitClauses_0":["10800000"],
"minedTemplateRelationSymbolNumber_RelationalIneqs_splitClauses_0":["5"],
"clauseNumberBeforeSimplification_RelationalIneqs_splitClauses_0":["50"],
"labeledTemplateNumber_PredictedCG_splitClauses_0":["14"],
"cegarIterationNumber_Labeled_splitClauses_0":["10800000"],
"smt2FileSizeByte_Labeled_splitClauses_1":["17833"],
"clauseNumberBeforeSimplification_Unlabeled_splitClauses_1":["50"],
"generatedPredicateNumber_Term_splitClauses_1":["16"],
"solvingTime_Term_splitClauses_1":["386"],
"unlabeledBinaryVariableTemplatesNumber_Random_splitClauses_1":["150"],
"unlabeledSingleVariableTemplatesNumber_Octagon_splitClauses_0":["93"],
"solvingTime_Octagon_splitClauses_0":["10800000"],
"labeledSingleVariableTemplatesNumber_Mined_splitClauses_1":["1"],
"averagePredicateSize_Term_splitClauses_1":["1"],
"labeledTemplateNumber_Labeled_splitClauses_0":["14"],
"unlabeledSingleVariableTemplatesNumber_PredictedCG_splitClauses_0":["93"],
"smt2FileSizeByte_Mined_splitClauses_1":["17833"],
"labeledBinaryVariableTemplatesNumber_Unlabeled_splitClauses_1":["13"],
"labeledTemplateNumber_All_splitClauses_0":["14"],
"unlabeledTemplateNumber_Random_splitClauses_0":["243"],
"labeledTemplateNumber_Octagon_splitClauses_1":["14"],
"unlabeledTemplateNumber_PredictedCDHG_splitClauses_1":["243"],
"unlabeledBinaryVariableTemplatesNumber_Mined_splitClauses_0":["150"],
"minedTemplateRelationSymbolNumber_Mined_splitClauses_1":["5"],
"labeledTemplateNumber_RelationalIneqs_splitClauses_1":["14"],
"relationSymbolNumberAfterSimplification_All_splitClauses_0":["24"],
"relationSymbolNumberBeforeSimplification_PredictedCDHG_splitClauses_0":["97"],
"solvability_Term_splitClauses_0":["10800000"],
"clauseNumberBeforeSimplification_PredictedCG_splitClauses_1":["50"],
"generatedPredicateNumber_Labeled_splitClauses_1":["16"],
"labeledSingleVariableTemplatesNumber_Unlabeled_splitClauses_0":["1"],
"unlabeledBinaryVariableTemplatesNumber_Empty_splitClauses_0":["150"],
"solvingTime_Mined_splitClauses_0":["10800000"],
"unlabeledTemplateNumber_All_splitClauses_1":["243"],
"clauseNumberAfterSimplification_Random_splitClauses_1":["16"],
"labeledBinaryVariableTemplatesNumber_Octagon_splitClauses_1":["13"],
"unlabeledBinaryVariableTemplatesNumber_Labeled_splitClauses_0":["150"],
"smt2FileSizeByte_Octagon_splitClauses_0":["17833"],
"labeledSingleVariableTemplatesNumber_Random_splitClauses_1":["1"],
"solvability_Unlabeled_splitClauses_0":["10800000"],
"solvingTime_Unlabeled_splitClauses_0":["10800000"],
"unlabeledTemplateRelationSymbolNumber_All_splitClauses_1":["5"],
"minedTemplateNumber_Empty_splitClauses_1":["46"],
"solvability_RelationalIneqs_splitClauses_0":["10800000"],
"unlabeledTemplateRelationSymbolNumber_Labeled_splitClauses_1":["5"],
"cegarIterationNumber_RelationalEqs_splitClauses_1":["7"],
"minedSingleVariableTemplatesNumber_RelationalEqs_splitClauses_1":["33"],
"clauseNumberAfterSimplification_PredictedCDHG_splitClauses_1":["16"],
"minedBinaryVariableTemplatesNumber_RelationalIneqs_splitClauses_1":["13"],
"unlabeledBinaryVariableTemplatesNumber_Mined_splitClauses_1":["150"],
"unlabeledBinaryVariableTemplatesNumber_PredictedCDHG_splitClauses_0":["150"],
"solvingTime_Empty_splitClauses_1":["504"],
"labeledTemplateRelationSymbolNumber_Empty_splitClauses_1":["5"],
"generatedPredicateNumber_Term_splitClauses_0":["10800000"],
"averagePredicateSize_Empty_splitClauses_1":["1"],
"generatedPredicateNumber_PredictedCG_splitClauses_1":["10800000"],
"labeledTemplateRelationSymbolNumber_PredictedCDHG_splitClauses_1":["5"],
"predicateGeneratorTime_Mined_splitClauses_0":["10800000"],
"relationSymbolNumberBeforeSimplification_Term_splitClauses_0":["97"],
"predicateGeneratorTime_Labeled_splitClauses_0":["10800000"],
"labeledSingleVariableTemplatesNumber_Random_splitClauses_0":["1"],
"unlabeledTemplateRelationSymbolNumber_All_splitClauses_0":["5"],
"minedBinaryVariableTemplatesNumber_Labeled_splitClauses_0":["13"],
"generatedPredicateNumber_Labeled_splitClauses_0":["10800000"],
"relationSymbolNumberAfterSimplification_Empty_splitClauses_1":["24"],
"solvingTime_Mined_splitClauses_1":["402"],
"minedSingleVariableTemplatesNumber_All_splitClauses_1":["33"],
"predicateGeneratorTime_Random_splitClauses_0":["10800000"],
"cegarIterationNumber_Term_splitClauses_1":["7"],
"labeledTemplateNumber_Empty_splitClauses_1":["14"],
"clauseNumberAfterSimplification_Empty_splitClauses_1":["16"],
"minedTemplateRelationSymbolNumber_Empty_splitClauses_0":["5"],
"unlabeledSingleVariableTemplatesNumber_Term_splitClauses_0":["93"],
"minedSingleVariableTemplatesNumber_Empty_splitClauses_0":["33"],
"relationSymbolNumberAfterSimplification_Random_splitClauses_0":["24"],
"minedTemplateRelationSymbolNumber_RelationalEqs_splitClauses_0":["5"],
"cegarIterationNumber_Empty_splitClauses_0":["10800000"],
"minedBinaryVariableTemplatesNumber_RelationalEqs_splitClauses_1":["13"],
"relationSymbolNumberBeforeSimplification_PredictedCG_splitClauses_1":["97"],
"labeledSingleVariableTemplatesNumber_All_splitClauses_1":["1"],
"unlabeledTemplateRelationSymbolNumber_Octagon_splitClauses_0":["5"],
"minedTemplateRelationSymbolNumber_Unlabeled_splitClauses_0":["5"],
"labeledBinaryVariableTemplatesNumber_Mined_splitClauses_0":["13"],
"relationSymbolNumberAfterSimplification_Unlabeled_splitClauses_1":["24"],
"minedTemplateNumber_PredictedCG_splitClauses_1":["46"],
"cegarIterationNumber_Empty_splitClauses_1":["7"],
"averagePredicateSize_RelationalIneqs_splitClauses_0":["10800000"],
"solvability_All_splitClauses_1":["10800000"],
"unlabeledBinaryVariableTemplatesNumber_Term_splitClauses_1":["150"],
"minedTemplateRelationSymbolNumber_Labeled_splitClauses_1":["5"],
"averagePredicateSize_Unlabeled_splitClauses_1":["1"],
"labeledTemplateNumber_Term_splitClauses_0":["14"],
"smt2FileSizeByte_Empty_splitClauses_1":["17833"],
"solvingTime_PredictedCG_splitClauses_0":["10800000"],
"cegarIterationNumber_All_splitClauses_1":["10800000"],
"clauseNumberBeforeSimplification_Term_splitClauses_1":["50"],
"predicateGeneratorTime_Empty_splitClauses_0":["10800000"],
"relationSymbolNumberBeforeSimplification_Empty_splitClauses_1":["97"],
"averagePredicateSize_All_splitClauses_0":["10800000"],
"unlabeledBinaryVariableTemplatesNumber_Random_splitClauses_0":["150"],
"smt2FileSizeByte_Term_splitClauses_0":["17833"],
"averagePredicateSize_Mined_splitClauses_1":["1"],
"minedBinaryVariableTemplatesNumber_Empty_splitClauses_0":["13"],
"minedTemplateRelationSymbolNumber_All_splitClauses_1":["5"],
"labeledSingleVariableTemplatesNumber_PredictedCG_splitClauses_0":["1"],
"unlabeledBinaryVariableTemplatesNumber_RelationalIneqs_splitClauses_0":["150"],
"unlabeledSingleVariableTemplatesNumber_RelationalIneqs_splitClauses_1":["93"],
"clauseNumberAfterSimplification_RelationalIneqs_splitClauses_0":["16"],
"unlabeledTemplateNumber_RelationalEqs_splitClauses_0":["243"],
"unlabeledTemplateNumber_RelationalIneqs_splitClauses_1":["243"],
"labeledTemplateRelationSymbolNumber_PredictedCG_splitClauses_1":["5"],
"labeledTemplateRelationSymbolNumber_All_splitClauses_0":["5"],
"labeledSingleVariableTemplatesNumber_Octagon_splitClauses_0":["1"],
"dummyFiled":[]
}