{
"smt2FileSizeByte_All_splitClauses_1":["71168"],
"generatedPredicateNumber_All_splitClauses_1":["10800000"],
"unlabeledTemplateRelationSymbolNumber_PredictedCDHG_splitClauses_0":["10"],
"predicateGeneratorTime_Term_splitClauses_0":["10800000"],
"averagePredicateSize_Random_splitClauses_1":["10800000"],
"labeledBinaryVariableTemplatesNumber_Labeled_splitClauses_1":["14"],
"clauseNumberBeforeSimplification_All_splitClauses_1":["131"],
"minedTemplateRelationSymbolNumber_Term_splitClauses_0":["10"],
"solvingTime_Labeled_splitClauses_1":["10800000"],
"unlabeledTemplateNumber_Labeled_splitClauses_1":["201"],
"relationSymbolNumber_Term_splitClauses_1":["44"],
"minedTemplateRelationSymbolNumber_Octagon_splitClauses_1":["10"],
"clauseNumberAfterSimplification_Mined_splitClauses_1":["20"],
"unlabeledBinaryVariableTemplatesNumber_Term_splitClauses_0":["114"],
"labeledTemplateNumber_PredictedCDHG_splitClauses_0":["15"],
"relationSymbolNumber_RelationalEqs_splitClauses_1":["44"],
"solvability_Empty_splitClauses_0":["10800000"],
"unlabeledTemplateRelationSymbolNumber_Random_splitClauses_1":["10"],
"labeledBinaryVariableTemplatesNumber_Octagon_splitClauses_0":["14"],
"minedTemplateRelationSymbolNumber_Random_splitClauses_1":["10"],
"unlabeledSingleVariableTemplatesNumber_Mined_splitClauses_0":["87"],
"unlabeledBinaryVariableTemplatesNumber_PredictedCG_splitClauses_1":["114"],
"solvability_All_splitClauses_0":["10800000"],
"predicateGeneratorTime_RelationalEqs_splitClauses_1":["10800000"],
"smt2FileSizeByte_PredictedCG_splitClauses_1":["71168"],
"labeledSingleVariableTemplatesNumber_Unlabeled_splitClauses_1":["1"],
"labeledBinaryVariableTemplatesNumber_PredictedCG_splitClauses_1":["14"],
"minedBinaryVariableTemplatesNumber_PredictedCG_splitClauses_0":["14"],
"solvability_Random_splitClauses_0":["10800000"],
"clauseNumberBeforeSimplification_PredictedCDHG_splitClauses_1":["131"],
"labeledSingleVariableTemplatesNumber_Mined_splitClauses_0":["1"],
"solvability_Unlabeled_splitClauses_1":["10800000"],
"cegarIterationNumber_Labeled_splitClauses_1":["10800000"],
"smt2FileSizeByte_Mined_splitClauses_0":["71168"],
"labeledSingleVariableTemplatesNumber_PredictedCG_splitClauses_1":["1"],
"smt2FileSizeByte_Octagon_splitClauses_1":["71168"],
"minedTemplateNumber_Labeled_splitClauses_1":["43"],
"labeledSingleVariableTemplatesNumber_RelationalIneqs_splitClauses_1":["1"],
"clauseNumberAfterSimplification_Labeled_splitClauses_1":["20"],
"smt2FileSizeByte_Random_splitClauses_0":["71168"],
"unlabeledTemplateRelationSymbolNumber_PredictedCDHG_splitClauses_1":["10"],
"labeledSingleVariableTemplatesNumber_Term_splitClauses_0":["1"],
"generatedPredicateNumber_PredictedCDHG_splitClauses_1":["10800000"],
"minedSingleVariableTemplatesNumber_Unlabeled_splitClauses_0":["29"],
"generatedPredicateNumber_Octagon_splitClauses_1":["10800000"],
"labeledSingleVariableTemplatesNumber_RelationalEqs_splitClauses_0":["1"],
"predicateGeneratorTime_PredictedCG_splitClauses_1":["10800000"],
"labeledTemplateNumber_Labeled_splitClauses_1":["15"],
"labeledSingleVariableTemplatesNumber_Empty_splitClauses_0":["1"],
"minedTemplateRelationSymbolNumber_RelationalIneqs_splitClauses_1":["10"],
"unlabeledSingleVariableTemplatesNumber_All_splitClauses_1":["87"],
"labeledBinaryVariableTemplatesNumber_PredictedCDHG_splitClauses_1":["14"],
"unlabeledSingleVariableTemplatesNumber_RelationalEqs_splitClauses_1":["87"],
"cegarIterationNumber_Term_splitClauses_0":["10800000"],
"unlabeledBinaryVariableTemplatesNumber_Labeled_splitClauses_1":["114"],
"unlabeledSingleVariableTemplatesNumber_Term_splitClauses_1":["87"],
"clauseNumberAfterSimplification_All_splitClauses_1":["20"],
"minedSingleVariableTemplatesNumber_Random_splitClauses_0":["29"],
"solvability_RelationalIneqs_splitClauses_1":["10800000"],
"minedTemplateNumber_Labeled_splitClauses_0":["43"],
"minedSingleVariableTemplatesNumber_Octagon_splitClauses_0":["29"],
"minedSingleVariableTemplatesNumber_Term_splitClauses_1":["29"],
"minedBinaryVariableTemplatesNumber_PredictedCDHG_splitClauses_1":["14"],
"generatedPredicateNumber_Mined_splitClauses_1":["14"],
"relationSymbolNumber_Octagon_splitClauses_1":["44"],
"relationSymbolNumber_Unlabeled_splitClauses_1":["44"],
"labeledSingleVariableTemplatesNumber_RelationalIneqs_splitClauses_0":["1"],
"averagePredicateSize_Mined_splitClauses_0":["10800000"],
"cegarIterationNumber_Unlabeled_splitClauses_0":["10800000"],
"minedBinaryVariableTemplatesNumber_Random_splitClauses_0":["14"],
"labeledTemplateNumber_Mined_splitClauses_1":["15"],
"labeledBinaryVariableTemplatesNumber_Random_splitClauses_0":["14"],
"unlabeledTemplateRelationSymbolNumber_Unlabeled_splitClauses_1":["10"],
"cegarIterationNumber_Mined_splitClauses_0":["10800000"],
"minedTemplateRelationSymbolNumber_Labeled_splitClauses_0":["10"],
"unlabeledBinaryVariableTemplatesNumber_RelationalIneqs_splitClauses_1":["114"],
"unlabeledBinaryVariableTemplatesNumber_Octagon_splitClauses_0":["114"],
"solvability_Mined_splitClauses_0":["10800000"],
"averagePredicateSize_RelationalEqs_splitClauses_0":["10800000"],
"clauseNumberAfterSimplification_Term_splitClauses_0":["20"],
"unlabeledTemplateNumber_Mined_splitClauses_0":["201"],
"unlabeledTemplateNumber_PredictedCDHG_splitClauses_0":["201"],
"cegarIterationNumber_RelationalIneqs_splitClauses_1":["10800000"],
"minedBinaryVariableTemplatesNumber_Unlabeled_splitClauses_1":["14"],
"labeledTemplateNumber_PredictedCG_splitClauses_1":["15"],
"labeledTemplateRelationSymbolNumber_Mined_splitClauses_0":["5"],
"labeledBinaryVariableTemplatesNumber_Mined_splitClauses_1":["14"],
"clauseNumberAfterSimplification_RelationalIneqs_splitClauses_1":["20"],
"minedSingleVariableTemplatesNumber_PredictedCDHG_splitClauses_0":["29"],
"solvability_Labeled_splitClauses_1":["10800000"],
"labeledSingleVariableTemplatesNumber_Octagon_splitClauses_1":["1"],
"averagePredicateSize_Random_splitClauses_0":["10800000"],
"smt2FileSizeByte_RelationalIneqs_splitClauses_0":["71168"],
"generatedPredicateNumber_Unlabeled_splitClauses_0":["10800000"],
"solvability_RelationalEqs_splitClauses_0":["10800000"],
"predicateGeneratorTime_Empty_splitClauses_1":["10800000"],
"minedSingleVariableTemplatesNumber_Mined_splitClauses_0":["29"],
"minedTemplateRelationSymbolNumber_PredictedCDHG_splitClauses_1":["10"],
"minedTemplateNumber_PredictedCG_splitClauses_0":["43"],
"averagePredicateSize_RelationalIneqs_splitClauses_1":["10800000"],
"labeledTemplateRelationSymbolNumber_Random_splitClauses_1":["5"],
"minedTemplateNumber_RelationalIneqs_splitClauses_0":["43"],
"predicateGeneratorTime_RelationalIneqs_splitClauses_0":["10800000"],
"labeledTemplateRelationSymbolNumber_Empty_splitClauses_0":["5"],
"minedBinaryVariableTemplatesNumber_Octagon_splitClauses_0":["14"],
"relationSymbolNumber_Labeled_splitClauses_0":["44"],
"labeledSingleVariableTemplatesNumber_Term_splitClauses_1":["1"],
"labeledBinaryVariableTemplatesNumber_Empty_splitClauses_0":["14"],
"minedTemplateNumber_Octagon_splitClauses_0":["43"],
"labeledBinaryVariableTemplatesNumber_Unlabeled_splitClauses_0":["14"],
"clauseNumberAfterSimplification_PredictedCDHG_splitClauses_0":["20"],
"smt2FileSizeByte_PredictedCG_splitClauses_0":["71168"],
"minedBinaryVariableTemplatesNumber_RelationalEqs_splitClauses_0":["14"],
"labeledTemplateRelationSymbolNumber_RelationalEqs_splitClauses_1":["5"],
"minedBinaryVariableTemplatesNumber_Random_splitClauses_1":["14"],
"clauseNumberAfterSimplification_Unlabeled_splitClauses_1":["20"],
"minedSingleVariableTemplatesNumber_PredictedCDHG_splitClauses_1":["29"],
"labeledBinaryVariableTemplatesNumber_Term_splitClauses_1":["14"],
"clauseNumberBeforeSimplification_Empty_splitClauses_1":["131"],
"minedBinaryVariableTemplatesNumber_Mined_splitClauses_1":["14"],
"unlabeledBinaryVariableTemplatesNumber_Unlabeled_splitClauses_1":["114"],
"unlabeledTemplateNumber_PredictedCG_splitClauses_1":["201"],
"generatedPredicateNumber_Empty_splitClauses_0":["10800000"],
"predicateGeneratorTime_RelationalIneqs_splitClauses_1":["10800000"],
"unlabeledSingleVariableTemplatesNumber_Empty_splitClauses_0":["87"],
"cegarIterationNumber_Octagon_splitClauses_0":["10800000"],
"clauseNumberAfterSimplification_Octagon_splitClauses_1":["20"],
"unlabeledSingleVariableTemplatesNumber_Labeled_splitClauses_1":["87"],
"clauseNumberBeforeSimplification_Random_splitClauses_1":["131"],
"minedTemplateRelationSymbolNumber_All_splitClauses_0":["10"],
"unlabeledTemplateRelationSymbolNumber_RelationalEqs_splitClauses_0":["10"],
"minedSingleVariableTemplatesNumber_Unlabeled_splitClauses_1":["29"],
"clauseNumberBeforeSimplification_RelationalEqs_splitClauses_0":["131"],
"minedTemplateNumber_Unlabeled_splitClauses_0":["43"],
"generatedPredicateNumber_Octagon_splitClauses_0":["10800000"],
"predicateGeneratorTime_PredictedCDHG_splitClauses_0":["10800000"],
"clauseNumberAfterSimplification_PredictedCG_splitClauses_1":["20"],
"labeledSingleVariableTemplatesNumber_RelationalEqs_splitClauses_1":["1"],
"smt2FileSizeByte_Random_splitClauses_1":["71168"],
"averagePredicateSize_PredictedCG_splitClauses_1":["10800000"],
"cegarIterationNumber_PredictedCDHG_splitClauses_1":["10800000"],
"clauseNumberAfterSimplification_RelationalEqs_splitClauses_1":["20"],
"minedBinaryVariableTemplatesNumber_Empty_splitClauses_1":["14"],
"minedTemplateNumber_PredictedCDHG_splitClauses_0":["43"],
"labeledBinaryVariableTemplatesNumber_All_splitClauses_1":["14"],
"solvingTime_RelationalIneqs_splitClauses_1":["10800000"],
"unlabeledTemplateRelationSymbolNumber_RelationalEqs_splitClauses_1":["10"],
"smt2FileSizeByte_Unlabeled_splitClauses_0":["71168"],
"generatedPredicateNumber_All_splitClauses_0":["10800000"],
"predicateGeneratorTime_Octagon_splitClauses_1":["10800000"],
"solvability_Mined_splitClauses_1":["1"],
"minedTemplateRelationSymbolNumber_Term_splitClauses_1":["10"],
"clauseNumberAfterSimplification_Mined_splitClauses_0":["20"],
"solvability_PredictedCDHG_splitClauses_0":["10800000"],
"solvingTime_Empty_splitClauses_0":["10800000"],
"unlabeledSingleVariableTemplatesNumber_Unlabeled_splitClauses_1":["87"],
"minedTemplateNumber_Term_splitClauses_1":["43"],
"averagePredicateSize_Octagon_splitClauses_1":["10800000"],
"relationSymbolNumber_Empty_splitClauses_1":["44"],
"unlabeledSingleVariableTemplatesNumber_Octagon_splitClauses_1":["87"],
"minedTemplateRelationSymbolNumber_RelationalEqs_splitClauses_1":["10"],
"minedBinaryVariableTemplatesNumber_RelationalIneqs_splitClauses_0":["14"],
"predicateGeneratorTime_Term_splitClauses_1":["10800000"],
"solvingTime_Labeled_splitClauses_0":["10800000"],
"unlabeledBinaryVariableTemplatesNumber_PredictedCG_splitClauses_0":["114"],
"minedTemplateNumber_All_splitClauses_0":["43"],
"predicateGeneratorTime_Labeled_splitClauses_1":["10800000"],
"unlabeledTemplateRelationSymbolNumber_Empty_splitClauses_0":["10"],
"unlabeledTemplateNumber_Mined_splitClauses_1":["201"],
"solvability_PredictedCG_splitClauses_1":["10800000"],
"unlabeledTemplateNumber_Term_splitClauses_0":["201"],
"minedBinaryVariableTemplatesNumber_PredictedCG_splitClauses_1":["14"],
"labeledSingleVariableTemplatesNumber_PredictedCDHG_splitClauses_0":["1"],
"minedBinaryVariableTemplatesNumber_All_splitClauses_0":["14"],
"averagePredicateSize_PredictedCDHG_splitClauses_1":["10800000"],
"predicateGeneratorTime_PredictedCG_splitClauses_0":["10800000"],
"generatedPredicateNumber_RelationalIneqs_splitClauses_0":["10800000"],
"labeledTemplateNumber_Empty_splitClauses_0":["15"],
"unlabeledTemplateRelationSymbolNumber_Term_splitClauses_0":["10"],
"minedTemplateNumber_All_splitClauses_1":["43"],
"labeledSingleVariableTemplatesNumber_Empty_splitClauses_1":["1"],
"minedBinaryVariableTemplatesNumber_Unlabeled_splitClauses_0":["14"],
"labeledTemplateNumber_Random_splitClauses_0":["15"],
"minedBinaryVariableTemplatesNumber_All_splitClauses_1":["14"],
"unlabeledSingleVariableTemplatesNumber_All_splitClauses_0":["87"],
"smt2FileSizeByte_PredictedCDHG_splitClauses_1":["71168"],
"labeledBinaryVariableTemplatesNumber_PredictedCDHG_splitClauses_0":["14"],
"averagePredicateSize_RelationalEqs_splitClauses_1":["10800000"],
"minedSingleVariableTemplatesNumber_Term_splitClauses_0":["29"],
"labeledTemplateRelationSymbolNumber_Term_splitClauses_1":["5"],
"generatedPredicateNumber_Random_splitClauses_0":["10800000"],
"labeledBinaryVariableTemplatesNumber_Empty_splitClauses_1":["14"],
"clauseNumberAfterSimplification_Labeled_splitClauses_0":["20"],
"labeledSingleVariableTemplatesNumber_Labeled_splitClauses_0":["1"],
"minedTemplateNumber_Mined_splitClauses_1":["43"],
"labeledTemplateRelationSymbolNumber_Labeled_splitClauses_0":["5"],
"unlabeledTemplateRelationSymbolNumber_Mined_splitClauses_1":["10"],
"solvability_Labeled_splitClauses_0":["10800000"],
"minedTemplateNumber_RelationalEqs_splitClauses_1":["43"],
"solvingTime_Random_splitClauses_1":["10800000"],
"minedTemplateNumber_Random_splitClauses_0":["43"],
"cegarIterationNumber_Unlabeled_splitClauses_1":["10800000"],
"minedTemplateNumber_RelationalIneqs_splitClauses_1":["43"],
"unlabeledBinaryVariableTemplatesNumber_Octagon_splitClauses_1":["114"],
"minedSingleVariableTemplatesNumber_Octagon_splitClauses_1":["29"],
"minedSingleVariableTemplatesNumber_Random_splitClauses_1":["29"],
"averagePredicateSize_All_splitClauses_1":["10800000"],
"minedTemplateNumber_Empty_splitClauses_0":["43"],
"labeledTemplateNumber_Mined_splitClauses_0":["15"],
"unlabeledBinaryVariableTemplatesNumber_All_splitClauses_0":["114"],
"labeledSingleVariableTemplatesNumber_PredictedCDHG_splitClauses_1":["1"],
"minedSingleVariableTemplatesNumber_Mined_splitClauses_1":["29"],
"labeledTemplateRelationSymbolNumber_Term_splitClauses_0":["5"],
"unlabeledTemplateRelationSymbolNumber_Term_splitClauses_1":["10"],
"predicateGeneratorTime_All_splitClauses_1":["10800000"],
"unlabeledSingleVariableTemplatesNumber_Random_splitClauses_0":["87"],
"predicateGeneratorTime_Unlabeled_splitClauses_1":["10800000"],
"cegarIterationNumber_PredictedCDHG_splitClauses_0":["10800000"],
"labeledTemplateNumber_RelationalEqs_splitClauses_0":["15"],
"labeledTemplateRelationSymbolNumber_Mined_splitClauses_1":["5"],
"labeledTemplateRelationSymbolNumber_Random_splitClauses_0":["5"],
"labeledBinaryVariableTemplatesNumber_RelationalEqs_splitClauses_1":["14"],
"generatedPredicateNumber_RelationalIneqs_splitClauses_1":["10800000"],
"unlabeledTemplateRelationSymbolNumber_PredictedCG_splitClauses_1":["10"],
"unlabeledSingleVariableTemplatesNumber_RelationalEqs_splitClauses_0":["87"],
"labeledBinaryVariableTemplatesNumber_Labeled_splitClauses_0":["14"],
"minedBinaryVariableTemplatesNumber_PredictedCDHG_splitClauses_0":["14"],
"unlabeledTemplateRelationSymbolNumber_Unlabeled_splitClauses_0":["10"],
"clauseNumberAfterSimplification_Term_splitClauses_1":["20"],
"relationSymbolNumber_RelationalIneqs_splitClauses_0":["44"],
"unlabeledTemplateNumber_Octagon_splitClauses_0":["201"],
"unlabeledBinaryVariableTemplatesNumber_RelationalEqs_splitClauses_1":["114"],
"unlabeledTemplateNumber_PredictedCG_splitClauses_0":["201"],
"unlabeledTemplateNumber_All_splitClauses_0":["201"],
"labeledTemplateRelationSymbolNumber_RelationalIneqs_splitClauses_1":["5"],
"unlabeledSingleVariableTemplatesNumber_Mined_splitClauses_1":["87"],
"labeledTemplateRelationSymbolNumber_Unlabeled_splitClauses_1":["5"],
"labeledBinaryVariableTemplatesNumber_Random_splitClauses_1":["14"],
"relationSymbolNumber_RelationalEqs_splitClauses_0":["44"],
"solvability_Random_splitClauses_1":["10800000"],
"solvingTime_Term_splitClauses_0":["10800000"],
"minedSingleVariableTemplatesNumber_Labeled_splitClauses_1":["29"],
"relationSymbolNumber_Random_splitClauses_0":["44"],
"clauseNumberBeforeSimplification_Term_splitClauses_0":["131"],
"minedTemplateRelationSymbolNumber_Mined_splitClauses_0":["10"],
"solvability_Octagon_splitClauses_1":["10800000"],
"relationSymbolNumber_Labeled_splitClauses_1":["44"],
"minedSingleVariableTemplatesNumber_RelationalIneqs_splitClauses_1":["29"],
"smt2FileSizeByte_Labeled_splitClauses_0":["71168"],
"solvability_RelationalEqs_splitClauses_1":["10800000"],
"unlabeledSingleVariableTemplatesNumber_Empty_splitClauses_1":["87"],
"labeledTemplateNumber_PredictedCDHG_splitClauses_1":["15"],
"minedTemplateRelationSymbolNumber_Octagon_splitClauses_0":["10"],
"clauseNumberAfterSimplification_Unlabeled_splitClauses_0":["20"],
"clauseNumberBeforeSimplification_Unlabeled_splitClauses_0":["131"],
"clauseNumberBeforeSimplification_PredictedCDHG_splitClauses_0":["131"],
"cegarIterationNumber_RelationalIneqs_splitClauses_0":["10800000"],
"relationSymbolNumber_All_splitClauses_0":["44"],
"labeledTemplateRelationSymbolNumber_RelationalEqs_splitClauses_0":["5"],
"averagePredicateSize_Labeled_splitClauses_0":["10800000"],
"smt2FileSizeByte_RelationalIneqs_splitClauses_1":["71168"],
"clauseNumberBeforeSimplification_RelationalEqs_splitClauses_1":["131"],
"unlabeledTemplateRelationSymbolNumber_RelationalIneqs_splitClauses_1":["10"],
"clauseNumberBeforeSimplification_PredictedCG_splitClauses_0":["131"],
"solvingTime_PredictedCDHG_splitClauses_0":["10800000"],
"labeledTemplateRelationSymbolNumber_Octagon_splitClauses_1":["5"],
"minedTemplateRelationSymbolNumber_PredictedCG_splitClauses_1":["10"],
"labeledTemplateNumber_Random_splitClauses_1":["15"],
"solvingTime_RelationalIneqs_splitClauses_0":["10800000"],
"labeledTemplateNumber_All_splitClauses_1":["15"],
"unlabeledTemplateNumber_Random_splitClauses_1":["201"],
"relationSymbolNumber_PredictedCDHG_splitClauses_1":["44"],
"smt2FileSizeByte_Unlabeled_splitClauses_1":["71168"],
"cegarIterationNumber_PredictedCG_splitClauses_0":["10800000"],
"predicateGeneratorTime_Octagon_splitClauses_0":["10800000"],
"unlabeledTemplateNumber_RelationalEqs_splitClauses_1":["201"],
"clauseNumberAfterSimplification_Octagon_splitClauses_0":["20"],
"cegarIterationNumber_Random_splitClauses_0":["10800000"],
"solvability_PredictedCDHG_splitClauses_1":["10800000"],
"solvability_PredictedCG_splitClauses_0":["10800000"],
"solvingTime_PredictedCG_splitClauses_1":["10800000"],
"unlabeledSingleVariableTemplatesNumber_Unlabeled_splitClauses_0":["87"],
"unlabeledTemplateNumber_Unlabeled_splitClauses_0":["201"],
"labeledTemplateRelationSymbolNumber_RelationalIneqs_splitClauses_0":["5"],
"minedTemplateNumber_Random_splitClauses_1":["43"],
"relationSymbolNumber_PredictedCG_splitClauses_0":["44"],
"generatedPredicateNumber_RelationalEqs_splitClauses_0":["10800000"],
"minedTemplateNumber_Term_splitClauses_0":["43"],
"solvingTime_All_splitClauses_1":["10800000"],
"minedSingleVariableTemplatesNumber_PredictedCG_splitClauses_0":["29"],
"smt2FileSizeByte_Term_splitClauses_1":["71168"],
"labeledBinaryVariableTemplatesNumber_All_splitClauses_0":["14"],
"minedTemplateNumber_PredictedCDHG_splitClauses_1":["43"],
"minedTemplateRelationSymbolNumber_PredictedCDHG_splitClauses_0":["10"],
"averagePredicateSize_Unlabeled_splitClauses_0":["10800000"],
"minedBinaryVariableTemplatesNumber_Octagon_splitClauses_1":["14"],
"unlabeledSingleVariableTemplatesNumber_Random_splitClauses_1":["87"],
"clauseNumberBeforeSimplification_Random_splitClauses_0":["131"],
"solvingTime_Unlabeled_splitClauses_1":["10800000"],
"predicateGeneratorTime_PredictedCDHG_splitClauses_1":["10800000"],
"averagePredicateSize_PredictedCDHG_splitClauses_0":["10800000"],
"minedBinaryVariableTemplatesNumber_Term_splitClauses_0":["14"],
"labeledTemplateNumber_RelationalIneqs_splitClauses_0":["15"],
"clauseNumberAfterSimplification_Random_splitClauses_0":["20"],
"clauseNumberAfterSimplification_PredictedCG_splitClauses_0":["20"],
"generatedPredicateNumber_Empty_splitClauses_1":["10800000"],
"clauseNumberBeforeSimplification_Octagon_splitClauses_0":["131"],
"unlabeledTemplateNumber_Empty_splitClauses_0":["201"],
"minedSingleVariableTemplatesNumber_All_splitClauses_0":["29"],
"labeledTemplateRelationSymbolNumber_Octagon_splitClauses_0":["5"],
"generatedPredicateNumber_Random_splitClauses_1":["10800000"],
"clauseNumberAfterSimplification_RelationalEqs_splitClauses_0":["20"],
"labeledBinaryVariableTemplatesNumber_Term_splitClauses_0":["14"],
"minedSingleVariableTemplatesNumber_RelationalEqs_splitClauses_0":["29"],
"minedTemplateNumber_Mined_splitClauses_0":["43"],
"averagePredicateSize_Octagon_splitClauses_0":["10800000"],
"unlabeledBinaryVariableTemplatesNumber_Empty_splitClauses_1":["114"],
"relationSymbolNumber_Unlabeled_splitClauses_0":["44"],
"unlabeledSingleVariableTemplatesNumber_PredictedCDHG_splitClauses_0":["87"],
"unlabeledSingleVariableTemplatesNumber_PredictedCG_splitClauses_1":["87"],
"labeledTemplateRelationSymbolNumber_Labeled_splitClauses_1":["5"],
"minedTemplateRelationSymbolNumber_Random_splitClauses_0":["10"],
"unlabeledTemplateRelationSymbolNumber_PredictedCG_splitClauses_0":["10"],
"unlabeledTemplateNumber_RelationalIneqs_splitClauses_0":["201"],
"unlabeledSingleVariableTemplatesNumber_Labeled_splitClauses_0":["87"],
"minedTemplateNumber_Unlabeled_splitClauses_1":["43"],
"generatedPredicateNumber_PredictedCG_splitClauses_0":["10800000"],
"labeledTemplateNumber_Unlabeled_splitClauses_1":["15"],
"unlabeledTemplateRelationSymbolNumber_Empty_splitClauses_1":["10"],
"clauseNumberBeforeSimplification_Empty_splitClauses_0":["131"],
"solvingTime_Octagon_splitClauses_1":["10800000"],
"cegarIterationNumber_Mined_splitClauses_1":["5"],
"clauseNumberBeforeSimplification_Mined_splitClauses_1":["131"],
"smt2FileSizeByte_PredictedCDHG_splitClauses_0":["71168"],
"averagePredicateSize_PredictedCG_splitClauses_0":["10800000"],
"solvingTime_Random_splitClauses_0":["10800000"],
"minedTemplateNumber_RelationalEqs_splitClauses_0":["43"],
"unlabeledSingleVariableTemplatesNumber_RelationalIneqs_splitClauses_0":["87"],
"unlabeledTemplateNumber_Unlabeled_splitClauses_1":["201"],
"labeledBinaryVariableTemplatesNumber_RelationalEqs_splitClauses_0":["14"],
"generatedPredicateNumber_PredictedCDHG_splitClauses_0":["10800000"],
"minedTemplateRelationSymbolNumber_Empty_splitClauses_1":["10"],
"predicateGeneratorTime_Random_splitClauses_1":["10800000"],
"labeledTemplateNumber_Term_splitClauses_1":["15"],
"minedSingleVariableTemplatesNumber_Empty_splitClauses_1":["29"],
"minedSingleVariableTemplatesNumber_RelationalIneqs_splitClauses_0":["29"],
"clauseNumberAfterSimplification_All_splitClauses_0":["20"],
"unlabeledBinaryVariableTemplatesNumber_RelationalEqs_splitClauses_0":["114"],
"cegarIterationNumber_RelationalEqs_splitClauses_0":["10800000"],
"labeledTemplateRelationSymbolNumber_PredictedCDHG_splitClauses_0":["5"],
"labeledSingleVariableTemplatesNumber_Labeled_splitClauses_1":["1"],
"unlabeledBinaryVariableTemplatesNumber_All_splitClauses_1":["114"],
"minedTemplateRelationSymbolNumber_Unlabeled_splitClauses_1":["10"],
"solvingTime_RelationalEqs_splitClauses_0":["10800000"],
"solvingTime_RelationalEqs_splitClauses_1":["10800000"],
"minedBinaryVariableTemplatesNumber_Mined_splitClauses_0":["14"],
"clauseNumberBeforeSimplification_All_splitClauses_0":["131"],
"clauseNumberBeforeSimplification_RelationalIneqs_splitClauses_1":["131"],
"labeledTemplateNumber_RelationalEqs_splitClauses_1":["15"],
"labeledBinaryVariableTemplatesNumber_RelationalIneqs_splitClauses_0":["14"],
"clauseNumberAfterSimplification_Empty_splitClauses_0":["20"],
"averagePredicateSize_Empty_splitClauses_0":["10800000"],
"relationSymbolNumber_PredictedCG_splitClauses_1":["44"],
"unlabeledTemplateNumber_Term_splitClauses_1":["201"],
"predicateGeneratorTime_Mined_splitClauses_1":["296"],
"relationSymbolNumber_Mined_splitClauses_0":["44"],
"labeledBinaryVariableTemplatesNumber_RelationalIneqs_splitClauses_1":["14"],
"predicateGeneratorTime_Unlabeled_splitClauses_0":["10800000"],
"generatedPredicateNumber_Mined_splitClauses_0":["10800000"],
"generatedPredicateNumber_RelationalEqs_splitClauses_1":["10800000"],
"labeledTemplateRelationSymbolNumber_PredictedCG_splitClauses_0":["5"],
"minedSingleVariableTemplatesNumber_PredictedCG_splitClauses_1":["29"],
"minedTemplateRelationSymbolNumber_PredictedCG_splitClauses_0":["10"],
"unlabeledTemplateRelationSymbolNumber_Labeled_splitClauses_0":["10"],
"solvability_Empty_splitClauses_1":["10800000"],
"averagePredicateSize_Term_splitClauses_0":["10800000"],
"cegarIterationNumber_Random_splitClauses_1":["10800000"],
"relationSymbolNumber_All_splitClauses_1":["44"],
"averagePredicateSize_Labeled_splitClauses_1":["10800000"],
"unlabeledBinaryVariableTemplatesNumber_Unlabeled_splitClauses_0":["114"],
"generatedPredicateNumber_Unlabeled_splitClauses_1":["10800000"],
"predicateGeneratorTime_All_splitClauses_0":["10800000"],
"unlabeledBinaryVariableTemplatesNumber_PredictedCDHG_splitClauses_1":["114"],
"clauseNumberBeforeSimplification_Labeled_splitClauses_1":["131"],
"minedBinaryVariableTemplatesNumber_Labeled_splitClauses_1":["14"],
"labeledSingleVariableTemplatesNumber_All_splitClauses_0":["1"],
"unlabeledTemplateRelationSymbolNumber_Mined_splitClauses_0":["10"],
"cegarIterationNumber_Octagon_splitClauses_1":["10800000"],
"labeledTemplateNumber_Octagon_splitClauses_0":["15"],
"labeledTemplateRelationSymbolNumber_All_splitClauses_1":["5"],
"smt2FileSizeByte_Empty_splitClauses_0":["71168"],
"relationSymbolNumber_RelationalIneqs_splitClauses_1":["44"],
"unlabeledTemplateNumber_Octagon_splitClauses_1":["201"],
"predicateGeneratorTime_RelationalEqs_splitClauses_0":["10800000"],
"unlabeledTemplateRelationSymbolNumber_RelationalIneqs_splitClauses_0":["10"],
"smt2FileSizeByte_RelationalEqs_splitClauses_1":["71168"],
"unlabeledTemplateNumber_Labeled_splitClauses_0":["201"],
"relationSymbolNumber_Random_splitClauses_1":["44"],
"minedSingleVariableTemplatesNumber_Labeled_splitClauses_0":["29"],
"solvingTime_PredictedCDHG_splitClauses_1":["10800000"],
"minedTemplateNumber_Octagon_splitClauses_1":["43"],
"clauseNumberBeforeSimplification_Mined_splitClauses_0":["131"],
"smt2FileSizeByte_All_splitClauses_0":["71168"],
"solvingTime_All_splitClauses_0":["10800000"],
"minedBinaryVariableTemplatesNumber_Term_splitClauses_1":["14"],
"unlabeledTemplateRelationSymbolNumber_Random_splitClauses_0":["10"],
"cegarIterationNumber_All_splitClauses_0":["10800000"],
"smt2FileSizeByte_RelationalEqs_splitClauses_0":["71168"],
"unlabeledSingleVariableTemplatesNumber_PredictedCDHG_splitClauses_1":["87"],
"clauseNumberBeforeSimplification_Labeled_splitClauses_0":["131"],
"cegarIterationNumber_PredictedCG_splitClauses_1":["10800000"],
"labeledTemplateRelationSymbolNumber_Unlabeled_splitClauses_0":["5"],
"unlabeledTemplateRelationSymbolNumber_Octagon_splitClauses_1":["10"],
"unlabeledTemplateNumber_Empty_splitClauses_1":["201"],
"clauseNumberBeforeSimplification_Octagon_splitClauses_1":["131"],
"labeledTemplateNumber_Unlabeled_splitClauses_0":["15"],
"labeledBinaryVariableTemplatesNumber_PredictedCG_splitClauses_0":["14"],
"solvability_Term_splitClauses_1":["10800000"],
"solvability_Octagon_splitClauses_0":["10800000"],
"minedTemplateRelationSymbolNumber_RelationalIneqs_splitClauses_0":["10"],
"clauseNumberBeforeSimplification_RelationalIneqs_splitClauses_0":["131"],
"labeledTemplateNumber_PredictedCG_splitClauses_0":["15"],
"cegarIterationNumber_Labeled_splitClauses_0":["10800000"],
"smt2FileSizeByte_Labeled_splitClauses_1":["71168"],
"clauseNumberBeforeSimplification_Unlabeled_splitClauses_1":["131"],
"generatedPredicateNumber_Term_splitClauses_1":["10800000"],
"solvingTime_Term_splitClauses_1":["10800000"],
"unlabeledBinaryVariableTemplatesNumber_Random_splitClauses_1":["114"],
"unlabeledSingleVariableTemplatesNumber_Octagon_splitClauses_0":["87"],
"solvingTime_Octagon_splitClauses_0":["10800000"],
"labeledSingleVariableTemplatesNumber_Mined_splitClauses_1":["1"],
"averagePredicateSize_Term_splitClauses_1":["10800000"],
"labeledTemplateNumber_Labeled_splitClauses_0":["15"],
"unlabeledSingleVariableTemplatesNumber_PredictedCG_splitClauses_0":["87"],
"smt2FileSizeByte_Mined_splitClauses_1":["71168"],
"labeledBinaryVariableTemplatesNumber_Unlabeled_splitClauses_1":["14"],
"labeledTemplateNumber_All_splitClauses_0":["15"],
"unlabeledTemplateNumber_Random_splitClauses_0":["201"],
"labeledTemplateNumber_Octagon_splitClauses_1":["15"],
"unlabeledTemplateNumber_PredictedCDHG_splitClauses_1":["201"],
"unlabeledBinaryVariableTemplatesNumber_Mined_splitClauses_0":["114"],
"minedTemplateRelationSymbolNumber_Mined_splitClauses_1":["10"],
"labeledTemplateNumber_RelationalIneqs_splitClauses_1":["15"],
"solvability_Term_splitClauses_0":["10800000"],
"relationSymbolNumber_Octagon_splitClauses_0":["44"],
"clauseNumberBeforeSimplification_PredictedCG_splitClauses_1":["131"],
"generatedPredicateNumber_Labeled_splitClauses_1":["10800000"],
"labeledSingleVariableTemplatesNumber_Unlabeled_splitClauses_0":["1"],
"unlabeledBinaryVariableTemplatesNumber_Empty_splitClauses_0":["114"],
"solvingTime_Mined_splitClauses_0":["10800000"],
"unlabeledTemplateNumber_All_splitClauses_1":["201"],
"clauseNumberAfterSimplification_Random_splitClauses_1":["20"],
"labeledBinaryVariableTemplatesNumber_Octagon_splitClauses_1":["14"],
"unlabeledBinaryVariableTemplatesNumber_Labeled_splitClauses_0":["114"],
"smt2FileSizeByte_Octagon_splitClauses_0":["71168"],
"labeledSingleVariableTemplatesNumber_Random_splitClauses_1":["1"],
"solvability_Unlabeled_splitClauses_0":["10800000"],
"solvingTime_Unlabeled_splitClauses_0":["10800000"],
"unlabeledTemplateRelationSymbolNumber_All_splitClauses_1":["10"],
"minedTemplateNumber_Empty_splitClauses_1":["43"],
"solvability_RelationalIneqs_splitClauses_0":["10800000"],
"unlabeledTemplateRelationSymbolNumber_Labeled_splitClauses_1":["10"],
"cegarIterationNumber_RelationalEqs_splitClauses_1":["10800000"],
"minedSingleVariableTemplatesNumber_RelationalEqs_splitClauses_1":["29"],
"clauseNumberAfterSimplification_PredictedCDHG_splitClauses_1":["20"],
"minedBinaryVariableTemplatesNumber_RelationalIneqs_splitClauses_1":["14"],
"unlabeledBinaryVariableTemplatesNumber_Mined_splitClauses_1":["114"],
"unlabeledBinaryVariableTemplatesNumber_PredictedCDHG_splitClauses_0":["114"],
"solvingTime_Empty_splitClauses_1":["10800000"],
"labeledTemplateRelationSymbolNumber_Empty_splitClauses_1":["5"],
"generatedPredicateNumber_Term_splitClauses_0":["10800000"],
"averagePredicateSize_Empty_splitClauses_1":["10800000"],
"generatedPredicateNumber_PredictedCG_splitClauses_1":["10800000"],
"labeledTemplateRelationSymbolNumber_PredictedCDHG_splitClauses_1":["5"],
"relationSymbolNumber_Mined_splitClauses_1":["44"],
"predicateGeneratorTime_Mined_splitClauses_0":["10800000"],
"predicateGeneratorTime_Labeled_splitClauses_0":["10800000"],
"labeledSingleVariableTemplatesNumber_Random_splitClauses_0":["1"],
"unlabeledTemplateRelationSymbolNumber_All_splitClauses_0":["10"],
"minedBinaryVariableTemplatesNumber_Labeled_splitClauses_0":["14"],
"generatedPredicateNumber_Labeled_splitClauses_0":["10800000"],
"relationSymbolNumber_Empty_splitClauses_0":["44"],
"solvingTime_Mined_splitClauses_1":["445"],
"minedSingleVariableTemplatesNumber_All_splitClauses_1":["29"],
"predicateGeneratorTime_Random_splitClauses_0":["10800000"],
"cegarIterationNumber_Term_splitClauses_1":["10800000"],
"labeledTemplateNumber_Empty_splitClauses_1":["15"],
"clauseNumberAfterSimplification_Empty_splitClauses_1":["20"],
"minedTemplateRelationSymbolNumber_Empty_splitClauses_0":["10"],
"unlabeledSingleVariableTemplatesNumber_Term_splitClauses_0":["87"],
"minedSingleVariableTemplatesNumber_Empty_splitClauses_0":["29"],
"minedTemplateRelationSymbolNumber_RelationalEqs_splitClauses_0":["10"],
"cegarIterationNumber_Empty_splitClauses_0":["10800000"],
"minedBinaryVariableTemplatesNumber_RelationalEqs_splitClauses_1":["14"],
"labeledSingleVariableTemplatesNumber_All_splitClauses_1":["1"],
"unlabeledTemplateRelationSymbolNumber_Octagon_splitClauses_0":["10"],
"minedTemplateRelationSymbolNumber_Unlabeled_splitClauses_0":["10"],
"labeledBinaryVariableTemplatesNumber_Mined_splitClauses_0":["14"],
"minedTemplateNumber_PredictedCG_splitClauses_1":["43"],
"cegarIterationNumber_Empty_splitClauses_1":["10800000"],
"averagePredicateSize_RelationalIneqs_splitClauses_0":["10800000"],
"solvability_All_splitClauses_1":["10800000"],
"unlabeledBinaryVariableTemplatesNumber_Term_splitClauses_1":["114"],
"relationSymbolNumber_PredictedCDHG_splitClauses_0":["44"],
"minedTemplateRelationSymbolNumber_Labeled_splitClauses_1":["10"],
"averagePredicateSize_Unlabeled_splitClauses_1":["10800000"],
"labeledTemplateNumber_Term_splitClauses_0":["15"],
"smt2FileSizeByte_Empty_splitClauses_1":["71168"],
"solvingTime_PredictedCG_splitClauses_0":["10800000"],
"relationSymbolNumber_Term_splitClauses_0":["44"],
"cegarIterationNumber_All_splitClauses_1":["10800000"],
"clauseNumberBeforeSimplification_Term_splitClauses_1":["131"],
"predicateGeneratorTime_Empty_splitClauses_0":["10800000"],
"averagePredicateSize_All_splitClauses_0":["10800000"],
"unlabeledBinaryVariableTemplatesNumber_Random_splitClauses_0":["114"],
"smt2FileSizeByte_Term_splitClauses_0":["71168"],
"averagePredicateSize_Mined_splitClauses_1":["1"],
"minedBinaryVariableTemplatesNumber_Empty_splitClauses_0":["14"],
"minedTemplateRelationSymbolNumber_All_splitClauses_1":["10"],
"labeledSingleVariableTemplatesNumber_PredictedCG_splitClauses_0":["1"],
"unlabeledBinaryVariableTemplatesNumber_RelationalIneqs_splitClauses_0":["114"],
"unlabeledSingleVariableTemplatesNumber_RelationalIneqs_splitClauses_1":["87"],
"clauseNumberAfterSimplification_RelationalIneqs_splitClauses_0":["20"],
"unlabeledTemplateNumber_RelationalEqs_splitClauses_0":["201"],
"unlabeledTemplateNumber_RelationalIneqs_splitClauses_1":["201"],
"labeledTemplateRelationSymbolNumber_PredictedCG_splitClauses_1":["5"],
"labeledTemplateRelationSymbolNumber_All_splitClauses_0":["5"],
"labeledSingleVariableTemplatesNumber_Octagon_splitClauses_0":["1"],
"dummyFiled":[]
}