{
"smt2FileSizeByte_All_splitClauses_1":["1747464"],
"generatedPredicateNumber_All_splitClauses_1":["10800000"],
"unlabeledTemplateRelationSymbolNumber_PredictedCDHG_splitClauses_0":["6"],
"relationSymbolNumberBeforeSimplification_Unlabeled_splitClauses_1":["390"],
"predicateGeneratorTime_Term_splitClauses_0":["10800000"],
"averagePredicateSize_Random_splitClauses_1":["1"],
"labeledBinaryVariableTemplatesNumber_Labeled_splitClauses_1":["6"],
"clauseNumberBeforeSimplification_All_splitClauses_1":["190"],
"minedTemplateRelationSymbolNumber_Term_splitClauses_0":["6"],
"solvingTime_Labeled_splitClauses_1":["1027"],
"unlabeledTemplateNumber_Labeled_splitClauses_1":["9198"],
"relationSymbolNumberAfterSimplification_All_splitClauses_1":["51"],
"minedTemplateRelationSymbolNumber_Octagon_splitClauses_1":["6"],
"clauseNumberAfterSimplification_Mined_splitClauses_1":["22"],
"relationSymbolNumberBeforeSimplification_Octagon_splitClauses_0":["390"],
"unlabeledBinaryVariableTemplatesNumber_Term_splitClauses_0":["6120"],
"labeledTemplateNumber_PredictedCDHG_splitClauses_0":["6"],
"solvability_Empty_splitClauses_0":["10800000"],
"unlabeledTemplateRelationSymbolNumber_Random_splitClauses_1":["6"],
"labeledBinaryVariableTemplatesNumber_Octagon_splitClauses_0":["6"],
"relationSymbolNumberBeforeSimplification_Random_splitClauses_1":["390"],
"minedTemplateRelationSymbolNumber_Random_splitClauses_1":["6"],
"unlabeledSingleVariableTemplatesNumber_Mined_splitClauses_0":["3078"],
"unlabeledBinaryVariableTemplatesNumber_PredictedCG_splitClauses_1":["6120"],
"solvability_All_splitClauses_0":["10800000"],
"predicateGeneratorTime_RelationalEqs_splitClauses_1":["1407"],
"relationSymbolNumberBeforeSimplification_PredictedCDHG_splitClauses_1":["390"],
"smt2FileSizeByte_PredictedCG_splitClauses_1":["1747464"],
"labeledSingleVariableTemplatesNumber_Unlabeled_splitClauses_1":["0"],
"labeledBinaryVariableTemplatesNumber_PredictedCG_splitClauses_1":["6"],
"minedBinaryVariableTemplatesNumber_PredictedCG_splitClauses_0":["6"],
"solvability_Random_splitClauses_0":["10800000"],
"relationSymbolNumberAfterSimplification_PredictedCG_splitClauses_1":["51"],
"clauseNumberBeforeSimplification_PredictedCDHG_splitClauses_1":["190"],
"labeledSingleVariableTemplatesNumber_Mined_splitClauses_0":["0"],
"solvability_Unlabeled_splitClauses_1":["1"],
"cegarIterationNumber_Labeled_splitClauses_1":["4"],
"smt2FileSizeByte_Mined_splitClauses_0":["1747464"],
"relationSymbolNumberAfterSimplification_Mined_splitClauses_0":["51"],
"labeledSingleVariableTemplatesNumber_PredictedCG_splitClauses_1":["0"],
"smt2FileSizeByte_Octagon_splitClauses_1":["1747464"],
"minedTemplateNumber_Labeled_splitClauses_1":["1032"],
"labeledSingleVariableTemplatesNumber_RelationalIneqs_splitClauses_1":["0"],
"clauseNumberAfterSimplification_Labeled_splitClauses_1":["22"],
"relationSymbolNumberAfterSimplification_Labeled_splitClauses_0":["51"],
"smt2FileSizeByte_Random_splitClauses_0":["1747464"],
"relationSymbolNumberAfterSimplification_PredictedCDHG_splitClauses_0":["51"],
"unlabeledTemplateRelationSymbolNumber_PredictedCDHG_splitClauses_1":["6"],
"labeledSingleVariableTemplatesNumber_Term_splitClauses_0":["0"],
"generatedPredicateNumber_PredictedCDHG_splitClauses_1":["10800000"],
"minedSingleVariableTemplatesNumber_Unlabeled_splitClauses_0":["1026"],
"generatedPredicateNumber_Octagon_splitClauses_1":["9"],
"labeledSingleVariableTemplatesNumber_RelationalEqs_splitClauses_0":["0"],
"predicateGeneratorTime_PredictedCG_splitClauses_1":["10800000"],
"relationSymbolNumberAfterSimplification_Octagon_splitClauses_0":["51"],
"labeledTemplateNumber_Labeled_splitClauses_1":["6"],
"labeledSingleVariableTemplatesNumber_Empty_splitClauses_0":["0"],
"minedTemplateRelationSymbolNumber_RelationalIneqs_splitClauses_1":["6"],
"unlabeledSingleVariableTemplatesNumber_All_splitClauses_1":["3078"],
"labeledBinaryVariableTemplatesNumber_PredictedCDHG_splitClauses_1":["6"],
"unlabeledSingleVariableTemplatesNumber_RelationalEqs_splitClauses_1":["3078"],
"cegarIterationNumber_Term_splitClauses_0":["10800000"],
"unlabeledBinaryVariableTemplatesNumber_Labeled_splitClauses_1":["6120"],
"unlabeledSingleVariableTemplatesNumber_Term_splitClauses_1":["3078"],
"clauseNumberAfterSimplification_All_splitClauses_1":["22"],
"minedSingleVariableTemplatesNumber_Random_splitClauses_0":["1026"],
"solvability_RelationalIneqs_splitClauses_1":["1"],
"minedTemplateNumber_Labeled_splitClauses_0":["1032"],
"minedSingleVariableTemplatesNumber_Octagon_splitClauses_0":["1026"],
"minedSingleVariableTemplatesNumber_Term_splitClauses_1":["1026"],
"minedBinaryVariableTemplatesNumber_PredictedCDHG_splitClauses_1":["6"],
"generatedPredicateNumber_Mined_splitClauses_1":["9"],
"labeledSingleVariableTemplatesNumber_RelationalIneqs_splitClauses_0":["0"],
"averagePredicateSize_Mined_splitClauses_0":["10800000"],
"cegarIterationNumber_Unlabeled_splitClauses_0":["10800000"],
"minedBinaryVariableTemplatesNumber_Random_splitClauses_0":["6"],
"labeledTemplateNumber_Mined_splitClauses_1":["6"],
"labeledBinaryVariableTemplatesNumber_Random_splitClauses_0":["6"],
"unlabeledTemplateRelationSymbolNumber_Unlabeled_splitClauses_1":["6"],
"cegarIterationNumber_Mined_splitClauses_0":["10800000"],
"minedTemplateRelationSymbolNumber_Labeled_splitClauses_0":["6"],
"unlabeledBinaryVariableTemplatesNumber_RelationalIneqs_splitClauses_1":["6120"],
"unlabeledBinaryVariableTemplatesNumber_Octagon_splitClauses_0":["6120"],
"solvability_Mined_splitClauses_0":["10800000"],
"averagePredicateSize_RelationalEqs_splitClauses_0":["10800000"],
"clauseNumberAfterSimplification_Term_splitClauses_0":["22"],
"unlabeledTemplateNumber_Mined_splitClauses_0":["9198"],
"relationSymbolNumberAfterSimplification_Random_splitClauses_1":["51"],
"unlabeledTemplateNumber_PredictedCDHG_splitClauses_0":["9198"],
"cegarIterationNumber_RelationalIneqs_splitClauses_1":["4"],
"minedBinaryVariableTemplatesNumber_Unlabeled_splitClauses_1":["6"],
"labeledTemplateNumber_PredictedCG_splitClauses_1":["6"],
"labeledTemplateRelationSymbolNumber_Mined_splitClauses_0":["4"],
"labeledBinaryVariableTemplatesNumber_Mined_splitClauses_1":["6"],
"relationSymbolNumberBeforeSimplification_Mined_splitClauses_0":["390"],
"relationSymbolNumberBeforeSimplification_RelationalIneqs_splitClauses_0":["390"],
"clauseNumberAfterSimplification_RelationalIneqs_splitClauses_1":["22"],
"minedSingleVariableTemplatesNumber_PredictedCDHG_splitClauses_0":["1026"],
"solvability_Labeled_splitClauses_1":["1"],
"labeledSingleVariableTemplatesNumber_Octagon_splitClauses_1":["0"],
"averagePredicateSize_Random_splitClauses_0":["10800000"],
"smt2FileSizeByte_RelationalIneqs_splitClauses_0":["1747464"],
"generatedPredicateNumber_Unlabeled_splitClauses_0":["10800000"],
"solvability_RelationalEqs_splitClauses_0":["10800000"],
"predicateGeneratorTime_Empty_splitClauses_1":["686"],
"minedSingleVariableTemplatesNumber_Mined_splitClauses_0":["1026"],
"relationSymbolNumberAfterSimplification_Unlabeled_splitClauses_0":["51"],
"minedTemplateRelationSymbolNumber_PredictedCDHG_splitClauses_1":["6"],
"minedTemplateNumber_PredictedCG_splitClauses_0":["1032"],
"averagePredicateSize_RelationalIneqs_splitClauses_1":["1"],
"labeledTemplateRelationSymbolNumber_Random_splitClauses_1":["4"],
"minedTemplateNumber_RelationalIneqs_splitClauses_0":["1032"],
"predicateGeneratorTime_RelationalIneqs_splitClauses_0":["10800000"],
"labeledTemplateRelationSymbolNumber_Empty_splitClauses_0":["4"],
"minedBinaryVariableTemplatesNumber_Octagon_splitClauses_0":["6"],
"labeledSingleVariableTemplatesNumber_Term_splitClauses_1":["0"],
"labeledBinaryVariableTemplatesNumber_Empty_splitClauses_0":["6"],
"minedTemplateNumber_Octagon_splitClauses_0":["1032"],
"labeledBinaryVariableTemplatesNumber_Unlabeled_splitClauses_0":["6"],
"relationSymbolNumberBeforeSimplification_Empty_splitClauses_0":["390"],
"clauseNumberAfterSimplification_PredictedCDHG_splitClauses_0":["22"],
"smt2FileSizeByte_PredictedCG_splitClauses_0":["1747464"],
"minedBinaryVariableTemplatesNumber_RelationalEqs_splitClauses_0":["6"],
"relationSymbolNumberBeforeSimplification_Unlabeled_splitClauses_0":["390"],
"labeledTemplateRelationSymbolNumber_RelationalEqs_splitClauses_1":["4"],
"minedBinaryVariableTemplatesNumber_Random_splitClauses_1":["6"],
"clauseNumberAfterSimplification_Unlabeled_splitClauses_1":["22"],
"minedSingleVariableTemplatesNumber_PredictedCDHG_splitClauses_1":["1026"],
"labeledBinaryVariableTemplatesNumber_Term_splitClauses_1":["6"],
"clauseNumberBeforeSimplification_Empty_splitClauses_1":["190"],
"relationSymbolNumberAfterSimplification_Octagon_splitClauses_1":["51"],
"relationSymbolNumberAfterSimplification_Term_splitClauses_0":["51"],
"minedBinaryVariableTemplatesNumber_Mined_splitClauses_1":["6"],
"unlabeledBinaryVariableTemplatesNumber_Unlabeled_splitClauses_1":["6120"],
"relationSymbolNumberBeforeSimplification_Random_splitClauses_0":["390"],
"relationSymbolNumberAfterSimplification_PredictedCDHG_splitClauses_1":["51"],
"unlabeledTemplateNumber_PredictedCG_splitClauses_1":["9198"],
"generatedPredicateNumber_Empty_splitClauses_0":["10800000"],
"predicateGeneratorTime_RelationalIneqs_splitClauses_1":["932"],
"unlabeledSingleVariableTemplatesNumber_Empty_splitClauses_0":["3078"],
"cegarIterationNumber_Octagon_splitClauses_0":["10800000"],
"clauseNumberAfterSimplification_Octagon_splitClauses_1":["22"],
"unlabeledSingleVariableTemplatesNumber_Labeled_splitClauses_1":["3078"],
"clauseNumberBeforeSimplification_Random_splitClauses_1":["190"],
"minedTemplateRelationSymbolNumber_All_splitClauses_0":["6"],
"unlabeledTemplateRelationSymbolNumber_RelationalEqs_splitClauses_0":["6"],
"minedSingleVariableTemplatesNumber_Unlabeled_splitClauses_1":["1026"],
"clauseNumberBeforeSimplification_RelationalEqs_splitClauses_0":["190"],
"minedTemplateNumber_Unlabeled_splitClauses_0":["1032"],
"generatedPredicateNumber_Octagon_splitClauses_0":["10800000"],
"predicateGeneratorTime_PredictedCDHG_splitClauses_0":["10800000"],
"clauseNumberAfterSimplification_PredictedCG_splitClauses_1":["22"],
"labeledSingleVariableTemplatesNumber_RelationalEqs_splitClauses_1":["0"],
"smt2FileSizeByte_Random_splitClauses_1":["1747464"],
"averagePredicateSize_PredictedCG_splitClauses_1":["10800000"],
"cegarIterationNumber_PredictedCDHG_splitClauses_1":["10800000"],
"clauseNumberAfterSimplification_RelationalEqs_splitClauses_1":["22"],
"minedBinaryVariableTemplatesNumber_Empty_splitClauses_1":["6"],
"relationSymbolNumberAfterSimplification_RelationalEqs_splitClauses_1":["51"],
"minedTemplateNumber_PredictedCDHG_splitClauses_0":["1032"],
"labeledBinaryVariableTemplatesNumber_All_splitClauses_1":["6"],
"solvingTime_RelationalIneqs_splitClauses_1":["1144"],
"unlabeledTemplateRelationSymbolNumber_RelationalEqs_splitClauses_1":["6"],
"smt2FileSizeByte_Unlabeled_splitClauses_0":["1747464"],
"relationSymbolNumberBeforeSimplification_Mined_splitClauses_1":["390"],
"relationSymbolNumberAfterSimplification_Mined_splitClauses_1":["51"],
"generatedPredicateNumber_All_splitClauses_0":["10800000"],
"relationSymbolNumberBeforeSimplification_Octagon_splitClauses_1":["390"],
"predicateGeneratorTime_Octagon_splitClauses_1":["1017"],
"solvability_Mined_splitClauses_1":["1"],
"minedTemplateRelationSymbolNumber_Term_splitClauses_1":["6"],
"clauseNumberAfterSimplification_Mined_splitClauses_0":["22"],
"solvability_PredictedCDHG_splitClauses_0":["10800000"],
"solvingTime_Empty_splitClauses_0":["10800000"],
"unlabeledSingleVariableTemplatesNumber_Unlabeled_splitClauses_1":["3078"],
"minedTemplateNumber_Term_splitClauses_1":["1032"],
"averagePredicateSize_Octagon_splitClauses_1":["1"],
"unlabeledSingleVariableTemplatesNumber_Octagon_splitClauses_1":["3078"],
"minedTemplateRelationSymbolNumber_RelationalEqs_splitClauses_1":["6"],
"relationSymbolNumberBeforeSimplification_All_splitClauses_1":["390"],
"minedBinaryVariableTemplatesNumber_RelationalIneqs_splitClauses_0":["6"],
"predicateGeneratorTime_Term_splitClauses_1":["894"],
"solvingTime_Labeled_splitClauses_0":["10800000"],
"unlabeledBinaryVariableTemplatesNumber_PredictedCG_splitClauses_0":["6120"],
"minedTemplateNumber_All_splitClauses_0":["1032"],
"predicateGeneratorTime_Labeled_splitClauses_1":["809"],
"unlabeledTemplateRelationSymbolNumber_Empty_splitClauses_0":["6"],
"unlabeledTemplateNumber_Mined_splitClauses_1":["9198"],
"solvability_PredictedCG_splitClauses_1":["10800000"],
"unlabeledTemplateNumber_Term_splitClauses_0":["9198"],
"minedBinaryVariableTemplatesNumber_PredictedCG_splitClauses_1":["6"],
"labeledSingleVariableTemplatesNumber_PredictedCDHG_splitClauses_0":["0"],
"minedBinaryVariableTemplatesNumber_All_splitClauses_0":["6"],
"averagePredicateSize_PredictedCDHG_splitClauses_1":["10800000"],
"predicateGeneratorTime_PredictedCG_splitClauses_0":["10800000"],
"generatedPredicateNumber_RelationalIneqs_splitClauses_0":["10800000"],
"labeledTemplateNumber_Empty_splitClauses_0":["6"],
"relationSymbolNumberAfterSimplification_RelationalIneqs_splitClauses_1":["51"],
"unlabeledTemplateRelationSymbolNumber_Term_splitClauses_0":["6"],
"minedTemplateNumber_All_splitClauses_1":["1032"],
"labeledSingleVariableTemplatesNumber_Empty_splitClauses_1":["0"],
"minedBinaryVariableTemplatesNumber_Unlabeled_splitClauses_0":["6"],
"labeledTemplateNumber_Random_splitClauses_0":["6"],
"minedBinaryVariableTemplatesNumber_All_splitClauses_1":["6"],
"unlabeledSingleVariableTemplatesNumber_All_splitClauses_0":["3078"],
"relationSymbolNumberBeforeSimplification_Labeled_splitClauses_1":["390"],
"smt2FileSizeByte_PredictedCDHG_splitClauses_1":["1747464"],
"labeledBinaryVariableTemplatesNumber_PredictedCDHG_splitClauses_0":["6"],
"averagePredicateSize_RelationalEqs_splitClauses_1":["1"],
"minedSingleVariableTemplatesNumber_Term_splitClauses_0":["1026"],
"labeledTemplateRelationSymbolNumber_Term_splitClauses_1":["4"],
"generatedPredicateNumber_Random_splitClauses_0":["10800000"],
"labeledBinaryVariableTemplatesNumber_Empty_splitClauses_1":["6"],
"relationSymbolNumberAfterSimplification_Term_splitClauses_1":["51"],
"clauseNumberAfterSimplification_Labeled_splitClauses_0":["22"],
"labeledSingleVariableTemplatesNumber_Labeled_splitClauses_0":["0"],
"minedTemplateNumber_Mined_splitClauses_1":["1032"],
"labeledTemplateRelationSymbolNumber_Labeled_splitClauses_0":["4"],
"unlabeledTemplateRelationSymbolNumber_Mined_splitClauses_1":["6"],
"solvability_Labeled_splitClauses_0":["10800000"],
"minedTemplateNumber_RelationalEqs_splitClauses_1":["1032"],
"solvingTime_Random_splitClauses_1":["1169"],
"minedTemplateNumber_Random_splitClauses_0":["1032"],
"cegarIterationNumber_Unlabeled_splitClauses_1":["4"],
"minedTemplateNumber_RelationalIneqs_splitClauses_1":["1032"],
"unlabeledBinaryVariableTemplatesNumber_Octagon_splitClauses_1":["6120"],
"minedSingleVariableTemplatesNumber_Octagon_splitClauses_1":["1026"],
"minedSingleVariableTemplatesNumber_Random_splitClauses_1":["1026"],
"averagePredicateSize_All_splitClauses_1":["10800000"],
"minedTemplateNumber_Empty_splitClauses_0":["1032"],
"labeledTemplateNumber_Mined_splitClauses_0":["6"],
"unlabeledBinaryVariableTemplatesNumber_All_splitClauses_0":["6120"],
"relationSymbolNumberAfterSimplification_Labeled_splitClauses_1":["51"],
"labeledSingleVariableTemplatesNumber_PredictedCDHG_splitClauses_1":["0"],
"minedSingleVariableTemplatesNumber_Mined_splitClauses_1":["1026"],
"labeledTemplateRelationSymbolNumber_Term_splitClauses_0":["4"],
"unlabeledTemplateRelationSymbolNumber_Term_splitClauses_1":["6"],
"predicateGeneratorTime_All_splitClauses_1":["10800000"],
"unlabeledSingleVariableTemplatesNumber_Random_splitClauses_0":["3078"],
"predicateGeneratorTime_Unlabeled_splitClauses_1":["1201"],
"cegarIterationNumber_PredictedCDHG_splitClauses_0":["10800000"],
"labeledTemplateNumber_RelationalEqs_splitClauses_0":["6"],
"labeledTemplateRelationSymbolNumber_Mined_splitClauses_1":["4"],
"labeledTemplateRelationSymbolNumber_Random_splitClauses_0":["4"],
"labeledBinaryVariableTemplatesNumber_RelationalEqs_splitClauses_1":["6"],
"generatedPredicateNumber_RelationalIneqs_splitClauses_1":["9"],
"unlabeledTemplateRelationSymbolNumber_PredictedCG_splitClauses_1":["6"],
"unlabeledSingleVariableTemplatesNumber_RelationalEqs_splitClauses_0":["3078"],
"labeledBinaryVariableTemplatesNumber_Labeled_splitClauses_0":["6"],
"minedBinaryVariableTemplatesNumber_PredictedCDHG_splitClauses_0":["6"],
"unlabeledTemplateRelationSymbolNumber_Unlabeled_splitClauses_0":["6"],
"clauseNumberAfterSimplification_Term_splitClauses_1":["22"],
"unlabeledTemplateNumber_Octagon_splitClauses_0":["9198"],
"unlabeledBinaryVariableTemplatesNumber_RelationalEqs_splitClauses_1":["6120"],
"unlabeledTemplateNumber_PredictedCG_splitClauses_0":["9198"],
"unlabeledTemplateNumber_All_splitClauses_0":["9198"],
"labeledTemplateRelationSymbolNumber_RelationalIneqs_splitClauses_1":["4"],
"unlabeledSingleVariableTemplatesNumber_Mined_splitClauses_1":["3078"],
"labeledTemplateRelationSymbolNumber_Unlabeled_splitClauses_1":["4"],
"labeledBinaryVariableTemplatesNumber_Random_splitClauses_1":["6"],
"solvability_Random_splitClauses_1":["1"],
"solvingTime_Term_splitClauses_0":["10800000"],
"minedSingleVariableTemplatesNumber_Labeled_splitClauses_1":["1026"],
"clauseNumberBeforeSimplification_Term_splitClauses_0":["190"],
"relationSymbolNumberBeforeSimplification_RelationalIneqs_splitClauses_1":["390"],
"minedTemplateRelationSymbolNumber_Mined_splitClauses_0":["6"],
"solvability_Octagon_splitClauses_1":["1"],
"minedSingleVariableTemplatesNumber_RelationalIneqs_splitClauses_1":["1026"],
"smt2FileSizeByte_Labeled_splitClauses_0":["1747464"],
"solvability_RelationalEqs_splitClauses_1":["1"],
"unlabeledSingleVariableTemplatesNumber_Empty_splitClauses_1":["3078"],
"labeledTemplateNumber_PredictedCDHG_splitClauses_1":["6"],
"minedTemplateRelationSymbolNumber_Octagon_splitClauses_0":["6"],
"clauseNumberAfterSimplification_Unlabeled_splitClauses_0":["22"],
"clauseNumberBeforeSimplification_Unlabeled_splitClauses_0":["190"],
"clauseNumberBeforeSimplification_PredictedCDHG_splitClauses_0":["190"],
"cegarIterationNumber_RelationalIneqs_splitClauses_0":["10800000"],
"labeledTemplateRelationSymbolNumber_RelationalEqs_splitClauses_0":["4"],
"averagePredicateSize_Labeled_splitClauses_0":["10800000"],
"smt2FileSizeByte_RelationalIneqs_splitClauses_1":["1747464"],
"clauseNumberBeforeSimplification_RelationalEqs_splitClauses_1":["190"],
"unlabeledTemplateRelationSymbolNumber_RelationalIneqs_splitClauses_1":["6"],
"clauseNumberBeforeSimplification_PredictedCG_splitClauses_0":["190"],
"solvingTime_PredictedCDHG_splitClauses_0":["10800000"],
"labeledTemplateRelationSymbolNumber_Octagon_splitClauses_1":["4"],
"minedTemplateRelationSymbolNumber_PredictedCG_splitClauses_1":["6"],
"relationSymbolNumberBeforeSimplification_RelationalEqs_splitClauses_1":["390"],
"labeledTemplateNumber_Random_splitClauses_1":["6"],
"solvingTime_RelationalIneqs_splitClauses_0":["10800000"],
"labeledTemplateNumber_All_splitClauses_1":["6"],
"unlabeledTemplateNumber_Random_splitClauses_1":["9198"],
"relationSymbolNumberBeforeSimplification_All_splitClauses_0":["390"],
"smt2FileSizeByte_Unlabeled_splitClauses_1":["1747464"],
"cegarIterationNumber_PredictedCG_splitClauses_0":["10800000"],
"predicateGeneratorTime_Octagon_splitClauses_0":["10800000"],
"unlabeledTemplateNumber_RelationalEqs_splitClauses_1":["9198"],
"clauseNumberAfterSimplification_Octagon_splitClauses_0":["22"],
"cegarIterationNumber_Random_splitClauses_0":["10800000"],
"solvability_PredictedCDHG_splitClauses_1":["10800000"],
"solvability_PredictedCG_splitClauses_0":["10800000"],
"solvingTime_PredictedCG_splitClauses_1":["10800000"],
"unlabeledSingleVariableTemplatesNumber_Unlabeled_splitClauses_0":["3078"],
"unlabeledTemplateNumber_Unlabeled_splitClauses_0":["9198"],
"labeledTemplateRelationSymbolNumber_RelationalIneqs_splitClauses_0":["4"],
"minedTemplateNumber_Random_splitClauses_1":["1032"],
"generatedPredicateNumber_RelationalEqs_splitClauses_0":["10800000"],
"minedTemplateNumber_Term_splitClauses_0":["1032"],
"solvingTime_All_splitClauses_1":["10800000"],
"minedSingleVariableTemplatesNumber_PredictedCG_splitClauses_0":["1026"],
"smt2FileSizeByte_Term_splitClauses_1":["1747464"],
"labeledBinaryVariableTemplatesNumber_All_splitClauses_0":["6"],
"minedTemplateNumber_PredictedCDHG_splitClauses_1":["1032"],
"minedTemplateRelationSymbolNumber_PredictedCDHG_splitClauses_0":["6"],
"averagePredicateSize_Unlabeled_splitClauses_0":["10800000"],
"minedBinaryVariableTemplatesNumber_Octagon_splitClauses_1":["6"],
"unlabeledSingleVariableTemplatesNumber_Random_splitClauses_1":["3078"],
"clauseNumberBeforeSimplification_Random_splitClauses_0":["190"],
"solvingTime_Unlabeled_splitClauses_1":["1458"],
"predicateGeneratorTime_PredictedCDHG_splitClauses_1":["10800000"],
"averagePredicateSize_PredictedCDHG_splitClauses_0":["10800000"],
"relationSymbolNumberAfterSimplification_RelationalEqs_splitClauses_0":["51"],
"minedBinaryVariableTemplatesNumber_Term_splitClauses_0":["6"],
"labeledTemplateNumber_RelationalIneqs_splitClauses_0":["6"],
"clauseNumberAfterSimplification_Random_splitClauses_0":["22"],
"clauseNumberAfterSimplification_PredictedCG_splitClauses_0":["22"],
"generatedPredicateNumber_Empty_splitClauses_1":["9"],
"clauseNumberBeforeSimplification_Octagon_splitClauses_0":["190"],
"unlabeledTemplateNumber_Empty_splitClauses_0":["9198"],
"minedSingleVariableTemplatesNumber_All_splitClauses_0":["1026"],
"labeledTemplateRelationSymbolNumber_Octagon_splitClauses_0":["4"],
"generatedPredicateNumber_Random_splitClauses_1":["9"],
"clauseNumberAfterSimplification_RelationalEqs_splitClauses_0":["22"],
"labeledBinaryVariableTemplatesNumber_Term_splitClauses_0":["6"],
"minedSingleVariableTemplatesNumber_RelationalEqs_splitClauses_0":["1026"],
"minedTemplateNumber_Mined_splitClauses_0":["1032"],
"relationSymbolNumberBeforeSimplification_PredictedCG_splitClauses_0":["390"],
"averagePredicateSize_Octagon_splitClauses_0":["10800000"],
"unlabeledBinaryVariableTemplatesNumber_Empty_splitClauses_1":["6120"],
"unlabeledSingleVariableTemplatesNumber_PredictedCDHG_splitClauses_0":["3078"],
"unlabeledSingleVariableTemplatesNumber_PredictedCG_splitClauses_1":["3078"],
"labeledTemplateRelationSymbolNumber_Labeled_splitClauses_1":["4"],
"minedTemplateRelationSymbolNumber_Random_splitClauses_0":["6"],
"unlabeledTemplateRelationSymbolNumber_PredictedCG_splitClauses_0":["6"],
"unlabeledTemplateNumber_RelationalIneqs_splitClauses_0":["9198"],
"unlabeledSingleVariableTemplatesNumber_Labeled_splitClauses_0":["3078"],
"relationSymbolNumberAfterSimplification_PredictedCG_splitClauses_0":["51"],
"minedTemplateNumber_Unlabeled_splitClauses_1":["1032"],
"generatedPredicateNumber_PredictedCG_splitClauses_0":["10800000"],
"labeledTemplateNumber_Unlabeled_splitClauses_1":["6"],
"unlabeledTemplateRelationSymbolNumber_Empty_splitClauses_1":["6"],
"clauseNumberBeforeSimplification_Empty_splitClauses_0":["190"],
"solvingTime_Octagon_splitClauses_1":["1245"],
"cegarIterationNumber_Mined_splitClauses_1":["4"],
"clauseNumberBeforeSimplification_Mined_splitClauses_1":["190"],
"smt2FileSizeByte_PredictedCDHG_splitClauses_0":["1747464"],
"averagePredicateSize_PredictedCG_splitClauses_0":["10800000"],
"solvingTime_Random_splitClauses_0":["10800000"],
"minedTemplateNumber_RelationalEqs_splitClauses_0":["1032"],
"unlabeledSingleVariableTemplatesNumber_RelationalIneqs_splitClauses_0":["3078"],
"unlabeledTemplateNumber_Unlabeled_splitClauses_1":["9198"],
"labeledBinaryVariableTemplatesNumber_RelationalEqs_splitClauses_0":["6"],
"generatedPredicateNumber_PredictedCDHG_splitClauses_0":["10800000"],
"relationSymbolNumberAfterSimplification_RelationalIneqs_splitClauses_0":["51"],
"minedTemplateRelationSymbolNumber_Empty_splitClauses_1":["6"],
"predicateGeneratorTime_Random_splitClauses_1":["913"],
"labeledTemplateNumber_Term_splitClauses_1":["6"],
"relationSymbolNumberBeforeSimplification_RelationalEqs_splitClauses_0":["390"],
"minedSingleVariableTemplatesNumber_Empty_splitClauses_1":["1026"],
"minedSingleVariableTemplatesNumber_RelationalIneqs_splitClauses_0":["1026"],
"clauseNumberAfterSimplification_All_splitClauses_0":["22"],
"unlabeledBinaryVariableTemplatesNumber_RelationalEqs_splitClauses_0":["6120"],
"cegarIterationNumber_RelationalEqs_splitClauses_0":["10800000"],
"labeledTemplateRelationSymbolNumber_PredictedCDHG_splitClauses_0":["4"],
"labeledSingleVariableTemplatesNumber_Labeled_splitClauses_1":["0"],
"unlabeledBinaryVariableTemplatesNumber_All_splitClauses_1":["6120"],
"minedTemplateRelationSymbolNumber_Unlabeled_splitClauses_1":["6"],
"solvingTime_RelationalEqs_splitClauses_0":["10800000"],
"solvingTime_RelationalEqs_splitClauses_1":["1737"],
"minedBinaryVariableTemplatesNumber_Mined_splitClauses_0":["6"],
"clauseNumberBeforeSimplification_All_splitClauses_0":["190"],
"clauseNumberBeforeSimplification_RelationalIneqs_splitClauses_1":["190"],
"labeledTemplateNumber_RelationalEqs_splitClauses_1":["6"],
"labeledBinaryVariableTemplatesNumber_RelationalIneqs_splitClauses_0":["6"],
"relationSymbolNumberBeforeSimplification_Labeled_splitClauses_0":["390"],
"clauseNumberAfterSimplification_Empty_splitClauses_0":["22"],
"averagePredicateSize_Empty_splitClauses_0":["10800000"],
"unlabeledTemplateNumber_Term_splitClauses_1":["9198"],
"predicateGeneratorTime_Mined_splitClauses_1":["908"],
"labeledBinaryVariableTemplatesNumber_RelationalIneqs_splitClauses_1":["6"],
"predicateGeneratorTime_Unlabeled_splitClauses_0":["10800000"],
"relationSymbolNumberAfterSimplification_Empty_splitClauses_0":["51"],
"generatedPredicateNumber_Mined_splitClauses_0":["10800000"],
"generatedPredicateNumber_RelationalEqs_splitClauses_1":["9"],
"labeledTemplateRelationSymbolNumber_PredictedCG_splitClauses_0":["4"],
"minedSingleVariableTemplatesNumber_PredictedCG_splitClauses_1":["1026"],
"minedTemplateRelationSymbolNumber_PredictedCG_splitClauses_0":["6"],
"unlabeledTemplateRelationSymbolNumber_Labeled_splitClauses_0":["6"],
"solvability_Empty_splitClauses_1":["1"],
"averagePredicateSize_Term_splitClauses_0":["10800000"],
"cegarIterationNumber_Random_splitClauses_1":["4"],
"averagePredicateSize_Labeled_splitClauses_1":["1"],
"unlabeledBinaryVariableTemplatesNumber_Unlabeled_splitClauses_0":["6120"],
"generatedPredicateNumber_Unlabeled_splitClauses_1":["9"],
"predicateGeneratorTime_All_splitClauses_0":["10800000"],
"unlabeledBinaryVariableTemplatesNumber_PredictedCDHG_splitClauses_1":["6120"],
"clauseNumberBeforeSimplification_Labeled_splitClauses_1":["190"],
"minedBinaryVariableTemplatesNumber_Labeled_splitClauses_1":["6"],
"labeledSingleVariableTemplatesNumber_All_splitClauses_0":["0"],
"unlabeledTemplateRelationSymbolNumber_Mined_splitClauses_0":["6"],
"cegarIterationNumber_Octagon_splitClauses_1":["4"],
"labeledTemplateNumber_Octagon_splitClauses_0":["6"],
"labeledTemplateRelationSymbolNumber_All_splitClauses_1":["4"],
"smt2FileSizeByte_Empty_splitClauses_0":["1747464"],
"unlabeledTemplateNumber_Octagon_splitClauses_1":["9198"],
"predicateGeneratorTime_RelationalEqs_splitClauses_0":["10800000"],
"unlabeledTemplateRelationSymbolNumber_RelationalIneqs_splitClauses_0":["6"],
"smt2FileSizeByte_RelationalEqs_splitClauses_1":["1747464"],
"unlabeledTemplateNumber_Labeled_splitClauses_0":["9198"],
"minedSingleVariableTemplatesNumber_Labeled_splitClauses_0":["1026"],
"solvingTime_PredictedCDHG_splitClauses_1":["10800000"],
"relationSymbolNumberBeforeSimplification_Term_splitClauses_1":["390"],
"minedTemplateNumber_Octagon_splitClauses_1":["1032"],
"clauseNumberBeforeSimplification_Mined_splitClauses_0":["190"],
"smt2FileSizeByte_All_splitClauses_0":["1747464"],
"solvingTime_All_splitClauses_0":["10800000"],
"minedBinaryVariableTemplatesNumber_Term_splitClauses_1":["6"],
"unlabeledTemplateRelationSymbolNumber_Random_splitClauses_0":["6"],
"cegarIterationNumber_All_splitClauses_0":["10800000"],
"smt2FileSizeByte_RelationalEqs_splitClauses_0":["1747464"],
"unlabeledSingleVariableTemplatesNumber_PredictedCDHG_splitClauses_1":["3078"],
"clauseNumberBeforeSimplification_Labeled_splitClauses_0":["190"],
"cegarIterationNumber_PredictedCG_splitClauses_1":["10800000"],
"labeledTemplateRelationSymbolNumber_Unlabeled_splitClauses_0":["4"],
"unlabeledTemplateRelationSymbolNumber_Octagon_splitClauses_1":["6"],
"unlabeledTemplateNumber_Empty_splitClauses_1":["9198"],
"clauseNumberBeforeSimplification_Octagon_splitClauses_1":["190"],
"labeledTemplateNumber_Unlabeled_splitClauses_0":["6"],
"labeledBinaryVariableTemplatesNumber_PredictedCG_splitClauses_0":["6"],
"solvability_Term_splitClauses_1":["1"],
"solvability_Octagon_splitClauses_0":["10800000"],
"minedTemplateRelationSymbolNumber_RelationalIneqs_splitClauses_0":["6"],
"clauseNumberBeforeSimplification_RelationalIneqs_splitClauses_0":["190"],
"labeledTemplateNumber_PredictedCG_splitClauses_0":["6"],
"cegarIterationNumber_Labeled_splitClauses_0":["10800000"],
"smt2FileSizeByte_Labeled_splitClauses_1":["1747464"],
"clauseNumberBeforeSimplification_Unlabeled_splitClauses_1":["190"],
"generatedPredicateNumber_Term_splitClauses_1":["9"],
"solvingTime_Term_splitClauses_1":["1120"],
"unlabeledBinaryVariableTemplatesNumber_Random_splitClauses_1":["6120"],
"unlabeledSingleVariableTemplatesNumber_Octagon_splitClauses_0":["3078"],
"solvingTime_Octagon_splitClauses_0":["10800000"],
"labeledSingleVariableTemplatesNumber_Mined_splitClauses_1":["0"],
"averagePredicateSize_Term_splitClauses_1":["1"],
"labeledTemplateNumber_Labeled_splitClauses_0":["6"],
"unlabeledSingleVariableTemplatesNumber_PredictedCG_splitClauses_0":["3078"],
"smt2FileSizeByte_Mined_splitClauses_1":["1747464"],
"labeledBinaryVariableTemplatesNumber_Unlabeled_splitClauses_1":["6"],
"labeledTemplateNumber_All_splitClauses_0":["6"],
"unlabeledTemplateNumber_Random_splitClauses_0":["9198"],
"labeledTemplateNumber_Octagon_splitClauses_1":["6"],
"unlabeledTemplateNumber_PredictedCDHG_splitClauses_1":["9198"],
"unlabeledBinaryVariableTemplatesNumber_Mined_splitClauses_0":["6120"],
"minedTemplateRelationSymbolNumber_Mined_splitClauses_1":["6"],
"labeledTemplateNumber_RelationalIneqs_splitClauses_1":["6"],
"relationSymbolNumberAfterSimplification_All_splitClauses_0":["51"],
"relationSymbolNumberBeforeSimplification_PredictedCDHG_splitClauses_0":["390"],
"solvability_Term_splitClauses_0":["10800000"],
"clauseNumberBeforeSimplification_PredictedCG_splitClauses_1":["190"],
"generatedPredicateNumber_Labeled_splitClauses_1":["9"],
"labeledSingleVariableTemplatesNumber_Unlabeled_splitClauses_0":["0"],
"unlabeledBinaryVariableTemplatesNumber_Empty_splitClauses_0":["6120"],
"solvingTime_Mined_splitClauses_0":["10800000"],
"unlabeledTemplateNumber_All_splitClauses_1":["9198"],
"clauseNumberAfterSimplification_Random_splitClauses_1":["22"],
"labeledBinaryVariableTemplatesNumber_Octagon_splitClauses_1":["6"],
"unlabeledBinaryVariableTemplatesNumber_Labeled_splitClauses_0":["6120"],
"smt2FileSizeByte_Octagon_splitClauses_0":["1747464"],
"labeledSingleVariableTemplatesNumber_Random_splitClauses_1":["0"],
"solvability_Unlabeled_splitClauses_0":["10800000"],
"solvingTime_Unlabeled_splitClauses_0":["10800000"],
"unlabeledTemplateRelationSymbolNumber_All_splitClauses_1":["6"],
"minedTemplateNumber_Empty_splitClauses_1":["1032"],
"solvability_RelationalIneqs_splitClauses_0":["10800000"],
"unlabeledTemplateRelationSymbolNumber_Labeled_splitClauses_1":["6"],
"cegarIterationNumber_RelationalEqs_splitClauses_1":["4"],
"minedSingleVariableTemplatesNumber_RelationalEqs_splitClauses_1":["1026"],
"clauseNumberAfterSimplification_PredictedCDHG_splitClauses_1":["22"],
"minedBinaryVariableTemplatesNumber_RelationalIneqs_splitClauses_1":["6"],
"unlabeledBinaryVariableTemplatesNumber_Mined_splitClauses_1":["6120"],
"unlabeledBinaryVariableTemplatesNumber_PredictedCDHG_splitClauses_0":["6120"],
"solvingTime_Empty_splitClauses_1":["942"],
"labeledTemplateRelationSymbolNumber_Empty_splitClauses_1":["4"],
"generatedPredicateNumber_Term_splitClauses_0":["10800000"],
"averagePredicateSize_Empty_splitClauses_1":["1"],
"generatedPredicateNumber_PredictedCG_splitClauses_1":["10800000"],
"labeledTemplateRelationSymbolNumber_PredictedCDHG_splitClauses_1":["4"],
"predicateGeneratorTime_Mined_splitClauses_0":["10800000"],
"relationSymbolNumberBeforeSimplification_Term_splitClauses_0":["390"],
"predicateGeneratorTime_Labeled_splitClauses_0":["10800000"],
"labeledSingleVariableTemplatesNumber_Random_splitClauses_0":["0"],
"unlabeledTemplateRelationSymbolNumber_All_splitClauses_0":["6"],
"minedBinaryVariableTemplatesNumber_Labeled_splitClauses_0":["6"],
"generatedPredicateNumber_Labeled_splitClauses_0":["10800000"],
"relationSymbolNumberAfterSimplification_Empty_splitClauses_1":["51"],
"solvingTime_Mined_splitClauses_1":["1105"],
"minedSingleVariableTemplatesNumber_All_splitClauses_1":["1026"],
"predicateGeneratorTime_Random_splitClauses_0":["10800000"],
"cegarIterationNumber_Term_splitClauses_1":["4"],
"labeledTemplateNumber_Empty_splitClauses_1":["6"],
"clauseNumberAfterSimplification_Empty_splitClauses_1":["22"],
"minedTemplateRelationSymbolNumber_Empty_splitClauses_0":["6"],
"unlabeledSingleVariableTemplatesNumber_Term_splitClauses_0":["3078"],
"minedSingleVariableTemplatesNumber_Empty_splitClauses_0":["1026"],
"relationSymbolNumberAfterSimplification_Random_splitClauses_0":["51"],
"minedTemplateRelationSymbolNumber_RelationalEqs_splitClauses_0":["6"],
"cegarIterationNumber_Empty_splitClauses_0":["10800000"],
"minedBinaryVariableTemplatesNumber_RelationalEqs_splitClauses_1":["6"],
"relationSymbolNumberBeforeSimplification_PredictedCG_splitClauses_1":["390"],
"labeledSingleVariableTemplatesNumber_All_splitClauses_1":["0"],
"unlabeledTemplateRelationSymbolNumber_Octagon_splitClauses_0":["6"],
"minedTemplateRelationSymbolNumber_Unlabeled_splitClauses_0":["6"],
"labeledBinaryVariableTemplatesNumber_Mined_splitClauses_0":["6"],
"relationSymbolNumberAfterSimplification_Unlabeled_splitClauses_1":["51"],
"minedTemplateNumber_PredictedCG_splitClauses_1":["1032"],
"cegarIterationNumber_Empty_splitClauses_1":["4"],
"averagePredicateSize_RelationalIneqs_splitClauses_0":["10800000"],
"solvability_All_splitClauses_1":["10800000"],
"unlabeledBinaryVariableTemplatesNumber_Term_splitClauses_1":["6120"],
"minedTemplateRelationSymbolNumber_Labeled_splitClauses_1":["6"],
"averagePredicateSize_Unlabeled_splitClauses_1":["1"],
"labeledTemplateNumber_Term_splitClauses_0":["6"],
"smt2FileSizeByte_Empty_splitClauses_1":["1747464"],
"solvingTime_PredictedCG_splitClauses_0":["10800000"],
"cegarIterationNumber_All_splitClauses_1":["10800000"],
"clauseNumberBeforeSimplification_Term_splitClauses_1":["190"],
"predicateGeneratorTime_Empty_splitClauses_0":["10800000"],
"relationSymbolNumberBeforeSimplification_Empty_splitClauses_1":["390"],
"averagePredicateSize_All_splitClauses_0":["10800000"],
"unlabeledBinaryVariableTemplatesNumber_Random_splitClauses_0":["6120"],
"smt2FileSizeByte_Term_splitClauses_0":["1747464"],
"averagePredicateSize_Mined_splitClauses_1":["1"],
"minedBinaryVariableTemplatesNumber_Empty_splitClauses_0":["6"],
"minedTemplateRelationSymbolNumber_All_splitClauses_1":["6"],
"labeledSingleVariableTemplatesNumber_PredictedCG_splitClauses_0":["0"],
"unlabeledBinaryVariableTemplatesNumber_RelationalIneqs_splitClauses_0":["6120"],
"unlabeledSingleVariableTemplatesNumber_RelationalIneqs_splitClauses_1":["3078"],
"clauseNumberAfterSimplification_RelationalIneqs_splitClauses_0":["22"],
"unlabeledTemplateNumber_RelationalEqs_splitClauses_0":["9198"],
"unlabeledTemplateNumber_RelationalIneqs_splitClauses_1":["9198"],
"labeledTemplateRelationSymbolNumber_PredictedCG_splitClauses_1":["4"],
"labeledTemplateRelationSymbolNumber_All_splitClauses_0":["4"],
"labeledSingleVariableTemplatesNumber_Octagon_splitClauses_0":["0"],
"dummyFiled":[]
}