{
"smt2FileSizeByte_All_splitClauses_1":["60224"],
"generatedPredicateNumber_All_splitClauses_1":["10800000"],
"unlabeledTemplateRelationSymbolNumber_PredictedCDHG_splitClauses_0":["14"],
"predicateGeneratorTime_Term_splitClauses_0":["10800000"],
"averagePredicateSize_Random_splitClauses_1":["10800000"],
"labeledBinaryVariableTemplatesNumber_Labeled_splitClauses_1":["5"],
"clauseNumberBeforeSimplification_All_splitClauses_1":["104"],
"minedTemplateRelationSymbolNumber_Term_splitClauses_0":["14"],
"solvingTime_Labeled_splitClauses_1":["10800000"],
"unlabeledTemplateNumber_Labeled_splitClauses_1":["552"],
"relationSymbolNumber_Term_splitClauses_1":["134"],
"minedTemplateRelationSymbolNumber_Octagon_splitClauses_1":["14"],
"clauseNumberAfterSimplification_Mined_splitClauses_1":["103"],
"unlabeledBinaryVariableTemplatesNumber_Term_splitClauses_0":["336"],
"labeledTemplateNumber_PredictedCDHG_splitClauses_0":["6"],
"relationSymbolNumber_RelationalEqs_splitClauses_1":["134"],
"solvability_Empty_splitClauses_0":["10800000"],
"unlabeledTemplateRelationSymbolNumber_Random_splitClauses_1":["14"],
"labeledBinaryVariableTemplatesNumber_Octagon_splitClauses_0":["5"],
"minedTemplateRelationSymbolNumber_Random_splitClauses_1":["14"],
"unlabeledSingleVariableTemplatesNumber_Mined_splitClauses_0":["216"],
"unlabeledBinaryVariableTemplatesNumber_PredictedCG_splitClauses_1":["336"],
"solvability_All_splitClauses_0":["10800000"],
"predicateGeneratorTime_RelationalEqs_splitClauses_1":["10800000"],
"smt2FileSizeByte_PredictedCG_splitClauses_1":["60224"],
"labeledSingleVariableTemplatesNumber_Unlabeled_splitClauses_1":["1"],
"labeledBinaryVariableTemplatesNumber_PredictedCG_splitClauses_1":["5"],
"minedBinaryVariableTemplatesNumber_PredictedCG_splitClauses_0":["5"],
"solvability_Random_splitClauses_0":["10800000"],
"clauseNumberBeforeSimplification_PredictedCDHG_splitClauses_1":["104"],
"labeledSingleVariableTemplatesNumber_Mined_splitClauses_0":["1"],
"solvability_Unlabeled_splitClauses_1":["10800000"],
"cegarIterationNumber_Labeled_splitClauses_1":["10800000"],
"smt2FileSizeByte_Mined_splitClauses_0":["60224"],
"labeledSingleVariableTemplatesNumber_PredictedCG_splitClauses_1":["1"],
"smt2FileSizeByte_Octagon_splitClauses_1":["60224"],
"minedTemplateNumber_Labeled_splitClauses_1":["82"],
"labeledSingleVariableTemplatesNumber_RelationalIneqs_splitClauses_1":["1"],
"clauseNumberAfterSimplification_Labeled_splitClauses_1":["103"],
"smt2FileSizeByte_Random_splitClauses_0":["60224"],
"unlabeledTemplateRelationSymbolNumber_PredictedCDHG_splitClauses_1":["14"],
"labeledSingleVariableTemplatesNumber_Term_splitClauses_0":["1"],
"generatedPredicateNumber_PredictedCDHG_splitClauses_1":["10800000"],
"minedSingleVariableTemplatesNumber_Unlabeled_splitClauses_0":["77"],
"generatedPredicateNumber_Octagon_splitClauses_1":["10800000"],
"labeledSingleVariableTemplatesNumber_RelationalEqs_splitClauses_0":["1"],
"predicateGeneratorTime_PredictedCG_splitClauses_1":["10800000"],
"labeledTemplateNumber_Labeled_splitClauses_1":["6"],
"labeledSingleVariableTemplatesNumber_Empty_splitClauses_0":["1"],
"minedTemplateRelationSymbolNumber_RelationalIneqs_splitClauses_1":["14"],
"unlabeledSingleVariableTemplatesNumber_All_splitClauses_1":["216"],
"labeledBinaryVariableTemplatesNumber_PredictedCDHG_splitClauses_1":["5"],
"unlabeledSingleVariableTemplatesNumber_RelationalEqs_splitClauses_1":["216"],
"cegarIterationNumber_Term_splitClauses_0":["10800000"],
"unlabeledBinaryVariableTemplatesNumber_Labeled_splitClauses_1":["336"],
"unlabeledSingleVariableTemplatesNumber_Term_splitClauses_1":["216"],
"clauseNumberAfterSimplification_All_splitClauses_1":["103"],
"minedSingleVariableTemplatesNumber_Random_splitClauses_0":["77"],
"solvability_RelationalIneqs_splitClauses_1":["10800000"],
"minedTemplateNumber_Labeled_splitClauses_0":["82"],
"minedSingleVariableTemplatesNumber_Octagon_splitClauses_0":["77"],
"minedSingleVariableTemplatesNumber_Term_splitClauses_1":["77"],
"minedBinaryVariableTemplatesNumber_PredictedCDHG_splitClauses_1":["5"],
"generatedPredicateNumber_Mined_splitClauses_1":["6"],
"relationSymbolNumber_Octagon_splitClauses_1":["134"],
"relationSymbolNumber_Unlabeled_splitClauses_1":["134"],
"labeledSingleVariableTemplatesNumber_RelationalIneqs_splitClauses_0":["1"],
"averagePredicateSize_Mined_splitClauses_0":["10800000"],
"cegarIterationNumber_Unlabeled_splitClauses_0":["10800000"],
"minedBinaryVariableTemplatesNumber_Random_splitClauses_0":["5"],
"labeledTemplateNumber_Mined_splitClauses_1":["6"],
"labeledBinaryVariableTemplatesNumber_Random_splitClauses_0":["5"],
"unlabeledTemplateRelationSymbolNumber_Unlabeled_splitClauses_1":["14"],
"cegarIterationNumber_Mined_splitClauses_0":["10800000"],
"minedTemplateRelationSymbolNumber_Labeled_splitClauses_0":["14"],
"unlabeledBinaryVariableTemplatesNumber_RelationalIneqs_splitClauses_1":["336"],
"unlabeledBinaryVariableTemplatesNumber_Octagon_splitClauses_0":["336"],
"solvability_Mined_splitClauses_0":["10800000"],
"averagePredicateSize_RelationalEqs_splitClauses_0":["10800000"],
"clauseNumberAfterSimplification_Term_splitClauses_0":["103"],
"unlabeledTemplateNumber_Mined_splitClauses_0":["552"],
"unlabeledTemplateNumber_PredictedCDHG_splitClauses_0":["552"],
"cegarIterationNumber_RelationalIneqs_splitClauses_1":["10800000"],
"minedBinaryVariableTemplatesNumber_Unlabeled_splitClauses_1":["5"],
"labeledTemplateNumber_PredictedCG_splitClauses_1":["6"],
"labeledTemplateRelationSymbolNumber_Mined_splitClauses_0":["2"],
"labeledBinaryVariableTemplatesNumber_Mined_splitClauses_1":["5"],
"clauseNumberAfterSimplification_RelationalIneqs_splitClauses_1":["103"],
"minedSingleVariableTemplatesNumber_PredictedCDHG_splitClauses_0":["77"],
"solvability_Labeled_splitClauses_1":["10800000"],
"labeledSingleVariableTemplatesNumber_Octagon_splitClauses_1":["1"],
"averagePredicateSize_Random_splitClauses_0":["10800000"],
"smt2FileSizeByte_RelationalIneqs_splitClauses_0":["60224"],
"generatedPredicateNumber_Unlabeled_splitClauses_0":["10800000"],
"solvability_RelationalEqs_splitClauses_0":["10800000"],
"predicateGeneratorTime_Empty_splitClauses_1":["10800000"],
"minedSingleVariableTemplatesNumber_Mined_splitClauses_0":["77"],
"minedTemplateRelationSymbolNumber_PredictedCDHG_splitClauses_1":["14"],
"minedTemplateNumber_PredictedCG_splitClauses_0":["82"],
"averagePredicateSize_RelationalIneqs_splitClauses_1":["10800000"],
"labeledTemplateRelationSymbolNumber_Random_splitClauses_1":["2"],
"minedTemplateNumber_RelationalIneqs_splitClauses_0":["82"],
"predicateGeneratorTime_RelationalIneqs_splitClauses_0":["10800000"],
"labeledTemplateRelationSymbolNumber_Empty_splitClauses_0":["2"],
"minedBinaryVariableTemplatesNumber_Octagon_splitClauses_0":["5"],
"relationSymbolNumber_Labeled_splitClauses_0":["134"],
"labeledSingleVariableTemplatesNumber_Term_splitClauses_1":["1"],
"labeledBinaryVariableTemplatesNumber_Empty_splitClauses_0":["5"],
"minedTemplateNumber_Octagon_splitClauses_0":["82"],
"labeledBinaryVariableTemplatesNumber_Unlabeled_splitClauses_0":["5"],
"clauseNumberAfterSimplification_PredictedCDHG_splitClauses_0":["103"],
"smt2FileSizeByte_PredictedCG_splitClauses_0":["60224"],
"minedBinaryVariableTemplatesNumber_RelationalEqs_splitClauses_0":["5"],
"labeledTemplateRelationSymbolNumber_RelationalEqs_splitClauses_1":["2"],
"minedBinaryVariableTemplatesNumber_Random_splitClauses_1":["5"],
"clauseNumberAfterSimplification_Unlabeled_splitClauses_1":["103"],
"minedSingleVariableTemplatesNumber_PredictedCDHG_splitClauses_1":["77"],
"labeledBinaryVariableTemplatesNumber_Term_splitClauses_1":["5"],
"clauseNumberBeforeSimplification_Empty_splitClauses_1":["104"],
"minedBinaryVariableTemplatesNumber_Mined_splitClauses_1":["5"],
"unlabeledBinaryVariableTemplatesNumber_Unlabeled_splitClauses_1":["336"],
"unlabeledTemplateNumber_PredictedCG_splitClauses_1":["552"],
"generatedPredicateNumber_Empty_splitClauses_0":["10800000"],
"predicateGeneratorTime_RelationalIneqs_splitClauses_1":["10800000"],
"unlabeledSingleVariableTemplatesNumber_Empty_splitClauses_0":["216"],
"cegarIterationNumber_Octagon_splitClauses_0":["10800000"],
"clauseNumberAfterSimplification_Octagon_splitClauses_1":["103"],
"unlabeledSingleVariableTemplatesNumber_Labeled_splitClauses_1":["216"],
"clauseNumberBeforeSimplification_Random_splitClauses_1":["104"],
"minedTemplateRelationSymbolNumber_All_splitClauses_0":["14"],
"unlabeledTemplateRelationSymbolNumber_RelationalEqs_splitClauses_0":["14"],
"minedSingleVariableTemplatesNumber_Unlabeled_splitClauses_1":["77"],
"clauseNumberBeforeSimplification_RelationalEqs_splitClauses_0":["104"],
"minedTemplateNumber_Unlabeled_splitClauses_0":["82"],
"generatedPredicateNumber_Octagon_splitClauses_0":["10800000"],
"predicateGeneratorTime_PredictedCDHG_splitClauses_0":["10800000"],
"clauseNumberAfterSimplification_PredictedCG_splitClauses_1":["103"],
"labeledSingleVariableTemplatesNumber_RelationalEqs_splitClauses_1":["1"],
"smt2FileSizeByte_Random_splitClauses_1":["60224"],
"averagePredicateSize_PredictedCG_splitClauses_1":["10800000"],
"cegarIterationNumber_PredictedCDHG_splitClauses_1":["10800000"],
"clauseNumberAfterSimplification_RelationalEqs_splitClauses_1":["103"],
"minedBinaryVariableTemplatesNumber_Empty_splitClauses_1":["5"],
"minedTemplateNumber_PredictedCDHG_splitClauses_0":["82"],
"labeledBinaryVariableTemplatesNumber_All_splitClauses_1":["5"],
"solvingTime_RelationalIneqs_splitClauses_1":["10800000"],
"unlabeledTemplateRelationSymbolNumber_RelationalEqs_splitClauses_1":["14"],
"smt2FileSizeByte_Unlabeled_splitClauses_0":["60224"],
"generatedPredicateNumber_All_splitClauses_0":["10800000"],
"predicateGeneratorTime_Octagon_splitClauses_1":["10800000"],
"solvability_Mined_splitClauses_1":["1"],
"minedTemplateRelationSymbolNumber_Term_splitClauses_1":["14"],
"clauseNumberAfterSimplification_Mined_splitClauses_0":["103"],
"solvability_PredictedCDHG_splitClauses_0":["10800000"],
"solvingTime_Empty_splitClauses_0":["10800000"],
"unlabeledSingleVariableTemplatesNumber_Unlabeled_splitClauses_1":["216"],
"minedTemplateNumber_Term_splitClauses_1":["82"],
"averagePredicateSize_Octagon_splitClauses_1":["10800000"],
"relationSymbolNumber_Empty_splitClauses_1":["134"],
"unlabeledSingleVariableTemplatesNumber_Octagon_splitClauses_1":["216"],
"minedTemplateRelationSymbolNumber_RelationalEqs_splitClauses_1":["14"],
"minedBinaryVariableTemplatesNumber_RelationalIneqs_splitClauses_0":["5"],
"predicateGeneratorTime_Term_splitClauses_1":["10800000"],
"solvingTime_Labeled_splitClauses_0":["10800000"],
"unlabeledBinaryVariableTemplatesNumber_PredictedCG_splitClauses_0":["336"],
"minedTemplateNumber_All_splitClauses_0":["82"],
"predicateGeneratorTime_Labeled_splitClauses_1":["10800000"],
"unlabeledTemplateRelationSymbolNumber_Empty_splitClauses_0":["14"],
"unlabeledTemplateNumber_Mined_splitClauses_1":["552"],
"solvability_PredictedCG_splitClauses_1":["10800000"],
"unlabeledTemplateNumber_Term_splitClauses_0":["552"],
"minedBinaryVariableTemplatesNumber_PredictedCG_splitClauses_1":["5"],
"labeledSingleVariableTemplatesNumber_PredictedCDHG_splitClauses_0":["1"],
"minedBinaryVariableTemplatesNumber_All_splitClauses_0":["5"],
"averagePredicateSize_PredictedCDHG_splitClauses_1":["10800000"],
"predicateGeneratorTime_PredictedCG_splitClauses_0":["10800000"],
"generatedPredicateNumber_RelationalIneqs_splitClauses_0":["10800000"],
"labeledTemplateNumber_Empty_splitClauses_0":["6"],
"unlabeledTemplateRelationSymbolNumber_Term_splitClauses_0":["14"],
"minedTemplateNumber_All_splitClauses_1":["82"],
"labeledSingleVariableTemplatesNumber_Empty_splitClauses_1":["1"],
"minedBinaryVariableTemplatesNumber_Unlabeled_splitClauses_0":["5"],
"labeledTemplateNumber_Random_splitClauses_0":["6"],
"minedBinaryVariableTemplatesNumber_All_splitClauses_1":["5"],
"unlabeledSingleVariableTemplatesNumber_All_splitClauses_0":["216"],
"smt2FileSizeByte_PredictedCDHG_splitClauses_1":["60224"],
"labeledBinaryVariableTemplatesNumber_PredictedCDHG_splitClauses_0":["5"],
"averagePredicateSize_RelationalEqs_splitClauses_1":["10800000"],
"minedSingleVariableTemplatesNumber_Term_splitClauses_0":["77"],
"labeledTemplateRelationSymbolNumber_Term_splitClauses_1":["2"],
"generatedPredicateNumber_Random_splitClauses_0":["10800000"],
"labeledBinaryVariableTemplatesNumber_Empty_splitClauses_1":["5"],
"clauseNumberAfterSimplification_Labeled_splitClauses_0":["103"],
"labeledSingleVariableTemplatesNumber_Labeled_splitClauses_0":["1"],
"minedTemplateNumber_Mined_splitClauses_1":["82"],
"labeledTemplateRelationSymbolNumber_Labeled_splitClauses_0":["2"],
"unlabeledTemplateRelationSymbolNumber_Mined_splitClauses_1":["14"],
"solvability_Labeled_splitClauses_0":["10800000"],
"minedTemplateNumber_RelationalEqs_splitClauses_1":["82"],
"solvingTime_Random_splitClauses_1":["10800000"],
"minedTemplateNumber_Random_splitClauses_0":["82"],
"cegarIterationNumber_Unlabeled_splitClauses_1":["10800000"],
"minedTemplateNumber_RelationalIneqs_splitClauses_1":["82"],
"unlabeledBinaryVariableTemplatesNumber_Octagon_splitClauses_1":["336"],
"minedSingleVariableTemplatesNumber_Octagon_splitClauses_1":["77"],
"minedSingleVariableTemplatesNumber_Random_splitClauses_1":["77"],
"averagePredicateSize_All_splitClauses_1":["10800000"],
"minedTemplateNumber_Empty_splitClauses_0":["82"],
"labeledTemplateNumber_Mined_splitClauses_0":["6"],
"unlabeledBinaryVariableTemplatesNumber_All_splitClauses_0":["336"],
"labeledSingleVariableTemplatesNumber_PredictedCDHG_splitClauses_1":["1"],
"minedSingleVariableTemplatesNumber_Mined_splitClauses_1":["77"],
"labeledTemplateRelationSymbolNumber_Term_splitClauses_0":["2"],
"unlabeledTemplateRelationSymbolNumber_Term_splitClauses_1":["14"],
"predicateGeneratorTime_All_splitClauses_1":["10800000"],
"unlabeledSingleVariableTemplatesNumber_Random_splitClauses_0":["216"],
"predicateGeneratorTime_Unlabeled_splitClauses_1":["10800000"],
"cegarIterationNumber_PredictedCDHG_splitClauses_0":["10800000"],
"labeledTemplateNumber_RelationalEqs_splitClauses_0":["6"],
"labeledTemplateRelationSymbolNumber_Mined_splitClauses_1":["2"],
"labeledTemplateRelationSymbolNumber_Random_splitClauses_0":["2"],
"labeledBinaryVariableTemplatesNumber_RelationalEqs_splitClauses_1":["5"],
"generatedPredicateNumber_RelationalIneqs_splitClauses_1":["10800000"],
"unlabeledTemplateRelationSymbolNumber_PredictedCG_splitClauses_1":["14"],
"unlabeledSingleVariableTemplatesNumber_RelationalEqs_splitClauses_0":["216"],
"labeledBinaryVariableTemplatesNumber_Labeled_splitClauses_0":["5"],
"minedBinaryVariableTemplatesNumber_PredictedCDHG_splitClauses_0":["5"],
"unlabeledTemplateRelationSymbolNumber_Unlabeled_splitClauses_0":["14"],
"clauseNumberAfterSimplification_Term_splitClauses_1":["103"],
"relationSymbolNumber_RelationalIneqs_splitClauses_0":["134"],
"unlabeledTemplateNumber_Octagon_splitClauses_0":["552"],
"unlabeledBinaryVariableTemplatesNumber_RelationalEqs_splitClauses_1":["336"],
"unlabeledTemplateNumber_PredictedCG_splitClauses_0":["552"],
"unlabeledTemplateNumber_All_splitClauses_0":["552"],
"labeledTemplateRelationSymbolNumber_RelationalIneqs_splitClauses_1":["2"],
"unlabeledSingleVariableTemplatesNumber_Mined_splitClauses_1":["216"],
"labeledTemplateRelationSymbolNumber_Unlabeled_splitClauses_1":["2"],
"labeledBinaryVariableTemplatesNumber_Random_splitClauses_1":["5"],
"relationSymbolNumber_RelationalEqs_splitClauses_0":["134"],
"solvability_Random_splitClauses_1":["10800000"],
"solvingTime_Term_splitClauses_0":["10800000"],
"minedSingleVariableTemplatesNumber_Labeled_splitClauses_1":["77"],
"relationSymbolNumber_Random_splitClauses_0":["134"],
"clauseNumberBeforeSimplification_Term_splitClauses_0":["104"],
"minedTemplateRelationSymbolNumber_Mined_splitClauses_0":["14"],
"solvability_Octagon_splitClauses_1":["10800000"],
"relationSymbolNumber_Labeled_splitClauses_1":["134"],
"minedSingleVariableTemplatesNumber_RelationalIneqs_splitClauses_1":["77"],
"smt2FileSizeByte_Labeled_splitClauses_0":["60224"],
"solvability_RelationalEqs_splitClauses_1":["10800000"],
"unlabeledSingleVariableTemplatesNumber_Empty_splitClauses_1":["216"],
"labeledTemplateNumber_PredictedCDHG_splitClauses_1":["6"],
"minedTemplateRelationSymbolNumber_Octagon_splitClauses_0":["14"],
"clauseNumberAfterSimplification_Unlabeled_splitClauses_0":["103"],
"clauseNumberBeforeSimplification_Unlabeled_splitClauses_0":["104"],
"clauseNumberBeforeSimplification_PredictedCDHG_splitClauses_0":["104"],
"cegarIterationNumber_RelationalIneqs_splitClauses_0":["10800000"],
"relationSymbolNumber_All_splitClauses_0":["134"],
"labeledTemplateRelationSymbolNumber_RelationalEqs_splitClauses_0":["2"],
"averagePredicateSize_Labeled_splitClauses_0":["10800000"],
"smt2FileSizeByte_RelationalIneqs_splitClauses_1":["60224"],
"clauseNumberBeforeSimplification_RelationalEqs_splitClauses_1":["104"],
"unlabeledTemplateRelationSymbolNumber_RelationalIneqs_splitClauses_1":["14"],
"clauseNumberBeforeSimplification_PredictedCG_splitClauses_0":["104"],
"solvingTime_PredictedCDHG_splitClauses_0":["10800000"],
"labeledTemplateRelationSymbolNumber_Octagon_splitClauses_1":["2"],
"minedTemplateRelationSymbolNumber_PredictedCG_splitClauses_1":["14"],
"labeledTemplateNumber_Random_splitClauses_1":["6"],
"solvingTime_RelationalIneqs_splitClauses_0":["10800000"],
"labeledTemplateNumber_All_splitClauses_1":["6"],
"unlabeledTemplateNumber_Random_splitClauses_1":["552"],
"relationSymbolNumber_PredictedCDHG_splitClauses_1":["134"],
"smt2FileSizeByte_Unlabeled_splitClauses_1":["60224"],
"cegarIterationNumber_PredictedCG_splitClauses_0":["10800000"],
"predicateGeneratorTime_Octagon_splitClauses_0":["10800000"],
"unlabeledTemplateNumber_RelationalEqs_splitClauses_1":["552"],
"clauseNumberAfterSimplification_Octagon_splitClauses_0":["103"],
"cegarIterationNumber_Random_splitClauses_0":["10800000"],
"solvability_PredictedCDHG_splitClauses_1":["10800000"],
"solvability_PredictedCG_splitClauses_0":["10800000"],
"solvingTime_PredictedCG_splitClauses_1":["10800000"],
"unlabeledSingleVariableTemplatesNumber_Unlabeled_splitClauses_0":["216"],
"unlabeledTemplateNumber_Unlabeled_splitClauses_0":["552"],
"labeledTemplateRelationSymbolNumber_RelationalIneqs_splitClauses_0":["2"],
"minedTemplateNumber_Random_splitClauses_1":["82"],
"relationSymbolNumber_PredictedCG_splitClauses_0":["134"],
"generatedPredicateNumber_RelationalEqs_splitClauses_0":["10800000"],
"minedTemplateNumber_Term_splitClauses_0":["82"],
"solvingTime_All_splitClauses_1":["10800000"],
"minedSingleVariableTemplatesNumber_PredictedCG_splitClauses_0":["77"],
"smt2FileSizeByte_Term_splitClauses_1":["60224"],
"labeledBinaryVariableTemplatesNumber_All_splitClauses_0":["5"],
"minedTemplateNumber_PredictedCDHG_splitClauses_1":["82"],
"minedTemplateRelationSymbolNumber_PredictedCDHG_splitClauses_0":["14"],
"averagePredicateSize_Unlabeled_splitClauses_0":["10800000"],
"minedBinaryVariableTemplatesNumber_Octagon_splitClauses_1":["5"],
"unlabeledSingleVariableTemplatesNumber_Random_splitClauses_1":["216"],
"clauseNumberBeforeSimplification_Random_splitClauses_0":["104"],
"solvingTime_Unlabeled_splitClauses_1":["10800000"],
"predicateGeneratorTime_PredictedCDHG_splitClauses_1":["10800000"],
"averagePredicateSize_PredictedCDHG_splitClauses_0":["10800000"],
"minedBinaryVariableTemplatesNumber_Term_splitClauses_0":["5"],
"labeledTemplateNumber_RelationalIneqs_splitClauses_0":["6"],
"clauseNumberAfterSimplification_Random_splitClauses_0":["103"],
"clauseNumberAfterSimplification_PredictedCG_splitClauses_0":["103"],
"generatedPredicateNumber_Empty_splitClauses_1":["10800000"],
"clauseNumberBeforeSimplification_Octagon_splitClauses_0":["104"],
"unlabeledTemplateNumber_Empty_splitClauses_0":["552"],
"minedSingleVariableTemplatesNumber_All_splitClauses_0":["77"],
"labeledTemplateRelationSymbolNumber_Octagon_splitClauses_0":["2"],
"generatedPredicateNumber_Random_splitClauses_1":["10800000"],
"clauseNumberAfterSimplification_RelationalEqs_splitClauses_0":["103"],
"labeledBinaryVariableTemplatesNumber_Term_splitClauses_0":["5"],
"minedSingleVariableTemplatesNumber_RelationalEqs_splitClauses_0":["77"],
"minedTemplateNumber_Mined_splitClauses_0":["82"],
"averagePredicateSize_Octagon_splitClauses_0":["10800000"],
"unlabeledBinaryVariableTemplatesNumber_Empty_splitClauses_1":["336"],
"relationSymbolNumber_Unlabeled_splitClauses_0":["134"],
"unlabeledSingleVariableTemplatesNumber_PredictedCDHG_splitClauses_0":["216"],
"unlabeledSingleVariableTemplatesNumber_PredictedCG_splitClauses_1":["216"],
"labeledTemplateRelationSymbolNumber_Labeled_splitClauses_1":["2"],
"minedTemplateRelationSymbolNumber_Random_splitClauses_0":["14"],
"unlabeledTemplateRelationSymbolNumber_PredictedCG_splitClauses_0":["14"],
"unlabeledTemplateNumber_RelationalIneqs_splitClauses_0":["552"],
"unlabeledSingleVariableTemplatesNumber_Labeled_splitClauses_0":["216"],
"minedTemplateNumber_Unlabeled_splitClauses_1":["82"],
"generatedPredicateNumber_PredictedCG_splitClauses_0":["10800000"],
"labeledTemplateNumber_Unlabeled_splitClauses_1":["6"],
"unlabeledTemplateRelationSymbolNumber_Empty_splitClauses_1":["14"],
"clauseNumberBeforeSimplification_Empty_splitClauses_0":["104"],
"solvingTime_Octagon_splitClauses_1":["10800000"],
"cegarIterationNumber_Mined_splitClauses_1":["4"],
"clauseNumberBeforeSimplification_Mined_splitClauses_1":["104"],
"smt2FileSizeByte_PredictedCDHG_splitClauses_0":["60224"],
"averagePredicateSize_PredictedCG_splitClauses_0":["10800000"],
"solvingTime_Random_splitClauses_0":["10800000"],
"minedTemplateNumber_RelationalEqs_splitClauses_0":["82"],
"unlabeledSingleVariableTemplatesNumber_RelationalIneqs_splitClauses_0":["216"],
"unlabeledTemplateNumber_Unlabeled_splitClauses_1":["552"],
"labeledBinaryVariableTemplatesNumber_RelationalEqs_splitClauses_0":["5"],
"generatedPredicateNumber_PredictedCDHG_splitClauses_0":["10800000"],
"minedTemplateRelationSymbolNumber_Empty_splitClauses_1":["14"],
"predicateGeneratorTime_Random_splitClauses_1":["10800000"],
"labeledTemplateNumber_Term_splitClauses_1":["6"],
"minedSingleVariableTemplatesNumber_Empty_splitClauses_1":["77"],
"minedSingleVariableTemplatesNumber_RelationalIneqs_splitClauses_0":["77"],
"clauseNumberAfterSimplification_All_splitClauses_0":["103"],
"unlabeledBinaryVariableTemplatesNumber_RelationalEqs_splitClauses_0":["336"],
"cegarIterationNumber_RelationalEqs_splitClauses_0":["10800000"],
"labeledTemplateRelationSymbolNumber_PredictedCDHG_splitClauses_0":["2"],
"labeledSingleVariableTemplatesNumber_Labeled_splitClauses_1":["1"],
"unlabeledBinaryVariableTemplatesNumber_All_splitClauses_1":["336"],
"minedTemplateRelationSymbolNumber_Unlabeled_splitClauses_1":["14"],
"solvingTime_RelationalEqs_splitClauses_0":["10800000"],
"solvingTime_RelationalEqs_splitClauses_1":["10800000"],
"minedBinaryVariableTemplatesNumber_Mined_splitClauses_0":["5"],
"clauseNumberBeforeSimplification_All_splitClauses_0":["104"],
"clauseNumberBeforeSimplification_RelationalIneqs_splitClauses_1":["104"],
"labeledTemplateNumber_RelationalEqs_splitClauses_1":["6"],
"labeledBinaryVariableTemplatesNumber_RelationalIneqs_splitClauses_0":["5"],
"clauseNumberAfterSimplification_Empty_splitClauses_0":["103"],
"averagePredicateSize_Empty_splitClauses_0":["10800000"],
"relationSymbolNumber_PredictedCG_splitClauses_1":["134"],
"unlabeledTemplateNumber_Term_splitClauses_1":["552"],
"predicateGeneratorTime_Mined_splitClauses_1":["149"],
"relationSymbolNumber_Mined_splitClauses_0":["134"],
"labeledBinaryVariableTemplatesNumber_RelationalIneqs_splitClauses_1":["5"],
"predicateGeneratorTime_Unlabeled_splitClauses_0":["10800000"],
"generatedPredicateNumber_Mined_splitClauses_0":["10800000"],
"generatedPredicateNumber_RelationalEqs_splitClauses_1":["10800000"],
"labeledTemplateRelationSymbolNumber_PredictedCG_splitClauses_0":["2"],
"minedSingleVariableTemplatesNumber_PredictedCG_splitClauses_1":["77"],
"minedTemplateRelationSymbolNumber_PredictedCG_splitClauses_0":["14"],
"unlabeledTemplateRelationSymbolNumber_Labeled_splitClauses_0":["14"],
"solvability_Empty_splitClauses_1":["10800000"],
"averagePredicateSize_Term_splitClauses_0":["10800000"],
"cegarIterationNumber_Random_splitClauses_1":["10800000"],
"relationSymbolNumber_All_splitClauses_1":["134"],
"averagePredicateSize_Labeled_splitClauses_1":["10800000"],
"unlabeledBinaryVariableTemplatesNumber_Unlabeled_splitClauses_0":["336"],
"generatedPredicateNumber_Unlabeled_splitClauses_1":["10800000"],
"predicateGeneratorTime_All_splitClauses_0":["10800000"],
"unlabeledBinaryVariableTemplatesNumber_PredictedCDHG_splitClauses_1":["336"],
"clauseNumberBeforeSimplification_Labeled_splitClauses_1":["104"],
"minedBinaryVariableTemplatesNumber_Labeled_splitClauses_1":["5"],
"labeledSingleVariableTemplatesNumber_All_splitClauses_0":["1"],
"unlabeledTemplateRelationSymbolNumber_Mined_splitClauses_0":["14"],
"cegarIterationNumber_Octagon_splitClauses_1":["10800000"],
"labeledTemplateNumber_Octagon_splitClauses_0":["6"],
"labeledTemplateRelationSymbolNumber_All_splitClauses_1":["2"],
"smt2FileSizeByte_Empty_splitClauses_0":["60224"],
"relationSymbolNumber_RelationalIneqs_splitClauses_1":["134"],
"unlabeledTemplateNumber_Octagon_splitClauses_1":["552"],
"predicateGeneratorTime_RelationalEqs_splitClauses_0":["10800000"],
"unlabeledTemplateRelationSymbolNumber_RelationalIneqs_splitClauses_0":["14"],
"smt2FileSizeByte_RelationalEqs_splitClauses_1":["60224"],
"unlabeledTemplateNumber_Labeled_splitClauses_0":["552"],
"relationSymbolNumber_Random_splitClauses_1":["134"],
"minedSingleVariableTemplatesNumber_Labeled_splitClauses_0":["77"],
"solvingTime_PredictedCDHG_splitClauses_1":["10800000"],
"minedTemplateNumber_Octagon_splitClauses_1":["82"],
"clauseNumberBeforeSimplification_Mined_splitClauses_0":["104"],
"smt2FileSizeByte_All_splitClauses_0":["60224"],
"solvingTime_All_splitClauses_0":["10800000"],
"minedBinaryVariableTemplatesNumber_Term_splitClauses_1":["5"],
"unlabeledTemplateRelationSymbolNumber_Random_splitClauses_0":["14"],
"cegarIterationNumber_All_splitClauses_0":["10800000"],
"smt2FileSizeByte_RelationalEqs_splitClauses_0":["60224"],
"unlabeledSingleVariableTemplatesNumber_PredictedCDHG_splitClauses_1":["216"],
"clauseNumberBeforeSimplification_Labeled_splitClauses_0":["104"],
"cegarIterationNumber_PredictedCG_splitClauses_1":["10800000"],
"labeledTemplateRelationSymbolNumber_Unlabeled_splitClauses_0":["2"],
"unlabeledTemplateRelationSymbolNumber_Octagon_splitClauses_1":["14"],
"unlabeledTemplateNumber_Empty_splitClauses_1":["552"],
"clauseNumberBeforeSimplification_Octagon_splitClauses_1":["104"],
"labeledTemplateNumber_Unlabeled_splitClauses_0":["6"],
"labeledBinaryVariableTemplatesNumber_PredictedCG_splitClauses_0":["5"],
"solvability_Term_splitClauses_1":["10800000"],
"solvability_Octagon_splitClauses_0":["10800000"],
"minedTemplateRelationSymbolNumber_RelationalIneqs_splitClauses_0":["14"],
"clauseNumberBeforeSimplification_RelationalIneqs_splitClauses_0":["104"],
"labeledTemplateNumber_PredictedCG_splitClauses_0":["6"],
"cegarIterationNumber_Labeled_splitClauses_0":["10800000"],
"smt2FileSizeByte_Labeled_splitClauses_1":["60224"],
"clauseNumberBeforeSimplification_Unlabeled_splitClauses_1":["104"],
"generatedPredicateNumber_Term_splitClauses_1":["10800000"],
"solvingTime_Term_splitClauses_1":["10800000"],
"unlabeledBinaryVariableTemplatesNumber_Random_splitClauses_1":["336"],
"unlabeledSingleVariableTemplatesNumber_Octagon_splitClauses_0":["216"],
"solvingTime_Octagon_splitClauses_0":["10800000"],
"labeledSingleVariableTemplatesNumber_Mined_splitClauses_1":["1"],
"averagePredicateSize_Term_splitClauses_1":["10800000"],
"labeledTemplateNumber_Labeled_splitClauses_0":["6"],
"unlabeledSingleVariableTemplatesNumber_PredictedCG_splitClauses_0":["216"],
"smt2FileSizeByte_Mined_splitClauses_1":["60224"],
"labeledBinaryVariableTemplatesNumber_Unlabeled_splitClauses_1":["5"],
"labeledTemplateNumber_All_splitClauses_0":["6"],
"unlabeledTemplateNumber_Random_splitClauses_0":["552"],
"labeledTemplateNumber_Octagon_splitClauses_1":["6"],
"unlabeledTemplateNumber_PredictedCDHG_splitClauses_1":["552"],
"unlabeledBinaryVariableTemplatesNumber_Mined_splitClauses_0":["336"],
"minedTemplateRelationSymbolNumber_Mined_splitClauses_1":["14"],
"labeledTemplateNumber_RelationalIneqs_splitClauses_1":["6"],
"solvability_Term_splitClauses_0":["10800000"],
"relationSymbolNumber_Octagon_splitClauses_0":["134"],
"clauseNumberBeforeSimplification_PredictedCG_splitClauses_1":["104"],
"generatedPredicateNumber_Labeled_splitClauses_1":["10800000"],
"labeledSingleVariableTemplatesNumber_Unlabeled_splitClauses_0":["1"],
"unlabeledBinaryVariableTemplatesNumber_Empty_splitClauses_0":["336"],
"solvingTime_Mined_splitClauses_0":["10800000"],
"unlabeledTemplateNumber_All_splitClauses_1":["552"],
"clauseNumberAfterSimplification_Random_splitClauses_1":["103"],
"labeledBinaryVariableTemplatesNumber_Octagon_splitClauses_1":["5"],
"unlabeledBinaryVariableTemplatesNumber_Labeled_splitClauses_0":["336"],
"smt2FileSizeByte_Octagon_splitClauses_0":["60224"],
"labeledSingleVariableTemplatesNumber_Random_splitClauses_1":["1"],
"solvability_Unlabeled_splitClauses_0":["10800000"],
"solvingTime_Unlabeled_splitClauses_0":["10800000"],
"unlabeledTemplateRelationSymbolNumber_All_splitClauses_1":["14"],
"minedTemplateNumber_Empty_splitClauses_1":["82"],
"solvability_RelationalIneqs_splitClauses_0":["10800000"],
"unlabeledTemplateRelationSymbolNumber_Labeled_splitClauses_1":["14"],
"cegarIterationNumber_RelationalEqs_splitClauses_1":["10800000"],
"minedSingleVariableTemplatesNumber_RelationalEqs_splitClauses_1":["77"],
"clauseNumberAfterSimplification_PredictedCDHG_splitClauses_1":["103"],
"minedBinaryVariableTemplatesNumber_RelationalIneqs_splitClauses_1":["5"],
"unlabeledBinaryVariableTemplatesNumber_Mined_splitClauses_1":["336"],
"unlabeledBinaryVariableTemplatesNumber_PredictedCDHG_splitClauses_0":["336"],
"solvingTime_Empty_splitClauses_1":["10800000"],
"labeledTemplateRelationSymbolNumber_Empty_splitClauses_1":["2"],
"generatedPredicateNumber_Term_splitClauses_0":["10800000"],
"averagePredicateSize_Empty_splitClauses_1":["10800000"],
"generatedPredicateNumber_PredictedCG_splitClauses_1":["10800000"],
"labeledTemplateRelationSymbolNumber_PredictedCDHG_splitClauses_1":["2"],
"relationSymbolNumber_Mined_splitClauses_1":["134"],
"predicateGeneratorTime_Mined_splitClauses_0":["10800000"],
"predicateGeneratorTime_Labeled_splitClauses_0":["10800000"],
"labeledSingleVariableTemplatesNumber_Random_splitClauses_0":["1"],
"unlabeledTemplateRelationSymbolNumber_All_splitClauses_0":["14"],
"minedBinaryVariableTemplatesNumber_Labeled_splitClauses_0":["5"],
"generatedPredicateNumber_Labeled_splitClauses_0":["10800000"],
"relationSymbolNumber_Empty_splitClauses_0":["134"],
"solvingTime_Mined_splitClauses_1":["293"],
"minedSingleVariableTemplatesNumber_All_splitClauses_1":["77"],
"predicateGeneratorTime_Random_splitClauses_0":["10800000"],
"cegarIterationNumber_Term_splitClauses_1":["10800000"],
"labeledTemplateNumber_Empty_splitClauses_1":["6"],
"clauseNumberAfterSimplification_Empty_splitClauses_1":["103"],
"minedTemplateRelationSymbolNumber_Empty_splitClauses_0":["14"],
"unlabeledSingleVariableTemplatesNumber_Term_splitClauses_0":["216"],
"minedSingleVariableTemplatesNumber_Empty_splitClauses_0":["77"],
"minedTemplateRelationSymbolNumber_RelationalEqs_splitClauses_0":["14"],
"cegarIterationNumber_Empty_splitClauses_0":["10800000"],
"minedBinaryVariableTemplatesNumber_RelationalEqs_splitClauses_1":["5"],
"labeledSingleVariableTemplatesNumber_All_splitClauses_1":["1"],
"unlabeledTemplateRelationSymbolNumber_Octagon_splitClauses_0":["14"],
"minedTemplateRelationSymbolNumber_Unlabeled_splitClauses_0":["14"],
"labeledBinaryVariableTemplatesNumber_Mined_splitClauses_0":["5"],
"minedTemplateNumber_PredictedCG_splitClauses_1":["82"],
"cegarIterationNumber_Empty_splitClauses_1":["10800000"],
"averagePredicateSize_RelationalIneqs_splitClauses_0":["10800000"],
"solvability_All_splitClauses_1":["10800000"],
"unlabeledBinaryVariableTemplatesNumber_Term_splitClauses_1":["336"],
"relationSymbolNumber_PredictedCDHG_splitClauses_0":["134"],
"minedTemplateRelationSymbolNumber_Labeled_splitClauses_1":["14"],
"averagePredicateSize_Unlabeled_splitClauses_1":["10800000"],
"labeledTemplateNumber_Term_splitClauses_0":["6"],
"smt2FileSizeByte_Empty_splitClauses_1":["60224"],
"solvingTime_PredictedCG_splitClauses_0":["10800000"],
"relationSymbolNumber_Term_splitClauses_0":["134"],
"cegarIterationNumber_All_splitClauses_1":["10800000"],
"clauseNumberBeforeSimplification_Term_splitClauses_1":["104"],
"predicateGeneratorTime_Empty_splitClauses_0":["10800000"],
"averagePredicateSize_All_splitClauses_0":["10800000"],
"unlabeledBinaryVariableTemplatesNumber_Random_splitClauses_0":["336"],
"smt2FileSizeByte_Term_splitClauses_0":["60224"],
"averagePredicateSize_Mined_splitClauses_1":["1"],
"minedBinaryVariableTemplatesNumber_Empty_splitClauses_0":["5"],
"minedTemplateRelationSymbolNumber_All_splitClauses_1":["14"],
"labeledSingleVariableTemplatesNumber_PredictedCG_splitClauses_0":["1"],
"unlabeledBinaryVariableTemplatesNumber_RelationalIneqs_splitClauses_0":["336"],
"unlabeledSingleVariableTemplatesNumber_RelationalIneqs_splitClauses_1":["216"],
"clauseNumberAfterSimplification_RelationalIneqs_splitClauses_0":["103"],
"unlabeledTemplateNumber_RelationalEqs_splitClauses_0":["552"],
"unlabeledTemplateNumber_RelationalIneqs_splitClauses_1":["552"],
"labeledTemplateRelationSymbolNumber_PredictedCG_splitClauses_1":["2"],
"labeledTemplateRelationSymbolNumber_All_splitClauses_0":["2"],
"labeledSingleVariableTemplatesNumber_Octagon_splitClauses_0":["1"],
"dummyFiled":[]
}