{
"smt2FileSizeByte_All_splitClauses_1":["721035"],
"generatedPredicateNumber_All_splitClauses_1":["10800000"],
"unlabeledTemplateRelationSymbolNumber_PredictedCDHG_splitClauses_0":["192"],
"relationSymbolNumberBeforeSimplification_Unlabeled_splitClauses_1":["1313"],
"predicateGeneratorTime_Term_splitClauses_0":["10800000"],
"averagePredicateSize_Random_splitClauses_1":["1"],
"labeledBinaryVariableTemplatesNumber_Labeled_splitClauses_1":["45"],
"clauseNumberBeforeSimplification_All_splitClauses_1":["499"],
"minedTemplateRelationSymbolNumber_Term_splitClauses_0":["192"],
"solvingTime_Labeled_splitClauses_1":["1502"],
"unlabeledTemplateNumber_Labeled_splitClauses_1":["13353"],
"relationSymbolNumberAfterSimplification_All_splitClauses_1":["4549"],
"minedTemplateRelationSymbolNumber_Octagon_splitClauses_1":["192"],
"clauseNumberAfterSimplification_Mined_splitClauses_1":["3108"],
"relationSymbolNumberBeforeSimplification_Octagon_splitClauses_0":["1313"],
"unlabeledBinaryVariableTemplatesNumber_Term_splitClauses_0":["8460"],
"labeledTemplateNumber_PredictedCDHG_splitClauses_0":["53"],
"solvability_Empty_splitClauses_0":["10800000"],
"unlabeledTemplateRelationSymbolNumber_Random_splitClauses_1":["192"],
"labeledBinaryVariableTemplatesNumber_Octagon_splitClauses_0":["45"],
"relationSymbolNumberBeforeSimplification_Random_splitClauses_1":["1313"],
"minedTemplateRelationSymbolNumber_Random_splitClauses_1":["192"],
"unlabeledSingleVariableTemplatesNumber_Mined_splitClauses_0":["4893"],
"unlabeledBinaryVariableTemplatesNumber_PredictedCG_splitClauses_1":["8460"],
"solvability_All_splitClauses_0":["10800000"],
"predicateGeneratorTime_RelationalEqs_splitClauses_1":["967"],
"relationSymbolNumberBeforeSimplification_PredictedCDHG_splitClauses_1":["1313"],
"smt2FileSizeByte_PredictedCG_splitClauses_1":["721035"],
"labeledSingleVariableTemplatesNumber_Unlabeled_splitClauses_1":["8"],
"labeledBinaryVariableTemplatesNumber_PredictedCG_splitClauses_1":["45"],
"minedBinaryVariableTemplatesNumber_PredictedCG_splitClauses_0":["45"],
"solvability_Random_splitClauses_0":["10800000"],
"relationSymbolNumberAfterSimplification_PredictedCG_splitClauses_1":["4549"],
"clauseNumberBeforeSimplification_PredictedCDHG_splitClauses_1":["499"],
"labeledSingleVariableTemplatesNumber_Mined_splitClauses_0":["8"],
"solvability_Unlabeled_splitClauses_1":["1"],
"cegarIterationNumber_Labeled_splitClauses_1":["36"],
"smt2FileSizeByte_Mined_splitClauses_0":["721035"],
"relationSymbolNumberAfterSimplification_Mined_splitClauses_0":["4549"],
"labeledSingleVariableTemplatesNumber_PredictedCG_splitClauses_1":["8"],
"smt2FileSizeByte_Octagon_splitClauses_1":["721035"],
"minedTemplateNumber_Labeled_splitClauses_1":["1734"],
"labeledSingleVariableTemplatesNumber_RelationalIneqs_splitClauses_1":["8"],
"clauseNumberAfterSimplification_Labeled_splitClauses_1":["3108"],
"relationSymbolNumberAfterSimplification_Labeled_splitClauses_0":["4549"],
"smt2FileSizeByte_Random_splitClauses_0":["721035"],
"relationSymbolNumberAfterSimplification_PredictedCDHG_splitClauses_0":["4549"],
"unlabeledTemplateRelationSymbolNumber_PredictedCDHG_splitClauses_1":["192"],
"labeledSingleVariableTemplatesNumber_Term_splitClauses_0":["8"],
"generatedPredicateNumber_PredictedCDHG_splitClauses_1":["10800000"],
"minedSingleVariableTemplatesNumber_Unlabeled_splitClauses_0":["1689"],
"generatedPredicateNumber_Octagon_splitClauses_1":["52"],
"labeledSingleVariableTemplatesNumber_RelationalEqs_splitClauses_0":["8"],
"predicateGeneratorTime_PredictedCG_splitClauses_1":["10800000"],
"relationSymbolNumberAfterSimplification_Octagon_splitClauses_0":["4549"],
"labeledTemplateNumber_Labeled_splitClauses_1":["53"],
"labeledSingleVariableTemplatesNumber_Empty_splitClauses_0":["8"],
"minedTemplateRelationSymbolNumber_RelationalIneqs_splitClauses_1":["192"],
"unlabeledSingleVariableTemplatesNumber_All_splitClauses_1":["4893"],
"labeledBinaryVariableTemplatesNumber_PredictedCDHG_splitClauses_1":["45"],
"unlabeledSingleVariableTemplatesNumber_RelationalEqs_splitClauses_1":["4893"],
"cegarIterationNumber_Term_splitClauses_0":["10800000"],
"unlabeledBinaryVariableTemplatesNumber_Labeled_splitClauses_1":["8460"],
"unlabeledSingleVariableTemplatesNumber_Term_splitClauses_1":["4893"],
"clauseNumberAfterSimplification_All_splitClauses_1":["3108"],
"minedSingleVariableTemplatesNumber_Random_splitClauses_0":["1689"],
"solvability_RelationalIneqs_splitClauses_1":["1"],
"minedTemplateNumber_Labeled_splitClauses_0":["1734"],
"minedSingleVariableTemplatesNumber_Octagon_splitClauses_0":["1689"],
"minedSingleVariableTemplatesNumber_Term_splitClauses_1":["1689"],
"minedBinaryVariableTemplatesNumber_PredictedCDHG_splitClauses_1":["45"],
"generatedPredicateNumber_Mined_splitClauses_1":["52"],
"labeledSingleVariableTemplatesNumber_RelationalIneqs_splitClauses_0":["8"],
"averagePredicateSize_Mined_splitClauses_0":["10800000"],
"cegarIterationNumber_Unlabeled_splitClauses_0":["10800000"],
"minedBinaryVariableTemplatesNumber_Random_splitClauses_0":["45"],
"labeledTemplateNumber_Mined_splitClauses_1":["53"],
"labeledBinaryVariableTemplatesNumber_Random_splitClauses_0":["45"],
"unlabeledTemplateRelationSymbolNumber_Unlabeled_splitClauses_1":["192"],
"cegarIterationNumber_Mined_splitClauses_0":["10800000"],
"minedTemplateRelationSymbolNumber_Labeled_splitClauses_0":["192"],
"unlabeledBinaryVariableTemplatesNumber_RelationalIneqs_splitClauses_1":["8460"],
"unlabeledBinaryVariableTemplatesNumber_Octagon_splitClauses_0":["8460"],
"solvability_Mined_splitClauses_0":["10800000"],
"averagePredicateSize_RelationalEqs_splitClauses_0":["10800000"],
"clauseNumberAfterSimplification_Term_splitClauses_0":["3108"],
"unlabeledTemplateNumber_Mined_splitClauses_0":["13353"],
"relationSymbolNumberAfterSimplification_Random_splitClauses_1":["4549"],
"unlabeledTemplateNumber_PredictedCDHG_splitClauses_0":["13353"],
"cegarIterationNumber_RelationalIneqs_splitClauses_1":["36"],
"minedBinaryVariableTemplatesNumber_Unlabeled_splitClauses_1":["45"],
"labeledTemplateNumber_PredictedCG_splitClauses_1":["53"],
"labeledTemplateRelationSymbolNumber_Mined_splitClauses_0":["19"],
"labeledBinaryVariableTemplatesNumber_Mined_splitClauses_1":["45"],
"relationSymbolNumberBeforeSimplification_Mined_splitClauses_0":["1313"],
"relationSymbolNumberBeforeSimplification_RelationalIneqs_splitClauses_0":["1313"],
"clauseNumberAfterSimplification_RelationalIneqs_splitClauses_1":["3108"],
"minedSingleVariableTemplatesNumber_PredictedCDHG_splitClauses_0":["1689"],
"solvability_Labeled_splitClauses_1":["1"],
"labeledSingleVariableTemplatesNumber_Octagon_splitClauses_1":["8"],
"averagePredicateSize_Random_splitClauses_0":["10800000"],
"smt2FileSizeByte_RelationalIneqs_splitClauses_0":["721035"],
"generatedPredicateNumber_Unlabeled_splitClauses_0":["10800000"],
"solvability_RelationalEqs_splitClauses_0":["10800000"],
"predicateGeneratorTime_Empty_splitClauses_1":["560"],
"minedSingleVariableTemplatesNumber_Mined_splitClauses_0":["1689"],
"relationSymbolNumberAfterSimplification_Unlabeled_splitClauses_0":["4549"],
"minedTemplateRelationSymbolNumber_PredictedCDHG_splitClauses_1":["192"],
"minedTemplateNumber_PredictedCG_splitClauses_0":["1734"],
"averagePredicateSize_RelationalIneqs_splitClauses_1":["1"],
"labeledTemplateRelationSymbolNumber_Random_splitClauses_1":["19"],
"minedTemplateNumber_RelationalIneqs_splitClauses_0":["1734"],
"predicateGeneratorTime_RelationalIneqs_splitClauses_0":["10800000"],
"labeledTemplateRelationSymbolNumber_Empty_splitClauses_0":["19"],
"minedBinaryVariableTemplatesNumber_Octagon_splitClauses_0":["45"],
"labeledSingleVariableTemplatesNumber_Term_splitClauses_1":["8"],
"labeledBinaryVariableTemplatesNumber_Empty_splitClauses_0":["45"],
"minedTemplateNumber_Octagon_splitClauses_0":["1734"],
"labeledBinaryVariableTemplatesNumber_Unlabeled_splitClauses_0":["45"],
"relationSymbolNumberBeforeSimplification_Empty_splitClauses_0":["1313"],
"clauseNumberAfterSimplification_PredictedCDHG_splitClauses_0":["3108"],
"smt2FileSizeByte_PredictedCG_splitClauses_0":["721035"],
"minedBinaryVariableTemplatesNumber_RelationalEqs_splitClauses_0":["45"],
"relationSymbolNumberBeforeSimplification_Unlabeled_splitClauses_0":["1313"],
"labeledTemplateRelationSymbolNumber_RelationalEqs_splitClauses_1":["19"],
"minedBinaryVariableTemplatesNumber_Random_splitClauses_1":["45"],
"clauseNumberAfterSimplification_Unlabeled_splitClauses_1":["3108"],
"minedSingleVariableTemplatesNumber_PredictedCDHG_splitClauses_1":["1689"],
"labeledBinaryVariableTemplatesNumber_Term_splitClauses_1":["45"],
"clauseNumberBeforeSimplification_Empty_splitClauses_1":["499"],
"relationSymbolNumberAfterSimplification_Octagon_splitClauses_1":["4549"],
"relationSymbolNumberAfterSimplification_Term_splitClauses_0":["4549"],
"minedBinaryVariableTemplatesNumber_Mined_splitClauses_1":["45"],
"unlabeledBinaryVariableTemplatesNumber_Unlabeled_splitClauses_1":["8460"],
"relationSymbolNumberBeforeSimplification_Random_splitClauses_0":["1313"],
"relationSymbolNumberAfterSimplification_PredictedCDHG_splitClauses_1":["4549"],
"unlabeledTemplateNumber_PredictedCG_splitClauses_1":["13353"],
"generatedPredicateNumber_Empty_splitClauses_0":["10800000"],
"predicateGeneratorTime_RelationalIneqs_splitClauses_1":["434"],
"unlabeledSingleVariableTemplatesNumber_Empty_splitClauses_0":["4893"],
"cegarIterationNumber_Octagon_splitClauses_0":["10800000"],
"clauseNumberAfterSimplification_Octagon_splitClauses_1":["3108"],
"unlabeledSingleVariableTemplatesNumber_Labeled_splitClauses_1":["4893"],
"clauseNumberBeforeSimplification_Random_splitClauses_1":["499"],
"minedTemplateRelationSymbolNumber_All_splitClauses_0":["192"],
"unlabeledTemplateRelationSymbolNumber_RelationalEqs_splitClauses_0":["192"],
"minedSingleVariableTemplatesNumber_Unlabeled_splitClauses_1":["1689"],
"clauseNumberBeforeSimplification_RelationalEqs_splitClauses_0":["499"],
"minedTemplateNumber_Unlabeled_splitClauses_0":["1734"],
"generatedPredicateNumber_Octagon_splitClauses_0":["10800000"],
"predicateGeneratorTime_PredictedCDHG_splitClauses_0":["10800000"],
"clauseNumberAfterSimplification_PredictedCG_splitClauses_1":["3108"],
"labeledSingleVariableTemplatesNumber_RelationalEqs_splitClauses_1":["8"],
"smt2FileSizeByte_Random_splitClauses_1":["721035"],
"averagePredicateSize_PredictedCG_splitClauses_1":["10800000"],
"cegarIterationNumber_PredictedCDHG_splitClauses_1":["10800000"],
"clauseNumberAfterSimplification_RelationalEqs_splitClauses_1":["3108"],
"minedBinaryVariableTemplatesNumber_Empty_splitClauses_1":["45"],
"relationSymbolNumberAfterSimplification_RelationalEqs_splitClauses_1":["4549"],
"minedTemplateNumber_PredictedCDHG_splitClauses_0":["1734"],
"labeledBinaryVariableTemplatesNumber_All_splitClauses_1":["45"],
"solvingTime_RelationalIneqs_splitClauses_1":["1458"],
"unlabeledTemplateRelationSymbolNumber_RelationalEqs_splitClauses_1":["192"],
"smt2FileSizeByte_Unlabeled_splitClauses_0":["721035"],
"relationSymbolNumberBeforeSimplification_Mined_splitClauses_1":["1313"],
"relationSymbolNumberAfterSimplification_Mined_splitClauses_1":["4549"],
"generatedPredicateNumber_All_splitClauses_0":["10800000"],
"relationSymbolNumberBeforeSimplification_Octagon_splitClauses_1":["1313"],
"predicateGeneratorTime_Octagon_splitClauses_1":["798"],
"solvability_Mined_splitClauses_1":["1"],
"minedTemplateRelationSymbolNumber_Term_splitClauses_1":["192"],
"clauseNumberAfterSimplification_Mined_splitClauses_0":["3108"],
"solvability_PredictedCDHG_splitClauses_0":["10800000"],
"solvingTime_Empty_splitClauses_0":["10800000"],
"unlabeledSingleVariableTemplatesNumber_Unlabeled_splitClauses_1":["4893"],
"minedTemplateNumber_Term_splitClauses_1":["1734"],
"averagePredicateSize_Octagon_splitClauses_1":["1"],
"unlabeledSingleVariableTemplatesNumber_Octagon_splitClauses_1":["4893"],
"minedTemplateRelationSymbolNumber_RelationalEqs_splitClauses_1":["192"],
"relationSymbolNumberBeforeSimplification_All_splitClauses_1":["1313"],
"minedBinaryVariableTemplatesNumber_RelationalIneqs_splitClauses_0":["45"],
"predicateGeneratorTime_Term_splitClauses_1":["583"],
"solvingTime_Labeled_splitClauses_0":["10800000"],
"unlabeledBinaryVariableTemplatesNumber_PredictedCG_splitClauses_0":["8460"],
"minedTemplateNumber_All_splitClauses_0":["1734"],
"predicateGeneratorTime_Labeled_splitClauses_1":["532"],
"unlabeledTemplateRelationSymbolNumber_Empty_splitClauses_0":["192"],
"unlabeledTemplateNumber_Mined_splitClauses_1":["13353"],
"solvability_PredictedCG_splitClauses_1":["10800000"],
"unlabeledTemplateNumber_Term_splitClauses_0":["13353"],
"minedBinaryVariableTemplatesNumber_PredictedCG_splitClauses_1":["45"],
"labeledSingleVariableTemplatesNumber_PredictedCDHG_splitClauses_0":["8"],
"minedBinaryVariableTemplatesNumber_All_splitClauses_0":["45"],
"averagePredicateSize_PredictedCDHG_splitClauses_1":["10800000"],
"predicateGeneratorTime_PredictedCG_splitClauses_0":["10800000"],
"generatedPredicateNumber_RelationalIneqs_splitClauses_0":["10800000"],
"labeledTemplateNumber_Empty_splitClauses_0":["53"],
"relationSymbolNumberAfterSimplification_RelationalIneqs_splitClauses_1":["4549"],
"unlabeledTemplateRelationSymbolNumber_Term_splitClauses_0":["192"],
"minedTemplateNumber_All_splitClauses_1":["1734"],
"labeledSingleVariableTemplatesNumber_Empty_splitClauses_1":["8"],
"minedBinaryVariableTemplatesNumber_Unlabeled_splitClauses_0":["45"],
"labeledTemplateNumber_Random_splitClauses_0":["53"],
"minedBinaryVariableTemplatesNumber_All_splitClauses_1":["45"],
"unlabeledSingleVariableTemplatesNumber_All_splitClauses_0":["4893"],
"relationSymbolNumberBeforeSimplification_Labeled_splitClauses_1":["1313"],
"smt2FileSizeByte_PredictedCDHG_splitClauses_1":["721035"],
"labeledBinaryVariableTemplatesNumber_PredictedCDHG_splitClauses_0":["45"],
"averagePredicateSize_RelationalEqs_splitClauses_1":["1"],
"minedSingleVariableTemplatesNumber_Term_splitClauses_0":["1689"],
"labeledTemplateRelationSymbolNumber_Term_splitClauses_1":["19"],
"generatedPredicateNumber_Random_splitClauses_0":["10800000"],
"labeledBinaryVariableTemplatesNumber_Empty_splitClauses_1":["45"],
"relationSymbolNumberAfterSimplification_Term_splitClauses_1":["4549"],
"clauseNumberAfterSimplification_Labeled_splitClauses_0":["3108"],
"labeledSingleVariableTemplatesNumber_Labeled_splitClauses_0":["8"],
"minedTemplateNumber_Mined_splitClauses_1":["1734"],
"labeledTemplateRelationSymbolNumber_Labeled_splitClauses_0":["19"],
"unlabeledTemplateRelationSymbolNumber_Mined_splitClauses_1":["192"],
"solvability_Labeled_splitClauses_0":["10800000"],
"minedTemplateNumber_RelationalEqs_splitClauses_1":["1734"],
"solvingTime_Random_splitClauses_1":["1690"],
"minedTemplateNumber_Random_splitClauses_0":["1734"],
"cegarIterationNumber_Unlabeled_splitClauses_1":["36"],
"minedTemplateNumber_RelationalIneqs_splitClauses_1":["1734"],
"unlabeledBinaryVariableTemplatesNumber_Octagon_splitClauses_1":["8460"],
"minedSingleVariableTemplatesNumber_Octagon_splitClauses_1":["1689"],
"minedSingleVariableTemplatesNumber_Random_splitClauses_1":["1689"],
"averagePredicateSize_All_splitClauses_1":["10800000"],
"minedTemplateNumber_Empty_splitClauses_0":["1734"],
"labeledTemplateNumber_Mined_splitClauses_0":["53"],
"unlabeledBinaryVariableTemplatesNumber_All_splitClauses_0":["8460"],
"relationSymbolNumberAfterSimplification_Labeled_splitClauses_1":["4549"],
"labeledSingleVariableTemplatesNumber_PredictedCDHG_splitClauses_1":["8"],
"minedSingleVariableTemplatesNumber_Mined_splitClauses_1":["1689"],
"labeledTemplateRelationSymbolNumber_Term_splitClauses_0":["19"],
"unlabeledTemplateRelationSymbolNumber_Term_splitClauses_1":["192"],
"predicateGeneratorTime_All_splitClauses_1":["10800000"],
"unlabeledSingleVariableTemplatesNumber_Random_splitClauses_0":["4893"],
"predicateGeneratorTime_Unlabeled_splitClauses_1":["548"],
"cegarIterationNumber_PredictedCDHG_splitClauses_0":["10800000"],
"labeledTemplateNumber_RelationalEqs_splitClauses_0":["53"],
"labeledTemplateRelationSymbolNumber_Mined_splitClauses_1":["19"],
"labeledTemplateRelationSymbolNumber_Random_splitClauses_0":["19"],
"labeledBinaryVariableTemplatesNumber_RelationalEqs_splitClauses_1":["45"],
"generatedPredicateNumber_RelationalIneqs_splitClauses_1":["52"],
"unlabeledTemplateRelationSymbolNumber_PredictedCG_splitClauses_1":["192"],
"unlabeledSingleVariableTemplatesNumber_RelationalEqs_splitClauses_0":["4893"],
"labeledBinaryVariableTemplatesNumber_Labeled_splitClauses_0":["45"],
"minedBinaryVariableTemplatesNumber_PredictedCDHG_splitClauses_0":["45"],
"unlabeledTemplateRelationSymbolNumber_Unlabeled_splitClauses_0":["192"],
"clauseNumberAfterSimplification_Term_splitClauses_1":["3108"],
"unlabeledTemplateNumber_Octagon_splitClauses_0":["13353"],
"unlabeledBinaryVariableTemplatesNumber_RelationalEqs_splitClauses_1":["8460"],
"unlabeledTemplateNumber_PredictedCG_splitClauses_0":["13353"],
"unlabeledTemplateNumber_All_splitClauses_0":["13353"],
"labeledTemplateRelationSymbolNumber_RelationalIneqs_splitClauses_1":["19"],
"unlabeledSingleVariableTemplatesNumber_Mined_splitClauses_1":["4893"],
"labeledTemplateRelationSymbolNumber_Unlabeled_splitClauses_1":["19"],
"labeledBinaryVariableTemplatesNumber_Random_splitClauses_1":["45"],
"solvability_Random_splitClauses_1":["1"],
"solvingTime_Term_splitClauses_0":["10800000"],
"minedSingleVariableTemplatesNumber_Labeled_splitClauses_1":["1689"],
"clauseNumberBeforeSimplification_Term_splitClauses_0":["499"],
"relationSymbolNumberBeforeSimplification_RelationalIneqs_splitClauses_1":["1313"],
"minedTemplateRelationSymbolNumber_Mined_splitClauses_0":["192"],
"solvability_Octagon_splitClauses_1":["1"],
"minedSingleVariableTemplatesNumber_RelationalIneqs_splitClauses_1":["1689"],
"smt2FileSizeByte_Labeled_splitClauses_0":["721035"],
"solvability_RelationalEqs_splitClauses_1":["1"],
"unlabeledSingleVariableTemplatesNumber_Empty_splitClauses_1":["4893"],
"labeledTemplateNumber_PredictedCDHG_splitClauses_1":["53"],
"minedTemplateRelationSymbolNumber_Octagon_splitClauses_0":["192"],
"clauseNumberAfterSimplification_Unlabeled_splitClauses_0":["3108"],
"clauseNumberBeforeSimplification_Unlabeled_splitClauses_0":["499"],
"clauseNumberBeforeSimplification_PredictedCDHG_splitClauses_0":["499"],
"cegarIterationNumber_RelationalIneqs_splitClauses_0":["10800000"],
"labeledTemplateRelationSymbolNumber_RelationalEqs_splitClauses_0":["19"],
"averagePredicateSize_Labeled_splitClauses_0":["10800000"],
"smt2FileSizeByte_RelationalIneqs_splitClauses_1":["721035"],
"clauseNumberBeforeSimplification_RelationalEqs_splitClauses_1":["499"],
"unlabeledTemplateRelationSymbolNumber_RelationalIneqs_splitClauses_1":["192"],
"clauseNumberBeforeSimplification_PredictedCG_splitClauses_0":["499"],
"solvingTime_PredictedCDHG_splitClauses_0":["10800000"],
"labeledTemplateRelationSymbolNumber_Octagon_splitClauses_1":["19"],
"minedTemplateRelationSymbolNumber_PredictedCG_splitClauses_1":["192"],
"relationSymbolNumberBeforeSimplification_RelationalEqs_splitClauses_1":["1313"],
"labeledTemplateNumber_Random_splitClauses_1":["53"],
"solvingTime_RelationalIneqs_splitClauses_0":["10800000"],
"labeledTemplateNumber_All_splitClauses_1":["53"],
"unlabeledTemplateNumber_Random_splitClauses_1":["13353"],
"relationSymbolNumberBeforeSimplification_All_splitClauses_0":["1313"],
"smt2FileSizeByte_Unlabeled_splitClauses_1":["721035"],
"cegarIterationNumber_PredictedCG_splitClauses_0":["10800000"],
"predicateGeneratorTime_Octagon_splitClauses_0":["10800000"],
"unlabeledTemplateNumber_RelationalEqs_splitClauses_1":["13353"],
"clauseNumberAfterSimplification_Octagon_splitClauses_0":["3108"],
"cegarIterationNumber_Random_splitClauses_0":["10800000"],
"solvability_PredictedCDHG_splitClauses_1":["10800000"],
"solvability_PredictedCG_splitClauses_0":["10800000"],
"solvingTime_PredictedCG_splitClauses_1":["10800000"],
"unlabeledSingleVariableTemplatesNumber_Unlabeled_splitClauses_0":["4893"],
"unlabeledTemplateNumber_Unlabeled_splitClauses_0":["13353"],
"labeledTemplateRelationSymbolNumber_RelationalIneqs_splitClauses_0":["19"],
"minedTemplateNumber_Random_splitClauses_1":["1734"],
"generatedPredicateNumber_RelationalEqs_splitClauses_0":["10800000"],
"minedTemplateNumber_Term_splitClauses_0":["1734"],
"solvingTime_All_splitClauses_1":["10800000"],
"minedSingleVariableTemplatesNumber_PredictedCG_splitClauses_0":["1689"],
"smt2FileSizeByte_Term_splitClauses_1":["721035"],
"labeledBinaryVariableTemplatesNumber_All_splitClauses_0":["45"],
"minedTemplateNumber_PredictedCDHG_splitClauses_1":["1734"],
"minedTemplateRelationSymbolNumber_PredictedCDHG_splitClauses_0":["192"],
"averagePredicateSize_Unlabeled_splitClauses_0":["10800000"],
"minedBinaryVariableTemplatesNumber_Octagon_splitClauses_1":["45"],
"unlabeledSingleVariableTemplatesNumber_Random_splitClauses_1":["4893"],
"clauseNumberBeforeSimplification_Random_splitClauses_0":["499"],
"solvingTime_Unlabeled_splitClauses_1":["1637"],
"predicateGeneratorTime_PredictedCDHG_splitClauses_1":["10800000"],
"averagePredicateSize_PredictedCDHG_splitClauses_0":["10800000"],
"relationSymbolNumberAfterSimplification_RelationalEqs_splitClauses_0":["4549"],
"minedBinaryVariableTemplatesNumber_Term_splitClauses_0":["45"],
"labeledTemplateNumber_RelationalIneqs_splitClauses_0":["53"],
"clauseNumberAfterSimplification_Random_splitClauses_0":["3108"],
"clauseNumberAfterSimplification_PredictedCG_splitClauses_0":["3108"],
"generatedPredicateNumber_Empty_splitClauses_1":["52"],
"clauseNumberBeforeSimplification_Octagon_splitClauses_0":["499"],
"unlabeledTemplateNumber_Empty_splitClauses_0":["13353"],
"minedSingleVariableTemplatesNumber_All_splitClauses_0":["1689"],
"labeledTemplateRelationSymbolNumber_Octagon_splitClauses_0":["19"],
"generatedPredicateNumber_Random_splitClauses_1":["52"],
"clauseNumberAfterSimplification_RelationalEqs_splitClauses_0":["3108"],
"labeledBinaryVariableTemplatesNumber_Term_splitClauses_0":["45"],
"minedSingleVariableTemplatesNumber_RelationalEqs_splitClauses_0":["1689"],
"minedTemplateNumber_Mined_splitClauses_0":["1734"],
"relationSymbolNumberBeforeSimplification_PredictedCG_splitClauses_0":["1313"],
"averagePredicateSize_Octagon_splitClauses_0":["10800000"],
"unlabeledBinaryVariableTemplatesNumber_Empty_splitClauses_1":["8460"],
"unlabeledSingleVariableTemplatesNumber_PredictedCDHG_splitClauses_0":["4893"],
"unlabeledSingleVariableTemplatesNumber_PredictedCG_splitClauses_1":["4893"],
"labeledTemplateRelationSymbolNumber_Labeled_splitClauses_1":["19"],
"minedTemplateRelationSymbolNumber_Random_splitClauses_0":["192"],
"unlabeledTemplateRelationSymbolNumber_PredictedCG_splitClauses_0":["192"],
"unlabeledTemplateNumber_RelationalIneqs_splitClauses_0":["13353"],
"unlabeledSingleVariableTemplatesNumber_Labeled_splitClauses_0":["4893"],
"relationSymbolNumberAfterSimplification_PredictedCG_splitClauses_0":["4549"],
"minedTemplateNumber_Unlabeled_splitClauses_1":["1734"],
"generatedPredicateNumber_PredictedCG_splitClauses_0":["10800000"],
"labeledTemplateNumber_Unlabeled_splitClauses_1":["53"],
"unlabeledTemplateRelationSymbolNumber_Empty_splitClauses_1":["192"],
"clauseNumberBeforeSimplification_Empty_splitClauses_0":["499"],
"solvingTime_Octagon_splitClauses_1":["1984"],
"cegarIterationNumber_Mined_splitClauses_1":["36"],
"clauseNumberBeforeSimplification_Mined_splitClauses_1":["499"],
"smt2FileSizeByte_PredictedCDHG_splitClauses_0":["721035"],
"averagePredicateSize_PredictedCG_splitClauses_0":["10800000"],
"solvingTime_Random_splitClauses_0":["10800000"],
"minedTemplateNumber_RelationalEqs_splitClauses_0":["1734"],
"unlabeledSingleVariableTemplatesNumber_RelationalIneqs_splitClauses_0":["4893"],
"unlabeledTemplateNumber_Unlabeled_splitClauses_1":["13353"],
"labeledBinaryVariableTemplatesNumber_RelationalEqs_splitClauses_0":["45"],
"generatedPredicateNumber_PredictedCDHG_splitClauses_0":["10800000"],
"relationSymbolNumberAfterSimplification_RelationalIneqs_splitClauses_0":["4549"],
"minedTemplateRelationSymbolNumber_Empty_splitClauses_1":["192"],
"predicateGeneratorTime_Random_splitClauses_1":["662"],
"labeledTemplateNumber_Term_splitClauses_1":["53"],
"relationSymbolNumberBeforeSimplification_RelationalEqs_splitClauses_0":["1313"],
"minedSingleVariableTemplatesNumber_Empty_splitClauses_1":["1689"],
"minedSingleVariableTemplatesNumber_RelationalIneqs_splitClauses_0":["1689"],
"clauseNumberAfterSimplification_All_splitClauses_0":["3108"],
"unlabeledBinaryVariableTemplatesNumber_RelationalEqs_splitClauses_0":["8460"],
"cegarIterationNumber_RelationalEqs_splitClauses_0":["10800000"],
"labeledTemplateRelationSymbolNumber_PredictedCDHG_splitClauses_0":["19"],
"labeledSingleVariableTemplatesNumber_Labeled_splitClauses_1":["8"],
"unlabeledBinaryVariableTemplatesNumber_All_splitClauses_1":["8460"],
"minedTemplateRelationSymbolNumber_Unlabeled_splitClauses_1":["192"],
"solvingTime_RelationalEqs_splitClauses_0":["10800000"],
"solvingTime_RelationalEqs_splitClauses_1":["1981"],
"minedBinaryVariableTemplatesNumber_Mined_splitClauses_0":["45"],
"clauseNumberBeforeSimplification_All_splitClauses_0":["499"],
"clauseNumberBeforeSimplification_RelationalIneqs_splitClauses_1":["499"],
"labeledTemplateNumber_RelationalEqs_splitClauses_1":["53"],
"labeledBinaryVariableTemplatesNumber_RelationalIneqs_splitClauses_0":["45"],
"relationSymbolNumberBeforeSimplification_Labeled_splitClauses_0":["1313"],
"clauseNumberAfterSimplification_Empty_splitClauses_0":["3108"],
"averagePredicateSize_Empty_splitClauses_0":["10800000"],
"unlabeledTemplateNumber_Term_splitClauses_1":["13353"],
"predicateGeneratorTime_Mined_splitClauses_1":["684"],
"labeledBinaryVariableTemplatesNumber_RelationalIneqs_splitClauses_1":["45"],
"predicateGeneratorTime_Unlabeled_splitClauses_0":["10800000"],
"relationSymbolNumberAfterSimplification_Empty_splitClauses_0":["4549"],
"generatedPredicateNumber_Mined_splitClauses_0":["10800000"],
"generatedPredicateNumber_RelationalEqs_splitClauses_1":["52"],
"labeledTemplateRelationSymbolNumber_PredictedCG_splitClauses_0":["19"],
"minedSingleVariableTemplatesNumber_PredictedCG_splitClauses_1":["1689"],
"minedTemplateRelationSymbolNumber_PredictedCG_splitClauses_0":["192"],
"unlabeledTemplateRelationSymbolNumber_Labeled_splitClauses_0":["192"],
"solvability_Empty_splitClauses_1":["1"],
"averagePredicateSize_Term_splitClauses_0":["10800000"],
"cegarIterationNumber_Random_splitClauses_1":["36"],
"averagePredicateSize_Labeled_splitClauses_1":["1"],
"unlabeledBinaryVariableTemplatesNumber_Unlabeled_splitClauses_0":["8460"],
"generatedPredicateNumber_Unlabeled_splitClauses_1":["52"],
"predicateGeneratorTime_All_splitClauses_0":["10800000"],
"unlabeledBinaryVariableTemplatesNumber_PredictedCDHG_splitClauses_1":["8460"],
"clauseNumberBeforeSimplification_Labeled_splitClauses_1":["499"],
"minedBinaryVariableTemplatesNumber_Labeled_splitClauses_1":["45"],
"labeledSingleVariableTemplatesNumber_All_splitClauses_0":["8"],
"unlabeledTemplateRelationSymbolNumber_Mined_splitClauses_0":["192"],
"cegarIterationNumber_Octagon_splitClauses_1":["36"],
"labeledTemplateNumber_Octagon_splitClauses_0":["53"],
"labeledTemplateRelationSymbolNumber_All_splitClauses_1":["19"],
"smt2FileSizeByte_Empty_splitClauses_0":["721035"],
"unlabeledTemplateNumber_Octagon_splitClauses_1":["13353"],
"predicateGeneratorTime_RelationalEqs_splitClauses_0":["10800000"],
"unlabeledTemplateRelationSymbolNumber_RelationalIneqs_splitClauses_0":["192"],
"smt2FileSizeByte_RelationalEqs_splitClauses_1":["721035"],
"unlabeledTemplateNumber_Labeled_splitClauses_0":["13353"],
"minedSingleVariableTemplatesNumber_Labeled_splitClauses_0":["1689"],
"solvingTime_PredictedCDHG_splitClauses_1":["10800000"],
"relationSymbolNumberBeforeSimplification_Term_splitClauses_1":["1313"],
"minedTemplateNumber_Octagon_splitClauses_1":["1734"],
"clauseNumberBeforeSimplification_Mined_splitClauses_0":["499"],
"smt2FileSizeByte_All_splitClauses_0":["721035"],
"solvingTime_All_splitClauses_0":["10800000"],
"minedBinaryVariableTemplatesNumber_Term_splitClauses_1":["45"],
"unlabeledTemplateRelationSymbolNumber_Random_splitClauses_0":["192"],
"cegarIterationNumber_All_splitClauses_0":["10800000"],
"smt2FileSizeByte_RelationalEqs_splitClauses_0":["721035"],
"unlabeledSingleVariableTemplatesNumber_PredictedCDHG_splitClauses_1":["4893"],
"clauseNumberBeforeSimplification_Labeled_splitClauses_0":["499"],
"cegarIterationNumber_PredictedCG_splitClauses_1":["10800000"],
"labeledTemplateRelationSymbolNumber_Unlabeled_splitClauses_0":["19"],
"unlabeledTemplateRelationSymbolNumber_Octagon_splitClauses_1":["192"],
"unlabeledTemplateNumber_Empty_splitClauses_1":["13353"],
"clauseNumberBeforeSimplification_Octagon_splitClauses_1":["499"],
"labeledTemplateNumber_Unlabeled_splitClauses_0":["53"],
"labeledBinaryVariableTemplatesNumber_PredictedCG_splitClauses_0":["45"],
"solvability_Term_splitClauses_1":["1"],
"solvability_Octagon_splitClauses_0":["10800000"],
"minedTemplateRelationSymbolNumber_RelationalIneqs_splitClauses_0":["192"],
"clauseNumberBeforeSimplification_RelationalIneqs_splitClauses_0":["499"],
"labeledTemplateNumber_PredictedCG_splitClauses_0":["53"],
"cegarIterationNumber_Labeled_splitClauses_0":["10800000"],
"smt2FileSizeByte_Labeled_splitClauses_1":["721035"],
"clauseNumberBeforeSimplification_Unlabeled_splitClauses_1":["499"],
"generatedPredicateNumber_Term_splitClauses_1":["52"],
"solvingTime_Term_splitClauses_1":["1457"],
"unlabeledBinaryVariableTemplatesNumber_Random_splitClauses_1":["8460"],
"unlabeledSingleVariableTemplatesNumber_Octagon_splitClauses_0":["4893"],
"solvingTime_Octagon_splitClauses_0":["10800000"],
"labeledSingleVariableTemplatesNumber_Mined_splitClauses_1":["8"],
"averagePredicateSize_Term_splitClauses_1":["1"],
"labeledTemplateNumber_Labeled_splitClauses_0":["53"],
"unlabeledSingleVariableTemplatesNumber_PredictedCG_splitClauses_0":["4893"],
"smt2FileSizeByte_Mined_splitClauses_1":["721035"],
"labeledBinaryVariableTemplatesNumber_Unlabeled_splitClauses_1":["45"],
"labeledTemplateNumber_All_splitClauses_0":["53"],
"unlabeledTemplateNumber_Random_splitClauses_0":["13353"],
"labeledTemplateNumber_Octagon_splitClauses_1":["53"],
"unlabeledTemplateNumber_PredictedCDHG_splitClauses_1":["13353"],
"unlabeledBinaryVariableTemplatesNumber_Mined_splitClauses_0":["8460"],
"minedTemplateRelationSymbolNumber_Mined_splitClauses_1":["192"],
"labeledTemplateNumber_RelationalIneqs_splitClauses_1":["53"],
"relationSymbolNumberAfterSimplification_All_splitClauses_0":["4549"],
"relationSymbolNumberBeforeSimplification_PredictedCDHG_splitClauses_0":["1313"],
"solvability_Term_splitClauses_0":["10800000"],
"clauseNumberBeforeSimplification_PredictedCG_splitClauses_1":["499"],
"generatedPredicateNumber_Labeled_splitClauses_1":["52"],
"labeledSingleVariableTemplatesNumber_Unlabeled_splitClauses_0":["8"],
"unlabeledBinaryVariableTemplatesNumber_Empty_splitClauses_0":["8460"],
"solvingTime_Mined_splitClauses_0":["10800000"],
"unlabeledTemplateNumber_All_splitClauses_1":["13353"],
"clauseNumberAfterSimplification_Random_splitClauses_1":["3108"],
"labeledBinaryVariableTemplatesNumber_Octagon_splitClauses_1":["45"],
"unlabeledBinaryVariableTemplatesNumber_Labeled_splitClauses_0":["8460"],
"smt2FileSizeByte_Octagon_splitClauses_0":["721035"],
"labeledSingleVariableTemplatesNumber_Random_splitClauses_1":["8"],
"solvability_Unlabeled_splitClauses_0":["10800000"],
"solvingTime_Unlabeled_splitClauses_0":["10800000"],
"unlabeledTemplateRelationSymbolNumber_All_splitClauses_1":["192"],
"minedTemplateNumber_Empty_splitClauses_1":["1734"],
"solvability_RelationalIneqs_splitClauses_0":["10800000"],
"unlabeledTemplateRelationSymbolNumber_Labeled_splitClauses_1":["192"],
"cegarIterationNumber_RelationalEqs_splitClauses_1":["36"],
"minedSingleVariableTemplatesNumber_RelationalEqs_splitClauses_1":["1689"],
"clauseNumberAfterSimplification_PredictedCDHG_splitClauses_1":["3108"],
"minedBinaryVariableTemplatesNumber_RelationalIneqs_splitClauses_1":["45"],
"unlabeledBinaryVariableTemplatesNumber_Mined_splitClauses_1":["8460"],
"unlabeledBinaryVariableTemplatesNumber_PredictedCDHG_splitClauses_0":["8460"],
"solvingTime_Empty_splitClauses_1":["1431"],
"labeledTemplateRelationSymbolNumber_Empty_splitClauses_1":["19"],
"generatedPredicateNumber_Term_splitClauses_0":["10800000"],
"averagePredicateSize_Empty_splitClauses_1":["1"],
"generatedPredicateNumber_PredictedCG_splitClauses_1":["10800000"],
"labeledTemplateRelationSymbolNumber_PredictedCDHG_splitClauses_1":["19"],
"predicateGeneratorTime_Mined_splitClauses_0":["10800000"],
"relationSymbolNumberBeforeSimplification_Term_splitClauses_0":["1313"],
"predicateGeneratorTime_Labeled_splitClauses_0":["10800000"],
"labeledSingleVariableTemplatesNumber_Random_splitClauses_0":["8"],
"unlabeledTemplateRelationSymbolNumber_All_splitClauses_0":["192"],
"minedBinaryVariableTemplatesNumber_Labeled_splitClauses_0":["45"],
"generatedPredicateNumber_Labeled_splitClauses_0":["10800000"],
"relationSymbolNumberAfterSimplification_Empty_splitClauses_1":["4549"],
"solvingTime_Mined_splitClauses_1":["1565"],
"minedSingleVariableTemplatesNumber_All_splitClauses_1":["1689"],
"predicateGeneratorTime_Random_splitClauses_0":["10800000"],
"cegarIterationNumber_Term_splitClauses_1":["36"],
"labeledTemplateNumber_Empty_splitClauses_1":["53"],
"clauseNumberAfterSimplification_Empty_splitClauses_1":["3108"],
"minedTemplateRelationSymbolNumber_Empty_splitClauses_0":["192"],
"unlabeledSingleVariableTemplatesNumber_Term_splitClauses_0":["4893"],
"minedSingleVariableTemplatesNumber_Empty_splitClauses_0":["1689"],
"relationSymbolNumberAfterSimplification_Random_splitClauses_0":["4549"],
"minedTemplateRelationSymbolNumber_RelationalEqs_splitClauses_0":["192"],
"cegarIterationNumber_Empty_splitClauses_0":["10800000"],
"minedBinaryVariableTemplatesNumber_RelationalEqs_splitClauses_1":["45"],
"relationSymbolNumberBeforeSimplification_PredictedCG_splitClauses_1":["1313"],
"labeledSingleVariableTemplatesNumber_All_splitClauses_1":["8"],
"unlabeledTemplateRelationSymbolNumber_Octagon_splitClauses_0":["192"],
"minedTemplateRelationSymbolNumber_Unlabeled_splitClauses_0":["192"],
"labeledBinaryVariableTemplatesNumber_Mined_splitClauses_0":["45"],
"relationSymbolNumberAfterSimplification_Unlabeled_splitClauses_1":["4549"],
"minedTemplateNumber_PredictedCG_splitClauses_1":["1734"],
"cegarIterationNumber_Empty_splitClauses_1":["36"],
"averagePredicateSize_RelationalIneqs_splitClauses_0":["10800000"],
"solvability_All_splitClauses_1":["10800000"],
"unlabeledBinaryVariableTemplatesNumber_Term_splitClauses_1":["8460"],
"minedTemplateRelationSymbolNumber_Labeled_splitClauses_1":["192"],
"averagePredicateSize_Unlabeled_splitClauses_1":["1"],
"labeledTemplateNumber_Term_splitClauses_0":["53"],
"smt2FileSizeByte_Empty_splitClauses_1":["721035"],
"solvingTime_PredictedCG_splitClauses_0":["10800000"],
"cegarIterationNumber_All_splitClauses_1":["10800000"],
"clauseNumberBeforeSimplification_Term_splitClauses_1":["499"],
"predicateGeneratorTime_Empty_splitClauses_0":["10800000"],
"relationSymbolNumberBeforeSimplification_Empty_splitClauses_1":["1313"],
"averagePredicateSize_All_splitClauses_0":["10800000"],
"unlabeledBinaryVariableTemplatesNumber_Random_splitClauses_0":["8460"],
"smt2FileSizeByte_Term_splitClauses_0":["721035"],
"averagePredicateSize_Mined_splitClauses_1":["1"],
"minedBinaryVariableTemplatesNumber_Empty_splitClauses_0":["45"],
"minedTemplateRelationSymbolNumber_All_splitClauses_1":["192"],
"labeledSingleVariableTemplatesNumber_PredictedCG_splitClauses_0":["8"],
"unlabeledBinaryVariableTemplatesNumber_RelationalIneqs_splitClauses_0":["8460"],
"unlabeledSingleVariableTemplatesNumber_RelationalIneqs_splitClauses_1":["4893"],
"clauseNumberAfterSimplification_RelationalIneqs_splitClauses_0":["3108"],
"unlabeledTemplateNumber_RelationalEqs_splitClauses_0":["13353"],
"unlabeledTemplateNumber_RelationalIneqs_splitClauses_1":["13353"],
"labeledTemplateRelationSymbolNumber_PredictedCG_splitClauses_1":["19"],
"labeledTemplateRelationSymbolNumber_All_splitClauses_0":["19"],
"labeledSingleVariableTemplatesNumber_Octagon_splitClauses_0":["8"],
"dummyFiled":[]
}