{
"smt2FileSizeByte_All_splitClauses_1":["34869"],
"generatedPredicateNumber_All_splitClauses_1":["10800000"],
"unlabeledTemplateRelationSymbolNumber_PredictedCDHG_splitClauses_0":["8"],
"predicateGeneratorTime_Term_splitClauses_0":["10800000"],
"averagePredicateSize_Random_splitClauses_1":["10800000"],
"labeledBinaryVariableTemplatesNumber_Labeled_splitClauses_1":["13"],
"clauseNumberBeforeSimplification_All_splitClauses_1":["59"],
"minedTemplateRelationSymbolNumber_Term_splitClauses_0":["8"],
"solvingTime_Labeled_splitClauses_1":["10800000"],
"unlabeledTemplateNumber_Labeled_splitClauses_1":["405"],
"relationSymbolNumber_Term_splitClauses_1":["35"],
"minedTemplateRelationSymbolNumber_Octagon_splitClauses_1":["8"],
"clauseNumberAfterSimplification_Mined_splitClauses_1":["23"],
"unlabeledBinaryVariableTemplatesNumber_Term_splitClauses_0":["252"],
"labeledTemplateNumber_PredictedCDHG_splitClauses_0":["14"],
"relationSymbolNumber_RelationalEqs_splitClauses_1":["35"],
"solvability_Empty_splitClauses_0":["10800000"],
"unlabeledTemplateRelationSymbolNumber_Random_splitClauses_1":["8"],
"labeledBinaryVariableTemplatesNumber_Octagon_splitClauses_0":["13"],
"minedTemplateRelationSymbolNumber_Random_splitClauses_1":["8"],
"unlabeledSingleVariableTemplatesNumber_Mined_splitClauses_0":["153"],
"unlabeledBinaryVariableTemplatesNumber_PredictedCG_splitClauses_1":["252"],
"solvability_All_splitClauses_0":["10800000"],
"predicateGeneratorTime_RelationalEqs_splitClauses_1":["10800000"],
"smt2FileSizeByte_PredictedCG_splitClauses_1":["34869"],
"labeledSingleVariableTemplatesNumber_Unlabeled_splitClauses_1":["1"],
"labeledBinaryVariableTemplatesNumber_PredictedCG_splitClauses_1":["13"],
"minedBinaryVariableTemplatesNumber_PredictedCG_splitClauses_0":["13"],
"solvability_Random_splitClauses_0":["10800000"],
"clauseNumberBeforeSimplification_PredictedCDHG_splitClauses_1":["59"],
"labeledSingleVariableTemplatesNumber_Mined_splitClauses_0":["1"],
"solvability_Unlabeled_splitClauses_1":["10800000"],
"cegarIterationNumber_Labeled_splitClauses_1":["10800000"],
"smt2FileSizeByte_Mined_splitClauses_0":["34869"],
"labeledSingleVariableTemplatesNumber_PredictedCG_splitClauses_1":["1"],
"smt2FileSizeByte_Octagon_splitClauses_1":["34869"],
"minedTemplateNumber_Labeled_splitClauses_1":["66"],
"labeledSingleVariableTemplatesNumber_RelationalIneqs_splitClauses_1":["1"],
"clauseNumberAfterSimplification_Labeled_splitClauses_1":["23"],
"smt2FileSizeByte_Random_splitClauses_0":["34869"],
"unlabeledTemplateRelationSymbolNumber_PredictedCDHG_splitClauses_1":["8"],
"labeledSingleVariableTemplatesNumber_Term_splitClauses_0":["1"],
"generatedPredicateNumber_PredictedCDHG_splitClauses_1":["10800000"],
"minedSingleVariableTemplatesNumber_Unlabeled_splitClauses_0":["53"],
"generatedPredicateNumber_Octagon_splitClauses_1":["10800000"],
"labeledSingleVariableTemplatesNumber_RelationalEqs_splitClauses_0":["1"],
"predicateGeneratorTime_PredictedCG_splitClauses_1":["10800000"],
"labeledTemplateNumber_Labeled_splitClauses_1":["14"],
"labeledSingleVariableTemplatesNumber_Empty_splitClauses_0":["1"],
"minedTemplateRelationSymbolNumber_RelationalIneqs_splitClauses_1":["8"],
"unlabeledSingleVariableTemplatesNumber_All_splitClauses_1":["153"],
"labeledBinaryVariableTemplatesNumber_PredictedCDHG_splitClauses_1":["13"],
"unlabeledSingleVariableTemplatesNumber_RelationalEqs_splitClauses_1":["153"],
"cegarIterationNumber_Term_splitClauses_0":["10800000"],
"unlabeledBinaryVariableTemplatesNumber_Labeled_splitClauses_1":["252"],
"unlabeledSingleVariableTemplatesNumber_Term_splitClauses_1":["153"],
"clauseNumberAfterSimplification_All_splitClauses_1":["23"],
"minedSingleVariableTemplatesNumber_Random_splitClauses_0":["53"],
"solvability_RelationalIneqs_splitClauses_1":["10800000"],
"minedTemplateNumber_Labeled_splitClauses_0":["66"],
"minedSingleVariableTemplatesNumber_Octagon_splitClauses_0":["53"],
"minedSingleVariableTemplatesNumber_Term_splitClauses_1":["53"],
"minedBinaryVariableTemplatesNumber_PredictedCDHG_splitClauses_1":["13"],
"generatedPredicateNumber_Mined_splitClauses_1":["17"],
"relationSymbolNumber_Octagon_splitClauses_1":["35"],
"relationSymbolNumber_Unlabeled_splitClauses_1":["35"],
"labeledSingleVariableTemplatesNumber_RelationalIneqs_splitClauses_0":["1"],
"averagePredicateSize_Mined_splitClauses_0":["10800000"],
"cegarIterationNumber_Unlabeled_splitClauses_0":["10800000"],
"minedBinaryVariableTemplatesNumber_Random_splitClauses_0":["13"],
"labeledTemplateNumber_Mined_splitClauses_1":["14"],
"labeledBinaryVariableTemplatesNumber_Random_splitClauses_0":["13"],
"unlabeledTemplateRelationSymbolNumber_Unlabeled_splitClauses_1":["8"],
"cegarIterationNumber_Mined_splitClauses_0":["10800000"],
"minedTemplateRelationSymbolNumber_Labeled_splitClauses_0":["8"],
"unlabeledBinaryVariableTemplatesNumber_RelationalIneqs_splitClauses_1":["252"],
"unlabeledBinaryVariableTemplatesNumber_Octagon_splitClauses_0":["252"],
"solvability_Mined_splitClauses_0":["10800000"],
"averagePredicateSize_RelationalEqs_splitClauses_0":["10800000"],
"clauseNumberAfterSimplification_Term_splitClauses_0":["23"],
"unlabeledTemplateNumber_Mined_splitClauses_0":["405"],
"unlabeledTemplateNumber_PredictedCDHG_splitClauses_0":["405"],
"cegarIterationNumber_RelationalIneqs_splitClauses_1":["10800000"],
"minedBinaryVariableTemplatesNumber_Unlabeled_splitClauses_1":["13"],
"labeledTemplateNumber_PredictedCG_splitClauses_1":["14"],
"labeledTemplateRelationSymbolNumber_Mined_splitClauses_0":["5"],
"labeledBinaryVariableTemplatesNumber_Mined_splitClauses_1":["13"],
"clauseNumberAfterSimplification_RelationalIneqs_splitClauses_1":["23"],
"minedSingleVariableTemplatesNumber_PredictedCDHG_splitClauses_0":["53"],
"solvability_Labeled_splitClauses_1":["10800000"],
"labeledSingleVariableTemplatesNumber_Octagon_splitClauses_1":["1"],
"averagePredicateSize_Random_splitClauses_0":["10800000"],
"smt2FileSizeByte_RelationalIneqs_splitClauses_0":["34869"],
"generatedPredicateNumber_Unlabeled_splitClauses_0":["10800000"],
"solvability_RelationalEqs_splitClauses_0":["10800000"],
"predicateGeneratorTime_Empty_splitClauses_1":["10800000"],
"minedSingleVariableTemplatesNumber_Mined_splitClauses_0":["53"],
"minedTemplateRelationSymbolNumber_PredictedCDHG_splitClauses_1":["8"],
"minedTemplateNumber_PredictedCG_splitClauses_0":["66"],
"averagePredicateSize_RelationalIneqs_splitClauses_1":["10800000"],
"labeledTemplateRelationSymbolNumber_Random_splitClauses_1":["5"],
"minedTemplateNumber_RelationalIneqs_splitClauses_0":["66"],
"predicateGeneratorTime_RelationalIneqs_splitClauses_0":["10800000"],
"labeledTemplateRelationSymbolNumber_Empty_splitClauses_0":["5"],
"minedBinaryVariableTemplatesNumber_Octagon_splitClauses_0":["13"],
"relationSymbolNumber_Labeled_splitClauses_0":["35"],
"labeledSingleVariableTemplatesNumber_Term_splitClauses_1":["1"],
"labeledBinaryVariableTemplatesNumber_Empty_splitClauses_0":["13"],
"minedTemplateNumber_Octagon_splitClauses_0":["66"],
"labeledBinaryVariableTemplatesNumber_Unlabeled_splitClauses_0":["13"],
"clauseNumberAfterSimplification_PredictedCDHG_splitClauses_0":["23"],
"smt2FileSizeByte_PredictedCG_splitClauses_0":["34869"],
"minedBinaryVariableTemplatesNumber_RelationalEqs_splitClauses_0":["13"],
"labeledTemplateRelationSymbolNumber_RelationalEqs_splitClauses_1":["5"],
"minedBinaryVariableTemplatesNumber_Random_splitClauses_1":["13"],
"clauseNumberAfterSimplification_Unlabeled_splitClauses_1":["23"],
"minedSingleVariableTemplatesNumber_PredictedCDHG_splitClauses_1":["53"],
"labeledBinaryVariableTemplatesNumber_Term_splitClauses_1":["13"],
"clauseNumberBeforeSimplification_Empty_splitClauses_1":["59"],
"minedBinaryVariableTemplatesNumber_Mined_splitClauses_1":["13"],
"unlabeledBinaryVariableTemplatesNumber_Unlabeled_splitClauses_1":["252"],
"unlabeledTemplateNumber_PredictedCG_splitClauses_1":["405"],
"generatedPredicateNumber_Empty_splitClauses_0":["10800000"],
"predicateGeneratorTime_RelationalIneqs_splitClauses_1":["10800000"],
"unlabeledSingleVariableTemplatesNumber_Empty_splitClauses_0":["153"],
"cegarIterationNumber_Octagon_splitClauses_0":["10800000"],
"clauseNumberAfterSimplification_Octagon_splitClauses_1":["23"],
"unlabeledSingleVariableTemplatesNumber_Labeled_splitClauses_1":["153"],
"clauseNumberBeforeSimplification_Random_splitClauses_1":["59"],
"minedTemplateRelationSymbolNumber_All_splitClauses_0":["8"],
"unlabeledTemplateRelationSymbolNumber_RelationalEqs_splitClauses_0":["8"],
"minedSingleVariableTemplatesNumber_Unlabeled_splitClauses_1":["53"],
"clauseNumberBeforeSimplification_RelationalEqs_splitClauses_0":["59"],
"minedTemplateNumber_Unlabeled_splitClauses_0":["66"],
"generatedPredicateNumber_Octagon_splitClauses_0":["10800000"],
"predicateGeneratorTime_PredictedCDHG_splitClauses_0":["10800000"],
"clauseNumberAfterSimplification_PredictedCG_splitClauses_1":["23"],
"labeledSingleVariableTemplatesNumber_RelationalEqs_splitClauses_1":["1"],
"smt2FileSizeByte_Random_splitClauses_1":["34869"],
"averagePredicateSize_PredictedCG_splitClauses_1":["10800000"],
"cegarIterationNumber_PredictedCDHG_splitClauses_1":["10800000"],
"clauseNumberAfterSimplification_RelationalEqs_splitClauses_1":["23"],
"minedBinaryVariableTemplatesNumber_Empty_splitClauses_1":["13"],
"minedTemplateNumber_PredictedCDHG_splitClauses_0":["66"],
"labeledBinaryVariableTemplatesNumber_All_splitClauses_1":["13"],
"solvingTime_RelationalIneqs_splitClauses_1":["10800000"],
"unlabeledTemplateRelationSymbolNumber_RelationalEqs_splitClauses_1":["8"],
"smt2FileSizeByte_Unlabeled_splitClauses_0":["34869"],
"generatedPredicateNumber_All_splitClauses_0":["10800000"],
"predicateGeneratorTime_Octagon_splitClauses_1":["10800000"],
"solvability_Mined_splitClauses_1":["1"],
"minedTemplateRelationSymbolNumber_Term_splitClauses_1":["8"],
"clauseNumberAfterSimplification_Mined_splitClauses_0":["23"],
"solvability_PredictedCDHG_splitClauses_0":["10800000"],
"solvingTime_Empty_splitClauses_0":["10800000"],
"unlabeledSingleVariableTemplatesNumber_Unlabeled_splitClauses_1":["153"],
"minedTemplateNumber_Term_splitClauses_1":["66"],
"averagePredicateSize_Octagon_splitClauses_1":["10800000"],
"relationSymbolNumber_Empty_splitClauses_1":["35"],
"unlabeledSingleVariableTemplatesNumber_Octagon_splitClauses_1":["153"],
"minedTemplateRelationSymbolNumber_RelationalEqs_splitClauses_1":["8"],
"minedBinaryVariableTemplatesNumber_RelationalIneqs_splitClauses_0":["13"],
"predicateGeneratorTime_Term_splitClauses_1":["10800000"],
"solvingTime_Labeled_splitClauses_0":["10800000"],
"unlabeledBinaryVariableTemplatesNumber_PredictedCG_splitClauses_0":["252"],
"minedTemplateNumber_All_splitClauses_0":["66"],
"predicateGeneratorTime_Labeled_splitClauses_1":["10800000"],
"unlabeledTemplateRelationSymbolNumber_Empty_splitClauses_0":["8"],
"unlabeledTemplateNumber_Mined_splitClauses_1":["405"],
"solvability_PredictedCG_splitClauses_1":["10800000"],
"unlabeledTemplateNumber_Term_splitClauses_0":["405"],
"minedBinaryVariableTemplatesNumber_PredictedCG_splitClauses_1":["13"],
"labeledSingleVariableTemplatesNumber_PredictedCDHG_splitClauses_0":["1"],
"minedBinaryVariableTemplatesNumber_All_splitClauses_0":["13"],
"averagePredicateSize_PredictedCDHG_splitClauses_1":["10800000"],
"predicateGeneratorTime_PredictedCG_splitClauses_0":["10800000"],
"generatedPredicateNumber_RelationalIneqs_splitClauses_0":["10800000"],
"labeledTemplateNumber_Empty_splitClauses_0":["14"],
"unlabeledTemplateRelationSymbolNumber_Term_splitClauses_0":["8"],
"minedTemplateNumber_All_splitClauses_1":["66"],
"labeledSingleVariableTemplatesNumber_Empty_splitClauses_1":["1"],
"minedBinaryVariableTemplatesNumber_Unlabeled_splitClauses_0":["13"],
"labeledTemplateNumber_Random_splitClauses_0":["14"],
"minedBinaryVariableTemplatesNumber_All_splitClauses_1":["13"],
"unlabeledSingleVariableTemplatesNumber_All_splitClauses_0":["153"],
"smt2FileSizeByte_PredictedCDHG_splitClauses_1":["34869"],
"labeledBinaryVariableTemplatesNumber_PredictedCDHG_splitClauses_0":["13"],
"averagePredicateSize_RelationalEqs_splitClauses_1":["10800000"],
"minedSingleVariableTemplatesNumber_Term_splitClauses_0":["53"],
"labeledTemplateRelationSymbolNumber_Term_splitClauses_1":["5"],
"generatedPredicateNumber_Random_splitClauses_0":["10800000"],
"labeledBinaryVariableTemplatesNumber_Empty_splitClauses_1":["13"],
"clauseNumberAfterSimplification_Labeled_splitClauses_0":["23"],
"labeledSingleVariableTemplatesNumber_Labeled_splitClauses_0":["1"],
"minedTemplateNumber_Mined_splitClauses_1":["66"],
"labeledTemplateRelationSymbolNumber_Labeled_splitClauses_0":["5"],
"unlabeledTemplateRelationSymbolNumber_Mined_splitClauses_1":["8"],
"solvability_Labeled_splitClauses_0":["10800000"],
"minedTemplateNumber_RelationalEqs_splitClauses_1":["66"],
"solvingTime_Random_splitClauses_1":["10800000"],
"minedTemplateNumber_Random_splitClauses_0":["66"],
"cegarIterationNumber_Unlabeled_splitClauses_1":["10800000"],
"minedTemplateNumber_RelationalIneqs_splitClauses_1":["66"],
"unlabeledBinaryVariableTemplatesNumber_Octagon_splitClauses_1":["252"],
"minedSingleVariableTemplatesNumber_Octagon_splitClauses_1":["53"],
"minedSingleVariableTemplatesNumber_Random_splitClauses_1":["53"],
"averagePredicateSize_All_splitClauses_1":["10800000"],
"minedTemplateNumber_Empty_splitClauses_0":["66"],
"labeledTemplateNumber_Mined_splitClauses_0":["14"],
"unlabeledBinaryVariableTemplatesNumber_All_splitClauses_0":["252"],
"labeledSingleVariableTemplatesNumber_PredictedCDHG_splitClauses_1":["1"],
"minedSingleVariableTemplatesNumber_Mined_splitClauses_1":["53"],
"labeledTemplateRelationSymbolNumber_Term_splitClauses_0":["5"],
"unlabeledTemplateRelationSymbolNumber_Term_splitClauses_1":["8"],
"predicateGeneratorTime_All_splitClauses_1":["10800000"],
"unlabeledSingleVariableTemplatesNumber_Random_splitClauses_0":["153"],
"predicateGeneratorTime_Unlabeled_splitClauses_1":["10800000"],
"cegarIterationNumber_PredictedCDHG_splitClauses_0":["10800000"],
"labeledTemplateNumber_RelationalEqs_splitClauses_0":["14"],
"labeledTemplateRelationSymbolNumber_Mined_splitClauses_1":["5"],
"labeledTemplateRelationSymbolNumber_Random_splitClauses_0":["5"],
"labeledBinaryVariableTemplatesNumber_RelationalEqs_splitClauses_1":["13"],
"generatedPredicateNumber_RelationalIneqs_splitClauses_1":["10800000"],
"unlabeledTemplateRelationSymbolNumber_PredictedCG_splitClauses_1":["8"],
"unlabeledSingleVariableTemplatesNumber_RelationalEqs_splitClauses_0":["153"],
"labeledBinaryVariableTemplatesNumber_Labeled_splitClauses_0":["13"],
"minedBinaryVariableTemplatesNumber_PredictedCDHG_splitClauses_0":["13"],
"unlabeledTemplateRelationSymbolNumber_Unlabeled_splitClauses_0":["8"],
"clauseNumberAfterSimplification_Term_splitClauses_1":["23"],
"relationSymbolNumber_RelationalIneqs_splitClauses_0":["35"],
"unlabeledTemplateNumber_Octagon_splitClauses_0":["405"],
"unlabeledBinaryVariableTemplatesNumber_RelationalEqs_splitClauses_1":["252"],
"unlabeledTemplateNumber_PredictedCG_splitClauses_0":["405"],
"unlabeledTemplateNumber_All_splitClauses_0":["405"],
"labeledTemplateRelationSymbolNumber_RelationalIneqs_splitClauses_1":["5"],
"unlabeledSingleVariableTemplatesNumber_Mined_splitClauses_1":["153"],
"labeledTemplateRelationSymbolNumber_Unlabeled_splitClauses_1":["5"],
"labeledBinaryVariableTemplatesNumber_Random_splitClauses_1":["13"],
"relationSymbolNumber_RelationalEqs_splitClauses_0":["35"],
"solvability_Random_splitClauses_1":["10800000"],
"solvingTime_Term_splitClauses_0":["10800000"],
"minedSingleVariableTemplatesNumber_Labeled_splitClauses_1":["53"],
"relationSymbolNumber_Random_splitClauses_0":["35"],
"clauseNumberBeforeSimplification_Term_splitClauses_0":["59"],
"minedTemplateRelationSymbolNumber_Mined_splitClauses_0":["8"],
"solvability_Octagon_splitClauses_1":["10800000"],
"relationSymbolNumber_Labeled_splitClauses_1":["35"],
"minedSingleVariableTemplatesNumber_RelationalIneqs_splitClauses_1":["53"],
"smt2FileSizeByte_Labeled_splitClauses_0":["34869"],
"solvability_RelationalEqs_splitClauses_1":["10800000"],
"unlabeledSingleVariableTemplatesNumber_Empty_splitClauses_1":["153"],
"labeledTemplateNumber_PredictedCDHG_splitClauses_1":["14"],
"minedTemplateRelationSymbolNumber_Octagon_splitClauses_0":["8"],
"clauseNumberAfterSimplification_Unlabeled_splitClauses_0":["23"],
"clauseNumberBeforeSimplification_Unlabeled_splitClauses_0":["59"],
"clauseNumberBeforeSimplification_PredictedCDHG_splitClauses_0":["59"],
"cegarIterationNumber_RelationalIneqs_splitClauses_0":["10800000"],
"relationSymbolNumber_All_splitClauses_0":["35"],
"labeledTemplateRelationSymbolNumber_RelationalEqs_splitClauses_0":["5"],
"averagePredicateSize_Labeled_splitClauses_0":["10800000"],
"smt2FileSizeByte_RelationalIneqs_splitClauses_1":["34869"],
"clauseNumberBeforeSimplification_RelationalEqs_splitClauses_1":["59"],
"unlabeledTemplateRelationSymbolNumber_RelationalIneqs_splitClauses_1":["8"],
"clauseNumberBeforeSimplification_PredictedCG_splitClauses_0":["59"],
"solvingTime_PredictedCDHG_splitClauses_0":["10800000"],
"labeledTemplateRelationSymbolNumber_Octagon_splitClauses_1":["5"],
"minedTemplateRelationSymbolNumber_PredictedCG_splitClauses_1":["8"],
"labeledTemplateNumber_Random_splitClauses_1":["14"],
"solvingTime_RelationalIneqs_splitClauses_0":["10800000"],
"labeledTemplateNumber_All_splitClauses_1":["14"],
"unlabeledTemplateNumber_Random_splitClauses_1":["405"],
"relationSymbolNumber_PredictedCDHG_splitClauses_1":["35"],
"smt2FileSizeByte_Unlabeled_splitClauses_1":["34869"],
"cegarIterationNumber_PredictedCG_splitClauses_0":["10800000"],
"predicateGeneratorTime_Octagon_splitClauses_0":["10800000"],
"unlabeledTemplateNumber_RelationalEqs_splitClauses_1":["405"],
"clauseNumberAfterSimplification_Octagon_splitClauses_0":["23"],
"cegarIterationNumber_Random_splitClauses_0":["10800000"],
"solvability_PredictedCDHG_splitClauses_1":["10800000"],
"solvability_PredictedCG_splitClauses_0":["10800000"],
"solvingTime_PredictedCG_splitClauses_1":["10800000"],
"unlabeledSingleVariableTemplatesNumber_Unlabeled_splitClauses_0":["153"],
"unlabeledTemplateNumber_Unlabeled_splitClauses_0":["405"],
"labeledTemplateRelationSymbolNumber_RelationalIneqs_splitClauses_0":["5"],
"minedTemplateNumber_Random_splitClauses_1":["66"],
"relationSymbolNumber_PredictedCG_splitClauses_0":["35"],
"generatedPredicateNumber_RelationalEqs_splitClauses_0":["10800000"],
"minedTemplateNumber_Term_splitClauses_0":["66"],
"solvingTime_All_splitClauses_1":["10800000"],
"minedSingleVariableTemplatesNumber_PredictedCG_splitClauses_0":["53"],
"smt2FileSizeByte_Term_splitClauses_1":["34869"],
"labeledBinaryVariableTemplatesNumber_All_splitClauses_0":["13"],
"minedTemplateNumber_PredictedCDHG_splitClauses_1":["66"],
"minedTemplateRelationSymbolNumber_PredictedCDHG_splitClauses_0":["8"],
"averagePredicateSize_Unlabeled_splitClauses_0":["10800000"],
"minedBinaryVariableTemplatesNumber_Octagon_splitClauses_1":["13"],
"unlabeledSingleVariableTemplatesNumber_Random_splitClauses_1":["153"],
"clauseNumberBeforeSimplification_Random_splitClauses_0":["59"],
"solvingTime_Unlabeled_splitClauses_1":["10800000"],
"predicateGeneratorTime_PredictedCDHG_splitClauses_1":["10800000"],
"averagePredicateSize_PredictedCDHG_splitClauses_0":["10800000"],
"minedBinaryVariableTemplatesNumber_Term_splitClauses_0":["13"],
"labeledTemplateNumber_RelationalIneqs_splitClauses_0":["14"],
"clauseNumberAfterSimplification_Random_splitClauses_0":["23"],
"clauseNumberAfterSimplification_PredictedCG_splitClauses_0":["23"],
"generatedPredicateNumber_Empty_splitClauses_1":["10800000"],
"clauseNumberBeforeSimplification_Octagon_splitClauses_0":["59"],
"unlabeledTemplateNumber_Empty_splitClauses_0":["405"],
"minedSingleVariableTemplatesNumber_All_splitClauses_0":["53"],
"labeledTemplateRelationSymbolNumber_Octagon_splitClauses_0":["5"],
"generatedPredicateNumber_Random_splitClauses_1":["10800000"],
"clauseNumberAfterSimplification_RelationalEqs_splitClauses_0":["23"],
"labeledBinaryVariableTemplatesNumber_Term_splitClauses_0":["13"],
"minedSingleVariableTemplatesNumber_RelationalEqs_splitClauses_0":["53"],
"minedTemplateNumber_Mined_splitClauses_0":["66"],
"averagePredicateSize_Octagon_splitClauses_0":["10800000"],
"unlabeledBinaryVariableTemplatesNumber_Empty_splitClauses_1":["252"],
"relationSymbolNumber_Unlabeled_splitClauses_0":["35"],
"unlabeledSingleVariableTemplatesNumber_PredictedCDHG_splitClauses_0":["153"],
"unlabeledSingleVariableTemplatesNumber_PredictedCG_splitClauses_1":["153"],
"labeledTemplateRelationSymbolNumber_Labeled_splitClauses_1":["5"],
"minedTemplateRelationSymbolNumber_Random_splitClauses_0":["8"],
"unlabeledTemplateRelationSymbolNumber_PredictedCG_splitClauses_0":["8"],
"unlabeledTemplateNumber_RelationalIneqs_splitClauses_0":["405"],
"unlabeledSingleVariableTemplatesNumber_Labeled_splitClauses_0":["153"],
"minedTemplateNumber_Unlabeled_splitClauses_1":["66"],
"generatedPredicateNumber_PredictedCG_splitClauses_0":["10800000"],
"labeledTemplateNumber_Unlabeled_splitClauses_1":["14"],
"unlabeledTemplateRelationSymbolNumber_Empty_splitClauses_1":["8"],
"clauseNumberBeforeSimplification_Empty_splitClauses_0":["59"],
"solvingTime_Octagon_splitClauses_1":["10800000"],
"cegarIterationNumber_Mined_splitClauses_1":["8"],
"clauseNumberBeforeSimplification_Mined_splitClauses_1":["59"],
"smt2FileSizeByte_PredictedCDHG_splitClauses_0":["34869"],
"averagePredicateSize_PredictedCG_splitClauses_0":["10800000"],
"solvingTime_Random_splitClauses_0":["10800000"],
"minedTemplateNumber_RelationalEqs_splitClauses_0":["66"],
"unlabeledSingleVariableTemplatesNumber_RelationalIneqs_splitClauses_0":["153"],
"unlabeledTemplateNumber_Unlabeled_splitClauses_1":["405"],
"labeledBinaryVariableTemplatesNumber_RelationalEqs_splitClauses_0":["13"],
"generatedPredicateNumber_PredictedCDHG_splitClauses_0":["10800000"],
"minedTemplateRelationSymbolNumber_Empty_splitClauses_1":["8"],
"predicateGeneratorTime_Random_splitClauses_1":["10800000"],
"labeledTemplateNumber_Term_splitClauses_1":["14"],
"minedSingleVariableTemplatesNumber_Empty_splitClauses_1":["53"],
"minedSingleVariableTemplatesNumber_RelationalIneqs_splitClauses_0":["53"],
"clauseNumberAfterSimplification_All_splitClauses_0":["23"],
"unlabeledBinaryVariableTemplatesNumber_RelationalEqs_splitClauses_0":["252"],
"cegarIterationNumber_RelationalEqs_splitClauses_0":["10800000"],
"labeledTemplateRelationSymbolNumber_PredictedCDHG_splitClauses_0":["5"],
"labeledSingleVariableTemplatesNumber_Labeled_splitClauses_1":["1"],
"unlabeledBinaryVariableTemplatesNumber_All_splitClauses_1":["252"],
"minedTemplateRelationSymbolNumber_Unlabeled_splitClauses_1":["8"],
"solvingTime_RelationalEqs_splitClauses_0":["10800000"],
"solvingTime_RelationalEqs_splitClauses_1":["10800000"],
"minedBinaryVariableTemplatesNumber_Mined_splitClauses_0":["13"],
"clauseNumberBeforeSimplification_All_splitClauses_0":["59"],
"clauseNumberBeforeSimplification_RelationalIneqs_splitClauses_1":["59"],
"labeledTemplateNumber_RelationalEqs_splitClauses_1":["14"],
"labeledBinaryVariableTemplatesNumber_RelationalIneqs_splitClauses_0":["13"],
"clauseNumberAfterSimplification_Empty_splitClauses_0":["23"],
"averagePredicateSize_Empty_splitClauses_0":["10800000"],
"relationSymbolNumber_PredictedCG_splitClauses_1":["35"],
"unlabeledTemplateNumber_Term_splitClauses_1":["405"],
"predicateGeneratorTime_Mined_splitClauses_1":["356"],
"relationSymbolNumber_Mined_splitClauses_0":["35"],
"labeledBinaryVariableTemplatesNumber_RelationalIneqs_splitClauses_1":["13"],
"predicateGeneratorTime_Unlabeled_splitClauses_0":["10800000"],
"generatedPredicateNumber_Mined_splitClauses_0":["10800000"],
"generatedPredicateNumber_RelationalEqs_splitClauses_1":["10800000"],
"labeledTemplateRelationSymbolNumber_PredictedCG_splitClauses_0":["5"],
"minedSingleVariableTemplatesNumber_PredictedCG_splitClauses_1":["53"],
"minedTemplateRelationSymbolNumber_PredictedCG_splitClauses_0":["8"],
"unlabeledTemplateRelationSymbolNumber_Labeled_splitClauses_0":["8"],
"solvability_Empty_splitClauses_1":["10800000"],
"averagePredicateSize_Term_splitClauses_0":["10800000"],
"cegarIterationNumber_Random_splitClauses_1":["10800000"],
"relationSymbolNumber_All_splitClauses_1":["35"],
"averagePredicateSize_Labeled_splitClauses_1":["10800000"],
"unlabeledBinaryVariableTemplatesNumber_Unlabeled_splitClauses_0":["252"],
"generatedPredicateNumber_Unlabeled_splitClauses_1":["10800000"],
"predicateGeneratorTime_All_splitClauses_0":["10800000"],
"unlabeledBinaryVariableTemplatesNumber_PredictedCDHG_splitClauses_1":["252"],
"clauseNumberBeforeSimplification_Labeled_splitClauses_1":["59"],
"minedBinaryVariableTemplatesNumber_Labeled_splitClauses_1":["13"],
"labeledSingleVariableTemplatesNumber_All_splitClauses_0":["1"],
"unlabeledTemplateRelationSymbolNumber_Mined_splitClauses_0":["8"],
"cegarIterationNumber_Octagon_splitClauses_1":["10800000"],
"labeledTemplateNumber_Octagon_splitClauses_0":["14"],
"labeledTemplateRelationSymbolNumber_All_splitClauses_1":["5"],
"smt2FileSizeByte_Empty_splitClauses_0":["34869"],
"relationSymbolNumber_RelationalIneqs_splitClauses_1":["35"],
"unlabeledTemplateNumber_Octagon_splitClauses_1":["405"],
"predicateGeneratorTime_RelationalEqs_splitClauses_0":["10800000"],
"unlabeledTemplateRelationSymbolNumber_RelationalIneqs_splitClauses_0":["8"],
"smt2FileSizeByte_RelationalEqs_splitClauses_1":["34869"],
"unlabeledTemplateNumber_Labeled_splitClauses_0":["405"],
"relationSymbolNumber_Random_splitClauses_1":["35"],
"minedSingleVariableTemplatesNumber_Labeled_splitClauses_0":["53"],
"solvingTime_PredictedCDHG_splitClauses_1":["10800000"],
"minedTemplateNumber_Octagon_splitClauses_1":["66"],
"clauseNumberBeforeSimplification_Mined_splitClauses_0":["59"],
"smt2FileSizeByte_All_splitClauses_0":["34869"],
"solvingTime_All_splitClauses_0":["10800000"],
"minedBinaryVariableTemplatesNumber_Term_splitClauses_1":["13"],
"unlabeledTemplateRelationSymbolNumber_Random_splitClauses_0":["8"],
"cegarIterationNumber_All_splitClauses_0":["10800000"],
"smt2FileSizeByte_RelationalEqs_splitClauses_0":["34869"],
"unlabeledSingleVariableTemplatesNumber_PredictedCDHG_splitClauses_1":["153"],
"clauseNumberBeforeSimplification_Labeled_splitClauses_0":["59"],
"cegarIterationNumber_PredictedCG_splitClauses_1":["10800000"],
"labeledTemplateRelationSymbolNumber_Unlabeled_splitClauses_0":["5"],
"unlabeledTemplateRelationSymbolNumber_Octagon_splitClauses_1":["8"],
"unlabeledTemplateNumber_Empty_splitClauses_1":["405"],
"clauseNumberBeforeSimplification_Octagon_splitClauses_1":["59"],
"labeledTemplateNumber_Unlabeled_splitClauses_0":["14"],
"labeledBinaryVariableTemplatesNumber_PredictedCG_splitClauses_0":["13"],
"solvability_Term_splitClauses_1":["10800000"],
"solvability_Octagon_splitClauses_0":["10800000"],
"minedTemplateRelationSymbolNumber_RelationalIneqs_splitClauses_0":["8"],
"clauseNumberBeforeSimplification_RelationalIneqs_splitClauses_0":["59"],
"labeledTemplateNumber_PredictedCG_splitClauses_0":["14"],
"cegarIterationNumber_Labeled_splitClauses_0":["10800000"],
"smt2FileSizeByte_Labeled_splitClauses_1":["34869"],
"clauseNumberBeforeSimplification_Unlabeled_splitClauses_1":["59"],
"generatedPredicateNumber_Term_splitClauses_1":["10800000"],
"solvingTime_Term_splitClauses_1":["10800000"],
"unlabeledBinaryVariableTemplatesNumber_Random_splitClauses_1":["252"],
"unlabeledSingleVariableTemplatesNumber_Octagon_splitClauses_0":["153"],
"solvingTime_Octagon_splitClauses_0":["10800000"],
"labeledSingleVariableTemplatesNumber_Mined_splitClauses_1":["1"],
"averagePredicateSize_Term_splitClauses_1":["10800000"],
"labeledTemplateNumber_Labeled_splitClauses_0":["14"],
"unlabeledSingleVariableTemplatesNumber_PredictedCG_splitClauses_0":["153"],
"smt2FileSizeByte_Mined_splitClauses_1":["34869"],
"labeledBinaryVariableTemplatesNumber_Unlabeled_splitClauses_1":["13"],
"labeledTemplateNumber_All_splitClauses_0":["14"],
"unlabeledTemplateNumber_Random_splitClauses_0":["405"],
"labeledTemplateNumber_Octagon_splitClauses_1":["14"],
"unlabeledTemplateNumber_PredictedCDHG_splitClauses_1":["405"],
"unlabeledBinaryVariableTemplatesNumber_Mined_splitClauses_0":["252"],
"minedTemplateRelationSymbolNumber_Mined_splitClauses_1":["8"],
"labeledTemplateNumber_RelationalIneqs_splitClauses_1":["14"],
"solvability_Term_splitClauses_0":["10800000"],
"relationSymbolNumber_Octagon_splitClauses_0":["35"],
"clauseNumberBeforeSimplification_PredictedCG_splitClauses_1":["59"],
"generatedPredicateNumber_Labeled_splitClauses_1":["10800000"],
"labeledSingleVariableTemplatesNumber_Unlabeled_splitClauses_0":["1"],
"unlabeledBinaryVariableTemplatesNumber_Empty_splitClauses_0":["252"],
"solvingTime_Mined_splitClauses_0":["10800000"],
"unlabeledTemplateNumber_All_splitClauses_1":["405"],
"clauseNumberAfterSimplification_Random_splitClauses_1":["23"],
"labeledBinaryVariableTemplatesNumber_Octagon_splitClauses_1":["13"],
"unlabeledBinaryVariableTemplatesNumber_Labeled_splitClauses_0":["252"],
"smt2FileSizeByte_Octagon_splitClauses_0":["34869"],
"labeledSingleVariableTemplatesNumber_Random_splitClauses_1":["1"],
"solvability_Unlabeled_splitClauses_0":["10800000"],
"solvingTime_Unlabeled_splitClauses_0":["10800000"],
"unlabeledTemplateRelationSymbolNumber_All_splitClauses_1":["8"],
"minedTemplateNumber_Empty_splitClauses_1":["66"],
"solvability_RelationalIneqs_splitClauses_0":["10800000"],
"unlabeledTemplateRelationSymbolNumber_Labeled_splitClauses_1":["8"],
"cegarIterationNumber_RelationalEqs_splitClauses_1":["10800000"],
"minedSingleVariableTemplatesNumber_RelationalEqs_splitClauses_1":["53"],
"clauseNumberAfterSimplification_PredictedCDHG_splitClauses_1":["23"],
"minedBinaryVariableTemplatesNumber_RelationalIneqs_splitClauses_1":["13"],
"unlabeledBinaryVariableTemplatesNumber_Mined_splitClauses_1":["252"],
"unlabeledBinaryVariableTemplatesNumber_PredictedCDHG_splitClauses_0":["252"],
"solvingTime_Empty_splitClauses_1":["10800000"],
"labeledTemplateRelationSymbolNumber_Empty_splitClauses_1":["5"],
"generatedPredicateNumber_Term_splitClauses_0":["10800000"],
"averagePredicateSize_Empty_splitClauses_1":["10800000"],
"generatedPredicateNumber_PredictedCG_splitClauses_1":["10800000"],
"labeledTemplateRelationSymbolNumber_PredictedCDHG_splitClauses_1":["5"],
"relationSymbolNumber_Mined_splitClauses_1":["35"],
"predicateGeneratorTime_Mined_splitClauses_0":["10800000"],
"predicateGeneratorTime_Labeled_splitClauses_0":["10800000"],
"labeledSingleVariableTemplatesNumber_Random_splitClauses_0":["1"],
"unlabeledTemplateRelationSymbolNumber_All_splitClauses_0":["8"],
"minedBinaryVariableTemplatesNumber_Labeled_splitClauses_0":["13"],
"generatedPredicateNumber_Labeled_splitClauses_0":["10800000"],
"relationSymbolNumber_Empty_splitClauses_0":["35"],
"solvingTime_Mined_splitClauses_1":["554"],
"minedSingleVariableTemplatesNumber_All_splitClauses_1":["53"],
"predicateGeneratorTime_Random_splitClauses_0":["10800000"],
"cegarIterationNumber_Term_splitClauses_1":["10800000"],
"labeledTemplateNumber_Empty_splitClauses_1":["14"],
"clauseNumberAfterSimplification_Empty_splitClauses_1":["23"],
"minedTemplateRelationSymbolNumber_Empty_splitClauses_0":["8"],
"unlabeledSingleVariableTemplatesNumber_Term_splitClauses_0":["153"],
"minedSingleVariableTemplatesNumber_Empty_splitClauses_0":["53"],
"minedTemplateRelationSymbolNumber_RelationalEqs_splitClauses_0":["8"],
"cegarIterationNumber_Empty_splitClauses_0":["10800000"],
"minedBinaryVariableTemplatesNumber_RelationalEqs_splitClauses_1":["13"],
"labeledSingleVariableTemplatesNumber_All_splitClauses_1":["1"],
"unlabeledTemplateRelationSymbolNumber_Octagon_splitClauses_0":["8"],
"minedTemplateRelationSymbolNumber_Unlabeled_splitClauses_0":["8"],
"labeledBinaryVariableTemplatesNumber_Mined_splitClauses_0":["13"],
"minedTemplateNumber_PredictedCG_splitClauses_1":["66"],
"cegarIterationNumber_Empty_splitClauses_1":["10800000"],
"averagePredicateSize_RelationalIneqs_splitClauses_0":["10800000"],
"solvability_All_splitClauses_1":["10800000"],
"unlabeledBinaryVariableTemplatesNumber_Term_splitClauses_1":["252"],
"relationSymbolNumber_PredictedCDHG_splitClauses_0":["35"],
"minedTemplateRelationSymbolNumber_Labeled_splitClauses_1":["8"],
"averagePredicateSize_Unlabeled_splitClauses_1":["10800000"],
"labeledTemplateNumber_Term_splitClauses_0":["14"],
"smt2FileSizeByte_Empty_splitClauses_1":["34869"],
"solvingTime_PredictedCG_splitClauses_0":["10800000"],
"relationSymbolNumber_Term_splitClauses_0":["35"],
"cegarIterationNumber_All_splitClauses_1":["10800000"],
"clauseNumberBeforeSimplification_Term_splitClauses_1":["59"],
"predicateGeneratorTime_Empty_splitClauses_0":["10800000"],
"averagePredicateSize_All_splitClauses_0":["10800000"],
"unlabeledBinaryVariableTemplatesNumber_Random_splitClauses_0":["252"],
"smt2FileSizeByte_Term_splitClauses_0":["34869"],
"averagePredicateSize_Mined_splitClauses_1":["1"],
"minedBinaryVariableTemplatesNumber_Empty_splitClauses_0":["13"],
"minedTemplateRelationSymbolNumber_All_splitClauses_1":["8"],
"labeledSingleVariableTemplatesNumber_PredictedCG_splitClauses_0":["1"],
"unlabeledBinaryVariableTemplatesNumber_RelationalIneqs_splitClauses_0":["252"],
"unlabeledSingleVariableTemplatesNumber_RelationalIneqs_splitClauses_1":["153"],
"clauseNumberAfterSimplification_RelationalIneqs_splitClauses_0":["23"],
"unlabeledTemplateNumber_RelationalEqs_splitClauses_0":["405"],
"unlabeledTemplateNumber_RelationalIneqs_splitClauses_1":["405"],
"labeledTemplateRelationSymbolNumber_PredictedCG_splitClauses_1":["5"],
"labeledTemplateRelationSymbolNumber_All_splitClauses_0":["5"],
"labeledSingleVariableTemplatesNumber_Octagon_splitClauses_0":["1"],
"dummyFiled":[]
}