{
"smt2FileSizeByte_All_splitClauses_1":["415212"],
"generatedPredicateNumber_All_splitClauses_1":["10800000"],
"unlabeledTemplateRelationSymbolNumber_PredictedCDHG_splitClauses_0":["65"],
"relationSymbolNumberBeforeSimplification_Unlabeled_splitClauses_1":["657"],
"predicateGeneratorTime_Term_splitClauses_0":["10800000"],
"averagePredicateSize_Random_splitClauses_1":["1"],
"labeledBinaryVariableTemplatesNumber_Labeled_splitClauses_1":["135"],
"clauseNumberBeforeSimplification_All_splitClauses_1":["329"],
"minedTemplateRelationSymbolNumber_Term_splitClauses_0":["65"],
"solvingTime_Labeled_splitClauses_1":["10117"],
"unlabeledTemplateNumber_Labeled_splitClauses_1":["3665"],
"relationSymbolNumberAfterSimplification_All_splitClauses_1":["1759"],
"minedTemplateRelationSymbolNumber_Octagon_splitClauses_1":["65"],
"clauseNumberAfterSimplification_Mined_splitClauses_1":["880"],
"relationSymbolNumberBeforeSimplification_Octagon_splitClauses_0":["657"],
"unlabeledBinaryVariableTemplatesNumber_Term_splitClauses_0":["2274"],
"labeledTemplateNumber_PredictedCDHG_splitClauses_0":["187"],
"solvability_Empty_splitClauses_0":["10800000"],
"unlabeledTemplateRelationSymbolNumber_Random_splitClauses_1":["65"],
"labeledBinaryVariableTemplatesNumber_Octagon_splitClauses_0":["135"],
"relationSymbolNumberBeforeSimplification_Random_splitClauses_1":["657"],
"minedTemplateRelationSymbolNumber_Random_splitClauses_1":["65"],
"unlabeledSingleVariableTemplatesNumber_Mined_splitClauses_0":["1391"],
"unlabeledBinaryVariableTemplatesNumber_PredictedCG_splitClauses_1":["2274"],
"solvability_All_splitClauses_0":["10800000"],
"predicateGeneratorTime_RelationalEqs_splitClauses_1":["9493"],
"relationSymbolNumberBeforeSimplification_PredictedCDHG_splitClauses_1":["657"],
"smt2FileSizeByte_PredictedCG_splitClauses_1":["415212"],
"labeledSingleVariableTemplatesNumber_Unlabeled_splitClauses_1":["52"],
"labeledBinaryVariableTemplatesNumber_PredictedCG_splitClauses_1":["135"],
"minedBinaryVariableTemplatesNumber_PredictedCG_splitClauses_0":["135"],
"solvability_Random_splitClauses_0":["10800000"],
"relationSymbolNumberAfterSimplification_PredictedCG_splitClauses_1":["1759"],
"clauseNumberBeforeSimplification_PredictedCDHG_splitClauses_1":["329"],
"labeledSingleVariableTemplatesNumber_Mined_splitClauses_0":["52"],
"solvability_Unlabeled_splitClauses_1":["1"],
"cegarIterationNumber_Labeled_splitClauses_1":["41"],
"smt2FileSizeByte_Mined_splitClauses_0":["415212"],
"relationSymbolNumberAfterSimplification_Mined_splitClauses_0":["1759"],
"labeledSingleVariableTemplatesNumber_PredictedCG_splitClauses_1":["52"],
"smt2FileSizeByte_Octagon_splitClauses_1":["415212"],
"minedTemplateNumber_Labeled_splitClauses_1":["642"],
"labeledSingleVariableTemplatesNumber_RelationalIneqs_splitClauses_1":["52"],
"clauseNumberAfterSimplification_Labeled_splitClauses_1":["880"],
"relationSymbolNumberAfterSimplification_Labeled_splitClauses_0":["1759"],
"smt2FileSizeByte_Random_splitClauses_0":["415212"],
"relationSymbolNumberAfterSimplification_PredictedCDHG_splitClauses_0":["1759"],
"unlabeledTemplateRelationSymbolNumber_PredictedCDHG_splitClauses_1":["65"],
"labeledSingleVariableTemplatesNumber_Term_splitClauses_0":["52"],
"generatedPredicateNumber_PredictedCDHG_splitClauses_1":["10800000"],
"minedSingleVariableTemplatesNumber_Unlabeled_splitClauses_0":["507"],
"generatedPredicateNumber_Octagon_splitClauses_1":["541"],
"labeledSingleVariableTemplatesNumber_RelationalEqs_splitClauses_0":["52"],
"predicateGeneratorTime_PredictedCG_splitClauses_1":["10800000"],
"relationSymbolNumberAfterSimplification_Octagon_splitClauses_0":["1759"],
"labeledTemplateNumber_Labeled_splitClauses_1":["187"],
"labeledSingleVariableTemplatesNumber_Empty_splitClauses_0":["52"],
"minedTemplateRelationSymbolNumber_RelationalIneqs_splitClauses_1":["65"],
"unlabeledSingleVariableTemplatesNumber_All_splitClauses_1":["1391"],
"labeledBinaryVariableTemplatesNumber_PredictedCDHG_splitClauses_1":["135"],
"unlabeledSingleVariableTemplatesNumber_RelationalEqs_splitClauses_1":["1391"],
"cegarIterationNumber_Term_splitClauses_0":["10800000"],
"unlabeledBinaryVariableTemplatesNumber_Labeled_splitClauses_1":["2274"],
"unlabeledSingleVariableTemplatesNumber_Term_splitClauses_1":["1391"],
"clauseNumberAfterSimplification_All_splitClauses_1":["880"],
"minedSingleVariableTemplatesNumber_Random_splitClauses_0":["507"],
"solvability_RelationalIneqs_splitClauses_1":["1"],
"minedTemplateNumber_Labeled_splitClauses_0":["642"],
"minedSingleVariableTemplatesNumber_Octagon_splitClauses_0":["507"],
"minedSingleVariableTemplatesNumber_Term_splitClauses_1":["507"],
"minedBinaryVariableTemplatesNumber_PredictedCDHG_splitClauses_1":["135"],
"generatedPredicateNumber_Mined_splitClauses_1":["499"],
"labeledSingleVariableTemplatesNumber_RelationalIneqs_splitClauses_0":["52"],
"averagePredicateSize_Mined_splitClauses_0":["10800000"],
"cegarIterationNumber_Unlabeled_splitClauses_0":["10800000"],
"minedBinaryVariableTemplatesNumber_Random_splitClauses_0":["135"],
"labeledTemplateNumber_Mined_splitClauses_1":["187"],
"labeledBinaryVariableTemplatesNumber_Random_splitClauses_0":["135"],
"unlabeledTemplateRelationSymbolNumber_Unlabeled_splitClauses_1":["65"],
"cegarIterationNumber_Mined_splitClauses_0":["10800000"],
"minedTemplateRelationSymbolNumber_Labeled_splitClauses_0":["65"],
"unlabeledBinaryVariableTemplatesNumber_RelationalIneqs_splitClauses_1":["2274"],
"unlabeledBinaryVariableTemplatesNumber_Octagon_splitClauses_0":["2274"],
"solvability_Mined_splitClauses_0":["10800000"],
"averagePredicateSize_RelationalEqs_splitClauses_0":["10800000"],
"clauseNumberAfterSimplification_Term_splitClauses_0":["880"],
"unlabeledTemplateNumber_Mined_splitClauses_0":["3665"],
"relationSymbolNumberAfterSimplification_Random_splitClauses_1":["1759"],
"unlabeledTemplateNumber_PredictedCDHG_splitClauses_0":["3665"],
"cegarIterationNumber_RelationalIneqs_splitClauses_1":["45"],
"minedBinaryVariableTemplatesNumber_Unlabeled_splitClauses_1":["135"],
"labeledTemplateNumber_PredictedCG_splitClauses_1":["187"],
"labeledTemplateRelationSymbolNumber_Mined_splitClauses_0":["29"],
"labeledBinaryVariableTemplatesNumber_Mined_splitClauses_1":["135"],
"relationSymbolNumberBeforeSimplification_Mined_splitClauses_0":["657"],
"relationSymbolNumberBeforeSimplification_RelationalIneqs_splitClauses_0":["657"],
"clauseNumberAfterSimplification_RelationalIneqs_splitClauses_1":["880"],
"minedSingleVariableTemplatesNumber_PredictedCDHG_splitClauses_0":["507"],
"solvability_Labeled_splitClauses_1":["1"],
"labeledSingleVariableTemplatesNumber_Octagon_splitClauses_1":["52"],
"averagePredicateSize_Random_splitClauses_0":["10800000"],
"smt2FileSizeByte_RelationalIneqs_splitClauses_0":["415212"],
"generatedPredicateNumber_Unlabeled_splitClauses_0":["10800000"],
"solvability_RelationalEqs_splitClauses_0":["10800000"],
"predicateGeneratorTime_Empty_splitClauses_1":["2391"],
"minedSingleVariableTemplatesNumber_Mined_splitClauses_0":["507"],
"relationSymbolNumberAfterSimplification_Unlabeled_splitClauses_0":["1759"],
"minedTemplateRelationSymbolNumber_PredictedCDHG_splitClauses_1":["65"],
"minedTemplateNumber_PredictedCG_splitClauses_0":["642"],
"averagePredicateSize_RelationalIneqs_splitClauses_1":["1"],
"labeledTemplateRelationSymbolNumber_Random_splitClauses_1":["29"],
"minedTemplateNumber_RelationalIneqs_splitClauses_0":["642"],
"predicateGeneratorTime_RelationalIneqs_splitClauses_0":["10800000"],
"labeledTemplateRelationSymbolNumber_Empty_splitClauses_0":["29"],
"minedBinaryVariableTemplatesNumber_Octagon_splitClauses_0":["135"],
"labeledSingleVariableTemplatesNumber_Term_splitClauses_1":["52"],
"labeledBinaryVariableTemplatesNumber_Empty_splitClauses_0":["135"],
"minedTemplateNumber_Octagon_splitClauses_0":["642"],
"labeledBinaryVariableTemplatesNumber_Unlabeled_splitClauses_0":["135"],
"relationSymbolNumberBeforeSimplification_Empty_splitClauses_0":["657"],
"clauseNumberAfterSimplification_PredictedCDHG_splitClauses_0":["880"],
"smt2FileSizeByte_PredictedCG_splitClauses_0":["415212"],
"minedBinaryVariableTemplatesNumber_RelationalEqs_splitClauses_0":["135"],
"relationSymbolNumberBeforeSimplification_Unlabeled_splitClauses_0":["657"],
"labeledTemplateRelationSymbolNumber_RelationalEqs_splitClauses_1":["29"],
"minedBinaryVariableTemplatesNumber_Random_splitClauses_1":["135"],
"clauseNumberAfterSimplification_Unlabeled_splitClauses_1":["880"],
"minedSingleVariableTemplatesNumber_PredictedCDHG_splitClauses_1":["507"],
"labeledBinaryVariableTemplatesNumber_Term_splitClauses_1":["135"],
"clauseNumberBeforeSimplification_Empty_splitClauses_1":["329"],
"relationSymbolNumberAfterSimplification_Octagon_splitClauses_1":["1759"],
"relationSymbolNumberAfterSimplification_Term_splitClauses_0":["1759"],
"minedBinaryVariableTemplatesNumber_Mined_splitClauses_1":["135"],
"unlabeledBinaryVariableTemplatesNumber_Unlabeled_splitClauses_1":["2274"],
"relationSymbolNumberBeforeSimplification_Random_splitClauses_0":["657"],
"relationSymbolNumberAfterSimplification_PredictedCDHG_splitClauses_1":["1759"],
"unlabeledTemplateNumber_PredictedCG_splitClauses_1":["3665"],
"generatedPredicateNumber_Empty_splitClauses_0":["10800000"],
"predicateGeneratorTime_RelationalIneqs_splitClauses_1":["11509"],
"unlabeledSingleVariableTemplatesNumber_Empty_splitClauses_0":["1391"],
"cegarIterationNumber_Octagon_splitClauses_0":["10800000"],
"clauseNumberAfterSimplification_Octagon_splitClauses_1":["880"],
"unlabeledSingleVariableTemplatesNumber_Labeled_splitClauses_1":["1391"],
"clauseNumberBeforeSimplification_Random_splitClauses_1":["329"],
"minedTemplateRelationSymbolNumber_All_splitClauses_0":["65"],
"unlabeledTemplateRelationSymbolNumber_RelationalEqs_splitClauses_0":["65"],
"minedSingleVariableTemplatesNumber_Unlabeled_splitClauses_1":["507"],
"clauseNumberBeforeSimplification_RelationalEqs_splitClauses_0":["329"],
"minedTemplateNumber_Unlabeled_splitClauses_0":["642"],
"generatedPredicateNumber_Octagon_splitClauses_0":["10800000"],
"predicateGeneratorTime_PredictedCDHG_splitClauses_0":["10800000"],
"clauseNumberAfterSimplification_PredictedCG_splitClauses_1":["880"],
"labeledSingleVariableTemplatesNumber_RelationalEqs_splitClauses_1":["52"],
"smt2FileSizeByte_Random_splitClauses_1":["415212"],
"averagePredicateSize_PredictedCG_splitClauses_1":["10800000"],
"cegarIterationNumber_PredictedCDHG_splitClauses_1":["10800000"],
"clauseNumberAfterSimplification_RelationalEqs_splitClauses_1":["880"],
"minedBinaryVariableTemplatesNumber_Empty_splitClauses_1":["135"],
"relationSymbolNumberAfterSimplification_RelationalEqs_splitClauses_1":["1759"],
"minedTemplateNumber_PredictedCDHG_splitClauses_0":["642"],
"labeledBinaryVariableTemplatesNumber_All_splitClauses_1":["135"],
"solvingTime_RelationalIneqs_splitClauses_1":["18715"],
"unlabeledTemplateRelationSymbolNumber_RelationalEqs_splitClauses_1":["65"],
"smt2FileSizeByte_Unlabeled_splitClauses_0":["415212"],
"relationSymbolNumberBeforeSimplification_Mined_splitClauses_1":["657"],
"relationSymbolNumberAfterSimplification_Mined_splitClauses_1":["1759"],
"generatedPredicateNumber_All_splitClauses_0":["10800000"],
"relationSymbolNumberBeforeSimplification_Octagon_splitClauses_1":["657"],
"predicateGeneratorTime_Octagon_splitClauses_1":["8144"],
"solvability_Mined_splitClauses_1":["1"],
"minedTemplateRelationSymbolNumber_Term_splitClauses_1":["65"],
"clauseNumberAfterSimplification_Mined_splitClauses_0":["880"],
"solvability_PredictedCDHG_splitClauses_0":["10800000"],
"solvingTime_Empty_splitClauses_0":["10800000"],
"unlabeledSingleVariableTemplatesNumber_Unlabeled_splitClauses_1":["1391"],
"minedTemplateNumber_Term_splitClauses_1":["642"],
"averagePredicateSize_Octagon_splitClauses_1":["1"],
"unlabeledSingleVariableTemplatesNumber_Octagon_splitClauses_1":["1391"],
"minedTemplateRelationSymbolNumber_RelationalEqs_splitClauses_1":["65"],
"relationSymbolNumberBeforeSimplification_All_splitClauses_1":["657"],
"minedBinaryVariableTemplatesNumber_RelationalIneqs_splitClauses_0":["135"],
"predicateGeneratorTime_Term_splitClauses_1":["2844"],
"solvingTime_Labeled_splitClauses_0":["10800000"],
"unlabeledBinaryVariableTemplatesNumber_PredictedCG_splitClauses_0":["2274"],
"minedTemplateNumber_All_splitClauses_0":["642"],
"predicateGeneratorTime_Labeled_splitClauses_1":["3795"],
"unlabeledTemplateRelationSymbolNumber_Empty_splitClauses_0":["65"],
"unlabeledTemplateNumber_Mined_splitClauses_1":["3665"],
"solvability_PredictedCG_splitClauses_1":["10800000"],
"unlabeledTemplateNumber_Term_splitClauses_0":["3665"],
"minedBinaryVariableTemplatesNumber_PredictedCG_splitClauses_1":["135"],
"labeledSingleVariableTemplatesNumber_PredictedCDHG_splitClauses_0":["52"],
"minedBinaryVariableTemplatesNumber_All_splitClauses_0":["135"],
"averagePredicateSize_PredictedCDHG_splitClauses_1":["10800000"],
"predicateGeneratorTime_PredictedCG_splitClauses_0":["10800000"],
"generatedPredicateNumber_RelationalIneqs_splitClauses_0":["10800000"],
"labeledTemplateNumber_Empty_splitClauses_0":["187"],
"relationSymbolNumberAfterSimplification_RelationalIneqs_splitClauses_1":["1759"],
"unlabeledTemplateRelationSymbolNumber_Term_splitClauses_0":["65"],
"minedTemplateNumber_All_splitClauses_1":["642"],
"labeledSingleVariableTemplatesNumber_Empty_splitClauses_1":["52"],
"minedBinaryVariableTemplatesNumber_Unlabeled_splitClauses_0":["135"],
"labeledTemplateNumber_Random_splitClauses_0":["187"],
"minedBinaryVariableTemplatesNumber_All_splitClauses_1":["135"],
"unlabeledSingleVariableTemplatesNumber_All_splitClauses_0":["1391"],
"relationSymbolNumberBeforeSimplification_Labeled_splitClauses_1":["657"],
"smt2FileSizeByte_PredictedCDHG_splitClauses_1":["415212"],
"labeledBinaryVariableTemplatesNumber_PredictedCDHG_splitClauses_0":["135"],
"averagePredicateSize_RelationalEqs_splitClauses_1":["1"],
"minedSingleVariableTemplatesNumber_Term_splitClauses_0":["507"],
"labeledTemplateRelationSymbolNumber_Term_splitClauses_1":["29"],
"generatedPredicateNumber_Random_splitClauses_0":["10800000"],
"labeledBinaryVariableTemplatesNumber_Empty_splitClauses_1":["135"],
"relationSymbolNumberAfterSimplification_Term_splitClauses_1":["1759"],
"clauseNumberAfterSimplification_Labeled_splitClauses_0":["880"],
"labeledSingleVariableTemplatesNumber_Labeled_splitClauses_0":["52"],
"minedTemplateNumber_Mined_splitClauses_1":["642"],
"labeledTemplateRelationSymbolNumber_Labeled_splitClauses_0":["29"],
"unlabeledTemplateRelationSymbolNumber_Mined_splitClauses_1":["65"],
"solvability_Labeled_splitClauses_0":["10800000"],
"minedTemplateNumber_RelationalEqs_splitClauses_1":["642"],
"solvingTime_Random_splitClauses_1":["8762"],
"minedTemplateNumber_Random_splitClauses_0":["642"],
"cegarIterationNumber_Unlabeled_splitClauses_1":["39"],
"minedTemplateNumber_RelationalIneqs_splitClauses_1":["642"],
"unlabeledBinaryVariableTemplatesNumber_Octagon_splitClauses_1":["2274"],
"minedSingleVariableTemplatesNumber_Octagon_splitClauses_1":["507"],
"minedSingleVariableTemplatesNumber_Random_splitClauses_1":["507"],
"averagePredicateSize_All_splitClauses_1":["10800000"],
"minedTemplateNumber_Empty_splitClauses_0":["642"],
"labeledTemplateNumber_Mined_splitClauses_0":["187"],
"unlabeledBinaryVariableTemplatesNumber_All_splitClauses_0":["2274"],
"relationSymbolNumberAfterSimplification_Labeled_splitClauses_1":["1759"],
"labeledSingleVariableTemplatesNumber_PredictedCDHG_splitClauses_1":["52"],
"minedSingleVariableTemplatesNumber_Mined_splitClauses_1":["507"],
"labeledTemplateRelationSymbolNumber_Term_splitClauses_0":["29"],
"unlabeledTemplateRelationSymbolNumber_Term_splitClauses_1":["65"],
"predicateGeneratorTime_All_splitClauses_1":["10800000"],
"unlabeledSingleVariableTemplatesNumber_Random_splitClauses_0":["1391"],
"predicateGeneratorTime_Unlabeled_splitClauses_1":["5190"],
"cegarIterationNumber_PredictedCDHG_splitClauses_0":["10800000"],
"labeledTemplateNumber_RelationalEqs_splitClauses_0":["187"],
"labeledTemplateRelationSymbolNumber_Mined_splitClauses_1":["29"],
"labeledTemplateRelationSymbolNumber_Random_splitClauses_0":["29"],
"labeledBinaryVariableTemplatesNumber_RelationalEqs_splitClauses_1":["135"],
"generatedPredicateNumber_RelationalIneqs_splitClauses_1":["535"],
"unlabeledTemplateRelationSymbolNumber_PredictedCG_splitClauses_1":["65"],
"unlabeledSingleVariableTemplatesNumber_RelationalEqs_splitClauses_0":["1391"],
"labeledBinaryVariableTemplatesNumber_Labeled_splitClauses_0":["135"],
"minedBinaryVariableTemplatesNumber_PredictedCDHG_splitClauses_0":["135"],
"unlabeledTemplateRelationSymbolNumber_Unlabeled_splitClauses_0":["65"],
"clauseNumberAfterSimplification_Term_splitClauses_1":["880"],
"unlabeledTemplateNumber_Octagon_splitClauses_0":["3665"],
"unlabeledBinaryVariableTemplatesNumber_RelationalEqs_splitClauses_1":["2274"],
"unlabeledTemplateNumber_PredictedCG_splitClauses_0":["3665"],
"unlabeledTemplateNumber_All_splitClauses_0":["3665"],
"labeledTemplateRelationSymbolNumber_RelationalIneqs_splitClauses_1":["29"],
"unlabeledSingleVariableTemplatesNumber_Mined_splitClauses_1":["1391"],
"labeledTemplateRelationSymbolNumber_Unlabeled_splitClauses_1":["29"],
"labeledBinaryVariableTemplatesNumber_Random_splitClauses_1":["135"],
"solvability_Random_splitClauses_1":["1"],
"solvingTime_Term_splitClauses_0":["10800000"],
"minedSingleVariableTemplatesNumber_Labeled_splitClauses_1":["507"],
"clauseNumberBeforeSimplification_Term_splitClauses_0":["329"],
"relationSymbolNumberBeforeSimplification_RelationalIneqs_splitClauses_1":["657"],
"minedTemplateRelationSymbolNumber_Mined_splitClauses_0":["65"],
"solvability_Octagon_splitClauses_1":["1"],
"minedSingleVariableTemplatesNumber_RelationalIneqs_splitClauses_1":["507"],
"smt2FileSizeByte_Labeled_splitClauses_0":["415212"],
"solvability_RelationalEqs_splitClauses_1":["1"],
"unlabeledSingleVariableTemplatesNumber_Empty_splitClauses_1":["1391"],
"labeledTemplateNumber_PredictedCDHG_splitClauses_1":["187"],
"minedTemplateRelationSymbolNumber_Octagon_splitClauses_0":["65"],
"clauseNumberAfterSimplification_Unlabeled_splitClauses_0":["880"],
"clauseNumberBeforeSimplification_Unlabeled_splitClauses_0":["329"],
"clauseNumberBeforeSimplification_PredictedCDHG_splitClauses_0":["329"],
"cegarIterationNumber_RelationalIneqs_splitClauses_0":["10800000"],
"labeledTemplateRelationSymbolNumber_RelationalEqs_splitClauses_0":["29"],
"averagePredicateSize_Labeled_splitClauses_0":["10800000"],
"smt2FileSizeByte_RelationalIneqs_splitClauses_1":["415212"],
"clauseNumberBeforeSimplification_RelationalEqs_splitClauses_1":["329"],
"unlabeledTemplateRelationSymbolNumber_RelationalIneqs_splitClauses_1":["65"],
"clauseNumberBeforeSimplification_PredictedCG_splitClauses_0":["329"],
"solvingTime_PredictedCDHG_splitClauses_0":["10800000"],
"labeledTemplateRelationSymbolNumber_Octagon_splitClauses_1":["29"],
"minedTemplateRelationSymbolNumber_PredictedCG_splitClauses_1":["65"],
"relationSymbolNumberBeforeSimplification_RelationalEqs_splitClauses_1":["657"],
"labeledTemplateNumber_Random_splitClauses_1":["187"],
"solvingTime_RelationalIneqs_splitClauses_0":["10800000"],
"labeledTemplateNumber_All_splitClauses_1":["187"],
"unlabeledTemplateNumber_Random_splitClauses_1":["3665"],
"relationSymbolNumberBeforeSimplification_All_splitClauses_0":["657"],
"smt2FileSizeByte_Unlabeled_splitClauses_1":["415212"],
"cegarIterationNumber_PredictedCG_splitClauses_0":["10800000"],
"predicateGeneratorTime_Octagon_splitClauses_0":["10800000"],
"unlabeledTemplateNumber_RelationalEqs_splitClauses_1":["3665"],
"clauseNumberAfterSimplification_Octagon_splitClauses_0":["880"],
"cegarIterationNumber_Random_splitClauses_0":["10800000"],
"solvability_PredictedCDHG_splitClauses_1":["10800000"],
"solvability_PredictedCG_splitClauses_0":["10800000"],
"solvingTime_PredictedCG_splitClauses_1":["10800000"],
"unlabeledSingleVariableTemplatesNumber_Unlabeled_splitClauses_0":["1391"],
"unlabeledTemplateNumber_Unlabeled_splitClauses_0":["3665"],
"labeledTemplateRelationSymbolNumber_RelationalIneqs_splitClauses_0":["29"],
"minedTemplateNumber_Random_splitClauses_1":["642"],
"generatedPredicateNumber_RelationalEqs_splitClauses_0":["10800000"],
"minedTemplateNumber_Term_splitClauses_0":["642"],
"solvingTime_All_splitClauses_1":["10800000"],
"minedSingleVariableTemplatesNumber_PredictedCG_splitClauses_0":["507"],
"smt2FileSizeByte_Term_splitClauses_1":["415212"],
"labeledBinaryVariableTemplatesNumber_All_splitClauses_0":["135"],
"minedTemplateNumber_PredictedCDHG_splitClauses_1":["642"],
"minedTemplateRelationSymbolNumber_PredictedCDHG_splitClauses_0":["65"],
"averagePredicateSize_Unlabeled_splitClauses_0":["10800000"],
"minedBinaryVariableTemplatesNumber_Octagon_splitClauses_1":["135"],
"unlabeledSingleVariableTemplatesNumber_Random_splitClauses_1":["1391"],
"clauseNumberBeforeSimplification_Random_splitClauses_0":["329"],
"solvingTime_Unlabeled_splitClauses_1":["10506"],
"predicateGeneratorTime_PredictedCDHG_splitClauses_1":["10800000"],
"averagePredicateSize_PredictedCDHG_splitClauses_0":["10800000"],
"relationSymbolNumberAfterSimplification_RelationalEqs_splitClauses_0":["1759"],
"minedBinaryVariableTemplatesNumber_Term_splitClauses_0":["135"],
"labeledTemplateNumber_RelationalIneqs_splitClauses_0":["187"],
"clauseNumberAfterSimplification_Random_splitClauses_0":["880"],
"clauseNumberAfterSimplification_PredictedCG_splitClauses_0":["880"],
"generatedPredicateNumber_Empty_splitClauses_1":["509"],
"clauseNumberBeforeSimplification_Octagon_splitClauses_0":["329"],
"unlabeledTemplateNumber_Empty_splitClauses_0":["3665"],
"minedSingleVariableTemplatesNumber_All_splitClauses_0":["507"],
"labeledTemplateRelationSymbolNumber_Octagon_splitClauses_0":["29"],
"generatedPredicateNumber_Random_splitClauses_1":["496"],
"clauseNumberAfterSimplification_RelationalEqs_splitClauses_0":["880"],
"labeledBinaryVariableTemplatesNumber_Term_splitClauses_0":["135"],
"minedSingleVariableTemplatesNumber_RelationalEqs_splitClauses_0":["507"],
"minedTemplateNumber_Mined_splitClauses_0":["642"],
"relationSymbolNumberBeforeSimplification_PredictedCG_splitClauses_0":["657"],
"averagePredicateSize_Octagon_splitClauses_0":["10800000"],
"unlabeledBinaryVariableTemplatesNumber_Empty_splitClauses_1":["2274"],
"unlabeledSingleVariableTemplatesNumber_PredictedCDHG_splitClauses_0":["1391"],
"unlabeledSingleVariableTemplatesNumber_PredictedCG_splitClauses_1":["1391"],
"labeledTemplateRelationSymbolNumber_Labeled_splitClauses_1":["29"],
"minedTemplateRelationSymbolNumber_Random_splitClauses_0":["65"],
"unlabeledTemplateRelationSymbolNumber_PredictedCG_splitClauses_0":["65"],
"unlabeledTemplateNumber_RelationalIneqs_splitClauses_0":["3665"],
"unlabeledSingleVariableTemplatesNumber_Labeled_splitClauses_0":["1391"],
"relationSymbolNumberAfterSimplification_PredictedCG_splitClauses_0":["1759"],
"minedTemplateNumber_Unlabeled_splitClauses_1":["642"],
"generatedPredicateNumber_PredictedCG_splitClauses_0":["10800000"],
"labeledTemplateNumber_Unlabeled_splitClauses_1":["187"],
"unlabeledTemplateRelationSymbolNumber_Empty_splitClauses_1":["65"],
"clauseNumberBeforeSimplification_Empty_splitClauses_0":["329"],
"solvingTime_Octagon_splitClauses_1":["14821"],
"cegarIterationNumber_Mined_splitClauses_1":["41"],
"clauseNumberBeforeSimplification_Mined_splitClauses_1":["329"],
"smt2FileSizeByte_PredictedCDHG_splitClauses_0":["415212"],
"averagePredicateSize_PredictedCG_splitClauses_0":["10800000"],
"solvingTime_Random_splitClauses_0":["10800000"],
"minedTemplateNumber_RelationalEqs_splitClauses_0":["642"],
"unlabeledSingleVariableTemplatesNumber_RelationalIneqs_splitClauses_0":["1391"],
"unlabeledTemplateNumber_Unlabeled_splitClauses_1":["3665"],
"labeledBinaryVariableTemplatesNumber_RelationalEqs_splitClauses_0":["135"],
"generatedPredicateNumber_PredictedCDHG_splitClauses_0":["10800000"],
"relationSymbolNumberAfterSimplification_RelationalIneqs_splitClauses_0":["1759"],
"minedTemplateRelationSymbolNumber_Empty_splitClauses_1":["65"],
"predicateGeneratorTime_Random_splitClauses_1":["2892"],
"labeledTemplateNumber_Term_splitClauses_1":["187"],
"relationSymbolNumberBeforeSimplification_RelationalEqs_splitClauses_0":["657"],
"minedSingleVariableTemplatesNumber_Empty_splitClauses_1":["507"],
"minedSingleVariableTemplatesNumber_RelationalIneqs_splitClauses_0":["507"],
"clauseNumberAfterSimplification_All_splitClauses_0":["880"],
"unlabeledBinaryVariableTemplatesNumber_RelationalEqs_splitClauses_0":["2274"],
"cegarIterationNumber_RelationalEqs_splitClauses_0":["10800000"],
"labeledTemplateRelationSymbolNumber_PredictedCDHG_splitClauses_0":["29"],
"labeledSingleVariableTemplatesNumber_Labeled_splitClauses_1":["52"],
"unlabeledBinaryVariableTemplatesNumber_All_splitClauses_1":["2274"],
"minedTemplateRelationSymbolNumber_Unlabeled_splitClauses_1":["65"],
"solvingTime_RelationalEqs_splitClauses_0":["10800000"],
"solvingTime_RelationalEqs_splitClauses_1":["17066"],
"minedBinaryVariableTemplatesNumber_Mined_splitClauses_0":["135"],
"clauseNumberBeforeSimplification_All_splitClauses_0":["329"],
"clauseNumberBeforeSimplification_RelationalIneqs_splitClauses_1":["329"],
"labeledTemplateNumber_RelationalEqs_splitClauses_1":["187"],
"labeledBinaryVariableTemplatesNumber_RelationalIneqs_splitClauses_0":["135"],
"relationSymbolNumberBeforeSimplification_Labeled_splitClauses_0":["657"],
"clauseNumberAfterSimplification_Empty_splitClauses_0":["880"],
"averagePredicateSize_Empty_splitClauses_0":["10800000"],
"unlabeledTemplateNumber_Term_splitClauses_1":["3665"],
"predicateGeneratorTime_Mined_splitClauses_1":["3711"],
"labeledBinaryVariableTemplatesNumber_RelationalIneqs_splitClauses_1":["135"],
"predicateGeneratorTime_Unlabeled_splitClauses_0":["10800000"],
"relationSymbolNumberAfterSimplification_Empty_splitClauses_0":["1759"],
"generatedPredicateNumber_Mined_splitClauses_0":["10800000"],
"generatedPredicateNumber_RelationalEqs_splitClauses_1":["543"],
"labeledTemplateRelationSymbolNumber_PredictedCG_splitClauses_0":["29"],
"minedSingleVariableTemplatesNumber_PredictedCG_splitClauses_1":["507"],
"minedTemplateRelationSymbolNumber_PredictedCG_splitClauses_0":["65"],
"unlabeledTemplateRelationSymbolNumber_Labeled_splitClauses_0":["65"],
"solvability_Empty_splitClauses_1":["1"],
"averagePredicateSize_Term_splitClauses_0":["10800000"],
"cegarIterationNumber_Random_splitClauses_1":["39"],
"averagePredicateSize_Labeled_splitClauses_1":["1"],
"unlabeledBinaryVariableTemplatesNumber_Unlabeled_splitClauses_0":["2274"],
"generatedPredicateNumber_Unlabeled_splitClauses_1":["496"],
"predicateGeneratorTime_All_splitClauses_0":["10800000"],
"unlabeledBinaryVariableTemplatesNumber_PredictedCDHG_splitClauses_1":["2274"],
"clauseNumberBeforeSimplification_Labeled_splitClauses_1":["329"],
"minedBinaryVariableTemplatesNumber_Labeled_splitClauses_1":["135"],
"labeledSingleVariableTemplatesNumber_All_splitClauses_0":["52"],
"unlabeledTemplateRelationSymbolNumber_Mined_splitClauses_0":["65"],
"cegarIterationNumber_Octagon_splitClauses_1":["50"],
"labeledTemplateNumber_Octagon_splitClauses_0":["187"],
"labeledTemplateRelationSymbolNumber_All_splitClauses_1":["29"],
"smt2FileSizeByte_Empty_splitClauses_0":["415212"],
"unlabeledTemplateNumber_Octagon_splitClauses_1":["3665"],
"predicateGeneratorTime_RelationalEqs_splitClauses_0":["10800000"],
"unlabeledTemplateRelationSymbolNumber_RelationalIneqs_splitClauses_0":["65"],
"smt2FileSizeByte_RelationalEqs_splitClauses_1":["415212"],
"unlabeledTemplateNumber_Labeled_splitClauses_0":["3665"],
"minedSingleVariableTemplatesNumber_Labeled_splitClauses_0":["507"],
"solvingTime_PredictedCDHG_splitClauses_1":["10800000"],
"relationSymbolNumberBeforeSimplification_Term_splitClauses_1":["657"],
"minedTemplateNumber_Octagon_splitClauses_1":["642"],
"clauseNumberBeforeSimplification_Mined_splitClauses_0":["329"],
"smt2FileSizeByte_All_splitClauses_0":["415212"],
"solvingTime_All_splitClauses_0":["10800000"],
"minedBinaryVariableTemplatesNumber_Term_splitClauses_1":["135"],
"unlabeledTemplateRelationSymbolNumber_Random_splitClauses_0":["65"],
"cegarIterationNumber_All_splitClauses_0":["10800000"],
"smt2FileSizeByte_RelationalEqs_splitClauses_0":["415212"],
"unlabeledSingleVariableTemplatesNumber_PredictedCDHG_splitClauses_1":["1391"],
"clauseNumberBeforeSimplification_Labeled_splitClauses_0":["329"],
"cegarIterationNumber_PredictedCG_splitClauses_1":["10800000"],
"labeledTemplateRelationSymbolNumber_Unlabeled_splitClauses_0":["29"],
"unlabeledTemplateRelationSymbolNumber_Octagon_splitClauses_1":["65"],
"unlabeledTemplateNumber_Empty_splitClauses_1":["3665"],
"clauseNumberBeforeSimplification_Octagon_splitClauses_1":["329"],
"labeledTemplateNumber_Unlabeled_splitClauses_0":["187"],
"labeledBinaryVariableTemplatesNumber_PredictedCG_splitClauses_0":["135"],
"solvability_Term_splitClauses_1":["1"],
"solvability_Octagon_splitClauses_0":["10800000"],
"minedTemplateRelationSymbolNumber_RelationalIneqs_splitClauses_0":["65"],
"clauseNumberBeforeSimplification_RelationalIneqs_splitClauses_0":["329"],
"labeledTemplateNumber_PredictedCG_splitClauses_0":["187"],
"cegarIterationNumber_Labeled_splitClauses_0":["10800000"],
"smt2FileSizeByte_Labeled_splitClauses_1":["415212"],
"clauseNumberBeforeSimplification_Unlabeled_splitClauses_1":["329"],
"generatedPredicateNumber_Term_splitClauses_1":["496"],
"solvingTime_Term_splitClauses_1":["7879"],
"unlabeledBinaryVariableTemplatesNumber_Random_splitClauses_1":["2274"],
"unlabeledSingleVariableTemplatesNumber_Octagon_splitClauses_0":["1391"],
"solvingTime_Octagon_splitClauses_0":["10800000"],
"labeledSingleVariableTemplatesNumber_Mined_splitClauses_1":["52"],
"averagePredicateSize_Term_splitClauses_1":["1"],
"labeledTemplateNumber_Labeled_splitClauses_0":["187"],
"unlabeledSingleVariableTemplatesNumber_PredictedCG_splitClauses_0":["1391"],
"smt2FileSizeByte_Mined_splitClauses_1":["415212"],
"labeledBinaryVariableTemplatesNumber_Unlabeled_splitClauses_1":["135"],
"labeledTemplateNumber_All_splitClauses_0":["187"],
"unlabeledTemplateNumber_Random_splitClauses_0":["3665"],
"labeledTemplateNumber_Octagon_splitClauses_1":["187"],
"unlabeledTemplateNumber_PredictedCDHG_splitClauses_1":["3665"],
"unlabeledBinaryVariableTemplatesNumber_Mined_splitClauses_0":["2274"],
"minedTemplateRelationSymbolNumber_Mined_splitClauses_1":["65"],
"labeledTemplateNumber_RelationalIneqs_splitClauses_1":["187"],
"relationSymbolNumberAfterSimplification_All_splitClauses_0":["1759"],
"relationSymbolNumberBeforeSimplification_PredictedCDHG_splitClauses_0":["657"],
"solvability_Term_splitClauses_0":["10800000"],
"clauseNumberBeforeSimplification_PredictedCG_splitClauses_1":["329"],
"generatedPredicateNumber_Labeled_splitClauses_1":["499"],
"labeledSingleVariableTemplatesNumber_Unlabeled_splitClauses_0":["52"],
"unlabeledBinaryVariableTemplatesNumber_Empty_splitClauses_0":["2274"],
"solvingTime_Mined_splitClauses_0":["10800000"],
"unlabeledTemplateNumber_All_splitClauses_1":["3665"],
"clauseNumberAfterSimplification_Random_splitClauses_1":["880"],
"labeledBinaryVariableTemplatesNumber_Octagon_splitClauses_1":["135"],
"unlabeledBinaryVariableTemplatesNumber_Labeled_splitClauses_0":["2274"],
"smt2FileSizeByte_Octagon_splitClauses_0":["415212"],
"labeledSingleVariableTemplatesNumber_Random_splitClauses_1":["52"],
"solvability_Unlabeled_splitClauses_0":["10800000"],
"solvingTime_Unlabeled_splitClauses_0":["10800000"],
"unlabeledTemplateRelationSymbolNumber_All_splitClauses_1":["65"],
"minedTemplateNumber_Empty_splitClauses_1":["642"],
"solvability_RelationalIneqs_splitClauses_0":["10800000"],
"unlabeledTemplateRelationSymbolNumber_Labeled_splitClauses_1":["65"],
"cegarIterationNumber_RelationalEqs_splitClauses_1":["47"],
"minedSingleVariableTemplatesNumber_RelationalEqs_splitClauses_1":["507"],
"clauseNumberAfterSimplification_PredictedCDHG_splitClauses_1":["880"],
"minedBinaryVariableTemplatesNumber_RelationalIneqs_splitClauses_1":["135"],
"unlabeledBinaryVariableTemplatesNumber_Mined_splitClauses_1":["2274"],
"unlabeledBinaryVariableTemplatesNumber_PredictedCDHG_splitClauses_0":["2274"],
"solvingTime_Empty_splitClauses_1":["8950"],
"labeledTemplateRelationSymbolNumber_Empty_splitClauses_1":["29"],
"generatedPredicateNumber_Term_splitClauses_0":["10800000"],
"averagePredicateSize_Empty_splitClauses_1":["1"],
"generatedPredicateNumber_PredictedCG_splitClauses_1":["10800000"],
"labeledTemplateRelationSymbolNumber_PredictedCDHG_splitClauses_1":["29"],
"predicateGeneratorTime_Mined_splitClauses_0":["10800000"],
"relationSymbolNumberBeforeSimplification_Term_splitClauses_0":["657"],
"predicateGeneratorTime_Labeled_splitClauses_0":["10800000"],
"labeledSingleVariableTemplatesNumber_Random_splitClauses_0":["52"],
"unlabeledTemplateRelationSymbolNumber_All_splitClauses_0":["65"],
"minedBinaryVariableTemplatesNumber_Labeled_splitClauses_0":["135"],
"generatedPredicateNumber_Labeled_splitClauses_0":["10800000"],
"relationSymbolNumberAfterSimplification_Empty_splitClauses_1":["1759"],
"solvingTime_Mined_splitClauses_1":["10130"],
"minedSingleVariableTemplatesNumber_All_splitClauses_1":["507"],
"predicateGeneratorTime_Random_splitClauses_0":["10800000"],
"cegarIterationNumber_Term_splitClauses_1":["39"],
"labeledTemplateNumber_Empty_splitClauses_1":["187"],
"clauseNumberAfterSimplification_Empty_splitClauses_1":["880"],
"minedTemplateRelationSymbolNumber_Empty_splitClauses_0":["65"],
"unlabeledSingleVariableTemplatesNumber_Term_splitClauses_0":["1391"],
"minedSingleVariableTemplatesNumber_Empty_splitClauses_0":["507"],
"relationSymbolNumberAfterSimplification_Random_splitClauses_0":["1759"],
"minedTemplateRelationSymbolNumber_RelationalEqs_splitClauses_0":["65"],
"cegarIterationNumber_Empty_splitClauses_0":["10800000"],
"minedBinaryVariableTemplatesNumber_RelationalEqs_splitClauses_1":["135"],
"relationSymbolNumberBeforeSimplification_PredictedCG_splitClauses_1":["657"],
"labeledSingleVariableTemplatesNumber_All_splitClauses_1":["52"],
"unlabeledTemplateRelationSymbolNumber_Octagon_splitClauses_0":["65"],
"minedTemplateRelationSymbolNumber_Unlabeled_splitClauses_0":["65"],
"labeledBinaryVariableTemplatesNumber_Mined_splitClauses_0":["135"],
"relationSymbolNumberAfterSimplification_Unlabeled_splitClauses_1":["1759"],
"minedTemplateNumber_PredictedCG_splitClauses_1":["642"],
"cegarIterationNumber_Empty_splitClauses_1":["46"],
"averagePredicateSize_RelationalIneqs_splitClauses_0":["10800000"],
"solvability_All_splitClauses_1":["10800000"],
"unlabeledBinaryVariableTemplatesNumber_Term_splitClauses_1":["2274"],
"minedTemplateRelationSymbolNumber_Labeled_splitClauses_1":["65"],
"averagePredicateSize_Unlabeled_splitClauses_1":["1"],
"labeledTemplateNumber_Term_splitClauses_0":["187"],
"smt2FileSizeByte_Empty_splitClauses_1":["415212"],
"solvingTime_PredictedCG_splitClauses_0":["10800000"],
"cegarIterationNumber_All_splitClauses_1":["10800000"],
"clauseNumberBeforeSimplification_Term_splitClauses_1":["329"],
"predicateGeneratorTime_Empty_splitClauses_0":["10800000"],
"relationSymbolNumberBeforeSimplification_Empty_splitClauses_1":["657"],
"averagePredicateSize_All_splitClauses_0":["10800000"],
"unlabeledBinaryVariableTemplatesNumber_Random_splitClauses_0":["2274"],
"smt2FileSizeByte_Term_splitClauses_0":["415212"],
"averagePredicateSize_Mined_splitClauses_1":["1"],
"minedBinaryVariableTemplatesNumber_Empty_splitClauses_0":["135"],
"minedTemplateRelationSymbolNumber_All_splitClauses_1":["65"],
"labeledSingleVariableTemplatesNumber_PredictedCG_splitClauses_0":["52"],
"unlabeledBinaryVariableTemplatesNumber_RelationalIneqs_splitClauses_0":["2274"],
"unlabeledSingleVariableTemplatesNumber_RelationalIneqs_splitClauses_1":["1391"],
"clauseNumberAfterSimplification_RelationalIneqs_splitClauses_0":["880"],
"unlabeledTemplateNumber_RelationalEqs_splitClauses_0":["3665"],
"unlabeledTemplateNumber_RelationalIneqs_splitClauses_1":["3665"],
"labeledTemplateRelationSymbolNumber_PredictedCG_splitClauses_1":["29"],
"labeledTemplateRelationSymbolNumber_All_splitClauses_0":["29"],
"labeledSingleVariableTemplatesNumber_Octagon_splitClauses_0":["52"],
"dummyFiled":[]
}