{
"cegarIterationNumber_Term_splitClauses_0":[4],
"cegarIterationNumber_RelationalIneqs_splitClauses_1":[4],
"cegarIterationNumber_Octagon_splitClauses_0":[4],
"solvingTime_RelationalIneqs_splitClauses_1":[224],
"solvingTime_Term_splitClauses_0":[389],
"cegarIterationNumber_RelationalIneqs_splitClauses_0":[4],
"solvingTime_RelationalIneqs_splitClauses_0":[241],
"solvingTime_Octagon_splitClauses_1":[210],
"cegarIterationNumber_RelationalEqs_splitClauses_0":[4],
"solvingTime_RelationalEqs_splitClauses_0":[220],
"solvingTime_RelationalEqs_splitClauses_1":[276],
"cegarIterationNumber_Octagon_splitClauses_1":[4],
"solvingTime_Term_splitClauses_1":[250],
"solvingTime_Octagon_splitClauses_0":[215],
"cegarIterationNumber_RelationalEqs_splitClauses_1":[4],
"cegarIterationNumber_Term_splitClauses_1":[4],
"dummyFiled":[]
}