{
"smt2FileSizeByte_All_splitClauses_1":["7425"],
"generatedPredicateNumber_All_splitClauses_1":["10800000"],
"unlabeledTemplateRelationSymbolNumber_PredictedCDHG_splitClauses_0":["1"],
"relationSymbolNumberBeforeSimplification_Unlabeled_splitClauses_1":["24"],
"predicateGeneratorTime_Term_splitClauses_0":["10800000"],
"averagePredicateSize_Random_splitClauses_1":["1"],
"labeledBinaryVariableTemplatesNumber_Labeled_splitClauses_1":["6"],
"clauseNumberBeforeSimplification_All_splitClauses_1":["12"],
"minedTemplateRelationSymbolNumber_Term_splitClauses_0":["1"],
"solvingTime_Labeled_splitClauses_1":["699"],
"unlabeledTemplateNumber_Labeled_splitClauses_1":["50"],
"relationSymbolNumberAfterSimplification_All_splitClauses_1":["1530"],
"minedTemplateRelationSymbolNumber_Octagon_splitClauses_1":["1"],
"clauseNumberAfterSimplification_Mined_splitClauses_1":["821"],
"relationSymbolNumberBeforeSimplification_Octagon_splitClauses_0":["24"],
"unlabeledBinaryVariableTemplatesNumber_Term_splitClauses_0":["30"],
"labeledTemplateNumber_PredictedCDHG_splitClauses_0":["9"],
"solvability_Empty_splitClauses_0":["10800000"],
"unlabeledTemplateRelationSymbolNumber_Random_splitClauses_1":["1"],
"labeledBinaryVariableTemplatesNumber_Octagon_splitClauses_0":["6"],
"relationSymbolNumberBeforeSimplification_Random_splitClauses_1":["24"],
"minedTemplateRelationSymbolNumber_Random_splitClauses_1":["1"],
"unlabeledSingleVariableTemplatesNumber_Mined_splitClauses_0":["20"],
"unlabeledBinaryVariableTemplatesNumber_PredictedCG_splitClauses_1":["30"],
"solvability_All_splitClauses_0":["10800000"],
"predicateGeneratorTime_RelationalEqs_splitClauses_1":["348"],
"relationSymbolNumberBeforeSimplification_PredictedCDHG_splitClauses_1":["24"],
"smt2FileSizeByte_PredictedCG_splitClauses_1":["7425"],
"labeledSingleVariableTemplatesNumber_Unlabeled_splitClauses_1":["3"],
"labeledBinaryVariableTemplatesNumber_PredictedCG_splitClauses_1":["6"],
"minedBinaryVariableTemplatesNumber_PredictedCG_splitClauses_0":["6"],
"solvability_Random_splitClauses_0":["10800000"],
"relationSymbolNumberAfterSimplification_PredictedCG_splitClauses_1":["1530"],
"clauseNumberBeforeSimplification_PredictedCDHG_splitClauses_1":["12"],
"labeledSingleVariableTemplatesNumber_Mined_splitClauses_0":["3"],
"solvability_Unlabeled_splitClauses_1":["1"],
"cegarIterationNumber_Labeled_splitClauses_1":["8"],
"smt2FileSizeByte_Mined_splitClauses_0":["7425"],
"relationSymbolNumberAfterSimplification_Mined_splitClauses_0":["1530"],
"labeledSingleVariableTemplatesNumber_PredictedCG_splitClauses_1":["3"],
"smt2FileSizeByte_Octagon_splitClauses_1":["7425"],
"minedTemplateNumber_Labeled_splitClauses_1":["14"],
"labeledSingleVariableTemplatesNumber_RelationalIneqs_splitClauses_1":["3"],
"clauseNumberAfterSimplification_Labeled_splitClauses_1":["821"],
"relationSymbolNumberAfterSimplification_Labeled_splitClauses_0":["1530"],
"smt2FileSizeByte_Random_splitClauses_0":["7425"],
"relationSymbolNumberAfterSimplification_PredictedCDHG_splitClauses_0":["1530"],
"unlabeledTemplateRelationSymbolNumber_PredictedCDHG_splitClauses_1":["1"],
"labeledSingleVariableTemplatesNumber_Term_splitClauses_0":["3"],
"generatedPredicateNumber_PredictedCDHG_splitClauses_1":["10800000"],
"minedSingleVariableTemplatesNumber_Unlabeled_splitClauses_0":["8"],
"generatedPredicateNumber_Octagon_splitClauses_1":["8"],
"labeledSingleVariableTemplatesNumber_RelationalEqs_splitClauses_0":["3"],
"predicateGeneratorTime_PredictedCG_splitClauses_1":["10800000"],
"relationSymbolNumberAfterSimplification_Octagon_splitClauses_0":["1530"],
"labeledTemplateNumber_Labeled_splitClauses_1":["9"],
"labeledSingleVariableTemplatesNumber_Empty_splitClauses_0":["3"],
"minedTemplateRelationSymbolNumber_RelationalIneqs_splitClauses_1":["1"],
"unlabeledSingleVariableTemplatesNumber_All_splitClauses_1":["20"],
"labeledBinaryVariableTemplatesNumber_PredictedCDHG_splitClauses_1":["6"],
"unlabeledSingleVariableTemplatesNumber_RelationalEqs_splitClauses_1":["20"],
"cegarIterationNumber_Term_splitClauses_0":["10800000"],
"unlabeledBinaryVariableTemplatesNumber_Labeled_splitClauses_1":["30"],
"unlabeledSingleVariableTemplatesNumber_Term_splitClauses_1":["20"],
"clauseNumberAfterSimplification_All_splitClauses_1":["821"],
"minedSingleVariableTemplatesNumber_Random_splitClauses_0":["8"],
"solvability_RelationalIneqs_splitClauses_1":["1"],
"minedTemplateNumber_Labeled_splitClauses_0":["14"],
"minedSingleVariableTemplatesNumber_Octagon_splitClauses_0":["8"],
"minedSingleVariableTemplatesNumber_Term_splitClauses_1":["8"],
"minedBinaryVariableTemplatesNumber_PredictedCDHG_splitClauses_1":["6"],
"generatedPredicateNumber_Mined_splitClauses_1":["8"],
"labeledSingleVariableTemplatesNumber_RelationalIneqs_splitClauses_0":["3"],
"averagePredicateSize_Mined_splitClauses_0":["10800000"],
"cegarIterationNumber_Unlabeled_splitClauses_0":["10800000"],
"minedBinaryVariableTemplatesNumber_Random_splitClauses_0":["6"],
"labeledTemplateNumber_Mined_splitClauses_1":["9"],
"labeledBinaryVariableTemplatesNumber_Random_splitClauses_0":["6"],
"unlabeledTemplateRelationSymbolNumber_Unlabeled_splitClauses_1":["1"],
"cegarIterationNumber_Mined_splitClauses_0":["10800000"],
"minedTemplateRelationSymbolNumber_Labeled_splitClauses_0":["1"],
"unlabeledBinaryVariableTemplatesNumber_RelationalIneqs_splitClauses_1":["30"],
"unlabeledBinaryVariableTemplatesNumber_Octagon_splitClauses_0":["30"],
"solvability_Mined_splitClauses_0":["10800000"],
"averagePredicateSize_RelationalEqs_splitClauses_0":["10800000"],
"clauseNumberAfterSimplification_Term_splitClauses_0":["821"],
"unlabeledTemplateNumber_Mined_splitClauses_0":["50"],
"relationSymbolNumberAfterSimplification_Random_splitClauses_1":["1530"],
"unlabeledTemplateNumber_PredictedCDHG_splitClauses_0":["50"],
"cegarIterationNumber_RelationalIneqs_splitClauses_1":["8"],
"minedBinaryVariableTemplatesNumber_Unlabeled_splitClauses_1":["6"],
"labeledTemplateNumber_PredictedCG_splitClauses_1":["9"],
"labeledTemplateRelationSymbolNumber_Mined_splitClauses_0":["1"],
"labeledBinaryVariableTemplatesNumber_Mined_splitClauses_1":["6"],
"relationSymbolNumberBeforeSimplification_Mined_splitClauses_0":["24"],
"relationSymbolNumberBeforeSimplification_RelationalIneqs_splitClauses_0":["24"],
"clauseNumberAfterSimplification_RelationalIneqs_splitClauses_1":["821"],
"minedSingleVariableTemplatesNumber_PredictedCDHG_splitClauses_0":["8"],
"solvability_Labeled_splitClauses_1":["1"],
"labeledSingleVariableTemplatesNumber_Octagon_splitClauses_1":["3"],
"averagePredicateSize_Random_splitClauses_0":["10800000"],
"smt2FileSizeByte_RelationalIneqs_splitClauses_0":["7425"],
"generatedPredicateNumber_Unlabeled_splitClauses_0":["10800000"],
"solvability_RelationalEqs_splitClauses_0":["10800000"],
"predicateGeneratorTime_Empty_splitClauses_1":["309"],
"minedSingleVariableTemplatesNumber_Mined_splitClauses_0":["8"],
"relationSymbolNumberAfterSimplification_Unlabeled_splitClauses_0":["1530"],
"minedTemplateRelationSymbolNumber_PredictedCDHG_splitClauses_1":["1"],
"minedTemplateNumber_PredictedCG_splitClauses_0":["14"],
"averagePredicateSize_RelationalIneqs_splitClauses_1":["1"],
"labeledTemplateRelationSymbolNumber_Random_splitClauses_1":["1"],
"minedTemplateNumber_RelationalIneqs_splitClauses_0":["14"],
"predicateGeneratorTime_RelationalIneqs_splitClauses_0":["10800000"],
"labeledTemplateRelationSymbolNumber_Empty_splitClauses_0":["1"],
"minedBinaryVariableTemplatesNumber_Octagon_splitClauses_0":["6"],
"labeledSingleVariableTemplatesNumber_Term_splitClauses_1":["3"],
"labeledBinaryVariableTemplatesNumber_Empty_splitClauses_0":["6"],
"minedTemplateNumber_Octagon_splitClauses_0":["14"],
"labeledBinaryVariableTemplatesNumber_Unlabeled_splitClauses_0":["6"],
"relationSymbolNumberBeforeSimplification_Empty_splitClauses_0":["24"],
"clauseNumberAfterSimplification_PredictedCDHG_splitClauses_0":["821"],
"smt2FileSizeByte_PredictedCG_splitClauses_0":["7425"],
"minedBinaryVariableTemplatesNumber_RelationalEqs_splitClauses_0":["6"],
"relationSymbolNumberBeforeSimplification_Unlabeled_splitClauses_0":["24"],
"labeledTemplateRelationSymbolNumber_RelationalEqs_splitClauses_1":["1"],
"minedBinaryVariableTemplatesNumber_Random_splitClauses_1":["6"],
"clauseNumberAfterSimplification_Unlabeled_splitClauses_1":["821"],
"minedSingleVariableTemplatesNumber_PredictedCDHG_splitClauses_1":["8"],
"labeledBinaryVariableTemplatesNumber_Term_splitClauses_1":["6"],
"clauseNumberBeforeSimplification_Empty_splitClauses_1":["12"],
"relationSymbolNumberAfterSimplification_Octagon_splitClauses_1":["1530"],
"relationSymbolNumberAfterSimplification_Term_splitClauses_0":["1530"],
"minedBinaryVariableTemplatesNumber_Mined_splitClauses_1":["6"],
"unlabeledBinaryVariableTemplatesNumber_Unlabeled_splitClauses_1":["30"],
"relationSymbolNumberBeforeSimplification_Random_splitClauses_0":["24"],
"relationSymbolNumberAfterSimplification_PredictedCDHG_splitClauses_1":["1530"],
"unlabeledTemplateNumber_PredictedCG_splitClauses_1":["50"],
"generatedPredicateNumber_Empty_splitClauses_0":["10800000"],
"predicateGeneratorTime_RelationalIneqs_splitClauses_1":["245"],
"unlabeledSingleVariableTemplatesNumber_Empty_splitClauses_0":["20"],
"cegarIterationNumber_Octagon_splitClauses_0":["10800000"],
"clauseNumberAfterSimplification_Octagon_splitClauses_1":["821"],
"unlabeledSingleVariableTemplatesNumber_Labeled_splitClauses_1":["20"],
"clauseNumberBeforeSimplification_Random_splitClauses_1":["12"],
"minedTemplateRelationSymbolNumber_All_splitClauses_0":["1"],
"unlabeledTemplateRelationSymbolNumber_RelationalEqs_splitClauses_0":["1"],
"minedSingleVariableTemplatesNumber_Unlabeled_splitClauses_1":["8"],
"clauseNumberBeforeSimplification_RelationalEqs_splitClauses_0":["12"],
"minedTemplateNumber_Unlabeled_splitClauses_0":["14"],
"generatedPredicateNumber_Octagon_splitClauses_0":["10800000"],
"predicateGeneratorTime_PredictedCDHG_splitClauses_0":["10800000"],
"clauseNumberAfterSimplification_PredictedCG_splitClauses_1":["821"],
"labeledSingleVariableTemplatesNumber_RelationalEqs_splitClauses_1":["3"],
"smt2FileSizeByte_Random_splitClauses_1":["7425"],
"averagePredicateSize_PredictedCG_splitClauses_1":["10800000"],
"cegarIterationNumber_PredictedCDHG_splitClauses_1":["10800000"],
"clauseNumberAfterSimplification_RelationalEqs_splitClauses_1":["821"],
"minedBinaryVariableTemplatesNumber_Empty_splitClauses_1":["6"],
"relationSymbolNumberAfterSimplification_RelationalEqs_splitClauses_1":["1530"],
"minedTemplateNumber_PredictedCDHG_splitClauses_0":["14"],
"labeledBinaryVariableTemplatesNumber_All_splitClauses_1":["6"],
"solvingTime_RelationalIneqs_splitClauses_1":["647"],
"unlabeledTemplateRelationSymbolNumber_RelationalEqs_splitClauses_1":["1"],
"smt2FileSizeByte_Unlabeled_splitClauses_0":["7425"],
"relationSymbolNumberBeforeSimplification_Mined_splitClauses_1":["24"],
"relationSymbolNumberAfterSimplification_Mined_splitClauses_1":["1530"],
"generatedPredicateNumber_All_splitClauses_0":["10800000"],
"relationSymbolNumberBeforeSimplification_Octagon_splitClauses_1":["24"],
"predicateGeneratorTime_Octagon_splitClauses_1":["421"],
"solvability_Mined_splitClauses_1":["1"],
"minedTemplateRelationSymbolNumber_Term_splitClauses_1":["1"],
"clauseNumberAfterSimplification_Mined_splitClauses_0":["821"],
"solvability_PredictedCDHG_splitClauses_0":["10800000"],
"solvingTime_Empty_splitClauses_0":["10800000"],
"unlabeledSingleVariableTemplatesNumber_Unlabeled_splitClauses_1":["20"],
"minedTemplateNumber_Term_splitClauses_1":["14"],
"averagePredicateSize_Octagon_splitClauses_1":["1"],
"unlabeledSingleVariableTemplatesNumber_Octagon_splitClauses_1":["20"],
"minedTemplateRelationSymbolNumber_RelationalEqs_splitClauses_1":["1"],
"relationSymbolNumberBeforeSimplification_All_splitClauses_1":["24"],
"minedBinaryVariableTemplatesNumber_RelationalIneqs_splitClauses_0":["6"],
"predicateGeneratorTime_Term_splitClauses_1":["242"],
"solvingTime_Labeled_splitClauses_0":["10800000"],
"unlabeledBinaryVariableTemplatesNumber_PredictedCG_splitClauses_0":["30"],
"minedTemplateNumber_All_splitClauses_0":["14"],
"predicateGeneratorTime_Labeled_splitClauses_1":["286"],
"unlabeledTemplateRelationSymbolNumber_Empty_splitClauses_0":["1"],
"unlabeledTemplateNumber_Mined_splitClauses_1":["50"],
"solvability_PredictedCG_splitClauses_1":["10800000"],
"unlabeledTemplateNumber_Term_splitClauses_0":["50"],
"minedBinaryVariableTemplatesNumber_PredictedCG_splitClauses_1":["6"],
"labeledSingleVariableTemplatesNumber_PredictedCDHG_splitClauses_0":["3"],
"minedBinaryVariableTemplatesNumber_All_splitClauses_0":["6"],
"averagePredicateSize_PredictedCDHG_splitClauses_1":["10800000"],
"predicateGeneratorTime_PredictedCG_splitClauses_0":["10800000"],
"generatedPredicateNumber_RelationalIneqs_splitClauses_0":["10800000"],
"labeledTemplateNumber_Empty_splitClauses_0":["9"],
"relationSymbolNumberAfterSimplification_RelationalIneqs_splitClauses_1":["1530"],
"unlabeledTemplateRelationSymbolNumber_Term_splitClauses_0":["1"],
"minedTemplateNumber_All_splitClauses_1":["14"],
"labeledSingleVariableTemplatesNumber_Empty_splitClauses_1":["3"],
"minedBinaryVariableTemplatesNumber_Unlabeled_splitClauses_0":["6"],
"labeledTemplateNumber_Random_splitClauses_0":["9"],
"minedBinaryVariableTemplatesNumber_All_splitClauses_1":["6"],
"unlabeledSingleVariableTemplatesNumber_All_splitClauses_0":["20"],
"relationSymbolNumberBeforeSimplification_Labeled_splitClauses_1":["24"],
"smt2FileSizeByte_PredictedCDHG_splitClauses_1":["7425"],
"labeledBinaryVariableTemplatesNumber_PredictedCDHG_splitClauses_0":["6"],
"averagePredicateSize_RelationalEqs_splitClauses_1":["1"],
"minedSingleVariableTemplatesNumber_Term_splitClauses_0":["8"],
"labeledTemplateRelationSymbolNumber_Term_splitClauses_1":["1"],
"generatedPredicateNumber_Random_splitClauses_0":["10800000"],
"labeledBinaryVariableTemplatesNumber_Empty_splitClauses_1":["6"],
"relationSymbolNumberAfterSimplification_Term_splitClauses_1":["1530"],
"clauseNumberAfterSimplification_Labeled_splitClauses_0":["821"],
"labeledSingleVariableTemplatesNumber_Labeled_splitClauses_0":["3"],
"minedTemplateNumber_Mined_splitClauses_1":["14"],
"labeledTemplateRelationSymbolNumber_Labeled_splitClauses_0":["1"],
"unlabeledTemplateRelationSymbolNumber_Mined_splitClauses_1":["1"],
"solvability_Labeled_splitClauses_0":["10800000"],
"minedTemplateNumber_RelationalEqs_splitClauses_1":["14"],
"solvingTime_Random_splitClauses_1":["816"],
"minedTemplateNumber_Random_splitClauses_0":["14"],
"cegarIterationNumber_Unlabeled_splitClauses_1":["8"],
"minedTemplateNumber_RelationalIneqs_splitClauses_1":["14"],
"unlabeledBinaryVariableTemplatesNumber_Octagon_splitClauses_1":["30"],
"minedSingleVariableTemplatesNumber_Octagon_splitClauses_1":["8"],
"minedSingleVariableTemplatesNumber_Random_splitClauses_1":["8"],
"averagePredicateSize_All_splitClauses_1":["10800000"],
"minedTemplateNumber_Empty_splitClauses_0":["14"],
"labeledTemplateNumber_Mined_splitClauses_0":["9"],
"unlabeledBinaryVariableTemplatesNumber_All_splitClauses_0":["30"],
"relationSymbolNumberAfterSimplification_Labeled_splitClauses_1":["1530"],
"labeledSingleVariableTemplatesNumber_PredictedCDHG_splitClauses_1":["3"],
"minedSingleVariableTemplatesNumber_Mined_splitClauses_1":["8"],
"labeledTemplateRelationSymbolNumber_Term_splitClauses_0":["1"],
"unlabeledTemplateRelationSymbolNumber_Term_splitClauses_1":["1"],
"predicateGeneratorTime_All_splitClauses_1":["10800000"],
"unlabeledSingleVariableTemplatesNumber_Random_splitClauses_0":["20"],
"predicateGeneratorTime_Unlabeled_splitClauses_1":["282"],
"cegarIterationNumber_PredictedCDHG_splitClauses_0":["10800000"],
"labeledTemplateNumber_RelationalEqs_splitClauses_0":["9"],
"labeledTemplateRelationSymbolNumber_Mined_splitClauses_1":["1"],
"labeledTemplateRelationSymbolNumber_Random_splitClauses_0":["1"],
"labeledBinaryVariableTemplatesNumber_RelationalEqs_splitClauses_1":["6"],
"generatedPredicateNumber_RelationalIneqs_splitClauses_1":["8"],
"unlabeledTemplateRelationSymbolNumber_PredictedCG_splitClauses_1":["1"],
"unlabeledSingleVariableTemplatesNumber_RelationalEqs_splitClauses_0":["20"],
"labeledBinaryVariableTemplatesNumber_Labeled_splitClauses_0":["6"],
"minedBinaryVariableTemplatesNumber_PredictedCDHG_splitClauses_0":["6"],
"unlabeledTemplateRelationSymbolNumber_Unlabeled_splitClauses_0":["1"],
"clauseNumberAfterSimplification_Term_splitClauses_1":["821"],
"unlabeledTemplateNumber_Octagon_splitClauses_0":["50"],
"unlabeledBinaryVariableTemplatesNumber_RelationalEqs_splitClauses_1":["30"],
"unlabeledTemplateNumber_PredictedCG_splitClauses_0":["50"],
"unlabeledTemplateNumber_All_splitClauses_0":["50"],
"labeledTemplateRelationSymbolNumber_RelationalIneqs_splitClauses_1":["1"],
"unlabeledSingleVariableTemplatesNumber_Mined_splitClauses_1":["20"],
"labeledTemplateRelationSymbolNumber_Unlabeled_splitClauses_1":["1"],
"labeledBinaryVariableTemplatesNumber_Random_splitClauses_1":["6"],
"solvability_Random_splitClauses_1":["1"],
"solvingTime_Term_splitClauses_0":["10800000"],
"minedSingleVariableTemplatesNumber_Labeled_splitClauses_1":["8"],
"clauseNumberBeforeSimplification_Term_splitClauses_0":["12"],
"relationSymbolNumberBeforeSimplification_RelationalIneqs_splitClauses_1":["24"],
"minedTemplateRelationSymbolNumber_Mined_splitClauses_0":["1"],
"solvability_Octagon_splitClauses_1":["1"],
"minedSingleVariableTemplatesNumber_RelationalIneqs_splitClauses_1":["8"],
"smt2FileSizeByte_Labeled_splitClauses_0":["7425"],
"solvability_RelationalEqs_splitClauses_1":["1"],
"unlabeledSingleVariableTemplatesNumber_Empty_splitClauses_1":["20"],
"labeledTemplateNumber_PredictedCDHG_splitClauses_1":["9"],
"minedTemplateRelationSymbolNumber_Octagon_splitClauses_0":["1"],
"clauseNumberAfterSimplification_Unlabeled_splitClauses_0":["821"],
"clauseNumberBeforeSimplification_Unlabeled_splitClauses_0":["12"],
"clauseNumberBeforeSimplification_PredictedCDHG_splitClauses_0":["12"],
"cegarIterationNumber_RelationalIneqs_splitClauses_0":["10800000"],
"labeledTemplateRelationSymbolNumber_RelationalEqs_splitClauses_0":["1"],
"averagePredicateSize_Labeled_splitClauses_0":["10800000"],
"smt2FileSizeByte_RelationalIneqs_splitClauses_1":["7425"],
"clauseNumberBeforeSimplification_RelationalEqs_splitClauses_1":["12"],
"unlabeledTemplateRelationSymbolNumber_RelationalIneqs_splitClauses_1":["1"],
"clauseNumberBeforeSimplification_PredictedCG_splitClauses_0":["12"],
"solvingTime_PredictedCDHG_splitClauses_0":["10800000"],
"labeledTemplateRelationSymbolNumber_Octagon_splitClauses_1":["1"],
"minedTemplateRelationSymbolNumber_PredictedCG_splitClauses_1":["1"],
"relationSymbolNumberBeforeSimplification_RelationalEqs_splitClauses_1":["24"],
"labeledTemplateNumber_Random_splitClauses_1":["9"],
"solvingTime_RelationalIneqs_splitClauses_0":["10800000"],
"labeledTemplateNumber_All_splitClauses_1":["9"],
"unlabeledTemplateNumber_Random_splitClauses_1":["50"],
"relationSymbolNumberBeforeSimplification_All_splitClauses_0":["24"],
"smt2FileSizeByte_Unlabeled_splitClauses_1":["7425"],
"cegarIterationNumber_PredictedCG_splitClauses_0":["10800000"],
"predicateGeneratorTime_Octagon_splitClauses_0":["10800000"],
"unlabeledTemplateNumber_RelationalEqs_splitClauses_1":["50"],
"clauseNumberAfterSimplification_Octagon_splitClauses_0":["821"],
"cegarIterationNumber_Random_splitClauses_0":["10800000"],
"solvability_PredictedCDHG_splitClauses_1":["10800000"],
"solvability_PredictedCG_splitClauses_0":["10800000"],
"solvingTime_PredictedCG_splitClauses_1":["10800000"],
"unlabeledSingleVariableTemplatesNumber_Unlabeled_splitClauses_0":["20"],
"unlabeledTemplateNumber_Unlabeled_splitClauses_0":["50"],
"labeledTemplateRelationSymbolNumber_RelationalIneqs_splitClauses_0":["1"],
"minedTemplateNumber_Random_splitClauses_1":["14"],
"generatedPredicateNumber_RelationalEqs_splitClauses_0":["10800000"],
"minedTemplateNumber_Term_splitClauses_0":["14"],
"solvingTime_All_splitClauses_1":["10800000"],
"minedSingleVariableTemplatesNumber_PredictedCG_splitClauses_0":["8"],
"smt2FileSizeByte_Term_splitClauses_1":["7425"],
"labeledBinaryVariableTemplatesNumber_All_splitClauses_0":["6"],
"minedTemplateNumber_PredictedCDHG_splitClauses_1":["14"],
"minedTemplateRelationSymbolNumber_PredictedCDHG_splitClauses_0":["1"],
"averagePredicateSize_Unlabeled_splitClauses_0":["10800000"],
"minedBinaryVariableTemplatesNumber_Octagon_splitClauses_1":["6"],
"unlabeledSingleVariableTemplatesNumber_Random_splitClauses_1":["20"],
"clauseNumberBeforeSimplification_Random_splitClauses_0":["12"],
"solvingTime_Unlabeled_splitClauses_1":["840"],
"predicateGeneratorTime_PredictedCDHG_splitClauses_1":["10800000"],
"averagePredicateSize_PredictedCDHG_splitClauses_0":["10800000"],
"relationSymbolNumberAfterSimplification_RelationalEqs_splitClauses_0":["1530"],
"minedBinaryVariableTemplatesNumber_Term_splitClauses_0":["6"],
"labeledTemplateNumber_RelationalIneqs_splitClauses_0":["9"],
"clauseNumberAfterSimplification_Random_splitClauses_0":["821"],
"clauseNumberAfterSimplification_PredictedCG_splitClauses_0":["821"],
"generatedPredicateNumber_Empty_splitClauses_1":["8"],
"clauseNumberBeforeSimplification_Octagon_splitClauses_0":["12"],
"unlabeledTemplateNumber_Empty_splitClauses_0":["50"],
"minedSingleVariableTemplatesNumber_All_splitClauses_0":["8"],
"labeledTemplateRelationSymbolNumber_Octagon_splitClauses_0":["1"],
"generatedPredicateNumber_Random_splitClauses_1":["8"],
"clauseNumberAfterSimplification_RelationalEqs_splitClauses_0":["821"],
"labeledBinaryVariableTemplatesNumber_Term_splitClauses_0":["6"],
"minedSingleVariableTemplatesNumber_RelationalEqs_splitClauses_0":["8"],
"minedTemplateNumber_Mined_splitClauses_0":["14"],
"relationSymbolNumberBeforeSimplification_PredictedCG_splitClauses_0":["24"],
"averagePredicateSize_Octagon_splitClauses_0":["10800000"],
"unlabeledBinaryVariableTemplatesNumber_Empty_splitClauses_1":["30"],
"unlabeledSingleVariableTemplatesNumber_PredictedCDHG_splitClauses_0":["20"],
"unlabeledSingleVariableTemplatesNumber_PredictedCG_splitClauses_1":["20"],
"labeledTemplateRelationSymbolNumber_Labeled_splitClauses_1":["1"],
"minedTemplateRelationSymbolNumber_Random_splitClauses_0":["1"],
"unlabeledTemplateRelationSymbolNumber_PredictedCG_splitClauses_0":["1"],
"unlabeledTemplateNumber_RelationalIneqs_splitClauses_0":["50"],
"unlabeledSingleVariableTemplatesNumber_Labeled_splitClauses_0":["20"],
"relationSymbolNumberAfterSimplification_PredictedCG_splitClauses_0":["1530"],
"minedTemplateNumber_Unlabeled_splitClauses_1":["14"],
"generatedPredicateNumber_PredictedCG_splitClauses_0":["10800000"],
"labeledTemplateNumber_Unlabeled_splitClauses_1":["9"],
"unlabeledTemplateRelationSymbolNumber_Empty_splitClauses_1":["1"],
"clauseNumberBeforeSimplification_Empty_splitClauses_0":["12"],
"solvingTime_Octagon_splitClauses_1":["898"],
"cegarIterationNumber_Mined_splitClauses_1":["8"],
"clauseNumberBeforeSimplification_Mined_splitClauses_1":["12"],
"smt2FileSizeByte_PredictedCDHG_splitClauses_0":["7425"],
"averagePredicateSize_PredictedCG_splitClauses_0":["10800000"],
"solvingTime_Random_splitClauses_0":["10800000"],
"minedTemplateNumber_RelationalEqs_splitClauses_0":["14"],
"unlabeledSingleVariableTemplatesNumber_RelationalIneqs_splitClauses_0":["20"],
"unlabeledTemplateNumber_Unlabeled_splitClauses_1":["50"],
"labeledBinaryVariableTemplatesNumber_RelationalEqs_splitClauses_0":["6"],
"generatedPredicateNumber_PredictedCDHG_splitClauses_0":["10800000"],
"relationSymbolNumberAfterSimplification_RelationalIneqs_splitClauses_0":["1530"],
"minedTemplateRelationSymbolNumber_Empty_splitClauses_1":["1"],
"predicateGeneratorTime_Random_splitClauses_1":["290"],
"labeledTemplateNumber_Term_splitClauses_1":["9"],
"relationSymbolNumberBeforeSimplification_RelationalEqs_splitClauses_0":["24"],
"minedSingleVariableTemplatesNumber_Empty_splitClauses_1":["8"],
"minedSingleVariableTemplatesNumber_RelationalIneqs_splitClauses_0":["8"],
"clauseNumberAfterSimplification_All_splitClauses_0":["821"],
"unlabeledBinaryVariableTemplatesNumber_RelationalEqs_splitClauses_0":["30"],
"cegarIterationNumber_RelationalEqs_splitClauses_0":["10800000"],
"labeledTemplateRelationSymbolNumber_PredictedCDHG_splitClauses_0":["1"],
"labeledSingleVariableTemplatesNumber_Labeled_splitClauses_1":["3"],
"unlabeledBinaryVariableTemplatesNumber_All_splitClauses_1":["30"],
"minedTemplateRelationSymbolNumber_Unlabeled_splitClauses_1":["1"],
"solvingTime_RelationalEqs_splitClauses_0":["10800000"],
"solvingTime_RelationalEqs_splitClauses_1":["847"],
"minedBinaryVariableTemplatesNumber_Mined_splitClauses_0":["6"],
"clauseNumberBeforeSimplification_All_splitClauses_0":["12"],
"clauseNumberBeforeSimplification_RelationalIneqs_splitClauses_1":["12"],
"labeledTemplateNumber_RelationalEqs_splitClauses_1":["9"],
"labeledBinaryVariableTemplatesNumber_RelationalIneqs_splitClauses_0":["6"],
"relationSymbolNumberBeforeSimplification_Labeled_splitClauses_0":["24"],
"clauseNumberAfterSimplification_Empty_splitClauses_0":["821"],
"averagePredicateSize_Empty_splitClauses_0":["10800000"],
"unlabeledTemplateNumber_Term_splitClauses_1":["50"],
"predicateGeneratorTime_Mined_splitClauses_1":["265"],
"labeledBinaryVariableTemplatesNumber_RelationalIneqs_splitClauses_1":["6"],
"predicateGeneratorTime_Unlabeled_splitClauses_0":["10800000"],
"relationSymbolNumberAfterSimplification_Empty_splitClauses_0":["1530"],
"generatedPredicateNumber_Mined_splitClauses_0":["10800000"],
"generatedPredicateNumber_RelationalEqs_splitClauses_1":["8"],
"labeledTemplateRelationSymbolNumber_PredictedCG_splitClauses_0":["1"],
"minedSingleVariableTemplatesNumber_PredictedCG_splitClauses_1":["8"],
"minedTemplateRelationSymbolNumber_PredictedCG_splitClauses_0":["1"],
"unlabeledTemplateRelationSymbolNumber_Labeled_splitClauses_0":["1"],
"solvability_Empty_splitClauses_1":["1"],
"averagePredicateSize_Term_splitClauses_0":["10800000"],
"cegarIterationNumber_Random_splitClauses_1":["8"],
"averagePredicateSize_Labeled_splitClauses_1":["1"],
"unlabeledBinaryVariableTemplatesNumber_Unlabeled_splitClauses_0":["30"],
"generatedPredicateNumber_Unlabeled_splitClauses_1":["8"],
"predicateGeneratorTime_All_splitClauses_0":["10800000"],
"unlabeledBinaryVariableTemplatesNumber_PredictedCDHG_splitClauses_1":["30"],
"clauseNumberBeforeSimplification_Labeled_splitClauses_1":["12"],
"minedBinaryVariableTemplatesNumber_Labeled_splitClauses_1":["6"],
"labeledSingleVariableTemplatesNumber_All_splitClauses_0":["3"],
"unlabeledTemplateRelationSymbolNumber_Mined_splitClauses_0":["1"],
"cegarIterationNumber_Octagon_splitClauses_1":["8"],
"labeledTemplateNumber_Octagon_splitClauses_0":["9"],
"labeledTemplateRelationSymbolNumber_All_splitClauses_1":["1"],
"smt2FileSizeByte_Empty_splitClauses_0":["7425"],
"unlabeledTemplateNumber_Octagon_splitClauses_1":["50"],
"predicateGeneratorTime_RelationalEqs_splitClauses_0":["10800000"],
"unlabeledTemplateRelationSymbolNumber_RelationalIneqs_splitClauses_0":["1"],
"smt2FileSizeByte_RelationalEqs_splitClauses_1":["7425"],
"unlabeledTemplateNumber_Labeled_splitClauses_0":["50"],
"minedSingleVariableTemplatesNumber_Labeled_splitClauses_0":["8"],
"solvingTime_PredictedCDHG_splitClauses_1":["10800000"],
"relationSymbolNumberBeforeSimplification_Term_splitClauses_1":["24"],
"minedTemplateNumber_Octagon_splitClauses_1":["14"],
"clauseNumberBeforeSimplification_Mined_splitClauses_0":["12"],
"smt2FileSizeByte_All_splitClauses_0":["7425"],
"solvingTime_All_splitClauses_0":["10800000"],
"minedBinaryVariableTemplatesNumber_Term_splitClauses_1":["6"],
"unlabeledTemplateRelationSymbolNumber_Random_splitClauses_0":["1"],
"cegarIterationNumber_All_splitClauses_0":["10800000"],
"smt2FileSizeByte_RelationalEqs_splitClauses_0":["7425"],
"unlabeledSingleVariableTemplatesNumber_PredictedCDHG_splitClauses_1":["20"],
"clauseNumberBeforeSimplification_Labeled_splitClauses_0":["12"],
"cegarIterationNumber_PredictedCG_splitClauses_1":["10800000"],
"labeledTemplateRelationSymbolNumber_Unlabeled_splitClauses_0":["1"],
"unlabeledTemplateRelationSymbolNumber_Octagon_splitClauses_1":["1"],
"unlabeledTemplateNumber_Empty_splitClauses_1":["50"],
"clauseNumberBeforeSimplification_Octagon_splitClauses_1":["12"],
"labeledTemplateNumber_Unlabeled_splitClauses_0":["9"],
"labeledBinaryVariableTemplatesNumber_PredictedCG_splitClauses_0":["6"],
"solvability_Term_splitClauses_1":["1"],
"solvability_Octagon_splitClauses_0":["10800000"],
"minedTemplateRelationSymbolNumber_RelationalIneqs_splitClauses_0":["1"],
"clauseNumberBeforeSimplification_RelationalIneqs_splitClauses_0":["12"],
"labeledTemplateNumber_PredictedCG_splitClauses_0":["9"],
"cegarIterationNumber_Labeled_splitClauses_0":["10800000"],
"smt2FileSizeByte_Labeled_splitClauses_1":["7425"],
"clauseNumberBeforeSimplification_Unlabeled_splitClauses_1":["12"],
"generatedPredicateNumber_Term_splitClauses_1":["8"],
"solvingTime_Term_splitClauses_1":["653"],
"unlabeledBinaryVariableTemplatesNumber_Random_splitClauses_1":["30"],
"unlabeledSingleVariableTemplatesNumber_Octagon_splitClauses_0":["20"],
"solvingTime_Octagon_splitClauses_0":["10800000"],
"labeledSingleVariableTemplatesNumber_Mined_splitClauses_1":["3"],
"averagePredicateSize_Term_splitClauses_1":["1"],
"labeledTemplateNumber_Labeled_splitClauses_0":["9"],
"unlabeledSingleVariableTemplatesNumber_PredictedCG_splitClauses_0":["20"],
"smt2FileSizeByte_Mined_splitClauses_1":["7425"],
"labeledBinaryVariableTemplatesNumber_Unlabeled_splitClauses_1":["6"],
"labeledTemplateNumber_All_splitClauses_0":["9"],
"unlabeledTemplateNumber_Random_splitClauses_0":["50"],
"labeledTemplateNumber_Octagon_splitClauses_1":["9"],
"unlabeledTemplateNumber_PredictedCDHG_splitClauses_1":["50"],
"unlabeledBinaryVariableTemplatesNumber_Mined_splitClauses_0":["30"],
"minedTemplateRelationSymbolNumber_Mined_splitClauses_1":["1"],
"labeledTemplateNumber_RelationalIneqs_splitClauses_1":["9"],
"relationSymbolNumberAfterSimplification_All_splitClauses_0":["1530"],
"relationSymbolNumberBeforeSimplification_PredictedCDHG_splitClauses_0":["24"],
"solvability_Term_splitClauses_0":["10800000"],
"clauseNumberBeforeSimplification_PredictedCG_splitClauses_1":["12"],
"generatedPredicateNumber_Labeled_splitClauses_1":["8"],
"labeledSingleVariableTemplatesNumber_Unlabeled_splitClauses_0":["3"],
"unlabeledBinaryVariableTemplatesNumber_Empty_splitClauses_0":["30"],
"solvingTime_Mined_splitClauses_0":["10800000"],
"unlabeledTemplateNumber_All_splitClauses_1":["50"],
"clauseNumberAfterSimplification_Random_splitClauses_1":["821"],
"labeledBinaryVariableTemplatesNumber_Octagon_splitClauses_1":["6"],
"unlabeledBinaryVariableTemplatesNumber_Labeled_splitClauses_0":["30"],
"smt2FileSizeByte_Octagon_splitClauses_0":["7425"],
"labeledSingleVariableTemplatesNumber_Random_splitClauses_1":["3"],
"solvability_Unlabeled_splitClauses_0":["10800000"],
"solvingTime_Unlabeled_splitClauses_0":["10800000"],
"unlabeledTemplateRelationSymbolNumber_All_splitClauses_1":["1"],
"minedTemplateNumber_Empty_splitClauses_1":["14"],
"solvability_RelationalIneqs_splitClauses_0":["10800000"],
"unlabeledTemplateRelationSymbolNumber_Labeled_splitClauses_1":["1"],
"cegarIterationNumber_RelationalEqs_splitClauses_1":["8"],
"minedSingleVariableTemplatesNumber_RelationalEqs_splitClauses_1":["8"],
"clauseNumberAfterSimplification_PredictedCDHG_splitClauses_1":["821"],
"minedBinaryVariableTemplatesNumber_RelationalIneqs_splitClauses_1":["6"],
"unlabeledBinaryVariableTemplatesNumber_Mined_splitClauses_1":["30"],
"unlabeledBinaryVariableTemplatesNumber_PredictedCDHG_splitClauses_0":["30"],
"solvingTime_Empty_splitClauses_1":["840"],
"labeledTemplateRelationSymbolNumber_Empty_splitClauses_1":["1"],
"generatedPredicateNumber_Term_splitClauses_0":["10800000"],
"averagePredicateSize_Empty_splitClauses_1":["1"],
"generatedPredicateNumber_PredictedCG_splitClauses_1":["10800000"],
"labeledTemplateRelationSymbolNumber_PredictedCDHG_splitClauses_1":["1"],
"predicateGeneratorTime_Mined_splitClauses_0":["10800000"],
"relationSymbolNumberBeforeSimplification_Term_splitClauses_0":["24"],
"predicateGeneratorTime_Labeled_splitClauses_0":["10800000"],
"labeledSingleVariableTemplatesNumber_Random_splitClauses_0":["3"],
"unlabeledTemplateRelationSymbolNumber_All_splitClauses_0":["1"],
"minedBinaryVariableTemplatesNumber_Labeled_splitClauses_0":["6"],
"generatedPredicateNumber_Labeled_splitClauses_0":["10800000"],
"relationSymbolNumberAfterSimplification_Empty_splitClauses_1":["1530"],
"solvingTime_Mined_splitClauses_1":["685"],
"minedSingleVariableTemplatesNumber_All_splitClauses_1":["8"],
"predicateGeneratorTime_Random_splitClauses_0":["10800000"],
"cegarIterationNumber_Term_splitClauses_1":["8"],
"labeledTemplateNumber_Empty_splitClauses_1":["9"],
"clauseNumberAfterSimplification_Empty_splitClauses_1":["821"],
"minedTemplateRelationSymbolNumber_Empty_splitClauses_0":["1"],
"unlabeledSingleVariableTemplatesNumber_Term_splitClauses_0":["20"],
"minedSingleVariableTemplatesNumber_Empty_splitClauses_0":["8"],
"relationSymbolNumberAfterSimplification_Random_splitClauses_0":["1530"],
"minedTemplateRelationSymbolNumber_RelationalEqs_splitClauses_0":["1"],
"cegarIterationNumber_Empty_splitClauses_0":["10800000"],
"minedBinaryVariableTemplatesNumber_RelationalEqs_splitClauses_1":["6"],
"relationSymbolNumberBeforeSimplification_PredictedCG_splitClauses_1":["24"],
"labeledSingleVariableTemplatesNumber_All_splitClauses_1":["3"],
"unlabeledTemplateRelationSymbolNumber_Octagon_splitClauses_0":["1"],
"minedTemplateRelationSymbolNumber_Unlabeled_splitClauses_0":["1"],
"labeledBinaryVariableTemplatesNumber_Mined_splitClauses_0":["6"],
"relationSymbolNumberAfterSimplification_Unlabeled_splitClauses_1":["1530"],
"minedTemplateNumber_PredictedCG_splitClauses_1":["14"],
"cegarIterationNumber_Empty_splitClauses_1":["8"],
"averagePredicateSize_RelationalIneqs_splitClauses_0":["10800000"],
"solvability_All_splitClauses_1":["10800000"],
"unlabeledBinaryVariableTemplatesNumber_Term_splitClauses_1":["30"],
"minedTemplateRelationSymbolNumber_Labeled_splitClauses_1":["1"],
"averagePredicateSize_Unlabeled_splitClauses_1":["1"],
"labeledTemplateNumber_Term_splitClauses_0":["9"],
"smt2FileSizeByte_Empty_splitClauses_1":["7425"],
"solvingTime_PredictedCG_splitClauses_0":["10800000"],
"cegarIterationNumber_All_splitClauses_1":["10800000"],
"clauseNumberBeforeSimplification_Term_splitClauses_1":["12"],
"predicateGeneratorTime_Empty_splitClauses_0":["10800000"],
"relationSymbolNumberBeforeSimplification_Empty_splitClauses_1":["24"],
"averagePredicateSize_All_splitClauses_0":["10800000"],
"unlabeledBinaryVariableTemplatesNumber_Random_splitClauses_0":["30"],
"smt2FileSizeByte_Term_splitClauses_0":["7425"],
"averagePredicateSize_Mined_splitClauses_1":["1"],
"minedBinaryVariableTemplatesNumber_Empty_splitClauses_0":["6"],
"minedTemplateRelationSymbolNumber_All_splitClauses_1":["1"],
"labeledSingleVariableTemplatesNumber_PredictedCG_splitClauses_0":["3"],
"unlabeledBinaryVariableTemplatesNumber_RelationalIneqs_splitClauses_0":["30"],
"unlabeledSingleVariableTemplatesNumber_RelationalIneqs_splitClauses_1":["20"],
"clauseNumberAfterSimplification_RelationalIneqs_splitClauses_0":["821"],
"unlabeledTemplateNumber_RelationalEqs_splitClauses_0":["50"],
"unlabeledTemplateNumber_RelationalIneqs_splitClauses_1":["50"],
"labeledTemplateRelationSymbolNumber_PredictedCG_splitClauses_1":["1"],
"labeledTemplateRelationSymbolNumber_All_splitClauses_0":["1"],
"labeledSingleVariableTemplatesNumber_Octagon_splitClauses_0":["3"],
"dummyFiled":[]
}