{
"cegarIterationNumber_Term_splitClauses_0":[24],
"cegarIterationNumber_RelationalIneqs_splitClauses_1":[31],
"cegarIterationNumber_Octagon_splitClauses_0":[24],
"solvingTime_RelationalIneqs_splitClauses_1":[1444],
"solvingTime_Term_splitClauses_0":[1006],
"cegarIterationNumber_RelationalIneqs_splitClauses_0":[24],
"solvingTime_RelationalIneqs_splitClauses_0":[941],
"solvingTime_Octagon_splitClauses_1":[1382],
"cegarIterationNumber_RelationalEqs_splitClauses_0":[24],
"solvingTime_RelationalEqs_splitClauses_0":[850],
"solvingTime_RelationalEqs_splitClauses_1":[1353],
"cegarIterationNumber_Octagon_splitClauses_1":[31],
"solvingTime_Term_splitClauses_1":[1929],
"solvingTime_Octagon_splitClauses_0":[1578],
"cegarIterationNumber_RelationalEqs_splitClauses_1":[31],
"cegarIterationNumber_Term_splitClauses_1":[31],
"dummyFiled":[]
}