{
"cegarIterationNumber_Term_splitClauses_0":[5],
"cegarIterationNumber_RelationalIneqs_splitClauses_1":[5],
"cegarIterationNumber_Octagon_splitClauses_0":[5],
"solvingTime_RelationalIneqs_splitClauses_1":[215],
"solvingTime_Term_splitClauses_0":[176],
"cegarIterationNumber_RelationalIneqs_splitClauses_0":[5],
"solvingTime_RelationalIneqs_splitClauses_0":[256],
"solvingTime_Octagon_splitClauses_1":[216],
"cegarIterationNumber_RelationalEqs_splitClauses_0":[5],
"solvingTime_RelationalEqs_splitClauses_0":[280],
"solvingTime_RelationalEqs_splitClauses_1":[175],
"cegarIterationNumber_Octagon_splitClauses_1":[5],
"solvingTime_Term_splitClauses_1":[290],
"solvingTime_Octagon_splitClauses_0":[244],
"cegarIterationNumber_RelationalEqs_splitClauses_1":[5],
"cegarIterationNumber_Term_splitClauses_1":[5],
"dummyFiled":[]
}