{
"smt2FileSizeByte_All_splitClauses_1":["44831"],
"generatedPredicateNumber_All_splitClauses_1":["10800000"],
"unlabeledTemplateRelationSymbolNumber_PredictedCDHG_splitClauses_0":["9"],
"predicateGeneratorTime_Term_splitClauses_0":["10800000"],
"averagePredicateSize_Random_splitClauses_1":["10800000"],
"labeledBinaryVariableTemplatesNumber_Labeled_splitClauses_1":["16"],
"clauseNumberBeforeSimplification_All_splitClauses_1":["89"],
"minedTemplateRelationSymbolNumber_Term_splitClauses_0":["9"],
"solvingTime_Labeled_splitClauses_1":["10800000"],
"unlabeledTemplateNumber_Labeled_splitClauses_1":["418"],
"relationSymbolNumber_Term_splitClauses_1":["54"],
"minedTemplateRelationSymbolNumber_Octagon_splitClauses_1":["9"],
"clauseNumberAfterSimplification_Mined_splitClauses_1":["43"],
"unlabeledBinaryVariableTemplatesNumber_Term_splitClauses_0":["258"],
"labeledTemplateNumber_PredictedCDHG_splitClauses_0":["16"],
"relationSymbolNumber_RelationalEqs_splitClauses_1":["54"],
"solvability_Empty_splitClauses_0":["10800000"],
"unlabeledTemplateRelationSymbolNumber_Random_splitClauses_1":["9"],
"labeledBinaryVariableTemplatesNumber_Octagon_splitClauses_0":["16"],
"minedTemplateRelationSymbolNumber_Random_splitClauses_1":["9"],
"unlabeledSingleVariableTemplatesNumber_Mined_splitClauses_0":["160"],
"unlabeledBinaryVariableTemplatesNumber_PredictedCG_splitClauses_1":["258"],
"solvability_All_splitClauses_0":["10800000"],
"predicateGeneratorTime_RelationalEqs_splitClauses_1":["10800000"],
"smt2FileSizeByte_PredictedCG_splitClauses_1":["44831"],
"labeledSingleVariableTemplatesNumber_Unlabeled_splitClauses_1":["0"],
"labeledBinaryVariableTemplatesNumber_PredictedCG_splitClauses_1":["16"],
"minedBinaryVariableTemplatesNumber_PredictedCG_splitClauses_0":["16"],
"solvability_Random_splitClauses_0":["10800000"],
"clauseNumberBeforeSimplification_PredictedCDHG_splitClauses_1":["89"],
"labeledSingleVariableTemplatesNumber_Mined_splitClauses_0":["0"],
"solvability_Unlabeled_splitClauses_1":["10800000"],
"cegarIterationNumber_Labeled_splitClauses_1":["10800000"],
"smt2FileSizeByte_Mined_splitClauses_0":["44831"],
"labeledSingleVariableTemplatesNumber_PredictedCG_splitClauses_1":["0"],
"smt2FileSizeByte_Octagon_splitClauses_1":["44831"],
"minedTemplateNumber_Labeled_splitClauses_1":["72"],
"labeledSingleVariableTemplatesNumber_RelationalIneqs_splitClauses_1":["0"],
"clauseNumberAfterSimplification_Labeled_splitClauses_1":["43"],
"smt2FileSizeByte_Random_splitClauses_0":["44831"],
"unlabeledTemplateRelationSymbolNumber_PredictedCDHG_splitClauses_1":["9"],
"labeledSingleVariableTemplatesNumber_Term_splitClauses_0":["0"],
"generatedPredicateNumber_PredictedCDHG_splitClauses_1":["10800000"],
"minedSingleVariableTemplatesNumber_Unlabeled_splitClauses_0":["56"],
"generatedPredicateNumber_Octagon_splitClauses_1":["10800000"],
"labeledSingleVariableTemplatesNumber_RelationalEqs_splitClauses_0":["0"],
"predicateGeneratorTime_PredictedCG_splitClauses_1":["10800000"],
"labeledTemplateNumber_Labeled_splitClauses_1":["16"],
"labeledSingleVariableTemplatesNumber_Empty_splitClauses_0":["0"],
"minedTemplateRelationSymbolNumber_RelationalIneqs_splitClauses_1":["9"],
"unlabeledSingleVariableTemplatesNumber_All_splitClauses_1":["160"],
"labeledBinaryVariableTemplatesNumber_PredictedCDHG_splitClauses_1":["16"],
"unlabeledSingleVariableTemplatesNumber_RelationalEqs_splitClauses_1":["160"],
"cegarIterationNumber_Term_splitClauses_0":["10800000"],
"unlabeledBinaryVariableTemplatesNumber_Labeled_splitClauses_1":["258"],
"unlabeledSingleVariableTemplatesNumber_Term_splitClauses_1":["160"],
"clauseNumberAfterSimplification_All_splitClauses_1":["43"],
"minedSingleVariableTemplatesNumber_Random_splitClauses_0":["56"],
"solvability_RelationalIneqs_splitClauses_1":["10800000"],
"minedTemplateNumber_Labeled_splitClauses_0":["72"],
"minedSingleVariableTemplatesNumber_Octagon_splitClauses_0":["56"],
"minedSingleVariableTemplatesNumber_Term_splitClauses_1":["56"],
"minedBinaryVariableTemplatesNumber_PredictedCDHG_splitClauses_1":["16"],
"generatedPredicateNumber_Mined_splitClauses_1":["14"],
"relationSymbolNumber_Octagon_splitClauses_1":["54"],
"relationSymbolNumber_Unlabeled_splitClauses_1":["54"],
"labeledSingleVariableTemplatesNumber_RelationalIneqs_splitClauses_0":["0"],
"averagePredicateSize_Mined_splitClauses_0":["10800000"],
"cegarIterationNumber_Unlabeled_splitClauses_0":["10800000"],
"minedBinaryVariableTemplatesNumber_Random_splitClauses_0":["16"],
"labeledTemplateNumber_Mined_splitClauses_1":["16"],
"labeledBinaryVariableTemplatesNumber_Random_splitClauses_0":["16"],
"unlabeledTemplateRelationSymbolNumber_Unlabeled_splitClauses_1":["9"],
"cegarIterationNumber_Mined_splitClauses_0":["10800000"],
"minedTemplateRelationSymbolNumber_Labeled_splitClauses_0":["9"],
"unlabeledBinaryVariableTemplatesNumber_RelationalIneqs_splitClauses_1":["258"],
"unlabeledBinaryVariableTemplatesNumber_Octagon_splitClauses_0":["258"],
"solvability_Mined_splitClauses_0":["10800000"],
"averagePredicateSize_RelationalEqs_splitClauses_0":["10800000"],
"clauseNumberAfterSimplification_Term_splitClauses_0":["43"],
"unlabeledTemplateNumber_Mined_splitClauses_0":["418"],
"unlabeledTemplateNumber_PredictedCDHG_splitClauses_0":["418"],
"cegarIterationNumber_RelationalIneqs_splitClauses_1":["10800000"],
"minedBinaryVariableTemplatesNumber_Unlabeled_splitClauses_1":["16"],
"labeledTemplateNumber_PredictedCG_splitClauses_1":["16"],
"labeledTemplateRelationSymbolNumber_Mined_splitClauses_0":["6"],
"labeledBinaryVariableTemplatesNumber_Mined_splitClauses_1":["16"],
"clauseNumberAfterSimplification_RelationalIneqs_splitClauses_1":["43"],
"minedSingleVariableTemplatesNumber_PredictedCDHG_splitClauses_0":["56"],
"solvability_Labeled_splitClauses_1":["10800000"],
"labeledSingleVariableTemplatesNumber_Octagon_splitClauses_1":["0"],
"averagePredicateSize_Random_splitClauses_0":["10800000"],
"smt2FileSizeByte_RelationalIneqs_splitClauses_0":["44831"],
"generatedPredicateNumber_Unlabeled_splitClauses_0":["10800000"],
"solvability_RelationalEqs_splitClauses_0":["10800000"],
"predicateGeneratorTime_Empty_splitClauses_1":["10800000"],
"minedSingleVariableTemplatesNumber_Mined_splitClauses_0":["56"],
"minedTemplateRelationSymbolNumber_PredictedCDHG_splitClauses_1":["9"],
"minedTemplateNumber_PredictedCG_splitClauses_0":["72"],
"averagePredicateSize_RelationalIneqs_splitClauses_1":["10800000"],
"labeledTemplateRelationSymbolNumber_Random_splitClauses_1":["6"],
"minedTemplateNumber_RelationalIneqs_splitClauses_0":["72"],
"predicateGeneratorTime_RelationalIneqs_splitClauses_0":["10800000"],
"labeledTemplateRelationSymbolNumber_Empty_splitClauses_0":["6"],
"minedBinaryVariableTemplatesNumber_Octagon_splitClauses_0":["16"],
"relationSymbolNumber_Labeled_splitClauses_0":["54"],
"labeledSingleVariableTemplatesNumber_Term_splitClauses_1":["0"],
"labeledBinaryVariableTemplatesNumber_Empty_splitClauses_0":["16"],
"minedTemplateNumber_Octagon_splitClauses_0":["72"],
"labeledBinaryVariableTemplatesNumber_Unlabeled_splitClauses_0":["16"],
"clauseNumberAfterSimplification_PredictedCDHG_splitClauses_0":["43"],
"smt2FileSizeByte_PredictedCG_splitClauses_0":["44831"],
"minedBinaryVariableTemplatesNumber_RelationalEqs_splitClauses_0":["16"],
"labeledTemplateRelationSymbolNumber_RelationalEqs_splitClauses_1":["6"],
"minedBinaryVariableTemplatesNumber_Random_splitClauses_1":["16"],
"clauseNumberAfterSimplification_Unlabeled_splitClauses_1":["43"],
"minedSingleVariableTemplatesNumber_PredictedCDHG_splitClauses_1":["56"],
"labeledBinaryVariableTemplatesNumber_Term_splitClauses_1":["16"],
"clauseNumberBeforeSimplification_Empty_splitClauses_1":["89"],
"minedBinaryVariableTemplatesNumber_Mined_splitClauses_1":["16"],
"unlabeledBinaryVariableTemplatesNumber_Unlabeled_splitClauses_1":["258"],
"unlabeledTemplateNumber_PredictedCG_splitClauses_1":["418"],
"generatedPredicateNumber_Empty_splitClauses_0":["10800000"],
"predicateGeneratorTime_RelationalIneqs_splitClauses_1":["10800000"],
"unlabeledSingleVariableTemplatesNumber_Empty_splitClauses_0":["160"],
"cegarIterationNumber_Octagon_splitClauses_0":["10800000"],
"clauseNumberAfterSimplification_Octagon_splitClauses_1":["43"],
"unlabeledSingleVariableTemplatesNumber_Labeled_splitClauses_1":["160"],
"clauseNumberBeforeSimplification_Random_splitClauses_1":["89"],
"minedTemplateRelationSymbolNumber_All_splitClauses_0":["9"],
"unlabeledTemplateRelationSymbolNumber_RelationalEqs_splitClauses_0":["9"],
"minedSingleVariableTemplatesNumber_Unlabeled_splitClauses_1":["56"],
"clauseNumberBeforeSimplification_RelationalEqs_splitClauses_0":["89"],
"minedTemplateNumber_Unlabeled_splitClauses_0":["72"],
"generatedPredicateNumber_Octagon_splitClauses_0":["10800000"],
"predicateGeneratorTime_PredictedCDHG_splitClauses_0":["10800000"],
"clauseNumberAfterSimplification_PredictedCG_splitClauses_1":["43"],
"labeledSingleVariableTemplatesNumber_RelationalEqs_splitClauses_1":["0"],
"smt2FileSizeByte_Random_splitClauses_1":["44831"],
"averagePredicateSize_PredictedCG_splitClauses_1":["10800000"],
"cegarIterationNumber_PredictedCDHG_splitClauses_1":["10800000"],
"clauseNumberAfterSimplification_RelationalEqs_splitClauses_1":["43"],
"minedBinaryVariableTemplatesNumber_Empty_splitClauses_1":["16"],
"minedTemplateNumber_PredictedCDHG_splitClauses_0":["72"],
"labeledBinaryVariableTemplatesNumber_All_splitClauses_1":["16"],
"solvingTime_RelationalIneqs_splitClauses_1":["10800000"],
"unlabeledTemplateRelationSymbolNumber_RelationalEqs_splitClauses_1":["9"],
"smt2FileSizeByte_Unlabeled_splitClauses_0":["44831"],
"generatedPredicateNumber_All_splitClauses_0":["10800000"],
"predicateGeneratorTime_Octagon_splitClauses_1":["10800000"],
"solvability_Mined_splitClauses_1":["1"],
"minedTemplateRelationSymbolNumber_Term_splitClauses_1":["9"],
"clauseNumberAfterSimplification_Mined_splitClauses_0":["43"],
"solvability_PredictedCDHG_splitClauses_0":["10800000"],
"solvingTime_Empty_splitClauses_0":["10800000"],
"unlabeledSingleVariableTemplatesNumber_Unlabeled_splitClauses_1":["160"],
"minedTemplateNumber_Term_splitClauses_1":["72"],
"averagePredicateSize_Octagon_splitClauses_1":["10800000"],
"relationSymbolNumber_Empty_splitClauses_1":["54"],
"unlabeledSingleVariableTemplatesNumber_Octagon_splitClauses_1":["160"],
"minedTemplateRelationSymbolNumber_RelationalEqs_splitClauses_1":["9"],
"minedBinaryVariableTemplatesNumber_RelationalIneqs_splitClauses_0":["16"],
"predicateGeneratorTime_Term_splitClauses_1":["10800000"],
"solvingTime_Labeled_splitClauses_0":["10800000"],
"unlabeledBinaryVariableTemplatesNumber_PredictedCG_splitClauses_0":["258"],
"minedTemplateNumber_All_splitClauses_0":["72"],
"predicateGeneratorTime_Labeled_splitClauses_1":["10800000"],
"unlabeledTemplateRelationSymbolNumber_Empty_splitClauses_0":["9"],
"unlabeledTemplateNumber_Mined_splitClauses_1":["418"],
"solvability_PredictedCG_splitClauses_1":["10800000"],
"unlabeledTemplateNumber_Term_splitClauses_0":["418"],
"minedBinaryVariableTemplatesNumber_PredictedCG_splitClauses_1":["16"],
"labeledSingleVariableTemplatesNumber_PredictedCDHG_splitClauses_0":["0"],
"minedBinaryVariableTemplatesNumber_All_splitClauses_0":["16"],
"averagePredicateSize_PredictedCDHG_splitClauses_1":["10800000"],
"predicateGeneratorTime_PredictedCG_splitClauses_0":["10800000"],
"generatedPredicateNumber_RelationalIneqs_splitClauses_0":["10800000"],
"labeledTemplateNumber_Empty_splitClauses_0":["16"],
"unlabeledTemplateRelationSymbolNumber_Term_splitClauses_0":["9"],
"minedTemplateNumber_All_splitClauses_1":["72"],
"labeledSingleVariableTemplatesNumber_Empty_splitClauses_1":["0"],
"minedBinaryVariableTemplatesNumber_Unlabeled_splitClauses_0":["16"],
"labeledTemplateNumber_Random_splitClauses_0":["16"],
"minedBinaryVariableTemplatesNumber_All_splitClauses_1":["16"],
"unlabeledSingleVariableTemplatesNumber_All_splitClauses_0":["160"],
"smt2FileSizeByte_PredictedCDHG_splitClauses_1":["44831"],
"labeledBinaryVariableTemplatesNumber_PredictedCDHG_splitClauses_0":["16"],
"averagePredicateSize_RelationalEqs_splitClauses_1":["10800000"],
"minedSingleVariableTemplatesNumber_Term_splitClauses_0":["56"],
"labeledTemplateRelationSymbolNumber_Term_splitClauses_1":["6"],
"generatedPredicateNumber_Random_splitClauses_0":["10800000"],
"labeledBinaryVariableTemplatesNumber_Empty_splitClauses_1":["16"],
"clauseNumberAfterSimplification_Labeled_splitClauses_0":["43"],
"labeledSingleVariableTemplatesNumber_Labeled_splitClauses_0":["0"],
"minedTemplateNumber_Mined_splitClauses_1":["72"],
"labeledTemplateRelationSymbolNumber_Labeled_splitClauses_0":["6"],
"unlabeledTemplateRelationSymbolNumber_Mined_splitClauses_1":["9"],
"solvability_Labeled_splitClauses_0":["10800000"],
"minedTemplateNumber_RelationalEqs_splitClauses_1":["72"],
"solvingTime_Random_splitClauses_1":["10800000"],
"minedTemplateNumber_Random_splitClauses_0":["72"],
"cegarIterationNumber_Unlabeled_splitClauses_1":["10800000"],
"minedTemplateNumber_RelationalIneqs_splitClauses_1":["72"],
"unlabeledBinaryVariableTemplatesNumber_Octagon_splitClauses_1":["258"],
"minedSingleVariableTemplatesNumber_Octagon_splitClauses_1":["56"],
"minedSingleVariableTemplatesNumber_Random_splitClauses_1":["56"],
"averagePredicateSize_All_splitClauses_1":["10800000"],
"minedTemplateNumber_Empty_splitClauses_0":["72"],
"labeledTemplateNumber_Mined_splitClauses_0":["16"],
"unlabeledBinaryVariableTemplatesNumber_All_splitClauses_0":["258"],
"labeledSingleVariableTemplatesNumber_PredictedCDHG_splitClauses_1":["0"],
"minedSingleVariableTemplatesNumber_Mined_splitClauses_1":["56"],
"labeledTemplateRelationSymbolNumber_Term_splitClauses_0":["6"],
"unlabeledTemplateRelationSymbolNumber_Term_splitClauses_1":["9"],
"predicateGeneratorTime_All_splitClauses_1":["10800000"],
"unlabeledSingleVariableTemplatesNumber_Random_splitClauses_0":["160"],
"predicateGeneratorTime_Unlabeled_splitClauses_1":["10800000"],
"cegarIterationNumber_PredictedCDHG_splitClauses_0":["10800000"],
"labeledTemplateNumber_RelationalEqs_splitClauses_0":["16"],
"labeledTemplateRelationSymbolNumber_Mined_splitClauses_1":["6"],
"labeledTemplateRelationSymbolNumber_Random_splitClauses_0":["6"],
"labeledBinaryVariableTemplatesNumber_RelationalEqs_splitClauses_1":["16"],
"generatedPredicateNumber_RelationalIneqs_splitClauses_1":["10800000"],
"unlabeledTemplateRelationSymbolNumber_PredictedCG_splitClauses_1":["9"],
"unlabeledSingleVariableTemplatesNumber_RelationalEqs_splitClauses_0":["160"],
"labeledBinaryVariableTemplatesNumber_Labeled_splitClauses_0":["16"],
"minedBinaryVariableTemplatesNumber_PredictedCDHG_splitClauses_0":["16"],
"unlabeledTemplateRelationSymbolNumber_Unlabeled_splitClauses_0":["9"],
"clauseNumberAfterSimplification_Term_splitClauses_1":["43"],
"relationSymbolNumber_RelationalIneqs_splitClauses_0":["54"],
"unlabeledTemplateNumber_Octagon_splitClauses_0":["418"],
"unlabeledBinaryVariableTemplatesNumber_RelationalEqs_splitClauses_1":["258"],
"unlabeledTemplateNumber_PredictedCG_splitClauses_0":["418"],
"unlabeledTemplateNumber_All_splitClauses_0":["418"],
"labeledTemplateRelationSymbolNumber_RelationalIneqs_splitClauses_1":["6"],
"unlabeledSingleVariableTemplatesNumber_Mined_splitClauses_1":["160"],
"labeledTemplateRelationSymbolNumber_Unlabeled_splitClauses_1":["6"],
"labeledBinaryVariableTemplatesNumber_Random_splitClauses_1":["16"],
"relationSymbolNumber_RelationalEqs_splitClauses_0":["54"],
"solvability_Random_splitClauses_1":["10800000"],
"solvingTime_Term_splitClauses_0":["10800000"],
"minedSingleVariableTemplatesNumber_Labeled_splitClauses_1":["56"],
"relationSymbolNumber_Random_splitClauses_0":["54"],
"clauseNumberBeforeSimplification_Term_splitClauses_0":["89"],
"minedTemplateRelationSymbolNumber_Mined_splitClauses_0":["9"],
"solvability_Octagon_splitClauses_1":["10800000"],
"relationSymbolNumber_Labeled_splitClauses_1":["54"],
"minedSingleVariableTemplatesNumber_RelationalIneqs_splitClauses_1":["56"],
"smt2FileSizeByte_Labeled_splitClauses_0":["44831"],
"solvability_RelationalEqs_splitClauses_1":["10800000"],
"unlabeledSingleVariableTemplatesNumber_Empty_splitClauses_1":["160"],
"labeledTemplateNumber_PredictedCDHG_splitClauses_1":["16"],
"minedTemplateRelationSymbolNumber_Octagon_splitClauses_0":["9"],
"clauseNumberAfterSimplification_Unlabeled_splitClauses_0":["43"],
"clauseNumberBeforeSimplification_Unlabeled_splitClauses_0":["89"],
"clauseNumberBeforeSimplification_PredictedCDHG_splitClauses_0":["89"],
"cegarIterationNumber_RelationalIneqs_splitClauses_0":["10800000"],
"relationSymbolNumber_All_splitClauses_0":["54"],
"labeledTemplateRelationSymbolNumber_RelationalEqs_splitClauses_0":["6"],
"averagePredicateSize_Labeled_splitClauses_0":["10800000"],
"smt2FileSizeByte_RelationalIneqs_splitClauses_1":["44831"],
"clauseNumberBeforeSimplification_RelationalEqs_splitClauses_1":["89"],
"unlabeledTemplateRelationSymbolNumber_RelationalIneqs_splitClauses_1":["9"],
"clauseNumberBeforeSimplification_PredictedCG_splitClauses_0":["89"],
"solvingTime_PredictedCDHG_splitClauses_0":["10800000"],
"labeledTemplateRelationSymbolNumber_Octagon_splitClauses_1":["6"],
"minedTemplateRelationSymbolNumber_PredictedCG_splitClauses_1":["9"],
"labeledTemplateNumber_Random_splitClauses_1":["16"],
"solvingTime_RelationalIneqs_splitClauses_0":["10800000"],
"labeledTemplateNumber_All_splitClauses_1":["16"],
"unlabeledTemplateNumber_Random_splitClauses_1":["418"],
"relationSymbolNumber_PredictedCDHG_splitClauses_1":["54"],
"smt2FileSizeByte_Unlabeled_splitClauses_1":["44831"],
"cegarIterationNumber_PredictedCG_splitClauses_0":["10800000"],
"predicateGeneratorTime_Octagon_splitClauses_0":["10800000"],
"unlabeledTemplateNumber_RelationalEqs_splitClauses_1":["418"],
"clauseNumberAfterSimplification_Octagon_splitClauses_0":["43"],
"cegarIterationNumber_Random_splitClauses_0":["10800000"],
"solvability_PredictedCDHG_splitClauses_1":["10800000"],
"solvability_PredictedCG_splitClauses_0":["10800000"],
"solvingTime_PredictedCG_splitClauses_1":["10800000"],
"unlabeledSingleVariableTemplatesNumber_Unlabeled_splitClauses_0":["160"],
"unlabeledTemplateNumber_Unlabeled_splitClauses_0":["418"],
"labeledTemplateRelationSymbolNumber_RelationalIneqs_splitClauses_0":["6"],
"minedTemplateNumber_Random_splitClauses_1":["72"],
"relationSymbolNumber_PredictedCG_splitClauses_0":["54"],
"generatedPredicateNumber_RelationalEqs_splitClauses_0":["10800000"],
"minedTemplateNumber_Term_splitClauses_0":["72"],
"solvingTime_All_splitClauses_1":["10800000"],
"minedSingleVariableTemplatesNumber_PredictedCG_splitClauses_0":["56"],
"smt2FileSizeByte_Term_splitClauses_1":["44831"],
"labeledBinaryVariableTemplatesNumber_All_splitClauses_0":["16"],
"minedTemplateNumber_PredictedCDHG_splitClauses_1":["72"],
"minedTemplateRelationSymbolNumber_PredictedCDHG_splitClauses_0":["9"],
"averagePredicateSize_Unlabeled_splitClauses_0":["10800000"],
"minedBinaryVariableTemplatesNumber_Octagon_splitClauses_1":["16"],
"unlabeledSingleVariableTemplatesNumber_Random_splitClauses_1":["160"],
"clauseNumberBeforeSimplification_Random_splitClauses_0":["89"],
"solvingTime_Unlabeled_splitClauses_1":["10800000"],
"predicateGeneratorTime_PredictedCDHG_splitClauses_1":["10800000"],
"averagePredicateSize_PredictedCDHG_splitClauses_0":["10800000"],
"minedBinaryVariableTemplatesNumber_Term_splitClauses_0":["16"],
"labeledTemplateNumber_RelationalIneqs_splitClauses_0":["16"],
"clauseNumberAfterSimplification_Random_splitClauses_0":["43"],
"clauseNumberAfterSimplification_PredictedCG_splitClauses_0":["43"],
"generatedPredicateNumber_Empty_splitClauses_1":["10800000"],
"clauseNumberBeforeSimplification_Octagon_splitClauses_0":["89"],
"unlabeledTemplateNumber_Empty_splitClauses_0":["418"],
"minedSingleVariableTemplatesNumber_All_splitClauses_0":["56"],
"labeledTemplateRelationSymbolNumber_Octagon_splitClauses_0":["6"],
"generatedPredicateNumber_Random_splitClauses_1":["10800000"],
"clauseNumberAfterSimplification_RelationalEqs_splitClauses_0":["43"],
"labeledBinaryVariableTemplatesNumber_Term_splitClauses_0":["16"],
"minedSingleVariableTemplatesNumber_RelationalEqs_splitClauses_0":["56"],
"minedTemplateNumber_Mined_splitClauses_0":["72"],
"averagePredicateSize_Octagon_splitClauses_0":["10800000"],
"unlabeledBinaryVariableTemplatesNumber_Empty_splitClauses_1":["258"],
"relationSymbolNumber_Unlabeled_splitClauses_0":["54"],
"unlabeledSingleVariableTemplatesNumber_PredictedCDHG_splitClauses_0":["160"],
"unlabeledSingleVariableTemplatesNumber_PredictedCG_splitClauses_1":["160"],
"labeledTemplateRelationSymbolNumber_Labeled_splitClauses_1":["6"],
"minedTemplateRelationSymbolNumber_Random_splitClauses_0":["9"],
"unlabeledTemplateRelationSymbolNumber_PredictedCG_splitClauses_0":["9"],
"unlabeledTemplateNumber_RelationalIneqs_splitClauses_0":["418"],
"unlabeledSingleVariableTemplatesNumber_Labeled_splitClauses_0":["160"],
"minedTemplateNumber_Unlabeled_splitClauses_1":["72"],
"generatedPredicateNumber_PredictedCG_splitClauses_0":["10800000"],
"labeledTemplateNumber_Unlabeled_splitClauses_1":["16"],
"unlabeledTemplateRelationSymbolNumber_Empty_splitClauses_1":["9"],
"clauseNumberBeforeSimplification_Empty_splitClauses_0":["89"],
"solvingTime_Octagon_splitClauses_1":["10800000"],
"cegarIterationNumber_Mined_splitClauses_1":["5"],
"clauseNumberBeforeSimplification_Mined_splitClauses_1":["89"],
"smt2FileSizeByte_PredictedCDHG_splitClauses_0":["44831"],
"averagePredicateSize_PredictedCG_splitClauses_0":["10800000"],
"solvingTime_Random_splitClauses_0":["10800000"],
"minedTemplateNumber_RelationalEqs_splitClauses_0":["72"],
"unlabeledSingleVariableTemplatesNumber_RelationalIneqs_splitClauses_0":["160"],
"unlabeledTemplateNumber_Unlabeled_splitClauses_1":["418"],
"labeledBinaryVariableTemplatesNumber_RelationalEqs_splitClauses_0":["16"],
"generatedPredicateNumber_PredictedCDHG_splitClauses_0":["10800000"],
"minedTemplateRelationSymbolNumber_Empty_splitClauses_1":["9"],
"predicateGeneratorTime_Random_splitClauses_1":["10800000"],
"labeledTemplateNumber_Term_splitClauses_1":["16"],
"minedSingleVariableTemplatesNumber_Empty_splitClauses_1":["56"],
"minedSingleVariableTemplatesNumber_RelationalIneqs_splitClauses_0":["56"],
"clauseNumberAfterSimplification_All_splitClauses_0":["43"],
"unlabeledBinaryVariableTemplatesNumber_RelationalEqs_splitClauses_0":["258"],
"cegarIterationNumber_RelationalEqs_splitClauses_0":["10800000"],
"labeledTemplateRelationSymbolNumber_PredictedCDHG_splitClauses_0":["6"],
"labeledSingleVariableTemplatesNumber_Labeled_splitClauses_1":["0"],
"unlabeledBinaryVariableTemplatesNumber_All_splitClauses_1":["258"],
"minedTemplateRelationSymbolNumber_Unlabeled_splitClauses_1":["9"],
"solvingTime_RelationalEqs_splitClauses_0":["10800000"],
"solvingTime_RelationalEqs_splitClauses_1":["10800000"],
"minedBinaryVariableTemplatesNumber_Mined_splitClauses_0":["16"],
"clauseNumberBeforeSimplification_All_splitClauses_0":["89"],
"clauseNumberBeforeSimplification_RelationalIneqs_splitClauses_1":["89"],
"labeledTemplateNumber_RelationalEqs_splitClauses_1":["16"],
"labeledBinaryVariableTemplatesNumber_RelationalIneqs_splitClauses_0":["16"],
"clauseNumberAfterSimplification_Empty_splitClauses_0":["43"],
"averagePredicateSize_Empty_splitClauses_0":["10800000"],
"relationSymbolNumber_PredictedCG_splitClauses_1":["54"],
"unlabeledTemplateNumber_Term_splitClauses_1":["418"],
"predicateGeneratorTime_Mined_splitClauses_1":["212"],
"relationSymbolNumber_Mined_splitClauses_0":["54"],
"labeledBinaryVariableTemplatesNumber_RelationalIneqs_splitClauses_1":["16"],
"predicateGeneratorTime_Unlabeled_splitClauses_0":["10800000"],
"generatedPredicateNumber_Mined_splitClauses_0":["10800000"],
"generatedPredicateNumber_RelationalEqs_splitClauses_1":["10800000"],
"labeledTemplateRelationSymbolNumber_PredictedCG_splitClauses_0":["6"],
"minedSingleVariableTemplatesNumber_PredictedCG_splitClauses_1":["56"],
"minedTemplateRelationSymbolNumber_PredictedCG_splitClauses_0":["9"],
"unlabeledTemplateRelationSymbolNumber_Labeled_splitClauses_0":["9"],
"solvability_Empty_splitClauses_1":["10800000"],
"averagePredicateSize_Term_splitClauses_0":["10800000"],
"cegarIterationNumber_Random_splitClauses_1":["10800000"],
"relationSymbolNumber_All_splitClauses_1":["54"],
"averagePredicateSize_Labeled_splitClauses_1":["10800000"],
"unlabeledBinaryVariableTemplatesNumber_Unlabeled_splitClauses_0":["258"],
"generatedPredicateNumber_Unlabeled_splitClauses_1":["10800000"],
"predicateGeneratorTime_All_splitClauses_0":["10800000"],
"unlabeledBinaryVariableTemplatesNumber_PredictedCDHG_splitClauses_1":["258"],
"clauseNumberBeforeSimplification_Labeled_splitClauses_1":["89"],
"minedBinaryVariableTemplatesNumber_Labeled_splitClauses_1":["16"],
"labeledSingleVariableTemplatesNumber_All_splitClauses_0":["0"],
"unlabeledTemplateRelationSymbolNumber_Mined_splitClauses_0":["9"],
"cegarIterationNumber_Octagon_splitClauses_1":["10800000"],
"labeledTemplateNumber_Octagon_splitClauses_0":["16"],
"labeledTemplateRelationSymbolNumber_All_splitClauses_1":["6"],
"smt2FileSizeByte_Empty_splitClauses_0":["44831"],
"relationSymbolNumber_RelationalIneqs_splitClauses_1":["54"],
"unlabeledTemplateNumber_Octagon_splitClauses_1":["418"],
"predicateGeneratorTime_RelationalEqs_splitClauses_0":["10800000"],
"unlabeledTemplateRelationSymbolNumber_RelationalIneqs_splitClauses_0":["9"],
"smt2FileSizeByte_RelationalEqs_splitClauses_1":["44831"],
"unlabeledTemplateNumber_Labeled_splitClauses_0":["418"],
"relationSymbolNumber_Random_splitClauses_1":["54"],
"minedSingleVariableTemplatesNumber_Labeled_splitClauses_0":["56"],
"solvingTime_PredictedCDHG_splitClauses_1":["10800000"],
"minedTemplateNumber_Octagon_splitClauses_1":["72"],
"clauseNumberBeforeSimplification_Mined_splitClauses_0":["89"],
"smt2FileSizeByte_All_splitClauses_0":["44831"],
"solvingTime_All_splitClauses_0":["10800000"],
"minedBinaryVariableTemplatesNumber_Term_splitClauses_1":["16"],
"unlabeledTemplateRelationSymbolNumber_Random_splitClauses_0":["9"],
"cegarIterationNumber_All_splitClauses_0":["10800000"],
"smt2FileSizeByte_RelationalEqs_splitClauses_0":["44831"],
"unlabeledSingleVariableTemplatesNumber_PredictedCDHG_splitClauses_1":["160"],
"clauseNumberBeforeSimplification_Labeled_splitClauses_0":["89"],
"cegarIterationNumber_PredictedCG_splitClauses_1":["10800000"],
"labeledTemplateRelationSymbolNumber_Unlabeled_splitClauses_0":["6"],
"unlabeledTemplateRelationSymbolNumber_Octagon_splitClauses_1":["9"],
"unlabeledTemplateNumber_Empty_splitClauses_1":["418"],
"clauseNumberBeforeSimplification_Octagon_splitClauses_1":["89"],
"labeledTemplateNumber_Unlabeled_splitClauses_0":["16"],
"labeledBinaryVariableTemplatesNumber_PredictedCG_splitClauses_0":["16"],
"solvability_Term_splitClauses_1":["10800000"],
"solvability_Octagon_splitClauses_0":["10800000"],
"minedTemplateRelationSymbolNumber_RelationalIneqs_splitClauses_0":["9"],
"clauseNumberBeforeSimplification_RelationalIneqs_splitClauses_0":["89"],
"labeledTemplateNumber_PredictedCG_splitClauses_0":["16"],
"cegarIterationNumber_Labeled_splitClauses_0":["10800000"],
"smt2FileSizeByte_Labeled_splitClauses_1":["44831"],
"clauseNumberBeforeSimplification_Unlabeled_splitClauses_1":["89"],
"generatedPredicateNumber_Term_splitClauses_1":["10800000"],
"solvingTime_Term_splitClauses_1":["10800000"],
"unlabeledBinaryVariableTemplatesNumber_Random_splitClauses_1":["258"],
"unlabeledSingleVariableTemplatesNumber_Octagon_splitClauses_0":["160"],
"solvingTime_Octagon_splitClauses_0":["10800000"],
"labeledSingleVariableTemplatesNumber_Mined_splitClauses_1":["0"],
"averagePredicateSize_Term_splitClauses_1":["10800000"],
"labeledTemplateNumber_Labeled_splitClauses_0":["16"],
"unlabeledSingleVariableTemplatesNumber_PredictedCG_splitClauses_0":["160"],
"smt2FileSizeByte_Mined_splitClauses_1":["44831"],
"labeledBinaryVariableTemplatesNumber_Unlabeled_splitClauses_1":["16"],
"labeledTemplateNumber_All_splitClauses_0":["16"],
"unlabeledTemplateNumber_Random_splitClauses_0":["418"],
"labeledTemplateNumber_Octagon_splitClauses_1":["16"],
"unlabeledTemplateNumber_PredictedCDHG_splitClauses_1":["418"],
"unlabeledBinaryVariableTemplatesNumber_Mined_splitClauses_0":["258"],
"minedTemplateRelationSymbolNumber_Mined_splitClauses_1":["9"],
"labeledTemplateNumber_RelationalIneqs_splitClauses_1":["16"],
"solvability_Term_splitClauses_0":["10800000"],
"relationSymbolNumber_Octagon_splitClauses_0":["54"],
"clauseNumberBeforeSimplification_PredictedCG_splitClauses_1":["89"],
"generatedPredicateNumber_Labeled_splitClauses_1":["10800000"],
"labeledSingleVariableTemplatesNumber_Unlabeled_splitClauses_0":["0"],
"unlabeledBinaryVariableTemplatesNumber_Empty_splitClauses_0":["258"],
"solvingTime_Mined_splitClauses_0":["10800000"],
"unlabeledTemplateNumber_All_splitClauses_1":["418"],
"clauseNumberAfterSimplification_Random_splitClauses_1":["43"],
"labeledBinaryVariableTemplatesNumber_Octagon_splitClauses_1":["16"],
"unlabeledBinaryVariableTemplatesNumber_Labeled_splitClauses_0":["258"],
"smt2FileSizeByte_Octagon_splitClauses_0":["44831"],
"labeledSingleVariableTemplatesNumber_Random_splitClauses_1":["0"],
"solvability_Unlabeled_splitClauses_0":["10800000"],
"solvingTime_Unlabeled_splitClauses_0":["10800000"],
"unlabeledTemplateRelationSymbolNumber_All_splitClauses_1":["9"],
"minedTemplateNumber_Empty_splitClauses_1":["72"],
"solvability_RelationalIneqs_splitClauses_0":["10800000"],
"unlabeledTemplateRelationSymbolNumber_Labeled_splitClauses_1":["9"],
"cegarIterationNumber_RelationalEqs_splitClauses_1":["10800000"],
"minedSingleVariableTemplatesNumber_RelationalEqs_splitClauses_1":["56"],
"clauseNumberAfterSimplification_PredictedCDHG_splitClauses_1":["43"],
"minedBinaryVariableTemplatesNumber_RelationalIneqs_splitClauses_1":["16"],
"unlabeledBinaryVariableTemplatesNumber_Mined_splitClauses_1":["258"],
"unlabeledBinaryVariableTemplatesNumber_PredictedCDHG_splitClauses_0":["258"],
"solvingTime_Empty_splitClauses_1":["10800000"],
"labeledTemplateRelationSymbolNumber_Empty_splitClauses_1":["6"],
"generatedPredicateNumber_Term_splitClauses_0":["10800000"],
"averagePredicateSize_Empty_splitClauses_1":["10800000"],
"generatedPredicateNumber_PredictedCG_splitClauses_1":["10800000"],
"labeledTemplateRelationSymbolNumber_PredictedCDHG_splitClauses_1":["6"],
"relationSymbolNumber_Mined_splitClauses_1":["54"],
"predicateGeneratorTime_Mined_splitClauses_0":["10800000"],
"predicateGeneratorTime_Labeled_splitClauses_0":["10800000"],
"labeledSingleVariableTemplatesNumber_Random_splitClauses_0":["0"],
"unlabeledTemplateRelationSymbolNumber_All_splitClauses_0":["9"],
"minedBinaryVariableTemplatesNumber_Labeled_splitClauses_0":["16"],
"generatedPredicateNumber_Labeled_splitClauses_0":["10800000"],
"relationSymbolNumber_Empty_splitClauses_0":["54"],
"solvingTime_Mined_splitClauses_1":["286"],
"minedSingleVariableTemplatesNumber_All_splitClauses_1":["56"],
"predicateGeneratorTime_Random_splitClauses_0":["10800000"],
"cegarIterationNumber_Term_splitClauses_1":["10800000"],
"labeledTemplateNumber_Empty_splitClauses_1":["16"],
"clauseNumberAfterSimplification_Empty_splitClauses_1":["43"],
"minedTemplateRelationSymbolNumber_Empty_splitClauses_0":["9"],
"unlabeledSingleVariableTemplatesNumber_Term_splitClauses_0":["160"],
"minedSingleVariableTemplatesNumber_Empty_splitClauses_0":["56"],
"minedTemplateRelationSymbolNumber_RelationalEqs_splitClauses_0":["9"],
"cegarIterationNumber_Empty_splitClauses_0":["10800000"],
"minedBinaryVariableTemplatesNumber_RelationalEqs_splitClauses_1":["16"],
"labeledSingleVariableTemplatesNumber_All_splitClauses_1":["0"],
"unlabeledTemplateRelationSymbolNumber_Octagon_splitClauses_0":["9"],
"minedTemplateRelationSymbolNumber_Unlabeled_splitClauses_0":["9"],
"labeledBinaryVariableTemplatesNumber_Mined_splitClauses_0":["16"],
"minedTemplateNumber_PredictedCG_splitClauses_1":["72"],
"cegarIterationNumber_Empty_splitClauses_1":["10800000"],
"averagePredicateSize_RelationalIneqs_splitClauses_0":["10800000"],
"solvability_All_splitClauses_1":["10800000"],
"unlabeledBinaryVariableTemplatesNumber_Term_splitClauses_1":["258"],
"relationSymbolNumber_PredictedCDHG_splitClauses_0":["54"],
"minedTemplateRelationSymbolNumber_Labeled_splitClauses_1":["9"],
"averagePredicateSize_Unlabeled_splitClauses_1":["10800000"],
"labeledTemplateNumber_Term_splitClauses_0":["16"],
"smt2FileSizeByte_Empty_splitClauses_1":["44831"],
"solvingTime_PredictedCG_splitClauses_0":["10800000"],
"relationSymbolNumber_Term_splitClauses_0":["54"],
"cegarIterationNumber_All_splitClauses_1":["10800000"],
"clauseNumberBeforeSimplification_Term_splitClauses_1":["89"],
"predicateGeneratorTime_Empty_splitClauses_0":["10800000"],
"averagePredicateSize_All_splitClauses_0":["10800000"],
"unlabeledBinaryVariableTemplatesNumber_Random_splitClauses_0":["258"],
"smt2FileSizeByte_Term_splitClauses_0":["44831"],
"averagePredicateSize_Mined_splitClauses_1":["1"],
"minedBinaryVariableTemplatesNumber_Empty_splitClauses_0":["16"],
"minedTemplateRelationSymbolNumber_All_splitClauses_1":["9"],
"labeledSingleVariableTemplatesNumber_PredictedCG_splitClauses_0":["0"],
"unlabeledBinaryVariableTemplatesNumber_RelationalIneqs_splitClauses_0":["258"],
"unlabeledSingleVariableTemplatesNumber_RelationalIneqs_splitClauses_1":["160"],
"clauseNumberAfterSimplification_RelationalIneqs_splitClauses_0":["43"],
"unlabeledTemplateNumber_RelationalEqs_splitClauses_0":["418"],
"unlabeledTemplateNumber_RelationalIneqs_splitClauses_1":["418"],
"labeledTemplateRelationSymbolNumber_PredictedCG_splitClauses_1":["6"],
"labeledTemplateRelationSymbolNumber_All_splitClauses_0":["6"],
"labeledSingleVariableTemplatesNumber_Octagon_splitClauses_0":["0"],
"dummyFiled":[]
}