{
"smt2FileSizeByte_All_splitClauses_1":["60866"],
"generatedPredicateNumber_All_splitClauses_1":["10800000"],
"unlabeledTemplateRelationSymbolNumber_PredictedCDHG_splitClauses_0":["11"],
"relationSymbolNumberBeforeSimplification_Unlabeled_splitClauses_1":["216"],
"predicateGeneratorTime_Term_splitClauses_0":["10800000"],
"averagePredicateSize_Random_splitClauses_1":["1"],
"labeledBinaryVariableTemplatesNumber_Labeled_splitClauses_1":["7"],
"clauseNumberBeforeSimplification_All_splitClauses_1":["99"],
"minedTemplateRelationSymbolNumber_Term_splitClauses_0":["11"],
"solvingTime_Labeled_splitClauses_1":["359"],
"unlabeledTemplateNumber_Labeled_splitClauses_1":["631"],
"relationSymbolNumberAfterSimplification_All_splitClauses_1":["115"],
"minedTemplateRelationSymbolNumber_Octagon_splitClauses_1":["11"],
"clauseNumberAfterSimplification_Mined_splitClauses_1":["91"],
"relationSymbolNumberBeforeSimplification_Octagon_splitClauses_0":["216"],
"unlabeledBinaryVariableTemplatesNumber_Term_splitClauses_0":["396"],
"labeledTemplateNumber_PredictedCDHG_splitClauses_0":["9"],
"solvability_Empty_splitClauses_0":["10800000"],
"unlabeledTemplateRelationSymbolNumber_Random_splitClauses_1":["11"],
"labeledBinaryVariableTemplatesNumber_Octagon_splitClauses_0":["7"],
"relationSymbolNumberBeforeSimplification_Random_splitClauses_1":["216"],
"minedTemplateRelationSymbolNumber_Random_splitClauses_1":["11"],
"unlabeledSingleVariableTemplatesNumber_Mined_splitClauses_0":["235"],
"unlabeledBinaryVariableTemplatesNumber_PredictedCG_splitClauses_1":["396"],
"solvability_All_splitClauses_0":["10800000"],
"predicateGeneratorTime_RelationalEqs_splitClauses_1":["227"],
"relationSymbolNumberBeforeSimplification_PredictedCDHG_splitClauses_1":["216"],
"smt2FileSizeByte_PredictedCG_splitClauses_1":["60866"],
"labeledSingleVariableTemplatesNumber_Unlabeled_splitClauses_1":["2"],
"labeledBinaryVariableTemplatesNumber_PredictedCG_splitClauses_1":["7"],
"minedBinaryVariableTemplatesNumber_PredictedCG_splitClauses_0":["7"],
"solvability_Random_splitClauses_0":["10800000"],
"relationSymbolNumberAfterSimplification_PredictedCG_splitClauses_1":["115"],
"clauseNumberBeforeSimplification_PredictedCDHG_splitClauses_1":["99"],
"labeledSingleVariableTemplatesNumber_Mined_splitClauses_0":["2"],
"solvability_Unlabeled_splitClauses_1":["1"],
"cegarIterationNumber_Labeled_splitClauses_1":["6"],
"smt2FileSizeByte_Mined_splitClauses_0":["60866"],
"relationSymbolNumberAfterSimplification_Mined_splitClauses_0":["115"],
"labeledSingleVariableTemplatesNumber_PredictedCG_splitClauses_1":["2"],
"smt2FileSizeByte_Octagon_splitClauses_1":["60866"],
"minedTemplateNumber_Labeled_splitClauses_1":["88"],
"labeledSingleVariableTemplatesNumber_RelationalIneqs_splitClauses_1":["2"],
"clauseNumberAfterSimplification_Labeled_splitClauses_1":["91"],
"relationSymbolNumberAfterSimplification_Labeled_splitClauses_0":["115"],
"smt2FileSizeByte_Random_splitClauses_0":["60866"],
"relationSymbolNumberAfterSimplification_PredictedCDHG_splitClauses_0":["115"],
"unlabeledTemplateRelationSymbolNumber_PredictedCDHG_splitClauses_1":["11"],
"labeledSingleVariableTemplatesNumber_Term_splitClauses_0":["2"],
"generatedPredicateNumber_PredictedCDHG_splitClauses_1":["10800000"],
"minedSingleVariableTemplatesNumber_Unlabeled_splitClauses_0":["81"],
"generatedPredicateNumber_Octagon_splitClauses_1":["8"],
"labeledSingleVariableTemplatesNumber_RelationalEqs_splitClauses_0":["2"],
"predicateGeneratorTime_PredictedCG_splitClauses_1":["10800000"],
"relationSymbolNumberAfterSimplification_Octagon_splitClauses_0":["115"],
"labeledTemplateNumber_Labeled_splitClauses_1":["9"],
"labeledSingleVariableTemplatesNumber_Empty_splitClauses_0":["2"],
"minedTemplateRelationSymbolNumber_RelationalIneqs_splitClauses_1":["11"],
"unlabeledSingleVariableTemplatesNumber_All_splitClauses_1":["235"],
"labeledBinaryVariableTemplatesNumber_PredictedCDHG_splitClauses_1":["7"],
"unlabeledSingleVariableTemplatesNumber_RelationalEqs_splitClauses_1":["235"],
"cegarIterationNumber_Term_splitClauses_0":["10800000"],
"unlabeledBinaryVariableTemplatesNumber_Labeled_splitClauses_1":["396"],
"unlabeledSingleVariableTemplatesNumber_Term_splitClauses_1":["235"],
"clauseNumberAfterSimplification_All_splitClauses_1":["91"],
"minedSingleVariableTemplatesNumber_Random_splitClauses_0":["81"],
"solvability_RelationalIneqs_splitClauses_1":["1"],
"minedTemplateNumber_Labeled_splitClauses_0":["88"],
"minedSingleVariableTemplatesNumber_Octagon_splitClauses_0":["81"],
"minedSingleVariableTemplatesNumber_Term_splitClauses_1":["81"],
"minedBinaryVariableTemplatesNumber_PredictedCDHG_splitClauses_1":["7"],
"generatedPredicateNumber_Mined_splitClauses_1":["8"],
"labeledSingleVariableTemplatesNumber_RelationalIneqs_splitClauses_0":["2"],
"averagePredicateSize_Mined_splitClauses_0":["10800000"],
"cegarIterationNumber_Unlabeled_splitClauses_0":["10800000"],
"minedBinaryVariableTemplatesNumber_Random_splitClauses_0":["7"],
"labeledTemplateNumber_Mined_splitClauses_1":["9"],
"labeledBinaryVariableTemplatesNumber_Random_splitClauses_0":["7"],
"unlabeledTemplateRelationSymbolNumber_Unlabeled_splitClauses_1":["11"],
"cegarIterationNumber_Mined_splitClauses_0":["10800000"],
"minedTemplateRelationSymbolNumber_Labeled_splitClauses_0":["11"],
"unlabeledBinaryVariableTemplatesNumber_RelationalIneqs_splitClauses_1":["396"],
"unlabeledBinaryVariableTemplatesNumber_Octagon_splitClauses_0":["396"],
"solvability_Mined_splitClauses_0":["10800000"],
"averagePredicateSize_RelationalEqs_splitClauses_0":["10800000"],
"clauseNumberAfterSimplification_Term_splitClauses_0":["91"],
"unlabeledTemplateNumber_Mined_splitClauses_0":["631"],
"relationSymbolNumberAfterSimplification_Random_splitClauses_1":["115"],
"unlabeledTemplateNumber_PredictedCDHG_splitClauses_0":["631"],
"cegarIterationNumber_RelationalIneqs_splitClauses_1":["6"],
"minedBinaryVariableTemplatesNumber_Unlabeled_splitClauses_1":["7"],
"labeledTemplateNumber_PredictedCG_splitClauses_1":["9"],
"labeledTemplateRelationSymbolNumber_Mined_splitClauses_0":["3"],
"labeledBinaryVariableTemplatesNumber_Mined_splitClauses_1":["7"],
"relationSymbolNumberBeforeSimplification_Mined_splitClauses_0":["216"],
"relationSymbolNumberBeforeSimplification_RelationalIneqs_splitClauses_0":["216"],
"clauseNumberAfterSimplification_RelationalIneqs_splitClauses_1":["91"],
"minedSingleVariableTemplatesNumber_PredictedCDHG_splitClauses_0":["81"],
"solvability_Labeled_splitClauses_1":["1"],
"labeledSingleVariableTemplatesNumber_Octagon_splitClauses_1":["2"],
"averagePredicateSize_Random_splitClauses_0":["10800000"],
"smt2FileSizeByte_RelationalIneqs_splitClauses_0":["60866"],
"generatedPredicateNumber_Unlabeled_splitClauses_0":["10800000"],
"solvability_RelationalEqs_splitClauses_0":["10800000"],
"predicateGeneratorTime_Empty_splitClauses_1":["264"],
"minedSingleVariableTemplatesNumber_Mined_splitClauses_0":["81"],
"relationSymbolNumberAfterSimplification_Unlabeled_splitClauses_0":["115"],
"minedTemplateRelationSymbolNumber_PredictedCDHG_splitClauses_1":["11"],
"minedTemplateNumber_PredictedCG_splitClauses_0":["88"],
"averagePredicateSize_RelationalIneqs_splitClauses_1":["1"],
"labeledTemplateRelationSymbolNumber_Random_splitClauses_1":["3"],
"minedTemplateNumber_RelationalIneqs_splitClauses_0":["88"],
"predicateGeneratorTime_RelationalIneqs_splitClauses_0":["10800000"],
"labeledTemplateRelationSymbolNumber_Empty_splitClauses_0":["3"],
"minedBinaryVariableTemplatesNumber_Octagon_splitClauses_0":["7"],
"labeledSingleVariableTemplatesNumber_Term_splitClauses_1":["2"],
"labeledBinaryVariableTemplatesNumber_Empty_splitClauses_0":["7"],
"minedTemplateNumber_Octagon_splitClauses_0":["88"],
"labeledBinaryVariableTemplatesNumber_Unlabeled_splitClauses_0":["7"],
"relationSymbolNumberBeforeSimplification_Empty_splitClauses_0":["216"],
"clauseNumberAfterSimplification_PredictedCDHG_splitClauses_0":["91"],
"smt2FileSizeByte_PredictedCG_splitClauses_0":["60866"],
"minedBinaryVariableTemplatesNumber_RelationalEqs_splitClauses_0":["7"],
"relationSymbolNumberBeforeSimplification_Unlabeled_splitClauses_0":["216"],
"labeledTemplateRelationSymbolNumber_RelationalEqs_splitClauses_1":["3"],
"minedBinaryVariableTemplatesNumber_Random_splitClauses_1":["7"],
"clauseNumberAfterSimplification_Unlabeled_splitClauses_1":["91"],
"minedSingleVariableTemplatesNumber_PredictedCDHG_splitClauses_1":["81"],
"labeledBinaryVariableTemplatesNumber_Term_splitClauses_1":["7"],
"clauseNumberBeforeSimplification_Empty_splitClauses_1":["99"],
"relationSymbolNumberAfterSimplification_Octagon_splitClauses_1":["115"],
"relationSymbolNumberAfterSimplification_Term_splitClauses_0":["115"],
"minedBinaryVariableTemplatesNumber_Mined_splitClauses_1":["7"],
"unlabeledBinaryVariableTemplatesNumber_Unlabeled_splitClauses_1":["396"],
"relationSymbolNumberBeforeSimplification_Random_splitClauses_0":["216"],
"relationSymbolNumberAfterSimplification_PredictedCDHG_splitClauses_1":["115"],
"unlabeledTemplateNumber_PredictedCG_splitClauses_1":["631"],
"generatedPredicateNumber_Empty_splitClauses_0":["10800000"],
"predicateGeneratorTime_RelationalIneqs_splitClauses_1":["181"],
"unlabeledSingleVariableTemplatesNumber_Empty_splitClauses_0":["235"],
"cegarIterationNumber_Octagon_splitClauses_0":["10800000"],
"clauseNumberAfterSimplification_Octagon_splitClauses_1":["91"],
"unlabeledSingleVariableTemplatesNumber_Labeled_splitClauses_1":["235"],
"clauseNumberBeforeSimplification_Random_splitClauses_1":["99"],
"minedTemplateRelationSymbolNumber_All_splitClauses_0":["11"],
"unlabeledTemplateRelationSymbolNumber_RelationalEqs_splitClauses_0":["11"],
"minedSingleVariableTemplatesNumber_Unlabeled_splitClauses_1":["81"],
"clauseNumberBeforeSimplification_RelationalEqs_splitClauses_0":["99"],
"minedTemplateNumber_Unlabeled_splitClauses_0":["88"],
"generatedPredicateNumber_Octagon_splitClauses_0":["10800000"],
"predicateGeneratorTime_PredictedCDHG_splitClauses_0":["10800000"],
"clauseNumberAfterSimplification_PredictedCG_splitClauses_1":["91"],
"labeledSingleVariableTemplatesNumber_RelationalEqs_splitClauses_1":["2"],
"smt2FileSizeByte_Random_splitClauses_1":["60866"],
"averagePredicateSize_PredictedCG_splitClauses_1":["10800000"],
"cegarIterationNumber_PredictedCDHG_splitClauses_1":["10800000"],
"clauseNumberAfterSimplification_RelationalEqs_splitClauses_1":["91"],
"minedBinaryVariableTemplatesNumber_Empty_splitClauses_1":["7"],
"relationSymbolNumberAfterSimplification_RelationalEqs_splitClauses_1":["115"],
"minedTemplateNumber_PredictedCDHG_splitClauses_0":["88"],
"labeledBinaryVariableTemplatesNumber_All_splitClauses_1":["7"],
"solvingTime_RelationalIneqs_splitClauses_1":["306"],
"unlabeledTemplateRelationSymbolNumber_RelationalEqs_splitClauses_1":["11"],
"smt2FileSizeByte_Unlabeled_splitClauses_0":["60866"],
"relationSymbolNumberBeforeSimplification_Mined_splitClauses_1":["216"],
"relationSymbolNumberAfterSimplification_Mined_splitClauses_1":["115"],
"generatedPredicateNumber_All_splitClauses_0":["10800000"],
"relationSymbolNumberBeforeSimplification_Octagon_splitClauses_1":["216"],
"predicateGeneratorTime_Octagon_splitClauses_1":["265"],
"solvability_Mined_splitClauses_1":["1"],
"minedTemplateRelationSymbolNumber_Term_splitClauses_1":["11"],
"clauseNumberAfterSimplification_Mined_splitClauses_0":["91"],
"solvability_PredictedCDHG_splitClauses_0":["10800000"],
"solvingTime_Empty_splitClauses_0":["10800000"],
"unlabeledSingleVariableTemplatesNumber_Unlabeled_splitClauses_1":["235"],
"minedTemplateNumber_Term_splitClauses_1":["88"],
"averagePredicateSize_Octagon_splitClauses_1":["1"],
"unlabeledSingleVariableTemplatesNumber_Octagon_splitClauses_1":["235"],
"minedTemplateRelationSymbolNumber_RelationalEqs_splitClauses_1":["11"],
"relationSymbolNumberBeforeSimplification_All_splitClauses_1":["216"],
"minedBinaryVariableTemplatesNumber_RelationalIneqs_splitClauses_0":["7"],
"predicateGeneratorTime_Term_splitClauses_1":["203"],
"solvingTime_Labeled_splitClauses_0":["10800000"],
"unlabeledBinaryVariableTemplatesNumber_PredictedCG_splitClauses_0":["396"],
"minedTemplateNumber_All_splitClauses_0":["88"],
"predicateGeneratorTime_Labeled_splitClauses_1":["188"],
"unlabeledTemplateRelationSymbolNumber_Empty_splitClauses_0":["11"],
"unlabeledTemplateNumber_Mined_splitClauses_1":["631"],
"solvability_PredictedCG_splitClauses_1":["10800000"],
"unlabeledTemplateNumber_Term_splitClauses_0":["631"],
"minedBinaryVariableTemplatesNumber_PredictedCG_splitClauses_1":["7"],
"labeledSingleVariableTemplatesNumber_PredictedCDHG_splitClauses_0":["2"],
"minedBinaryVariableTemplatesNumber_All_splitClauses_0":["7"],
"averagePredicateSize_PredictedCDHG_splitClauses_1":["10800000"],
"predicateGeneratorTime_PredictedCG_splitClauses_0":["10800000"],
"generatedPredicateNumber_RelationalIneqs_splitClauses_0":["10800000"],
"labeledTemplateNumber_Empty_splitClauses_0":["9"],
"relationSymbolNumberAfterSimplification_RelationalIneqs_splitClauses_1":["115"],
"unlabeledTemplateRelationSymbolNumber_Term_splitClauses_0":["11"],
"minedTemplateNumber_All_splitClauses_1":["88"],
"labeledSingleVariableTemplatesNumber_Empty_splitClauses_1":["2"],
"minedBinaryVariableTemplatesNumber_Unlabeled_splitClauses_0":["7"],
"labeledTemplateNumber_Random_splitClauses_0":["9"],
"minedBinaryVariableTemplatesNumber_All_splitClauses_1":["7"],
"unlabeledSingleVariableTemplatesNumber_All_splitClauses_0":["235"],
"relationSymbolNumberBeforeSimplification_Labeled_splitClauses_1":["216"],
"smt2FileSizeByte_PredictedCDHG_splitClauses_1":["60866"],
"labeledBinaryVariableTemplatesNumber_PredictedCDHG_splitClauses_0":["7"],
"averagePredicateSize_RelationalEqs_splitClauses_1":["1"],
"minedSingleVariableTemplatesNumber_Term_splitClauses_0":["81"],
"labeledTemplateRelationSymbolNumber_Term_splitClauses_1":["3"],
"generatedPredicateNumber_Random_splitClauses_0":["10800000"],
"labeledBinaryVariableTemplatesNumber_Empty_splitClauses_1":["7"],
"relationSymbolNumberAfterSimplification_Term_splitClauses_1":["115"],
"clauseNumberAfterSimplification_Labeled_splitClauses_0":["91"],
"labeledSingleVariableTemplatesNumber_Labeled_splitClauses_0":["2"],
"minedTemplateNumber_Mined_splitClauses_1":["88"],
"labeledTemplateRelationSymbolNumber_Labeled_splitClauses_0":["3"],
"unlabeledTemplateRelationSymbolNumber_Mined_splitClauses_1":["11"],
"solvability_Labeled_splitClauses_0":["10800000"],
"minedTemplateNumber_RelationalEqs_splitClauses_1":["88"],
"solvingTime_Random_splitClauses_1":["507"],
"minedTemplateNumber_Random_splitClauses_0":["88"],
"cegarIterationNumber_Unlabeled_splitClauses_1":["6"],
"minedTemplateNumber_RelationalIneqs_splitClauses_1":["88"],
"unlabeledBinaryVariableTemplatesNumber_Octagon_splitClauses_1":["396"],
"minedSingleVariableTemplatesNumber_Octagon_splitClauses_1":["81"],
"minedSingleVariableTemplatesNumber_Random_splitClauses_1":["81"],
"averagePredicateSize_All_splitClauses_1":["10800000"],
"minedTemplateNumber_Empty_splitClauses_0":["88"],
"labeledTemplateNumber_Mined_splitClauses_0":["9"],
"unlabeledBinaryVariableTemplatesNumber_All_splitClauses_0":["396"],
"relationSymbolNumberAfterSimplification_Labeled_splitClauses_1":["115"],
"labeledSingleVariableTemplatesNumber_PredictedCDHG_splitClauses_1":["2"],
"minedSingleVariableTemplatesNumber_Mined_splitClauses_1":["81"],
"labeledTemplateRelationSymbolNumber_Term_splitClauses_0":["3"],
"unlabeledTemplateRelationSymbolNumber_Term_splitClauses_1":["11"],
"predicateGeneratorTime_All_splitClauses_1":["10800000"],
"unlabeledSingleVariableTemplatesNumber_Random_splitClauses_0":["235"],
"predicateGeneratorTime_Unlabeled_splitClauses_1":["182"],
"cegarIterationNumber_PredictedCDHG_splitClauses_0":["10800000"],
"labeledTemplateNumber_RelationalEqs_splitClauses_0":["9"],
"labeledTemplateRelationSymbolNumber_Mined_splitClauses_1":["3"],
"labeledTemplateRelationSymbolNumber_Random_splitClauses_0":["3"],
"labeledBinaryVariableTemplatesNumber_RelationalEqs_splitClauses_1":["7"],
"generatedPredicateNumber_RelationalIneqs_splitClauses_1":["8"],
"unlabeledTemplateRelationSymbolNumber_PredictedCG_splitClauses_1":["11"],
"unlabeledSingleVariableTemplatesNumber_RelationalEqs_splitClauses_0":["235"],
"labeledBinaryVariableTemplatesNumber_Labeled_splitClauses_0":["7"],
"minedBinaryVariableTemplatesNumber_PredictedCDHG_splitClauses_0":["7"],
"unlabeledTemplateRelationSymbolNumber_Unlabeled_splitClauses_0":["11"],
"clauseNumberAfterSimplification_Term_splitClauses_1":["91"],
"unlabeledTemplateNumber_Octagon_splitClauses_0":["631"],
"unlabeledBinaryVariableTemplatesNumber_RelationalEqs_splitClauses_1":["396"],
"unlabeledTemplateNumber_PredictedCG_splitClauses_0":["631"],
"unlabeledTemplateNumber_All_splitClauses_0":["631"],
"labeledTemplateRelationSymbolNumber_RelationalIneqs_splitClauses_1":["3"],
"unlabeledSingleVariableTemplatesNumber_Mined_splitClauses_1":["235"],
"labeledTemplateRelationSymbolNumber_Unlabeled_splitClauses_1":["3"],
"labeledBinaryVariableTemplatesNumber_Random_splitClauses_1":["7"],
"solvability_Random_splitClauses_1":["1"],
"solvingTime_Term_splitClauses_0":["10800000"],
"minedSingleVariableTemplatesNumber_Labeled_splitClauses_1":["81"],
"clauseNumberBeforeSimplification_Term_splitClauses_0":["99"],
"relationSymbolNumberBeforeSimplification_RelationalIneqs_splitClauses_1":["216"],
"minedTemplateRelationSymbolNumber_Mined_splitClauses_0":["11"],
"solvability_Octagon_splitClauses_1":["1"],
"minedSingleVariableTemplatesNumber_RelationalIneqs_splitClauses_1":["81"],
"smt2FileSizeByte_Labeled_splitClauses_0":["60866"],
"solvability_RelationalEqs_splitClauses_1":["1"],
"unlabeledSingleVariableTemplatesNumber_Empty_splitClauses_1":["235"],
"labeledTemplateNumber_PredictedCDHG_splitClauses_1":["9"],
"minedTemplateRelationSymbolNumber_Octagon_splitClauses_0":["11"],
"clauseNumberAfterSimplification_Unlabeled_splitClauses_0":["91"],
"clauseNumberBeforeSimplification_Unlabeled_splitClauses_0":["99"],
"clauseNumberBeforeSimplification_PredictedCDHG_splitClauses_0":["99"],
"cegarIterationNumber_RelationalIneqs_splitClauses_0":["10800000"],
"labeledTemplateRelationSymbolNumber_RelationalEqs_splitClauses_0":["3"],
"averagePredicateSize_Labeled_splitClauses_0":["10800000"],
"smt2FileSizeByte_RelationalIneqs_splitClauses_1":["60866"],
"clauseNumberBeforeSimplification_RelationalEqs_splitClauses_1":["99"],
"unlabeledTemplateRelationSymbolNumber_RelationalIneqs_splitClauses_1":["11"],
"clauseNumberBeforeSimplification_PredictedCG_splitClauses_0":["99"],
"solvingTime_PredictedCDHG_splitClauses_0":["10800000"],
"labeledTemplateRelationSymbolNumber_Octagon_splitClauses_1":["3"],
"minedTemplateRelationSymbolNumber_PredictedCG_splitClauses_1":["11"],
"relationSymbolNumberBeforeSimplification_RelationalEqs_splitClauses_1":["216"],
"labeledTemplateNumber_Random_splitClauses_1":["9"],
"solvingTime_RelationalIneqs_splitClauses_0":["10800000"],
"labeledTemplateNumber_All_splitClauses_1":["9"],
"unlabeledTemplateNumber_Random_splitClauses_1":["631"],
"relationSymbolNumberBeforeSimplification_All_splitClauses_0":["216"],
"smt2FileSizeByte_Unlabeled_splitClauses_1":["60866"],
"cegarIterationNumber_PredictedCG_splitClauses_0":["10800000"],
"predicateGeneratorTime_Octagon_splitClauses_0":["10800000"],
"unlabeledTemplateNumber_RelationalEqs_splitClauses_1":["631"],
"clauseNumberAfterSimplification_Octagon_splitClauses_0":["91"],
"cegarIterationNumber_Random_splitClauses_0":["10800000"],
"solvability_PredictedCDHG_splitClauses_1":["10800000"],
"solvability_PredictedCG_splitClauses_0":["10800000"],
"solvingTime_PredictedCG_splitClauses_1":["10800000"],
"unlabeledSingleVariableTemplatesNumber_Unlabeled_splitClauses_0":["235"],
"unlabeledTemplateNumber_Unlabeled_splitClauses_0":["631"],
"labeledTemplateRelationSymbolNumber_RelationalIneqs_splitClauses_0":["3"],
"minedTemplateNumber_Random_splitClauses_1":["88"],
"generatedPredicateNumber_RelationalEqs_splitClauses_0":["10800000"],
"minedTemplateNumber_Term_splitClauses_0":["88"],
"solvingTime_All_splitClauses_1":["10800000"],
"minedSingleVariableTemplatesNumber_PredictedCG_splitClauses_0":["81"],
"smt2FileSizeByte_Term_splitClauses_1":["60866"],
"labeledBinaryVariableTemplatesNumber_All_splitClauses_0":["7"],
"minedTemplateNumber_PredictedCDHG_splitClauses_1":["88"],
"minedTemplateRelationSymbolNumber_PredictedCDHG_splitClauses_0":["11"],
"averagePredicateSize_Unlabeled_splitClauses_0":["10800000"],
"minedBinaryVariableTemplatesNumber_Octagon_splitClauses_1":["7"],
"unlabeledSingleVariableTemplatesNumber_Random_splitClauses_1":["235"],
"clauseNumberBeforeSimplification_Random_splitClauses_0":["99"],
"solvingTime_Unlabeled_splitClauses_1":["331"],
"predicateGeneratorTime_PredictedCDHG_splitClauses_1":["10800000"],
"averagePredicateSize_PredictedCDHG_splitClauses_0":["10800000"],
"relationSymbolNumberAfterSimplification_RelationalEqs_splitClauses_0":["115"],
"minedBinaryVariableTemplatesNumber_Term_splitClauses_0":["7"],
"labeledTemplateNumber_RelationalIneqs_splitClauses_0":["9"],
"clauseNumberAfterSimplification_Random_splitClauses_0":["91"],
"clauseNumberAfterSimplification_PredictedCG_splitClauses_0":["91"],
"generatedPredicateNumber_Empty_splitClauses_1":["8"],
"clauseNumberBeforeSimplification_Octagon_splitClauses_0":["99"],
"unlabeledTemplateNumber_Empty_splitClauses_0":["631"],
"minedSingleVariableTemplatesNumber_All_splitClauses_0":["81"],
"labeledTemplateRelationSymbolNumber_Octagon_splitClauses_0":["3"],
"generatedPredicateNumber_Random_splitClauses_1":["8"],
"clauseNumberAfterSimplification_RelationalEqs_splitClauses_0":["91"],
"labeledBinaryVariableTemplatesNumber_Term_splitClauses_0":["7"],
"minedSingleVariableTemplatesNumber_RelationalEqs_splitClauses_0":["81"],
"minedTemplateNumber_Mined_splitClauses_0":["88"],
"relationSymbolNumberBeforeSimplification_PredictedCG_splitClauses_0":["216"],
"averagePredicateSize_Octagon_splitClauses_0":["10800000"],
"unlabeledBinaryVariableTemplatesNumber_Empty_splitClauses_1":["396"],
"unlabeledSingleVariableTemplatesNumber_PredictedCDHG_splitClauses_0":["235"],
"unlabeledSingleVariableTemplatesNumber_PredictedCG_splitClauses_1":["235"],
"labeledTemplateRelationSymbolNumber_Labeled_splitClauses_1":["3"],
"minedTemplateRelationSymbolNumber_Random_splitClauses_0":["11"],
"unlabeledTemplateRelationSymbolNumber_PredictedCG_splitClauses_0":["11"],
"unlabeledTemplateNumber_RelationalIneqs_splitClauses_0":["631"],
"unlabeledSingleVariableTemplatesNumber_Labeled_splitClauses_0":["235"],
"relationSymbolNumberAfterSimplification_PredictedCG_splitClauses_0":["115"],
"minedTemplateNumber_Unlabeled_splitClauses_1":["88"],
"generatedPredicateNumber_PredictedCG_splitClauses_0":["10800000"],
"labeledTemplateNumber_Unlabeled_splitClauses_1":["9"],
"unlabeledTemplateRelationSymbolNumber_Empty_splitClauses_1":["11"],
"clauseNumberBeforeSimplification_Empty_splitClauses_0":["99"],
"solvingTime_Octagon_splitClauses_1":["455"],
"cegarIterationNumber_Mined_splitClauses_1":["6"],
"clauseNumberBeforeSimplification_Mined_splitClauses_1":["99"],
"smt2FileSizeByte_PredictedCDHG_splitClauses_0":["60866"],
"averagePredicateSize_PredictedCG_splitClauses_0":["10800000"],
"solvingTime_Random_splitClauses_0":["10800000"],
"minedTemplateNumber_RelationalEqs_splitClauses_0":["88"],
"unlabeledSingleVariableTemplatesNumber_RelationalIneqs_splitClauses_0":["235"],
"unlabeledTemplateNumber_Unlabeled_splitClauses_1":["631"],
"labeledBinaryVariableTemplatesNumber_RelationalEqs_splitClauses_0":["7"],
"generatedPredicateNumber_PredictedCDHG_splitClauses_0":["10800000"],
"relationSymbolNumberAfterSimplification_RelationalIneqs_splitClauses_0":["115"],
"minedTemplateRelationSymbolNumber_Empty_splitClauses_1":["11"],
"predicateGeneratorTime_Random_splitClauses_1":["306"],
"labeledTemplateNumber_Term_splitClauses_1":["9"],
"relationSymbolNumberBeforeSimplification_RelationalEqs_splitClauses_0":["216"],
"minedSingleVariableTemplatesNumber_Empty_splitClauses_1":["81"],
"minedSingleVariableTemplatesNumber_RelationalIneqs_splitClauses_0":["81"],
"clauseNumberAfterSimplification_All_splitClauses_0":["91"],
"unlabeledBinaryVariableTemplatesNumber_RelationalEqs_splitClauses_0":["396"],
"cegarIterationNumber_RelationalEqs_splitClauses_0":["10800000"],
"labeledTemplateRelationSymbolNumber_PredictedCDHG_splitClauses_0":["3"],
"labeledSingleVariableTemplatesNumber_Labeled_splitClauses_1":["2"],
"unlabeledBinaryVariableTemplatesNumber_All_splitClauses_1":["396"],
"minedTemplateRelationSymbolNumber_Unlabeled_splitClauses_1":["11"],
"solvingTime_RelationalEqs_splitClauses_0":["10800000"],
"solvingTime_RelationalEqs_splitClauses_1":["416"],
"minedBinaryVariableTemplatesNumber_Mined_splitClauses_0":["7"],
"clauseNumberBeforeSimplification_All_splitClauses_0":["99"],
"clauseNumberBeforeSimplification_RelationalIneqs_splitClauses_1":["99"],
"labeledTemplateNumber_RelationalEqs_splitClauses_1":["9"],
"labeledBinaryVariableTemplatesNumber_RelationalIneqs_splitClauses_0":["7"],
"relationSymbolNumberBeforeSimplification_Labeled_splitClauses_0":["216"],
"clauseNumberAfterSimplification_Empty_splitClauses_0":["91"],
"averagePredicateSize_Empty_splitClauses_0":["10800000"],
"unlabeledTemplateNumber_Term_splitClauses_1":["631"],
"predicateGeneratorTime_Mined_splitClauses_1":["219"],
"labeledBinaryVariableTemplatesNumber_RelationalIneqs_splitClauses_1":["7"],
"predicateGeneratorTime_Unlabeled_splitClauses_0":["10800000"],
"relationSymbolNumberAfterSimplification_Empty_splitClauses_0":["115"],
"generatedPredicateNumber_Mined_splitClauses_0":["10800000"],
"generatedPredicateNumber_RelationalEqs_splitClauses_1":["8"],
"labeledTemplateRelationSymbolNumber_PredictedCG_splitClauses_0":["3"],
"minedSingleVariableTemplatesNumber_PredictedCG_splitClauses_1":["81"],
"minedTemplateRelationSymbolNumber_PredictedCG_splitClauses_0":["11"],
"unlabeledTemplateRelationSymbolNumber_Labeled_splitClauses_0":["11"],
"solvability_Empty_splitClauses_1":["1"],
"averagePredicateSize_Term_splitClauses_0":["10800000"],
"cegarIterationNumber_Random_splitClauses_1":["6"],
"averagePredicateSize_Labeled_splitClauses_1":["1"],
"unlabeledBinaryVariableTemplatesNumber_Unlabeled_splitClauses_0":["396"],
"generatedPredicateNumber_Unlabeled_splitClauses_1":["8"],
"predicateGeneratorTime_All_splitClauses_0":["10800000"],
"unlabeledBinaryVariableTemplatesNumber_PredictedCDHG_splitClauses_1":["396"],
"clauseNumberBeforeSimplification_Labeled_splitClauses_1":["99"],
"minedBinaryVariableTemplatesNumber_Labeled_splitClauses_1":["7"],
"labeledSingleVariableTemplatesNumber_All_splitClauses_0":["2"],
"unlabeledTemplateRelationSymbolNumber_Mined_splitClauses_0":["11"],
"cegarIterationNumber_Octagon_splitClauses_1":["6"],
"labeledTemplateNumber_Octagon_splitClauses_0":["9"],
"labeledTemplateRelationSymbolNumber_All_splitClauses_1":["3"],
"smt2FileSizeByte_Empty_splitClauses_0":["60866"],
"unlabeledTemplateNumber_Octagon_splitClauses_1":["631"],
"predicateGeneratorTime_RelationalEqs_splitClauses_0":["10800000"],
"unlabeledTemplateRelationSymbolNumber_RelationalIneqs_splitClauses_0":["11"],
"smt2FileSizeByte_RelationalEqs_splitClauses_1":["60866"],
"unlabeledTemplateNumber_Labeled_splitClauses_0":["631"],
"minedSingleVariableTemplatesNumber_Labeled_splitClauses_0":["81"],
"solvingTime_PredictedCDHG_splitClauses_1":["10800000"],
"relationSymbolNumberBeforeSimplification_Term_splitClauses_1":["216"],
"minedTemplateNumber_Octagon_splitClauses_1":["88"],
"clauseNumberBeforeSimplification_Mined_splitClauses_0":["99"],
"smt2FileSizeByte_All_splitClauses_0":["60866"],
"solvingTime_All_splitClauses_0":["10800000"],
"minedBinaryVariableTemplatesNumber_Term_splitClauses_1":["7"],
"unlabeledTemplateRelationSymbolNumber_Random_splitClauses_0":["11"],
"cegarIterationNumber_All_splitClauses_0":["10800000"],
"smt2FileSizeByte_RelationalEqs_splitClauses_0":["60866"],
"unlabeledSingleVariableTemplatesNumber_PredictedCDHG_splitClauses_1":["235"],
"clauseNumberBeforeSimplification_Labeled_splitClauses_0":["99"],
"cegarIterationNumber_PredictedCG_splitClauses_1":["10800000"],
"labeledTemplateRelationSymbolNumber_Unlabeled_splitClauses_0":["3"],
"unlabeledTemplateRelationSymbolNumber_Octagon_splitClauses_1":["11"],
"unlabeledTemplateNumber_Empty_splitClauses_1":["631"],
"clauseNumberBeforeSimplification_Octagon_splitClauses_1":["99"],
"labeledTemplateNumber_Unlabeled_splitClauses_0":["9"],
"labeledBinaryVariableTemplatesNumber_PredictedCG_splitClauses_0":["7"],
"solvability_Term_splitClauses_1":["1"],
"solvability_Octagon_splitClauses_0":["10800000"],
"minedTemplateRelationSymbolNumber_RelationalIneqs_splitClauses_0":["11"],
"clauseNumberBeforeSimplification_RelationalIneqs_splitClauses_0":["99"],
"labeledTemplateNumber_PredictedCG_splitClauses_0":["9"],
"cegarIterationNumber_Labeled_splitClauses_0":["10800000"],
"smt2FileSizeByte_Labeled_splitClauses_1":["60866"],
"clauseNumberBeforeSimplification_Unlabeled_splitClauses_1":["99"],
"generatedPredicateNumber_Term_splitClauses_1":["8"],
"solvingTime_Term_splitClauses_1":["358"],
"unlabeledBinaryVariableTemplatesNumber_Random_splitClauses_1":["396"],
"unlabeledSingleVariableTemplatesNumber_Octagon_splitClauses_0":["235"],
"solvingTime_Octagon_splitClauses_0":["10800000"],
"labeledSingleVariableTemplatesNumber_Mined_splitClauses_1":["2"],
"averagePredicateSize_Term_splitClauses_1":["1"],
"labeledTemplateNumber_Labeled_splitClauses_0":["9"],
"unlabeledSingleVariableTemplatesNumber_PredictedCG_splitClauses_0":["235"],
"smt2FileSizeByte_Mined_splitClauses_1":["60866"],
"labeledBinaryVariableTemplatesNumber_Unlabeled_splitClauses_1":["7"],
"labeledTemplateNumber_All_splitClauses_0":["9"],
"unlabeledTemplateNumber_Random_splitClauses_0":["631"],
"labeledTemplateNumber_Octagon_splitClauses_1":["9"],
"unlabeledTemplateNumber_PredictedCDHG_splitClauses_1":["631"],
"unlabeledBinaryVariableTemplatesNumber_Mined_splitClauses_0":["396"],
"minedTemplateRelationSymbolNumber_Mined_splitClauses_1":["11"],
"labeledTemplateNumber_RelationalIneqs_splitClauses_1":["9"],
"relationSymbolNumberAfterSimplification_All_splitClauses_0":["115"],
"relationSymbolNumberBeforeSimplification_PredictedCDHG_splitClauses_0":["216"],
"solvability_Term_splitClauses_0":["10800000"],
"clauseNumberBeforeSimplification_PredictedCG_splitClauses_1":["99"],
"generatedPredicateNumber_Labeled_splitClauses_1":["8"],
"labeledSingleVariableTemplatesNumber_Unlabeled_splitClauses_0":["2"],
"unlabeledBinaryVariableTemplatesNumber_Empty_splitClauses_0":["396"],
"solvingTime_Mined_splitClauses_0":["10800000"],
"unlabeledTemplateNumber_All_splitClauses_1":["631"],
"clauseNumberAfterSimplification_Random_splitClauses_1":["91"],
"labeledBinaryVariableTemplatesNumber_Octagon_splitClauses_1":["7"],
"unlabeledBinaryVariableTemplatesNumber_Labeled_splitClauses_0":["396"],
"smt2FileSizeByte_Octagon_splitClauses_0":["60866"],
"labeledSingleVariableTemplatesNumber_Random_splitClauses_1":["2"],
"solvability_Unlabeled_splitClauses_0":["10800000"],
"solvingTime_Unlabeled_splitClauses_0":["10800000"],
"unlabeledTemplateRelationSymbolNumber_All_splitClauses_1":["11"],
"minedTemplateNumber_Empty_splitClauses_1":["88"],
"solvability_RelationalIneqs_splitClauses_0":["10800000"],
"unlabeledTemplateRelationSymbolNumber_Labeled_splitClauses_1":["11"],
"cegarIterationNumber_RelationalEqs_splitClauses_1":["6"],
"minedSingleVariableTemplatesNumber_RelationalEqs_splitClauses_1":["81"],
"clauseNumberAfterSimplification_PredictedCDHG_splitClauses_1":["91"],
"minedBinaryVariableTemplatesNumber_RelationalIneqs_splitClauses_1":["7"],
"unlabeledBinaryVariableTemplatesNumber_Mined_splitClauses_1":["396"],
"unlabeledBinaryVariableTemplatesNumber_PredictedCDHG_splitClauses_0":["396"],
"solvingTime_Empty_splitClauses_1":["488"],
"labeledTemplateRelationSymbolNumber_Empty_splitClauses_1":["3"],
"generatedPredicateNumber_Term_splitClauses_0":["10800000"],
"averagePredicateSize_Empty_splitClauses_1":["1"],
"generatedPredicateNumber_PredictedCG_splitClauses_1":["10800000"],
"labeledTemplateRelationSymbolNumber_PredictedCDHG_splitClauses_1":["3"],
"predicateGeneratorTime_Mined_splitClauses_0":["10800000"],
"relationSymbolNumberBeforeSimplification_Term_splitClauses_0":["216"],
"predicateGeneratorTime_Labeled_splitClauses_0":["10800000"],
"labeledSingleVariableTemplatesNumber_Random_splitClauses_0":["2"],
"unlabeledTemplateRelationSymbolNumber_All_splitClauses_0":["11"],
"minedBinaryVariableTemplatesNumber_Labeled_splitClauses_0":["7"],
"generatedPredicateNumber_Labeled_splitClauses_0":["10800000"],
"relationSymbolNumberAfterSimplification_Empty_splitClauses_1":["115"],
"solvingTime_Mined_splitClauses_1":["391"],
"minedSingleVariableTemplatesNumber_All_splitClauses_1":["81"],
"predicateGeneratorTime_Random_splitClauses_0":["10800000"],
"cegarIterationNumber_Term_splitClauses_1":["6"],
"labeledTemplateNumber_Empty_splitClauses_1":["9"],
"clauseNumberAfterSimplification_Empty_splitClauses_1":["91"],
"minedTemplateRelationSymbolNumber_Empty_splitClauses_0":["11"],
"unlabeledSingleVariableTemplatesNumber_Term_splitClauses_0":["235"],
"minedSingleVariableTemplatesNumber_Empty_splitClauses_0":["81"],
"relationSymbolNumberAfterSimplification_Random_splitClauses_0":["115"],
"minedTemplateRelationSymbolNumber_RelationalEqs_splitClauses_0":["11"],
"cegarIterationNumber_Empty_splitClauses_0":["10800000"],
"minedBinaryVariableTemplatesNumber_RelationalEqs_splitClauses_1":["7"],
"relationSymbolNumberBeforeSimplification_PredictedCG_splitClauses_1":["216"],
"labeledSingleVariableTemplatesNumber_All_splitClauses_1":["2"],
"unlabeledTemplateRelationSymbolNumber_Octagon_splitClauses_0":["11"],
"minedTemplateRelationSymbolNumber_Unlabeled_splitClauses_0":["11"],
"labeledBinaryVariableTemplatesNumber_Mined_splitClauses_0":["7"],
"relationSymbolNumberAfterSimplification_Unlabeled_splitClauses_1":["115"],
"minedTemplateNumber_PredictedCG_splitClauses_1":["88"],
"cegarIterationNumber_Empty_splitClauses_1":["6"],
"averagePredicateSize_RelationalIneqs_splitClauses_0":["10800000"],
"solvability_All_splitClauses_1":["10800000"],
"unlabeledBinaryVariableTemplatesNumber_Term_splitClauses_1":["396"],
"minedTemplateRelationSymbolNumber_Labeled_splitClauses_1":["11"],
"averagePredicateSize_Unlabeled_splitClauses_1":["1"],
"labeledTemplateNumber_Term_splitClauses_0":["9"],
"smt2FileSizeByte_Empty_splitClauses_1":["60866"],
"solvingTime_PredictedCG_splitClauses_0":["10800000"],
"cegarIterationNumber_All_splitClauses_1":["10800000"],
"clauseNumberBeforeSimplification_Term_splitClauses_1":["99"],
"predicateGeneratorTime_Empty_splitClauses_0":["10800000"],
"relationSymbolNumberBeforeSimplification_Empty_splitClauses_1":["216"],
"averagePredicateSize_All_splitClauses_0":["10800000"],
"unlabeledBinaryVariableTemplatesNumber_Random_splitClauses_0":["396"],
"smt2FileSizeByte_Term_splitClauses_0":["60866"],
"averagePredicateSize_Mined_splitClauses_1":["1"],
"minedBinaryVariableTemplatesNumber_Empty_splitClauses_0":["7"],
"minedTemplateRelationSymbolNumber_All_splitClauses_1":["11"],
"labeledSingleVariableTemplatesNumber_PredictedCG_splitClauses_0":["2"],
"unlabeledBinaryVariableTemplatesNumber_RelationalIneqs_splitClauses_0":["396"],
"unlabeledSingleVariableTemplatesNumber_RelationalIneqs_splitClauses_1":["235"],
"clauseNumberAfterSimplification_RelationalIneqs_splitClauses_0":["91"],
"unlabeledTemplateNumber_RelationalEqs_splitClauses_0":["631"],
"unlabeledTemplateNumber_RelationalIneqs_splitClauses_1":["631"],
"labeledTemplateRelationSymbolNumber_PredictedCG_splitClauses_1":["3"],
"labeledTemplateRelationSymbolNumber_All_splitClauses_0":["3"],
"labeledSingleVariableTemplatesNumber_Octagon_splitClauses_0":["2"],
"dummyFiled":[]
}