{
"cegarIterationNumber_Term_splitClauses_0":[29],
"cegarIterationNumber_RelationalIneqs_splitClauses_1":[34],
"cegarIterationNumber_Octagon_splitClauses_0":[40],
"solvingTime_RelationalIneqs_splitClauses_1":[42926],
"solvingTime_Term_splitClauses_0":[10853],
"cegarIterationNumber_RelationalIneqs_splitClauses_0":[32],
"solvingTime_RelationalIneqs_splitClauses_0":[46339],
"solvingTime_Octagon_splitClauses_1":[48204],
"cegarIterationNumber_RelationalEqs_splitClauses_0":[31],
"solvingTime_RelationalEqs_splitClauses_0":[46977],
"solvingTime_RelationalEqs_splitClauses_1":[59025],
"cegarIterationNumber_Octagon_splitClauses_1":[40],
"solvingTime_Term_splitClauses_1":[14198],
"solvingTime_Octagon_splitClauses_0":[46827],
"cegarIterationNumber_RelationalEqs_splitClauses_1":[36],
"cegarIterationNumber_Term_splitClauses_1":[29],
"dummyFiled":[]
}