{
"smt2FileSizeByte_All_splitClauses_1":["66485"],
"generatedPredicateNumber_All_splitClauses_1":["10800000"],
"unlabeledTemplateRelationSymbolNumber_PredictedCDHG_splitClauses_0":["17"],
"relationSymbolNumberBeforeSimplification_Unlabeled_splitClauses_1":["233"],
"predicateGeneratorTime_Term_splitClauses_0":["10800000"],
"averagePredicateSize_Random_splitClauses_1":["1"],
"labeledBinaryVariableTemplatesNumber_Labeled_splitClauses_1":["19"],
"clauseNumberBeforeSimplification_All_splitClauses_1":["109"],
"minedTemplateRelationSymbolNumber_Term_splitClauses_0":["17"],
"solvingTime_Labeled_splitClauses_1":["539"],
"unlabeledTemplateNumber_Labeled_splitClauses_1":["919"],
"relationSymbolNumberAfterSimplification_All_splitClauses_1":["114"],
"minedTemplateRelationSymbolNumber_Octagon_splitClauses_1":["17"],
"clauseNumberAfterSimplification_Mined_splitClauses_1":["65"],
"relationSymbolNumberBeforeSimplification_Octagon_splitClauses_0":["233"],
"unlabeledBinaryVariableTemplatesNumber_Term_splitClauses_0":["576"],
"labeledTemplateNumber_PredictedCDHG_splitClauses_0":["20"],
"solvability_Empty_splitClauses_0":["10800000"],
"unlabeledTemplateRelationSymbolNumber_Random_splitClauses_1":["17"],
"labeledBinaryVariableTemplatesNumber_Octagon_splitClauses_0":["19"],
"relationSymbolNumberBeforeSimplification_Random_splitClauses_1":["233"],
"minedTemplateRelationSymbolNumber_Random_splitClauses_1":["17"],
"unlabeledSingleVariableTemplatesNumber_Mined_splitClauses_0":["343"],
"unlabeledBinaryVariableTemplatesNumber_PredictedCG_splitClauses_1":["576"],
"solvability_All_splitClauses_0":["10800000"],
"predicateGeneratorTime_RelationalEqs_splitClauses_1":["282"],
"relationSymbolNumberBeforeSimplification_PredictedCDHG_splitClauses_1":["233"],
"smt2FileSizeByte_PredictedCG_splitClauses_1":["66485"],
"labeledSingleVariableTemplatesNumber_Unlabeled_splitClauses_1":["1"],
"labeledBinaryVariableTemplatesNumber_PredictedCG_splitClauses_1":["19"],
"minedBinaryVariableTemplatesNumber_PredictedCG_splitClauses_0":["19"],
"solvability_Random_splitClauses_0":["10800000"],
"relationSymbolNumberAfterSimplification_PredictedCG_splitClauses_1":["114"],
"clauseNumberBeforeSimplification_PredictedCDHG_splitClauses_1":["109"],
"labeledSingleVariableTemplatesNumber_Mined_splitClauses_0":["1"],
"solvability_Unlabeled_splitClauses_1":["1"],
"cegarIterationNumber_Labeled_splitClauses_1":["8"],
"smt2FileSizeByte_Mined_splitClauses_0":["66485"],
"relationSymbolNumberAfterSimplification_Mined_splitClauses_0":["114"],
"labeledSingleVariableTemplatesNumber_PredictedCG_splitClauses_1":["1"],
"smt2FileSizeByte_Octagon_splitClauses_1":["66485"],
"minedTemplateNumber_Labeled_splitClauses_1":["136"],
"labeledSingleVariableTemplatesNumber_RelationalIneqs_splitClauses_1":["1"],
"clauseNumberAfterSimplification_Labeled_splitClauses_1":["65"],
"relationSymbolNumberAfterSimplification_Labeled_splitClauses_0":["114"],
"smt2FileSizeByte_Random_splitClauses_0":["66485"],
"relationSymbolNumberAfterSimplification_PredictedCDHG_splitClauses_0":["114"],
"unlabeledTemplateRelationSymbolNumber_PredictedCDHG_splitClauses_1":["17"],
"labeledSingleVariableTemplatesNumber_Term_splitClauses_0":["1"],
"generatedPredicateNumber_PredictedCDHG_splitClauses_1":["10800000"],
"minedSingleVariableTemplatesNumber_Unlabeled_splitClauses_0":["117"],
"generatedPredicateNumber_Octagon_splitClauses_1":["18"],
"labeledSingleVariableTemplatesNumber_RelationalEqs_splitClauses_0":["1"],
"predicateGeneratorTime_PredictedCG_splitClauses_1":["10800000"],
"relationSymbolNumberAfterSimplification_Octagon_splitClauses_0":["114"],
"labeledTemplateNumber_Labeled_splitClauses_1":["20"],
"labeledSingleVariableTemplatesNumber_Empty_splitClauses_0":["1"],
"minedTemplateRelationSymbolNumber_RelationalIneqs_splitClauses_1":["17"],
"unlabeledSingleVariableTemplatesNumber_All_splitClauses_1":["343"],
"labeledBinaryVariableTemplatesNumber_PredictedCDHG_splitClauses_1":["19"],
"unlabeledSingleVariableTemplatesNumber_RelationalEqs_splitClauses_1":["343"],
"cegarIterationNumber_Term_splitClauses_0":["10800000"],
"unlabeledBinaryVariableTemplatesNumber_Labeled_splitClauses_1":["576"],
"unlabeledSingleVariableTemplatesNumber_Term_splitClauses_1":["343"],
"clauseNumberAfterSimplification_All_splitClauses_1":["65"],
"minedSingleVariableTemplatesNumber_Random_splitClauses_0":["117"],
"solvability_RelationalIneqs_splitClauses_1":["1"],
"minedTemplateNumber_Labeled_splitClauses_0":["136"],
"minedSingleVariableTemplatesNumber_Octagon_splitClauses_0":["117"],
"minedSingleVariableTemplatesNumber_Term_splitClauses_1":["117"],
"minedBinaryVariableTemplatesNumber_PredictedCDHG_splitClauses_1":["19"],
"generatedPredicateNumber_Mined_splitClauses_1":["18"],
"labeledSingleVariableTemplatesNumber_RelationalIneqs_splitClauses_0":["1"],
"averagePredicateSize_Mined_splitClauses_0":["10800000"],
"cegarIterationNumber_Unlabeled_splitClauses_0":["10800000"],
"minedBinaryVariableTemplatesNumber_Random_splitClauses_0":["19"],
"labeledTemplateNumber_Mined_splitClauses_1":["20"],
"labeledBinaryVariableTemplatesNumber_Random_splitClauses_0":["19"],
"unlabeledTemplateRelationSymbolNumber_Unlabeled_splitClauses_1":["17"],
"cegarIterationNumber_Mined_splitClauses_0":["10800000"],
"minedTemplateRelationSymbolNumber_Labeled_splitClauses_0":["17"],
"unlabeledBinaryVariableTemplatesNumber_RelationalIneqs_splitClauses_1":["576"],
"unlabeledBinaryVariableTemplatesNumber_Octagon_splitClauses_0":["576"],
"solvability_Mined_splitClauses_0":["10800000"],
"averagePredicateSize_RelationalEqs_splitClauses_0":["10800000"],
"clauseNumberAfterSimplification_Term_splitClauses_0":["65"],
"unlabeledTemplateNumber_Mined_splitClauses_0":["919"],
"relationSymbolNumberAfterSimplification_Random_splitClauses_1":["114"],
"unlabeledTemplateNumber_PredictedCDHG_splitClauses_0":["919"],
"cegarIterationNumber_RelationalIneqs_splitClauses_1":["8"],
"minedBinaryVariableTemplatesNumber_Unlabeled_splitClauses_1":["19"],
"labeledTemplateNumber_PredictedCG_splitClauses_1":["20"],
"labeledTemplateRelationSymbolNumber_Mined_splitClauses_0":["7"],
"labeledBinaryVariableTemplatesNumber_Mined_splitClauses_1":["19"],
"relationSymbolNumberBeforeSimplification_Mined_splitClauses_0":["233"],
"relationSymbolNumberBeforeSimplification_RelationalIneqs_splitClauses_0":["233"],
"clauseNumberAfterSimplification_RelationalIneqs_splitClauses_1":["65"],
"minedSingleVariableTemplatesNumber_PredictedCDHG_splitClauses_0":["117"],
"solvability_Labeled_splitClauses_1":["1"],
"labeledSingleVariableTemplatesNumber_Octagon_splitClauses_1":["1"],
"averagePredicateSize_Random_splitClauses_0":["10800000"],
"smt2FileSizeByte_RelationalIneqs_splitClauses_0":["66485"],
"generatedPredicateNumber_Unlabeled_splitClauses_0":["10800000"],
"solvability_RelationalEqs_splitClauses_0":["10800000"],
"predicateGeneratorTime_Empty_splitClauses_1":["249"],
"minedSingleVariableTemplatesNumber_Mined_splitClauses_0":["117"],
"relationSymbolNumberAfterSimplification_Unlabeled_splitClauses_0":["114"],
"minedTemplateRelationSymbolNumber_PredictedCDHG_splitClauses_1":["17"],
"minedTemplateNumber_PredictedCG_splitClauses_0":["136"],
"averagePredicateSize_RelationalIneqs_splitClauses_1":["1"],
"labeledTemplateRelationSymbolNumber_Random_splitClauses_1":["7"],
"minedTemplateNumber_RelationalIneqs_splitClauses_0":["136"],
"predicateGeneratorTime_RelationalIneqs_splitClauses_0":["10800000"],
"labeledTemplateRelationSymbolNumber_Empty_splitClauses_0":["7"],
"minedBinaryVariableTemplatesNumber_Octagon_splitClauses_0":["19"],
"labeledSingleVariableTemplatesNumber_Term_splitClauses_1":["1"],
"labeledBinaryVariableTemplatesNumber_Empty_splitClauses_0":["19"],
"minedTemplateNumber_Octagon_splitClauses_0":["136"],
"labeledBinaryVariableTemplatesNumber_Unlabeled_splitClauses_0":["19"],
"relationSymbolNumberBeforeSimplification_Empty_splitClauses_0":["233"],
"clauseNumberAfterSimplification_PredictedCDHG_splitClauses_0":["65"],
"smt2FileSizeByte_PredictedCG_splitClauses_0":["66485"],
"minedBinaryVariableTemplatesNumber_RelationalEqs_splitClauses_0":["19"],
"relationSymbolNumberBeforeSimplification_Unlabeled_splitClauses_0":["233"],
"labeledTemplateRelationSymbolNumber_RelationalEqs_splitClauses_1":["7"],
"minedBinaryVariableTemplatesNumber_Random_splitClauses_1":["19"],
"clauseNumberAfterSimplification_Unlabeled_splitClauses_1":["65"],
"minedSingleVariableTemplatesNumber_PredictedCDHG_splitClauses_1":["117"],
"labeledBinaryVariableTemplatesNumber_Term_splitClauses_1":["19"],
"clauseNumberBeforeSimplification_Empty_splitClauses_1":["109"],
"relationSymbolNumberAfterSimplification_Octagon_splitClauses_1":["114"],
"relationSymbolNumberAfterSimplification_Term_splitClauses_0":["114"],
"minedBinaryVariableTemplatesNumber_Mined_splitClauses_1":["19"],
"unlabeledBinaryVariableTemplatesNumber_Unlabeled_splitClauses_1":["576"],
"relationSymbolNumberBeforeSimplification_Random_splitClauses_0":["233"],
"relationSymbolNumberAfterSimplification_PredictedCDHG_splitClauses_1":["114"],
"unlabeledTemplateNumber_PredictedCG_splitClauses_1":["919"],
"generatedPredicateNumber_Empty_splitClauses_0":["10800000"],
"predicateGeneratorTime_RelationalIneqs_splitClauses_1":["251"],
"unlabeledSingleVariableTemplatesNumber_Empty_splitClauses_0":["343"],
"cegarIterationNumber_Octagon_splitClauses_0":["10800000"],
"clauseNumberAfterSimplification_Octagon_splitClauses_1":["65"],
"unlabeledSingleVariableTemplatesNumber_Labeled_splitClauses_1":["343"],
"clauseNumberBeforeSimplification_Random_splitClauses_1":["109"],
"minedTemplateRelationSymbolNumber_All_splitClauses_0":["17"],
"unlabeledTemplateRelationSymbolNumber_RelationalEqs_splitClauses_0":["17"],
"minedSingleVariableTemplatesNumber_Unlabeled_splitClauses_1":["117"],
"clauseNumberBeforeSimplification_RelationalEqs_splitClauses_0":["109"],
"minedTemplateNumber_Unlabeled_splitClauses_0":["136"],
"generatedPredicateNumber_Octagon_splitClauses_0":["10800000"],
"predicateGeneratorTime_PredictedCDHG_splitClauses_0":["10800000"],
"clauseNumberAfterSimplification_PredictedCG_splitClauses_1":["65"],
"labeledSingleVariableTemplatesNumber_RelationalEqs_splitClauses_1":["1"],
"smt2FileSizeByte_Random_splitClauses_1":["66485"],
"averagePredicateSize_PredictedCG_splitClauses_1":["10800000"],
"cegarIterationNumber_PredictedCDHG_splitClauses_1":["10800000"],
"clauseNumberAfterSimplification_RelationalEqs_splitClauses_1":["65"],
"minedBinaryVariableTemplatesNumber_Empty_splitClauses_1":["19"],
"relationSymbolNumberAfterSimplification_RelationalEqs_splitClauses_1":["114"],
"minedTemplateNumber_PredictedCDHG_splitClauses_0":["136"],
"labeledBinaryVariableTemplatesNumber_All_splitClauses_1":["19"],
"solvingTime_RelationalIneqs_splitClauses_1":["375"],
"unlabeledTemplateRelationSymbolNumber_RelationalEqs_splitClauses_1":["17"],
"smt2FileSizeByte_Unlabeled_splitClauses_0":["66485"],
"relationSymbolNumberBeforeSimplification_Mined_splitClauses_1":["233"],
"relationSymbolNumberAfterSimplification_Mined_splitClauses_1":["114"],
"generatedPredicateNumber_All_splitClauses_0":["10800000"],
"relationSymbolNumberBeforeSimplification_Octagon_splitClauses_1":["233"],
"predicateGeneratorTime_Octagon_splitClauses_1":["332"],
"solvability_Mined_splitClauses_1":["1"],
"minedTemplateRelationSymbolNumber_Term_splitClauses_1":["17"],
"clauseNumberAfterSimplification_Mined_splitClauses_0":["65"],
"solvability_PredictedCDHG_splitClauses_0":["10800000"],
"solvingTime_Empty_splitClauses_0":["10800000"],
"unlabeledSingleVariableTemplatesNumber_Unlabeled_splitClauses_1":["343"],
"minedTemplateNumber_Term_splitClauses_1":["136"],
"averagePredicateSize_Octagon_splitClauses_1":["1"],
"unlabeledSingleVariableTemplatesNumber_Octagon_splitClauses_1":["343"],
"minedTemplateRelationSymbolNumber_RelationalEqs_splitClauses_1":["17"],
"relationSymbolNumberBeforeSimplification_All_splitClauses_1":["233"],
"minedBinaryVariableTemplatesNumber_RelationalIneqs_splitClauses_0":["19"],
"predicateGeneratorTime_Term_splitClauses_1":["323"],
"solvingTime_Labeled_splitClauses_0":["10800000"],
"unlabeledBinaryVariableTemplatesNumber_PredictedCG_splitClauses_0":["576"],
"minedTemplateNumber_All_splitClauses_0":["136"],
"predicateGeneratorTime_Labeled_splitClauses_1":["350"],
"unlabeledTemplateRelationSymbolNumber_Empty_splitClauses_0":["17"],
"unlabeledTemplateNumber_Mined_splitClauses_1":["919"],
"solvability_PredictedCG_splitClauses_1":["10800000"],
"unlabeledTemplateNumber_Term_splitClauses_0":["919"],
"minedBinaryVariableTemplatesNumber_PredictedCG_splitClauses_1":["19"],
"labeledSingleVariableTemplatesNumber_PredictedCDHG_splitClauses_0":["1"],
"minedBinaryVariableTemplatesNumber_All_splitClauses_0":["19"],
"averagePredicateSize_PredictedCDHG_splitClauses_1":["10800000"],
"predicateGeneratorTime_PredictedCG_splitClauses_0":["10800000"],
"generatedPredicateNumber_RelationalIneqs_splitClauses_0":["10800000"],
"labeledTemplateNumber_Empty_splitClauses_0":["20"],
"relationSymbolNumberAfterSimplification_RelationalIneqs_splitClauses_1":["114"],
"unlabeledTemplateRelationSymbolNumber_Term_splitClauses_0":["17"],
"minedTemplateNumber_All_splitClauses_1":["136"],
"labeledSingleVariableTemplatesNumber_Empty_splitClauses_1":["1"],
"minedBinaryVariableTemplatesNumber_Unlabeled_splitClauses_0":["19"],
"labeledTemplateNumber_Random_splitClauses_0":["20"],
"minedBinaryVariableTemplatesNumber_All_splitClauses_1":["19"],
"unlabeledSingleVariableTemplatesNumber_All_splitClauses_0":["343"],
"relationSymbolNumberBeforeSimplification_Labeled_splitClauses_1":["233"],
"smt2FileSizeByte_PredictedCDHG_splitClauses_1":["66485"],
"labeledBinaryVariableTemplatesNumber_PredictedCDHG_splitClauses_0":["19"],
"averagePredicateSize_RelationalEqs_splitClauses_1":["1"],
"minedSingleVariableTemplatesNumber_Term_splitClauses_0":["117"],
"labeledTemplateRelationSymbolNumber_Term_splitClauses_1":["7"],
"generatedPredicateNumber_Random_splitClauses_0":["10800000"],
"labeledBinaryVariableTemplatesNumber_Empty_splitClauses_1":["19"],
"relationSymbolNumberAfterSimplification_Term_splitClauses_1":["114"],
"clauseNumberAfterSimplification_Labeled_splitClauses_0":["65"],
"labeledSingleVariableTemplatesNumber_Labeled_splitClauses_0":["1"],
"minedTemplateNumber_Mined_splitClauses_1":["136"],
"labeledTemplateRelationSymbolNumber_Labeled_splitClauses_0":["7"],
"unlabeledTemplateRelationSymbolNumber_Mined_splitClauses_1":["17"],
"solvability_Labeled_splitClauses_0":["10800000"],
"minedTemplateNumber_RelationalEqs_splitClauses_1":["136"],
"solvingTime_Random_splitClauses_1":["403"],
"minedTemplateNumber_Random_splitClauses_0":["136"],
"cegarIterationNumber_Unlabeled_splitClauses_1":["8"],
"minedTemplateNumber_RelationalIneqs_splitClauses_1":["136"],
"unlabeledBinaryVariableTemplatesNumber_Octagon_splitClauses_1":["576"],
"minedSingleVariableTemplatesNumber_Octagon_splitClauses_1":["117"],
"minedSingleVariableTemplatesNumber_Random_splitClauses_1":["117"],
"averagePredicateSize_All_splitClauses_1":["10800000"],
"minedTemplateNumber_Empty_splitClauses_0":["136"],
"labeledTemplateNumber_Mined_splitClauses_0":["20"],
"unlabeledBinaryVariableTemplatesNumber_All_splitClauses_0":["576"],
"relationSymbolNumberAfterSimplification_Labeled_splitClauses_1":["114"],
"labeledSingleVariableTemplatesNumber_PredictedCDHG_splitClauses_1":["1"],
"minedSingleVariableTemplatesNumber_Mined_splitClauses_1":["117"],
"labeledTemplateRelationSymbolNumber_Term_splitClauses_0":["7"],
"unlabeledTemplateRelationSymbolNumber_Term_splitClauses_1":["17"],
"predicateGeneratorTime_All_splitClauses_1":["10800000"],
"unlabeledSingleVariableTemplatesNumber_Random_splitClauses_0":["343"],
"predicateGeneratorTime_Unlabeled_splitClauses_1":["300"],
"cegarIterationNumber_PredictedCDHG_splitClauses_0":["10800000"],
"labeledTemplateNumber_RelationalEqs_splitClauses_0":["20"],
"labeledTemplateRelationSymbolNumber_Mined_splitClauses_1":["7"],
"labeledTemplateRelationSymbolNumber_Random_splitClauses_0":["7"],
"labeledBinaryVariableTemplatesNumber_RelationalEqs_splitClauses_1":["19"],
"generatedPredicateNumber_RelationalIneqs_splitClauses_1":["18"],
"unlabeledTemplateRelationSymbolNumber_PredictedCG_splitClauses_1":["17"],
"unlabeledSingleVariableTemplatesNumber_RelationalEqs_splitClauses_0":["343"],
"labeledBinaryVariableTemplatesNumber_Labeled_splitClauses_0":["19"],
"minedBinaryVariableTemplatesNumber_PredictedCDHG_splitClauses_0":["19"],
"unlabeledTemplateRelationSymbolNumber_Unlabeled_splitClauses_0":["17"],
"clauseNumberAfterSimplification_Term_splitClauses_1":["65"],
"unlabeledTemplateNumber_Octagon_splitClauses_0":["919"],
"unlabeledBinaryVariableTemplatesNumber_RelationalEqs_splitClauses_1":["576"],
"unlabeledTemplateNumber_PredictedCG_splitClauses_0":["919"],
"unlabeledTemplateNumber_All_splitClauses_0":["919"],
"labeledTemplateRelationSymbolNumber_RelationalIneqs_splitClauses_1":["7"],
"unlabeledSingleVariableTemplatesNumber_Mined_splitClauses_1":["343"],
"labeledTemplateRelationSymbolNumber_Unlabeled_splitClauses_1":["7"],
"labeledBinaryVariableTemplatesNumber_Random_splitClauses_1":["19"],
"solvability_Random_splitClauses_1":["1"],
"solvingTime_Term_splitClauses_0":["10800000"],
"minedSingleVariableTemplatesNumber_Labeled_splitClauses_1":["117"],
"clauseNumberBeforeSimplification_Term_splitClauses_0":["109"],
"relationSymbolNumberBeforeSimplification_RelationalIneqs_splitClauses_1":["233"],
"minedTemplateRelationSymbolNumber_Mined_splitClauses_0":["17"],
"solvability_Octagon_splitClauses_1":["1"],
"minedSingleVariableTemplatesNumber_RelationalIneqs_splitClauses_1":["117"],
"smt2FileSizeByte_Labeled_splitClauses_0":["66485"],
"solvability_RelationalEqs_splitClauses_1":["1"],
"unlabeledSingleVariableTemplatesNumber_Empty_splitClauses_1":["343"],
"labeledTemplateNumber_PredictedCDHG_splitClauses_1":["20"],
"minedTemplateRelationSymbolNumber_Octagon_splitClauses_0":["17"],
"clauseNumberAfterSimplification_Unlabeled_splitClauses_0":["65"],
"clauseNumberBeforeSimplification_Unlabeled_splitClauses_0":["109"],
"clauseNumberBeforeSimplification_PredictedCDHG_splitClauses_0":["109"],
"cegarIterationNumber_RelationalIneqs_splitClauses_0":["10800000"],
"labeledTemplateRelationSymbolNumber_RelationalEqs_splitClauses_0":["7"],
"averagePredicateSize_Labeled_splitClauses_0":["10800000"],
"smt2FileSizeByte_RelationalIneqs_splitClauses_1":["66485"],
"clauseNumberBeforeSimplification_RelationalEqs_splitClauses_1":["109"],
"unlabeledTemplateRelationSymbolNumber_RelationalIneqs_splitClauses_1":["17"],
"clauseNumberBeforeSimplification_PredictedCG_splitClauses_0":["109"],
"solvingTime_PredictedCDHG_splitClauses_0":["10800000"],
"labeledTemplateRelationSymbolNumber_Octagon_splitClauses_1":["7"],
"minedTemplateRelationSymbolNumber_PredictedCG_splitClauses_1":["17"],
"relationSymbolNumberBeforeSimplification_RelationalEqs_splitClauses_1":["233"],
"labeledTemplateNumber_Random_splitClauses_1":["20"],
"solvingTime_RelationalIneqs_splitClauses_0":["10800000"],
"labeledTemplateNumber_All_splitClauses_1":["20"],
"unlabeledTemplateNumber_Random_splitClauses_1":["919"],
"relationSymbolNumberBeforeSimplification_All_splitClauses_0":["233"],
"smt2FileSizeByte_Unlabeled_splitClauses_1":["66485"],
"cegarIterationNumber_PredictedCG_splitClauses_0":["10800000"],
"predicateGeneratorTime_Octagon_splitClauses_0":["10800000"],
"unlabeledTemplateNumber_RelationalEqs_splitClauses_1":["919"],
"clauseNumberAfterSimplification_Octagon_splitClauses_0":["65"],
"cegarIterationNumber_Random_splitClauses_0":["10800000"],
"solvability_PredictedCDHG_splitClauses_1":["10800000"],
"solvability_PredictedCG_splitClauses_0":["10800000"],
"solvingTime_PredictedCG_splitClauses_1":["10800000"],
"unlabeledSingleVariableTemplatesNumber_Unlabeled_splitClauses_0":["343"],
"unlabeledTemplateNumber_Unlabeled_splitClauses_0":["919"],
"labeledTemplateRelationSymbolNumber_RelationalIneqs_splitClauses_0":["7"],
"minedTemplateNumber_Random_splitClauses_1":["136"],
"generatedPredicateNumber_RelationalEqs_splitClauses_0":["10800000"],
"minedTemplateNumber_Term_splitClauses_0":["136"],
"solvingTime_All_splitClauses_1":["10800000"],
"minedSingleVariableTemplatesNumber_PredictedCG_splitClauses_0":["117"],
"smt2FileSizeByte_Term_splitClauses_1":["66485"],
"labeledBinaryVariableTemplatesNumber_All_splitClauses_0":["19"],
"minedTemplateNumber_PredictedCDHG_splitClauses_1":["136"],
"minedTemplateRelationSymbolNumber_PredictedCDHG_splitClauses_0":["17"],
"averagePredicateSize_Unlabeled_splitClauses_0":["10800000"],
"minedBinaryVariableTemplatesNumber_Octagon_splitClauses_1":["19"],
"unlabeledSingleVariableTemplatesNumber_Random_splitClauses_1":["343"],
"clauseNumberBeforeSimplification_Random_splitClauses_0":["109"],
"solvingTime_Unlabeled_splitClauses_1":["490"],
"predicateGeneratorTime_PredictedCDHG_splitClauses_1":["10800000"],
"averagePredicateSize_PredictedCDHG_splitClauses_0":["10800000"],
"relationSymbolNumberAfterSimplification_RelationalEqs_splitClauses_0":["114"],
"minedBinaryVariableTemplatesNumber_Term_splitClauses_0":["19"],
"labeledTemplateNumber_RelationalIneqs_splitClauses_0":["20"],
"clauseNumberAfterSimplification_Random_splitClauses_0":["65"],
"clauseNumberAfterSimplification_PredictedCG_splitClauses_0":["65"],
"generatedPredicateNumber_Empty_splitClauses_1":["18"],
"clauseNumberBeforeSimplification_Octagon_splitClauses_0":["109"],
"unlabeledTemplateNumber_Empty_splitClauses_0":["919"],
"minedSingleVariableTemplatesNumber_All_splitClauses_0":["117"],
"labeledTemplateRelationSymbolNumber_Octagon_splitClauses_0":["7"],
"generatedPredicateNumber_Random_splitClauses_1":["18"],
"clauseNumberAfterSimplification_RelationalEqs_splitClauses_0":["65"],
"labeledBinaryVariableTemplatesNumber_Term_splitClauses_0":["19"],
"minedSingleVariableTemplatesNumber_RelationalEqs_splitClauses_0":["117"],
"minedTemplateNumber_Mined_splitClauses_0":["136"],
"relationSymbolNumberBeforeSimplification_PredictedCG_splitClauses_0":["233"],
"averagePredicateSize_Octagon_splitClauses_0":["10800000"],
"unlabeledBinaryVariableTemplatesNumber_Empty_splitClauses_1":["576"],
"unlabeledSingleVariableTemplatesNumber_PredictedCDHG_splitClauses_0":["343"],
"unlabeledSingleVariableTemplatesNumber_PredictedCG_splitClauses_1":["343"],
"labeledTemplateRelationSymbolNumber_Labeled_splitClauses_1":["7"],
"minedTemplateRelationSymbolNumber_Random_splitClauses_0":["17"],
"unlabeledTemplateRelationSymbolNumber_PredictedCG_splitClauses_0":["17"],
"unlabeledTemplateNumber_RelationalIneqs_splitClauses_0":["919"],
"unlabeledSingleVariableTemplatesNumber_Labeled_splitClauses_0":["343"],
"relationSymbolNumberAfterSimplification_PredictedCG_splitClauses_0":["114"],
"minedTemplateNumber_Unlabeled_splitClauses_1":["136"],
"generatedPredicateNumber_PredictedCG_splitClauses_0":["10800000"],
"labeledTemplateNumber_Unlabeled_splitClauses_1":["20"],
"unlabeledTemplateRelationSymbolNumber_Empty_splitClauses_1":["17"],
"clauseNumberBeforeSimplification_Empty_splitClauses_0":["109"],
"solvingTime_Octagon_splitClauses_1":["519"],
"cegarIterationNumber_Mined_splitClauses_1":["8"],
"clauseNumberBeforeSimplification_Mined_splitClauses_1":["109"],
"smt2FileSizeByte_PredictedCDHG_splitClauses_0":["66485"],
"averagePredicateSize_PredictedCG_splitClauses_0":["10800000"],
"solvingTime_Random_splitClauses_0":["10800000"],
"minedTemplateNumber_RelationalEqs_splitClauses_0":["136"],
"unlabeledSingleVariableTemplatesNumber_RelationalIneqs_splitClauses_0":["343"],
"unlabeledTemplateNumber_Unlabeled_splitClauses_1":["919"],
"labeledBinaryVariableTemplatesNumber_RelationalEqs_splitClauses_0":["19"],
"generatedPredicateNumber_PredictedCDHG_splitClauses_0":["10800000"],
"relationSymbolNumberAfterSimplification_RelationalIneqs_splitClauses_0":["114"],
"minedTemplateRelationSymbolNumber_Empty_splitClauses_1":["17"],
"predicateGeneratorTime_Random_splitClauses_1":["267"],
"labeledTemplateNumber_Term_splitClauses_1":["20"],
"relationSymbolNumberBeforeSimplification_RelationalEqs_splitClauses_0":["233"],
"minedSingleVariableTemplatesNumber_Empty_splitClauses_1":["117"],
"minedSingleVariableTemplatesNumber_RelationalIneqs_splitClauses_0":["117"],
"clauseNumberAfterSimplification_All_splitClauses_0":["65"],
"unlabeledBinaryVariableTemplatesNumber_RelationalEqs_splitClauses_0":["576"],
"cegarIterationNumber_RelationalEqs_splitClauses_0":["10800000"],
"labeledTemplateRelationSymbolNumber_PredictedCDHG_splitClauses_0":["7"],
"labeledSingleVariableTemplatesNumber_Labeled_splitClauses_1":["1"],
"unlabeledBinaryVariableTemplatesNumber_All_splitClauses_1":["576"],
"minedTemplateRelationSymbolNumber_Unlabeled_splitClauses_1":["17"],
"solvingTime_RelationalEqs_splitClauses_0":["10800000"],
"solvingTime_RelationalEqs_splitClauses_1":["420"],
"minedBinaryVariableTemplatesNumber_Mined_splitClauses_0":["19"],
"clauseNumberBeforeSimplification_All_splitClauses_0":["109"],
"clauseNumberBeforeSimplification_RelationalIneqs_splitClauses_1":["109"],
"labeledTemplateNumber_RelationalEqs_splitClauses_1":["20"],
"labeledBinaryVariableTemplatesNumber_RelationalIneqs_splitClauses_0":["19"],
"relationSymbolNumberBeforeSimplification_Labeled_splitClauses_0":["233"],
"clauseNumberAfterSimplification_Empty_splitClauses_0":["65"],
"averagePredicateSize_Empty_splitClauses_0":["10800000"],
"unlabeledTemplateNumber_Term_splitClauses_1":["919"],
"predicateGeneratorTime_Mined_splitClauses_1":["307"],
"labeledBinaryVariableTemplatesNumber_RelationalIneqs_splitClauses_1":["19"],
"predicateGeneratorTime_Unlabeled_splitClauses_0":["10800000"],
"relationSymbolNumberAfterSimplification_Empty_splitClauses_0":["114"],
"generatedPredicateNumber_Mined_splitClauses_0":["10800000"],
"generatedPredicateNumber_RelationalEqs_splitClauses_1":["18"],
"labeledTemplateRelationSymbolNumber_PredictedCG_splitClauses_0":["7"],
"minedSingleVariableTemplatesNumber_PredictedCG_splitClauses_1":["117"],
"minedTemplateRelationSymbolNumber_PredictedCG_splitClauses_0":["17"],
"unlabeledTemplateRelationSymbolNumber_Labeled_splitClauses_0":["17"],
"solvability_Empty_splitClauses_1":["1"],
"averagePredicateSize_Term_splitClauses_0":["10800000"],
"cegarIterationNumber_Random_splitClauses_1":["8"],
"averagePredicateSize_Labeled_splitClauses_1":["1"],
"unlabeledBinaryVariableTemplatesNumber_Unlabeled_splitClauses_0":["576"],
"generatedPredicateNumber_Unlabeled_splitClauses_1":["18"],
"predicateGeneratorTime_All_splitClauses_0":["10800000"],
"unlabeledBinaryVariableTemplatesNumber_PredictedCDHG_splitClauses_1":["576"],
"clauseNumberBeforeSimplification_Labeled_splitClauses_1":["109"],
"minedBinaryVariableTemplatesNumber_Labeled_splitClauses_1":["19"],
"labeledSingleVariableTemplatesNumber_All_splitClauses_0":["1"],
"unlabeledTemplateRelationSymbolNumber_Mined_splitClauses_0":["17"],
"cegarIterationNumber_Octagon_splitClauses_1":["8"],
"labeledTemplateNumber_Octagon_splitClauses_0":["20"],
"labeledTemplateRelationSymbolNumber_All_splitClauses_1":["7"],
"smt2FileSizeByte_Empty_splitClauses_0":["66485"],
"unlabeledTemplateNumber_Octagon_splitClauses_1":["919"],
"predicateGeneratorTime_RelationalEqs_splitClauses_0":["10800000"],
"unlabeledTemplateRelationSymbolNumber_RelationalIneqs_splitClauses_0":["17"],
"smt2FileSizeByte_RelationalEqs_splitClauses_1":["66485"],
"unlabeledTemplateNumber_Labeled_splitClauses_0":["919"],
"minedSingleVariableTemplatesNumber_Labeled_splitClauses_0":["117"],
"solvingTime_PredictedCDHG_splitClauses_1":["10800000"],
"relationSymbolNumberBeforeSimplification_Term_splitClauses_1":["233"],
"minedTemplateNumber_Octagon_splitClauses_1":["136"],
"clauseNumberBeforeSimplification_Mined_splitClauses_0":["109"],
"smt2FileSizeByte_All_splitClauses_0":["66485"],
"solvingTime_All_splitClauses_0":["10800000"],
"minedBinaryVariableTemplatesNumber_Term_splitClauses_1":["19"],
"unlabeledTemplateRelationSymbolNumber_Random_splitClauses_0":["17"],
"cegarIterationNumber_All_splitClauses_0":["10800000"],
"smt2FileSizeByte_RelationalEqs_splitClauses_0":["66485"],
"unlabeledSingleVariableTemplatesNumber_PredictedCDHG_splitClauses_1":["343"],
"clauseNumberBeforeSimplification_Labeled_splitClauses_0":["109"],
"cegarIterationNumber_PredictedCG_splitClauses_1":["10800000"],
"labeledTemplateRelationSymbolNumber_Unlabeled_splitClauses_0":["7"],
"unlabeledTemplateRelationSymbolNumber_Octagon_splitClauses_1":["17"],
"unlabeledTemplateNumber_Empty_splitClauses_1":["919"],
"clauseNumberBeforeSimplification_Octagon_splitClauses_1":["109"],
"labeledTemplateNumber_Unlabeled_splitClauses_0":["20"],
"labeledBinaryVariableTemplatesNumber_PredictedCG_splitClauses_0":["19"],
"solvability_Term_splitClauses_1":["1"],
"solvability_Octagon_splitClauses_0":["10800000"],
"minedTemplateRelationSymbolNumber_RelationalIneqs_splitClauses_0":["17"],
"clauseNumberBeforeSimplification_RelationalIneqs_splitClauses_0":["109"],
"labeledTemplateNumber_PredictedCG_splitClauses_0":["20"],
"cegarIterationNumber_Labeled_splitClauses_0":["10800000"],
"smt2FileSizeByte_Labeled_splitClauses_1":["66485"],
"clauseNumberBeforeSimplification_Unlabeled_splitClauses_1":["109"],
"generatedPredicateNumber_Term_splitClauses_1":["18"],
"solvingTime_Term_splitClauses_1":["467"],
"unlabeledBinaryVariableTemplatesNumber_Random_splitClauses_1":["576"],
"unlabeledSingleVariableTemplatesNumber_Octagon_splitClauses_0":["343"],
"solvingTime_Octagon_splitClauses_0":["10800000"],
"labeledSingleVariableTemplatesNumber_Mined_splitClauses_1":["1"],
"averagePredicateSize_Term_splitClauses_1":["1"],
"labeledTemplateNumber_Labeled_splitClauses_0":["20"],
"unlabeledSingleVariableTemplatesNumber_PredictedCG_splitClauses_0":["343"],
"smt2FileSizeByte_Mined_splitClauses_1":["66485"],
"labeledBinaryVariableTemplatesNumber_Unlabeled_splitClauses_1":["19"],
"labeledTemplateNumber_All_splitClauses_0":["20"],
"unlabeledTemplateNumber_Random_splitClauses_0":["919"],
"labeledTemplateNumber_Octagon_splitClauses_1":["20"],
"unlabeledTemplateNumber_PredictedCDHG_splitClauses_1":["919"],
"unlabeledBinaryVariableTemplatesNumber_Mined_splitClauses_0":["576"],
"minedTemplateRelationSymbolNumber_Mined_splitClauses_1":["17"],
"labeledTemplateNumber_RelationalIneqs_splitClauses_1":["20"],
"relationSymbolNumberAfterSimplification_All_splitClauses_0":["114"],
"relationSymbolNumberBeforeSimplification_PredictedCDHG_splitClauses_0":["233"],
"solvability_Term_splitClauses_0":["10800000"],
"clauseNumberBeforeSimplification_PredictedCG_splitClauses_1":["109"],
"generatedPredicateNumber_Labeled_splitClauses_1":["18"],
"labeledSingleVariableTemplatesNumber_Unlabeled_splitClauses_0":["1"],
"unlabeledBinaryVariableTemplatesNumber_Empty_splitClauses_0":["576"],
"solvingTime_Mined_splitClauses_0":["10800000"],
"unlabeledTemplateNumber_All_splitClauses_1":["919"],
"clauseNumberAfterSimplification_Random_splitClauses_1":["65"],
"labeledBinaryVariableTemplatesNumber_Octagon_splitClauses_1":["19"],
"unlabeledBinaryVariableTemplatesNumber_Labeled_splitClauses_0":["576"],
"smt2FileSizeByte_Octagon_splitClauses_0":["66485"],
"labeledSingleVariableTemplatesNumber_Random_splitClauses_1":["1"],
"solvability_Unlabeled_splitClauses_0":["10800000"],
"solvingTime_Unlabeled_splitClauses_0":["10800000"],
"unlabeledTemplateRelationSymbolNumber_All_splitClauses_1":["17"],
"minedTemplateNumber_Empty_splitClauses_1":["136"],
"solvability_RelationalIneqs_splitClauses_0":["10800000"],
"unlabeledTemplateRelationSymbolNumber_Labeled_splitClauses_1":["17"],
"cegarIterationNumber_RelationalEqs_splitClauses_1":["8"],
"minedSingleVariableTemplatesNumber_RelationalEqs_splitClauses_1":["117"],
"clauseNumberAfterSimplification_PredictedCDHG_splitClauses_1":["65"],
"minedBinaryVariableTemplatesNumber_RelationalIneqs_splitClauses_1":["19"],
"unlabeledBinaryVariableTemplatesNumber_Mined_splitClauses_1":["576"],
"unlabeledBinaryVariableTemplatesNumber_PredictedCDHG_splitClauses_0":["576"],
"solvingTime_Empty_splitClauses_1":["371"],
"labeledTemplateRelationSymbolNumber_Empty_splitClauses_1":["7"],
"generatedPredicateNumber_Term_splitClauses_0":["10800000"],
"averagePredicateSize_Empty_splitClauses_1":["1"],
"generatedPredicateNumber_PredictedCG_splitClauses_1":["10800000"],
"labeledTemplateRelationSymbolNumber_PredictedCDHG_splitClauses_1":["7"],
"predicateGeneratorTime_Mined_splitClauses_0":["10800000"],
"relationSymbolNumberBeforeSimplification_Term_splitClauses_0":["233"],
"predicateGeneratorTime_Labeled_splitClauses_0":["10800000"],
"labeledSingleVariableTemplatesNumber_Random_splitClauses_0":["1"],
"unlabeledTemplateRelationSymbolNumber_All_splitClauses_0":["17"],
"minedBinaryVariableTemplatesNumber_Labeled_splitClauses_0":["19"],
"generatedPredicateNumber_Labeled_splitClauses_0":["10800000"],
"relationSymbolNumberAfterSimplification_Empty_splitClauses_1":["114"],
"solvingTime_Mined_splitClauses_1":["469"],
"minedSingleVariableTemplatesNumber_All_splitClauses_1":["117"],
"predicateGeneratorTime_Random_splitClauses_0":["10800000"],
"cegarIterationNumber_Term_splitClauses_1":["8"],
"labeledTemplateNumber_Empty_splitClauses_1":["20"],
"clauseNumberAfterSimplification_Empty_splitClauses_1":["65"],
"minedTemplateRelationSymbolNumber_Empty_splitClauses_0":["17"],
"unlabeledSingleVariableTemplatesNumber_Term_splitClauses_0":["343"],
"minedSingleVariableTemplatesNumber_Empty_splitClauses_0":["117"],
"relationSymbolNumberAfterSimplification_Random_splitClauses_0":["114"],
"minedTemplateRelationSymbolNumber_RelationalEqs_splitClauses_0":["17"],
"cegarIterationNumber_Empty_splitClauses_0":["10800000"],
"minedBinaryVariableTemplatesNumber_RelationalEqs_splitClauses_1":["19"],
"relationSymbolNumberBeforeSimplification_PredictedCG_splitClauses_1":["233"],
"labeledSingleVariableTemplatesNumber_All_splitClauses_1":["1"],
"unlabeledTemplateRelationSymbolNumber_Octagon_splitClauses_0":["17"],
"minedTemplateRelationSymbolNumber_Unlabeled_splitClauses_0":["17"],
"labeledBinaryVariableTemplatesNumber_Mined_splitClauses_0":["19"],
"relationSymbolNumberAfterSimplification_Unlabeled_splitClauses_1":["114"],
"minedTemplateNumber_PredictedCG_splitClauses_1":["136"],
"cegarIterationNumber_Empty_splitClauses_1":["8"],
"averagePredicateSize_RelationalIneqs_splitClauses_0":["10800000"],
"solvability_All_splitClauses_1":["10800000"],
"unlabeledBinaryVariableTemplatesNumber_Term_splitClauses_1":["576"],
"minedTemplateRelationSymbolNumber_Labeled_splitClauses_1":["17"],
"averagePredicateSize_Unlabeled_splitClauses_1":["1"],
"labeledTemplateNumber_Term_splitClauses_0":["20"],
"smt2FileSizeByte_Empty_splitClauses_1":["66485"],
"solvingTime_PredictedCG_splitClauses_0":["10800000"],
"cegarIterationNumber_All_splitClauses_1":["10800000"],
"clauseNumberBeforeSimplification_Term_splitClauses_1":["109"],
"predicateGeneratorTime_Empty_splitClauses_0":["10800000"],
"relationSymbolNumberBeforeSimplification_Empty_splitClauses_1":["233"],
"averagePredicateSize_All_splitClauses_0":["10800000"],
"unlabeledBinaryVariableTemplatesNumber_Random_splitClauses_0":["576"],
"smt2FileSizeByte_Term_splitClauses_0":["66485"],
"averagePredicateSize_Mined_splitClauses_1":["1"],
"minedBinaryVariableTemplatesNumber_Empty_splitClauses_0":["19"],
"minedTemplateRelationSymbolNumber_All_splitClauses_1":["17"],
"labeledSingleVariableTemplatesNumber_PredictedCG_splitClauses_0":["1"],
"unlabeledBinaryVariableTemplatesNumber_RelationalIneqs_splitClauses_0":["576"],
"unlabeledSingleVariableTemplatesNumber_RelationalIneqs_splitClauses_1":["343"],
"clauseNumberAfterSimplification_RelationalIneqs_splitClauses_0":["65"],
"unlabeledTemplateNumber_RelationalEqs_splitClauses_0":["919"],
"unlabeledTemplateNumber_RelationalIneqs_splitClauses_1":["919"],
"labeledTemplateRelationSymbolNumber_PredictedCG_splitClauses_1":["7"],
"labeledTemplateRelationSymbolNumber_All_splitClauses_0":["7"],
"labeledSingleVariableTemplatesNumber_Octagon_splitClauses_0":["1"],
"dummyFiled":[]
}