{
"smt2FileSizeByte_All_splitClauses_1":["69704"],
"generatedPredicateNumber_All_splitClauses_1":["10800000"],
"unlabeledTemplateRelationSymbolNumber_PredictedCDHG_splitClauses_0":["36"],
"predicateGeneratorTime_Term_splitClauses_0":["10800000"],
"averagePredicateSize_Random_splitClauses_1":["10800000"],
"labeledBinaryVariableTemplatesNumber_Labeled_splitClauses_1":["17"],
"clauseNumberBeforeSimplification_All_splitClauses_1":["140"],
"minedTemplateRelationSymbolNumber_Term_splitClauses_0":["36"],
"solvingTime_Labeled_splitClauses_1":["10800000"],
"unlabeledTemplateNumber_Labeled_splitClauses_1":["2849"],
"relationSymbolNumber_Term_splitClauses_1":["218"],
"minedTemplateRelationSymbolNumber_Octagon_splitClauses_1":["36"],
"clauseNumberAfterSimplification_Mined_splitClauses_1":["131"],
"unlabeledBinaryVariableTemplatesNumber_Term_splitClauses_0":["1818"],
"labeledTemplateNumber_PredictedCDHG_splitClauses_0":["17"],
"relationSymbolNumber_RelationalEqs_splitClauses_1":["218"],
"solvability_Empty_splitClauses_0":["10800000"],
"unlabeledTemplateRelationSymbolNumber_Random_splitClauses_1":["36"],
"labeledBinaryVariableTemplatesNumber_Octagon_splitClauses_0":["17"],
"minedTemplateRelationSymbolNumber_Random_splitClauses_1":["36"],
"unlabeledSingleVariableTemplatesNumber_Mined_splitClauses_0":["1031"],
"unlabeledBinaryVariableTemplatesNumber_PredictedCG_splitClauses_1":["1818"],
"solvability_All_splitClauses_0":["10800000"],
"predicateGeneratorTime_RelationalEqs_splitClauses_1":["10800000"],
"smt2FileSizeByte_PredictedCG_splitClauses_1":["69704"],
"labeledSingleVariableTemplatesNumber_Unlabeled_splitClauses_1":["0"],
"labeledBinaryVariableTemplatesNumber_PredictedCG_splitClauses_1":["17"],
"minedBinaryVariableTemplatesNumber_PredictedCG_splitClauses_0":["17"],
"solvability_Random_splitClauses_0":["10800000"],
"clauseNumberBeforeSimplification_PredictedCDHG_splitClauses_1":["140"],
"labeledSingleVariableTemplatesNumber_Mined_splitClauses_0":["0"],
"solvability_Unlabeled_splitClauses_1":["10800000"],
"cegarIterationNumber_Labeled_splitClauses_1":["10800000"],
"smt2FileSizeByte_Mined_splitClauses_0":["69704"],
"labeledSingleVariableTemplatesNumber_PredictedCG_splitClauses_1":["0"],
"smt2FileSizeByte_Octagon_splitClauses_1":["69704"],
"minedTemplateNumber_Labeled_splitClauses_1":["370"],
"labeledSingleVariableTemplatesNumber_RelationalIneqs_splitClauses_1":["0"],
"clauseNumberAfterSimplification_Labeled_splitClauses_1":["131"],
"smt2FileSizeByte_Random_splitClauses_0":["69704"],
"unlabeledTemplateRelationSymbolNumber_PredictedCDHG_splitClauses_1":["36"],
"labeledSingleVariableTemplatesNumber_Term_splitClauses_0":["0"],
"generatedPredicateNumber_PredictedCDHG_splitClauses_1":["10800000"],
"minedSingleVariableTemplatesNumber_Unlabeled_splitClauses_0":["353"],
"generatedPredicateNumber_Octagon_splitClauses_1":["10800000"],
"labeledSingleVariableTemplatesNumber_RelationalEqs_splitClauses_0":["0"],
"predicateGeneratorTime_PredictedCG_splitClauses_1":["10800000"],
"labeledTemplateNumber_Labeled_splitClauses_1":["17"],
"labeledSingleVariableTemplatesNumber_Empty_splitClauses_0":["0"],
"minedTemplateRelationSymbolNumber_RelationalIneqs_splitClauses_1":["36"],
"unlabeledSingleVariableTemplatesNumber_All_splitClauses_1":["1031"],
"labeledBinaryVariableTemplatesNumber_PredictedCDHG_splitClauses_1":["17"],
"unlabeledSingleVariableTemplatesNumber_RelationalEqs_splitClauses_1":["1031"],
"cegarIterationNumber_Term_splitClauses_0":["10800000"],
"unlabeledBinaryVariableTemplatesNumber_Labeled_splitClauses_1":["1818"],
"unlabeledSingleVariableTemplatesNumber_Term_splitClauses_1":["1031"],
"clauseNumberAfterSimplification_All_splitClauses_1":["131"],
"minedSingleVariableTemplatesNumber_Random_splitClauses_0":["353"],
"solvability_RelationalIneqs_splitClauses_1":["10800000"],
"minedTemplateNumber_Labeled_splitClauses_0":["370"],
"minedSingleVariableTemplatesNumber_Octagon_splitClauses_0":["353"],
"minedSingleVariableTemplatesNumber_Term_splitClauses_1":["353"],
"minedBinaryVariableTemplatesNumber_PredictedCDHG_splitClauses_1":["17"],
"generatedPredicateNumber_Mined_splitClauses_1":["23"],
"relationSymbolNumber_Octagon_splitClauses_1":["218"],
"relationSymbolNumber_Unlabeled_splitClauses_1":["218"],
"labeledSingleVariableTemplatesNumber_RelationalIneqs_splitClauses_0":["0"],
"averagePredicateSize_Mined_splitClauses_0":["10800000"],
"cegarIterationNumber_Unlabeled_splitClauses_0":["10800000"],
"minedBinaryVariableTemplatesNumber_Random_splitClauses_0":["17"],
"labeledTemplateNumber_Mined_splitClauses_1":["17"],
"labeledBinaryVariableTemplatesNumber_Random_splitClauses_0":["17"],
"unlabeledTemplateRelationSymbolNumber_Unlabeled_splitClauses_1":["36"],
"cegarIterationNumber_Mined_splitClauses_0":["10800000"],
"minedTemplateRelationSymbolNumber_Labeled_splitClauses_0":["36"],
"unlabeledBinaryVariableTemplatesNumber_RelationalIneqs_splitClauses_1":["1818"],
"unlabeledBinaryVariableTemplatesNumber_Octagon_splitClauses_0":["1818"],
"solvability_Mined_splitClauses_0":["10800000"],
"averagePredicateSize_RelationalEqs_splitClauses_0":["10800000"],
"clauseNumberAfterSimplification_Term_splitClauses_0":["131"],
"unlabeledTemplateNumber_Mined_splitClauses_0":["2849"],
"unlabeledTemplateNumber_PredictedCDHG_splitClauses_0":["2849"],
"cegarIterationNumber_RelationalIneqs_splitClauses_1":["10800000"],
"minedBinaryVariableTemplatesNumber_Unlabeled_splitClauses_1":["17"],
"labeledTemplateNumber_PredictedCG_splitClauses_1":["17"],
"labeledTemplateRelationSymbolNumber_Mined_splitClauses_0":["11"],
"labeledBinaryVariableTemplatesNumber_Mined_splitClauses_1":["17"],
"clauseNumberAfterSimplification_RelationalIneqs_splitClauses_1":["131"],
"minedSingleVariableTemplatesNumber_PredictedCDHG_splitClauses_0":["353"],
"solvability_Labeled_splitClauses_1":["10800000"],
"labeledSingleVariableTemplatesNumber_Octagon_splitClauses_1":["0"],
"averagePredicateSize_Random_splitClauses_0":["10800000"],
"smt2FileSizeByte_RelationalIneqs_splitClauses_0":["69704"],
"generatedPredicateNumber_Unlabeled_splitClauses_0":["10800000"],
"solvability_RelationalEqs_splitClauses_0":["10800000"],
"predicateGeneratorTime_Empty_splitClauses_1":["10800000"],
"minedSingleVariableTemplatesNumber_Mined_splitClauses_0":["353"],
"minedTemplateRelationSymbolNumber_PredictedCDHG_splitClauses_1":["36"],
"minedTemplateNumber_PredictedCG_splitClauses_0":["370"],
"averagePredicateSize_RelationalIneqs_splitClauses_1":["10800000"],
"labeledTemplateRelationSymbolNumber_Random_splitClauses_1":["11"],
"minedTemplateNumber_RelationalIneqs_splitClauses_0":["370"],
"predicateGeneratorTime_RelationalIneqs_splitClauses_0":["10800000"],
"labeledTemplateRelationSymbolNumber_Empty_splitClauses_0":["11"],
"minedBinaryVariableTemplatesNumber_Octagon_splitClauses_0":["17"],
"relationSymbolNumber_Labeled_splitClauses_0":["218"],
"labeledSingleVariableTemplatesNumber_Term_splitClauses_1":["0"],
"labeledBinaryVariableTemplatesNumber_Empty_splitClauses_0":["17"],
"minedTemplateNumber_Octagon_splitClauses_0":["370"],
"labeledBinaryVariableTemplatesNumber_Unlabeled_splitClauses_0":["17"],
"clauseNumberAfterSimplification_PredictedCDHG_splitClauses_0":["131"],
"smt2FileSizeByte_PredictedCG_splitClauses_0":["69704"],
"minedBinaryVariableTemplatesNumber_RelationalEqs_splitClauses_0":["17"],
"labeledTemplateRelationSymbolNumber_RelationalEqs_splitClauses_1":["11"],
"minedBinaryVariableTemplatesNumber_Random_splitClauses_1":["17"],
"clauseNumberAfterSimplification_Unlabeled_splitClauses_1":["131"],
"minedSingleVariableTemplatesNumber_PredictedCDHG_splitClauses_1":["353"],
"labeledBinaryVariableTemplatesNumber_Term_splitClauses_1":["17"],
"clauseNumberBeforeSimplification_Empty_splitClauses_1":["140"],
"minedBinaryVariableTemplatesNumber_Mined_splitClauses_1":["17"],
"unlabeledBinaryVariableTemplatesNumber_Unlabeled_splitClauses_1":["1818"],
"unlabeledTemplateNumber_PredictedCG_splitClauses_1":["2849"],
"generatedPredicateNumber_Empty_splitClauses_0":["10800000"],
"predicateGeneratorTime_RelationalIneqs_splitClauses_1":["10800000"],
"unlabeledSingleVariableTemplatesNumber_Empty_splitClauses_0":["1031"],
"cegarIterationNumber_Octagon_splitClauses_0":["10800000"],
"clauseNumberAfterSimplification_Octagon_splitClauses_1":["131"],
"unlabeledSingleVariableTemplatesNumber_Labeled_splitClauses_1":["1031"],
"clauseNumberBeforeSimplification_Random_splitClauses_1":["140"],
"minedTemplateRelationSymbolNumber_All_splitClauses_0":["36"],
"unlabeledTemplateRelationSymbolNumber_RelationalEqs_splitClauses_0":["36"],
"minedSingleVariableTemplatesNumber_Unlabeled_splitClauses_1":["353"],
"clauseNumberBeforeSimplification_RelationalEqs_splitClauses_0":["140"],
"minedTemplateNumber_Unlabeled_splitClauses_0":["370"],
"generatedPredicateNumber_Octagon_splitClauses_0":["10800000"],
"predicateGeneratorTime_PredictedCDHG_splitClauses_0":["10800000"],
"clauseNumberAfterSimplification_PredictedCG_splitClauses_1":["131"],
"labeledSingleVariableTemplatesNumber_RelationalEqs_splitClauses_1":["0"],
"smt2FileSizeByte_Random_splitClauses_1":["69704"],
"averagePredicateSize_PredictedCG_splitClauses_1":["10800000"],
"cegarIterationNumber_PredictedCDHG_splitClauses_1":["10800000"],
"clauseNumberAfterSimplification_RelationalEqs_splitClauses_1":["131"],
"minedBinaryVariableTemplatesNumber_Empty_splitClauses_1":["17"],
"minedTemplateNumber_PredictedCDHG_splitClauses_0":["370"],
"labeledBinaryVariableTemplatesNumber_All_splitClauses_1":["17"],
"solvingTime_RelationalIneqs_splitClauses_1":["10800000"],
"unlabeledTemplateRelationSymbolNumber_RelationalEqs_splitClauses_1":["36"],
"smt2FileSizeByte_Unlabeled_splitClauses_0":["69704"],
"generatedPredicateNumber_All_splitClauses_0":["10800000"],
"predicateGeneratorTime_Octagon_splitClauses_1":["10800000"],
"solvability_Mined_splitClauses_1":["1"],
"minedTemplateRelationSymbolNumber_Term_splitClauses_1":["36"],
"clauseNumberAfterSimplification_Mined_splitClauses_0":["131"],
"solvability_PredictedCDHG_splitClauses_0":["10800000"],
"solvingTime_Empty_splitClauses_0":["10800000"],
"unlabeledSingleVariableTemplatesNumber_Unlabeled_splitClauses_1":["1031"],
"minedTemplateNumber_Term_splitClauses_1":["370"],
"averagePredicateSize_Octagon_splitClauses_1":["10800000"],
"relationSymbolNumber_Empty_splitClauses_1":["218"],
"unlabeledSingleVariableTemplatesNumber_Octagon_splitClauses_1":["1031"],
"minedTemplateRelationSymbolNumber_RelationalEqs_splitClauses_1":["36"],
"minedBinaryVariableTemplatesNumber_RelationalIneqs_splitClauses_0":["17"],
"predicateGeneratorTime_Term_splitClauses_1":["10800000"],
"solvingTime_Labeled_splitClauses_0":["10800000"],
"unlabeledBinaryVariableTemplatesNumber_PredictedCG_splitClauses_0":["1818"],
"minedTemplateNumber_All_splitClauses_0":["370"],
"predicateGeneratorTime_Labeled_splitClauses_1":["10800000"],
"unlabeledTemplateRelationSymbolNumber_Empty_splitClauses_0":["36"],
"unlabeledTemplateNumber_Mined_splitClauses_1":["2849"],
"solvability_PredictedCG_splitClauses_1":["10800000"],
"unlabeledTemplateNumber_Term_splitClauses_0":["2849"],
"minedBinaryVariableTemplatesNumber_PredictedCG_splitClauses_1":["17"],
"labeledSingleVariableTemplatesNumber_PredictedCDHG_splitClauses_0":["0"],
"minedBinaryVariableTemplatesNumber_All_splitClauses_0":["17"],
"averagePredicateSize_PredictedCDHG_splitClauses_1":["10800000"],
"predicateGeneratorTime_PredictedCG_splitClauses_0":["10800000"],
"generatedPredicateNumber_RelationalIneqs_splitClauses_0":["10800000"],
"labeledTemplateNumber_Empty_splitClauses_0":["17"],
"unlabeledTemplateRelationSymbolNumber_Term_splitClauses_0":["36"],
"minedTemplateNumber_All_splitClauses_1":["370"],
"labeledSingleVariableTemplatesNumber_Empty_splitClauses_1":["0"],
"minedBinaryVariableTemplatesNumber_Unlabeled_splitClauses_0":["17"],
"labeledTemplateNumber_Random_splitClauses_0":["17"],
"minedBinaryVariableTemplatesNumber_All_splitClauses_1":["17"],
"unlabeledSingleVariableTemplatesNumber_All_splitClauses_0":["1031"],
"smt2FileSizeByte_PredictedCDHG_splitClauses_1":["69704"],
"labeledBinaryVariableTemplatesNumber_PredictedCDHG_splitClauses_0":["17"],
"averagePredicateSize_RelationalEqs_splitClauses_1":["10800000"],
"minedSingleVariableTemplatesNumber_Term_splitClauses_0":["353"],
"labeledTemplateRelationSymbolNumber_Term_splitClauses_1":["11"],
"generatedPredicateNumber_Random_splitClauses_0":["10800000"],
"labeledBinaryVariableTemplatesNumber_Empty_splitClauses_1":["17"],
"clauseNumberAfterSimplification_Labeled_splitClauses_0":["131"],
"labeledSingleVariableTemplatesNumber_Labeled_splitClauses_0":["0"],
"minedTemplateNumber_Mined_splitClauses_1":["370"],
"labeledTemplateRelationSymbolNumber_Labeled_splitClauses_0":["11"],
"unlabeledTemplateRelationSymbolNumber_Mined_splitClauses_1":["36"],
"solvability_Labeled_splitClauses_0":["10800000"],
"minedTemplateNumber_RelationalEqs_splitClauses_1":["370"],
"solvingTime_Random_splitClauses_1":["10800000"],
"minedTemplateNumber_Random_splitClauses_0":["370"],
"cegarIterationNumber_Unlabeled_splitClauses_1":["10800000"],
"minedTemplateNumber_RelationalIneqs_splitClauses_1":["370"],
"unlabeledBinaryVariableTemplatesNumber_Octagon_splitClauses_1":["1818"],
"minedSingleVariableTemplatesNumber_Octagon_splitClauses_1":["353"],
"minedSingleVariableTemplatesNumber_Random_splitClauses_1":["353"],
"averagePredicateSize_All_splitClauses_1":["10800000"],
"minedTemplateNumber_Empty_splitClauses_0":["370"],
"labeledTemplateNumber_Mined_splitClauses_0":["17"],
"unlabeledBinaryVariableTemplatesNumber_All_splitClauses_0":["1818"],
"labeledSingleVariableTemplatesNumber_PredictedCDHG_splitClauses_1":["0"],
"minedSingleVariableTemplatesNumber_Mined_splitClauses_1":["353"],
"labeledTemplateRelationSymbolNumber_Term_splitClauses_0":["11"],
"unlabeledTemplateRelationSymbolNumber_Term_splitClauses_1":["36"],
"predicateGeneratorTime_All_splitClauses_1":["10800000"],
"unlabeledSingleVariableTemplatesNumber_Random_splitClauses_0":["1031"],
"predicateGeneratorTime_Unlabeled_splitClauses_1":["10800000"],
"cegarIterationNumber_PredictedCDHG_splitClauses_0":["10800000"],
"labeledTemplateNumber_RelationalEqs_splitClauses_0":["17"],
"labeledTemplateRelationSymbolNumber_Mined_splitClauses_1":["11"],
"labeledTemplateRelationSymbolNumber_Random_splitClauses_0":["11"],
"labeledBinaryVariableTemplatesNumber_RelationalEqs_splitClauses_1":["17"],
"generatedPredicateNumber_RelationalIneqs_splitClauses_1":["10800000"],
"unlabeledTemplateRelationSymbolNumber_PredictedCG_splitClauses_1":["36"],
"unlabeledSingleVariableTemplatesNumber_RelationalEqs_splitClauses_0":["1031"],
"labeledBinaryVariableTemplatesNumber_Labeled_splitClauses_0":["17"],
"minedBinaryVariableTemplatesNumber_PredictedCDHG_splitClauses_0":["17"],
"unlabeledTemplateRelationSymbolNumber_Unlabeled_splitClauses_0":["36"],
"clauseNumberAfterSimplification_Term_splitClauses_1":["131"],
"relationSymbolNumber_RelationalIneqs_splitClauses_0":["218"],
"unlabeledTemplateNumber_Octagon_splitClauses_0":["2849"],
"unlabeledBinaryVariableTemplatesNumber_RelationalEqs_splitClauses_1":["1818"],
"unlabeledTemplateNumber_PredictedCG_splitClauses_0":["2849"],
"unlabeledTemplateNumber_All_splitClauses_0":["2849"],
"labeledTemplateRelationSymbolNumber_RelationalIneqs_splitClauses_1":["11"],
"unlabeledSingleVariableTemplatesNumber_Mined_splitClauses_1":["1031"],
"labeledTemplateRelationSymbolNumber_Unlabeled_splitClauses_1":["11"],
"labeledBinaryVariableTemplatesNumber_Random_splitClauses_1":["17"],
"relationSymbolNumber_RelationalEqs_splitClauses_0":["218"],
"solvability_Random_splitClauses_1":["10800000"],
"solvingTime_Term_splitClauses_0":["10800000"],
"minedSingleVariableTemplatesNumber_Labeled_splitClauses_1":["353"],
"relationSymbolNumber_Random_splitClauses_0":["218"],
"clauseNumberBeforeSimplification_Term_splitClauses_0":["140"],
"minedTemplateRelationSymbolNumber_Mined_splitClauses_0":["36"],
"solvability_Octagon_splitClauses_1":["10800000"],
"relationSymbolNumber_Labeled_splitClauses_1":["218"],
"minedSingleVariableTemplatesNumber_RelationalIneqs_splitClauses_1":["353"],
"smt2FileSizeByte_Labeled_splitClauses_0":["69704"],
"solvability_RelationalEqs_splitClauses_1":["10800000"],
"unlabeledSingleVariableTemplatesNumber_Empty_splitClauses_1":["1031"],
"labeledTemplateNumber_PredictedCDHG_splitClauses_1":["17"],
"minedTemplateRelationSymbolNumber_Octagon_splitClauses_0":["36"],
"clauseNumberAfterSimplification_Unlabeled_splitClauses_0":["131"],
"clauseNumberBeforeSimplification_Unlabeled_splitClauses_0":["140"],
"clauseNumberBeforeSimplification_PredictedCDHG_splitClauses_0":["140"],
"cegarIterationNumber_RelationalIneqs_splitClauses_0":["10800000"],
"relationSymbolNumber_All_splitClauses_0":["218"],
"labeledTemplateRelationSymbolNumber_RelationalEqs_splitClauses_0":["11"],
"averagePredicateSize_Labeled_splitClauses_0":["10800000"],
"smt2FileSizeByte_RelationalIneqs_splitClauses_1":["69704"],
"clauseNumberBeforeSimplification_RelationalEqs_splitClauses_1":["140"],
"unlabeledTemplateRelationSymbolNumber_RelationalIneqs_splitClauses_1":["36"],
"clauseNumberBeforeSimplification_PredictedCG_splitClauses_0":["140"],
"solvingTime_PredictedCDHG_splitClauses_0":["10800000"],
"labeledTemplateRelationSymbolNumber_Octagon_splitClauses_1":["11"],
"minedTemplateRelationSymbolNumber_PredictedCG_splitClauses_1":["36"],
"labeledTemplateNumber_Random_splitClauses_1":["17"],
"solvingTime_RelationalIneqs_splitClauses_0":["10800000"],
"labeledTemplateNumber_All_splitClauses_1":["17"],
"unlabeledTemplateNumber_Random_splitClauses_1":["2849"],
"relationSymbolNumber_PredictedCDHG_splitClauses_1":["218"],
"smt2FileSizeByte_Unlabeled_splitClauses_1":["69704"],
"cegarIterationNumber_PredictedCG_splitClauses_0":["10800000"],
"predicateGeneratorTime_Octagon_splitClauses_0":["10800000"],
"unlabeledTemplateNumber_RelationalEqs_splitClauses_1":["2849"],
"clauseNumberAfterSimplification_Octagon_splitClauses_0":["131"],
"cegarIterationNumber_Random_splitClauses_0":["10800000"],
"solvability_PredictedCDHG_splitClauses_1":["10800000"],
"solvability_PredictedCG_splitClauses_0":["10800000"],
"solvingTime_PredictedCG_splitClauses_1":["10800000"],
"unlabeledSingleVariableTemplatesNumber_Unlabeled_splitClauses_0":["1031"],
"unlabeledTemplateNumber_Unlabeled_splitClauses_0":["2849"],
"labeledTemplateRelationSymbolNumber_RelationalIneqs_splitClauses_0":["11"],
"minedTemplateNumber_Random_splitClauses_1":["370"],
"relationSymbolNumber_PredictedCG_splitClauses_0":["218"],
"generatedPredicateNumber_RelationalEqs_splitClauses_0":["10800000"],
"minedTemplateNumber_Term_splitClauses_0":["370"],
"solvingTime_All_splitClauses_1":["10800000"],
"minedSingleVariableTemplatesNumber_PredictedCG_splitClauses_0":["353"],
"smt2FileSizeByte_Term_splitClauses_1":["69704"],
"labeledBinaryVariableTemplatesNumber_All_splitClauses_0":["17"],
"minedTemplateNumber_PredictedCDHG_splitClauses_1":["370"],
"minedTemplateRelationSymbolNumber_PredictedCDHG_splitClauses_0":["36"],
"averagePredicateSize_Unlabeled_splitClauses_0":["10800000"],
"minedBinaryVariableTemplatesNumber_Octagon_splitClauses_1":["17"],
"unlabeledSingleVariableTemplatesNumber_Random_splitClauses_1":["1031"],
"clauseNumberBeforeSimplification_Random_splitClauses_0":["140"],
"solvingTime_Unlabeled_splitClauses_1":["10800000"],
"predicateGeneratorTime_PredictedCDHG_splitClauses_1":["10800000"],
"averagePredicateSize_PredictedCDHG_splitClauses_0":["10800000"],
"minedBinaryVariableTemplatesNumber_Term_splitClauses_0":["17"],
"labeledTemplateNumber_RelationalIneqs_splitClauses_0":["17"],
"clauseNumberAfterSimplification_Random_splitClauses_0":["131"],
"clauseNumberAfterSimplification_PredictedCG_splitClauses_0":["131"],
"generatedPredicateNumber_Empty_splitClauses_1":["10800000"],
"clauseNumberBeforeSimplification_Octagon_splitClauses_0":["140"],
"unlabeledTemplateNumber_Empty_splitClauses_0":["2849"],
"minedSingleVariableTemplatesNumber_All_splitClauses_0":["353"],
"labeledTemplateRelationSymbolNumber_Octagon_splitClauses_0":["11"],
"generatedPredicateNumber_Random_splitClauses_1":["10800000"],
"clauseNumberAfterSimplification_RelationalEqs_splitClauses_0":["131"],
"labeledBinaryVariableTemplatesNumber_Term_splitClauses_0":["17"],
"minedSingleVariableTemplatesNumber_RelationalEqs_splitClauses_0":["353"],
"minedTemplateNumber_Mined_splitClauses_0":["370"],
"averagePredicateSize_Octagon_splitClauses_0":["10800000"],
"unlabeledBinaryVariableTemplatesNumber_Empty_splitClauses_1":["1818"],
"relationSymbolNumber_Unlabeled_splitClauses_0":["218"],
"unlabeledSingleVariableTemplatesNumber_PredictedCDHG_splitClauses_0":["1031"],
"unlabeledSingleVariableTemplatesNumber_PredictedCG_splitClauses_1":["1031"],
"labeledTemplateRelationSymbolNumber_Labeled_splitClauses_1":["11"],
"minedTemplateRelationSymbolNumber_Random_splitClauses_0":["36"],
"unlabeledTemplateRelationSymbolNumber_PredictedCG_splitClauses_0":["36"],
"unlabeledTemplateNumber_RelationalIneqs_splitClauses_0":["2849"],
"unlabeledSingleVariableTemplatesNumber_Labeled_splitClauses_0":["1031"],
"minedTemplateNumber_Unlabeled_splitClauses_1":["370"],
"generatedPredicateNumber_PredictedCG_splitClauses_0":["10800000"],
"labeledTemplateNumber_Unlabeled_splitClauses_1":["17"],
"unlabeledTemplateRelationSymbolNumber_Empty_splitClauses_1":["36"],
"clauseNumberBeforeSimplification_Empty_splitClauses_0":["140"],
"solvingTime_Octagon_splitClauses_1":["10800000"],
"cegarIterationNumber_Mined_splitClauses_1":["13"],
"clauseNumberBeforeSimplification_Mined_splitClauses_1":["140"],
"smt2FileSizeByte_PredictedCDHG_splitClauses_0":["69704"],
"averagePredicateSize_PredictedCG_splitClauses_0":["10800000"],
"solvingTime_Random_splitClauses_0":["10800000"],
"minedTemplateNumber_RelationalEqs_splitClauses_0":["370"],
"unlabeledSingleVariableTemplatesNumber_RelationalIneqs_splitClauses_0":["1031"],
"unlabeledTemplateNumber_Unlabeled_splitClauses_1":["2849"],
"labeledBinaryVariableTemplatesNumber_RelationalEqs_splitClauses_0":["17"],
"generatedPredicateNumber_PredictedCDHG_splitClauses_0":["10800000"],
"minedTemplateRelationSymbolNumber_Empty_splitClauses_1":["36"],
"predicateGeneratorTime_Random_splitClauses_1":["10800000"],
"labeledTemplateNumber_Term_splitClauses_1":["17"],
"minedSingleVariableTemplatesNumber_Empty_splitClauses_1":["353"],
"minedSingleVariableTemplatesNumber_RelationalIneqs_splitClauses_0":["353"],
"clauseNumberAfterSimplification_All_splitClauses_0":["131"],
"unlabeledBinaryVariableTemplatesNumber_RelationalEqs_splitClauses_0":["1818"],
"cegarIterationNumber_RelationalEqs_splitClauses_0":["10800000"],
"labeledTemplateRelationSymbolNumber_PredictedCDHG_splitClauses_0":["11"],
"labeledSingleVariableTemplatesNumber_Labeled_splitClauses_1":["0"],
"unlabeledBinaryVariableTemplatesNumber_All_splitClauses_1":["1818"],
"minedTemplateRelationSymbolNumber_Unlabeled_splitClauses_1":["36"],
"solvingTime_RelationalEqs_splitClauses_0":["10800000"],
"solvingTime_RelationalEqs_splitClauses_1":["10800000"],
"minedBinaryVariableTemplatesNumber_Mined_splitClauses_0":["17"],
"clauseNumberBeforeSimplification_All_splitClauses_0":["140"],
"clauseNumberBeforeSimplification_RelationalIneqs_splitClauses_1":["140"],
"labeledTemplateNumber_RelationalEqs_splitClauses_1":["17"],
"labeledBinaryVariableTemplatesNumber_RelationalIneqs_splitClauses_0":["17"],
"clauseNumberAfterSimplification_Empty_splitClauses_0":["131"],
"averagePredicateSize_Empty_splitClauses_0":["10800000"],
"relationSymbolNumber_PredictedCG_splitClauses_1":["218"],
"unlabeledTemplateNumber_Term_splitClauses_1":["2849"],
"predicateGeneratorTime_Mined_splitClauses_1":["778"],
"relationSymbolNumber_Mined_splitClauses_0":["218"],
"labeledBinaryVariableTemplatesNumber_RelationalIneqs_splitClauses_1":["17"],
"predicateGeneratorTime_Unlabeled_splitClauses_0":["10800000"],
"generatedPredicateNumber_Mined_splitClauses_0":["10800000"],
"generatedPredicateNumber_RelationalEqs_splitClauses_1":["10800000"],
"labeledTemplateRelationSymbolNumber_PredictedCG_splitClauses_0":["11"],
"minedSingleVariableTemplatesNumber_PredictedCG_splitClauses_1":["353"],
"minedTemplateRelationSymbolNumber_PredictedCG_splitClauses_0":["36"],
"unlabeledTemplateRelationSymbolNumber_Labeled_splitClauses_0":["36"],
"solvability_Empty_splitClauses_1":["10800000"],
"averagePredicateSize_Term_splitClauses_0":["10800000"],
"cegarIterationNumber_Random_splitClauses_1":["10800000"],
"relationSymbolNumber_All_splitClauses_1":["218"],
"averagePredicateSize_Labeled_splitClauses_1":["10800000"],
"unlabeledBinaryVariableTemplatesNumber_Unlabeled_splitClauses_0":["1818"],
"generatedPredicateNumber_Unlabeled_splitClauses_1":["10800000"],
"predicateGeneratorTime_All_splitClauses_0":["10800000"],
"unlabeledBinaryVariableTemplatesNumber_PredictedCDHG_splitClauses_1":["1818"],
"clauseNumberBeforeSimplification_Labeled_splitClauses_1":["140"],
"minedBinaryVariableTemplatesNumber_Labeled_splitClauses_1":["17"],
"labeledSingleVariableTemplatesNumber_All_splitClauses_0":["0"],
"unlabeledTemplateRelationSymbolNumber_Mined_splitClauses_0":["36"],
"cegarIterationNumber_Octagon_splitClauses_1":["10800000"],
"labeledTemplateNumber_Octagon_splitClauses_0":["17"],
"labeledTemplateRelationSymbolNumber_All_splitClauses_1":["11"],
"smt2FileSizeByte_Empty_splitClauses_0":["69704"],
"relationSymbolNumber_RelationalIneqs_splitClauses_1":["218"],
"unlabeledTemplateNumber_Octagon_splitClauses_1":["2849"],
"predicateGeneratorTime_RelationalEqs_splitClauses_0":["10800000"],
"unlabeledTemplateRelationSymbolNumber_RelationalIneqs_splitClauses_0":["36"],
"smt2FileSizeByte_RelationalEqs_splitClauses_1":["69704"],
"unlabeledTemplateNumber_Labeled_splitClauses_0":["2849"],
"relationSymbolNumber_Random_splitClauses_1":["218"],
"minedSingleVariableTemplatesNumber_Labeled_splitClauses_0":["353"],
"solvingTime_PredictedCDHG_splitClauses_1":["10800000"],
"minedTemplateNumber_Octagon_splitClauses_1":["370"],
"clauseNumberBeforeSimplification_Mined_splitClauses_0":["140"],
"smt2FileSizeByte_All_splitClauses_0":["69704"],
"solvingTime_All_splitClauses_0":["10800000"],
"minedBinaryVariableTemplatesNumber_Term_splitClauses_1":["17"],
"unlabeledTemplateRelationSymbolNumber_Random_splitClauses_0":["36"],
"cegarIterationNumber_All_splitClauses_0":["10800000"],
"smt2FileSizeByte_RelationalEqs_splitClauses_0":["69704"],
"unlabeledSingleVariableTemplatesNumber_PredictedCDHG_splitClauses_1":["1031"],
"clauseNumberBeforeSimplification_Labeled_splitClauses_0":["140"],
"cegarIterationNumber_PredictedCG_splitClauses_1":["10800000"],
"labeledTemplateRelationSymbolNumber_Unlabeled_splitClauses_0":["11"],
"unlabeledTemplateRelationSymbolNumber_Octagon_splitClauses_1":["36"],
"unlabeledTemplateNumber_Empty_splitClauses_1":["2849"],
"clauseNumberBeforeSimplification_Octagon_splitClauses_1":["140"],
"labeledTemplateNumber_Unlabeled_splitClauses_0":["17"],
"labeledBinaryVariableTemplatesNumber_PredictedCG_splitClauses_0":["17"],
"solvability_Term_splitClauses_1":["10800000"],
"solvability_Octagon_splitClauses_0":["10800000"],
"minedTemplateRelationSymbolNumber_RelationalIneqs_splitClauses_0":["36"],
"clauseNumberBeforeSimplification_RelationalIneqs_splitClauses_0":["140"],
"labeledTemplateNumber_PredictedCG_splitClauses_0":["17"],
"cegarIterationNumber_Labeled_splitClauses_0":["10800000"],
"smt2FileSizeByte_Labeled_splitClauses_1":["69704"],
"clauseNumberBeforeSimplification_Unlabeled_splitClauses_1":["140"],
"generatedPredicateNumber_Term_splitClauses_1":["10800000"],
"solvingTime_Term_splitClauses_1":["10800000"],
"unlabeledBinaryVariableTemplatesNumber_Random_splitClauses_1":["1818"],
"unlabeledSingleVariableTemplatesNumber_Octagon_splitClauses_0":["1031"],
"solvingTime_Octagon_splitClauses_0":["10800000"],
"labeledSingleVariableTemplatesNumber_Mined_splitClauses_1":["0"],
"averagePredicateSize_Term_splitClauses_1":["10800000"],
"labeledTemplateNumber_Labeled_splitClauses_0":["17"],
"unlabeledSingleVariableTemplatesNumber_PredictedCG_splitClauses_0":["1031"],
"smt2FileSizeByte_Mined_splitClauses_1":["69704"],
"labeledBinaryVariableTemplatesNumber_Unlabeled_splitClauses_1":["17"],
"labeledTemplateNumber_All_splitClauses_0":["17"],
"unlabeledTemplateNumber_Random_splitClauses_0":["2849"],
"labeledTemplateNumber_Octagon_splitClauses_1":["17"],
"unlabeledTemplateNumber_PredictedCDHG_splitClauses_1":["2849"],
"unlabeledBinaryVariableTemplatesNumber_Mined_splitClauses_0":["1818"],
"minedTemplateRelationSymbolNumber_Mined_splitClauses_1":["36"],
"labeledTemplateNumber_RelationalIneqs_splitClauses_1":["17"],
"solvability_Term_splitClauses_0":["10800000"],
"relationSymbolNumber_Octagon_splitClauses_0":["218"],
"clauseNumberBeforeSimplification_PredictedCG_splitClauses_1":["140"],
"generatedPredicateNumber_Labeled_splitClauses_1":["10800000"],
"labeledSingleVariableTemplatesNumber_Unlabeled_splitClauses_0":["0"],
"unlabeledBinaryVariableTemplatesNumber_Empty_splitClauses_0":["1818"],
"solvingTime_Mined_splitClauses_0":["10800000"],
"unlabeledTemplateNumber_All_splitClauses_1":["2849"],
"clauseNumberAfterSimplification_Random_splitClauses_1":["131"],
"labeledBinaryVariableTemplatesNumber_Octagon_splitClauses_1":["17"],
"unlabeledBinaryVariableTemplatesNumber_Labeled_splitClauses_0":["1818"],
"smt2FileSizeByte_Octagon_splitClauses_0":["69704"],
"labeledSingleVariableTemplatesNumber_Random_splitClauses_1":["0"],
"solvability_Unlabeled_splitClauses_0":["10800000"],
"solvingTime_Unlabeled_splitClauses_0":["10800000"],
"unlabeledTemplateRelationSymbolNumber_All_splitClauses_1":["36"],
"minedTemplateNumber_Empty_splitClauses_1":["370"],
"solvability_RelationalIneqs_splitClauses_0":["10800000"],
"unlabeledTemplateRelationSymbolNumber_Labeled_splitClauses_1":["36"],
"cegarIterationNumber_RelationalEqs_splitClauses_1":["10800000"],
"minedSingleVariableTemplatesNumber_RelationalEqs_splitClauses_1":["353"],
"clauseNumberAfterSimplification_PredictedCDHG_splitClauses_1":["131"],
"minedBinaryVariableTemplatesNumber_RelationalIneqs_splitClauses_1":["17"],
"unlabeledBinaryVariableTemplatesNumber_Mined_splitClauses_1":["1818"],
"unlabeledBinaryVariableTemplatesNumber_PredictedCDHG_splitClauses_0":["1818"],
"solvingTime_Empty_splitClauses_1":["10800000"],
"labeledTemplateRelationSymbolNumber_Empty_splitClauses_1":["11"],
"generatedPredicateNumber_Term_splitClauses_0":["10800000"],
"averagePredicateSize_Empty_splitClauses_1":["10800000"],
"generatedPredicateNumber_PredictedCG_splitClauses_1":["10800000"],
"labeledTemplateRelationSymbolNumber_PredictedCDHG_splitClauses_1":["11"],
"relationSymbolNumber_Mined_splitClauses_1":["218"],
"predicateGeneratorTime_Mined_splitClauses_0":["10800000"],
"predicateGeneratorTime_Labeled_splitClauses_0":["10800000"],
"labeledSingleVariableTemplatesNumber_Random_splitClauses_0":["0"],
"unlabeledTemplateRelationSymbolNumber_All_splitClauses_0":["36"],
"minedBinaryVariableTemplatesNumber_Labeled_splitClauses_0":["17"],
"generatedPredicateNumber_Labeled_splitClauses_0":["10800000"],
"relationSymbolNumber_Empty_splitClauses_0":["218"],
"solvingTime_Mined_splitClauses_1":["1082"],
"minedSingleVariableTemplatesNumber_All_splitClauses_1":["353"],
"predicateGeneratorTime_Random_splitClauses_0":["10800000"],
"cegarIterationNumber_Term_splitClauses_1":["10800000"],
"labeledTemplateNumber_Empty_splitClauses_1":["17"],
"clauseNumberAfterSimplification_Empty_splitClauses_1":["131"],
"minedTemplateRelationSymbolNumber_Empty_splitClauses_0":["36"],
"unlabeledSingleVariableTemplatesNumber_Term_splitClauses_0":["1031"],
"minedSingleVariableTemplatesNumber_Empty_splitClauses_0":["353"],
"minedTemplateRelationSymbolNumber_RelationalEqs_splitClauses_0":["36"],
"cegarIterationNumber_Empty_splitClauses_0":["10800000"],
"minedBinaryVariableTemplatesNumber_RelationalEqs_splitClauses_1":["17"],
"labeledSingleVariableTemplatesNumber_All_splitClauses_1":["0"],
"unlabeledTemplateRelationSymbolNumber_Octagon_splitClauses_0":["36"],
"minedTemplateRelationSymbolNumber_Unlabeled_splitClauses_0":["36"],
"labeledBinaryVariableTemplatesNumber_Mined_splitClauses_0":["17"],
"minedTemplateNumber_PredictedCG_splitClauses_1":["370"],
"cegarIterationNumber_Empty_splitClauses_1":["10800000"],
"averagePredicateSize_RelationalIneqs_splitClauses_0":["10800000"],
"solvability_All_splitClauses_1":["10800000"],
"unlabeledBinaryVariableTemplatesNumber_Term_splitClauses_1":["1818"],
"relationSymbolNumber_PredictedCDHG_splitClauses_0":["218"],
"minedTemplateRelationSymbolNumber_Labeled_splitClauses_1":["36"],
"averagePredicateSize_Unlabeled_splitClauses_1":["10800000"],
"labeledTemplateNumber_Term_splitClauses_0":["17"],
"smt2FileSizeByte_Empty_splitClauses_1":["69704"],
"solvingTime_PredictedCG_splitClauses_0":["10800000"],
"relationSymbolNumber_Term_splitClauses_0":["218"],
"cegarIterationNumber_All_splitClauses_1":["10800000"],
"clauseNumberBeforeSimplification_Term_splitClauses_1":["140"],
"predicateGeneratorTime_Empty_splitClauses_0":["10800000"],
"averagePredicateSize_All_splitClauses_0":["10800000"],
"unlabeledBinaryVariableTemplatesNumber_Random_splitClauses_0":["1818"],
"smt2FileSizeByte_Term_splitClauses_0":["69704"],
"averagePredicateSize_Mined_splitClauses_1":["1"],
"minedBinaryVariableTemplatesNumber_Empty_splitClauses_0":["17"],
"minedTemplateRelationSymbolNumber_All_splitClauses_1":["36"],
"labeledSingleVariableTemplatesNumber_PredictedCG_splitClauses_0":["0"],
"unlabeledBinaryVariableTemplatesNumber_RelationalIneqs_splitClauses_0":["1818"],
"unlabeledSingleVariableTemplatesNumber_RelationalIneqs_splitClauses_1":["1031"],
"clauseNumberAfterSimplification_RelationalIneqs_splitClauses_0":["131"],
"unlabeledTemplateNumber_RelationalEqs_splitClauses_0":["2849"],
"unlabeledTemplateNumber_RelationalIneqs_splitClauses_1":["2849"],
"labeledTemplateRelationSymbolNumber_PredictedCG_splitClauses_1":["11"],
"labeledTemplateRelationSymbolNumber_All_splitClauses_0":["11"],
"labeledSingleVariableTemplatesNumber_Octagon_splitClauses_0":["0"],
"dummyFiled":[]
}