{
"smt2FileSizeByte_All_splitClauses_1":["28755"],
"generatedPredicateNumber_All_splitClauses_1":["10800000"],
"unlabeledTemplateRelationSymbolNumber_PredictedCDHG_splitClauses_0":["1"],
"relationSymbolNumberBeforeSimplification_Unlabeled_splitClauses_1":["33"],
"predicateGeneratorTime_Term_splitClauses_0":["10800000"],
"averagePredicateSize_Random_splitClauses_1":["1"],
"labeledBinaryVariableTemplatesNumber_Labeled_splitClauses_1":["2"],
"clauseNumberBeforeSimplification_All_splitClauses_1":["17"],
"minedTemplateRelationSymbolNumber_Term_splitClauses_0":["1"],
"solvingTime_Labeled_splitClauses_1":["142"],
"unlabeledTemplateNumber_Labeled_splitClauses_1":["12"],
"relationSymbolNumberAfterSimplification_All_splitClauses_1":["4"],
"minedTemplateRelationSymbolNumber_Octagon_splitClauses_1":["1"],
"clauseNumberAfterSimplification_Mined_splitClauses_1":["3"],
"relationSymbolNumberBeforeSimplification_Octagon_splitClauses_0":["33"],
"unlabeledBinaryVariableTemplatesNumber_Term_splitClauses_0":["6"],
"labeledTemplateNumber_PredictedCDHG_splitClauses_0":["2"],
"solvability_Empty_splitClauses_0":["10800000"],
"unlabeledTemplateRelationSymbolNumber_Random_splitClauses_1":["1"],
"labeledBinaryVariableTemplatesNumber_Octagon_splitClauses_0":["2"],
"relationSymbolNumberBeforeSimplification_Random_splitClauses_1":["33"],
"minedTemplateRelationSymbolNumber_Random_splitClauses_1":["1"],
"unlabeledSingleVariableTemplatesNumber_Mined_splitClauses_0":["6"],
"unlabeledBinaryVariableTemplatesNumber_PredictedCG_splitClauses_1":["6"],
"solvability_All_splitClauses_0":["10800000"],
"predicateGeneratorTime_RelationalEqs_splitClauses_1":["93"],
"relationSymbolNumberBeforeSimplification_PredictedCDHG_splitClauses_1":["33"],
"smt2FileSizeByte_PredictedCG_splitClauses_1":["28755"],
"labeledSingleVariableTemplatesNumber_Unlabeled_splitClauses_1":["0"],
"labeledBinaryVariableTemplatesNumber_PredictedCG_splitClauses_1":["2"],
"minedBinaryVariableTemplatesNumber_PredictedCG_splitClauses_0":["2"],
"solvability_Random_splitClauses_0":["10800000"],
"relationSymbolNumberAfterSimplification_PredictedCG_splitClauses_1":["4"],
"clauseNumberBeforeSimplification_PredictedCDHG_splitClauses_1":["17"],
"labeledSingleVariableTemplatesNumber_Mined_splitClauses_0":["0"],
"solvability_Unlabeled_splitClauses_1":["1"],
"cegarIterationNumber_Labeled_splitClauses_1":["1"],
"smt2FileSizeByte_Mined_splitClauses_0":["28755"],
"relationSymbolNumberAfterSimplification_Mined_splitClauses_0":["4"],
"labeledSingleVariableTemplatesNumber_PredictedCG_splitClauses_1":["0"],
"smt2FileSizeByte_Octagon_splitClauses_1":["28755"],
"minedTemplateNumber_Labeled_splitClauses_1":["4"],
"labeledSingleVariableTemplatesNumber_RelationalIneqs_splitClauses_1":["0"],
"clauseNumberAfterSimplification_Labeled_splitClauses_1":["3"],
"relationSymbolNumberAfterSimplification_Labeled_splitClauses_0":["4"],
"smt2FileSizeByte_Random_splitClauses_0":["28755"],
"relationSymbolNumberAfterSimplification_PredictedCDHG_splitClauses_0":["4"],
"unlabeledTemplateRelationSymbolNumber_PredictedCDHG_splitClauses_1":["1"],
"labeledSingleVariableTemplatesNumber_Term_splitClauses_0":["0"],
"generatedPredicateNumber_PredictedCDHG_splitClauses_1":["10800000"],
"minedSingleVariableTemplatesNumber_Unlabeled_splitClauses_0":["2"],
"generatedPredicateNumber_Octagon_splitClauses_1":["1"],
"labeledSingleVariableTemplatesNumber_RelationalEqs_splitClauses_0":["0"],
"predicateGeneratorTime_PredictedCG_splitClauses_1":["10800000"],
"relationSymbolNumberAfterSimplification_Octagon_splitClauses_0":["4"],
"labeledTemplateNumber_Labeled_splitClauses_1":["2"],
"labeledSingleVariableTemplatesNumber_Empty_splitClauses_0":["0"],
"minedTemplateRelationSymbolNumber_RelationalIneqs_splitClauses_1":["1"],
"unlabeledSingleVariableTemplatesNumber_All_splitClauses_1":["6"],
"labeledBinaryVariableTemplatesNumber_PredictedCDHG_splitClauses_1":["2"],
"unlabeledSingleVariableTemplatesNumber_RelationalEqs_splitClauses_1":["6"],
"cegarIterationNumber_Term_splitClauses_0":["10800000"],
"unlabeledBinaryVariableTemplatesNumber_Labeled_splitClauses_1":["6"],
"unlabeledSingleVariableTemplatesNumber_Term_splitClauses_1":["6"],
"clauseNumberAfterSimplification_All_splitClauses_1":["3"],
"minedSingleVariableTemplatesNumber_Random_splitClauses_0":["2"],
"solvability_RelationalIneqs_splitClauses_1":["1"],
"minedTemplateNumber_Labeled_splitClauses_0":["4"],
"minedSingleVariableTemplatesNumber_Octagon_splitClauses_0":["2"],
"minedSingleVariableTemplatesNumber_Term_splitClauses_1":["2"],
"minedBinaryVariableTemplatesNumber_PredictedCDHG_splitClauses_1":["2"],
"generatedPredicateNumber_Mined_splitClauses_1":["1"],
"labeledSingleVariableTemplatesNumber_RelationalIneqs_splitClauses_0":["0"],
"averagePredicateSize_Mined_splitClauses_0":["10800000"],
"cegarIterationNumber_Unlabeled_splitClauses_0":["10800000"],
"minedBinaryVariableTemplatesNumber_Random_splitClauses_0":["2"],
"labeledTemplateNumber_Mined_splitClauses_1":["2"],
"labeledBinaryVariableTemplatesNumber_Random_splitClauses_0":["2"],
"unlabeledTemplateRelationSymbolNumber_Unlabeled_splitClauses_1":["1"],
"cegarIterationNumber_Mined_splitClauses_0":["10800000"],
"minedTemplateRelationSymbolNumber_Labeled_splitClauses_0":["1"],
"unlabeledBinaryVariableTemplatesNumber_RelationalIneqs_splitClauses_1":["6"],
"unlabeledBinaryVariableTemplatesNumber_Octagon_splitClauses_0":["6"],
"solvability_Mined_splitClauses_0":["10800000"],
"averagePredicateSize_RelationalEqs_splitClauses_0":["10800000"],
"clauseNumberAfterSimplification_Term_splitClauses_0":["3"],
"unlabeledTemplateNumber_Mined_splitClauses_0":["12"],
"relationSymbolNumberAfterSimplification_Random_splitClauses_1":["4"],
"unlabeledTemplateNumber_PredictedCDHG_splitClauses_0":["12"],
"cegarIterationNumber_RelationalIneqs_splitClauses_1":["1"],
"minedBinaryVariableTemplatesNumber_Unlabeled_splitClauses_1":["2"],
"labeledTemplateNumber_PredictedCG_splitClauses_1":["2"],
"labeledTemplateRelationSymbolNumber_Mined_splitClauses_0":["1"],
"labeledBinaryVariableTemplatesNumber_Mined_splitClauses_1":["2"],
"relationSymbolNumberBeforeSimplification_Mined_splitClauses_0":["33"],
"relationSymbolNumberBeforeSimplification_RelationalIneqs_splitClauses_0":["33"],
"clauseNumberAfterSimplification_RelationalIneqs_splitClauses_1":["3"],
"minedSingleVariableTemplatesNumber_PredictedCDHG_splitClauses_0":["2"],
"solvability_Labeled_splitClauses_1":["1"],
"labeledSingleVariableTemplatesNumber_Octagon_splitClauses_1":["0"],
"averagePredicateSize_Random_splitClauses_0":["10800000"],
"smt2FileSizeByte_RelationalIneqs_splitClauses_0":["28755"],
"generatedPredicateNumber_Unlabeled_splitClauses_0":["10800000"],
"solvability_RelationalEqs_splitClauses_0":["10800000"],
"predicateGeneratorTime_Empty_splitClauses_1":["85"],
"minedSingleVariableTemplatesNumber_Mined_splitClauses_0":["2"],
"relationSymbolNumberAfterSimplification_Unlabeled_splitClauses_0":["4"],
"minedTemplateRelationSymbolNumber_PredictedCDHG_splitClauses_1":["1"],
"minedTemplateNumber_PredictedCG_splitClauses_0":["4"],
"averagePredicateSize_RelationalIneqs_splitClauses_1":["1"],
"labeledTemplateRelationSymbolNumber_Random_splitClauses_1":["1"],
"minedTemplateNumber_RelationalIneqs_splitClauses_0":["4"],
"predicateGeneratorTime_RelationalIneqs_splitClauses_0":["10800000"],
"labeledTemplateRelationSymbolNumber_Empty_splitClauses_0":["1"],
"minedBinaryVariableTemplatesNumber_Octagon_splitClauses_0":["2"],
"labeledSingleVariableTemplatesNumber_Term_splitClauses_1":["0"],
"labeledBinaryVariableTemplatesNumber_Empty_splitClauses_0":["2"],
"minedTemplateNumber_Octagon_splitClauses_0":["4"],
"labeledBinaryVariableTemplatesNumber_Unlabeled_splitClauses_0":["2"],
"relationSymbolNumberBeforeSimplification_Empty_splitClauses_0":["33"],
"clauseNumberAfterSimplification_PredictedCDHG_splitClauses_0":["3"],
"smt2FileSizeByte_PredictedCG_splitClauses_0":["28755"],
"minedBinaryVariableTemplatesNumber_RelationalEqs_splitClauses_0":["2"],
"relationSymbolNumberBeforeSimplification_Unlabeled_splitClauses_0":["33"],
"labeledTemplateRelationSymbolNumber_RelationalEqs_splitClauses_1":["1"],
"minedBinaryVariableTemplatesNumber_Random_splitClauses_1":["2"],
"clauseNumberAfterSimplification_Unlabeled_splitClauses_1":["3"],
"minedSingleVariableTemplatesNumber_PredictedCDHG_splitClauses_1":["2"],
"labeledBinaryVariableTemplatesNumber_Term_splitClauses_1":["2"],
"clauseNumberBeforeSimplification_Empty_splitClauses_1":["17"],
"relationSymbolNumberAfterSimplification_Octagon_splitClauses_1":["4"],
"relationSymbolNumberAfterSimplification_Term_splitClauses_0":["4"],
"minedBinaryVariableTemplatesNumber_Mined_splitClauses_1":["2"],
"unlabeledBinaryVariableTemplatesNumber_Unlabeled_splitClauses_1":["6"],
"relationSymbolNumberBeforeSimplification_Random_splitClauses_0":["33"],
"relationSymbolNumberAfterSimplification_PredictedCDHG_splitClauses_1":["4"],
"unlabeledTemplateNumber_PredictedCG_splitClauses_1":["12"],
"generatedPredicateNumber_Empty_splitClauses_0":["10800000"],
"predicateGeneratorTime_RelationalIneqs_splitClauses_1":["130"],
"unlabeledSingleVariableTemplatesNumber_Empty_splitClauses_0":["6"],
"cegarIterationNumber_Octagon_splitClauses_0":["10800000"],
"clauseNumberAfterSimplification_Octagon_splitClauses_1":["3"],
"unlabeledSingleVariableTemplatesNumber_Labeled_splitClauses_1":["6"],
"clauseNumberBeforeSimplification_Random_splitClauses_1":["17"],
"minedTemplateRelationSymbolNumber_All_splitClauses_0":["1"],
"unlabeledTemplateRelationSymbolNumber_RelationalEqs_splitClauses_0":["1"],
"minedSingleVariableTemplatesNumber_Unlabeled_splitClauses_1":["2"],
"clauseNumberBeforeSimplification_RelationalEqs_splitClauses_0":["17"],
"minedTemplateNumber_Unlabeled_splitClauses_0":["4"],
"generatedPredicateNumber_Octagon_splitClauses_0":["10800000"],
"predicateGeneratorTime_PredictedCDHG_splitClauses_0":["10800000"],
"clauseNumberAfterSimplification_PredictedCG_splitClauses_1":["3"],
"labeledSingleVariableTemplatesNumber_RelationalEqs_splitClauses_1":["0"],
"smt2FileSizeByte_Random_splitClauses_1":["28755"],
"averagePredicateSize_PredictedCG_splitClauses_1":["10800000"],
"cegarIterationNumber_PredictedCDHG_splitClauses_1":["10800000"],
"clauseNumberAfterSimplification_RelationalEqs_splitClauses_1":["3"],
"minedBinaryVariableTemplatesNumber_Empty_splitClauses_1":["2"],
"relationSymbolNumberAfterSimplification_RelationalEqs_splitClauses_1":["4"],
"minedTemplateNumber_PredictedCDHG_splitClauses_0":["4"],
"labeledBinaryVariableTemplatesNumber_All_splitClauses_1":["2"],
"solvingTime_RelationalIneqs_splitClauses_1":["204"],
"unlabeledTemplateRelationSymbolNumber_RelationalEqs_splitClauses_1":["1"],
"smt2FileSizeByte_Unlabeled_splitClauses_0":["28755"],
"relationSymbolNumberBeforeSimplification_Mined_splitClauses_1":["33"],
"relationSymbolNumberAfterSimplification_Mined_splitClauses_1":["4"],
"generatedPredicateNumber_All_splitClauses_0":["10800000"],
"relationSymbolNumberBeforeSimplification_Octagon_splitClauses_1":["33"],
"predicateGeneratorTime_Octagon_splitClauses_1":["79"],
"solvability_Mined_splitClauses_1":["1"],
"minedTemplateRelationSymbolNumber_Term_splitClauses_1":["1"],
"clauseNumberAfterSimplification_Mined_splitClauses_0":["3"],
"solvability_PredictedCDHG_splitClauses_0":["10800000"],
"solvingTime_Empty_splitClauses_0":["10800000"],
"unlabeledSingleVariableTemplatesNumber_Unlabeled_splitClauses_1":["6"],
"minedTemplateNumber_Term_splitClauses_1":["4"],
"averagePredicateSize_Octagon_splitClauses_1":["1"],
"unlabeledSingleVariableTemplatesNumber_Octagon_splitClauses_1":["6"],
"minedTemplateRelationSymbolNumber_RelationalEqs_splitClauses_1":["1"],
"relationSymbolNumberBeforeSimplification_All_splitClauses_1":["33"],
"minedBinaryVariableTemplatesNumber_RelationalIneqs_splitClauses_0":["2"],
"predicateGeneratorTime_Term_splitClauses_1":["100"],
"solvingTime_Labeled_splitClauses_0":["10800000"],
"unlabeledBinaryVariableTemplatesNumber_PredictedCG_splitClauses_0":["6"],
"minedTemplateNumber_All_splitClauses_0":["4"],
"predicateGeneratorTime_Labeled_splitClauses_1":["78"],
"unlabeledTemplateRelationSymbolNumber_Empty_splitClauses_0":["1"],
"unlabeledTemplateNumber_Mined_splitClauses_1":["12"],
"solvability_PredictedCG_splitClauses_1":["10800000"],
"unlabeledTemplateNumber_Term_splitClauses_0":["12"],
"minedBinaryVariableTemplatesNumber_PredictedCG_splitClauses_1":["2"],
"labeledSingleVariableTemplatesNumber_PredictedCDHG_splitClauses_0":["0"],
"minedBinaryVariableTemplatesNumber_All_splitClauses_0":["2"],
"averagePredicateSize_PredictedCDHG_splitClauses_1":["10800000"],
"predicateGeneratorTime_PredictedCG_splitClauses_0":["10800000"],
"generatedPredicateNumber_RelationalIneqs_splitClauses_0":["10800000"],
"labeledTemplateNumber_Empty_splitClauses_0":["2"],
"relationSymbolNumberAfterSimplification_RelationalIneqs_splitClauses_1":["4"],
"unlabeledTemplateRelationSymbolNumber_Term_splitClauses_0":["1"],
"minedTemplateNumber_All_splitClauses_1":["4"],
"labeledSingleVariableTemplatesNumber_Empty_splitClauses_1":["0"],
"minedBinaryVariableTemplatesNumber_Unlabeled_splitClauses_0":["2"],
"labeledTemplateNumber_Random_splitClauses_0":["2"],
"minedBinaryVariableTemplatesNumber_All_splitClauses_1":["2"],
"unlabeledSingleVariableTemplatesNumber_All_splitClauses_0":["6"],
"relationSymbolNumberBeforeSimplification_Labeled_splitClauses_1":["33"],
"smt2FileSizeByte_PredictedCDHG_splitClauses_1":["28755"],
"labeledBinaryVariableTemplatesNumber_PredictedCDHG_splitClauses_0":["2"],
"averagePredicateSize_RelationalEqs_splitClauses_1":["1"],
"minedSingleVariableTemplatesNumber_Term_splitClauses_0":["2"],
"labeledTemplateRelationSymbolNumber_Term_splitClauses_1":["1"],
"generatedPredicateNumber_Random_splitClauses_0":["10800000"],
"labeledBinaryVariableTemplatesNumber_Empty_splitClauses_1":["2"],
"relationSymbolNumberAfterSimplification_Term_splitClauses_1":["4"],
"clauseNumberAfterSimplification_Labeled_splitClauses_0":["3"],
"labeledSingleVariableTemplatesNumber_Labeled_splitClauses_0":["0"],
"minedTemplateNumber_Mined_splitClauses_1":["4"],
"labeledTemplateRelationSymbolNumber_Labeled_splitClauses_0":["1"],
"unlabeledTemplateRelationSymbolNumber_Mined_splitClauses_1":["1"],
"solvability_Labeled_splitClauses_0":["10800000"],
"minedTemplateNumber_RelationalEqs_splitClauses_1":["4"],
"solvingTime_Random_splitClauses_1":["160"],
"minedTemplateNumber_Random_splitClauses_0":["4"],
"cegarIterationNumber_Unlabeled_splitClauses_1":["1"],
"minedTemplateNumber_RelationalIneqs_splitClauses_1":["4"],
"unlabeledBinaryVariableTemplatesNumber_Octagon_splitClauses_1":["6"],
"minedSingleVariableTemplatesNumber_Octagon_splitClauses_1":["2"],
"minedSingleVariableTemplatesNumber_Random_splitClauses_1":["2"],
"averagePredicateSize_All_splitClauses_1":["10800000"],
"minedTemplateNumber_Empty_splitClauses_0":["4"],
"labeledTemplateNumber_Mined_splitClauses_0":["2"],
"unlabeledBinaryVariableTemplatesNumber_All_splitClauses_0":["6"],
"relationSymbolNumberAfterSimplification_Labeled_splitClauses_1":["4"],
"labeledSingleVariableTemplatesNumber_PredictedCDHG_splitClauses_1":["0"],
"minedSingleVariableTemplatesNumber_Mined_splitClauses_1":["2"],
"labeledTemplateRelationSymbolNumber_Term_splitClauses_0":["1"],
"unlabeledTemplateRelationSymbolNumber_Term_splitClauses_1":["1"],
"predicateGeneratorTime_All_splitClauses_1":["10800000"],
"unlabeledSingleVariableTemplatesNumber_Random_splitClauses_0":["6"],
"predicateGeneratorTime_Unlabeled_splitClauses_1":["131"],
"cegarIterationNumber_PredictedCDHG_splitClauses_0":["10800000"],
"labeledTemplateNumber_RelationalEqs_splitClauses_0":["2"],
"labeledTemplateRelationSymbolNumber_Mined_splitClauses_1":["1"],
"labeledTemplateRelationSymbolNumber_Random_splitClauses_0":["1"],
"labeledBinaryVariableTemplatesNumber_RelationalEqs_splitClauses_1":["2"],
"generatedPredicateNumber_RelationalIneqs_splitClauses_1":["1"],
"unlabeledTemplateRelationSymbolNumber_PredictedCG_splitClauses_1":["1"],
"unlabeledSingleVariableTemplatesNumber_RelationalEqs_splitClauses_0":["6"],
"labeledBinaryVariableTemplatesNumber_Labeled_splitClauses_0":["2"],
"minedBinaryVariableTemplatesNumber_PredictedCDHG_splitClauses_0":["2"],
"unlabeledTemplateRelationSymbolNumber_Unlabeled_splitClauses_0":["1"],
"clauseNumberAfterSimplification_Term_splitClauses_1":["3"],
"unlabeledTemplateNumber_Octagon_splitClauses_0":["12"],
"unlabeledBinaryVariableTemplatesNumber_RelationalEqs_splitClauses_1":["6"],
"unlabeledTemplateNumber_PredictedCG_splitClauses_0":["12"],
"unlabeledTemplateNumber_All_splitClauses_0":["12"],
"labeledTemplateRelationSymbolNumber_RelationalIneqs_splitClauses_1":["1"],
"unlabeledSingleVariableTemplatesNumber_Mined_splitClauses_1":["6"],
"labeledTemplateRelationSymbolNumber_Unlabeled_splitClauses_1":["1"],
"labeledBinaryVariableTemplatesNumber_Random_splitClauses_1":["2"],
"solvability_Random_splitClauses_1":["1"],
"solvingTime_Term_splitClauses_0":["10800000"],
"minedSingleVariableTemplatesNumber_Labeled_splitClauses_1":["2"],
"clauseNumberBeforeSimplification_Term_splitClauses_0":["17"],
"relationSymbolNumberBeforeSimplification_RelationalIneqs_splitClauses_1":["33"],
"minedTemplateRelationSymbolNumber_Mined_splitClauses_0":["1"],
"solvability_Octagon_splitClauses_1":["1"],
"minedSingleVariableTemplatesNumber_RelationalIneqs_splitClauses_1":["2"],
"smt2FileSizeByte_Labeled_splitClauses_0":["28755"],
"solvability_RelationalEqs_splitClauses_1":["1"],
"unlabeledSingleVariableTemplatesNumber_Empty_splitClauses_1":["6"],
"labeledTemplateNumber_PredictedCDHG_splitClauses_1":["2"],
"minedTemplateRelationSymbolNumber_Octagon_splitClauses_0":["1"],
"clauseNumberAfterSimplification_Unlabeled_splitClauses_0":["3"],
"clauseNumberBeforeSimplification_Unlabeled_splitClauses_0":["17"],
"clauseNumberBeforeSimplification_PredictedCDHG_splitClauses_0":["17"],
"cegarIterationNumber_RelationalIneqs_splitClauses_0":["10800000"],
"labeledTemplateRelationSymbolNumber_RelationalEqs_splitClauses_0":["1"],
"averagePredicateSize_Labeled_splitClauses_0":["10800000"],
"smt2FileSizeByte_RelationalIneqs_splitClauses_1":["28755"],
"clauseNumberBeforeSimplification_RelationalEqs_splitClauses_1":["17"],
"unlabeledTemplateRelationSymbolNumber_RelationalIneqs_splitClauses_1":["1"],
"clauseNumberBeforeSimplification_PredictedCG_splitClauses_0":["17"],
"solvingTime_PredictedCDHG_splitClauses_0":["10800000"],
"labeledTemplateRelationSymbolNumber_Octagon_splitClauses_1":["1"],
"minedTemplateRelationSymbolNumber_PredictedCG_splitClauses_1":["1"],
"relationSymbolNumberBeforeSimplification_RelationalEqs_splitClauses_1":["33"],
"labeledTemplateNumber_Random_splitClauses_1":["2"],
"solvingTime_RelationalIneqs_splitClauses_0":["10800000"],
"labeledTemplateNumber_All_splitClauses_1":["2"],
"unlabeledTemplateNumber_Random_splitClauses_1":["12"],
"relationSymbolNumberBeforeSimplification_All_splitClauses_0":["33"],
"smt2FileSizeByte_Unlabeled_splitClauses_1":["28755"],
"cegarIterationNumber_PredictedCG_splitClauses_0":["10800000"],
"predicateGeneratorTime_Octagon_splitClauses_0":["10800000"],
"unlabeledTemplateNumber_RelationalEqs_splitClauses_1":["12"],
"clauseNumberAfterSimplification_Octagon_splitClauses_0":["3"],
"cegarIterationNumber_Random_splitClauses_0":["10800000"],
"solvability_PredictedCDHG_splitClauses_1":["10800000"],
"solvability_PredictedCG_splitClauses_0":["10800000"],
"solvingTime_PredictedCG_splitClauses_1":["10800000"],
"unlabeledSingleVariableTemplatesNumber_Unlabeled_splitClauses_0":["6"],
"unlabeledTemplateNumber_Unlabeled_splitClauses_0":["12"],
"labeledTemplateRelationSymbolNumber_RelationalIneqs_splitClauses_0":["1"],
"minedTemplateNumber_Random_splitClauses_1":["4"],
"generatedPredicateNumber_RelationalEqs_splitClauses_0":["10800000"],
"minedTemplateNumber_Term_splitClauses_0":["4"],
"solvingTime_All_splitClauses_1":["10800000"],
"minedSingleVariableTemplatesNumber_PredictedCG_splitClauses_0":["2"],
"smt2FileSizeByte_Term_splitClauses_1":["28755"],
"labeledBinaryVariableTemplatesNumber_All_splitClauses_0":["2"],
"minedTemplateNumber_PredictedCDHG_splitClauses_1":["4"],
"minedTemplateRelationSymbolNumber_PredictedCDHG_splitClauses_0":["1"],
"averagePredicateSize_Unlabeled_splitClauses_0":["10800000"],
"minedBinaryVariableTemplatesNumber_Octagon_splitClauses_1":["2"],
"unlabeledSingleVariableTemplatesNumber_Random_splitClauses_1":["6"],
"clauseNumberBeforeSimplification_Random_splitClauses_0":["17"],
"solvingTime_Unlabeled_splitClauses_1":["205"],
"predicateGeneratorTime_PredictedCDHG_splitClauses_1":["10800000"],
"averagePredicateSize_PredictedCDHG_splitClauses_0":["10800000"],
"relationSymbolNumberAfterSimplification_RelationalEqs_splitClauses_0":["4"],
"minedBinaryVariableTemplatesNumber_Term_splitClauses_0":["2"],
"labeledTemplateNumber_RelationalIneqs_splitClauses_0":["2"],
"clauseNumberAfterSimplification_Random_splitClauses_0":["3"],
"clauseNumberAfterSimplification_PredictedCG_splitClauses_0":["3"],
"generatedPredicateNumber_Empty_splitClauses_1":["1"],
"clauseNumberBeforeSimplification_Octagon_splitClauses_0":["17"],
"unlabeledTemplateNumber_Empty_splitClauses_0":["12"],
"minedSingleVariableTemplatesNumber_All_splitClauses_0":["2"],
"labeledTemplateRelationSymbolNumber_Octagon_splitClauses_0":["1"],
"generatedPredicateNumber_Random_splitClauses_1":["1"],
"clauseNumberAfterSimplification_RelationalEqs_splitClauses_0":["3"],
"labeledBinaryVariableTemplatesNumber_Term_splitClauses_0":["2"],
"minedSingleVariableTemplatesNumber_RelationalEqs_splitClauses_0":["2"],
"minedTemplateNumber_Mined_splitClauses_0":["4"],
"relationSymbolNumberBeforeSimplification_PredictedCG_splitClauses_0":["33"],
"averagePredicateSize_Octagon_splitClauses_0":["10800000"],
"unlabeledBinaryVariableTemplatesNumber_Empty_splitClauses_1":["6"],
"unlabeledSingleVariableTemplatesNumber_PredictedCDHG_splitClauses_0":["6"],
"unlabeledSingleVariableTemplatesNumber_PredictedCG_splitClauses_1":["6"],
"labeledTemplateRelationSymbolNumber_Labeled_splitClauses_1":["1"],
"minedTemplateRelationSymbolNumber_Random_splitClauses_0":["1"],
"unlabeledTemplateRelationSymbolNumber_PredictedCG_splitClauses_0":["1"],
"unlabeledTemplateNumber_RelationalIneqs_splitClauses_0":["12"],
"unlabeledSingleVariableTemplatesNumber_Labeled_splitClauses_0":["6"],
"relationSymbolNumberAfterSimplification_PredictedCG_splitClauses_0":["4"],
"minedTemplateNumber_Unlabeled_splitClauses_1":["4"],
"generatedPredicateNumber_PredictedCG_splitClauses_0":["10800000"],
"labeledTemplateNumber_Unlabeled_splitClauses_1":["2"],
"unlabeledTemplateRelationSymbolNumber_Empty_splitClauses_1":["1"],
"clauseNumberBeforeSimplification_Empty_splitClauses_0":["17"],
"solvingTime_Octagon_splitClauses_1":["131"],
"cegarIterationNumber_Mined_splitClauses_1":["1"],
"clauseNumberBeforeSimplification_Mined_splitClauses_1":["17"],
"smt2FileSizeByte_PredictedCDHG_splitClauses_0":["28755"],
"averagePredicateSize_PredictedCG_splitClauses_0":["10800000"],
"solvingTime_Random_splitClauses_0":["10800000"],
"minedTemplateNumber_RelationalEqs_splitClauses_0":["4"],
"unlabeledSingleVariableTemplatesNumber_RelationalIneqs_splitClauses_0":["6"],
"unlabeledTemplateNumber_Unlabeled_splitClauses_1":["12"],
"labeledBinaryVariableTemplatesNumber_RelationalEqs_splitClauses_0":["2"],
"generatedPredicateNumber_PredictedCDHG_splitClauses_0":["10800000"],
"relationSymbolNumberAfterSimplification_RelationalIneqs_splitClauses_0":["4"],
"minedTemplateRelationSymbolNumber_Empty_splitClauses_1":["1"],
"predicateGeneratorTime_Random_splitClauses_1":["98"],
"labeledTemplateNumber_Term_splitClauses_1":["2"],
"relationSymbolNumberBeforeSimplification_RelationalEqs_splitClauses_0":["33"],
"minedSingleVariableTemplatesNumber_Empty_splitClauses_1":["2"],
"minedSingleVariableTemplatesNumber_RelationalIneqs_splitClauses_0":["2"],
"clauseNumberAfterSimplification_All_splitClauses_0":["3"],
"unlabeledBinaryVariableTemplatesNumber_RelationalEqs_splitClauses_0":["6"],
"cegarIterationNumber_RelationalEqs_splitClauses_0":["10800000"],
"labeledTemplateRelationSymbolNumber_PredictedCDHG_splitClauses_0":["1"],
"labeledSingleVariableTemplatesNumber_Labeled_splitClauses_1":["0"],
"unlabeledBinaryVariableTemplatesNumber_All_splitClauses_1":["6"],
"minedTemplateRelationSymbolNumber_Unlabeled_splitClauses_1":["1"],
"solvingTime_RelationalEqs_splitClauses_0":["10800000"],
"solvingTime_RelationalEqs_splitClauses_1":["161"],
"minedBinaryVariableTemplatesNumber_Mined_splitClauses_0":["2"],
"clauseNumberBeforeSimplification_All_splitClauses_0":["17"],
"clauseNumberBeforeSimplification_RelationalIneqs_splitClauses_1":["17"],
"labeledTemplateNumber_RelationalEqs_splitClauses_1":["2"],
"labeledBinaryVariableTemplatesNumber_RelationalIneqs_splitClauses_0":["2"],
"relationSymbolNumberBeforeSimplification_Labeled_splitClauses_0":["33"],
"clauseNumberAfterSimplification_Empty_splitClauses_0":["3"],
"averagePredicateSize_Empty_splitClauses_0":["10800000"],
"unlabeledTemplateNumber_Term_splitClauses_1":["12"],
"predicateGeneratorTime_Mined_splitClauses_1":["90"],
"labeledBinaryVariableTemplatesNumber_RelationalIneqs_splitClauses_1":["2"],
"predicateGeneratorTime_Unlabeled_splitClauses_0":["10800000"],
"relationSymbolNumberAfterSimplification_Empty_splitClauses_0":["4"],
"generatedPredicateNumber_Mined_splitClauses_0":["10800000"],
"generatedPredicateNumber_RelationalEqs_splitClauses_1":["1"],
"labeledTemplateRelationSymbolNumber_PredictedCG_splitClauses_0":["1"],
"minedSingleVariableTemplatesNumber_PredictedCG_splitClauses_1":["2"],
"minedTemplateRelationSymbolNumber_PredictedCG_splitClauses_0":["1"],
"unlabeledTemplateRelationSymbolNumber_Labeled_splitClauses_0":["1"],
"solvability_Empty_splitClauses_1":["1"],
"averagePredicateSize_Term_splitClauses_0":["10800000"],
"cegarIterationNumber_Random_splitClauses_1":["1"],
"averagePredicateSize_Labeled_splitClauses_1":["1"],
"unlabeledBinaryVariableTemplatesNumber_Unlabeled_splitClauses_0":["6"],
"generatedPredicateNumber_Unlabeled_splitClauses_1":["1"],
"predicateGeneratorTime_All_splitClauses_0":["10800000"],
"unlabeledBinaryVariableTemplatesNumber_PredictedCDHG_splitClauses_1":["6"],
"clauseNumberBeforeSimplification_Labeled_splitClauses_1":["17"],
"minedBinaryVariableTemplatesNumber_Labeled_splitClauses_1":["2"],
"labeledSingleVariableTemplatesNumber_All_splitClauses_0":["0"],
"unlabeledTemplateRelationSymbolNumber_Mined_splitClauses_0":["1"],
"cegarIterationNumber_Octagon_splitClauses_1":["1"],
"labeledTemplateNumber_Octagon_splitClauses_0":["2"],
"labeledTemplateRelationSymbolNumber_All_splitClauses_1":["1"],
"smt2FileSizeByte_Empty_splitClauses_0":["28755"],
"unlabeledTemplateNumber_Octagon_splitClauses_1":["12"],
"predicateGeneratorTime_RelationalEqs_splitClauses_0":["10800000"],
"unlabeledTemplateRelationSymbolNumber_RelationalIneqs_splitClauses_0":["1"],
"smt2FileSizeByte_RelationalEqs_splitClauses_1":["28755"],
"unlabeledTemplateNumber_Labeled_splitClauses_0":["12"],
"minedSingleVariableTemplatesNumber_Labeled_splitClauses_0":["2"],
"solvingTime_PredictedCDHG_splitClauses_1":["10800000"],
"relationSymbolNumberBeforeSimplification_Term_splitClauses_1":["33"],
"minedTemplateNumber_Octagon_splitClauses_1":["4"],
"clauseNumberBeforeSimplification_Mined_splitClauses_0":["17"],
"smt2FileSizeByte_All_splitClauses_0":["28755"],
"solvingTime_All_splitClauses_0":["10800000"],
"minedBinaryVariableTemplatesNumber_Term_splitClauses_1":["2"],
"unlabeledTemplateRelationSymbolNumber_Random_splitClauses_0":["1"],
"cegarIterationNumber_All_splitClauses_0":["10800000"],
"smt2FileSizeByte_RelationalEqs_splitClauses_0":["28755"],
"unlabeledSingleVariableTemplatesNumber_PredictedCDHG_splitClauses_1":["6"],
"clauseNumberBeforeSimplification_Labeled_splitClauses_0":["17"],
"cegarIterationNumber_PredictedCG_splitClauses_1":["10800000"],
"labeledTemplateRelationSymbolNumber_Unlabeled_splitClauses_0":["1"],
"unlabeledTemplateRelationSymbolNumber_Octagon_splitClauses_1":["1"],
"unlabeledTemplateNumber_Empty_splitClauses_1":["12"],
"clauseNumberBeforeSimplification_Octagon_splitClauses_1":["17"],
"labeledTemplateNumber_Unlabeled_splitClauses_0":["2"],
"labeledBinaryVariableTemplatesNumber_PredictedCG_splitClauses_0":["2"],
"solvability_Term_splitClauses_1":["1"],
"solvability_Octagon_splitClauses_0":["10800000"],
"minedTemplateRelationSymbolNumber_RelationalIneqs_splitClauses_0":["1"],
"clauseNumberBeforeSimplification_RelationalIneqs_splitClauses_0":["17"],
"labeledTemplateNumber_PredictedCG_splitClauses_0":["2"],
"cegarIterationNumber_Labeled_splitClauses_0":["10800000"],
"smt2FileSizeByte_Labeled_splitClauses_1":["28755"],
"clauseNumberBeforeSimplification_Unlabeled_splitClauses_1":["17"],
"generatedPredicateNumber_Term_splitClauses_1":["1"],
"solvingTime_Term_splitClauses_1":["152"],
"unlabeledBinaryVariableTemplatesNumber_Random_splitClauses_1":["6"],
"unlabeledSingleVariableTemplatesNumber_Octagon_splitClauses_0":["6"],
"solvingTime_Octagon_splitClauses_0":["10800000"],
"labeledSingleVariableTemplatesNumber_Mined_splitClauses_1":["0"],
"averagePredicateSize_Term_splitClauses_1":["1"],
"labeledTemplateNumber_Labeled_splitClauses_0":["2"],
"unlabeledSingleVariableTemplatesNumber_PredictedCG_splitClauses_0":["6"],
"smt2FileSizeByte_Mined_splitClauses_1":["28755"],
"labeledBinaryVariableTemplatesNumber_Unlabeled_splitClauses_1":["2"],
"labeledTemplateNumber_All_splitClauses_0":["2"],
"unlabeledTemplateNumber_Random_splitClauses_0":["12"],
"labeledTemplateNumber_Octagon_splitClauses_1":["2"],
"unlabeledTemplateNumber_PredictedCDHG_splitClauses_1":["12"],
"unlabeledBinaryVariableTemplatesNumber_Mined_splitClauses_0":["6"],
"minedTemplateRelationSymbolNumber_Mined_splitClauses_1":["1"],
"labeledTemplateNumber_RelationalIneqs_splitClauses_1":["2"],
"relationSymbolNumberAfterSimplification_All_splitClauses_0":["4"],
"relationSymbolNumberBeforeSimplification_PredictedCDHG_splitClauses_0":["33"],
"solvability_Term_splitClauses_0":["10800000"],
"clauseNumberBeforeSimplification_PredictedCG_splitClauses_1":["17"],
"generatedPredicateNumber_Labeled_splitClauses_1":["1"],
"labeledSingleVariableTemplatesNumber_Unlabeled_splitClauses_0":["0"],
"unlabeledBinaryVariableTemplatesNumber_Empty_splitClauses_0":["6"],
"solvingTime_Mined_splitClauses_0":["10800000"],
"unlabeledTemplateNumber_All_splitClauses_1":["12"],
"clauseNumberAfterSimplification_Random_splitClauses_1":["3"],
"labeledBinaryVariableTemplatesNumber_Octagon_splitClauses_1":["2"],
"unlabeledBinaryVariableTemplatesNumber_Labeled_splitClauses_0":["6"],
"smt2FileSizeByte_Octagon_splitClauses_0":["28755"],
"labeledSingleVariableTemplatesNumber_Random_splitClauses_1":["0"],
"solvability_Unlabeled_splitClauses_0":["10800000"],
"solvingTime_Unlabeled_splitClauses_0":["10800000"],
"unlabeledTemplateRelationSymbolNumber_All_splitClauses_1":["1"],
"minedTemplateNumber_Empty_splitClauses_1":["4"],
"solvability_RelationalIneqs_splitClauses_0":["10800000"],
"unlabeledTemplateRelationSymbolNumber_Labeled_splitClauses_1":["1"],
"cegarIterationNumber_RelationalEqs_splitClauses_1":["1"],
"minedSingleVariableTemplatesNumber_RelationalEqs_splitClauses_1":["2"],
"clauseNumberAfterSimplification_PredictedCDHG_splitClauses_1":["3"],
"minedBinaryVariableTemplatesNumber_RelationalIneqs_splitClauses_1":["2"],
"unlabeledBinaryVariableTemplatesNumber_Mined_splitClauses_1":["6"],
"unlabeledBinaryVariableTemplatesNumber_PredictedCDHG_splitClauses_0":["6"],
"solvingTime_Empty_splitClauses_1":["157"],
"labeledTemplateRelationSymbolNumber_Empty_splitClauses_1":["1"],
"generatedPredicateNumber_Term_splitClauses_0":["10800000"],
"averagePredicateSize_Empty_splitClauses_1":["1"],
"generatedPredicateNumber_PredictedCG_splitClauses_1":["10800000"],
"labeledTemplateRelationSymbolNumber_PredictedCDHG_splitClauses_1":["1"],
"predicateGeneratorTime_Mined_splitClauses_0":["10800000"],
"relationSymbolNumberBeforeSimplification_Term_splitClauses_0":["33"],
"predicateGeneratorTime_Labeled_splitClauses_0":["10800000"],
"labeledSingleVariableTemplatesNumber_Random_splitClauses_0":["0"],
"unlabeledTemplateRelationSymbolNumber_All_splitClauses_0":["1"],
"minedBinaryVariableTemplatesNumber_Labeled_splitClauses_0":["2"],
"generatedPredicateNumber_Labeled_splitClauses_0":["10800000"],
"relationSymbolNumberAfterSimplification_Empty_splitClauses_1":["4"],
"solvingTime_Mined_splitClauses_1":["157"],
"minedSingleVariableTemplatesNumber_All_splitClauses_1":["2"],
"predicateGeneratorTime_Random_splitClauses_0":["10800000"],
"cegarIterationNumber_Term_splitClauses_1":["1"],
"labeledTemplateNumber_Empty_splitClauses_1":["2"],
"clauseNumberAfterSimplification_Empty_splitClauses_1":["3"],
"minedTemplateRelationSymbolNumber_Empty_splitClauses_0":["1"],
"unlabeledSingleVariableTemplatesNumber_Term_splitClauses_0":["6"],
"minedSingleVariableTemplatesNumber_Empty_splitClauses_0":["2"],
"relationSymbolNumberAfterSimplification_Random_splitClauses_0":["4"],
"minedTemplateRelationSymbolNumber_RelationalEqs_splitClauses_0":["1"],
"cegarIterationNumber_Empty_splitClauses_0":["10800000"],
"minedBinaryVariableTemplatesNumber_RelationalEqs_splitClauses_1":["2"],
"relationSymbolNumberBeforeSimplification_PredictedCG_splitClauses_1":["33"],
"labeledSingleVariableTemplatesNumber_All_splitClauses_1":["0"],
"unlabeledTemplateRelationSymbolNumber_Octagon_splitClauses_0":["1"],
"minedTemplateRelationSymbolNumber_Unlabeled_splitClauses_0":["1"],
"labeledBinaryVariableTemplatesNumber_Mined_splitClauses_0":["2"],
"relationSymbolNumberAfterSimplification_Unlabeled_splitClauses_1":["4"],
"minedTemplateNumber_PredictedCG_splitClauses_1":["4"],
"cegarIterationNumber_Empty_splitClauses_1":["1"],
"averagePredicateSize_RelationalIneqs_splitClauses_0":["10800000"],
"solvability_All_splitClauses_1":["10800000"],
"unlabeledBinaryVariableTemplatesNumber_Term_splitClauses_1":["6"],
"minedTemplateRelationSymbolNumber_Labeled_splitClauses_1":["1"],
"averagePredicateSize_Unlabeled_splitClauses_1":["1"],
"labeledTemplateNumber_Term_splitClauses_0":["2"],
"smt2FileSizeByte_Empty_splitClauses_1":["28755"],
"solvingTime_PredictedCG_splitClauses_0":["10800000"],
"cegarIterationNumber_All_splitClauses_1":["10800000"],
"clauseNumberBeforeSimplification_Term_splitClauses_1":["17"],
"predicateGeneratorTime_Empty_splitClauses_0":["10800000"],
"relationSymbolNumberBeforeSimplification_Empty_splitClauses_1":["33"],
"averagePredicateSize_All_splitClauses_0":["10800000"],
"unlabeledBinaryVariableTemplatesNumber_Random_splitClauses_0":["6"],
"smt2FileSizeByte_Term_splitClauses_0":["28755"],
"averagePredicateSize_Mined_splitClauses_1":["1"],
"minedBinaryVariableTemplatesNumber_Empty_splitClauses_0":["2"],
"minedTemplateRelationSymbolNumber_All_splitClauses_1":["1"],
"labeledSingleVariableTemplatesNumber_PredictedCG_splitClauses_0":["0"],
"unlabeledBinaryVariableTemplatesNumber_RelationalIneqs_splitClauses_0":["6"],
"unlabeledSingleVariableTemplatesNumber_RelationalIneqs_splitClauses_1":["6"],
"clauseNumberAfterSimplification_RelationalIneqs_splitClauses_0":["3"],
"unlabeledTemplateNumber_RelationalEqs_splitClauses_0":["12"],
"unlabeledTemplateNumber_RelationalIneqs_splitClauses_1":["12"],
"labeledTemplateRelationSymbolNumber_PredictedCG_splitClauses_1":["1"],
"labeledTemplateRelationSymbolNumber_All_splitClauses_0":["1"],
"labeledSingleVariableTemplatesNumber_Octagon_splitClauses_0":["0"],
"dummyFiled":[]
}