{
"smt2FileSizeByte_All_splitClauses_1":["13756"],
"generatedPredicateNumber_All_splitClauses_1":["10800000"],
"unlabeledTemplateRelationSymbolNumber_PredictedCDHG_splitClauses_0":["2"],
"predicateGeneratorTime_Term_splitClauses_0":["10800000"],
"averagePredicateSize_Random_splitClauses_1":["10800000"],
"labeledBinaryVariableTemplatesNumber_Labeled_splitClauses_1":["3"],
"clauseNumberBeforeSimplification_All_splitClauses_1":["38"],
"minedTemplateRelationSymbolNumber_Term_splitClauses_0":["2"],
"solvingTime_Labeled_splitClauses_1":["10800000"],
"unlabeledTemplateNumber_Labeled_splitClauses_1":["61"],
"relationSymbolNumber_Term_splitClauses_1":["11"],
"minedTemplateRelationSymbolNumber_Octagon_splitClauses_1":["2"],
"clauseNumberAfterSimplification_Mined_splitClauses_1":["9"],
"unlabeledBinaryVariableTemplatesNumber_Term_splitClauses_0":["36"],
"labeledTemplateNumber_PredictedCDHG_splitClauses_0":["3"],
"relationSymbolNumber_RelationalEqs_splitClauses_1":["11"],
"solvability_Empty_splitClauses_0":["10800000"],
"unlabeledTemplateRelationSymbolNumber_Random_splitClauses_1":["2"],
"labeledBinaryVariableTemplatesNumber_Octagon_splitClauses_0":["3"],
"minedTemplateRelationSymbolNumber_Random_splitClauses_1":["2"],
"unlabeledSingleVariableTemplatesNumber_Mined_splitClauses_0":["25"],
"unlabeledBinaryVariableTemplatesNumber_PredictedCG_splitClauses_1":["36"],
"solvability_All_splitClauses_0":["10800000"],
"predicateGeneratorTime_RelationalEqs_splitClauses_1":["10800000"],
"smt2FileSizeByte_PredictedCG_splitClauses_1":["13756"],
"labeledSingleVariableTemplatesNumber_Unlabeled_splitClauses_1":["0"],
"labeledBinaryVariableTemplatesNumber_PredictedCG_splitClauses_1":["3"],
"minedBinaryVariableTemplatesNumber_PredictedCG_splitClauses_0":["3"],
"solvability_Random_splitClauses_0":["10800000"],
"clauseNumberBeforeSimplification_PredictedCDHG_splitClauses_1":["38"],
"labeledSingleVariableTemplatesNumber_Mined_splitClauses_0":["0"],
"solvability_Unlabeled_splitClauses_1":["10800000"],
"cegarIterationNumber_Labeled_splitClauses_1":["10800000"],
"smt2FileSizeByte_Mined_splitClauses_0":["13756"],
"labeledSingleVariableTemplatesNumber_PredictedCG_splitClauses_1":["0"],
"smt2FileSizeByte_Octagon_splitClauses_1":["13756"],
"minedTemplateNumber_Labeled_splitClauses_1":["12"],
"labeledSingleVariableTemplatesNumber_RelationalIneqs_splitClauses_1":["0"],
"clauseNumberAfterSimplification_Labeled_splitClauses_1":["9"],
"smt2FileSizeByte_Random_splitClauses_0":["13756"],
"unlabeledTemplateRelationSymbolNumber_PredictedCDHG_splitClauses_1":["2"],
"labeledSingleVariableTemplatesNumber_Term_splitClauses_0":["0"],
"generatedPredicateNumber_PredictedCDHG_splitClauses_1":["10800000"],
"minedSingleVariableTemplatesNumber_Unlabeled_splitClauses_0":["9"],
"generatedPredicateNumber_Octagon_splitClauses_1":["10800000"],
"labeledSingleVariableTemplatesNumber_RelationalEqs_splitClauses_0":["0"],
"predicateGeneratorTime_PredictedCG_splitClauses_1":["10800000"],
"labeledTemplateNumber_Labeled_splitClauses_1":["3"],
"labeledSingleVariableTemplatesNumber_Empty_splitClauses_0":["0"],
"minedTemplateRelationSymbolNumber_RelationalIneqs_splitClauses_1":["2"],
"unlabeledSingleVariableTemplatesNumber_All_splitClauses_1":["25"],
"labeledBinaryVariableTemplatesNumber_PredictedCDHG_splitClauses_1":["3"],
"unlabeledSingleVariableTemplatesNumber_RelationalEqs_splitClauses_1":["25"],
"cegarIterationNumber_Term_splitClauses_0":["10800000"],
"unlabeledBinaryVariableTemplatesNumber_Labeled_splitClauses_1":["36"],
"unlabeledSingleVariableTemplatesNumber_Term_splitClauses_1":["25"],
"clauseNumberAfterSimplification_All_splitClauses_1":["9"],
"minedSingleVariableTemplatesNumber_Random_splitClauses_0":["9"],
"solvability_RelationalIneqs_splitClauses_1":["10800000"],
"minedTemplateNumber_Labeled_splitClauses_0":["12"],
"minedSingleVariableTemplatesNumber_Octagon_splitClauses_0":["9"],
"minedSingleVariableTemplatesNumber_Term_splitClauses_1":["9"],
"minedBinaryVariableTemplatesNumber_PredictedCDHG_splitClauses_1":["3"],
"generatedPredicateNumber_Mined_splitClauses_1":["2"],
"relationSymbolNumber_Octagon_splitClauses_1":["11"],
"relationSymbolNumber_Unlabeled_splitClauses_1":["11"],
"labeledSingleVariableTemplatesNumber_RelationalIneqs_splitClauses_0":["0"],
"averagePredicateSize_Mined_splitClauses_0":["10800000"],
"cegarIterationNumber_Unlabeled_splitClauses_0":["10800000"],
"minedBinaryVariableTemplatesNumber_Random_splitClauses_0":["3"],
"labeledTemplateNumber_Mined_splitClauses_1":["3"],
"labeledBinaryVariableTemplatesNumber_Random_splitClauses_0":["3"],
"unlabeledTemplateRelationSymbolNumber_Unlabeled_splitClauses_1":["2"],
"cegarIterationNumber_Mined_splitClauses_0":["10800000"],
"minedTemplateRelationSymbolNumber_Labeled_splitClauses_0":["2"],
"unlabeledBinaryVariableTemplatesNumber_RelationalIneqs_splitClauses_1":["36"],
"unlabeledBinaryVariableTemplatesNumber_Octagon_splitClauses_0":["36"],
"solvability_Mined_splitClauses_0":["10800000"],
"averagePredicateSize_RelationalEqs_splitClauses_0":["10800000"],
"clauseNumberAfterSimplification_Term_splitClauses_0":["9"],
"unlabeledTemplateNumber_Mined_splitClauses_0":["61"],
"unlabeledTemplateNumber_PredictedCDHG_splitClauses_0":["61"],
"cegarIterationNumber_RelationalIneqs_splitClauses_1":["10800000"],
"minedBinaryVariableTemplatesNumber_Unlabeled_splitClauses_1":["3"],
"labeledTemplateNumber_PredictedCG_splitClauses_1":["3"],
"labeledTemplateRelationSymbolNumber_Mined_splitClauses_0":["1"],
"labeledBinaryVariableTemplatesNumber_Mined_splitClauses_1":["3"],
"clauseNumberAfterSimplification_RelationalIneqs_splitClauses_1":["9"],
"minedSingleVariableTemplatesNumber_PredictedCDHG_splitClauses_0":["9"],
"solvability_Labeled_splitClauses_1":["10800000"],
"labeledSingleVariableTemplatesNumber_Octagon_splitClauses_1":["0"],
"averagePredicateSize_Random_splitClauses_0":["10800000"],
"smt2FileSizeByte_RelationalIneqs_splitClauses_0":["13756"],
"generatedPredicateNumber_Unlabeled_splitClauses_0":["10800000"],
"solvability_RelationalEqs_splitClauses_0":["10800000"],
"predicateGeneratorTime_Empty_splitClauses_1":["10800000"],
"minedSingleVariableTemplatesNumber_Mined_splitClauses_0":["9"],
"minedTemplateRelationSymbolNumber_PredictedCDHG_splitClauses_1":["2"],
"minedTemplateNumber_PredictedCG_splitClauses_0":["12"],
"averagePredicateSize_RelationalIneqs_splitClauses_1":["10800000"],
"labeledTemplateRelationSymbolNumber_Random_splitClauses_1":["1"],
"minedTemplateNumber_RelationalIneqs_splitClauses_0":["12"],
"predicateGeneratorTime_RelationalIneqs_splitClauses_0":["10800000"],
"labeledTemplateRelationSymbolNumber_Empty_splitClauses_0":["1"],
"minedBinaryVariableTemplatesNumber_Octagon_splitClauses_0":["3"],
"relationSymbolNumber_Labeled_splitClauses_0":["11"],
"labeledSingleVariableTemplatesNumber_Term_splitClauses_1":["0"],
"labeledBinaryVariableTemplatesNumber_Empty_splitClauses_0":["3"],
"minedTemplateNumber_Octagon_splitClauses_0":["12"],
"labeledBinaryVariableTemplatesNumber_Unlabeled_splitClauses_0":["3"],
"clauseNumberAfterSimplification_PredictedCDHG_splitClauses_0":["9"],
"smt2FileSizeByte_PredictedCG_splitClauses_0":["13756"],
"minedBinaryVariableTemplatesNumber_RelationalEqs_splitClauses_0":["3"],
"labeledTemplateRelationSymbolNumber_RelationalEqs_splitClauses_1":["1"],
"minedBinaryVariableTemplatesNumber_Random_splitClauses_1":["3"],
"clauseNumberAfterSimplification_Unlabeled_splitClauses_1":["9"],
"minedSingleVariableTemplatesNumber_PredictedCDHG_splitClauses_1":["9"],
"labeledBinaryVariableTemplatesNumber_Term_splitClauses_1":["3"],
"clauseNumberBeforeSimplification_Empty_splitClauses_1":["38"],
"minedBinaryVariableTemplatesNumber_Mined_splitClauses_1":["3"],
"unlabeledBinaryVariableTemplatesNumber_Unlabeled_splitClauses_1":["36"],
"unlabeledTemplateNumber_PredictedCG_splitClauses_1":["61"],
"generatedPredicateNumber_Empty_splitClauses_0":["10800000"],
"predicateGeneratorTime_RelationalIneqs_splitClauses_1":["10800000"],
"unlabeledSingleVariableTemplatesNumber_Empty_splitClauses_0":["25"],
"cegarIterationNumber_Octagon_splitClauses_0":["10800000"],
"clauseNumberAfterSimplification_Octagon_splitClauses_1":["9"],
"unlabeledSingleVariableTemplatesNumber_Labeled_splitClauses_1":["25"],
"clauseNumberBeforeSimplification_Random_splitClauses_1":["38"],
"minedTemplateRelationSymbolNumber_All_splitClauses_0":["2"],
"unlabeledTemplateRelationSymbolNumber_RelationalEqs_splitClauses_0":["2"],
"minedSingleVariableTemplatesNumber_Unlabeled_splitClauses_1":["9"],
"clauseNumberBeforeSimplification_RelationalEqs_splitClauses_0":["38"],
"minedTemplateNumber_Unlabeled_splitClauses_0":["12"],
"generatedPredicateNumber_Octagon_splitClauses_0":["10800000"],
"predicateGeneratorTime_PredictedCDHG_splitClauses_0":["10800000"],
"clauseNumberAfterSimplification_PredictedCG_splitClauses_1":["9"],
"labeledSingleVariableTemplatesNumber_RelationalEqs_splitClauses_1":["0"],
"smt2FileSizeByte_Random_splitClauses_1":["13756"],
"averagePredicateSize_PredictedCG_splitClauses_1":["10800000"],
"cegarIterationNumber_PredictedCDHG_splitClauses_1":["10800000"],
"clauseNumberAfterSimplification_RelationalEqs_splitClauses_1":["9"],
"minedBinaryVariableTemplatesNumber_Empty_splitClauses_1":["3"],
"minedTemplateNumber_PredictedCDHG_splitClauses_0":["12"],
"labeledBinaryVariableTemplatesNumber_All_splitClauses_1":["3"],
"solvingTime_RelationalIneqs_splitClauses_1":["10800000"],
"unlabeledTemplateRelationSymbolNumber_RelationalEqs_splitClauses_1":["2"],
"smt2FileSizeByte_Unlabeled_splitClauses_0":["13756"],
"generatedPredicateNumber_All_splitClauses_0":["10800000"],
"predicateGeneratorTime_Octagon_splitClauses_1":["10800000"],
"solvability_Mined_splitClauses_1":["1"],
"minedTemplateRelationSymbolNumber_Term_splitClauses_1":["2"],
"clauseNumberAfterSimplification_Mined_splitClauses_0":["9"],
"solvability_PredictedCDHG_splitClauses_0":["10800000"],
"solvingTime_Empty_splitClauses_0":["10800000"],
"unlabeledSingleVariableTemplatesNumber_Unlabeled_splitClauses_1":["25"],
"minedTemplateNumber_Term_splitClauses_1":["12"],
"averagePredicateSize_Octagon_splitClauses_1":["10800000"],
"relationSymbolNumber_Empty_splitClauses_1":["11"],
"unlabeledSingleVariableTemplatesNumber_Octagon_splitClauses_1":["25"],
"minedTemplateRelationSymbolNumber_RelationalEqs_splitClauses_1":["2"],
"minedBinaryVariableTemplatesNumber_RelationalIneqs_splitClauses_0":["3"],
"predicateGeneratorTime_Term_splitClauses_1":["10800000"],
"solvingTime_Labeled_splitClauses_0":["10800000"],
"unlabeledBinaryVariableTemplatesNumber_PredictedCG_splitClauses_0":["36"],
"minedTemplateNumber_All_splitClauses_0":["12"],
"predicateGeneratorTime_Labeled_splitClauses_1":["10800000"],
"unlabeledTemplateRelationSymbolNumber_Empty_splitClauses_0":["2"],
"unlabeledTemplateNumber_Mined_splitClauses_1":["61"],
"solvability_PredictedCG_splitClauses_1":["10800000"],
"unlabeledTemplateNumber_Term_splitClauses_0":["61"],
"minedBinaryVariableTemplatesNumber_PredictedCG_splitClauses_1":["3"],
"labeledSingleVariableTemplatesNumber_PredictedCDHG_splitClauses_0":["0"],
"minedBinaryVariableTemplatesNumber_All_splitClauses_0":["3"],
"averagePredicateSize_PredictedCDHG_splitClauses_1":["10800000"],
"predicateGeneratorTime_PredictedCG_splitClauses_0":["10800000"],
"generatedPredicateNumber_RelationalIneqs_splitClauses_0":["10800000"],
"labeledTemplateNumber_Empty_splitClauses_0":["3"],
"unlabeledTemplateRelationSymbolNumber_Term_splitClauses_0":["2"],
"minedTemplateNumber_All_splitClauses_1":["12"],
"labeledSingleVariableTemplatesNumber_Empty_splitClauses_1":["0"],
"minedBinaryVariableTemplatesNumber_Unlabeled_splitClauses_0":["3"],
"labeledTemplateNumber_Random_splitClauses_0":["3"],
"minedBinaryVariableTemplatesNumber_All_splitClauses_1":["3"],
"unlabeledSingleVariableTemplatesNumber_All_splitClauses_0":["25"],
"smt2FileSizeByte_PredictedCDHG_splitClauses_1":["13756"],
"labeledBinaryVariableTemplatesNumber_PredictedCDHG_splitClauses_0":["3"],
"averagePredicateSize_RelationalEqs_splitClauses_1":["10800000"],
"minedSingleVariableTemplatesNumber_Term_splitClauses_0":["9"],
"labeledTemplateRelationSymbolNumber_Term_splitClauses_1":["1"],
"generatedPredicateNumber_Random_splitClauses_0":["10800000"],
"labeledBinaryVariableTemplatesNumber_Empty_splitClauses_1":["3"],
"clauseNumberAfterSimplification_Labeled_splitClauses_0":["9"],
"labeledSingleVariableTemplatesNumber_Labeled_splitClauses_0":["0"],
"minedTemplateNumber_Mined_splitClauses_1":["12"],
"labeledTemplateRelationSymbolNumber_Labeled_splitClauses_0":["1"],
"unlabeledTemplateRelationSymbolNumber_Mined_splitClauses_1":["2"],
"solvability_Labeled_splitClauses_0":["10800000"],
"minedTemplateNumber_RelationalEqs_splitClauses_1":["12"],
"solvingTime_Random_splitClauses_1":["10800000"],
"minedTemplateNumber_Random_splitClauses_0":["12"],
"cegarIterationNumber_Unlabeled_splitClauses_1":["10800000"],
"minedTemplateNumber_RelationalIneqs_splitClauses_1":["12"],
"unlabeledBinaryVariableTemplatesNumber_Octagon_splitClauses_1":["36"],
"minedSingleVariableTemplatesNumber_Octagon_splitClauses_1":["9"],
"minedSingleVariableTemplatesNumber_Random_splitClauses_1":["9"],
"averagePredicateSize_All_splitClauses_1":["10800000"],
"minedTemplateNumber_Empty_splitClauses_0":["12"],
"labeledTemplateNumber_Mined_splitClauses_0":["3"],
"unlabeledBinaryVariableTemplatesNumber_All_splitClauses_0":["36"],
"labeledSingleVariableTemplatesNumber_PredictedCDHG_splitClauses_1":["0"],
"minedSingleVariableTemplatesNumber_Mined_splitClauses_1":["9"],
"labeledTemplateRelationSymbolNumber_Term_splitClauses_0":["1"],
"unlabeledTemplateRelationSymbolNumber_Term_splitClauses_1":["2"],
"predicateGeneratorTime_All_splitClauses_1":["10800000"],
"unlabeledSingleVariableTemplatesNumber_Random_splitClauses_0":["25"],
"predicateGeneratorTime_Unlabeled_splitClauses_1":["10800000"],
"cegarIterationNumber_PredictedCDHG_splitClauses_0":["10800000"],
"labeledTemplateNumber_RelationalEqs_splitClauses_0":["3"],
"labeledTemplateRelationSymbolNumber_Mined_splitClauses_1":["1"],
"labeledTemplateRelationSymbolNumber_Random_splitClauses_0":["1"],
"labeledBinaryVariableTemplatesNumber_RelationalEqs_splitClauses_1":["3"],
"generatedPredicateNumber_RelationalIneqs_splitClauses_1":["10800000"],
"unlabeledTemplateRelationSymbolNumber_PredictedCG_splitClauses_1":["2"],
"unlabeledSingleVariableTemplatesNumber_RelationalEqs_splitClauses_0":["25"],
"labeledBinaryVariableTemplatesNumber_Labeled_splitClauses_0":["3"],
"minedBinaryVariableTemplatesNumber_PredictedCDHG_splitClauses_0":["3"],
"unlabeledTemplateRelationSymbolNumber_Unlabeled_splitClauses_0":["2"],
"clauseNumberAfterSimplification_Term_splitClauses_1":["9"],
"relationSymbolNumber_RelationalIneqs_splitClauses_0":["11"],
"unlabeledTemplateNumber_Octagon_splitClauses_0":["61"],
"unlabeledBinaryVariableTemplatesNumber_RelationalEqs_splitClauses_1":["36"],
"unlabeledTemplateNumber_PredictedCG_splitClauses_0":["61"],
"unlabeledTemplateNumber_All_splitClauses_0":["61"],
"labeledTemplateRelationSymbolNumber_RelationalIneqs_splitClauses_1":["1"],
"unlabeledSingleVariableTemplatesNumber_Mined_splitClauses_1":["25"],
"labeledTemplateRelationSymbolNumber_Unlabeled_splitClauses_1":["1"],
"labeledBinaryVariableTemplatesNumber_Random_splitClauses_1":["3"],
"relationSymbolNumber_RelationalEqs_splitClauses_0":["11"],
"solvability_Random_splitClauses_1":["10800000"],
"solvingTime_Term_splitClauses_0":["10800000"],
"minedSingleVariableTemplatesNumber_Labeled_splitClauses_1":["9"],
"relationSymbolNumber_Random_splitClauses_0":["11"],
"clauseNumberBeforeSimplification_Term_splitClauses_0":["38"],
"minedTemplateRelationSymbolNumber_Mined_splitClauses_0":["2"],
"solvability_Octagon_splitClauses_1":["10800000"],
"relationSymbolNumber_Labeled_splitClauses_1":["11"],
"minedSingleVariableTemplatesNumber_RelationalIneqs_splitClauses_1":["9"],
"smt2FileSizeByte_Labeled_splitClauses_0":["13756"],
"solvability_RelationalEqs_splitClauses_1":["10800000"],
"unlabeledSingleVariableTemplatesNumber_Empty_splitClauses_1":["25"],
"labeledTemplateNumber_PredictedCDHG_splitClauses_1":["3"],
"minedTemplateRelationSymbolNumber_Octagon_splitClauses_0":["2"],
"clauseNumberAfterSimplification_Unlabeled_splitClauses_0":["9"],
"clauseNumberBeforeSimplification_Unlabeled_splitClauses_0":["38"],
"clauseNumberBeforeSimplification_PredictedCDHG_splitClauses_0":["38"],
"cegarIterationNumber_RelationalIneqs_splitClauses_0":["10800000"],
"relationSymbolNumber_All_splitClauses_0":["11"],
"labeledTemplateRelationSymbolNumber_RelationalEqs_splitClauses_0":["1"],
"averagePredicateSize_Labeled_splitClauses_0":["10800000"],
"smt2FileSizeByte_RelationalIneqs_splitClauses_1":["13756"],
"clauseNumberBeforeSimplification_RelationalEqs_splitClauses_1":["38"],
"unlabeledTemplateRelationSymbolNumber_RelationalIneqs_splitClauses_1":["2"],
"clauseNumberBeforeSimplification_PredictedCG_splitClauses_0":["38"],
"solvingTime_PredictedCDHG_splitClauses_0":["10800000"],
"labeledTemplateRelationSymbolNumber_Octagon_splitClauses_1":["1"],
"minedTemplateRelationSymbolNumber_PredictedCG_splitClauses_1":["2"],
"labeledTemplateNumber_Random_splitClauses_1":["3"],
"solvingTime_RelationalIneqs_splitClauses_0":["10800000"],
"labeledTemplateNumber_All_splitClauses_1":["3"],
"unlabeledTemplateNumber_Random_splitClauses_1":["61"],
"relationSymbolNumber_PredictedCDHG_splitClauses_1":["11"],
"smt2FileSizeByte_Unlabeled_splitClauses_1":["13756"],
"cegarIterationNumber_PredictedCG_splitClauses_0":["10800000"],
"predicateGeneratorTime_Octagon_splitClauses_0":["10800000"],
"unlabeledTemplateNumber_RelationalEqs_splitClauses_1":["61"],
"clauseNumberAfterSimplification_Octagon_splitClauses_0":["9"],
"cegarIterationNumber_Random_splitClauses_0":["10800000"],
"solvability_PredictedCDHG_splitClauses_1":["10800000"],
"solvability_PredictedCG_splitClauses_0":["10800000"],
"solvingTime_PredictedCG_splitClauses_1":["10800000"],
"unlabeledSingleVariableTemplatesNumber_Unlabeled_splitClauses_0":["25"],
"unlabeledTemplateNumber_Unlabeled_splitClauses_0":["61"],
"labeledTemplateRelationSymbolNumber_RelationalIneqs_splitClauses_0":["1"],
"minedTemplateNumber_Random_splitClauses_1":["12"],
"relationSymbolNumber_PredictedCG_splitClauses_0":["11"],
"generatedPredicateNumber_RelationalEqs_splitClauses_0":["10800000"],
"minedTemplateNumber_Term_splitClauses_0":["12"],
"solvingTime_All_splitClauses_1":["10800000"],
"minedSingleVariableTemplatesNumber_PredictedCG_splitClauses_0":["9"],
"smt2FileSizeByte_Term_splitClauses_1":["13756"],
"labeledBinaryVariableTemplatesNumber_All_splitClauses_0":["3"],
"minedTemplateNumber_PredictedCDHG_splitClauses_1":["12"],
"minedTemplateRelationSymbolNumber_PredictedCDHG_splitClauses_0":["2"],
"averagePredicateSize_Unlabeled_splitClauses_0":["10800000"],
"minedBinaryVariableTemplatesNumber_Octagon_splitClauses_1":["3"],
"unlabeledSingleVariableTemplatesNumber_Random_splitClauses_1":["25"],
"clauseNumberBeforeSimplification_Random_splitClauses_0":["38"],
"solvingTime_Unlabeled_splitClauses_1":["10800000"],
"predicateGeneratorTime_PredictedCDHG_splitClauses_1":["10800000"],
"averagePredicateSize_PredictedCDHG_splitClauses_0":["10800000"],
"minedBinaryVariableTemplatesNumber_Term_splitClauses_0":["3"],
"labeledTemplateNumber_RelationalIneqs_splitClauses_0":["3"],
"clauseNumberAfterSimplification_Random_splitClauses_0":["9"],
"clauseNumberAfterSimplification_PredictedCG_splitClauses_0":["9"],
"generatedPredicateNumber_Empty_splitClauses_1":["10800000"],
"clauseNumberBeforeSimplification_Octagon_splitClauses_0":["38"],
"unlabeledTemplateNumber_Empty_splitClauses_0":["61"],
"minedSingleVariableTemplatesNumber_All_splitClauses_0":["9"],
"labeledTemplateRelationSymbolNumber_Octagon_splitClauses_0":["1"],
"generatedPredicateNumber_Random_splitClauses_1":["10800000"],
"clauseNumberAfterSimplification_RelationalEqs_splitClauses_0":["9"],
"labeledBinaryVariableTemplatesNumber_Term_splitClauses_0":["3"],
"minedSingleVariableTemplatesNumber_RelationalEqs_splitClauses_0":["9"],
"minedTemplateNumber_Mined_splitClauses_0":["12"],
"averagePredicateSize_Octagon_splitClauses_0":["10800000"],
"unlabeledBinaryVariableTemplatesNumber_Empty_splitClauses_1":["36"],
"relationSymbolNumber_Unlabeled_splitClauses_0":["11"],
"unlabeledSingleVariableTemplatesNumber_PredictedCDHG_splitClauses_0":["25"],
"unlabeledSingleVariableTemplatesNumber_PredictedCG_splitClauses_1":["25"],
"labeledTemplateRelationSymbolNumber_Labeled_splitClauses_1":["1"],
"minedTemplateRelationSymbolNumber_Random_splitClauses_0":["2"],
"unlabeledTemplateRelationSymbolNumber_PredictedCG_splitClauses_0":["2"],
"unlabeledTemplateNumber_RelationalIneqs_splitClauses_0":["61"],
"unlabeledSingleVariableTemplatesNumber_Labeled_splitClauses_0":["25"],
"minedTemplateNumber_Unlabeled_splitClauses_1":["12"],
"generatedPredicateNumber_PredictedCG_splitClauses_0":["10800000"],
"labeledTemplateNumber_Unlabeled_splitClauses_1":["3"],
"unlabeledTemplateRelationSymbolNumber_Empty_splitClauses_1":["2"],
"clauseNumberBeforeSimplification_Empty_splitClauses_0":["38"],
"solvingTime_Octagon_splitClauses_1":["10800000"],
"cegarIterationNumber_Mined_splitClauses_1":["2"],
"clauseNumberBeforeSimplification_Mined_splitClauses_1":["38"],
"smt2FileSizeByte_PredictedCDHG_splitClauses_0":["13756"],
"averagePredicateSize_PredictedCG_splitClauses_0":["10800000"],
"solvingTime_Random_splitClauses_0":["10800000"],
"minedTemplateNumber_RelationalEqs_splitClauses_0":["12"],
"unlabeledSingleVariableTemplatesNumber_RelationalIneqs_splitClauses_0":["25"],
"unlabeledTemplateNumber_Unlabeled_splitClauses_1":["61"],
"labeledBinaryVariableTemplatesNumber_RelationalEqs_splitClauses_0":["3"],
"generatedPredicateNumber_PredictedCDHG_splitClauses_0":["10800000"],
"minedTemplateRelationSymbolNumber_Empty_splitClauses_1":["2"],
"predicateGeneratorTime_Random_splitClauses_1":["10800000"],
"labeledTemplateNumber_Term_splitClauses_1":["3"],
"minedSingleVariableTemplatesNumber_Empty_splitClauses_1":["9"],
"minedSingleVariableTemplatesNumber_RelationalIneqs_splitClauses_0":["9"],
"clauseNumberAfterSimplification_All_splitClauses_0":["9"],
"unlabeledBinaryVariableTemplatesNumber_RelationalEqs_splitClauses_0":["36"],
"cegarIterationNumber_RelationalEqs_splitClauses_0":["10800000"],
"labeledTemplateRelationSymbolNumber_PredictedCDHG_splitClauses_0":["1"],
"labeledSingleVariableTemplatesNumber_Labeled_splitClauses_1":["0"],
"unlabeledBinaryVariableTemplatesNumber_All_splitClauses_1":["36"],
"minedTemplateRelationSymbolNumber_Unlabeled_splitClauses_1":["2"],
"solvingTime_RelationalEqs_splitClauses_0":["10800000"],
"solvingTime_RelationalEqs_splitClauses_1":["10800000"],
"minedBinaryVariableTemplatesNumber_Mined_splitClauses_0":["3"],
"clauseNumberBeforeSimplification_All_splitClauses_0":["38"],
"clauseNumberBeforeSimplification_RelationalIneqs_splitClauses_1":["38"],
"labeledTemplateNumber_RelationalEqs_splitClauses_1":["3"],
"labeledBinaryVariableTemplatesNumber_RelationalIneqs_splitClauses_0":["3"],
"clauseNumberAfterSimplification_Empty_splitClauses_0":["9"],
"averagePredicateSize_Empty_splitClauses_0":["10800000"],
"relationSymbolNumber_PredictedCG_splitClauses_1":["11"],
"unlabeledTemplateNumber_Term_splitClauses_1":["61"],
"predicateGeneratorTime_Mined_splitClauses_1":["139"],
"relationSymbolNumber_Mined_splitClauses_0":["11"],
"labeledBinaryVariableTemplatesNumber_RelationalIneqs_splitClauses_1":["3"],
"predicateGeneratorTime_Unlabeled_splitClauses_0":["10800000"],
"generatedPredicateNumber_Mined_splitClauses_0":["10800000"],
"generatedPredicateNumber_RelationalEqs_splitClauses_1":["10800000"],
"labeledTemplateRelationSymbolNumber_PredictedCG_splitClauses_0":["1"],
"minedSingleVariableTemplatesNumber_PredictedCG_splitClauses_1":["9"],
"minedTemplateRelationSymbolNumber_PredictedCG_splitClauses_0":["2"],
"unlabeledTemplateRelationSymbolNumber_Labeled_splitClauses_0":["2"],
"solvability_Empty_splitClauses_1":["10800000"],
"averagePredicateSize_Term_splitClauses_0":["10800000"],
"cegarIterationNumber_Random_splitClauses_1":["10800000"],
"relationSymbolNumber_All_splitClauses_1":["11"],
"averagePredicateSize_Labeled_splitClauses_1":["10800000"],
"unlabeledBinaryVariableTemplatesNumber_Unlabeled_splitClauses_0":["36"],
"generatedPredicateNumber_Unlabeled_splitClauses_1":["10800000"],
"predicateGeneratorTime_All_splitClauses_0":["10800000"],
"unlabeledBinaryVariableTemplatesNumber_PredictedCDHG_splitClauses_1":["36"],
"clauseNumberBeforeSimplification_Labeled_splitClauses_1":["38"],
"minedBinaryVariableTemplatesNumber_Labeled_splitClauses_1":["3"],
"labeledSingleVariableTemplatesNumber_All_splitClauses_0":["0"],
"unlabeledTemplateRelationSymbolNumber_Mined_splitClauses_0":["2"],
"cegarIterationNumber_Octagon_splitClauses_1":["10800000"],
"labeledTemplateNumber_Octagon_splitClauses_0":["3"],
"labeledTemplateRelationSymbolNumber_All_splitClauses_1":["1"],
"smt2FileSizeByte_Empty_splitClauses_0":["13756"],
"relationSymbolNumber_RelationalIneqs_splitClauses_1":["11"],
"unlabeledTemplateNumber_Octagon_splitClauses_1":["61"],
"predicateGeneratorTime_RelationalEqs_splitClauses_0":["10800000"],
"unlabeledTemplateRelationSymbolNumber_RelationalIneqs_splitClauses_0":["2"],
"smt2FileSizeByte_RelationalEqs_splitClauses_1":["13756"],
"unlabeledTemplateNumber_Labeled_splitClauses_0":["61"],
"relationSymbolNumber_Random_splitClauses_1":["11"],
"minedSingleVariableTemplatesNumber_Labeled_splitClauses_0":["9"],
"solvingTime_PredictedCDHG_splitClauses_1":["10800000"],
"minedTemplateNumber_Octagon_splitClauses_1":["12"],
"clauseNumberBeforeSimplification_Mined_splitClauses_0":["38"],
"smt2FileSizeByte_All_splitClauses_0":["13756"],
"solvingTime_All_splitClauses_0":["10800000"],
"minedBinaryVariableTemplatesNumber_Term_splitClauses_1":["3"],
"unlabeledTemplateRelationSymbolNumber_Random_splitClauses_0":["2"],
"cegarIterationNumber_All_splitClauses_0":["10800000"],
"smt2FileSizeByte_RelationalEqs_splitClauses_0":["13756"],
"unlabeledSingleVariableTemplatesNumber_PredictedCDHG_splitClauses_1":["25"],
"clauseNumberBeforeSimplification_Labeled_splitClauses_0":["38"],
"cegarIterationNumber_PredictedCG_splitClauses_1":["10800000"],
"labeledTemplateRelationSymbolNumber_Unlabeled_splitClauses_0":["1"],
"unlabeledTemplateRelationSymbolNumber_Octagon_splitClauses_1":["2"],
"unlabeledTemplateNumber_Empty_splitClauses_1":["61"],
"clauseNumberBeforeSimplification_Octagon_splitClauses_1":["38"],
"labeledTemplateNumber_Unlabeled_splitClauses_0":["3"],
"labeledBinaryVariableTemplatesNumber_PredictedCG_splitClauses_0":["3"],
"solvability_Term_splitClauses_1":["10800000"],
"solvability_Octagon_splitClauses_0":["10800000"],
"minedTemplateRelationSymbolNumber_RelationalIneqs_splitClauses_0":["2"],
"clauseNumberBeforeSimplification_RelationalIneqs_splitClauses_0":["38"],
"labeledTemplateNumber_PredictedCG_splitClauses_0":["3"],
"cegarIterationNumber_Labeled_splitClauses_0":["10800000"],
"smt2FileSizeByte_Labeled_splitClauses_1":["13756"],
"clauseNumberBeforeSimplification_Unlabeled_splitClauses_1":["38"],
"generatedPredicateNumber_Term_splitClauses_1":["10800000"],
"solvingTime_Term_splitClauses_1":["10800000"],
"unlabeledBinaryVariableTemplatesNumber_Random_splitClauses_1":["36"],
"unlabeledSingleVariableTemplatesNumber_Octagon_splitClauses_0":["25"],
"solvingTime_Octagon_splitClauses_0":["10800000"],
"labeledSingleVariableTemplatesNumber_Mined_splitClauses_1":["0"],
"averagePredicateSize_Term_splitClauses_1":["10800000"],
"labeledTemplateNumber_Labeled_splitClauses_0":["3"],
"unlabeledSingleVariableTemplatesNumber_PredictedCG_splitClauses_0":["25"],
"smt2FileSizeByte_Mined_splitClauses_1":["13756"],
"labeledBinaryVariableTemplatesNumber_Unlabeled_splitClauses_1":["3"],
"labeledTemplateNumber_All_splitClauses_0":["3"],
"unlabeledTemplateNumber_Random_splitClauses_0":["61"],
"labeledTemplateNumber_Octagon_splitClauses_1":["3"],
"unlabeledTemplateNumber_PredictedCDHG_splitClauses_1":["61"],
"unlabeledBinaryVariableTemplatesNumber_Mined_splitClauses_0":["36"],
"minedTemplateRelationSymbolNumber_Mined_splitClauses_1":["2"],
"labeledTemplateNumber_RelationalIneqs_splitClauses_1":["3"],
"solvability_Term_splitClauses_0":["10800000"],
"relationSymbolNumber_Octagon_splitClauses_0":["11"],
"clauseNumberBeforeSimplification_PredictedCG_splitClauses_1":["38"],
"generatedPredicateNumber_Labeled_splitClauses_1":["10800000"],
"labeledSingleVariableTemplatesNumber_Unlabeled_splitClauses_0":["0"],
"unlabeledBinaryVariableTemplatesNumber_Empty_splitClauses_0":["36"],
"solvingTime_Mined_splitClauses_0":["10800000"],
"unlabeledTemplateNumber_All_splitClauses_1":["61"],
"clauseNumberAfterSimplification_Random_splitClauses_1":["9"],
"labeledBinaryVariableTemplatesNumber_Octagon_splitClauses_1":["3"],
"unlabeledBinaryVariableTemplatesNumber_Labeled_splitClauses_0":["36"],
"smt2FileSizeByte_Octagon_splitClauses_0":["13756"],
"labeledSingleVariableTemplatesNumber_Random_splitClauses_1":["0"],
"solvability_Unlabeled_splitClauses_0":["10800000"],
"solvingTime_Unlabeled_splitClauses_0":["10800000"],
"unlabeledTemplateRelationSymbolNumber_All_splitClauses_1":["2"],
"minedTemplateNumber_Empty_splitClauses_1":["12"],
"solvability_RelationalIneqs_splitClauses_0":["10800000"],
"unlabeledTemplateRelationSymbolNumber_Labeled_splitClauses_1":["2"],
"cegarIterationNumber_RelationalEqs_splitClauses_1":["10800000"],
"minedSingleVariableTemplatesNumber_RelationalEqs_splitClauses_1":["9"],
"clauseNumberAfterSimplification_PredictedCDHG_splitClauses_1":["9"],
"minedBinaryVariableTemplatesNumber_RelationalIneqs_splitClauses_1":["3"],
"unlabeledBinaryVariableTemplatesNumber_Mined_splitClauses_1":["36"],
"unlabeledBinaryVariableTemplatesNumber_PredictedCDHG_splitClauses_0":["36"],
"solvingTime_Empty_splitClauses_1":["10800000"],
"labeledTemplateRelationSymbolNumber_Empty_splitClauses_1":["1"],
"generatedPredicateNumber_Term_splitClauses_0":["10800000"],
"averagePredicateSize_Empty_splitClauses_1":["10800000"],
"generatedPredicateNumber_PredictedCG_splitClauses_1":["10800000"],
"labeledTemplateRelationSymbolNumber_PredictedCDHG_splitClauses_1":["1"],
"relationSymbolNumber_Mined_splitClauses_1":["11"],
"predicateGeneratorTime_Mined_splitClauses_0":["10800000"],
"predicateGeneratorTime_Labeled_splitClauses_0":["10800000"],
"labeledSingleVariableTemplatesNumber_Random_splitClauses_0":["0"],
"unlabeledTemplateRelationSymbolNumber_All_splitClauses_0":["2"],
"minedBinaryVariableTemplatesNumber_Labeled_splitClauses_0":["3"],
"generatedPredicateNumber_Labeled_splitClauses_0":["10800000"],
"relationSymbolNumber_Empty_splitClauses_0":["11"],
"solvingTime_Mined_splitClauses_1":["186"],
"minedSingleVariableTemplatesNumber_All_splitClauses_1":["9"],
"predicateGeneratorTime_Random_splitClauses_0":["10800000"],
"cegarIterationNumber_Term_splitClauses_1":["10800000"],
"labeledTemplateNumber_Empty_splitClauses_1":["3"],
"clauseNumberAfterSimplification_Empty_splitClauses_1":["9"],
"minedTemplateRelationSymbolNumber_Empty_splitClauses_0":["2"],
"unlabeledSingleVariableTemplatesNumber_Term_splitClauses_0":["25"],
"minedSingleVariableTemplatesNumber_Empty_splitClauses_0":["9"],
"minedTemplateRelationSymbolNumber_RelationalEqs_splitClauses_0":["2"],
"cegarIterationNumber_Empty_splitClauses_0":["10800000"],
"minedBinaryVariableTemplatesNumber_RelationalEqs_splitClauses_1":["3"],
"labeledSingleVariableTemplatesNumber_All_splitClauses_1":["0"],
"unlabeledTemplateRelationSymbolNumber_Octagon_splitClauses_0":["2"],
"minedTemplateRelationSymbolNumber_Unlabeled_splitClauses_0":["2"],
"labeledBinaryVariableTemplatesNumber_Mined_splitClauses_0":["3"],
"minedTemplateNumber_PredictedCG_splitClauses_1":["12"],
"cegarIterationNumber_Empty_splitClauses_1":["10800000"],
"averagePredicateSize_RelationalIneqs_splitClauses_0":["10800000"],
"solvability_All_splitClauses_1":["10800000"],
"unlabeledBinaryVariableTemplatesNumber_Term_splitClauses_1":["36"],
"relationSymbolNumber_PredictedCDHG_splitClauses_0":["11"],
"minedTemplateRelationSymbolNumber_Labeled_splitClauses_1":["2"],
"averagePredicateSize_Unlabeled_splitClauses_1":["10800000"],
"labeledTemplateNumber_Term_splitClauses_0":["3"],
"smt2FileSizeByte_Empty_splitClauses_1":["13756"],
"solvingTime_PredictedCG_splitClauses_0":["10800000"],
"relationSymbolNumber_Term_splitClauses_0":["11"],
"cegarIterationNumber_All_splitClauses_1":["10800000"],
"clauseNumberBeforeSimplification_Term_splitClauses_1":["38"],
"predicateGeneratorTime_Empty_splitClauses_0":["10800000"],
"averagePredicateSize_All_splitClauses_0":["10800000"],
"unlabeledBinaryVariableTemplatesNumber_Random_splitClauses_0":["36"],
"smt2FileSizeByte_Term_splitClauses_0":["13756"],
"averagePredicateSize_Mined_splitClauses_1":["1"],
"minedBinaryVariableTemplatesNumber_Empty_splitClauses_0":["3"],
"minedTemplateRelationSymbolNumber_All_splitClauses_1":["2"],
"labeledSingleVariableTemplatesNumber_PredictedCG_splitClauses_0":["0"],
"unlabeledBinaryVariableTemplatesNumber_RelationalIneqs_splitClauses_0":["36"],
"unlabeledSingleVariableTemplatesNumber_RelationalIneqs_splitClauses_1":["25"],
"clauseNumberAfterSimplification_RelationalIneqs_splitClauses_0":["9"],
"unlabeledTemplateNumber_RelationalEqs_splitClauses_0":["61"],
"unlabeledTemplateNumber_RelationalIneqs_splitClauses_1":["61"],
"labeledTemplateRelationSymbolNumber_PredictedCG_splitClauses_1":["1"],
"labeledTemplateRelationSymbolNumber_All_splitClauses_0":["1"],
"labeledSingleVariableTemplatesNumber_Octagon_splitClauses_0":["0"],
"dummyFiled":[]
}