{
"smt2FileSizeByte_All_splitClauses_1":["33461"],
"generatedPredicateNumber_All_splitClauses_1":["10800000"],
"unlabeledTemplateRelationSymbolNumber_PredictedCDHG_splitClauses_0":["16"],
"predicateGeneratorTime_Term_splitClauses_0":["10800000"],
"averagePredicateSize_Random_splitClauses_1":["10800000"],
"labeledBinaryVariableTemplatesNumber_Labeled_splitClauses_1":["4"],
"clauseNumberBeforeSimplification_All_splitClauses_1":["96"],
"minedTemplateRelationSymbolNumber_Term_splitClauses_0":["16"],
"solvingTime_Labeled_splitClauses_1":["10800000"],
"unlabeledTemplateNumber_Labeled_splitClauses_1":["671"],
"relationSymbolNumber_Term_splitClauses_1":["85"],
"minedTemplateRelationSymbolNumber_Octagon_splitClauses_1":["16"],
"clauseNumberAfterSimplification_Mined_splitClauses_1":["52"],
"unlabeledBinaryVariableTemplatesNumber_Term_splitClauses_0":["408"],
"labeledTemplateNumber_PredictedCDHG_splitClauses_0":["4"],
"relationSymbolNumber_RelationalEqs_splitClauses_1":["85"],
"solvability_Empty_splitClauses_0":["10800000"],
"unlabeledTemplateRelationSymbolNumber_Random_splitClauses_1":["16"],
"labeledBinaryVariableTemplatesNumber_Octagon_splitClauses_0":["4"],
"minedTemplateRelationSymbolNumber_Random_splitClauses_1":["16"],
"unlabeledSingleVariableTemplatesNumber_Mined_splitClauses_0":["263"],
"unlabeledBinaryVariableTemplatesNumber_PredictedCG_splitClauses_1":["408"],
"solvability_All_splitClauses_0":["10800000"],
"predicateGeneratorTime_RelationalEqs_splitClauses_1":["10800000"],
"smt2FileSizeByte_PredictedCG_splitClauses_1":["33461"],
"labeledSingleVariableTemplatesNumber_Unlabeled_splitClauses_1":["0"],
"labeledBinaryVariableTemplatesNumber_PredictedCG_splitClauses_1":["4"],
"minedBinaryVariableTemplatesNumber_PredictedCG_splitClauses_0":["4"],
"solvability_Random_splitClauses_0":["10800000"],
"clauseNumberBeforeSimplification_PredictedCDHG_splitClauses_1":["96"],
"labeledSingleVariableTemplatesNumber_Mined_splitClauses_0":["0"],
"solvability_Unlabeled_splitClauses_1":["10800000"],
"cegarIterationNumber_Labeled_splitClauses_1":["10800000"],
"smt2FileSizeByte_Mined_splitClauses_0":["33461"],
"labeledSingleVariableTemplatesNumber_PredictedCG_splitClauses_1":["0"],
"smt2FileSizeByte_Octagon_splitClauses_1":["33461"],
"minedTemplateNumber_Labeled_splitClauses_1":["99"],
"labeledSingleVariableTemplatesNumber_RelationalIneqs_splitClauses_1":["0"],
"clauseNumberAfterSimplification_Labeled_splitClauses_1":["52"],
"smt2FileSizeByte_Random_splitClauses_0":["33461"],
"unlabeledTemplateRelationSymbolNumber_PredictedCDHG_splitClauses_1":["16"],
"labeledSingleVariableTemplatesNumber_Term_splitClauses_0":["0"],
"generatedPredicateNumber_PredictedCDHG_splitClauses_1":["10800000"],
"minedSingleVariableTemplatesNumber_Unlabeled_splitClauses_0":["95"],
"generatedPredicateNumber_Octagon_splitClauses_1":["10800000"],
"labeledSingleVariableTemplatesNumber_RelationalEqs_splitClauses_0":["0"],
"predicateGeneratorTime_PredictedCG_splitClauses_1":["10800000"],
"labeledTemplateNumber_Labeled_splitClauses_1":["4"],
"labeledSingleVariableTemplatesNumber_Empty_splitClauses_0":["0"],
"minedTemplateRelationSymbolNumber_RelationalIneqs_splitClauses_1":["16"],
"unlabeledSingleVariableTemplatesNumber_All_splitClauses_1":["263"],
"labeledBinaryVariableTemplatesNumber_PredictedCDHG_splitClauses_1":["4"],
"unlabeledSingleVariableTemplatesNumber_RelationalEqs_splitClauses_1":["263"],
"cegarIterationNumber_Term_splitClauses_0":["10800000"],
"unlabeledBinaryVariableTemplatesNumber_Labeled_splitClauses_1":["408"],
"unlabeledSingleVariableTemplatesNumber_Term_splitClauses_1":["263"],
"clauseNumberAfterSimplification_All_splitClauses_1":["52"],
"minedSingleVariableTemplatesNumber_Random_splitClauses_0":["95"],
"solvability_RelationalIneqs_splitClauses_1":["10800000"],
"minedTemplateNumber_Labeled_splitClauses_0":["99"],
"minedSingleVariableTemplatesNumber_Octagon_splitClauses_0":["95"],
"minedSingleVariableTemplatesNumber_Term_splitClauses_1":["95"],
"minedBinaryVariableTemplatesNumber_PredictedCDHG_splitClauses_1":["4"],
"generatedPredicateNumber_Mined_splitClauses_1":["3"],
"relationSymbolNumber_Octagon_splitClauses_1":["85"],
"relationSymbolNumber_Unlabeled_splitClauses_1":["85"],
"labeledSingleVariableTemplatesNumber_RelationalIneqs_splitClauses_0":["0"],
"averagePredicateSize_Mined_splitClauses_0":["10800000"],
"cegarIterationNumber_Unlabeled_splitClauses_0":["10800000"],
"minedBinaryVariableTemplatesNumber_Random_splitClauses_0":["4"],
"labeledTemplateNumber_Mined_splitClauses_1":["4"],
"labeledBinaryVariableTemplatesNumber_Random_splitClauses_0":["4"],
"unlabeledTemplateRelationSymbolNumber_Unlabeled_splitClauses_1":["16"],
"cegarIterationNumber_Mined_splitClauses_0":["10800000"],
"minedTemplateRelationSymbolNumber_Labeled_splitClauses_0":["16"],
"unlabeledBinaryVariableTemplatesNumber_RelationalIneqs_splitClauses_1":["408"],
"unlabeledBinaryVariableTemplatesNumber_Octagon_splitClauses_0":["408"],
"solvability_Mined_splitClauses_0":["10800000"],
"averagePredicateSize_RelationalEqs_splitClauses_0":["10800000"],
"clauseNumberAfterSimplification_Term_splitClauses_0":["52"],
"unlabeledTemplateNumber_Mined_splitClauses_0":["671"],
"unlabeledTemplateNumber_PredictedCDHG_splitClauses_0":["671"],
"cegarIterationNumber_RelationalIneqs_splitClauses_1":["10800000"],
"minedBinaryVariableTemplatesNumber_Unlabeled_splitClauses_1":["4"],
"labeledTemplateNumber_PredictedCG_splitClauses_1":["4"],
"labeledTemplateRelationSymbolNumber_Mined_splitClauses_0":["2"],
"labeledBinaryVariableTemplatesNumber_Mined_splitClauses_1":["4"],
"clauseNumberAfterSimplification_RelationalIneqs_splitClauses_1":["52"],
"minedSingleVariableTemplatesNumber_PredictedCDHG_splitClauses_0":["95"],
"solvability_Labeled_splitClauses_1":["10800000"],
"labeledSingleVariableTemplatesNumber_Octagon_splitClauses_1":["0"],
"averagePredicateSize_Random_splitClauses_0":["10800000"],
"smt2FileSizeByte_RelationalIneqs_splitClauses_0":["33461"],
"generatedPredicateNumber_Unlabeled_splitClauses_0":["10800000"],
"solvability_RelationalEqs_splitClauses_0":["10800000"],
"predicateGeneratorTime_Empty_splitClauses_1":["10800000"],
"minedSingleVariableTemplatesNumber_Mined_splitClauses_0":["95"],
"minedTemplateRelationSymbolNumber_PredictedCDHG_splitClauses_1":["16"],
"minedTemplateNumber_PredictedCG_splitClauses_0":["99"],
"averagePredicateSize_RelationalIneqs_splitClauses_1":["10800000"],
"labeledTemplateRelationSymbolNumber_Random_splitClauses_1":["2"],
"minedTemplateNumber_RelationalIneqs_splitClauses_0":["99"],
"predicateGeneratorTime_RelationalIneqs_splitClauses_0":["10800000"],
"labeledTemplateRelationSymbolNumber_Empty_splitClauses_0":["2"],
"minedBinaryVariableTemplatesNumber_Octagon_splitClauses_0":["4"],
"relationSymbolNumber_Labeled_splitClauses_0":["85"],
"labeledSingleVariableTemplatesNumber_Term_splitClauses_1":["0"],
"labeledBinaryVariableTemplatesNumber_Empty_splitClauses_0":["4"],
"minedTemplateNumber_Octagon_splitClauses_0":["99"],
"labeledBinaryVariableTemplatesNumber_Unlabeled_splitClauses_0":["4"],
"clauseNumberAfterSimplification_PredictedCDHG_splitClauses_0":["52"],
"smt2FileSizeByte_PredictedCG_splitClauses_0":["33461"],
"minedBinaryVariableTemplatesNumber_RelationalEqs_splitClauses_0":["4"],
"labeledTemplateRelationSymbolNumber_RelationalEqs_splitClauses_1":["2"],
"minedBinaryVariableTemplatesNumber_Random_splitClauses_1":["4"],
"clauseNumberAfterSimplification_Unlabeled_splitClauses_1":["52"],
"minedSingleVariableTemplatesNumber_PredictedCDHG_splitClauses_1":["95"],
"labeledBinaryVariableTemplatesNumber_Term_splitClauses_1":["4"],
"clauseNumberBeforeSimplification_Empty_splitClauses_1":["96"],
"minedBinaryVariableTemplatesNumber_Mined_splitClauses_1":["4"],
"unlabeledBinaryVariableTemplatesNumber_Unlabeled_splitClauses_1":["408"],
"unlabeledTemplateNumber_PredictedCG_splitClauses_1":["671"],
"generatedPredicateNumber_Empty_splitClauses_0":["10800000"],
"predicateGeneratorTime_RelationalIneqs_splitClauses_1":["10800000"],
"unlabeledSingleVariableTemplatesNumber_Empty_splitClauses_0":["263"],
"cegarIterationNumber_Octagon_splitClauses_0":["10800000"],
"clauseNumberAfterSimplification_Octagon_splitClauses_1":["52"],
"unlabeledSingleVariableTemplatesNumber_Labeled_splitClauses_1":["263"],
"clauseNumberBeforeSimplification_Random_splitClauses_1":["96"],
"minedTemplateRelationSymbolNumber_All_splitClauses_0":["16"],
"unlabeledTemplateRelationSymbolNumber_RelationalEqs_splitClauses_0":["16"],
"minedSingleVariableTemplatesNumber_Unlabeled_splitClauses_1":["95"],
"clauseNumberBeforeSimplification_RelationalEqs_splitClauses_0":["96"],
"minedTemplateNumber_Unlabeled_splitClauses_0":["99"],
"generatedPredicateNumber_Octagon_splitClauses_0":["10800000"],
"predicateGeneratorTime_PredictedCDHG_splitClauses_0":["10800000"],
"clauseNumberAfterSimplification_PredictedCG_splitClauses_1":["52"],
"labeledSingleVariableTemplatesNumber_RelationalEqs_splitClauses_1":["0"],
"smt2FileSizeByte_Random_splitClauses_1":["33461"],
"averagePredicateSize_PredictedCG_splitClauses_1":["10800000"],
"cegarIterationNumber_PredictedCDHG_splitClauses_1":["10800000"],
"clauseNumberAfterSimplification_RelationalEqs_splitClauses_1":["52"],
"minedBinaryVariableTemplatesNumber_Empty_splitClauses_1":["4"],
"minedTemplateNumber_PredictedCDHG_splitClauses_0":["99"],
"labeledBinaryVariableTemplatesNumber_All_splitClauses_1":["4"],
"solvingTime_RelationalIneqs_splitClauses_1":["10800000"],
"unlabeledTemplateRelationSymbolNumber_RelationalEqs_splitClauses_1":["16"],
"smt2FileSizeByte_Unlabeled_splitClauses_0":["33461"],
"generatedPredicateNumber_All_splitClauses_0":["10800000"],
"predicateGeneratorTime_Octagon_splitClauses_1":["10800000"],
"solvability_Mined_splitClauses_1":["1"],
"minedTemplateRelationSymbolNumber_Term_splitClauses_1":["16"],
"clauseNumberAfterSimplification_Mined_splitClauses_0":["52"],
"solvability_PredictedCDHG_splitClauses_0":["10800000"],
"solvingTime_Empty_splitClauses_0":["10800000"],
"unlabeledSingleVariableTemplatesNumber_Unlabeled_splitClauses_1":["263"],
"minedTemplateNumber_Term_splitClauses_1":["99"],
"averagePredicateSize_Octagon_splitClauses_1":["10800000"],
"relationSymbolNumber_Empty_splitClauses_1":["85"],
"unlabeledSingleVariableTemplatesNumber_Octagon_splitClauses_1":["263"],
"minedTemplateRelationSymbolNumber_RelationalEqs_splitClauses_1":["16"],
"minedBinaryVariableTemplatesNumber_RelationalIneqs_splitClauses_0":["4"],
"predicateGeneratorTime_Term_splitClauses_1":["10800000"],
"solvingTime_Labeled_splitClauses_0":["10800000"],
"unlabeledBinaryVariableTemplatesNumber_PredictedCG_splitClauses_0":["408"],
"minedTemplateNumber_All_splitClauses_0":["99"],
"predicateGeneratorTime_Labeled_splitClauses_1":["10800000"],
"unlabeledTemplateRelationSymbolNumber_Empty_splitClauses_0":["16"],
"unlabeledTemplateNumber_Mined_splitClauses_1":["671"],
"solvability_PredictedCG_splitClauses_1":["10800000"],
"unlabeledTemplateNumber_Term_splitClauses_0":["671"],
"minedBinaryVariableTemplatesNumber_PredictedCG_splitClauses_1":["4"],
"labeledSingleVariableTemplatesNumber_PredictedCDHG_splitClauses_0":["0"],
"minedBinaryVariableTemplatesNumber_All_splitClauses_0":["4"],
"averagePredicateSize_PredictedCDHG_splitClauses_1":["10800000"],
"predicateGeneratorTime_PredictedCG_splitClauses_0":["10800000"],
"generatedPredicateNumber_RelationalIneqs_splitClauses_0":["10800000"],
"labeledTemplateNumber_Empty_splitClauses_0":["4"],
"unlabeledTemplateRelationSymbolNumber_Term_splitClauses_0":["16"],
"minedTemplateNumber_All_splitClauses_1":["99"],
"labeledSingleVariableTemplatesNumber_Empty_splitClauses_1":["0"],
"minedBinaryVariableTemplatesNumber_Unlabeled_splitClauses_0":["4"],
"labeledTemplateNumber_Random_splitClauses_0":["4"],
"minedBinaryVariableTemplatesNumber_All_splitClauses_1":["4"],
"unlabeledSingleVariableTemplatesNumber_All_splitClauses_0":["263"],
"smt2FileSizeByte_PredictedCDHG_splitClauses_1":["33461"],
"labeledBinaryVariableTemplatesNumber_PredictedCDHG_splitClauses_0":["4"],
"averagePredicateSize_RelationalEqs_splitClauses_1":["10800000"],
"minedSingleVariableTemplatesNumber_Term_splitClauses_0":["95"],
"labeledTemplateRelationSymbolNumber_Term_splitClauses_1":["2"],
"generatedPredicateNumber_Random_splitClauses_0":["10800000"],
"labeledBinaryVariableTemplatesNumber_Empty_splitClauses_1":["4"],
"clauseNumberAfterSimplification_Labeled_splitClauses_0":["52"],
"labeledSingleVariableTemplatesNumber_Labeled_splitClauses_0":["0"],
"minedTemplateNumber_Mined_splitClauses_1":["99"],
"labeledTemplateRelationSymbolNumber_Labeled_splitClauses_0":["2"],
"unlabeledTemplateRelationSymbolNumber_Mined_splitClauses_1":["16"],
"solvability_Labeled_splitClauses_0":["10800000"],
"minedTemplateNumber_RelationalEqs_splitClauses_1":["99"],
"solvingTime_Random_splitClauses_1":["10800000"],
"minedTemplateNumber_Random_splitClauses_0":["99"],
"cegarIterationNumber_Unlabeled_splitClauses_1":["10800000"],
"minedTemplateNumber_RelationalIneqs_splitClauses_1":["99"],
"unlabeledBinaryVariableTemplatesNumber_Octagon_splitClauses_1":["408"],
"minedSingleVariableTemplatesNumber_Octagon_splitClauses_1":["95"],
"minedSingleVariableTemplatesNumber_Random_splitClauses_1":["95"],
"averagePredicateSize_All_splitClauses_1":["10800000"],
"minedTemplateNumber_Empty_splitClauses_0":["99"],
"labeledTemplateNumber_Mined_splitClauses_0":["4"],
"unlabeledBinaryVariableTemplatesNumber_All_splitClauses_0":["408"],
"labeledSingleVariableTemplatesNumber_PredictedCDHG_splitClauses_1":["0"],
"minedSingleVariableTemplatesNumber_Mined_splitClauses_1":["95"],
"labeledTemplateRelationSymbolNumber_Term_splitClauses_0":["2"],
"unlabeledTemplateRelationSymbolNumber_Term_splitClauses_1":["16"],
"predicateGeneratorTime_All_splitClauses_1":["10800000"],
"unlabeledSingleVariableTemplatesNumber_Random_splitClauses_0":["263"],
"predicateGeneratorTime_Unlabeled_splitClauses_1":["10800000"],
"cegarIterationNumber_PredictedCDHG_splitClauses_0":["10800000"],
"labeledTemplateNumber_RelationalEqs_splitClauses_0":["4"],
"labeledTemplateRelationSymbolNumber_Mined_splitClauses_1":["2"],
"labeledTemplateRelationSymbolNumber_Random_splitClauses_0":["2"],
"labeledBinaryVariableTemplatesNumber_RelationalEqs_splitClauses_1":["4"],
"generatedPredicateNumber_RelationalIneqs_splitClauses_1":["10800000"],
"unlabeledTemplateRelationSymbolNumber_PredictedCG_splitClauses_1":["16"],
"unlabeledSingleVariableTemplatesNumber_RelationalEqs_splitClauses_0":["263"],
"labeledBinaryVariableTemplatesNumber_Labeled_splitClauses_0":["4"],
"minedBinaryVariableTemplatesNumber_PredictedCDHG_splitClauses_0":["4"],
"unlabeledTemplateRelationSymbolNumber_Unlabeled_splitClauses_0":["16"],
"clauseNumberAfterSimplification_Term_splitClauses_1":["52"],
"relationSymbolNumber_RelationalIneqs_splitClauses_0":["85"],
"unlabeledTemplateNumber_Octagon_splitClauses_0":["671"],
"unlabeledBinaryVariableTemplatesNumber_RelationalEqs_splitClauses_1":["408"],
"unlabeledTemplateNumber_PredictedCG_splitClauses_0":["671"],
"unlabeledTemplateNumber_All_splitClauses_0":["671"],
"labeledTemplateRelationSymbolNumber_RelationalIneqs_splitClauses_1":["2"],
"unlabeledSingleVariableTemplatesNumber_Mined_splitClauses_1":["263"],
"labeledTemplateRelationSymbolNumber_Unlabeled_splitClauses_1":["2"],
"labeledBinaryVariableTemplatesNumber_Random_splitClauses_1":["4"],
"relationSymbolNumber_RelationalEqs_splitClauses_0":["85"],
"solvability_Random_splitClauses_1":["10800000"],
"solvingTime_Term_splitClauses_0":["10800000"],
"minedSingleVariableTemplatesNumber_Labeled_splitClauses_1":["95"],
"relationSymbolNumber_Random_splitClauses_0":["85"],
"clauseNumberBeforeSimplification_Term_splitClauses_0":["96"],
"minedTemplateRelationSymbolNumber_Mined_splitClauses_0":["16"],
"solvability_Octagon_splitClauses_1":["10800000"],
"relationSymbolNumber_Labeled_splitClauses_1":["85"],
"minedSingleVariableTemplatesNumber_RelationalIneqs_splitClauses_1":["95"],
"smt2FileSizeByte_Labeled_splitClauses_0":["33461"],
"solvability_RelationalEqs_splitClauses_1":["10800000"],
"unlabeledSingleVariableTemplatesNumber_Empty_splitClauses_1":["263"],
"labeledTemplateNumber_PredictedCDHG_splitClauses_1":["4"],
"minedTemplateRelationSymbolNumber_Octagon_splitClauses_0":["16"],
"clauseNumberAfterSimplification_Unlabeled_splitClauses_0":["52"],
"clauseNumberBeforeSimplification_Unlabeled_splitClauses_0":["96"],
"clauseNumberBeforeSimplification_PredictedCDHG_splitClauses_0":["96"],
"cegarIterationNumber_RelationalIneqs_splitClauses_0":["10800000"],
"relationSymbolNumber_All_splitClauses_0":["85"],
"labeledTemplateRelationSymbolNumber_RelationalEqs_splitClauses_0":["2"],
"averagePredicateSize_Labeled_splitClauses_0":["10800000"],
"smt2FileSizeByte_RelationalIneqs_splitClauses_1":["33461"],
"clauseNumberBeforeSimplification_RelationalEqs_splitClauses_1":["96"],
"unlabeledTemplateRelationSymbolNumber_RelationalIneqs_splitClauses_1":["16"],
"clauseNumberBeforeSimplification_PredictedCG_splitClauses_0":["96"],
"solvingTime_PredictedCDHG_splitClauses_0":["10800000"],
"labeledTemplateRelationSymbolNumber_Octagon_splitClauses_1":["2"],
"minedTemplateRelationSymbolNumber_PredictedCG_splitClauses_1":["16"],
"labeledTemplateNumber_Random_splitClauses_1":["4"],
"solvingTime_RelationalIneqs_splitClauses_0":["10800000"],
"labeledTemplateNumber_All_splitClauses_1":["4"],
"unlabeledTemplateNumber_Random_splitClauses_1":["671"],
"relationSymbolNumber_PredictedCDHG_splitClauses_1":["85"],
"smt2FileSizeByte_Unlabeled_splitClauses_1":["33461"],
"cegarIterationNumber_PredictedCG_splitClauses_0":["10800000"],
"predicateGeneratorTime_Octagon_splitClauses_0":["10800000"],
"unlabeledTemplateNumber_RelationalEqs_splitClauses_1":["671"],
"clauseNumberAfterSimplification_Octagon_splitClauses_0":["52"],
"cegarIterationNumber_Random_splitClauses_0":["10800000"],
"solvability_PredictedCDHG_splitClauses_1":["10800000"],
"solvability_PredictedCG_splitClauses_0":["10800000"],
"solvingTime_PredictedCG_splitClauses_1":["10800000"],
"unlabeledSingleVariableTemplatesNumber_Unlabeled_splitClauses_0":["263"],
"unlabeledTemplateNumber_Unlabeled_splitClauses_0":["671"],
"labeledTemplateRelationSymbolNumber_RelationalIneqs_splitClauses_0":["2"],
"minedTemplateNumber_Random_splitClauses_1":["99"],
"relationSymbolNumber_PredictedCG_splitClauses_0":["85"],
"generatedPredicateNumber_RelationalEqs_splitClauses_0":["10800000"],
"minedTemplateNumber_Term_splitClauses_0":["99"],
"solvingTime_All_splitClauses_1":["10800000"],
"minedSingleVariableTemplatesNumber_PredictedCG_splitClauses_0":["95"],
"smt2FileSizeByte_Term_splitClauses_1":["33461"],
"labeledBinaryVariableTemplatesNumber_All_splitClauses_0":["4"],
"minedTemplateNumber_PredictedCDHG_splitClauses_1":["99"],
"minedTemplateRelationSymbolNumber_PredictedCDHG_splitClauses_0":["16"],
"averagePredicateSize_Unlabeled_splitClauses_0":["10800000"],
"minedBinaryVariableTemplatesNumber_Octagon_splitClauses_1":["4"],
"unlabeledSingleVariableTemplatesNumber_Random_splitClauses_1":["263"],
"clauseNumberBeforeSimplification_Random_splitClauses_0":["96"],
"solvingTime_Unlabeled_splitClauses_1":["10800000"],
"predicateGeneratorTime_PredictedCDHG_splitClauses_1":["10800000"],
"averagePredicateSize_PredictedCDHG_splitClauses_0":["10800000"],
"minedBinaryVariableTemplatesNumber_Term_splitClauses_0":["4"],
"labeledTemplateNumber_RelationalIneqs_splitClauses_0":["4"],
"clauseNumberAfterSimplification_Random_splitClauses_0":["52"],
"clauseNumberAfterSimplification_PredictedCG_splitClauses_0":["52"],
"generatedPredicateNumber_Empty_splitClauses_1":["10800000"],
"clauseNumberBeforeSimplification_Octagon_splitClauses_0":["96"],
"unlabeledTemplateNumber_Empty_splitClauses_0":["671"],
"minedSingleVariableTemplatesNumber_All_splitClauses_0":["95"],
"labeledTemplateRelationSymbolNumber_Octagon_splitClauses_0":["2"],
"generatedPredicateNumber_Random_splitClauses_1":["10800000"],
"clauseNumberAfterSimplification_RelationalEqs_splitClauses_0":["52"],
"labeledBinaryVariableTemplatesNumber_Term_splitClauses_0":["4"],
"minedSingleVariableTemplatesNumber_RelationalEqs_splitClauses_0":["95"],
"minedTemplateNumber_Mined_splitClauses_0":["99"],
"averagePredicateSize_Octagon_splitClauses_0":["10800000"],
"unlabeledBinaryVariableTemplatesNumber_Empty_splitClauses_1":["408"],
"relationSymbolNumber_Unlabeled_splitClauses_0":["85"],
"unlabeledSingleVariableTemplatesNumber_PredictedCDHG_splitClauses_0":["263"],
"unlabeledSingleVariableTemplatesNumber_PredictedCG_splitClauses_1":["263"],
"labeledTemplateRelationSymbolNumber_Labeled_splitClauses_1":["2"],
"minedTemplateRelationSymbolNumber_Random_splitClauses_0":["16"],
"unlabeledTemplateRelationSymbolNumber_PredictedCG_splitClauses_0":["16"],
"unlabeledTemplateNumber_RelationalIneqs_splitClauses_0":["671"],
"unlabeledSingleVariableTemplatesNumber_Labeled_splitClauses_0":["263"],
"minedTemplateNumber_Unlabeled_splitClauses_1":["99"],
"generatedPredicateNumber_PredictedCG_splitClauses_0":["10800000"],
"labeledTemplateNumber_Unlabeled_splitClauses_1":["4"],
"unlabeledTemplateRelationSymbolNumber_Empty_splitClauses_1":["16"],
"clauseNumberBeforeSimplification_Empty_splitClauses_0":["96"],
"solvingTime_Octagon_splitClauses_1":["10800000"],
"cegarIterationNumber_Mined_splitClauses_1":["2"],
"clauseNumberBeforeSimplification_Mined_splitClauses_1":["96"],
"smt2FileSizeByte_PredictedCDHG_splitClauses_0":["33461"],
"averagePredicateSize_PredictedCG_splitClauses_0":["10800000"],
"solvingTime_Random_splitClauses_0":["10800000"],
"minedTemplateNumber_RelationalEqs_splitClauses_0":["99"],
"unlabeledSingleVariableTemplatesNumber_RelationalIneqs_splitClauses_0":["263"],
"unlabeledTemplateNumber_Unlabeled_splitClauses_1":["671"],
"labeledBinaryVariableTemplatesNumber_RelationalEqs_splitClauses_0":["4"],
"generatedPredicateNumber_PredictedCDHG_splitClauses_0":["10800000"],
"minedTemplateRelationSymbolNumber_Empty_splitClauses_1":["16"],
"predicateGeneratorTime_Random_splitClauses_1":["10800000"],
"labeledTemplateNumber_Term_splitClauses_1":["4"],
"minedSingleVariableTemplatesNumber_Empty_splitClauses_1":["95"],
"minedSingleVariableTemplatesNumber_RelationalIneqs_splitClauses_0":["95"],
"clauseNumberAfterSimplification_All_splitClauses_0":["52"],
"unlabeledBinaryVariableTemplatesNumber_RelationalEqs_splitClauses_0":["408"],
"cegarIterationNumber_RelationalEqs_splitClauses_0":["10800000"],
"labeledTemplateRelationSymbolNumber_PredictedCDHG_splitClauses_0":["2"],
"labeledSingleVariableTemplatesNumber_Labeled_splitClauses_1":["0"],
"unlabeledBinaryVariableTemplatesNumber_All_splitClauses_1":["408"],
"minedTemplateRelationSymbolNumber_Unlabeled_splitClauses_1":["16"],
"solvingTime_RelationalEqs_splitClauses_0":["10800000"],
"solvingTime_RelationalEqs_splitClauses_1":["10800000"],
"minedBinaryVariableTemplatesNumber_Mined_splitClauses_0":["4"],
"clauseNumberBeforeSimplification_All_splitClauses_0":["96"],
"clauseNumberBeforeSimplification_RelationalIneqs_splitClauses_1":["96"],
"labeledTemplateNumber_RelationalEqs_splitClauses_1":["4"],
"labeledBinaryVariableTemplatesNumber_RelationalIneqs_splitClauses_0":["4"],
"clauseNumberAfterSimplification_Empty_splitClauses_0":["52"],
"averagePredicateSize_Empty_splitClauses_0":["10800000"],
"relationSymbolNumber_PredictedCG_splitClauses_1":["85"],
"unlabeledTemplateNumber_Term_splitClauses_1":["671"],
"predicateGeneratorTime_Mined_splitClauses_1":["131"],
"relationSymbolNumber_Mined_splitClauses_0":["85"],
"labeledBinaryVariableTemplatesNumber_RelationalIneqs_splitClauses_1":["4"],
"predicateGeneratorTime_Unlabeled_splitClauses_0":["10800000"],
"generatedPredicateNumber_Mined_splitClauses_0":["10800000"],
"generatedPredicateNumber_RelationalEqs_splitClauses_1":["10800000"],
"labeledTemplateRelationSymbolNumber_PredictedCG_splitClauses_0":["2"],
"minedSingleVariableTemplatesNumber_PredictedCG_splitClauses_1":["95"],
"minedTemplateRelationSymbolNumber_PredictedCG_splitClauses_0":["16"],
"unlabeledTemplateRelationSymbolNumber_Labeled_splitClauses_0":["16"],
"solvability_Empty_splitClauses_1":["10800000"],
"averagePredicateSize_Term_splitClauses_0":["10800000"],
"cegarIterationNumber_Random_splitClauses_1":["10800000"],
"relationSymbolNumber_All_splitClauses_1":["85"],
"averagePredicateSize_Labeled_splitClauses_1":["10800000"],
"unlabeledBinaryVariableTemplatesNumber_Unlabeled_splitClauses_0":["408"],
"generatedPredicateNumber_Unlabeled_splitClauses_1":["10800000"],
"predicateGeneratorTime_All_splitClauses_0":["10800000"],
"unlabeledBinaryVariableTemplatesNumber_PredictedCDHG_splitClauses_1":["408"],
"clauseNumberBeforeSimplification_Labeled_splitClauses_1":["96"],
"minedBinaryVariableTemplatesNumber_Labeled_splitClauses_1":["4"],
"labeledSingleVariableTemplatesNumber_All_splitClauses_0":["0"],
"unlabeledTemplateRelationSymbolNumber_Mined_splitClauses_0":["16"],
"cegarIterationNumber_Octagon_splitClauses_1":["10800000"],
"labeledTemplateNumber_Octagon_splitClauses_0":["4"],
"labeledTemplateRelationSymbolNumber_All_splitClauses_1":["2"],
"smt2FileSizeByte_Empty_splitClauses_0":["33461"],
"relationSymbolNumber_RelationalIneqs_splitClauses_1":["85"],
"unlabeledTemplateNumber_Octagon_splitClauses_1":["671"],
"predicateGeneratorTime_RelationalEqs_splitClauses_0":["10800000"],
"unlabeledTemplateRelationSymbolNumber_RelationalIneqs_splitClauses_0":["16"],
"smt2FileSizeByte_RelationalEqs_splitClauses_1":["33461"],
"unlabeledTemplateNumber_Labeled_splitClauses_0":["671"],
"relationSymbolNumber_Random_splitClauses_1":["85"],
"minedSingleVariableTemplatesNumber_Labeled_splitClauses_0":["95"],
"solvingTime_PredictedCDHG_splitClauses_1":["10800000"],
"minedTemplateNumber_Octagon_splitClauses_1":["99"],
"clauseNumberBeforeSimplification_Mined_splitClauses_0":["96"],
"smt2FileSizeByte_All_splitClauses_0":["33461"],
"solvingTime_All_splitClauses_0":["10800000"],
"minedBinaryVariableTemplatesNumber_Term_splitClauses_1":["4"],
"unlabeledTemplateRelationSymbolNumber_Random_splitClauses_0":["16"],
"cegarIterationNumber_All_splitClauses_0":["10800000"],
"smt2FileSizeByte_RelationalEqs_splitClauses_0":["33461"],
"unlabeledSingleVariableTemplatesNumber_PredictedCDHG_splitClauses_1":["263"],
"clauseNumberBeforeSimplification_Labeled_splitClauses_0":["96"],
"cegarIterationNumber_PredictedCG_splitClauses_1":["10800000"],
"labeledTemplateRelationSymbolNumber_Unlabeled_splitClauses_0":["2"],
"unlabeledTemplateRelationSymbolNumber_Octagon_splitClauses_1":["16"],
"unlabeledTemplateNumber_Empty_splitClauses_1":["671"],
"clauseNumberBeforeSimplification_Octagon_splitClauses_1":["96"],
"labeledTemplateNumber_Unlabeled_splitClauses_0":["4"],
"labeledBinaryVariableTemplatesNumber_PredictedCG_splitClauses_0":["4"],
"solvability_Term_splitClauses_1":["10800000"],
"solvability_Octagon_splitClauses_0":["10800000"],
"minedTemplateRelationSymbolNumber_RelationalIneqs_splitClauses_0":["16"],
"clauseNumberBeforeSimplification_RelationalIneqs_splitClauses_0":["96"],
"labeledTemplateNumber_PredictedCG_splitClauses_0":["4"],
"cegarIterationNumber_Labeled_splitClauses_0":["10800000"],
"smt2FileSizeByte_Labeled_splitClauses_1":["33461"],
"clauseNumberBeforeSimplification_Unlabeled_splitClauses_1":["96"],
"generatedPredicateNumber_Term_splitClauses_1":["10800000"],
"solvingTime_Term_splitClauses_1":["10800000"],
"unlabeledBinaryVariableTemplatesNumber_Random_splitClauses_1":["408"],
"unlabeledSingleVariableTemplatesNumber_Octagon_splitClauses_0":["263"],
"solvingTime_Octagon_splitClauses_0":["10800000"],
"labeledSingleVariableTemplatesNumber_Mined_splitClauses_1":["0"],
"averagePredicateSize_Term_splitClauses_1":["10800000"],
"labeledTemplateNumber_Labeled_splitClauses_0":["4"],
"unlabeledSingleVariableTemplatesNumber_PredictedCG_splitClauses_0":["263"],
"smt2FileSizeByte_Mined_splitClauses_1":["33461"],
"labeledBinaryVariableTemplatesNumber_Unlabeled_splitClauses_1":["4"],
"labeledTemplateNumber_All_splitClauses_0":["4"],
"unlabeledTemplateNumber_Random_splitClauses_0":["671"],
"labeledTemplateNumber_Octagon_splitClauses_1":["4"],
"unlabeledTemplateNumber_PredictedCDHG_splitClauses_1":["671"],
"unlabeledBinaryVariableTemplatesNumber_Mined_splitClauses_0":["408"],
"minedTemplateRelationSymbolNumber_Mined_splitClauses_1":["16"],
"labeledTemplateNumber_RelationalIneqs_splitClauses_1":["4"],
"solvability_Term_splitClauses_0":["10800000"],
"relationSymbolNumber_Octagon_splitClauses_0":["85"],
"clauseNumberBeforeSimplification_PredictedCG_splitClauses_1":["96"],
"generatedPredicateNumber_Labeled_splitClauses_1":["10800000"],
"labeledSingleVariableTemplatesNumber_Unlabeled_splitClauses_0":["0"],
"unlabeledBinaryVariableTemplatesNumber_Empty_splitClauses_0":["408"],
"solvingTime_Mined_splitClauses_0":["10800000"],
"unlabeledTemplateNumber_All_splitClauses_1":["671"],
"clauseNumberAfterSimplification_Random_splitClauses_1":["52"],
"labeledBinaryVariableTemplatesNumber_Octagon_splitClauses_1":["4"],
"unlabeledBinaryVariableTemplatesNumber_Labeled_splitClauses_0":["408"],
"smt2FileSizeByte_Octagon_splitClauses_0":["33461"],
"labeledSingleVariableTemplatesNumber_Random_splitClauses_1":["0"],
"solvability_Unlabeled_splitClauses_0":["10800000"],
"solvingTime_Unlabeled_splitClauses_0":["10800000"],
"unlabeledTemplateRelationSymbolNumber_All_splitClauses_1":["16"],
"minedTemplateNumber_Empty_splitClauses_1":["99"],
"solvability_RelationalIneqs_splitClauses_0":["10800000"],
"unlabeledTemplateRelationSymbolNumber_Labeled_splitClauses_1":["16"],
"cegarIterationNumber_RelationalEqs_splitClauses_1":["10800000"],
"minedSingleVariableTemplatesNumber_RelationalEqs_splitClauses_1":["95"],
"clauseNumberAfterSimplification_PredictedCDHG_splitClauses_1":["52"],
"minedBinaryVariableTemplatesNumber_RelationalIneqs_splitClauses_1":["4"],
"unlabeledBinaryVariableTemplatesNumber_Mined_splitClauses_1":["408"],
"unlabeledBinaryVariableTemplatesNumber_PredictedCDHG_splitClauses_0":["408"],
"solvingTime_Empty_splitClauses_1":["10800000"],
"labeledTemplateRelationSymbolNumber_Empty_splitClauses_1":["2"],
"generatedPredicateNumber_Term_splitClauses_0":["10800000"],
"averagePredicateSize_Empty_splitClauses_1":["10800000"],
"generatedPredicateNumber_PredictedCG_splitClauses_1":["10800000"],
"labeledTemplateRelationSymbolNumber_PredictedCDHG_splitClauses_1":["2"],
"relationSymbolNumber_Mined_splitClauses_1":["85"],
"predicateGeneratorTime_Mined_splitClauses_0":["10800000"],
"predicateGeneratorTime_Labeled_splitClauses_0":["10800000"],
"labeledSingleVariableTemplatesNumber_Random_splitClauses_0":["0"],
"unlabeledTemplateRelationSymbolNumber_All_splitClauses_0":["16"],
"minedBinaryVariableTemplatesNumber_Labeled_splitClauses_0":["4"],
"generatedPredicateNumber_Labeled_splitClauses_0":["10800000"],
"relationSymbolNumber_Empty_splitClauses_0":["85"],
"solvingTime_Mined_splitClauses_1":["188"],
"minedSingleVariableTemplatesNumber_All_splitClauses_1":["95"],
"predicateGeneratorTime_Random_splitClauses_0":["10800000"],
"cegarIterationNumber_Term_splitClauses_1":["10800000"],
"labeledTemplateNumber_Empty_splitClauses_1":["4"],
"clauseNumberAfterSimplification_Empty_splitClauses_1":["52"],
"minedTemplateRelationSymbolNumber_Empty_splitClauses_0":["16"],
"unlabeledSingleVariableTemplatesNumber_Term_splitClauses_0":["263"],
"minedSingleVariableTemplatesNumber_Empty_splitClauses_0":["95"],
"minedTemplateRelationSymbolNumber_RelationalEqs_splitClauses_0":["16"],
"cegarIterationNumber_Empty_splitClauses_0":["10800000"],
"minedBinaryVariableTemplatesNumber_RelationalEqs_splitClauses_1":["4"],
"labeledSingleVariableTemplatesNumber_All_splitClauses_1":["0"],
"unlabeledTemplateRelationSymbolNumber_Octagon_splitClauses_0":["16"],
"minedTemplateRelationSymbolNumber_Unlabeled_splitClauses_0":["16"],
"labeledBinaryVariableTemplatesNumber_Mined_splitClauses_0":["4"],
"minedTemplateNumber_PredictedCG_splitClauses_1":["99"],
"cegarIterationNumber_Empty_splitClauses_1":["10800000"],
"averagePredicateSize_RelationalIneqs_splitClauses_0":["10800000"],
"solvability_All_splitClauses_1":["10800000"],
"unlabeledBinaryVariableTemplatesNumber_Term_splitClauses_1":["408"],
"relationSymbolNumber_PredictedCDHG_splitClauses_0":["85"],
"minedTemplateRelationSymbolNumber_Labeled_splitClauses_1":["16"],
"averagePredicateSize_Unlabeled_splitClauses_1":["10800000"],
"labeledTemplateNumber_Term_splitClauses_0":["4"],
"smt2FileSizeByte_Empty_splitClauses_1":["33461"],
"solvingTime_PredictedCG_splitClauses_0":["10800000"],
"relationSymbolNumber_Term_splitClauses_0":["85"],
"cegarIterationNumber_All_splitClauses_1":["10800000"],
"clauseNumberBeforeSimplification_Term_splitClauses_1":["96"],
"predicateGeneratorTime_Empty_splitClauses_0":["10800000"],
"averagePredicateSize_All_splitClauses_0":["10800000"],
"unlabeledBinaryVariableTemplatesNumber_Random_splitClauses_0":["408"],
"smt2FileSizeByte_Term_splitClauses_0":["33461"],
"averagePredicateSize_Mined_splitClauses_1":["1"],
"minedBinaryVariableTemplatesNumber_Empty_splitClauses_0":["4"],
"minedTemplateRelationSymbolNumber_All_splitClauses_1":["16"],
"labeledSingleVariableTemplatesNumber_PredictedCG_splitClauses_0":["0"],
"unlabeledBinaryVariableTemplatesNumber_RelationalIneqs_splitClauses_0":["408"],
"unlabeledSingleVariableTemplatesNumber_RelationalIneqs_splitClauses_1":["263"],
"clauseNumberAfterSimplification_RelationalIneqs_splitClauses_0":["52"],
"unlabeledTemplateNumber_RelationalEqs_splitClauses_0":["671"],
"unlabeledTemplateNumber_RelationalIneqs_splitClauses_1":["671"],
"labeledTemplateRelationSymbolNumber_PredictedCG_splitClauses_1":["2"],
"labeledTemplateRelationSymbolNumber_All_splitClauses_0":["2"],
"labeledSingleVariableTemplatesNumber_Octagon_splitClauses_0":["0"],
"dummyFiled":[]
}