{
"cegarIterationNumber_Term_splitClauses_0":[9],
"cegarIterationNumber_RelationalIneqs_splitClauses_1":[12],
"cegarIterationNumber_Octagon_splitClauses_0":[9],
"solvingTime_RelationalIneqs_splitClauses_1":[351],
"solvingTime_Term_splitClauses_0":[543],
"cegarIterationNumber_RelationalIneqs_splitClauses_0":[9],
"solvingTime_RelationalIneqs_splitClauses_0":[401],
"solvingTime_Octagon_splitClauses_1":[414],
"cegarIterationNumber_RelationalEqs_splitClauses_0":[9],
"solvingTime_RelationalEqs_splitClauses_0":[376],
"solvingTime_RelationalEqs_splitClauses_1":[459],
"cegarIterationNumber_Octagon_splitClauses_1":[12],
"solvingTime_Term_splitClauses_1":[518],
"solvingTime_Octagon_splitClauses_0":[552],
"cegarIterationNumber_RelationalEqs_splitClauses_1":[12],
"cegarIterationNumber_Term_splitClauses_1":[12],
"dummyFiled":[]
}