{
"cegarIterationNumber_Term_splitClauses_0":[7],
"cegarIterationNumber_RelationalIneqs_splitClauses_1":[7],
"cegarIterationNumber_Octagon_splitClauses_0":[7],
"solvingTime_RelationalIneqs_splitClauses_1":[699],
"solvingTime_Term_splitClauses_0":[687],
"cegarIterationNumber_RelationalIneqs_splitClauses_0":[7],
"solvingTime_RelationalIneqs_splitClauses_0":[785],
"solvingTime_Octagon_splitClauses_1":[719],
"cegarIterationNumber_RelationalEqs_splitClauses_0":[7],
"solvingTime_RelationalEqs_splitClauses_0":[751],
"solvingTime_RelationalEqs_splitClauses_1":[618],
"cegarIterationNumber_Octagon_splitClauses_1":[7],
"solvingTime_Term_splitClauses_1":[607],
"solvingTime_Octagon_splitClauses_0":[832],
"cegarIterationNumber_RelationalEqs_splitClauses_1":[7],
"cegarIterationNumber_Term_splitClauses_1":[7],
"dummyFiled":[]
}