{
"smt2FileSizeByte_All_splitClauses_1":["60017"],
"generatedPredicateNumber_All_splitClauses_1":["10800000"],
"unlabeledTemplateRelationSymbolNumber_PredictedCDHG_splitClauses_0":["15"],
"relationSymbolNumberBeforeSimplification_Unlabeled_splitClauses_1":["203"],
"predicateGeneratorTime_Term_splitClauses_0":["10800000"],
"averagePredicateSize_Random_splitClauses_1":["1"],
"labeledBinaryVariableTemplatesNumber_Labeled_splitClauses_1":["12"],
"clauseNumberBeforeSimplification_All_splitClauses_1":["96"],
"minedTemplateRelationSymbolNumber_Term_splitClauses_0":["15"],
"solvingTime_Labeled_splitClauses_1":["335"],
"unlabeledTemplateNumber_Labeled_splitClauses_1":["711"],
"relationSymbolNumberAfterSimplification_All_splitClauses_1":["116"],
"minedTemplateRelationSymbolNumber_Octagon_splitClauses_1":["15"],
"clauseNumberAfterSimplification_Mined_splitClauses_1":["89"],
"relationSymbolNumberBeforeSimplification_Octagon_splitClauses_0":["203"],
"unlabeledBinaryVariableTemplatesNumber_Term_splitClauses_0":["438"],
"labeledTemplateNumber_PredictedCDHG_splitClauses_0":["12"],
"solvability_Empty_splitClauses_0":["10800000"],
"unlabeledTemplateRelationSymbolNumber_Random_splitClauses_1":["15"],
"labeledBinaryVariableTemplatesNumber_Octagon_splitClauses_0":["12"],
"relationSymbolNumberBeforeSimplification_Random_splitClauses_1":["203"],
"minedTemplateRelationSymbolNumber_Random_splitClauses_1":["15"],
"unlabeledSingleVariableTemplatesNumber_Mined_splitClauses_0":["273"],
"unlabeledBinaryVariableTemplatesNumber_PredictedCG_splitClauses_1":["438"],
"solvability_All_splitClauses_0":["10800000"],
"predicateGeneratorTime_RelationalEqs_splitClauses_1":["472"],
"relationSymbolNumberBeforeSimplification_PredictedCDHG_splitClauses_1":["203"],
"smt2FileSizeByte_PredictedCG_splitClauses_1":["60017"],
"labeledSingleVariableTemplatesNumber_Unlabeled_splitClauses_1":["0"],
"labeledBinaryVariableTemplatesNumber_PredictedCG_splitClauses_1":["12"],
"minedBinaryVariableTemplatesNumber_PredictedCG_splitClauses_0":["12"],
"solvability_Random_splitClauses_0":["10800000"],
"relationSymbolNumberAfterSimplification_PredictedCG_splitClauses_1":["116"],
"clauseNumberBeforeSimplification_PredictedCDHG_splitClauses_1":["96"],
"labeledSingleVariableTemplatesNumber_Mined_splitClauses_0":["0"],
"solvability_Unlabeled_splitClauses_1":["1"],
"cegarIterationNumber_Labeled_splitClauses_1":["9"],
"smt2FileSizeByte_Mined_splitClauses_0":["60017"],
"relationSymbolNumberAfterSimplification_Mined_splitClauses_0":["116"],
"labeledSingleVariableTemplatesNumber_PredictedCG_splitClauses_1":["0"],
"smt2FileSizeByte_Octagon_splitClauses_1":["60017"],
"minedTemplateNumber_Labeled_splitClauses_1":["109"],
"labeledSingleVariableTemplatesNumber_RelationalIneqs_splitClauses_1":["0"],
"clauseNumberAfterSimplification_Labeled_splitClauses_1":["89"],
"relationSymbolNumberAfterSimplification_Labeled_splitClauses_0":["116"],
"smt2FileSizeByte_Random_splitClauses_0":["60017"],
"relationSymbolNumberAfterSimplification_PredictedCDHG_splitClauses_0":["116"],
"unlabeledTemplateRelationSymbolNumber_PredictedCDHG_splitClauses_1":["15"],
"labeledSingleVariableTemplatesNumber_Term_splitClauses_0":["0"],
"generatedPredicateNumber_PredictedCDHG_splitClauses_1":["10800000"],
"minedSingleVariableTemplatesNumber_Unlabeled_splitClauses_0":["97"],
"generatedPredicateNumber_Octagon_splitClauses_1":["13"],
"labeledSingleVariableTemplatesNumber_RelationalEqs_splitClauses_0":["0"],
"predicateGeneratorTime_PredictedCG_splitClauses_1":["10800000"],
"relationSymbolNumberAfterSimplification_Octagon_splitClauses_0":["116"],
"labeledTemplateNumber_Labeled_splitClauses_1":["12"],
"labeledSingleVariableTemplatesNumber_Empty_splitClauses_0":["0"],
"minedTemplateRelationSymbolNumber_RelationalIneqs_splitClauses_1":["15"],
"unlabeledSingleVariableTemplatesNumber_All_splitClauses_1":["273"],
"labeledBinaryVariableTemplatesNumber_PredictedCDHG_splitClauses_1":["12"],
"unlabeledSingleVariableTemplatesNumber_RelationalEqs_splitClauses_1":["273"],
"cegarIterationNumber_Term_splitClauses_0":["10800000"],
"unlabeledBinaryVariableTemplatesNumber_Labeled_splitClauses_1":["438"],
"unlabeledSingleVariableTemplatesNumber_Term_splitClauses_1":["273"],
"clauseNumberAfterSimplification_All_splitClauses_1":["89"],
"minedSingleVariableTemplatesNumber_Random_splitClauses_0":["97"],
"solvability_RelationalIneqs_splitClauses_1":["1"],
"minedTemplateNumber_Labeled_splitClauses_0":["109"],
"minedSingleVariableTemplatesNumber_Octagon_splitClauses_0":["97"],
"minedSingleVariableTemplatesNumber_Term_splitClauses_1":["97"],
"minedBinaryVariableTemplatesNumber_PredictedCDHG_splitClauses_1":["12"],
"generatedPredicateNumber_Mined_splitClauses_1":["13"],
"labeledSingleVariableTemplatesNumber_RelationalIneqs_splitClauses_0":["0"],
"averagePredicateSize_Mined_splitClauses_0":["10800000"],
"cegarIterationNumber_Unlabeled_splitClauses_0":["10800000"],
"minedBinaryVariableTemplatesNumber_Random_splitClauses_0":["12"],
"labeledTemplateNumber_Mined_splitClauses_1":["12"],
"labeledBinaryVariableTemplatesNumber_Random_splitClauses_0":["12"],
"unlabeledTemplateRelationSymbolNumber_Unlabeled_splitClauses_1":["15"],
"cegarIterationNumber_Mined_splitClauses_0":["10800000"],
"minedTemplateRelationSymbolNumber_Labeled_splitClauses_0":["15"],
"unlabeledBinaryVariableTemplatesNumber_RelationalIneqs_splitClauses_1":["438"],
"unlabeledBinaryVariableTemplatesNumber_Octagon_splitClauses_0":["438"],
"solvability_Mined_splitClauses_0":["10800000"],
"averagePredicateSize_RelationalEqs_splitClauses_0":["10800000"],
"clauseNumberAfterSimplification_Term_splitClauses_0":["89"],
"unlabeledTemplateNumber_Mined_splitClauses_0":["711"],
"relationSymbolNumberAfterSimplification_Random_splitClauses_1":["116"],
"unlabeledTemplateNumber_PredictedCDHG_splitClauses_0":["711"],
"cegarIterationNumber_RelationalIneqs_splitClauses_1":["9"],
"minedBinaryVariableTemplatesNumber_Unlabeled_splitClauses_1":["12"],
"labeledTemplateNumber_PredictedCG_splitClauses_1":["12"],
"labeledTemplateRelationSymbolNumber_Mined_splitClauses_0":["5"],
"labeledBinaryVariableTemplatesNumber_Mined_splitClauses_1":["12"],
"relationSymbolNumberBeforeSimplification_Mined_splitClauses_0":["203"],
"relationSymbolNumberBeforeSimplification_RelationalIneqs_splitClauses_0":["203"],
"clauseNumberAfterSimplification_RelationalIneqs_splitClauses_1":["89"],
"minedSingleVariableTemplatesNumber_PredictedCDHG_splitClauses_0":["97"],
"solvability_Labeled_splitClauses_1":["1"],
"labeledSingleVariableTemplatesNumber_Octagon_splitClauses_1":["0"],
"averagePredicateSize_Random_splitClauses_0":["10800000"],
"smt2FileSizeByte_RelationalIneqs_splitClauses_0":["60017"],
"generatedPredicateNumber_Unlabeled_splitClauses_0":["10800000"],
"solvability_RelationalEqs_splitClauses_0":["10800000"],
"predicateGeneratorTime_Empty_splitClauses_1":["466"],
"minedSingleVariableTemplatesNumber_Mined_splitClauses_0":["97"],
"relationSymbolNumberAfterSimplification_Unlabeled_splitClauses_0":["116"],
"minedTemplateRelationSymbolNumber_PredictedCDHG_splitClauses_1":["15"],
"minedTemplateNumber_PredictedCG_splitClauses_0":["109"],
"averagePredicateSize_RelationalIneqs_splitClauses_1":["1"],
"labeledTemplateRelationSymbolNumber_Random_splitClauses_1":["5"],
"minedTemplateNumber_RelationalIneqs_splitClauses_0":["109"],
"predicateGeneratorTime_RelationalIneqs_splitClauses_0":["10800000"],
"labeledTemplateRelationSymbolNumber_Empty_splitClauses_0":["5"],
"minedBinaryVariableTemplatesNumber_Octagon_splitClauses_0":["12"],
"labeledSingleVariableTemplatesNumber_Term_splitClauses_1":["0"],
"labeledBinaryVariableTemplatesNumber_Empty_splitClauses_0":["12"],
"minedTemplateNumber_Octagon_splitClauses_0":["109"],
"labeledBinaryVariableTemplatesNumber_Unlabeled_splitClauses_0":["12"],
"relationSymbolNumberBeforeSimplification_Empty_splitClauses_0":["203"],
"clauseNumberAfterSimplification_PredictedCDHG_splitClauses_0":["89"],
"smt2FileSizeByte_PredictedCG_splitClauses_0":["60017"],
"minedBinaryVariableTemplatesNumber_RelationalEqs_splitClauses_0":["12"],
"relationSymbolNumberBeforeSimplification_Unlabeled_splitClauses_0":["203"],
"labeledTemplateRelationSymbolNumber_RelationalEqs_splitClauses_1":["5"],
"minedBinaryVariableTemplatesNumber_Random_splitClauses_1":["12"],
"clauseNumberAfterSimplification_Unlabeled_splitClauses_1":["89"],
"minedSingleVariableTemplatesNumber_PredictedCDHG_splitClauses_1":["97"],
"labeledBinaryVariableTemplatesNumber_Term_splitClauses_1":["12"],
"clauseNumberBeforeSimplification_Empty_splitClauses_1":["96"],
"relationSymbolNumberAfterSimplification_Octagon_splitClauses_1":["116"],
"relationSymbolNumberAfterSimplification_Term_splitClauses_0":["116"],
"minedBinaryVariableTemplatesNumber_Mined_splitClauses_1":["12"],
"unlabeledBinaryVariableTemplatesNumber_Unlabeled_splitClauses_1":["438"],
"relationSymbolNumberBeforeSimplification_Random_splitClauses_0":["203"],
"relationSymbolNumberAfterSimplification_PredictedCDHG_splitClauses_1":["116"],
"unlabeledTemplateNumber_PredictedCG_splitClauses_1":["711"],
"generatedPredicateNumber_Empty_splitClauses_0":["10800000"],
"predicateGeneratorTime_RelationalIneqs_splitClauses_1":["336"],
"unlabeledSingleVariableTemplatesNumber_Empty_splitClauses_0":["273"],
"cegarIterationNumber_Octagon_splitClauses_0":["10800000"],
"clauseNumberAfterSimplification_Octagon_splitClauses_1":["89"],
"unlabeledSingleVariableTemplatesNumber_Labeled_splitClauses_1":["273"],
"clauseNumberBeforeSimplification_Random_splitClauses_1":["96"],
"minedTemplateRelationSymbolNumber_All_splitClauses_0":["15"],
"unlabeledTemplateRelationSymbolNumber_RelationalEqs_splitClauses_0":["15"],
"minedSingleVariableTemplatesNumber_Unlabeled_splitClauses_1":["97"],
"clauseNumberBeforeSimplification_RelationalEqs_splitClauses_0":["96"],
"minedTemplateNumber_Unlabeled_splitClauses_0":["109"],
"generatedPredicateNumber_Octagon_splitClauses_0":["10800000"],
"predicateGeneratorTime_PredictedCDHG_splitClauses_0":["10800000"],
"clauseNumberAfterSimplification_PredictedCG_splitClauses_1":["89"],
"labeledSingleVariableTemplatesNumber_RelationalEqs_splitClauses_1":["0"],
"smt2FileSizeByte_Random_splitClauses_1":["60017"],
"averagePredicateSize_PredictedCG_splitClauses_1":["10800000"],
"cegarIterationNumber_PredictedCDHG_splitClauses_1":["10800000"],
"clauseNumberAfterSimplification_RelationalEqs_splitClauses_1":["89"],
"minedBinaryVariableTemplatesNumber_Empty_splitClauses_1":["12"],
"relationSymbolNumberAfterSimplification_RelationalEqs_splitClauses_1":["116"],
"minedTemplateNumber_PredictedCDHG_splitClauses_0":["109"],
"labeledBinaryVariableTemplatesNumber_All_splitClauses_1":["12"],
"solvingTime_RelationalIneqs_splitClauses_1":["454"],
"unlabeledTemplateRelationSymbolNumber_RelationalEqs_splitClauses_1":["15"],
"smt2FileSizeByte_Unlabeled_splitClauses_0":["60017"],
"relationSymbolNumberBeforeSimplification_Mined_splitClauses_1":["203"],
"relationSymbolNumberAfterSimplification_Mined_splitClauses_1":["116"],
"generatedPredicateNumber_All_splitClauses_0":["10800000"],
"relationSymbolNumberBeforeSimplification_Octagon_splitClauses_1":["203"],
"predicateGeneratorTime_Octagon_splitClauses_1":["411"],
"solvability_Mined_splitClauses_1":["1"],
"minedTemplateRelationSymbolNumber_Term_splitClauses_1":["15"],
"clauseNumberAfterSimplification_Mined_splitClauses_0":["89"],
"solvability_PredictedCDHG_splitClauses_0":["10800000"],
"solvingTime_Empty_splitClauses_0":["10800000"],
"unlabeledSingleVariableTemplatesNumber_Unlabeled_splitClauses_1":["273"],
"minedTemplateNumber_Term_splitClauses_1":["109"],
"averagePredicateSize_Octagon_splitClauses_1":["1"],
"unlabeledSingleVariableTemplatesNumber_Octagon_splitClauses_1":["273"],
"minedTemplateRelationSymbolNumber_RelationalEqs_splitClauses_1":["15"],
"relationSymbolNumberBeforeSimplification_All_splitClauses_1":["203"],
"minedBinaryVariableTemplatesNumber_RelationalIneqs_splitClauses_0":["12"],
"predicateGeneratorTime_Term_splitClauses_1":["306"],
"solvingTime_Labeled_splitClauses_0":["10800000"],
"unlabeledBinaryVariableTemplatesNumber_PredictedCG_splitClauses_0":["438"],
"minedTemplateNumber_All_splitClauses_0":["109"],
"predicateGeneratorTime_Labeled_splitClauses_1":["251"],
"unlabeledTemplateRelationSymbolNumber_Empty_splitClauses_0":["15"],
"unlabeledTemplateNumber_Mined_splitClauses_1":["711"],
"solvability_PredictedCG_splitClauses_1":["10800000"],
"unlabeledTemplateNumber_Term_splitClauses_0":["711"],
"minedBinaryVariableTemplatesNumber_PredictedCG_splitClauses_1":["12"],
"labeledSingleVariableTemplatesNumber_PredictedCDHG_splitClauses_0":["0"],
"minedBinaryVariableTemplatesNumber_All_splitClauses_0":["12"],
"averagePredicateSize_PredictedCDHG_splitClauses_1":["10800000"],
"predicateGeneratorTime_PredictedCG_splitClauses_0":["10800000"],
"generatedPredicateNumber_RelationalIneqs_splitClauses_0":["10800000"],
"labeledTemplateNumber_Empty_splitClauses_0":["12"],
"relationSymbolNumberAfterSimplification_RelationalIneqs_splitClauses_1":["116"],
"unlabeledTemplateRelationSymbolNumber_Term_splitClauses_0":["15"],
"minedTemplateNumber_All_splitClauses_1":["109"],
"labeledSingleVariableTemplatesNumber_Empty_splitClauses_1":["0"],
"minedBinaryVariableTemplatesNumber_Unlabeled_splitClauses_0":["12"],
"labeledTemplateNumber_Random_splitClauses_0":["12"],
"minedBinaryVariableTemplatesNumber_All_splitClauses_1":["12"],
"unlabeledSingleVariableTemplatesNumber_All_splitClauses_0":["273"],
"relationSymbolNumberBeforeSimplification_Labeled_splitClauses_1":["203"],
"smt2FileSizeByte_PredictedCDHG_splitClauses_1":["60017"],
"labeledBinaryVariableTemplatesNumber_PredictedCDHG_splitClauses_0":["12"],
"averagePredicateSize_RelationalEqs_splitClauses_1":["1"],
"minedSingleVariableTemplatesNumber_Term_splitClauses_0":["97"],
"labeledTemplateRelationSymbolNumber_Term_splitClauses_1":["5"],
"generatedPredicateNumber_Random_splitClauses_0":["10800000"],
"labeledBinaryVariableTemplatesNumber_Empty_splitClauses_1":["12"],
"relationSymbolNumberAfterSimplification_Term_splitClauses_1":["116"],
"clauseNumberAfterSimplification_Labeled_splitClauses_0":["89"],
"labeledSingleVariableTemplatesNumber_Labeled_splitClauses_0":["0"],
"minedTemplateNumber_Mined_splitClauses_1":["109"],
"labeledTemplateRelationSymbolNumber_Labeled_splitClauses_0":["5"],
"unlabeledTemplateRelationSymbolNumber_Mined_splitClauses_1":["15"],
"solvability_Labeled_splitClauses_0":["10800000"],
"minedTemplateNumber_RelationalEqs_splitClauses_1":["109"],
"solvingTime_Random_splitClauses_1":["422"],
"minedTemplateNumber_Random_splitClauses_0":["109"],
"cegarIterationNumber_Unlabeled_splitClauses_1":["9"],
"minedTemplateNumber_RelationalIneqs_splitClauses_1":["109"],
"unlabeledBinaryVariableTemplatesNumber_Octagon_splitClauses_1":["438"],
"minedSingleVariableTemplatesNumber_Octagon_splitClauses_1":["97"],
"minedSingleVariableTemplatesNumber_Random_splitClauses_1":["97"],
"averagePredicateSize_All_splitClauses_1":["10800000"],
"minedTemplateNumber_Empty_splitClauses_0":["109"],
"labeledTemplateNumber_Mined_splitClauses_0":["12"],
"unlabeledBinaryVariableTemplatesNumber_All_splitClauses_0":["438"],
"relationSymbolNumberAfterSimplification_Labeled_splitClauses_1":["116"],
"labeledSingleVariableTemplatesNumber_PredictedCDHG_splitClauses_1":["0"],
"minedSingleVariableTemplatesNumber_Mined_splitClauses_1":["97"],
"labeledTemplateRelationSymbolNumber_Term_splitClauses_0":["5"],
"unlabeledTemplateRelationSymbolNumber_Term_splitClauses_1":["15"],
"predicateGeneratorTime_All_splitClauses_1":["10800000"],
"unlabeledSingleVariableTemplatesNumber_Random_splitClauses_0":["273"],
"predicateGeneratorTime_Unlabeled_splitClauses_1":["272"],
"cegarIterationNumber_PredictedCDHG_splitClauses_0":["10800000"],
"labeledTemplateNumber_RelationalEqs_splitClauses_0":["12"],
"labeledTemplateRelationSymbolNumber_Mined_splitClauses_1":["5"],
"labeledTemplateRelationSymbolNumber_Random_splitClauses_0":["5"],
"labeledBinaryVariableTemplatesNumber_RelationalEqs_splitClauses_1":["12"],
"generatedPredicateNumber_RelationalIneqs_splitClauses_1":["13"],
"unlabeledTemplateRelationSymbolNumber_PredictedCG_splitClauses_1":["15"],
"unlabeledSingleVariableTemplatesNumber_RelationalEqs_splitClauses_0":["273"],
"labeledBinaryVariableTemplatesNumber_Labeled_splitClauses_0":["12"],
"minedBinaryVariableTemplatesNumber_PredictedCDHG_splitClauses_0":["12"],
"unlabeledTemplateRelationSymbolNumber_Unlabeled_splitClauses_0":["15"],
"clauseNumberAfterSimplification_Term_splitClauses_1":["89"],
"unlabeledTemplateNumber_Octagon_splitClauses_0":["711"],
"unlabeledBinaryVariableTemplatesNumber_RelationalEqs_splitClauses_1":["438"],
"unlabeledTemplateNumber_PredictedCG_splitClauses_0":["711"],
"unlabeledTemplateNumber_All_splitClauses_0":["711"],
"labeledTemplateRelationSymbolNumber_RelationalIneqs_splitClauses_1":["5"],
"unlabeledSingleVariableTemplatesNumber_Mined_splitClauses_1":["273"],
"labeledTemplateRelationSymbolNumber_Unlabeled_splitClauses_1":["5"],
"labeledBinaryVariableTemplatesNumber_Random_splitClauses_1":["12"],
"solvability_Random_splitClauses_1":["1"],
"solvingTime_Term_splitClauses_0":["10800000"],
"minedSingleVariableTemplatesNumber_Labeled_splitClauses_1":["97"],
"clauseNumberBeforeSimplification_Term_splitClauses_0":["96"],
"relationSymbolNumberBeforeSimplification_RelationalIneqs_splitClauses_1":["203"],
"minedTemplateRelationSymbolNumber_Mined_splitClauses_0":["15"],
"solvability_Octagon_splitClauses_1":["1"],
"minedSingleVariableTemplatesNumber_RelationalIneqs_splitClauses_1":["97"],
"smt2FileSizeByte_Labeled_splitClauses_0":["60017"],
"solvability_RelationalEqs_splitClauses_1":["1"],
"unlabeledSingleVariableTemplatesNumber_Empty_splitClauses_1":["273"],
"labeledTemplateNumber_PredictedCDHG_splitClauses_1":["12"],
"minedTemplateRelationSymbolNumber_Octagon_splitClauses_0":["15"],
"clauseNumberAfterSimplification_Unlabeled_splitClauses_0":["89"],
"clauseNumberBeforeSimplification_Unlabeled_splitClauses_0":["96"],
"clauseNumberBeforeSimplification_PredictedCDHG_splitClauses_0":["96"],
"cegarIterationNumber_RelationalIneqs_splitClauses_0":["10800000"],
"labeledTemplateRelationSymbolNumber_RelationalEqs_splitClauses_0":["5"],
"averagePredicateSize_Labeled_splitClauses_0":["10800000"],
"smt2FileSizeByte_RelationalIneqs_splitClauses_1":["60017"],
"clauseNumberBeforeSimplification_RelationalEqs_splitClauses_1":["96"],
"unlabeledTemplateRelationSymbolNumber_RelationalIneqs_splitClauses_1":["15"],
"clauseNumberBeforeSimplification_PredictedCG_splitClauses_0":["96"],
"solvingTime_PredictedCDHG_splitClauses_0":["10800000"],
"labeledTemplateRelationSymbolNumber_Octagon_splitClauses_1":["5"],
"minedTemplateRelationSymbolNumber_PredictedCG_splitClauses_1":["15"],
"relationSymbolNumberBeforeSimplification_RelationalEqs_splitClauses_1":["203"],
"labeledTemplateNumber_Random_splitClauses_1":["12"],
"solvingTime_RelationalIneqs_splitClauses_0":["10800000"],
"labeledTemplateNumber_All_splitClauses_1":["12"],
"unlabeledTemplateNumber_Random_splitClauses_1":["711"],
"relationSymbolNumberBeforeSimplification_All_splitClauses_0":["203"],
"smt2FileSizeByte_Unlabeled_splitClauses_1":["60017"],
"cegarIterationNumber_PredictedCG_splitClauses_0":["10800000"],
"predicateGeneratorTime_Octagon_splitClauses_0":["10800000"],
"unlabeledTemplateNumber_RelationalEqs_splitClauses_1":["711"],
"clauseNumberAfterSimplification_Octagon_splitClauses_0":["89"],
"cegarIterationNumber_Random_splitClauses_0":["10800000"],
"solvability_PredictedCDHG_splitClauses_1":["10800000"],
"solvability_PredictedCG_splitClauses_0":["10800000"],
"solvingTime_PredictedCG_splitClauses_1":["10800000"],
"unlabeledSingleVariableTemplatesNumber_Unlabeled_splitClauses_0":["273"],
"unlabeledTemplateNumber_Unlabeled_splitClauses_0":["711"],
"labeledTemplateRelationSymbolNumber_RelationalIneqs_splitClauses_0":["5"],
"minedTemplateNumber_Random_splitClauses_1":["109"],
"generatedPredicateNumber_RelationalEqs_splitClauses_0":["10800000"],
"minedTemplateNumber_Term_splitClauses_0":["109"],
"solvingTime_All_splitClauses_1":["10800000"],
"minedSingleVariableTemplatesNumber_PredictedCG_splitClauses_0":["97"],
"smt2FileSizeByte_Term_splitClauses_1":["60017"],
"labeledBinaryVariableTemplatesNumber_All_splitClauses_0":["12"],
"minedTemplateNumber_PredictedCDHG_splitClauses_1":["109"],
"minedTemplateRelationSymbolNumber_PredictedCDHG_splitClauses_0":["15"],
"averagePredicateSize_Unlabeled_splitClauses_0":["10800000"],
"minedBinaryVariableTemplatesNumber_Octagon_splitClauses_1":["12"],
"unlabeledSingleVariableTemplatesNumber_Random_splitClauses_1":["273"],
"clauseNumberBeforeSimplification_Random_splitClauses_0":["96"],
"solvingTime_Unlabeled_splitClauses_1":["381"],
"predicateGeneratorTime_PredictedCDHG_splitClauses_1":["10800000"],
"averagePredicateSize_PredictedCDHG_splitClauses_0":["10800000"],
"relationSymbolNumberAfterSimplification_RelationalEqs_splitClauses_0":["116"],
"minedBinaryVariableTemplatesNumber_Term_splitClauses_0":["12"],
"labeledTemplateNumber_RelationalIneqs_splitClauses_0":["12"],
"clauseNumberAfterSimplification_Random_splitClauses_0":["89"],
"clauseNumberAfterSimplification_PredictedCG_splitClauses_0":["89"],
"generatedPredicateNumber_Empty_splitClauses_1":["13"],
"clauseNumberBeforeSimplification_Octagon_splitClauses_0":["96"],
"unlabeledTemplateNumber_Empty_splitClauses_0":["711"],
"minedSingleVariableTemplatesNumber_All_splitClauses_0":["97"],
"labeledTemplateRelationSymbolNumber_Octagon_splitClauses_0":["5"],
"generatedPredicateNumber_Random_splitClauses_1":["13"],
"clauseNumberAfterSimplification_RelationalEqs_splitClauses_0":["89"],
"labeledBinaryVariableTemplatesNumber_Term_splitClauses_0":["12"],
"minedSingleVariableTemplatesNumber_RelationalEqs_splitClauses_0":["97"],
"minedTemplateNumber_Mined_splitClauses_0":["109"],
"relationSymbolNumberBeforeSimplification_PredictedCG_splitClauses_0":["203"],
"averagePredicateSize_Octagon_splitClauses_0":["10800000"],
"unlabeledBinaryVariableTemplatesNumber_Empty_splitClauses_1":["438"],
"unlabeledSingleVariableTemplatesNumber_PredictedCDHG_splitClauses_0":["273"],
"unlabeledSingleVariableTemplatesNumber_PredictedCG_splitClauses_1":["273"],
"labeledTemplateRelationSymbolNumber_Labeled_splitClauses_1":["5"],
"minedTemplateRelationSymbolNumber_Random_splitClauses_0":["15"],
"unlabeledTemplateRelationSymbolNumber_PredictedCG_splitClauses_0":["15"],
"unlabeledTemplateNumber_RelationalIneqs_splitClauses_0":["711"],
"unlabeledSingleVariableTemplatesNumber_Labeled_splitClauses_0":["273"],
"relationSymbolNumberAfterSimplification_PredictedCG_splitClauses_0":["116"],
"minedTemplateNumber_Unlabeled_splitClauses_1":["109"],
"generatedPredicateNumber_PredictedCG_splitClauses_0":["10800000"],
"labeledTemplateNumber_Unlabeled_splitClauses_1":["12"],
"unlabeledTemplateRelationSymbolNumber_Empty_splitClauses_1":["15"],
"clauseNumberBeforeSimplification_Empty_splitClauses_0":["96"],
"solvingTime_Octagon_splitClauses_1":["568"],
"cegarIterationNumber_Mined_splitClauses_1":["9"],
"clauseNumberBeforeSimplification_Mined_splitClauses_1":["96"],
"smt2FileSizeByte_PredictedCDHG_splitClauses_0":["60017"],
"averagePredicateSize_PredictedCG_splitClauses_0":["10800000"],
"solvingTime_Random_splitClauses_0":["10800000"],
"minedTemplateNumber_RelationalEqs_splitClauses_0":["109"],
"unlabeledSingleVariableTemplatesNumber_RelationalIneqs_splitClauses_0":["273"],
"unlabeledTemplateNumber_Unlabeled_splitClauses_1":["711"],
"labeledBinaryVariableTemplatesNumber_RelationalEqs_splitClauses_0":["12"],
"generatedPredicateNumber_PredictedCDHG_splitClauses_0":["10800000"],
"relationSymbolNumberAfterSimplification_RelationalIneqs_splitClauses_0":["116"],
"minedTemplateRelationSymbolNumber_Empty_splitClauses_1":["15"],
"predicateGeneratorTime_Random_splitClauses_1":["309"],
"labeledTemplateNumber_Term_splitClauses_1":["12"],
"relationSymbolNumberBeforeSimplification_RelationalEqs_splitClauses_0":["203"],
"minedSingleVariableTemplatesNumber_Empty_splitClauses_1":["97"],
"minedSingleVariableTemplatesNumber_RelationalIneqs_splitClauses_0":["97"],
"clauseNumberAfterSimplification_All_splitClauses_0":["89"],
"unlabeledBinaryVariableTemplatesNumber_RelationalEqs_splitClauses_0":["438"],
"cegarIterationNumber_RelationalEqs_splitClauses_0":["10800000"],
"labeledTemplateRelationSymbolNumber_PredictedCDHG_splitClauses_0":["5"],
"labeledSingleVariableTemplatesNumber_Labeled_splitClauses_1":["0"],
"unlabeledBinaryVariableTemplatesNumber_All_splitClauses_1":["438"],
"minedTemplateRelationSymbolNumber_Unlabeled_splitClauses_1":["15"],
"solvingTime_RelationalEqs_splitClauses_0":["10800000"],
"solvingTime_RelationalEqs_splitClauses_1":["632"],
"minedBinaryVariableTemplatesNumber_Mined_splitClauses_0":["12"],
"clauseNumberBeforeSimplification_All_splitClauses_0":["96"],
"clauseNumberBeforeSimplification_RelationalIneqs_splitClauses_1":["96"],
"labeledTemplateNumber_RelationalEqs_splitClauses_1":["12"],
"labeledBinaryVariableTemplatesNumber_RelationalIneqs_splitClauses_0":["12"],
"relationSymbolNumberBeforeSimplification_Labeled_splitClauses_0":["203"],
"clauseNumberAfterSimplification_Empty_splitClauses_0":["89"],
"averagePredicateSize_Empty_splitClauses_0":["10800000"],
"unlabeledTemplateNumber_Term_splitClauses_1":["711"],
"predicateGeneratorTime_Mined_splitClauses_1":["294"],
"labeledBinaryVariableTemplatesNumber_RelationalIneqs_splitClauses_1":["12"],
"predicateGeneratorTime_Unlabeled_splitClauses_0":["10800000"],
"relationSymbolNumberAfterSimplification_Empty_splitClauses_0":["116"],
"generatedPredicateNumber_Mined_splitClauses_0":["10800000"],
"generatedPredicateNumber_RelationalEqs_splitClauses_1":["13"],
"labeledTemplateRelationSymbolNumber_PredictedCG_splitClauses_0":["5"],
"minedSingleVariableTemplatesNumber_PredictedCG_splitClauses_1":["97"],
"minedTemplateRelationSymbolNumber_PredictedCG_splitClauses_0":["15"],
"unlabeledTemplateRelationSymbolNumber_Labeled_splitClauses_0":["15"],
"solvability_Empty_splitClauses_1":["1"],
"averagePredicateSize_Term_splitClauses_0":["10800000"],
"cegarIterationNumber_Random_splitClauses_1":["9"],
"averagePredicateSize_Labeled_splitClauses_1":["1"],
"unlabeledBinaryVariableTemplatesNumber_Unlabeled_splitClauses_0":["438"],
"generatedPredicateNumber_Unlabeled_splitClauses_1":["13"],
"predicateGeneratorTime_All_splitClauses_0":["10800000"],
"unlabeledBinaryVariableTemplatesNumber_PredictedCDHG_splitClauses_1":["438"],
"clauseNumberBeforeSimplification_Labeled_splitClauses_1":["96"],
"minedBinaryVariableTemplatesNumber_Labeled_splitClauses_1":["12"],
"labeledSingleVariableTemplatesNumber_All_splitClauses_0":["0"],
"unlabeledTemplateRelationSymbolNumber_Mined_splitClauses_0":["15"],
"cegarIterationNumber_Octagon_splitClauses_1":["9"],
"labeledTemplateNumber_Octagon_splitClauses_0":["12"],
"labeledTemplateRelationSymbolNumber_All_splitClauses_1":["5"],
"smt2FileSizeByte_Empty_splitClauses_0":["60017"],
"unlabeledTemplateNumber_Octagon_splitClauses_1":["711"],
"predicateGeneratorTime_RelationalEqs_splitClauses_0":["10800000"],
"unlabeledTemplateRelationSymbolNumber_RelationalIneqs_splitClauses_0":["15"],
"smt2FileSizeByte_RelationalEqs_splitClauses_1":["60017"],
"unlabeledTemplateNumber_Labeled_splitClauses_0":["711"],
"minedSingleVariableTemplatesNumber_Labeled_splitClauses_0":["97"],
"solvingTime_PredictedCDHG_splitClauses_1":["10800000"],
"relationSymbolNumberBeforeSimplification_Term_splitClauses_1":["203"],
"minedTemplateNumber_Octagon_splitClauses_1":["109"],
"clauseNumberBeforeSimplification_Mined_splitClauses_0":["96"],
"smt2FileSizeByte_All_splitClauses_0":["60017"],
"solvingTime_All_splitClauses_0":["10800000"],
"minedBinaryVariableTemplatesNumber_Term_splitClauses_1":["12"],
"unlabeledTemplateRelationSymbolNumber_Random_splitClauses_0":["15"],
"cegarIterationNumber_All_splitClauses_0":["10800000"],
"smt2FileSizeByte_RelationalEqs_splitClauses_0":["60017"],
"unlabeledSingleVariableTemplatesNumber_PredictedCDHG_splitClauses_1":["273"],
"clauseNumberBeforeSimplification_Labeled_splitClauses_0":["96"],
"cegarIterationNumber_PredictedCG_splitClauses_1":["10800000"],
"labeledTemplateRelationSymbolNumber_Unlabeled_splitClauses_0":["5"],
"unlabeledTemplateRelationSymbolNumber_Octagon_splitClauses_1":["15"],
"unlabeledTemplateNumber_Empty_splitClauses_1":["711"],
"clauseNumberBeforeSimplification_Octagon_splitClauses_1":["96"],
"labeledTemplateNumber_Unlabeled_splitClauses_0":["12"],
"labeledBinaryVariableTemplatesNumber_PredictedCG_splitClauses_0":["12"],
"solvability_Term_splitClauses_1":["1"],
"solvability_Octagon_splitClauses_0":["10800000"],
"minedTemplateRelationSymbolNumber_RelationalIneqs_splitClauses_0":["15"],
"clauseNumberBeforeSimplification_RelationalIneqs_splitClauses_0":["96"],
"labeledTemplateNumber_PredictedCG_splitClauses_0":["12"],
"cegarIterationNumber_Labeled_splitClauses_0":["10800000"],
"smt2FileSizeByte_Labeled_splitClauses_1":["60017"],
"clauseNumberBeforeSimplification_Unlabeled_splitClauses_1":["96"],
"generatedPredicateNumber_Term_splitClauses_1":["13"],
"solvingTime_Term_splitClauses_1":["415"],
"unlabeledBinaryVariableTemplatesNumber_Random_splitClauses_1":["438"],
"unlabeledSingleVariableTemplatesNumber_Octagon_splitClauses_0":["273"],
"solvingTime_Octagon_splitClauses_0":["10800000"],
"labeledSingleVariableTemplatesNumber_Mined_splitClauses_1":["0"],
"averagePredicateSize_Term_splitClauses_1":["1"],
"labeledTemplateNumber_Labeled_splitClauses_0":["12"],
"unlabeledSingleVariableTemplatesNumber_PredictedCG_splitClauses_0":["273"],
"smt2FileSizeByte_Mined_splitClauses_1":["60017"],
"labeledBinaryVariableTemplatesNumber_Unlabeled_splitClauses_1":["12"],
"labeledTemplateNumber_All_splitClauses_0":["12"],
"unlabeledTemplateNumber_Random_splitClauses_0":["711"],
"labeledTemplateNumber_Octagon_splitClauses_1":["12"],
"unlabeledTemplateNumber_PredictedCDHG_splitClauses_1":["711"],
"unlabeledBinaryVariableTemplatesNumber_Mined_splitClauses_0":["438"],
"minedTemplateRelationSymbolNumber_Mined_splitClauses_1":["15"],
"labeledTemplateNumber_RelationalIneqs_splitClauses_1":["12"],
"relationSymbolNumberAfterSimplification_All_splitClauses_0":["116"],
"relationSymbolNumberBeforeSimplification_PredictedCDHG_splitClauses_0":["203"],
"solvability_Term_splitClauses_0":["10800000"],
"clauseNumberBeforeSimplification_PredictedCG_splitClauses_1":["96"],
"generatedPredicateNumber_Labeled_splitClauses_1":["13"],
"labeledSingleVariableTemplatesNumber_Unlabeled_splitClauses_0":["0"],
"unlabeledBinaryVariableTemplatesNumber_Empty_splitClauses_0":["438"],
"solvingTime_Mined_splitClauses_0":["10800000"],
"unlabeledTemplateNumber_All_splitClauses_1":["711"],
"clauseNumberAfterSimplification_Random_splitClauses_1":["89"],
"labeledBinaryVariableTemplatesNumber_Octagon_splitClauses_1":["12"],
"unlabeledBinaryVariableTemplatesNumber_Labeled_splitClauses_0":["438"],
"smt2FileSizeByte_Octagon_splitClauses_0":["60017"],
"labeledSingleVariableTemplatesNumber_Random_splitClauses_1":["0"],
"solvability_Unlabeled_splitClauses_0":["10800000"],
"solvingTime_Unlabeled_splitClauses_0":["10800000"],
"unlabeledTemplateRelationSymbolNumber_All_splitClauses_1":["15"],
"minedTemplateNumber_Empty_splitClauses_1":["109"],
"solvability_RelationalIneqs_splitClauses_0":["10800000"],
"unlabeledTemplateRelationSymbolNumber_Labeled_splitClauses_1":["15"],
"cegarIterationNumber_RelationalEqs_splitClauses_1":["9"],
"minedSingleVariableTemplatesNumber_RelationalEqs_splitClauses_1":["97"],
"clauseNumberAfterSimplification_PredictedCDHG_splitClauses_1":["89"],
"minedBinaryVariableTemplatesNumber_RelationalIneqs_splitClauses_1":["12"],
"unlabeledBinaryVariableTemplatesNumber_Mined_splitClauses_1":["438"],
"unlabeledBinaryVariableTemplatesNumber_PredictedCDHG_splitClauses_0":["438"],
"solvingTime_Empty_splitClauses_1":["608"],
"labeledTemplateRelationSymbolNumber_Empty_splitClauses_1":["5"],
"generatedPredicateNumber_Term_splitClauses_0":["10800000"],
"averagePredicateSize_Empty_splitClauses_1":["1"],
"generatedPredicateNumber_PredictedCG_splitClauses_1":["10800000"],
"labeledTemplateRelationSymbolNumber_PredictedCDHG_splitClauses_1":["5"],
"predicateGeneratorTime_Mined_splitClauses_0":["10800000"],
"relationSymbolNumberBeforeSimplification_Term_splitClauses_0":["203"],
"predicateGeneratorTime_Labeled_splitClauses_0":["10800000"],
"labeledSingleVariableTemplatesNumber_Random_splitClauses_0":["0"],
"unlabeledTemplateRelationSymbolNumber_All_splitClauses_0":["15"],
"minedBinaryVariableTemplatesNumber_Labeled_splitClauses_0":["12"],
"generatedPredicateNumber_Labeled_splitClauses_0":["10800000"],
"relationSymbolNumberAfterSimplification_Empty_splitClauses_1":["116"],
"solvingTime_Mined_splitClauses_1":["412"],
"minedSingleVariableTemplatesNumber_All_splitClauses_1":["97"],
"predicateGeneratorTime_Random_splitClauses_0":["10800000"],
"cegarIterationNumber_Term_splitClauses_1":["9"],
"labeledTemplateNumber_Empty_splitClauses_1":["12"],
"clauseNumberAfterSimplification_Empty_splitClauses_1":["89"],
"minedTemplateRelationSymbolNumber_Empty_splitClauses_0":["15"],
"unlabeledSingleVariableTemplatesNumber_Term_splitClauses_0":["273"],
"minedSingleVariableTemplatesNumber_Empty_splitClauses_0":["97"],
"relationSymbolNumberAfterSimplification_Random_splitClauses_0":["116"],
"minedTemplateRelationSymbolNumber_RelationalEqs_splitClauses_0":["15"],
"cegarIterationNumber_Empty_splitClauses_0":["10800000"],
"minedBinaryVariableTemplatesNumber_RelationalEqs_splitClauses_1":["12"],
"relationSymbolNumberBeforeSimplification_PredictedCG_splitClauses_1":["203"],
"labeledSingleVariableTemplatesNumber_All_splitClauses_1":["0"],
"unlabeledTemplateRelationSymbolNumber_Octagon_splitClauses_0":["15"],
"minedTemplateRelationSymbolNumber_Unlabeled_splitClauses_0":["15"],
"labeledBinaryVariableTemplatesNumber_Mined_splitClauses_0":["12"],
"relationSymbolNumberAfterSimplification_Unlabeled_splitClauses_1":["116"],
"minedTemplateNumber_PredictedCG_splitClauses_1":["109"],
"cegarIterationNumber_Empty_splitClauses_1":["9"],
"averagePredicateSize_RelationalIneqs_splitClauses_0":["10800000"],
"solvability_All_splitClauses_1":["10800000"],
"unlabeledBinaryVariableTemplatesNumber_Term_splitClauses_1":["438"],
"minedTemplateRelationSymbolNumber_Labeled_splitClauses_1":["15"],
"averagePredicateSize_Unlabeled_splitClauses_1":["1"],
"labeledTemplateNumber_Term_splitClauses_0":["12"],
"smt2FileSizeByte_Empty_splitClauses_1":["60017"],
"solvingTime_PredictedCG_splitClauses_0":["10800000"],
"cegarIterationNumber_All_splitClauses_1":["10800000"],
"clauseNumberBeforeSimplification_Term_splitClauses_1":["96"],
"predicateGeneratorTime_Empty_splitClauses_0":["10800000"],
"relationSymbolNumberBeforeSimplification_Empty_splitClauses_1":["203"],
"averagePredicateSize_All_splitClauses_0":["10800000"],
"unlabeledBinaryVariableTemplatesNumber_Random_splitClauses_0":["438"],
"smt2FileSizeByte_Term_splitClauses_0":["60017"],
"averagePredicateSize_Mined_splitClauses_1":["1"],
"minedBinaryVariableTemplatesNumber_Empty_splitClauses_0":["12"],
"minedTemplateRelationSymbolNumber_All_splitClauses_1":["15"],
"labeledSingleVariableTemplatesNumber_PredictedCG_splitClauses_0":["0"],
"unlabeledBinaryVariableTemplatesNumber_RelationalIneqs_splitClauses_0":["438"],
"unlabeledSingleVariableTemplatesNumber_RelationalIneqs_splitClauses_1":["273"],
"clauseNumberAfterSimplification_RelationalIneqs_splitClauses_0":["89"],
"unlabeledTemplateNumber_RelationalEqs_splitClauses_0":["711"],
"unlabeledTemplateNumber_RelationalIneqs_splitClauses_1":["711"],
"labeledTemplateRelationSymbolNumber_PredictedCG_splitClauses_1":["5"],
"labeledTemplateRelationSymbolNumber_All_splitClauses_0":["5"],
"labeledSingleVariableTemplatesNumber_Octagon_splitClauses_0":["0"],
"dummyFiled":[]
}