{
"smt2FileSizeByte_All_splitClauses_1":["249667"],
"generatedPredicateNumber_All_splitClauses_1":["10800000"],
"unlabeledTemplateRelationSymbolNumber_PredictedCDHG_splitClauses_0":["109"],
"relationSymbolNumberBeforeSimplification_Unlabeled_splitClauses_1":["907"],
"predicateGeneratorTime_Term_splitClauses_0":["10800000"],
"averagePredicateSize_Random_splitClauses_1":["1"],
"labeledBinaryVariableTemplatesNumber_Labeled_splitClauses_1":["10"],
"clauseNumberBeforeSimplification_All_splitClauses_1":["352"],
"minedTemplateRelationSymbolNumber_Term_splitClauses_0":["109"],
"solvingTime_Labeled_splitClauses_1":["278"],
"unlabeledTemplateNumber_Labeled_splitClauses_1":["5069"],
"relationSymbolNumberAfterSimplification_All_splitClauses_1":["684"],
"minedTemplateRelationSymbolNumber_Octagon_splitClauses_1":["109"],
"clauseNumberAfterSimplification_Mined_splitClauses_1":["356"],
"relationSymbolNumberBeforeSimplification_Octagon_splitClauses_0":["907"],
"unlabeledBinaryVariableTemplatesNumber_Term_splitClauses_0":["3150"],
"labeledTemplateNumber_PredictedCDHG_splitClauses_0":["10"],
"solvability_Empty_splitClauses_0":["10800000"],
"unlabeledTemplateRelationSymbolNumber_Random_splitClauses_1":["109"],
"labeledBinaryVariableTemplatesNumber_Octagon_splitClauses_0":["10"],
"relationSymbolNumberBeforeSimplification_Random_splitClauses_1":["907"],
"minedTemplateRelationSymbolNumber_Random_splitClauses_1":["109"],
"unlabeledSingleVariableTemplatesNumber_Mined_splitClauses_0":["1919"],
"unlabeledBinaryVariableTemplatesNumber_PredictedCG_splitClauses_1":["3150"],
"solvability_All_splitClauses_0":["10800000"],
"predicateGeneratorTime_RelationalEqs_splitClauses_1":["140"],
"relationSymbolNumberBeforeSimplification_PredictedCDHG_splitClauses_1":["907"],
"smt2FileSizeByte_PredictedCG_splitClauses_1":["249667"],
"labeledSingleVariableTemplatesNumber_Unlabeled_splitClauses_1":["0"],
"labeledBinaryVariableTemplatesNumber_PredictedCG_splitClauses_1":["10"],
"minedBinaryVariableTemplatesNumber_PredictedCG_splitClauses_0":["10"],
"solvability_Random_splitClauses_0":["10800000"],
"relationSymbolNumberAfterSimplification_PredictedCG_splitClauses_1":["684"],
"clauseNumberBeforeSimplification_PredictedCDHG_splitClauses_1":["352"],
"labeledSingleVariableTemplatesNumber_Mined_splitClauses_0":["0"],
"solvability_Unlabeled_splitClauses_1":["1"],
"cegarIterationNumber_Labeled_splitClauses_1":["3"],
"smt2FileSizeByte_Mined_splitClauses_0":["249667"],
"relationSymbolNumberAfterSimplification_Mined_splitClauses_0":["684"],
"labeledSingleVariableTemplatesNumber_PredictedCG_splitClauses_1":["0"],
"smt2FileSizeByte_Octagon_splitClauses_1":["249667"],
"minedTemplateNumber_Labeled_splitClauses_1":["661"],
"labeledSingleVariableTemplatesNumber_RelationalIneqs_splitClauses_1":["0"],
"clauseNumberAfterSimplification_Labeled_splitClauses_1":["356"],
"relationSymbolNumberAfterSimplification_Labeled_splitClauses_0":["684"],
"smt2FileSizeByte_Random_splitClauses_0":["249667"],
"relationSymbolNumberAfterSimplification_PredictedCDHG_splitClauses_0":["684"],
"unlabeledTemplateRelationSymbolNumber_PredictedCDHG_splitClauses_1":["109"],
"labeledSingleVariableTemplatesNumber_Term_splitClauses_0":["0"],
"generatedPredicateNumber_PredictedCDHG_splitClauses_1":["10800000"],
"minedSingleVariableTemplatesNumber_Unlabeled_splitClauses_0":["651"],
"generatedPredicateNumber_Octagon_splitClauses_1":["5"],
"labeledSingleVariableTemplatesNumber_RelationalEqs_splitClauses_0":["0"],
"predicateGeneratorTime_PredictedCG_splitClauses_1":["10800000"],
"relationSymbolNumberAfterSimplification_Octagon_splitClauses_0":["684"],
"labeledTemplateNumber_Labeled_splitClauses_1":["10"],
"labeledSingleVariableTemplatesNumber_Empty_splitClauses_0":["0"],
"minedTemplateRelationSymbolNumber_RelationalIneqs_splitClauses_1":["109"],
"unlabeledSingleVariableTemplatesNumber_All_splitClauses_1":["1919"],
"labeledBinaryVariableTemplatesNumber_PredictedCDHG_splitClauses_1":["10"],
"unlabeledSingleVariableTemplatesNumber_RelationalEqs_splitClauses_1":["1919"],
"cegarIterationNumber_Term_splitClauses_0":["10800000"],
"unlabeledBinaryVariableTemplatesNumber_Labeled_splitClauses_1":["3150"],
"unlabeledSingleVariableTemplatesNumber_Term_splitClauses_1":["1919"],
"clauseNumberAfterSimplification_All_splitClauses_1":["356"],
"minedSingleVariableTemplatesNumber_Random_splitClauses_0":["651"],
"solvability_RelationalIneqs_splitClauses_1":["1"],
"minedTemplateNumber_Labeled_splitClauses_0":["661"],
"minedSingleVariableTemplatesNumber_Octagon_splitClauses_0":["651"],
"minedSingleVariableTemplatesNumber_Term_splitClauses_1":["651"],
"minedBinaryVariableTemplatesNumber_PredictedCDHG_splitClauses_1":["10"],
"generatedPredicateNumber_Mined_splitClauses_1":["5"],
"labeledSingleVariableTemplatesNumber_RelationalIneqs_splitClauses_0":["0"],
"averagePredicateSize_Mined_splitClauses_0":["10800000"],
"cegarIterationNumber_Unlabeled_splitClauses_0":["10800000"],
"minedBinaryVariableTemplatesNumber_Random_splitClauses_0":["10"],
"labeledTemplateNumber_Mined_splitClauses_1":["10"],
"labeledBinaryVariableTemplatesNumber_Random_splitClauses_0":["10"],
"unlabeledTemplateRelationSymbolNumber_Unlabeled_splitClauses_1":["109"],
"cegarIterationNumber_Mined_splitClauses_0":["10800000"],
"minedTemplateRelationSymbolNumber_Labeled_splitClauses_0":["109"],
"unlabeledBinaryVariableTemplatesNumber_RelationalIneqs_splitClauses_1":["3150"],
"unlabeledBinaryVariableTemplatesNumber_Octagon_splitClauses_0":["3150"],
"solvability_Mined_splitClauses_0":["10800000"],
"averagePredicateSize_RelationalEqs_splitClauses_0":["10800000"],
"clauseNumberAfterSimplification_Term_splitClauses_0":["356"],
"unlabeledTemplateNumber_Mined_splitClauses_0":["5069"],
"relationSymbolNumberAfterSimplification_Random_splitClauses_1":["684"],
"unlabeledTemplateNumber_PredictedCDHG_splitClauses_0":["5069"],
"cegarIterationNumber_RelationalIneqs_splitClauses_1":["3"],
"minedBinaryVariableTemplatesNumber_Unlabeled_splitClauses_1":["10"],
"labeledTemplateNumber_PredictedCG_splitClauses_1":["10"],
"labeledTemplateRelationSymbolNumber_Mined_splitClauses_0":["5"],
"labeledBinaryVariableTemplatesNumber_Mined_splitClauses_1":["10"],
"relationSymbolNumberBeforeSimplification_Mined_splitClauses_0":["907"],
"relationSymbolNumberBeforeSimplification_RelationalIneqs_splitClauses_0":["907"],
"clauseNumberAfterSimplification_RelationalIneqs_splitClauses_1":["356"],
"minedSingleVariableTemplatesNumber_PredictedCDHG_splitClauses_0":["651"],
"solvability_Labeled_splitClauses_1":["1"],
"labeledSingleVariableTemplatesNumber_Octagon_splitClauses_1":["0"],
"averagePredicateSize_Random_splitClauses_0":["10800000"],
"smt2FileSizeByte_RelationalIneqs_splitClauses_0":["249667"],
"generatedPredicateNumber_Unlabeled_splitClauses_0":["10800000"],
"solvability_RelationalEqs_splitClauses_0":["10800000"],
"predicateGeneratorTime_Empty_splitClauses_1":["172"],
"minedSingleVariableTemplatesNumber_Mined_splitClauses_0":["651"],
"relationSymbolNumberAfterSimplification_Unlabeled_splitClauses_0":["684"],
"minedTemplateRelationSymbolNumber_PredictedCDHG_splitClauses_1":["109"],
"minedTemplateNumber_PredictedCG_splitClauses_0":["661"],
"averagePredicateSize_RelationalIneqs_splitClauses_1":["1"],
"labeledTemplateRelationSymbolNumber_Random_splitClauses_1":["5"],
"minedTemplateNumber_RelationalIneqs_splitClauses_0":["661"],
"predicateGeneratorTime_RelationalIneqs_splitClauses_0":["10800000"],
"labeledTemplateRelationSymbolNumber_Empty_splitClauses_0":["5"],
"minedBinaryVariableTemplatesNumber_Octagon_splitClauses_0":["10"],
"labeledSingleVariableTemplatesNumber_Term_splitClauses_1":["0"],
"labeledBinaryVariableTemplatesNumber_Empty_splitClauses_0":["10"],
"minedTemplateNumber_Octagon_splitClauses_0":["661"],
"labeledBinaryVariableTemplatesNumber_Unlabeled_splitClauses_0":["10"],
"relationSymbolNumberBeforeSimplification_Empty_splitClauses_0":["907"],
"clauseNumberAfterSimplification_PredictedCDHG_splitClauses_0":["356"],
"smt2FileSizeByte_PredictedCG_splitClauses_0":["249667"],
"minedBinaryVariableTemplatesNumber_RelationalEqs_splitClauses_0":["10"],
"relationSymbolNumberBeforeSimplification_Unlabeled_splitClauses_0":["907"],
"labeledTemplateRelationSymbolNumber_RelationalEqs_splitClauses_1":["5"],
"minedBinaryVariableTemplatesNumber_Random_splitClauses_1":["10"],
"clauseNumberAfterSimplification_Unlabeled_splitClauses_1":["356"],
"minedSingleVariableTemplatesNumber_PredictedCDHG_splitClauses_1":["651"],
"labeledBinaryVariableTemplatesNumber_Term_splitClauses_1":["10"],
"clauseNumberBeforeSimplification_Empty_splitClauses_1":["352"],
"relationSymbolNumberAfterSimplification_Octagon_splitClauses_1":["684"],
"relationSymbolNumberAfterSimplification_Term_splitClauses_0":["684"],
"minedBinaryVariableTemplatesNumber_Mined_splitClauses_1":["10"],
"unlabeledBinaryVariableTemplatesNumber_Unlabeled_splitClauses_1":["3150"],
"relationSymbolNumberBeforeSimplification_Random_splitClauses_0":["907"],
"relationSymbolNumberAfterSimplification_PredictedCDHG_splitClauses_1":["684"],
"unlabeledTemplateNumber_PredictedCG_splitClauses_1":["5069"],
"generatedPredicateNumber_Empty_splitClauses_0":["10800000"],
"predicateGeneratorTime_RelationalIneqs_splitClauses_1":["140"],
"unlabeledSingleVariableTemplatesNumber_Empty_splitClauses_0":["1919"],
"cegarIterationNumber_Octagon_splitClauses_0":["10800000"],
"clauseNumberAfterSimplification_Octagon_splitClauses_1":["356"],
"unlabeledSingleVariableTemplatesNumber_Labeled_splitClauses_1":["1919"],
"clauseNumberBeforeSimplification_Random_splitClauses_1":["352"],
"minedTemplateRelationSymbolNumber_All_splitClauses_0":["109"],
"unlabeledTemplateRelationSymbolNumber_RelationalEqs_splitClauses_0":["109"],
"minedSingleVariableTemplatesNumber_Unlabeled_splitClauses_1":["651"],
"clauseNumberBeforeSimplification_RelationalEqs_splitClauses_0":["352"],
"minedTemplateNumber_Unlabeled_splitClauses_0":["661"],
"generatedPredicateNumber_Octagon_splitClauses_0":["10800000"],
"predicateGeneratorTime_PredictedCDHG_splitClauses_0":["10800000"],
"clauseNumberAfterSimplification_PredictedCG_splitClauses_1":["356"],
"labeledSingleVariableTemplatesNumber_RelationalEqs_splitClauses_1":["0"],
"smt2FileSizeByte_Random_splitClauses_1":["249667"],
"averagePredicateSize_PredictedCG_splitClauses_1":["10800000"],
"cegarIterationNumber_PredictedCDHG_splitClauses_1":["10800000"],
"clauseNumberAfterSimplification_RelationalEqs_splitClauses_1":["356"],
"minedBinaryVariableTemplatesNumber_Empty_splitClauses_1":["10"],
"relationSymbolNumberAfterSimplification_RelationalEqs_splitClauses_1":["684"],
"minedTemplateNumber_PredictedCDHG_splitClauses_0":["661"],
"labeledBinaryVariableTemplatesNumber_All_splitClauses_1":["10"],
"solvingTime_RelationalIneqs_splitClauses_1":["269"],
"unlabeledTemplateRelationSymbolNumber_RelationalEqs_splitClauses_1":["109"],
"smt2FileSizeByte_Unlabeled_splitClauses_0":["249667"],
"relationSymbolNumberBeforeSimplification_Mined_splitClauses_1":["907"],
"relationSymbolNumberAfterSimplification_Mined_splitClauses_1":["684"],
"generatedPredicateNumber_All_splitClauses_0":["10800000"],
"relationSymbolNumberBeforeSimplification_Octagon_splitClauses_1":["907"],
"predicateGeneratorTime_Octagon_splitClauses_1":["189"],
"solvability_Mined_splitClauses_1":["1"],
"minedTemplateRelationSymbolNumber_Term_splitClauses_1":["109"],
"clauseNumberAfterSimplification_Mined_splitClauses_0":["356"],
"solvability_PredictedCDHG_splitClauses_0":["10800000"],
"solvingTime_Empty_splitClauses_0":["10800000"],
"unlabeledSingleVariableTemplatesNumber_Unlabeled_splitClauses_1":["1919"],
"minedTemplateNumber_Term_splitClauses_1":["661"],
"averagePredicateSize_Octagon_splitClauses_1":["1"],
"unlabeledSingleVariableTemplatesNumber_Octagon_splitClauses_1":["1919"],
"minedTemplateRelationSymbolNumber_RelationalEqs_splitClauses_1":["109"],
"relationSymbolNumberBeforeSimplification_All_splitClauses_1":["907"],
"minedBinaryVariableTemplatesNumber_RelationalIneqs_splitClauses_0":["10"],
"predicateGeneratorTime_Term_splitClauses_1":["149"],
"solvingTime_Labeled_splitClauses_0":["10800000"],
"unlabeledBinaryVariableTemplatesNumber_PredictedCG_splitClauses_0":["3150"],
"minedTemplateNumber_All_splitClauses_0":["661"],
"predicateGeneratorTime_Labeled_splitClauses_1":["136"],
"unlabeledTemplateRelationSymbolNumber_Empty_splitClauses_0":["109"],
"unlabeledTemplateNumber_Mined_splitClauses_1":["5069"],
"solvability_PredictedCG_splitClauses_1":["10800000"],
"unlabeledTemplateNumber_Term_splitClauses_0":["5069"],
"minedBinaryVariableTemplatesNumber_PredictedCG_splitClauses_1":["10"],
"labeledSingleVariableTemplatesNumber_PredictedCDHG_splitClauses_0":["0"],
"minedBinaryVariableTemplatesNumber_All_splitClauses_0":["10"],
"averagePredicateSize_PredictedCDHG_splitClauses_1":["10800000"],
"predicateGeneratorTime_PredictedCG_splitClauses_0":["10800000"],
"generatedPredicateNumber_RelationalIneqs_splitClauses_0":["10800000"],
"labeledTemplateNumber_Empty_splitClauses_0":["10"],
"relationSymbolNumberAfterSimplification_RelationalIneqs_splitClauses_1":["684"],
"unlabeledTemplateRelationSymbolNumber_Term_splitClauses_0":["109"],
"minedTemplateNumber_All_splitClauses_1":["661"],
"labeledSingleVariableTemplatesNumber_Empty_splitClauses_1":["0"],
"minedBinaryVariableTemplatesNumber_Unlabeled_splitClauses_0":["10"],
"labeledTemplateNumber_Random_splitClauses_0":["10"],
"minedBinaryVariableTemplatesNumber_All_splitClauses_1":["10"],
"unlabeledSingleVariableTemplatesNumber_All_splitClauses_0":["1919"],
"relationSymbolNumberBeforeSimplification_Labeled_splitClauses_1":["907"],
"smt2FileSizeByte_PredictedCDHG_splitClauses_1":["249667"],
"labeledBinaryVariableTemplatesNumber_PredictedCDHG_splitClauses_0":["10"],
"averagePredicateSize_RelationalEqs_splitClauses_1":["1"],
"minedSingleVariableTemplatesNumber_Term_splitClauses_0":["651"],
"labeledTemplateRelationSymbolNumber_Term_splitClauses_1":["5"],
"generatedPredicateNumber_Random_splitClauses_0":["10800000"],
"labeledBinaryVariableTemplatesNumber_Empty_splitClauses_1":["10"],
"relationSymbolNumberAfterSimplification_Term_splitClauses_1":["684"],
"clauseNumberAfterSimplification_Labeled_splitClauses_0":["356"],
"labeledSingleVariableTemplatesNumber_Labeled_splitClauses_0":["0"],
"minedTemplateNumber_Mined_splitClauses_1":["661"],
"labeledTemplateRelationSymbolNumber_Labeled_splitClauses_0":["5"],
"unlabeledTemplateRelationSymbolNumber_Mined_splitClauses_1":["109"],
"solvability_Labeled_splitClauses_0":["10800000"],
"minedTemplateNumber_RelationalEqs_splitClauses_1":["661"],
"solvingTime_Random_splitClauses_1":["254"],
"minedTemplateNumber_Random_splitClauses_0":["661"],
"cegarIterationNumber_Unlabeled_splitClauses_1":["3"],
"minedTemplateNumber_RelationalIneqs_splitClauses_1":["661"],
"unlabeledBinaryVariableTemplatesNumber_Octagon_splitClauses_1":["3150"],
"minedSingleVariableTemplatesNumber_Octagon_splitClauses_1":["651"],
"minedSingleVariableTemplatesNumber_Random_splitClauses_1":["651"],
"averagePredicateSize_All_splitClauses_1":["10800000"],
"minedTemplateNumber_Empty_splitClauses_0":["661"],
"labeledTemplateNumber_Mined_splitClauses_0":["10"],
"unlabeledBinaryVariableTemplatesNumber_All_splitClauses_0":["3150"],
"relationSymbolNumberAfterSimplification_Labeled_splitClauses_1":["684"],
"labeledSingleVariableTemplatesNumber_PredictedCDHG_splitClauses_1":["0"],
"minedSingleVariableTemplatesNumber_Mined_splitClauses_1":["651"],
"labeledTemplateRelationSymbolNumber_Term_splitClauses_0":["5"],
"unlabeledTemplateRelationSymbolNumber_Term_splitClauses_1":["109"],
"predicateGeneratorTime_All_splitClauses_1":["10800000"],
"unlabeledSingleVariableTemplatesNumber_Random_splitClauses_0":["1919"],
"predicateGeneratorTime_Unlabeled_splitClauses_1":["159"],
"cegarIterationNumber_PredictedCDHG_splitClauses_0":["10800000"],
"labeledTemplateNumber_RelationalEqs_splitClauses_0":["10"],
"labeledTemplateRelationSymbolNumber_Mined_splitClauses_1":["5"],
"labeledTemplateRelationSymbolNumber_Random_splitClauses_0":["5"],
"labeledBinaryVariableTemplatesNumber_RelationalEqs_splitClauses_1":["10"],
"generatedPredicateNumber_RelationalIneqs_splitClauses_1":["5"],
"unlabeledTemplateRelationSymbolNumber_PredictedCG_splitClauses_1":["109"],
"unlabeledSingleVariableTemplatesNumber_RelationalEqs_splitClauses_0":["1919"],
"labeledBinaryVariableTemplatesNumber_Labeled_splitClauses_0":["10"],
"minedBinaryVariableTemplatesNumber_PredictedCDHG_splitClauses_0":["10"],
"unlabeledTemplateRelationSymbolNumber_Unlabeled_splitClauses_0":["109"],
"clauseNumberAfterSimplification_Term_splitClauses_1":["356"],
"unlabeledTemplateNumber_Octagon_splitClauses_0":["5069"],
"unlabeledBinaryVariableTemplatesNumber_RelationalEqs_splitClauses_1":["3150"],
"unlabeledTemplateNumber_PredictedCG_splitClauses_0":["5069"],
"unlabeledTemplateNumber_All_splitClauses_0":["5069"],
"labeledTemplateRelationSymbolNumber_RelationalIneqs_splitClauses_1":["5"],
"unlabeledSingleVariableTemplatesNumber_Mined_splitClauses_1":["1919"],
"labeledTemplateRelationSymbolNumber_Unlabeled_splitClauses_1":["5"],
"labeledBinaryVariableTemplatesNumber_Random_splitClauses_1":["10"],
"solvability_Random_splitClauses_1":["1"],
"solvingTime_Term_splitClauses_0":["10800000"],
"minedSingleVariableTemplatesNumber_Labeled_splitClauses_1":["651"],
"clauseNumberBeforeSimplification_Term_splitClauses_0":["352"],
"relationSymbolNumberBeforeSimplification_RelationalIneqs_splitClauses_1":["907"],
"minedTemplateRelationSymbolNumber_Mined_splitClauses_0":["109"],
"solvability_Octagon_splitClauses_1":["1"],
"minedSingleVariableTemplatesNumber_RelationalIneqs_splitClauses_1":["651"],
"smt2FileSizeByte_Labeled_splitClauses_0":["249667"],
"solvability_RelationalEqs_splitClauses_1":["1"],
"unlabeledSingleVariableTemplatesNumber_Empty_splitClauses_1":["1919"],
"labeledTemplateNumber_PredictedCDHG_splitClauses_1":["10"],
"minedTemplateRelationSymbolNumber_Octagon_splitClauses_0":["109"],
"clauseNumberAfterSimplification_Unlabeled_splitClauses_0":["356"],
"clauseNumberBeforeSimplification_Unlabeled_splitClauses_0":["352"],
"clauseNumberBeforeSimplification_PredictedCDHG_splitClauses_0":["352"],
"cegarIterationNumber_RelationalIneqs_splitClauses_0":["10800000"],
"labeledTemplateRelationSymbolNumber_RelationalEqs_splitClauses_0":["5"],
"averagePredicateSize_Labeled_splitClauses_0":["10800000"],
"smt2FileSizeByte_RelationalIneqs_splitClauses_1":["249667"],
"clauseNumberBeforeSimplification_RelationalEqs_splitClauses_1":["352"],
"unlabeledTemplateRelationSymbolNumber_RelationalIneqs_splitClauses_1":["109"],
"clauseNumberBeforeSimplification_PredictedCG_splitClauses_0":["352"],
"solvingTime_PredictedCDHG_splitClauses_0":["10800000"],
"labeledTemplateRelationSymbolNumber_Octagon_splitClauses_1":["5"],
"minedTemplateRelationSymbolNumber_PredictedCG_splitClauses_1":["109"],
"relationSymbolNumberBeforeSimplification_RelationalEqs_splitClauses_1":["907"],
"labeledTemplateNumber_Random_splitClauses_1":["10"],
"solvingTime_RelationalIneqs_splitClauses_0":["10800000"],
"labeledTemplateNumber_All_splitClauses_1":["10"],
"unlabeledTemplateNumber_Random_splitClauses_1":["5069"],
"relationSymbolNumberBeforeSimplification_All_splitClauses_0":["907"],
"smt2FileSizeByte_Unlabeled_splitClauses_1":["249667"],
"cegarIterationNumber_PredictedCG_splitClauses_0":["10800000"],
"predicateGeneratorTime_Octagon_splitClauses_0":["10800000"],
"unlabeledTemplateNumber_RelationalEqs_splitClauses_1":["5069"],
"clauseNumberAfterSimplification_Octagon_splitClauses_0":["356"],
"cegarIterationNumber_Random_splitClauses_0":["10800000"],
"solvability_PredictedCDHG_splitClauses_1":["10800000"],
"solvability_PredictedCG_splitClauses_0":["10800000"],
"solvingTime_PredictedCG_splitClauses_1":["10800000"],
"unlabeledSingleVariableTemplatesNumber_Unlabeled_splitClauses_0":["1919"],
"unlabeledTemplateNumber_Unlabeled_splitClauses_0":["5069"],
"labeledTemplateRelationSymbolNumber_RelationalIneqs_splitClauses_0":["5"],
"minedTemplateNumber_Random_splitClauses_1":["661"],
"generatedPredicateNumber_RelationalEqs_splitClauses_0":["10800000"],
"minedTemplateNumber_Term_splitClauses_0":["661"],
"solvingTime_All_splitClauses_1":["10800000"],
"minedSingleVariableTemplatesNumber_PredictedCG_splitClauses_0":["651"],
"smt2FileSizeByte_Term_splitClauses_1":["249667"],
"labeledBinaryVariableTemplatesNumber_All_splitClauses_0":["10"],
"minedTemplateNumber_PredictedCDHG_splitClauses_1":["661"],
"minedTemplateRelationSymbolNumber_PredictedCDHG_splitClauses_0":["109"],
"averagePredicateSize_Unlabeled_splitClauses_0":["10800000"],
"minedBinaryVariableTemplatesNumber_Octagon_splitClauses_1":["10"],
"unlabeledSingleVariableTemplatesNumber_Random_splitClauses_1":["1919"],
"clauseNumberBeforeSimplification_Random_splitClauses_0":["352"],
"solvingTime_Unlabeled_splitClauses_1":["347"],
"predicateGeneratorTime_PredictedCDHG_splitClauses_1":["10800000"],
"averagePredicateSize_PredictedCDHG_splitClauses_0":["10800000"],
"relationSymbolNumberAfterSimplification_RelationalEqs_splitClauses_0":["684"],
"minedBinaryVariableTemplatesNumber_Term_splitClauses_0":["10"],
"labeledTemplateNumber_RelationalIneqs_splitClauses_0":["10"],
"clauseNumberAfterSimplification_Random_splitClauses_0":["356"],
"clauseNumberAfterSimplification_PredictedCG_splitClauses_0":["356"],
"generatedPredicateNumber_Empty_splitClauses_1":["5"],
"clauseNumberBeforeSimplification_Octagon_splitClauses_0":["352"],
"unlabeledTemplateNumber_Empty_splitClauses_0":["5069"],
"minedSingleVariableTemplatesNumber_All_splitClauses_0":["651"],
"labeledTemplateRelationSymbolNumber_Octagon_splitClauses_0":["5"],
"generatedPredicateNumber_Random_splitClauses_1":["5"],
"clauseNumberAfterSimplification_RelationalEqs_splitClauses_0":["356"],
"labeledBinaryVariableTemplatesNumber_Term_splitClauses_0":["10"],
"minedSingleVariableTemplatesNumber_RelationalEqs_splitClauses_0":["651"],
"minedTemplateNumber_Mined_splitClauses_0":["661"],
"relationSymbolNumberBeforeSimplification_PredictedCG_splitClauses_0":["907"],
"averagePredicateSize_Octagon_splitClauses_0":["10800000"],
"unlabeledBinaryVariableTemplatesNumber_Empty_splitClauses_1":["3150"],
"unlabeledSingleVariableTemplatesNumber_PredictedCDHG_splitClauses_0":["1919"],
"unlabeledSingleVariableTemplatesNumber_PredictedCG_splitClauses_1":["1919"],
"labeledTemplateRelationSymbolNumber_Labeled_splitClauses_1":["5"],
"minedTemplateRelationSymbolNumber_Random_splitClauses_0":["109"],
"unlabeledTemplateRelationSymbolNumber_PredictedCG_splitClauses_0":["109"],
"unlabeledTemplateNumber_RelationalIneqs_splitClauses_0":["5069"],
"unlabeledSingleVariableTemplatesNumber_Labeled_splitClauses_0":["1919"],
"relationSymbolNumberAfterSimplification_PredictedCG_splitClauses_0":["684"],
"minedTemplateNumber_Unlabeled_splitClauses_1":["661"],
"generatedPredicateNumber_PredictedCG_splitClauses_0":["10800000"],
"labeledTemplateNumber_Unlabeled_splitClauses_1":["10"],
"unlabeledTemplateRelationSymbolNumber_Empty_splitClauses_1":["109"],
"clauseNumberBeforeSimplification_Empty_splitClauses_0":["352"],
"solvingTime_Octagon_splitClauses_1":["406"],
"cegarIterationNumber_Mined_splitClauses_1":["3"],
"clauseNumberBeforeSimplification_Mined_splitClauses_1":["352"],
"smt2FileSizeByte_PredictedCDHG_splitClauses_0":["249667"],
"averagePredicateSize_PredictedCG_splitClauses_0":["10800000"],
"solvingTime_Random_splitClauses_0":["10800000"],
"minedTemplateNumber_RelationalEqs_splitClauses_0":["661"],
"unlabeledSingleVariableTemplatesNumber_RelationalIneqs_splitClauses_0":["1919"],
"unlabeledTemplateNumber_Unlabeled_splitClauses_1":["5069"],
"labeledBinaryVariableTemplatesNumber_RelationalEqs_splitClauses_0":["10"],
"generatedPredicateNumber_PredictedCDHG_splitClauses_0":["10800000"],
"relationSymbolNumberAfterSimplification_RelationalIneqs_splitClauses_0":["684"],
"minedTemplateRelationSymbolNumber_Empty_splitClauses_1":["109"],
"predicateGeneratorTime_Random_splitClauses_1":["124"],
"labeledTemplateNumber_Term_splitClauses_1":["10"],
"relationSymbolNumberBeforeSimplification_RelationalEqs_splitClauses_0":["907"],
"minedSingleVariableTemplatesNumber_Empty_splitClauses_1":["651"],
"minedSingleVariableTemplatesNumber_RelationalIneqs_splitClauses_0":["651"],
"clauseNumberAfterSimplification_All_splitClauses_0":["356"],
"unlabeledBinaryVariableTemplatesNumber_RelationalEqs_splitClauses_0":["3150"],
"cegarIterationNumber_RelationalEqs_splitClauses_0":["10800000"],
"labeledTemplateRelationSymbolNumber_PredictedCDHG_splitClauses_0":["5"],
"labeledSingleVariableTemplatesNumber_Labeled_splitClauses_1":["0"],
"unlabeledBinaryVariableTemplatesNumber_All_splitClauses_1":["3150"],
"minedTemplateRelationSymbolNumber_Unlabeled_splitClauses_1":["109"],
"solvingTime_RelationalEqs_splitClauses_0":["10800000"],
"solvingTime_RelationalEqs_splitClauses_1":["254"],
"minedBinaryVariableTemplatesNumber_Mined_splitClauses_0":["10"],
"clauseNumberBeforeSimplification_All_splitClauses_0":["352"],
"clauseNumberBeforeSimplification_RelationalIneqs_splitClauses_1":["352"],
"labeledTemplateNumber_RelationalEqs_splitClauses_1":["10"],
"labeledBinaryVariableTemplatesNumber_RelationalIneqs_splitClauses_0":["10"],
"relationSymbolNumberBeforeSimplification_Labeled_splitClauses_0":["907"],
"clauseNumberAfterSimplification_Empty_splitClauses_0":["356"],
"averagePredicateSize_Empty_splitClauses_0":["10800000"],
"unlabeledTemplateNumber_Term_splitClauses_1":["5069"],
"predicateGeneratorTime_Mined_splitClauses_1":["113"],
"labeledBinaryVariableTemplatesNumber_RelationalIneqs_splitClauses_1":["10"],
"predicateGeneratorTime_Unlabeled_splitClauses_0":["10800000"],
"relationSymbolNumberAfterSimplification_Empty_splitClauses_0":["684"],
"generatedPredicateNumber_Mined_splitClauses_0":["10800000"],
"generatedPredicateNumber_RelationalEqs_splitClauses_1":["5"],
"labeledTemplateRelationSymbolNumber_PredictedCG_splitClauses_0":["5"],
"minedSingleVariableTemplatesNumber_PredictedCG_splitClauses_1":["651"],
"minedTemplateRelationSymbolNumber_PredictedCG_splitClauses_0":["109"],
"unlabeledTemplateRelationSymbolNumber_Labeled_splitClauses_0":["109"],
"solvability_Empty_splitClauses_1":["1"],
"averagePredicateSize_Term_splitClauses_0":["10800000"],
"cegarIterationNumber_Random_splitClauses_1":["3"],
"averagePredicateSize_Labeled_splitClauses_1":["1"],
"unlabeledBinaryVariableTemplatesNumber_Unlabeled_splitClauses_0":["3150"],
"generatedPredicateNumber_Unlabeled_splitClauses_1":["5"],
"predicateGeneratorTime_All_splitClauses_0":["10800000"],
"unlabeledBinaryVariableTemplatesNumber_PredictedCDHG_splitClauses_1":["3150"],
"clauseNumberBeforeSimplification_Labeled_splitClauses_1":["352"],
"minedBinaryVariableTemplatesNumber_Labeled_splitClauses_1":["10"],
"labeledSingleVariableTemplatesNumber_All_splitClauses_0":["0"],
"unlabeledTemplateRelationSymbolNumber_Mined_splitClauses_0":["109"],
"cegarIterationNumber_Octagon_splitClauses_1":["3"],
"labeledTemplateNumber_Octagon_splitClauses_0":["10"],
"labeledTemplateRelationSymbolNumber_All_splitClauses_1":["5"],
"smt2FileSizeByte_Empty_splitClauses_0":["249667"],
"unlabeledTemplateNumber_Octagon_splitClauses_1":["5069"],
"predicateGeneratorTime_RelationalEqs_splitClauses_0":["10800000"],
"unlabeledTemplateRelationSymbolNumber_RelationalIneqs_splitClauses_0":["109"],
"smt2FileSizeByte_RelationalEqs_splitClauses_1":["249667"],
"unlabeledTemplateNumber_Labeled_splitClauses_0":["5069"],
"minedSingleVariableTemplatesNumber_Labeled_splitClauses_0":["651"],
"solvingTime_PredictedCDHG_splitClauses_1":["10800000"],
"relationSymbolNumberBeforeSimplification_Term_splitClauses_1":["907"],
"minedTemplateNumber_Octagon_splitClauses_1":["661"],
"clauseNumberBeforeSimplification_Mined_splitClauses_0":["352"],
"smt2FileSizeByte_All_splitClauses_0":["249667"],
"solvingTime_All_splitClauses_0":["10800000"],
"minedBinaryVariableTemplatesNumber_Term_splitClauses_1":["10"],
"unlabeledTemplateRelationSymbolNumber_Random_splitClauses_0":["109"],
"cegarIterationNumber_All_splitClauses_0":["10800000"],
"smt2FileSizeByte_RelationalEqs_splitClauses_0":["249667"],
"unlabeledSingleVariableTemplatesNumber_PredictedCDHG_splitClauses_1":["1919"],
"clauseNumberBeforeSimplification_Labeled_splitClauses_0":["352"],
"cegarIterationNumber_PredictedCG_splitClauses_1":["10800000"],
"labeledTemplateRelationSymbolNumber_Unlabeled_splitClauses_0":["5"],
"unlabeledTemplateRelationSymbolNumber_Octagon_splitClauses_1":["109"],
"unlabeledTemplateNumber_Empty_splitClauses_1":["5069"],
"clauseNumberBeforeSimplification_Octagon_splitClauses_1":["352"],
"labeledTemplateNumber_Unlabeled_splitClauses_0":["10"],
"labeledBinaryVariableTemplatesNumber_PredictedCG_splitClauses_0":["10"],
"solvability_Term_splitClauses_1":["1"],
"solvability_Octagon_splitClauses_0":["10800000"],
"minedTemplateRelationSymbolNumber_RelationalIneqs_splitClauses_0":["109"],
"clauseNumberBeforeSimplification_RelationalIneqs_splitClauses_0":["352"],
"labeledTemplateNumber_PredictedCG_splitClauses_0":["10"],
"cegarIterationNumber_Labeled_splitClauses_0":["10800000"],
"smt2FileSizeByte_Labeled_splitClauses_1":["249667"],
"clauseNumberBeforeSimplification_Unlabeled_splitClauses_1":["352"],
"generatedPredicateNumber_Term_splitClauses_1":["5"],
"solvingTime_Term_splitClauses_1":["291"],
"unlabeledBinaryVariableTemplatesNumber_Random_splitClauses_1":["3150"],
"unlabeledSingleVariableTemplatesNumber_Octagon_splitClauses_0":["1919"],
"solvingTime_Octagon_splitClauses_0":["10800000"],
"labeledSingleVariableTemplatesNumber_Mined_splitClauses_1":["0"],
"averagePredicateSize_Term_splitClauses_1":["1"],
"labeledTemplateNumber_Labeled_splitClauses_0":["10"],
"unlabeledSingleVariableTemplatesNumber_PredictedCG_splitClauses_0":["1919"],
"smt2FileSizeByte_Mined_splitClauses_1":["249667"],
"labeledBinaryVariableTemplatesNumber_Unlabeled_splitClauses_1":["10"],
"labeledTemplateNumber_All_splitClauses_0":["10"],
"unlabeledTemplateNumber_Random_splitClauses_0":["5069"],
"labeledTemplateNumber_Octagon_splitClauses_1":["10"],
"unlabeledTemplateNumber_PredictedCDHG_splitClauses_1":["5069"],
"unlabeledBinaryVariableTemplatesNumber_Mined_splitClauses_0":["3150"],
"minedTemplateRelationSymbolNumber_Mined_splitClauses_1":["109"],
"labeledTemplateNumber_RelationalIneqs_splitClauses_1":["10"],
"relationSymbolNumberAfterSimplification_All_splitClauses_0":["684"],
"relationSymbolNumberBeforeSimplification_PredictedCDHG_splitClauses_0":["907"],
"solvability_Term_splitClauses_0":["10800000"],
"clauseNumberBeforeSimplification_PredictedCG_splitClauses_1":["352"],
"generatedPredicateNumber_Labeled_splitClauses_1":["5"],
"labeledSingleVariableTemplatesNumber_Unlabeled_splitClauses_0":["0"],
"unlabeledBinaryVariableTemplatesNumber_Empty_splitClauses_0":["3150"],
"solvingTime_Mined_splitClauses_0":["10800000"],
"unlabeledTemplateNumber_All_splitClauses_1":["5069"],
"clauseNumberAfterSimplification_Random_splitClauses_1":["356"],
"labeledBinaryVariableTemplatesNumber_Octagon_splitClauses_1":["10"],
"unlabeledBinaryVariableTemplatesNumber_Labeled_splitClauses_0":["3150"],
"smt2FileSizeByte_Octagon_splitClauses_0":["249667"],
"labeledSingleVariableTemplatesNumber_Random_splitClauses_1":["0"],
"solvability_Unlabeled_splitClauses_0":["10800000"],
"solvingTime_Unlabeled_splitClauses_0":["10800000"],
"unlabeledTemplateRelationSymbolNumber_All_splitClauses_1":["109"],
"minedTemplateNumber_Empty_splitClauses_1":["661"],
"solvability_RelationalIneqs_splitClauses_0":["10800000"],
"unlabeledTemplateRelationSymbolNumber_Labeled_splitClauses_1":["109"],
"cegarIterationNumber_RelationalEqs_splitClauses_1":["3"],
"minedSingleVariableTemplatesNumber_RelationalEqs_splitClauses_1":["651"],
"clauseNumberAfterSimplification_PredictedCDHG_splitClauses_1":["356"],
"minedBinaryVariableTemplatesNumber_RelationalIneqs_splitClauses_1":["10"],
"unlabeledBinaryVariableTemplatesNumber_Mined_splitClauses_1":["3150"],
"unlabeledBinaryVariableTemplatesNumber_PredictedCDHG_splitClauses_0":["3150"],
"solvingTime_Empty_splitClauses_1":["327"],
"labeledTemplateRelationSymbolNumber_Empty_splitClauses_1":["5"],
"generatedPredicateNumber_Term_splitClauses_0":["10800000"],
"averagePredicateSize_Empty_splitClauses_1":["1"],
"generatedPredicateNumber_PredictedCG_splitClauses_1":["10800000"],
"labeledTemplateRelationSymbolNumber_PredictedCDHG_splitClauses_1":["5"],
"predicateGeneratorTime_Mined_splitClauses_0":["10800000"],
"relationSymbolNumberBeforeSimplification_Term_splitClauses_0":["907"],
"predicateGeneratorTime_Labeled_splitClauses_0":["10800000"],
"labeledSingleVariableTemplatesNumber_Random_splitClauses_0":["0"],
"unlabeledTemplateRelationSymbolNumber_All_splitClauses_0":["109"],
"minedBinaryVariableTemplatesNumber_Labeled_splitClauses_0":["10"],
"generatedPredicateNumber_Labeled_splitClauses_0":["10800000"],
"relationSymbolNumberAfterSimplification_Empty_splitClauses_1":["684"],
"solvingTime_Mined_splitClauses_1":["219"],
"minedSingleVariableTemplatesNumber_All_splitClauses_1":["651"],
"predicateGeneratorTime_Random_splitClauses_0":["10800000"],
"cegarIterationNumber_Term_splitClauses_1":["3"],
"labeledTemplateNumber_Empty_splitClauses_1":["10"],
"clauseNumberAfterSimplification_Empty_splitClauses_1":["356"],
"minedTemplateRelationSymbolNumber_Empty_splitClauses_0":["109"],
"unlabeledSingleVariableTemplatesNumber_Term_splitClauses_0":["1919"],
"minedSingleVariableTemplatesNumber_Empty_splitClauses_0":["651"],
"relationSymbolNumberAfterSimplification_Random_splitClauses_0":["684"],
"minedTemplateRelationSymbolNumber_RelationalEqs_splitClauses_0":["109"],
"cegarIterationNumber_Empty_splitClauses_0":["10800000"],
"minedBinaryVariableTemplatesNumber_RelationalEqs_splitClauses_1":["10"],
"relationSymbolNumberBeforeSimplification_PredictedCG_splitClauses_1":["907"],
"labeledSingleVariableTemplatesNumber_All_splitClauses_1":["0"],
"unlabeledTemplateRelationSymbolNumber_Octagon_splitClauses_0":["109"],
"minedTemplateRelationSymbolNumber_Unlabeled_splitClauses_0":["109"],
"labeledBinaryVariableTemplatesNumber_Mined_splitClauses_0":["10"],
"relationSymbolNumberAfterSimplification_Unlabeled_splitClauses_1":["684"],
"minedTemplateNumber_PredictedCG_splitClauses_1":["661"],
"cegarIterationNumber_Empty_splitClauses_1":["3"],
"averagePredicateSize_RelationalIneqs_splitClauses_0":["10800000"],
"solvability_All_splitClauses_1":["10800000"],
"unlabeledBinaryVariableTemplatesNumber_Term_splitClauses_1":["3150"],
"minedTemplateRelationSymbolNumber_Labeled_splitClauses_1":["109"],
"averagePredicateSize_Unlabeled_splitClauses_1":["1"],
"labeledTemplateNumber_Term_splitClauses_0":["10"],
"smt2FileSizeByte_Empty_splitClauses_1":["249667"],
"solvingTime_PredictedCG_splitClauses_0":["10800000"],
"cegarIterationNumber_All_splitClauses_1":["10800000"],
"clauseNumberBeforeSimplification_Term_splitClauses_1":["352"],
"predicateGeneratorTime_Empty_splitClauses_0":["10800000"],
"relationSymbolNumberBeforeSimplification_Empty_splitClauses_1":["907"],
"averagePredicateSize_All_splitClauses_0":["10800000"],
"unlabeledBinaryVariableTemplatesNumber_Random_splitClauses_0":["3150"],
"smt2FileSizeByte_Term_splitClauses_0":["249667"],
"averagePredicateSize_Mined_splitClauses_1":["1"],
"minedBinaryVariableTemplatesNumber_Empty_splitClauses_0":["10"],
"minedTemplateRelationSymbolNumber_All_splitClauses_1":["109"],
"labeledSingleVariableTemplatesNumber_PredictedCG_splitClauses_0":["0"],
"unlabeledBinaryVariableTemplatesNumber_RelationalIneqs_splitClauses_0":["3150"],
"unlabeledSingleVariableTemplatesNumber_RelationalIneqs_splitClauses_1":["1919"],
"clauseNumberAfterSimplification_RelationalIneqs_splitClauses_0":["356"],
"unlabeledTemplateNumber_RelationalEqs_splitClauses_0":["5069"],
"unlabeledTemplateNumber_RelationalIneqs_splitClauses_1":["5069"],
"labeledTemplateRelationSymbolNumber_PredictedCG_splitClauses_1":["5"],
"labeledTemplateRelationSymbolNumber_All_splitClauses_0":["5"],
"labeledSingleVariableTemplatesNumber_Octagon_splitClauses_0":["0"],
"dummyFiled":[]
}