{
"smt2FileSizeByte_All_splitClauses_1":["9402"],
"generatedPredicateNumber_All_splitClauses_1":["10800000"],
"unlabeledTemplateRelationSymbolNumber_PredictedCDHG_splitClauses_0":["3"],
"relationSymbolNumberBeforeSimplification_Unlabeled_splitClauses_1":["65"],
"predicateGeneratorTime_Term_splitClauses_0":["10800000"],
"averagePredicateSize_Random_splitClauses_1":["1"],
"labeledBinaryVariableTemplatesNumber_Labeled_splitClauses_1":["15"],
"clauseNumberBeforeSimplification_All_splitClauses_1":["33"],
"minedTemplateRelationSymbolNumber_Term_splitClauses_0":["3"],
"solvingTime_Labeled_splitClauses_1":["1121"],
"unlabeledTemplateNumber_Labeled_splitClauses_1":["117"],
"relationSymbolNumberAfterSimplification_All_splitClauses_1":["17"],
"minedTemplateRelationSymbolNumber_Octagon_splitClauses_1":["3"],
"clauseNumberAfterSimplification_Mined_splitClauses_1":["9"],
"relationSymbolNumberBeforeSimplification_Octagon_splitClauses_0":["65"],
"unlabeledBinaryVariableTemplatesNumber_Term_splitClauses_0":["72"],
"labeledTemplateNumber_PredictedCDHG_splitClauses_0":["15"],
"solvability_Empty_splitClauses_0":["10800000"],
"unlabeledTemplateRelationSymbolNumber_Random_splitClauses_1":["3"],
"labeledBinaryVariableTemplatesNumber_Octagon_splitClauses_0":["15"],
"relationSymbolNumberBeforeSimplification_Random_splitClauses_1":["65"],
"minedTemplateRelationSymbolNumber_Random_splitClauses_1":["3"],
"unlabeledSingleVariableTemplatesNumber_Mined_splitClauses_0":["45"],
"unlabeledBinaryVariableTemplatesNumber_PredictedCG_splitClauses_1":["72"],
"solvability_All_splitClauses_0":["10800000"],
"predicateGeneratorTime_RelationalEqs_splitClauses_1":["441"],
"relationSymbolNumberBeforeSimplification_PredictedCDHG_splitClauses_1":["65"],
"smt2FileSizeByte_PredictedCG_splitClauses_1":["9402"],
"labeledSingleVariableTemplatesNumber_Unlabeled_splitClauses_1":["0"],
"labeledBinaryVariableTemplatesNumber_PredictedCG_splitClauses_1":["15"],
"minedBinaryVariableTemplatesNumber_PredictedCG_splitClauses_0":["15"],
"solvability_Random_splitClauses_0":["10800000"],
"relationSymbolNumberAfterSimplification_PredictedCG_splitClauses_1":["17"],
"clauseNumberBeforeSimplification_PredictedCDHG_splitClauses_1":["33"],
"labeledSingleVariableTemplatesNumber_Mined_splitClauses_0":["0"],
"solvability_Unlabeled_splitClauses_1":["1"],
"cegarIterationNumber_Labeled_splitClauses_1":["12"],
"smt2FileSizeByte_Mined_splitClauses_0":["9402"],
"relationSymbolNumberAfterSimplification_Mined_splitClauses_0":["17"],
"labeledSingleVariableTemplatesNumber_PredictedCG_splitClauses_1":["0"],
"smt2FileSizeByte_Octagon_splitClauses_1":["9402"],
"minedTemplateNumber_Labeled_splitClauses_1":["30"],
"labeledSingleVariableTemplatesNumber_RelationalIneqs_splitClauses_1":["0"],
"clauseNumberAfterSimplification_Labeled_splitClauses_1":["9"],
"relationSymbolNumberAfterSimplification_Labeled_splitClauses_0":["17"],
"smt2FileSizeByte_Random_splitClauses_0":["9402"],
"relationSymbolNumberAfterSimplification_PredictedCDHG_splitClauses_0":["17"],
"unlabeledTemplateRelationSymbolNumber_PredictedCDHG_splitClauses_1":["3"],
"labeledSingleVariableTemplatesNumber_Term_splitClauses_0":["0"],
"generatedPredicateNumber_PredictedCDHG_splitClauses_1":["10800000"],
"minedSingleVariableTemplatesNumber_Unlabeled_splitClauses_0":["15"],
"generatedPredicateNumber_Octagon_splitClauses_1":["37"],
"labeledSingleVariableTemplatesNumber_RelationalEqs_splitClauses_0":["0"],
"predicateGeneratorTime_PredictedCG_splitClauses_1":["10800000"],
"relationSymbolNumberAfterSimplification_Octagon_splitClauses_0":["17"],
"labeledTemplateNumber_Labeled_splitClauses_1":["15"],
"labeledSingleVariableTemplatesNumber_Empty_splitClauses_0":["0"],
"minedTemplateRelationSymbolNumber_RelationalIneqs_splitClauses_1":["3"],
"unlabeledSingleVariableTemplatesNumber_All_splitClauses_1":["45"],
"labeledBinaryVariableTemplatesNumber_PredictedCDHG_splitClauses_1":["15"],
"unlabeledSingleVariableTemplatesNumber_RelationalEqs_splitClauses_1":["45"],
"cegarIterationNumber_Term_splitClauses_0":["10800000"],
"unlabeledBinaryVariableTemplatesNumber_Labeled_splitClauses_1":["72"],
"unlabeledSingleVariableTemplatesNumber_Term_splitClauses_1":["45"],
"clauseNumberAfterSimplification_All_splitClauses_1":["9"],
"minedSingleVariableTemplatesNumber_Random_splitClauses_0":["15"],
"solvability_RelationalIneqs_splitClauses_1":["1"],
"minedTemplateNumber_Labeled_splitClauses_0":["30"],
"minedSingleVariableTemplatesNumber_Octagon_splitClauses_0":["15"],
"minedSingleVariableTemplatesNumber_Term_splitClauses_1":["15"],
"minedBinaryVariableTemplatesNumber_PredictedCDHG_splitClauses_1":["15"],
"generatedPredicateNumber_Mined_splitClauses_1":["32"],
"labeledSingleVariableTemplatesNumber_RelationalIneqs_splitClauses_0":["0"],
"averagePredicateSize_Mined_splitClauses_0":["10800000"],
"cegarIterationNumber_Unlabeled_splitClauses_0":["10800000"],
"minedBinaryVariableTemplatesNumber_Random_splitClauses_0":["15"],
"labeledTemplateNumber_Mined_splitClauses_1":["15"],
"labeledBinaryVariableTemplatesNumber_Random_splitClauses_0":["15"],
"unlabeledTemplateRelationSymbolNumber_Unlabeled_splitClauses_1":["3"],
"cegarIterationNumber_Mined_splitClauses_0":["10800000"],
"minedTemplateRelationSymbolNumber_Labeled_splitClauses_0":["3"],
"unlabeledBinaryVariableTemplatesNumber_RelationalIneqs_splitClauses_1":["72"],
"unlabeledBinaryVariableTemplatesNumber_Octagon_splitClauses_0":["72"],
"solvability_Mined_splitClauses_0":["10800000"],
"averagePredicateSize_RelationalEqs_splitClauses_0":["10800000"],
"clauseNumberAfterSimplification_Term_splitClauses_0":["9"],
"unlabeledTemplateNumber_Mined_splitClauses_0":["117"],
"relationSymbolNumberAfterSimplification_Random_splitClauses_1":["17"],
"unlabeledTemplateNumber_PredictedCDHG_splitClauses_0":["117"],
"cegarIterationNumber_RelationalIneqs_splitClauses_1":["12"],
"minedBinaryVariableTemplatesNumber_Unlabeled_splitClauses_1":["15"],
"labeledTemplateNumber_PredictedCG_splitClauses_1":["15"],
"labeledTemplateRelationSymbolNumber_Mined_splitClauses_0":["3"],
"labeledBinaryVariableTemplatesNumber_Mined_splitClauses_1":["15"],
"relationSymbolNumberBeforeSimplification_Mined_splitClauses_0":["65"],
"relationSymbolNumberBeforeSimplification_RelationalIneqs_splitClauses_0":["65"],
"clauseNumberAfterSimplification_RelationalIneqs_splitClauses_1":["9"],
"minedSingleVariableTemplatesNumber_PredictedCDHG_splitClauses_0":["15"],
"solvability_Labeled_splitClauses_1":["1"],
"labeledSingleVariableTemplatesNumber_Octagon_splitClauses_1":["0"],
"averagePredicateSize_Random_splitClauses_0":["10800000"],
"smt2FileSizeByte_RelationalIneqs_splitClauses_0":["9402"],
"generatedPredicateNumber_Unlabeled_splitClauses_0":["10800000"],
"solvability_RelationalEqs_splitClauses_0":["10800000"],
"predicateGeneratorTime_Empty_splitClauses_1":["416"],
"minedSingleVariableTemplatesNumber_Mined_splitClauses_0":["15"],
"relationSymbolNumberAfterSimplification_Unlabeled_splitClauses_0":["17"],
"minedTemplateRelationSymbolNumber_PredictedCDHG_splitClauses_1":["3"],
"minedTemplateNumber_PredictedCG_splitClauses_0":["30"],
"averagePredicateSize_RelationalIneqs_splitClauses_1":["1"],
"labeledTemplateRelationSymbolNumber_Random_splitClauses_1":["3"],
"minedTemplateNumber_RelationalIneqs_splitClauses_0":["30"],
"predicateGeneratorTime_RelationalIneqs_splitClauses_0":["10800000"],
"labeledTemplateRelationSymbolNumber_Empty_splitClauses_0":["3"],
"minedBinaryVariableTemplatesNumber_Octagon_splitClauses_0":["15"],
"labeledSingleVariableTemplatesNumber_Term_splitClauses_1":["0"],
"labeledBinaryVariableTemplatesNumber_Empty_splitClauses_0":["15"],
"minedTemplateNumber_Octagon_splitClauses_0":["30"],
"labeledBinaryVariableTemplatesNumber_Unlabeled_splitClauses_0":["15"],
"relationSymbolNumberBeforeSimplification_Empty_splitClauses_0":["65"],
"clauseNumberAfterSimplification_PredictedCDHG_splitClauses_0":["9"],
"smt2FileSizeByte_PredictedCG_splitClauses_0":["9402"],
"minedBinaryVariableTemplatesNumber_RelationalEqs_splitClauses_0":["15"],
"relationSymbolNumberBeforeSimplification_Unlabeled_splitClauses_0":["65"],
"labeledTemplateRelationSymbolNumber_RelationalEqs_splitClauses_1":["3"],
"minedBinaryVariableTemplatesNumber_Random_splitClauses_1":["15"],
"clauseNumberAfterSimplification_Unlabeled_splitClauses_1":["9"],
"minedSingleVariableTemplatesNumber_PredictedCDHG_splitClauses_1":["15"],
"labeledBinaryVariableTemplatesNumber_Term_splitClauses_1":["15"],
"clauseNumberBeforeSimplification_Empty_splitClauses_1":["33"],
"relationSymbolNumberAfterSimplification_Octagon_splitClauses_1":["17"],
"relationSymbolNumberAfterSimplification_Term_splitClauses_0":["17"],
"minedBinaryVariableTemplatesNumber_Mined_splitClauses_1":["15"],
"unlabeledBinaryVariableTemplatesNumber_Unlabeled_splitClauses_1":["72"],
"relationSymbolNumberBeforeSimplification_Random_splitClauses_0":["65"],
"relationSymbolNumberAfterSimplification_PredictedCDHG_splitClauses_1":["17"],
"unlabeledTemplateNumber_PredictedCG_splitClauses_1":["117"],
"generatedPredicateNumber_Empty_splitClauses_0":["10800000"],
"predicateGeneratorTime_RelationalIneqs_splitClauses_1":["649"],
"unlabeledSingleVariableTemplatesNumber_Empty_splitClauses_0":["45"],
"cegarIterationNumber_Octagon_splitClauses_0":["10800000"],
"clauseNumberAfterSimplification_Octagon_splitClauses_1":["9"],
"unlabeledSingleVariableTemplatesNumber_Labeled_splitClauses_1":["45"],
"clauseNumberBeforeSimplification_Random_splitClauses_1":["33"],
"minedTemplateRelationSymbolNumber_All_splitClauses_0":["3"],
"unlabeledTemplateRelationSymbolNumber_RelationalEqs_splitClauses_0":["3"],
"minedSingleVariableTemplatesNumber_Unlabeled_splitClauses_1":["15"],
"clauseNumberBeforeSimplification_RelationalEqs_splitClauses_0":["33"],
"minedTemplateNumber_Unlabeled_splitClauses_0":["30"],
"generatedPredicateNumber_Octagon_splitClauses_0":["10800000"],
"predicateGeneratorTime_PredictedCDHG_splitClauses_0":["10800000"],
"clauseNumberAfterSimplification_PredictedCG_splitClauses_1":["9"],
"labeledSingleVariableTemplatesNumber_RelationalEqs_splitClauses_1":["0"],
"smt2FileSizeByte_Random_splitClauses_1":["9402"],
"averagePredicateSize_PredictedCG_splitClauses_1":["10800000"],
"cegarIterationNumber_PredictedCDHG_splitClauses_1":["10800000"],
"clauseNumberAfterSimplification_RelationalEqs_splitClauses_1":["9"],
"minedBinaryVariableTemplatesNumber_Empty_splitClauses_1":["15"],
"relationSymbolNumberAfterSimplification_RelationalEqs_splitClauses_1":["17"],
"minedTemplateNumber_PredictedCDHG_splitClauses_0":["30"],
"labeledBinaryVariableTemplatesNumber_All_splitClauses_1":["15"],
"solvingTime_RelationalIneqs_splitClauses_1":["1423"],
"unlabeledTemplateRelationSymbolNumber_RelationalEqs_splitClauses_1":["3"],
"smt2FileSizeByte_Unlabeled_splitClauses_0":["9402"],
"relationSymbolNumberBeforeSimplification_Mined_splitClauses_1":["65"],
"relationSymbolNumberAfterSimplification_Mined_splitClauses_1":["17"],
"generatedPredicateNumber_All_splitClauses_0":["10800000"],
"relationSymbolNumberBeforeSimplification_Octagon_splitClauses_1":["65"],
"predicateGeneratorTime_Octagon_splitClauses_1":["768"],
"solvability_Mined_splitClauses_1":["1"],
"minedTemplateRelationSymbolNumber_Term_splitClauses_1":["3"],
"clauseNumberAfterSimplification_Mined_splitClauses_0":["9"],
"solvability_PredictedCDHG_splitClauses_0":["10800000"],
"solvingTime_Empty_splitClauses_0":["10800000"],
"unlabeledSingleVariableTemplatesNumber_Unlabeled_splitClauses_1":["45"],
"minedTemplateNumber_Term_splitClauses_1":["30"],
"averagePredicateSize_Octagon_splitClauses_1":["1"],
"unlabeledSingleVariableTemplatesNumber_Octagon_splitClauses_1":["45"],
"minedTemplateRelationSymbolNumber_RelationalEqs_splitClauses_1":["3"],
"relationSymbolNumberBeforeSimplification_All_splitClauses_1":["65"],
"minedBinaryVariableTemplatesNumber_RelationalIneqs_splitClauses_0":["15"],
"predicateGeneratorTime_Term_splitClauses_1":["580"],
"solvingTime_Labeled_splitClauses_0":["10800000"],
"unlabeledBinaryVariableTemplatesNumber_PredictedCG_splitClauses_0":["72"],
"minedTemplateNumber_All_splitClauses_0":["30"],
"predicateGeneratorTime_Labeled_splitClauses_1":["702"],
"unlabeledTemplateRelationSymbolNumber_Empty_splitClauses_0":["3"],
"unlabeledTemplateNumber_Mined_splitClauses_1":["117"],
"solvability_PredictedCG_splitClauses_1":["10800000"],
"unlabeledTemplateNumber_Term_splitClauses_0":["117"],
"minedBinaryVariableTemplatesNumber_PredictedCG_splitClauses_1":["15"],
"labeledSingleVariableTemplatesNumber_PredictedCDHG_splitClauses_0":["0"],
"minedBinaryVariableTemplatesNumber_All_splitClauses_0":["15"],
"averagePredicateSize_PredictedCDHG_splitClauses_1":["10800000"],
"predicateGeneratorTime_PredictedCG_splitClauses_0":["10800000"],
"generatedPredicateNumber_RelationalIneqs_splitClauses_0":["10800000"],
"labeledTemplateNumber_Empty_splitClauses_0":["15"],
"relationSymbolNumberAfterSimplification_RelationalIneqs_splitClauses_1":["17"],
"unlabeledTemplateRelationSymbolNumber_Term_splitClauses_0":["3"],
"minedTemplateNumber_All_splitClauses_1":["30"],
"labeledSingleVariableTemplatesNumber_Empty_splitClauses_1":["0"],
"minedBinaryVariableTemplatesNumber_Unlabeled_splitClauses_0":["15"],
"labeledTemplateNumber_Random_splitClauses_0":["15"],
"minedBinaryVariableTemplatesNumber_All_splitClauses_1":["15"],
"unlabeledSingleVariableTemplatesNumber_All_splitClauses_0":["45"],
"relationSymbolNumberBeforeSimplification_Labeled_splitClauses_1":["65"],
"smt2FileSizeByte_PredictedCDHG_splitClauses_1":["9402"],
"labeledBinaryVariableTemplatesNumber_PredictedCDHG_splitClauses_0":["15"],
"averagePredicateSize_RelationalEqs_splitClauses_1":["1"],
"minedSingleVariableTemplatesNumber_Term_splitClauses_0":["15"],
"labeledTemplateRelationSymbolNumber_Term_splitClauses_1":["3"],
"generatedPredicateNumber_Random_splitClauses_0":["10800000"],
"labeledBinaryVariableTemplatesNumber_Empty_splitClauses_1":["15"],
"relationSymbolNumberAfterSimplification_Term_splitClauses_1":["17"],
"clauseNumberAfterSimplification_Labeled_splitClauses_0":["9"],
"labeledSingleVariableTemplatesNumber_Labeled_splitClauses_0":["0"],
"minedTemplateNumber_Mined_splitClauses_1":["30"],
"labeledTemplateRelationSymbolNumber_Labeled_splitClauses_0":["3"],
"unlabeledTemplateRelationSymbolNumber_Mined_splitClauses_1":["3"],
"solvability_Labeled_splitClauses_0":["10800000"],
"minedTemplateNumber_RelationalEqs_splitClauses_1":["30"],
"solvingTime_Random_splitClauses_1":["1357"],
"minedTemplateNumber_Random_splitClauses_0":["30"],
"cegarIterationNumber_Unlabeled_splitClauses_1":["12"],
"minedTemplateNumber_RelationalIneqs_splitClauses_1":["30"],
"unlabeledBinaryVariableTemplatesNumber_Octagon_splitClauses_1":["72"],
"minedSingleVariableTemplatesNumber_Octagon_splitClauses_1":["15"],
"minedSingleVariableTemplatesNumber_Random_splitClauses_1":["15"],
"averagePredicateSize_All_splitClauses_1":["10800000"],
"minedTemplateNumber_Empty_splitClauses_0":["30"],
"labeledTemplateNumber_Mined_splitClauses_0":["15"],
"unlabeledBinaryVariableTemplatesNumber_All_splitClauses_0":["72"],
"relationSymbolNumberAfterSimplification_Labeled_splitClauses_1":["17"],
"labeledSingleVariableTemplatesNumber_PredictedCDHG_splitClauses_1":["0"],
"minedSingleVariableTemplatesNumber_Mined_splitClauses_1":["15"],
"labeledTemplateRelationSymbolNumber_Term_splitClauses_0":["3"],
"unlabeledTemplateRelationSymbolNumber_Term_splitClauses_1":["3"],
"predicateGeneratorTime_All_splitClauses_1":["10800000"],
"unlabeledSingleVariableTemplatesNumber_Random_splitClauses_0":["45"],
"predicateGeneratorTime_Unlabeled_splitClauses_1":["4572"],
"cegarIterationNumber_PredictedCDHG_splitClauses_0":["10800000"],
"labeledTemplateNumber_RelationalEqs_splitClauses_0":["15"],
"labeledTemplateRelationSymbolNumber_Mined_splitClauses_1":["3"],
"labeledTemplateRelationSymbolNumber_Random_splitClauses_0":["3"],
"labeledBinaryVariableTemplatesNumber_RelationalEqs_splitClauses_1":["15"],
"generatedPredicateNumber_RelationalIneqs_splitClauses_1":["44"],
"unlabeledTemplateRelationSymbolNumber_PredictedCG_splitClauses_1":["3"],
"unlabeledSingleVariableTemplatesNumber_RelationalEqs_splitClauses_0":["45"],
"labeledBinaryVariableTemplatesNumber_Labeled_splitClauses_0":["15"],
"minedBinaryVariableTemplatesNumber_PredictedCDHG_splitClauses_0":["15"],
"unlabeledTemplateRelationSymbolNumber_Unlabeled_splitClauses_0":["3"],
"clauseNumberAfterSimplification_Term_splitClauses_1":["9"],
"unlabeledTemplateNumber_Octagon_splitClauses_0":["117"],
"unlabeledBinaryVariableTemplatesNumber_RelationalEqs_splitClauses_1":["72"],
"unlabeledTemplateNumber_PredictedCG_splitClauses_0":["117"],
"unlabeledTemplateNumber_All_splitClauses_0":["117"],
"labeledTemplateRelationSymbolNumber_RelationalIneqs_splitClauses_1":["3"],
"unlabeledSingleVariableTemplatesNumber_Mined_splitClauses_1":["45"],
"labeledTemplateRelationSymbolNumber_Unlabeled_splitClauses_1":["3"],
"labeledBinaryVariableTemplatesNumber_Random_splitClauses_1":["15"],
"solvability_Random_splitClauses_1":["1"],
"solvingTime_Term_splitClauses_0":["10800000"],
"minedSingleVariableTemplatesNumber_Labeled_splitClauses_1":["15"],
"clauseNumberBeforeSimplification_Term_splitClauses_0":["33"],
"relationSymbolNumberBeforeSimplification_RelationalIneqs_splitClauses_1":["65"],
"minedTemplateRelationSymbolNumber_Mined_splitClauses_0":["3"],
"solvability_Octagon_splitClauses_1":["1"],
"minedSingleVariableTemplatesNumber_RelationalIneqs_splitClauses_1":["15"],
"smt2FileSizeByte_Labeled_splitClauses_0":["9402"],
"solvability_RelationalEqs_splitClauses_1":["1"],
"unlabeledSingleVariableTemplatesNumber_Empty_splitClauses_1":["45"],
"labeledTemplateNumber_PredictedCDHG_splitClauses_1":["15"],
"minedTemplateRelationSymbolNumber_Octagon_splitClauses_0":["3"],
"clauseNumberAfterSimplification_Unlabeled_splitClauses_0":["9"],
"clauseNumberBeforeSimplification_Unlabeled_splitClauses_0":["33"],
"clauseNumberBeforeSimplification_PredictedCDHG_splitClauses_0":["33"],
"cegarIterationNumber_RelationalIneqs_splitClauses_0":["10800000"],
"labeledTemplateRelationSymbolNumber_RelationalEqs_splitClauses_0":["3"],
"averagePredicateSize_Labeled_splitClauses_0":["10800000"],
"smt2FileSizeByte_RelationalIneqs_splitClauses_1":["9402"],
"clauseNumberBeforeSimplification_RelationalEqs_splitClauses_1":["33"],
"unlabeledTemplateRelationSymbolNumber_RelationalIneqs_splitClauses_1":["3"],
"clauseNumberBeforeSimplification_PredictedCG_splitClauses_0":["33"],
"solvingTime_PredictedCDHG_splitClauses_0":["10800000"],
"labeledTemplateRelationSymbolNumber_Octagon_splitClauses_1":["3"],
"minedTemplateRelationSymbolNumber_PredictedCG_splitClauses_1":["3"],
"relationSymbolNumberBeforeSimplification_RelationalEqs_splitClauses_1":["65"],
"labeledTemplateNumber_Random_splitClauses_1":["15"],
"solvingTime_RelationalIneqs_splitClauses_0":["10800000"],
"labeledTemplateNumber_All_splitClauses_1":["15"],
"unlabeledTemplateNumber_Random_splitClauses_1":["117"],
"relationSymbolNumberBeforeSimplification_All_splitClauses_0":["65"],
"smt2FileSizeByte_Unlabeled_splitClauses_1":["9402"],
"cegarIterationNumber_PredictedCG_splitClauses_0":["10800000"],
"predicateGeneratorTime_Octagon_splitClauses_0":["10800000"],
"unlabeledTemplateNumber_RelationalEqs_splitClauses_1":["117"],
"clauseNumberAfterSimplification_Octagon_splitClauses_0":["9"],
"cegarIterationNumber_Random_splitClauses_0":["10800000"],
"solvability_PredictedCDHG_splitClauses_1":["10800000"],
"solvability_PredictedCG_splitClauses_0":["10800000"],
"solvingTime_PredictedCG_splitClauses_1":["10800000"],
"unlabeledSingleVariableTemplatesNumber_Unlabeled_splitClauses_0":["45"],
"unlabeledTemplateNumber_Unlabeled_splitClauses_0":["117"],
"labeledTemplateRelationSymbolNumber_RelationalIneqs_splitClauses_0":["3"],
"minedTemplateNumber_Random_splitClauses_1":["30"],
"generatedPredicateNumber_RelationalEqs_splitClauses_0":["10800000"],
"minedTemplateNumber_Term_splitClauses_0":["30"],
"solvingTime_All_splitClauses_1":["10800000"],
"minedSingleVariableTemplatesNumber_PredictedCG_splitClauses_0":["15"],
"smt2FileSizeByte_Term_splitClauses_1":["9402"],
"labeledBinaryVariableTemplatesNumber_All_splitClauses_0":["15"],
"minedTemplateNumber_PredictedCDHG_splitClauses_1":["30"],
"minedTemplateRelationSymbolNumber_PredictedCDHG_splitClauses_0":["3"],
"averagePredicateSize_Unlabeled_splitClauses_0":["10800000"],
"minedBinaryVariableTemplatesNumber_Octagon_splitClauses_1":["15"],
"unlabeledSingleVariableTemplatesNumber_Random_splitClauses_1":["45"],
"clauseNumberBeforeSimplification_Random_splitClauses_0":["33"],
"solvingTime_Unlabeled_splitClauses_1":["4942"],
"predicateGeneratorTime_PredictedCDHG_splitClauses_1":["10800000"],
"averagePredicateSize_PredictedCDHG_splitClauses_0":["10800000"],
"relationSymbolNumberAfterSimplification_RelationalEqs_splitClauses_0":["17"],
"minedBinaryVariableTemplatesNumber_Term_splitClauses_0":["15"],
"labeledTemplateNumber_RelationalIneqs_splitClauses_0":["15"],
"clauseNumberAfterSimplification_Random_splitClauses_0":["9"],
"clauseNumberAfterSimplification_PredictedCG_splitClauses_0":["9"],
"generatedPredicateNumber_Empty_splitClauses_1":["32"],
"clauseNumberBeforeSimplification_Octagon_splitClauses_0":["33"],
"unlabeledTemplateNumber_Empty_splitClauses_0":["117"],
"minedSingleVariableTemplatesNumber_All_splitClauses_0":["15"],
"labeledTemplateRelationSymbolNumber_Octagon_splitClauses_0":["3"],
"generatedPredicateNumber_Random_splitClauses_1":["32"],
"clauseNumberAfterSimplification_RelationalEqs_splitClauses_0":["9"],
"labeledBinaryVariableTemplatesNumber_Term_splitClauses_0":["15"],
"minedSingleVariableTemplatesNumber_RelationalEqs_splitClauses_0":["15"],
"minedTemplateNumber_Mined_splitClauses_0":["30"],
"relationSymbolNumberBeforeSimplification_PredictedCG_splitClauses_0":["65"],
"averagePredicateSize_Octagon_splitClauses_0":["10800000"],
"unlabeledBinaryVariableTemplatesNumber_Empty_splitClauses_1":["72"],
"unlabeledSingleVariableTemplatesNumber_PredictedCDHG_splitClauses_0":["45"],
"unlabeledSingleVariableTemplatesNumber_PredictedCG_splitClauses_1":["45"],
"labeledTemplateRelationSymbolNumber_Labeled_splitClauses_1":["3"],
"minedTemplateRelationSymbolNumber_Random_splitClauses_0":["3"],
"unlabeledTemplateRelationSymbolNumber_PredictedCG_splitClauses_0":["3"],
"unlabeledTemplateNumber_RelationalIneqs_splitClauses_0":["117"],
"unlabeledSingleVariableTemplatesNumber_Labeled_splitClauses_0":["45"],
"relationSymbolNumberAfterSimplification_PredictedCG_splitClauses_0":["17"],
"minedTemplateNumber_Unlabeled_splitClauses_1":["30"],
"generatedPredicateNumber_PredictedCG_splitClauses_0":["10800000"],
"labeledTemplateNumber_Unlabeled_splitClauses_1":["15"],
"unlabeledTemplateRelationSymbolNumber_Empty_splitClauses_1":["3"],
"clauseNumberBeforeSimplification_Empty_splitClauses_0":["33"],
"solvingTime_Octagon_splitClauses_1":["1489"],
"cegarIterationNumber_Mined_splitClauses_1":["12"],
"clauseNumberBeforeSimplification_Mined_splitClauses_1":["33"],
"smt2FileSizeByte_PredictedCDHG_splitClauses_0":["9402"],
"averagePredicateSize_PredictedCG_splitClauses_0":["10800000"],
"solvingTime_Random_splitClauses_0":["10800000"],
"minedTemplateNumber_RelationalEqs_splitClauses_0":["30"],
"unlabeledSingleVariableTemplatesNumber_RelationalIneqs_splitClauses_0":["45"],
"unlabeledTemplateNumber_Unlabeled_splitClauses_1":["117"],
"labeledBinaryVariableTemplatesNumber_RelationalEqs_splitClauses_0":["15"],
"generatedPredicateNumber_PredictedCDHG_splitClauses_0":["10800000"],
"relationSymbolNumberAfterSimplification_RelationalIneqs_splitClauses_0":["17"],
"minedTemplateRelationSymbolNumber_Empty_splitClauses_1":["3"],
"predicateGeneratorTime_Random_splitClauses_1":["930"],
"labeledTemplateNumber_Term_splitClauses_1":["15"],
"relationSymbolNumberBeforeSimplification_RelationalEqs_splitClauses_0":["65"],
"minedSingleVariableTemplatesNumber_Empty_splitClauses_1":["15"],
"minedSingleVariableTemplatesNumber_RelationalIneqs_splitClauses_0":["15"],
"clauseNumberAfterSimplification_All_splitClauses_0":["9"],
"unlabeledBinaryVariableTemplatesNumber_RelationalEqs_splitClauses_0":["72"],
"cegarIterationNumber_RelationalEqs_splitClauses_0":["10800000"],
"labeledTemplateRelationSymbolNumber_PredictedCDHG_splitClauses_0":["3"],
"labeledSingleVariableTemplatesNumber_Labeled_splitClauses_1":["0"],
"unlabeledBinaryVariableTemplatesNumber_All_splitClauses_1":["72"],
"minedTemplateRelationSymbolNumber_Unlabeled_splitClauses_1":["3"],
"solvingTime_RelationalEqs_splitClauses_0":["10800000"],
"solvingTime_RelationalEqs_splitClauses_1":["1015"],
"minedBinaryVariableTemplatesNumber_Mined_splitClauses_0":["15"],
"clauseNumberBeforeSimplification_All_splitClauses_0":["33"],
"clauseNumberBeforeSimplification_RelationalIneqs_splitClauses_1":["33"],
"labeledTemplateNumber_RelationalEqs_splitClauses_1":["15"],
"labeledBinaryVariableTemplatesNumber_RelationalIneqs_splitClauses_0":["15"],
"relationSymbolNumberBeforeSimplification_Labeled_splitClauses_0":["65"],
"clauseNumberAfterSimplification_Empty_splitClauses_0":["9"],
"averagePredicateSize_Empty_splitClauses_0":["10800000"],
"unlabeledTemplateNumber_Term_splitClauses_1":["117"],
"predicateGeneratorTime_Mined_splitClauses_1":["667"],
"labeledBinaryVariableTemplatesNumber_RelationalIneqs_splitClauses_1":["15"],
"predicateGeneratorTime_Unlabeled_splitClauses_0":["10800000"],
"relationSymbolNumberAfterSimplification_Empty_splitClauses_0":["17"],
"generatedPredicateNumber_Mined_splitClauses_0":["10800000"],
"generatedPredicateNumber_RelationalEqs_splitClauses_1":["44"],
"labeledTemplateRelationSymbolNumber_PredictedCG_splitClauses_0":["3"],
"minedSingleVariableTemplatesNumber_PredictedCG_splitClauses_1":["15"],
"minedTemplateRelationSymbolNumber_PredictedCG_splitClauses_0":["3"],
"unlabeledTemplateRelationSymbolNumber_Labeled_splitClauses_0":["3"],
"solvability_Empty_splitClauses_1":["1"],
"averagePredicateSize_Term_splitClauses_0":["10800000"],
"cegarIterationNumber_Random_splitClauses_1":["12"],
"averagePredicateSize_Labeled_splitClauses_1":["1"],
"unlabeledBinaryVariableTemplatesNumber_Unlabeled_splitClauses_0":["72"],
"generatedPredicateNumber_Unlabeled_splitClauses_1":["32"],
"predicateGeneratorTime_All_splitClauses_0":["10800000"],
"unlabeledBinaryVariableTemplatesNumber_PredictedCDHG_splitClauses_1":["72"],
"clauseNumberBeforeSimplification_Labeled_splitClauses_1":["33"],
"minedBinaryVariableTemplatesNumber_Labeled_splitClauses_1":["15"],
"labeledSingleVariableTemplatesNumber_All_splitClauses_0":["0"],
"unlabeledTemplateRelationSymbolNumber_Mined_splitClauses_0":["3"],
"cegarIterationNumber_Octagon_splitClauses_1":["12"],
"labeledTemplateNumber_Octagon_splitClauses_0":["15"],
"labeledTemplateRelationSymbolNumber_All_splitClauses_1":["3"],
"smt2FileSizeByte_Empty_splitClauses_0":["9402"],
"unlabeledTemplateNumber_Octagon_splitClauses_1":["117"],
"predicateGeneratorTime_RelationalEqs_splitClauses_0":["10800000"],
"unlabeledTemplateRelationSymbolNumber_RelationalIneqs_splitClauses_0":["3"],
"smt2FileSizeByte_RelationalEqs_splitClauses_1":["9402"],
"unlabeledTemplateNumber_Labeled_splitClauses_0":["117"],
"minedSingleVariableTemplatesNumber_Labeled_splitClauses_0":["15"],
"solvingTime_PredictedCDHG_splitClauses_1":["10800000"],
"relationSymbolNumberBeforeSimplification_Term_splitClauses_1":["65"],
"minedTemplateNumber_Octagon_splitClauses_1":["30"],
"clauseNumberBeforeSimplification_Mined_splitClauses_0":["33"],
"smt2FileSizeByte_All_splitClauses_0":["9402"],
"solvingTime_All_splitClauses_0":["10800000"],
"minedBinaryVariableTemplatesNumber_Term_splitClauses_1":["15"],
"unlabeledTemplateRelationSymbolNumber_Random_splitClauses_0":["3"],
"cegarIterationNumber_All_splitClauses_0":["10800000"],
"smt2FileSizeByte_RelationalEqs_splitClauses_0":["9402"],
"unlabeledSingleVariableTemplatesNumber_PredictedCDHG_splitClauses_1":["45"],
"clauseNumberBeforeSimplification_Labeled_splitClauses_0":["33"],
"cegarIterationNumber_PredictedCG_splitClauses_1":["10800000"],
"labeledTemplateRelationSymbolNumber_Unlabeled_splitClauses_0":["3"],
"unlabeledTemplateRelationSymbolNumber_Octagon_splitClauses_1":["3"],
"unlabeledTemplateNumber_Empty_splitClauses_1":["117"],
"clauseNumberBeforeSimplification_Octagon_splitClauses_1":["33"],
"labeledTemplateNumber_Unlabeled_splitClauses_0":["15"],
"labeledBinaryVariableTemplatesNumber_PredictedCG_splitClauses_0":["15"],
"solvability_Term_splitClauses_1":["1"],
"solvability_Octagon_splitClauses_0":["10800000"],
"minedTemplateRelationSymbolNumber_RelationalIneqs_splitClauses_0":["3"],
"clauseNumberBeforeSimplification_RelationalIneqs_splitClauses_0":["33"],
"labeledTemplateNumber_PredictedCG_splitClauses_0":["15"],
"cegarIterationNumber_Labeled_splitClauses_0":["10800000"],
"smt2FileSizeByte_Labeled_splitClauses_1":["9402"],
"clauseNumberBeforeSimplification_Unlabeled_splitClauses_1":["33"],
"generatedPredicateNumber_Term_splitClauses_1":["32"],
"solvingTime_Term_splitClauses_1":["900"],
"unlabeledBinaryVariableTemplatesNumber_Random_splitClauses_1":["72"],
"unlabeledSingleVariableTemplatesNumber_Octagon_splitClauses_0":["45"],
"solvingTime_Octagon_splitClauses_0":["10800000"],
"labeledSingleVariableTemplatesNumber_Mined_splitClauses_1":["0"],
"averagePredicateSize_Term_splitClauses_1":["1"],
"labeledTemplateNumber_Labeled_splitClauses_0":["15"],
"unlabeledSingleVariableTemplatesNumber_PredictedCG_splitClauses_0":["45"],
"smt2FileSizeByte_Mined_splitClauses_1":["9402"],
"labeledBinaryVariableTemplatesNumber_Unlabeled_splitClauses_1":["15"],
"labeledTemplateNumber_All_splitClauses_0":["15"],
"unlabeledTemplateNumber_Random_splitClauses_0":["117"],
"labeledTemplateNumber_Octagon_splitClauses_1":["15"],
"unlabeledTemplateNumber_PredictedCDHG_splitClauses_1":["117"],
"unlabeledBinaryVariableTemplatesNumber_Mined_splitClauses_0":["72"],
"minedTemplateRelationSymbolNumber_Mined_splitClauses_1":["3"],
"labeledTemplateNumber_RelationalIneqs_splitClauses_1":["15"],
"relationSymbolNumberAfterSimplification_All_splitClauses_0":["17"],
"relationSymbolNumberBeforeSimplification_PredictedCDHG_splitClauses_0":["65"],
"solvability_Term_splitClauses_0":["10800000"],
"clauseNumberBeforeSimplification_PredictedCG_splitClauses_1":["33"],
"generatedPredicateNumber_Labeled_splitClauses_1":["32"],
"labeledSingleVariableTemplatesNumber_Unlabeled_splitClauses_0":["0"],
"unlabeledBinaryVariableTemplatesNumber_Empty_splitClauses_0":["72"],
"solvingTime_Mined_splitClauses_0":["10800000"],
"unlabeledTemplateNumber_All_splitClauses_1":["117"],
"clauseNumberAfterSimplification_Random_splitClauses_1":["9"],
"labeledBinaryVariableTemplatesNumber_Octagon_splitClauses_1":["15"],
"unlabeledBinaryVariableTemplatesNumber_Labeled_splitClauses_0":["72"],
"smt2FileSizeByte_Octagon_splitClauses_0":["9402"],
"labeledSingleVariableTemplatesNumber_Random_splitClauses_1":["0"],
"solvability_Unlabeled_splitClauses_0":["10800000"],
"solvingTime_Unlabeled_splitClauses_0":["10800000"],
"unlabeledTemplateRelationSymbolNumber_All_splitClauses_1":["3"],
"minedTemplateNumber_Empty_splitClauses_1":["30"],
"solvability_RelationalIneqs_splitClauses_0":["10800000"],
"unlabeledTemplateRelationSymbolNumber_Labeled_splitClauses_1":["3"],
"cegarIterationNumber_RelationalEqs_splitClauses_1":["12"],
"minedSingleVariableTemplatesNumber_RelationalEqs_splitClauses_1":["15"],
"clauseNumberAfterSimplification_PredictedCDHG_splitClauses_1":["9"],
"minedBinaryVariableTemplatesNumber_RelationalIneqs_splitClauses_1":["15"],
"unlabeledBinaryVariableTemplatesNumber_Mined_splitClauses_1":["72"],
"unlabeledBinaryVariableTemplatesNumber_PredictedCDHG_splitClauses_0":["72"],
"solvingTime_Empty_splitClauses_1":["881"],
"labeledTemplateRelationSymbolNumber_Empty_splitClauses_1":["3"],
"generatedPredicateNumber_Term_splitClauses_0":["10800000"],
"averagePredicateSize_Empty_splitClauses_1":["1"],
"generatedPredicateNumber_PredictedCG_splitClauses_1":["10800000"],
"labeledTemplateRelationSymbolNumber_PredictedCDHG_splitClauses_1":["3"],
"predicateGeneratorTime_Mined_splitClauses_0":["10800000"],
"relationSymbolNumberBeforeSimplification_Term_splitClauses_0":["65"],
"predicateGeneratorTime_Labeled_splitClauses_0":["10800000"],
"labeledSingleVariableTemplatesNumber_Random_splitClauses_0":["0"],
"unlabeledTemplateRelationSymbolNumber_All_splitClauses_0":["3"],
"minedBinaryVariableTemplatesNumber_Labeled_splitClauses_0":["15"],
"generatedPredicateNumber_Labeled_splitClauses_0":["10800000"],
"relationSymbolNumberAfterSimplification_Empty_splitClauses_1":["17"],
"solvingTime_Mined_splitClauses_1":["1021"],
"minedSingleVariableTemplatesNumber_All_splitClauses_1":["15"],
"predicateGeneratorTime_Random_splitClauses_0":["10800000"],
"cegarIterationNumber_Term_splitClauses_1":["12"],
"labeledTemplateNumber_Empty_splitClauses_1":["15"],
"clauseNumberAfterSimplification_Empty_splitClauses_1":["9"],
"minedTemplateRelationSymbolNumber_Empty_splitClauses_0":["3"],
"unlabeledSingleVariableTemplatesNumber_Term_splitClauses_0":["45"],
"minedSingleVariableTemplatesNumber_Empty_splitClauses_0":["15"],
"relationSymbolNumberAfterSimplification_Random_splitClauses_0":["17"],
"minedTemplateRelationSymbolNumber_RelationalEqs_splitClauses_0":["3"],
"cegarIterationNumber_Empty_splitClauses_0":["10800000"],
"minedBinaryVariableTemplatesNumber_RelationalEqs_splitClauses_1":["15"],
"relationSymbolNumberBeforeSimplification_PredictedCG_splitClauses_1":["65"],
"labeledSingleVariableTemplatesNumber_All_splitClauses_1":["0"],
"unlabeledTemplateRelationSymbolNumber_Octagon_splitClauses_0":["3"],
"minedTemplateRelationSymbolNumber_Unlabeled_splitClauses_0":["3"],
"labeledBinaryVariableTemplatesNumber_Mined_splitClauses_0":["15"],
"relationSymbolNumberAfterSimplification_Unlabeled_splitClauses_1":["17"],
"minedTemplateNumber_PredictedCG_splitClauses_1":["30"],
"cegarIterationNumber_Empty_splitClauses_1":["12"],
"averagePredicateSize_RelationalIneqs_splitClauses_0":["10800000"],
"solvability_All_splitClauses_1":["10800000"],
"unlabeledBinaryVariableTemplatesNumber_Term_splitClauses_1":["72"],
"minedTemplateRelationSymbolNumber_Labeled_splitClauses_1":["3"],
"averagePredicateSize_Unlabeled_splitClauses_1":["1"],
"labeledTemplateNumber_Term_splitClauses_0":["15"],
"smt2FileSizeByte_Empty_splitClauses_1":["9402"],
"solvingTime_PredictedCG_splitClauses_0":["10800000"],
"cegarIterationNumber_All_splitClauses_1":["10800000"],
"clauseNumberBeforeSimplification_Term_splitClauses_1":["33"],
"predicateGeneratorTime_Empty_splitClauses_0":["10800000"],
"relationSymbolNumberBeforeSimplification_Empty_splitClauses_1":["65"],
"averagePredicateSize_All_splitClauses_0":["10800000"],
"unlabeledBinaryVariableTemplatesNumber_Random_splitClauses_0":["72"],
"smt2FileSizeByte_Term_splitClauses_0":["9402"],
"averagePredicateSize_Mined_splitClauses_1":["1"],
"minedBinaryVariableTemplatesNumber_Empty_splitClauses_0":["15"],
"minedTemplateRelationSymbolNumber_All_splitClauses_1":["3"],
"labeledSingleVariableTemplatesNumber_PredictedCG_splitClauses_0":["0"],
"unlabeledBinaryVariableTemplatesNumber_RelationalIneqs_splitClauses_0":["72"],
"unlabeledSingleVariableTemplatesNumber_RelationalIneqs_splitClauses_1":["45"],
"clauseNumberAfterSimplification_RelationalIneqs_splitClauses_0":["9"],
"unlabeledTemplateNumber_RelationalEqs_splitClauses_0":["117"],
"unlabeledTemplateNumber_RelationalIneqs_splitClauses_1":["117"],
"labeledTemplateRelationSymbolNumber_PredictedCG_splitClauses_1":["3"],
"labeledTemplateRelationSymbolNumber_All_splitClauses_0":["3"],
"labeledSingleVariableTemplatesNumber_Octagon_splitClauses_0":["0"],
"dummyFiled":[]
}