{
"smt2FileSizeByte_All_splitClauses_1":["55422"],
"generatedPredicateNumber_All_splitClauses_1":["10800000"],
"unlabeledTemplateRelationSymbolNumber_PredictedCDHG_splitClauses_0":["8"],
"predicateGeneratorTime_Term_splitClauses_0":["10800000"],
"averagePredicateSize_Random_splitClauses_1":["10800000"],
"labeledBinaryVariableTemplatesNumber_Labeled_splitClauses_1":["5"],
"clauseNumberBeforeSimplification_All_splitClauses_1":["91"],
"minedTemplateRelationSymbolNumber_Term_splitClauses_0":["8"],
"solvingTime_Labeled_splitClauses_1":["10800000"],
"unlabeledTemplateNumber_Labeled_splitClauses_1":["313"],
"relationSymbolNumber_Term_splitClauses_1":["109"],
"minedTemplateRelationSymbolNumber_Octagon_splitClauses_1":["8"],
"clauseNumberAfterSimplification_Mined_splitClauses_1":["84"],
"unlabeledBinaryVariableTemplatesNumber_Term_splitClauses_0":["192"],
"labeledTemplateNumber_PredictedCDHG_splitClauses_0":["6"],
"relationSymbolNumber_RelationalEqs_splitClauses_1":["109"],
"solvability_Empty_splitClauses_0":["10800000"],
"unlabeledTemplateRelationSymbolNumber_Random_splitClauses_1":["8"],
"labeledBinaryVariableTemplatesNumber_Octagon_splitClauses_0":["5"],
"minedTemplateRelationSymbolNumber_Random_splitClauses_1":["8"],
"unlabeledSingleVariableTemplatesNumber_Mined_splitClauses_0":["121"],
"unlabeledBinaryVariableTemplatesNumber_PredictedCG_splitClauses_1":["192"],
"solvability_All_splitClauses_0":["10800000"],
"predicateGeneratorTime_RelationalEqs_splitClauses_1":["10800000"],
"smt2FileSizeByte_PredictedCG_splitClauses_1":["55422"],
"labeledSingleVariableTemplatesNumber_Unlabeled_splitClauses_1":["1"],
"labeledBinaryVariableTemplatesNumber_PredictedCG_splitClauses_1":["5"],
"minedBinaryVariableTemplatesNumber_PredictedCG_splitClauses_0":["5"],
"solvability_Random_splitClauses_0":["10800000"],
"clauseNumberBeforeSimplification_PredictedCDHG_splitClauses_1":["91"],
"labeledSingleVariableTemplatesNumber_Mined_splitClauses_0":["1"],
"solvability_Unlabeled_splitClauses_1":["10800000"],
"cegarIterationNumber_Labeled_splitClauses_1":["10800000"],
"smt2FileSizeByte_Mined_splitClauses_0":["55422"],
"labeledSingleVariableTemplatesNumber_PredictedCG_splitClauses_1":["1"],
"smt2FileSizeByte_Octagon_splitClauses_1":["55422"],
"minedTemplateNumber_Labeled_splitClauses_1":["46"],
"labeledSingleVariableTemplatesNumber_RelationalIneqs_splitClauses_1":["1"],
"clauseNumberAfterSimplification_Labeled_splitClauses_1":["84"],
"smt2FileSizeByte_Random_splitClauses_0":["55422"],
"unlabeledTemplateRelationSymbolNumber_PredictedCDHG_splitClauses_1":["8"],
"labeledSingleVariableTemplatesNumber_Term_splitClauses_0":["1"],
"generatedPredicateNumber_PredictedCDHG_splitClauses_1":["10800000"],
"minedSingleVariableTemplatesNumber_Unlabeled_splitClauses_0":["41"],
"generatedPredicateNumber_Octagon_splitClauses_1":["10800000"],
"labeledSingleVariableTemplatesNumber_RelationalEqs_splitClauses_0":["1"],
"predicateGeneratorTime_PredictedCG_splitClauses_1":["10800000"],
"labeledTemplateNumber_Labeled_splitClauses_1":["6"],
"labeledSingleVariableTemplatesNumber_Empty_splitClauses_0":["1"],
"minedTemplateRelationSymbolNumber_RelationalIneqs_splitClauses_1":["8"],
"unlabeledSingleVariableTemplatesNumber_All_splitClauses_1":["121"],
"labeledBinaryVariableTemplatesNumber_PredictedCDHG_splitClauses_1":["5"],
"unlabeledSingleVariableTemplatesNumber_RelationalEqs_splitClauses_1":["121"],
"cegarIterationNumber_Term_splitClauses_0":["10800000"],
"unlabeledBinaryVariableTemplatesNumber_Labeled_splitClauses_1":["192"],
"unlabeledSingleVariableTemplatesNumber_Term_splitClauses_1":["121"],
"clauseNumberAfterSimplification_All_splitClauses_1":["84"],
"minedSingleVariableTemplatesNumber_Random_splitClauses_0":["41"],
"solvability_RelationalIneqs_splitClauses_1":["10800000"],
"minedTemplateNumber_Labeled_splitClauses_0":["46"],
"minedSingleVariableTemplatesNumber_Octagon_splitClauses_0":["41"],
"minedSingleVariableTemplatesNumber_Term_splitClauses_1":["41"],
"minedBinaryVariableTemplatesNumber_PredictedCDHG_splitClauses_1":["5"],
"generatedPredicateNumber_Mined_splitClauses_1":["4"],
"relationSymbolNumber_Octagon_splitClauses_1":["109"],
"relationSymbolNumber_Unlabeled_splitClauses_1":["109"],
"labeledSingleVariableTemplatesNumber_RelationalIneqs_splitClauses_0":["1"],
"averagePredicateSize_Mined_splitClauses_0":["10800000"],
"cegarIterationNumber_Unlabeled_splitClauses_0":["10800000"],
"minedBinaryVariableTemplatesNumber_Random_splitClauses_0":["5"],
"labeledTemplateNumber_Mined_splitClauses_1":["6"],
"labeledBinaryVariableTemplatesNumber_Random_splitClauses_0":["5"],
"unlabeledTemplateRelationSymbolNumber_Unlabeled_splitClauses_1":["8"],
"cegarIterationNumber_Mined_splitClauses_0":["10800000"],
"minedTemplateRelationSymbolNumber_Labeled_splitClauses_0":["8"],
"unlabeledBinaryVariableTemplatesNumber_RelationalIneqs_splitClauses_1":["192"],
"unlabeledBinaryVariableTemplatesNumber_Octagon_splitClauses_0":["192"],
"solvability_Mined_splitClauses_0":["10800000"],
"averagePredicateSize_RelationalEqs_splitClauses_0":["10800000"],
"clauseNumberAfterSimplification_Term_splitClauses_0":["84"],
"unlabeledTemplateNumber_Mined_splitClauses_0":["313"],
"unlabeledTemplateNumber_PredictedCDHG_splitClauses_0":["313"],
"cegarIterationNumber_RelationalIneqs_splitClauses_1":["10800000"],
"minedBinaryVariableTemplatesNumber_Unlabeled_splitClauses_1":["5"],
"labeledTemplateNumber_PredictedCG_splitClauses_1":["6"],
"labeledTemplateRelationSymbolNumber_Mined_splitClauses_0":["2"],
"labeledBinaryVariableTemplatesNumber_Mined_splitClauses_1":["5"],
"clauseNumberAfterSimplification_RelationalIneqs_splitClauses_1":["84"],
"minedSingleVariableTemplatesNumber_PredictedCDHG_splitClauses_0":["41"],
"solvability_Labeled_splitClauses_1":["10800000"],
"labeledSingleVariableTemplatesNumber_Octagon_splitClauses_1":["1"],
"averagePredicateSize_Random_splitClauses_0":["10800000"],
"smt2FileSizeByte_RelationalIneqs_splitClauses_0":["55422"],
"generatedPredicateNumber_Unlabeled_splitClauses_0":["10800000"],
"solvability_RelationalEqs_splitClauses_0":["10800000"],
"predicateGeneratorTime_Empty_splitClauses_1":["10800000"],
"minedSingleVariableTemplatesNumber_Mined_splitClauses_0":["41"],
"minedTemplateRelationSymbolNumber_PredictedCDHG_splitClauses_1":["8"],
"minedTemplateNumber_PredictedCG_splitClauses_0":["46"],
"averagePredicateSize_RelationalIneqs_splitClauses_1":["10800000"],
"labeledTemplateRelationSymbolNumber_Random_splitClauses_1":["2"],
"minedTemplateNumber_RelationalIneqs_splitClauses_0":["46"],
"predicateGeneratorTime_RelationalIneqs_splitClauses_0":["10800000"],
"labeledTemplateRelationSymbolNumber_Empty_splitClauses_0":["2"],
"minedBinaryVariableTemplatesNumber_Octagon_splitClauses_0":["5"],
"relationSymbolNumber_Labeled_splitClauses_0":["109"],
"labeledSingleVariableTemplatesNumber_Term_splitClauses_1":["1"],
"labeledBinaryVariableTemplatesNumber_Empty_splitClauses_0":["5"],
"minedTemplateNumber_Octagon_splitClauses_0":["46"],
"labeledBinaryVariableTemplatesNumber_Unlabeled_splitClauses_0":["5"],
"clauseNumberAfterSimplification_PredictedCDHG_splitClauses_0":["84"],
"smt2FileSizeByte_PredictedCG_splitClauses_0":["55422"],
"minedBinaryVariableTemplatesNumber_RelationalEqs_splitClauses_0":["5"],
"labeledTemplateRelationSymbolNumber_RelationalEqs_splitClauses_1":["2"],
"minedBinaryVariableTemplatesNumber_Random_splitClauses_1":["5"],
"clauseNumberAfterSimplification_Unlabeled_splitClauses_1":["84"],
"minedSingleVariableTemplatesNumber_PredictedCDHG_splitClauses_1":["41"],
"labeledBinaryVariableTemplatesNumber_Term_splitClauses_1":["5"],
"clauseNumberBeforeSimplification_Empty_splitClauses_1":["91"],
"minedBinaryVariableTemplatesNumber_Mined_splitClauses_1":["5"],
"unlabeledBinaryVariableTemplatesNumber_Unlabeled_splitClauses_1":["192"],
"unlabeledTemplateNumber_PredictedCG_splitClauses_1":["313"],
"generatedPredicateNumber_Empty_splitClauses_0":["10800000"],
"predicateGeneratorTime_RelationalIneqs_splitClauses_1":["10800000"],
"unlabeledSingleVariableTemplatesNumber_Empty_splitClauses_0":["121"],
"cegarIterationNumber_Octagon_splitClauses_0":["10800000"],
"clauseNumberAfterSimplification_Octagon_splitClauses_1":["84"],
"unlabeledSingleVariableTemplatesNumber_Labeled_splitClauses_1":["121"],
"clauseNumberBeforeSimplification_Random_splitClauses_1":["91"],
"minedTemplateRelationSymbolNumber_All_splitClauses_0":["8"],
"unlabeledTemplateRelationSymbolNumber_RelationalEqs_splitClauses_0":["8"],
"minedSingleVariableTemplatesNumber_Unlabeled_splitClauses_1":["41"],
"clauseNumberBeforeSimplification_RelationalEqs_splitClauses_0":["91"],
"minedTemplateNumber_Unlabeled_splitClauses_0":["46"],
"generatedPredicateNumber_Octagon_splitClauses_0":["10800000"],
"predicateGeneratorTime_PredictedCDHG_splitClauses_0":["10800000"],
"clauseNumberAfterSimplification_PredictedCG_splitClauses_1":["84"],
"labeledSingleVariableTemplatesNumber_RelationalEqs_splitClauses_1":["1"],
"smt2FileSizeByte_Random_splitClauses_1":["55422"],
"averagePredicateSize_PredictedCG_splitClauses_1":["10800000"],
"cegarIterationNumber_PredictedCDHG_splitClauses_1":["10800000"],
"clauseNumberAfterSimplification_RelationalEqs_splitClauses_1":["84"],
"minedBinaryVariableTemplatesNumber_Empty_splitClauses_1":["5"],
"minedTemplateNumber_PredictedCDHG_splitClauses_0":["46"],
"labeledBinaryVariableTemplatesNumber_All_splitClauses_1":["5"],
"solvingTime_RelationalIneqs_splitClauses_1":["10800000"],
"unlabeledTemplateRelationSymbolNumber_RelationalEqs_splitClauses_1":["8"],
"smt2FileSizeByte_Unlabeled_splitClauses_0":["55422"],
"generatedPredicateNumber_All_splitClauses_0":["10800000"],
"predicateGeneratorTime_Octagon_splitClauses_1":["10800000"],
"solvability_Mined_splitClauses_1":["1"],
"minedTemplateRelationSymbolNumber_Term_splitClauses_1":["8"],
"clauseNumberAfterSimplification_Mined_splitClauses_0":["84"],
"solvability_PredictedCDHG_splitClauses_0":["10800000"],
"solvingTime_Empty_splitClauses_0":["10800000"],
"unlabeledSingleVariableTemplatesNumber_Unlabeled_splitClauses_1":["121"],
"minedTemplateNumber_Term_splitClauses_1":["46"],
"averagePredicateSize_Octagon_splitClauses_1":["10800000"],
"relationSymbolNumber_Empty_splitClauses_1":["109"],
"unlabeledSingleVariableTemplatesNumber_Octagon_splitClauses_1":["121"],
"minedTemplateRelationSymbolNumber_RelationalEqs_splitClauses_1":["8"],
"minedBinaryVariableTemplatesNumber_RelationalIneqs_splitClauses_0":["5"],
"predicateGeneratorTime_Term_splitClauses_1":["10800000"],
"solvingTime_Labeled_splitClauses_0":["10800000"],
"unlabeledBinaryVariableTemplatesNumber_PredictedCG_splitClauses_0":["192"],
"minedTemplateNumber_All_splitClauses_0":["46"],
"predicateGeneratorTime_Labeled_splitClauses_1":["10800000"],
"unlabeledTemplateRelationSymbolNumber_Empty_splitClauses_0":["8"],
"unlabeledTemplateNumber_Mined_splitClauses_1":["313"],
"solvability_PredictedCG_splitClauses_1":["10800000"],
"unlabeledTemplateNumber_Term_splitClauses_0":["313"],
"minedBinaryVariableTemplatesNumber_PredictedCG_splitClauses_1":["5"],
"labeledSingleVariableTemplatesNumber_PredictedCDHG_splitClauses_0":["1"],
"minedBinaryVariableTemplatesNumber_All_splitClauses_0":["5"],
"averagePredicateSize_PredictedCDHG_splitClauses_1":["10800000"],
"predicateGeneratorTime_PredictedCG_splitClauses_0":["10800000"],
"generatedPredicateNumber_RelationalIneqs_splitClauses_0":["10800000"],
"labeledTemplateNumber_Empty_splitClauses_0":["6"],
"unlabeledTemplateRelationSymbolNumber_Term_splitClauses_0":["8"],
"minedTemplateNumber_All_splitClauses_1":["46"],
"labeledSingleVariableTemplatesNumber_Empty_splitClauses_1":["1"],
"minedBinaryVariableTemplatesNumber_Unlabeled_splitClauses_0":["5"],
"labeledTemplateNumber_Random_splitClauses_0":["6"],
"minedBinaryVariableTemplatesNumber_All_splitClauses_1":["5"],
"unlabeledSingleVariableTemplatesNumber_All_splitClauses_0":["121"],
"smt2FileSizeByte_PredictedCDHG_splitClauses_1":["55422"],
"labeledBinaryVariableTemplatesNumber_PredictedCDHG_splitClauses_0":["5"],
"averagePredicateSize_RelationalEqs_splitClauses_1":["10800000"],
"minedSingleVariableTemplatesNumber_Term_splitClauses_0":["41"],
"labeledTemplateRelationSymbolNumber_Term_splitClauses_1":["2"],
"generatedPredicateNumber_Random_splitClauses_0":["10800000"],
"labeledBinaryVariableTemplatesNumber_Empty_splitClauses_1":["5"],
"clauseNumberAfterSimplification_Labeled_splitClauses_0":["84"],
"labeledSingleVariableTemplatesNumber_Labeled_splitClauses_0":["1"],
"minedTemplateNumber_Mined_splitClauses_1":["46"],
"labeledTemplateRelationSymbolNumber_Labeled_splitClauses_0":["2"],
"unlabeledTemplateRelationSymbolNumber_Mined_splitClauses_1":["8"],
"solvability_Labeled_splitClauses_0":["10800000"],
"minedTemplateNumber_RelationalEqs_splitClauses_1":["46"],
"solvingTime_Random_splitClauses_1":["10800000"],
"minedTemplateNumber_Random_splitClauses_0":["46"],
"cegarIterationNumber_Unlabeled_splitClauses_1":["10800000"],
"minedTemplateNumber_RelationalIneqs_splitClauses_1":["46"],
"unlabeledBinaryVariableTemplatesNumber_Octagon_splitClauses_1":["192"],
"minedSingleVariableTemplatesNumber_Octagon_splitClauses_1":["41"],
"minedSingleVariableTemplatesNumber_Random_splitClauses_1":["41"],
"averagePredicateSize_All_splitClauses_1":["10800000"],
"minedTemplateNumber_Empty_splitClauses_0":["46"],
"labeledTemplateNumber_Mined_splitClauses_0":["6"],
"unlabeledBinaryVariableTemplatesNumber_All_splitClauses_0":["192"],
"labeledSingleVariableTemplatesNumber_PredictedCDHG_splitClauses_1":["1"],
"minedSingleVariableTemplatesNumber_Mined_splitClauses_1":["41"],
"labeledTemplateRelationSymbolNumber_Term_splitClauses_0":["2"],
"unlabeledTemplateRelationSymbolNumber_Term_splitClauses_1":["8"],
"predicateGeneratorTime_All_splitClauses_1":["10800000"],
"unlabeledSingleVariableTemplatesNumber_Random_splitClauses_0":["121"],
"predicateGeneratorTime_Unlabeled_splitClauses_1":["10800000"],
"cegarIterationNumber_PredictedCDHG_splitClauses_0":["10800000"],
"labeledTemplateNumber_RelationalEqs_splitClauses_0":["6"],
"labeledTemplateRelationSymbolNumber_Mined_splitClauses_1":["2"],
"labeledTemplateRelationSymbolNumber_Random_splitClauses_0":["2"],
"labeledBinaryVariableTemplatesNumber_RelationalEqs_splitClauses_1":["5"],
"generatedPredicateNumber_RelationalIneqs_splitClauses_1":["10800000"],
"unlabeledTemplateRelationSymbolNumber_PredictedCG_splitClauses_1":["8"],
"unlabeledSingleVariableTemplatesNumber_RelationalEqs_splitClauses_0":["121"],
"labeledBinaryVariableTemplatesNumber_Labeled_splitClauses_0":["5"],
"minedBinaryVariableTemplatesNumber_PredictedCDHG_splitClauses_0":["5"],
"unlabeledTemplateRelationSymbolNumber_Unlabeled_splitClauses_0":["8"],
"clauseNumberAfterSimplification_Term_splitClauses_1":["84"],
"relationSymbolNumber_RelationalIneqs_splitClauses_0":["109"],
"unlabeledTemplateNumber_Octagon_splitClauses_0":["313"],
"unlabeledBinaryVariableTemplatesNumber_RelationalEqs_splitClauses_1":["192"],
"unlabeledTemplateNumber_PredictedCG_splitClauses_0":["313"],
"unlabeledTemplateNumber_All_splitClauses_0":["313"],
"labeledTemplateRelationSymbolNumber_RelationalIneqs_splitClauses_1":["2"],
"unlabeledSingleVariableTemplatesNumber_Mined_splitClauses_1":["121"],
"labeledTemplateRelationSymbolNumber_Unlabeled_splitClauses_1":["2"],
"labeledBinaryVariableTemplatesNumber_Random_splitClauses_1":["5"],
"relationSymbolNumber_RelationalEqs_splitClauses_0":["109"],
"solvability_Random_splitClauses_1":["10800000"],
"solvingTime_Term_splitClauses_0":["10800000"],
"minedSingleVariableTemplatesNumber_Labeled_splitClauses_1":["41"],
"relationSymbolNumber_Random_splitClauses_0":["109"],
"clauseNumberBeforeSimplification_Term_splitClauses_0":["91"],
"minedTemplateRelationSymbolNumber_Mined_splitClauses_0":["8"],
"solvability_Octagon_splitClauses_1":["10800000"],
"relationSymbolNumber_Labeled_splitClauses_1":["109"],
"minedSingleVariableTemplatesNumber_RelationalIneqs_splitClauses_1":["41"],
"smt2FileSizeByte_Labeled_splitClauses_0":["55422"],
"solvability_RelationalEqs_splitClauses_1":["10800000"],
"unlabeledSingleVariableTemplatesNumber_Empty_splitClauses_1":["121"],
"labeledTemplateNumber_PredictedCDHG_splitClauses_1":["6"],
"minedTemplateRelationSymbolNumber_Octagon_splitClauses_0":["8"],
"clauseNumberAfterSimplification_Unlabeled_splitClauses_0":["84"],
"clauseNumberBeforeSimplification_Unlabeled_splitClauses_0":["91"],
"clauseNumberBeforeSimplification_PredictedCDHG_splitClauses_0":["91"],
"cegarIterationNumber_RelationalIneqs_splitClauses_0":["10800000"],
"relationSymbolNumber_All_splitClauses_0":["109"],
"labeledTemplateRelationSymbolNumber_RelationalEqs_splitClauses_0":["2"],
"averagePredicateSize_Labeled_splitClauses_0":["10800000"],
"smt2FileSizeByte_RelationalIneqs_splitClauses_1":["55422"],
"clauseNumberBeforeSimplification_RelationalEqs_splitClauses_1":["91"],
"unlabeledTemplateRelationSymbolNumber_RelationalIneqs_splitClauses_1":["8"],
"clauseNumberBeforeSimplification_PredictedCG_splitClauses_0":["91"],
"solvingTime_PredictedCDHG_splitClauses_0":["10800000"],
"labeledTemplateRelationSymbolNumber_Octagon_splitClauses_1":["2"],
"minedTemplateRelationSymbolNumber_PredictedCG_splitClauses_1":["8"],
"labeledTemplateNumber_Random_splitClauses_1":["6"],
"solvingTime_RelationalIneqs_splitClauses_0":["10800000"],
"labeledTemplateNumber_All_splitClauses_1":["6"],
"unlabeledTemplateNumber_Random_splitClauses_1":["313"],
"relationSymbolNumber_PredictedCDHG_splitClauses_1":["109"],
"smt2FileSizeByte_Unlabeled_splitClauses_1":["55422"],
"cegarIterationNumber_PredictedCG_splitClauses_0":["10800000"],
"predicateGeneratorTime_Octagon_splitClauses_0":["10800000"],
"unlabeledTemplateNumber_RelationalEqs_splitClauses_1":["313"],
"clauseNumberAfterSimplification_Octagon_splitClauses_0":["84"],
"cegarIterationNumber_Random_splitClauses_0":["10800000"],
"solvability_PredictedCDHG_splitClauses_1":["10800000"],
"solvability_PredictedCG_splitClauses_0":["10800000"],
"solvingTime_PredictedCG_splitClauses_1":["10800000"],
"unlabeledSingleVariableTemplatesNumber_Unlabeled_splitClauses_0":["121"],
"unlabeledTemplateNumber_Unlabeled_splitClauses_0":["313"],
"labeledTemplateRelationSymbolNumber_RelationalIneqs_splitClauses_0":["2"],
"minedTemplateNumber_Random_splitClauses_1":["46"],
"relationSymbolNumber_PredictedCG_splitClauses_0":["109"],
"generatedPredicateNumber_RelationalEqs_splitClauses_0":["10800000"],
"minedTemplateNumber_Term_splitClauses_0":["46"],
"solvingTime_All_splitClauses_1":["10800000"],
"minedSingleVariableTemplatesNumber_PredictedCG_splitClauses_0":["41"],
"smt2FileSizeByte_Term_splitClauses_1":["55422"],
"labeledBinaryVariableTemplatesNumber_All_splitClauses_0":["5"],
"minedTemplateNumber_PredictedCDHG_splitClauses_1":["46"],
"minedTemplateRelationSymbolNumber_PredictedCDHG_splitClauses_0":["8"],
"averagePredicateSize_Unlabeled_splitClauses_0":["10800000"],
"minedBinaryVariableTemplatesNumber_Octagon_splitClauses_1":["5"],
"unlabeledSingleVariableTemplatesNumber_Random_splitClauses_1":["121"],
"clauseNumberBeforeSimplification_Random_splitClauses_0":["91"],
"solvingTime_Unlabeled_splitClauses_1":["10800000"],
"predicateGeneratorTime_PredictedCDHG_splitClauses_1":["10800000"],
"averagePredicateSize_PredictedCDHG_splitClauses_0":["10800000"],
"minedBinaryVariableTemplatesNumber_Term_splitClauses_0":["5"],
"labeledTemplateNumber_RelationalIneqs_splitClauses_0":["6"],
"clauseNumberAfterSimplification_Random_splitClauses_0":["84"],
"clauseNumberAfterSimplification_PredictedCG_splitClauses_0":["84"],
"generatedPredicateNumber_Empty_splitClauses_1":["10800000"],
"clauseNumberBeforeSimplification_Octagon_splitClauses_0":["91"],
"unlabeledTemplateNumber_Empty_splitClauses_0":["313"],
"minedSingleVariableTemplatesNumber_All_splitClauses_0":["41"],
"labeledTemplateRelationSymbolNumber_Octagon_splitClauses_0":["2"],
"generatedPredicateNumber_Random_splitClauses_1":["10800000"],
"clauseNumberAfterSimplification_RelationalEqs_splitClauses_0":["84"],
"labeledBinaryVariableTemplatesNumber_Term_splitClauses_0":["5"],
"minedSingleVariableTemplatesNumber_RelationalEqs_splitClauses_0":["41"],
"minedTemplateNumber_Mined_splitClauses_0":["46"],
"averagePredicateSize_Octagon_splitClauses_0":["10800000"],
"unlabeledBinaryVariableTemplatesNumber_Empty_splitClauses_1":["192"],
"relationSymbolNumber_Unlabeled_splitClauses_0":["109"],
"unlabeledSingleVariableTemplatesNumber_PredictedCDHG_splitClauses_0":["121"],
"unlabeledSingleVariableTemplatesNumber_PredictedCG_splitClauses_1":["121"],
"labeledTemplateRelationSymbolNumber_Labeled_splitClauses_1":["2"],
"minedTemplateRelationSymbolNumber_Random_splitClauses_0":["8"],
"unlabeledTemplateRelationSymbolNumber_PredictedCG_splitClauses_0":["8"],
"unlabeledTemplateNumber_RelationalIneqs_splitClauses_0":["313"],
"unlabeledSingleVariableTemplatesNumber_Labeled_splitClauses_0":["121"],
"minedTemplateNumber_Unlabeled_splitClauses_1":["46"],
"generatedPredicateNumber_PredictedCG_splitClauses_0":["10800000"],
"labeledTemplateNumber_Unlabeled_splitClauses_1":["6"],
"unlabeledTemplateRelationSymbolNumber_Empty_splitClauses_1":["8"],
"clauseNumberBeforeSimplification_Empty_splitClauses_0":["91"],
"solvingTime_Octagon_splitClauses_1":["10800000"],
"cegarIterationNumber_Mined_splitClauses_1":["2"],
"clauseNumberBeforeSimplification_Mined_splitClauses_1":["91"],
"smt2FileSizeByte_PredictedCDHG_splitClauses_0":["55422"],
"averagePredicateSize_PredictedCG_splitClauses_0":["10800000"],
"solvingTime_Random_splitClauses_0":["10800000"],
"minedTemplateNumber_RelationalEqs_splitClauses_0":["46"],
"unlabeledSingleVariableTemplatesNumber_RelationalIneqs_splitClauses_0":["121"],
"unlabeledTemplateNumber_Unlabeled_splitClauses_1":["313"],
"labeledBinaryVariableTemplatesNumber_RelationalEqs_splitClauses_0":["5"],
"generatedPredicateNumber_PredictedCDHG_splitClauses_0":["10800000"],
"minedTemplateRelationSymbolNumber_Empty_splitClauses_1":["8"],
"predicateGeneratorTime_Random_splitClauses_1":["10800000"],
"labeledTemplateNumber_Term_splitClauses_1":["6"],
"minedSingleVariableTemplatesNumber_Empty_splitClauses_1":["41"],
"minedSingleVariableTemplatesNumber_RelationalIneqs_splitClauses_0":["41"],
"clauseNumberAfterSimplification_All_splitClauses_0":["84"],
"unlabeledBinaryVariableTemplatesNumber_RelationalEqs_splitClauses_0":["192"],
"cegarIterationNumber_RelationalEqs_splitClauses_0":["10800000"],
"labeledTemplateRelationSymbolNumber_PredictedCDHG_splitClauses_0":["2"],
"labeledSingleVariableTemplatesNumber_Labeled_splitClauses_1":["1"],
"unlabeledBinaryVariableTemplatesNumber_All_splitClauses_1":["192"],
"minedTemplateRelationSymbolNumber_Unlabeled_splitClauses_1":["8"],
"solvingTime_RelationalEqs_splitClauses_0":["10800000"],
"solvingTime_RelationalEqs_splitClauses_1":["10800000"],
"minedBinaryVariableTemplatesNumber_Mined_splitClauses_0":["5"],
"clauseNumberBeforeSimplification_All_splitClauses_0":["91"],
"clauseNumberBeforeSimplification_RelationalIneqs_splitClauses_1":["91"],
"labeledTemplateNumber_RelationalEqs_splitClauses_1":["6"],
"labeledBinaryVariableTemplatesNumber_RelationalIneqs_splitClauses_0":["5"],
"clauseNumberAfterSimplification_Empty_splitClauses_0":["84"],
"averagePredicateSize_Empty_splitClauses_0":["10800000"],
"relationSymbolNumber_PredictedCG_splitClauses_1":["109"],
"unlabeledTemplateNumber_Term_splitClauses_1":["313"],
"predicateGeneratorTime_Mined_splitClauses_1":["172"],
"relationSymbolNumber_Mined_splitClauses_0":["109"],
"labeledBinaryVariableTemplatesNumber_RelationalIneqs_splitClauses_1":["5"],
"predicateGeneratorTime_Unlabeled_splitClauses_0":["10800000"],
"generatedPredicateNumber_Mined_splitClauses_0":["10800000"],
"generatedPredicateNumber_RelationalEqs_splitClauses_1":["10800000"],
"labeledTemplateRelationSymbolNumber_PredictedCG_splitClauses_0":["2"],
"minedSingleVariableTemplatesNumber_PredictedCG_splitClauses_1":["41"],
"minedTemplateRelationSymbolNumber_PredictedCG_splitClauses_0":["8"],
"unlabeledTemplateRelationSymbolNumber_Labeled_splitClauses_0":["8"],
"solvability_Empty_splitClauses_1":["10800000"],
"averagePredicateSize_Term_splitClauses_0":["10800000"],
"cegarIterationNumber_Random_splitClauses_1":["10800000"],
"relationSymbolNumber_All_splitClauses_1":["109"],
"averagePredicateSize_Labeled_splitClauses_1":["10800000"],
"unlabeledBinaryVariableTemplatesNumber_Unlabeled_splitClauses_0":["192"],
"generatedPredicateNumber_Unlabeled_splitClauses_1":["10800000"],
"predicateGeneratorTime_All_splitClauses_0":["10800000"],
"unlabeledBinaryVariableTemplatesNumber_PredictedCDHG_splitClauses_1":["192"],
"clauseNumberBeforeSimplification_Labeled_splitClauses_1":["91"],
"minedBinaryVariableTemplatesNumber_Labeled_splitClauses_1":["5"],
"labeledSingleVariableTemplatesNumber_All_splitClauses_0":["1"],
"unlabeledTemplateRelationSymbolNumber_Mined_splitClauses_0":["8"],
"cegarIterationNumber_Octagon_splitClauses_1":["10800000"],
"labeledTemplateNumber_Octagon_splitClauses_0":["6"],
"labeledTemplateRelationSymbolNumber_All_splitClauses_1":["2"],
"smt2FileSizeByte_Empty_splitClauses_0":["55422"],
"relationSymbolNumber_RelationalIneqs_splitClauses_1":["109"],
"unlabeledTemplateNumber_Octagon_splitClauses_1":["313"],
"predicateGeneratorTime_RelationalEqs_splitClauses_0":["10800000"],
"unlabeledTemplateRelationSymbolNumber_RelationalIneqs_splitClauses_0":["8"],
"smt2FileSizeByte_RelationalEqs_splitClauses_1":["55422"],
"unlabeledTemplateNumber_Labeled_splitClauses_0":["313"],
"relationSymbolNumber_Random_splitClauses_1":["109"],
"minedSingleVariableTemplatesNumber_Labeled_splitClauses_0":["41"],
"solvingTime_PredictedCDHG_splitClauses_1":["10800000"],
"minedTemplateNumber_Octagon_splitClauses_1":["46"],
"clauseNumberBeforeSimplification_Mined_splitClauses_0":["91"],
"smt2FileSizeByte_All_splitClauses_0":["55422"],
"solvingTime_All_splitClauses_0":["10800000"],
"minedBinaryVariableTemplatesNumber_Term_splitClauses_1":["5"],
"unlabeledTemplateRelationSymbolNumber_Random_splitClauses_0":["8"],
"cegarIterationNumber_All_splitClauses_0":["10800000"],
"smt2FileSizeByte_RelationalEqs_splitClauses_0":["55422"],
"unlabeledSingleVariableTemplatesNumber_PredictedCDHG_splitClauses_1":["121"],
"clauseNumberBeforeSimplification_Labeled_splitClauses_0":["91"],
"cegarIterationNumber_PredictedCG_splitClauses_1":["10800000"],
"labeledTemplateRelationSymbolNumber_Unlabeled_splitClauses_0":["2"],
"unlabeledTemplateRelationSymbolNumber_Octagon_splitClauses_1":["8"],
"unlabeledTemplateNumber_Empty_splitClauses_1":["313"],
"clauseNumberBeforeSimplification_Octagon_splitClauses_1":["91"],
"labeledTemplateNumber_Unlabeled_splitClauses_0":["6"],
"labeledBinaryVariableTemplatesNumber_PredictedCG_splitClauses_0":["5"],
"solvability_Term_splitClauses_1":["10800000"],
"solvability_Octagon_splitClauses_0":["10800000"],
"minedTemplateRelationSymbolNumber_RelationalIneqs_splitClauses_0":["8"],
"clauseNumberBeforeSimplification_RelationalIneqs_splitClauses_0":["91"],
"labeledTemplateNumber_PredictedCG_splitClauses_0":["6"],
"cegarIterationNumber_Labeled_splitClauses_0":["10800000"],
"smt2FileSizeByte_Labeled_splitClauses_1":["55422"],
"clauseNumberBeforeSimplification_Unlabeled_splitClauses_1":["91"],
"generatedPredicateNumber_Term_splitClauses_1":["10800000"],
"solvingTime_Term_splitClauses_1":["10800000"],
"unlabeledBinaryVariableTemplatesNumber_Random_splitClauses_1":["192"],
"unlabeledSingleVariableTemplatesNumber_Octagon_splitClauses_0":["121"],
"solvingTime_Octagon_splitClauses_0":["10800000"],
"labeledSingleVariableTemplatesNumber_Mined_splitClauses_1":["1"],
"averagePredicateSize_Term_splitClauses_1":["10800000"],
"labeledTemplateNumber_Labeled_splitClauses_0":["6"],
"unlabeledSingleVariableTemplatesNumber_PredictedCG_splitClauses_0":["121"],
"smt2FileSizeByte_Mined_splitClauses_1":["55422"],
"labeledBinaryVariableTemplatesNumber_Unlabeled_splitClauses_1":["5"],
"labeledTemplateNumber_All_splitClauses_0":["6"],
"unlabeledTemplateNumber_Random_splitClauses_0":["313"],
"labeledTemplateNumber_Octagon_splitClauses_1":["6"],
"unlabeledTemplateNumber_PredictedCDHG_splitClauses_1":["313"],
"unlabeledBinaryVariableTemplatesNumber_Mined_splitClauses_0":["192"],
"minedTemplateRelationSymbolNumber_Mined_splitClauses_1":["8"],
"labeledTemplateNumber_RelationalIneqs_splitClauses_1":["6"],
"solvability_Term_splitClauses_0":["10800000"],
"relationSymbolNumber_Octagon_splitClauses_0":["109"],
"clauseNumberBeforeSimplification_PredictedCG_splitClauses_1":["91"],
"generatedPredicateNumber_Labeled_splitClauses_1":["10800000"],
"labeledSingleVariableTemplatesNumber_Unlabeled_splitClauses_0":["1"],
"unlabeledBinaryVariableTemplatesNumber_Empty_splitClauses_0":["192"],
"solvingTime_Mined_splitClauses_0":["10800000"],
"unlabeledTemplateNumber_All_splitClauses_1":["313"],
"clauseNumberAfterSimplification_Random_splitClauses_1":["84"],
"labeledBinaryVariableTemplatesNumber_Octagon_splitClauses_1":["5"],
"unlabeledBinaryVariableTemplatesNumber_Labeled_splitClauses_0":["192"],
"smt2FileSizeByte_Octagon_splitClauses_0":["55422"],
"labeledSingleVariableTemplatesNumber_Random_splitClauses_1":["1"],
"solvability_Unlabeled_splitClauses_0":["10800000"],
"solvingTime_Unlabeled_splitClauses_0":["10800000"],
"unlabeledTemplateRelationSymbolNumber_All_splitClauses_1":["8"],
"minedTemplateNumber_Empty_splitClauses_1":["46"],
"solvability_RelationalIneqs_splitClauses_0":["10800000"],
"unlabeledTemplateRelationSymbolNumber_Labeled_splitClauses_1":["8"],
"cegarIterationNumber_RelationalEqs_splitClauses_1":["10800000"],
"minedSingleVariableTemplatesNumber_RelationalEqs_splitClauses_1":["41"],
"clauseNumberAfterSimplification_PredictedCDHG_splitClauses_1":["84"],
"minedBinaryVariableTemplatesNumber_RelationalIneqs_splitClauses_1":["5"],
"unlabeledBinaryVariableTemplatesNumber_Mined_splitClauses_1":["192"],
"unlabeledBinaryVariableTemplatesNumber_PredictedCDHG_splitClauses_0":["192"],
"solvingTime_Empty_splitClauses_1":["10800000"],
"labeledTemplateRelationSymbolNumber_Empty_splitClauses_1":["2"],
"generatedPredicateNumber_Term_splitClauses_0":["10800000"],
"averagePredicateSize_Empty_splitClauses_1":["10800000"],
"generatedPredicateNumber_PredictedCG_splitClauses_1":["10800000"],
"labeledTemplateRelationSymbolNumber_PredictedCDHG_splitClauses_1":["2"],
"relationSymbolNumber_Mined_splitClauses_1":["109"],
"predicateGeneratorTime_Mined_splitClauses_0":["10800000"],
"predicateGeneratorTime_Labeled_splitClauses_0":["10800000"],
"labeledSingleVariableTemplatesNumber_Random_splitClauses_0":["1"],
"unlabeledTemplateRelationSymbolNumber_All_splitClauses_0":["8"],
"minedBinaryVariableTemplatesNumber_Labeled_splitClauses_0":["5"],
"generatedPredicateNumber_Labeled_splitClauses_0":["10800000"],
"relationSymbolNumber_Empty_splitClauses_0":["109"],
"solvingTime_Mined_splitClauses_1":["269"],
"minedSingleVariableTemplatesNumber_All_splitClauses_1":["41"],
"predicateGeneratorTime_Random_splitClauses_0":["10800000"],
"cegarIterationNumber_Term_splitClauses_1":["10800000"],
"labeledTemplateNumber_Empty_splitClauses_1":["6"],
"clauseNumberAfterSimplification_Empty_splitClauses_1":["84"],
"minedTemplateRelationSymbolNumber_Empty_splitClauses_0":["8"],
"unlabeledSingleVariableTemplatesNumber_Term_splitClauses_0":["121"],
"minedSingleVariableTemplatesNumber_Empty_splitClauses_0":["41"],
"minedTemplateRelationSymbolNumber_RelationalEqs_splitClauses_0":["8"],
"cegarIterationNumber_Empty_splitClauses_0":["10800000"],
"minedBinaryVariableTemplatesNumber_RelationalEqs_splitClauses_1":["5"],
"labeledSingleVariableTemplatesNumber_All_splitClauses_1":["1"],
"unlabeledTemplateRelationSymbolNumber_Octagon_splitClauses_0":["8"],
"minedTemplateRelationSymbolNumber_Unlabeled_splitClauses_0":["8"],
"labeledBinaryVariableTemplatesNumber_Mined_splitClauses_0":["5"],
"minedTemplateNumber_PredictedCG_splitClauses_1":["46"],
"cegarIterationNumber_Empty_splitClauses_1":["10800000"],
"averagePredicateSize_RelationalIneqs_splitClauses_0":["10800000"],
"solvability_All_splitClauses_1":["10800000"],
"unlabeledBinaryVariableTemplatesNumber_Term_splitClauses_1":["192"],
"relationSymbolNumber_PredictedCDHG_splitClauses_0":["109"],
"minedTemplateRelationSymbolNumber_Labeled_splitClauses_1":["8"],
"averagePredicateSize_Unlabeled_splitClauses_1":["10800000"],
"labeledTemplateNumber_Term_splitClauses_0":["6"],
"smt2FileSizeByte_Empty_splitClauses_1":["55422"],
"solvingTime_PredictedCG_splitClauses_0":["10800000"],
"relationSymbolNumber_Term_splitClauses_0":["109"],
"cegarIterationNumber_All_splitClauses_1":["10800000"],
"clauseNumberBeforeSimplification_Term_splitClauses_1":["91"],
"predicateGeneratorTime_Empty_splitClauses_0":["10800000"],
"averagePredicateSize_All_splitClauses_0":["10800000"],
"unlabeledBinaryVariableTemplatesNumber_Random_splitClauses_0":["192"],
"smt2FileSizeByte_Term_splitClauses_0":["55422"],
"averagePredicateSize_Mined_splitClauses_1":["1"],
"minedBinaryVariableTemplatesNumber_Empty_splitClauses_0":["5"],
"minedTemplateRelationSymbolNumber_All_splitClauses_1":["8"],
"labeledSingleVariableTemplatesNumber_PredictedCG_splitClauses_0":["1"],
"unlabeledBinaryVariableTemplatesNumber_RelationalIneqs_splitClauses_0":["192"],
"unlabeledSingleVariableTemplatesNumber_RelationalIneqs_splitClauses_1":["121"],
"clauseNumberAfterSimplification_RelationalIneqs_splitClauses_0":["84"],
"unlabeledTemplateNumber_RelationalEqs_splitClauses_0":["313"],
"unlabeledTemplateNumber_RelationalIneqs_splitClauses_1":["313"],
"labeledTemplateRelationSymbolNumber_PredictedCG_splitClauses_1":["2"],
"labeledTemplateRelationSymbolNumber_All_splitClauses_0":["2"],
"labeledSingleVariableTemplatesNumber_Octagon_splitClauses_0":["1"],
"dummyFiled":[]
}