{
"smt2FileSizeByte_All_splitClauses_1":["59128"],
"generatedPredicateNumber_All_splitClauses_1":["10800000"],
"unlabeledTemplateRelationSymbolNumber_PredictedCDHG_splitClauses_0":["29"],
"relationSymbolNumberBeforeSimplification_Unlabeled_splitClauses_1":["324"],
"predicateGeneratorTime_Term_splitClauses_0":["10800000"],
"averagePredicateSize_Random_splitClauses_1":["1"],
"labeledBinaryVariableTemplatesNumber_Labeled_splitClauses_1":["6"],
"clauseNumberBeforeSimplification_All_splitClauses_1":["140"],
"minedTemplateRelationSymbolNumber_Term_splitClauses_0":["29"],
"solvingTime_Labeled_splitClauses_1":["251"],
"unlabeledTemplateNumber_Labeled_splitClauses_1":["1197"],
"relationSymbolNumberAfterSimplification_All_splitClauses_1":["142"],
"minedTemplateRelationSymbolNumber_Octagon_splitClauses_1":["29"],
"clauseNumberAfterSimplification_Mined_splitClauses_1":["94"],
"relationSymbolNumberBeforeSimplification_Octagon_splitClauses_0":["324"],
"unlabeledBinaryVariableTemplatesNumber_Term_splitClauses_0":["732"],
"labeledTemplateNumber_PredictedCDHG_splitClauses_0":["7"],
"solvability_Empty_splitClauses_0":["10800000"],
"unlabeledTemplateRelationSymbolNumber_Random_splitClauses_1":["29"],
"labeledBinaryVariableTemplatesNumber_Octagon_splitClauses_0":["6"],
"relationSymbolNumberBeforeSimplification_Random_splitClauses_1":["324"],
"minedTemplateRelationSymbolNumber_Random_splitClauses_1":["29"],
"unlabeledSingleVariableTemplatesNumber_Mined_splitClauses_0":["465"],
"unlabeledBinaryVariableTemplatesNumber_PredictedCG_splitClauses_1":["732"],
"solvability_All_splitClauses_0":["10800000"],
"predicateGeneratorTime_RelationalEqs_splitClauses_1":["176"],
"relationSymbolNumberBeforeSimplification_PredictedCDHG_splitClauses_1":["324"],
"smt2FileSizeByte_PredictedCG_splitClauses_1":["59128"],
"labeledSingleVariableTemplatesNumber_Unlabeled_splitClauses_1":["1"],
"labeledBinaryVariableTemplatesNumber_PredictedCG_splitClauses_1":["6"],
"minedBinaryVariableTemplatesNumber_PredictedCG_splitClauses_0":["6"],
"solvability_Random_splitClauses_0":["10800000"],
"relationSymbolNumberAfterSimplification_PredictedCG_splitClauses_1":["142"],
"clauseNumberBeforeSimplification_PredictedCDHG_splitClauses_1":["140"],
"labeledSingleVariableTemplatesNumber_Mined_splitClauses_0":["1"],
"solvability_Unlabeled_splitClauses_1":["1"],
"cegarIterationNumber_Labeled_splitClauses_1":["4"],
"smt2FileSizeByte_Mined_splitClauses_0":["59128"],
"relationSymbolNumberAfterSimplification_Mined_splitClauses_0":["142"],
"labeledSingleVariableTemplatesNumber_PredictedCG_splitClauses_1":["1"],
"smt2FileSizeByte_Octagon_splitClauses_1":["59128"],
"minedTemplateNumber_Labeled_splitClauses_1":["169"],
"labeledSingleVariableTemplatesNumber_RelationalIneqs_splitClauses_1":["1"],
"clauseNumberAfterSimplification_Labeled_splitClauses_1":["94"],
"relationSymbolNumberAfterSimplification_Labeled_splitClauses_0":["142"],
"smt2FileSizeByte_Random_splitClauses_0":["59128"],
"relationSymbolNumberAfterSimplification_PredictedCDHG_splitClauses_0":["142"],
"unlabeledTemplateRelationSymbolNumber_PredictedCDHG_splitClauses_1":["29"],
"labeledSingleVariableTemplatesNumber_Term_splitClauses_0":["1"],
"generatedPredicateNumber_PredictedCDHG_splitClauses_1":["10800000"],
"minedSingleVariableTemplatesNumber_Unlabeled_splitClauses_0":["163"],
"generatedPredicateNumber_Octagon_splitClauses_1":["8"],
"labeledSingleVariableTemplatesNumber_RelationalEqs_splitClauses_0":["1"],
"predicateGeneratorTime_PredictedCG_splitClauses_1":["10800000"],
"relationSymbolNumberAfterSimplification_Octagon_splitClauses_0":["142"],
"labeledTemplateNumber_Labeled_splitClauses_1":["7"],
"labeledSingleVariableTemplatesNumber_Empty_splitClauses_0":["1"],
"minedTemplateRelationSymbolNumber_RelationalIneqs_splitClauses_1":["29"],
"unlabeledSingleVariableTemplatesNumber_All_splitClauses_1":["465"],
"labeledBinaryVariableTemplatesNumber_PredictedCDHG_splitClauses_1":["6"],
"unlabeledSingleVariableTemplatesNumber_RelationalEqs_splitClauses_1":["465"],
"cegarIterationNumber_Term_splitClauses_0":["10800000"],
"unlabeledBinaryVariableTemplatesNumber_Labeled_splitClauses_1":["732"],
"unlabeledSingleVariableTemplatesNumber_Term_splitClauses_1":["465"],
"clauseNumberAfterSimplification_All_splitClauses_1":["94"],
"minedSingleVariableTemplatesNumber_Random_splitClauses_0":["163"],
"solvability_RelationalIneqs_splitClauses_1":["1"],
"minedTemplateNumber_Labeled_splitClauses_0":["169"],
"minedSingleVariableTemplatesNumber_Octagon_splitClauses_0":["163"],
"minedSingleVariableTemplatesNumber_Term_splitClauses_1":["163"],
"minedBinaryVariableTemplatesNumber_PredictedCDHG_splitClauses_1":["6"],
"generatedPredicateNumber_Mined_splitClauses_1":["8"],
"labeledSingleVariableTemplatesNumber_RelationalIneqs_splitClauses_0":["1"],
"averagePredicateSize_Mined_splitClauses_0":["10800000"],
"cegarIterationNumber_Unlabeled_splitClauses_0":["10800000"],
"minedBinaryVariableTemplatesNumber_Random_splitClauses_0":["6"],
"labeledTemplateNumber_Mined_splitClauses_1":["7"],
"labeledBinaryVariableTemplatesNumber_Random_splitClauses_0":["6"],
"unlabeledTemplateRelationSymbolNumber_Unlabeled_splitClauses_1":["29"],
"cegarIterationNumber_Mined_splitClauses_0":["10800000"],
"minedTemplateRelationSymbolNumber_Labeled_splitClauses_0":["29"],
"unlabeledBinaryVariableTemplatesNumber_RelationalIneqs_splitClauses_1":["732"],
"unlabeledBinaryVariableTemplatesNumber_Octagon_splitClauses_0":["732"],
"solvability_Mined_splitClauses_0":["10800000"],
"averagePredicateSize_RelationalEqs_splitClauses_0":["10800000"],
"clauseNumberAfterSimplification_Term_splitClauses_0":["94"],
"unlabeledTemplateNumber_Mined_splitClauses_0":["1197"],
"relationSymbolNumberAfterSimplification_Random_splitClauses_1":["142"],
"unlabeledTemplateNumber_PredictedCDHG_splitClauses_0":["1197"],
"cegarIterationNumber_RelationalIneqs_splitClauses_1":["4"],
"minedBinaryVariableTemplatesNumber_Unlabeled_splitClauses_1":["6"],
"labeledTemplateNumber_PredictedCG_splitClauses_1":["7"],
"labeledTemplateRelationSymbolNumber_Mined_splitClauses_0":["3"],
"labeledBinaryVariableTemplatesNumber_Mined_splitClauses_1":["6"],
"relationSymbolNumberBeforeSimplification_Mined_splitClauses_0":["324"],
"relationSymbolNumberBeforeSimplification_RelationalIneqs_splitClauses_0":["324"],
"clauseNumberAfterSimplification_RelationalIneqs_splitClauses_1":["94"],
"minedSingleVariableTemplatesNumber_PredictedCDHG_splitClauses_0":["163"],
"solvability_Labeled_splitClauses_1":["1"],
"labeledSingleVariableTemplatesNumber_Octagon_splitClauses_1":["1"],
"averagePredicateSize_Random_splitClauses_0":["10800000"],
"smt2FileSizeByte_RelationalIneqs_splitClauses_0":["59128"],
"generatedPredicateNumber_Unlabeled_splitClauses_0":["10800000"],
"solvability_RelationalEqs_splitClauses_0":["10800000"],
"predicateGeneratorTime_Empty_splitClauses_1":["135"],
"minedSingleVariableTemplatesNumber_Mined_splitClauses_0":["163"],
"relationSymbolNumberAfterSimplification_Unlabeled_splitClauses_0":["142"],
"minedTemplateRelationSymbolNumber_PredictedCDHG_splitClauses_1":["29"],
"minedTemplateNumber_PredictedCG_splitClauses_0":["169"],
"averagePredicateSize_RelationalIneqs_splitClauses_1":["1"],
"labeledTemplateRelationSymbolNumber_Random_splitClauses_1":["3"],
"minedTemplateNumber_RelationalIneqs_splitClauses_0":["169"],
"predicateGeneratorTime_RelationalIneqs_splitClauses_0":["10800000"],
"labeledTemplateRelationSymbolNumber_Empty_splitClauses_0":["3"],
"minedBinaryVariableTemplatesNumber_Octagon_splitClauses_0":["6"],
"labeledSingleVariableTemplatesNumber_Term_splitClauses_1":["1"],
"labeledBinaryVariableTemplatesNumber_Empty_splitClauses_0":["6"],
"minedTemplateNumber_Octagon_splitClauses_0":["169"],
"labeledBinaryVariableTemplatesNumber_Unlabeled_splitClauses_0":["6"],
"relationSymbolNumberBeforeSimplification_Empty_splitClauses_0":["324"],
"clauseNumberAfterSimplification_PredictedCDHG_splitClauses_0":["94"],
"smt2FileSizeByte_PredictedCG_splitClauses_0":["59128"],
"minedBinaryVariableTemplatesNumber_RelationalEqs_splitClauses_0":["6"],
"relationSymbolNumberBeforeSimplification_Unlabeled_splitClauses_0":["324"],
"labeledTemplateRelationSymbolNumber_RelationalEqs_splitClauses_1":["3"],
"minedBinaryVariableTemplatesNumber_Random_splitClauses_1":["6"],
"clauseNumberAfterSimplification_Unlabeled_splitClauses_1":["94"],
"minedSingleVariableTemplatesNumber_PredictedCDHG_splitClauses_1":["163"],
"labeledBinaryVariableTemplatesNumber_Term_splitClauses_1":["6"],
"clauseNumberBeforeSimplification_Empty_splitClauses_1":["140"],
"relationSymbolNumberAfterSimplification_Octagon_splitClauses_1":["142"],
"relationSymbolNumberAfterSimplification_Term_splitClauses_0":["142"],
"minedBinaryVariableTemplatesNumber_Mined_splitClauses_1":["6"],
"unlabeledBinaryVariableTemplatesNumber_Unlabeled_splitClauses_1":["732"],
"relationSymbolNumberBeforeSimplification_Random_splitClauses_0":["324"],
"relationSymbolNumberAfterSimplification_PredictedCDHG_splitClauses_1":["142"],
"unlabeledTemplateNumber_PredictedCG_splitClauses_1":["1197"],
"generatedPredicateNumber_Empty_splitClauses_0":["10800000"],
"predicateGeneratorTime_RelationalIneqs_splitClauses_1":["128"],
"unlabeledSingleVariableTemplatesNumber_Empty_splitClauses_0":["465"],
"cegarIterationNumber_Octagon_splitClauses_0":["10800000"],
"clauseNumberAfterSimplification_Octagon_splitClauses_1":["94"],
"unlabeledSingleVariableTemplatesNumber_Labeled_splitClauses_1":["465"],
"clauseNumberBeforeSimplification_Random_splitClauses_1":["140"],
"minedTemplateRelationSymbolNumber_All_splitClauses_0":["29"],
"unlabeledTemplateRelationSymbolNumber_RelationalEqs_splitClauses_0":["29"],
"minedSingleVariableTemplatesNumber_Unlabeled_splitClauses_1":["163"],
"clauseNumberBeforeSimplification_RelationalEqs_splitClauses_0":["140"],
"minedTemplateNumber_Unlabeled_splitClauses_0":["169"],
"generatedPredicateNumber_Octagon_splitClauses_0":["10800000"],
"predicateGeneratorTime_PredictedCDHG_splitClauses_0":["10800000"],
"clauseNumberAfterSimplification_PredictedCG_splitClauses_1":["94"],
"labeledSingleVariableTemplatesNumber_RelationalEqs_splitClauses_1":["1"],
"smt2FileSizeByte_Random_splitClauses_1":["59128"],
"averagePredicateSize_PredictedCG_splitClauses_1":["10800000"],
"cegarIterationNumber_PredictedCDHG_splitClauses_1":["10800000"],
"clauseNumberAfterSimplification_RelationalEqs_splitClauses_1":["94"],
"minedBinaryVariableTemplatesNumber_Empty_splitClauses_1":["6"],
"relationSymbolNumberAfterSimplification_RelationalEqs_splitClauses_1":["142"],
"minedTemplateNumber_PredictedCDHG_splitClauses_0":["169"],
"labeledBinaryVariableTemplatesNumber_All_splitClauses_1":["6"],
"solvingTime_RelationalIneqs_splitClauses_1":["207"],
"unlabeledTemplateRelationSymbolNumber_RelationalEqs_splitClauses_1":["29"],
"smt2FileSizeByte_Unlabeled_splitClauses_0":["59128"],
"relationSymbolNumberBeforeSimplification_Mined_splitClauses_1":["324"],
"relationSymbolNumberAfterSimplification_Mined_splitClauses_1":["142"],
"generatedPredicateNumber_All_splitClauses_0":["10800000"],
"relationSymbolNumberBeforeSimplification_Octagon_splitClauses_1":["324"],
"predicateGeneratorTime_Octagon_splitClauses_1":["146"],
"solvability_Mined_splitClauses_1":["1"],
"minedTemplateRelationSymbolNumber_Term_splitClauses_1":["29"],
"clauseNumberAfterSimplification_Mined_splitClauses_0":["94"],
"solvability_PredictedCDHG_splitClauses_0":["10800000"],
"solvingTime_Empty_splitClauses_0":["10800000"],
"unlabeledSingleVariableTemplatesNumber_Unlabeled_splitClauses_1":["465"],
"minedTemplateNumber_Term_splitClauses_1":["169"],
"averagePredicateSize_Octagon_splitClauses_1":["1"],
"unlabeledSingleVariableTemplatesNumber_Octagon_splitClauses_1":["465"],
"minedTemplateRelationSymbolNumber_RelationalEqs_splitClauses_1":["29"],
"relationSymbolNumberBeforeSimplification_All_splitClauses_1":["324"],
"minedBinaryVariableTemplatesNumber_RelationalIneqs_splitClauses_0":["6"],
"predicateGeneratorTime_Term_splitClauses_1":["147"],
"solvingTime_Labeled_splitClauses_0":["10800000"],
"unlabeledBinaryVariableTemplatesNumber_PredictedCG_splitClauses_0":["732"],
"minedTemplateNumber_All_splitClauses_0":["169"],
"predicateGeneratorTime_Labeled_splitClauses_1":["139"],
"unlabeledTemplateRelationSymbolNumber_Empty_splitClauses_0":["29"],
"unlabeledTemplateNumber_Mined_splitClauses_1":["1197"],
"solvability_PredictedCG_splitClauses_1":["10800000"],
"unlabeledTemplateNumber_Term_splitClauses_0":["1197"],
"minedBinaryVariableTemplatesNumber_PredictedCG_splitClauses_1":["6"],
"labeledSingleVariableTemplatesNumber_PredictedCDHG_splitClauses_0":["1"],
"minedBinaryVariableTemplatesNumber_All_splitClauses_0":["6"],
"averagePredicateSize_PredictedCDHG_splitClauses_1":["10800000"],
"predicateGeneratorTime_PredictedCG_splitClauses_0":["10800000"],
"generatedPredicateNumber_RelationalIneqs_splitClauses_0":["10800000"],
"labeledTemplateNumber_Empty_splitClauses_0":["7"],
"relationSymbolNumberAfterSimplification_RelationalIneqs_splitClauses_1":["142"],
"unlabeledTemplateRelationSymbolNumber_Term_splitClauses_0":["29"],
"minedTemplateNumber_All_splitClauses_1":["169"],
"labeledSingleVariableTemplatesNumber_Empty_splitClauses_1":["1"],
"minedBinaryVariableTemplatesNumber_Unlabeled_splitClauses_0":["6"],
"labeledTemplateNumber_Random_splitClauses_0":["7"],
"minedBinaryVariableTemplatesNumber_All_splitClauses_1":["6"],
"unlabeledSingleVariableTemplatesNumber_All_splitClauses_0":["465"],
"relationSymbolNumberBeforeSimplification_Labeled_splitClauses_1":["324"],
"smt2FileSizeByte_PredictedCDHG_splitClauses_1":["59128"],
"labeledBinaryVariableTemplatesNumber_PredictedCDHG_splitClauses_0":["6"],
"averagePredicateSize_RelationalEqs_splitClauses_1":["1"],
"minedSingleVariableTemplatesNumber_Term_splitClauses_0":["163"],
"labeledTemplateRelationSymbolNumber_Term_splitClauses_1":["3"],
"generatedPredicateNumber_Random_splitClauses_0":["10800000"],
"labeledBinaryVariableTemplatesNumber_Empty_splitClauses_1":["6"],
"relationSymbolNumberAfterSimplification_Term_splitClauses_1":["142"],
"clauseNumberAfterSimplification_Labeled_splitClauses_0":["94"],
"labeledSingleVariableTemplatesNumber_Labeled_splitClauses_0":["1"],
"minedTemplateNumber_Mined_splitClauses_1":["169"],
"labeledTemplateRelationSymbolNumber_Labeled_splitClauses_0":["3"],
"unlabeledTemplateRelationSymbolNumber_Mined_splitClauses_1":["29"],
"solvability_Labeled_splitClauses_0":["10800000"],
"minedTemplateNumber_RelationalEqs_splitClauses_1":["169"],
"solvingTime_Random_splitClauses_1":["350"],
"minedTemplateNumber_Random_splitClauses_0":["169"],
"cegarIterationNumber_Unlabeled_splitClauses_1":["4"],
"minedTemplateNumber_RelationalIneqs_splitClauses_1":["169"],
"unlabeledBinaryVariableTemplatesNumber_Octagon_splitClauses_1":["732"],
"minedSingleVariableTemplatesNumber_Octagon_splitClauses_1":["163"],
"minedSingleVariableTemplatesNumber_Random_splitClauses_1":["163"],
"averagePredicateSize_All_splitClauses_1":["10800000"],
"minedTemplateNumber_Empty_splitClauses_0":["169"],
"labeledTemplateNumber_Mined_splitClauses_0":["7"],
"unlabeledBinaryVariableTemplatesNumber_All_splitClauses_0":["732"],
"relationSymbolNumberAfterSimplification_Labeled_splitClauses_1":["142"],
"labeledSingleVariableTemplatesNumber_PredictedCDHG_splitClauses_1":["1"],
"minedSingleVariableTemplatesNumber_Mined_splitClauses_1":["163"],
"labeledTemplateRelationSymbolNumber_Term_splitClauses_0":["3"],
"unlabeledTemplateRelationSymbolNumber_Term_splitClauses_1":["29"],
"predicateGeneratorTime_All_splitClauses_1":["10800000"],
"unlabeledSingleVariableTemplatesNumber_Random_splitClauses_0":["465"],
"predicateGeneratorTime_Unlabeled_splitClauses_1":["146"],
"cegarIterationNumber_PredictedCDHG_splitClauses_0":["10800000"],
"labeledTemplateNumber_RelationalEqs_splitClauses_0":["7"],
"labeledTemplateRelationSymbolNumber_Mined_splitClauses_1":["3"],
"labeledTemplateRelationSymbolNumber_Random_splitClauses_0":["3"],
"labeledBinaryVariableTemplatesNumber_RelationalEqs_splitClauses_1":["6"],
"generatedPredicateNumber_RelationalIneqs_splitClauses_1":["8"],
"unlabeledTemplateRelationSymbolNumber_PredictedCG_splitClauses_1":["29"],
"unlabeledSingleVariableTemplatesNumber_RelationalEqs_splitClauses_0":["465"],
"labeledBinaryVariableTemplatesNumber_Labeled_splitClauses_0":["6"],
"minedBinaryVariableTemplatesNumber_PredictedCDHG_splitClauses_0":["6"],
"unlabeledTemplateRelationSymbolNumber_Unlabeled_splitClauses_0":["29"],
"clauseNumberAfterSimplification_Term_splitClauses_1":["94"],
"unlabeledTemplateNumber_Octagon_splitClauses_0":["1197"],
"unlabeledBinaryVariableTemplatesNumber_RelationalEqs_splitClauses_1":["732"],
"unlabeledTemplateNumber_PredictedCG_splitClauses_0":["1197"],
"unlabeledTemplateNumber_All_splitClauses_0":["1197"],
"labeledTemplateRelationSymbolNumber_RelationalIneqs_splitClauses_1":["3"],
"unlabeledSingleVariableTemplatesNumber_Mined_splitClauses_1":["465"],
"labeledTemplateRelationSymbolNumber_Unlabeled_splitClauses_1":["3"],
"labeledBinaryVariableTemplatesNumber_Random_splitClauses_1":["6"],
"solvability_Random_splitClauses_1":["1"],
"solvingTime_Term_splitClauses_0":["10800000"],
"minedSingleVariableTemplatesNumber_Labeled_splitClauses_1":["163"],
"clauseNumberBeforeSimplification_Term_splitClauses_0":["140"],
"relationSymbolNumberBeforeSimplification_RelationalIneqs_splitClauses_1":["324"],
"minedTemplateRelationSymbolNumber_Mined_splitClauses_0":["29"],
"solvability_Octagon_splitClauses_1":["1"],
"minedSingleVariableTemplatesNumber_RelationalIneqs_splitClauses_1":["163"],
"smt2FileSizeByte_Labeled_splitClauses_0":["59128"],
"solvability_RelationalEqs_splitClauses_1":["1"],
"unlabeledSingleVariableTemplatesNumber_Empty_splitClauses_1":["465"],
"labeledTemplateNumber_PredictedCDHG_splitClauses_1":["7"],
"minedTemplateRelationSymbolNumber_Octagon_splitClauses_0":["29"],
"clauseNumberAfterSimplification_Unlabeled_splitClauses_0":["94"],
"clauseNumberBeforeSimplification_Unlabeled_splitClauses_0":["140"],
"clauseNumberBeforeSimplification_PredictedCDHG_splitClauses_0":["140"],
"cegarIterationNumber_RelationalIneqs_splitClauses_0":["10800000"],
"labeledTemplateRelationSymbolNumber_RelationalEqs_splitClauses_0":["3"],
"averagePredicateSize_Labeled_splitClauses_0":["10800000"],
"smt2FileSizeByte_RelationalIneqs_splitClauses_1":["59128"],
"clauseNumberBeforeSimplification_RelationalEqs_splitClauses_1":["140"],
"unlabeledTemplateRelationSymbolNumber_RelationalIneqs_splitClauses_1":["29"],
"clauseNumberBeforeSimplification_PredictedCG_splitClauses_0":["140"],
"solvingTime_PredictedCDHG_splitClauses_0":["10800000"],
"labeledTemplateRelationSymbolNumber_Octagon_splitClauses_1":["3"],
"minedTemplateRelationSymbolNumber_PredictedCG_splitClauses_1":["29"],
"relationSymbolNumberBeforeSimplification_RelationalEqs_splitClauses_1":["324"],
"labeledTemplateNumber_Random_splitClauses_1":["7"],
"solvingTime_RelationalIneqs_splitClauses_0":["10800000"],
"labeledTemplateNumber_All_splitClauses_1":["7"],
"unlabeledTemplateNumber_Random_splitClauses_1":["1197"],
"relationSymbolNumberBeforeSimplification_All_splitClauses_0":["324"],
"smt2FileSizeByte_Unlabeled_splitClauses_1":["59128"],
"cegarIterationNumber_PredictedCG_splitClauses_0":["10800000"],
"predicateGeneratorTime_Octagon_splitClauses_0":["10800000"],
"unlabeledTemplateNumber_RelationalEqs_splitClauses_1":["1197"],
"clauseNumberAfterSimplification_Octagon_splitClauses_0":["94"],
"cegarIterationNumber_Random_splitClauses_0":["10800000"],
"solvability_PredictedCDHG_splitClauses_1":["10800000"],
"solvability_PredictedCG_splitClauses_0":["10800000"],
"solvingTime_PredictedCG_splitClauses_1":["10800000"],
"unlabeledSingleVariableTemplatesNumber_Unlabeled_splitClauses_0":["465"],
"unlabeledTemplateNumber_Unlabeled_splitClauses_0":["1197"],
"labeledTemplateRelationSymbolNumber_RelationalIneqs_splitClauses_0":["3"],
"minedTemplateNumber_Random_splitClauses_1":["169"],
"generatedPredicateNumber_RelationalEqs_splitClauses_0":["10800000"],
"minedTemplateNumber_Term_splitClauses_0":["169"],
"solvingTime_All_splitClauses_1":["10800000"],
"minedSingleVariableTemplatesNumber_PredictedCG_splitClauses_0":["163"],
"smt2FileSizeByte_Term_splitClauses_1":["59128"],
"labeledBinaryVariableTemplatesNumber_All_splitClauses_0":["6"],
"minedTemplateNumber_PredictedCDHG_splitClauses_1":["169"],
"minedTemplateRelationSymbolNumber_PredictedCDHG_splitClauses_0":["29"],
"averagePredicateSize_Unlabeled_splitClauses_0":["10800000"],
"minedBinaryVariableTemplatesNumber_Octagon_splitClauses_1":["6"],
"unlabeledSingleVariableTemplatesNumber_Random_splitClauses_1":["465"],
"clauseNumberBeforeSimplification_Random_splitClauses_0":["140"],
"solvingTime_Unlabeled_splitClauses_1":["229"],
"predicateGeneratorTime_PredictedCDHG_splitClauses_1":["10800000"],
"averagePredicateSize_PredictedCDHG_splitClauses_0":["10800000"],
"relationSymbolNumberAfterSimplification_RelationalEqs_splitClauses_0":["142"],
"minedBinaryVariableTemplatesNumber_Term_splitClauses_0":["6"],
"labeledTemplateNumber_RelationalIneqs_splitClauses_0":["7"],
"clauseNumberAfterSimplification_Random_splitClauses_0":["94"],
"clauseNumberAfterSimplification_PredictedCG_splitClauses_0":["94"],
"generatedPredicateNumber_Empty_splitClauses_1":["8"],
"clauseNumberBeforeSimplification_Octagon_splitClauses_0":["140"],
"unlabeledTemplateNumber_Empty_splitClauses_0":["1197"],
"minedSingleVariableTemplatesNumber_All_splitClauses_0":["163"],
"labeledTemplateRelationSymbolNumber_Octagon_splitClauses_0":["3"],
"generatedPredicateNumber_Random_splitClauses_1":["8"],
"clauseNumberAfterSimplification_RelationalEqs_splitClauses_0":["94"],
"labeledBinaryVariableTemplatesNumber_Term_splitClauses_0":["6"],
"minedSingleVariableTemplatesNumber_RelationalEqs_splitClauses_0":["163"],
"minedTemplateNumber_Mined_splitClauses_0":["169"],
"relationSymbolNumberBeforeSimplification_PredictedCG_splitClauses_0":["324"],
"averagePredicateSize_Octagon_splitClauses_0":["10800000"],
"unlabeledBinaryVariableTemplatesNumber_Empty_splitClauses_1":["732"],
"unlabeledSingleVariableTemplatesNumber_PredictedCDHG_splitClauses_0":["465"],
"unlabeledSingleVariableTemplatesNumber_PredictedCG_splitClauses_1":["465"],
"labeledTemplateRelationSymbolNumber_Labeled_splitClauses_1":["3"],
"minedTemplateRelationSymbolNumber_Random_splitClauses_0":["29"],
"unlabeledTemplateRelationSymbolNumber_PredictedCG_splitClauses_0":["29"],
"unlabeledTemplateNumber_RelationalIneqs_splitClauses_0":["1197"],
"unlabeledSingleVariableTemplatesNumber_Labeled_splitClauses_0":["465"],
"relationSymbolNumberAfterSimplification_PredictedCG_splitClauses_0":["142"],
"minedTemplateNumber_Unlabeled_splitClauses_1":["169"],
"generatedPredicateNumber_PredictedCG_splitClauses_0":["10800000"],
"labeledTemplateNumber_Unlabeled_splitClauses_1":["7"],
"unlabeledTemplateRelationSymbolNumber_Empty_splitClauses_1":["29"],
"clauseNumberBeforeSimplification_Empty_splitClauses_0":["140"],
"solvingTime_Octagon_splitClauses_1":["242"],
"cegarIterationNumber_Mined_splitClauses_1":["4"],
"clauseNumberBeforeSimplification_Mined_splitClauses_1":["140"],
"smt2FileSizeByte_PredictedCDHG_splitClauses_0":["59128"],
"averagePredicateSize_PredictedCG_splitClauses_0":["10800000"],
"solvingTime_Random_splitClauses_0":["10800000"],
"minedTemplateNumber_RelationalEqs_splitClauses_0":["169"],
"unlabeledSingleVariableTemplatesNumber_RelationalIneqs_splitClauses_0":["465"],
"unlabeledTemplateNumber_Unlabeled_splitClauses_1":["1197"],
"labeledBinaryVariableTemplatesNumber_RelationalEqs_splitClauses_0":["6"],
"generatedPredicateNumber_PredictedCDHG_splitClauses_0":["10800000"],
"relationSymbolNumberAfterSimplification_RelationalIneqs_splitClauses_0":["142"],
"minedTemplateRelationSymbolNumber_Empty_splitClauses_1":["29"],
"predicateGeneratorTime_Random_splitClauses_1":["191"],
"labeledTemplateNumber_Term_splitClauses_1":["7"],
"relationSymbolNumberBeforeSimplification_RelationalEqs_splitClauses_0":["324"],
"minedSingleVariableTemplatesNumber_Empty_splitClauses_1":["163"],
"minedSingleVariableTemplatesNumber_RelationalIneqs_splitClauses_0":["163"],
"clauseNumberAfterSimplification_All_splitClauses_0":["94"],
"unlabeledBinaryVariableTemplatesNumber_RelationalEqs_splitClauses_0":["732"],
"cegarIterationNumber_RelationalEqs_splitClauses_0":["10800000"],
"labeledTemplateRelationSymbolNumber_PredictedCDHG_splitClauses_0":["3"],
"labeledSingleVariableTemplatesNumber_Labeled_splitClauses_1":["1"],
"unlabeledBinaryVariableTemplatesNumber_All_splitClauses_1":["732"],
"minedTemplateRelationSymbolNumber_Unlabeled_splitClauses_1":["29"],
"solvingTime_RelationalEqs_splitClauses_0":["10800000"],
"solvingTime_RelationalEqs_splitClauses_1":["267"],
"minedBinaryVariableTemplatesNumber_Mined_splitClauses_0":["6"],
"clauseNumberBeforeSimplification_All_splitClauses_0":["140"],
"clauseNumberBeforeSimplification_RelationalIneqs_splitClauses_1":["140"],
"labeledTemplateNumber_RelationalEqs_splitClauses_1":["7"],
"labeledBinaryVariableTemplatesNumber_RelationalIneqs_splitClauses_0":["6"],
"relationSymbolNumberBeforeSimplification_Labeled_splitClauses_0":["324"],
"clauseNumberAfterSimplification_Empty_splitClauses_0":["94"],
"averagePredicateSize_Empty_splitClauses_0":["10800000"],
"unlabeledTemplateNumber_Term_splitClauses_1":["1197"],
"predicateGeneratorTime_Mined_splitClauses_1":["140"],
"labeledBinaryVariableTemplatesNumber_RelationalIneqs_splitClauses_1":["6"],
"predicateGeneratorTime_Unlabeled_splitClauses_0":["10800000"],
"relationSymbolNumberAfterSimplification_Empty_splitClauses_0":["142"],
"generatedPredicateNumber_Mined_splitClauses_0":["10800000"],
"generatedPredicateNumber_RelationalEqs_splitClauses_1":["8"],
"labeledTemplateRelationSymbolNumber_PredictedCG_splitClauses_0":["3"],
"minedSingleVariableTemplatesNumber_PredictedCG_splitClauses_1":["163"],
"minedTemplateRelationSymbolNumber_PredictedCG_splitClauses_0":["29"],
"unlabeledTemplateRelationSymbolNumber_Labeled_splitClauses_0":["29"],
"solvability_Empty_splitClauses_1":["1"],
"averagePredicateSize_Term_splitClauses_0":["10800000"],
"cegarIterationNumber_Random_splitClauses_1":["4"],
"averagePredicateSize_Labeled_splitClauses_1":["1"],
"unlabeledBinaryVariableTemplatesNumber_Unlabeled_splitClauses_0":["732"],
"generatedPredicateNumber_Unlabeled_splitClauses_1":["8"],
"predicateGeneratorTime_All_splitClauses_0":["10800000"],
"unlabeledBinaryVariableTemplatesNumber_PredictedCDHG_splitClauses_1":["732"],
"clauseNumberBeforeSimplification_Labeled_splitClauses_1":["140"],
"minedBinaryVariableTemplatesNumber_Labeled_splitClauses_1":["6"],
"labeledSingleVariableTemplatesNumber_All_splitClauses_0":["1"],
"unlabeledTemplateRelationSymbolNumber_Mined_splitClauses_0":["29"],
"cegarIterationNumber_Octagon_splitClauses_1":["4"],
"labeledTemplateNumber_Octagon_splitClauses_0":["7"],
"labeledTemplateRelationSymbolNumber_All_splitClauses_1":["3"],
"smt2FileSizeByte_Empty_splitClauses_0":["59128"],
"unlabeledTemplateNumber_Octagon_splitClauses_1":["1197"],
"predicateGeneratorTime_RelationalEqs_splitClauses_0":["10800000"],
"unlabeledTemplateRelationSymbolNumber_RelationalIneqs_splitClauses_0":["29"],
"smt2FileSizeByte_RelationalEqs_splitClauses_1":["59128"],
"unlabeledTemplateNumber_Labeled_splitClauses_0":["1197"],
"minedSingleVariableTemplatesNumber_Labeled_splitClauses_0":["163"],
"solvingTime_PredictedCDHG_splitClauses_1":["10800000"],
"relationSymbolNumberBeforeSimplification_Term_splitClauses_1":["324"],
"minedTemplateNumber_Octagon_splitClauses_1":["169"],
"clauseNumberBeforeSimplification_Mined_splitClauses_0":["140"],
"smt2FileSizeByte_All_splitClauses_0":["59128"],
"solvingTime_All_splitClauses_0":["10800000"],
"minedBinaryVariableTemplatesNumber_Term_splitClauses_1":["6"],
"unlabeledTemplateRelationSymbolNumber_Random_splitClauses_0":["29"],
"cegarIterationNumber_All_splitClauses_0":["10800000"],
"smt2FileSizeByte_RelationalEqs_splitClauses_0":["59128"],
"unlabeledSingleVariableTemplatesNumber_PredictedCDHG_splitClauses_1":["465"],
"clauseNumberBeforeSimplification_Labeled_splitClauses_0":["140"],
"cegarIterationNumber_PredictedCG_splitClauses_1":["10800000"],
"labeledTemplateRelationSymbolNumber_Unlabeled_splitClauses_0":["3"],
"unlabeledTemplateRelationSymbolNumber_Octagon_splitClauses_1":["29"],
"unlabeledTemplateNumber_Empty_splitClauses_1":["1197"],
"clauseNumberBeforeSimplification_Octagon_splitClauses_1":["140"],
"labeledTemplateNumber_Unlabeled_splitClauses_0":["7"],
"labeledBinaryVariableTemplatesNumber_PredictedCG_splitClauses_0":["6"],
"solvability_Term_splitClauses_1":["1"],
"solvability_Octagon_splitClauses_0":["10800000"],
"minedTemplateRelationSymbolNumber_RelationalIneqs_splitClauses_0":["29"],
"clauseNumberBeforeSimplification_RelationalIneqs_splitClauses_0":["140"],
"labeledTemplateNumber_PredictedCG_splitClauses_0":["7"],
"cegarIterationNumber_Labeled_splitClauses_0":["10800000"],
"smt2FileSizeByte_Labeled_splitClauses_1":["59128"],
"clauseNumberBeforeSimplification_Unlabeled_splitClauses_1":["140"],
"generatedPredicateNumber_Term_splitClauses_1":["8"],
"solvingTime_Term_splitClauses_1":["232"],
"unlabeledBinaryVariableTemplatesNumber_Random_splitClauses_1":["732"],
"unlabeledSingleVariableTemplatesNumber_Octagon_splitClauses_0":["465"],
"solvingTime_Octagon_splitClauses_0":["10800000"],
"labeledSingleVariableTemplatesNumber_Mined_splitClauses_1":["1"],
"averagePredicateSize_Term_splitClauses_1":["1"],
"labeledTemplateNumber_Labeled_splitClauses_0":["7"],
"unlabeledSingleVariableTemplatesNumber_PredictedCG_splitClauses_0":["465"],
"smt2FileSizeByte_Mined_splitClauses_1":["59128"],
"labeledBinaryVariableTemplatesNumber_Unlabeled_splitClauses_1":["6"],
"labeledTemplateNumber_All_splitClauses_0":["7"],
"unlabeledTemplateNumber_Random_splitClauses_0":["1197"],
"labeledTemplateNumber_Octagon_splitClauses_1":["7"],
"unlabeledTemplateNumber_PredictedCDHG_splitClauses_1":["1197"],
"unlabeledBinaryVariableTemplatesNumber_Mined_splitClauses_0":["732"],
"minedTemplateRelationSymbolNumber_Mined_splitClauses_1":["29"],
"labeledTemplateNumber_RelationalIneqs_splitClauses_1":["7"],
"relationSymbolNumberAfterSimplification_All_splitClauses_0":["142"],
"relationSymbolNumberBeforeSimplification_PredictedCDHG_splitClauses_0":["324"],
"solvability_Term_splitClauses_0":["10800000"],
"clauseNumberBeforeSimplification_PredictedCG_splitClauses_1":["140"],
"generatedPredicateNumber_Labeled_splitClauses_1":["8"],
"labeledSingleVariableTemplatesNumber_Unlabeled_splitClauses_0":["1"],
"unlabeledBinaryVariableTemplatesNumber_Empty_splitClauses_0":["732"],
"solvingTime_Mined_splitClauses_0":["10800000"],
"unlabeledTemplateNumber_All_splitClauses_1":["1197"],
"clauseNumberAfterSimplification_Random_splitClauses_1":["94"],
"labeledBinaryVariableTemplatesNumber_Octagon_splitClauses_1":["6"],
"unlabeledBinaryVariableTemplatesNumber_Labeled_splitClauses_0":["732"],
"smt2FileSizeByte_Octagon_splitClauses_0":["59128"],
"labeledSingleVariableTemplatesNumber_Random_splitClauses_1":["1"],
"solvability_Unlabeled_splitClauses_0":["10800000"],
"solvingTime_Unlabeled_splitClauses_0":["10800000"],
"unlabeledTemplateRelationSymbolNumber_All_splitClauses_1":["29"],
"minedTemplateNumber_Empty_splitClauses_1":["169"],
"solvability_RelationalIneqs_splitClauses_0":["10800000"],
"unlabeledTemplateRelationSymbolNumber_Labeled_splitClauses_1":["29"],
"cegarIterationNumber_RelationalEqs_splitClauses_1":["4"],
"minedSingleVariableTemplatesNumber_RelationalEqs_splitClauses_1":["163"],
"clauseNumberAfterSimplification_PredictedCDHG_splitClauses_1":["94"],
"minedBinaryVariableTemplatesNumber_RelationalIneqs_splitClauses_1":["6"],
"unlabeledBinaryVariableTemplatesNumber_Mined_splitClauses_1":["732"],
"unlabeledBinaryVariableTemplatesNumber_PredictedCDHG_splitClauses_0":["732"],
"solvingTime_Empty_splitClauses_1":["202"],
"labeledTemplateRelationSymbolNumber_Empty_splitClauses_1":["3"],
"generatedPredicateNumber_Term_splitClauses_0":["10800000"],
"averagePredicateSize_Empty_splitClauses_1":["1"],
"generatedPredicateNumber_PredictedCG_splitClauses_1":["10800000"],
"labeledTemplateRelationSymbolNumber_PredictedCDHG_splitClauses_1":["3"],
"predicateGeneratorTime_Mined_splitClauses_0":["10800000"],
"relationSymbolNumberBeforeSimplification_Term_splitClauses_0":["324"],
"predicateGeneratorTime_Labeled_splitClauses_0":["10800000"],
"labeledSingleVariableTemplatesNumber_Random_splitClauses_0":["1"],
"unlabeledTemplateRelationSymbolNumber_All_splitClauses_0":["29"],
"minedBinaryVariableTemplatesNumber_Labeled_splitClauses_0":["6"],
"generatedPredicateNumber_Labeled_splitClauses_0":["10800000"],
"relationSymbolNumberAfterSimplification_Empty_splitClauses_1":["142"],
"solvingTime_Mined_splitClauses_1":["215"],
"minedSingleVariableTemplatesNumber_All_splitClauses_1":["163"],
"predicateGeneratorTime_Random_splitClauses_0":["10800000"],
"cegarIterationNumber_Term_splitClauses_1":["4"],
"labeledTemplateNumber_Empty_splitClauses_1":["7"],
"clauseNumberAfterSimplification_Empty_splitClauses_1":["94"],
"minedTemplateRelationSymbolNumber_Empty_splitClauses_0":["29"],
"unlabeledSingleVariableTemplatesNumber_Term_splitClauses_0":["465"],
"minedSingleVariableTemplatesNumber_Empty_splitClauses_0":["163"],
"relationSymbolNumberAfterSimplification_Random_splitClauses_0":["142"],
"minedTemplateRelationSymbolNumber_RelationalEqs_splitClauses_0":["29"],
"cegarIterationNumber_Empty_splitClauses_0":["10800000"],
"minedBinaryVariableTemplatesNumber_RelationalEqs_splitClauses_1":["6"],
"relationSymbolNumberBeforeSimplification_PredictedCG_splitClauses_1":["324"],
"labeledSingleVariableTemplatesNumber_All_splitClauses_1":["1"],
"unlabeledTemplateRelationSymbolNumber_Octagon_splitClauses_0":["29"],
"minedTemplateRelationSymbolNumber_Unlabeled_splitClauses_0":["29"],
"labeledBinaryVariableTemplatesNumber_Mined_splitClauses_0":["6"],
"relationSymbolNumberAfterSimplification_Unlabeled_splitClauses_1":["142"],
"minedTemplateNumber_PredictedCG_splitClauses_1":["169"],
"cegarIterationNumber_Empty_splitClauses_1":["4"],
"averagePredicateSize_RelationalIneqs_splitClauses_0":["10800000"],
"solvability_All_splitClauses_1":["10800000"],
"unlabeledBinaryVariableTemplatesNumber_Term_splitClauses_1":["732"],
"minedTemplateRelationSymbolNumber_Labeled_splitClauses_1":["29"],
"averagePredicateSize_Unlabeled_splitClauses_1":["1"],
"labeledTemplateNumber_Term_splitClauses_0":["7"],
"smt2FileSizeByte_Empty_splitClauses_1":["59128"],
"solvingTime_PredictedCG_splitClauses_0":["10800000"],
"cegarIterationNumber_All_splitClauses_1":["10800000"],
"clauseNumberBeforeSimplification_Term_splitClauses_1":["140"],
"predicateGeneratorTime_Empty_splitClauses_0":["10800000"],
"relationSymbolNumberBeforeSimplification_Empty_splitClauses_1":["324"],
"averagePredicateSize_All_splitClauses_0":["10800000"],
"unlabeledBinaryVariableTemplatesNumber_Random_splitClauses_0":["732"],
"smt2FileSizeByte_Term_splitClauses_0":["59128"],
"averagePredicateSize_Mined_splitClauses_1":["1"],
"minedBinaryVariableTemplatesNumber_Empty_splitClauses_0":["6"],
"minedTemplateRelationSymbolNumber_All_splitClauses_1":["29"],
"labeledSingleVariableTemplatesNumber_PredictedCG_splitClauses_0":["1"],
"unlabeledBinaryVariableTemplatesNumber_RelationalIneqs_splitClauses_0":["732"],
"unlabeledSingleVariableTemplatesNumber_RelationalIneqs_splitClauses_1":["465"],
"clauseNumberAfterSimplification_RelationalIneqs_splitClauses_0":["94"],
"unlabeledTemplateNumber_RelationalEqs_splitClauses_0":["1197"],
"unlabeledTemplateNumber_RelationalIneqs_splitClauses_1":["1197"],
"labeledTemplateRelationSymbolNumber_PredictedCG_splitClauses_1":["3"],
"labeledTemplateRelationSymbolNumber_All_splitClauses_0":["3"],
"labeledSingleVariableTemplatesNumber_Octagon_splitClauses_0":["1"],
"dummyFiled":[]
}