{
"smt2FileSizeByte_All_splitClauses_1":["56285"],
"generatedPredicateNumber_All_splitClauses_1":["10800000"],
"unlabeledTemplateRelationSymbolNumber_PredictedCDHG_splitClauses_0":["22"],
"predicateGeneratorTime_Term_splitClauses_0":["10800000"],
"averagePredicateSize_Random_splitClauses_1":["10800000"],
"labeledBinaryVariableTemplatesNumber_Labeled_splitClauses_1":["5"],
"clauseNumberBeforeSimplification_All_splitClauses_1":["125"],
"minedTemplateRelationSymbolNumber_Term_splitClauses_0":["22"],
"solvingTime_Labeled_splitClauses_1":["10800000"],
"unlabeledTemplateNumber_Labeled_splitClauses_1":["1058"],
"relationSymbolNumber_Term_splitClauses_1":["125"],
"minedTemplateRelationSymbolNumber_Octagon_splitClauses_1":["22"],
"clauseNumberAfterSimplification_Mined_splitClauses_1":["78"],
"unlabeledBinaryVariableTemplatesNumber_Term_splitClauses_0":["660"],
"labeledTemplateNumber_PredictedCDHG_splitClauses_0":["6"],
"relationSymbolNumber_RelationalEqs_splitClauses_1":["125"],
"solvability_Empty_splitClauses_0":["10800000"],
"unlabeledTemplateRelationSymbolNumber_Random_splitClauses_1":["22"],
"labeledBinaryVariableTemplatesNumber_Octagon_splitClauses_0":["5"],
"minedTemplateRelationSymbolNumber_Random_splitClauses_1":["22"],
"unlabeledSingleVariableTemplatesNumber_Mined_splitClauses_0":["398"],
"unlabeledBinaryVariableTemplatesNumber_PredictedCG_splitClauses_1":["660"],
"solvability_All_splitClauses_0":["10800000"],
"predicateGeneratorTime_RelationalEqs_splitClauses_1":["10800000"],
"smt2FileSizeByte_PredictedCG_splitClauses_1":["56285"],
"labeledSingleVariableTemplatesNumber_Unlabeled_splitClauses_1":["1"],
"labeledBinaryVariableTemplatesNumber_PredictedCG_splitClauses_1":["5"],
"minedBinaryVariableTemplatesNumber_PredictedCG_splitClauses_0":["5"],
"solvability_Random_splitClauses_0":["10800000"],
"clauseNumberBeforeSimplification_PredictedCDHG_splitClauses_1":["125"],
"labeledSingleVariableTemplatesNumber_Mined_splitClauses_0":["1"],
"solvability_Unlabeled_splitClauses_1":["10800000"],
"cegarIterationNumber_Labeled_splitClauses_1":["10800000"],
"smt2FileSizeByte_Mined_splitClauses_0":["56285"],
"labeledSingleVariableTemplatesNumber_PredictedCG_splitClauses_1":["1"],
"smt2FileSizeByte_Octagon_splitClauses_1":["56285"],
"minedTemplateNumber_Labeled_splitClauses_1":["139"],
"labeledSingleVariableTemplatesNumber_RelationalIneqs_splitClauses_1":["1"],
"clauseNumberAfterSimplification_Labeled_splitClauses_1":["78"],
"smt2FileSizeByte_Random_splitClauses_0":["56285"],
"unlabeledTemplateRelationSymbolNumber_PredictedCDHG_splitClauses_1":["22"],
"labeledSingleVariableTemplatesNumber_Term_splitClauses_0":["1"],
"generatedPredicateNumber_PredictedCDHG_splitClauses_1":["10800000"],
"minedSingleVariableTemplatesNumber_Unlabeled_splitClauses_0":["134"],
"generatedPredicateNumber_Octagon_splitClauses_1":["10800000"],
"labeledSingleVariableTemplatesNumber_RelationalEqs_splitClauses_0":["1"],
"predicateGeneratorTime_PredictedCG_splitClauses_1":["10800000"],
"labeledTemplateNumber_Labeled_splitClauses_1":["6"],
"labeledSingleVariableTemplatesNumber_Empty_splitClauses_0":["1"],
"minedTemplateRelationSymbolNumber_RelationalIneqs_splitClauses_1":["22"],
"unlabeledSingleVariableTemplatesNumber_All_splitClauses_1":["398"],
"labeledBinaryVariableTemplatesNumber_PredictedCDHG_splitClauses_1":["5"],
"unlabeledSingleVariableTemplatesNumber_RelationalEqs_splitClauses_1":["398"],
"cegarIterationNumber_Term_splitClauses_0":["10800000"],
"unlabeledBinaryVariableTemplatesNumber_Labeled_splitClauses_1":["660"],
"unlabeledSingleVariableTemplatesNumber_Term_splitClauses_1":["398"],
"clauseNumberAfterSimplification_All_splitClauses_1":["78"],
"minedSingleVariableTemplatesNumber_Random_splitClauses_0":["134"],
"solvability_RelationalIneqs_splitClauses_1":["10800000"],
"minedTemplateNumber_Labeled_splitClauses_0":["139"],
"minedSingleVariableTemplatesNumber_Octagon_splitClauses_0":["134"],
"minedSingleVariableTemplatesNumber_Term_splitClauses_1":["134"],
"minedBinaryVariableTemplatesNumber_PredictedCDHG_splitClauses_1":["5"],
"generatedPredicateNumber_Mined_splitClauses_1":["5"],
"relationSymbolNumber_Octagon_splitClauses_1":["125"],
"relationSymbolNumber_Unlabeled_splitClauses_1":["125"],
"labeledSingleVariableTemplatesNumber_RelationalIneqs_splitClauses_0":["1"],
"averagePredicateSize_Mined_splitClauses_0":["10800000"],
"cegarIterationNumber_Unlabeled_splitClauses_0":["10800000"],
"minedBinaryVariableTemplatesNumber_Random_splitClauses_0":["5"],
"labeledTemplateNumber_Mined_splitClauses_1":["6"],
"labeledBinaryVariableTemplatesNumber_Random_splitClauses_0":["5"],
"unlabeledTemplateRelationSymbolNumber_Unlabeled_splitClauses_1":["22"],
"cegarIterationNumber_Mined_splitClauses_0":["10800000"],
"minedTemplateRelationSymbolNumber_Labeled_splitClauses_0":["22"],
"unlabeledBinaryVariableTemplatesNumber_RelationalIneqs_splitClauses_1":["660"],
"unlabeledBinaryVariableTemplatesNumber_Octagon_splitClauses_0":["660"],
"solvability_Mined_splitClauses_0":["10800000"],
"averagePredicateSize_RelationalEqs_splitClauses_0":["10800000"],
"clauseNumberAfterSimplification_Term_splitClauses_0":["78"],
"unlabeledTemplateNumber_Mined_splitClauses_0":["1058"],
"unlabeledTemplateNumber_PredictedCDHG_splitClauses_0":["1058"],
"cegarIterationNumber_RelationalIneqs_splitClauses_1":["10800000"],
"minedBinaryVariableTemplatesNumber_Unlabeled_splitClauses_1":["5"],
"labeledTemplateNumber_PredictedCG_splitClauses_1":["6"],
"labeledTemplateRelationSymbolNumber_Mined_splitClauses_0":["2"],
"labeledBinaryVariableTemplatesNumber_Mined_splitClauses_1":["5"],
"clauseNumberAfterSimplification_RelationalIneqs_splitClauses_1":["78"],
"minedSingleVariableTemplatesNumber_PredictedCDHG_splitClauses_0":["134"],
"solvability_Labeled_splitClauses_1":["10800000"],
"labeledSingleVariableTemplatesNumber_Octagon_splitClauses_1":["1"],
"averagePredicateSize_Random_splitClauses_0":["10800000"],
"smt2FileSizeByte_RelationalIneqs_splitClauses_0":["56285"],
"generatedPredicateNumber_Unlabeled_splitClauses_0":["10800000"],
"solvability_RelationalEqs_splitClauses_0":["10800000"],
"predicateGeneratorTime_Empty_splitClauses_1":["10800000"],
"minedSingleVariableTemplatesNumber_Mined_splitClauses_0":["134"],
"minedTemplateRelationSymbolNumber_PredictedCDHG_splitClauses_1":["22"],
"minedTemplateNumber_PredictedCG_splitClauses_0":["139"],
"averagePredicateSize_RelationalIneqs_splitClauses_1":["10800000"],
"labeledTemplateRelationSymbolNumber_Random_splitClauses_1":["2"],
"minedTemplateNumber_RelationalIneqs_splitClauses_0":["139"],
"predicateGeneratorTime_RelationalIneqs_splitClauses_0":["10800000"],
"labeledTemplateRelationSymbolNumber_Empty_splitClauses_0":["2"],
"minedBinaryVariableTemplatesNumber_Octagon_splitClauses_0":["5"],
"relationSymbolNumber_Labeled_splitClauses_0":["125"],
"labeledSingleVariableTemplatesNumber_Term_splitClauses_1":["1"],
"labeledBinaryVariableTemplatesNumber_Empty_splitClauses_0":["5"],
"minedTemplateNumber_Octagon_splitClauses_0":["139"],
"labeledBinaryVariableTemplatesNumber_Unlabeled_splitClauses_0":["5"],
"clauseNumberAfterSimplification_PredictedCDHG_splitClauses_0":["78"],
"smt2FileSizeByte_PredictedCG_splitClauses_0":["56285"],
"minedBinaryVariableTemplatesNumber_RelationalEqs_splitClauses_0":["5"],
"labeledTemplateRelationSymbolNumber_RelationalEqs_splitClauses_1":["2"],
"minedBinaryVariableTemplatesNumber_Random_splitClauses_1":["5"],
"clauseNumberAfterSimplification_Unlabeled_splitClauses_1":["78"],
"minedSingleVariableTemplatesNumber_PredictedCDHG_splitClauses_1":["134"],
"labeledBinaryVariableTemplatesNumber_Term_splitClauses_1":["5"],
"clauseNumberBeforeSimplification_Empty_splitClauses_1":["125"],
"minedBinaryVariableTemplatesNumber_Mined_splitClauses_1":["5"],
"unlabeledBinaryVariableTemplatesNumber_Unlabeled_splitClauses_1":["660"],
"unlabeledTemplateNumber_PredictedCG_splitClauses_1":["1058"],
"generatedPredicateNumber_Empty_splitClauses_0":["10800000"],
"predicateGeneratorTime_RelationalIneqs_splitClauses_1":["10800000"],
"unlabeledSingleVariableTemplatesNumber_Empty_splitClauses_0":["398"],
"cegarIterationNumber_Octagon_splitClauses_0":["10800000"],
"clauseNumberAfterSimplification_Octagon_splitClauses_1":["78"],
"unlabeledSingleVariableTemplatesNumber_Labeled_splitClauses_1":["398"],
"clauseNumberBeforeSimplification_Random_splitClauses_1":["125"],
"minedTemplateRelationSymbolNumber_All_splitClauses_0":["22"],
"unlabeledTemplateRelationSymbolNumber_RelationalEqs_splitClauses_0":["22"],
"minedSingleVariableTemplatesNumber_Unlabeled_splitClauses_1":["134"],
"clauseNumberBeforeSimplification_RelationalEqs_splitClauses_0":["125"],
"minedTemplateNumber_Unlabeled_splitClauses_0":["139"],
"generatedPredicateNumber_Octagon_splitClauses_0":["10800000"],
"predicateGeneratorTime_PredictedCDHG_splitClauses_0":["10800000"],
"clauseNumberAfterSimplification_PredictedCG_splitClauses_1":["78"],
"labeledSingleVariableTemplatesNumber_RelationalEqs_splitClauses_1":["1"],
"smt2FileSizeByte_Random_splitClauses_1":["56285"],
"averagePredicateSize_PredictedCG_splitClauses_1":["10800000"],
"cegarIterationNumber_PredictedCDHG_splitClauses_1":["10800000"],
"clauseNumberAfterSimplification_RelationalEqs_splitClauses_1":["78"],
"minedBinaryVariableTemplatesNumber_Empty_splitClauses_1":["5"],
"minedTemplateNumber_PredictedCDHG_splitClauses_0":["139"],
"labeledBinaryVariableTemplatesNumber_All_splitClauses_1":["5"],
"solvingTime_RelationalIneqs_splitClauses_1":["10800000"],
"unlabeledTemplateRelationSymbolNumber_RelationalEqs_splitClauses_1":["22"],
"smt2FileSizeByte_Unlabeled_splitClauses_0":["56285"],
"generatedPredicateNumber_All_splitClauses_0":["10800000"],
"predicateGeneratorTime_Octagon_splitClauses_1":["10800000"],
"solvability_Mined_splitClauses_1":["1"],
"minedTemplateRelationSymbolNumber_Term_splitClauses_1":["22"],
"clauseNumberAfterSimplification_Mined_splitClauses_0":["78"],
"solvability_PredictedCDHG_splitClauses_0":["10800000"],
"solvingTime_Empty_splitClauses_0":["10800000"],
"unlabeledSingleVariableTemplatesNumber_Unlabeled_splitClauses_1":["398"],
"minedTemplateNumber_Term_splitClauses_1":["139"],
"averagePredicateSize_Octagon_splitClauses_1":["10800000"],
"relationSymbolNumber_Empty_splitClauses_1":["125"],
"unlabeledSingleVariableTemplatesNumber_Octagon_splitClauses_1":["398"],
"minedTemplateRelationSymbolNumber_RelationalEqs_splitClauses_1":["22"],
"minedBinaryVariableTemplatesNumber_RelationalIneqs_splitClauses_0":["5"],
"predicateGeneratorTime_Term_splitClauses_1":["10800000"],
"solvingTime_Labeled_splitClauses_0":["10800000"],
"unlabeledBinaryVariableTemplatesNumber_PredictedCG_splitClauses_0":["660"],
"minedTemplateNumber_All_splitClauses_0":["139"],
"predicateGeneratorTime_Labeled_splitClauses_1":["10800000"],
"unlabeledTemplateRelationSymbolNumber_Empty_splitClauses_0":["22"],
"unlabeledTemplateNumber_Mined_splitClauses_1":["1058"],
"solvability_PredictedCG_splitClauses_1":["10800000"],
"unlabeledTemplateNumber_Term_splitClauses_0":["1058"],
"minedBinaryVariableTemplatesNumber_PredictedCG_splitClauses_1":["5"],
"labeledSingleVariableTemplatesNumber_PredictedCDHG_splitClauses_0":["1"],
"minedBinaryVariableTemplatesNumber_All_splitClauses_0":["5"],
"averagePredicateSize_PredictedCDHG_splitClauses_1":["10800000"],
"predicateGeneratorTime_PredictedCG_splitClauses_0":["10800000"],
"generatedPredicateNumber_RelationalIneqs_splitClauses_0":["10800000"],
"labeledTemplateNumber_Empty_splitClauses_0":["6"],
"unlabeledTemplateRelationSymbolNumber_Term_splitClauses_0":["22"],
"minedTemplateNumber_All_splitClauses_1":["139"],
"labeledSingleVariableTemplatesNumber_Empty_splitClauses_1":["1"],
"minedBinaryVariableTemplatesNumber_Unlabeled_splitClauses_0":["5"],
"labeledTemplateNumber_Random_splitClauses_0":["6"],
"minedBinaryVariableTemplatesNumber_All_splitClauses_1":["5"],
"unlabeledSingleVariableTemplatesNumber_All_splitClauses_0":["398"],
"smt2FileSizeByte_PredictedCDHG_splitClauses_1":["56285"],
"labeledBinaryVariableTemplatesNumber_PredictedCDHG_splitClauses_0":["5"],
"averagePredicateSize_RelationalEqs_splitClauses_1":["10800000"],
"minedSingleVariableTemplatesNumber_Term_splitClauses_0":["134"],
"labeledTemplateRelationSymbolNumber_Term_splitClauses_1":["2"],
"generatedPredicateNumber_Random_splitClauses_0":["10800000"],
"labeledBinaryVariableTemplatesNumber_Empty_splitClauses_1":["5"],
"clauseNumberAfterSimplification_Labeled_splitClauses_0":["78"],
"labeledSingleVariableTemplatesNumber_Labeled_splitClauses_0":["1"],
"minedTemplateNumber_Mined_splitClauses_1":["139"],
"labeledTemplateRelationSymbolNumber_Labeled_splitClauses_0":["2"],
"unlabeledTemplateRelationSymbolNumber_Mined_splitClauses_1":["22"],
"solvability_Labeled_splitClauses_0":["10800000"],
"minedTemplateNumber_RelationalEqs_splitClauses_1":["139"],
"solvingTime_Random_splitClauses_1":["10800000"],
"minedTemplateNumber_Random_splitClauses_0":["139"],
"cegarIterationNumber_Unlabeled_splitClauses_1":["10800000"],
"minedTemplateNumber_RelationalIneqs_splitClauses_1":["139"],
"unlabeledBinaryVariableTemplatesNumber_Octagon_splitClauses_1":["660"],
"minedSingleVariableTemplatesNumber_Octagon_splitClauses_1":["134"],
"minedSingleVariableTemplatesNumber_Random_splitClauses_1":["134"],
"averagePredicateSize_All_splitClauses_1":["10800000"],
"minedTemplateNumber_Empty_splitClauses_0":["139"],
"labeledTemplateNumber_Mined_splitClauses_0":["6"],
"unlabeledBinaryVariableTemplatesNumber_All_splitClauses_0":["660"],
"labeledSingleVariableTemplatesNumber_PredictedCDHG_splitClauses_1":["1"],
"minedSingleVariableTemplatesNumber_Mined_splitClauses_1":["134"],
"labeledTemplateRelationSymbolNumber_Term_splitClauses_0":["2"],
"unlabeledTemplateRelationSymbolNumber_Term_splitClauses_1":["22"],
"predicateGeneratorTime_All_splitClauses_1":["10800000"],
"unlabeledSingleVariableTemplatesNumber_Random_splitClauses_0":["398"],
"predicateGeneratorTime_Unlabeled_splitClauses_1":["10800000"],
"cegarIterationNumber_PredictedCDHG_splitClauses_0":["10800000"],
"labeledTemplateNumber_RelationalEqs_splitClauses_0":["6"],
"labeledTemplateRelationSymbolNumber_Mined_splitClauses_1":["2"],
"labeledTemplateRelationSymbolNumber_Random_splitClauses_0":["2"],
"labeledBinaryVariableTemplatesNumber_RelationalEqs_splitClauses_1":["5"],
"generatedPredicateNumber_RelationalIneqs_splitClauses_1":["10800000"],
"unlabeledTemplateRelationSymbolNumber_PredictedCG_splitClauses_1":["22"],
"unlabeledSingleVariableTemplatesNumber_RelationalEqs_splitClauses_0":["398"],
"labeledBinaryVariableTemplatesNumber_Labeled_splitClauses_0":["5"],
"minedBinaryVariableTemplatesNumber_PredictedCDHG_splitClauses_0":["5"],
"unlabeledTemplateRelationSymbolNumber_Unlabeled_splitClauses_0":["22"],
"clauseNumberAfterSimplification_Term_splitClauses_1":["78"],
"relationSymbolNumber_RelationalIneqs_splitClauses_0":["125"],
"unlabeledTemplateNumber_Octagon_splitClauses_0":["1058"],
"unlabeledBinaryVariableTemplatesNumber_RelationalEqs_splitClauses_1":["660"],
"unlabeledTemplateNumber_PredictedCG_splitClauses_0":["1058"],
"unlabeledTemplateNumber_All_splitClauses_0":["1058"],
"labeledTemplateRelationSymbolNumber_RelationalIneqs_splitClauses_1":["2"],
"unlabeledSingleVariableTemplatesNumber_Mined_splitClauses_1":["398"],
"labeledTemplateRelationSymbolNumber_Unlabeled_splitClauses_1":["2"],
"labeledBinaryVariableTemplatesNumber_Random_splitClauses_1":["5"],
"relationSymbolNumber_RelationalEqs_splitClauses_0":["125"],
"solvability_Random_splitClauses_1":["10800000"],
"solvingTime_Term_splitClauses_0":["10800000"],
"minedSingleVariableTemplatesNumber_Labeled_splitClauses_1":["134"],
"relationSymbolNumber_Random_splitClauses_0":["125"],
"clauseNumberBeforeSimplification_Term_splitClauses_0":["125"],
"minedTemplateRelationSymbolNumber_Mined_splitClauses_0":["22"],
"solvability_Octagon_splitClauses_1":["10800000"],
"relationSymbolNumber_Labeled_splitClauses_1":["125"],
"minedSingleVariableTemplatesNumber_RelationalIneqs_splitClauses_1":["134"],
"smt2FileSizeByte_Labeled_splitClauses_0":["56285"],
"solvability_RelationalEqs_splitClauses_1":["10800000"],
"unlabeledSingleVariableTemplatesNumber_Empty_splitClauses_1":["398"],
"labeledTemplateNumber_PredictedCDHG_splitClauses_1":["6"],
"minedTemplateRelationSymbolNumber_Octagon_splitClauses_0":["22"],
"clauseNumberAfterSimplification_Unlabeled_splitClauses_0":["78"],
"clauseNumberBeforeSimplification_Unlabeled_splitClauses_0":["125"],
"clauseNumberBeforeSimplification_PredictedCDHG_splitClauses_0":["125"],
"cegarIterationNumber_RelationalIneqs_splitClauses_0":["10800000"],
"relationSymbolNumber_All_splitClauses_0":["125"],
"labeledTemplateRelationSymbolNumber_RelationalEqs_splitClauses_0":["2"],
"averagePredicateSize_Labeled_splitClauses_0":["10800000"],
"smt2FileSizeByte_RelationalIneqs_splitClauses_1":["56285"],
"clauseNumberBeforeSimplification_RelationalEqs_splitClauses_1":["125"],
"unlabeledTemplateRelationSymbolNumber_RelationalIneqs_splitClauses_1":["22"],
"clauseNumberBeforeSimplification_PredictedCG_splitClauses_0":["125"],
"solvingTime_PredictedCDHG_splitClauses_0":["10800000"],
"labeledTemplateRelationSymbolNumber_Octagon_splitClauses_1":["2"],
"minedTemplateRelationSymbolNumber_PredictedCG_splitClauses_1":["22"],
"labeledTemplateNumber_Random_splitClauses_1":["6"],
"solvingTime_RelationalIneqs_splitClauses_0":["10800000"],
"labeledTemplateNumber_All_splitClauses_1":["6"],
"unlabeledTemplateNumber_Random_splitClauses_1":["1058"],
"relationSymbolNumber_PredictedCDHG_splitClauses_1":["125"],
"smt2FileSizeByte_Unlabeled_splitClauses_1":["56285"],
"cegarIterationNumber_PredictedCG_splitClauses_0":["10800000"],
"predicateGeneratorTime_Octagon_splitClauses_0":["10800000"],
"unlabeledTemplateNumber_RelationalEqs_splitClauses_1":["1058"],
"clauseNumberAfterSimplification_Octagon_splitClauses_0":["78"],
"cegarIterationNumber_Random_splitClauses_0":["10800000"],
"solvability_PredictedCDHG_splitClauses_1":["10800000"],
"solvability_PredictedCG_splitClauses_0":["10800000"],
"solvingTime_PredictedCG_splitClauses_1":["10800000"],
"unlabeledSingleVariableTemplatesNumber_Unlabeled_splitClauses_0":["398"],
"unlabeledTemplateNumber_Unlabeled_splitClauses_0":["1058"],
"labeledTemplateRelationSymbolNumber_RelationalIneqs_splitClauses_0":["2"],
"minedTemplateNumber_Random_splitClauses_1":["139"],
"relationSymbolNumber_PredictedCG_splitClauses_0":["125"],
"generatedPredicateNumber_RelationalEqs_splitClauses_0":["10800000"],
"minedTemplateNumber_Term_splitClauses_0":["139"],
"solvingTime_All_splitClauses_1":["10800000"],
"minedSingleVariableTemplatesNumber_PredictedCG_splitClauses_0":["134"],
"smt2FileSizeByte_Term_splitClauses_1":["56285"],
"labeledBinaryVariableTemplatesNumber_All_splitClauses_0":["5"],
"minedTemplateNumber_PredictedCDHG_splitClauses_1":["139"],
"minedTemplateRelationSymbolNumber_PredictedCDHG_splitClauses_0":["22"],
"averagePredicateSize_Unlabeled_splitClauses_0":["10800000"],
"minedBinaryVariableTemplatesNumber_Octagon_splitClauses_1":["5"],
"unlabeledSingleVariableTemplatesNumber_Random_splitClauses_1":["398"],
"clauseNumberBeforeSimplification_Random_splitClauses_0":["125"],
"solvingTime_Unlabeled_splitClauses_1":["10800000"],
"predicateGeneratorTime_PredictedCDHG_splitClauses_1":["10800000"],
"averagePredicateSize_PredictedCDHG_splitClauses_0":["10800000"],
"minedBinaryVariableTemplatesNumber_Term_splitClauses_0":["5"],
"labeledTemplateNumber_RelationalIneqs_splitClauses_0":["6"],
"clauseNumberAfterSimplification_Random_splitClauses_0":["78"],
"clauseNumberAfterSimplification_PredictedCG_splitClauses_0":["78"],
"generatedPredicateNumber_Empty_splitClauses_1":["10800000"],
"clauseNumberBeforeSimplification_Octagon_splitClauses_0":["125"],
"unlabeledTemplateNumber_Empty_splitClauses_0":["1058"],
"minedSingleVariableTemplatesNumber_All_splitClauses_0":["134"],
"labeledTemplateRelationSymbolNumber_Octagon_splitClauses_0":["2"],
"generatedPredicateNumber_Random_splitClauses_1":["10800000"],
"clauseNumberAfterSimplification_RelationalEqs_splitClauses_0":["78"],
"labeledBinaryVariableTemplatesNumber_Term_splitClauses_0":["5"],
"minedSingleVariableTemplatesNumber_RelationalEqs_splitClauses_0":["134"],
"minedTemplateNumber_Mined_splitClauses_0":["139"],
"averagePredicateSize_Octagon_splitClauses_0":["10800000"],
"unlabeledBinaryVariableTemplatesNumber_Empty_splitClauses_1":["660"],
"relationSymbolNumber_Unlabeled_splitClauses_0":["125"],
"unlabeledSingleVariableTemplatesNumber_PredictedCDHG_splitClauses_0":["398"],
"unlabeledSingleVariableTemplatesNumber_PredictedCG_splitClauses_1":["398"],
"labeledTemplateRelationSymbolNumber_Labeled_splitClauses_1":["2"],
"minedTemplateRelationSymbolNumber_Random_splitClauses_0":["22"],
"unlabeledTemplateRelationSymbolNumber_PredictedCG_splitClauses_0":["22"],
"unlabeledTemplateNumber_RelationalIneqs_splitClauses_0":["1058"],
"unlabeledSingleVariableTemplatesNumber_Labeled_splitClauses_0":["398"],
"minedTemplateNumber_Unlabeled_splitClauses_1":["139"],
"generatedPredicateNumber_PredictedCG_splitClauses_0":["10800000"],
"labeledTemplateNumber_Unlabeled_splitClauses_1":["6"],
"unlabeledTemplateRelationSymbolNumber_Empty_splitClauses_1":["22"],
"clauseNumberBeforeSimplification_Empty_splitClauses_0":["125"],
"solvingTime_Octagon_splitClauses_1":["10800000"],
"cegarIterationNumber_Mined_splitClauses_1":["3"],
"clauseNumberBeforeSimplification_Mined_splitClauses_1":["125"],
"smt2FileSizeByte_PredictedCDHG_splitClauses_0":["56285"],
"averagePredicateSize_PredictedCG_splitClauses_0":["10800000"],
"solvingTime_Random_splitClauses_0":["10800000"],
"minedTemplateNumber_RelationalEqs_splitClauses_0":["139"],
"unlabeledSingleVariableTemplatesNumber_RelationalIneqs_splitClauses_0":["398"],
"unlabeledTemplateNumber_Unlabeled_splitClauses_1":["1058"],
"labeledBinaryVariableTemplatesNumber_RelationalEqs_splitClauses_0":["5"],
"generatedPredicateNumber_PredictedCDHG_splitClauses_0":["10800000"],
"minedTemplateRelationSymbolNumber_Empty_splitClauses_1":["22"],
"predicateGeneratorTime_Random_splitClauses_1":["10800000"],
"labeledTemplateNumber_Term_splitClauses_1":["6"],
"minedSingleVariableTemplatesNumber_Empty_splitClauses_1":["134"],
"minedSingleVariableTemplatesNumber_RelationalIneqs_splitClauses_0":["134"],
"clauseNumberAfterSimplification_All_splitClauses_0":["78"],
"unlabeledBinaryVariableTemplatesNumber_RelationalEqs_splitClauses_0":["660"],
"cegarIterationNumber_RelationalEqs_splitClauses_0":["10800000"],
"labeledTemplateRelationSymbolNumber_PredictedCDHG_splitClauses_0":["2"],
"labeledSingleVariableTemplatesNumber_Labeled_splitClauses_1":["1"],
"unlabeledBinaryVariableTemplatesNumber_All_splitClauses_1":["660"],
"minedTemplateRelationSymbolNumber_Unlabeled_splitClauses_1":["22"],
"solvingTime_RelationalEqs_splitClauses_0":["10800000"],
"solvingTime_RelationalEqs_splitClauses_1":["10800000"],
"minedBinaryVariableTemplatesNumber_Mined_splitClauses_0":["5"],
"clauseNumberBeforeSimplification_All_splitClauses_0":["125"],
"clauseNumberBeforeSimplification_RelationalIneqs_splitClauses_1":["125"],
"labeledTemplateNumber_RelationalEqs_splitClauses_1":["6"],
"labeledBinaryVariableTemplatesNumber_RelationalIneqs_splitClauses_0":["5"],
"clauseNumberAfterSimplification_Empty_splitClauses_0":["78"],
"averagePredicateSize_Empty_splitClauses_0":["10800000"],
"relationSymbolNumber_PredictedCG_splitClauses_1":["125"],
"unlabeledTemplateNumber_Term_splitClauses_1":["1058"],
"predicateGeneratorTime_Mined_splitClauses_1":["166"],
"relationSymbolNumber_Mined_splitClauses_0":["125"],
"labeledBinaryVariableTemplatesNumber_RelationalIneqs_splitClauses_1":["5"],
"predicateGeneratorTime_Unlabeled_splitClauses_0":["10800000"],
"generatedPredicateNumber_Mined_splitClauses_0":["10800000"],
"generatedPredicateNumber_RelationalEqs_splitClauses_1":["10800000"],
"labeledTemplateRelationSymbolNumber_PredictedCG_splitClauses_0":["2"],
"minedSingleVariableTemplatesNumber_PredictedCG_splitClauses_1":["134"],
"minedTemplateRelationSymbolNumber_PredictedCG_splitClauses_0":["22"],
"unlabeledTemplateRelationSymbolNumber_Labeled_splitClauses_0":["22"],
"solvability_Empty_splitClauses_1":["10800000"],
"averagePredicateSize_Term_splitClauses_0":["10800000"],
"cegarIterationNumber_Random_splitClauses_1":["10800000"],
"relationSymbolNumber_All_splitClauses_1":["125"],
"averagePredicateSize_Labeled_splitClauses_1":["10800000"],
"unlabeledBinaryVariableTemplatesNumber_Unlabeled_splitClauses_0":["660"],
"generatedPredicateNumber_Unlabeled_splitClauses_1":["10800000"],
"predicateGeneratorTime_All_splitClauses_0":["10800000"],
"unlabeledBinaryVariableTemplatesNumber_PredictedCDHG_splitClauses_1":["660"],
"clauseNumberBeforeSimplification_Labeled_splitClauses_1":["125"],
"minedBinaryVariableTemplatesNumber_Labeled_splitClauses_1":["5"],
"labeledSingleVariableTemplatesNumber_All_splitClauses_0":["1"],
"unlabeledTemplateRelationSymbolNumber_Mined_splitClauses_0":["22"],
"cegarIterationNumber_Octagon_splitClauses_1":["10800000"],
"labeledTemplateNumber_Octagon_splitClauses_0":["6"],
"labeledTemplateRelationSymbolNumber_All_splitClauses_1":["2"],
"smt2FileSizeByte_Empty_splitClauses_0":["56285"],
"relationSymbolNumber_RelationalIneqs_splitClauses_1":["125"],
"unlabeledTemplateNumber_Octagon_splitClauses_1":["1058"],
"predicateGeneratorTime_RelationalEqs_splitClauses_0":["10800000"],
"unlabeledTemplateRelationSymbolNumber_RelationalIneqs_splitClauses_0":["22"],
"smt2FileSizeByte_RelationalEqs_splitClauses_1":["56285"],
"unlabeledTemplateNumber_Labeled_splitClauses_0":["1058"],
"relationSymbolNumber_Random_splitClauses_1":["125"],
"minedSingleVariableTemplatesNumber_Labeled_splitClauses_0":["134"],
"solvingTime_PredictedCDHG_splitClauses_1":["10800000"],
"minedTemplateNumber_Octagon_splitClauses_1":["139"],
"clauseNumberBeforeSimplification_Mined_splitClauses_0":["125"],
"smt2FileSizeByte_All_splitClauses_0":["56285"],
"solvingTime_All_splitClauses_0":["10800000"],
"minedBinaryVariableTemplatesNumber_Term_splitClauses_1":["5"],
"unlabeledTemplateRelationSymbolNumber_Random_splitClauses_0":["22"],
"cegarIterationNumber_All_splitClauses_0":["10800000"],
"smt2FileSizeByte_RelationalEqs_splitClauses_0":["56285"],
"unlabeledSingleVariableTemplatesNumber_PredictedCDHG_splitClauses_1":["398"],
"clauseNumberBeforeSimplification_Labeled_splitClauses_0":["125"],
"cegarIterationNumber_PredictedCG_splitClauses_1":["10800000"],
"labeledTemplateRelationSymbolNumber_Unlabeled_splitClauses_0":["2"],
"unlabeledTemplateRelationSymbolNumber_Octagon_splitClauses_1":["22"],
"unlabeledTemplateNumber_Empty_splitClauses_1":["1058"],
"clauseNumberBeforeSimplification_Octagon_splitClauses_1":["125"],
"labeledTemplateNumber_Unlabeled_splitClauses_0":["6"],
"labeledBinaryVariableTemplatesNumber_PredictedCG_splitClauses_0":["5"],
"solvability_Term_splitClauses_1":["10800000"],
"solvability_Octagon_splitClauses_0":["10800000"],
"minedTemplateRelationSymbolNumber_RelationalIneqs_splitClauses_0":["22"],
"clauseNumberBeforeSimplification_RelationalIneqs_splitClauses_0":["125"],
"labeledTemplateNumber_PredictedCG_splitClauses_0":["6"],
"cegarIterationNumber_Labeled_splitClauses_0":["10800000"],
"smt2FileSizeByte_Labeled_splitClauses_1":["56285"],
"clauseNumberBeforeSimplification_Unlabeled_splitClauses_1":["125"],
"generatedPredicateNumber_Term_splitClauses_1":["10800000"],
"solvingTime_Term_splitClauses_1":["10800000"],
"unlabeledBinaryVariableTemplatesNumber_Random_splitClauses_1":["660"],
"unlabeledSingleVariableTemplatesNumber_Octagon_splitClauses_0":["398"],
"solvingTime_Octagon_splitClauses_0":["10800000"],
"labeledSingleVariableTemplatesNumber_Mined_splitClauses_1":["1"],
"averagePredicateSize_Term_splitClauses_1":["10800000"],
"labeledTemplateNumber_Labeled_splitClauses_0":["6"],
"unlabeledSingleVariableTemplatesNumber_PredictedCG_splitClauses_0":["398"],
"smt2FileSizeByte_Mined_splitClauses_1":["56285"],
"labeledBinaryVariableTemplatesNumber_Unlabeled_splitClauses_1":["5"],
"labeledTemplateNumber_All_splitClauses_0":["6"],
"unlabeledTemplateNumber_Random_splitClauses_0":["1058"],
"labeledTemplateNumber_Octagon_splitClauses_1":["6"],
"unlabeledTemplateNumber_PredictedCDHG_splitClauses_1":["1058"],
"unlabeledBinaryVariableTemplatesNumber_Mined_splitClauses_0":["660"],
"minedTemplateRelationSymbolNumber_Mined_splitClauses_1":["22"],
"labeledTemplateNumber_RelationalIneqs_splitClauses_1":["6"],
"solvability_Term_splitClauses_0":["10800000"],
"relationSymbolNumber_Octagon_splitClauses_0":["125"],
"clauseNumberBeforeSimplification_PredictedCG_splitClauses_1":["125"],
"generatedPredicateNumber_Labeled_splitClauses_1":["10800000"],
"labeledSingleVariableTemplatesNumber_Unlabeled_splitClauses_0":["1"],
"unlabeledBinaryVariableTemplatesNumber_Empty_splitClauses_0":["660"],
"solvingTime_Mined_splitClauses_0":["10800000"],
"unlabeledTemplateNumber_All_splitClauses_1":["1058"],
"clauseNumberAfterSimplification_Random_splitClauses_1":["78"],
"labeledBinaryVariableTemplatesNumber_Octagon_splitClauses_1":["5"],
"unlabeledBinaryVariableTemplatesNumber_Labeled_splitClauses_0":["660"],
"smt2FileSizeByte_Octagon_splitClauses_0":["56285"],
"labeledSingleVariableTemplatesNumber_Random_splitClauses_1":["1"],
"solvability_Unlabeled_splitClauses_0":["10800000"],
"solvingTime_Unlabeled_splitClauses_0":["10800000"],
"unlabeledTemplateRelationSymbolNumber_All_splitClauses_1":["22"],
"minedTemplateNumber_Empty_splitClauses_1":["139"],
"solvability_RelationalIneqs_splitClauses_0":["10800000"],
"unlabeledTemplateRelationSymbolNumber_Labeled_splitClauses_1":["22"],
"cegarIterationNumber_RelationalEqs_splitClauses_1":["10800000"],
"minedSingleVariableTemplatesNumber_RelationalEqs_splitClauses_1":["134"],
"clauseNumberAfterSimplification_PredictedCDHG_splitClauses_1":["78"],
"minedBinaryVariableTemplatesNumber_RelationalIneqs_splitClauses_1":["5"],
"unlabeledBinaryVariableTemplatesNumber_Mined_splitClauses_1":["660"],
"unlabeledBinaryVariableTemplatesNumber_PredictedCDHG_splitClauses_0":["660"],
"solvingTime_Empty_splitClauses_1":["10800000"],
"labeledTemplateRelationSymbolNumber_Empty_splitClauses_1":["2"],
"generatedPredicateNumber_Term_splitClauses_0":["10800000"],
"averagePredicateSize_Empty_splitClauses_1":["10800000"],
"generatedPredicateNumber_PredictedCG_splitClauses_1":["10800000"],
"labeledTemplateRelationSymbolNumber_PredictedCDHG_splitClauses_1":["2"],
"relationSymbolNumber_Mined_splitClauses_1":["125"],
"predicateGeneratorTime_Mined_splitClauses_0":["10800000"],
"predicateGeneratorTime_Labeled_splitClauses_0":["10800000"],
"labeledSingleVariableTemplatesNumber_Random_splitClauses_0":["1"],
"unlabeledTemplateRelationSymbolNumber_All_splitClauses_0":["22"],
"minedBinaryVariableTemplatesNumber_Labeled_splitClauses_0":["5"],
"generatedPredicateNumber_Labeled_splitClauses_0":["10800000"],
"relationSymbolNumber_Empty_splitClauses_0":["125"],
"solvingTime_Mined_splitClauses_1":["264"],
"minedSingleVariableTemplatesNumber_All_splitClauses_1":["134"],
"predicateGeneratorTime_Random_splitClauses_0":["10800000"],
"cegarIterationNumber_Term_splitClauses_1":["10800000"],
"labeledTemplateNumber_Empty_splitClauses_1":["6"],
"clauseNumberAfterSimplification_Empty_splitClauses_1":["78"],
"minedTemplateRelationSymbolNumber_Empty_splitClauses_0":["22"],
"unlabeledSingleVariableTemplatesNumber_Term_splitClauses_0":["398"],
"minedSingleVariableTemplatesNumber_Empty_splitClauses_0":["134"],
"minedTemplateRelationSymbolNumber_RelationalEqs_splitClauses_0":["22"],
"cegarIterationNumber_Empty_splitClauses_0":["10800000"],
"minedBinaryVariableTemplatesNumber_RelationalEqs_splitClauses_1":["5"],
"labeledSingleVariableTemplatesNumber_All_splitClauses_1":["1"],
"unlabeledTemplateRelationSymbolNumber_Octagon_splitClauses_0":["22"],
"minedTemplateRelationSymbolNumber_Unlabeled_splitClauses_0":["22"],
"labeledBinaryVariableTemplatesNumber_Mined_splitClauses_0":["5"],
"minedTemplateNumber_PredictedCG_splitClauses_1":["139"],
"cegarIterationNumber_Empty_splitClauses_1":["10800000"],
"averagePredicateSize_RelationalIneqs_splitClauses_0":["10800000"],
"solvability_All_splitClauses_1":["10800000"],
"unlabeledBinaryVariableTemplatesNumber_Term_splitClauses_1":["660"],
"relationSymbolNumber_PredictedCDHG_splitClauses_0":["125"],
"minedTemplateRelationSymbolNumber_Labeled_splitClauses_1":["22"],
"averagePredicateSize_Unlabeled_splitClauses_1":["10800000"],
"labeledTemplateNumber_Term_splitClauses_0":["6"],
"smt2FileSizeByte_Empty_splitClauses_1":["56285"],
"solvingTime_PredictedCG_splitClauses_0":["10800000"],
"relationSymbolNumber_Term_splitClauses_0":["125"],
"cegarIterationNumber_All_splitClauses_1":["10800000"],
"clauseNumberBeforeSimplification_Term_splitClauses_1":["125"],
"predicateGeneratorTime_Empty_splitClauses_0":["10800000"],
"averagePredicateSize_All_splitClauses_0":["10800000"],
"unlabeledBinaryVariableTemplatesNumber_Random_splitClauses_0":["660"],
"smt2FileSizeByte_Term_splitClauses_0":["56285"],
"averagePredicateSize_Mined_splitClauses_1":["1"],
"minedBinaryVariableTemplatesNumber_Empty_splitClauses_0":["5"],
"minedTemplateRelationSymbolNumber_All_splitClauses_1":["22"],
"labeledSingleVariableTemplatesNumber_PredictedCG_splitClauses_0":["1"],
"unlabeledBinaryVariableTemplatesNumber_RelationalIneqs_splitClauses_0":["660"],
"unlabeledSingleVariableTemplatesNumber_RelationalIneqs_splitClauses_1":["398"],
"clauseNumberAfterSimplification_RelationalIneqs_splitClauses_0":["78"],
"unlabeledTemplateNumber_RelationalEqs_splitClauses_0":["1058"],
"unlabeledTemplateNumber_RelationalIneqs_splitClauses_1":["1058"],
"labeledTemplateRelationSymbolNumber_PredictedCG_splitClauses_1":["2"],
"labeledTemplateRelationSymbolNumber_All_splitClauses_0":["2"],
"labeledSingleVariableTemplatesNumber_Octagon_splitClauses_0":["1"],
"dummyFiled":[]
}