{
"smt2FileSizeByte_All_splitClauses_1":["16872"],
"generatedPredicateNumber_All_splitClauses_1":["10800000"],
"unlabeledTemplateRelationSymbolNumber_PredictedCDHG_splitClauses_0":["12"],
"relationSymbolNumberBeforeSimplification_Unlabeled_splitClauses_1":["85"],
"predicateGeneratorTime_Term_splitClauses_0":["10800000"],
"averagePredicateSize_Random_splitClauses_1":["1"],
"labeledBinaryVariableTemplatesNumber_Labeled_splitClauses_1":["92"],
"clauseNumberBeforeSimplification_All_splitClauses_1":["43"],
"minedTemplateRelationSymbolNumber_Term_splitClauses_0":["12"],
"solvingTime_Labeled_splitClauses_1":["4925"],
"unlabeledTemplateNumber_Labeled_splitClauses_1":["1224"],
"relationSymbolNumberAfterSimplification_All_splitClauses_1":["83"],
"minedTemplateRelationSymbolNumber_Octagon_splitClauses_1":["12"],
"clauseNumberAfterSimplification_Mined_splitClauses_1":["42"],
"relationSymbolNumberBeforeSimplification_Octagon_splitClauses_0":["85"],
"unlabeledBinaryVariableTemplatesNumber_Term_splitClauses_0":["792"],
"labeledTemplateNumber_PredictedCDHG_splitClauses_0":["96"],
"solvability_Empty_splitClauses_0":["10800000"],
"unlabeledTemplateRelationSymbolNumber_Random_splitClauses_1":["12"],
"labeledBinaryVariableTemplatesNumber_Octagon_splitClauses_0":["92"],
"relationSymbolNumberBeforeSimplification_Random_splitClauses_1":["85"],
"minedTemplateRelationSymbolNumber_Random_splitClauses_1":["12"],
"unlabeledSingleVariableTemplatesNumber_Mined_splitClauses_0":["432"],
"unlabeledBinaryVariableTemplatesNumber_PredictedCG_splitClauses_1":["792"],
"solvability_All_splitClauses_0":["10800000"],
"predicateGeneratorTime_RelationalEqs_splitClauses_1":["473"],
"relationSymbolNumberBeforeSimplification_PredictedCDHG_splitClauses_1":["85"],
"smt2FileSizeByte_PredictedCG_splitClauses_1":["16872"],
"labeledSingleVariableTemplatesNumber_Unlabeled_splitClauses_1":["4"],
"labeledBinaryVariableTemplatesNumber_PredictedCG_splitClauses_1":["92"],
"minedBinaryVariableTemplatesNumber_PredictedCG_splitClauses_0":["92"],
"solvability_Random_splitClauses_0":["10800000"],
"relationSymbolNumberAfterSimplification_PredictedCG_splitClauses_1":["83"],
"clauseNumberBeforeSimplification_PredictedCDHG_splitClauses_1":["43"],
"labeledSingleVariableTemplatesNumber_Mined_splitClauses_0":["4"],
"solvability_Unlabeled_splitClauses_1":["1"],
"cegarIterationNumber_Labeled_splitClauses_1":["16"],
"smt2FileSizeByte_Mined_splitClauses_0":["16872"],
"relationSymbolNumberAfterSimplification_Mined_splitClauses_0":["83"],
"labeledSingleVariableTemplatesNumber_PredictedCG_splitClauses_1":["4"],
"smt2FileSizeByte_Octagon_splitClauses_1":["16872"],
"minedTemplateNumber_Labeled_splitClauses_1":["236"],
"labeledSingleVariableTemplatesNumber_RelationalIneqs_splitClauses_1":["4"],
"clauseNumberAfterSimplification_Labeled_splitClauses_1":["42"],
"relationSymbolNumberAfterSimplification_Labeled_splitClauses_0":["83"],
"smt2FileSizeByte_Random_splitClauses_0":["16872"],
"relationSymbolNumberAfterSimplification_PredictedCDHG_splitClauses_0":["83"],
"unlabeledTemplateRelationSymbolNumber_PredictedCDHG_splitClauses_1":["12"],
"labeledSingleVariableTemplatesNumber_Term_splitClauses_0":["4"],
"generatedPredicateNumber_PredictedCDHG_splitClauses_1":["10800000"],
"minedSingleVariableTemplatesNumber_Unlabeled_splitClauses_0":["144"],
"generatedPredicateNumber_Octagon_splitClauses_1":["96"],
"labeledSingleVariableTemplatesNumber_RelationalEqs_splitClauses_0":["4"],
"predicateGeneratorTime_PredictedCG_splitClauses_1":["10800000"],
"relationSymbolNumberAfterSimplification_Octagon_splitClauses_0":["83"],
"labeledTemplateNumber_Labeled_splitClauses_1":["96"],
"labeledSingleVariableTemplatesNumber_Empty_splitClauses_0":["4"],
"minedTemplateRelationSymbolNumber_RelationalIneqs_splitClauses_1":["12"],
"unlabeledSingleVariableTemplatesNumber_All_splitClauses_1":["432"],
"labeledBinaryVariableTemplatesNumber_PredictedCDHG_splitClauses_1":["92"],
"unlabeledSingleVariableTemplatesNumber_RelationalEqs_splitClauses_1":["432"],
"cegarIterationNumber_Term_splitClauses_0":["10800000"],
"unlabeledBinaryVariableTemplatesNumber_Labeled_splitClauses_1":["792"],
"unlabeledSingleVariableTemplatesNumber_Term_splitClauses_1":["432"],
"clauseNumberAfterSimplification_All_splitClauses_1":["42"],
"minedSingleVariableTemplatesNumber_Random_splitClauses_0":["144"],
"solvability_RelationalIneqs_splitClauses_1":["1"],
"minedTemplateNumber_Labeled_splitClauses_0":["236"],
"minedSingleVariableTemplatesNumber_Octagon_splitClauses_0":["144"],
"minedSingleVariableTemplatesNumber_Term_splitClauses_1":["144"],
"minedBinaryVariableTemplatesNumber_PredictedCDHG_splitClauses_1":["92"],
"generatedPredicateNumber_Mined_splitClauses_1":["96"],
"labeledSingleVariableTemplatesNumber_RelationalIneqs_splitClauses_0":["4"],
"averagePredicateSize_Mined_splitClauses_0":["10800000"],
"cegarIterationNumber_Unlabeled_splitClauses_0":["10800000"],
"minedBinaryVariableTemplatesNumber_Random_splitClauses_0":["92"],
"labeledTemplateNumber_Mined_splitClauses_1":["96"],
"labeledBinaryVariableTemplatesNumber_Random_splitClauses_0":["92"],
"unlabeledTemplateRelationSymbolNumber_Unlabeled_splitClauses_1":["12"],
"cegarIterationNumber_Mined_splitClauses_0":["10800000"],
"minedTemplateRelationSymbolNumber_Labeled_splitClauses_0":["12"],
"unlabeledBinaryVariableTemplatesNumber_RelationalIneqs_splitClauses_1":["792"],
"unlabeledBinaryVariableTemplatesNumber_Octagon_splitClauses_0":["792"],
"solvability_Mined_splitClauses_0":["10800000"],
"averagePredicateSize_RelationalEqs_splitClauses_0":["10800000"],
"clauseNumberAfterSimplification_Term_splitClauses_0":["42"],
"unlabeledTemplateNumber_Mined_splitClauses_0":["1224"],
"relationSymbolNumberAfterSimplification_Random_splitClauses_1":["83"],
"unlabeledTemplateNumber_PredictedCDHG_splitClauses_0":["1224"],
"cegarIterationNumber_RelationalIneqs_splitClauses_1":["16"],
"minedBinaryVariableTemplatesNumber_Unlabeled_splitClauses_1":["92"],
"labeledTemplateNumber_PredictedCG_splitClauses_1":["96"],
"labeledTemplateRelationSymbolNumber_Mined_splitClauses_0":["11"],
"labeledBinaryVariableTemplatesNumber_Mined_splitClauses_1":["92"],
"relationSymbolNumberBeforeSimplification_Mined_splitClauses_0":["85"],
"relationSymbolNumberBeforeSimplification_RelationalIneqs_splitClauses_0":["85"],
"clauseNumberAfterSimplification_RelationalIneqs_splitClauses_1":["42"],
"minedSingleVariableTemplatesNumber_PredictedCDHG_splitClauses_0":["144"],
"solvability_Labeled_splitClauses_1":["1"],
"labeledSingleVariableTemplatesNumber_Octagon_splitClauses_1":["4"],
"averagePredicateSize_Random_splitClauses_0":["10800000"],
"smt2FileSizeByte_RelationalIneqs_splitClauses_0":["16872"],
"generatedPredicateNumber_Unlabeled_splitClauses_0":["10800000"],
"solvability_RelationalEqs_splitClauses_0":["10800000"],
"predicateGeneratorTime_Empty_splitClauses_1":["524"],
"minedSingleVariableTemplatesNumber_Mined_splitClauses_0":["144"],
"relationSymbolNumberAfterSimplification_Unlabeled_splitClauses_0":["83"],
"minedTemplateRelationSymbolNumber_PredictedCDHG_splitClauses_1":["12"],
"minedTemplateNumber_PredictedCG_splitClauses_0":["236"],
"averagePredicateSize_RelationalIneqs_splitClauses_1":["1"],
"labeledTemplateRelationSymbolNumber_Random_splitClauses_1":["11"],
"minedTemplateNumber_RelationalIneqs_splitClauses_0":["236"],
"predicateGeneratorTime_RelationalIneqs_splitClauses_0":["10800000"],
"labeledTemplateRelationSymbolNumber_Empty_splitClauses_0":["11"],
"minedBinaryVariableTemplatesNumber_Octagon_splitClauses_0":["92"],
"labeledSingleVariableTemplatesNumber_Term_splitClauses_1":["4"],
"labeledBinaryVariableTemplatesNumber_Empty_splitClauses_0":["92"],
"minedTemplateNumber_Octagon_splitClauses_0":["236"],
"labeledBinaryVariableTemplatesNumber_Unlabeled_splitClauses_0":["92"],
"relationSymbolNumberBeforeSimplification_Empty_splitClauses_0":["85"],
"clauseNumberAfterSimplification_PredictedCDHG_splitClauses_0":["42"],
"smt2FileSizeByte_PredictedCG_splitClauses_0":["16872"],
"minedBinaryVariableTemplatesNumber_RelationalEqs_splitClauses_0":["92"],
"relationSymbolNumberBeforeSimplification_Unlabeled_splitClauses_0":["85"],
"labeledTemplateRelationSymbolNumber_RelationalEqs_splitClauses_1":["11"],
"minedBinaryVariableTemplatesNumber_Random_splitClauses_1":["92"],
"clauseNumberAfterSimplification_Unlabeled_splitClauses_1":["42"],
"minedSingleVariableTemplatesNumber_PredictedCDHG_splitClauses_1":["144"],
"labeledBinaryVariableTemplatesNumber_Term_splitClauses_1":["92"],
"clauseNumberBeforeSimplification_Empty_splitClauses_1":["43"],
"relationSymbolNumberAfterSimplification_Octagon_splitClauses_1":["83"],
"relationSymbolNumberAfterSimplification_Term_splitClauses_0":["83"],
"minedBinaryVariableTemplatesNumber_Mined_splitClauses_1":["92"],
"unlabeledBinaryVariableTemplatesNumber_Unlabeled_splitClauses_1":["792"],
"relationSymbolNumberBeforeSimplification_Random_splitClauses_0":["85"],
"relationSymbolNumberAfterSimplification_PredictedCDHG_splitClauses_1":["83"],
"unlabeledTemplateNumber_PredictedCG_splitClauses_1":["1224"],
"generatedPredicateNumber_Empty_splitClauses_0":["10800000"],
"predicateGeneratorTime_RelationalIneqs_splitClauses_1":["482"],
"unlabeledSingleVariableTemplatesNumber_Empty_splitClauses_0":["432"],
"cegarIterationNumber_Octagon_splitClauses_0":["10800000"],
"clauseNumberAfterSimplification_Octagon_splitClauses_1":["42"],
"unlabeledSingleVariableTemplatesNumber_Labeled_splitClauses_1":["432"],
"clauseNumberBeforeSimplification_Random_splitClauses_1":["43"],
"minedTemplateRelationSymbolNumber_All_splitClauses_0":["12"],
"unlabeledTemplateRelationSymbolNumber_RelationalEqs_splitClauses_0":["12"],
"minedSingleVariableTemplatesNumber_Unlabeled_splitClauses_1":["144"],
"clauseNumberBeforeSimplification_RelationalEqs_splitClauses_0":["43"],
"minedTemplateNumber_Unlabeled_splitClauses_0":["236"],
"generatedPredicateNumber_Octagon_splitClauses_0":["10800000"],
"predicateGeneratorTime_PredictedCDHG_splitClauses_0":["10800000"],
"clauseNumberAfterSimplification_PredictedCG_splitClauses_1":["42"],
"labeledSingleVariableTemplatesNumber_RelationalEqs_splitClauses_1":["4"],
"smt2FileSizeByte_Random_splitClauses_1":["16872"],
"averagePredicateSize_PredictedCG_splitClauses_1":["10800000"],
"cegarIterationNumber_PredictedCDHG_splitClauses_1":["10800000"],
"clauseNumberAfterSimplification_RelationalEqs_splitClauses_1":["42"],
"minedBinaryVariableTemplatesNumber_Empty_splitClauses_1":["92"],
"relationSymbolNumberAfterSimplification_RelationalEqs_splitClauses_1":["83"],
"minedTemplateNumber_PredictedCDHG_splitClauses_0":["236"],
"labeledBinaryVariableTemplatesNumber_All_splitClauses_1":["92"],
"solvingTime_RelationalIneqs_splitClauses_1":["4838"],
"unlabeledTemplateRelationSymbolNumber_RelationalEqs_splitClauses_1":["12"],
"smt2FileSizeByte_Unlabeled_splitClauses_0":["16872"],
"relationSymbolNumberBeforeSimplification_Mined_splitClauses_1":["85"],
"relationSymbolNumberAfterSimplification_Mined_splitClauses_1":["83"],
"generatedPredicateNumber_All_splitClauses_0":["10800000"],
"relationSymbolNumberBeforeSimplification_Octagon_splitClauses_1":["85"],
"predicateGeneratorTime_Octagon_splitClauses_1":["648"],
"solvability_Mined_splitClauses_1":["1"],
"minedTemplateRelationSymbolNumber_Term_splitClauses_1":["12"],
"clauseNumberAfterSimplification_Mined_splitClauses_0":["42"],
"solvability_PredictedCDHG_splitClauses_0":["10800000"],
"solvingTime_Empty_splitClauses_0":["10800000"],
"unlabeledSingleVariableTemplatesNumber_Unlabeled_splitClauses_1":["432"],
"minedTemplateNumber_Term_splitClauses_1":["236"],
"averagePredicateSize_Octagon_splitClauses_1":["1"],
"unlabeledSingleVariableTemplatesNumber_Octagon_splitClauses_1":["432"],
"minedTemplateRelationSymbolNumber_RelationalEqs_splitClauses_1":["12"],
"relationSymbolNumberBeforeSimplification_All_splitClauses_1":["85"],
"minedBinaryVariableTemplatesNumber_RelationalIneqs_splitClauses_0":["92"],
"predicateGeneratorTime_Term_splitClauses_1":["325"],
"solvingTime_Labeled_splitClauses_0":["10800000"],
"unlabeledBinaryVariableTemplatesNumber_PredictedCG_splitClauses_0":["792"],
"minedTemplateNumber_All_splitClauses_0":["236"],
"predicateGeneratorTime_Labeled_splitClauses_1":["552"],
"unlabeledTemplateRelationSymbolNumber_Empty_splitClauses_0":["12"],
"unlabeledTemplateNumber_Mined_splitClauses_1":["1224"],
"solvability_PredictedCG_splitClauses_1":["10800000"],
"unlabeledTemplateNumber_Term_splitClauses_0":["1224"],
"minedBinaryVariableTemplatesNumber_PredictedCG_splitClauses_1":["92"],
"labeledSingleVariableTemplatesNumber_PredictedCDHG_splitClauses_0":["4"],
"minedBinaryVariableTemplatesNumber_All_splitClauses_0":["92"],
"averagePredicateSize_PredictedCDHG_splitClauses_1":["10800000"],
"predicateGeneratorTime_PredictedCG_splitClauses_0":["10800000"],
"generatedPredicateNumber_RelationalIneqs_splitClauses_0":["10800000"],
"labeledTemplateNumber_Empty_splitClauses_0":["96"],
"relationSymbolNumberAfterSimplification_RelationalIneqs_splitClauses_1":["83"],
"unlabeledTemplateRelationSymbolNumber_Term_splitClauses_0":["12"],
"minedTemplateNumber_All_splitClauses_1":["236"],
"labeledSingleVariableTemplatesNumber_Empty_splitClauses_1":["4"],
"minedBinaryVariableTemplatesNumber_Unlabeled_splitClauses_0":["92"],
"labeledTemplateNumber_Random_splitClauses_0":["96"],
"minedBinaryVariableTemplatesNumber_All_splitClauses_1":["92"],
"unlabeledSingleVariableTemplatesNumber_All_splitClauses_0":["432"],
"relationSymbolNumberBeforeSimplification_Labeled_splitClauses_1":["85"],
"smt2FileSizeByte_PredictedCDHG_splitClauses_1":["16872"],
"labeledBinaryVariableTemplatesNumber_PredictedCDHG_splitClauses_0":["92"],
"averagePredicateSize_RelationalEqs_splitClauses_1":["1"],
"minedSingleVariableTemplatesNumber_Term_splitClauses_0":["144"],
"labeledTemplateRelationSymbolNumber_Term_splitClauses_1":["11"],
"generatedPredicateNumber_Random_splitClauses_0":["10800000"],
"labeledBinaryVariableTemplatesNumber_Empty_splitClauses_1":["92"],
"relationSymbolNumberAfterSimplification_Term_splitClauses_1":["83"],
"clauseNumberAfterSimplification_Labeled_splitClauses_0":["42"],
"labeledSingleVariableTemplatesNumber_Labeled_splitClauses_0":["4"],
"minedTemplateNumber_Mined_splitClauses_1":["236"],
"labeledTemplateRelationSymbolNumber_Labeled_splitClauses_0":["11"],
"unlabeledTemplateRelationSymbolNumber_Mined_splitClauses_1":["12"],
"solvability_Labeled_splitClauses_0":["10800000"],
"minedTemplateNumber_RelationalEqs_splitClauses_1":["236"],
"solvingTime_Random_splitClauses_1":["5210"],
"minedTemplateNumber_Random_splitClauses_0":["236"],
"cegarIterationNumber_Unlabeled_splitClauses_1":["16"],
"minedTemplateNumber_RelationalIneqs_splitClauses_1":["236"],
"unlabeledBinaryVariableTemplatesNumber_Octagon_splitClauses_1":["792"],
"minedSingleVariableTemplatesNumber_Octagon_splitClauses_1":["144"],
"minedSingleVariableTemplatesNumber_Random_splitClauses_1":["144"],
"averagePredicateSize_All_splitClauses_1":["10800000"],
"minedTemplateNumber_Empty_splitClauses_0":["236"],
"labeledTemplateNumber_Mined_splitClauses_0":["96"],
"unlabeledBinaryVariableTemplatesNumber_All_splitClauses_0":["792"],
"relationSymbolNumberAfterSimplification_Labeled_splitClauses_1":["83"],
"labeledSingleVariableTemplatesNumber_PredictedCDHG_splitClauses_1":["4"],
"minedSingleVariableTemplatesNumber_Mined_splitClauses_1":["144"],
"labeledTemplateRelationSymbolNumber_Term_splitClauses_0":["11"],
"unlabeledTemplateRelationSymbolNumber_Term_splitClauses_1":["12"],
"predicateGeneratorTime_All_splitClauses_1":["10800000"],
"unlabeledSingleVariableTemplatesNumber_Random_splitClauses_0":["432"],
"predicateGeneratorTime_Unlabeled_splitClauses_1":["587"],
"cegarIterationNumber_PredictedCDHG_splitClauses_0":["10800000"],
"labeledTemplateNumber_RelationalEqs_splitClauses_0":["96"],
"labeledTemplateRelationSymbolNumber_Mined_splitClauses_1":["11"],
"labeledTemplateRelationSymbolNumber_Random_splitClauses_0":["11"],
"labeledBinaryVariableTemplatesNumber_RelationalEqs_splitClauses_1":["92"],
"generatedPredicateNumber_RelationalIneqs_splitClauses_1":["96"],
"unlabeledTemplateRelationSymbolNumber_PredictedCG_splitClauses_1":["12"],
"unlabeledSingleVariableTemplatesNumber_RelationalEqs_splitClauses_0":["432"],
"labeledBinaryVariableTemplatesNumber_Labeled_splitClauses_0":["92"],
"minedBinaryVariableTemplatesNumber_PredictedCDHG_splitClauses_0":["92"],
"unlabeledTemplateRelationSymbolNumber_Unlabeled_splitClauses_0":["12"],
"clauseNumberAfterSimplification_Term_splitClauses_1":["42"],
"unlabeledTemplateNumber_Octagon_splitClauses_0":["1224"],
"unlabeledBinaryVariableTemplatesNumber_RelationalEqs_splitClauses_1":["792"],
"unlabeledTemplateNumber_PredictedCG_splitClauses_0":["1224"],
"unlabeledTemplateNumber_All_splitClauses_0":["1224"],
"labeledTemplateRelationSymbolNumber_RelationalIneqs_splitClauses_1":["11"],
"unlabeledSingleVariableTemplatesNumber_Mined_splitClauses_1":["432"],
"labeledTemplateRelationSymbolNumber_Unlabeled_splitClauses_1":["11"],
"labeledBinaryVariableTemplatesNumber_Random_splitClauses_1":["92"],
"solvability_Random_splitClauses_1":["1"],
"solvingTime_Term_splitClauses_0":["10800000"],
"minedSingleVariableTemplatesNumber_Labeled_splitClauses_1":["144"],
"clauseNumberBeforeSimplification_Term_splitClauses_0":["43"],
"relationSymbolNumberBeforeSimplification_RelationalIneqs_splitClauses_1":["85"],
"minedTemplateRelationSymbolNumber_Mined_splitClauses_0":["12"],
"solvability_Octagon_splitClauses_1":["1"],
"minedSingleVariableTemplatesNumber_RelationalIneqs_splitClauses_1":["144"],
"smt2FileSizeByte_Labeled_splitClauses_0":["16872"],
"solvability_RelationalEqs_splitClauses_1":["1"],
"unlabeledSingleVariableTemplatesNumber_Empty_splitClauses_1":["432"],
"labeledTemplateNumber_PredictedCDHG_splitClauses_1":["96"],
"minedTemplateRelationSymbolNumber_Octagon_splitClauses_0":["12"],
"clauseNumberAfterSimplification_Unlabeled_splitClauses_0":["42"],
"clauseNumberBeforeSimplification_Unlabeled_splitClauses_0":["43"],
"clauseNumberBeforeSimplification_PredictedCDHG_splitClauses_0":["43"],
"cegarIterationNumber_RelationalIneqs_splitClauses_0":["10800000"],
"labeledTemplateRelationSymbolNumber_RelationalEqs_splitClauses_0":["11"],
"averagePredicateSize_Labeled_splitClauses_0":["10800000"],
"smt2FileSizeByte_RelationalIneqs_splitClauses_1":["16872"],
"clauseNumberBeforeSimplification_RelationalEqs_splitClauses_1":["43"],
"unlabeledTemplateRelationSymbolNumber_RelationalIneqs_splitClauses_1":["12"],
"clauseNumberBeforeSimplification_PredictedCG_splitClauses_0":["43"],
"solvingTime_PredictedCDHG_splitClauses_0":["10800000"],
"labeledTemplateRelationSymbolNumber_Octagon_splitClauses_1":["11"],
"minedTemplateRelationSymbolNumber_PredictedCG_splitClauses_1":["12"],
"relationSymbolNumberBeforeSimplification_RelationalEqs_splitClauses_1":["85"],
"labeledTemplateNumber_Random_splitClauses_1":["96"],
"solvingTime_RelationalIneqs_splitClauses_0":["10800000"],
"labeledTemplateNumber_All_splitClauses_1":["96"],
"unlabeledTemplateNumber_Random_splitClauses_1":["1224"],
"relationSymbolNumberBeforeSimplification_All_splitClauses_0":["85"],
"smt2FileSizeByte_Unlabeled_splitClauses_1":["16872"],
"cegarIterationNumber_PredictedCG_splitClauses_0":["10800000"],
"predicateGeneratorTime_Octagon_splitClauses_0":["10800000"],
"unlabeledTemplateNumber_RelationalEqs_splitClauses_1":["1224"],
"clauseNumberAfterSimplification_Octagon_splitClauses_0":["42"],
"cegarIterationNumber_Random_splitClauses_0":["10800000"],
"solvability_PredictedCDHG_splitClauses_1":["10800000"],
"solvability_PredictedCG_splitClauses_0":["10800000"],
"solvingTime_PredictedCG_splitClauses_1":["10800000"],
"unlabeledSingleVariableTemplatesNumber_Unlabeled_splitClauses_0":["432"],
"unlabeledTemplateNumber_Unlabeled_splitClauses_0":["1224"],
"labeledTemplateRelationSymbolNumber_RelationalIneqs_splitClauses_0":["11"],
"minedTemplateNumber_Random_splitClauses_1":["236"],
"generatedPredicateNumber_RelationalEqs_splitClauses_0":["10800000"],
"minedTemplateNumber_Term_splitClauses_0":["236"],
"solvingTime_All_splitClauses_1":["10800000"],
"minedSingleVariableTemplatesNumber_PredictedCG_splitClauses_0":["144"],
"smt2FileSizeByte_Term_splitClauses_1":["16872"],
"labeledBinaryVariableTemplatesNumber_All_splitClauses_0":["92"],
"minedTemplateNumber_PredictedCDHG_splitClauses_1":["236"],
"minedTemplateRelationSymbolNumber_PredictedCDHG_splitClauses_0":["12"],
"averagePredicateSize_Unlabeled_splitClauses_0":["10800000"],
"minedBinaryVariableTemplatesNumber_Octagon_splitClauses_1":["92"],
"unlabeledSingleVariableTemplatesNumber_Random_splitClauses_1":["432"],
"clauseNumberBeforeSimplification_Random_splitClauses_0":["43"],
"solvingTime_Unlabeled_splitClauses_1":["5227"],
"predicateGeneratorTime_PredictedCDHG_splitClauses_1":["10800000"],
"averagePredicateSize_PredictedCDHG_splitClauses_0":["10800000"],
"relationSymbolNumberAfterSimplification_RelationalEqs_splitClauses_0":["83"],
"minedBinaryVariableTemplatesNumber_Term_splitClauses_0":["92"],
"labeledTemplateNumber_RelationalIneqs_splitClauses_0":["96"],
"clauseNumberAfterSimplification_Random_splitClauses_0":["42"],
"clauseNumberAfterSimplification_PredictedCG_splitClauses_0":["42"],
"generatedPredicateNumber_Empty_splitClauses_1":["96"],
"clauseNumberBeforeSimplification_Octagon_splitClauses_0":["43"],
"unlabeledTemplateNumber_Empty_splitClauses_0":["1224"],
"minedSingleVariableTemplatesNumber_All_splitClauses_0":["144"],
"labeledTemplateRelationSymbolNumber_Octagon_splitClauses_0":["11"],
"generatedPredicateNumber_Random_splitClauses_1":["96"],
"clauseNumberAfterSimplification_RelationalEqs_splitClauses_0":["42"],
"labeledBinaryVariableTemplatesNumber_Term_splitClauses_0":["92"],
"minedSingleVariableTemplatesNumber_RelationalEqs_splitClauses_0":["144"],
"minedTemplateNumber_Mined_splitClauses_0":["236"],
"relationSymbolNumberBeforeSimplification_PredictedCG_splitClauses_0":["85"],
"averagePredicateSize_Octagon_splitClauses_0":["10800000"],
"unlabeledBinaryVariableTemplatesNumber_Empty_splitClauses_1":["792"],
"unlabeledSingleVariableTemplatesNumber_PredictedCDHG_splitClauses_0":["432"],
"unlabeledSingleVariableTemplatesNumber_PredictedCG_splitClauses_1":["432"],
"labeledTemplateRelationSymbolNumber_Labeled_splitClauses_1":["11"],
"minedTemplateRelationSymbolNumber_Random_splitClauses_0":["12"],
"unlabeledTemplateRelationSymbolNumber_PredictedCG_splitClauses_0":["12"],
"unlabeledTemplateNumber_RelationalIneqs_splitClauses_0":["1224"],
"unlabeledSingleVariableTemplatesNumber_Labeled_splitClauses_0":["432"],
"relationSymbolNumberAfterSimplification_PredictedCG_splitClauses_0":["83"],
"minedTemplateNumber_Unlabeled_splitClauses_1":["236"],
"generatedPredicateNumber_PredictedCG_splitClauses_0":["10800000"],
"labeledTemplateNumber_Unlabeled_splitClauses_1":["96"],
"unlabeledTemplateRelationSymbolNumber_Empty_splitClauses_1":["12"],
"clauseNumberBeforeSimplification_Empty_splitClauses_0":["43"],
"solvingTime_Octagon_splitClauses_1":["4723"],
"cegarIterationNumber_Mined_splitClauses_1":["16"],
"clauseNumberBeforeSimplification_Mined_splitClauses_1":["43"],
"smt2FileSizeByte_PredictedCDHG_splitClauses_0":["16872"],
"averagePredicateSize_PredictedCG_splitClauses_0":["10800000"],
"solvingTime_Random_splitClauses_0":["10800000"],
"minedTemplateNumber_RelationalEqs_splitClauses_0":["236"],
"unlabeledSingleVariableTemplatesNumber_RelationalIneqs_splitClauses_0":["432"],
"unlabeledTemplateNumber_Unlabeled_splitClauses_1":["1224"],
"labeledBinaryVariableTemplatesNumber_RelationalEqs_splitClauses_0":["92"],
"generatedPredicateNumber_PredictedCDHG_splitClauses_0":["10800000"],
"relationSymbolNumberAfterSimplification_RelationalIneqs_splitClauses_0":["83"],
"minedTemplateRelationSymbolNumber_Empty_splitClauses_1":["12"],
"predicateGeneratorTime_Random_splitClauses_1":["531"],
"labeledTemplateNumber_Term_splitClauses_1":["96"],
"relationSymbolNumberBeforeSimplification_RelationalEqs_splitClauses_0":["85"],
"minedSingleVariableTemplatesNumber_Empty_splitClauses_1":["144"],
"minedSingleVariableTemplatesNumber_RelationalIneqs_splitClauses_0":["144"],
"clauseNumberAfterSimplification_All_splitClauses_0":["42"],
"unlabeledBinaryVariableTemplatesNumber_RelationalEqs_splitClauses_0":["792"],
"cegarIterationNumber_RelationalEqs_splitClauses_0":["10800000"],
"labeledTemplateRelationSymbolNumber_PredictedCDHG_splitClauses_0":["11"],
"labeledSingleVariableTemplatesNumber_Labeled_splitClauses_1":["4"],
"unlabeledBinaryVariableTemplatesNumber_All_splitClauses_1":["792"],
"minedTemplateRelationSymbolNumber_Unlabeled_splitClauses_1":["12"],
"solvingTime_RelationalEqs_splitClauses_0":["10800000"],
"solvingTime_RelationalEqs_splitClauses_1":["4723"],
"minedBinaryVariableTemplatesNumber_Mined_splitClauses_0":["92"],
"clauseNumberBeforeSimplification_All_splitClauses_0":["43"],
"clauseNumberBeforeSimplification_RelationalIneqs_splitClauses_1":["43"],
"labeledTemplateNumber_RelationalEqs_splitClauses_1":["96"],
"labeledBinaryVariableTemplatesNumber_RelationalIneqs_splitClauses_0":["92"],
"relationSymbolNumberBeforeSimplification_Labeled_splitClauses_0":["85"],
"clauseNumberAfterSimplification_Empty_splitClauses_0":["42"],
"averagePredicateSize_Empty_splitClauses_0":["10800000"],
"unlabeledTemplateNumber_Term_splitClauses_1":["1224"],
"predicateGeneratorTime_Mined_splitClauses_1":["501"],
"labeledBinaryVariableTemplatesNumber_RelationalIneqs_splitClauses_1":["92"],
"predicateGeneratorTime_Unlabeled_splitClauses_0":["10800000"],
"relationSymbolNumberAfterSimplification_Empty_splitClauses_0":["83"],
"generatedPredicateNumber_Mined_splitClauses_0":["10800000"],
"generatedPredicateNumber_RelationalEqs_splitClauses_1":["96"],
"labeledTemplateRelationSymbolNumber_PredictedCG_splitClauses_0":["11"],
"minedSingleVariableTemplatesNumber_PredictedCG_splitClauses_1":["144"],
"minedTemplateRelationSymbolNumber_PredictedCG_splitClauses_0":["12"],
"unlabeledTemplateRelationSymbolNumber_Labeled_splitClauses_0":["12"],
"solvability_Empty_splitClauses_1":["1"],
"averagePredicateSize_Term_splitClauses_0":["10800000"],
"cegarIterationNumber_Random_splitClauses_1":["16"],
"averagePredicateSize_Labeled_splitClauses_1":["1"],
"unlabeledBinaryVariableTemplatesNumber_Unlabeled_splitClauses_0":["792"],
"generatedPredicateNumber_Unlabeled_splitClauses_1":["96"],
"predicateGeneratorTime_All_splitClauses_0":["10800000"],
"unlabeledBinaryVariableTemplatesNumber_PredictedCDHG_splitClauses_1":["792"],
"clauseNumberBeforeSimplification_Labeled_splitClauses_1":["43"],
"minedBinaryVariableTemplatesNumber_Labeled_splitClauses_1":["92"],
"labeledSingleVariableTemplatesNumber_All_splitClauses_0":["4"],
"unlabeledTemplateRelationSymbolNumber_Mined_splitClauses_0":["12"],
"cegarIterationNumber_Octagon_splitClauses_1":["16"],
"labeledTemplateNumber_Octagon_splitClauses_0":["96"],
"labeledTemplateRelationSymbolNumber_All_splitClauses_1":["11"],
"smt2FileSizeByte_Empty_splitClauses_0":["16872"],
"unlabeledTemplateNumber_Octagon_splitClauses_1":["1224"],
"predicateGeneratorTime_RelationalEqs_splitClauses_0":["10800000"],
"unlabeledTemplateRelationSymbolNumber_RelationalIneqs_splitClauses_0":["12"],
"smt2FileSizeByte_RelationalEqs_splitClauses_1":["16872"],
"unlabeledTemplateNumber_Labeled_splitClauses_0":["1224"],
"minedSingleVariableTemplatesNumber_Labeled_splitClauses_0":["144"],
"solvingTime_PredictedCDHG_splitClauses_1":["10800000"],
"relationSymbolNumberBeforeSimplification_Term_splitClauses_1":["85"],
"minedTemplateNumber_Octagon_splitClauses_1":["236"],
"clauseNumberBeforeSimplification_Mined_splitClauses_0":["43"],
"smt2FileSizeByte_All_splitClauses_0":["16872"],
"solvingTime_All_splitClauses_0":["10800000"],
"minedBinaryVariableTemplatesNumber_Term_splitClauses_1":["92"],
"unlabeledTemplateRelationSymbolNumber_Random_splitClauses_0":["12"],
"cegarIterationNumber_All_splitClauses_0":["10800000"],
"smt2FileSizeByte_RelationalEqs_splitClauses_0":["16872"],
"unlabeledSingleVariableTemplatesNumber_PredictedCDHG_splitClauses_1":["432"],
"clauseNumberBeforeSimplification_Labeled_splitClauses_0":["43"],
"cegarIterationNumber_PredictedCG_splitClauses_1":["10800000"],
"labeledTemplateRelationSymbolNumber_Unlabeled_splitClauses_0":["11"],
"unlabeledTemplateRelationSymbolNumber_Octagon_splitClauses_1":["12"],
"unlabeledTemplateNumber_Empty_splitClauses_1":["1224"],
"clauseNumberBeforeSimplification_Octagon_splitClauses_1":["43"],
"labeledTemplateNumber_Unlabeled_splitClauses_0":["96"],
"labeledBinaryVariableTemplatesNumber_PredictedCG_splitClauses_0":["92"],
"solvability_Term_splitClauses_1":["1"],
"solvability_Octagon_splitClauses_0":["10800000"],
"minedTemplateRelationSymbolNumber_RelationalIneqs_splitClauses_0":["12"],
"clauseNumberBeforeSimplification_RelationalIneqs_splitClauses_0":["43"],
"labeledTemplateNumber_PredictedCG_splitClauses_0":["96"],
"cegarIterationNumber_Labeled_splitClauses_0":["10800000"],
"smt2FileSizeByte_Labeled_splitClauses_1":["16872"],
"clauseNumberBeforeSimplification_Unlabeled_splitClauses_1":["43"],
"generatedPredicateNumber_Term_splitClauses_1":["96"],
"solvingTime_Term_splitClauses_1":["4198"],
"unlabeledBinaryVariableTemplatesNumber_Random_splitClauses_1":["792"],
"unlabeledSingleVariableTemplatesNumber_Octagon_splitClauses_0":["432"],
"solvingTime_Octagon_splitClauses_0":["10800000"],
"labeledSingleVariableTemplatesNumber_Mined_splitClauses_1":["4"],
"averagePredicateSize_Term_splitClauses_1":["1"],
"labeledTemplateNumber_Labeled_splitClauses_0":["96"],
"unlabeledSingleVariableTemplatesNumber_PredictedCG_splitClauses_0":["432"],
"smt2FileSizeByte_Mined_splitClauses_1":["16872"],
"labeledBinaryVariableTemplatesNumber_Unlabeled_splitClauses_1":["92"],
"labeledTemplateNumber_All_splitClauses_0":["96"],
"unlabeledTemplateNumber_Random_splitClauses_0":["1224"],
"labeledTemplateNumber_Octagon_splitClauses_1":["96"],
"unlabeledTemplateNumber_PredictedCDHG_splitClauses_1":["1224"],
"unlabeledBinaryVariableTemplatesNumber_Mined_splitClauses_0":["792"],
"minedTemplateRelationSymbolNumber_Mined_splitClauses_1":["12"],
"labeledTemplateNumber_RelationalIneqs_splitClauses_1":["96"],
"relationSymbolNumberAfterSimplification_All_splitClauses_0":["83"],
"relationSymbolNumberBeforeSimplification_PredictedCDHG_splitClauses_0":["85"],
"solvability_Term_splitClauses_0":["10800000"],
"clauseNumberBeforeSimplification_PredictedCG_splitClauses_1":["43"],
"generatedPredicateNumber_Labeled_splitClauses_1":["96"],
"labeledSingleVariableTemplatesNumber_Unlabeled_splitClauses_0":["4"],
"unlabeledBinaryVariableTemplatesNumber_Empty_splitClauses_0":["792"],
"solvingTime_Mined_splitClauses_0":["10800000"],
"unlabeledTemplateNumber_All_splitClauses_1":["1224"],
"clauseNumberAfterSimplification_Random_splitClauses_1":["42"],
"labeledBinaryVariableTemplatesNumber_Octagon_splitClauses_1":["92"],
"unlabeledBinaryVariableTemplatesNumber_Labeled_splitClauses_0":["792"],
"smt2FileSizeByte_Octagon_splitClauses_0":["16872"],
"labeledSingleVariableTemplatesNumber_Random_splitClauses_1":["4"],
"solvability_Unlabeled_splitClauses_0":["10800000"],
"solvingTime_Unlabeled_splitClauses_0":["10800000"],
"unlabeledTemplateRelationSymbolNumber_All_splitClauses_1":["12"],
"minedTemplateNumber_Empty_splitClauses_1":["236"],
"solvability_RelationalIneqs_splitClauses_0":["10800000"],
"unlabeledTemplateRelationSymbolNumber_Labeled_splitClauses_1":["12"],
"cegarIterationNumber_RelationalEqs_splitClauses_1":["16"],
"minedSingleVariableTemplatesNumber_RelationalEqs_splitClauses_1":["144"],
"clauseNumberAfterSimplification_PredictedCDHG_splitClauses_1":["42"],
"minedBinaryVariableTemplatesNumber_RelationalIneqs_splitClauses_1":["92"],
"unlabeledBinaryVariableTemplatesNumber_Mined_splitClauses_1":["792"],
"unlabeledBinaryVariableTemplatesNumber_PredictedCDHG_splitClauses_0":["792"],
"solvingTime_Empty_splitClauses_1":["5010"],
"labeledTemplateRelationSymbolNumber_Empty_splitClauses_1":["11"],
"generatedPredicateNumber_Term_splitClauses_0":["10800000"],
"averagePredicateSize_Empty_splitClauses_1":["1"],
"generatedPredicateNumber_PredictedCG_splitClauses_1":["10800000"],
"labeledTemplateRelationSymbolNumber_PredictedCDHG_splitClauses_1":["11"],
"predicateGeneratorTime_Mined_splitClauses_0":["10800000"],
"relationSymbolNumberBeforeSimplification_Term_splitClauses_0":["85"],
"predicateGeneratorTime_Labeled_splitClauses_0":["10800000"],
"labeledSingleVariableTemplatesNumber_Random_splitClauses_0":["4"],
"unlabeledTemplateRelationSymbolNumber_All_splitClauses_0":["12"],
"minedBinaryVariableTemplatesNumber_Labeled_splitClauses_0":["92"],
"generatedPredicateNumber_Labeled_splitClauses_0":["10800000"],
"relationSymbolNumberAfterSimplification_Empty_splitClauses_1":["83"],
"solvingTime_Mined_splitClauses_1":["4713"],
"minedSingleVariableTemplatesNumber_All_splitClauses_1":["144"],
"predicateGeneratorTime_Random_splitClauses_0":["10800000"],
"cegarIterationNumber_Term_splitClauses_1":["16"],
"labeledTemplateNumber_Empty_splitClauses_1":["96"],
"clauseNumberAfterSimplification_Empty_splitClauses_1":["42"],
"minedTemplateRelationSymbolNumber_Empty_splitClauses_0":["12"],
"unlabeledSingleVariableTemplatesNumber_Term_splitClauses_0":["432"],
"minedSingleVariableTemplatesNumber_Empty_splitClauses_0":["144"],
"relationSymbolNumberAfterSimplification_Random_splitClauses_0":["83"],
"minedTemplateRelationSymbolNumber_RelationalEqs_splitClauses_0":["12"],
"cegarIterationNumber_Empty_splitClauses_0":["10800000"],
"minedBinaryVariableTemplatesNumber_RelationalEqs_splitClauses_1":["92"],
"relationSymbolNumberBeforeSimplification_PredictedCG_splitClauses_1":["85"],
"labeledSingleVariableTemplatesNumber_All_splitClauses_1":["4"],
"unlabeledTemplateRelationSymbolNumber_Octagon_splitClauses_0":["12"],
"minedTemplateRelationSymbolNumber_Unlabeled_splitClauses_0":["12"],
"labeledBinaryVariableTemplatesNumber_Mined_splitClauses_0":["92"],
"relationSymbolNumberAfterSimplification_Unlabeled_splitClauses_1":["83"],
"minedTemplateNumber_PredictedCG_splitClauses_1":["236"],
"cegarIterationNumber_Empty_splitClauses_1":["16"],
"averagePredicateSize_RelationalIneqs_splitClauses_0":["10800000"],
"solvability_All_splitClauses_1":["10800000"],
"unlabeledBinaryVariableTemplatesNumber_Term_splitClauses_1":["792"],
"minedTemplateRelationSymbolNumber_Labeled_splitClauses_1":["12"],
"averagePredicateSize_Unlabeled_splitClauses_1":["1"],
"labeledTemplateNumber_Term_splitClauses_0":["96"],
"smt2FileSizeByte_Empty_splitClauses_1":["16872"],
"solvingTime_PredictedCG_splitClauses_0":["10800000"],
"cegarIterationNumber_All_splitClauses_1":["10800000"],
"clauseNumberBeforeSimplification_Term_splitClauses_1":["43"],
"predicateGeneratorTime_Empty_splitClauses_0":["10800000"],
"relationSymbolNumberBeforeSimplification_Empty_splitClauses_1":["85"],
"averagePredicateSize_All_splitClauses_0":["10800000"],
"unlabeledBinaryVariableTemplatesNumber_Random_splitClauses_0":["792"],
"smt2FileSizeByte_Term_splitClauses_0":["16872"],
"averagePredicateSize_Mined_splitClauses_1":["1"],
"minedBinaryVariableTemplatesNumber_Empty_splitClauses_0":["92"],
"minedTemplateRelationSymbolNumber_All_splitClauses_1":["12"],
"labeledSingleVariableTemplatesNumber_PredictedCG_splitClauses_0":["4"],
"unlabeledBinaryVariableTemplatesNumber_RelationalIneqs_splitClauses_0":["792"],
"unlabeledSingleVariableTemplatesNumber_RelationalIneqs_splitClauses_1":["432"],
"clauseNumberAfterSimplification_RelationalIneqs_splitClauses_0":["42"],
"unlabeledTemplateNumber_RelationalEqs_splitClauses_0":["1224"],
"unlabeledTemplateNumber_RelationalIneqs_splitClauses_1":["1224"],
"labeledTemplateRelationSymbolNumber_PredictedCG_splitClauses_1":["11"],
"labeledTemplateRelationSymbolNumber_All_splitClauses_0":["11"],
"labeledSingleVariableTemplatesNumber_Octagon_splitClauses_0":["4"],
"dummyFiled":[]
}