{
"cegarIterationNumber_Term_splitClauses_0":[4],
"cegarIterationNumber_RelationalIneqs_splitClauses_1":[16],
"cegarIterationNumber_Octagon_splitClauses_0":[4],
"solvingTime_RelationalIneqs_splitClauses_1":[1757],
"solvingTime_Term_splitClauses_0":[576],
"cegarIterationNumber_RelationalIneqs_splitClauses_0":[4],
"solvingTime_RelationalIneqs_splitClauses_0":[662],
"solvingTime_Octagon_splitClauses_1":[1648],
"cegarIterationNumber_RelationalEqs_splitClauses_0":[4],
"solvingTime_RelationalEqs_splitClauses_0":[568],
"solvingTime_RelationalEqs_splitClauses_1":[1621],
"cegarIterationNumber_Octagon_splitClauses_1":[16],
"solvingTime_Term_splitClauses_1":[1542],
"solvingTime_Octagon_splitClauses_0":[722],
"cegarIterationNumber_RelationalEqs_splitClauses_1":[16],
"cegarIterationNumber_Term_splitClauses_1":[16],
"dummyFiled":[]
}