{
"cegarIterationNumber_Term_splitClauses_0":[23],
"cegarIterationNumber_RelationalIneqs_splitClauses_1":[25],
"cegarIterationNumber_Octagon_splitClauses_0":[23],
"solvingTime_RelationalIneqs_splitClauses_1":[11073],
"solvingTime_Term_splitClauses_0":[10828],
"cegarIterationNumber_RelationalIneqs_splitClauses_0":[23],
"solvingTime_RelationalIneqs_splitClauses_0":[10461],
"solvingTime_Octagon_splitClauses_1":[15280],
"cegarIterationNumber_RelationalEqs_splitClauses_0":[23],
"solvingTime_RelationalEqs_splitClauses_0":[10112],
"solvingTime_RelationalEqs_splitClauses_1":[9718],
"cegarIterationNumber_Octagon_splitClauses_1":[25],
"solvingTime_Term_splitClauses_1":[11012],
"solvingTime_Octagon_splitClauses_0":[9173],
"cegarIterationNumber_RelationalEqs_splitClauses_1":[25],
"cegarIterationNumber_Term_splitClauses_1":[25],
"dummyFiled":[]
}