{
"cegarIterationNumber_Term_splitClauses_0":[1],
"cegarIterationNumber_RelationalIneqs_splitClauses_1":[102],
"cegarIterationNumber_Octagon_splitClauses_0":[1],
"solvingTime_RelationalIneqs_splitClauses_1":[85606],
"solvingTime_Term_splitClauses_0":[279],
"cegarIterationNumber_RelationalIneqs_splitClauses_0":[1],
"solvingTime_RelationalIneqs_splitClauses_0":[286],
"solvingTime_Octagon_splitClauses_1":[72047],
"cegarIterationNumber_RelationalEqs_splitClauses_0":[1],
"solvingTime_RelationalEqs_splitClauses_0":[302],
"solvingTime_RelationalEqs_splitClauses_1":[68085],
"cegarIterationNumber_Octagon_splitClauses_1":[102],
"solvingTime_Term_splitClauses_1":[75992],
"solvingTime_Octagon_splitClauses_0":[324],
"cegarIterationNumber_RelationalEqs_splitClauses_1":[102],
"cegarIterationNumber_Term_splitClauses_1":[102],
"dummyFiled":[]
}