{
"smt2FileSizeByte_All_splitClauses_1":["103164"],
"generatedPredicateNumber_All_splitClauses_1":["10800000"],
"unlabeledTemplateRelationSymbolNumber_PredictedCDHG_splitClauses_0":["44"],
"relationSymbolNumberBeforeSimplification_Unlabeled_splitClauses_1":["430"],
"predicateGeneratorTime_Term_splitClauses_0":["10800000"],
"averagePredicateSize_Random_splitClauses_1":["1"],
"labeledBinaryVariableTemplatesNumber_Labeled_splitClauses_1":["7"],
"clauseNumberBeforeSimplification_All_splitClauses_1":["170"],
"minedTemplateRelationSymbolNumber_Term_splitClauses_0":["44"],
"solvingTime_Labeled_splitClauses_1":["365"],
"unlabeledTemplateNumber_Labeled_splitClauses_1":["2184"],
"relationSymbolNumberAfterSimplification_All_splitClauses_1":["389"],
"minedTemplateRelationSymbolNumber_Octagon_splitClauses_1":["44"],
"clauseNumberAfterSimplification_Mined_splitClauses_1":["168"],
"relationSymbolNumberBeforeSimplification_Octagon_splitClauses_0":["430"],
"unlabeledBinaryVariableTemplatesNumber_Term_splitClauses_0":["1362"],
"labeledTemplateNumber_PredictedCDHG_splitClauses_0":["9"],
"solvability_Empty_splitClauses_0":["10800000"],
"unlabeledTemplateRelationSymbolNumber_Random_splitClauses_1":["44"],
"labeledBinaryVariableTemplatesNumber_Octagon_splitClauses_0":["7"],
"relationSymbolNumberBeforeSimplification_Random_splitClauses_1":["430"],
"minedTemplateRelationSymbolNumber_Random_splitClauses_1":["44"],
"unlabeledSingleVariableTemplatesNumber_Mined_splitClauses_0":["822"],
"unlabeledBinaryVariableTemplatesNumber_PredictedCG_splitClauses_1":["1362"],
"solvability_All_splitClauses_0":["10800000"],
"predicateGeneratorTime_RelationalEqs_splitClauses_1":["235"],
"relationSymbolNumberBeforeSimplification_PredictedCDHG_splitClauses_1":["430"],
"smt2FileSizeByte_PredictedCG_splitClauses_1":["103164"],
"labeledSingleVariableTemplatesNumber_Unlabeled_splitClauses_1":["2"],
"labeledBinaryVariableTemplatesNumber_PredictedCG_splitClauses_1":["7"],
"minedBinaryVariableTemplatesNumber_PredictedCG_splitClauses_0":["7"],
"solvability_Random_splitClauses_0":["10800000"],
"relationSymbolNumberAfterSimplification_PredictedCG_splitClauses_1":["389"],
"clauseNumberBeforeSimplification_PredictedCDHG_splitClauses_1":["170"],
"labeledSingleVariableTemplatesNumber_Mined_splitClauses_0":["2"],
"solvability_Unlabeled_splitClauses_1":["1"],
"cegarIterationNumber_Labeled_splitClauses_1":["7"],
"smt2FileSizeByte_Mined_splitClauses_0":["103164"],
"relationSymbolNumberAfterSimplification_Mined_splitClauses_0":["389"],
"labeledSingleVariableTemplatesNumber_PredictedCG_splitClauses_1":["2"],
"smt2FileSizeByte_Octagon_splitClauses_1":["103164"],
"minedTemplateNumber_Labeled_splitClauses_1":["287"],
"labeledSingleVariableTemplatesNumber_RelationalIneqs_splitClauses_1":["2"],
"clauseNumberAfterSimplification_Labeled_splitClauses_1":["168"],
"relationSymbolNumberAfterSimplification_Labeled_splitClauses_0":["389"],
"smt2FileSizeByte_Random_splitClauses_0":["103164"],
"relationSymbolNumberAfterSimplification_PredictedCDHG_splitClauses_0":["389"],
"unlabeledTemplateRelationSymbolNumber_PredictedCDHG_splitClauses_1":["44"],
"labeledSingleVariableTemplatesNumber_Term_splitClauses_0":["2"],
"generatedPredicateNumber_PredictedCDHG_splitClauses_1":["10800000"],
"minedSingleVariableTemplatesNumber_Unlabeled_splitClauses_0":["280"],
"generatedPredicateNumber_Octagon_splitClauses_1":["9"],
"labeledSingleVariableTemplatesNumber_RelationalEqs_splitClauses_0":["2"],
"predicateGeneratorTime_PredictedCG_splitClauses_1":["10800000"],
"relationSymbolNumberAfterSimplification_Octagon_splitClauses_0":["389"],
"labeledTemplateNumber_Labeled_splitClauses_1":["9"],
"labeledSingleVariableTemplatesNumber_Empty_splitClauses_0":["2"],
"minedTemplateRelationSymbolNumber_RelationalIneqs_splitClauses_1":["44"],
"unlabeledSingleVariableTemplatesNumber_All_splitClauses_1":["822"],
"labeledBinaryVariableTemplatesNumber_PredictedCDHG_splitClauses_1":["7"],
"unlabeledSingleVariableTemplatesNumber_RelationalEqs_splitClauses_1":["822"],
"cegarIterationNumber_Term_splitClauses_0":["10800000"],
"unlabeledBinaryVariableTemplatesNumber_Labeled_splitClauses_1":["1362"],
"unlabeledSingleVariableTemplatesNumber_Term_splitClauses_1":["822"],
"clauseNumberAfterSimplification_All_splitClauses_1":["168"],
"minedSingleVariableTemplatesNumber_Random_splitClauses_0":["280"],
"solvability_RelationalIneqs_splitClauses_1":["1"],
"minedTemplateNumber_Labeled_splitClauses_0":["287"],
"minedSingleVariableTemplatesNumber_Octagon_splitClauses_0":["280"],
"minedSingleVariableTemplatesNumber_Term_splitClauses_1":["280"],
"minedBinaryVariableTemplatesNumber_PredictedCDHG_splitClauses_1":["7"],
"generatedPredicateNumber_Mined_splitClauses_1":["9"],
"labeledSingleVariableTemplatesNumber_RelationalIneqs_splitClauses_0":["2"],
"averagePredicateSize_Mined_splitClauses_0":["10800000"],
"cegarIterationNumber_Unlabeled_splitClauses_0":["10800000"],
"minedBinaryVariableTemplatesNumber_Random_splitClauses_0":["7"],
"labeledTemplateNumber_Mined_splitClauses_1":["9"],
"labeledBinaryVariableTemplatesNumber_Random_splitClauses_0":["7"],
"unlabeledTemplateRelationSymbolNumber_Unlabeled_splitClauses_1":["44"],
"cegarIterationNumber_Mined_splitClauses_0":["10800000"],
"minedTemplateRelationSymbolNumber_Labeled_splitClauses_0":["44"],
"unlabeledBinaryVariableTemplatesNumber_RelationalIneqs_splitClauses_1":["1362"],
"unlabeledBinaryVariableTemplatesNumber_Octagon_splitClauses_0":["1362"],
"solvability_Mined_splitClauses_0":["10800000"],
"averagePredicateSize_RelationalEqs_splitClauses_0":["10800000"],
"clauseNumberAfterSimplification_Term_splitClauses_0":["168"],
"unlabeledTemplateNumber_Mined_splitClauses_0":["2184"],
"relationSymbolNumberAfterSimplification_Random_splitClauses_1":["389"],
"unlabeledTemplateNumber_PredictedCDHG_splitClauses_0":["2184"],
"cegarIterationNumber_RelationalIneqs_splitClauses_1":["7"],
"minedBinaryVariableTemplatesNumber_Unlabeled_splitClauses_1":["7"],
"labeledTemplateNumber_PredictedCG_splitClauses_1":["9"],
"labeledTemplateRelationSymbolNumber_Mined_splitClauses_0":["3"],
"labeledBinaryVariableTemplatesNumber_Mined_splitClauses_1":["7"],
"relationSymbolNumberBeforeSimplification_Mined_splitClauses_0":["430"],
"relationSymbolNumberBeforeSimplification_RelationalIneqs_splitClauses_0":["430"],
"clauseNumberAfterSimplification_RelationalIneqs_splitClauses_1":["168"],
"minedSingleVariableTemplatesNumber_PredictedCDHG_splitClauses_0":["280"],
"solvability_Labeled_splitClauses_1":["1"],
"labeledSingleVariableTemplatesNumber_Octagon_splitClauses_1":["2"],
"averagePredicateSize_Random_splitClauses_0":["10800000"],
"smt2FileSizeByte_RelationalIneqs_splitClauses_0":["103164"],
"generatedPredicateNumber_Unlabeled_splitClauses_0":["10800000"],
"solvability_RelationalEqs_splitClauses_0":["10800000"],
"predicateGeneratorTime_Empty_splitClauses_1":["332"],
"minedSingleVariableTemplatesNumber_Mined_splitClauses_0":["280"],
"relationSymbolNumberAfterSimplification_Unlabeled_splitClauses_0":["389"],
"minedTemplateRelationSymbolNumber_PredictedCDHG_splitClauses_1":["44"],
"minedTemplateNumber_PredictedCG_splitClauses_0":["287"],
"averagePredicateSize_RelationalIneqs_splitClauses_1":["1"],
"labeledTemplateRelationSymbolNumber_Random_splitClauses_1":["3"],
"minedTemplateNumber_RelationalIneqs_splitClauses_0":["287"],
"predicateGeneratorTime_RelationalIneqs_splitClauses_0":["10800000"],
"labeledTemplateRelationSymbolNumber_Empty_splitClauses_0":["3"],
"minedBinaryVariableTemplatesNumber_Octagon_splitClauses_0":["7"],
"labeledSingleVariableTemplatesNumber_Term_splitClauses_1":["2"],
"labeledBinaryVariableTemplatesNumber_Empty_splitClauses_0":["7"],
"minedTemplateNumber_Octagon_splitClauses_0":["287"],
"labeledBinaryVariableTemplatesNumber_Unlabeled_splitClauses_0":["7"],
"relationSymbolNumberBeforeSimplification_Empty_splitClauses_0":["430"],
"clauseNumberAfterSimplification_PredictedCDHG_splitClauses_0":["168"],
"smt2FileSizeByte_PredictedCG_splitClauses_0":["103164"],
"minedBinaryVariableTemplatesNumber_RelationalEqs_splitClauses_0":["7"],
"relationSymbolNumberBeforeSimplification_Unlabeled_splitClauses_0":["430"],
"labeledTemplateRelationSymbolNumber_RelationalEqs_splitClauses_1":["3"],
"minedBinaryVariableTemplatesNumber_Random_splitClauses_1":["7"],
"clauseNumberAfterSimplification_Unlabeled_splitClauses_1":["168"],
"minedSingleVariableTemplatesNumber_PredictedCDHG_splitClauses_1":["280"],
"labeledBinaryVariableTemplatesNumber_Term_splitClauses_1":["7"],
"clauseNumberBeforeSimplification_Empty_splitClauses_1":["170"],
"relationSymbolNumberAfterSimplification_Octagon_splitClauses_1":["389"],
"relationSymbolNumberAfterSimplification_Term_splitClauses_0":["389"],
"minedBinaryVariableTemplatesNumber_Mined_splitClauses_1":["7"],
"unlabeledBinaryVariableTemplatesNumber_Unlabeled_splitClauses_1":["1362"],
"relationSymbolNumberBeforeSimplification_Random_splitClauses_0":["430"],
"relationSymbolNumberAfterSimplification_PredictedCDHG_splitClauses_1":["389"],
"unlabeledTemplateNumber_PredictedCG_splitClauses_1":["2184"],
"generatedPredicateNumber_Empty_splitClauses_0":["10800000"],
"predicateGeneratorTime_RelationalIneqs_splitClauses_1":["249"],
"unlabeledSingleVariableTemplatesNumber_Empty_splitClauses_0":["822"],
"cegarIterationNumber_Octagon_splitClauses_0":["10800000"],
"clauseNumberAfterSimplification_Octagon_splitClauses_1":["168"],
"unlabeledSingleVariableTemplatesNumber_Labeled_splitClauses_1":["822"],
"clauseNumberBeforeSimplification_Random_splitClauses_1":["170"],
"minedTemplateRelationSymbolNumber_All_splitClauses_0":["44"],
"unlabeledTemplateRelationSymbolNumber_RelationalEqs_splitClauses_0":["44"],
"minedSingleVariableTemplatesNumber_Unlabeled_splitClauses_1":["280"],
"clauseNumberBeforeSimplification_RelationalEqs_splitClauses_0":["170"],
"minedTemplateNumber_Unlabeled_splitClauses_0":["287"],
"generatedPredicateNumber_Octagon_splitClauses_0":["10800000"],
"predicateGeneratorTime_PredictedCDHG_splitClauses_0":["10800000"],
"clauseNumberAfterSimplification_PredictedCG_splitClauses_1":["168"],
"labeledSingleVariableTemplatesNumber_RelationalEqs_splitClauses_1":["2"],
"smt2FileSizeByte_Random_splitClauses_1":["103164"],
"averagePredicateSize_PredictedCG_splitClauses_1":["10800000"],
"cegarIterationNumber_PredictedCDHG_splitClauses_1":["10800000"],
"clauseNumberAfterSimplification_RelationalEqs_splitClauses_1":["168"],
"minedBinaryVariableTemplatesNumber_Empty_splitClauses_1":["7"],
"relationSymbolNumberAfterSimplification_RelationalEqs_splitClauses_1":["389"],
"minedTemplateNumber_PredictedCDHG_splitClauses_0":["287"],
"labeledBinaryVariableTemplatesNumber_All_splitClauses_1":["7"],
"solvingTime_RelationalIneqs_splitClauses_1":["398"],
"unlabeledTemplateRelationSymbolNumber_RelationalEqs_splitClauses_1":["44"],
"smt2FileSizeByte_Unlabeled_splitClauses_0":["103164"],
"relationSymbolNumberBeforeSimplification_Mined_splitClauses_1":["430"],
"relationSymbolNumberAfterSimplification_Mined_splitClauses_1":["389"],
"generatedPredicateNumber_All_splitClauses_0":["10800000"],
"relationSymbolNumberBeforeSimplification_Octagon_splitClauses_1":["430"],
"predicateGeneratorTime_Octagon_splitClauses_1":["204"],
"solvability_Mined_splitClauses_1":["1"],
"minedTemplateRelationSymbolNumber_Term_splitClauses_1":["44"],
"clauseNumberAfterSimplification_Mined_splitClauses_0":["168"],
"solvability_PredictedCDHG_splitClauses_0":["10800000"],
"solvingTime_Empty_splitClauses_0":["10800000"],
"unlabeledSingleVariableTemplatesNumber_Unlabeled_splitClauses_1":["822"],
"minedTemplateNumber_Term_splitClauses_1":["287"],
"averagePredicateSize_Octagon_splitClauses_1":["1"],
"unlabeledSingleVariableTemplatesNumber_Octagon_splitClauses_1":["822"],
"minedTemplateRelationSymbolNumber_RelationalEqs_splitClauses_1":["44"],
"relationSymbolNumberBeforeSimplification_All_splitClauses_1":["430"],
"minedBinaryVariableTemplatesNumber_RelationalIneqs_splitClauses_0":["7"],
"predicateGeneratorTime_Term_splitClauses_1":["406"],
"solvingTime_Labeled_splitClauses_0":["10800000"],
"unlabeledBinaryVariableTemplatesNumber_PredictedCG_splitClauses_0":["1362"],
"minedTemplateNumber_All_splitClauses_0":["287"],
"predicateGeneratorTime_Labeled_splitClauses_1":["224"],
"unlabeledTemplateRelationSymbolNumber_Empty_splitClauses_0":["44"],
"unlabeledTemplateNumber_Mined_splitClauses_1":["2184"],
"solvability_PredictedCG_splitClauses_1":["10800000"],
"unlabeledTemplateNumber_Term_splitClauses_0":["2184"],
"minedBinaryVariableTemplatesNumber_PredictedCG_splitClauses_1":["7"],
"labeledSingleVariableTemplatesNumber_PredictedCDHG_splitClauses_0":["2"],
"minedBinaryVariableTemplatesNumber_All_splitClauses_0":["7"],
"averagePredicateSize_PredictedCDHG_splitClauses_1":["10800000"],
"predicateGeneratorTime_PredictedCG_splitClauses_0":["10800000"],
"generatedPredicateNumber_RelationalIneqs_splitClauses_0":["10800000"],
"labeledTemplateNumber_Empty_splitClauses_0":["9"],
"relationSymbolNumberAfterSimplification_RelationalIneqs_splitClauses_1":["389"],
"unlabeledTemplateRelationSymbolNumber_Term_splitClauses_0":["44"],
"minedTemplateNumber_All_splitClauses_1":["287"],
"labeledSingleVariableTemplatesNumber_Empty_splitClauses_1":["2"],
"minedBinaryVariableTemplatesNumber_Unlabeled_splitClauses_0":["7"],
"labeledTemplateNumber_Random_splitClauses_0":["9"],
"minedBinaryVariableTemplatesNumber_All_splitClauses_1":["7"],
"unlabeledSingleVariableTemplatesNumber_All_splitClauses_0":["822"],
"relationSymbolNumberBeforeSimplification_Labeled_splitClauses_1":["430"],
"smt2FileSizeByte_PredictedCDHG_splitClauses_1":["103164"],
"labeledBinaryVariableTemplatesNumber_PredictedCDHG_splitClauses_0":["7"],
"averagePredicateSize_RelationalEqs_splitClauses_1":["1"],
"minedSingleVariableTemplatesNumber_Term_splitClauses_0":["280"],
"labeledTemplateRelationSymbolNumber_Term_splitClauses_1":["3"],
"generatedPredicateNumber_Random_splitClauses_0":["10800000"],
"labeledBinaryVariableTemplatesNumber_Empty_splitClauses_1":["7"],
"relationSymbolNumberAfterSimplification_Term_splitClauses_1":["389"],
"clauseNumberAfterSimplification_Labeled_splitClauses_0":["168"],
"labeledSingleVariableTemplatesNumber_Labeled_splitClauses_0":["2"],
"minedTemplateNumber_Mined_splitClauses_1":["287"],
"labeledTemplateRelationSymbolNumber_Labeled_splitClauses_0":["3"],
"unlabeledTemplateRelationSymbolNumber_Mined_splitClauses_1":["44"],
"solvability_Labeled_splitClauses_0":["10800000"],
"minedTemplateNumber_RelationalEqs_splitClauses_1":["287"],
"solvingTime_Random_splitClauses_1":["299"],
"minedTemplateNumber_Random_splitClauses_0":["287"],
"cegarIterationNumber_Unlabeled_splitClauses_1":["7"],
"minedTemplateNumber_RelationalIneqs_splitClauses_1":["287"],
"unlabeledBinaryVariableTemplatesNumber_Octagon_splitClauses_1":["1362"],
"minedSingleVariableTemplatesNumber_Octagon_splitClauses_1":["280"],
"minedSingleVariableTemplatesNumber_Random_splitClauses_1":["280"],
"averagePredicateSize_All_splitClauses_1":["10800000"],
"minedTemplateNumber_Empty_splitClauses_0":["287"],
"labeledTemplateNumber_Mined_splitClauses_0":["9"],
"unlabeledBinaryVariableTemplatesNumber_All_splitClauses_0":["1362"],
"relationSymbolNumberAfterSimplification_Labeled_splitClauses_1":["389"],
"labeledSingleVariableTemplatesNumber_PredictedCDHG_splitClauses_1":["2"],
"minedSingleVariableTemplatesNumber_Mined_splitClauses_1":["280"],
"labeledTemplateRelationSymbolNumber_Term_splitClauses_0":["3"],
"unlabeledTemplateRelationSymbolNumber_Term_splitClauses_1":["44"],
"predicateGeneratorTime_All_splitClauses_1":["10800000"],
"unlabeledSingleVariableTemplatesNumber_Random_splitClauses_0":["822"],
"predicateGeneratorTime_Unlabeled_splitClauses_1":["279"],
"cegarIterationNumber_PredictedCDHG_splitClauses_0":["10800000"],
"labeledTemplateNumber_RelationalEqs_splitClauses_0":["9"],
"labeledTemplateRelationSymbolNumber_Mined_splitClauses_1":["3"],
"labeledTemplateRelationSymbolNumber_Random_splitClauses_0":["3"],
"labeledBinaryVariableTemplatesNumber_RelationalEqs_splitClauses_1":["7"],
"generatedPredicateNumber_RelationalIneqs_splitClauses_1":["9"],
"unlabeledTemplateRelationSymbolNumber_PredictedCG_splitClauses_1":["44"],
"unlabeledSingleVariableTemplatesNumber_RelationalEqs_splitClauses_0":["822"],
"labeledBinaryVariableTemplatesNumber_Labeled_splitClauses_0":["7"],
"minedBinaryVariableTemplatesNumber_PredictedCDHG_splitClauses_0":["7"],
"unlabeledTemplateRelationSymbolNumber_Unlabeled_splitClauses_0":["44"],
"clauseNumberAfterSimplification_Term_splitClauses_1":["168"],
"unlabeledTemplateNumber_Octagon_splitClauses_0":["2184"],
"unlabeledBinaryVariableTemplatesNumber_RelationalEqs_splitClauses_1":["1362"],
"unlabeledTemplateNumber_PredictedCG_splitClauses_0":["2184"],
"unlabeledTemplateNumber_All_splitClauses_0":["2184"],
"labeledTemplateRelationSymbolNumber_RelationalIneqs_splitClauses_1":["3"],
"unlabeledSingleVariableTemplatesNumber_Mined_splitClauses_1":["822"],
"labeledTemplateRelationSymbolNumber_Unlabeled_splitClauses_1":["3"],
"labeledBinaryVariableTemplatesNumber_Random_splitClauses_1":["7"],
"solvability_Random_splitClauses_1":["1"],
"solvingTime_Term_splitClauses_0":["10800000"],
"minedSingleVariableTemplatesNumber_Labeled_splitClauses_1":["280"],
"clauseNumberBeforeSimplification_Term_splitClauses_0":["170"],
"relationSymbolNumberBeforeSimplification_RelationalIneqs_splitClauses_1":["430"],
"minedTemplateRelationSymbolNumber_Mined_splitClauses_0":["44"],
"solvability_Octagon_splitClauses_1":["1"],
"minedSingleVariableTemplatesNumber_RelationalIneqs_splitClauses_1":["280"],
"smt2FileSizeByte_Labeled_splitClauses_0":["103164"],
"solvability_RelationalEqs_splitClauses_1":["1"],
"unlabeledSingleVariableTemplatesNumber_Empty_splitClauses_1":["822"],
"labeledTemplateNumber_PredictedCDHG_splitClauses_1":["9"],
"minedTemplateRelationSymbolNumber_Octagon_splitClauses_0":["44"],
"clauseNumberAfterSimplification_Unlabeled_splitClauses_0":["168"],
"clauseNumberBeforeSimplification_Unlabeled_splitClauses_0":["170"],
"clauseNumberBeforeSimplification_PredictedCDHG_splitClauses_0":["170"],
"cegarIterationNumber_RelationalIneqs_splitClauses_0":["10800000"],
"labeledTemplateRelationSymbolNumber_RelationalEqs_splitClauses_0":["3"],
"averagePredicateSize_Labeled_splitClauses_0":["10800000"],
"smt2FileSizeByte_RelationalIneqs_splitClauses_1":["103164"],
"clauseNumberBeforeSimplification_RelationalEqs_splitClauses_1":["170"],
"unlabeledTemplateRelationSymbolNumber_RelationalIneqs_splitClauses_1":["44"],
"clauseNumberBeforeSimplification_PredictedCG_splitClauses_0":["170"],
"solvingTime_PredictedCDHG_splitClauses_0":["10800000"],
"labeledTemplateRelationSymbolNumber_Octagon_splitClauses_1":["3"],
"minedTemplateRelationSymbolNumber_PredictedCG_splitClauses_1":["44"],
"relationSymbolNumberBeforeSimplification_RelationalEqs_splitClauses_1":["430"],
"labeledTemplateNumber_Random_splitClauses_1":["9"],
"solvingTime_RelationalIneqs_splitClauses_0":["10800000"],
"labeledTemplateNumber_All_splitClauses_1":["9"],
"unlabeledTemplateNumber_Random_splitClauses_1":["2184"],
"relationSymbolNumberBeforeSimplification_All_splitClauses_0":["430"],
"smt2FileSizeByte_Unlabeled_splitClauses_1":["103164"],
"cegarIterationNumber_PredictedCG_splitClauses_0":["10800000"],
"predicateGeneratorTime_Octagon_splitClauses_0":["10800000"],
"unlabeledTemplateNumber_RelationalEqs_splitClauses_1":["2184"],
"clauseNumberAfterSimplification_Octagon_splitClauses_0":["168"],
"cegarIterationNumber_Random_splitClauses_0":["10800000"],
"solvability_PredictedCDHG_splitClauses_1":["10800000"],
"solvability_PredictedCG_splitClauses_0":["10800000"],
"solvingTime_PredictedCG_splitClauses_1":["10800000"],
"unlabeledSingleVariableTemplatesNumber_Unlabeled_splitClauses_0":["822"],
"unlabeledTemplateNumber_Unlabeled_splitClauses_0":["2184"],
"labeledTemplateRelationSymbolNumber_RelationalIneqs_splitClauses_0":["3"],
"minedTemplateNumber_Random_splitClauses_1":["287"],
"generatedPredicateNumber_RelationalEqs_splitClauses_0":["10800000"],
"minedTemplateNumber_Term_splitClauses_0":["287"],
"solvingTime_All_splitClauses_1":["10800000"],
"minedSingleVariableTemplatesNumber_PredictedCG_splitClauses_0":["280"],
"smt2FileSizeByte_Term_splitClauses_1":["103164"],
"labeledBinaryVariableTemplatesNumber_All_splitClauses_0":["7"],
"minedTemplateNumber_PredictedCDHG_splitClauses_1":["287"],
"minedTemplateRelationSymbolNumber_PredictedCDHG_splitClauses_0":["44"],
"averagePredicateSize_Unlabeled_splitClauses_0":["10800000"],
"minedBinaryVariableTemplatesNumber_Octagon_splitClauses_1":["7"],
"unlabeledSingleVariableTemplatesNumber_Random_splitClauses_1":["822"],
"clauseNumberBeforeSimplification_Random_splitClauses_0":["170"],
"solvingTime_Unlabeled_splitClauses_1":["446"],
"predicateGeneratorTime_PredictedCDHG_splitClauses_1":["10800000"],
"averagePredicateSize_PredictedCDHG_splitClauses_0":["10800000"],
"relationSymbolNumberAfterSimplification_RelationalEqs_splitClauses_0":["389"],
"minedBinaryVariableTemplatesNumber_Term_splitClauses_0":["7"],
"labeledTemplateNumber_RelationalIneqs_splitClauses_0":["9"],
"clauseNumberAfterSimplification_Random_splitClauses_0":["168"],
"clauseNumberAfterSimplification_PredictedCG_splitClauses_0":["168"],
"generatedPredicateNumber_Empty_splitClauses_1":["9"],
"clauseNumberBeforeSimplification_Octagon_splitClauses_0":["170"],
"unlabeledTemplateNumber_Empty_splitClauses_0":["2184"],
"minedSingleVariableTemplatesNumber_All_splitClauses_0":["280"],
"labeledTemplateRelationSymbolNumber_Octagon_splitClauses_0":["3"],
"generatedPredicateNumber_Random_splitClauses_1":["9"],
"clauseNumberAfterSimplification_RelationalEqs_splitClauses_0":["168"],
"labeledBinaryVariableTemplatesNumber_Term_splitClauses_0":["7"],
"minedSingleVariableTemplatesNumber_RelationalEqs_splitClauses_0":["280"],
"minedTemplateNumber_Mined_splitClauses_0":["287"],
"relationSymbolNumberBeforeSimplification_PredictedCG_splitClauses_0":["430"],
"averagePredicateSize_Octagon_splitClauses_0":["10800000"],
"unlabeledBinaryVariableTemplatesNumber_Empty_splitClauses_1":["1362"],
"unlabeledSingleVariableTemplatesNumber_PredictedCDHG_splitClauses_0":["822"],
"unlabeledSingleVariableTemplatesNumber_PredictedCG_splitClauses_1":["822"],
"labeledTemplateRelationSymbolNumber_Labeled_splitClauses_1":["3"],
"minedTemplateRelationSymbolNumber_Random_splitClauses_0":["44"],
"unlabeledTemplateRelationSymbolNumber_PredictedCG_splitClauses_0":["44"],
"unlabeledTemplateNumber_RelationalIneqs_splitClauses_0":["2184"],
"unlabeledSingleVariableTemplatesNumber_Labeled_splitClauses_0":["822"],
"relationSymbolNumberAfterSimplification_PredictedCG_splitClauses_0":["389"],
"minedTemplateNumber_Unlabeled_splitClauses_1":["287"],
"generatedPredicateNumber_PredictedCG_splitClauses_0":["10800000"],
"labeledTemplateNumber_Unlabeled_splitClauses_1":["9"],
"unlabeledTemplateRelationSymbolNumber_Empty_splitClauses_1":["44"],
"clauseNumberBeforeSimplification_Empty_splitClauses_0":["170"],
"solvingTime_Octagon_splitClauses_1":["343"],
"cegarIterationNumber_Mined_splitClauses_1":["7"],
"clauseNumberBeforeSimplification_Mined_splitClauses_1":["170"],
"smt2FileSizeByte_PredictedCDHG_splitClauses_0":["103164"],
"averagePredicateSize_PredictedCG_splitClauses_0":["10800000"],
"solvingTime_Random_splitClauses_0":["10800000"],
"minedTemplateNumber_RelationalEqs_splitClauses_0":["287"],
"unlabeledSingleVariableTemplatesNumber_RelationalIneqs_splitClauses_0":["822"],
"unlabeledTemplateNumber_Unlabeled_splitClauses_1":["2184"],
"labeledBinaryVariableTemplatesNumber_RelationalEqs_splitClauses_0":["7"],
"generatedPredicateNumber_PredictedCDHG_splitClauses_0":["10800000"],
"relationSymbolNumberAfterSimplification_RelationalIneqs_splitClauses_0":["389"],
"minedTemplateRelationSymbolNumber_Empty_splitClauses_1":["44"],
"predicateGeneratorTime_Random_splitClauses_1":["201"],
"labeledTemplateNumber_Term_splitClauses_1":["9"],
"relationSymbolNumberBeforeSimplification_RelationalEqs_splitClauses_0":["430"],
"minedSingleVariableTemplatesNumber_Empty_splitClauses_1":["280"],
"minedSingleVariableTemplatesNumber_RelationalIneqs_splitClauses_0":["280"],
"clauseNumberAfterSimplification_All_splitClauses_0":["168"],
"unlabeledBinaryVariableTemplatesNumber_RelationalEqs_splitClauses_0":["1362"],
"cegarIterationNumber_RelationalEqs_splitClauses_0":["10800000"],
"labeledTemplateRelationSymbolNumber_PredictedCDHG_splitClauses_0":["3"],
"labeledSingleVariableTemplatesNumber_Labeled_splitClauses_1":["2"],
"unlabeledBinaryVariableTemplatesNumber_All_splitClauses_1":["1362"],
"minedTemplateRelationSymbolNumber_Unlabeled_splitClauses_1":["44"],
"solvingTime_RelationalEqs_splitClauses_0":["10800000"],
"solvingTime_RelationalEqs_splitClauses_1":["361"],
"minedBinaryVariableTemplatesNumber_Mined_splitClauses_0":["7"],
"clauseNumberBeforeSimplification_All_splitClauses_0":["170"],
"clauseNumberBeforeSimplification_RelationalIneqs_splitClauses_1":["170"],
"labeledTemplateNumber_RelationalEqs_splitClauses_1":["9"],
"labeledBinaryVariableTemplatesNumber_RelationalIneqs_splitClauses_0":["7"],
"relationSymbolNumberBeforeSimplification_Labeled_splitClauses_0":["430"],
"clauseNumberAfterSimplification_Empty_splitClauses_0":["168"],
"averagePredicateSize_Empty_splitClauses_0":["10800000"],
"unlabeledTemplateNumber_Term_splitClauses_1":["2184"],
"predicateGeneratorTime_Mined_splitClauses_1":["343"],
"labeledBinaryVariableTemplatesNumber_RelationalIneqs_splitClauses_1":["7"],
"predicateGeneratorTime_Unlabeled_splitClauses_0":["10800000"],
"relationSymbolNumberAfterSimplification_Empty_splitClauses_0":["389"],
"generatedPredicateNumber_Mined_splitClauses_0":["10800000"],
"generatedPredicateNumber_RelationalEqs_splitClauses_1":["9"],
"labeledTemplateRelationSymbolNumber_PredictedCG_splitClauses_0":["3"],
"minedSingleVariableTemplatesNumber_PredictedCG_splitClauses_1":["280"],
"minedTemplateRelationSymbolNumber_PredictedCG_splitClauses_0":["44"],
"unlabeledTemplateRelationSymbolNumber_Labeled_splitClauses_0":["44"],
"solvability_Empty_splitClauses_1":["1"],
"averagePredicateSize_Term_splitClauses_0":["10800000"],
"cegarIterationNumber_Random_splitClauses_1":["7"],
"averagePredicateSize_Labeled_splitClauses_1":["1"],
"unlabeledBinaryVariableTemplatesNumber_Unlabeled_splitClauses_0":["1362"],
"generatedPredicateNumber_Unlabeled_splitClauses_1":["9"],
"predicateGeneratorTime_All_splitClauses_0":["10800000"],
"unlabeledBinaryVariableTemplatesNumber_PredictedCDHG_splitClauses_1":["1362"],
"clauseNumberBeforeSimplification_Labeled_splitClauses_1":["170"],
"minedBinaryVariableTemplatesNumber_Labeled_splitClauses_1":["7"],
"labeledSingleVariableTemplatesNumber_All_splitClauses_0":["2"],
"unlabeledTemplateRelationSymbolNumber_Mined_splitClauses_0":["44"],
"cegarIterationNumber_Octagon_splitClauses_1":["7"],
"labeledTemplateNumber_Octagon_splitClauses_0":["9"],
"labeledTemplateRelationSymbolNumber_All_splitClauses_1":["3"],
"smt2FileSizeByte_Empty_splitClauses_0":["103164"],
"unlabeledTemplateNumber_Octagon_splitClauses_1":["2184"],
"predicateGeneratorTime_RelationalEqs_splitClauses_0":["10800000"],
"unlabeledTemplateRelationSymbolNumber_RelationalIneqs_splitClauses_0":["44"],
"smt2FileSizeByte_RelationalEqs_splitClauses_1":["103164"],
"unlabeledTemplateNumber_Labeled_splitClauses_0":["2184"],
"minedSingleVariableTemplatesNumber_Labeled_splitClauses_0":["280"],
"solvingTime_PredictedCDHG_splitClauses_1":["10800000"],
"relationSymbolNumberBeforeSimplification_Term_splitClauses_1":["430"],
"minedTemplateNumber_Octagon_splitClauses_1":["287"],
"clauseNumberBeforeSimplification_Mined_splitClauses_0":["170"],
"smt2FileSizeByte_All_splitClauses_0":["103164"],
"solvingTime_All_splitClauses_0":["10800000"],
"minedBinaryVariableTemplatesNumber_Term_splitClauses_1":["7"],
"unlabeledTemplateRelationSymbolNumber_Random_splitClauses_0":["44"],
"cegarIterationNumber_All_splitClauses_0":["10800000"],
"smt2FileSizeByte_RelationalEqs_splitClauses_0":["103164"],
"unlabeledSingleVariableTemplatesNumber_PredictedCDHG_splitClauses_1":["822"],
"clauseNumberBeforeSimplification_Labeled_splitClauses_0":["170"],
"cegarIterationNumber_PredictedCG_splitClauses_1":["10800000"],
"labeledTemplateRelationSymbolNumber_Unlabeled_splitClauses_0":["3"],
"unlabeledTemplateRelationSymbolNumber_Octagon_splitClauses_1":["44"],
"unlabeledTemplateNumber_Empty_splitClauses_1":["2184"],
"clauseNumberBeforeSimplification_Octagon_splitClauses_1":["170"],
"labeledTemplateNumber_Unlabeled_splitClauses_0":["9"],
"labeledBinaryVariableTemplatesNumber_PredictedCG_splitClauses_0":["7"],
"solvability_Term_splitClauses_1":["1"],
"solvability_Octagon_splitClauses_0":["10800000"],
"minedTemplateRelationSymbolNumber_RelationalIneqs_splitClauses_0":["44"],
"clauseNumberBeforeSimplification_RelationalIneqs_splitClauses_0":["170"],
"labeledTemplateNumber_PredictedCG_splitClauses_0":["9"],
"cegarIterationNumber_Labeled_splitClauses_0":["10800000"],
"smt2FileSizeByte_Labeled_splitClauses_1":["103164"],
"clauseNumberBeforeSimplification_Unlabeled_splitClauses_1":["170"],
"generatedPredicateNumber_Term_splitClauses_1":["9"],
"solvingTime_Term_splitClauses_1":["639"],
"unlabeledBinaryVariableTemplatesNumber_Random_splitClauses_1":["1362"],
"unlabeledSingleVariableTemplatesNumber_Octagon_splitClauses_0":["822"],
"solvingTime_Octagon_splitClauses_0":["10800000"],
"labeledSingleVariableTemplatesNumber_Mined_splitClauses_1":["2"],
"averagePredicateSize_Term_splitClauses_1":["1"],
"labeledTemplateNumber_Labeled_splitClauses_0":["9"],
"unlabeledSingleVariableTemplatesNumber_PredictedCG_splitClauses_0":["822"],
"smt2FileSizeByte_Mined_splitClauses_1":["103164"],
"labeledBinaryVariableTemplatesNumber_Unlabeled_splitClauses_1":["7"],
"labeledTemplateNumber_All_splitClauses_0":["9"],
"unlabeledTemplateNumber_Random_splitClauses_0":["2184"],
"labeledTemplateNumber_Octagon_splitClauses_1":["9"],
"unlabeledTemplateNumber_PredictedCDHG_splitClauses_1":["2184"],
"unlabeledBinaryVariableTemplatesNumber_Mined_splitClauses_0":["1362"],
"minedTemplateRelationSymbolNumber_Mined_splitClauses_1":["44"],
"labeledTemplateNumber_RelationalIneqs_splitClauses_1":["9"],
"relationSymbolNumberAfterSimplification_All_splitClauses_0":["389"],
"relationSymbolNumberBeforeSimplification_PredictedCDHG_splitClauses_0":["430"],
"solvability_Term_splitClauses_0":["10800000"],
"clauseNumberBeforeSimplification_PredictedCG_splitClauses_1":["170"],
"generatedPredicateNumber_Labeled_splitClauses_1":["9"],
"labeledSingleVariableTemplatesNumber_Unlabeled_splitClauses_0":["2"],
"unlabeledBinaryVariableTemplatesNumber_Empty_splitClauses_0":["1362"],
"solvingTime_Mined_splitClauses_0":["10800000"],
"unlabeledTemplateNumber_All_splitClauses_1":["2184"],
"clauseNumberAfterSimplification_Random_splitClauses_1":["168"],
"labeledBinaryVariableTemplatesNumber_Octagon_splitClauses_1":["7"],
"unlabeledBinaryVariableTemplatesNumber_Labeled_splitClauses_0":["1362"],
"smt2FileSizeByte_Octagon_splitClauses_0":["103164"],
"labeledSingleVariableTemplatesNumber_Random_splitClauses_1":["2"],
"solvability_Unlabeled_splitClauses_0":["10800000"],
"solvingTime_Unlabeled_splitClauses_0":["10800000"],
"unlabeledTemplateRelationSymbolNumber_All_splitClauses_1":["44"],
"minedTemplateNumber_Empty_splitClauses_1":["287"],
"solvability_RelationalIneqs_splitClauses_0":["10800000"],
"unlabeledTemplateRelationSymbolNumber_Labeled_splitClauses_1":["44"],
"cegarIterationNumber_RelationalEqs_splitClauses_1":["7"],
"minedSingleVariableTemplatesNumber_RelationalEqs_splitClauses_1":["280"],
"clauseNumberAfterSimplification_PredictedCDHG_splitClauses_1":["168"],
"minedBinaryVariableTemplatesNumber_RelationalIneqs_splitClauses_1":["7"],
"unlabeledBinaryVariableTemplatesNumber_Mined_splitClauses_1":["1362"],
"unlabeledBinaryVariableTemplatesNumber_PredictedCDHG_splitClauses_0":["1362"],
"solvingTime_Empty_splitClauses_1":["495"],
"labeledTemplateRelationSymbolNumber_Empty_splitClauses_1":["3"],
"generatedPredicateNumber_Term_splitClauses_0":["10800000"],
"averagePredicateSize_Empty_splitClauses_1":["1"],
"generatedPredicateNumber_PredictedCG_splitClauses_1":["10800000"],
"labeledTemplateRelationSymbolNumber_PredictedCDHG_splitClauses_1":["3"],
"predicateGeneratorTime_Mined_splitClauses_0":["10800000"],
"relationSymbolNumberBeforeSimplification_Term_splitClauses_0":["430"],
"predicateGeneratorTime_Labeled_splitClauses_0":["10800000"],
"labeledSingleVariableTemplatesNumber_Random_splitClauses_0":["2"],
"unlabeledTemplateRelationSymbolNumber_All_splitClauses_0":["44"],
"minedBinaryVariableTemplatesNumber_Labeled_splitClauses_0":["7"],
"generatedPredicateNumber_Labeled_splitClauses_0":["10800000"],
"relationSymbolNumberAfterSimplification_Empty_splitClauses_1":["389"],
"solvingTime_Mined_splitClauses_1":["561"],
"minedSingleVariableTemplatesNumber_All_splitClauses_1":["280"],
"predicateGeneratorTime_Random_splitClauses_0":["10800000"],
"cegarIterationNumber_Term_splitClauses_1":["7"],
"labeledTemplateNumber_Empty_splitClauses_1":["9"],
"clauseNumberAfterSimplification_Empty_splitClauses_1":["168"],
"minedTemplateRelationSymbolNumber_Empty_splitClauses_0":["44"],
"unlabeledSingleVariableTemplatesNumber_Term_splitClauses_0":["822"],
"minedSingleVariableTemplatesNumber_Empty_splitClauses_0":["280"],
"relationSymbolNumberAfterSimplification_Random_splitClauses_0":["389"],
"minedTemplateRelationSymbolNumber_RelationalEqs_splitClauses_0":["44"],
"cegarIterationNumber_Empty_splitClauses_0":["10800000"],
"minedBinaryVariableTemplatesNumber_RelationalEqs_splitClauses_1":["7"],
"relationSymbolNumberBeforeSimplification_PredictedCG_splitClauses_1":["430"],
"labeledSingleVariableTemplatesNumber_All_splitClauses_1":["2"],
"unlabeledTemplateRelationSymbolNumber_Octagon_splitClauses_0":["44"],
"minedTemplateRelationSymbolNumber_Unlabeled_splitClauses_0":["44"],
"labeledBinaryVariableTemplatesNumber_Mined_splitClauses_0":["7"],
"relationSymbolNumberAfterSimplification_Unlabeled_splitClauses_1":["389"],
"minedTemplateNumber_PredictedCG_splitClauses_1":["287"],
"cegarIterationNumber_Empty_splitClauses_1":["7"],
"averagePredicateSize_RelationalIneqs_splitClauses_0":["10800000"],
"solvability_All_splitClauses_1":["10800000"],
"unlabeledBinaryVariableTemplatesNumber_Term_splitClauses_1":["1362"],
"minedTemplateRelationSymbolNumber_Labeled_splitClauses_1":["44"],
"averagePredicateSize_Unlabeled_splitClauses_1":["1"],
"labeledTemplateNumber_Term_splitClauses_0":["9"],
"smt2FileSizeByte_Empty_splitClauses_1":["103164"],
"solvingTime_PredictedCG_splitClauses_0":["10800000"],
"cegarIterationNumber_All_splitClauses_1":["10800000"],
"clauseNumberBeforeSimplification_Term_splitClauses_1":["170"],
"predicateGeneratorTime_Empty_splitClauses_0":["10800000"],
"relationSymbolNumberBeforeSimplification_Empty_splitClauses_1":["430"],
"averagePredicateSize_All_splitClauses_0":["10800000"],
"unlabeledBinaryVariableTemplatesNumber_Random_splitClauses_0":["1362"],
"smt2FileSizeByte_Term_splitClauses_0":["103164"],
"averagePredicateSize_Mined_splitClauses_1":["1"],
"minedBinaryVariableTemplatesNumber_Empty_splitClauses_0":["7"],
"minedTemplateRelationSymbolNumber_All_splitClauses_1":["44"],
"labeledSingleVariableTemplatesNumber_PredictedCG_splitClauses_0":["2"],
"unlabeledBinaryVariableTemplatesNumber_RelationalIneqs_splitClauses_0":["1362"],
"unlabeledSingleVariableTemplatesNumber_RelationalIneqs_splitClauses_1":["822"],
"clauseNumberAfterSimplification_RelationalIneqs_splitClauses_0":["168"],
"unlabeledTemplateNumber_RelationalEqs_splitClauses_0":["2184"],
"unlabeledTemplateNumber_RelationalIneqs_splitClauses_1":["2184"],
"labeledTemplateRelationSymbolNumber_PredictedCG_splitClauses_1":["3"],
"labeledTemplateRelationSymbolNumber_All_splitClauses_0":["3"],
"labeledSingleVariableTemplatesNumber_Octagon_splitClauses_0":["2"],
"dummyFiled":[]
}