{
"smt2FileSizeByte_All_splitClauses_1":["22102"],
"generatedPredicateNumber_All_splitClauses_1":["10800000"],
"unlabeledTemplateRelationSymbolNumber_PredictedCDHG_splitClauses_0":["7"],
"relationSymbolNumberBeforeSimplification_Unlabeled_splitClauses_1":["136"],
"predicateGeneratorTime_Term_splitClauses_0":["10800000"],
"averagePredicateSize_Random_splitClauses_1":["1"],
"labeledBinaryVariableTemplatesNumber_Labeled_splitClauses_1":["6"],
"clauseNumberBeforeSimplification_All_splitClauses_1":["62"],
"minedTemplateRelationSymbolNumber_Term_splitClauses_0":["7"],
"solvingTime_Labeled_splitClauses_1":["226"],
"unlabeledTemplateNumber_Labeled_splitClauses_1":["231"],
"relationSymbolNumberAfterSimplification_All_splitClauses_1":["40"],
"minedTemplateRelationSymbolNumber_Octagon_splitClauses_1":["7"],
"clauseNumberAfterSimplification_Mined_splitClauses_1":["32"],
"relationSymbolNumberBeforeSimplification_Octagon_splitClauses_0":["136"],
"unlabeledBinaryVariableTemplatesNumber_Term_splitClauses_0":["138"],
"labeledTemplateNumber_PredictedCDHG_splitClauses_0":["7"],
"solvability_Empty_splitClauses_0":["10800000"],
"unlabeledTemplateRelationSymbolNumber_Random_splitClauses_1":["7"],
"labeledBinaryVariableTemplatesNumber_Octagon_splitClauses_0":["6"],
"relationSymbolNumberBeforeSimplification_Random_splitClauses_1":["136"],
"minedTemplateRelationSymbolNumber_Random_splitClauses_1":["7"],
"unlabeledSingleVariableTemplatesNumber_Mined_splitClauses_0":["93"],
"unlabeledBinaryVariableTemplatesNumber_PredictedCG_splitClauses_1":["138"],
"solvability_All_splitClauses_0":["10800000"],
"predicateGeneratorTime_RelationalEqs_splitClauses_1":["146"],
"relationSymbolNumberBeforeSimplification_PredictedCDHG_splitClauses_1":["136"],
"smt2FileSizeByte_PredictedCG_splitClauses_1":["22102"],
"labeledSingleVariableTemplatesNumber_Unlabeled_splitClauses_1":["1"],
"labeledBinaryVariableTemplatesNumber_PredictedCG_splitClauses_1":["6"],
"minedBinaryVariableTemplatesNumber_PredictedCG_splitClauses_0":["6"],
"solvability_Random_splitClauses_0":["10800000"],
"relationSymbolNumberAfterSimplification_PredictedCG_splitClauses_1":["40"],
"clauseNumberBeforeSimplification_PredictedCDHG_splitClauses_1":["62"],
"labeledSingleVariableTemplatesNumber_Mined_splitClauses_0":["1"],
"solvability_Unlabeled_splitClauses_1":["1"],
"cegarIterationNumber_Labeled_splitClauses_1":["3"],
"smt2FileSizeByte_Mined_splitClauses_0":["22102"],
"relationSymbolNumberAfterSimplification_Mined_splitClauses_0":["40"],
"labeledSingleVariableTemplatesNumber_PredictedCG_splitClauses_1":["1"],
"smt2FileSizeByte_Octagon_splitClauses_1":["22102"],
"minedTemplateNumber_Labeled_splitClauses_1":["39"],
"labeledSingleVariableTemplatesNumber_RelationalIneqs_splitClauses_1":["1"],
"clauseNumberAfterSimplification_Labeled_splitClauses_1":["32"],
"relationSymbolNumberAfterSimplification_Labeled_splitClauses_0":["40"],
"smt2FileSizeByte_Random_splitClauses_0":["22102"],
"relationSymbolNumberAfterSimplification_PredictedCDHG_splitClauses_0":["40"],
"unlabeledTemplateRelationSymbolNumber_PredictedCDHG_splitClauses_1":["7"],
"labeledSingleVariableTemplatesNumber_Term_splitClauses_0":["1"],
"generatedPredicateNumber_PredictedCDHG_splitClauses_1":["10800000"],
"minedSingleVariableTemplatesNumber_Unlabeled_splitClauses_0":["33"],
"generatedPredicateNumber_Octagon_splitClauses_1":["6"],
"labeledSingleVariableTemplatesNumber_RelationalEqs_splitClauses_0":["1"],
"predicateGeneratorTime_PredictedCG_splitClauses_1":["10800000"],
"relationSymbolNumberAfterSimplification_Octagon_splitClauses_0":["40"],
"labeledTemplateNumber_Labeled_splitClauses_1":["7"],
"labeledSingleVariableTemplatesNumber_Empty_splitClauses_0":["1"],
"minedTemplateRelationSymbolNumber_RelationalIneqs_splitClauses_1":["7"],
"unlabeledSingleVariableTemplatesNumber_All_splitClauses_1":["93"],
"labeledBinaryVariableTemplatesNumber_PredictedCDHG_splitClauses_1":["6"],
"unlabeledSingleVariableTemplatesNumber_RelationalEqs_splitClauses_1":["93"],
"cegarIterationNumber_Term_splitClauses_0":["10800000"],
"unlabeledBinaryVariableTemplatesNumber_Labeled_splitClauses_1":["138"],
"unlabeledSingleVariableTemplatesNumber_Term_splitClauses_1":["93"],
"clauseNumberAfterSimplification_All_splitClauses_1":["32"],
"minedSingleVariableTemplatesNumber_Random_splitClauses_0":["33"],
"solvability_RelationalIneqs_splitClauses_1":["1"],
"minedTemplateNumber_Labeled_splitClauses_0":["39"],
"minedSingleVariableTemplatesNumber_Octagon_splitClauses_0":["33"],
"minedSingleVariableTemplatesNumber_Term_splitClauses_1":["33"],
"minedBinaryVariableTemplatesNumber_PredictedCDHG_splitClauses_1":["6"],
"generatedPredicateNumber_Mined_splitClauses_1":["6"],
"labeledSingleVariableTemplatesNumber_RelationalIneqs_splitClauses_0":["1"],
"averagePredicateSize_Mined_splitClauses_0":["10800000"],
"cegarIterationNumber_Unlabeled_splitClauses_0":["10800000"],
"minedBinaryVariableTemplatesNumber_Random_splitClauses_0":["6"],
"labeledTemplateNumber_Mined_splitClauses_1":["7"],
"labeledBinaryVariableTemplatesNumber_Random_splitClauses_0":["6"],
"unlabeledTemplateRelationSymbolNumber_Unlabeled_splitClauses_1":["7"],
"cegarIterationNumber_Mined_splitClauses_0":["10800000"],
"minedTemplateRelationSymbolNumber_Labeled_splitClauses_0":["7"],
"unlabeledBinaryVariableTemplatesNumber_RelationalIneqs_splitClauses_1":["138"],
"unlabeledBinaryVariableTemplatesNumber_Octagon_splitClauses_0":["138"],
"solvability_Mined_splitClauses_0":["10800000"],
"averagePredicateSize_RelationalEqs_splitClauses_0":["10800000"],
"clauseNumberAfterSimplification_Term_splitClauses_0":["32"],
"unlabeledTemplateNumber_Mined_splitClauses_0":["231"],
"relationSymbolNumberAfterSimplification_Random_splitClauses_1":["40"],
"unlabeledTemplateNumber_PredictedCDHG_splitClauses_0":["231"],
"cegarIterationNumber_RelationalIneqs_splitClauses_1":["3"],
"minedBinaryVariableTemplatesNumber_Unlabeled_splitClauses_1":["6"],
"labeledTemplateNumber_PredictedCG_splitClauses_1":["7"],
"labeledTemplateRelationSymbolNumber_Mined_splitClauses_0":["3"],
"labeledBinaryVariableTemplatesNumber_Mined_splitClauses_1":["6"],
"relationSymbolNumberBeforeSimplification_Mined_splitClauses_0":["136"],
"relationSymbolNumberBeforeSimplification_RelationalIneqs_splitClauses_0":["136"],
"clauseNumberAfterSimplification_RelationalIneqs_splitClauses_1":["32"],
"minedSingleVariableTemplatesNumber_PredictedCDHG_splitClauses_0":["33"],
"solvability_Labeled_splitClauses_1":["1"],
"labeledSingleVariableTemplatesNumber_Octagon_splitClauses_1":["1"],
"averagePredicateSize_Random_splitClauses_0":["10800000"],
"smt2FileSizeByte_RelationalIneqs_splitClauses_0":["22102"],
"generatedPredicateNumber_Unlabeled_splitClauses_0":["10800000"],
"solvability_RelationalEqs_splitClauses_0":["10800000"],
"predicateGeneratorTime_Empty_splitClauses_1":["159"],
"minedSingleVariableTemplatesNumber_Mined_splitClauses_0":["33"],
"relationSymbolNumberAfterSimplification_Unlabeled_splitClauses_0":["40"],
"minedTemplateRelationSymbolNumber_PredictedCDHG_splitClauses_1":["7"],
"minedTemplateNumber_PredictedCG_splitClauses_0":["39"],
"averagePredicateSize_RelationalIneqs_splitClauses_1":["1"],
"labeledTemplateRelationSymbolNumber_Random_splitClauses_1":["3"],
"minedTemplateNumber_RelationalIneqs_splitClauses_0":["39"],
"predicateGeneratorTime_RelationalIneqs_splitClauses_0":["10800000"],
"labeledTemplateRelationSymbolNumber_Empty_splitClauses_0":["3"],
"minedBinaryVariableTemplatesNumber_Octagon_splitClauses_0":["6"],
"labeledSingleVariableTemplatesNumber_Term_splitClauses_1":["1"],
"labeledBinaryVariableTemplatesNumber_Empty_splitClauses_0":["6"],
"minedTemplateNumber_Octagon_splitClauses_0":["39"],
"labeledBinaryVariableTemplatesNumber_Unlabeled_splitClauses_0":["6"],
"relationSymbolNumberBeforeSimplification_Empty_splitClauses_0":["136"],
"clauseNumberAfterSimplification_PredictedCDHG_splitClauses_0":["32"],
"smt2FileSizeByte_PredictedCG_splitClauses_0":["22102"],
"minedBinaryVariableTemplatesNumber_RelationalEqs_splitClauses_0":["6"],
"relationSymbolNumberBeforeSimplification_Unlabeled_splitClauses_0":["136"],
"labeledTemplateRelationSymbolNumber_RelationalEqs_splitClauses_1":["3"],
"minedBinaryVariableTemplatesNumber_Random_splitClauses_1":["6"],
"clauseNumberAfterSimplification_Unlabeled_splitClauses_1":["32"],
"minedSingleVariableTemplatesNumber_PredictedCDHG_splitClauses_1":["33"],
"labeledBinaryVariableTemplatesNumber_Term_splitClauses_1":["6"],
"clauseNumberBeforeSimplification_Empty_splitClauses_1":["62"],
"relationSymbolNumberAfterSimplification_Octagon_splitClauses_1":["40"],
"relationSymbolNumberAfterSimplification_Term_splitClauses_0":["40"],
"minedBinaryVariableTemplatesNumber_Mined_splitClauses_1":["6"],
"unlabeledBinaryVariableTemplatesNumber_Unlabeled_splitClauses_1":["138"],
"relationSymbolNumberBeforeSimplification_Random_splitClauses_0":["136"],
"relationSymbolNumberAfterSimplification_PredictedCDHG_splitClauses_1":["40"],
"unlabeledTemplateNumber_PredictedCG_splitClauses_1":["231"],
"generatedPredicateNumber_Empty_splitClauses_0":["10800000"],
"predicateGeneratorTime_RelationalIneqs_splitClauses_1":["153"],
"unlabeledSingleVariableTemplatesNumber_Empty_splitClauses_0":["93"],
"cegarIterationNumber_Octagon_splitClauses_0":["10800000"],
"clauseNumberAfterSimplification_Octagon_splitClauses_1":["32"],
"unlabeledSingleVariableTemplatesNumber_Labeled_splitClauses_1":["93"],
"clauseNumberBeforeSimplification_Random_splitClauses_1":["62"],
"minedTemplateRelationSymbolNumber_All_splitClauses_0":["7"],
"unlabeledTemplateRelationSymbolNumber_RelationalEqs_splitClauses_0":["7"],
"minedSingleVariableTemplatesNumber_Unlabeled_splitClauses_1":["33"],
"clauseNumberBeforeSimplification_RelationalEqs_splitClauses_0":["62"],
"minedTemplateNumber_Unlabeled_splitClauses_0":["39"],
"generatedPredicateNumber_Octagon_splitClauses_0":["10800000"],
"predicateGeneratorTime_PredictedCDHG_splitClauses_0":["10800000"],
"clauseNumberAfterSimplification_PredictedCG_splitClauses_1":["32"],
"labeledSingleVariableTemplatesNumber_RelationalEqs_splitClauses_1":["1"],
"smt2FileSizeByte_Random_splitClauses_1":["22102"],
"averagePredicateSize_PredictedCG_splitClauses_1":["10800000"],
"cegarIterationNumber_PredictedCDHG_splitClauses_1":["10800000"],
"clauseNumberAfterSimplification_RelationalEqs_splitClauses_1":["32"],
"minedBinaryVariableTemplatesNumber_Empty_splitClauses_1":["6"],
"relationSymbolNumberAfterSimplification_RelationalEqs_splitClauses_1":["40"],
"minedTemplateNumber_PredictedCDHG_splitClauses_0":["39"],
"labeledBinaryVariableTemplatesNumber_All_splitClauses_1":["6"],
"solvingTime_RelationalIneqs_splitClauses_1":["207"],
"unlabeledTemplateRelationSymbolNumber_RelationalEqs_splitClauses_1":["7"],
"smt2FileSizeByte_Unlabeled_splitClauses_0":["22102"],
"relationSymbolNumberBeforeSimplification_Mined_splitClauses_1":["136"],
"relationSymbolNumberAfterSimplification_Mined_splitClauses_1":["40"],
"generatedPredicateNumber_All_splitClauses_0":["10800000"],
"relationSymbolNumberBeforeSimplification_Octagon_splitClauses_1":["136"],
"predicateGeneratorTime_Octagon_splitClauses_1":["162"],
"solvability_Mined_splitClauses_1":["1"],
"minedTemplateRelationSymbolNumber_Term_splitClauses_1":["7"],
"clauseNumberAfterSimplification_Mined_splitClauses_0":["32"],
"solvability_PredictedCDHG_splitClauses_0":["10800000"],
"solvingTime_Empty_splitClauses_0":["10800000"],
"unlabeledSingleVariableTemplatesNumber_Unlabeled_splitClauses_1":["93"],
"minedTemplateNumber_Term_splitClauses_1":["39"],
"averagePredicateSize_Octagon_splitClauses_1":["1"],
"unlabeledSingleVariableTemplatesNumber_Octagon_splitClauses_1":["93"],
"minedTemplateRelationSymbolNumber_RelationalEqs_splitClauses_1":["7"],
"relationSymbolNumberBeforeSimplification_All_splitClauses_1":["136"],
"minedBinaryVariableTemplatesNumber_RelationalIneqs_splitClauses_0":["6"],
"predicateGeneratorTime_Term_splitClauses_1":["158"],
"solvingTime_Labeled_splitClauses_0":["10800000"],
"unlabeledBinaryVariableTemplatesNumber_PredictedCG_splitClauses_0":["138"],
"minedTemplateNumber_All_splitClauses_0":["39"],
"predicateGeneratorTime_Labeled_splitClauses_1":["166"],
"unlabeledTemplateRelationSymbolNumber_Empty_splitClauses_0":["7"],
"unlabeledTemplateNumber_Mined_splitClauses_1":["231"],
"solvability_PredictedCG_splitClauses_1":["10800000"],
"unlabeledTemplateNumber_Term_splitClauses_0":["231"],
"minedBinaryVariableTemplatesNumber_PredictedCG_splitClauses_1":["6"],
"labeledSingleVariableTemplatesNumber_PredictedCDHG_splitClauses_0":["1"],
"minedBinaryVariableTemplatesNumber_All_splitClauses_0":["6"],
"averagePredicateSize_PredictedCDHG_splitClauses_1":["10800000"],
"predicateGeneratorTime_PredictedCG_splitClauses_0":["10800000"],
"generatedPredicateNumber_RelationalIneqs_splitClauses_0":["10800000"],
"labeledTemplateNumber_Empty_splitClauses_0":["7"],
"relationSymbolNumberAfterSimplification_RelationalIneqs_splitClauses_1":["40"],
"unlabeledTemplateRelationSymbolNumber_Term_splitClauses_0":["7"],
"minedTemplateNumber_All_splitClauses_1":["39"],
"labeledSingleVariableTemplatesNumber_Empty_splitClauses_1":["1"],
"minedBinaryVariableTemplatesNumber_Unlabeled_splitClauses_0":["6"],
"labeledTemplateNumber_Random_splitClauses_0":["7"],
"minedBinaryVariableTemplatesNumber_All_splitClauses_1":["6"],
"unlabeledSingleVariableTemplatesNumber_All_splitClauses_0":["93"],
"relationSymbolNumberBeforeSimplification_Labeled_splitClauses_1":["136"],
"smt2FileSizeByte_PredictedCDHG_splitClauses_1":["22102"],
"labeledBinaryVariableTemplatesNumber_PredictedCDHG_splitClauses_0":["6"],
"averagePredicateSize_RelationalEqs_splitClauses_1":["1"],
"minedSingleVariableTemplatesNumber_Term_splitClauses_0":["33"],
"labeledTemplateRelationSymbolNumber_Term_splitClauses_1":["3"],
"generatedPredicateNumber_Random_splitClauses_0":["10800000"],
"labeledBinaryVariableTemplatesNumber_Empty_splitClauses_1":["6"],
"relationSymbolNumberAfterSimplification_Term_splitClauses_1":["40"],
"clauseNumberAfterSimplification_Labeled_splitClauses_0":["32"],
"labeledSingleVariableTemplatesNumber_Labeled_splitClauses_0":["1"],
"minedTemplateNumber_Mined_splitClauses_1":["39"],
"labeledTemplateRelationSymbolNumber_Labeled_splitClauses_0":["3"],
"unlabeledTemplateRelationSymbolNumber_Mined_splitClauses_1":["7"],
"solvability_Labeled_splitClauses_0":["10800000"],
"minedTemplateNumber_RelationalEqs_splitClauses_1":["39"],
"solvingTime_Random_splitClauses_1":["267"],
"minedTemplateNumber_Random_splitClauses_0":["39"],
"cegarIterationNumber_Unlabeled_splitClauses_1":["3"],
"minedTemplateNumber_RelationalIneqs_splitClauses_1":["39"],
"unlabeledBinaryVariableTemplatesNumber_Octagon_splitClauses_1":["138"],
"minedSingleVariableTemplatesNumber_Octagon_splitClauses_1":["33"],
"minedSingleVariableTemplatesNumber_Random_splitClauses_1":["33"],
"averagePredicateSize_All_splitClauses_1":["10800000"],
"minedTemplateNumber_Empty_splitClauses_0":["39"],
"labeledTemplateNumber_Mined_splitClauses_0":["7"],
"unlabeledBinaryVariableTemplatesNumber_All_splitClauses_0":["138"],
"relationSymbolNumberAfterSimplification_Labeled_splitClauses_1":["40"],
"labeledSingleVariableTemplatesNumber_PredictedCDHG_splitClauses_1":["1"],
"minedSingleVariableTemplatesNumber_Mined_splitClauses_1":["33"],
"labeledTemplateRelationSymbolNumber_Term_splitClauses_0":["3"],
"unlabeledTemplateRelationSymbolNumber_Term_splitClauses_1":["7"],
"predicateGeneratorTime_All_splitClauses_1":["10800000"],
"unlabeledSingleVariableTemplatesNumber_Random_splitClauses_0":["93"],
"predicateGeneratorTime_Unlabeled_splitClauses_1":["159"],
"cegarIterationNumber_PredictedCDHG_splitClauses_0":["10800000"],
"labeledTemplateNumber_RelationalEqs_splitClauses_0":["7"],
"labeledTemplateRelationSymbolNumber_Mined_splitClauses_1":["3"],
"labeledTemplateRelationSymbolNumber_Random_splitClauses_0":["3"],
"labeledBinaryVariableTemplatesNumber_RelationalEqs_splitClauses_1":["6"],
"generatedPredicateNumber_RelationalIneqs_splitClauses_1":["6"],
"unlabeledTemplateRelationSymbolNumber_PredictedCG_splitClauses_1":["7"],
"unlabeledSingleVariableTemplatesNumber_RelationalEqs_splitClauses_0":["93"],
"labeledBinaryVariableTemplatesNumber_Labeled_splitClauses_0":["6"],
"minedBinaryVariableTemplatesNumber_PredictedCDHG_splitClauses_0":["6"],
"unlabeledTemplateRelationSymbolNumber_Unlabeled_splitClauses_0":["7"],
"clauseNumberAfterSimplification_Term_splitClauses_1":["32"],
"unlabeledTemplateNumber_Octagon_splitClauses_0":["231"],
"unlabeledBinaryVariableTemplatesNumber_RelationalEqs_splitClauses_1":["138"],
"unlabeledTemplateNumber_PredictedCG_splitClauses_0":["231"],
"unlabeledTemplateNumber_All_splitClauses_0":["231"],
"labeledTemplateRelationSymbolNumber_RelationalIneqs_splitClauses_1":["3"],
"unlabeledSingleVariableTemplatesNumber_Mined_splitClauses_1":["93"],
"labeledTemplateRelationSymbolNumber_Unlabeled_splitClauses_1":["3"],
"labeledBinaryVariableTemplatesNumber_Random_splitClauses_1":["6"],
"solvability_Random_splitClauses_1":["1"],
"solvingTime_Term_splitClauses_0":["10800000"],
"minedSingleVariableTemplatesNumber_Labeled_splitClauses_1":["33"],
"clauseNumberBeforeSimplification_Term_splitClauses_0":["62"],
"relationSymbolNumberBeforeSimplification_RelationalIneqs_splitClauses_1":["136"],
"minedTemplateRelationSymbolNumber_Mined_splitClauses_0":["7"],
"solvability_Octagon_splitClauses_1":["1"],
"minedSingleVariableTemplatesNumber_RelationalIneqs_splitClauses_1":["33"],
"smt2FileSizeByte_Labeled_splitClauses_0":["22102"],
"solvability_RelationalEqs_splitClauses_1":["1"],
"unlabeledSingleVariableTemplatesNumber_Empty_splitClauses_1":["93"],
"labeledTemplateNumber_PredictedCDHG_splitClauses_1":["7"],
"minedTemplateRelationSymbolNumber_Octagon_splitClauses_0":["7"],
"clauseNumberAfterSimplification_Unlabeled_splitClauses_0":["32"],
"clauseNumberBeforeSimplification_Unlabeled_splitClauses_0":["62"],
"clauseNumberBeforeSimplification_PredictedCDHG_splitClauses_0":["62"],
"cegarIterationNumber_RelationalIneqs_splitClauses_0":["10800000"],
"labeledTemplateRelationSymbolNumber_RelationalEqs_splitClauses_0":["3"],
"averagePredicateSize_Labeled_splitClauses_0":["10800000"],
"smt2FileSizeByte_RelationalIneqs_splitClauses_1":["22102"],
"clauseNumberBeforeSimplification_RelationalEqs_splitClauses_1":["62"],
"unlabeledTemplateRelationSymbolNumber_RelationalIneqs_splitClauses_1":["7"],
"clauseNumberBeforeSimplification_PredictedCG_splitClauses_0":["62"],
"solvingTime_PredictedCDHG_splitClauses_0":["10800000"],
"labeledTemplateRelationSymbolNumber_Octagon_splitClauses_1":["3"],
"minedTemplateRelationSymbolNumber_PredictedCG_splitClauses_1":["7"],
"relationSymbolNumberBeforeSimplification_RelationalEqs_splitClauses_1":["136"],
"labeledTemplateNumber_Random_splitClauses_1":["7"],
"solvingTime_RelationalIneqs_splitClauses_0":["10800000"],
"labeledTemplateNumber_All_splitClauses_1":["7"],
"unlabeledTemplateNumber_Random_splitClauses_1":["231"],
"relationSymbolNumberBeforeSimplification_All_splitClauses_0":["136"],
"smt2FileSizeByte_Unlabeled_splitClauses_1":["22102"],
"cegarIterationNumber_PredictedCG_splitClauses_0":["10800000"],
"predicateGeneratorTime_Octagon_splitClauses_0":["10800000"],
"unlabeledTemplateNumber_RelationalEqs_splitClauses_1":["231"],
"clauseNumberAfterSimplification_Octagon_splitClauses_0":["32"],
"cegarIterationNumber_Random_splitClauses_0":["10800000"],
"solvability_PredictedCDHG_splitClauses_1":["10800000"],
"solvability_PredictedCG_splitClauses_0":["10800000"],
"solvingTime_PredictedCG_splitClauses_1":["10800000"],
"unlabeledSingleVariableTemplatesNumber_Unlabeled_splitClauses_0":["93"],
"unlabeledTemplateNumber_Unlabeled_splitClauses_0":["231"],
"labeledTemplateRelationSymbolNumber_RelationalIneqs_splitClauses_0":["3"],
"minedTemplateNumber_Random_splitClauses_1":["39"],
"generatedPredicateNumber_RelationalEqs_splitClauses_0":["10800000"],
"minedTemplateNumber_Term_splitClauses_0":["39"],
"solvingTime_All_splitClauses_1":["10800000"],
"minedSingleVariableTemplatesNumber_PredictedCG_splitClauses_0":["33"],
"smt2FileSizeByte_Term_splitClauses_1":["22102"],
"labeledBinaryVariableTemplatesNumber_All_splitClauses_0":["6"],
"minedTemplateNumber_PredictedCDHG_splitClauses_1":["39"],
"minedTemplateRelationSymbolNumber_PredictedCDHG_splitClauses_0":["7"],
"averagePredicateSize_Unlabeled_splitClauses_0":["10800000"],
"minedBinaryVariableTemplatesNumber_Octagon_splitClauses_1":["6"],
"unlabeledSingleVariableTemplatesNumber_Random_splitClauses_1":["93"],
"clauseNumberBeforeSimplification_Random_splitClauses_0":["62"],
"solvingTime_Unlabeled_splitClauses_1":["219"],
"predicateGeneratorTime_PredictedCDHG_splitClauses_1":["10800000"],
"averagePredicateSize_PredictedCDHG_splitClauses_0":["10800000"],
"relationSymbolNumberAfterSimplification_RelationalEqs_splitClauses_0":["40"],
"minedBinaryVariableTemplatesNumber_Term_splitClauses_0":["6"],
"labeledTemplateNumber_RelationalIneqs_splitClauses_0":["7"],
"clauseNumberAfterSimplification_Random_splitClauses_0":["32"],
"clauseNumberAfterSimplification_PredictedCG_splitClauses_0":["32"],
"generatedPredicateNumber_Empty_splitClauses_1":["6"],
"clauseNumberBeforeSimplification_Octagon_splitClauses_0":["62"],
"unlabeledTemplateNumber_Empty_splitClauses_0":["231"],
"minedSingleVariableTemplatesNumber_All_splitClauses_0":["33"],
"labeledTemplateRelationSymbolNumber_Octagon_splitClauses_0":["3"],
"generatedPredicateNumber_Random_splitClauses_1":["6"],
"clauseNumberAfterSimplification_RelationalEqs_splitClauses_0":["32"],
"labeledBinaryVariableTemplatesNumber_Term_splitClauses_0":["6"],
"minedSingleVariableTemplatesNumber_RelationalEqs_splitClauses_0":["33"],
"minedTemplateNumber_Mined_splitClauses_0":["39"],
"relationSymbolNumberBeforeSimplification_PredictedCG_splitClauses_0":["136"],
"averagePredicateSize_Octagon_splitClauses_0":["10800000"],
"unlabeledBinaryVariableTemplatesNumber_Empty_splitClauses_1":["138"],
"unlabeledSingleVariableTemplatesNumber_PredictedCDHG_splitClauses_0":["93"],
"unlabeledSingleVariableTemplatesNumber_PredictedCG_splitClauses_1":["93"],
"labeledTemplateRelationSymbolNumber_Labeled_splitClauses_1":["3"],
"minedTemplateRelationSymbolNumber_Random_splitClauses_0":["7"],
"unlabeledTemplateRelationSymbolNumber_PredictedCG_splitClauses_0":["7"],
"unlabeledTemplateNumber_RelationalIneqs_splitClauses_0":["231"],
"unlabeledSingleVariableTemplatesNumber_Labeled_splitClauses_0":["93"],
"relationSymbolNumberAfterSimplification_PredictedCG_splitClauses_0":["40"],
"minedTemplateNumber_Unlabeled_splitClauses_1":["39"],
"generatedPredicateNumber_PredictedCG_splitClauses_0":["10800000"],
"labeledTemplateNumber_Unlabeled_splitClauses_1":["7"],
"unlabeledTemplateRelationSymbolNumber_Empty_splitClauses_1":["7"],
"clauseNumberBeforeSimplification_Empty_splitClauses_0":["62"],
"solvingTime_Octagon_splitClauses_1":["220"],
"cegarIterationNumber_Mined_splitClauses_1":["3"],
"clauseNumberBeforeSimplification_Mined_splitClauses_1":["62"],
"smt2FileSizeByte_PredictedCDHG_splitClauses_0":["22102"],
"averagePredicateSize_PredictedCG_splitClauses_0":["10800000"],
"solvingTime_Random_splitClauses_0":["10800000"],
"minedTemplateNumber_RelationalEqs_splitClauses_0":["39"],
"unlabeledSingleVariableTemplatesNumber_RelationalIneqs_splitClauses_0":["93"],
"unlabeledTemplateNumber_Unlabeled_splitClauses_1":["231"],
"labeledBinaryVariableTemplatesNumber_RelationalEqs_splitClauses_0":["6"],
"generatedPredicateNumber_PredictedCDHG_splitClauses_0":["10800000"],
"relationSymbolNumberAfterSimplification_RelationalIneqs_splitClauses_0":["40"],
"minedTemplateRelationSymbolNumber_Empty_splitClauses_1":["7"],
"predicateGeneratorTime_Random_splitClauses_1":["199"],
"labeledTemplateNumber_Term_splitClauses_1":["7"],
"relationSymbolNumberBeforeSimplification_RelationalEqs_splitClauses_0":["136"],
"minedSingleVariableTemplatesNumber_Empty_splitClauses_1":["33"],
"minedSingleVariableTemplatesNumber_RelationalIneqs_splitClauses_0":["33"],
"clauseNumberAfterSimplification_All_splitClauses_0":["32"],
"unlabeledBinaryVariableTemplatesNumber_RelationalEqs_splitClauses_0":["138"],
"cegarIterationNumber_RelationalEqs_splitClauses_0":["10800000"],
"labeledTemplateRelationSymbolNumber_PredictedCDHG_splitClauses_0":["3"],
"labeledSingleVariableTemplatesNumber_Labeled_splitClauses_1":["1"],
"unlabeledBinaryVariableTemplatesNumber_All_splitClauses_1":["138"],
"minedTemplateRelationSymbolNumber_Unlabeled_splitClauses_1":["7"],
"solvingTime_RelationalEqs_splitClauses_0":["10800000"],
"solvingTime_RelationalEqs_splitClauses_1":["202"],
"minedBinaryVariableTemplatesNumber_Mined_splitClauses_0":["6"],
"clauseNumberBeforeSimplification_All_splitClauses_0":["62"],
"clauseNumberBeforeSimplification_RelationalIneqs_splitClauses_1":["62"],
"labeledTemplateNumber_RelationalEqs_splitClauses_1":["7"],
"labeledBinaryVariableTemplatesNumber_RelationalIneqs_splitClauses_0":["6"],
"relationSymbolNumberBeforeSimplification_Labeled_splitClauses_0":["136"],
"clauseNumberAfterSimplification_Empty_splitClauses_0":["32"],
"averagePredicateSize_Empty_splitClauses_0":["10800000"],
"unlabeledTemplateNumber_Term_splitClauses_1":["231"],
"predicateGeneratorTime_Mined_splitClauses_1":["157"],
"labeledBinaryVariableTemplatesNumber_RelationalIneqs_splitClauses_1":["6"],
"predicateGeneratorTime_Unlabeled_splitClauses_0":["10800000"],
"relationSymbolNumberAfterSimplification_Empty_splitClauses_0":["40"],
"generatedPredicateNumber_Mined_splitClauses_0":["10800000"],
"generatedPredicateNumber_RelationalEqs_splitClauses_1":["6"],
"labeledTemplateRelationSymbolNumber_PredictedCG_splitClauses_0":["3"],
"minedSingleVariableTemplatesNumber_PredictedCG_splitClauses_1":["33"],
"minedTemplateRelationSymbolNumber_PredictedCG_splitClauses_0":["7"],
"unlabeledTemplateRelationSymbolNumber_Labeled_splitClauses_0":["7"],
"solvability_Empty_splitClauses_1":["1"],
"averagePredicateSize_Term_splitClauses_0":["10800000"],
"cegarIterationNumber_Random_splitClauses_1":["3"],
"averagePredicateSize_Labeled_splitClauses_1":["1"],
"unlabeledBinaryVariableTemplatesNumber_Unlabeled_splitClauses_0":["138"],
"generatedPredicateNumber_Unlabeled_splitClauses_1":["6"],
"predicateGeneratorTime_All_splitClauses_0":["10800000"],
"unlabeledBinaryVariableTemplatesNumber_PredictedCDHG_splitClauses_1":["138"],
"clauseNumberBeforeSimplification_Labeled_splitClauses_1":["62"],
"minedBinaryVariableTemplatesNumber_Labeled_splitClauses_1":["6"],
"labeledSingleVariableTemplatesNumber_All_splitClauses_0":["1"],
"unlabeledTemplateRelationSymbolNumber_Mined_splitClauses_0":["7"],
"cegarIterationNumber_Octagon_splitClauses_1":["3"],
"labeledTemplateNumber_Octagon_splitClauses_0":["7"],
"labeledTemplateRelationSymbolNumber_All_splitClauses_1":["3"],
"smt2FileSizeByte_Empty_splitClauses_0":["22102"],
"unlabeledTemplateNumber_Octagon_splitClauses_1":["231"],
"predicateGeneratorTime_RelationalEqs_splitClauses_0":["10800000"],
"unlabeledTemplateRelationSymbolNumber_RelationalIneqs_splitClauses_0":["7"],
"smt2FileSizeByte_RelationalEqs_splitClauses_1":["22102"],
"unlabeledTemplateNumber_Labeled_splitClauses_0":["231"],
"minedSingleVariableTemplatesNumber_Labeled_splitClauses_0":["33"],
"solvingTime_PredictedCDHG_splitClauses_1":["10800000"],
"relationSymbolNumberBeforeSimplification_Term_splitClauses_1":["136"],
"minedTemplateNumber_Octagon_splitClauses_1":["39"],
"clauseNumberBeforeSimplification_Mined_splitClauses_0":["62"],
"smt2FileSizeByte_All_splitClauses_0":["22102"],
"solvingTime_All_splitClauses_0":["10800000"],
"minedBinaryVariableTemplatesNumber_Term_splitClauses_1":["6"],
"unlabeledTemplateRelationSymbolNumber_Random_splitClauses_0":["7"],
"cegarIterationNumber_All_splitClauses_0":["10800000"],
"smt2FileSizeByte_RelationalEqs_splitClauses_0":["22102"],
"unlabeledSingleVariableTemplatesNumber_PredictedCDHG_splitClauses_1":["93"],
"clauseNumberBeforeSimplification_Labeled_splitClauses_0":["62"],
"cegarIterationNumber_PredictedCG_splitClauses_1":["10800000"],
"labeledTemplateRelationSymbolNumber_Unlabeled_splitClauses_0":["3"],
"unlabeledTemplateRelationSymbolNumber_Octagon_splitClauses_1":["7"],
"unlabeledTemplateNumber_Empty_splitClauses_1":["231"],
"clauseNumberBeforeSimplification_Octagon_splitClauses_1":["62"],
"labeledTemplateNumber_Unlabeled_splitClauses_0":["7"],
"labeledBinaryVariableTemplatesNumber_PredictedCG_splitClauses_0":["6"],
"solvability_Term_splitClauses_1":["1"],
"solvability_Octagon_splitClauses_0":["10800000"],
"minedTemplateRelationSymbolNumber_RelationalIneqs_splitClauses_0":["7"],
"clauseNumberBeforeSimplification_RelationalIneqs_splitClauses_0":["62"],
"labeledTemplateNumber_PredictedCG_splitClauses_0":["7"],
"cegarIterationNumber_Labeled_splitClauses_0":["10800000"],
"smt2FileSizeByte_Labeled_splitClauses_1":["22102"],
"clauseNumberBeforeSimplification_Unlabeled_splitClauses_1":["62"],
"generatedPredicateNumber_Term_splitClauses_1":["6"],
"solvingTime_Term_splitClauses_1":["215"],
"unlabeledBinaryVariableTemplatesNumber_Random_splitClauses_1":["138"],
"unlabeledSingleVariableTemplatesNumber_Octagon_splitClauses_0":["93"],
"solvingTime_Octagon_splitClauses_0":["10800000"],
"labeledSingleVariableTemplatesNumber_Mined_splitClauses_1":["1"],
"averagePredicateSize_Term_splitClauses_1":["1"],
"labeledTemplateNumber_Labeled_splitClauses_0":["7"],
"unlabeledSingleVariableTemplatesNumber_PredictedCG_splitClauses_0":["93"],
"smt2FileSizeByte_Mined_splitClauses_1":["22102"],
"labeledBinaryVariableTemplatesNumber_Unlabeled_splitClauses_1":["6"],
"labeledTemplateNumber_All_splitClauses_0":["7"],
"unlabeledTemplateNumber_Random_splitClauses_0":["231"],
"labeledTemplateNumber_Octagon_splitClauses_1":["7"],
"unlabeledTemplateNumber_PredictedCDHG_splitClauses_1":["231"],
"unlabeledBinaryVariableTemplatesNumber_Mined_splitClauses_0":["138"],
"minedTemplateRelationSymbolNumber_Mined_splitClauses_1":["7"],
"labeledTemplateNumber_RelationalIneqs_splitClauses_1":["7"],
"relationSymbolNumberAfterSimplification_All_splitClauses_0":["40"],
"relationSymbolNumberBeforeSimplification_PredictedCDHG_splitClauses_0":["136"],
"solvability_Term_splitClauses_0":["10800000"],
"clauseNumberBeforeSimplification_PredictedCG_splitClauses_1":["62"],
"generatedPredicateNumber_Labeled_splitClauses_1":["6"],
"labeledSingleVariableTemplatesNumber_Unlabeled_splitClauses_0":["1"],
"unlabeledBinaryVariableTemplatesNumber_Empty_splitClauses_0":["138"],
"solvingTime_Mined_splitClauses_0":["10800000"],
"unlabeledTemplateNumber_All_splitClauses_1":["231"],
"clauseNumberAfterSimplification_Random_splitClauses_1":["32"],
"labeledBinaryVariableTemplatesNumber_Octagon_splitClauses_1":["6"],
"unlabeledBinaryVariableTemplatesNumber_Labeled_splitClauses_0":["138"],
"smt2FileSizeByte_Octagon_splitClauses_0":["22102"],
"labeledSingleVariableTemplatesNumber_Random_splitClauses_1":["1"],
"solvability_Unlabeled_splitClauses_0":["10800000"],
"solvingTime_Unlabeled_splitClauses_0":["10800000"],
"unlabeledTemplateRelationSymbolNumber_All_splitClauses_1":["7"],
"minedTemplateNumber_Empty_splitClauses_1":["39"],
"solvability_RelationalIneqs_splitClauses_0":["10800000"],
"unlabeledTemplateRelationSymbolNumber_Labeled_splitClauses_1":["7"],
"cegarIterationNumber_RelationalEqs_splitClauses_1":["3"],
"minedSingleVariableTemplatesNumber_RelationalEqs_splitClauses_1":["33"],
"clauseNumberAfterSimplification_PredictedCDHG_splitClauses_1":["32"],
"minedBinaryVariableTemplatesNumber_RelationalIneqs_splitClauses_1":["6"],
"unlabeledBinaryVariableTemplatesNumber_Mined_splitClauses_1":["138"],
"unlabeledBinaryVariableTemplatesNumber_PredictedCDHG_splitClauses_0":["138"],
"solvingTime_Empty_splitClauses_1":["217"],
"labeledTemplateRelationSymbolNumber_Empty_splitClauses_1":["3"],
"generatedPredicateNumber_Term_splitClauses_0":["10800000"],
"averagePredicateSize_Empty_splitClauses_1":["1"],
"generatedPredicateNumber_PredictedCG_splitClauses_1":["10800000"],
"labeledTemplateRelationSymbolNumber_PredictedCDHG_splitClauses_1":["3"],
"predicateGeneratorTime_Mined_splitClauses_0":["10800000"],
"relationSymbolNumberBeforeSimplification_Term_splitClauses_0":["136"],
"predicateGeneratorTime_Labeled_splitClauses_0":["10800000"],
"labeledSingleVariableTemplatesNumber_Random_splitClauses_0":["1"],
"unlabeledTemplateRelationSymbolNumber_All_splitClauses_0":["7"],
"minedBinaryVariableTemplatesNumber_Labeled_splitClauses_0":["6"],
"generatedPredicateNumber_Labeled_splitClauses_0":["10800000"],
"relationSymbolNumberAfterSimplification_Empty_splitClauses_1":["40"],
"solvingTime_Mined_splitClauses_1":["213"],
"minedSingleVariableTemplatesNumber_All_splitClauses_1":["33"],
"predicateGeneratorTime_Random_splitClauses_0":["10800000"],
"cegarIterationNumber_Term_splitClauses_1":["3"],
"labeledTemplateNumber_Empty_splitClauses_1":["7"],
"clauseNumberAfterSimplification_Empty_splitClauses_1":["32"],
"minedTemplateRelationSymbolNumber_Empty_splitClauses_0":["7"],
"unlabeledSingleVariableTemplatesNumber_Term_splitClauses_0":["93"],
"minedSingleVariableTemplatesNumber_Empty_splitClauses_0":["33"],
"relationSymbolNumberAfterSimplification_Random_splitClauses_0":["40"],
"minedTemplateRelationSymbolNumber_RelationalEqs_splitClauses_0":["7"],
"cegarIterationNumber_Empty_splitClauses_0":["10800000"],
"minedBinaryVariableTemplatesNumber_RelationalEqs_splitClauses_1":["6"],
"relationSymbolNumberBeforeSimplification_PredictedCG_splitClauses_1":["136"],
"labeledSingleVariableTemplatesNumber_All_splitClauses_1":["1"],
"unlabeledTemplateRelationSymbolNumber_Octagon_splitClauses_0":["7"],
"minedTemplateRelationSymbolNumber_Unlabeled_splitClauses_0":["7"],
"labeledBinaryVariableTemplatesNumber_Mined_splitClauses_0":["6"],
"relationSymbolNumberAfterSimplification_Unlabeled_splitClauses_1":["40"],
"minedTemplateNumber_PredictedCG_splitClauses_1":["39"],
"cegarIterationNumber_Empty_splitClauses_1":["3"],
"averagePredicateSize_RelationalIneqs_splitClauses_0":["10800000"],
"solvability_All_splitClauses_1":["10800000"],
"unlabeledBinaryVariableTemplatesNumber_Term_splitClauses_1":["138"],
"minedTemplateRelationSymbolNumber_Labeled_splitClauses_1":["7"],
"averagePredicateSize_Unlabeled_splitClauses_1":["1"],
"labeledTemplateNumber_Term_splitClauses_0":["7"],
"smt2FileSizeByte_Empty_splitClauses_1":["22102"],
"solvingTime_PredictedCG_splitClauses_0":["10800000"],
"cegarIterationNumber_All_splitClauses_1":["10800000"],
"clauseNumberBeforeSimplification_Term_splitClauses_1":["62"],
"predicateGeneratorTime_Empty_splitClauses_0":["10800000"],
"relationSymbolNumberBeforeSimplification_Empty_splitClauses_1":["136"],
"averagePredicateSize_All_splitClauses_0":["10800000"],
"unlabeledBinaryVariableTemplatesNumber_Random_splitClauses_0":["138"],
"smt2FileSizeByte_Term_splitClauses_0":["22102"],
"averagePredicateSize_Mined_splitClauses_1":["1"],
"minedBinaryVariableTemplatesNumber_Empty_splitClauses_0":["6"],
"minedTemplateRelationSymbolNumber_All_splitClauses_1":["7"],
"labeledSingleVariableTemplatesNumber_PredictedCG_splitClauses_0":["1"],
"unlabeledBinaryVariableTemplatesNumber_RelationalIneqs_splitClauses_0":["138"],
"unlabeledSingleVariableTemplatesNumber_RelationalIneqs_splitClauses_1":["93"],
"clauseNumberAfterSimplification_RelationalIneqs_splitClauses_0":["32"],
"unlabeledTemplateNumber_RelationalEqs_splitClauses_0":["231"],
"unlabeledTemplateNumber_RelationalIneqs_splitClauses_1":["231"],
"labeledTemplateRelationSymbolNumber_PredictedCG_splitClauses_1":["3"],
"labeledTemplateRelationSymbolNumber_All_splitClauses_0":["3"],
"labeledSingleVariableTemplatesNumber_Octagon_splitClauses_0":["1"],
"dummyFiled":[]
}