{
"cegarIterationNumber_Term_splitClauses_0":[2],
"cegarIterationNumber_RelationalIneqs_splitClauses_1":[2],
"cegarIterationNumber_Octagon_splitClauses_0":[2],
"solvingTime_RelationalIneqs_splitClauses_1":[166],
"solvingTime_Term_splitClauses_0":[133],
"cegarIterationNumber_RelationalIneqs_splitClauses_0":[2],
"solvingTime_RelationalIneqs_splitClauses_0":[140],
"solvingTime_Octagon_splitClauses_1":[131],
"cegarIterationNumber_RelationalEqs_splitClauses_0":[2],
"solvingTime_RelationalEqs_splitClauses_0":[145],
"solvingTime_RelationalEqs_splitClauses_1":[152],
"cegarIterationNumber_Octagon_splitClauses_1":[2],
"solvingTime_Term_splitClauses_1":[124],
"solvingTime_Octagon_splitClauses_0":[199],
"cegarIterationNumber_RelationalEqs_splitClauses_1":[2],
"cegarIterationNumber_Term_splitClauses_1":[2],
"dummyFiled":[]
}