{
"cegarIterationNumber_Term_splitClauses_0":[10800000],
"cegarIterationNumber_RelationalIneqs_splitClauses_1":[117],
"cegarIterationNumber_Octagon_splitClauses_0":[10800000],
"solvingTime_RelationalIneqs_splitClauses_1":[5911],
"solvingTime_Term_splitClauses_0":[10800000],
"cegarIterationNumber_RelationalIneqs_splitClauses_0":[10800000],
"solvingTime_RelationalIneqs_splitClauses_0":[10800000],
"solvingTime_Octagon_splitClauses_1":[5141],
"cegarIterationNumber_RelationalEqs_splitClauses_0":[10800000],
"solvingTime_RelationalEqs_splitClauses_0":[10800000],
"solvingTime_RelationalEqs_splitClauses_1":[5333],
"cegarIterationNumber_Octagon_splitClauses_1":[117],
"solvingTime_Term_splitClauses_1":[5292],
"solvingTime_Octagon_splitClauses_0":[10800000],
"cegarIterationNumber_RelationalEqs_splitClauses_1":[117],
"cegarIterationNumber_Term_splitClauses_1":[117],
"dummyFiled":[]
}