{
"cegarIterationNumber_Term_splitClauses_0":[8],
"cegarIterationNumber_RelationalIneqs_splitClauses_1":[10],
"cegarIterationNumber_Octagon_splitClauses_0":[8],
"solvingTime_RelationalIneqs_splitClauses_1":[917],
"solvingTime_Term_splitClauses_0":[807],
"cegarIterationNumber_RelationalIneqs_splitClauses_0":[8],
"solvingTime_RelationalIneqs_splitClauses_0":[998],
"solvingTime_Octagon_splitClauses_1":[815],
"cegarIterationNumber_RelationalEqs_splitClauses_0":[8],
"solvingTime_RelationalEqs_splitClauses_0":[705],
"solvingTime_RelationalEqs_splitClauses_1":[953],
"cegarIterationNumber_Octagon_splitClauses_1":[10],
"solvingTime_Term_splitClauses_1":[751],
"solvingTime_Octagon_splitClauses_0":[720],
"cegarIterationNumber_RelationalEqs_splitClauses_1":[10],
"cegarIterationNumber_Term_splitClauses_1":[10],
"dummyFiled":[]
}