{
"cegarIterationNumber_Term_splitClauses_0":[3],
"cegarIterationNumber_RelationalIneqs_splitClauses_1":[5],
"cegarIterationNumber_Octagon_splitClauses_0":[3],
"solvingTime_RelationalIneqs_splitClauses_1":[633],
"solvingTime_Term_splitClauses_0":[370],
"cegarIterationNumber_RelationalIneqs_splitClauses_0":[3],
"solvingTime_RelationalIneqs_splitClauses_0":[459],
"solvingTime_Octagon_splitClauses_1":[738],
"cegarIterationNumber_RelationalEqs_splitClauses_0":[3],
"solvingTime_RelationalEqs_splitClauses_0":[347],
"solvingTime_RelationalEqs_splitClauses_1":[482],
"cegarIterationNumber_Octagon_splitClauses_1":[5],
"solvingTime_Term_splitClauses_1":[513],
"solvingTime_Octagon_splitClauses_0":[344],
"cegarIterationNumber_RelationalEqs_splitClauses_1":[5],
"cegarIterationNumber_Term_splitClauses_1":[5],
"dummyFiled":[]
}