{
"cegarIterationNumber_Term_splitClauses_0":[10800000],
"cegarIterationNumber_RelationalIneqs_splitClauses_1":[0],
"cegarIterationNumber_Octagon_splitClauses_0":[10800000],
"solvingTime_RelationalIneqs_splitClauses_1":[68],
"solvingTime_Term_splitClauses_0":[10800000],
"cegarIterationNumber_RelationalIneqs_splitClauses_0":[10800000],
"solvingTime_RelationalIneqs_splitClauses_0":[10800000],
"solvingTime_Octagon_splitClauses_1":[41],
"cegarIterationNumber_RelationalEqs_splitClauses_0":[10800000],
"solvingTime_RelationalEqs_splitClauses_0":[10800000],
"solvingTime_RelationalEqs_splitClauses_1":[49],
"cegarIterationNumber_Octagon_splitClauses_1":[0],
"solvingTime_Term_splitClauses_1":[66],
"solvingTime_Octagon_splitClauses_0":[10800000],
"cegarIterationNumber_RelationalEqs_splitClauses_1":[0],
"cegarIterationNumber_Term_splitClauses_1":[0],
"dummyFiled":[]
}