{
"cegarIterationNumber_Term_splitClauses_0":[8],
"cegarIterationNumber_RelationalIneqs_splitClauses_1":[10],
"cegarIterationNumber_Octagon_splitClauses_0":[8],
"solvingTime_RelationalIneqs_splitClauses_1":[562],
"solvingTime_Term_splitClauses_0":[607],
"cegarIterationNumber_RelationalIneqs_splitClauses_0":[8],
"solvingTime_RelationalIneqs_splitClauses_0":[480],
"solvingTime_Octagon_splitClauses_1":[678],
"cegarIterationNumber_RelationalEqs_splitClauses_0":[8],
"solvingTime_RelationalEqs_splitClauses_0":[761],
"solvingTime_RelationalEqs_splitClauses_1":[617],
"cegarIterationNumber_Octagon_splitClauses_1":[10],
"solvingTime_Term_splitClauses_1":[573],
"solvingTime_Octagon_splitClauses_0":[656],
"cegarIterationNumber_RelationalEqs_splitClauses_1":[10],
"cegarIterationNumber_Term_splitClauses_1":[10],
"dummyFiled":[]
}