{
"smt2FileSizeByte_All_splitClauses_1":["62565"],
"generatedPredicateNumber_All_splitClauses_1":["10800000"],
"unlabeledTemplateRelationSymbolNumber_PredictedCDHG_splitClauses_0":["18"],
"predicateGeneratorTime_Term_splitClauses_0":["10800000"],
"averagePredicateSize_Random_splitClauses_1":["10800000"],
"labeledBinaryVariableTemplatesNumber_Labeled_splitClauses_1":["16"],
"clauseNumberBeforeSimplification_All_splitClauses_1":["116"],
"minedTemplateRelationSymbolNumber_Term_splitClauses_0":["18"],
"solvingTime_Labeled_splitClauses_1":["10800000"],
"unlabeledTemplateNumber_Labeled_splitClauses_1":["1192"],
"relationSymbolNumber_Term_splitClauses_1":["97"],
"minedTemplateRelationSymbolNumber_Octagon_splitClauses_1":["18"],
"clauseNumberAfterSimplification_Mined_splitClauses_1":["65"],
"unlabeledBinaryVariableTemplatesNumber_Term_splitClauses_0":["750"],
"labeledTemplateNumber_PredictedCDHG_splitClauses_0":["18"],
"relationSymbolNumber_RelationalEqs_splitClauses_1":["97"],
"solvability_Empty_splitClauses_0":["10800000"],
"unlabeledTemplateRelationSymbolNumber_Random_splitClauses_1":["18"],
"labeledBinaryVariableTemplatesNumber_Octagon_splitClauses_0":["16"],
"minedTemplateRelationSymbolNumber_Random_splitClauses_1":["18"],
"unlabeledSingleVariableTemplatesNumber_Mined_splitClauses_0":["442"],
"unlabeledBinaryVariableTemplatesNumber_PredictedCG_splitClauses_1":["750"],
"solvability_All_splitClauses_0":["10800000"],
"predicateGeneratorTime_RelationalEqs_splitClauses_1":["10800000"],
"smt2FileSizeByte_PredictedCG_splitClauses_1":["62565"],
"labeledSingleVariableTemplatesNumber_Unlabeled_splitClauses_1":["2"],
"labeledBinaryVariableTemplatesNumber_PredictedCG_splitClauses_1":["16"],
"minedBinaryVariableTemplatesNumber_PredictedCG_splitClauses_0":["16"],
"solvability_Random_splitClauses_0":["10800000"],
"clauseNumberBeforeSimplification_PredictedCDHG_splitClauses_1":["116"],
"labeledSingleVariableTemplatesNumber_Mined_splitClauses_0":["2"],
"solvability_Unlabeled_splitClauses_1":["10800000"],
"cegarIterationNumber_Labeled_splitClauses_1":["10800000"],
"smt2FileSizeByte_Mined_splitClauses_0":["62565"],
"labeledSingleVariableTemplatesNumber_PredictedCG_splitClauses_1":["2"],
"smt2FileSizeByte_Octagon_splitClauses_1":["62565"],
"minedTemplateNumber_Labeled_splitClauses_1":["172"],
"labeledSingleVariableTemplatesNumber_RelationalIneqs_splitClauses_1":["2"],
"clauseNumberAfterSimplification_Labeled_splitClauses_1":["65"],
"smt2FileSizeByte_Random_splitClauses_0":["62565"],
"unlabeledTemplateRelationSymbolNumber_PredictedCDHG_splitClauses_1":["18"],
"labeledSingleVariableTemplatesNumber_Term_splitClauses_0":["2"],
"generatedPredicateNumber_PredictedCDHG_splitClauses_1":["10800000"],
"minedSingleVariableTemplatesNumber_Unlabeled_splitClauses_0":["156"],
"generatedPredicateNumber_Octagon_splitClauses_1":["10800000"],
"labeledSingleVariableTemplatesNumber_RelationalEqs_splitClauses_0":["2"],
"predicateGeneratorTime_PredictedCG_splitClauses_1":["10800000"],
"labeledTemplateNumber_Labeled_splitClauses_1":["18"],
"labeledSingleVariableTemplatesNumber_Empty_splitClauses_0":["2"],
"minedTemplateRelationSymbolNumber_RelationalIneqs_splitClauses_1":["18"],
"unlabeledSingleVariableTemplatesNumber_All_splitClauses_1":["442"],
"labeledBinaryVariableTemplatesNumber_PredictedCDHG_splitClauses_1":["16"],
"unlabeledSingleVariableTemplatesNumber_RelationalEqs_splitClauses_1":["442"],
"cegarIterationNumber_Term_splitClauses_0":["10800000"],
"unlabeledBinaryVariableTemplatesNumber_Labeled_splitClauses_1":["750"],
"unlabeledSingleVariableTemplatesNumber_Term_splitClauses_1":["442"],
"clauseNumberAfterSimplification_All_splitClauses_1":["65"],
"minedSingleVariableTemplatesNumber_Random_splitClauses_0":["156"],
"solvability_RelationalIneqs_splitClauses_1":["10800000"],
"minedTemplateNumber_Labeled_splitClauses_0":["172"],
"minedSingleVariableTemplatesNumber_Octagon_splitClauses_0":["156"],
"minedSingleVariableTemplatesNumber_Term_splitClauses_1":["156"],
"minedBinaryVariableTemplatesNumber_PredictedCDHG_splitClauses_1":["16"],
"generatedPredicateNumber_Mined_splitClauses_1":["13"],
"relationSymbolNumber_Octagon_splitClauses_1":["97"],
"relationSymbolNumber_Unlabeled_splitClauses_1":["97"],
"labeledSingleVariableTemplatesNumber_RelationalIneqs_splitClauses_0":["2"],
"averagePredicateSize_Mined_splitClauses_0":["10800000"],
"cegarIterationNumber_Unlabeled_splitClauses_0":["10800000"],
"minedBinaryVariableTemplatesNumber_Random_splitClauses_0":["16"],
"labeledTemplateNumber_Mined_splitClauses_1":["18"],
"labeledBinaryVariableTemplatesNumber_Random_splitClauses_0":["16"],
"unlabeledTemplateRelationSymbolNumber_Unlabeled_splitClauses_1":["18"],
"cegarIterationNumber_Mined_splitClauses_0":["10800000"],
"minedTemplateRelationSymbolNumber_Labeled_splitClauses_0":["18"],
"unlabeledBinaryVariableTemplatesNumber_RelationalIneqs_splitClauses_1":["750"],
"unlabeledBinaryVariableTemplatesNumber_Octagon_splitClauses_0":["750"],
"solvability_Mined_splitClauses_0":["10800000"],
"averagePredicateSize_RelationalEqs_splitClauses_0":["10800000"],
"clauseNumberAfterSimplification_Term_splitClauses_0":["65"],
"unlabeledTemplateNumber_Mined_splitClauses_0":["1192"],
"unlabeledTemplateNumber_PredictedCDHG_splitClauses_0":["1192"],
"cegarIterationNumber_RelationalIneqs_splitClauses_1":["10800000"],
"minedBinaryVariableTemplatesNumber_Unlabeled_splitClauses_1":["16"],
"labeledTemplateNumber_PredictedCG_splitClauses_1":["18"],
"labeledTemplateRelationSymbolNumber_Mined_splitClauses_0":["7"],
"labeledBinaryVariableTemplatesNumber_Mined_splitClauses_1":["16"],
"clauseNumberAfterSimplification_RelationalIneqs_splitClauses_1":["65"],
"minedSingleVariableTemplatesNumber_PredictedCDHG_splitClauses_0":["156"],
"solvability_Labeled_splitClauses_1":["10800000"],
"labeledSingleVariableTemplatesNumber_Octagon_splitClauses_1":["2"],
"averagePredicateSize_Random_splitClauses_0":["10800000"],
"smt2FileSizeByte_RelationalIneqs_splitClauses_0":["62565"],
"generatedPredicateNumber_Unlabeled_splitClauses_0":["10800000"],
"solvability_RelationalEqs_splitClauses_0":["10800000"],
"predicateGeneratorTime_Empty_splitClauses_1":["10800000"],
"minedSingleVariableTemplatesNumber_Mined_splitClauses_0":["156"],
"minedTemplateRelationSymbolNumber_PredictedCDHG_splitClauses_1":["18"],
"minedTemplateNumber_PredictedCG_splitClauses_0":["172"],
"averagePredicateSize_RelationalIneqs_splitClauses_1":["10800000"],
"labeledTemplateRelationSymbolNumber_Random_splitClauses_1":["7"],
"minedTemplateNumber_RelationalIneqs_splitClauses_0":["172"],
"predicateGeneratorTime_RelationalIneqs_splitClauses_0":["10800000"],
"labeledTemplateRelationSymbolNumber_Empty_splitClauses_0":["7"],
"minedBinaryVariableTemplatesNumber_Octagon_splitClauses_0":["16"],
"relationSymbolNumber_Labeled_splitClauses_0":["97"],
"labeledSingleVariableTemplatesNumber_Term_splitClauses_1":["2"],
"labeledBinaryVariableTemplatesNumber_Empty_splitClauses_0":["16"],
"minedTemplateNumber_Octagon_splitClauses_0":["172"],
"labeledBinaryVariableTemplatesNumber_Unlabeled_splitClauses_0":["16"],
"clauseNumberAfterSimplification_PredictedCDHG_splitClauses_0":["65"],
"smt2FileSizeByte_PredictedCG_splitClauses_0":["62565"],
"minedBinaryVariableTemplatesNumber_RelationalEqs_splitClauses_0":["16"],
"labeledTemplateRelationSymbolNumber_RelationalEqs_splitClauses_1":["7"],
"minedBinaryVariableTemplatesNumber_Random_splitClauses_1":["16"],
"clauseNumberAfterSimplification_Unlabeled_splitClauses_1":["65"],
"minedSingleVariableTemplatesNumber_PredictedCDHG_splitClauses_1":["156"],
"labeledBinaryVariableTemplatesNumber_Term_splitClauses_1":["16"],
"clauseNumberBeforeSimplification_Empty_splitClauses_1":["116"],
"minedBinaryVariableTemplatesNumber_Mined_splitClauses_1":["16"],
"unlabeledBinaryVariableTemplatesNumber_Unlabeled_splitClauses_1":["750"],
"unlabeledTemplateNumber_PredictedCG_splitClauses_1":["1192"],
"generatedPredicateNumber_Empty_splitClauses_0":["10800000"],
"predicateGeneratorTime_RelationalIneqs_splitClauses_1":["10800000"],
"unlabeledSingleVariableTemplatesNumber_Empty_splitClauses_0":["442"],
"cegarIterationNumber_Octagon_splitClauses_0":["10800000"],
"clauseNumberAfterSimplification_Octagon_splitClauses_1":["65"],
"unlabeledSingleVariableTemplatesNumber_Labeled_splitClauses_1":["442"],
"clauseNumberBeforeSimplification_Random_splitClauses_1":["116"],
"minedTemplateRelationSymbolNumber_All_splitClauses_0":["18"],
"unlabeledTemplateRelationSymbolNumber_RelationalEqs_splitClauses_0":["18"],
"minedSingleVariableTemplatesNumber_Unlabeled_splitClauses_1":["156"],
"clauseNumberBeforeSimplification_RelationalEqs_splitClauses_0":["116"],
"minedTemplateNumber_Unlabeled_splitClauses_0":["172"],
"generatedPredicateNumber_Octagon_splitClauses_0":["10800000"],
"predicateGeneratorTime_PredictedCDHG_splitClauses_0":["10800000"],
"clauseNumberAfterSimplification_PredictedCG_splitClauses_1":["65"],
"labeledSingleVariableTemplatesNumber_RelationalEqs_splitClauses_1":["2"],
"smt2FileSizeByte_Random_splitClauses_1":["62565"],
"averagePredicateSize_PredictedCG_splitClauses_1":["10800000"],
"cegarIterationNumber_PredictedCDHG_splitClauses_1":["10800000"],
"clauseNumberAfterSimplification_RelationalEqs_splitClauses_1":["65"],
"minedBinaryVariableTemplatesNumber_Empty_splitClauses_1":["16"],
"minedTemplateNumber_PredictedCDHG_splitClauses_0":["172"],
"labeledBinaryVariableTemplatesNumber_All_splitClauses_1":["16"],
"solvingTime_RelationalIneqs_splitClauses_1":["10800000"],
"unlabeledTemplateRelationSymbolNumber_RelationalEqs_splitClauses_1":["18"],
"smt2FileSizeByte_Unlabeled_splitClauses_0":["62565"],
"generatedPredicateNumber_All_splitClauses_0":["10800000"],
"predicateGeneratorTime_Octagon_splitClauses_1":["10800000"],
"solvability_Mined_splitClauses_1":["1"],
"minedTemplateRelationSymbolNumber_Term_splitClauses_1":["18"],
"clauseNumberAfterSimplification_Mined_splitClauses_0":["65"],
"solvability_PredictedCDHG_splitClauses_0":["10800000"],
"solvingTime_Empty_splitClauses_0":["10800000"],
"unlabeledSingleVariableTemplatesNumber_Unlabeled_splitClauses_1":["442"],
"minedTemplateNumber_Term_splitClauses_1":["172"],
"averagePredicateSize_Octagon_splitClauses_1":["10800000"],
"relationSymbolNumber_Empty_splitClauses_1":["97"],
"unlabeledSingleVariableTemplatesNumber_Octagon_splitClauses_1":["442"],
"minedTemplateRelationSymbolNumber_RelationalEqs_splitClauses_1":["18"],
"minedBinaryVariableTemplatesNumber_RelationalIneqs_splitClauses_0":["16"],
"predicateGeneratorTime_Term_splitClauses_1":["10800000"],
"solvingTime_Labeled_splitClauses_0":["10800000"],
"unlabeledBinaryVariableTemplatesNumber_PredictedCG_splitClauses_0":["750"],
"minedTemplateNumber_All_splitClauses_0":["172"],
"predicateGeneratorTime_Labeled_splitClauses_1":["10800000"],
"unlabeledTemplateRelationSymbolNumber_Empty_splitClauses_0":["18"],
"unlabeledTemplateNumber_Mined_splitClauses_1":["1192"],
"solvability_PredictedCG_splitClauses_1":["10800000"],
"unlabeledTemplateNumber_Term_splitClauses_0":["1192"],
"minedBinaryVariableTemplatesNumber_PredictedCG_splitClauses_1":["16"],
"labeledSingleVariableTemplatesNumber_PredictedCDHG_splitClauses_0":["2"],
"minedBinaryVariableTemplatesNumber_All_splitClauses_0":["16"],
"averagePredicateSize_PredictedCDHG_splitClauses_1":["10800000"],
"predicateGeneratorTime_PredictedCG_splitClauses_0":["10800000"],
"generatedPredicateNumber_RelationalIneqs_splitClauses_0":["10800000"],
"labeledTemplateNumber_Empty_splitClauses_0":["18"],
"unlabeledTemplateRelationSymbolNumber_Term_splitClauses_0":["18"],
"minedTemplateNumber_All_splitClauses_1":["172"],
"labeledSingleVariableTemplatesNumber_Empty_splitClauses_1":["2"],
"minedBinaryVariableTemplatesNumber_Unlabeled_splitClauses_0":["16"],
"labeledTemplateNumber_Random_splitClauses_0":["18"],
"minedBinaryVariableTemplatesNumber_All_splitClauses_1":["16"],
"unlabeledSingleVariableTemplatesNumber_All_splitClauses_0":["442"],
"smt2FileSizeByte_PredictedCDHG_splitClauses_1":["62565"],
"labeledBinaryVariableTemplatesNumber_PredictedCDHG_splitClauses_0":["16"],
"averagePredicateSize_RelationalEqs_splitClauses_1":["10800000"],
"minedSingleVariableTemplatesNumber_Term_splitClauses_0":["156"],
"labeledTemplateRelationSymbolNumber_Term_splitClauses_1":["7"],
"generatedPredicateNumber_Random_splitClauses_0":["10800000"],
"labeledBinaryVariableTemplatesNumber_Empty_splitClauses_1":["16"],
"clauseNumberAfterSimplification_Labeled_splitClauses_0":["65"],
"labeledSingleVariableTemplatesNumber_Labeled_splitClauses_0":["2"],
"minedTemplateNumber_Mined_splitClauses_1":["172"],
"labeledTemplateRelationSymbolNumber_Labeled_splitClauses_0":["7"],
"unlabeledTemplateRelationSymbolNumber_Mined_splitClauses_1":["18"],
"solvability_Labeled_splitClauses_0":["10800000"],
"minedTemplateNumber_RelationalEqs_splitClauses_1":["172"],
"solvingTime_Random_splitClauses_1":["10800000"],
"minedTemplateNumber_Random_splitClauses_0":["172"],
"cegarIterationNumber_Unlabeled_splitClauses_1":["10800000"],
"minedTemplateNumber_RelationalIneqs_splitClauses_1":["172"],
"unlabeledBinaryVariableTemplatesNumber_Octagon_splitClauses_1":["750"],
"minedSingleVariableTemplatesNumber_Octagon_splitClauses_1":["156"],
"minedSingleVariableTemplatesNumber_Random_splitClauses_1":["156"],
"averagePredicateSize_All_splitClauses_1":["10800000"],
"minedTemplateNumber_Empty_splitClauses_0":["172"],
"labeledTemplateNumber_Mined_splitClauses_0":["18"],
"unlabeledBinaryVariableTemplatesNumber_All_splitClauses_0":["750"],
"labeledSingleVariableTemplatesNumber_PredictedCDHG_splitClauses_1":["2"],
"minedSingleVariableTemplatesNumber_Mined_splitClauses_1":["156"],
"labeledTemplateRelationSymbolNumber_Term_splitClauses_0":["7"],
"unlabeledTemplateRelationSymbolNumber_Term_splitClauses_1":["18"],
"predicateGeneratorTime_All_splitClauses_1":["10800000"],
"unlabeledSingleVariableTemplatesNumber_Random_splitClauses_0":["442"],
"predicateGeneratorTime_Unlabeled_splitClauses_1":["10800000"],
"cegarIterationNumber_PredictedCDHG_splitClauses_0":["10800000"],
"labeledTemplateNumber_RelationalEqs_splitClauses_0":["18"],
"labeledTemplateRelationSymbolNumber_Mined_splitClauses_1":["7"],
"labeledTemplateRelationSymbolNumber_Random_splitClauses_0":["7"],
"labeledBinaryVariableTemplatesNumber_RelationalEqs_splitClauses_1":["16"],
"generatedPredicateNumber_RelationalIneqs_splitClauses_1":["10800000"],
"unlabeledTemplateRelationSymbolNumber_PredictedCG_splitClauses_1":["18"],
"unlabeledSingleVariableTemplatesNumber_RelationalEqs_splitClauses_0":["442"],
"labeledBinaryVariableTemplatesNumber_Labeled_splitClauses_0":["16"],
"minedBinaryVariableTemplatesNumber_PredictedCDHG_splitClauses_0":["16"],
"unlabeledTemplateRelationSymbolNumber_Unlabeled_splitClauses_0":["18"],
"clauseNumberAfterSimplification_Term_splitClauses_1":["65"],
"relationSymbolNumber_RelationalIneqs_splitClauses_0":["97"],
"unlabeledTemplateNumber_Octagon_splitClauses_0":["1192"],
"unlabeledBinaryVariableTemplatesNumber_RelationalEqs_splitClauses_1":["750"],
"unlabeledTemplateNumber_PredictedCG_splitClauses_0":["1192"],
"unlabeledTemplateNumber_All_splitClauses_0":["1192"],
"labeledTemplateRelationSymbolNumber_RelationalIneqs_splitClauses_1":["7"],
"unlabeledSingleVariableTemplatesNumber_Mined_splitClauses_1":["442"],
"labeledTemplateRelationSymbolNumber_Unlabeled_splitClauses_1":["7"],
"labeledBinaryVariableTemplatesNumber_Random_splitClauses_1":["16"],
"relationSymbolNumber_RelationalEqs_splitClauses_0":["97"],
"solvability_Random_splitClauses_1":["10800000"],
"solvingTime_Term_splitClauses_0":["10800000"],
"minedSingleVariableTemplatesNumber_Labeled_splitClauses_1":["156"],
"relationSymbolNumber_Random_splitClauses_0":["97"],
"clauseNumberBeforeSimplification_Term_splitClauses_0":["116"],
"minedTemplateRelationSymbolNumber_Mined_splitClauses_0":["18"],
"solvability_Octagon_splitClauses_1":["10800000"],
"relationSymbolNumber_Labeled_splitClauses_1":["97"],
"minedSingleVariableTemplatesNumber_RelationalIneqs_splitClauses_1":["156"],
"smt2FileSizeByte_Labeled_splitClauses_0":["62565"],
"solvability_RelationalEqs_splitClauses_1":["10800000"],
"unlabeledSingleVariableTemplatesNumber_Empty_splitClauses_1":["442"],
"labeledTemplateNumber_PredictedCDHG_splitClauses_1":["18"],
"minedTemplateRelationSymbolNumber_Octagon_splitClauses_0":["18"],
"clauseNumberAfterSimplification_Unlabeled_splitClauses_0":["65"],
"clauseNumberBeforeSimplification_Unlabeled_splitClauses_0":["116"],
"clauseNumberBeforeSimplification_PredictedCDHG_splitClauses_0":["116"],
"cegarIterationNumber_RelationalIneqs_splitClauses_0":["10800000"],
"relationSymbolNumber_All_splitClauses_0":["97"],
"labeledTemplateRelationSymbolNumber_RelationalEqs_splitClauses_0":["7"],
"averagePredicateSize_Labeled_splitClauses_0":["10800000"],
"smt2FileSizeByte_RelationalIneqs_splitClauses_1":["62565"],
"clauseNumberBeforeSimplification_RelationalEqs_splitClauses_1":["116"],
"unlabeledTemplateRelationSymbolNumber_RelationalIneqs_splitClauses_1":["18"],
"clauseNumberBeforeSimplification_PredictedCG_splitClauses_0":["116"],
"solvingTime_PredictedCDHG_splitClauses_0":["10800000"],
"labeledTemplateRelationSymbolNumber_Octagon_splitClauses_1":["7"],
"minedTemplateRelationSymbolNumber_PredictedCG_splitClauses_1":["18"],
"labeledTemplateNumber_Random_splitClauses_1":["18"],
"solvingTime_RelationalIneqs_splitClauses_0":["10800000"],
"labeledTemplateNumber_All_splitClauses_1":["18"],
"unlabeledTemplateNumber_Random_splitClauses_1":["1192"],
"relationSymbolNumber_PredictedCDHG_splitClauses_1":["97"],
"smt2FileSizeByte_Unlabeled_splitClauses_1":["62565"],
"cegarIterationNumber_PredictedCG_splitClauses_0":["10800000"],
"predicateGeneratorTime_Octagon_splitClauses_0":["10800000"],
"unlabeledTemplateNumber_RelationalEqs_splitClauses_1":["1192"],
"clauseNumberAfterSimplification_Octagon_splitClauses_0":["65"],
"cegarIterationNumber_Random_splitClauses_0":["10800000"],
"solvability_PredictedCDHG_splitClauses_1":["10800000"],
"solvability_PredictedCG_splitClauses_0":["10800000"],
"solvingTime_PredictedCG_splitClauses_1":["10800000"],
"unlabeledSingleVariableTemplatesNumber_Unlabeled_splitClauses_0":["442"],
"unlabeledTemplateNumber_Unlabeled_splitClauses_0":["1192"],
"labeledTemplateRelationSymbolNumber_RelationalIneqs_splitClauses_0":["7"],
"minedTemplateNumber_Random_splitClauses_1":["172"],
"relationSymbolNumber_PredictedCG_splitClauses_0":["97"],
"generatedPredicateNumber_RelationalEqs_splitClauses_0":["10800000"],
"minedTemplateNumber_Term_splitClauses_0":["172"],
"solvingTime_All_splitClauses_1":["10800000"],
"minedSingleVariableTemplatesNumber_PredictedCG_splitClauses_0":["156"],
"smt2FileSizeByte_Term_splitClauses_1":["62565"],
"labeledBinaryVariableTemplatesNumber_All_splitClauses_0":["16"],
"minedTemplateNumber_PredictedCDHG_splitClauses_1":["172"],
"minedTemplateRelationSymbolNumber_PredictedCDHG_splitClauses_0":["18"],
"averagePredicateSize_Unlabeled_splitClauses_0":["10800000"],
"minedBinaryVariableTemplatesNumber_Octagon_splitClauses_1":["16"],
"unlabeledSingleVariableTemplatesNumber_Random_splitClauses_1":["442"],
"clauseNumberBeforeSimplification_Random_splitClauses_0":["116"],
"solvingTime_Unlabeled_splitClauses_1":["10800000"],
"predicateGeneratorTime_PredictedCDHG_splitClauses_1":["10800000"],
"averagePredicateSize_PredictedCDHG_splitClauses_0":["10800000"],
"minedBinaryVariableTemplatesNumber_Term_splitClauses_0":["16"],
"labeledTemplateNumber_RelationalIneqs_splitClauses_0":["18"],
"clauseNumberAfterSimplification_Random_splitClauses_0":["65"],
"clauseNumberAfterSimplification_PredictedCG_splitClauses_0":["65"],
"generatedPredicateNumber_Empty_splitClauses_1":["10800000"],
"clauseNumberBeforeSimplification_Octagon_splitClauses_0":["116"],
"unlabeledTemplateNumber_Empty_splitClauses_0":["1192"],
"minedSingleVariableTemplatesNumber_All_splitClauses_0":["156"],
"labeledTemplateRelationSymbolNumber_Octagon_splitClauses_0":["7"],
"generatedPredicateNumber_Random_splitClauses_1":["10800000"],
"clauseNumberAfterSimplification_RelationalEqs_splitClauses_0":["65"],
"labeledBinaryVariableTemplatesNumber_Term_splitClauses_0":["16"],
"minedSingleVariableTemplatesNumber_RelationalEqs_splitClauses_0":["156"],
"minedTemplateNumber_Mined_splitClauses_0":["172"],
"averagePredicateSize_Octagon_splitClauses_0":["10800000"],
"unlabeledBinaryVariableTemplatesNumber_Empty_splitClauses_1":["750"],
"relationSymbolNumber_Unlabeled_splitClauses_0":["97"],
"unlabeledSingleVariableTemplatesNumber_PredictedCDHG_splitClauses_0":["442"],
"unlabeledSingleVariableTemplatesNumber_PredictedCG_splitClauses_1":["442"],
"labeledTemplateRelationSymbolNumber_Labeled_splitClauses_1":["7"],
"minedTemplateRelationSymbolNumber_Random_splitClauses_0":["18"],
"unlabeledTemplateRelationSymbolNumber_PredictedCG_splitClauses_0":["18"],
"unlabeledTemplateNumber_RelationalIneqs_splitClauses_0":["1192"],
"unlabeledSingleVariableTemplatesNumber_Labeled_splitClauses_0":["442"],
"minedTemplateNumber_Unlabeled_splitClauses_1":["172"],
"generatedPredicateNumber_PredictedCG_splitClauses_0":["10800000"],
"labeledTemplateNumber_Unlabeled_splitClauses_1":["18"],
"unlabeledTemplateRelationSymbolNumber_Empty_splitClauses_1":["18"],
"clauseNumberBeforeSimplification_Empty_splitClauses_0":["116"],
"solvingTime_Octagon_splitClauses_1":["10800000"],
"cegarIterationNumber_Mined_splitClauses_1":["8"],
"clauseNumberBeforeSimplification_Mined_splitClauses_1":["116"],
"smt2FileSizeByte_PredictedCDHG_splitClauses_0":["62565"],
"averagePredicateSize_PredictedCG_splitClauses_0":["10800000"],
"solvingTime_Random_splitClauses_0":["10800000"],
"minedTemplateNumber_RelationalEqs_splitClauses_0":["172"],
"unlabeledSingleVariableTemplatesNumber_RelationalIneqs_splitClauses_0":["442"],
"unlabeledTemplateNumber_Unlabeled_splitClauses_1":["1192"],
"labeledBinaryVariableTemplatesNumber_RelationalEqs_splitClauses_0":["16"],
"generatedPredicateNumber_PredictedCDHG_splitClauses_0":["10800000"],
"minedTemplateRelationSymbolNumber_Empty_splitClauses_1":["18"],
"predicateGeneratorTime_Random_splitClauses_1":["10800000"],
"labeledTemplateNumber_Term_splitClauses_1":["18"],
"minedSingleVariableTemplatesNumber_Empty_splitClauses_1":["156"],
"minedSingleVariableTemplatesNumber_RelationalIneqs_splitClauses_0":["156"],
"clauseNumberAfterSimplification_All_splitClauses_0":["65"],
"unlabeledBinaryVariableTemplatesNumber_RelationalEqs_splitClauses_0":["750"],
"cegarIterationNumber_RelationalEqs_splitClauses_0":["10800000"],
"labeledTemplateRelationSymbolNumber_PredictedCDHG_splitClauses_0":["7"],
"labeledSingleVariableTemplatesNumber_Labeled_splitClauses_1":["2"],
"unlabeledBinaryVariableTemplatesNumber_All_splitClauses_1":["750"],
"minedTemplateRelationSymbolNumber_Unlabeled_splitClauses_1":["18"],
"solvingTime_RelationalEqs_splitClauses_0":["10800000"],
"solvingTime_RelationalEqs_splitClauses_1":["10800000"],
"minedBinaryVariableTemplatesNumber_Mined_splitClauses_0":["16"],
"clauseNumberBeforeSimplification_All_splitClauses_0":["116"],
"clauseNumberBeforeSimplification_RelationalIneqs_splitClauses_1":["116"],
"labeledTemplateNumber_RelationalEqs_splitClauses_1":["18"],
"labeledBinaryVariableTemplatesNumber_RelationalIneqs_splitClauses_0":["16"],
"clauseNumberAfterSimplification_Empty_splitClauses_0":["65"],
"averagePredicateSize_Empty_splitClauses_0":["10800000"],
"relationSymbolNumber_PredictedCG_splitClauses_1":["97"],
"unlabeledTemplateNumber_Term_splitClauses_1":["1192"],
"predicateGeneratorTime_Mined_splitClauses_1":["319"],
"relationSymbolNumber_Mined_splitClauses_0":["97"],
"labeledBinaryVariableTemplatesNumber_RelationalIneqs_splitClauses_1":["16"],
"predicateGeneratorTime_Unlabeled_splitClauses_0":["10800000"],
"generatedPredicateNumber_Mined_splitClauses_0":["10800000"],
"generatedPredicateNumber_RelationalEqs_splitClauses_1":["10800000"],
"labeledTemplateRelationSymbolNumber_PredictedCG_splitClauses_0":["7"],
"minedSingleVariableTemplatesNumber_PredictedCG_splitClauses_1":["156"],
"minedTemplateRelationSymbolNumber_PredictedCG_splitClauses_0":["18"],
"unlabeledTemplateRelationSymbolNumber_Labeled_splitClauses_0":["18"],
"solvability_Empty_splitClauses_1":["10800000"],
"averagePredicateSize_Term_splitClauses_0":["10800000"],
"cegarIterationNumber_Random_splitClauses_1":["10800000"],
"relationSymbolNumber_All_splitClauses_1":["97"],
"averagePredicateSize_Labeled_splitClauses_1":["10800000"],
"unlabeledBinaryVariableTemplatesNumber_Unlabeled_splitClauses_0":["750"],
"generatedPredicateNumber_Unlabeled_splitClauses_1":["10800000"],
"predicateGeneratorTime_All_splitClauses_0":["10800000"],
"unlabeledBinaryVariableTemplatesNumber_PredictedCDHG_splitClauses_1":["750"],
"clauseNumberBeforeSimplification_Labeled_splitClauses_1":["116"],
"minedBinaryVariableTemplatesNumber_Labeled_splitClauses_1":["16"],
"labeledSingleVariableTemplatesNumber_All_splitClauses_0":["2"],
"unlabeledTemplateRelationSymbolNumber_Mined_splitClauses_0":["18"],
"cegarIterationNumber_Octagon_splitClauses_1":["10800000"],
"labeledTemplateNumber_Octagon_splitClauses_0":["18"],
"labeledTemplateRelationSymbolNumber_All_splitClauses_1":["7"],
"smt2FileSizeByte_Empty_splitClauses_0":["62565"],
"relationSymbolNumber_RelationalIneqs_splitClauses_1":["97"],
"unlabeledTemplateNumber_Octagon_splitClauses_1":["1192"],
"predicateGeneratorTime_RelationalEqs_splitClauses_0":["10800000"],
"unlabeledTemplateRelationSymbolNumber_RelationalIneqs_splitClauses_0":["18"],
"smt2FileSizeByte_RelationalEqs_splitClauses_1":["62565"],
"unlabeledTemplateNumber_Labeled_splitClauses_0":["1192"],
"relationSymbolNumber_Random_splitClauses_1":["97"],
"minedSingleVariableTemplatesNumber_Labeled_splitClauses_0":["156"],
"solvingTime_PredictedCDHG_splitClauses_1":["10800000"],
"minedTemplateNumber_Octagon_splitClauses_1":["172"],
"clauseNumberBeforeSimplification_Mined_splitClauses_0":["116"],
"smt2FileSizeByte_All_splitClauses_0":["62565"],
"solvingTime_All_splitClauses_0":["10800000"],
"minedBinaryVariableTemplatesNumber_Term_splitClauses_1":["16"],
"unlabeledTemplateRelationSymbolNumber_Random_splitClauses_0":["18"],
"cegarIterationNumber_All_splitClauses_0":["10800000"],
"smt2FileSizeByte_RelationalEqs_splitClauses_0":["62565"],
"unlabeledSingleVariableTemplatesNumber_PredictedCDHG_splitClauses_1":["442"],
"clauseNumberBeforeSimplification_Labeled_splitClauses_0":["116"],
"cegarIterationNumber_PredictedCG_splitClauses_1":["10800000"],
"labeledTemplateRelationSymbolNumber_Unlabeled_splitClauses_0":["7"],
"unlabeledTemplateRelationSymbolNumber_Octagon_splitClauses_1":["18"],
"unlabeledTemplateNumber_Empty_splitClauses_1":["1192"],
"clauseNumberBeforeSimplification_Octagon_splitClauses_1":["116"],
"labeledTemplateNumber_Unlabeled_splitClauses_0":["18"],
"labeledBinaryVariableTemplatesNumber_PredictedCG_splitClauses_0":["16"],
"solvability_Term_splitClauses_1":["10800000"],
"solvability_Octagon_splitClauses_0":["10800000"],
"minedTemplateRelationSymbolNumber_RelationalIneqs_splitClauses_0":["18"],
"clauseNumberBeforeSimplification_RelationalIneqs_splitClauses_0":["116"],
"labeledTemplateNumber_PredictedCG_splitClauses_0":["18"],
"cegarIterationNumber_Labeled_splitClauses_0":["10800000"],
"smt2FileSizeByte_Labeled_splitClauses_1":["62565"],
"clauseNumberBeforeSimplification_Unlabeled_splitClauses_1":["116"],
"generatedPredicateNumber_Term_splitClauses_1":["10800000"],
"solvingTime_Term_splitClauses_1":["10800000"],
"unlabeledBinaryVariableTemplatesNumber_Random_splitClauses_1":["750"],
"unlabeledSingleVariableTemplatesNumber_Octagon_splitClauses_0":["442"],
"solvingTime_Octagon_splitClauses_0":["10800000"],
"labeledSingleVariableTemplatesNumber_Mined_splitClauses_1":["2"],
"averagePredicateSize_Term_splitClauses_1":["10800000"],
"labeledTemplateNumber_Labeled_splitClauses_0":["18"],
"unlabeledSingleVariableTemplatesNumber_PredictedCG_splitClauses_0":["442"],
"smt2FileSizeByte_Mined_splitClauses_1":["62565"],
"labeledBinaryVariableTemplatesNumber_Unlabeled_splitClauses_1":["16"],
"labeledTemplateNumber_All_splitClauses_0":["18"],
"unlabeledTemplateNumber_Random_splitClauses_0":["1192"],
"labeledTemplateNumber_Octagon_splitClauses_1":["18"],
"unlabeledTemplateNumber_PredictedCDHG_splitClauses_1":["1192"],
"unlabeledBinaryVariableTemplatesNumber_Mined_splitClauses_0":["750"],
"minedTemplateRelationSymbolNumber_Mined_splitClauses_1":["18"],
"labeledTemplateNumber_RelationalIneqs_splitClauses_1":["18"],
"solvability_Term_splitClauses_0":["10800000"],
"relationSymbolNumber_Octagon_splitClauses_0":["97"],
"clauseNumberBeforeSimplification_PredictedCG_splitClauses_1":["116"],
"generatedPredicateNumber_Labeled_splitClauses_1":["10800000"],
"labeledSingleVariableTemplatesNumber_Unlabeled_splitClauses_0":["2"],
"unlabeledBinaryVariableTemplatesNumber_Empty_splitClauses_0":["750"],
"solvingTime_Mined_splitClauses_0":["10800000"],
"unlabeledTemplateNumber_All_splitClauses_1":["1192"],
"clauseNumberAfterSimplification_Random_splitClauses_1":["65"],
"labeledBinaryVariableTemplatesNumber_Octagon_splitClauses_1":["16"],
"unlabeledBinaryVariableTemplatesNumber_Labeled_splitClauses_0":["750"],
"smt2FileSizeByte_Octagon_splitClauses_0":["62565"],
"labeledSingleVariableTemplatesNumber_Random_splitClauses_1":["2"],
"solvability_Unlabeled_splitClauses_0":["10800000"],
"solvingTime_Unlabeled_splitClauses_0":["10800000"],
"unlabeledTemplateRelationSymbolNumber_All_splitClauses_1":["18"],
"minedTemplateNumber_Empty_splitClauses_1":["172"],
"solvability_RelationalIneqs_splitClauses_0":["10800000"],
"unlabeledTemplateRelationSymbolNumber_Labeled_splitClauses_1":["18"],
"cegarIterationNumber_RelationalEqs_splitClauses_1":["10800000"],
"minedSingleVariableTemplatesNumber_RelationalEqs_splitClauses_1":["156"],
"clauseNumberAfterSimplification_PredictedCDHG_splitClauses_1":["65"],
"minedBinaryVariableTemplatesNumber_RelationalIneqs_splitClauses_1":["16"],
"unlabeledBinaryVariableTemplatesNumber_Mined_splitClauses_1":["750"],
"unlabeledBinaryVariableTemplatesNumber_PredictedCDHG_splitClauses_0":["750"],
"solvingTime_Empty_splitClauses_1":["10800000"],
"labeledTemplateRelationSymbolNumber_Empty_splitClauses_1":["7"],
"generatedPredicateNumber_Term_splitClauses_0":["10800000"],
"averagePredicateSize_Empty_splitClauses_1":["10800000"],
"generatedPredicateNumber_PredictedCG_splitClauses_1":["10800000"],
"labeledTemplateRelationSymbolNumber_PredictedCDHG_splitClauses_1":["7"],
"relationSymbolNumber_Mined_splitClauses_1":["97"],
"predicateGeneratorTime_Mined_splitClauses_0":["10800000"],
"predicateGeneratorTime_Labeled_splitClauses_0":["10800000"],
"labeledSingleVariableTemplatesNumber_Random_splitClauses_0":["2"],
"unlabeledTemplateRelationSymbolNumber_All_splitClauses_0":["18"],
"minedBinaryVariableTemplatesNumber_Labeled_splitClauses_0":["16"],
"generatedPredicateNumber_Labeled_splitClauses_0":["10800000"],
"relationSymbolNumber_Empty_splitClauses_0":["97"],
"solvingTime_Mined_splitClauses_1":["459"],
"minedSingleVariableTemplatesNumber_All_splitClauses_1":["156"],
"predicateGeneratorTime_Random_splitClauses_0":["10800000"],
"cegarIterationNumber_Term_splitClauses_1":["10800000"],
"labeledTemplateNumber_Empty_splitClauses_1":["18"],
"clauseNumberAfterSimplification_Empty_splitClauses_1":["65"],
"minedTemplateRelationSymbolNumber_Empty_splitClauses_0":["18"],
"unlabeledSingleVariableTemplatesNumber_Term_splitClauses_0":["442"],
"minedSingleVariableTemplatesNumber_Empty_splitClauses_0":["156"],
"minedTemplateRelationSymbolNumber_RelationalEqs_splitClauses_0":["18"],
"cegarIterationNumber_Empty_splitClauses_0":["10800000"],
"minedBinaryVariableTemplatesNumber_RelationalEqs_splitClauses_1":["16"],
"labeledSingleVariableTemplatesNumber_All_splitClauses_1":["2"],
"unlabeledTemplateRelationSymbolNumber_Octagon_splitClauses_0":["18"],
"minedTemplateRelationSymbolNumber_Unlabeled_splitClauses_0":["18"],
"labeledBinaryVariableTemplatesNumber_Mined_splitClauses_0":["16"],
"minedTemplateNumber_PredictedCG_splitClauses_1":["172"],
"cegarIterationNumber_Empty_splitClauses_1":["10800000"],
"averagePredicateSize_RelationalIneqs_splitClauses_0":["10800000"],
"solvability_All_splitClauses_1":["10800000"],
"unlabeledBinaryVariableTemplatesNumber_Term_splitClauses_1":["750"],
"relationSymbolNumber_PredictedCDHG_splitClauses_0":["97"],
"minedTemplateRelationSymbolNumber_Labeled_splitClauses_1":["18"],
"averagePredicateSize_Unlabeled_splitClauses_1":["10800000"],
"labeledTemplateNumber_Term_splitClauses_0":["18"],
"smt2FileSizeByte_Empty_splitClauses_1":["62565"],
"solvingTime_PredictedCG_splitClauses_0":["10800000"],
"relationSymbolNumber_Term_splitClauses_0":["97"],
"cegarIterationNumber_All_splitClauses_1":["10800000"],
"clauseNumberBeforeSimplification_Term_splitClauses_1":["116"],
"predicateGeneratorTime_Empty_splitClauses_0":["10800000"],
"averagePredicateSize_All_splitClauses_0":["10800000"],
"unlabeledBinaryVariableTemplatesNumber_Random_splitClauses_0":["750"],
"smt2FileSizeByte_Term_splitClauses_0":["62565"],
"averagePredicateSize_Mined_splitClauses_1":["1"],
"minedBinaryVariableTemplatesNumber_Empty_splitClauses_0":["16"],
"minedTemplateRelationSymbolNumber_All_splitClauses_1":["18"],
"labeledSingleVariableTemplatesNumber_PredictedCG_splitClauses_0":["2"],
"unlabeledBinaryVariableTemplatesNumber_RelationalIneqs_splitClauses_0":["750"],
"unlabeledSingleVariableTemplatesNumber_RelationalIneqs_splitClauses_1":["442"],
"clauseNumberAfterSimplification_RelationalIneqs_splitClauses_0":["65"],
"unlabeledTemplateNumber_RelationalEqs_splitClauses_0":["1192"],
"unlabeledTemplateNumber_RelationalIneqs_splitClauses_1":["1192"],
"labeledTemplateRelationSymbolNumber_PredictedCG_splitClauses_1":["7"],
"labeledTemplateRelationSymbolNumber_All_splitClauses_0":["7"],
"labeledSingleVariableTemplatesNumber_Octagon_splitClauses_0":["2"],
"dummyFiled":[]
}