{
"smt2FileSizeByte_All_splitClauses_1":["33107"],
"generatedPredicateNumber_All_splitClauses_1":["10800000"],
"unlabeledTemplateRelationSymbolNumber_PredictedCDHG_splitClauses_0":["14"],
"predicateGeneratorTime_Term_splitClauses_0":["10800000"],
"averagePredicateSize_Random_splitClauses_1":["10800000"],
"labeledBinaryVariableTemplatesNumber_Labeled_splitClauses_1":["13"],
"clauseNumberBeforeSimplification_All_splitClauses_1":["87"],
"minedTemplateRelationSymbolNumber_Term_splitClauses_0":["14"],
"solvingTime_Labeled_splitClauses_1":["10800000"],
"unlabeledTemplateNumber_Labeled_splitClauses_1":["675"],
"relationSymbolNumber_Term_splitClauses_1":["63"],
"minedTemplateRelationSymbolNumber_Octagon_splitClauses_1":["14"],
"clauseNumberAfterSimplification_Mined_splitClauses_1":["41"],
"unlabeledBinaryVariableTemplatesNumber_Term_splitClauses_0":["420"],
"labeledTemplateNumber_PredictedCDHG_splitClauses_0":["14"],
"relationSymbolNumber_RelationalEqs_splitClauses_1":["63"],
"solvability_Empty_splitClauses_0":["10800000"],
"unlabeledTemplateRelationSymbolNumber_Random_splitClauses_1":["14"],
"labeledBinaryVariableTemplatesNumber_Octagon_splitClauses_0":["13"],
"minedTemplateRelationSymbolNumber_Random_splitClauses_1":["14"],
"unlabeledSingleVariableTemplatesNumber_Mined_splitClauses_0":["255"],
"unlabeledBinaryVariableTemplatesNumber_PredictedCG_splitClauses_1":["420"],
"solvability_All_splitClauses_0":["10800000"],
"predicateGeneratorTime_RelationalEqs_splitClauses_1":["10800000"],
"smt2FileSizeByte_PredictedCG_splitClauses_1":["33107"],
"labeledSingleVariableTemplatesNumber_Unlabeled_splitClauses_1":["1"],
"labeledBinaryVariableTemplatesNumber_PredictedCG_splitClauses_1":["13"],
"minedBinaryVariableTemplatesNumber_PredictedCG_splitClauses_0":["13"],
"solvability_Random_splitClauses_0":["10800000"],
"clauseNumberBeforeSimplification_PredictedCDHG_splitClauses_1":["87"],
"labeledSingleVariableTemplatesNumber_Mined_splitClauses_0":["1"],
"solvability_Unlabeled_splitClauses_1":["10800000"],
"cegarIterationNumber_Labeled_splitClauses_1":["10800000"],
"smt2FileSizeByte_Mined_splitClauses_0":["33107"],
"labeledSingleVariableTemplatesNumber_PredictedCG_splitClauses_1":["1"],
"smt2FileSizeByte_Octagon_splitClauses_1":["33107"],
"minedTemplateNumber_Labeled_splitClauses_1":["100"],
"labeledSingleVariableTemplatesNumber_RelationalIneqs_splitClauses_1":["1"],
"clauseNumberAfterSimplification_Labeled_splitClauses_1":["41"],
"smt2FileSizeByte_Random_splitClauses_0":["33107"],
"unlabeledTemplateRelationSymbolNumber_PredictedCDHG_splitClauses_1":["14"],
"labeledSingleVariableTemplatesNumber_Term_splitClauses_0":["1"],
"generatedPredicateNumber_PredictedCDHG_splitClauses_1":["10800000"],
"minedSingleVariableTemplatesNumber_Unlabeled_splitClauses_0":["87"],
"generatedPredicateNumber_Octagon_splitClauses_1":["10800000"],
"labeledSingleVariableTemplatesNumber_RelationalEqs_splitClauses_0":["1"],
"predicateGeneratorTime_PredictedCG_splitClauses_1":["10800000"],
"labeledTemplateNumber_Labeled_splitClauses_1":["14"],
"labeledSingleVariableTemplatesNumber_Empty_splitClauses_0":["1"],
"minedTemplateRelationSymbolNumber_RelationalIneqs_splitClauses_1":["14"],
"unlabeledSingleVariableTemplatesNumber_All_splitClauses_1":["255"],
"labeledBinaryVariableTemplatesNumber_PredictedCDHG_splitClauses_1":["13"],
"unlabeledSingleVariableTemplatesNumber_RelationalEqs_splitClauses_1":["255"],
"cegarIterationNumber_Term_splitClauses_0":["10800000"],
"unlabeledBinaryVariableTemplatesNumber_Labeled_splitClauses_1":["420"],
"unlabeledSingleVariableTemplatesNumber_Term_splitClauses_1":["255"],
"clauseNumberAfterSimplification_All_splitClauses_1":["41"],
"minedSingleVariableTemplatesNumber_Random_splitClauses_0":["87"],
"solvability_RelationalIneqs_splitClauses_1":["10800000"],
"minedTemplateNumber_Labeled_splitClauses_0":["100"],
"minedSingleVariableTemplatesNumber_Octagon_splitClauses_0":["87"],
"minedSingleVariableTemplatesNumber_Term_splitClauses_1":["87"],
"minedBinaryVariableTemplatesNumber_PredictedCDHG_splitClauses_1":["13"],
"generatedPredicateNumber_Mined_splitClauses_1":["17"],
"relationSymbolNumber_Octagon_splitClauses_1":["63"],
"relationSymbolNumber_Unlabeled_splitClauses_1":["63"],
"labeledSingleVariableTemplatesNumber_RelationalIneqs_splitClauses_0":["1"],
"averagePredicateSize_Mined_splitClauses_0":["10800000"],
"cegarIterationNumber_Unlabeled_splitClauses_0":["10800000"],
"minedBinaryVariableTemplatesNumber_Random_splitClauses_0":["13"],
"labeledTemplateNumber_Mined_splitClauses_1":["14"],
"labeledBinaryVariableTemplatesNumber_Random_splitClauses_0":["13"],
"unlabeledTemplateRelationSymbolNumber_Unlabeled_splitClauses_1":["14"],
"cegarIterationNumber_Mined_splitClauses_0":["10800000"],
"minedTemplateRelationSymbolNumber_Labeled_splitClauses_0":["14"],
"unlabeledBinaryVariableTemplatesNumber_RelationalIneqs_splitClauses_1":["420"],
"unlabeledBinaryVariableTemplatesNumber_Octagon_splitClauses_0":["420"],
"solvability_Mined_splitClauses_0":["10800000"],
"averagePredicateSize_RelationalEqs_splitClauses_0":["10800000"],
"clauseNumberAfterSimplification_Term_splitClauses_0":["41"],
"unlabeledTemplateNumber_Mined_splitClauses_0":["675"],
"unlabeledTemplateNumber_PredictedCDHG_splitClauses_0":["675"],
"cegarIterationNumber_RelationalIneqs_splitClauses_1":["10800000"],
"minedBinaryVariableTemplatesNumber_Unlabeled_splitClauses_1":["13"],
"labeledTemplateNumber_PredictedCG_splitClauses_1":["14"],
"labeledTemplateRelationSymbolNumber_Mined_splitClauses_0":["5"],
"labeledBinaryVariableTemplatesNumber_Mined_splitClauses_1":["13"],
"clauseNumberAfterSimplification_RelationalIneqs_splitClauses_1":["41"],
"minedSingleVariableTemplatesNumber_PredictedCDHG_splitClauses_0":["87"],
"solvability_Labeled_splitClauses_1":["10800000"],
"labeledSingleVariableTemplatesNumber_Octagon_splitClauses_1":["1"],
"averagePredicateSize_Random_splitClauses_0":["10800000"],
"smt2FileSizeByte_RelationalIneqs_splitClauses_0":["33107"],
"generatedPredicateNumber_Unlabeled_splitClauses_0":["10800000"],
"solvability_RelationalEqs_splitClauses_0":["10800000"],
"predicateGeneratorTime_Empty_splitClauses_1":["10800000"],
"minedSingleVariableTemplatesNumber_Mined_splitClauses_0":["87"],
"minedTemplateRelationSymbolNumber_PredictedCDHG_splitClauses_1":["14"],
"minedTemplateNumber_PredictedCG_splitClauses_0":["100"],
"averagePredicateSize_RelationalIneqs_splitClauses_1":["10800000"],
"labeledTemplateRelationSymbolNumber_Random_splitClauses_1":["5"],
"minedTemplateNumber_RelationalIneqs_splitClauses_0":["100"],
"predicateGeneratorTime_RelationalIneqs_splitClauses_0":["10800000"],
"labeledTemplateRelationSymbolNumber_Empty_splitClauses_0":["5"],
"minedBinaryVariableTemplatesNumber_Octagon_splitClauses_0":["13"],
"relationSymbolNumber_Labeled_splitClauses_0":["63"],
"labeledSingleVariableTemplatesNumber_Term_splitClauses_1":["1"],
"labeledBinaryVariableTemplatesNumber_Empty_splitClauses_0":["13"],
"minedTemplateNumber_Octagon_splitClauses_0":["100"],
"labeledBinaryVariableTemplatesNumber_Unlabeled_splitClauses_0":["13"],
"clauseNumberAfterSimplification_PredictedCDHG_splitClauses_0":["41"],
"smt2FileSizeByte_PredictedCG_splitClauses_0":["33107"],
"minedBinaryVariableTemplatesNumber_RelationalEqs_splitClauses_0":["13"],
"labeledTemplateRelationSymbolNumber_RelationalEqs_splitClauses_1":["5"],
"minedBinaryVariableTemplatesNumber_Random_splitClauses_1":["13"],
"clauseNumberAfterSimplification_Unlabeled_splitClauses_1":["41"],
"minedSingleVariableTemplatesNumber_PredictedCDHG_splitClauses_1":["87"],
"labeledBinaryVariableTemplatesNumber_Term_splitClauses_1":["13"],
"clauseNumberBeforeSimplification_Empty_splitClauses_1":["87"],
"minedBinaryVariableTemplatesNumber_Mined_splitClauses_1":["13"],
"unlabeledBinaryVariableTemplatesNumber_Unlabeled_splitClauses_1":["420"],
"unlabeledTemplateNumber_PredictedCG_splitClauses_1":["675"],
"generatedPredicateNumber_Empty_splitClauses_0":["10800000"],
"predicateGeneratorTime_RelationalIneqs_splitClauses_1":["10800000"],
"unlabeledSingleVariableTemplatesNumber_Empty_splitClauses_0":["255"],
"cegarIterationNumber_Octagon_splitClauses_0":["10800000"],
"clauseNumberAfterSimplification_Octagon_splitClauses_1":["41"],
"unlabeledSingleVariableTemplatesNumber_Labeled_splitClauses_1":["255"],
"clauseNumberBeforeSimplification_Random_splitClauses_1":["87"],
"minedTemplateRelationSymbolNumber_All_splitClauses_0":["14"],
"unlabeledTemplateRelationSymbolNumber_RelationalEqs_splitClauses_0":["14"],
"minedSingleVariableTemplatesNumber_Unlabeled_splitClauses_1":["87"],
"clauseNumberBeforeSimplification_RelationalEqs_splitClauses_0":["87"],
"minedTemplateNumber_Unlabeled_splitClauses_0":["100"],
"generatedPredicateNumber_Octagon_splitClauses_0":["10800000"],
"predicateGeneratorTime_PredictedCDHG_splitClauses_0":["10800000"],
"clauseNumberAfterSimplification_PredictedCG_splitClauses_1":["41"],
"labeledSingleVariableTemplatesNumber_RelationalEqs_splitClauses_1":["1"],
"smt2FileSizeByte_Random_splitClauses_1":["33107"],
"averagePredicateSize_PredictedCG_splitClauses_1":["10800000"],
"cegarIterationNumber_PredictedCDHG_splitClauses_1":["10800000"],
"clauseNumberAfterSimplification_RelationalEqs_splitClauses_1":["41"],
"minedBinaryVariableTemplatesNumber_Empty_splitClauses_1":["13"],
"minedTemplateNumber_PredictedCDHG_splitClauses_0":["100"],
"labeledBinaryVariableTemplatesNumber_All_splitClauses_1":["13"],
"solvingTime_RelationalIneqs_splitClauses_1":["10800000"],
"unlabeledTemplateRelationSymbolNumber_RelationalEqs_splitClauses_1":["14"],
"smt2FileSizeByte_Unlabeled_splitClauses_0":["33107"],
"generatedPredicateNumber_All_splitClauses_0":["10800000"],
"predicateGeneratorTime_Octagon_splitClauses_1":["10800000"],
"solvability_Mined_splitClauses_1":["1"],
"minedTemplateRelationSymbolNumber_Term_splitClauses_1":["14"],
"clauseNumberAfterSimplification_Mined_splitClauses_0":["41"],
"solvability_PredictedCDHG_splitClauses_0":["10800000"],
"solvingTime_Empty_splitClauses_0":["10800000"],
"unlabeledSingleVariableTemplatesNumber_Unlabeled_splitClauses_1":["255"],
"minedTemplateNumber_Term_splitClauses_1":["100"],
"averagePredicateSize_Octagon_splitClauses_1":["10800000"],
"relationSymbolNumber_Empty_splitClauses_1":["63"],
"unlabeledSingleVariableTemplatesNumber_Octagon_splitClauses_1":["255"],
"minedTemplateRelationSymbolNumber_RelationalEqs_splitClauses_1":["14"],
"minedBinaryVariableTemplatesNumber_RelationalIneqs_splitClauses_0":["13"],
"predicateGeneratorTime_Term_splitClauses_1":["10800000"],
"solvingTime_Labeled_splitClauses_0":["10800000"],
"unlabeledBinaryVariableTemplatesNumber_PredictedCG_splitClauses_0":["420"],
"minedTemplateNumber_All_splitClauses_0":["100"],
"predicateGeneratorTime_Labeled_splitClauses_1":["10800000"],
"unlabeledTemplateRelationSymbolNumber_Empty_splitClauses_0":["14"],
"unlabeledTemplateNumber_Mined_splitClauses_1":["675"],
"solvability_PredictedCG_splitClauses_1":["10800000"],
"unlabeledTemplateNumber_Term_splitClauses_0":["675"],
"minedBinaryVariableTemplatesNumber_PredictedCG_splitClauses_1":["13"],
"labeledSingleVariableTemplatesNumber_PredictedCDHG_splitClauses_0":["1"],
"minedBinaryVariableTemplatesNumber_All_splitClauses_0":["13"],
"averagePredicateSize_PredictedCDHG_splitClauses_1":["10800000"],
"predicateGeneratorTime_PredictedCG_splitClauses_0":["10800000"],
"generatedPredicateNumber_RelationalIneqs_splitClauses_0":["10800000"],
"labeledTemplateNumber_Empty_splitClauses_0":["14"],
"unlabeledTemplateRelationSymbolNumber_Term_splitClauses_0":["14"],
"minedTemplateNumber_All_splitClauses_1":["100"],
"labeledSingleVariableTemplatesNumber_Empty_splitClauses_1":["1"],
"minedBinaryVariableTemplatesNumber_Unlabeled_splitClauses_0":["13"],
"labeledTemplateNumber_Random_splitClauses_0":["14"],
"minedBinaryVariableTemplatesNumber_All_splitClauses_1":["13"],
"unlabeledSingleVariableTemplatesNumber_All_splitClauses_0":["255"],
"smt2FileSizeByte_PredictedCDHG_splitClauses_1":["33107"],
"labeledBinaryVariableTemplatesNumber_PredictedCDHG_splitClauses_0":["13"],
"averagePredicateSize_RelationalEqs_splitClauses_1":["10800000"],
"minedSingleVariableTemplatesNumber_Term_splitClauses_0":["87"],
"labeledTemplateRelationSymbolNumber_Term_splitClauses_1":["5"],
"generatedPredicateNumber_Random_splitClauses_0":["10800000"],
"labeledBinaryVariableTemplatesNumber_Empty_splitClauses_1":["13"],
"clauseNumberAfterSimplification_Labeled_splitClauses_0":["41"],
"labeledSingleVariableTemplatesNumber_Labeled_splitClauses_0":["1"],
"minedTemplateNumber_Mined_splitClauses_1":["100"],
"labeledTemplateRelationSymbolNumber_Labeled_splitClauses_0":["5"],
"unlabeledTemplateRelationSymbolNumber_Mined_splitClauses_1":["14"],
"solvability_Labeled_splitClauses_0":["10800000"],
"minedTemplateNumber_RelationalEqs_splitClauses_1":["100"],
"solvingTime_Random_splitClauses_1":["10800000"],
"minedTemplateNumber_Random_splitClauses_0":["100"],
"cegarIterationNumber_Unlabeled_splitClauses_1":["10800000"],
"minedTemplateNumber_RelationalIneqs_splitClauses_1":["100"],
"unlabeledBinaryVariableTemplatesNumber_Octagon_splitClauses_1":["420"],
"minedSingleVariableTemplatesNumber_Octagon_splitClauses_1":["87"],
"minedSingleVariableTemplatesNumber_Random_splitClauses_1":["87"],
"averagePredicateSize_All_splitClauses_1":["10800000"],
"minedTemplateNumber_Empty_splitClauses_0":["100"],
"labeledTemplateNumber_Mined_splitClauses_0":["14"],
"unlabeledBinaryVariableTemplatesNumber_All_splitClauses_0":["420"],
"labeledSingleVariableTemplatesNumber_PredictedCDHG_splitClauses_1":["1"],
"minedSingleVariableTemplatesNumber_Mined_splitClauses_1":["87"],
"labeledTemplateRelationSymbolNumber_Term_splitClauses_0":["5"],
"unlabeledTemplateRelationSymbolNumber_Term_splitClauses_1":["14"],
"predicateGeneratorTime_All_splitClauses_1":["10800000"],
"unlabeledSingleVariableTemplatesNumber_Random_splitClauses_0":["255"],
"predicateGeneratorTime_Unlabeled_splitClauses_1":["10800000"],
"cegarIterationNumber_PredictedCDHG_splitClauses_0":["10800000"],
"labeledTemplateNumber_RelationalEqs_splitClauses_0":["14"],
"labeledTemplateRelationSymbolNumber_Mined_splitClauses_1":["5"],
"labeledTemplateRelationSymbolNumber_Random_splitClauses_0":["5"],
"labeledBinaryVariableTemplatesNumber_RelationalEqs_splitClauses_1":["13"],
"generatedPredicateNumber_RelationalIneqs_splitClauses_1":["10800000"],
"unlabeledTemplateRelationSymbolNumber_PredictedCG_splitClauses_1":["14"],
"unlabeledSingleVariableTemplatesNumber_RelationalEqs_splitClauses_0":["255"],
"labeledBinaryVariableTemplatesNumber_Labeled_splitClauses_0":["13"],
"minedBinaryVariableTemplatesNumber_PredictedCDHG_splitClauses_0":["13"],
"unlabeledTemplateRelationSymbolNumber_Unlabeled_splitClauses_0":["14"],
"clauseNumberAfterSimplification_Term_splitClauses_1":["41"],
"relationSymbolNumber_RelationalIneqs_splitClauses_0":["63"],
"unlabeledTemplateNumber_Octagon_splitClauses_0":["675"],
"unlabeledBinaryVariableTemplatesNumber_RelationalEqs_splitClauses_1":["420"],
"unlabeledTemplateNumber_PredictedCG_splitClauses_0":["675"],
"unlabeledTemplateNumber_All_splitClauses_0":["675"],
"labeledTemplateRelationSymbolNumber_RelationalIneqs_splitClauses_1":["5"],
"unlabeledSingleVariableTemplatesNumber_Mined_splitClauses_1":["255"],
"labeledTemplateRelationSymbolNumber_Unlabeled_splitClauses_1":["5"],
"labeledBinaryVariableTemplatesNumber_Random_splitClauses_1":["13"],
"relationSymbolNumber_RelationalEqs_splitClauses_0":["63"],
"solvability_Random_splitClauses_1":["10800000"],
"solvingTime_Term_splitClauses_0":["10800000"],
"minedSingleVariableTemplatesNumber_Labeled_splitClauses_1":["87"],
"relationSymbolNumber_Random_splitClauses_0":["63"],
"clauseNumberBeforeSimplification_Term_splitClauses_0":["87"],
"minedTemplateRelationSymbolNumber_Mined_splitClauses_0":["14"],
"solvability_Octagon_splitClauses_1":["10800000"],
"relationSymbolNumber_Labeled_splitClauses_1":["63"],
"minedSingleVariableTemplatesNumber_RelationalIneqs_splitClauses_1":["87"],
"smt2FileSizeByte_Labeled_splitClauses_0":["33107"],
"solvability_RelationalEqs_splitClauses_1":["10800000"],
"unlabeledSingleVariableTemplatesNumber_Empty_splitClauses_1":["255"],
"labeledTemplateNumber_PredictedCDHG_splitClauses_1":["14"],
"minedTemplateRelationSymbolNumber_Octagon_splitClauses_0":["14"],
"clauseNumberAfterSimplification_Unlabeled_splitClauses_0":["41"],
"clauseNumberBeforeSimplification_Unlabeled_splitClauses_0":["87"],
"clauseNumberBeforeSimplification_PredictedCDHG_splitClauses_0":["87"],
"cegarIterationNumber_RelationalIneqs_splitClauses_0":["10800000"],
"relationSymbolNumber_All_splitClauses_0":["63"],
"labeledTemplateRelationSymbolNumber_RelationalEqs_splitClauses_0":["5"],
"averagePredicateSize_Labeled_splitClauses_0":["10800000"],
"smt2FileSizeByte_RelationalIneqs_splitClauses_1":["33107"],
"clauseNumberBeforeSimplification_RelationalEqs_splitClauses_1":["87"],
"unlabeledTemplateRelationSymbolNumber_RelationalIneqs_splitClauses_1":["14"],
"clauseNumberBeforeSimplification_PredictedCG_splitClauses_0":["87"],
"solvingTime_PredictedCDHG_splitClauses_0":["10800000"],
"labeledTemplateRelationSymbolNumber_Octagon_splitClauses_1":["5"],
"minedTemplateRelationSymbolNumber_PredictedCG_splitClauses_1":["14"],
"labeledTemplateNumber_Random_splitClauses_1":["14"],
"solvingTime_RelationalIneqs_splitClauses_0":["10800000"],
"labeledTemplateNumber_All_splitClauses_1":["14"],
"unlabeledTemplateNumber_Random_splitClauses_1":["675"],
"relationSymbolNumber_PredictedCDHG_splitClauses_1":["63"],
"smt2FileSizeByte_Unlabeled_splitClauses_1":["33107"],
"cegarIterationNumber_PredictedCG_splitClauses_0":["10800000"],
"predicateGeneratorTime_Octagon_splitClauses_0":["10800000"],
"unlabeledTemplateNumber_RelationalEqs_splitClauses_1":["675"],
"clauseNumberAfterSimplification_Octagon_splitClauses_0":["41"],
"cegarIterationNumber_Random_splitClauses_0":["10800000"],
"solvability_PredictedCDHG_splitClauses_1":["10800000"],
"solvability_PredictedCG_splitClauses_0":["10800000"],
"solvingTime_PredictedCG_splitClauses_1":["10800000"],
"unlabeledSingleVariableTemplatesNumber_Unlabeled_splitClauses_0":["255"],
"unlabeledTemplateNumber_Unlabeled_splitClauses_0":["675"],
"labeledTemplateRelationSymbolNumber_RelationalIneqs_splitClauses_0":["5"],
"minedTemplateNumber_Random_splitClauses_1":["100"],
"relationSymbolNumber_PredictedCG_splitClauses_0":["63"],
"generatedPredicateNumber_RelationalEqs_splitClauses_0":["10800000"],
"minedTemplateNumber_Term_splitClauses_0":["100"],
"solvingTime_All_splitClauses_1":["10800000"],
"minedSingleVariableTemplatesNumber_PredictedCG_splitClauses_0":["87"],
"smt2FileSizeByte_Term_splitClauses_1":["33107"],
"labeledBinaryVariableTemplatesNumber_All_splitClauses_0":["13"],
"minedTemplateNumber_PredictedCDHG_splitClauses_1":["100"],
"minedTemplateRelationSymbolNumber_PredictedCDHG_splitClauses_0":["14"],
"averagePredicateSize_Unlabeled_splitClauses_0":["10800000"],
"minedBinaryVariableTemplatesNumber_Octagon_splitClauses_1":["13"],
"unlabeledSingleVariableTemplatesNumber_Random_splitClauses_1":["255"],
"clauseNumberBeforeSimplification_Random_splitClauses_0":["87"],
"solvingTime_Unlabeled_splitClauses_1":["10800000"],
"predicateGeneratorTime_PredictedCDHG_splitClauses_1":["10800000"],
"averagePredicateSize_PredictedCDHG_splitClauses_0":["10800000"],
"minedBinaryVariableTemplatesNumber_Term_splitClauses_0":["13"],
"labeledTemplateNumber_RelationalIneqs_splitClauses_0":["14"],
"clauseNumberAfterSimplification_Random_splitClauses_0":["41"],
"clauseNumberAfterSimplification_PredictedCG_splitClauses_0":["41"],
"generatedPredicateNumber_Empty_splitClauses_1":["10800000"],
"clauseNumberBeforeSimplification_Octagon_splitClauses_0":["87"],
"unlabeledTemplateNumber_Empty_splitClauses_0":["675"],
"minedSingleVariableTemplatesNumber_All_splitClauses_0":["87"],
"labeledTemplateRelationSymbolNumber_Octagon_splitClauses_0":["5"],
"generatedPredicateNumber_Random_splitClauses_1":["10800000"],
"clauseNumberAfterSimplification_RelationalEqs_splitClauses_0":["41"],
"labeledBinaryVariableTemplatesNumber_Term_splitClauses_0":["13"],
"minedSingleVariableTemplatesNumber_RelationalEqs_splitClauses_0":["87"],
"minedTemplateNumber_Mined_splitClauses_0":["100"],
"averagePredicateSize_Octagon_splitClauses_0":["10800000"],
"unlabeledBinaryVariableTemplatesNumber_Empty_splitClauses_1":["420"],
"relationSymbolNumber_Unlabeled_splitClauses_0":["63"],
"unlabeledSingleVariableTemplatesNumber_PredictedCDHG_splitClauses_0":["255"],
"unlabeledSingleVariableTemplatesNumber_PredictedCG_splitClauses_1":["255"],
"labeledTemplateRelationSymbolNumber_Labeled_splitClauses_1":["5"],
"minedTemplateRelationSymbolNumber_Random_splitClauses_0":["14"],
"unlabeledTemplateRelationSymbolNumber_PredictedCG_splitClauses_0":["14"],
"unlabeledTemplateNumber_RelationalIneqs_splitClauses_0":["675"],
"unlabeledSingleVariableTemplatesNumber_Labeled_splitClauses_0":["255"],
"minedTemplateNumber_Unlabeled_splitClauses_1":["100"],
"generatedPredicateNumber_PredictedCG_splitClauses_0":["10800000"],
"labeledTemplateNumber_Unlabeled_splitClauses_1":["14"],
"unlabeledTemplateRelationSymbolNumber_Empty_splitClauses_1":["14"],
"clauseNumberBeforeSimplification_Empty_splitClauses_0":["87"],
"solvingTime_Octagon_splitClauses_1":["10800000"],
"cegarIterationNumber_Mined_splitClauses_1":["8"],
"clauseNumberBeforeSimplification_Mined_splitClauses_1":["87"],
"smt2FileSizeByte_PredictedCDHG_splitClauses_0":["33107"],
"averagePredicateSize_PredictedCG_splitClauses_0":["10800000"],
"solvingTime_Random_splitClauses_0":["10800000"],
"minedTemplateNumber_RelationalEqs_splitClauses_0":["100"],
"unlabeledSingleVariableTemplatesNumber_RelationalIneqs_splitClauses_0":["255"],
"unlabeledTemplateNumber_Unlabeled_splitClauses_1":["675"],
"labeledBinaryVariableTemplatesNumber_RelationalEqs_splitClauses_0":["13"],
"generatedPredicateNumber_PredictedCDHG_splitClauses_0":["10800000"],
"minedTemplateRelationSymbolNumber_Empty_splitClauses_1":["14"],
"predicateGeneratorTime_Random_splitClauses_1":["10800000"],
"labeledTemplateNumber_Term_splitClauses_1":["14"],
"minedSingleVariableTemplatesNumber_Empty_splitClauses_1":["87"],
"minedSingleVariableTemplatesNumber_RelationalIneqs_splitClauses_0":["87"],
"clauseNumberAfterSimplification_All_splitClauses_0":["41"],
"unlabeledBinaryVariableTemplatesNumber_RelationalEqs_splitClauses_0":["420"],
"cegarIterationNumber_RelationalEqs_splitClauses_0":["10800000"],
"labeledTemplateRelationSymbolNumber_PredictedCDHG_splitClauses_0":["5"],
"labeledSingleVariableTemplatesNumber_Labeled_splitClauses_1":["1"],
"unlabeledBinaryVariableTemplatesNumber_All_splitClauses_1":["420"],
"minedTemplateRelationSymbolNumber_Unlabeled_splitClauses_1":["14"],
"solvingTime_RelationalEqs_splitClauses_0":["10800000"],
"solvingTime_RelationalEqs_splitClauses_1":["10800000"],
"minedBinaryVariableTemplatesNumber_Mined_splitClauses_0":["13"],
"clauseNumberBeforeSimplification_All_splitClauses_0":["87"],
"clauseNumberBeforeSimplification_RelationalIneqs_splitClauses_1":["87"],
"labeledTemplateNumber_RelationalEqs_splitClauses_1":["14"],
"labeledBinaryVariableTemplatesNumber_RelationalIneqs_splitClauses_0":["13"],
"clauseNumberAfterSimplification_Empty_splitClauses_0":["41"],
"averagePredicateSize_Empty_splitClauses_0":["10800000"],
"relationSymbolNumber_PredictedCG_splitClauses_1":["63"],
"unlabeledTemplateNumber_Term_splitClauses_1":["675"],
"predicateGeneratorTime_Mined_splitClauses_1":["261"],
"relationSymbolNumber_Mined_splitClauses_0":["63"],
"labeledBinaryVariableTemplatesNumber_RelationalIneqs_splitClauses_1":["13"],
"predicateGeneratorTime_Unlabeled_splitClauses_0":["10800000"],
"generatedPredicateNumber_Mined_splitClauses_0":["10800000"],
"generatedPredicateNumber_RelationalEqs_splitClauses_1":["10800000"],
"labeledTemplateRelationSymbolNumber_PredictedCG_splitClauses_0":["5"],
"minedSingleVariableTemplatesNumber_PredictedCG_splitClauses_1":["87"],
"minedTemplateRelationSymbolNumber_PredictedCG_splitClauses_0":["14"],
"unlabeledTemplateRelationSymbolNumber_Labeled_splitClauses_0":["14"],
"solvability_Empty_splitClauses_1":["10800000"],
"averagePredicateSize_Term_splitClauses_0":["10800000"],
"cegarIterationNumber_Random_splitClauses_1":["10800000"],
"relationSymbolNumber_All_splitClauses_1":["63"],
"averagePredicateSize_Labeled_splitClauses_1":["10800000"],
"unlabeledBinaryVariableTemplatesNumber_Unlabeled_splitClauses_0":["420"],
"generatedPredicateNumber_Unlabeled_splitClauses_1":["10800000"],
"predicateGeneratorTime_All_splitClauses_0":["10800000"],
"unlabeledBinaryVariableTemplatesNumber_PredictedCDHG_splitClauses_1":["420"],
"clauseNumberBeforeSimplification_Labeled_splitClauses_1":["87"],
"minedBinaryVariableTemplatesNumber_Labeled_splitClauses_1":["13"],
"labeledSingleVariableTemplatesNumber_All_splitClauses_0":["1"],
"unlabeledTemplateRelationSymbolNumber_Mined_splitClauses_0":["14"],
"cegarIterationNumber_Octagon_splitClauses_1":["10800000"],
"labeledTemplateNumber_Octagon_splitClauses_0":["14"],
"labeledTemplateRelationSymbolNumber_All_splitClauses_1":["5"],
"smt2FileSizeByte_Empty_splitClauses_0":["33107"],
"relationSymbolNumber_RelationalIneqs_splitClauses_1":["63"],
"unlabeledTemplateNumber_Octagon_splitClauses_1":["675"],
"predicateGeneratorTime_RelationalEqs_splitClauses_0":["10800000"],
"unlabeledTemplateRelationSymbolNumber_RelationalIneqs_splitClauses_0":["14"],
"smt2FileSizeByte_RelationalEqs_splitClauses_1":["33107"],
"unlabeledTemplateNumber_Labeled_splitClauses_0":["675"],
"relationSymbolNumber_Random_splitClauses_1":["63"],
"minedSingleVariableTemplatesNumber_Labeled_splitClauses_0":["87"],
"solvingTime_PredictedCDHG_splitClauses_1":["10800000"],
"minedTemplateNumber_Octagon_splitClauses_1":["100"],
"clauseNumberBeforeSimplification_Mined_splitClauses_0":["87"],
"smt2FileSizeByte_All_splitClauses_0":["33107"],
"solvingTime_All_splitClauses_0":["10800000"],
"minedBinaryVariableTemplatesNumber_Term_splitClauses_1":["13"],
"unlabeledTemplateRelationSymbolNumber_Random_splitClauses_0":["14"],
"cegarIterationNumber_All_splitClauses_0":["10800000"],
"smt2FileSizeByte_RelationalEqs_splitClauses_0":["33107"],
"unlabeledSingleVariableTemplatesNumber_PredictedCDHG_splitClauses_1":["255"],
"clauseNumberBeforeSimplification_Labeled_splitClauses_0":["87"],
"cegarIterationNumber_PredictedCG_splitClauses_1":["10800000"],
"labeledTemplateRelationSymbolNumber_Unlabeled_splitClauses_0":["5"],
"unlabeledTemplateRelationSymbolNumber_Octagon_splitClauses_1":["14"],
"unlabeledTemplateNumber_Empty_splitClauses_1":["675"],
"clauseNumberBeforeSimplification_Octagon_splitClauses_1":["87"],
"labeledTemplateNumber_Unlabeled_splitClauses_0":["14"],
"labeledBinaryVariableTemplatesNumber_PredictedCG_splitClauses_0":["13"],
"solvability_Term_splitClauses_1":["10800000"],
"solvability_Octagon_splitClauses_0":["10800000"],
"minedTemplateRelationSymbolNumber_RelationalIneqs_splitClauses_0":["14"],
"clauseNumberBeforeSimplification_RelationalIneqs_splitClauses_0":["87"],
"labeledTemplateNumber_PredictedCG_splitClauses_0":["14"],
"cegarIterationNumber_Labeled_splitClauses_0":["10800000"],
"smt2FileSizeByte_Labeled_splitClauses_1":["33107"],
"clauseNumberBeforeSimplification_Unlabeled_splitClauses_1":["87"],
"generatedPredicateNumber_Term_splitClauses_1":["10800000"],
"solvingTime_Term_splitClauses_1":["10800000"],
"unlabeledBinaryVariableTemplatesNumber_Random_splitClauses_1":["420"],
"unlabeledSingleVariableTemplatesNumber_Octagon_splitClauses_0":["255"],
"solvingTime_Octagon_splitClauses_0":["10800000"],
"labeledSingleVariableTemplatesNumber_Mined_splitClauses_1":["1"],
"averagePredicateSize_Term_splitClauses_1":["10800000"],
"labeledTemplateNumber_Labeled_splitClauses_0":["14"],
"unlabeledSingleVariableTemplatesNumber_PredictedCG_splitClauses_0":["255"],
"smt2FileSizeByte_Mined_splitClauses_1":["33107"],
"labeledBinaryVariableTemplatesNumber_Unlabeled_splitClauses_1":["13"],
"labeledTemplateNumber_All_splitClauses_0":["14"],
"unlabeledTemplateNumber_Random_splitClauses_0":["675"],
"labeledTemplateNumber_Octagon_splitClauses_1":["14"],
"unlabeledTemplateNumber_PredictedCDHG_splitClauses_1":["675"],
"unlabeledBinaryVariableTemplatesNumber_Mined_splitClauses_0":["420"],
"minedTemplateRelationSymbolNumber_Mined_splitClauses_1":["14"],
"labeledTemplateNumber_RelationalIneqs_splitClauses_1":["14"],
"solvability_Term_splitClauses_0":["10800000"],
"relationSymbolNumber_Octagon_splitClauses_0":["63"],
"clauseNumberBeforeSimplification_PredictedCG_splitClauses_1":["87"],
"generatedPredicateNumber_Labeled_splitClauses_1":["10800000"],
"labeledSingleVariableTemplatesNumber_Unlabeled_splitClauses_0":["1"],
"unlabeledBinaryVariableTemplatesNumber_Empty_splitClauses_0":["420"],
"solvingTime_Mined_splitClauses_0":["10800000"],
"unlabeledTemplateNumber_All_splitClauses_1":["675"],
"clauseNumberAfterSimplification_Random_splitClauses_1":["41"],
"labeledBinaryVariableTemplatesNumber_Octagon_splitClauses_1":["13"],
"unlabeledBinaryVariableTemplatesNumber_Labeled_splitClauses_0":["420"],
"smt2FileSizeByte_Octagon_splitClauses_0":["33107"],
"labeledSingleVariableTemplatesNumber_Random_splitClauses_1":["1"],
"solvability_Unlabeled_splitClauses_0":["10800000"],
"solvingTime_Unlabeled_splitClauses_0":["10800000"],
"unlabeledTemplateRelationSymbolNumber_All_splitClauses_1":["14"],
"minedTemplateNumber_Empty_splitClauses_1":["100"],
"solvability_RelationalIneqs_splitClauses_0":["10800000"],
"unlabeledTemplateRelationSymbolNumber_Labeled_splitClauses_1":["14"],
"cegarIterationNumber_RelationalEqs_splitClauses_1":["10800000"],
"minedSingleVariableTemplatesNumber_RelationalEqs_splitClauses_1":["87"],
"clauseNumberAfterSimplification_PredictedCDHG_splitClauses_1":["41"],
"minedBinaryVariableTemplatesNumber_RelationalIneqs_splitClauses_1":["13"],
"unlabeledBinaryVariableTemplatesNumber_Mined_splitClauses_1":["420"],
"unlabeledBinaryVariableTemplatesNumber_PredictedCDHG_splitClauses_0":["420"],
"solvingTime_Empty_splitClauses_1":["10800000"],
"labeledTemplateRelationSymbolNumber_Empty_splitClauses_1":["5"],
"generatedPredicateNumber_Term_splitClauses_0":["10800000"],
"averagePredicateSize_Empty_splitClauses_1":["10800000"],
"generatedPredicateNumber_PredictedCG_splitClauses_1":["10800000"],
"labeledTemplateRelationSymbolNumber_PredictedCDHG_splitClauses_1":["5"],
"relationSymbolNumber_Mined_splitClauses_1":["63"],
"predicateGeneratorTime_Mined_splitClauses_0":["10800000"],
"predicateGeneratorTime_Labeled_splitClauses_0":["10800000"],
"labeledSingleVariableTemplatesNumber_Random_splitClauses_0":["1"],
"unlabeledTemplateRelationSymbolNumber_All_splitClauses_0":["14"],
"minedBinaryVariableTemplatesNumber_Labeled_splitClauses_0":["13"],
"generatedPredicateNumber_Labeled_splitClauses_0":["10800000"],
"relationSymbolNumber_Empty_splitClauses_0":["63"],
"solvingTime_Mined_splitClauses_1":["417"],
"minedSingleVariableTemplatesNumber_All_splitClauses_1":["87"],
"predicateGeneratorTime_Random_splitClauses_0":["10800000"],
"cegarIterationNumber_Term_splitClauses_1":["10800000"],
"labeledTemplateNumber_Empty_splitClauses_1":["14"],
"clauseNumberAfterSimplification_Empty_splitClauses_1":["41"],
"minedTemplateRelationSymbolNumber_Empty_splitClauses_0":["14"],
"unlabeledSingleVariableTemplatesNumber_Term_splitClauses_0":["255"],
"minedSingleVariableTemplatesNumber_Empty_splitClauses_0":["87"],
"minedTemplateRelationSymbolNumber_RelationalEqs_splitClauses_0":["14"],
"cegarIterationNumber_Empty_splitClauses_0":["10800000"],
"minedBinaryVariableTemplatesNumber_RelationalEqs_splitClauses_1":["13"],
"labeledSingleVariableTemplatesNumber_All_splitClauses_1":["1"],
"unlabeledTemplateRelationSymbolNumber_Octagon_splitClauses_0":["14"],
"minedTemplateRelationSymbolNumber_Unlabeled_splitClauses_0":["14"],
"labeledBinaryVariableTemplatesNumber_Mined_splitClauses_0":["13"],
"minedTemplateNumber_PredictedCG_splitClauses_1":["100"],
"cegarIterationNumber_Empty_splitClauses_1":["10800000"],
"averagePredicateSize_RelationalIneqs_splitClauses_0":["10800000"],
"solvability_All_splitClauses_1":["10800000"],
"unlabeledBinaryVariableTemplatesNumber_Term_splitClauses_1":["420"],
"relationSymbolNumber_PredictedCDHG_splitClauses_0":["63"],
"minedTemplateRelationSymbolNumber_Labeled_splitClauses_1":["14"],
"averagePredicateSize_Unlabeled_splitClauses_1":["10800000"],
"labeledTemplateNumber_Term_splitClauses_0":["14"],
"smt2FileSizeByte_Empty_splitClauses_1":["33107"],
"solvingTime_PredictedCG_splitClauses_0":["10800000"],
"relationSymbolNumber_Term_splitClauses_0":["63"],
"cegarIterationNumber_All_splitClauses_1":["10800000"],
"clauseNumberBeforeSimplification_Term_splitClauses_1":["87"],
"predicateGeneratorTime_Empty_splitClauses_0":["10800000"],
"averagePredicateSize_All_splitClauses_0":["10800000"],
"unlabeledBinaryVariableTemplatesNumber_Random_splitClauses_0":["420"],
"smt2FileSizeByte_Term_splitClauses_0":["33107"],
"averagePredicateSize_Mined_splitClauses_1":["1"],
"minedBinaryVariableTemplatesNumber_Empty_splitClauses_0":["13"],
"minedTemplateRelationSymbolNumber_All_splitClauses_1":["14"],
"labeledSingleVariableTemplatesNumber_PredictedCG_splitClauses_0":["1"],
"unlabeledBinaryVariableTemplatesNumber_RelationalIneqs_splitClauses_0":["420"],
"unlabeledSingleVariableTemplatesNumber_RelationalIneqs_splitClauses_1":["255"],
"clauseNumberAfterSimplification_RelationalIneqs_splitClauses_0":["41"],
"unlabeledTemplateNumber_RelationalEqs_splitClauses_0":["675"],
"unlabeledTemplateNumber_RelationalIneqs_splitClauses_1":["675"],
"labeledTemplateRelationSymbolNumber_PredictedCG_splitClauses_1":["5"],
"labeledTemplateRelationSymbolNumber_All_splitClauses_0":["5"],
"labeledSingleVariableTemplatesNumber_Octagon_splitClauses_0":["1"],
"dummyFiled":[]
}