{
"cegarIterationNumber_Term_splitClauses_0":[5],
"cegarIterationNumber_RelationalIneqs_splitClauses_1":[50],
"cegarIterationNumber_Octagon_splitClauses_0":[5],
"solvingTime_RelationalIneqs_splitClauses_1":[1812],
"solvingTime_Term_splitClauses_0":[1395],
"cegarIterationNumber_RelationalIneqs_splitClauses_0":[5],
"solvingTime_RelationalIneqs_splitClauses_0":[1794],
"solvingTime_Octagon_splitClauses_1":[2074],
"cegarIterationNumber_RelationalEqs_splitClauses_0":[5],
"solvingTime_RelationalEqs_splitClauses_0":[1869],
"solvingTime_RelationalEqs_splitClauses_1":[1745],
"cegarIterationNumber_Octagon_splitClauses_1":[50],
"solvingTime_Term_splitClauses_1":[1648],
"solvingTime_Octagon_splitClauses_0":[2129],
"cegarIterationNumber_RelationalEqs_splitClauses_1":[50],
"cegarIterationNumber_Term_splitClauses_1":[50],
"dummyFiled":[]
}