{
"smt2FileSizeByte_All_splitClauses_1":["2082730"],
"generatedPredicateNumber_All_splitClauses_1":["10800000"],
"unlabeledTemplateRelationSymbolNumber_PredictedCDHG_splitClauses_0":["24"],
"relationSymbolNumberBeforeSimplification_Unlabeled_splitClauses_1":["439"],
"predicateGeneratorTime_Term_splitClauses_0":["10800000"],
"averagePredicateSize_Random_splitClauses_1":["1"],
"labeledBinaryVariableTemplatesNumber_Labeled_splitClauses_1":["20"],
"clauseNumberBeforeSimplification_All_splitClauses_1":["214"],
"minedTemplateRelationSymbolNumber_Term_splitClauses_0":["24"],
"solvingTime_Labeled_splitClauses_1":["3578"],
"unlabeledTemplateNumber_Labeled_splitClauses_1":["30258"],
"relationSymbolNumberAfterSimplification_All_splitClauses_1":["123"],
"minedTemplateRelationSymbolNumber_Octagon_splitClauses_1":["24"],
"clauseNumberAfterSimplification_Mined_splitClauses_1":["58"],
"relationSymbolNumberBeforeSimplification_Octagon_splitClauses_0":["439"],
"unlabeledBinaryVariableTemplatesNumber_Term_splitClauses_0":["20124"],
"labeledTemplateNumber_PredictedCDHG_splitClauses_0":["24"],
"solvability_Empty_splitClauses_0":["10800000"],
"unlabeledTemplateRelationSymbolNumber_Random_splitClauses_1":["24"],
"labeledBinaryVariableTemplatesNumber_Octagon_splitClauses_0":["20"],
"relationSymbolNumberBeforeSimplification_Random_splitClauses_1":["439"],
"minedTemplateRelationSymbolNumber_Random_splitClauses_1":["24"],
"unlabeledSingleVariableTemplatesNumber_Mined_splitClauses_0":["10134"],
"unlabeledBinaryVariableTemplatesNumber_PredictedCG_splitClauses_1":["20124"],
"solvability_All_splitClauses_0":["10800000"],
"predicateGeneratorTime_RelationalEqs_splitClauses_1":["3297"],
"relationSymbolNumberBeforeSimplification_PredictedCDHG_splitClauses_1":["439"],
"smt2FileSizeByte_PredictedCG_splitClauses_1":["2082730"],
"labeledSingleVariableTemplatesNumber_Unlabeled_splitClauses_1":["4"],
"labeledBinaryVariableTemplatesNumber_PredictedCG_splitClauses_1":["20"],
"minedBinaryVariableTemplatesNumber_PredictedCG_splitClauses_0":["20"],
"solvability_Random_splitClauses_0":["10800000"],
"relationSymbolNumberAfterSimplification_PredictedCG_splitClauses_1":["123"],
"clauseNumberBeforeSimplification_PredictedCDHG_splitClauses_1":["214"],
"labeledSingleVariableTemplatesNumber_Mined_splitClauses_0":["4"],
"solvability_Unlabeled_splitClauses_1":["1"],
"cegarIterationNumber_Labeled_splitClauses_1":["21"],
"smt2FileSizeByte_Mined_splitClauses_0":["2082730"],
"relationSymbolNumberAfterSimplification_Mined_splitClauses_0":["123"],
"labeledSingleVariableTemplatesNumber_PredictedCG_splitClauses_1":["4"],
"smt2FileSizeByte_Octagon_splitClauses_1":["2082730"],
"minedTemplateNumber_Labeled_splitClauses_1":["3398"],
"labeledSingleVariableTemplatesNumber_RelationalIneqs_splitClauses_1":["4"],
"clauseNumberAfterSimplification_Labeled_splitClauses_1":["58"],
"relationSymbolNumberAfterSimplification_Labeled_splitClauses_0":["123"],
"smt2FileSizeByte_Random_splitClauses_0":["2082730"],
"relationSymbolNumberAfterSimplification_PredictedCDHG_splitClauses_0":["123"],
"unlabeledTemplateRelationSymbolNumber_PredictedCDHG_splitClauses_1":["24"],
"labeledSingleVariableTemplatesNumber_Term_splitClauses_0":["4"],
"generatedPredicateNumber_PredictedCDHG_splitClauses_1":["10800000"],
"minedSingleVariableTemplatesNumber_Unlabeled_splitClauses_0":["3378"],
"generatedPredicateNumber_Octagon_splitClauses_1":["59"],
"labeledSingleVariableTemplatesNumber_RelationalEqs_splitClauses_0":["4"],
"predicateGeneratorTime_PredictedCG_splitClauses_1":["10800000"],
"relationSymbolNumberAfterSimplification_Octagon_splitClauses_0":["123"],
"labeledTemplateNumber_Labeled_splitClauses_1":["24"],
"labeledSingleVariableTemplatesNumber_Empty_splitClauses_0":["4"],
"minedTemplateRelationSymbolNumber_RelationalIneqs_splitClauses_1":["24"],
"unlabeledSingleVariableTemplatesNumber_All_splitClauses_1":["10134"],
"labeledBinaryVariableTemplatesNumber_PredictedCDHG_splitClauses_1":["20"],
"unlabeledSingleVariableTemplatesNumber_RelationalEqs_splitClauses_1":["10134"],
"cegarIterationNumber_Term_splitClauses_0":["10800000"],
"unlabeledBinaryVariableTemplatesNumber_Labeled_splitClauses_1":["20124"],
"unlabeledSingleVariableTemplatesNumber_Term_splitClauses_1":["10134"],
"clauseNumberAfterSimplification_All_splitClauses_1":["58"],
"minedSingleVariableTemplatesNumber_Random_splitClauses_0":["3378"],
"solvability_RelationalIneqs_splitClauses_1":["1"],
"minedTemplateNumber_Labeled_splitClauses_0":["3398"],
"minedSingleVariableTemplatesNumber_Octagon_splitClauses_0":["3378"],
"minedSingleVariableTemplatesNumber_Term_splitClauses_1":["3378"],
"minedBinaryVariableTemplatesNumber_PredictedCDHG_splitClauses_1":["20"],
"generatedPredicateNumber_Mined_splitClauses_1":["59"],
"labeledSingleVariableTemplatesNumber_RelationalIneqs_splitClauses_0":["4"],
"averagePredicateSize_Mined_splitClauses_0":["10800000"],
"cegarIterationNumber_Unlabeled_splitClauses_0":["10800000"],
"minedBinaryVariableTemplatesNumber_Random_splitClauses_0":["20"],
"labeledTemplateNumber_Mined_splitClauses_1":["24"],
"labeledBinaryVariableTemplatesNumber_Random_splitClauses_0":["20"],
"unlabeledTemplateRelationSymbolNumber_Unlabeled_splitClauses_1":["24"],
"cegarIterationNumber_Mined_splitClauses_0":["10800000"],
"minedTemplateRelationSymbolNumber_Labeled_splitClauses_0":["24"],
"unlabeledBinaryVariableTemplatesNumber_RelationalIneqs_splitClauses_1":["20124"],
"unlabeledBinaryVariableTemplatesNumber_Octagon_splitClauses_0":["20124"],
"solvability_Mined_splitClauses_0":["10800000"],
"averagePredicateSize_RelationalEqs_splitClauses_0":["10800000"],
"clauseNumberAfterSimplification_Term_splitClauses_0":["58"],
"unlabeledTemplateNumber_Mined_splitClauses_0":["30258"],
"relationSymbolNumberAfterSimplification_Random_splitClauses_1":["123"],
"unlabeledTemplateNumber_PredictedCDHG_splitClauses_0":["30258"],
"cegarIterationNumber_RelationalIneqs_splitClauses_1":["21"],
"minedBinaryVariableTemplatesNumber_Unlabeled_splitClauses_1":["20"],
"labeledTemplateNumber_PredictedCG_splitClauses_1":["24"],
"labeledTemplateRelationSymbolNumber_Mined_splitClauses_0":["15"],
"labeledBinaryVariableTemplatesNumber_Mined_splitClauses_1":["20"],
"relationSymbolNumberBeforeSimplification_Mined_splitClauses_0":["439"],
"relationSymbolNumberBeforeSimplification_RelationalIneqs_splitClauses_0":["439"],
"clauseNumberAfterSimplification_RelationalIneqs_splitClauses_1":["58"],
"minedSingleVariableTemplatesNumber_PredictedCDHG_splitClauses_0":["3378"],
"solvability_Labeled_splitClauses_1":["1"],
"labeledSingleVariableTemplatesNumber_Octagon_splitClauses_1":["4"],
"averagePredicateSize_Random_splitClauses_0":["10800000"],
"smt2FileSizeByte_RelationalIneqs_splitClauses_0":["2082730"],
"generatedPredicateNumber_Unlabeled_splitClauses_0":["10800000"],
"solvability_RelationalEqs_splitClauses_0":["10800000"],
"predicateGeneratorTime_Empty_splitClauses_1":["3043"],
"minedSingleVariableTemplatesNumber_Mined_splitClauses_0":["3378"],
"relationSymbolNumberAfterSimplification_Unlabeled_splitClauses_0":["123"],
"minedTemplateRelationSymbolNumber_PredictedCDHG_splitClauses_1":["24"],
"minedTemplateNumber_PredictedCG_splitClauses_0":["3398"],
"averagePredicateSize_RelationalIneqs_splitClauses_1":["1"],
"labeledTemplateRelationSymbolNumber_Random_splitClauses_1":["15"],
"minedTemplateNumber_RelationalIneqs_splitClauses_0":["3398"],
"predicateGeneratorTime_RelationalIneqs_splitClauses_0":["10800000"],
"labeledTemplateRelationSymbolNumber_Empty_splitClauses_0":["15"],
"minedBinaryVariableTemplatesNumber_Octagon_splitClauses_0":["20"],
"labeledSingleVariableTemplatesNumber_Term_splitClauses_1":["4"],
"labeledBinaryVariableTemplatesNumber_Empty_splitClauses_0":["20"],
"minedTemplateNumber_Octagon_splitClauses_0":["3398"],
"labeledBinaryVariableTemplatesNumber_Unlabeled_splitClauses_0":["20"],
"relationSymbolNumberBeforeSimplification_Empty_splitClauses_0":["439"],
"clauseNumberAfterSimplification_PredictedCDHG_splitClauses_0":["58"],
"smt2FileSizeByte_PredictedCG_splitClauses_0":["2082730"],
"minedBinaryVariableTemplatesNumber_RelationalEqs_splitClauses_0":["20"],
"relationSymbolNumberBeforeSimplification_Unlabeled_splitClauses_0":["439"],
"labeledTemplateRelationSymbolNumber_RelationalEqs_splitClauses_1":["15"],
"minedBinaryVariableTemplatesNumber_Random_splitClauses_1":["20"],
"clauseNumberAfterSimplification_Unlabeled_splitClauses_1":["58"],
"minedSingleVariableTemplatesNumber_PredictedCDHG_splitClauses_1":["3378"],
"labeledBinaryVariableTemplatesNumber_Term_splitClauses_1":["20"],
"clauseNumberBeforeSimplification_Empty_splitClauses_1":["214"],
"relationSymbolNumberAfterSimplification_Octagon_splitClauses_1":["123"],
"relationSymbolNumberAfterSimplification_Term_splitClauses_0":["123"],
"minedBinaryVariableTemplatesNumber_Mined_splitClauses_1":["20"],
"unlabeledBinaryVariableTemplatesNumber_Unlabeled_splitClauses_1":["20124"],
"relationSymbolNumberBeforeSimplification_Random_splitClauses_0":["439"],
"relationSymbolNumberAfterSimplification_PredictedCDHG_splitClauses_1":["123"],
"unlabeledTemplateNumber_PredictedCG_splitClauses_1":["30258"],
"generatedPredicateNumber_Empty_splitClauses_0":["10800000"],
"predicateGeneratorTime_RelationalIneqs_splitClauses_1":["2610"],
"unlabeledSingleVariableTemplatesNumber_Empty_splitClauses_0":["10134"],
"cegarIterationNumber_Octagon_splitClauses_0":["10800000"],
"clauseNumberAfterSimplification_Octagon_splitClauses_1":["58"],
"unlabeledSingleVariableTemplatesNumber_Labeled_splitClauses_1":["10134"],
"clauseNumberBeforeSimplification_Random_splitClauses_1":["214"],
"minedTemplateRelationSymbolNumber_All_splitClauses_0":["24"],
"unlabeledTemplateRelationSymbolNumber_RelationalEqs_splitClauses_0":["24"],
"minedSingleVariableTemplatesNumber_Unlabeled_splitClauses_1":["3378"],
"clauseNumberBeforeSimplification_RelationalEqs_splitClauses_0":["214"],
"minedTemplateNumber_Unlabeled_splitClauses_0":["3398"],
"generatedPredicateNumber_Octagon_splitClauses_0":["10800000"],
"predicateGeneratorTime_PredictedCDHG_splitClauses_0":["10800000"],
"clauseNumberAfterSimplification_PredictedCG_splitClauses_1":["58"],
"labeledSingleVariableTemplatesNumber_RelationalEqs_splitClauses_1":["4"],
"smt2FileSizeByte_Random_splitClauses_1":["2082730"],
"averagePredicateSize_PredictedCG_splitClauses_1":["10800000"],
"cegarIterationNumber_PredictedCDHG_splitClauses_1":["10800000"],
"clauseNumberAfterSimplification_RelationalEqs_splitClauses_1":["58"],
"minedBinaryVariableTemplatesNumber_Empty_splitClauses_1":["20"],
"relationSymbolNumberAfterSimplification_RelationalEqs_splitClauses_1":["123"],
"minedTemplateNumber_PredictedCDHG_splitClauses_0":["3398"],
"labeledBinaryVariableTemplatesNumber_All_splitClauses_1":["20"],
"solvingTime_RelationalIneqs_splitClauses_1":["3333"],
"unlabeledTemplateRelationSymbolNumber_RelationalEqs_splitClauses_1":["24"],
"smt2FileSizeByte_Unlabeled_splitClauses_0":["2082730"],
"relationSymbolNumberBeforeSimplification_Mined_splitClauses_1":["439"],
"relationSymbolNumberAfterSimplification_Mined_splitClauses_1":["123"],
"generatedPredicateNumber_All_splitClauses_0":["10800000"],
"relationSymbolNumberBeforeSimplification_Octagon_splitClauses_1":["439"],
"predicateGeneratorTime_Octagon_splitClauses_1":["2902"],
"solvability_Mined_splitClauses_1":["1"],
"minedTemplateRelationSymbolNumber_Term_splitClauses_1":["24"],
"clauseNumberAfterSimplification_Mined_splitClauses_0":["58"],
"solvability_PredictedCDHG_splitClauses_0":["10800000"],
"solvingTime_Empty_splitClauses_0":["10800000"],
"unlabeledSingleVariableTemplatesNumber_Unlabeled_splitClauses_1":["10134"],
"minedTemplateNumber_Term_splitClauses_1":["3398"],
"averagePredicateSize_Octagon_splitClauses_1":["1"],
"unlabeledSingleVariableTemplatesNumber_Octagon_splitClauses_1":["10134"],
"minedTemplateRelationSymbolNumber_RelationalEqs_splitClauses_1":["24"],
"relationSymbolNumberBeforeSimplification_All_splitClauses_1":["439"],
"minedBinaryVariableTemplatesNumber_RelationalIneqs_splitClauses_0":["20"],
"predicateGeneratorTime_Term_splitClauses_1":["3019"],
"solvingTime_Labeled_splitClauses_0":["10800000"],
"unlabeledBinaryVariableTemplatesNumber_PredictedCG_splitClauses_0":["20124"],
"minedTemplateNumber_All_splitClauses_0":["3398"],
"predicateGeneratorTime_Labeled_splitClauses_1":["2757"],
"unlabeledTemplateRelationSymbolNumber_Empty_splitClauses_0":["24"],
"unlabeledTemplateNumber_Mined_splitClauses_1":["30258"],
"solvability_PredictedCG_splitClauses_1":["10800000"],
"unlabeledTemplateNumber_Term_splitClauses_0":["30258"],
"minedBinaryVariableTemplatesNumber_PredictedCG_splitClauses_1":["20"],
"labeledSingleVariableTemplatesNumber_PredictedCDHG_splitClauses_0":["4"],
"minedBinaryVariableTemplatesNumber_All_splitClauses_0":["20"],
"averagePredicateSize_PredictedCDHG_splitClauses_1":["10800000"],
"predicateGeneratorTime_PredictedCG_splitClauses_0":["10800000"],
"generatedPredicateNumber_RelationalIneqs_splitClauses_0":["10800000"],
"labeledTemplateNumber_Empty_splitClauses_0":["24"],
"relationSymbolNumberAfterSimplification_RelationalIneqs_splitClauses_1":["123"],
"unlabeledTemplateRelationSymbolNumber_Term_splitClauses_0":["24"],
"minedTemplateNumber_All_splitClauses_1":["3398"],
"labeledSingleVariableTemplatesNumber_Empty_splitClauses_1":["4"],
"minedBinaryVariableTemplatesNumber_Unlabeled_splitClauses_0":["20"],
"labeledTemplateNumber_Random_splitClauses_0":["24"],
"minedBinaryVariableTemplatesNumber_All_splitClauses_1":["20"],
"unlabeledSingleVariableTemplatesNumber_All_splitClauses_0":["10134"],
"relationSymbolNumberBeforeSimplification_Labeled_splitClauses_1":["439"],
"smt2FileSizeByte_PredictedCDHG_splitClauses_1":["2082730"],
"labeledBinaryVariableTemplatesNumber_PredictedCDHG_splitClauses_0":["20"],
"averagePredicateSize_RelationalEqs_splitClauses_1":["1"],
"minedSingleVariableTemplatesNumber_Term_splitClauses_0":["3378"],
"labeledTemplateRelationSymbolNumber_Term_splitClauses_1":["15"],
"generatedPredicateNumber_Random_splitClauses_0":["10800000"],
"labeledBinaryVariableTemplatesNumber_Empty_splitClauses_1":["20"],
"relationSymbolNumberAfterSimplification_Term_splitClauses_1":["123"],
"clauseNumberAfterSimplification_Labeled_splitClauses_0":["58"],
"labeledSingleVariableTemplatesNumber_Labeled_splitClauses_0":["4"],
"minedTemplateNumber_Mined_splitClauses_1":["3398"],
"labeledTemplateRelationSymbolNumber_Labeled_splitClauses_0":["15"],
"unlabeledTemplateRelationSymbolNumber_Mined_splitClauses_1":["24"],
"solvability_Labeled_splitClauses_0":["10800000"],
"minedTemplateNumber_RelationalEqs_splitClauses_1":["3398"],
"solvingTime_Random_splitClauses_1":["3630"],
"minedTemplateNumber_Random_splitClauses_0":["3398"],
"cegarIterationNumber_Unlabeled_splitClauses_1":["21"],
"minedTemplateNumber_RelationalIneqs_splitClauses_1":["3398"],
"unlabeledBinaryVariableTemplatesNumber_Octagon_splitClauses_1":["20124"],
"minedSingleVariableTemplatesNumber_Octagon_splitClauses_1":["3378"],
"minedSingleVariableTemplatesNumber_Random_splitClauses_1":["3378"],
"averagePredicateSize_All_splitClauses_1":["10800000"],
"minedTemplateNumber_Empty_splitClauses_0":["3398"],
"labeledTemplateNumber_Mined_splitClauses_0":["24"],
"unlabeledBinaryVariableTemplatesNumber_All_splitClauses_0":["20124"],
"relationSymbolNumberAfterSimplification_Labeled_splitClauses_1":["123"],
"labeledSingleVariableTemplatesNumber_PredictedCDHG_splitClauses_1":["4"],
"minedSingleVariableTemplatesNumber_Mined_splitClauses_1":["3378"],
"labeledTemplateRelationSymbolNumber_Term_splitClauses_0":["15"],
"unlabeledTemplateRelationSymbolNumber_Term_splitClauses_1":["24"],
"predicateGeneratorTime_All_splitClauses_1":["10800000"],
"unlabeledSingleVariableTemplatesNumber_Random_splitClauses_0":["10134"],
"predicateGeneratorTime_Unlabeled_splitClauses_1":["2797"],
"cegarIterationNumber_PredictedCDHG_splitClauses_0":["10800000"],
"labeledTemplateNumber_RelationalEqs_splitClauses_0":["24"],
"labeledTemplateRelationSymbolNumber_Mined_splitClauses_1":["15"],
"labeledTemplateRelationSymbolNumber_Random_splitClauses_0":["15"],
"labeledBinaryVariableTemplatesNumber_RelationalEqs_splitClauses_1":["20"],
"generatedPredicateNumber_RelationalIneqs_splitClauses_1":["59"],
"unlabeledTemplateRelationSymbolNumber_PredictedCG_splitClauses_1":["24"],
"unlabeledSingleVariableTemplatesNumber_RelationalEqs_splitClauses_0":["10134"],
"labeledBinaryVariableTemplatesNumber_Labeled_splitClauses_0":["20"],
"minedBinaryVariableTemplatesNumber_PredictedCDHG_splitClauses_0":["20"],
"unlabeledTemplateRelationSymbolNumber_Unlabeled_splitClauses_0":["24"],
"clauseNumberAfterSimplification_Term_splitClauses_1":["58"],
"unlabeledTemplateNumber_Octagon_splitClauses_0":["30258"],
"unlabeledBinaryVariableTemplatesNumber_RelationalEqs_splitClauses_1":["20124"],
"unlabeledTemplateNumber_PredictedCG_splitClauses_0":["30258"],
"unlabeledTemplateNumber_All_splitClauses_0":["30258"],
"labeledTemplateRelationSymbolNumber_RelationalIneqs_splitClauses_1":["15"],
"unlabeledSingleVariableTemplatesNumber_Mined_splitClauses_1":["10134"],
"labeledTemplateRelationSymbolNumber_Unlabeled_splitClauses_1":["15"],
"labeledBinaryVariableTemplatesNumber_Random_splitClauses_1":["20"],
"solvability_Random_splitClauses_1":["1"],
"solvingTime_Term_splitClauses_0":["10800000"],
"minedSingleVariableTemplatesNumber_Labeled_splitClauses_1":["3378"],
"clauseNumberBeforeSimplification_Term_splitClauses_0":["214"],
"relationSymbolNumberBeforeSimplification_RelationalIneqs_splitClauses_1":["439"],
"minedTemplateRelationSymbolNumber_Mined_splitClauses_0":["24"],
"solvability_Octagon_splitClauses_1":["1"],
"minedSingleVariableTemplatesNumber_RelationalIneqs_splitClauses_1":["3378"],
"smt2FileSizeByte_Labeled_splitClauses_0":["2082730"],
"solvability_RelationalEqs_splitClauses_1":["1"],
"unlabeledSingleVariableTemplatesNumber_Empty_splitClauses_1":["10134"],
"labeledTemplateNumber_PredictedCDHG_splitClauses_1":["24"],
"minedTemplateRelationSymbolNumber_Octagon_splitClauses_0":["24"],
"clauseNumberAfterSimplification_Unlabeled_splitClauses_0":["58"],
"clauseNumberBeforeSimplification_Unlabeled_splitClauses_0":["214"],
"clauseNumberBeforeSimplification_PredictedCDHG_splitClauses_0":["214"],
"cegarIterationNumber_RelationalIneqs_splitClauses_0":["10800000"],
"labeledTemplateRelationSymbolNumber_RelationalEqs_splitClauses_0":["15"],
"averagePredicateSize_Labeled_splitClauses_0":["10800000"],
"smt2FileSizeByte_RelationalIneqs_splitClauses_1":["2082730"],
"clauseNumberBeforeSimplification_RelationalEqs_splitClauses_1":["214"],
"unlabeledTemplateRelationSymbolNumber_RelationalIneqs_splitClauses_1":["24"],
"clauseNumberBeforeSimplification_PredictedCG_splitClauses_0":["214"],
"solvingTime_PredictedCDHG_splitClauses_0":["10800000"],
"labeledTemplateRelationSymbolNumber_Octagon_splitClauses_1":["15"],
"minedTemplateRelationSymbolNumber_PredictedCG_splitClauses_1":["24"],
"relationSymbolNumberBeforeSimplification_RelationalEqs_splitClauses_1":["439"],
"labeledTemplateNumber_Random_splitClauses_1":["24"],
"solvingTime_RelationalIneqs_splitClauses_0":["10800000"],
"labeledTemplateNumber_All_splitClauses_1":["24"],
"unlabeledTemplateNumber_Random_splitClauses_1":["30258"],
"relationSymbolNumberBeforeSimplification_All_splitClauses_0":["439"],
"smt2FileSizeByte_Unlabeled_splitClauses_1":["2082730"],
"cegarIterationNumber_PredictedCG_splitClauses_0":["10800000"],
"predicateGeneratorTime_Octagon_splitClauses_0":["10800000"],
"unlabeledTemplateNumber_RelationalEqs_splitClauses_1":["30258"],
"clauseNumberAfterSimplification_Octagon_splitClauses_0":["58"],
"cegarIterationNumber_Random_splitClauses_0":["10800000"],
"solvability_PredictedCDHG_splitClauses_1":["10800000"],
"solvability_PredictedCG_splitClauses_0":["10800000"],
"solvingTime_PredictedCG_splitClauses_1":["10800000"],
"unlabeledSingleVariableTemplatesNumber_Unlabeled_splitClauses_0":["10134"],
"unlabeledTemplateNumber_Unlabeled_splitClauses_0":["30258"],
"labeledTemplateRelationSymbolNumber_RelationalIneqs_splitClauses_0":["15"],
"minedTemplateNumber_Random_splitClauses_1":["3398"],
"generatedPredicateNumber_RelationalEqs_splitClauses_0":["10800000"],
"minedTemplateNumber_Term_splitClauses_0":["3398"],
"solvingTime_All_splitClauses_1":["10800000"],
"minedSingleVariableTemplatesNumber_PredictedCG_splitClauses_0":["3378"],
"smt2FileSizeByte_Term_splitClauses_1":["2082730"],
"labeledBinaryVariableTemplatesNumber_All_splitClauses_0":["20"],
"minedTemplateNumber_PredictedCDHG_splitClauses_1":["3398"],
"minedTemplateRelationSymbolNumber_PredictedCDHG_splitClauses_0":["24"],
"averagePredicateSize_Unlabeled_splitClauses_0":["10800000"],
"minedBinaryVariableTemplatesNumber_Octagon_splitClauses_1":["20"],
"unlabeledSingleVariableTemplatesNumber_Random_splitClauses_1":["10134"],
"clauseNumberBeforeSimplification_Random_splitClauses_0":["214"],
"solvingTime_Unlabeled_splitClauses_1":["3627"],
"predicateGeneratorTime_PredictedCDHG_splitClauses_1":["10800000"],
"averagePredicateSize_PredictedCDHG_splitClauses_0":["10800000"],
"relationSymbolNumberAfterSimplification_RelationalEqs_splitClauses_0":["123"],
"minedBinaryVariableTemplatesNumber_Term_splitClauses_0":["20"],
"labeledTemplateNumber_RelationalIneqs_splitClauses_0":["24"],
"clauseNumberAfterSimplification_Random_splitClauses_0":["58"],
"clauseNumberAfterSimplification_PredictedCG_splitClauses_0":["58"],
"generatedPredicateNumber_Empty_splitClauses_1":["59"],
"clauseNumberBeforeSimplification_Octagon_splitClauses_0":["214"],
"unlabeledTemplateNumber_Empty_splitClauses_0":["30258"],
"minedSingleVariableTemplatesNumber_All_splitClauses_0":["3378"],
"labeledTemplateRelationSymbolNumber_Octagon_splitClauses_0":["15"],
"generatedPredicateNumber_Random_splitClauses_1":["59"],
"clauseNumberAfterSimplification_RelationalEqs_splitClauses_0":["58"],
"labeledBinaryVariableTemplatesNumber_Term_splitClauses_0":["20"],
"minedSingleVariableTemplatesNumber_RelationalEqs_splitClauses_0":["3378"],
"minedTemplateNumber_Mined_splitClauses_0":["3398"],
"relationSymbolNumberBeforeSimplification_PredictedCG_splitClauses_0":["439"],
"averagePredicateSize_Octagon_splitClauses_0":["10800000"],
"unlabeledBinaryVariableTemplatesNumber_Empty_splitClauses_1":["20124"],
"unlabeledSingleVariableTemplatesNumber_PredictedCDHG_splitClauses_0":["10134"],
"unlabeledSingleVariableTemplatesNumber_PredictedCG_splitClauses_1":["10134"],
"labeledTemplateRelationSymbolNumber_Labeled_splitClauses_1":["15"],
"minedTemplateRelationSymbolNumber_Random_splitClauses_0":["24"],
"unlabeledTemplateRelationSymbolNumber_PredictedCG_splitClauses_0":["24"],
"unlabeledTemplateNumber_RelationalIneqs_splitClauses_0":["30258"],
"unlabeledSingleVariableTemplatesNumber_Labeled_splitClauses_0":["10134"],
"relationSymbolNumberAfterSimplification_PredictedCG_splitClauses_0":["123"],
"minedTemplateNumber_Unlabeled_splitClauses_1":["3398"],
"generatedPredicateNumber_PredictedCG_splitClauses_0":["10800000"],
"labeledTemplateNumber_Unlabeled_splitClauses_1":["24"],
"unlabeledTemplateRelationSymbolNumber_Empty_splitClauses_1":["24"],
"clauseNumberBeforeSimplification_Empty_splitClauses_0":["214"],
"solvingTime_Octagon_splitClauses_1":["3762"],
"cegarIterationNumber_Mined_splitClauses_1":["21"],
"clauseNumberBeforeSimplification_Mined_splitClauses_1":["214"],
"smt2FileSizeByte_PredictedCDHG_splitClauses_0":["2082730"],
"averagePredicateSize_PredictedCG_splitClauses_0":["10800000"],
"solvingTime_Random_splitClauses_0":["10800000"],
"minedTemplateNumber_RelationalEqs_splitClauses_0":["3398"],
"unlabeledSingleVariableTemplatesNumber_RelationalIneqs_splitClauses_0":["10134"],
"unlabeledTemplateNumber_Unlabeled_splitClauses_1":["30258"],
"labeledBinaryVariableTemplatesNumber_RelationalEqs_splitClauses_0":["20"],
"generatedPredicateNumber_PredictedCDHG_splitClauses_0":["10800000"],
"relationSymbolNumberAfterSimplification_RelationalIneqs_splitClauses_0":["123"],
"minedTemplateRelationSymbolNumber_Empty_splitClauses_1":["24"],
"predicateGeneratorTime_Random_splitClauses_1":["2770"],
"labeledTemplateNumber_Term_splitClauses_1":["24"],
"relationSymbolNumberBeforeSimplification_RelationalEqs_splitClauses_0":["439"],
"minedSingleVariableTemplatesNumber_Empty_splitClauses_1":["3378"],
"minedSingleVariableTemplatesNumber_RelationalIneqs_splitClauses_0":["3378"],
"clauseNumberAfterSimplification_All_splitClauses_0":["58"],
"unlabeledBinaryVariableTemplatesNumber_RelationalEqs_splitClauses_0":["20124"],
"cegarIterationNumber_RelationalEqs_splitClauses_0":["10800000"],
"labeledTemplateRelationSymbolNumber_PredictedCDHG_splitClauses_0":["15"],
"labeledSingleVariableTemplatesNumber_Labeled_splitClauses_1":["4"],
"unlabeledBinaryVariableTemplatesNumber_All_splitClauses_1":["20124"],
"minedTemplateRelationSymbolNumber_Unlabeled_splitClauses_1":["24"],
"solvingTime_RelationalEqs_splitClauses_0":["10800000"],
"solvingTime_RelationalEqs_splitClauses_1":["4215"],
"minedBinaryVariableTemplatesNumber_Mined_splitClauses_0":["20"],
"clauseNumberBeforeSimplification_All_splitClauses_0":["214"],
"clauseNumberBeforeSimplification_RelationalIneqs_splitClauses_1":["214"],
"labeledTemplateNumber_RelationalEqs_splitClauses_1":["24"],
"labeledBinaryVariableTemplatesNumber_RelationalIneqs_splitClauses_0":["20"],
"relationSymbolNumberBeforeSimplification_Labeled_splitClauses_0":["439"],
"clauseNumberAfterSimplification_Empty_splitClauses_0":["58"],
"averagePredicateSize_Empty_splitClauses_0":["10800000"],
"unlabeledTemplateNumber_Term_splitClauses_1":["30258"],
"predicateGeneratorTime_Mined_splitClauses_1":["3224"],
"labeledBinaryVariableTemplatesNumber_RelationalIneqs_splitClauses_1":["20"],
"predicateGeneratorTime_Unlabeled_splitClauses_0":["10800000"],
"relationSymbolNumberAfterSimplification_Empty_splitClauses_0":["123"],
"generatedPredicateNumber_Mined_splitClauses_0":["10800000"],
"generatedPredicateNumber_RelationalEqs_splitClauses_1":["59"],
"labeledTemplateRelationSymbolNumber_PredictedCG_splitClauses_0":["15"],
"minedSingleVariableTemplatesNumber_PredictedCG_splitClauses_1":["3378"],
"minedTemplateRelationSymbolNumber_PredictedCG_splitClauses_0":["24"],
"unlabeledTemplateRelationSymbolNumber_Labeled_splitClauses_0":["24"],
"solvability_Empty_splitClauses_1":["1"],
"averagePredicateSize_Term_splitClauses_0":["10800000"],
"cegarIterationNumber_Random_splitClauses_1":["21"],
"averagePredicateSize_Labeled_splitClauses_1":["1"],
"unlabeledBinaryVariableTemplatesNumber_Unlabeled_splitClauses_0":["20124"],
"generatedPredicateNumber_Unlabeled_splitClauses_1":["59"],
"predicateGeneratorTime_All_splitClauses_0":["10800000"],
"unlabeledBinaryVariableTemplatesNumber_PredictedCDHG_splitClauses_1":["20124"],
"clauseNumberBeforeSimplification_Labeled_splitClauses_1":["214"],
"minedBinaryVariableTemplatesNumber_Labeled_splitClauses_1":["20"],
"labeledSingleVariableTemplatesNumber_All_splitClauses_0":["4"],
"unlabeledTemplateRelationSymbolNumber_Mined_splitClauses_0":["24"],
"cegarIterationNumber_Octagon_splitClauses_1":["21"],
"labeledTemplateNumber_Octagon_splitClauses_0":["24"],
"labeledTemplateRelationSymbolNumber_All_splitClauses_1":["15"],
"smt2FileSizeByte_Empty_splitClauses_0":["2082730"],
"unlabeledTemplateNumber_Octagon_splitClauses_1":["30258"],
"predicateGeneratorTime_RelationalEqs_splitClauses_0":["10800000"],
"unlabeledTemplateRelationSymbolNumber_RelationalIneqs_splitClauses_0":["24"],
"smt2FileSizeByte_RelationalEqs_splitClauses_1":["2082730"],
"unlabeledTemplateNumber_Labeled_splitClauses_0":["30258"],
"minedSingleVariableTemplatesNumber_Labeled_splitClauses_0":["3378"],
"solvingTime_PredictedCDHG_splitClauses_1":["10800000"],
"relationSymbolNumberBeforeSimplification_Term_splitClauses_1":["439"],
"minedTemplateNumber_Octagon_splitClauses_1":["3398"],
"clauseNumberBeforeSimplification_Mined_splitClauses_0":["214"],
"smt2FileSizeByte_All_splitClauses_0":["2082730"],
"solvingTime_All_splitClauses_0":["10800000"],
"minedBinaryVariableTemplatesNumber_Term_splitClauses_1":["20"],
"unlabeledTemplateRelationSymbolNumber_Random_splitClauses_0":["24"],
"cegarIterationNumber_All_splitClauses_0":["10800000"],
"smt2FileSizeByte_RelationalEqs_splitClauses_0":["2082730"],
"unlabeledSingleVariableTemplatesNumber_PredictedCDHG_splitClauses_1":["10134"],
"clauseNumberBeforeSimplification_Labeled_splitClauses_0":["214"],
"cegarIterationNumber_PredictedCG_splitClauses_1":["10800000"],
"labeledTemplateRelationSymbolNumber_Unlabeled_splitClauses_0":["15"],
"unlabeledTemplateRelationSymbolNumber_Octagon_splitClauses_1":["24"],
"unlabeledTemplateNumber_Empty_splitClauses_1":["30258"],
"clauseNumberBeforeSimplification_Octagon_splitClauses_1":["214"],
"labeledTemplateNumber_Unlabeled_splitClauses_0":["24"],
"labeledBinaryVariableTemplatesNumber_PredictedCG_splitClauses_0":["20"],
"solvability_Term_splitClauses_1":["1"],
"solvability_Octagon_splitClauses_0":["10800000"],
"minedTemplateRelationSymbolNumber_RelationalIneqs_splitClauses_0":["24"],
"clauseNumberBeforeSimplification_RelationalIneqs_splitClauses_0":["214"],
"labeledTemplateNumber_PredictedCG_splitClauses_0":["24"],
"cegarIterationNumber_Labeled_splitClauses_0":["10800000"],
"smt2FileSizeByte_Labeled_splitClauses_1":["2082730"],
"clauseNumberBeforeSimplification_Unlabeled_splitClauses_1":["214"],
"generatedPredicateNumber_Term_splitClauses_1":["59"],
"solvingTime_Term_splitClauses_1":["3967"],
"unlabeledBinaryVariableTemplatesNumber_Random_splitClauses_1":["20124"],
"unlabeledSingleVariableTemplatesNumber_Octagon_splitClauses_0":["10134"],
"solvingTime_Octagon_splitClauses_0":["10800000"],
"labeledSingleVariableTemplatesNumber_Mined_splitClauses_1":["4"],
"averagePredicateSize_Term_splitClauses_1":["1"],
"labeledTemplateNumber_Labeled_splitClauses_0":["24"],
"unlabeledSingleVariableTemplatesNumber_PredictedCG_splitClauses_0":["10134"],
"smt2FileSizeByte_Mined_splitClauses_1":["2082730"],
"labeledBinaryVariableTemplatesNumber_Unlabeled_splitClauses_1":["20"],
"labeledTemplateNumber_All_splitClauses_0":["24"],
"unlabeledTemplateNumber_Random_splitClauses_0":["30258"],
"labeledTemplateNumber_Octagon_splitClauses_1":["24"],
"unlabeledTemplateNumber_PredictedCDHG_splitClauses_1":["30258"],
"unlabeledBinaryVariableTemplatesNumber_Mined_splitClauses_0":["20124"],
"minedTemplateRelationSymbolNumber_Mined_splitClauses_1":["24"],
"labeledTemplateNumber_RelationalIneqs_splitClauses_1":["24"],
"relationSymbolNumberAfterSimplification_All_splitClauses_0":["123"],
"relationSymbolNumberBeforeSimplification_PredictedCDHG_splitClauses_0":["439"],
"solvability_Term_splitClauses_0":["10800000"],
"clauseNumberBeforeSimplification_PredictedCG_splitClauses_1":["214"],
"generatedPredicateNumber_Labeled_splitClauses_1":["59"],
"labeledSingleVariableTemplatesNumber_Unlabeled_splitClauses_0":["4"],
"unlabeledBinaryVariableTemplatesNumber_Empty_splitClauses_0":["20124"],
"solvingTime_Mined_splitClauses_0":["10800000"],
"unlabeledTemplateNumber_All_splitClauses_1":["30258"],
"clauseNumberAfterSimplification_Random_splitClauses_1":["58"],
"labeledBinaryVariableTemplatesNumber_Octagon_splitClauses_1":["20"],
"unlabeledBinaryVariableTemplatesNumber_Labeled_splitClauses_0":["20124"],
"smt2FileSizeByte_Octagon_splitClauses_0":["2082730"],
"labeledSingleVariableTemplatesNumber_Random_splitClauses_1":["4"],
"solvability_Unlabeled_splitClauses_0":["10800000"],
"solvingTime_Unlabeled_splitClauses_0":["10800000"],
"unlabeledTemplateRelationSymbolNumber_All_splitClauses_1":["24"],
"minedTemplateNumber_Empty_splitClauses_1":["3398"],
"solvability_RelationalIneqs_splitClauses_0":["10800000"],
"unlabeledTemplateRelationSymbolNumber_Labeled_splitClauses_1":["24"],
"cegarIterationNumber_RelationalEqs_splitClauses_1":["21"],
"minedSingleVariableTemplatesNumber_RelationalEqs_splitClauses_1":["3378"],
"clauseNumberAfterSimplification_PredictedCDHG_splitClauses_1":["58"],
"minedBinaryVariableTemplatesNumber_RelationalIneqs_splitClauses_1":["20"],
"unlabeledBinaryVariableTemplatesNumber_Mined_splitClauses_1":["20124"],
"unlabeledBinaryVariableTemplatesNumber_PredictedCDHG_splitClauses_0":["20124"],
"solvingTime_Empty_splitClauses_1":["3931"],
"labeledTemplateRelationSymbolNumber_Empty_splitClauses_1":["15"],
"generatedPredicateNumber_Term_splitClauses_0":["10800000"],
"averagePredicateSize_Empty_splitClauses_1":["1"],
"generatedPredicateNumber_PredictedCG_splitClauses_1":["10800000"],
"labeledTemplateRelationSymbolNumber_PredictedCDHG_splitClauses_1":["15"],
"predicateGeneratorTime_Mined_splitClauses_0":["10800000"],
"relationSymbolNumberBeforeSimplification_Term_splitClauses_0":["439"],
"predicateGeneratorTime_Labeled_splitClauses_0":["10800000"],
"labeledSingleVariableTemplatesNumber_Random_splitClauses_0":["4"],
"unlabeledTemplateRelationSymbolNumber_All_splitClauses_0":["24"],
"minedBinaryVariableTemplatesNumber_Labeled_splitClauses_0":["20"],
"generatedPredicateNumber_Labeled_splitClauses_0":["10800000"],
"relationSymbolNumberAfterSimplification_Empty_splitClauses_1":["123"],
"solvingTime_Mined_splitClauses_1":["4157"],
"minedSingleVariableTemplatesNumber_All_splitClauses_1":["3378"],
"predicateGeneratorTime_Random_splitClauses_0":["10800000"],
"cegarIterationNumber_Term_splitClauses_1":["21"],
"labeledTemplateNumber_Empty_splitClauses_1":["24"],
"clauseNumberAfterSimplification_Empty_splitClauses_1":["58"],
"minedTemplateRelationSymbolNumber_Empty_splitClauses_0":["24"],
"unlabeledSingleVariableTemplatesNumber_Term_splitClauses_0":["10134"],
"minedSingleVariableTemplatesNumber_Empty_splitClauses_0":["3378"],
"relationSymbolNumberAfterSimplification_Random_splitClauses_0":["123"],
"minedTemplateRelationSymbolNumber_RelationalEqs_splitClauses_0":["24"],
"cegarIterationNumber_Empty_splitClauses_0":["10800000"],
"minedBinaryVariableTemplatesNumber_RelationalEqs_splitClauses_1":["20"],
"relationSymbolNumberBeforeSimplification_PredictedCG_splitClauses_1":["439"],
"labeledSingleVariableTemplatesNumber_All_splitClauses_1":["4"],
"unlabeledTemplateRelationSymbolNumber_Octagon_splitClauses_0":["24"],
"minedTemplateRelationSymbolNumber_Unlabeled_splitClauses_0":["24"],
"labeledBinaryVariableTemplatesNumber_Mined_splitClauses_0":["20"],
"relationSymbolNumberAfterSimplification_Unlabeled_splitClauses_1":["123"],
"minedTemplateNumber_PredictedCG_splitClauses_1":["3398"],
"cegarIterationNumber_Empty_splitClauses_1":["21"],
"averagePredicateSize_RelationalIneqs_splitClauses_0":["10800000"],
"solvability_All_splitClauses_1":["10800000"],
"unlabeledBinaryVariableTemplatesNumber_Term_splitClauses_1":["20124"],
"minedTemplateRelationSymbolNumber_Labeled_splitClauses_1":["24"],
"averagePredicateSize_Unlabeled_splitClauses_1":["1"],
"labeledTemplateNumber_Term_splitClauses_0":["24"],
"smt2FileSizeByte_Empty_splitClauses_1":["2082730"],
"solvingTime_PredictedCG_splitClauses_0":["10800000"],
"cegarIterationNumber_All_splitClauses_1":["10800000"],
"clauseNumberBeforeSimplification_Term_splitClauses_1":["214"],
"predicateGeneratorTime_Empty_splitClauses_0":["10800000"],
"relationSymbolNumberBeforeSimplification_Empty_splitClauses_1":["439"],
"averagePredicateSize_All_splitClauses_0":["10800000"],
"unlabeledBinaryVariableTemplatesNumber_Random_splitClauses_0":["20124"],
"smt2FileSizeByte_Term_splitClauses_0":["2082730"],
"averagePredicateSize_Mined_splitClauses_1":["1"],
"minedBinaryVariableTemplatesNumber_Empty_splitClauses_0":["20"],
"minedTemplateRelationSymbolNumber_All_splitClauses_1":["24"],
"labeledSingleVariableTemplatesNumber_PredictedCG_splitClauses_0":["4"],
"unlabeledBinaryVariableTemplatesNumber_RelationalIneqs_splitClauses_0":["20124"],
"unlabeledSingleVariableTemplatesNumber_RelationalIneqs_splitClauses_1":["10134"],
"clauseNumberAfterSimplification_RelationalIneqs_splitClauses_0":["58"],
"unlabeledTemplateNumber_RelationalEqs_splitClauses_0":["30258"],
"unlabeledTemplateNumber_RelationalIneqs_splitClauses_1":["30258"],
"labeledTemplateRelationSymbolNumber_PredictedCG_splitClauses_1":["15"],
"labeledTemplateRelationSymbolNumber_All_splitClauses_0":["15"],
"labeledSingleVariableTemplatesNumber_Octagon_splitClauses_0":["4"],
"dummyFiled":[]
}