{
"smt2FileSizeByte_All_splitClauses_1":["57515"],
"generatedPredicateNumber_All_splitClauses_1":["10800000"],
"unlabeledTemplateRelationSymbolNumber_PredictedCDHG_splitClauses_0":["35"],
"relationSymbolNumberBeforeSimplification_Unlabeled_splitClauses_1":["318"],
"predicateGeneratorTime_Term_splitClauses_0":["10800000"],
"averagePredicateSize_Random_splitClauses_1":["1"],
"labeledBinaryVariableTemplatesNumber_Labeled_splitClauses_1":["5"],
"clauseNumberBeforeSimplification_All_splitClauses_1":["149"],
"minedTemplateRelationSymbolNumber_Term_splitClauses_0":["35"],
"solvingTime_Labeled_splitClauses_1":["272"],
"unlabeledTemplateNumber_Labeled_splitClauses_1":["1803"],
"relationSymbolNumberAfterSimplification_All_splitClauses_1":["218"],
"minedTemplateRelationSymbolNumber_Octagon_splitClauses_1":["35"],
"clauseNumberAfterSimplification_Mined_splitClauses_1":["124"],
"relationSymbolNumberBeforeSimplification_Octagon_splitClauses_0":["318"],
"unlabeledBinaryVariableTemplatesNumber_Term_splitClauses_0":["1122"],
"labeledTemplateNumber_PredictedCDHG_splitClauses_0":["6"],
"solvability_Empty_splitClauses_0":["10800000"],
"unlabeledTemplateRelationSymbolNumber_Random_splitClauses_1":["35"],
"labeledBinaryVariableTemplatesNumber_Octagon_splitClauses_0":["5"],
"relationSymbolNumberBeforeSimplification_Random_splitClauses_1":["318"],
"minedTemplateRelationSymbolNumber_Random_splitClauses_1":["35"],
"unlabeledSingleVariableTemplatesNumber_Mined_splitClauses_0":["681"],
"unlabeledBinaryVariableTemplatesNumber_PredictedCG_splitClauses_1":["1122"],
"solvability_All_splitClauses_0":["10800000"],
"predicateGeneratorTime_RelationalEqs_splitClauses_1":["128"],
"relationSymbolNumberBeforeSimplification_PredictedCDHG_splitClauses_1":["318"],
"smt2FileSizeByte_PredictedCG_splitClauses_1":["57515"],
"labeledSingleVariableTemplatesNumber_Unlabeled_splitClauses_1":["1"],
"labeledBinaryVariableTemplatesNumber_PredictedCG_splitClauses_1":["5"],
"minedBinaryVariableTemplatesNumber_PredictedCG_splitClauses_0":["5"],
"solvability_Random_splitClauses_0":["10800000"],
"relationSymbolNumberAfterSimplification_PredictedCG_splitClauses_1":["218"],
"clauseNumberBeforeSimplification_PredictedCDHG_splitClauses_1":["149"],
"labeledSingleVariableTemplatesNumber_Mined_splitClauses_0":["1"],
"solvability_Unlabeled_splitClauses_1":["1"],
"cegarIterationNumber_Labeled_splitClauses_1":["2"],
"smt2FileSizeByte_Mined_splitClauses_0":["57515"],
"relationSymbolNumberAfterSimplification_Mined_splitClauses_0":["218"],
"labeledSingleVariableTemplatesNumber_PredictedCG_splitClauses_1":["1"],
"smt2FileSizeByte_Octagon_splitClauses_1":["57515"],
"minedTemplateNumber_Labeled_splitClauses_1":["243"],
"labeledSingleVariableTemplatesNumber_RelationalIneqs_splitClauses_1":["1"],
"clauseNumberAfterSimplification_Labeled_splitClauses_1":["124"],
"relationSymbolNumberAfterSimplification_Labeled_splitClauses_0":["218"],
"smt2FileSizeByte_Random_splitClauses_0":["57515"],
"relationSymbolNumberAfterSimplification_PredictedCDHG_splitClauses_0":["218"],
"unlabeledTemplateRelationSymbolNumber_PredictedCDHG_splitClauses_1":["35"],
"labeledSingleVariableTemplatesNumber_Term_splitClauses_0":["1"],
"generatedPredicateNumber_PredictedCDHG_splitClauses_1":["10800000"],
"minedSingleVariableTemplatesNumber_Unlabeled_splitClauses_0":["238"],
"generatedPredicateNumber_Octagon_splitClauses_1":["4"],
"labeledSingleVariableTemplatesNumber_RelationalEqs_splitClauses_0":["1"],
"predicateGeneratorTime_PredictedCG_splitClauses_1":["10800000"],
"relationSymbolNumberAfterSimplification_Octagon_splitClauses_0":["218"],
"labeledTemplateNumber_Labeled_splitClauses_1":["6"],
"labeledSingleVariableTemplatesNumber_Empty_splitClauses_0":["1"],
"minedTemplateRelationSymbolNumber_RelationalIneqs_splitClauses_1":["35"],
"unlabeledSingleVariableTemplatesNumber_All_splitClauses_1":["681"],
"labeledBinaryVariableTemplatesNumber_PredictedCDHG_splitClauses_1":["5"],
"unlabeledSingleVariableTemplatesNumber_RelationalEqs_splitClauses_1":["681"],
"cegarIterationNumber_Term_splitClauses_0":["10800000"],
"unlabeledBinaryVariableTemplatesNumber_Labeled_splitClauses_1":["1122"],
"unlabeledSingleVariableTemplatesNumber_Term_splitClauses_1":["681"],
"clauseNumberAfterSimplification_All_splitClauses_1":["124"],
"minedSingleVariableTemplatesNumber_Random_splitClauses_0":["238"],
"solvability_RelationalIneqs_splitClauses_1":["1"],
"minedTemplateNumber_Labeled_splitClauses_0":["243"],
"minedSingleVariableTemplatesNumber_Octagon_splitClauses_0":["238"],
"minedSingleVariableTemplatesNumber_Term_splitClauses_1":["238"],
"minedBinaryVariableTemplatesNumber_PredictedCDHG_splitClauses_1":["5"],
"generatedPredicateNumber_Mined_splitClauses_1":["4"],
"labeledSingleVariableTemplatesNumber_RelationalIneqs_splitClauses_0":["1"],
"averagePredicateSize_Mined_splitClauses_0":["10800000"],
"cegarIterationNumber_Unlabeled_splitClauses_0":["10800000"],
"minedBinaryVariableTemplatesNumber_Random_splitClauses_0":["5"],
"labeledTemplateNumber_Mined_splitClauses_1":["6"],
"labeledBinaryVariableTemplatesNumber_Random_splitClauses_0":["5"],
"unlabeledTemplateRelationSymbolNumber_Unlabeled_splitClauses_1":["35"],
"cegarIterationNumber_Mined_splitClauses_0":["10800000"],
"minedTemplateRelationSymbolNumber_Labeled_splitClauses_0":["35"],
"unlabeledBinaryVariableTemplatesNumber_RelationalIneqs_splitClauses_1":["1122"],
"unlabeledBinaryVariableTemplatesNumber_Octagon_splitClauses_0":["1122"],
"solvability_Mined_splitClauses_0":["10800000"],
"averagePredicateSize_RelationalEqs_splitClauses_0":["10800000"],
"clauseNumberAfterSimplification_Term_splitClauses_0":["124"],
"unlabeledTemplateNumber_Mined_splitClauses_0":["1803"],
"relationSymbolNumberAfterSimplification_Random_splitClauses_1":["218"],
"unlabeledTemplateNumber_PredictedCDHG_splitClauses_0":["1803"],
"cegarIterationNumber_RelationalIneqs_splitClauses_1":["2"],
"minedBinaryVariableTemplatesNumber_Unlabeled_splitClauses_1":["5"],
"labeledTemplateNumber_PredictedCG_splitClauses_1":["6"],
"labeledTemplateRelationSymbolNumber_Mined_splitClauses_0":["2"],
"labeledBinaryVariableTemplatesNumber_Mined_splitClauses_1":["5"],
"relationSymbolNumberBeforeSimplification_Mined_splitClauses_0":["318"],
"relationSymbolNumberBeforeSimplification_RelationalIneqs_splitClauses_0":["318"],
"clauseNumberAfterSimplification_RelationalIneqs_splitClauses_1":["124"],
"minedSingleVariableTemplatesNumber_PredictedCDHG_splitClauses_0":["238"],
"solvability_Labeled_splitClauses_1":["1"],
"labeledSingleVariableTemplatesNumber_Octagon_splitClauses_1":["1"],
"averagePredicateSize_Random_splitClauses_0":["10800000"],
"smt2FileSizeByte_RelationalIneqs_splitClauses_0":["57515"],
"generatedPredicateNumber_Unlabeled_splitClauses_0":["10800000"],
"solvability_RelationalEqs_splitClauses_0":["10800000"],
"predicateGeneratorTime_Empty_splitClauses_1":["170"],
"minedSingleVariableTemplatesNumber_Mined_splitClauses_0":["238"],
"relationSymbolNumberAfterSimplification_Unlabeled_splitClauses_0":["218"],
"minedTemplateRelationSymbolNumber_PredictedCDHG_splitClauses_1":["35"],
"minedTemplateNumber_PredictedCG_splitClauses_0":["243"],
"averagePredicateSize_RelationalIneqs_splitClauses_1":["1"],
"labeledTemplateRelationSymbolNumber_Random_splitClauses_1":["2"],
"minedTemplateNumber_RelationalIneqs_splitClauses_0":["243"],
"predicateGeneratorTime_RelationalIneqs_splitClauses_0":["10800000"],
"labeledTemplateRelationSymbolNumber_Empty_splitClauses_0":["2"],
"minedBinaryVariableTemplatesNumber_Octagon_splitClauses_0":["5"],
"labeledSingleVariableTemplatesNumber_Term_splitClauses_1":["1"],
"labeledBinaryVariableTemplatesNumber_Empty_splitClauses_0":["5"],
"minedTemplateNumber_Octagon_splitClauses_0":["243"],
"labeledBinaryVariableTemplatesNumber_Unlabeled_splitClauses_0":["5"],
"relationSymbolNumberBeforeSimplification_Empty_splitClauses_0":["318"],
"clauseNumberAfterSimplification_PredictedCDHG_splitClauses_0":["124"],
"smt2FileSizeByte_PredictedCG_splitClauses_0":["57515"],
"minedBinaryVariableTemplatesNumber_RelationalEqs_splitClauses_0":["5"],
"relationSymbolNumberBeforeSimplification_Unlabeled_splitClauses_0":["318"],
"labeledTemplateRelationSymbolNumber_RelationalEqs_splitClauses_1":["2"],
"minedBinaryVariableTemplatesNumber_Random_splitClauses_1":["5"],
"clauseNumberAfterSimplification_Unlabeled_splitClauses_1":["124"],
"minedSingleVariableTemplatesNumber_PredictedCDHG_splitClauses_1":["238"],
"labeledBinaryVariableTemplatesNumber_Term_splitClauses_1":["5"],
"clauseNumberBeforeSimplification_Empty_splitClauses_1":["149"],
"relationSymbolNumberAfterSimplification_Octagon_splitClauses_1":["218"],
"relationSymbolNumberAfterSimplification_Term_splitClauses_0":["218"],
"minedBinaryVariableTemplatesNumber_Mined_splitClauses_1":["5"],
"unlabeledBinaryVariableTemplatesNumber_Unlabeled_splitClauses_1":["1122"],
"relationSymbolNumberBeforeSimplification_Random_splitClauses_0":["318"],
"relationSymbolNumberAfterSimplification_PredictedCDHG_splitClauses_1":["218"],
"unlabeledTemplateNumber_PredictedCG_splitClauses_1":["1803"],
"generatedPredicateNumber_Empty_splitClauses_0":["10800000"],
"predicateGeneratorTime_RelationalIneqs_splitClauses_1":["172"],
"unlabeledSingleVariableTemplatesNumber_Empty_splitClauses_0":["681"],
"cegarIterationNumber_Octagon_splitClauses_0":["10800000"],
"clauseNumberAfterSimplification_Octagon_splitClauses_1":["124"],
"unlabeledSingleVariableTemplatesNumber_Labeled_splitClauses_1":["681"],
"clauseNumberBeforeSimplification_Random_splitClauses_1":["149"],
"minedTemplateRelationSymbolNumber_All_splitClauses_0":["35"],
"unlabeledTemplateRelationSymbolNumber_RelationalEqs_splitClauses_0":["35"],
"minedSingleVariableTemplatesNumber_Unlabeled_splitClauses_1":["238"],
"clauseNumberBeforeSimplification_RelationalEqs_splitClauses_0":["149"],
"minedTemplateNumber_Unlabeled_splitClauses_0":["243"],
"generatedPredicateNumber_Octagon_splitClauses_0":["10800000"],
"predicateGeneratorTime_PredictedCDHG_splitClauses_0":["10800000"],
"clauseNumberAfterSimplification_PredictedCG_splitClauses_1":["124"],
"labeledSingleVariableTemplatesNumber_RelationalEqs_splitClauses_1":["1"],
"smt2FileSizeByte_Random_splitClauses_1":["57515"],
"averagePredicateSize_PredictedCG_splitClauses_1":["10800000"],
"cegarIterationNumber_PredictedCDHG_splitClauses_1":["10800000"],
"clauseNumberAfterSimplification_RelationalEqs_splitClauses_1":["124"],
"minedBinaryVariableTemplatesNumber_Empty_splitClauses_1":["5"],
"relationSymbolNumberAfterSimplification_RelationalEqs_splitClauses_1":["218"],
"minedTemplateNumber_PredictedCDHG_splitClauses_0":["243"],
"labeledBinaryVariableTemplatesNumber_All_splitClauses_1":["5"],
"solvingTime_RelationalIneqs_splitClauses_1":["264"],
"unlabeledTemplateRelationSymbolNumber_RelationalEqs_splitClauses_1":["35"],
"smt2FileSizeByte_Unlabeled_splitClauses_0":["57515"],
"relationSymbolNumberBeforeSimplification_Mined_splitClauses_1":["318"],
"relationSymbolNumberAfterSimplification_Mined_splitClauses_1":["218"],
"generatedPredicateNumber_All_splitClauses_0":["10800000"],
"relationSymbolNumberBeforeSimplification_Octagon_splitClauses_1":["318"],
"predicateGeneratorTime_Octagon_splitClauses_1":["128"],
"solvability_Mined_splitClauses_1":["1"],
"minedTemplateRelationSymbolNumber_Term_splitClauses_1":["35"],
"clauseNumberAfterSimplification_Mined_splitClauses_0":["124"],
"solvability_PredictedCDHG_splitClauses_0":["10800000"],
"solvingTime_Empty_splitClauses_0":["10800000"],
"unlabeledSingleVariableTemplatesNumber_Unlabeled_splitClauses_1":["681"],
"minedTemplateNumber_Term_splitClauses_1":["243"],
"averagePredicateSize_Octagon_splitClauses_1":["1"],
"unlabeledSingleVariableTemplatesNumber_Octagon_splitClauses_1":["681"],
"minedTemplateRelationSymbolNumber_RelationalEqs_splitClauses_1":["35"],
"relationSymbolNumberBeforeSimplification_All_splitClauses_1":["318"],
"minedBinaryVariableTemplatesNumber_RelationalIneqs_splitClauses_0":["5"],
"predicateGeneratorTime_Term_splitClauses_1":["149"],
"solvingTime_Labeled_splitClauses_0":["10800000"],
"unlabeledBinaryVariableTemplatesNumber_PredictedCG_splitClauses_0":["1122"],
"minedTemplateNumber_All_splitClauses_0":["243"],
"predicateGeneratorTime_Labeled_splitClauses_1":["166"],
"unlabeledTemplateRelationSymbolNumber_Empty_splitClauses_0":["35"],
"unlabeledTemplateNumber_Mined_splitClauses_1":["1803"],
"solvability_PredictedCG_splitClauses_1":["10800000"],
"unlabeledTemplateNumber_Term_splitClauses_0":["1803"],
"minedBinaryVariableTemplatesNumber_PredictedCG_splitClauses_1":["5"],
"labeledSingleVariableTemplatesNumber_PredictedCDHG_splitClauses_0":["1"],
"minedBinaryVariableTemplatesNumber_All_splitClauses_0":["5"],
"averagePredicateSize_PredictedCDHG_splitClauses_1":["10800000"],
"predicateGeneratorTime_PredictedCG_splitClauses_0":["10800000"],
"generatedPredicateNumber_RelationalIneqs_splitClauses_0":["10800000"],
"labeledTemplateNumber_Empty_splitClauses_0":["6"],
"relationSymbolNumberAfterSimplification_RelationalIneqs_splitClauses_1":["218"],
"unlabeledTemplateRelationSymbolNumber_Term_splitClauses_0":["35"],
"minedTemplateNumber_All_splitClauses_1":["243"],
"labeledSingleVariableTemplatesNumber_Empty_splitClauses_1":["1"],
"minedBinaryVariableTemplatesNumber_Unlabeled_splitClauses_0":["5"],
"labeledTemplateNumber_Random_splitClauses_0":["6"],
"minedBinaryVariableTemplatesNumber_All_splitClauses_1":["5"],
"unlabeledSingleVariableTemplatesNumber_All_splitClauses_0":["681"],
"relationSymbolNumberBeforeSimplification_Labeled_splitClauses_1":["318"],
"smt2FileSizeByte_PredictedCDHG_splitClauses_1":["57515"],
"labeledBinaryVariableTemplatesNumber_PredictedCDHG_splitClauses_0":["5"],
"averagePredicateSize_RelationalEqs_splitClauses_1":["1"],
"minedSingleVariableTemplatesNumber_Term_splitClauses_0":["238"],
"labeledTemplateRelationSymbolNumber_Term_splitClauses_1":["2"],
"generatedPredicateNumber_Random_splitClauses_0":["10800000"],
"labeledBinaryVariableTemplatesNumber_Empty_splitClauses_1":["5"],
"relationSymbolNumberAfterSimplification_Term_splitClauses_1":["218"],
"clauseNumberAfterSimplification_Labeled_splitClauses_0":["124"],
"labeledSingleVariableTemplatesNumber_Labeled_splitClauses_0":["1"],
"minedTemplateNumber_Mined_splitClauses_1":["243"],
"labeledTemplateRelationSymbolNumber_Labeled_splitClauses_0":["2"],
"unlabeledTemplateRelationSymbolNumber_Mined_splitClauses_1":["35"],
"solvability_Labeled_splitClauses_0":["10800000"],
"minedTemplateNumber_RelationalEqs_splitClauses_1":["243"],
"solvingTime_Random_splitClauses_1":["253"],
"minedTemplateNumber_Random_splitClauses_0":["243"],
"cegarIterationNumber_Unlabeled_splitClauses_1":["2"],
"minedTemplateNumber_RelationalIneqs_splitClauses_1":["243"],
"unlabeledBinaryVariableTemplatesNumber_Octagon_splitClauses_1":["1122"],
"minedSingleVariableTemplatesNumber_Octagon_splitClauses_1":["238"],
"minedSingleVariableTemplatesNumber_Random_splitClauses_1":["238"],
"averagePredicateSize_All_splitClauses_1":["10800000"],
"minedTemplateNumber_Empty_splitClauses_0":["243"],
"labeledTemplateNumber_Mined_splitClauses_0":["6"],
"unlabeledBinaryVariableTemplatesNumber_All_splitClauses_0":["1122"],
"relationSymbolNumberAfterSimplification_Labeled_splitClauses_1":["218"],
"labeledSingleVariableTemplatesNumber_PredictedCDHG_splitClauses_1":["1"],
"minedSingleVariableTemplatesNumber_Mined_splitClauses_1":["238"],
"labeledTemplateRelationSymbolNumber_Term_splitClauses_0":["2"],
"unlabeledTemplateRelationSymbolNumber_Term_splitClauses_1":["35"],
"predicateGeneratorTime_All_splitClauses_1":["10800000"],
"unlabeledSingleVariableTemplatesNumber_Random_splitClauses_0":["681"],
"predicateGeneratorTime_Unlabeled_splitClauses_1":["125"],
"cegarIterationNumber_PredictedCDHG_splitClauses_0":["10800000"],
"labeledTemplateNumber_RelationalEqs_splitClauses_0":["6"],
"labeledTemplateRelationSymbolNumber_Mined_splitClauses_1":["2"],
"labeledTemplateRelationSymbolNumber_Random_splitClauses_0":["2"],
"labeledBinaryVariableTemplatesNumber_RelationalEqs_splitClauses_1":["5"],
"generatedPredicateNumber_RelationalIneqs_splitClauses_1":["4"],
"unlabeledTemplateRelationSymbolNumber_PredictedCG_splitClauses_1":["35"],
"unlabeledSingleVariableTemplatesNumber_RelationalEqs_splitClauses_0":["681"],
"labeledBinaryVariableTemplatesNumber_Labeled_splitClauses_0":["5"],
"minedBinaryVariableTemplatesNumber_PredictedCDHG_splitClauses_0":["5"],
"unlabeledTemplateRelationSymbolNumber_Unlabeled_splitClauses_0":["35"],
"clauseNumberAfterSimplification_Term_splitClauses_1":["124"],
"unlabeledTemplateNumber_Octagon_splitClauses_0":["1803"],
"unlabeledBinaryVariableTemplatesNumber_RelationalEqs_splitClauses_1":["1122"],
"unlabeledTemplateNumber_PredictedCG_splitClauses_0":["1803"],
"unlabeledTemplateNumber_All_splitClauses_0":["1803"],
"labeledTemplateRelationSymbolNumber_RelationalIneqs_splitClauses_1":["2"],
"unlabeledSingleVariableTemplatesNumber_Mined_splitClauses_1":["681"],
"labeledTemplateRelationSymbolNumber_Unlabeled_splitClauses_1":["2"],
"labeledBinaryVariableTemplatesNumber_Random_splitClauses_1":["5"],
"solvability_Random_splitClauses_1":["1"],
"solvingTime_Term_splitClauses_0":["10800000"],
"minedSingleVariableTemplatesNumber_Labeled_splitClauses_1":["238"],
"clauseNumberBeforeSimplification_Term_splitClauses_0":["149"],
"relationSymbolNumberBeforeSimplification_RelationalIneqs_splitClauses_1":["318"],
"minedTemplateRelationSymbolNumber_Mined_splitClauses_0":["35"],
"solvability_Octagon_splitClauses_1":["1"],
"minedSingleVariableTemplatesNumber_RelationalIneqs_splitClauses_1":["238"],
"smt2FileSizeByte_Labeled_splitClauses_0":["57515"],
"solvability_RelationalEqs_splitClauses_1":["1"],
"unlabeledSingleVariableTemplatesNumber_Empty_splitClauses_1":["681"],
"labeledTemplateNumber_PredictedCDHG_splitClauses_1":["6"],
"minedTemplateRelationSymbolNumber_Octagon_splitClauses_0":["35"],
"clauseNumberAfterSimplification_Unlabeled_splitClauses_0":["124"],
"clauseNumberBeforeSimplification_Unlabeled_splitClauses_0":["149"],
"clauseNumberBeforeSimplification_PredictedCDHG_splitClauses_0":["149"],
"cegarIterationNumber_RelationalIneqs_splitClauses_0":["10800000"],
"labeledTemplateRelationSymbolNumber_RelationalEqs_splitClauses_0":["2"],
"averagePredicateSize_Labeled_splitClauses_0":["10800000"],
"smt2FileSizeByte_RelationalIneqs_splitClauses_1":["57515"],
"clauseNumberBeforeSimplification_RelationalEqs_splitClauses_1":["149"],
"unlabeledTemplateRelationSymbolNumber_RelationalIneqs_splitClauses_1":["35"],
"clauseNumberBeforeSimplification_PredictedCG_splitClauses_0":["149"],
"solvingTime_PredictedCDHG_splitClauses_0":["10800000"],
"labeledTemplateRelationSymbolNumber_Octagon_splitClauses_1":["2"],
"minedTemplateRelationSymbolNumber_PredictedCG_splitClauses_1":["35"],
"relationSymbolNumberBeforeSimplification_RelationalEqs_splitClauses_1":["318"],
"labeledTemplateNumber_Random_splitClauses_1":["6"],
"solvingTime_RelationalIneqs_splitClauses_0":["10800000"],
"labeledTemplateNumber_All_splitClauses_1":["6"],
"unlabeledTemplateNumber_Random_splitClauses_1":["1803"],
"relationSymbolNumberBeforeSimplification_All_splitClauses_0":["318"],
"smt2FileSizeByte_Unlabeled_splitClauses_1":["57515"],
"cegarIterationNumber_PredictedCG_splitClauses_0":["10800000"],
"predicateGeneratorTime_Octagon_splitClauses_0":["10800000"],
"unlabeledTemplateNumber_RelationalEqs_splitClauses_1":["1803"],
"clauseNumberAfterSimplification_Octagon_splitClauses_0":["124"],
"cegarIterationNumber_Random_splitClauses_0":["10800000"],
"solvability_PredictedCDHG_splitClauses_1":["10800000"],
"solvability_PredictedCG_splitClauses_0":["10800000"],
"solvingTime_PredictedCG_splitClauses_1":["10800000"],
"unlabeledSingleVariableTemplatesNumber_Unlabeled_splitClauses_0":["681"],
"unlabeledTemplateNumber_Unlabeled_splitClauses_0":["1803"],
"labeledTemplateRelationSymbolNumber_RelationalIneqs_splitClauses_0":["2"],
"minedTemplateNumber_Random_splitClauses_1":["243"],
"generatedPredicateNumber_RelationalEqs_splitClauses_0":["10800000"],
"minedTemplateNumber_Term_splitClauses_0":["243"],
"solvingTime_All_splitClauses_1":["10800000"],
"minedSingleVariableTemplatesNumber_PredictedCG_splitClauses_0":["238"],
"smt2FileSizeByte_Term_splitClauses_1":["57515"],
"labeledBinaryVariableTemplatesNumber_All_splitClauses_0":["5"],
"minedTemplateNumber_PredictedCDHG_splitClauses_1":["243"],
"minedTemplateRelationSymbolNumber_PredictedCDHG_splitClauses_0":["35"],
"averagePredicateSize_Unlabeled_splitClauses_0":["10800000"],
"minedBinaryVariableTemplatesNumber_Octagon_splitClauses_1":["5"],
"unlabeledSingleVariableTemplatesNumber_Random_splitClauses_1":["681"],
"clauseNumberBeforeSimplification_Random_splitClauses_0":["149"],
"solvingTime_Unlabeled_splitClauses_1":["200"],
"predicateGeneratorTime_PredictedCDHG_splitClauses_1":["10800000"],
"averagePredicateSize_PredictedCDHG_splitClauses_0":["10800000"],
"relationSymbolNumberAfterSimplification_RelationalEqs_splitClauses_0":["218"],
"minedBinaryVariableTemplatesNumber_Term_splitClauses_0":["5"],
"labeledTemplateNumber_RelationalIneqs_splitClauses_0":["6"],
"clauseNumberAfterSimplification_Random_splitClauses_0":["124"],
"clauseNumberAfterSimplification_PredictedCG_splitClauses_0":["124"],
"generatedPredicateNumber_Empty_splitClauses_1":["4"],
"clauseNumberBeforeSimplification_Octagon_splitClauses_0":["149"],
"unlabeledTemplateNumber_Empty_splitClauses_0":["1803"],
"minedSingleVariableTemplatesNumber_All_splitClauses_0":["238"],
"labeledTemplateRelationSymbolNumber_Octagon_splitClauses_0":["2"],
"generatedPredicateNumber_Random_splitClauses_1":["4"],
"clauseNumberAfterSimplification_RelationalEqs_splitClauses_0":["124"],
"labeledBinaryVariableTemplatesNumber_Term_splitClauses_0":["5"],
"minedSingleVariableTemplatesNumber_RelationalEqs_splitClauses_0":["238"],
"minedTemplateNumber_Mined_splitClauses_0":["243"],
"relationSymbolNumberBeforeSimplification_PredictedCG_splitClauses_0":["318"],
"averagePredicateSize_Octagon_splitClauses_0":["10800000"],
"unlabeledBinaryVariableTemplatesNumber_Empty_splitClauses_1":["1122"],
"unlabeledSingleVariableTemplatesNumber_PredictedCDHG_splitClauses_0":["681"],
"unlabeledSingleVariableTemplatesNumber_PredictedCG_splitClauses_1":["681"],
"labeledTemplateRelationSymbolNumber_Labeled_splitClauses_1":["2"],
"minedTemplateRelationSymbolNumber_Random_splitClauses_0":["35"],
"unlabeledTemplateRelationSymbolNumber_PredictedCG_splitClauses_0":["35"],
"unlabeledTemplateNumber_RelationalIneqs_splitClauses_0":["1803"],
"unlabeledSingleVariableTemplatesNumber_Labeled_splitClauses_0":["681"],
"relationSymbolNumberAfterSimplification_PredictedCG_splitClauses_0":["218"],
"minedTemplateNumber_Unlabeled_splitClauses_1":["243"],
"generatedPredicateNumber_PredictedCG_splitClauses_0":["10800000"],
"labeledTemplateNumber_Unlabeled_splitClauses_1":["6"],
"unlabeledTemplateRelationSymbolNumber_Empty_splitClauses_1":["35"],
"clauseNumberBeforeSimplification_Empty_splitClauses_0":["149"],
"solvingTime_Octagon_splitClauses_1":["214"],
"cegarIterationNumber_Mined_splitClauses_1":["2"],
"clauseNumberBeforeSimplification_Mined_splitClauses_1":["149"],
"smt2FileSizeByte_PredictedCDHG_splitClauses_0":["57515"],
"averagePredicateSize_PredictedCG_splitClauses_0":["10800000"],
"solvingTime_Random_splitClauses_0":["10800000"],
"minedTemplateNumber_RelationalEqs_splitClauses_0":["243"],
"unlabeledSingleVariableTemplatesNumber_RelationalIneqs_splitClauses_0":["681"],
"unlabeledTemplateNumber_Unlabeled_splitClauses_1":["1803"],
"labeledBinaryVariableTemplatesNumber_RelationalEqs_splitClauses_0":["5"],
"generatedPredicateNumber_PredictedCDHG_splitClauses_0":["10800000"],
"relationSymbolNumberAfterSimplification_RelationalIneqs_splitClauses_0":["218"],
"minedTemplateRelationSymbolNumber_Empty_splitClauses_1":["35"],
"predicateGeneratorTime_Random_splitClauses_1":["144"],
"labeledTemplateNumber_Term_splitClauses_1":["6"],
"relationSymbolNumberBeforeSimplification_RelationalEqs_splitClauses_0":["318"],
"minedSingleVariableTemplatesNumber_Empty_splitClauses_1":["238"],
"minedSingleVariableTemplatesNumber_RelationalIneqs_splitClauses_0":["238"],
"clauseNumberAfterSimplification_All_splitClauses_0":["124"],
"unlabeledBinaryVariableTemplatesNumber_RelationalEqs_splitClauses_0":["1122"],
"cegarIterationNumber_RelationalEqs_splitClauses_0":["10800000"],
"labeledTemplateRelationSymbolNumber_PredictedCDHG_splitClauses_0":["2"],
"labeledSingleVariableTemplatesNumber_Labeled_splitClauses_1":["1"],
"unlabeledBinaryVariableTemplatesNumber_All_splitClauses_1":["1122"],
"minedTemplateRelationSymbolNumber_Unlabeled_splitClauses_1":["35"],
"solvingTime_RelationalEqs_splitClauses_0":["10800000"],
"solvingTime_RelationalEqs_splitClauses_1":["205"],
"minedBinaryVariableTemplatesNumber_Mined_splitClauses_0":["5"],
"clauseNumberBeforeSimplification_All_splitClauses_0":["149"],
"clauseNumberBeforeSimplification_RelationalIneqs_splitClauses_1":["149"],
"labeledTemplateNumber_RelationalEqs_splitClauses_1":["6"],
"labeledBinaryVariableTemplatesNumber_RelationalIneqs_splitClauses_0":["5"],
"relationSymbolNumberBeforeSimplification_Labeled_splitClauses_0":["318"],
"clauseNumberAfterSimplification_Empty_splitClauses_0":["124"],
"averagePredicateSize_Empty_splitClauses_0":["10800000"],
"unlabeledTemplateNumber_Term_splitClauses_1":["1803"],
"predicateGeneratorTime_Mined_splitClauses_1":["217"],
"labeledBinaryVariableTemplatesNumber_RelationalIneqs_splitClauses_1":["5"],
"predicateGeneratorTime_Unlabeled_splitClauses_0":["10800000"],
"relationSymbolNumberAfterSimplification_Empty_splitClauses_0":["218"],
"generatedPredicateNumber_Mined_splitClauses_0":["10800000"],
"generatedPredicateNumber_RelationalEqs_splitClauses_1":["4"],
"labeledTemplateRelationSymbolNumber_PredictedCG_splitClauses_0":["2"],
"minedSingleVariableTemplatesNumber_PredictedCG_splitClauses_1":["238"],
"minedTemplateRelationSymbolNumber_PredictedCG_splitClauses_0":["35"],
"unlabeledTemplateRelationSymbolNumber_Labeled_splitClauses_0":["35"],
"solvability_Empty_splitClauses_1":["1"],
"averagePredicateSize_Term_splitClauses_0":["10800000"],
"cegarIterationNumber_Random_splitClauses_1":["2"],
"averagePredicateSize_Labeled_splitClauses_1":["1"],
"unlabeledBinaryVariableTemplatesNumber_Unlabeled_splitClauses_0":["1122"],
"generatedPredicateNumber_Unlabeled_splitClauses_1":["4"],
"predicateGeneratorTime_All_splitClauses_0":["10800000"],
"unlabeledBinaryVariableTemplatesNumber_PredictedCDHG_splitClauses_1":["1122"],
"clauseNumberBeforeSimplification_Labeled_splitClauses_1":["149"],
"minedBinaryVariableTemplatesNumber_Labeled_splitClauses_1":["5"],
"labeledSingleVariableTemplatesNumber_All_splitClauses_0":["1"],
"unlabeledTemplateRelationSymbolNumber_Mined_splitClauses_0":["35"],
"cegarIterationNumber_Octagon_splitClauses_1":["2"],
"labeledTemplateNumber_Octagon_splitClauses_0":["6"],
"labeledTemplateRelationSymbolNumber_All_splitClauses_1":["2"],
"smt2FileSizeByte_Empty_splitClauses_0":["57515"],
"unlabeledTemplateNumber_Octagon_splitClauses_1":["1803"],
"predicateGeneratorTime_RelationalEqs_splitClauses_0":["10800000"],
"unlabeledTemplateRelationSymbolNumber_RelationalIneqs_splitClauses_0":["35"],
"smt2FileSizeByte_RelationalEqs_splitClauses_1":["57515"],
"unlabeledTemplateNumber_Labeled_splitClauses_0":["1803"],
"minedSingleVariableTemplatesNumber_Labeled_splitClauses_0":["238"],
"solvingTime_PredictedCDHG_splitClauses_1":["10800000"],
"relationSymbolNumberBeforeSimplification_Term_splitClauses_1":["318"],
"minedTemplateNumber_Octagon_splitClauses_1":["243"],
"clauseNumberBeforeSimplification_Mined_splitClauses_0":["149"],
"smt2FileSizeByte_All_splitClauses_0":["57515"],
"solvingTime_All_splitClauses_0":["10800000"],
"minedBinaryVariableTemplatesNumber_Term_splitClauses_1":["5"],
"unlabeledTemplateRelationSymbolNumber_Random_splitClauses_0":["35"],
"cegarIterationNumber_All_splitClauses_0":["10800000"],
"smt2FileSizeByte_RelationalEqs_splitClauses_0":["57515"],
"unlabeledSingleVariableTemplatesNumber_PredictedCDHG_splitClauses_1":["681"],
"clauseNumberBeforeSimplification_Labeled_splitClauses_0":["149"],
"cegarIterationNumber_PredictedCG_splitClauses_1":["10800000"],
"labeledTemplateRelationSymbolNumber_Unlabeled_splitClauses_0":["2"],
"unlabeledTemplateRelationSymbolNumber_Octagon_splitClauses_1":["35"],
"unlabeledTemplateNumber_Empty_splitClauses_1":["1803"],
"clauseNumberBeforeSimplification_Octagon_splitClauses_1":["149"],
"labeledTemplateNumber_Unlabeled_splitClauses_0":["6"],
"labeledBinaryVariableTemplatesNumber_PredictedCG_splitClauses_0":["5"],
"solvability_Term_splitClauses_1":["1"],
"solvability_Octagon_splitClauses_0":["10800000"],
"minedTemplateRelationSymbolNumber_RelationalIneqs_splitClauses_0":["35"],
"clauseNumberBeforeSimplification_RelationalIneqs_splitClauses_0":["149"],
"labeledTemplateNumber_PredictedCG_splitClauses_0":["6"],
"cegarIterationNumber_Labeled_splitClauses_0":["10800000"],
"smt2FileSizeByte_Labeled_splitClauses_1":["57515"],
"clauseNumberBeforeSimplification_Unlabeled_splitClauses_1":["149"],
"generatedPredicateNumber_Term_splitClauses_1":["4"],
"solvingTime_Term_splitClauses_1":["231"],
"unlabeledBinaryVariableTemplatesNumber_Random_splitClauses_1":["1122"],
"unlabeledSingleVariableTemplatesNumber_Octagon_splitClauses_0":["681"],
"solvingTime_Octagon_splitClauses_0":["10800000"],
"labeledSingleVariableTemplatesNumber_Mined_splitClauses_1":["1"],
"averagePredicateSize_Term_splitClauses_1":["1"],
"labeledTemplateNumber_Labeled_splitClauses_0":["6"],
"unlabeledSingleVariableTemplatesNumber_PredictedCG_splitClauses_0":["681"],
"smt2FileSizeByte_Mined_splitClauses_1":["57515"],
"labeledBinaryVariableTemplatesNumber_Unlabeled_splitClauses_1":["5"],
"labeledTemplateNumber_All_splitClauses_0":["6"],
"unlabeledTemplateNumber_Random_splitClauses_0":["1803"],
"labeledTemplateNumber_Octagon_splitClauses_1":["6"],
"unlabeledTemplateNumber_PredictedCDHG_splitClauses_1":["1803"],
"unlabeledBinaryVariableTemplatesNumber_Mined_splitClauses_0":["1122"],
"minedTemplateRelationSymbolNumber_Mined_splitClauses_1":["35"],
"labeledTemplateNumber_RelationalIneqs_splitClauses_1":["6"],
"relationSymbolNumberAfterSimplification_All_splitClauses_0":["218"],
"relationSymbolNumberBeforeSimplification_PredictedCDHG_splitClauses_0":["318"],
"solvability_Term_splitClauses_0":["10800000"],
"clauseNumberBeforeSimplification_PredictedCG_splitClauses_1":["149"],
"generatedPredicateNumber_Labeled_splitClauses_1":["4"],
"labeledSingleVariableTemplatesNumber_Unlabeled_splitClauses_0":["1"],
"unlabeledBinaryVariableTemplatesNumber_Empty_splitClauses_0":["1122"],
"solvingTime_Mined_splitClauses_0":["10800000"],
"unlabeledTemplateNumber_All_splitClauses_1":["1803"],
"clauseNumberAfterSimplification_Random_splitClauses_1":["124"],
"labeledBinaryVariableTemplatesNumber_Octagon_splitClauses_1":["5"],
"unlabeledBinaryVariableTemplatesNumber_Labeled_splitClauses_0":["1122"],
"smt2FileSizeByte_Octagon_splitClauses_0":["57515"],
"labeledSingleVariableTemplatesNumber_Random_splitClauses_1":["1"],
"solvability_Unlabeled_splitClauses_0":["10800000"],
"solvingTime_Unlabeled_splitClauses_0":["10800000"],
"unlabeledTemplateRelationSymbolNumber_All_splitClauses_1":["35"],
"minedTemplateNumber_Empty_splitClauses_1":["243"],
"solvability_RelationalIneqs_splitClauses_0":["10800000"],
"unlabeledTemplateRelationSymbolNumber_Labeled_splitClauses_1":["35"],
"cegarIterationNumber_RelationalEqs_splitClauses_1":["2"],
"minedSingleVariableTemplatesNumber_RelationalEqs_splitClauses_1":["238"],
"clauseNumberAfterSimplification_PredictedCDHG_splitClauses_1":["124"],
"minedBinaryVariableTemplatesNumber_RelationalIneqs_splitClauses_1":["5"],
"unlabeledBinaryVariableTemplatesNumber_Mined_splitClauses_1":["1122"],
"unlabeledBinaryVariableTemplatesNumber_PredictedCDHG_splitClauses_0":["1122"],
"solvingTime_Empty_splitClauses_1":["285"],
"labeledTemplateRelationSymbolNumber_Empty_splitClauses_1":["2"],
"generatedPredicateNumber_Term_splitClauses_0":["10800000"],
"averagePredicateSize_Empty_splitClauses_1":["1"],
"generatedPredicateNumber_PredictedCG_splitClauses_1":["10800000"],
"labeledTemplateRelationSymbolNumber_PredictedCDHG_splitClauses_1":["2"],
"predicateGeneratorTime_Mined_splitClauses_0":["10800000"],
"relationSymbolNumberBeforeSimplification_Term_splitClauses_0":["318"],
"predicateGeneratorTime_Labeled_splitClauses_0":["10800000"],
"labeledSingleVariableTemplatesNumber_Random_splitClauses_0":["1"],
"unlabeledTemplateRelationSymbolNumber_All_splitClauses_0":["35"],
"minedBinaryVariableTemplatesNumber_Labeled_splitClauses_0":["5"],
"generatedPredicateNumber_Labeled_splitClauses_0":["10800000"],
"relationSymbolNumberAfterSimplification_Empty_splitClauses_1":["218"],
"solvingTime_Mined_splitClauses_1":["336"],
"minedSingleVariableTemplatesNumber_All_splitClauses_1":["238"],
"predicateGeneratorTime_Random_splitClauses_0":["10800000"],
"cegarIterationNumber_Term_splitClauses_1":["2"],
"labeledTemplateNumber_Empty_splitClauses_1":["6"],
"clauseNumberAfterSimplification_Empty_splitClauses_1":["124"],
"minedTemplateRelationSymbolNumber_Empty_splitClauses_0":["35"],
"unlabeledSingleVariableTemplatesNumber_Term_splitClauses_0":["681"],
"minedSingleVariableTemplatesNumber_Empty_splitClauses_0":["238"],
"relationSymbolNumberAfterSimplification_Random_splitClauses_0":["218"],
"minedTemplateRelationSymbolNumber_RelationalEqs_splitClauses_0":["35"],
"cegarIterationNumber_Empty_splitClauses_0":["10800000"],
"minedBinaryVariableTemplatesNumber_RelationalEqs_splitClauses_1":["5"],
"relationSymbolNumberBeforeSimplification_PredictedCG_splitClauses_1":["318"],
"labeledSingleVariableTemplatesNumber_All_splitClauses_1":["1"],
"unlabeledTemplateRelationSymbolNumber_Octagon_splitClauses_0":["35"],
"minedTemplateRelationSymbolNumber_Unlabeled_splitClauses_0":["35"],
"labeledBinaryVariableTemplatesNumber_Mined_splitClauses_0":["5"],
"relationSymbolNumberAfterSimplification_Unlabeled_splitClauses_1":["218"],
"minedTemplateNumber_PredictedCG_splitClauses_1":["243"],
"cegarIterationNumber_Empty_splitClauses_1":["2"],
"averagePredicateSize_RelationalIneqs_splitClauses_0":["10800000"],
"solvability_All_splitClauses_1":["10800000"],
"unlabeledBinaryVariableTemplatesNumber_Term_splitClauses_1":["1122"],
"minedTemplateRelationSymbolNumber_Labeled_splitClauses_1":["35"],
"averagePredicateSize_Unlabeled_splitClauses_1":["1"],
"labeledTemplateNumber_Term_splitClauses_0":["6"],
"smt2FileSizeByte_Empty_splitClauses_1":["57515"],
"solvingTime_PredictedCG_splitClauses_0":["10800000"],
"cegarIterationNumber_All_splitClauses_1":["10800000"],
"clauseNumberBeforeSimplification_Term_splitClauses_1":["149"],
"predicateGeneratorTime_Empty_splitClauses_0":["10800000"],
"relationSymbolNumberBeforeSimplification_Empty_splitClauses_1":["318"],
"averagePredicateSize_All_splitClauses_0":["10800000"],
"unlabeledBinaryVariableTemplatesNumber_Random_splitClauses_0":["1122"],
"smt2FileSizeByte_Term_splitClauses_0":["57515"],
"averagePredicateSize_Mined_splitClauses_1":["1"],
"minedBinaryVariableTemplatesNumber_Empty_splitClauses_0":["5"],
"minedTemplateRelationSymbolNumber_All_splitClauses_1":["35"],
"labeledSingleVariableTemplatesNumber_PredictedCG_splitClauses_0":["1"],
"unlabeledBinaryVariableTemplatesNumber_RelationalIneqs_splitClauses_0":["1122"],
"unlabeledSingleVariableTemplatesNumber_RelationalIneqs_splitClauses_1":["681"],
"clauseNumberAfterSimplification_RelationalIneqs_splitClauses_0":["124"],
"unlabeledTemplateNumber_RelationalEqs_splitClauses_0":["1803"],
"unlabeledTemplateNumber_RelationalIneqs_splitClauses_1":["1803"],
"labeledTemplateRelationSymbolNumber_PredictedCG_splitClauses_1":["2"],
"labeledTemplateRelationSymbolNumber_All_splitClauses_0":["2"],
"labeledSingleVariableTemplatesNumber_Octagon_splitClauses_0":["1"],
"dummyFiled":[]
}