{
"smt2FileSizeByte_All_splitClauses_1":["122471"],
"generatedPredicateNumber_All_splitClauses_1":["10800000"],
"unlabeledTemplateRelationSymbolNumber_PredictedCDHG_splitClauses_0":["57"],
"predicateGeneratorTime_Term_splitClauses_0":["10800000"],
"averagePredicateSize_Random_splitClauses_1":["10800000"],
"labeledBinaryVariableTemplatesNumber_Labeled_splitClauses_1":["136"],
"clauseNumberBeforeSimplification_All_splitClauses_1":["227"],
"minedTemplateRelationSymbolNumber_Term_splitClauses_0":["57"],
"solvingTime_Labeled_splitClauses_1":["10800000"],
"unlabeledTemplateNumber_Labeled_splitClauses_1":["3213"],
"relationSymbolNumber_Term_splitClauses_1":["391"],
"minedTemplateRelationSymbolNumber_Octagon_splitClauses_1":["57"],
"clauseNumberAfterSimplification_Mined_splitClauses_1":["212"],
"unlabeledBinaryVariableTemplatesNumber_Term_splitClauses_0":["2016"],
"labeledTemplateNumber_PredictedCDHG_splitClauses_0":["147"],
"relationSymbolNumber_RelationalEqs_splitClauses_1":["391"],
"solvability_Empty_splitClauses_0":["10800000"],
"unlabeledTemplateRelationSymbolNumber_Random_splitClauses_1":["57"],
"labeledBinaryVariableTemplatesNumber_Octagon_splitClauses_0":["136"],
"minedTemplateRelationSymbolNumber_Random_splitClauses_1":["57"],
"unlabeledSingleVariableTemplatesNumber_Mined_splitClauses_0":["1197"],
"unlabeledBinaryVariableTemplatesNumber_PredictedCG_splitClauses_1":["2016"],
"solvability_All_splitClauses_0":["10800000"],
"predicateGeneratorTime_RelationalEqs_splitClauses_1":["10800000"],
"smt2FileSizeByte_PredictedCG_splitClauses_1":["122471"],
"labeledSingleVariableTemplatesNumber_Unlabeled_splitClauses_1":["11"],
"labeledBinaryVariableTemplatesNumber_PredictedCG_splitClauses_1":["136"],
"minedBinaryVariableTemplatesNumber_PredictedCG_splitClauses_0":["136"],
"solvability_Random_splitClauses_0":["10800000"],
"clauseNumberBeforeSimplification_PredictedCDHG_splitClauses_1":["227"],
"labeledSingleVariableTemplatesNumber_Mined_splitClauses_0":["11"],
"solvability_Unlabeled_splitClauses_1":["10800000"],
"cegarIterationNumber_Labeled_splitClauses_1":["10800000"],
"smt2FileSizeByte_Mined_splitClauses_0":["122471"],
"labeledSingleVariableTemplatesNumber_PredictedCG_splitClauses_1":["11"],
"smt2FileSizeByte_Octagon_splitClauses_1":["122471"],
"minedTemplateNumber_Labeled_splitClauses_1":["547"],
"labeledSingleVariableTemplatesNumber_RelationalIneqs_splitClauses_1":["11"],
"clauseNumberAfterSimplification_Labeled_splitClauses_1":["212"],
"smt2FileSizeByte_Random_splitClauses_0":["122471"],
"unlabeledTemplateRelationSymbolNumber_PredictedCDHG_splitClauses_1":["57"],
"labeledSingleVariableTemplatesNumber_Term_splitClauses_0":["11"],
"generatedPredicateNumber_PredictedCDHG_splitClauses_1":["10800000"],
"minedSingleVariableTemplatesNumber_Unlabeled_splitClauses_0":["411"],
"generatedPredicateNumber_Octagon_splitClauses_1":["10800000"],
"labeledSingleVariableTemplatesNumber_RelationalEqs_splitClauses_0":["11"],
"predicateGeneratorTime_PredictedCG_splitClauses_1":["10800000"],
"labeledTemplateNumber_Labeled_splitClauses_1":["147"],
"labeledSingleVariableTemplatesNumber_Empty_splitClauses_0":["11"],
"minedTemplateRelationSymbolNumber_RelationalIneqs_splitClauses_1":["57"],
"unlabeledSingleVariableTemplatesNumber_All_splitClauses_1":["1197"],
"labeledBinaryVariableTemplatesNumber_PredictedCDHG_splitClauses_1":["136"],
"unlabeledSingleVariableTemplatesNumber_RelationalEqs_splitClauses_1":["1197"],
"cegarIterationNumber_Term_splitClauses_0":["10800000"],
"unlabeledBinaryVariableTemplatesNumber_Labeled_splitClauses_1":["2016"],
"unlabeledSingleVariableTemplatesNumber_Term_splitClauses_1":["1197"],
"clauseNumberAfterSimplification_All_splitClauses_1":["212"],
"minedSingleVariableTemplatesNumber_Random_splitClauses_0":["411"],
"solvability_RelationalIneqs_splitClauses_1":["10800000"],
"minedTemplateNumber_Labeled_splitClauses_0":["547"],
"minedSingleVariableTemplatesNumber_Octagon_splitClauses_0":["411"],
"minedSingleVariableTemplatesNumber_Term_splitClauses_1":["411"],
"minedBinaryVariableTemplatesNumber_PredictedCDHG_splitClauses_1":["136"],
"generatedPredicateNumber_Mined_splitClauses_1":["113"],
"relationSymbolNumber_Octagon_splitClauses_1":["391"],
"relationSymbolNumber_Unlabeled_splitClauses_1":["391"],
"labeledSingleVariableTemplatesNumber_RelationalIneqs_splitClauses_0":["11"],
"averagePredicateSize_Mined_splitClauses_0":["10800000"],
"cegarIterationNumber_Unlabeled_splitClauses_0":["10800000"],
"minedBinaryVariableTemplatesNumber_Random_splitClauses_0":["136"],
"labeledTemplateNumber_Mined_splitClauses_1":["147"],
"labeledBinaryVariableTemplatesNumber_Random_splitClauses_0":["136"],
"unlabeledTemplateRelationSymbolNumber_Unlabeled_splitClauses_1":["57"],
"cegarIterationNumber_Mined_splitClauses_0":["10800000"],
"minedTemplateRelationSymbolNumber_Labeled_splitClauses_0":["57"],
"unlabeledBinaryVariableTemplatesNumber_RelationalIneqs_splitClauses_1":["2016"],
"unlabeledBinaryVariableTemplatesNumber_Octagon_splitClauses_0":["2016"],
"solvability_Mined_splitClauses_0":["10800000"],
"averagePredicateSize_RelationalEqs_splitClauses_0":["10800000"],
"clauseNumberAfterSimplification_Term_splitClauses_0":["212"],
"unlabeledTemplateNumber_Mined_splitClauses_0":["3213"],
"unlabeledTemplateNumber_PredictedCDHG_splitClauses_0":["3213"],
"cegarIterationNumber_RelationalIneqs_splitClauses_1":["10800000"],
"minedBinaryVariableTemplatesNumber_Unlabeled_splitClauses_1":["136"],
"labeledTemplateNumber_PredictedCG_splitClauses_1":["147"],
"labeledTemplateRelationSymbolNumber_Mined_splitClauses_0":["52"],
"labeledBinaryVariableTemplatesNumber_Mined_splitClauses_1":["136"],
"clauseNumberAfterSimplification_RelationalIneqs_splitClauses_1":["212"],
"minedSingleVariableTemplatesNumber_PredictedCDHG_splitClauses_0":["411"],
"solvability_Labeled_splitClauses_1":["10800000"],
"labeledSingleVariableTemplatesNumber_Octagon_splitClauses_1":["11"],
"averagePredicateSize_Random_splitClauses_0":["10800000"],
"smt2FileSizeByte_RelationalIneqs_splitClauses_0":["122471"],
"generatedPredicateNumber_Unlabeled_splitClauses_0":["10800000"],
"solvability_RelationalEqs_splitClauses_0":["10800000"],
"predicateGeneratorTime_Empty_splitClauses_1":["10800000"],
"minedSingleVariableTemplatesNumber_Mined_splitClauses_0":["411"],
"minedTemplateRelationSymbolNumber_PredictedCDHG_splitClauses_1":["57"],
"minedTemplateNumber_PredictedCG_splitClauses_0":["547"],
"averagePredicateSize_RelationalIneqs_splitClauses_1":["10800000"],
"labeledTemplateRelationSymbolNumber_Random_splitClauses_1":["52"],
"minedTemplateNumber_RelationalIneqs_splitClauses_0":["547"],
"predicateGeneratorTime_RelationalIneqs_splitClauses_0":["10800000"],
"labeledTemplateRelationSymbolNumber_Empty_splitClauses_0":["52"],
"minedBinaryVariableTemplatesNumber_Octagon_splitClauses_0":["136"],
"relationSymbolNumber_Labeled_splitClauses_0":["391"],
"labeledSingleVariableTemplatesNumber_Term_splitClauses_1":["11"],
"labeledBinaryVariableTemplatesNumber_Empty_splitClauses_0":["136"],
"minedTemplateNumber_Octagon_splitClauses_0":["547"],
"labeledBinaryVariableTemplatesNumber_Unlabeled_splitClauses_0":["136"],
"clauseNumberAfterSimplification_PredictedCDHG_splitClauses_0":["212"],
"smt2FileSizeByte_PredictedCG_splitClauses_0":["122471"],
"minedBinaryVariableTemplatesNumber_RelationalEqs_splitClauses_0":["136"],
"labeledTemplateRelationSymbolNumber_RelationalEqs_splitClauses_1":["52"],
"minedBinaryVariableTemplatesNumber_Random_splitClauses_1":["136"],
"clauseNumberAfterSimplification_Unlabeled_splitClauses_1":["212"],
"minedSingleVariableTemplatesNumber_PredictedCDHG_splitClauses_1":["411"],
"labeledBinaryVariableTemplatesNumber_Term_splitClauses_1":["136"],
"clauseNumberBeforeSimplification_Empty_splitClauses_1":["227"],
"minedBinaryVariableTemplatesNumber_Mined_splitClauses_1":["136"],
"unlabeledBinaryVariableTemplatesNumber_Unlabeled_splitClauses_1":["2016"],
"unlabeledTemplateNumber_PredictedCG_splitClauses_1":["3213"],
"generatedPredicateNumber_Empty_splitClauses_0":["10800000"],
"predicateGeneratorTime_RelationalIneqs_splitClauses_1":["10800000"],
"unlabeledSingleVariableTemplatesNumber_Empty_splitClauses_0":["1197"],
"cegarIterationNumber_Octagon_splitClauses_0":["10800000"],
"clauseNumberAfterSimplification_Octagon_splitClauses_1":["212"],
"unlabeledSingleVariableTemplatesNumber_Labeled_splitClauses_1":["1197"],
"clauseNumberBeforeSimplification_Random_splitClauses_1":["227"],
"minedTemplateRelationSymbolNumber_All_splitClauses_0":["57"],
"unlabeledTemplateRelationSymbolNumber_RelationalEqs_splitClauses_0":["57"],
"minedSingleVariableTemplatesNumber_Unlabeled_splitClauses_1":["411"],
"clauseNumberBeforeSimplification_RelationalEqs_splitClauses_0":["227"],
"minedTemplateNumber_Unlabeled_splitClauses_0":["547"],
"generatedPredicateNumber_Octagon_splitClauses_0":["10800000"],
"predicateGeneratorTime_PredictedCDHG_splitClauses_0":["10800000"],
"clauseNumberAfterSimplification_PredictedCG_splitClauses_1":["212"],
"labeledSingleVariableTemplatesNumber_RelationalEqs_splitClauses_1":["11"],
"smt2FileSizeByte_Random_splitClauses_1":["122471"],
"averagePredicateSize_PredictedCG_splitClauses_1":["10800000"],
"cegarIterationNumber_PredictedCDHG_splitClauses_1":["10800000"],
"clauseNumberAfterSimplification_RelationalEqs_splitClauses_1":["212"],
"minedBinaryVariableTemplatesNumber_Empty_splitClauses_1":["136"],
"minedTemplateNumber_PredictedCDHG_splitClauses_0":["547"],
"labeledBinaryVariableTemplatesNumber_All_splitClauses_1":["136"],
"solvingTime_RelationalIneqs_splitClauses_1":["10800000"],
"unlabeledTemplateRelationSymbolNumber_RelationalEqs_splitClauses_1":["57"],
"smt2FileSizeByte_Unlabeled_splitClauses_0":["122471"],
"generatedPredicateNumber_All_splitClauses_0":["10800000"],
"predicateGeneratorTime_Octagon_splitClauses_1":["10800000"],
"solvability_Mined_splitClauses_1":["1"],
"minedTemplateRelationSymbolNumber_Term_splitClauses_1":["57"],
"clauseNumberAfterSimplification_Mined_splitClauses_0":["212"],
"solvability_PredictedCDHG_splitClauses_0":["10800000"],
"solvingTime_Empty_splitClauses_0":["10800000"],
"unlabeledSingleVariableTemplatesNumber_Unlabeled_splitClauses_1":["1197"],
"minedTemplateNumber_Term_splitClauses_1":["547"],
"averagePredicateSize_Octagon_splitClauses_1":["10800000"],
"relationSymbolNumber_Empty_splitClauses_1":["391"],
"unlabeledSingleVariableTemplatesNumber_Octagon_splitClauses_1":["1197"],
"minedTemplateRelationSymbolNumber_RelationalEqs_splitClauses_1":["57"],
"minedBinaryVariableTemplatesNumber_RelationalIneqs_splitClauses_0":["136"],
"predicateGeneratorTime_Term_splitClauses_1":["10800000"],
"solvingTime_Labeled_splitClauses_0":["10800000"],
"unlabeledBinaryVariableTemplatesNumber_PredictedCG_splitClauses_0":["2016"],
"minedTemplateNumber_All_splitClauses_0":["547"],
"predicateGeneratorTime_Labeled_splitClauses_1":["10800000"],
"unlabeledTemplateRelationSymbolNumber_Empty_splitClauses_0":["57"],
"unlabeledTemplateNumber_Mined_splitClauses_1":["3213"],
"solvability_PredictedCG_splitClauses_1":["10800000"],
"unlabeledTemplateNumber_Term_splitClauses_0":["3213"],
"minedBinaryVariableTemplatesNumber_PredictedCG_splitClauses_1":["136"],
"labeledSingleVariableTemplatesNumber_PredictedCDHG_splitClauses_0":["11"],
"minedBinaryVariableTemplatesNumber_All_splitClauses_0":["136"],
"averagePredicateSize_PredictedCDHG_splitClauses_1":["10800000"],
"predicateGeneratorTime_PredictedCG_splitClauses_0":["10800000"],
"generatedPredicateNumber_RelationalIneqs_splitClauses_0":["10800000"],
"labeledTemplateNumber_Empty_splitClauses_0":["147"],
"unlabeledTemplateRelationSymbolNumber_Term_splitClauses_0":["57"],
"minedTemplateNumber_All_splitClauses_1":["547"],
"labeledSingleVariableTemplatesNumber_Empty_splitClauses_1":["11"],
"minedBinaryVariableTemplatesNumber_Unlabeled_splitClauses_0":["136"],
"labeledTemplateNumber_Random_splitClauses_0":["147"],
"minedBinaryVariableTemplatesNumber_All_splitClauses_1":["136"],
"unlabeledSingleVariableTemplatesNumber_All_splitClauses_0":["1197"],
"smt2FileSizeByte_PredictedCDHG_splitClauses_1":["122471"],
"labeledBinaryVariableTemplatesNumber_PredictedCDHG_splitClauses_0":["136"],
"averagePredicateSize_RelationalEqs_splitClauses_1":["10800000"],
"minedSingleVariableTemplatesNumber_Term_splitClauses_0":["411"],
"labeledTemplateRelationSymbolNumber_Term_splitClauses_1":["52"],
"generatedPredicateNumber_Random_splitClauses_0":["10800000"],
"labeledBinaryVariableTemplatesNumber_Empty_splitClauses_1":["136"],
"clauseNumberAfterSimplification_Labeled_splitClauses_0":["212"],
"labeledSingleVariableTemplatesNumber_Labeled_splitClauses_0":["11"],
"minedTemplateNumber_Mined_splitClauses_1":["547"],
"labeledTemplateRelationSymbolNumber_Labeled_splitClauses_0":["52"],
"unlabeledTemplateRelationSymbolNumber_Mined_splitClauses_1":["57"],
"solvability_Labeled_splitClauses_0":["10800000"],
"minedTemplateNumber_RelationalEqs_splitClauses_1":["547"],
"solvingTime_Random_splitClauses_1":["10800000"],
"minedTemplateNumber_Random_splitClauses_0":["547"],
"cegarIterationNumber_Unlabeled_splitClauses_1":["10800000"],
"minedTemplateNumber_RelationalIneqs_splitClauses_1":["547"],
"unlabeledBinaryVariableTemplatesNumber_Octagon_splitClauses_1":["2016"],
"minedSingleVariableTemplatesNumber_Octagon_splitClauses_1":["411"],
"minedSingleVariableTemplatesNumber_Random_splitClauses_1":["411"],
"averagePredicateSize_All_splitClauses_1":["10800000"],
"minedTemplateNumber_Empty_splitClauses_0":["547"],
"labeledTemplateNumber_Mined_splitClauses_0":["147"],
"unlabeledBinaryVariableTemplatesNumber_All_splitClauses_0":["2016"],
"labeledSingleVariableTemplatesNumber_PredictedCDHG_splitClauses_1":["11"],
"minedSingleVariableTemplatesNumber_Mined_splitClauses_1":["411"],
"labeledTemplateRelationSymbolNumber_Term_splitClauses_0":["52"],
"unlabeledTemplateRelationSymbolNumber_Term_splitClauses_1":["57"],
"predicateGeneratorTime_All_splitClauses_1":["10800000"],
"unlabeledSingleVariableTemplatesNumber_Random_splitClauses_0":["1197"],
"predicateGeneratorTime_Unlabeled_splitClauses_1":["10800000"],
"cegarIterationNumber_PredictedCDHG_splitClauses_0":["10800000"],
"labeledTemplateNumber_RelationalEqs_splitClauses_0":["147"],
"labeledTemplateRelationSymbolNumber_Mined_splitClauses_1":["52"],
"labeledTemplateRelationSymbolNumber_Random_splitClauses_0":["52"],
"labeledBinaryVariableTemplatesNumber_RelationalEqs_splitClauses_1":["136"],
"generatedPredicateNumber_RelationalIneqs_splitClauses_1":["10800000"],
"unlabeledTemplateRelationSymbolNumber_PredictedCG_splitClauses_1":["57"],
"unlabeledSingleVariableTemplatesNumber_RelationalEqs_splitClauses_0":["1197"],
"labeledBinaryVariableTemplatesNumber_Labeled_splitClauses_0":["136"],
"minedBinaryVariableTemplatesNumber_PredictedCDHG_splitClauses_0":["136"],
"unlabeledTemplateRelationSymbolNumber_Unlabeled_splitClauses_0":["57"],
"clauseNumberAfterSimplification_Term_splitClauses_1":["212"],
"relationSymbolNumber_RelationalIneqs_splitClauses_0":["391"],
"unlabeledTemplateNumber_Octagon_splitClauses_0":["3213"],
"unlabeledBinaryVariableTemplatesNumber_RelationalEqs_splitClauses_1":["2016"],
"unlabeledTemplateNumber_PredictedCG_splitClauses_0":["3213"],
"unlabeledTemplateNumber_All_splitClauses_0":["3213"],
"labeledTemplateRelationSymbolNumber_RelationalIneqs_splitClauses_1":["52"],
"unlabeledSingleVariableTemplatesNumber_Mined_splitClauses_1":["1197"],
"labeledTemplateRelationSymbolNumber_Unlabeled_splitClauses_1":["52"],
"labeledBinaryVariableTemplatesNumber_Random_splitClauses_1":["136"],
"relationSymbolNumber_RelationalEqs_splitClauses_0":["391"],
"solvability_Random_splitClauses_1":["10800000"],
"solvingTime_Term_splitClauses_0":["10800000"],
"minedSingleVariableTemplatesNumber_Labeled_splitClauses_1":["411"],
"relationSymbolNumber_Random_splitClauses_0":["391"],
"clauseNumberBeforeSimplification_Term_splitClauses_0":["227"],
"minedTemplateRelationSymbolNumber_Mined_splitClauses_0":["57"],
"solvability_Octagon_splitClauses_1":["10800000"],
"relationSymbolNumber_Labeled_splitClauses_1":["391"],
"minedSingleVariableTemplatesNumber_RelationalIneqs_splitClauses_1":["411"],
"smt2FileSizeByte_Labeled_splitClauses_0":["122471"],
"solvability_RelationalEqs_splitClauses_1":["10800000"],
"unlabeledSingleVariableTemplatesNumber_Empty_splitClauses_1":["1197"],
"labeledTemplateNumber_PredictedCDHG_splitClauses_1":["147"],
"minedTemplateRelationSymbolNumber_Octagon_splitClauses_0":["57"],
"clauseNumberAfterSimplification_Unlabeled_splitClauses_0":["212"],
"clauseNumberBeforeSimplification_Unlabeled_splitClauses_0":["227"],
"clauseNumberBeforeSimplification_PredictedCDHG_splitClauses_0":["227"],
"cegarIterationNumber_RelationalIneqs_splitClauses_0":["10800000"],
"relationSymbolNumber_All_splitClauses_0":["391"],
"labeledTemplateRelationSymbolNumber_RelationalEqs_splitClauses_0":["52"],
"averagePredicateSize_Labeled_splitClauses_0":["10800000"],
"smt2FileSizeByte_RelationalIneqs_splitClauses_1":["122471"],
"clauseNumberBeforeSimplification_RelationalEqs_splitClauses_1":["227"],
"unlabeledTemplateRelationSymbolNumber_RelationalIneqs_splitClauses_1":["57"],
"clauseNumberBeforeSimplification_PredictedCG_splitClauses_0":["227"],
"solvingTime_PredictedCDHG_splitClauses_0":["10800000"],
"labeledTemplateRelationSymbolNumber_Octagon_splitClauses_1":["52"],
"minedTemplateRelationSymbolNumber_PredictedCG_splitClauses_1":["57"],
"labeledTemplateNumber_Random_splitClauses_1":["147"],
"solvingTime_RelationalIneqs_splitClauses_0":["10800000"],
"labeledTemplateNumber_All_splitClauses_1":["147"],
"unlabeledTemplateNumber_Random_splitClauses_1":["3213"],
"relationSymbolNumber_PredictedCDHG_splitClauses_1":["391"],
"smt2FileSizeByte_Unlabeled_splitClauses_1":["122471"],
"cegarIterationNumber_PredictedCG_splitClauses_0":["10800000"],
"predicateGeneratorTime_Octagon_splitClauses_0":["10800000"],
"unlabeledTemplateNumber_RelationalEqs_splitClauses_1":["3213"],
"clauseNumberAfterSimplification_Octagon_splitClauses_0":["212"],
"cegarIterationNumber_Random_splitClauses_0":["10800000"],
"solvability_PredictedCDHG_splitClauses_1":["10800000"],
"solvability_PredictedCG_splitClauses_0":["10800000"],
"solvingTime_PredictedCG_splitClauses_1":["10800000"],
"unlabeledSingleVariableTemplatesNumber_Unlabeled_splitClauses_0":["1197"],
"unlabeledTemplateNumber_Unlabeled_splitClauses_0":["3213"],
"labeledTemplateRelationSymbolNumber_RelationalIneqs_splitClauses_0":["52"],
"minedTemplateNumber_Random_splitClauses_1":["547"],
"relationSymbolNumber_PredictedCG_splitClauses_0":["391"],
"generatedPredicateNumber_RelationalEqs_splitClauses_0":["10800000"],
"minedTemplateNumber_Term_splitClauses_0":["547"],
"solvingTime_All_splitClauses_1":["10800000"],
"minedSingleVariableTemplatesNumber_PredictedCG_splitClauses_0":["411"],
"smt2FileSizeByte_Term_splitClauses_1":["122471"],
"labeledBinaryVariableTemplatesNumber_All_splitClauses_0":["136"],
"minedTemplateNumber_PredictedCDHG_splitClauses_1":["547"],
"minedTemplateRelationSymbolNumber_PredictedCDHG_splitClauses_0":["57"],
"averagePredicateSize_Unlabeled_splitClauses_0":["10800000"],
"minedBinaryVariableTemplatesNumber_Octagon_splitClauses_1":["136"],
"unlabeledSingleVariableTemplatesNumber_Random_splitClauses_1":["1197"],
"clauseNumberBeforeSimplification_Random_splitClauses_0":["227"],
"solvingTime_Unlabeled_splitClauses_1":["10800000"],
"predicateGeneratorTime_PredictedCDHG_splitClauses_1":["10800000"],
"averagePredicateSize_PredictedCDHG_splitClauses_0":["10800000"],
"minedBinaryVariableTemplatesNumber_Term_splitClauses_0":["136"],
"labeledTemplateNumber_RelationalIneqs_splitClauses_0":["147"],
"clauseNumberAfterSimplification_Random_splitClauses_0":["212"],
"clauseNumberAfterSimplification_PredictedCG_splitClauses_0":["212"],
"generatedPredicateNumber_Empty_splitClauses_1":["10800000"],
"clauseNumberBeforeSimplification_Octagon_splitClauses_0":["227"],
"unlabeledTemplateNumber_Empty_splitClauses_0":["3213"],
"minedSingleVariableTemplatesNumber_All_splitClauses_0":["411"],
"labeledTemplateRelationSymbolNumber_Octagon_splitClauses_0":["52"],
"generatedPredicateNumber_Random_splitClauses_1":["10800000"],
"clauseNumberAfterSimplification_RelationalEqs_splitClauses_0":["212"],
"labeledBinaryVariableTemplatesNumber_Term_splitClauses_0":["136"],
"minedSingleVariableTemplatesNumber_RelationalEqs_splitClauses_0":["411"],
"minedTemplateNumber_Mined_splitClauses_0":["547"],
"averagePredicateSize_Octagon_splitClauses_0":["10800000"],
"unlabeledBinaryVariableTemplatesNumber_Empty_splitClauses_1":["2016"],
"relationSymbolNumber_Unlabeled_splitClauses_0":["391"],
"unlabeledSingleVariableTemplatesNumber_PredictedCDHG_splitClauses_0":["1197"],
"unlabeledSingleVariableTemplatesNumber_PredictedCG_splitClauses_1":["1197"],
"labeledTemplateRelationSymbolNumber_Labeled_splitClauses_1":["52"],
"minedTemplateRelationSymbolNumber_Random_splitClauses_0":["57"],
"unlabeledTemplateRelationSymbolNumber_PredictedCG_splitClauses_0":["57"],
"unlabeledTemplateNumber_RelationalIneqs_splitClauses_0":["3213"],
"unlabeledSingleVariableTemplatesNumber_Labeled_splitClauses_0":["1197"],
"minedTemplateNumber_Unlabeled_splitClauses_1":["547"],
"generatedPredicateNumber_PredictedCG_splitClauses_0":["10800000"],
"labeledTemplateNumber_Unlabeled_splitClauses_1":["147"],
"unlabeledTemplateRelationSymbolNumber_Empty_splitClauses_1":["57"],
"clauseNumberBeforeSimplification_Empty_splitClauses_0":["227"],
"solvingTime_Octagon_splitClauses_1":["10800000"],
"cegarIterationNumber_Mined_splitClauses_1":["57"],
"clauseNumberBeforeSimplification_Mined_splitClauses_1":["227"],
"smt2FileSizeByte_PredictedCDHG_splitClauses_0":["122471"],
"averagePredicateSize_PredictedCG_splitClauses_0":["10800000"],
"solvingTime_Random_splitClauses_0":["10800000"],
"minedTemplateNumber_RelationalEqs_splitClauses_0":["547"],
"unlabeledSingleVariableTemplatesNumber_RelationalIneqs_splitClauses_0":["1197"],
"unlabeledTemplateNumber_Unlabeled_splitClauses_1":["3213"],
"labeledBinaryVariableTemplatesNumber_RelationalEqs_splitClauses_0":["136"],
"generatedPredicateNumber_PredictedCDHG_splitClauses_0":["10800000"],
"minedTemplateRelationSymbolNumber_Empty_splitClauses_1":["57"],
"predicateGeneratorTime_Random_splitClauses_1":["10800000"],
"labeledTemplateNumber_Term_splitClauses_1":["147"],
"minedSingleVariableTemplatesNumber_Empty_splitClauses_1":["411"],
"minedSingleVariableTemplatesNumber_RelationalIneqs_splitClauses_0":["411"],
"clauseNumberAfterSimplification_All_splitClauses_0":["212"],
"unlabeledBinaryVariableTemplatesNumber_RelationalEqs_splitClauses_0":["2016"],
"cegarIterationNumber_RelationalEqs_splitClauses_0":["10800000"],
"labeledTemplateRelationSymbolNumber_PredictedCDHG_splitClauses_0":["52"],
"labeledSingleVariableTemplatesNumber_Labeled_splitClauses_1":["11"],
"unlabeledBinaryVariableTemplatesNumber_All_splitClauses_1":["2016"],
"minedTemplateRelationSymbolNumber_Unlabeled_splitClauses_1":["57"],
"solvingTime_RelationalEqs_splitClauses_0":["10800000"],
"solvingTime_RelationalEqs_splitClauses_1":["10800000"],
"minedBinaryVariableTemplatesNumber_Mined_splitClauses_0":["136"],
"clauseNumberBeforeSimplification_All_splitClauses_0":["227"],
"clauseNumberBeforeSimplification_RelationalIneqs_splitClauses_1":["227"],
"labeledTemplateNumber_RelationalEqs_splitClauses_1":["147"],
"labeledBinaryVariableTemplatesNumber_RelationalIneqs_splitClauses_0":["136"],
"clauseNumberAfterSimplification_Empty_splitClauses_0":["212"],
"averagePredicateSize_Empty_splitClauses_0":["10800000"],
"relationSymbolNumber_PredictedCG_splitClauses_1":["391"],
"unlabeledTemplateNumber_Term_splitClauses_1":["3213"],
"predicateGeneratorTime_Mined_splitClauses_1":["1141"],
"relationSymbolNumber_Mined_splitClauses_0":["391"],
"labeledBinaryVariableTemplatesNumber_RelationalIneqs_splitClauses_1":["136"],
"predicateGeneratorTime_Unlabeled_splitClauses_0":["10800000"],
"generatedPredicateNumber_Mined_splitClauses_0":["10800000"],
"generatedPredicateNumber_RelationalEqs_splitClauses_1":["10800000"],
"labeledTemplateRelationSymbolNumber_PredictedCG_splitClauses_0":["52"],
"minedSingleVariableTemplatesNumber_PredictedCG_splitClauses_1":["411"],
"minedTemplateRelationSymbolNumber_PredictedCG_splitClauses_0":["57"],
"unlabeledTemplateRelationSymbolNumber_Labeled_splitClauses_0":["57"],
"solvability_Empty_splitClauses_1":["10800000"],
"averagePredicateSize_Term_splitClauses_0":["10800000"],
"cegarIterationNumber_Random_splitClauses_1":["10800000"],
"relationSymbolNumber_All_splitClauses_1":["391"],
"averagePredicateSize_Labeled_splitClauses_1":["10800000"],
"unlabeledBinaryVariableTemplatesNumber_Unlabeled_splitClauses_0":["2016"],
"generatedPredicateNumber_Unlabeled_splitClauses_1":["10800000"],
"predicateGeneratorTime_All_splitClauses_0":["10800000"],
"unlabeledBinaryVariableTemplatesNumber_PredictedCDHG_splitClauses_1":["2016"],
"clauseNumberBeforeSimplification_Labeled_splitClauses_1":["227"],
"minedBinaryVariableTemplatesNumber_Labeled_splitClauses_1":["136"],
"labeledSingleVariableTemplatesNumber_All_splitClauses_0":["11"],
"unlabeledTemplateRelationSymbolNumber_Mined_splitClauses_0":["57"],
"cegarIterationNumber_Octagon_splitClauses_1":["10800000"],
"labeledTemplateNumber_Octagon_splitClauses_0":["147"],
"labeledTemplateRelationSymbolNumber_All_splitClauses_1":["52"],
"smt2FileSizeByte_Empty_splitClauses_0":["122471"],
"relationSymbolNumber_RelationalIneqs_splitClauses_1":["391"],
"unlabeledTemplateNumber_Octagon_splitClauses_1":["3213"],
"predicateGeneratorTime_RelationalEqs_splitClauses_0":["10800000"],
"unlabeledTemplateRelationSymbolNumber_RelationalIneqs_splitClauses_0":["57"],
"smt2FileSizeByte_RelationalEqs_splitClauses_1":["122471"],
"unlabeledTemplateNumber_Labeled_splitClauses_0":["3213"],
"relationSymbolNumber_Random_splitClauses_1":["391"],
"minedSingleVariableTemplatesNumber_Labeled_splitClauses_0":["411"],
"solvingTime_PredictedCDHG_splitClauses_1":["10800000"],
"minedTemplateNumber_Octagon_splitClauses_1":["547"],
"clauseNumberBeforeSimplification_Mined_splitClauses_0":["227"],
"smt2FileSizeByte_All_splitClauses_0":["122471"],
"solvingTime_All_splitClauses_0":["10800000"],
"minedBinaryVariableTemplatesNumber_Term_splitClauses_1":["136"],
"unlabeledTemplateRelationSymbolNumber_Random_splitClauses_0":["57"],
"cegarIterationNumber_All_splitClauses_0":["10800000"],
"smt2FileSizeByte_RelationalEqs_splitClauses_0":["122471"],
"unlabeledSingleVariableTemplatesNumber_PredictedCDHG_splitClauses_1":["1197"],
"clauseNumberBeforeSimplification_Labeled_splitClauses_0":["227"],
"cegarIterationNumber_PredictedCG_splitClauses_1":["10800000"],
"labeledTemplateRelationSymbolNumber_Unlabeled_splitClauses_0":["52"],
"unlabeledTemplateRelationSymbolNumber_Octagon_splitClauses_1":["57"],
"unlabeledTemplateNumber_Empty_splitClauses_1":["3213"],
"clauseNumberBeforeSimplification_Octagon_splitClauses_1":["227"],
"labeledTemplateNumber_Unlabeled_splitClauses_0":["147"],
"labeledBinaryVariableTemplatesNumber_PredictedCG_splitClauses_0":["136"],
"solvability_Term_splitClauses_1":["10800000"],
"solvability_Octagon_splitClauses_0":["10800000"],
"minedTemplateRelationSymbolNumber_RelationalIneqs_splitClauses_0":["57"],
"clauseNumberBeforeSimplification_RelationalIneqs_splitClauses_0":["227"],
"labeledTemplateNumber_PredictedCG_splitClauses_0":["147"],
"cegarIterationNumber_Labeled_splitClauses_0":["10800000"],
"smt2FileSizeByte_Labeled_splitClauses_1":["122471"],
"clauseNumberBeforeSimplification_Unlabeled_splitClauses_1":["227"],
"generatedPredicateNumber_Term_splitClauses_1":["10800000"],
"solvingTime_Term_splitClauses_1":["10800000"],
"unlabeledBinaryVariableTemplatesNumber_Random_splitClauses_1":["2016"],
"unlabeledSingleVariableTemplatesNumber_Octagon_splitClauses_0":["1197"],
"solvingTime_Octagon_splitClauses_0":["10800000"],
"labeledSingleVariableTemplatesNumber_Mined_splitClauses_1":["11"],
"averagePredicateSize_Term_splitClauses_1":["10800000"],
"labeledTemplateNumber_Labeled_splitClauses_0":["147"],
"unlabeledSingleVariableTemplatesNumber_PredictedCG_splitClauses_0":["1197"],
"smt2FileSizeByte_Mined_splitClauses_1":["122471"],
"labeledBinaryVariableTemplatesNumber_Unlabeled_splitClauses_1":["136"],
"labeledTemplateNumber_All_splitClauses_0":["147"],
"unlabeledTemplateNumber_Random_splitClauses_0":["3213"],
"labeledTemplateNumber_Octagon_splitClauses_1":["147"],
"unlabeledTemplateNumber_PredictedCDHG_splitClauses_1":["3213"],
"unlabeledBinaryVariableTemplatesNumber_Mined_splitClauses_0":["2016"],
"minedTemplateRelationSymbolNumber_Mined_splitClauses_1":["57"],
"labeledTemplateNumber_RelationalIneqs_splitClauses_1":["147"],
"solvability_Term_splitClauses_0":["10800000"],
"relationSymbolNumber_Octagon_splitClauses_0":["391"],
"clauseNumberBeforeSimplification_PredictedCG_splitClauses_1":["227"],
"generatedPredicateNumber_Labeled_splitClauses_1":["10800000"],
"labeledSingleVariableTemplatesNumber_Unlabeled_splitClauses_0":["11"],
"unlabeledBinaryVariableTemplatesNumber_Empty_splitClauses_0":["2016"],
"solvingTime_Mined_splitClauses_0":["10800000"],
"unlabeledTemplateNumber_All_splitClauses_1":["3213"],
"clauseNumberAfterSimplification_Random_splitClauses_1":["212"],
"labeledBinaryVariableTemplatesNumber_Octagon_splitClauses_1":["136"],
"unlabeledBinaryVariableTemplatesNumber_Labeled_splitClauses_0":["2016"],
"smt2FileSizeByte_Octagon_splitClauses_0":["122471"],
"labeledSingleVariableTemplatesNumber_Random_splitClauses_1":["11"],
"solvability_Unlabeled_splitClauses_0":["10800000"],
"solvingTime_Unlabeled_splitClauses_0":["10800000"],
"unlabeledTemplateRelationSymbolNumber_All_splitClauses_1":["57"],
"minedTemplateNumber_Empty_splitClauses_1":["547"],
"solvability_RelationalIneqs_splitClauses_0":["10800000"],
"unlabeledTemplateRelationSymbolNumber_Labeled_splitClauses_1":["57"],
"cegarIterationNumber_RelationalEqs_splitClauses_1":["10800000"],
"minedSingleVariableTemplatesNumber_RelationalEqs_splitClauses_1":["411"],
"clauseNumberAfterSimplification_PredictedCDHG_splitClauses_1":["212"],
"minedBinaryVariableTemplatesNumber_RelationalIneqs_splitClauses_1":["136"],
"unlabeledBinaryVariableTemplatesNumber_Mined_splitClauses_1":["2016"],
"unlabeledBinaryVariableTemplatesNumber_PredictedCDHG_splitClauses_0":["2016"],
"solvingTime_Empty_splitClauses_1":["10800000"],
"labeledTemplateRelationSymbolNumber_Empty_splitClauses_1":["52"],
"generatedPredicateNumber_Term_splitClauses_0":["10800000"],
"averagePredicateSize_Empty_splitClauses_1":["10800000"],
"generatedPredicateNumber_PredictedCG_splitClauses_1":["10800000"],
"labeledTemplateRelationSymbolNumber_PredictedCDHG_splitClauses_1":["52"],
"relationSymbolNumber_Mined_splitClauses_1":["391"],
"predicateGeneratorTime_Mined_splitClauses_0":["10800000"],
"predicateGeneratorTime_Labeled_splitClauses_0":["10800000"],
"labeledSingleVariableTemplatesNumber_Random_splitClauses_0":["11"],
"unlabeledTemplateRelationSymbolNumber_All_splitClauses_0":["57"],
"minedBinaryVariableTemplatesNumber_Labeled_splitClauses_0":["136"],
"generatedPredicateNumber_Labeled_splitClauses_0":["10800000"],
"relationSymbolNumber_Empty_splitClauses_0":["391"],
"solvingTime_Mined_splitClauses_1":["1822"],
"minedSingleVariableTemplatesNumber_All_splitClauses_1":["411"],
"predicateGeneratorTime_Random_splitClauses_0":["10800000"],
"cegarIterationNumber_Term_splitClauses_1":["10800000"],
"labeledTemplateNumber_Empty_splitClauses_1":["147"],
"clauseNumberAfterSimplification_Empty_splitClauses_1":["212"],
"minedTemplateRelationSymbolNumber_Empty_splitClauses_0":["57"],
"unlabeledSingleVariableTemplatesNumber_Term_splitClauses_0":["1197"],
"minedSingleVariableTemplatesNumber_Empty_splitClauses_0":["411"],
"minedTemplateRelationSymbolNumber_RelationalEqs_splitClauses_0":["57"],
"cegarIterationNumber_Empty_splitClauses_0":["10800000"],
"minedBinaryVariableTemplatesNumber_RelationalEqs_splitClauses_1":["136"],
"labeledSingleVariableTemplatesNumber_All_splitClauses_1":["11"],
"unlabeledTemplateRelationSymbolNumber_Octagon_splitClauses_0":["57"],
"minedTemplateRelationSymbolNumber_Unlabeled_splitClauses_0":["57"],
"labeledBinaryVariableTemplatesNumber_Mined_splitClauses_0":["136"],
"minedTemplateNumber_PredictedCG_splitClauses_1":["547"],
"cegarIterationNumber_Empty_splitClauses_1":["10800000"],
"averagePredicateSize_RelationalIneqs_splitClauses_0":["10800000"],
"solvability_All_splitClauses_1":["10800000"],
"unlabeledBinaryVariableTemplatesNumber_Term_splitClauses_1":["2016"],
"relationSymbolNumber_PredictedCDHG_splitClauses_0":["391"],
"minedTemplateRelationSymbolNumber_Labeled_splitClauses_1":["57"],
"averagePredicateSize_Unlabeled_splitClauses_1":["10800000"],
"labeledTemplateNumber_Term_splitClauses_0":["147"],
"smt2FileSizeByte_Empty_splitClauses_1":["122471"],
"solvingTime_PredictedCG_splitClauses_0":["10800000"],
"relationSymbolNumber_Term_splitClauses_0":["391"],
"cegarIterationNumber_All_splitClauses_1":["10800000"],
"clauseNumberBeforeSimplification_Term_splitClauses_1":["227"],
"predicateGeneratorTime_Empty_splitClauses_0":["10800000"],
"averagePredicateSize_All_splitClauses_0":["10800000"],
"unlabeledBinaryVariableTemplatesNumber_Random_splitClauses_0":["2016"],
"smt2FileSizeByte_Term_splitClauses_0":["122471"],
"averagePredicateSize_Mined_splitClauses_1":["1"],
"minedBinaryVariableTemplatesNumber_Empty_splitClauses_0":["136"],
"minedTemplateRelationSymbolNumber_All_splitClauses_1":["57"],
"labeledSingleVariableTemplatesNumber_PredictedCG_splitClauses_0":["11"],
"unlabeledBinaryVariableTemplatesNumber_RelationalIneqs_splitClauses_0":["2016"],
"unlabeledSingleVariableTemplatesNumber_RelationalIneqs_splitClauses_1":["1197"],
"clauseNumberAfterSimplification_RelationalIneqs_splitClauses_0":["212"],
"unlabeledTemplateNumber_RelationalEqs_splitClauses_0":["3213"],
"unlabeledTemplateNumber_RelationalIneqs_splitClauses_1":["3213"],
"labeledTemplateRelationSymbolNumber_PredictedCG_splitClauses_1":["52"],
"labeledTemplateRelationSymbolNumber_All_splitClauses_0":["52"],
"labeledSingleVariableTemplatesNumber_Octagon_splitClauses_0":["11"],
"dummyFiled":[]
}