{
"smt2FileSizeByte_All_splitClauses_1":["7094"],
"generatedPredicateNumber_All_splitClauses_1":["10800000"],
"unlabeledTemplateRelationSymbolNumber_PredictedCDHG_splitClauses_0":["1"],
"relationSymbolNumberBeforeSimplification_Unlabeled_splitClauses_1":["5"],
"predicateGeneratorTime_Term_splitClauses_0":["10800000"],
"averagePredicateSize_Random_splitClauses_1":["1"],
"labeledBinaryVariableTemplatesNumber_Labeled_splitClauses_1":["6"],
"clauseNumberBeforeSimplification_All_splitClauses_1":["3"],
"minedTemplateRelationSymbolNumber_Term_splitClauses_0":["1"],
"solvingTime_Labeled_splitClauses_1":["2037"],
"unlabeledTemplateNumber_Labeled_splitClauses_1":["53"],
"relationSymbolNumberAfterSimplification_All_splitClauses_1":["59"],
"minedTemplateRelationSymbolNumber_Octagon_splitClauses_1":["1"],
"clauseNumberAfterSimplification_Mined_splitClauses_1":["30"],
"relationSymbolNumberBeforeSimplification_Octagon_splitClauses_0":["5"],
"unlabeledBinaryVariableTemplatesNumber_Term_splitClauses_0":["30"],
"labeledTemplateNumber_PredictedCDHG_splitClauses_0":["13"],
"solvability_Empty_splitClauses_0":["10800000"],
"unlabeledTemplateRelationSymbolNumber_Random_splitClauses_1":["1"],
"labeledBinaryVariableTemplatesNumber_Octagon_splitClauses_0":["6"],
"relationSymbolNumberBeforeSimplification_Random_splitClauses_1":["5"],
"minedTemplateRelationSymbolNumber_Random_splitClauses_1":["1"],
"unlabeledSingleVariableTemplatesNumber_Mined_splitClauses_0":["23"],
"unlabeledBinaryVariableTemplatesNumber_PredictedCG_splitClauses_1":["30"],
"solvability_All_splitClauses_0":["10800000"],
"predicateGeneratorTime_RelationalEqs_splitClauses_1":["7431"],
"relationSymbolNumberBeforeSimplification_PredictedCDHG_splitClauses_1":["5"],
"smt2FileSizeByte_PredictedCG_splitClauses_1":["7094"],
"labeledSingleVariableTemplatesNumber_Unlabeled_splitClauses_1":["7"],
"labeledBinaryVariableTemplatesNumber_PredictedCG_splitClauses_1":["6"],
"minedBinaryVariableTemplatesNumber_PredictedCG_splitClauses_0":["6"],
"solvability_Random_splitClauses_0":["10800000"],
"relationSymbolNumberAfterSimplification_PredictedCG_splitClauses_1":["59"],
"clauseNumberBeforeSimplification_PredictedCDHG_splitClauses_1":["3"],
"labeledSingleVariableTemplatesNumber_Mined_splitClauses_0":["7"],
"solvability_Unlabeled_splitClauses_1":["1"],
"cegarIterationNumber_Labeled_splitClauses_1":["10"],
"smt2FileSizeByte_Mined_splitClauses_0":["7094"],
"relationSymbolNumberAfterSimplification_Mined_splitClauses_0":["59"],
"labeledSingleVariableTemplatesNumber_PredictedCG_splitClauses_1":["7"],
"smt2FileSizeByte_Octagon_splitClauses_1":["7094"],
"minedTemplateNumber_Labeled_splitClauses_1":["19"],
"labeledSingleVariableTemplatesNumber_RelationalIneqs_splitClauses_1":["7"],
"clauseNumberAfterSimplification_Labeled_splitClauses_1":["30"],
"relationSymbolNumberAfterSimplification_Labeled_splitClauses_0":["59"],
"smt2FileSizeByte_Random_splitClauses_0":["7094"],
"relationSymbolNumberAfterSimplification_PredictedCDHG_splitClauses_0":["59"],
"unlabeledTemplateRelationSymbolNumber_PredictedCDHG_splitClauses_1":["1"],
"labeledSingleVariableTemplatesNumber_Term_splitClauses_0":["7"],
"generatedPredicateNumber_PredictedCDHG_splitClauses_1":["10800000"],
"minedSingleVariableTemplatesNumber_Unlabeled_splitClauses_0":["13"],
"generatedPredicateNumber_Octagon_splitClauses_1":["27"],
"labeledSingleVariableTemplatesNumber_RelationalEqs_splitClauses_0":["7"],
"predicateGeneratorTime_PredictedCG_splitClauses_1":["10800000"],
"relationSymbolNumberAfterSimplification_Octagon_splitClauses_0":["59"],
"labeledTemplateNumber_Labeled_splitClauses_1":["13"],
"labeledSingleVariableTemplatesNumber_Empty_splitClauses_0":["7"],
"minedTemplateRelationSymbolNumber_RelationalIneqs_splitClauses_1":["1"],
"unlabeledSingleVariableTemplatesNumber_All_splitClauses_1":["23"],
"labeledBinaryVariableTemplatesNumber_PredictedCDHG_splitClauses_1":["6"],
"unlabeledSingleVariableTemplatesNumber_RelationalEqs_splitClauses_1":["23"],
"cegarIterationNumber_Term_splitClauses_0":["10800000"],
"unlabeledBinaryVariableTemplatesNumber_Labeled_splitClauses_1":["30"],
"unlabeledSingleVariableTemplatesNumber_Term_splitClauses_1":["23"],
"clauseNumberAfterSimplification_All_splitClauses_1":["30"],
"minedSingleVariableTemplatesNumber_Random_splitClauses_0":["13"],
"solvability_RelationalIneqs_splitClauses_1":["1"],
"minedTemplateNumber_Labeled_splitClauses_0":["19"],
"minedSingleVariableTemplatesNumber_Octagon_splitClauses_0":["13"],
"minedSingleVariableTemplatesNumber_Term_splitClauses_1":["13"],
"minedBinaryVariableTemplatesNumber_PredictedCDHG_splitClauses_1":["6"],
"generatedPredicateNumber_Mined_splitClauses_1":["19"],
"labeledSingleVariableTemplatesNumber_RelationalIneqs_splitClauses_0":["7"],
"averagePredicateSize_Mined_splitClauses_0":["10800000"],
"cegarIterationNumber_Unlabeled_splitClauses_0":["10800000"],
"minedBinaryVariableTemplatesNumber_Random_splitClauses_0":["6"],
"labeledTemplateNumber_Mined_splitClauses_1":["13"],
"labeledBinaryVariableTemplatesNumber_Random_splitClauses_0":["6"],
"unlabeledTemplateRelationSymbolNumber_Unlabeled_splitClauses_1":["1"],
"cegarIterationNumber_Mined_splitClauses_0":["10800000"],
"minedTemplateRelationSymbolNumber_Labeled_splitClauses_0":["1"],
"unlabeledBinaryVariableTemplatesNumber_RelationalIneqs_splitClauses_1":["30"],
"unlabeledBinaryVariableTemplatesNumber_Octagon_splitClauses_0":["30"],
"solvability_Mined_splitClauses_0":["10800000"],
"averagePredicateSize_RelationalEqs_splitClauses_0":["10800000"],
"clauseNumberAfterSimplification_Term_splitClauses_0":["30"],
"unlabeledTemplateNumber_Mined_splitClauses_0":["53"],
"relationSymbolNumberAfterSimplification_Random_splitClauses_1":["59"],
"unlabeledTemplateNumber_PredictedCDHG_splitClauses_0":["53"],
"cegarIterationNumber_RelationalIneqs_splitClauses_1":["9"],
"minedBinaryVariableTemplatesNumber_Unlabeled_splitClauses_1":["6"],
"labeledTemplateNumber_PredictedCG_splitClauses_1":["13"],
"labeledTemplateRelationSymbolNumber_Mined_splitClauses_0":["1"],
"labeledBinaryVariableTemplatesNumber_Mined_splitClauses_1":["6"],
"relationSymbolNumberBeforeSimplification_Mined_splitClauses_0":["5"],
"relationSymbolNumberBeforeSimplification_RelationalIneqs_splitClauses_0":["5"],
"clauseNumberAfterSimplification_RelationalIneqs_splitClauses_1":["30"],
"minedSingleVariableTemplatesNumber_PredictedCDHG_splitClauses_0":["13"],
"solvability_Labeled_splitClauses_1":["1"],
"labeledSingleVariableTemplatesNumber_Octagon_splitClauses_1":["7"],
"averagePredicateSize_Random_splitClauses_0":["10800000"],
"smt2FileSizeByte_RelationalIneqs_splitClauses_0":["7094"],
"generatedPredicateNumber_Unlabeled_splitClauses_0":["10800000"],
"solvability_RelationalEqs_splitClauses_0":["10800000"],
"predicateGeneratorTime_Empty_splitClauses_1":["521"],
"minedSingleVariableTemplatesNumber_Mined_splitClauses_0":["13"],
"relationSymbolNumberAfterSimplification_Unlabeled_splitClauses_0":["59"],
"minedTemplateRelationSymbolNumber_PredictedCDHG_splitClauses_1":["1"],
"minedTemplateNumber_PredictedCG_splitClauses_0":["19"],
"averagePredicateSize_RelationalIneqs_splitClauses_1":["1"],
"labeledTemplateRelationSymbolNumber_Random_splitClauses_1":["1"],
"minedTemplateNumber_RelationalIneqs_splitClauses_0":["19"],
"predicateGeneratorTime_RelationalIneqs_splitClauses_0":["10800000"],
"labeledTemplateRelationSymbolNumber_Empty_splitClauses_0":["1"],
"minedBinaryVariableTemplatesNumber_Octagon_splitClauses_0":["6"],
"labeledSingleVariableTemplatesNumber_Term_splitClauses_1":["7"],
"labeledBinaryVariableTemplatesNumber_Empty_splitClauses_0":["6"],
"minedTemplateNumber_Octagon_splitClauses_0":["19"],
"labeledBinaryVariableTemplatesNumber_Unlabeled_splitClauses_0":["6"],
"relationSymbolNumberBeforeSimplification_Empty_splitClauses_0":["5"],
"clauseNumberAfterSimplification_PredictedCDHG_splitClauses_0":["30"],
"smt2FileSizeByte_PredictedCG_splitClauses_0":["7094"],
"minedBinaryVariableTemplatesNumber_RelationalEqs_splitClauses_0":["6"],
"relationSymbolNumberBeforeSimplification_Unlabeled_splitClauses_0":["5"],
"labeledTemplateRelationSymbolNumber_RelationalEqs_splitClauses_1":["1"],
"minedBinaryVariableTemplatesNumber_Random_splitClauses_1":["6"],
"clauseNumberAfterSimplification_Unlabeled_splitClauses_1":["30"],
"minedSingleVariableTemplatesNumber_PredictedCDHG_splitClauses_1":["13"],
"labeledBinaryVariableTemplatesNumber_Term_splitClauses_1":["6"],
"clauseNumberBeforeSimplification_Empty_splitClauses_1":["3"],
"relationSymbolNumberAfterSimplification_Octagon_splitClauses_1":["59"],
"relationSymbolNumberAfterSimplification_Term_splitClauses_0":["59"],
"minedBinaryVariableTemplatesNumber_Mined_splitClauses_1":["6"],
"unlabeledBinaryVariableTemplatesNumber_Unlabeled_splitClauses_1":["30"],
"relationSymbolNumberBeforeSimplification_Random_splitClauses_0":["5"],
"relationSymbolNumberAfterSimplification_PredictedCDHG_splitClauses_1":["59"],
"unlabeledTemplateNumber_PredictedCG_splitClauses_1":["53"],
"generatedPredicateNumber_Empty_splitClauses_0":["10800000"],
"predicateGeneratorTime_RelationalIneqs_splitClauses_1":["9623"],
"unlabeledSingleVariableTemplatesNumber_Empty_splitClauses_0":["23"],
"cegarIterationNumber_Octagon_splitClauses_0":["10800000"],
"clauseNumberAfterSimplification_Octagon_splitClauses_1":["30"],
"unlabeledSingleVariableTemplatesNumber_Labeled_splitClauses_1":["23"],
"clauseNumberBeforeSimplification_Random_splitClauses_1":["3"],
"minedTemplateRelationSymbolNumber_All_splitClauses_0":["1"],
"unlabeledTemplateRelationSymbolNumber_RelationalEqs_splitClauses_0":["1"],
"minedSingleVariableTemplatesNumber_Unlabeled_splitClauses_1":["13"],
"clauseNumberBeforeSimplification_RelationalEqs_splitClauses_0":["3"],
"minedTemplateNumber_Unlabeled_splitClauses_0":["19"],
"generatedPredicateNumber_Octagon_splitClauses_0":["10800000"],
"predicateGeneratorTime_PredictedCDHG_splitClauses_0":["10800000"],
"clauseNumberAfterSimplification_PredictedCG_splitClauses_1":["30"],
"labeledSingleVariableTemplatesNumber_RelationalEqs_splitClauses_1":["7"],
"smt2FileSizeByte_Random_splitClauses_1":["7094"],
"averagePredicateSize_PredictedCG_splitClauses_1":["10800000"],
"cegarIterationNumber_PredictedCDHG_splitClauses_1":["10800000"],
"clauseNumberAfterSimplification_RelationalEqs_splitClauses_1":["30"],
"minedBinaryVariableTemplatesNumber_Empty_splitClauses_1":["6"],
"relationSymbolNumberAfterSimplification_RelationalEqs_splitClauses_1":["59"],
"minedTemplateNumber_PredictedCDHG_splitClauses_0":["19"],
"labeledBinaryVariableTemplatesNumber_All_splitClauses_1":["6"],
"solvingTime_RelationalIneqs_splitClauses_1":["10848"],
"unlabeledTemplateRelationSymbolNumber_RelationalEqs_splitClauses_1":["1"],
"smt2FileSizeByte_Unlabeled_splitClauses_0":["7094"],
"relationSymbolNumberBeforeSimplification_Mined_splitClauses_1":["5"],
"relationSymbolNumberAfterSimplification_Mined_splitClauses_1":["59"],
"generatedPredicateNumber_All_splitClauses_0":["10800000"],
"relationSymbolNumberBeforeSimplification_Octagon_splitClauses_1":["5"],
"predicateGeneratorTime_Octagon_splitClauses_1":["8318"],
"solvability_Mined_splitClauses_1":["1"],
"minedTemplateRelationSymbolNumber_Term_splitClauses_1":["1"],
"clauseNumberAfterSimplification_Mined_splitClauses_0":["30"],
"solvability_PredictedCDHG_splitClauses_0":["10800000"],
"solvingTime_Empty_splitClauses_0":["10800000"],
"unlabeledSingleVariableTemplatesNumber_Unlabeled_splitClauses_1":["23"],
"minedTemplateNumber_Term_splitClauses_1":["19"],
"averagePredicateSize_Octagon_splitClauses_1":["1"],
"unlabeledSingleVariableTemplatesNumber_Octagon_splitClauses_1":["23"],
"minedTemplateRelationSymbolNumber_RelationalEqs_splitClauses_1":["1"],
"relationSymbolNumberBeforeSimplification_All_splitClauses_1":["5"],
"minedBinaryVariableTemplatesNumber_RelationalIneqs_splitClauses_0":["6"],
"predicateGeneratorTime_Term_splitClauses_1":["1801"],
"solvingTime_Labeled_splitClauses_0":["10800000"],
"unlabeledBinaryVariableTemplatesNumber_PredictedCG_splitClauses_0":["30"],
"minedTemplateNumber_All_splitClauses_0":["19"],
"predicateGeneratorTime_Labeled_splitClauses_1":["1262"],
"unlabeledTemplateRelationSymbolNumber_Empty_splitClauses_0":["1"],
"unlabeledTemplateNumber_Mined_splitClauses_1":["53"],
"solvability_PredictedCG_splitClauses_1":["10800000"],
"unlabeledTemplateNumber_Term_splitClauses_0":["53"],
"minedBinaryVariableTemplatesNumber_PredictedCG_splitClauses_1":["6"],
"labeledSingleVariableTemplatesNumber_PredictedCDHG_splitClauses_0":["7"],
"minedBinaryVariableTemplatesNumber_All_splitClauses_0":["6"],
"averagePredicateSize_PredictedCDHG_splitClauses_1":["10800000"],
"predicateGeneratorTime_PredictedCG_splitClauses_0":["10800000"],
"generatedPredicateNumber_RelationalIneqs_splitClauses_0":["10800000"],
"labeledTemplateNumber_Empty_splitClauses_0":["13"],
"relationSymbolNumberAfterSimplification_RelationalIneqs_splitClauses_1":["59"],
"unlabeledTemplateRelationSymbolNumber_Term_splitClauses_0":["1"],
"minedTemplateNumber_All_splitClauses_1":["19"],
"labeledSingleVariableTemplatesNumber_Empty_splitClauses_1":["7"],
"minedBinaryVariableTemplatesNumber_Unlabeled_splitClauses_0":["6"],
"labeledTemplateNumber_Random_splitClauses_0":["13"],
"minedBinaryVariableTemplatesNumber_All_splitClauses_1":["6"],
"unlabeledSingleVariableTemplatesNumber_All_splitClauses_0":["23"],
"relationSymbolNumberBeforeSimplification_Labeled_splitClauses_1":["5"],
"smt2FileSizeByte_PredictedCDHG_splitClauses_1":["7094"],
"labeledBinaryVariableTemplatesNumber_PredictedCDHG_splitClauses_0":["6"],
"averagePredicateSize_RelationalEqs_splitClauses_1":["1"],
"minedSingleVariableTemplatesNumber_Term_splitClauses_0":["13"],
"labeledTemplateRelationSymbolNumber_Term_splitClauses_1":["1"],
"generatedPredicateNumber_Random_splitClauses_0":["10800000"],
"labeledBinaryVariableTemplatesNumber_Empty_splitClauses_1":["6"],
"relationSymbolNumberAfterSimplification_Term_splitClauses_1":["59"],
"clauseNumberAfterSimplification_Labeled_splitClauses_0":["30"],
"labeledSingleVariableTemplatesNumber_Labeled_splitClauses_0":["7"],
"minedTemplateNumber_Mined_splitClauses_1":["19"],
"labeledTemplateRelationSymbolNumber_Labeled_splitClauses_0":["1"],
"unlabeledTemplateRelationSymbolNumber_Mined_splitClauses_1":["1"],
"solvability_Labeled_splitClauses_0":["10800000"],
"minedTemplateNumber_RelationalEqs_splitClauses_1":["19"],
"solvingTime_Random_splitClauses_1":["3995"],
"minedTemplateNumber_Random_splitClauses_0":["19"],
"cegarIterationNumber_Unlabeled_splitClauses_1":["10"],
"minedTemplateNumber_RelationalIneqs_splitClauses_1":["19"],
"unlabeledBinaryVariableTemplatesNumber_Octagon_splitClauses_1":["30"],
"minedSingleVariableTemplatesNumber_Octagon_splitClauses_1":["13"],
"minedSingleVariableTemplatesNumber_Random_splitClauses_1":["13"],
"averagePredicateSize_All_splitClauses_1":["10800000"],
"minedTemplateNumber_Empty_splitClauses_0":["19"],
"labeledTemplateNumber_Mined_splitClauses_0":["13"],
"unlabeledBinaryVariableTemplatesNumber_All_splitClauses_0":["30"],
"relationSymbolNumberAfterSimplification_Labeled_splitClauses_1":["59"],
"labeledSingleVariableTemplatesNumber_PredictedCDHG_splitClauses_1":["7"],
"minedSingleVariableTemplatesNumber_Mined_splitClauses_1":["13"],
"labeledTemplateRelationSymbolNumber_Term_splitClauses_0":["1"],
"unlabeledTemplateRelationSymbolNumber_Term_splitClauses_1":["1"],
"predicateGeneratorTime_All_splitClauses_1":["10800000"],
"unlabeledSingleVariableTemplatesNumber_Random_splitClauses_0":["23"],
"predicateGeneratorTime_Unlabeled_splitClauses_1":["7699"],
"cegarIterationNumber_PredictedCDHG_splitClauses_0":["10800000"],
"labeledTemplateNumber_RelationalEqs_splitClauses_0":["13"],
"labeledTemplateRelationSymbolNumber_Mined_splitClauses_1":["1"],
"labeledTemplateRelationSymbolNumber_Random_splitClauses_0":["1"],
"labeledBinaryVariableTemplatesNumber_RelationalEqs_splitClauses_1":["6"],
"generatedPredicateNumber_RelationalIneqs_splitClauses_1":["25"],
"unlabeledTemplateRelationSymbolNumber_PredictedCG_splitClauses_1":["1"],
"unlabeledSingleVariableTemplatesNumber_RelationalEqs_splitClauses_0":["23"],
"labeledBinaryVariableTemplatesNumber_Labeled_splitClauses_0":["6"],
"minedBinaryVariableTemplatesNumber_PredictedCDHG_splitClauses_0":["6"],
"unlabeledTemplateRelationSymbolNumber_Unlabeled_splitClauses_0":["1"],
"clauseNumberAfterSimplification_Term_splitClauses_1":["30"],
"unlabeledTemplateNumber_Octagon_splitClauses_0":["53"],
"unlabeledBinaryVariableTemplatesNumber_RelationalEqs_splitClauses_1":["30"],
"unlabeledTemplateNumber_PredictedCG_splitClauses_0":["53"],
"unlabeledTemplateNumber_All_splitClauses_0":["53"],
"labeledTemplateRelationSymbolNumber_RelationalIneqs_splitClauses_1":["1"],
"unlabeledSingleVariableTemplatesNumber_Mined_splitClauses_1":["23"],
"labeledTemplateRelationSymbolNumber_Unlabeled_splitClauses_1":["1"],
"labeledBinaryVariableTemplatesNumber_Random_splitClauses_1":["6"],
"solvability_Random_splitClauses_1":["1"],
"solvingTime_Term_splitClauses_0":["10800000"],
"minedSingleVariableTemplatesNumber_Labeled_splitClauses_1":["13"],
"clauseNumberBeforeSimplification_Term_splitClauses_0":["3"],
"relationSymbolNumberBeforeSimplification_RelationalIneqs_splitClauses_1":["5"],
"minedTemplateRelationSymbolNumber_Mined_splitClauses_0":["1"],
"solvability_Octagon_splitClauses_1":["1"],
"minedSingleVariableTemplatesNumber_RelationalIneqs_splitClauses_1":["13"],
"smt2FileSizeByte_Labeled_splitClauses_0":["7094"],
"solvability_RelationalEqs_splitClauses_1":["1"],
"unlabeledSingleVariableTemplatesNumber_Empty_splitClauses_1":["23"],
"labeledTemplateNumber_PredictedCDHG_splitClauses_1":["13"],
"minedTemplateRelationSymbolNumber_Octagon_splitClauses_0":["1"],
"clauseNumberAfterSimplification_Unlabeled_splitClauses_0":["30"],
"clauseNumberBeforeSimplification_Unlabeled_splitClauses_0":["3"],
"clauseNumberBeforeSimplification_PredictedCDHG_splitClauses_0":["3"],
"cegarIterationNumber_RelationalIneqs_splitClauses_0":["10800000"],
"labeledTemplateRelationSymbolNumber_RelationalEqs_splitClauses_0":["1"],
"averagePredicateSize_Labeled_splitClauses_0":["10800000"],
"smt2FileSizeByte_RelationalIneqs_splitClauses_1":["7094"],
"clauseNumberBeforeSimplification_RelationalEqs_splitClauses_1":["3"],
"unlabeledTemplateRelationSymbolNumber_RelationalIneqs_splitClauses_1":["1"],
"clauseNumberBeforeSimplification_PredictedCG_splitClauses_0":["3"],
"solvingTime_PredictedCDHG_splitClauses_0":["10800000"],
"labeledTemplateRelationSymbolNumber_Octagon_splitClauses_1":["1"],
"minedTemplateRelationSymbolNumber_PredictedCG_splitClauses_1":["1"],
"relationSymbolNumberBeforeSimplification_RelationalEqs_splitClauses_1":["5"],
"labeledTemplateNumber_Random_splitClauses_1":["13"],
"solvingTime_RelationalIneqs_splitClauses_0":["10800000"],
"labeledTemplateNumber_All_splitClauses_1":["13"],
"unlabeledTemplateNumber_Random_splitClauses_1":["53"],
"relationSymbolNumberBeforeSimplification_All_splitClauses_0":["5"],
"smt2FileSizeByte_Unlabeled_splitClauses_1":["7094"],
"cegarIterationNumber_PredictedCG_splitClauses_0":["10800000"],
"predicateGeneratorTime_Octagon_splitClauses_0":["10800000"],
"unlabeledTemplateNumber_RelationalEqs_splitClauses_1":["53"],
"clauseNumberAfterSimplification_Octagon_splitClauses_0":["30"],
"cegarIterationNumber_Random_splitClauses_0":["10800000"],
"solvability_PredictedCDHG_splitClauses_1":["10800000"],
"solvability_PredictedCG_splitClauses_0":["10800000"],
"solvingTime_PredictedCG_splitClauses_1":["10800000"],
"unlabeledSingleVariableTemplatesNumber_Unlabeled_splitClauses_0":["23"],
"unlabeledTemplateNumber_Unlabeled_splitClauses_0":["53"],
"labeledTemplateRelationSymbolNumber_RelationalIneqs_splitClauses_0":["1"],
"minedTemplateNumber_Random_splitClauses_1":["19"],
"generatedPredicateNumber_RelationalEqs_splitClauses_0":["10800000"],
"minedTemplateNumber_Term_splitClauses_0":["19"],
"solvingTime_All_splitClauses_1":["10800000"],
"minedSingleVariableTemplatesNumber_PredictedCG_splitClauses_0":["13"],
"smt2FileSizeByte_Term_splitClauses_1":["7094"],
"labeledBinaryVariableTemplatesNumber_All_splitClauses_0":["6"],
"minedTemplateNumber_PredictedCDHG_splitClauses_1":["19"],
"minedTemplateRelationSymbolNumber_PredictedCDHG_splitClauses_0":["1"],
"averagePredicateSize_Unlabeled_splitClauses_0":["10800000"],
"minedBinaryVariableTemplatesNumber_Octagon_splitClauses_1":["6"],
"unlabeledSingleVariableTemplatesNumber_Random_splitClauses_1":["23"],
"clauseNumberBeforeSimplification_Random_splitClauses_0":["3"],
"solvingTime_Unlabeled_splitClauses_1":["8489"],
"predicateGeneratorTime_PredictedCDHG_splitClauses_1":["10800000"],
"averagePredicateSize_PredictedCDHG_splitClauses_0":["10800000"],
"relationSymbolNumberAfterSimplification_RelationalEqs_splitClauses_0":["59"],
"minedBinaryVariableTemplatesNumber_Term_splitClauses_0":["6"],
"labeledTemplateNumber_RelationalIneqs_splitClauses_0":["13"],
"clauseNumberAfterSimplification_Random_splitClauses_0":["30"],
"clauseNumberAfterSimplification_PredictedCG_splitClauses_0":["30"],
"generatedPredicateNumber_Empty_splitClauses_1":["17"],
"clauseNumberBeforeSimplification_Octagon_splitClauses_0":["3"],
"unlabeledTemplateNumber_Empty_splitClauses_0":["53"],
"minedSingleVariableTemplatesNumber_All_splitClauses_0":["13"],
"labeledTemplateRelationSymbolNumber_Octagon_splitClauses_0":["1"],
"generatedPredicateNumber_Random_splitClauses_1":["17"],
"clauseNumberAfterSimplification_RelationalEqs_splitClauses_0":["30"],
"labeledBinaryVariableTemplatesNumber_Term_splitClauses_0":["6"],
"minedSingleVariableTemplatesNumber_RelationalEqs_splitClauses_0":["13"],
"minedTemplateNumber_Mined_splitClauses_0":["19"],
"relationSymbolNumberBeforeSimplification_PredictedCG_splitClauses_0":["5"],
"averagePredicateSize_Octagon_splitClauses_0":["10800000"],
"unlabeledBinaryVariableTemplatesNumber_Empty_splitClauses_1":["30"],
"unlabeledSingleVariableTemplatesNumber_PredictedCDHG_splitClauses_0":["23"],
"unlabeledSingleVariableTemplatesNumber_PredictedCG_splitClauses_1":["23"],
"labeledTemplateRelationSymbolNumber_Labeled_splitClauses_1":["1"],
"minedTemplateRelationSymbolNumber_Random_splitClauses_0":["1"],
"unlabeledTemplateRelationSymbolNumber_PredictedCG_splitClauses_0":["1"],
"unlabeledTemplateNumber_RelationalIneqs_splitClauses_0":["53"],
"unlabeledSingleVariableTemplatesNumber_Labeled_splitClauses_0":["23"],
"relationSymbolNumberAfterSimplification_PredictedCG_splitClauses_0":["59"],
"minedTemplateNumber_Unlabeled_splitClauses_1":["19"],
"generatedPredicateNumber_PredictedCG_splitClauses_0":["10800000"],
"labeledTemplateNumber_Unlabeled_splitClauses_1":["13"],
"unlabeledTemplateRelationSymbolNumber_Empty_splitClauses_1":["1"],
"clauseNumberBeforeSimplification_Empty_splitClauses_0":["3"],
"solvingTime_Octagon_splitClauses_1":["9865"],
"cegarIterationNumber_Mined_splitClauses_1":["10"],
"clauseNumberBeforeSimplification_Mined_splitClauses_1":["3"],
"smt2FileSizeByte_PredictedCDHG_splitClauses_0":["7094"],
"averagePredicateSize_PredictedCG_splitClauses_0":["10800000"],
"solvingTime_Random_splitClauses_0":["10800000"],
"minedTemplateNumber_RelationalEqs_splitClauses_0":["19"],
"unlabeledSingleVariableTemplatesNumber_RelationalIneqs_splitClauses_0":["23"],
"unlabeledTemplateNumber_Unlabeled_splitClauses_1":["53"],
"labeledBinaryVariableTemplatesNumber_RelationalEqs_splitClauses_0":["6"],
"generatedPredicateNumber_PredictedCDHG_splitClauses_0":["10800000"],
"relationSymbolNumberAfterSimplification_RelationalIneqs_splitClauses_0":["59"],
"minedTemplateRelationSymbolNumber_Empty_splitClauses_1":["1"],
"predicateGeneratorTime_Random_splitClauses_1":["3262"],
"labeledTemplateNumber_Term_splitClauses_1":["13"],
"relationSymbolNumberBeforeSimplification_RelationalEqs_splitClauses_0":["5"],
"minedSingleVariableTemplatesNumber_Empty_splitClauses_1":["13"],
"minedSingleVariableTemplatesNumber_RelationalIneqs_splitClauses_0":["13"],
"clauseNumberAfterSimplification_All_splitClauses_0":["30"],
"unlabeledBinaryVariableTemplatesNumber_RelationalEqs_splitClauses_0":["30"],
"cegarIterationNumber_RelationalEqs_splitClauses_0":["10800000"],
"labeledTemplateRelationSymbolNumber_PredictedCDHG_splitClauses_0":["1"],
"labeledSingleVariableTemplatesNumber_Labeled_splitClauses_1":["7"],
"unlabeledBinaryVariableTemplatesNumber_All_splitClauses_1":["30"],
"minedTemplateRelationSymbolNumber_Unlabeled_splitClauses_1":["1"],
"solvingTime_RelationalEqs_splitClauses_0":["10800000"],
"solvingTime_RelationalEqs_splitClauses_1":["8553"],
"minedBinaryVariableTemplatesNumber_Mined_splitClauses_0":["6"],
"clauseNumberBeforeSimplification_All_splitClauses_0":["3"],
"clauseNumberBeforeSimplification_RelationalIneqs_splitClauses_1":["3"],
"labeledTemplateNumber_RelationalEqs_splitClauses_1":["13"],
"labeledBinaryVariableTemplatesNumber_RelationalIneqs_splitClauses_0":["6"],
"relationSymbolNumberBeforeSimplification_Labeled_splitClauses_0":["5"],
"clauseNumberAfterSimplification_Empty_splitClauses_0":["30"],
"averagePredicateSize_Empty_splitClauses_0":["10800000"],
"unlabeledTemplateNumber_Term_splitClauses_1":["53"],
"predicateGeneratorTime_Mined_splitClauses_1":["5352"],
"labeledBinaryVariableTemplatesNumber_RelationalIneqs_splitClauses_1":["6"],
"predicateGeneratorTime_Unlabeled_splitClauses_0":["10800000"],
"relationSymbolNumberAfterSimplification_Empty_splitClauses_0":["59"],
"generatedPredicateNumber_Mined_splitClauses_0":["10800000"],
"generatedPredicateNumber_RelationalEqs_splitClauses_1":["31"],
"labeledTemplateRelationSymbolNumber_PredictedCG_splitClauses_0":["1"],
"minedSingleVariableTemplatesNumber_PredictedCG_splitClauses_1":["13"],
"minedTemplateRelationSymbolNumber_PredictedCG_splitClauses_0":["1"],
"unlabeledTemplateRelationSymbolNumber_Labeled_splitClauses_0":["1"],
"solvability_Empty_splitClauses_1":["1"],
"averagePredicateSize_Term_splitClauses_0":["10800000"],
"cegarIterationNumber_Random_splitClauses_1":["9"],
"averagePredicateSize_Labeled_splitClauses_1":["1"],
"unlabeledBinaryVariableTemplatesNumber_Unlabeled_splitClauses_0":["30"],
"generatedPredicateNumber_Unlabeled_splitClauses_1":["19"],
"predicateGeneratorTime_All_splitClauses_0":["10800000"],
"unlabeledBinaryVariableTemplatesNumber_PredictedCDHG_splitClauses_1":["30"],
"clauseNumberBeforeSimplification_Labeled_splitClauses_1":["3"],
"minedBinaryVariableTemplatesNumber_Labeled_splitClauses_1":["6"],
"labeledSingleVariableTemplatesNumber_All_splitClauses_0":["7"],
"unlabeledTemplateRelationSymbolNumber_Mined_splitClauses_0":["1"],
"cegarIterationNumber_Octagon_splitClauses_1":["9"],
"labeledTemplateNumber_Octagon_splitClauses_0":["13"],
"labeledTemplateRelationSymbolNumber_All_splitClauses_1":["1"],
"smt2FileSizeByte_Empty_splitClauses_0":["7094"],
"unlabeledTemplateNumber_Octagon_splitClauses_1":["53"],
"predicateGeneratorTime_RelationalEqs_splitClauses_0":["10800000"],
"unlabeledTemplateRelationSymbolNumber_RelationalIneqs_splitClauses_0":["1"],
"smt2FileSizeByte_RelationalEqs_splitClauses_1":["7094"],
"unlabeledTemplateNumber_Labeled_splitClauses_0":["53"],
"minedSingleVariableTemplatesNumber_Labeled_splitClauses_0":["13"],
"solvingTime_PredictedCDHG_splitClauses_1":["10800000"],
"relationSymbolNumberBeforeSimplification_Term_splitClauses_1":["5"],
"minedTemplateNumber_Octagon_splitClauses_1":["19"],
"clauseNumberBeforeSimplification_Mined_splitClauses_0":["3"],
"smt2FileSizeByte_All_splitClauses_0":["7094"],
"solvingTime_All_splitClauses_0":["10800000"],
"minedBinaryVariableTemplatesNumber_Term_splitClauses_1":["6"],
"unlabeledTemplateRelationSymbolNumber_Random_splitClauses_0":["1"],
"cegarIterationNumber_All_splitClauses_0":["10800000"],
"smt2FileSizeByte_RelationalEqs_splitClauses_0":["7094"],
"unlabeledSingleVariableTemplatesNumber_PredictedCDHG_splitClauses_1":["23"],
"clauseNumberBeforeSimplification_Labeled_splitClauses_0":["3"],
"cegarIterationNumber_PredictedCG_splitClauses_1":["10800000"],
"labeledTemplateRelationSymbolNumber_Unlabeled_splitClauses_0":["1"],
"unlabeledTemplateRelationSymbolNumber_Octagon_splitClauses_1":["1"],
"unlabeledTemplateNumber_Empty_splitClauses_1":["53"],
"clauseNumberBeforeSimplification_Octagon_splitClauses_1":["3"],
"labeledTemplateNumber_Unlabeled_splitClauses_0":["13"],
"labeledBinaryVariableTemplatesNumber_PredictedCG_splitClauses_0":["6"],
"solvability_Term_splitClauses_1":["1"],
"solvability_Octagon_splitClauses_0":["10800000"],
"minedTemplateRelationSymbolNumber_RelationalIneqs_splitClauses_0":["1"],
"clauseNumberBeforeSimplification_RelationalIneqs_splitClauses_0":["3"],
"labeledTemplateNumber_PredictedCG_splitClauses_0":["13"],
"cegarIterationNumber_Labeled_splitClauses_0":["10800000"],
"smt2FileSizeByte_Labeled_splitClauses_1":["7094"],
"clauseNumberBeforeSimplification_Unlabeled_splitClauses_1":["3"],
"generatedPredicateNumber_Term_splitClauses_1":["19"],
"solvingTime_Term_splitClauses_1":["2592"],
"unlabeledBinaryVariableTemplatesNumber_Random_splitClauses_1":["30"],
"unlabeledSingleVariableTemplatesNumber_Octagon_splitClauses_0":["23"],
"solvingTime_Octagon_splitClauses_0":["10800000"],
"labeledSingleVariableTemplatesNumber_Mined_splitClauses_1":["7"],
"averagePredicateSize_Term_splitClauses_1":["1"],
"labeledTemplateNumber_Labeled_splitClauses_0":["13"],
"unlabeledSingleVariableTemplatesNumber_PredictedCG_splitClauses_0":["23"],
"smt2FileSizeByte_Mined_splitClauses_1":["7094"],
"labeledBinaryVariableTemplatesNumber_Unlabeled_splitClauses_1":["6"],
"labeledTemplateNumber_All_splitClauses_0":["13"],
"unlabeledTemplateNumber_Random_splitClauses_0":["53"],
"labeledTemplateNumber_Octagon_splitClauses_1":["13"],
"unlabeledTemplateNumber_PredictedCDHG_splitClauses_1":["53"],
"unlabeledBinaryVariableTemplatesNumber_Mined_splitClauses_0":["30"],
"minedTemplateRelationSymbolNumber_Mined_splitClauses_1":["1"],
"labeledTemplateNumber_RelationalIneqs_splitClauses_1":["13"],
"relationSymbolNumberAfterSimplification_All_splitClauses_0":["59"],
"relationSymbolNumberBeforeSimplification_PredictedCDHG_splitClauses_0":["5"],
"solvability_Term_splitClauses_0":["10800000"],
"clauseNumberBeforeSimplification_PredictedCG_splitClauses_1":["3"],
"generatedPredicateNumber_Labeled_splitClauses_1":["19"],
"labeledSingleVariableTemplatesNumber_Unlabeled_splitClauses_0":["7"],
"unlabeledBinaryVariableTemplatesNumber_Empty_splitClauses_0":["30"],
"solvingTime_Mined_splitClauses_0":["10800000"],
"unlabeledTemplateNumber_All_splitClauses_1":["53"],
"clauseNumberAfterSimplification_Random_splitClauses_1":["30"],
"labeledBinaryVariableTemplatesNumber_Octagon_splitClauses_1":["6"],
"unlabeledBinaryVariableTemplatesNumber_Labeled_splitClauses_0":["30"],
"smt2FileSizeByte_Octagon_splitClauses_0":["7094"],
"labeledSingleVariableTemplatesNumber_Random_splitClauses_1":["7"],
"solvability_Unlabeled_splitClauses_0":["10800000"],
"solvingTime_Unlabeled_splitClauses_0":["10800000"],
"unlabeledTemplateRelationSymbolNumber_All_splitClauses_1":["1"],
"minedTemplateNumber_Empty_splitClauses_1":["19"],
"solvability_RelationalIneqs_splitClauses_0":["10800000"],
"unlabeledTemplateRelationSymbolNumber_Labeled_splitClauses_1":["1"],
"cegarIterationNumber_RelationalEqs_splitClauses_1":["9"],
"minedSingleVariableTemplatesNumber_RelationalEqs_splitClauses_1":["13"],
"clauseNumberAfterSimplification_PredictedCDHG_splitClauses_1":["30"],
"minedBinaryVariableTemplatesNumber_RelationalIneqs_splitClauses_1":["6"],
"unlabeledBinaryVariableTemplatesNumber_Mined_splitClauses_1":["30"],
"unlabeledBinaryVariableTemplatesNumber_PredictedCDHG_splitClauses_0":["30"],
"solvingTime_Empty_splitClauses_1":["1379"],
"labeledTemplateRelationSymbolNumber_Empty_splitClauses_1":["1"],
"generatedPredicateNumber_Term_splitClauses_0":["10800000"],
"averagePredicateSize_Empty_splitClauses_1":["1"],
"generatedPredicateNumber_PredictedCG_splitClauses_1":["10800000"],
"labeledTemplateRelationSymbolNumber_PredictedCDHG_splitClauses_1":["1"],
"predicateGeneratorTime_Mined_splitClauses_0":["10800000"],
"relationSymbolNumberBeforeSimplification_Term_splitClauses_0":["5"],
"predicateGeneratorTime_Labeled_splitClauses_0":["10800000"],
"labeledSingleVariableTemplatesNumber_Random_splitClauses_0":["7"],
"unlabeledTemplateRelationSymbolNumber_All_splitClauses_0":["1"],
"minedBinaryVariableTemplatesNumber_Labeled_splitClauses_0":["6"],
"generatedPredicateNumber_Labeled_splitClauses_0":["10800000"],
"relationSymbolNumberAfterSimplification_Empty_splitClauses_1":["59"],
"solvingTime_Mined_splitClauses_1":["6143"],
"minedSingleVariableTemplatesNumber_All_splitClauses_1":["13"],
"predicateGeneratorTime_Random_splitClauses_0":["10800000"],
"cegarIterationNumber_Term_splitClauses_1":["10"],
"labeledTemplateNumber_Empty_splitClauses_1":["13"],
"clauseNumberAfterSimplification_Empty_splitClauses_1":["30"],
"minedTemplateRelationSymbolNumber_Empty_splitClauses_0":["1"],
"unlabeledSingleVariableTemplatesNumber_Term_splitClauses_0":["23"],
"minedSingleVariableTemplatesNumber_Empty_splitClauses_0":["13"],
"relationSymbolNumberAfterSimplification_Random_splitClauses_0":["59"],
"minedTemplateRelationSymbolNumber_RelationalEqs_splitClauses_0":["1"],
"cegarIterationNumber_Empty_splitClauses_0":["10800000"],
"minedBinaryVariableTemplatesNumber_RelationalEqs_splitClauses_1":["6"],
"relationSymbolNumberBeforeSimplification_PredictedCG_splitClauses_1":["5"],
"labeledSingleVariableTemplatesNumber_All_splitClauses_1":["7"],
"unlabeledTemplateRelationSymbolNumber_Octagon_splitClauses_0":["1"],
"minedTemplateRelationSymbolNumber_Unlabeled_splitClauses_0":["1"],
"labeledBinaryVariableTemplatesNumber_Mined_splitClauses_0":["6"],
"relationSymbolNumberAfterSimplification_Unlabeled_splitClauses_1":["59"],
"minedTemplateNumber_PredictedCG_splitClauses_1":["19"],
"cegarIterationNumber_Empty_splitClauses_1":["10"],
"averagePredicateSize_RelationalIneqs_splitClauses_0":["10800000"],
"solvability_All_splitClauses_1":["10800000"],
"unlabeledBinaryVariableTemplatesNumber_Term_splitClauses_1":["30"],
"minedTemplateRelationSymbolNumber_Labeled_splitClauses_1":["1"],
"averagePredicateSize_Unlabeled_splitClauses_1":["1"],
"labeledTemplateNumber_Term_splitClauses_0":["13"],
"smt2FileSizeByte_Empty_splitClauses_1":["7094"],
"solvingTime_PredictedCG_splitClauses_0":["10800000"],
"cegarIterationNumber_All_splitClauses_1":["10800000"],
"clauseNumberBeforeSimplification_Term_splitClauses_1":["3"],
"predicateGeneratorTime_Empty_splitClauses_0":["10800000"],
"relationSymbolNumberBeforeSimplification_Empty_splitClauses_1":["5"],
"averagePredicateSize_All_splitClauses_0":["10800000"],
"unlabeledBinaryVariableTemplatesNumber_Random_splitClauses_0":["30"],
"smt2FileSizeByte_Term_splitClauses_0":["7094"],
"averagePredicateSize_Mined_splitClauses_1":["1"],
"minedBinaryVariableTemplatesNumber_Empty_splitClauses_0":["6"],
"minedTemplateRelationSymbolNumber_All_splitClauses_1":["1"],
"labeledSingleVariableTemplatesNumber_PredictedCG_splitClauses_0":["7"],
"unlabeledBinaryVariableTemplatesNumber_RelationalIneqs_splitClauses_0":["30"],
"unlabeledSingleVariableTemplatesNumber_RelationalIneqs_splitClauses_1":["23"],
"clauseNumberAfterSimplification_RelationalIneqs_splitClauses_0":["30"],
"unlabeledTemplateNumber_RelationalEqs_splitClauses_0":["53"],
"unlabeledTemplateNumber_RelationalIneqs_splitClauses_1":["53"],
"labeledTemplateRelationSymbolNumber_PredictedCG_splitClauses_1":["1"],
"labeledTemplateRelationSymbolNumber_All_splitClauses_0":["1"],
"labeledSingleVariableTemplatesNumber_Octagon_splitClauses_0":["7"],
"dummyFiled":[]
}