{
"smt2FileSizeByte_All_splitClauses_1":["2911841"],
"generatedPredicateNumber_All_splitClauses_1":["10800000"],
"unlabeledTemplateRelationSymbolNumber_PredictedCDHG_splitClauses_0":["54"],
"predicateGeneratorTime_Term_splitClauses_0":["10800000"],
"averagePredicateSize_Random_splitClauses_1":["10800000"],
"labeledBinaryVariableTemplatesNumber_Labeled_splitClauses_1":["14"],
"clauseNumberBeforeSimplification_All_splitClauses_1":["566"],
"minedTemplateRelationSymbolNumber_Term_splitClauses_0":["54"],
"solvingTime_Labeled_splitClauses_1":["10800000"],
"unlabeledTemplateNumber_Labeled_splitClauses_1":["46512"],
"relationSymbolNumber_Term_splitClauses_1":["521"],
"minedTemplateRelationSymbolNumber_Octagon_splitClauses_1":["54"],
"clauseNumberAfterSimplification_Mined_splitClauses_1":["242"],
"unlabeledBinaryVariableTemplatesNumber_Term_splitClauses_0":["30900"],
"labeledTemplateNumber_PredictedCDHG_splitClauses_0":["14"],
"relationSymbolNumber_RelationalEqs_splitClauses_1":["521"],
"solvability_Empty_splitClauses_0":["10800000"],
"unlabeledTemplateRelationSymbolNumber_Random_splitClauses_1":["54"],
"labeledBinaryVariableTemplatesNumber_Octagon_splitClauses_0":["14"],
"minedTemplateRelationSymbolNumber_Random_splitClauses_1":["54"],
"unlabeledSingleVariableTemplatesNumber_Mined_splitClauses_0":["15612"],
"unlabeledBinaryVariableTemplatesNumber_PredictedCG_splitClauses_1":["30900"],
"solvability_All_splitClauses_0":["10800000"],
"predicateGeneratorTime_RelationalEqs_splitClauses_1":["10800000"],
"smt2FileSizeByte_PredictedCG_splitClauses_1":["2911841"],
"labeledSingleVariableTemplatesNumber_Unlabeled_splitClauses_1":["0"],
"labeledBinaryVariableTemplatesNumber_PredictedCG_splitClauses_1":["14"],
"minedBinaryVariableTemplatesNumber_PredictedCG_splitClauses_0":["14"],
"solvability_Random_splitClauses_0":["10800000"],
"clauseNumberBeforeSimplification_PredictedCDHG_splitClauses_1":["566"],
"labeledSingleVariableTemplatesNumber_Mined_splitClauses_0":["0"],
"solvability_Unlabeled_splitClauses_1":["10800000"],
"cegarIterationNumber_Labeled_splitClauses_1":["10800000"],
"smt2FileSizeByte_Mined_splitClauses_0":["2911841"],
"labeledSingleVariableTemplatesNumber_PredictedCG_splitClauses_1":["0"],
"smt2FileSizeByte_Octagon_splitClauses_1":["2911841"],
"minedTemplateNumber_Labeled_splitClauses_1":["5218"],
"labeledSingleVariableTemplatesNumber_RelationalIneqs_splitClauses_1":["0"],
"clauseNumberAfterSimplification_Labeled_splitClauses_1":["242"],
"smt2FileSizeByte_Random_splitClauses_0":["2911841"],
"unlabeledTemplateRelationSymbolNumber_PredictedCDHG_splitClauses_1":["54"],
"labeledSingleVariableTemplatesNumber_Term_splitClauses_0":["0"],
"generatedPredicateNumber_PredictedCDHG_splitClauses_1":["10800000"],
"minedSingleVariableTemplatesNumber_Unlabeled_splitClauses_0":["5204"],
"generatedPredicateNumber_Octagon_splitClauses_1":["10800000"],
"labeledSingleVariableTemplatesNumber_RelationalEqs_splitClauses_0":["0"],
"predicateGeneratorTime_PredictedCG_splitClauses_1":["10800000"],
"labeledTemplateNumber_Labeled_splitClauses_1":["14"],
"labeledSingleVariableTemplatesNumber_Empty_splitClauses_0":["0"],
"minedTemplateRelationSymbolNumber_RelationalIneqs_splitClauses_1":["54"],
"unlabeledSingleVariableTemplatesNumber_All_splitClauses_1":["15612"],
"labeledBinaryVariableTemplatesNumber_PredictedCDHG_splitClauses_1":["14"],
"unlabeledSingleVariableTemplatesNumber_RelationalEqs_splitClauses_1":["15612"],
"cegarIterationNumber_Term_splitClauses_0":["10800000"],
"unlabeledBinaryVariableTemplatesNumber_Labeled_splitClauses_1":["30900"],
"unlabeledSingleVariableTemplatesNumber_Term_splitClauses_1":["15612"],
"clauseNumberAfterSimplification_All_splitClauses_1":["242"],
"minedSingleVariableTemplatesNumber_Random_splitClauses_0":["5204"],
"solvability_RelationalIneqs_splitClauses_1":["10800000"],
"minedTemplateNumber_Labeled_splitClauses_0":["5218"],
"minedSingleVariableTemplatesNumber_Octagon_splitClauses_0":["5204"],
"minedSingleVariableTemplatesNumber_Term_splitClauses_1":["5204"],
"minedBinaryVariableTemplatesNumber_PredictedCDHG_splitClauses_1":["14"],
"generatedPredicateNumber_Mined_splitClauses_1":["27"],
"relationSymbolNumber_Octagon_splitClauses_1":["521"],
"relationSymbolNumber_Unlabeled_splitClauses_1":["521"],
"labeledSingleVariableTemplatesNumber_RelationalIneqs_splitClauses_0":["0"],
"averagePredicateSize_Mined_splitClauses_0":["10800000"],
"cegarIterationNumber_Unlabeled_splitClauses_0":["10800000"],
"minedBinaryVariableTemplatesNumber_Random_splitClauses_0":["14"],
"labeledTemplateNumber_Mined_splitClauses_1":["14"],
"labeledBinaryVariableTemplatesNumber_Random_splitClauses_0":["14"],
"unlabeledTemplateRelationSymbolNumber_Unlabeled_splitClauses_1":["54"],
"cegarIterationNumber_Mined_splitClauses_0":["10800000"],
"minedTemplateRelationSymbolNumber_Labeled_splitClauses_0":["54"],
"unlabeledBinaryVariableTemplatesNumber_RelationalIneqs_splitClauses_1":["30900"],
"unlabeledBinaryVariableTemplatesNumber_Octagon_splitClauses_0":["30900"],
"solvability_Mined_splitClauses_0":["10800000"],
"averagePredicateSize_RelationalEqs_splitClauses_0":["10800000"],
"clauseNumberAfterSimplification_Term_splitClauses_0":["242"],
"unlabeledTemplateNumber_Mined_splitClauses_0":["46512"],
"unlabeledTemplateNumber_PredictedCDHG_splitClauses_0":["46512"],
"cegarIterationNumber_RelationalIneqs_splitClauses_1":["10800000"],
"minedBinaryVariableTemplatesNumber_Unlabeled_splitClauses_1":["14"],
"labeledTemplateNumber_PredictedCG_splitClauses_1":["14"],
"labeledTemplateRelationSymbolNumber_Mined_splitClauses_0":["6"],
"labeledBinaryVariableTemplatesNumber_Mined_splitClauses_1":["14"],
"clauseNumberAfterSimplification_RelationalIneqs_splitClauses_1":["242"],
"minedSingleVariableTemplatesNumber_PredictedCDHG_splitClauses_0":["5204"],
"solvability_Labeled_splitClauses_1":["10800000"],
"labeledSingleVariableTemplatesNumber_Octagon_splitClauses_1":["0"],
"averagePredicateSize_Random_splitClauses_0":["10800000"],
"smt2FileSizeByte_RelationalIneqs_splitClauses_0":["2911841"],
"generatedPredicateNumber_Unlabeled_splitClauses_0":["10800000"],
"solvability_RelationalEqs_splitClauses_0":["10800000"],
"predicateGeneratorTime_Empty_splitClauses_1":["10800000"],
"minedSingleVariableTemplatesNumber_Mined_splitClauses_0":["5204"],
"minedTemplateRelationSymbolNumber_PredictedCDHG_splitClauses_1":["54"],
"minedTemplateNumber_PredictedCG_splitClauses_0":["5218"],
"averagePredicateSize_RelationalIneqs_splitClauses_1":["10800000"],
"labeledTemplateRelationSymbolNumber_Random_splitClauses_1":["6"],
"minedTemplateNumber_RelationalIneqs_splitClauses_0":["5218"],
"predicateGeneratorTime_RelationalIneqs_splitClauses_0":["10800000"],
"labeledTemplateRelationSymbolNumber_Empty_splitClauses_0":["6"],
"minedBinaryVariableTemplatesNumber_Octagon_splitClauses_0":["14"],
"relationSymbolNumber_Labeled_splitClauses_0":["521"],
"labeledSingleVariableTemplatesNumber_Term_splitClauses_1":["0"],
"labeledBinaryVariableTemplatesNumber_Empty_splitClauses_0":["14"],
"minedTemplateNumber_Octagon_splitClauses_0":["5218"],
"labeledBinaryVariableTemplatesNumber_Unlabeled_splitClauses_0":["14"],
"clauseNumberAfterSimplification_PredictedCDHG_splitClauses_0":["242"],
"smt2FileSizeByte_PredictedCG_splitClauses_0":["2911841"],
"minedBinaryVariableTemplatesNumber_RelationalEqs_splitClauses_0":["14"],
"labeledTemplateRelationSymbolNumber_RelationalEqs_splitClauses_1":["6"],
"minedBinaryVariableTemplatesNumber_Random_splitClauses_1":["14"],
"clauseNumberAfterSimplification_Unlabeled_splitClauses_1":["242"],
"minedSingleVariableTemplatesNumber_PredictedCDHG_splitClauses_1":["5204"],
"labeledBinaryVariableTemplatesNumber_Term_splitClauses_1":["14"],
"clauseNumberBeforeSimplification_Empty_splitClauses_1":["566"],
"minedBinaryVariableTemplatesNumber_Mined_splitClauses_1":["14"],
"unlabeledBinaryVariableTemplatesNumber_Unlabeled_splitClauses_1":["30900"],
"unlabeledTemplateNumber_PredictedCG_splitClauses_1":["46512"],
"generatedPredicateNumber_Empty_splitClauses_0":["10800000"],
"predicateGeneratorTime_RelationalIneqs_splitClauses_1":["10800000"],
"unlabeledSingleVariableTemplatesNumber_Empty_splitClauses_0":["15612"],
"cegarIterationNumber_Octagon_splitClauses_0":["10800000"],
"clauseNumberAfterSimplification_Octagon_splitClauses_1":["242"],
"unlabeledSingleVariableTemplatesNumber_Labeled_splitClauses_1":["15612"],
"clauseNumberBeforeSimplification_Random_splitClauses_1":["566"],
"minedTemplateRelationSymbolNumber_All_splitClauses_0":["54"],
"unlabeledTemplateRelationSymbolNumber_RelationalEqs_splitClauses_0":["54"],
"minedSingleVariableTemplatesNumber_Unlabeled_splitClauses_1":["5204"],
"clauseNumberBeforeSimplification_RelationalEqs_splitClauses_0":["566"],
"minedTemplateNumber_Unlabeled_splitClauses_0":["5218"],
"generatedPredicateNumber_Octagon_splitClauses_0":["10800000"],
"predicateGeneratorTime_PredictedCDHG_splitClauses_0":["10800000"],
"clauseNumberAfterSimplification_PredictedCG_splitClauses_1":["242"],
"labeledSingleVariableTemplatesNumber_RelationalEqs_splitClauses_1":["0"],
"smt2FileSizeByte_Random_splitClauses_1":["2911841"],
"averagePredicateSize_PredictedCG_splitClauses_1":["10800000"],
"cegarIterationNumber_PredictedCDHG_splitClauses_1":["10800000"],
"clauseNumberAfterSimplification_RelationalEqs_splitClauses_1":["242"],
"minedBinaryVariableTemplatesNumber_Empty_splitClauses_1":["14"],
"minedTemplateNumber_PredictedCDHG_splitClauses_0":["5218"],
"labeledBinaryVariableTemplatesNumber_All_splitClauses_1":["14"],
"solvingTime_RelationalIneqs_splitClauses_1":["10800000"],
"unlabeledTemplateRelationSymbolNumber_RelationalEqs_splitClauses_1":["54"],
"smt2FileSizeByte_Unlabeled_splitClauses_0":["2911841"],
"generatedPredicateNumber_All_splitClauses_0":["10800000"],
"predicateGeneratorTime_Octagon_splitClauses_1":["10800000"],
"solvability_Mined_splitClauses_1":["1"],
"minedTemplateRelationSymbolNumber_Term_splitClauses_1":["54"],
"clauseNumberAfterSimplification_Mined_splitClauses_0":["242"],
"solvability_PredictedCDHG_splitClauses_0":["10800000"],
"solvingTime_Empty_splitClauses_0":["10800000"],
"unlabeledSingleVariableTemplatesNumber_Unlabeled_splitClauses_1":["15612"],
"minedTemplateNumber_Term_splitClauses_1":["5218"],
"averagePredicateSize_Octagon_splitClauses_1":["10800000"],
"relationSymbolNumber_Empty_splitClauses_1":["521"],
"unlabeledSingleVariableTemplatesNumber_Octagon_splitClauses_1":["15612"],
"minedTemplateRelationSymbolNumber_RelationalEqs_splitClauses_1":["54"],
"minedBinaryVariableTemplatesNumber_RelationalIneqs_splitClauses_0":["14"],
"predicateGeneratorTime_Term_splitClauses_1":["10800000"],
"solvingTime_Labeled_splitClauses_0":["10800000"],
"unlabeledBinaryVariableTemplatesNumber_PredictedCG_splitClauses_0":["30900"],
"minedTemplateNumber_All_splitClauses_0":["5218"],
"predicateGeneratorTime_Labeled_splitClauses_1":["10800000"],
"unlabeledTemplateRelationSymbolNumber_Empty_splitClauses_0":["54"],
"unlabeledTemplateNumber_Mined_splitClauses_1":["46512"],
"solvability_PredictedCG_splitClauses_1":["10800000"],
"unlabeledTemplateNumber_Term_splitClauses_0":["46512"],
"minedBinaryVariableTemplatesNumber_PredictedCG_splitClauses_1":["14"],
"labeledSingleVariableTemplatesNumber_PredictedCDHG_splitClauses_0":["0"],
"minedBinaryVariableTemplatesNumber_All_splitClauses_0":["14"],
"averagePredicateSize_PredictedCDHG_splitClauses_1":["10800000"],
"predicateGeneratorTime_PredictedCG_splitClauses_0":["10800000"],
"generatedPredicateNumber_RelationalIneqs_splitClauses_0":["10800000"],
"labeledTemplateNumber_Empty_splitClauses_0":["14"],
"unlabeledTemplateRelationSymbolNumber_Term_splitClauses_0":["54"],
"minedTemplateNumber_All_splitClauses_1":["5218"],
"labeledSingleVariableTemplatesNumber_Empty_splitClauses_1":["0"],
"minedBinaryVariableTemplatesNumber_Unlabeled_splitClauses_0":["14"],
"labeledTemplateNumber_Random_splitClauses_0":["14"],
"minedBinaryVariableTemplatesNumber_All_splitClauses_1":["14"],
"unlabeledSingleVariableTemplatesNumber_All_splitClauses_0":["15612"],
"smt2FileSizeByte_PredictedCDHG_splitClauses_1":["2911841"],
"labeledBinaryVariableTemplatesNumber_PredictedCDHG_splitClauses_0":["14"],
"averagePredicateSize_RelationalEqs_splitClauses_1":["10800000"],
"minedSingleVariableTemplatesNumber_Term_splitClauses_0":["5204"],
"labeledTemplateRelationSymbolNumber_Term_splitClauses_1":["6"],
"generatedPredicateNumber_Random_splitClauses_0":["10800000"],
"labeledBinaryVariableTemplatesNumber_Empty_splitClauses_1":["14"],
"clauseNumberAfterSimplification_Labeled_splitClauses_0":["242"],
"labeledSingleVariableTemplatesNumber_Labeled_splitClauses_0":["0"],
"minedTemplateNumber_Mined_splitClauses_1":["5218"],
"labeledTemplateRelationSymbolNumber_Labeled_splitClauses_0":["6"],
"unlabeledTemplateRelationSymbolNumber_Mined_splitClauses_1":["54"],
"solvability_Labeled_splitClauses_0":["10800000"],
"minedTemplateNumber_RelationalEqs_splitClauses_1":["5218"],
"solvingTime_Random_splitClauses_1":["10800000"],
"minedTemplateNumber_Random_splitClauses_0":["5218"],
"cegarIterationNumber_Unlabeled_splitClauses_1":["10800000"],
"minedTemplateNumber_RelationalIneqs_splitClauses_1":["5218"],
"unlabeledBinaryVariableTemplatesNumber_Octagon_splitClauses_1":["30900"],
"minedSingleVariableTemplatesNumber_Octagon_splitClauses_1":["5204"],
"minedSingleVariableTemplatesNumber_Random_splitClauses_1":["5204"],
"averagePredicateSize_All_splitClauses_1":["10800000"],
"minedTemplateNumber_Empty_splitClauses_0":["5218"],
"labeledTemplateNumber_Mined_splitClauses_0":["14"],
"unlabeledBinaryVariableTemplatesNumber_All_splitClauses_0":["30900"],
"labeledSingleVariableTemplatesNumber_PredictedCDHG_splitClauses_1":["0"],
"minedSingleVariableTemplatesNumber_Mined_splitClauses_1":["5204"],
"labeledTemplateRelationSymbolNumber_Term_splitClauses_0":["6"],
"unlabeledTemplateRelationSymbolNumber_Term_splitClauses_1":["54"],
"predicateGeneratorTime_All_splitClauses_1":["10800000"],
"unlabeledSingleVariableTemplatesNumber_Random_splitClauses_0":["15612"],
"predicateGeneratorTime_Unlabeled_splitClauses_1":["10800000"],
"cegarIterationNumber_PredictedCDHG_splitClauses_0":["10800000"],
"labeledTemplateNumber_RelationalEqs_splitClauses_0":["14"],
"labeledTemplateRelationSymbolNumber_Mined_splitClauses_1":["6"],
"labeledTemplateRelationSymbolNumber_Random_splitClauses_0":["6"],
"labeledBinaryVariableTemplatesNumber_RelationalEqs_splitClauses_1":["14"],
"generatedPredicateNumber_RelationalIneqs_splitClauses_1":["10800000"],
"unlabeledTemplateRelationSymbolNumber_PredictedCG_splitClauses_1":["54"],
"unlabeledSingleVariableTemplatesNumber_RelationalEqs_splitClauses_0":["15612"],
"labeledBinaryVariableTemplatesNumber_Labeled_splitClauses_0":["14"],
"minedBinaryVariableTemplatesNumber_PredictedCDHG_splitClauses_0":["14"],
"unlabeledTemplateRelationSymbolNumber_Unlabeled_splitClauses_0":["54"],
"clauseNumberAfterSimplification_Term_splitClauses_1":["242"],
"relationSymbolNumber_RelationalIneqs_splitClauses_0":["521"],
"unlabeledTemplateNumber_Octagon_splitClauses_0":["46512"],
"unlabeledBinaryVariableTemplatesNumber_RelationalEqs_splitClauses_1":["30900"],
"unlabeledTemplateNumber_PredictedCG_splitClauses_0":["46512"],
"unlabeledTemplateNumber_All_splitClauses_0":["46512"],
"labeledTemplateRelationSymbolNumber_RelationalIneqs_splitClauses_1":["6"],
"unlabeledSingleVariableTemplatesNumber_Mined_splitClauses_1":["15612"],
"labeledTemplateRelationSymbolNumber_Unlabeled_splitClauses_1":["6"],
"labeledBinaryVariableTemplatesNumber_Random_splitClauses_1":["14"],
"relationSymbolNumber_RelationalEqs_splitClauses_0":["521"],
"solvability_Random_splitClauses_1":["10800000"],
"solvingTime_Term_splitClauses_0":["10800000"],
"minedSingleVariableTemplatesNumber_Labeled_splitClauses_1":["5204"],
"relationSymbolNumber_Random_splitClauses_0":["521"],
"clauseNumberBeforeSimplification_Term_splitClauses_0":["566"],
"minedTemplateRelationSymbolNumber_Mined_splitClauses_0":["54"],
"solvability_Octagon_splitClauses_1":["10800000"],
"relationSymbolNumber_Labeled_splitClauses_1":["521"],
"minedSingleVariableTemplatesNumber_RelationalIneqs_splitClauses_1":["5204"],
"smt2FileSizeByte_Labeled_splitClauses_0":["2911841"],
"solvability_RelationalEqs_splitClauses_1":["10800000"],
"unlabeledSingleVariableTemplatesNumber_Empty_splitClauses_1":["15612"],
"labeledTemplateNumber_PredictedCDHG_splitClauses_1":["14"],
"minedTemplateRelationSymbolNumber_Octagon_splitClauses_0":["54"],
"clauseNumberAfterSimplification_Unlabeled_splitClauses_0":["242"],
"clauseNumberBeforeSimplification_Unlabeled_splitClauses_0":["566"],
"clauseNumberBeforeSimplification_PredictedCDHG_splitClauses_0":["566"],
"cegarIterationNumber_RelationalIneqs_splitClauses_0":["10800000"],
"relationSymbolNumber_All_splitClauses_0":["521"],
"labeledTemplateRelationSymbolNumber_RelationalEqs_splitClauses_0":["6"],
"averagePredicateSize_Labeled_splitClauses_0":["10800000"],
"smt2FileSizeByte_RelationalIneqs_splitClauses_1":["2911841"],
"clauseNumberBeforeSimplification_RelationalEqs_splitClauses_1":["566"],
"unlabeledTemplateRelationSymbolNumber_RelationalIneqs_splitClauses_1":["54"],
"clauseNumberBeforeSimplification_PredictedCG_splitClauses_0":["566"],
"solvingTime_PredictedCDHG_splitClauses_0":["10800000"],
"labeledTemplateRelationSymbolNumber_Octagon_splitClauses_1":["6"],
"minedTemplateRelationSymbolNumber_PredictedCG_splitClauses_1":["54"],
"labeledTemplateNumber_Random_splitClauses_1":["14"],
"solvingTime_RelationalIneqs_splitClauses_0":["10800000"],
"labeledTemplateNumber_All_splitClauses_1":["14"],
"unlabeledTemplateNumber_Random_splitClauses_1":["46512"],
"relationSymbolNumber_PredictedCDHG_splitClauses_1":["521"],
"smt2FileSizeByte_Unlabeled_splitClauses_1":["2911841"],
"cegarIterationNumber_PredictedCG_splitClauses_0":["10800000"],
"predicateGeneratorTime_Octagon_splitClauses_0":["10800000"],
"unlabeledTemplateNumber_RelationalEqs_splitClauses_1":["46512"],
"clauseNumberAfterSimplification_Octagon_splitClauses_0":["242"],
"cegarIterationNumber_Random_splitClauses_0":["10800000"],
"solvability_PredictedCDHG_splitClauses_1":["10800000"],
"solvability_PredictedCG_splitClauses_0":["10800000"],
"solvingTime_PredictedCG_splitClauses_1":["10800000"],
"unlabeledSingleVariableTemplatesNumber_Unlabeled_splitClauses_0":["15612"],
"unlabeledTemplateNumber_Unlabeled_splitClauses_0":["46512"],
"labeledTemplateRelationSymbolNumber_RelationalIneqs_splitClauses_0":["6"],
"minedTemplateNumber_Random_splitClauses_1":["5218"],
"relationSymbolNumber_PredictedCG_splitClauses_0":["521"],
"generatedPredicateNumber_RelationalEqs_splitClauses_0":["10800000"],
"minedTemplateNumber_Term_splitClauses_0":["5218"],
"solvingTime_All_splitClauses_1":["10800000"],
"minedSingleVariableTemplatesNumber_PredictedCG_splitClauses_0":["5204"],
"smt2FileSizeByte_Term_splitClauses_1":["2911841"],
"labeledBinaryVariableTemplatesNumber_All_splitClauses_0":["14"],
"minedTemplateNumber_PredictedCDHG_splitClauses_1":["5218"],
"minedTemplateRelationSymbolNumber_PredictedCDHG_splitClauses_0":["54"],
"averagePredicateSize_Unlabeled_splitClauses_0":["10800000"],
"minedBinaryVariableTemplatesNumber_Octagon_splitClauses_1":["14"],
"unlabeledSingleVariableTemplatesNumber_Random_splitClauses_1":["15612"],
"clauseNumberBeforeSimplification_Random_splitClauses_0":["566"],
"solvingTime_Unlabeled_splitClauses_1":["10800000"],
"predicateGeneratorTime_PredictedCDHG_splitClauses_1":["10800000"],
"averagePredicateSize_PredictedCDHG_splitClauses_0":["10800000"],
"minedBinaryVariableTemplatesNumber_Term_splitClauses_0":["14"],
"labeledTemplateNumber_RelationalIneqs_splitClauses_0":["14"],
"clauseNumberAfterSimplification_Random_splitClauses_0":["242"],
"clauseNumberAfterSimplification_PredictedCG_splitClauses_0":["242"],
"generatedPredicateNumber_Empty_splitClauses_1":["10800000"],
"clauseNumberBeforeSimplification_Octagon_splitClauses_0":["566"],
"unlabeledTemplateNumber_Empty_splitClauses_0":["46512"],
"minedSingleVariableTemplatesNumber_All_splitClauses_0":["5204"],
"labeledTemplateRelationSymbolNumber_Octagon_splitClauses_0":["6"],
"generatedPredicateNumber_Random_splitClauses_1":["10800000"],
"clauseNumberAfterSimplification_RelationalEqs_splitClauses_0":["242"],
"labeledBinaryVariableTemplatesNumber_Term_splitClauses_0":["14"],
"minedSingleVariableTemplatesNumber_RelationalEqs_splitClauses_0":["5204"],
"minedTemplateNumber_Mined_splitClauses_0":["5218"],
"averagePredicateSize_Octagon_splitClauses_0":["10800000"],
"unlabeledBinaryVariableTemplatesNumber_Empty_splitClauses_1":["30900"],
"relationSymbolNumber_Unlabeled_splitClauses_0":["521"],
"unlabeledSingleVariableTemplatesNumber_PredictedCDHG_splitClauses_0":["15612"],
"unlabeledSingleVariableTemplatesNumber_PredictedCG_splitClauses_1":["15612"],
"labeledTemplateRelationSymbolNumber_Labeled_splitClauses_1":["6"],
"minedTemplateRelationSymbolNumber_Random_splitClauses_0":["54"],
"unlabeledTemplateRelationSymbolNumber_PredictedCG_splitClauses_0":["54"],
"unlabeledTemplateNumber_RelationalIneqs_splitClauses_0":["46512"],
"unlabeledSingleVariableTemplatesNumber_Labeled_splitClauses_0":["15612"],
"minedTemplateNumber_Unlabeled_splitClauses_1":["5218"],
"generatedPredicateNumber_PredictedCG_splitClauses_0":["10800000"],
"labeledTemplateNumber_Unlabeled_splitClauses_1":["14"],
"unlabeledTemplateRelationSymbolNumber_Empty_splitClauses_1":["54"],
"clauseNumberBeforeSimplification_Empty_splitClauses_0":["566"],
"solvingTime_Octagon_splitClauses_1":["10800000"],
"cegarIterationNumber_Mined_splitClauses_1":["11"],
"clauseNumberBeforeSimplification_Mined_splitClauses_1":["566"],
"smt2FileSizeByte_PredictedCDHG_splitClauses_0":["2911841"],
"averagePredicateSize_PredictedCG_splitClauses_0":["10800000"],
"solvingTime_Random_splitClauses_0":["10800000"],
"minedTemplateNumber_RelationalEqs_splitClauses_0":["5218"],
"unlabeledSingleVariableTemplatesNumber_RelationalIneqs_splitClauses_0":["15612"],
"unlabeledTemplateNumber_Unlabeled_splitClauses_1":["46512"],
"labeledBinaryVariableTemplatesNumber_RelationalEqs_splitClauses_0":["14"],
"generatedPredicateNumber_PredictedCDHG_splitClauses_0":["10800000"],
"minedTemplateRelationSymbolNumber_Empty_splitClauses_1":["54"],
"predicateGeneratorTime_Random_splitClauses_1":["10800000"],
"labeledTemplateNumber_Term_splitClauses_1":["14"],
"minedSingleVariableTemplatesNumber_Empty_splitClauses_1":["5204"],
"minedSingleVariableTemplatesNumber_RelationalIneqs_splitClauses_0":["5204"],
"clauseNumberAfterSimplification_All_splitClauses_0":["242"],
"unlabeledBinaryVariableTemplatesNumber_RelationalEqs_splitClauses_0":["30900"],
"cegarIterationNumber_RelationalEqs_splitClauses_0":["10800000"],
"labeledTemplateRelationSymbolNumber_PredictedCDHG_splitClauses_0":["6"],
"labeledSingleVariableTemplatesNumber_Labeled_splitClauses_1":["0"],
"unlabeledBinaryVariableTemplatesNumber_All_splitClauses_1":["30900"],
"minedTemplateRelationSymbolNumber_Unlabeled_splitClauses_1":["54"],
"solvingTime_RelationalEqs_splitClauses_0":["10800000"],
"solvingTime_RelationalEqs_splitClauses_1":["10800000"],
"minedBinaryVariableTemplatesNumber_Mined_splitClauses_0":["14"],
"clauseNumberBeforeSimplification_All_splitClauses_0":["566"],
"clauseNumberBeforeSimplification_RelationalIneqs_splitClauses_1":["566"],
"labeledTemplateNumber_RelationalEqs_splitClauses_1":["14"],
"labeledBinaryVariableTemplatesNumber_RelationalIneqs_splitClauses_0":["14"],
"clauseNumberAfterSimplification_Empty_splitClauses_0":["242"],
"averagePredicateSize_Empty_splitClauses_0":["10800000"],
"relationSymbolNumber_PredictedCG_splitClauses_1":["521"],
"unlabeledTemplateNumber_Term_splitClauses_1":["46512"],
"predicateGeneratorTime_Mined_splitClauses_1":["1180"],
"relationSymbolNumber_Mined_splitClauses_0":["521"],
"labeledBinaryVariableTemplatesNumber_RelationalIneqs_splitClauses_1":["14"],
"predicateGeneratorTime_Unlabeled_splitClauses_0":["10800000"],
"generatedPredicateNumber_Mined_splitClauses_0":["10800000"],
"generatedPredicateNumber_RelationalEqs_splitClauses_1":["10800000"],
"labeledTemplateRelationSymbolNumber_PredictedCG_splitClauses_0":["6"],
"minedSingleVariableTemplatesNumber_PredictedCG_splitClauses_1":["5204"],
"minedTemplateRelationSymbolNumber_PredictedCG_splitClauses_0":["54"],
"unlabeledTemplateRelationSymbolNumber_Labeled_splitClauses_0":["54"],
"solvability_Empty_splitClauses_1":["10800000"],
"averagePredicateSize_Term_splitClauses_0":["10800000"],
"cegarIterationNumber_Random_splitClauses_1":["10800000"],
"relationSymbolNumber_All_splitClauses_1":["521"],
"averagePredicateSize_Labeled_splitClauses_1":["10800000"],
"unlabeledBinaryVariableTemplatesNumber_Unlabeled_splitClauses_0":["30900"],
"generatedPredicateNumber_Unlabeled_splitClauses_1":["10800000"],
"predicateGeneratorTime_All_splitClauses_0":["10800000"],
"unlabeledBinaryVariableTemplatesNumber_PredictedCDHG_splitClauses_1":["30900"],
"clauseNumberBeforeSimplification_Labeled_splitClauses_1":["566"],
"minedBinaryVariableTemplatesNumber_Labeled_splitClauses_1":["14"],
"labeledSingleVariableTemplatesNumber_All_splitClauses_0":["0"],
"unlabeledTemplateRelationSymbolNumber_Mined_splitClauses_0":["54"],
"cegarIterationNumber_Octagon_splitClauses_1":["10800000"],
"labeledTemplateNumber_Octagon_splitClauses_0":["14"],
"labeledTemplateRelationSymbolNumber_All_splitClauses_1":["6"],
"smt2FileSizeByte_Empty_splitClauses_0":["2911841"],
"relationSymbolNumber_RelationalIneqs_splitClauses_1":["521"],
"unlabeledTemplateNumber_Octagon_splitClauses_1":["46512"],
"predicateGeneratorTime_RelationalEqs_splitClauses_0":["10800000"],
"unlabeledTemplateRelationSymbolNumber_RelationalIneqs_splitClauses_0":["54"],
"smt2FileSizeByte_RelationalEqs_splitClauses_1":["2911841"],
"unlabeledTemplateNumber_Labeled_splitClauses_0":["46512"],
"relationSymbolNumber_Random_splitClauses_1":["521"],
"minedSingleVariableTemplatesNumber_Labeled_splitClauses_0":["5204"],
"solvingTime_PredictedCDHG_splitClauses_1":["10800000"],
"minedTemplateNumber_Octagon_splitClauses_1":["5218"],
"clauseNumberBeforeSimplification_Mined_splitClauses_0":["566"],
"smt2FileSizeByte_All_splitClauses_0":["2911841"],
"solvingTime_All_splitClauses_0":["10800000"],
"minedBinaryVariableTemplatesNumber_Term_splitClauses_1":["14"],
"unlabeledTemplateRelationSymbolNumber_Random_splitClauses_0":["54"],
"cegarIterationNumber_All_splitClauses_0":["10800000"],
"smt2FileSizeByte_RelationalEqs_splitClauses_0":["2911841"],
"unlabeledSingleVariableTemplatesNumber_PredictedCDHG_splitClauses_1":["15612"],
"clauseNumberBeforeSimplification_Labeled_splitClauses_0":["566"],
"cegarIterationNumber_PredictedCG_splitClauses_1":["10800000"],
"labeledTemplateRelationSymbolNumber_Unlabeled_splitClauses_0":["6"],
"unlabeledTemplateRelationSymbolNumber_Octagon_splitClauses_1":["54"],
"unlabeledTemplateNumber_Empty_splitClauses_1":["46512"],
"clauseNumberBeforeSimplification_Octagon_splitClauses_1":["566"],
"labeledTemplateNumber_Unlabeled_splitClauses_0":["14"],
"labeledBinaryVariableTemplatesNumber_PredictedCG_splitClauses_0":["14"],
"solvability_Term_splitClauses_1":["10800000"],
"solvability_Octagon_splitClauses_0":["10800000"],
"minedTemplateRelationSymbolNumber_RelationalIneqs_splitClauses_0":["54"],
"clauseNumberBeforeSimplification_RelationalIneqs_splitClauses_0":["566"],
"labeledTemplateNumber_PredictedCG_splitClauses_0":["14"],
"cegarIterationNumber_Labeled_splitClauses_0":["10800000"],
"smt2FileSizeByte_Labeled_splitClauses_1":["2911841"],
"clauseNumberBeforeSimplification_Unlabeled_splitClauses_1":["566"],
"generatedPredicateNumber_Term_splitClauses_1":["10800000"],
"solvingTime_Term_splitClauses_1":["10800000"],
"unlabeledBinaryVariableTemplatesNumber_Random_splitClauses_1":["30900"],
"unlabeledSingleVariableTemplatesNumber_Octagon_splitClauses_0":["15612"],
"solvingTime_Octagon_splitClauses_0":["10800000"],
"labeledSingleVariableTemplatesNumber_Mined_splitClauses_1":["0"],
"averagePredicateSize_Term_splitClauses_1":["10800000"],
"labeledTemplateNumber_Labeled_splitClauses_0":["14"],
"unlabeledSingleVariableTemplatesNumber_PredictedCG_splitClauses_0":["15612"],
"smt2FileSizeByte_Mined_splitClauses_1":["2911841"],
"labeledBinaryVariableTemplatesNumber_Unlabeled_splitClauses_1":["14"],
"labeledTemplateNumber_All_splitClauses_0":["14"],
"unlabeledTemplateNumber_Random_splitClauses_0":["46512"],
"labeledTemplateNumber_Octagon_splitClauses_1":["14"],
"unlabeledTemplateNumber_PredictedCDHG_splitClauses_1":["46512"],
"unlabeledBinaryVariableTemplatesNumber_Mined_splitClauses_0":["30900"],
"minedTemplateRelationSymbolNumber_Mined_splitClauses_1":["54"],
"labeledTemplateNumber_RelationalIneqs_splitClauses_1":["14"],
"solvability_Term_splitClauses_0":["10800000"],
"relationSymbolNumber_Octagon_splitClauses_0":["521"],
"clauseNumberBeforeSimplification_PredictedCG_splitClauses_1":["566"],
"generatedPredicateNumber_Labeled_splitClauses_1":["10800000"],
"labeledSingleVariableTemplatesNumber_Unlabeled_splitClauses_0":["0"],
"unlabeledBinaryVariableTemplatesNumber_Empty_splitClauses_0":["30900"],
"solvingTime_Mined_splitClauses_0":["10800000"],
"unlabeledTemplateNumber_All_splitClauses_1":["46512"],
"clauseNumberAfterSimplification_Random_splitClauses_1":["242"],
"labeledBinaryVariableTemplatesNumber_Octagon_splitClauses_1":["14"],
"unlabeledBinaryVariableTemplatesNumber_Labeled_splitClauses_0":["30900"],
"smt2FileSizeByte_Octagon_splitClauses_0":["2911841"],
"labeledSingleVariableTemplatesNumber_Random_splitClauses_1":["0"],
"solvability_Unlabeled_splitClauses_0":["10800000"],
"solvingTime_Unlabeled_splitClauses_0":["10800000"],
"unlabeledTemplateRelationSymbolNumber_All_splitClauses_1":["54"],
"minedTemplateNumber_Empty_splitClauses_1":["5218"],
"solvability_RelationalIneqs_splitClauses_0":["10800000"],
"unlabeledTemplateRelationSymbolNumber_Labeled_splitClauses_1":["54"],
"cegarIterationNumber_RelationalEqs_splitClauses_1":["10800000"],
"minedSingleVariableTemplatesNumber_RelationalEqs_splitClauses_1":["5204"],
"clauseNumberAfterSimplification_PredictedCDHG_splitClauses_1":["242"],
"minedBinaryVariableTemplatesNumber_RelationalIneqs_splitClauses_1":["14"],
"unlabeledBinaryVariableTemplatesNumber_Mined_splitClauses_1":["30900"],
"unlabeledBinaryVariableTemplatesNumber_PredictedCDHG_splitClauses_0":["30900"],
"solvingTime_Empty_splitClauses_1":["10800000"],
"labeledTemplateRelationSymbolNumber_Empty_splitClauses_1":["6"],
"generatedPredicateNumber_Term_splitClauses_0":["10800000"],
"averagePredicateSize_Empty_splitClauses_1":["10800000"],
"generatedPredicateNumber_PredictedCG_splitClauses_1":["10800000"],
"labeledTemplateRelationSymbolNumber_PredictedCDHG_splitClauses_1":["6"],
"relationSymbolNumber_Mined_splitClauses_1":["521"],
"predicateGeneratorTime_Mined_splitClauses_0":["10800000"],
"predicateGeneratorTime_Labeled_splitClauses_0":["10800000"],
"labeledSingleVariableTemplatesNumber_Random_splitClauses_0":["0"],
"unlabeledTemplateRelationSymbolNumber_All_splitClauses_0":["54"],
"minedBinaryVariableTemplatesNumber_Labeled_splitClauses_0":["14"],
"generatedPredicateNumber_Labeled_splitClauses_0":["10800000"],
"relationSymbolNumber_Empty_splitClauses_0":["521"],
"solvingTime_Mined_splitClauses_1":["1618"],
"minedSingleVariableTemplatesNumber_All_splitClauses_1":["5204"],
"predicateGeneratorTime_Random_splitClauses_0":["10800000"],
"cegarIterationNumber_Term_splitClauses_1":["10800000"],
"labeledTemplateNumber_Empty_splitClauses_1":["14"],
"clauseNumberAfterSimplification_Empty_splitClauses_1":["242"],
"minedTemplateRelationSymbolNumber_Empty_splitClauses_0":["54"],
"unlabeledSingleVariableTemplatesNumber_Term_splitClauses_0":["15612"],
"minedSingleVariableTemplatesNumber_Empty_splitClauses_0":["5204"],
"minedTemplateRelationSymbolNumber_RelationalEqs_splitClauses_0":["54"],
"cegarIterationNumber_Empty_splitClauses_0":["10800000"],
"minedBinaryVariableTemplatesNumber_RelationalEqs_splitClauses_1":["14"],
"labeledSingleVariableTemplatesNumber_All_splitClauses_1":["0"],
"unlabeledTemplateRelationSymbolNumber_Octagon_splitClauses_0":["54"],
"minedTemplateRelationSymbolNumber_Unlabeled_splitClauses_0":["54"],
"labeledBinaryVariableTemplatesNumber_Mined_splitClauses_0":["14"],
"minedTemplateNumber_PredictedCG_splitClauses_1":["5218"],
"cegarIterationNumber_Empty_splitClauses_1":["10800000"],
"averagePredicateSize_RelationalIneqs_splitClauses_0":["10800000"],
"solvability_All_splitClauses_1":["10800000"],
"unlabeledBinaryVariableTemplatesNumber_Term_splitClauses_1":["30900"],
"relationSymbolNumber_PredictedCDHG_splitClauses_0":["521"],
"minedTemplateRelationSymbolNumber_Labeled_splitClauses_1":["54"],
"averagePredicateSize_Unlabeled_splitClauses_1":["10800000"],
"labeledTemplateNumber_Term_splitClauses_0":["14"],
"smt2FileSizeByte_Empty_splitClauses_1":["2911841"],
"solvingTime_PredictedCG_splitClauses_0":["10800000"],
"relationSymbolNumber_Term_splitClauses_0":["521"],
"cegarIterationNumber_All_splitClauses_1":["10800000"],
"clauseNumberBeforeSimplification_Term_splitClauses_1":["566"],
"predicateGeneratorTime_Empty_splitClauses_0":["10800000"],
"averagePredicateSize_All_splitClauses_0":["10800000"],
"unlabeledBinaryVariableTemplatesNumber_Random_splitClauses_0":["30900"],
"smt2FileSizeByte_Term_splitClauses_0":["2911841"],
"averagePredicateSize_Mined_splitClauses_1":["1"],
"minedBinaryVariableTemplatesNumber_Empty_splitClauses_0":["14"],
"minedTemplateRelationSymbolNumber_All_splitClauses_1":["54"],
"labeledSingleVariableTemplatesNumber_PredictedCG_splitClauses_0":["0"],
"unlabeledBinaryVariableTemplatesNumber_RelationalIneqs_splitClauses_0":["30900"],
"unlabeledSingleVariableTemplatesNumber_RelationalIneqs_splitClauses_1":["15612"],
"clauseNumberAfterSimplification_RelationalIneqs_splitClauses_0":["242"],
"unlabeledTemplateNumber_RelationalEqs_splitClauses_0":["46512"],
"unlabeledTemplateNumber_RelationalIneqs_splitClauses_1":["46512"],
"labeledTemplateRelationSymbolNumber_PredictedCG_splitClauses_1":["6"],
"labeledTemplateRelationSymbolNumber_All_splitClauses_0":["6"],
"labeledSingleVariableTemplatesNumber_Octagon_splitClauses_0":["0"],
"dummyFiled":[]
}