{
"smt2FileSizeByte_All_splitClauses_1":["53391"],
"generatedPredicateNumber_All_splitClauses_1":["10800000"],
"unlabeledTemplateRelationSymbolNumber_PredictedCDHG_splitClauses_0":["24"],
"predicateGeneratorTime_Term_splitClauses_0":["10800000"],
"averagePredicateSize_Random_splitClauses_1":["10800000"],
"labeledBinaryVariableTemplatesNumber_Labeled_splitClauses_1":["6"],
"clauseNumberBeforeSimplification_All_splitClauses_1":["127"],
"minedTemplateRelationSymbolNumber_Term_splitClauses_0":["24"],
"solvingTime_Labeled_splitClauses_1":["10800000"],
"unlabeledTemplateNumber_Labeled_splitClauses_1":["868"],
"relationSymbolNumber_Term_splitClauses_1":["125"],
"minedTemplateRelationSymbolNumber_Octagon_splitClauses_1":["24"],
"clauseNumberAfterSimplification_Mined_splitClauses_1":["81"],
"unlabeledBinaryVariableTemplatesNumber_Term_splitClauses_0":["528"],
"labeledTemplateNumber_PredictedCDHG_splitClauses_0":["7"],
"relationSymbolNumber_RelationalEqs_splitClauses_1":["125"],
"solvability_Empty_splitClauses_0":["10800000"],
"unlabeledTemplateRelationSymbolNumber_Random_splitClauses_1":["24"],
"labeledBinaryVariableTemplatesNumber_Octagon_splitClauses_0":["6"],
"minedTemplateRelationSymbolNumber_Random_splitClauses_1":["24"],
"unlabeledSingleVariableTemplatesNumber_Mined_splitClauses_0":["340"],
"unlabeledBinaryVariableTemplatesNumber_PredictedCG_splitClauses_1":["528"],
"solvability_All_splitClauses_0":["10800000"],
"predicateGeneratorTime_RelationalEqs_splitClauses_1":["10800000"],
"smt2FileSizeByte_PredictedCG_splitClauses_1":["53391"],
"labeledSingleVariableTemplatesNumber_Unlabeled_splitClauses_1":["1"],
"labeledBinaryVariableTemplatesNumber_PredictedCG_splitClauses_1":["6"],
"minedBinaryVariableTemplatesNumber_PredictedCG_splitClauses_0":["6"],
"solvability_Random_splitClauses_0":["10800000"],
"clauseNumberBeforeSimplification_PredictedCDHG_splitClauses_1":["127"],
"labeledSingleVariableTemplatesNumber_Mined_splitClauses_0":["1"],
"solvability_Unlabeled_splitClauses_1":["10800000"],
"cegarIterationNumber_Labeled_splitClauses_1":["10800000"],
"smt2FileSizeByte_Mined_splitClauses_0":["53391"],
"labeledSingleVariableTemplatesNumber_PredictedCG_splitClauses_1":["1"],
"smt2FileSizeByte_Octagon_splitClauses_1":["53391"],
"minedTemplateNumber_Labeled_splitClauses_1":["122"],
"labeledSingleVariableTemplatesNumber_RelationalIneqs_splitClauses_1":["1"],
"clauseNumberAfterSimplification_Labeled_splitClauses_1":["81"],
"smt2FileSizeByte_Random_splitClauses_0":["53391"],
"unlabeledTemplateRelationSymbolNumber_PredictedCDHG_splitClauses_1":["24"],
"labeledSingleVariableTemplatesNumber_Term_splitClauses_0":["1"],
"generatedPredicateNumber_PredictedCDHG_splitClauses_1":["10800000"],
"minedSingleVariableTemplatesNumber_Unlabeled_splitClauses_0":["116"],
"generatedPredicateNumber_Octagon_splitClauses_1":["10800000"],
"labeledSingleVariableTemplatesNumber_RelationalEqs_splitClauses_0":["1"],
"predicateGeneratorTime_PredictedCG_splitClauses_1":["10800000"],
"labeledTemplateNumber_Labeled_splitClauses_1":["7"],
"labeledSingleVariableTemplatesNumber_Empty_splitClauses_0":["1"],
"minedTemplateRelationSymbolNumber_RelationalIneqs_splitClauses_1":["24"],
"unlabeledSingleVariableTemplatesNumber_All_splitClauses_1":["340"],
"labeledBinaryVariableTemplatesNumber_PredictedCDHG_splitClauses_1":["6"],
"unlabeledSingleVariableTemplatesNumber_RelationalEqs_splitClauses_1":["340"],
"cegarIterationNumber_Term_splitClauses_0":["10800000"],
"unlabeledBinaryVariableTemplatesNumber_Labeled_splitClauses_1":["528"],
"unlabeledSingleVariableTemplatesNumber_Term_splitClauses_1":["340"],
"clauseNumberAfterSimplification_All_splitClauses_1":["81"],
"minedSingleVariableTemplatesNumber_Random_splitClauses_0":["116"],
"solvability_RelationalIneqs_splitClauses_1":["10800000"],
"minedTemplateNumber_Labeled_splitClauses_0":["122"],
"minedSingleVariableTemplatesNumber_Octagon_splitClauses_0":["116"],
"minedSingleVariableTemplatesNumber_Term_splitClauses_1":["116"],
"minedBinaryVariableTemplatesNumber_PredictedCDHG_splitClauses_1":["6"],
"generatedPredicateNumber_Mined_splitClauses_1":["8"],
"relationSymbolNumber_Octagon_splitClauses_1":["125"],
"relationSymbolNumber_Unlabeled_splitClauses_1":["125"],
"labeledSingleVariableTemplatesNumber_RelationalIneqs_splitClauses_0":["1"],
"averagePredicateSize_Mined_splitClauses_0":["10800000"],
"cegarIterationNumber_Unlabeled_splitClauses_0":["10800000"],
"minedBinaryVariableTemplatesNumber_Random_splitClauses_0":["6"],
"labeledTemplateNumber_Mined_splitClauses_1":["7"],
"labeledBinaryVariableTemplatesNumber_Random_splitClauses_0":["6"],
"unlabeledTemplateRelationSymbolNumber_Unlabeled_splitClauses_1":["24"],
"cegarIterationNumber_Mined_splitClauses_0":["10800000"],
"minedTemplateRelationSymbolNumber_Labeled_splitClauses_0":["24"],
"unlabeledBinaryVariableTemplatesNumber_RelationalIneqs_splitClauses_1":["528"],
"unlabeledBinaryVariableTemplatesNumber_Octagon_splitClauses_0":["528"],
"solvability_Mined_splitClauses_0":["10800000"],
"averagePredicateSize_RelationalEqs_splitClauses_0":["10800000"],
"clauseNumberAfterSimplification_Term_splitClauses_0":["81"],
"unlabeledTemplateNumber_Mined_splitClauses_0":["868"],
"unlabeledTemplateNumber_PredictedCDHG_splitClauses_0":["868"],
"cegarIterationNumber_RelationalIneqs_splitClauses_1":["10800000"],
"minedBinaryVariableTemplatesNumber_Unlabeled_splitClauses_1":["6"],
"labeledTemplateNumber_PredictedCG_splitClauses_1":["7"],
"labeledTemplateRelationSymbolNumber_Mined_splitClauses_0":["3"],
"labeledBinaryVariableTemplatesNumber_Mined_splitClauses_1":["6"],
"clauseNumberAfterSimplification_RelationalIneqs_splitClauses_1":["81"],
"minedSingleVariableTemplatesNumber_PredictedCDHG_splitClauses_0":["116"],
"solvability_Labeled_splitClauses_1":["10800000"],
"labeledSingleVariableTemplatesNumber_Octagon_splitClauses_1":["1"],
"averagePredicateSize_Random_splitClauses_0":["10800000"],
"smt2FileSizeByte_RelationalIneqs_splitClauses_0":["53391"],
"generatedPredicateNumber_Unlabeled_splitClauses_0":["10800000"],
"solvability_RelationalEqs_splitClauses_0":["10800000"],
"predicateGeneratorTime_Empty_splitClauses_1":["10800000"],
"minedSingleVariableTemplatesNumber_Mined_splitClauses_0":["116"],
"minedTemplateRelationSymbolNumber_PredictedCDHG_splitClauses_1":["24"],
"minedTemplateNumber_PredictedCG_splitClauses_0":["122"],
"averagePredicateSize_RelationalIneqs_splitClauses_1":["10800000"],
"labeledTemplateRelationSymbolNumber_Random_splitClauses_1":["3"],
"minedTemplateNumber_RelationalIneqs_splitClauses_0":["122"],
"predicateGeneratorTime_RelationalIneqs_splitClauses_0":["10800000"],
"labeledTemplateRelationSymbolNumber_Empty_splitClauses_0":["3"],
"minedBinaryVariableTemplatesNumber_Octagon_splitClauses_0":["6"],
"relationSymbolNumber_Labeled_splitClauses_0":["125"],
"labeledSingleVariableTemplatesNumber_Term_splitClauses_1":["1"],
"labeledBinaryVariableTemplatesNumber_Empty_splitClauses_0":["6"],
"minedTemplateNumber_Octagon_splitClauses_0":["122"],
"labeledBinaryVariableTemplatesNumber_Unlabeled_splitClauses_0":["6"],
"clauseNumberAfterSimplification_PredictedCDHG_splitClauses_0":["81"],
"smt2FileSizeByte_PredictedCG_splitClauses_0":["53391"],
"minedBinaryVariableTemplatesNumber_RelationalEqs_splitClauses_0":["6"],
"labeledTemplateRelationSymbolNumber_RelationalEqs_splitClauses_1":["3"],
"minedBinaryVariableTemplatesNumber_Random_splitClauses_1":["6"],
"clauseNumberAfterSimplification_Unlabeled_splitClauses_1":["81"],
"minedSingleVariableTemplatesNumber_PredictedCDHG_splitClauses_1":["116"],
"labeledBinaryVariableTemplatesNumber_Term_splitClauses_1":["6"],
"clauseNumberBeforeSimplification_Empty_splitClauses_1":["127"],
"minedBinaryVariableTemplatesNumber_Mined_splitClauses_1":["6"],
"unlabeledBinaryVariableTemplatesNumber_Unlabeled_splitClauses_1":["528"],
"unlabeledTemplateNumber_PredictedCG_splitClauses_1":["868"],
"generatedPredicateNumber_Empty_splitClauses_0":["10800000"],
"predicateGeneratorTime_RelationalIneqs_splitClauses_1":["10800000"],
"unlabeledSingleVariableTemplatesNumber_Empty_splitClauses_0":["340"],
"cegarIterationNumber_Octagon_splitClauses_0":["10800000"],
"clauseNumberAfterSimplification_Octagon_splitClauses_1":["81"],
"unlabeledSingleVariableTemplatesNumber_Labeled_splitClauses_1":["340"],
"clauseNumberBeforeSimplification_Random_splitClauses_1":["127"],
"minedTemplateRelationSymbolNumber_All_splitClauses_0":["24"],
"unlabeledTemplateRelationSymbolNumber_RelationalEqs_splitClauses_0":["24"],
"minedSingleVariableTemplatesNumber_Unlabeled_splitClauses_1":["116"],
"clauseNumberBeforeSimplification_RelationalEqs_splitClauses_0":["127"],
"minedTemplateNumber_Unlabeled_splitClauses_0":["122"],
"generatedPredicateNumber_Octagon_splitClauses_0":["10800000"],
"predicateGeneratorTime_PredictedCDHG_splitClauses_0":["10800000"],
"clauseNumberAfterSimplification_PredictedCG_splitClauses_1":["81"],
"labeledSingleVariableTemplatesNumber_RelationalEqs_splitClauses_1":["1"],
"smt2FileSizeByte_Random_splitClauses_1":["53391"],
"averagePredicateSize_PredictedCG_splitClauses_1":["10800000"],
"cegarIterationNumber_PredictedCDHG_splitClauses_1":["10800000"],
"clauseNumberAfterSimplification_RelationalEqs_splitClauses_1":["81"],
"minedBinaryVariableTemplatesNumber_Empty_splitClauses_1":["6"],
"minedTemplateNumber_PredictedCDHG_splitClauses_0":["122"],
"labeledBinaryVariableTemplatesNumber_All_splitClauses_1":["6"],
"solvingTime_RelationalIneqs_splitClauses_1":["10800000"],
"unlabeledTemplateRelationSymbolNumber_RelationalEqs_splitClauses_1":["24"],
"smt2FileSizeByte_Unlabeled_splitClauses_0":["53391"],
"generatedPredicateNumber_All_splitClauses_0":["10800000"],
"predicateGeneratorTime_Octagon_splitClauses_1":["10800000"],
"solvability_Mined_splitClauses_1":["1"],
"minedTemplateRelationSymbolNumber_Term_splitClauses_1":["24"],
"clauseNumberAfterSimplification_Mined_splitClauses_0":["81"],
"solvability_PredictedCDHG_splitClauses_0":["10800000"],
"solvingTime_Empty_splitClauses_0":["10800000"],
"unlabeledSingleVariableTemplatesNumber_Unlabeled_splitClauses_1":["340"],
"minedTemplateNumber_Term_splitClauses_1":["122"],
"averagePredicateSize_Octagon_splitClauses_1":["10800000"],
"relationSymbolNumber_Empty_splitClauses_1":["125"],
"unlabeledSingleVariableTemplatesNumber_Octagon_splitClauses_1":["340"],
"minedTemplateRelationSymbolNumber_RelationalEqs_splitClauses_1":["24"],
"minedBinaryVariableTemplatesNumber_RelationalIneqs_splitClauses_0":["6"],
"predicateGeneratorTime_Term_splitClauses_1":["10800000"],
"solvingTime_Labeled_splitClauses_0":["10800000"],
"unlabeledBinaryVariableTemplatesNumber_PredictedCG_splitClauses_0":["528"],
"minedTemplateNumber_All_splitClauses_0":["122"],
"predicateGeneratorTime_Labeled_splitClauses_1":["10800000"],
"unlabeledTemplateRelationSymbolNumber_Empty_splitClauses_0":["24"],
"unlabeledTemplateNumber_Mined_splitClauses_1":["868"],
"solvability_PredictedCG_splitClauses_1":["10800000"],
"unlabeledTemplateNumber_Term_splitClauses_0":["868"],
"minedBinaryVariableTemplatesNumber_PredictedCG_splitClauses_1":["6"],
"labeledSingleVariableTemplatesNumber_PredictedCDHG_splitClauses_0":["1"],
"minedBinaryVariableTemplatesNumber_All_splitClauses_0":["6"],
"averagePredicateSize_PredictedCDHG_splitClauses_1":["10800000"],
"predicateGeneratorTime_PredictedCG_splitClauses_0":["10800000"],
"generatedPredicateNumber_RelationalIneqs_splitClauses_0":["10800000"],
"labeledTemplateNumber_Empty_splitClauses_0":["7"],
"unlabeledTemplateRelationSymbolNumber_Term_splitClauses_0":["24"],
"minedTemplateNumber_All_splitClauses_1":["122"],
"labeledSingleVariableTemplatesNumber_Empty_splitClauses_1":["1"],
"minedBinaryVariableTemplatesNumber_Unlabeled_splitClauses_0":["6"],
"labeledTemplateNumber_Random_splitClauses_0":["7"],
"minedBinaryVariableTemplatesNumber_All_splitClauses_1":["6"],
"unlabeledSingleVariableTemplatesNumber_All_splitClauses_0":["340"],
"smt2FileSizeByte_PredictedCDHG_splitClauses_1":["53391"],
"labeledBinaryVariableTemplatesNumber_PredictedCDHG_splitClauses_0":["6"],
"averagePredicateSize_RelationalEqs_splitClauses_1":["10800000"],
"minedSingleVariableTemplatesNumber_Term_splitClauses_0":["116"],
"labeledTemplateRelationSymbolNumber_Term_splitClauses_1":["3"],
"generatedPredicateNumber_Random_splitClauses_0":["10800000"],
"labeledBinaryVariableTemplatesNumber_Empty_splitClauses_1":["6"],
"clauseNumberAfterSimplification_Labeled_splitClauses_0":["81"],
"labeledSingleVariableTemplatesNumber_Labeled_splitClauses_0":["1"],
"minedTemplateNumber_Mined_splitClauses_1":["122"],
"labeledTemplateRelationSymbolNumber_Labeled_splitClauses_0":["3"],
"unlabeledTemplateRelationSymbolNumber_Mined_splitClauses_1":["24"],
"solvability_Labeled_splitClauses_0":["10800000"],
"minedTemplateNumber_RelationalEqs_splitClauses_1":["122"],
"solvingTime_Random_splitClauses_1":["10800000"],
"minedTemplateNumber_Random_splitClauses_0":["122"],
"cegarIterationNumber_Unlabeled_splitClauses_1":["10800000"],
"minedTemplateNumber_RelationalIneqs_splitClauses_1":["122"],
"unlabeledBinaryVariableTemplatesNumber_Octagon_splitClauses_1":["528"],
"minedSingleVariableTemplatesNumber_Octagon_splitClauses_1":["116"],
"minedSingleVariableTemplatesNumber_Random_splitClauses_1":["116"],
"averagePredicateSize_All_splitClauses_1":["10800000"],
"minedTemplateNumber_Empty_splitClauses_0":["122"],
"labeledTemplateNumber_Mined_splitClauses_0":["7"],
"unlabeledBinaryVariableTemplatesNumber_All_splitClauses_0":["528"],
"labeledSingleVariableTemplatesNumber_PredictedCDHG_splitClauses_1":["1"],
"minedSingleVariableTemplatesNumber_Mined_splitClauses_1":["116"],
"labeledTemplateRelationSymbolNumber_Term_splitClauses_0":["3"],
"unlabeledTemplateRelationSymbolNumber_Term_splitClauses_1":["24"],
"predicateGeneratorTime_All_splitClauses_1":["10800000"],
"unlabeledSingleVariableTemplatesNumber_Random_splitClauses_0":["340"],
"predicateGeneratorTime_Unlabeled_splitClauses_1":["10800000"],
"cegarIterationNumber_PredictedCDHG_splitClauses_0":["10800000"],
"labeledTemplateNumber_RelationalEqs_splitClauses_0":["7"],
"labeledTemplateRelationSymbolNumber_Mined_splitClauses_1":["3"],
"labeledTemplateRelationSymbolNumber_Random_splitClauses_0":["3"],
"labeledBinaryVariableTemplatesNumber_RelationalEqs_splitClauses_1":["6"],
"generatedPredicateNumber_RelationalIneqs_splitClauses_1":["10800000"],
"unlabeledTemplateRelationSymbolNumber_PredictedCG_splitClauses_1":["24"],
"unlabeledSingleVariableTemplatesNumber_RelationalEqs_splitClauses_0":["340"],
"labeledBinaryVariableTemplatesNumber_Labeled_splitClauses_0":["6"],
"minedBinaryVariableTemplatesNumber_PredictedCDHG_splitClauses_0":["6"],
"unlabeledTemplateRelationSymbolNumber_Unlabeled_splitClauses_0":["24"],
"clauseNumberAfterSimplification_Term_splitClauses_1":["81"],
"relationSymbolNumber_RelationalIneqs_splitClauses_0":["125"],
"unlabeledTemplateNumber_Octagon_splitClauses_0":["868"],
"unlabeledBinaryVariableTemplatesNumber_RelationalEqs_splitClauses_1":["528"],
"unlabeledTemplateNumber_PredictedCG_splitClauses_0":["868"],
"unlabeledTemplateNumber_All_splitClauses_0":["868"],
"labeledTemplateRelationSymbolNumber_RelationalIneqs_splitClauses_1":["3"],
"unlabeledSingleVariableTemplatesNumber_Mined_splitClauses_1":["340"],
"labeledTemplateRelationSymbolNumber_Unlabeled_splitClauses_1":["3"],
"labeledBinaryVariableTemplatesNumber_Random_splitClauses_1":["6"],
"relationSymbolNumber_RelationalEqs_splitClauses_0":["125"],
"solvability_Random_splitClauses_1":["10800000"],
"solvingTime_Term_splitClauses_0":["10800000"],
"minedSingleVariableTemplatesNumber_Labeled_splitClauses_1":["116"],
"relationSymbolNumber_Random_splitClauses_0":["125"],
"clauseNumberBeforeSimplification_Term_splitClauses_0":["127"],
"minedTemplateRelationSymbolNumber_Mined_splitClauses_0":["24"],
"solvability_Octagon_splitClauses_1":["10800000"],
"relationSymbolNumber_Labeled_splitClauses_1":["125"],
"minedSingleVariableTemplatesNumber_RelationalIneqs_splitClauses_1":["116"],
"smt2FileSizeByte_Labeled_splitClauses_0":["53391"],
"solvability_RelationalEqs_splitClauses_1":["10800000"],
"unlabeledSingleVariableTemplatesNumber_Empty_splitClauses_1":["340"],
"labeledTemplateNumber_PredictedCDHG_splitClauses_1":["7"],
"minedTemplateRelationSymbolNumber_Octagon_splitClauses_0":["24"],
"clauseNumberAfterSimplification_Unlabeled_splitClauses_0":["81"],
"clauseNumberBeforeSimplification_Unlabeled_splitClauses_0":["127"],
"clauseNumberBeforeSimplification_PredictedCDHG_splitClauses_0":["127"],
"cegarIterationNumber_RelationalIneqs_splitClauses_0":["10800000"],
"relationSymbolNumber_All_splitClauses_0":["125"],
"labeledTemplateRelationSymbolNumber_RelationalEqs_splitClauses_0":["3"],
"averagePredicateSize_Labeled_splitClauses_0":["10800000"],
"smt2FileSizeByte_RelationalIneqs_splitClauses_1":["53391"],
"clauseNumberBeforeSimplification_RelationalEqs_splitClauses_1":["127"],
"unlabeledTemplateRelationSymbolNumber_RelationalIneqs_splitClauses_1":["24"],
"clauseNumberBeforeSimplification_PredictedCG_splitClauses_0":["127"],
"solvingTime_PredictedCDHG_splitClauses_0":["10800000"],
"labeledTemplateRelationSymbolNumber_Octagon_splitClauses_1":["3"],
"minedTemplateRelationSymbolNumber_PredictedCG_splitClauses_1":["24"],
"labeledTemplateNumber_Random_splitClauses_1":["7"],
"solvingTime_RelationalIneqs_splitClauses_0":["10800000"],
"labeledTemplateNumber_All_splitClauses_1":["7"],
"unlabeledTemplateNumber_Random_splitClauses_1":["868"],
"relationSymbolNumber_PredictedCDHG_splitClauses_1":["125"],
"smt2FileSizeByte_Unlabeled_splitClauses_1":["53391"],
"cegarIterationNumber_PredictedCG_splitClauses_0":["10800000"],
"predicateGeneratorTime_Octagon_splitClauses_0":["10800000"],
"unlabeledTemplateNumber_RelationalEqs_splitClauses_1":["868"],
"clauseNumberAfterSimplification_Octagon_splitClauses_0":["81"],
"cegarIterationNumber_Random_splitClauses_0":["10800000"],
"solvability_PredictedCDHG_splitClauses_1":["10800000"],
"solvability_PredictedCG_splitClauses_0":["10800000"],
"solvingTime_PredictedCG_splitClauses_1":["10800000"],
"unlabeledSingleVariableTemplatesNumber_Unlabeled_splitClauses_0":["340"],
"unlabeledTemplateNumber_Unlabeled_splitClauses_0":["868"],
"labeledTemplateRelationSymbolNumber_RelationalIneqs_splitClauses_0":["3"],
"minedTemplateNumber_Random_splitClauses_1":["122"],
"relationSymbolNumber_PredictedCG_splitClauses_0":["125"],
"generatedPredicateNumber_RelationalEqs_splitClauses_0":["10800000"],
"minedTemplateNumber_Term_splitClauses_0":["122"],
"solvingTime_All_splitClauses_1":["10800000"],
"minedSingleVariableTemplatesNumber_PredictedCG_splitClauses_0":["116"],
"smt2FileSizeByte_Term_splitClauses_1":["53391"],
"labeledBinaryVariableTemplatesNumber_All_splitClauses_0":["6"],
"minedTemplateNumber_PredictedCDHG_splitClauses_1":["122"],
"minedTemplateRelationSymbolNumber_PredictedCDHG_splitClauses_0":["24"],
"averagePredicateSize_Unlabeled_splitClauses_0":["10800000"],
"minedBinaryVariableTemplatesNumber_Octagon_splitClauses_1":["6"],
"unlabeledSingleVariableTemplatesNumber_Random_splitClauses_1":["340"],
"clauseNumberBeforeSimplification_Random_splitClauses_0":["127"],
"solvingTime_Unlabeled_splitClauses_1":["10800000"],
"predicateGeneratorTime_PredictedCDHG_splitClauses_1":["10800000"],
"averagePredicateSize_PredictedCDHG_splitClauses_0":["10800000"],
"minedBinaryVariableTemplatesNumber_Term_splitClauses_0":["6"],
"labeledTemplateNumber_RelationalIneqs_splitClauses_0":["7"],
"clauseNumberAfterSimplification_Random_splitClauses_0":["81"],
"clauseNumberAfterSimplification_PredictedCG_splitClauses_0":["81"],
"generatedPredicateNumber_Empty_splitClauses_1":["10800000"],
"clauseNumberBeforeSimplification_Octagon_splitClauses_0":["127"],
"unlabeledTemplateNumber_Empty_splitClauses_0":["868"],
"minedSingleVariableTemplatesNumber_All_splitClauses_0":["116"],
"labeledTemplateRelationSymbolNumber_Octagon_splitClauses_0":["3"],
"generatedPredicateNumber_Random_splitClauses_1":["10800000"],
"clauseNumberAfterSimplification_RelationalEqs_splitClauses_0":["81"],
"labeledBinaryVariableTemplatesNumber_Term_splitClauses_0":["6"],
"minedSingleVariableTemplatesNumber_RelationalEqs_splitClauses_0":["116"],
"minedTemplateNumber_Mined_splitClauses_0":["122"],
"averagePredicateSize_Octagon_splitClauses_0":["10800000"],
"unlabeledBinaryVariableTemplatesNumber_Empty_splitClauses_1":["528"],
"relationSymbolNumber_Unlabeled_splitClauses_0":["125"],
"unlabeledSingleVariableTemplatesNumber_PredictedCDHG_splitClauses_0":["340"],
"unlabeledSingleVariableTemplatesNumber_PredictedCG_splitClauses_1":["340"],
"labeledTemplateRelationSymbolNumber_Labeled_splitClauses_1":["3"],
"minedTemplateRelationSymbolNumber_Random_splitClauses_0":["24"],
"unlabeledTemplateRelationSymbolNumber_PredictedCG_splitClauses_0":["24"],
"unlabeledTemplateNumber_RelationalIneqs_splitClauses_0":["868"],
"unlabeledSingleVariableTemplatesNumber_Labeled_splitClauses_0":["340"],
"minedTemplateNumber_Unlabeled_splitClauses_1":["122"],
"generatedPredicateNumber_PredictedCG_splitClauses_0":["10800000"],
"labeledTemplateNumber_Unlabeled_splitClauses_1":["7"],
"unlabeledTemplateRelationSymbolNumber_Empty_splitClauses_1":["24"],
"clauseNumberBeforeSimplification_Empty_splitClauses_0":["127"],
"solvingTime_Octagon_splitClauses_1":["10800000"],
"cegarIterationNumber_Mined_splitClauses_1":["4"],
"clauseNumberBeforeSimplification_Mined_splitClauses_1":["127"],
"smt2FileSizeByte_PredictedCDHG_splitClauses_0":["53391"],
"averagePredicateSize_PredictedCG_splitClauses_0":["10800000"],
"solvingTime_Random_splitClauses_0":["10800000"],
"minedTemplateNumber_RelationalEqs_splitClauses_0":["122"],
"unlabeledSingleVariableTemplatesNumber_RelationalIneqs_splitClauses_0":["340"],
"unlabeledTemplateNumber_Unlabeled_splitClauses_1":["868"],
"labeledBinaryVariableTemplatesNumber_RelationalEqs_splitClauses_0":["6"],
"generatedPredicateNumber_PredictedCDHG_splitClauses_0":["10800000"],
"minedTemplateRelationSymbolNumber_Empty_splitClauses_1":["24"],
"predicateGeneratorTime_Random_splitClauses_1":["10800000"],
"labeledTemplateNumber_Term_splitClauses_1":["7"],
"minedSingleVariableTemplatesNumber_Empty_splitClauses_1":["116"],
"minedSingleVariableTemplatesNumber_RelationalIneqs_splitClauses_0":["116"],
"clauseNumberAfterSimplification_All_splitClauses_0":["81"],
"unlabeledBinaryVariableTemplatesNumber_RelationalEqs_splitClauses_0":["528"],
"cegarIterationNumber_RelationalEqs_splitClauses_0":["10800000"],
"labeledTemplateRelationSymbolNumber_PredictedCDHG_splitClauses_0":["3"],
"labeledSingleVariableTemplatesNumber_Labeled_splitClauses_1":["1"],
"unlabeledBinaryVariableTemplatesNumber_All_splitClauses_1":["528"],
"minedTemplateRelationSymbolNumber_Unlabeled_splitClauses_1":["24"],
"solvingTime_RelationalEqs_splitClauses_0":["10800000"],
"solvingTime_RelationalEqs_splitClauses_1":["10800000"],
"minedBinaryVariableTemplatesNumber_Mined_splitClauses_0":["6"],
"clauseNumberBeforeSimplification_All_splitClauses_0":["127"],
"clauseNumberBeforeSimplification_RelationalIneqs_splitClauses_1":["127"],
"labeledTemplateNumber_RelationalEqs_splitClauses_1":["7"],
"labeledBinaryVariableTemplatesNumber_RelationalIneqs_splitClauses_0":["6"],
"clauseNumberAfterSimplification_Empty_splitClauses_0":["81"],
"averagePredicateSize_Empty_splitClauses_0":["10800000"],
"relationSymbolNumber_PredictedCG_splitClauses_1":["125"],
"unlabeledTemplateNumber_Term_splitClauses_1":["868"],
"predicateGeneratorTime_Mined_splitClauses_1":["227"],
"relationSymbolNumber_Mined_splitClauses_0":["125"],
"labeledBinaryVariableTemplatesNumber_RelationalIneqs_splitClauses_1":["6"],
"predicateGeneratorTime_Unlabeled_splitClauses_0":["10800000"],
"generatedPredicateNumber_Mined_splitClauses_0":["10800000"],
"generatedPredicateNumber_RelationalEqs_splitClauses_1":["10800000"],
"labeledTemplateRelationSymbolNumber_PredictedCG_splitClauses_0":["3"],
"minedSingleVariableTemplatesNumber_PredictedCG_splitClauses_1":["116"],
"minedTemplateRelationSymbolNumber_PredictedCG_splitClauses_0":["24"],
"unlabeledTemplateRelationSymbolNumber_Labeled_splitClauses_0":["24"],
"solvability_Empty_splitClauses_1":["10800000"],
"averagePredicateSize_Term_splitClauses_0":["10800000"],
"cegarIterationNumber_Random_splitClauses_1":["10800000"],
"relationSymbolNumber_All_splitClauses_1":["125"],
"averagePredicateSize_Labeled_splitClauses_1":["10800000"],
"unlabeledBinaryVariableTemplatesNumber_Unlabeled_splitClauses_0":["528"],
"generatedPredicateNumber_Unlabeled_splitClauses_1":["10800000"],
"predicateGeneratorTime_All_splitClauses_0":["10800000"],
"unlabeledBinaryVariableTemplatesNumber_PredictedCDHG_splitClauses_1":["528"],
"clauseNumberBeforeSimplification_Labeled_splitClauses_1":["127"],
"minedBinaryVariableTemplatesNumber_Labeled_splitClauses_1":["6"],
"labeledSingleVariableTemplatesNumber_All_splitClauses_0":["1"],
"unlabeledTemplateRelationSymbolNumber_Mined_splitClauses_0":["24"],
"cegarIterationNumber_Octagon_splitClauses_1":["10800000"],
"labeledTemplateNumber_Octagon_splitClauses_0":["7"],
"labeledTemplateRelationSymbolNumber_All_splitClauses_1":["3"],
"smt2FileSizeByte_Empty_splitClauses_0":["53391"],
"relationSymbolNumber_RelationalIneqs_splitClauses_1":["125"],
"unlabeledTemplateNumber_Octagon_splitClauses_1":["868"],
"predicateGeneratorTime_RelationalEqs_splitClauses_0":["10800000"],
"unlabeledTemplateRelationSymbolNumber_RelationalIneqs_splitClauses_0":["24"],
"smt2FileSizeByte_RelationalEqs_splitClauses_1":["53391"],
"unlabeledTemplateNumber_Labeled_splitClauses_0":["868"],
"relationSymbolNumber_Random_splitClauses_1":["125"],
"minedSingleVariableTemplatesNumber_Labeled_splitClauses_0":["116"],
"solvingTime_PredictedCDHG_splitClauses_1":["10800000"],
"minedTemplateNumber_Octagon_splitClauses_1":["122"],
"clauseNumberBeforeSimplification_Mined_splitClauses_0":["127"],
"smt2FileSizeByte_All_splitClauses_0":["53391"],
"solvingTime_All_splitClauses_0":["10800000"],
"minedBinaryVariableTemplatesNumber_Term_splitClauses_1":["6"],
"unlabeledTemplateRelationSymbolNumber_Random_splitClauses_0":["24"],
"cegarIterationNumber_All_splitClauses_0":["10800000"],
"smt2FileSizeByte_RelationalEqs_splitClauses_0":["53391"],
"unlabeledSingleVariableTemplatesNumber_PredictedCDHG_splitClauses_1":["340"],
"clauseNumberBeforeSimplification_Labeled_splitClauses_0":["127"],
"cegarIterationNumber_PredictedCG_splitClauses_1":["10800000"],
"labeledTemplateRelationSymbolNumber_Unlabeled_splitClauses_0":["3"],
"unlabeledTemplateRelationSymbolNumber_Octagon_splitClauses_1":["24"],
"unlabeledTemplateNumber_Empty_splitClauses_1":["868"],
"clauseNumberBeforeSimplification_Octagon_splitClauses_1":["127"],
"labeledTemplateNumber_Unlabeled_splitClauses_0":["7"],
"labeledBinaryVariableTemplatesNumber_PredictedCG_splitClauses_0":["6"],
"solvability_Term_splitClauses_1":["10800000"],
"solvability_Octagon_splitClauses_0":["10800000"],
"minedTemplateRelationSymbolNumber_RelationalIneqs_splitClauses_0":["24"],
"clauseNumberBeforeSimplification_RelationalIneqs_splitClauses_0":["127"],
"labeledTemplateNumber_PredictedCG_splitClauses_0":["7"],
"cegarIterationNumber_Labeled_splitClauses_0":["10800000"],
"smt2FileSizeByte_Labeled_splitClauses_1":["53391"],
"clauseNumberBeforeSimplification_Unlabeled_splitClauses_1":["127"],
"generatedPredicateNumber_Term_splitClauses_1":["10800000"],
"solvingTime_Term_splitClauses_1":["10800000"],
"unlabeledBinaryVariableTemplatesNumber_Random_splitClauses_1":["528"],
"unlabeledSingleVariableTemplatesNumber_Octagon_splitClauses_0":["340"],
"solvingTime_Octagon_splitClauses_0":["10800000"],
"labeledSingleVariableTemplatesNumber_Mined_splitClauses_1":["1"],
"averagePredicateSize_Term_splitClauses_1":["10800000"],
"labeledTemplateNumber_Labeled_splitClauses_0":["7"],
"unlabeledSingleVariableTemplatesNumber_PredictedCG_splitClauses_0":["340"],
"smt2FileSizeByte_Mined_splitClauses_1":["53391"],
"labeledBinaryVariableTemplatesNumber_Unlabeled_splitClauses_1":["6"],
"labeledTemplateNumber_All_splitClauses_0":["7"],
"unlabeledTemplateNumber_Random_splitClauses_0":["868"],
"labeledTemplateNumber_Octagon_splitClauses_1":["7"],
"unlabeledTemplateNumber_PredictedCDHG_splitClauses_1":["868"],
"unlabeledBinaryVariableTemplatesNumber_Mined_splitClauses_0":["528"],
"minedTemplateRelationSymbolNumber_Mined_splitClauses_1":["24"],
"labeledTemplateNumber_RelationalIneqs_splitClauses_1":["7"],
"solvability_Term_splitClauses_0":["10800000"],
"relationSymbolNumber_Octagon_splitClauses_0":["125"],
"clauseNumberBeforeSimplification_PredictedCG_splitClauses_1":["127"],
"generatedPredicateNumber_Labeled_splitClauses_1":["10800000"],
"labeledSingleVariableTemplatesNumber_Unlabeled_splitClauses_0":["1"],
"unlabeledBinaryVariableTemplatesNumber_Empty_splitClauses_0":["528"],
"solvingTime_Mined_splitClauses_0":["10800000"],
"unlabeledTemplateNumber_All_splitClauses_1":["868"],
"clauseNumberAfterSimplification_Random_splitClauses_1":["81"],
"labeledBinaryVariableTemplatesNumber_Octagon_splitClauses_1":["6"],
"unlabeledBinaryVariableTemplatesNumber_Labeled_splitClauses_0":["528"],
"smt2FileSizeByte_Octagon_splitClauses_0":["53391"],
"labeledSingleVariableTemplatesNumber_Random_splitClauses_1":["1"],
"solvability_Unlabeled_splitClauses_0":["10800000"],
"solvingTime_Unlabeled_splitClauses_0":["10800000"],
"unlabeledTemplateRelationSymbolNumber_All_splitClauses_1":["24"],
"minedTemplateNumber_Empty_splitClauses_1":["122"],
"solvability_RelationalIneqs_splitClauses_0":["10800000"],
"unlabeledTemplateRelationSymbolNumber_Labeled_splitClauses_1":["24"],
"cegarIterationNumber_RelationalEqs_splitClauses_1":["10800000"],
"minedSingleVariableTemplatesNumber_RelationalEqs_splitClauses_1":["116"],
"clauseNumberAfterSimplification_PredictedCDHG_splitClauses_1":["81"],
"minedBinaryVariableTemplatesNumber_RelationalIneqs_splitClauses_1":["6"],
"unlabeledBinaryVariableTemplatesNumber_Mined_splitClauses_1":["528"],
"unlabeledBinaryVariableTemplatesNumber_PredictedCDHG_splitClauses_0":["528"],
"solvingTime_Empty_splitClauses_1":["10800000"],
"labeledTemplateRelationSymbolNumber_Empty_splitClauses_1":["3"],
"generatedPredicateNumber_Term_splitClauses_0":["10800000"],
"averagePredicateSize_Empty_splitClauses_1":["10800000"],
"generatedPredicateNumber_PredictedCG_splitClauses_1":["10800000"],
"labeledTemplateRelationSymbolNumber_PredictedCDHG_splitClauses_1":["3"],
"relationSymbolNumber_Mined_splitClauses_1":["125"],
"predicateGeneratorTime_Mined_splitClauses_0":["10800000"],
"predicateGeneratorTime_Labeled_splitClauses_0":["10800000"],
"labeledSingleVariableTemplatesNumber_Random_splitClauses_0":["1"],
"unlabeledTemplateRelationSymbolNumber_All_splitClauses_0":["24"],
"minedBinaryVariableTemplatesNumber_Labeled_splitClauses_0":["6"],
"generatedPredicateNumber_Labeled_splitClauses_0":["10800000"],
"relationSymbolNumber_Empty_splitClauses_0":["125"],
"solvingTime_Mined_splitClauses_1":["323"],
"minedSingleVariableTemplatesNumber_All_splitClauses_1":["116"],
"predicateGeneratorTime_Random_splitClauses_0":["10800000"],
"cegarIterationNumber_Term_splitClauses_1":["10800000"],
"labeledTemplateNumber_Empty_splitClauses_1":["7"],
"clauseNumberAfterSimplification_Empty_splitClauses_1":["81"],
"minedTemplateRelationSymbolNumber_Empty_splitClauses_0":["24"],
"unlabeledSingleVariableTemplatesNumber_Term_splitClauses_0":["340"],
"minedSingleVariableTemplatesNumber_Empty_splitClauses_0":["116"],
"minedTemplateRelationSymbolNumber_RelationalEqs_splitClauses_0":["24"],
"cegarIterationNumber_Empty_splitClauses_0":["10800000"],
"minedBinaryVariableTemplatesNumber_RelationalEqs_splitClauses_1":["6"],
"labeledSingleVariableTemplatesNumber_All_splitClauses_1":["1"],
"unlabeledTemplateRelationSymbolNumber_Octagon_splitClauses_0":["24"],
"minedTemplateRelationSymbolNumber_Unlabeled_splitClauses_0":["24"],
"labeledBinaryVariableTemplatesNumber_Mined_splitClauses_0":["6"],
"minedTemplateNumber_PredictedCG_splitClauses_1":["122"],
"cegarIterationNumber_Empty_splitClauses_1":["10800000"],
"averagePredicateSize_RelationalIneqs_splitClauses_0":["10800000"],
"solvability_All_splitClauses_1":["10800000"],
"unlabeledBinaryVariableTemplatesNumber_Term_splitClauses_1":["528"],
"relationSymbolNumber_PredictedCDHG_splitClauses_0":["125"],
"minedTemplateRelationSymbolNumber_Labeled_splitClauses_1":["24"],
"averagePredicateSize_Unlabeled_splitClauses_1":["10800000"],
"labeledTemplateNumber_Term_splitClauses_0":["7"],
"smt2FileSizeByte_Empty_splitClauses_1":["53391"],
"solvingTime_PredictedCG_splitClauses_0":["10800000"],
"relationSymbolNumber_Term_splitClauses_0":["125"],
"cegarIterationNumber_All_splitClauses_1":["10800000"],
"clauseNumberBeforeSimplification_Term_splitClauses_1":["127"],
"predicateGeneratorTime_Empty_splitClauses_0":["10800000"],
"averagePredicateSize_All_splitClauses_0":["10800000"],
"unlabeledBinaryVariableTemplatesNumber_Random_splitClauses_0":["528"],
"smt2FileSizeByte_Term_splitClauses_0":["53391"],
"averagePredicateSize_Mined_splitClauses_1":["1"],
"minedBinaryVariableTemplatesNumber_Empty_splitClauses_0":["6"],
"minedTemplateRelationSymbolNumber_All_splitClauses_1":["24"],
"labeledSingleVariableTemplatesNumber_PredictedCG_splitClauses_0":["1"],
"unlabeledBinaryVariableTemplatesNumber_RelationalIneqs_splitClauses_0":["528"],
"unlabeledSingleVariableTemplatesNumber_RelationalIneqs_splitClauses_1":["340"],
"clauseNumberAfterSimplification_RelationalIneqs_splitClauses_0":["81"],
"unlabeledTemplateNumber_RelationalEqs_splitClauses_0":["868"],
"unlabeledTemplateNumber_RelationalIneqs_splitClauses_1":["868"],
"labeledTemplateRelationSymbolNumber_PredictedCG_splitClauses_1":["3"],
"labeledTemplateRelationSymbolNumber_All_splitClauses_0":["3"],
"labeledSingleVariableTemplatesNumber_Octagon_splitClauses_0":["1"],
"dummyFiled":[]
}