{
"smt2FileSizeByte_All_splitClauses_1":["9021"],
"generatedPredicateNumber_All_splitClauses_1":["10800000"],
"unlabeledTemplateRelationSymbolNumber_PredictedCDHG_splitClauses_0":["3"],
"relationSymbolNumberBeforeSimplification_Unlabeled_splitClauses_1":["63"],
"predicateGeneratorTime_Term_splitClauses_0":["10800000"],
"averagePredicateSize_Random_splitClauses_1":["10800000"],
"labeledBinaryVariableTemplatesNumber_Labeled_splitClauses_1":["1"],
"clauseNumberBeforeSimplification_All_splitClauses_1":["32"],
"minedTemplateRelationSymbolNumber_Term_splitClauses_0":["3"],
"solvingTime_Labeled_splitClauses_1":["10800000"],
"unlabeledTemplateNumber_Labeled_splitClauses_1":["90"],
"relationSymbolNumberAfterSimplification_All_splitClauses_1":["19"],
"minedTemplateRelationSymbolNumber_Octagon_splitClauses_1":["3"],
"clauseNumberAfterSimplification_Mined_splitClauses_1":["10"],
"relationSymbolNumberBeforeSimplification_Octagon_splitClauses_0":["63"],
"unlabeledBinaryVariableTemplatesNumber_Term_splitClauses_0":["54"],
"labeledTemplateNumber_PredictedCDHG_splitClauses_0":["7"],
"solvability_Empty_splitClauses_0":["10800000"],
"unlabeledTemplateRelationSymbolNumber_Random_splitClauses_1":["3"],
"labeledBinaryVariableTemplatesNumber_Octagon_splitClauses_0":["1"],
"relationSymbolNumberBeforeSimplification_Random_splitClauses_1":["63"],
"minedTemplateRelationSymbolNumber_Random_splitClauses_1":["3"],
"unlabeledSingleVariableTemplatesNumber_Mined_splitClauses_0":["36"],
"unlabeledBinaryVariableTemplatesNumber_PredictedCG_splitClauses_1":["54"],
"solvability_All_splitClauses_0":["10800000"],
"predicateGeneratorTime_RelationalEqs_splitClauses_1":["10800000"],
"relationSymbolNumberBeforeSimplification_PredictedCDHG_splitClauses_1":["63"],
"smt2FileSizeByte_PredictedCG_splitClauses_1":["9021"],
"labeledSingleVariableTemplatesNumber_Unlabeled_splitClauses_1":["6"],
"labeledBinaryVariableTemplatesNumber_PredictedCG_splitClauses_1":["1"],
"minedBinaryVariableTemplatesNumber_PredictedCG_splitClauses_0":["1"],
"solvability_Random_splitClauses_0":["10800000"],
"relationSymbolNumberAfterSimplification_PredictedCG_splitClauses_1":["19"],
"clauseNumberBeforeSimplification_PredictedCDHG_splitClauses_1":["32"],
"labeledSingleVariableTemplatesNumber_Mined_splitClauses_0":["6"],
"solvability_Unlabeled_splitClauses_1":["10800000"],
"cegarIterationNumber_Labeled_splitClauses_1":["10800000"],
"smt2FileSizeByte_Mined_splitClauses_0":["9021"],
"relationSymbolNumberAfterSimplification_Mined_splitClauses_0":["19"],
"labeledSingleVariableTemplatesNumber_PredictedCG_splitClauses_1":["6"],
"smt2FileSizeByte_Octagon_splitClauses_1":["9021"],
"minedTemplateNumber_Labeled_splitClauses_1":["19"],
"labeledSingleVariableTemplatesNumber_RelationalIneqs_splitClauses_1":["6"],
"clauseNumberAfterSimplification_Labeled_splitClauses_1":["10"],
"relationSymbolNumberAfterSimplification_Labeled_splitClauses_0":["19"],
"smt2FileSizeByte_Random_splitClauses_0":["9021"],
"relationSymbolNumberAfterSimplification_PredictedCDHG_splitClauses_0":["19"],
"unlabeledTemplateRelationSymbolNumber_PredictedCDHG_splitClauses_1":["3"],
"labeledSingleVariableTemplatesNumber_Term_splitClauses_0":["6"],
"generatedPredicateNumber_PredictedCDHG_splitClauses_1":["10800000"],
"minedSingleVariableTemplatesNumber_Unlabeled_splitClauses_0":["18"],
"generatedPredicateNumber_Octagon_splitClauses_1":["10800000"],
"labeledSingleVariableTemplatesNumber_RelationalEqs_splitClauses_0":["6"],
"predicateGeneratorTime_PredictedCG_splitClauses_1":["10800000"],
"relationSymbolNumberAfterSimplification_Octagon_splitClauses_0":["19"],
"labeledTemplateNumber_Labeled_splitClauses_1":["7"],
"labeledSingleVariableTemplatesNumber_Empty_splitClauses_0":["6"],
"minedTemplateRelationSymbolNumber_RelationalIneqs_splitClauses_1":["3"],
"unlabeledSingleVariableTemplatesNumber_All_splitClauses_1":["36"],
"labeledBinaryVariableTemplatesNumber_PredictedCDHG_splitClauses_1":["1"],
"unlabeledSingleVariableTemplatesNumber_RelationalEqs_splitClauses_1":["36"],
"cegarIterationNumber_Term_splitClauses_0":["10800000"],
"unlabeledBinaryVariableTemplatesNumber_Labeled_splitClauses_1":["54"],
"unlabeledSingleVariableTemplatesNumber_Term_splitClauses_1":["36"],
"clauseNumberAfterSimplification_All_splitClauses_1":["10"],
"minedSingleVariableTemplatesNumber_Random_splitClauses_0":["18"],
"solvability_RelationalIneqs_splitClauses_1":["10800000"],
"minedTemplateNumber_Labeled_splitClauses_0":["19"],
"minedSingleVariableTemplatesNumber_Octagon_splitClauses_0":["18"],
"minedSingleVariableTemplatesNumber_Term_splitClauses_1":["18"],
"minedBinaryVariableTemplatesNumber_PredictedCDHG_splitClauses_1":["1"],
"generatedPredicateNumber_Mined_splitClauses_1":["10"],
"labeledSingleVariableTemplatesNumber_RelationalIneqs_splitClauses_0":["6"],
"averagePredicateSize_Mined_splitClauses_0":["10800000"],
"cegarIterationNumber_Unlabeled_splitClauses_0":["10800000"],
"minedBinaryVariableTemplatesNumber_Random_splitClauses_0":["1"],
"labeledTemplateNumber_Mined_splitClauses_1":["7"],
"labeledBinaryVariableTemplatesNumber_Random_splitClauses_0":["1"],
"unlabeledTemplateRelationSymbolNumber_Unlabeled_splitClauses_1":["3"],
"cegarIterationNumber_Mined_splitClauses_0":["10800000"],
"minedTemplateRelationSymbolNumber_Labeled_splitClauses_0":["3"],
"unlabeledBinaryVariableTemplatesNumber_RelationalIneqs_splitClauses_1":["54"],
"unlabeledBinaryVariableTemplatesNumber_Octagon_splitClauses_0":["54"],
"solvability_Mined_splitClauses_0":["10800000"],
"averagePredicateSize_RelationalEqs_splitClauses_0":["10800000"],
"clauseNumberAfterSimplification_Term_splitClauses_0":["10"],
"unlabeledTemplateNumber_Mined_splitClauses_0":["90"],
"relationSymbolNumberAfterSimplification_Random_splitClauses_1":["19"],
"unlabeledTemplateNumber_PredictedCDHG_splitClauses_0":["90"],
"cegarIterationNumber_RelationalIneqs_splitClauses_1":["10800000"],
"minedBinaryVariableTemplatesNumber_Unlabeled_splitClauses_1":["1"],
"labeledTemplateNumber_PredictedCG_splitClauses_1":["7"],
"labeledTemplateRelationSymbolNumber_Mined_splitClauses_0":["3"],
"labeledBinaryVariableTemplatesNumber_Mined_splitClauses_1":["1"],
"relationSymbolNumberBeforeSimplification_Mined_splitClauses_0":["63"],
"relationSymbolNumberBeforeSimplification_RelationalIneqs_splitClauses_0":["63"],
"clauseNumberAfterSimplification_RelationalIneqs_splitClauses_1":["10"],
"minedSingleVariableTemplatesNumber_PredictedCDHG_splitClauses_0":["18"],
"solvability_Labeled_splitClauses_1":["10800000"],
"labeledSingleVariableTemplatesNumber_Octagon_splitClauses_1":["6"],
"averagePredicateSize_Random_splitClauses_0":["10800000"],
"smt2FileSizeByte_RelationalIneqs_splitClauses_0":["9021"],
"generatedPredicateNumber_Unlabeled_splitClauses_0":["10800000"],
"solvability_RelationalEqs_splitClauses_0":["10800000"],
"predicateGeneratorTime_Empty_splitClauses_1":["10800000"],
"minedSingleVariableTemplatesNumber_Mined_splitClauses_0":["18"],
"relationSymbolNumberAfterSimplification_Unlabeled_splitClauses_0":["19"],
"minedTemplateRelationSymbolNumber_PredictedCDHG_splitClauses_1":["3"],
"minedTemplateNumber_PredictedCG_splitClauses_0":["19"],
"averagePredicateSize_RelationalIneqs_splitClauses_1":["10800000"],
"labeledTemplateRelationSymbolNumber_Random_splitClauses_1":["3"],
"minedTemplateNumber_RelationalIneqs_splitClauses_0":["19"],
"predicateGeneratorTime_RelationalIneqs_splitClauses_0":["10800000"],
"labeledTemplateRelationSymbolNumber_Empty_splitClauses_0":["3"],
"minedBinaryVariableTemplatesNumber_Octagon_splitClauses_0":["1"],
"labeledSingleVariableTemplatesNumber_Term_splitClauses_1":["6"],
"labeledBinaryVariableTemplatesNumber_Empty_splitClauses_0":["1"],
"minedTemplateNumber_Octagon_splitClauses_0":["19"],
"labeledBinaryVariableTemplatesNumber_Unlabeled_splitClauses_0":["1"],
"relationSymbolNumberBeforeSimplification_Empty_splitClauses_0":["63"],
"clauseNumberAfterSimplification_PredictedCDHG_splitClauses_0":["10"],
"smt2FileSizeByte_PredictedCG_splitClauses_0":["9021"],
"minedBinaryVariableTemplatesNumber_RelationalEqs_splitClauses_0":["1"],
"relationSymbolNumberBeforeSimplification_Unlabeled_splitClauses_0":["63"],
"labeledTemplateRelationSymbolNumber_RelationalEqs_splitClauses_1":["3"],
"minedBinaryVariableTemplatesNumber_Random_splitClauses_1":["1"],
"clauseNumberAfterSimplification_Unlabeled_splitClauses_1":["10"],
"minedSingleVariableTemplatesNumber_PredictedCDHG_splitClauses_1":["18"],
"labeledBinaryVariableTemplatesNumber_Term_splitClauses_1":["1"],
"clauseNumberBeforeSimplification_Empty_splitClauses_1":["32"],
"relationSymbolNumberAfterSimplification_Octagon_splitClauses_1":["19"],
"relationSymbolNumberAfterSimplification_Term_splitClauses_0":["19"],
"minedBinaryVariableTemplatesNumber_Mined_splitClauses_1":["1"],
"unlabeledBinaryVariableTemplatesNumber_Unlabeled_splitClauses_1":["54"],
"relationSymbolNumberBeforeSimplification_Random_splitClauses_0":["63"],
"relationSymbolNumberAfterSimplification_PredictedCDHG_splitClauses_1":["19"],
"unlabeledTemplateNumber_PredictedCG_splitClauses_1":["90"],
"generatedPredicateNumber_Empty_splitClauses_0":["10800000"],
"predicateGeneratorTime_RelationalIneqs_splitClauses_1":["10800000"],
"unlabeledSingleVariableTemplatesNumber_Empty_splitClauses_0":["36"],
"cegarIterationNumber_Octagon_splitClauses_0":["10800000"],
"clauseNumberAfterSimplification_Octagon_splitClauses_1":["10"],
"unlabeledSingleVariableTemplatesNumber_Labeled_splitClauses_1":["36"],
"clauseNumberBeforeSimplification_Random_splitClauses_1":["32"],
"minedTemplateRelationSymbolNumber_All_splitClauses_0":["3"],
"unlabeledTemplateRelationSymbolNumber_RelationalEqs_splitClauses_0":["3"],
"minedSingleVariableTemplatesNumber_Unlabeled_splitClauses_1":["18"],
"clauseNumberBeforeSimplification_RelationalEqs_splitClauses_0":["32"],
"minedTemplateNumber_Unlabeled_splitClauses_0":["19"],
"generatedPredicateNumber_Octagon_splitClauses_0":["10800000"],
"predicateGeneratorTime_PredictedCDHG_splitClauses_0":["10800000"],
"clauseNumberAfterSimplification_PredictedCG_splitClauses_1":["10"],
"labeledSingleVariableTemplatesNumber_RelationalEqs_splitClauses_1":["6"],
"smt2FileSizeByte_Random_splitClauses_1":["9021"],
"averagePredicateSize_PredictedCG_splitClauses_1":["10800000"],
"cegarIterationNumber_PredictedCDHG_splitClauses_1":["10800000"],
"clauseNumberAfterSimplification_RelationalEqs_splitClauses_1":["10"],
"minedBinaryVariableTemplatesNumber_Empty_splitClauses_1":["1"],
"relationSymbolNumberAfterSimplification_RelationalEqs_splitClauses_1":["19"],
"minedTemplateNumber_PredictedCDHG_splitClauses_0":["19"],
"labeledBinaryVariableTemplatesNumber_All_splitClauses_1":["1"],
"solvingTime_RelationalIneqs_splitClauses_1":["10800000"],
"unlabeledTemplateRelationSymbolNumber_RelationalEqs_splitClauses_1":["3"],
"smt2FileSizeByte_Unlabeled_splitClauses_0":["9021"],
"relationSymbolNumberBeforeSimplification_Mined_splitClauses_1":["63"],
"relationSymbolNumberAfterSimplification_Mined_splitClauses_1":["19"],
"generatedPredicateNumber_All_splitClauses_0":["10800000"],
"relationSymbolNumberBeforeSimplification_Octagon_splitClauses_1":["63"],
"predicateGeneratorTime_Octagon_splitClauses_1":["10800000"],
"solvability_Mined_splitClauses_1":["1"],
"minedTemplateRelationSymbolNumber_Term_splitClauses_1":["3"],
"clauseNumberAfterSimplification_Mined_splitClauses_0":["10"],
"solvability_PredictedCDHG_splitClauses_0":["10800000"],
"solvingTime_Empty_splitClauses_0":["10800000"],
"unlabeledSingleVariableTemplatesNumber_Unlabeled_splitClauses_1":["36"],
"minedTemplateNumber_Term_splitClauses_1":["19"],
"averagePredicateSize_Octagon_splitClauses_1":["10800000"],
"unlabeledSingleVariableTemplatesNumber_Octagon_splitClauses_1":["36"],
"minedTemplateRelationSymbolNumber_RelationalEqs_splitClauses_1":["3"],
"relationSymbolNumberBeforeSimplification_All_splitClauses_1":["63"],
"minedBinaryVariableTemplatesNumber_RelationalIneqs_splitClauses_0":["1"],
"predicateGeneratorTime_Term_splitClauses_1":["10800000"],
"solvingTime_Labeled_splitClauses_0":["10800000"],
"unlabeledBinaryVariableTemplatesNumber_PredictedCG_splitClauses_0":["54"],
"minedTemplateNumber_All_splitClauses_0":["19"],
"predicateGeneratorTime_Labeled_splitClauses_1":["10800000"],
"unlabeledTemplateRelationSymbolNumber_Empty_splitClauses_0":["3"],
"unlabeledTemplateNumber_Mined_splitClauses_1":["90"],
"solvability_PredictedCG_splitClauses_1":["10800000"],
"unlabeledTemplateNumber_Term_splitClauses_0":["90"],
"minedBinaryVariableTemplatesNumber_PredictedCG_splitClauses_1":["1"],
"labeledSingleVariableTemplatesNumber_PredictedCDHG_splitClauses_0":["6"],
"minedBinaryVariableTemplatesNumber_All_splitClauses_0":["1"],
"averagePredicateSize_PredictedCDHG_splitClauses_1":["10800000"],
"predicateGeneratorTime_PredictedCG_splitClauses_0":["10800000"],
"generatedPredicateNumber_RelationalIneqs_splitClauses_0":["10800000"],
"labeledTemplateNumber_Empty_splitClauses_0":["7"],
"relationSymbolNumberAfterSimplification_RelationalIneqs_splitClauses_1":["19"],
"unlabeledTemplateRelationSymbolNumber_Term_splitClauses_0":["3"],
"minedTemplateNumber_All_splitClauses_1":["19"],
"labeledSingleVariableTemplatesNumber_Empty_splitClauses_1":["6"],
"minedBinaryVariableTemplatesNumber_Unlabeled_splitClauses_0":["1"],
"labeledTemplateNumber_Random_splitClauses_0":["7"],
"minedBinaryVariableTemplatesNumber_All_splitClauses_1":["1"],
"unlabeledSingleVariableTemplatesNumber_All_splitClauses_0":["36"],
"relationSymbolNumberBeforeSimplification_Labeled_splitClauses_1":["63"],
"smt2FileSizeByte_PredictedCDHG_splitClauses_1":["9021"],
"labeledBinaryVariableTemplatesNumber_PredictedCDHG_splitClauses_0":["1"],
"averagePredicateSize_RelationalEqs_splitClauses_1":["10800000"],
"minedSingleVariableTemplatesNumber_Term_splitClauses_0":["18"],
"labeledTemplateRelationSymbolNumber_Term_splitClauses_1":["3"],
"generatedPredicateNumber_Random_splitClauses_0":["10800000"],
"labeledBinaryVariableTemplatesNumber_Empty_splitClauses_1":["1"],
"relationSymbolNumberAfterSimplification_Term_splitClauses_1":["19"],
"clauseNumberAfterSimplification_Labeled_splitClauses_0":["10"],
"labeledSingleVariableTemplatesNumber_Labeled_splitClauses_0":["6"],
"minedTemplateNumber_Mined_splitClauses_1":["19"],
"labeledTemplateRelationSymbolNumber_Labeled_splitClauses_0":["3"],
"unlabeledTemplateRelationSymbolNumber_Mined_splitClauses_1":["3"],
"solvability_Labeled_splitClauses_0":["10800000"],
"minedTemplateNumber_RelationalEqs_splitClauses_1":["19"],
"solvingTime_Random_splitClauses_1":["10800000"],
"minedTemplateNumber_Random_splitClauses_0":["19"],
"cegarIterationNumber_Unlabeled_splitClauses_1":["10800000"],
"minedTemplateNumber_RelationalIneqs_splitClauses_1":["19"],
"unlabeledBinaryVariableTemplatesNumber_Octagon_splitClauses_1":["54"],
"minedSingleVariableTemplatesNumber_Octagon_splitClauses_1":["18"],
"minedSingleVariableTemplatesNumber_Random_splitClauses_1":["18"],
"averagePredicateSize_All_splitClauses_1":["10800000"],
"minedTemplateNumber_Empty_splitClauses_0":["19"],
"labeledTemplateNumber_Mined_splitClauses_0":["7"],
"unlabeledBinaryVariableTemplatesNumber_All_splitClauses_0":["54"],
"relationSymbolNumberAfterSimplification_Labeled_splitClauses_1":["19"],
"labeledSingleVariableTemplatesNumber_PredictedCDHG_splitClauses_1":["6"],
"minedSingleVariableTemplatesNumber_Mined_splitClauses_1":["18"],
"labeledTemplateRelationSymbolNumber_Term_splitClauses_0":["3"],
"unlabeledTemplateRelationSymbolNumber_Term_splitClauses_1":["3"],
"predicateGeneratorTime_All_splitClauses_1":["10800000"],
"unlabeledSingleVariableTemplatesNumber_Random_splitClauses_0":["36"],
"predicateGeneratorTime_Unlabeled_splitClauses_1":["10800000"],
"cegarIterationNumber_PredictedCDHG_splitClauses_0":["10800000"],
"labeledTemplateNumber_RelationalEqs_splitClauses_0":["7"],
"labeledTemplateRelationSymbolNumber_Mined_splitClauses_1":["3"],
"labeledTemplateRelationSymbolNumber_Random_splitClauses_0":["3"],
"labeledBinaryVariableTemplatesNumber_RelationalEqs_splitClauses_1":["1"],
"generatedPredicateNumber_RelationalIneqs_splitClauses_1":["10800000"],
"unlabeledTemplateRelationSymbolNumber_PredictedCG_splitClauses_1":["3"],
"unlabeledSingleVariableTemplatesNumber_RelationalEqs_splitClauses_0":["36"],
"labeledBinaryVariableTemplatesNumber_Labeled_splitClauses_0":["1"],
"minedBinaryVariableTemplatesNumber_PredictedCDHG_splitClauses_0":["1"],
"unlabeledTemplateRelationSymbolNumber_Unlabeled_splitClauses_0":["3"],
"clauseNumberAfterSimplification_Term_splitClauses_1":["10"],
"unlabeledTemplateNumber_Octagon_splitClauses_0":["90"],
"unlabeledBinaryVariableTemplatesNumber_RelationalEqs_splitClauses_1":["54"],
"unlabeledTemplateNumber_PredictedCG_splitClauses_0":["90"],
"unlabeledTemplateNumber_All_splitClauses_0":["90"],
"labeledTemplateRelationSymbolNumber_RelationalIneqs_splitClauses_1":["3"],
"unlabeledSingleVariableTemplatesNumber_Mined_splitClauses_1":["36"],
"labeledTemplateRelationSymbolNumber_Unlabeled_splitClauses_1":["3"],
"labeledBinaryVariableTemplatesNumber_Random_splitClauses_1":["1"],
"solvability_Random_splitClauses_1":["10800000"],
"solvingTime_Term_splitClauses_0":["10800000"],
"minedSingleVariableTemplatesNumber_Labeled_splitClauses_1":["18"],
"clauseNumberBeforeSimplification_Term_splitClauses_0":["32"],
"relationSymbolNumberBeforeSimplification_RelationalIneqs_splitClauses_1":["63"],
"minedTemplateRelationSymbolNumber_Mined_splitClauses_0":["3"],
"solvability_Octagon_splitClauses_1":["10800000"],
"minedSingleVariableTemplatesNumber_RelationalIneqs_splitClauses_1":["18"],
"smt2FileSizeByte_Labeled_splitClauses_0":["9021"],
"solvability_RelationalEqs_splitClauses_1":["10800000"],
"unlabeledSingleVariableTemplatesNumber_Empty_splitClauses_1":["36"],
"labeledTemplateNumber_PredictedCDHG_splitClauses_1":["7"],
"minedTemplateRelationSymbolNumber_Octagon_splitClauses_0":["3"],
"clauseNumberAfterSimplification_Unlabeled_splitClauses_0":["10"],
"clauseNumberBeforeSimplification_Unlabeled_splitClauses_0":["32"],
"clauseNumberBeforeSimplification_PredictedCDHG_splitClauses_0":["32"],
"cegarIterationNumber_RelationalIneqs_splitClauses_0":["10800000"],
"labeledTemplateRelationSymbolNumber_RelationalEqs_splitClauses_0":["3"],
"averagePredicateSize_Labeled_splitClauses_0":["10800000"],
"smt2FileSizeByte_RelationalIneqs_splitClauses_1":["9021"],
"clauseNumberBeforeSimplification_RelationalEqs_splitClauses_1":["32"],
"unlabeledTemplateRelationSymbolNumber_RelationalIneqs_splitClauses_1":["3"],
"clauseNumberBeforeSimplification_PredictedCG_splitClauses_0":["32"],
"solvingTime_PredictedCDHG_splitClauses_0":["10800000"],
"labeledTemplateRelationSymbolNumber_Octagon_splitClauses_1":["3"],
"minedTemplateRelationSymbolNumber_PredictedCG_splitClauses_1":["3"],
"relationSymbolNumberBeforeSimplification_RelationalEqs_splitClauses_1":["63"],
"labeledTemplateNumber_Random_splitClauses_1":["7"],
"solvingTime_RelationalIneqs_splitClauses_0":["10800000"],
"labeledTemplateNumber_All_splitClauses_1":["7"],
"unlabeledTemplateNumber_Random_splitClauses_1":["90"],
"relationSymbolNumberBeforeSimplification_All_splitClauses_0":["63"],
"smt2FileSizeByte_Unlabeled_splitClauses_1":["9021"],
"cegarIterationNumber_PredictedCG_splitClauses_0":["10800000"],
"predicateGeneratorTime_Octagon_splitClauses_0":["10800000"],
"unlabeledTemplateNumber_RelationalEqs_splitClauses_1":["90"],
"clauseNumberAfterSimplification_Octagon_splitClauses_0":["10"],
"cegarIterationNumber_Random_splitClauses_0":["10800000"],
"solvability_PredictedCDHG_splitClauses_1":["10800000"],
"solvability_PredictedCG_splitClauses_0":["10800000"],
"solvingTime_PredictedCG_splitClauses_1":["10800000"],
"unlabeledSingleVariableTemplatesNumber_Unlabeled_splitClauses_0":["36"],
"unlabeledTemplateNumber_Unlabeled_splitClauses_0":["90"],
"labeledTemplateRelationSymbolNumber_RelationalIneqs_splitClauses_0":["3"],
"minedTemplateNumber_Random_splitClauses_1":["19"],
"generatedPredicateNumber_RelationalEqs_splitClauses_0":["10800000"],
"minedTemplateNumber_Term_splitClauses_0":["19"],
"solvingTime_All_splitClauses_1":["10800000"],
"minedSingleVariableTemplatesNumber_PredictedCG_splitClauses_0":["18"],
"smt2FileSizeByte_Term_splitClauses_1":["9021"],
"labeledBinaryVariableTemplatesNumber_All_splitClauses_0":["1"],
"minedTemplateNumber_PredictedCDHG_splitClauses_1":["19"],
"minedTemplateRelationSymbolNumber_PredictedCDHG_splitClauses_0":["3"],
"averagePredicateSize_Unlabeled_splitClauses_0":["10800000"],
"minedBinaryVariableTemplatesNumber_Octagon_splitClauses_1":["1"],
"unlabeledSingleVariableTemplatesNumber_Random_splitClauses_1":["36"],
"clauseNumberBeforeSimplification_Random_splitClauses_0":["32"],
"solvingTime_Unlabeled_splitClauses_1":["10800000"],
"predicateGeneratorTime_PredictedCDHG_splitClauses_1":["10800000"],
"averagePredicateSize_PredictedCDHG_splitClauses_0":["10800000"],
"relationSymbolNumberAfterSimplification_RelationalEqs_splitClauses_0":["19"],
"minedBinaryVariableTemplatesNumber_Term_splitClauses_0":["1"],
"labeledTemplateNumber_RelationalIneqs_splitClauses_0":["7"],
"clauseNumberAfterSimplification_Random_splitClauses_0":["10"],
"clauseNumberAfterSimplification_PredictedCG_splitClauses_0":["10"],
"generatedPredicateNumber_Empty_splitClauses_1":["10800000"],
"clauseNumberBeforeSimplification_Octagon_splitClauses_0":["32"],
"unlabeledTemplateNumber_Empty_splitClauses_0":["90"],
"minedSingleVariableTemplatesNumber_All_splitClauses_0":["18"],
"labeledTemplateRelationSymbolNumber_Octagon_splitClauses_0":["3"],
"generatedPredicateNumber_Random_splitClauses_1":["10800000"],
"clauseNumberAfterSimplification_RelationalEqs_splitClauses_0":["10"],
"labeledBinaryVariableTemplatesNumber_Term_splitClauses_0":["1"],
"minedSingleVariableTemplatesNumber_RelationalEqs_splitClauses_0":["18"],
"minedTemplateNumber_Mined_splitClauses_0":["19"],
"relationSymbolNumberBeforeSimplification_PredictedCG_splitClauses_0":["63"],
"averagePredicateSize_Octagon_splitClauses_0":["10800000"],
"unlabeledBinaryVariableTemplatesNumber_Empty_splitClauses_1":["54"],
"unlabeledSingleVariableTemplatesNumber_PredictedCDHG_splitClauses_0":["36"],
"unlabeledSingleVariableTemplatesNumber_PredictedCG_splitClauses_1":["36"],
"labeledTemplateRelationSymbolNumber_Labeled_splitClauses_1":["3"],
"minedTemplateRelationSymbolNumber_Random_splitClauses_0":["3"],
"unlabeledTemplateRelationSymbolNumber_PredictedCG_splitClauses_0":["3"],
"unlabeledTemplateNumber_RelationalIneqs_splitClauses_0":["90"],
"unlabeledSingleVariableTemplatesNumber_Labeled_splitClauses_0":["36"],
"relationSymbolNumberAfterSimplification_PredictedCG_splitClauses_0":["19"],
"minedTemplateNumber_Unlabeled_splitClauses_1":["19"],
"generatedPredicateNumber_PredictedCG_splitClauses_0":["10800000"],
"labeledTemplateNumber_Unlabeled_splitClauses_1":["7"],
"unlabeledTemplateRelationSymbolNumber_Empty_splitClauses_1":["3"],
"clauseNumberBeforeSimplification_Empty_splitClauses_0":["32"],
"solvingTime_Octagon_splitClauses_1":["10800000"],
"cegarIterationNumber_Mined_splitClauses_1":["3"],
"clauseNumberBeforeSimplification_Mined_splitClauses_1":["32"],
"smt2FileSizeByte_PredictedCDHG_splitClauses_0":["9021"],
"averagePredicateSize_PredictedCG_splitClauses_0":["10800000"],
"solvingTime_Random_splitClauses_0":["10800000"],
"minedTemplateNumber_RelationalEqs_splitClauses_0":["19"],
"unlabeledSingleVariableTemplatesNumber_RelationalIneqs_splitClauses_0":["36"],
"unlabeledTemplateNumber_Unlabeled_splitClauses_1":["90"],
"labeledBinaryVariableTemplatesNumber_RelationalEqs_splitClauses_0":["1"],
"generatedPredicateNumber_PredictedCDHG_splitClauses_0":["10800000"],
"relationSymbolNumberAfterSimplification_RelationalIneqs_splitClauses_0":["19"],
"minedTemplateRelationSymbolNumber_Empty_splitClauses_1":["3"],
"predicateGeneratorTime_Random_splitClauses_1":["10800000"],
"labeledTemplateNumber_Term_splitClauses_1":["7"],
"relationSymbolNumberBeforeSimplification_RelationalEqs_splitClauses_0":["63"],
"minedSingleVariableTemplatesNumber_Empty_splitClauses_1":["18"],
"minedSingleVariableTemplatesNumber_RelationalIneqs_splitClauses_0":["18"],
"clauseNumberAfterSimplification_All_splitClauses_0":["10"],
"unlabeledBinaryVariableTemplatesNumber_RelationalEqs_splitClauses_0":["54"],
"cegarIterationNumber_RelationalEqs_splitClauses_0":["10800000"],
"labeledTemplateRelationSymbolNumber_PredictedCDHG_splitClauses_0":["3"],
"labeledSingleVariableTemplatesNumber_Labeled_splitClauses_1":["6"],
"unlabeledBinaryVariableTemplatesNumber_All_splitClauses_1":["54"],
"minedTemplateRelationSymbolNumber_Unlabeled_splitClauses_1":["3"],
"solvingTime_RelationalEqs_splitClauses_0":["10800000"],
"solvingTime_RelationalEqs_splitClauses_1":["10800000"],
"minedBinaryVariableTemplatesNumber_Mined_splitClauses_0":["1"],
"clauseNumberBeforeSimplification_All_splitClauses_0":["32"],
"clauseNumberBeforeSimplification_RelationalIneqs_splitClauses_1":["32"],
"labeledTemplateNumber_RelationalEqs_splitClauses_1":["7"],
"labeledBinaryVariableTemplatesNumber_RelationalIneqs_splitClauses_0":["1"],
"relationSymbolNumberBeforeSimplification_Labeled_splitClauses_0":["63"],
"clauseNumberAfterSimplification_Empty_splitClauses_0":["10"],
"averagePredicateSize_Empty_splitClauses_0":["10800000"],
"unlabeledTemplateNumber_Term_splitClauses_1":["90"],
"predicateGeneratorTime_Mined_splitClauses_1":["222"],
"labeledBinaryVariableTemplatesNumber_RelationalIneqs_splitClauses_1":["1"],
"predicateGeneratorTime_Unlabeled_splitClauses_0":["10800000"],
"relationSymbolNumberAfterSimplification_Empty_splitClauses_0":["19"],
"generatedPredicateNumber_Mined_splitClauses_0":["10800000"],
"generatedPredicateNumber_RelationalEqs_splitClauses_1":["10800000"],
"labeledTemplateRelationSymbolNumber_PredictedCG_splitClauses_0":["3"],
"minedSingleVariableTemplatesNumber_PredictedCG_splitClauses_1":["18"],
"minedTemplateRelationSymbolNumber_PredictedCG_splitClauses_0":["3"],
"unlabeledTemplateRelationSymbolNumber_Labeled_splitClauses_0":["3"],
"solvability_Empty_splitClauses_1":["10800000"],
"averagePredicateSize_Term_splitClauses_0":["10800000"],
"cegarIterationNumber_Random_splitClauses_1":["10800000"],
"averagePredicateSize_Labeled_splitClauses_1":["10800000"],
"unlabeledBinaryVariableTemplatesNumber_Unlabeled_splitClauses_0":["54"],
"generatedPredicateNumber_Unlabeled_splitClauses_1":["10800000"],
"predicateGeneratorTime_All_splitClauses_0":["10800000"],
"unlabeledBinaryVariableTemplatesNumber_PredictedCDHG_splitClauses_1":["54"],
"clauseNumberBeforeSimplification_Labeled_splitClauses_1":["32"],
"minedBinaryVariableTemplatesNumber_Labeled_splitClauses_1":["1"],
"labeledSingleVariableTemplatesNumber_All_splitClauses_0":["6"],
"unlabeledTemplateRelationSymbolNumber_Mined_splitClauses_0":["3"],
"cegarIterationNumber_Octagon_splitClauses_1":["10800000"],
"labeledTemplateNumber_Octagon_splitClauses_0":["7"],
"labeledTemplateRelationSymbolNumber_All_splitClauses_1":["3"],
"smt2FileSizeByte_Empty_splitClauses_0":["9021"],
"unlabeledTemplateNumber_Octagon_splitClauses_1":["90"],
"predicateGeneratorTime_RelationalEqs_splitClauses_0":["10800000"],
"unlabeledTemplateRelationSymbolNumber_RelationalIneqs_splitClauses_0":["3"],
"smt2FileSizeByte_RelationalEqs_splitClauses_1":["9021"],
"unlabeledTemplateNumber_Labeled_splitClauses_0":["90"],
"minedSingleVariableTemplatesNumber_Labeled_splitClauses_0":["18"],
"solvingTime_PredictedCDHG_splitClauses_1":["10800000"],
"relationSymbolNumberBeforeSimplification_Term_splitClauses_1":["63"],
"minedTemplateNumber_Octagon_splitClauses_1":["19"],
"clauseNumberBeforeSimplification_Mined_splitClauses_0":["32"],
"smt2FileSizeByte_All_splitClauses_0":["9021"],
"solvingTime_All_splitClauses_0":["10800000"],
"minedBinaryVariableTemplatesNumber_Term_splitClauses_1":["1"],
"unlabeledTemplateRelationSymbolNumber_Random_splitClauses_0":["3"],
"cegarIterationNumber_All_splitClauses_0":["10800000"],
"smt2FileSizeByte_RelationalEqs_splitClauses_0":["9021"],
"unlabeledSingleVariableTemplatesNumber_PredictedCDHG_splitClauses_1":["36"],
"clauseNumberBeforeSimplification_Labeled_splitClauses_0":["32"],
"cegarIterationNumber_PredictedCG_splitClauses_1":["10800000"],
"labeledTemplateRelationSymbolNumber_Unlabeled_splitClauses_0":["3"],
"unlabeledTemplateRelationSymbolNumber_Octagon_splitClauses_1":["3"],
"unlabeledTemplateNumber_Empty_splitClauses_1":["90"],
"clauseNumberBeforeSimplification_Octagon_splitClauses_1":["32"],
"labeledTemplateNumber_Unlabeled_splitClauses_0":["7"],
"labeledBinaryVariableTemplatesNumber_PredictedCG_splitClauses_0":["1"],
"solvability_Term_splitClauses_1":["10800000"],
"solvability_Octagon_splitClauses_0":["10800000"],
"minedTemplateRelationSymbolNumber_RelationalIneqs_splitClauses_0":["3"],
"clauseNumberBeforeSimplification_RelationalIneqs_splitClauses_0":["32"],
"labeledTemplateNumber_PredictedCG_splitClauses_0":["7"],
"cegarIterationNumber_Labeled_splitClauses_0":["10800000"],
"smt2FileSizeByte_Labeled_splitClauses_1":["9021"],
"clauseNumberBeforeSimplification_Unlabeled_splitClauses_1":["32"],
"generatedPredicateNumber_Term_splitClauses_1":["10800000"],
"solvingTime_Term_splitClauses_1":["10800000"],
"unlabeledBinaryVariableTemplatesNumber_Random_splitClauses_1":["54"],
"unlabeledSingleVariableTemplatesNumber_Octagon_splitClauses_0":["36"],
"solvingTime_Octagon_splitClauses_0":["10800000"],
"labeledSingleVariableTemplatesNumber_Mined_splitClauses_1":["6"],
"averagePredicateSize_Term_splitClauses_1":["10800000"],
"labeledTemplateNumber_Labeled_splitClauses_0":["7"],
"unlabeledSingleVariableTemplatesNumber_PredictedCG_splitClauses_0":["36"],
"smt2FileSizeByte_Mined_splitClauses_1":["9021"],
"labeledBinaryVariableTemplatesNumber_Unlabeled_splitClauses_1":["1"],
"labeledTemplateNumber_All_splitClauses_0":["7"],
"unlabeledTemplateNumber_Random_splitClauses_0":["90"],
"labeledTemplateNumber_Octagon_splitClauses_1":["7"],
"unlabeledTemplateNumber_PredictedCDHG_splitClauses_1":["90"],
"unlabeledBinaryVariableTemplatesNumber_Mined_splitClauses_0":["54"],
"minedTemplateRelationSymbolNumber_Mined_splitClauses_1":["3"],
"labeledTemplateNumber_RelationalIneqs_splitClauses_1":["7"],
"relationSymbolNumberAfterSimplification_All_splitClauses_0":["19"],
"relationSymbolNumberBeforeSimplification_PredictedCDHG_splitClauses_0":["63"],
"solvability_Term_splitClauses_0":["10800000"],
"clauseNumberBeforeSimplification_PredictedCG_splitClauses_1":["32"],
"generatedPredicateNumber_Labeled_splitClauses_1":["10800000"],
"labeledSingleVariableTemplatesNumber_Unlabeled_splitClauses_0":["6"],
"unlabeledBinaryVariableTemplatesNumber_Empty_splitClauses_0":["54"],
"solvingTime_Mined_splitClauses_0":["10800000"],
"unlabeledTemplateNumber_All_splitClauses_1":["90"],
"clauseNumberAfterSimplification_Random_splitClauses_1":["10"],
"labeledBinaryVariableTemplatesNumber_Octagon_splitClauses_1":["1"],
"unlabeledBinaryVariableTemplatesNumber_Labeled_splitClauses_0":["54"],
"smt2FileSizeByte_Octagon_splitClauses_0":["9021"],
"labeledSingleVariableTemplatesNumber_Random_splitClauses_1":["6"],
"solvability_Unlabeled_splitClauses_0":["10800000"],
"solvingTime_Unlabeled_splitClauses_0":["10800000"],
"unlabeledTemplateRelationSymbolNumber_All_splitClauses_1":["3"],
"minedTemplateNumber_Empty_splitClauses_1":["19"],
"solvability_RelationalIneqs_splitClauses_0":["10800000"],
"unlabeledTemplateRelationSymbolNumber_Labeled_splitClauses_1":["3"],
"cegarIterationNumber_RelationalEqs_splitClauses_1":["10800000"],
"minedSingleVariableTemplatesNumber_RelationalEqs_splitClauses_1":["18"],
"clauseNumberAfterSimplification_PredictedCDHG_splitClauses_1":["10"],
"minedBinaryVariableTemplatesNumber_RelationalIneqs_splitClauses_1":["1"],
"unlabeledBinaryVariableTemplatesNumber_Mined_splitClauses_1":["54"],
"unlabeledBinaryVariableTemplatesNumber_PredictedCDHG_splitClauses_0":["54"],
"solvingTime_Empty_splitClauses_1":["10800000"],
"labeledTemplateRelationSymbolNumber_Empty_splitClauses_1":["3"],
"generatedPredicateNumber_Term_splitClauses_0":["10800000"],
"averagePredicateSize_Empty_splitClauses_1":["10800000"],
"generatedPredicateNumber_PredictedCG_splitClauses_1":["10800000"],
"labeledTemplateRelationSymbolNumber_PredictedCDHG_splitClauses_1":["3"],
"predicateGeneratorTime_Mined_splitClauses_0":["10800000"],
"relationSymbolNumberBeforeSimplification_Term_splitClauses_0":["63"],
"predicateGeneratorTime_Labeled_splitClauses_0":["10800000"],
"labeledSingleVariableTemplatesNumber_Random_splitClauses_0":["6"],
"unlabeledTemplateRelationSymbolNumber_All_splitClauses_0":["3"],
"minedBinaryVariableTemplatesNumber_Labeled_splitClauses_0":["1"],
"generatedPredicateNumber_Labeled_splitClauses_0":["10800000"],
"relationSymbolNumberAfterSimplification_Empty_splitClauses_1":["19"],
"solvingTime_Mined_splitClauses_1":["412"],
"minedSingleVariableTemplatesNumber_All_splitClauses_1":["18"],
"predicateGeneratorTime_Random_splitClauses_0":["10800000"],
"cegarIterationNumber_Term_splitClauses_1":["10800000"],
"labeledTemplateNumber_Empty_splitClauses_1":["7"],
"clauseNumberAfterSimplification_Empty_splitClauses_1":["10"],
"minedTemplateRelationSymbolNumber_Empty_splitClauses_0":["3"],
"unlabeledSingleVariableTemplatesNumber_Term_splitClauses_0":["36"],
"minedSingleVariableTemplatesNumber_Empty_splitClauses_0":["18"],
"relationSymbolNumberAfterSimplification_Random_splitClauses_0":["19"],
"minedTemplateRelationSymbolNumber_RelationalEqs_splitClauses_0":["3"],
"cegarIterationNumber_Empty_splitClauses_0":["10800000"],
"minedBinaryVariableTemplatesNumber_RelationalEqs_splitClauses_1":["1"],
"relationSymbolNumberBeforeSimplification_PredictedCG_splitClauses_1":["63"],
"labeledSingleVariableTemplatesNumber_All_splitClauses_1":["6"],
"unlabeledTemplateRelationSymbolNumber_Octagon_splitClauses_0":["3"],
"minedTemplateRelationSymbolNumber_Unlabeled_splitClauses_0":["3"],
"labeledBinaryVariableTemplatesNumber_Mined_splitClauses_0":["1"],
"relationSymbolNumberAfterSimplification_Unlabeled_splitClauses_1":["19"],
"minedTemplateNumber_PredictedCG_splitClauses_1":["19"],
"cegarIterationNumber_Empty_splitClauses_1":["10800000"],
"averagePredicateSize_RelationalIneqs_splitClauses_0":["10800000"],
"solvability_All_splitClauses_1":["10800000"],
"unlabeledBinaryVariableTemplatesNumber_Term_splitClauses_1":["54"],
"minedTemplateRelationSymbolNumber_Labeled_splitClauses_1":["3"],
"averagePredicateSize_Unlabeled_splitClauses_1":["10800000"],
"labeledTemplateNumber_Term_splitClauses_0":["7"],
"smt2FileSizeByte_Empty_splitClauses_1":["9021"],
"solvingTime_PredictedCG_splitClauses_0":["10800000"],
"cegarIterationNumber_All_splitClauses_1":["10800000"],
"clauseNumberBeforeSimplification_Term_splitClauses_1":["32"],
"predicateGeneratorTime_Empty_splitClauses_0":["10800000"],
"relationSymbolNumberBeforeSimplification_Empty_splitClauses_1":["63"],
"averagePredicateSize_All_splitClauses_0":["10800000"],
"unlabeledBinaryVariableTemplatesNumber_Random_splitClauses_0":["54"],
"smt2FileSizeByte_Term_splitClauses_0":["9021"],
"averagePredicateSize_Mined_splitClauses_1":["1"],
"minedBinaryVariableTemplatesNumber_Empty_splitClauses_0":["1"],
"minedTemplateRelationSymbolNumber_All_splitClauses_1":["3"],
"labeledSingleVariableTemplatesNumber_PredictedCG_splitClauses_0":["6"],
"unlabeledBinaryVariableTemplatesNumber_RelationalIneqs_splitClauses_0":["54"],
"unlabeledSingleVariableTemplatesNumber_RelationalIneqs_splitClauses_1":["36"],
"clauseNumberAfterSimplification_RelationalIneqs_splitClauses_0":["10"],
"unlabeledTemplateNumber_RelationalEqs_splitClauses_0":["90"],
"unlabeledTemplateNumber_RelationalIneqs_splitClauses_1":["90"],
"labeledTemplateRelationSymbolNumber_PredictedCG_splitClauses_1":["3"],
"labeledTemplateRelationSymbolNumber_All_splitClauses_0":["3"],
"labeledSingleVariableTemplatesNumber_Octagon_splitClauses_0":["6"],
"dummyFiled":[]
}