{
"smt2FileSizeByte_All_splitClauses_1":["66541"],
"generatedPredicateNumber_All_splitClauses_1":["10800000"],
"unlabeledTemplateRelationSymbolNumber_PredictedCDHG_splitClauses_0":["25"],
"relationSymbolNumberBeforeSimplification_Unlabeled_splitClauses_1":["271"],
"predicateGeneratorTime_Term_splitClauses_0":["10800000"],
"averagePredicateSize_Random_splitClauses_1":["1"],
"labeledBinaryVariableTemplatesNumber_Labeled_splitClauses_1":["27"],
"clauseNumberBeforeSimplification_All_splitClauses_1":["126"],
"minedTemplateRelationSymbolNumber_Term_splitClauses_0":["25"],
"solvingTime_Labeled_splitClauses_1":["629"],
"unlabeledTemplateNumber_Labeled_splitClauses_1":["1854"],
"relationSymbolNumberAfterSimplification_All_splitClauses_1":["132"],
"minedTemplateRelationSymbolNumber_Octagon_splitClauses_1":["25"],
"clauseNumberAfterSimplification_Mined_splitClauses_1":["87"],
"relationSymbolNumberBeforeSimplification_Octagon_splitClauses_0":["271"],
"unlabeledBinaryVariableTemplatesNumber_Term_splitClauses_0":["1182"],
"labeledTemplateNumber_PredictedCDHG_splitClauses_0":["28"],
"solvability_Empty_splitClauses_0":["10800000"],
"unlabeledTemplateRelationSymbolNumber_Random_splitClauses_1":["25"],
"labeledBinaryVariableTemplatesNumber_Octagon_splitClauses_0":["27"],
"relationSymbolNumberBeforeSimplification_Random_splitClauses_1":["271"],
"minedTemplateRelationSymbolNumber_Random_splitClauses_1":["25"],
"unlabeledSingleVariableTemplatesNumber_Mined_splitClauses_0":["672"],
"unlabeledBinaryVariableTemplatesNumber_PredictedCG_splitClauses_1":["1182"],
"solvability_All_splitClauses_0":["10800000"],
"predicateGeneratorTime_RelationalEqs_splitClauses_1":["431"],
"relationSymbolNumberBeforeSimplification_PredictedCDHG_splitClauses_1":["271"],
"smt2FileSizeByte_PredictedCG_splitClauses_1":["66541"],
"labeledSingleVariableTemplatesNumber_Unlabeled_splitClauses_1":["1"],
"labeledBinaryVariableTemplatesNumber_PredictedCG_splitClauses_1":["27"],
"minedBinaryVariableTemplatesNumber_PredictedCG_splitClauses_0":["27"],
"solvability_Random_splitClauses_0":["10800000"],
"relationSymbolNumberAfterSimplification_PredictedCG_splitClauses_1":["132"],
"clauseNumberBeforeSimplification_PredictedCDHG_splitClauses_1":["126"],
"labeledSingleVariableTemplatesNumber_Mined_splitClauses_0":["1"],
"solvability_Unlabeled_splitClauses_1":["1"],
"cegarIterationNumber_Labeled_splitClauses_1":["10"],
"smt2FileSizeByte_Mined_splitClauses_0":["66541"],
"relationSymbolNumberAfterSimplification_Mined_splitClauses_0":["132"],
"labeledSingleVariableTemplatesNumber_PredictedCG_splitClauses_1":["1"],
"smt2FileSizeByte_Octagon_splitClauses_1":["66541"],
"minedTemplateNumber_Labeled_splitClauses_1":["255"],
"labeledSingleVariableTemplatesNumber_RelationalIneqs_splitClauses_1":["1"],
"clauseNumberAfterSimplification_Labeled_splitClauses_1":["87"],
"relationSymbolNumberAfterSimplification_Labeled_splitClauses_0":["132"],
"smt2FileSizeByte_Random_splitClauses_0":["66541"],
"relationSymbolNumberAfterSimplification_PredictedCDHG_splitClauses_0":["132"],
"unlabeledTemplateRelationSymbolNumber_PredictedCDHG_splitClauses_1":["25"],
"labeledSingleVariableTemplatesNumber_Term_splitClauses_0":["1"],
"generatedPredicateNumber_PredictedCDHG_splitClauses_1":["10800000"],
"minedSingleVariableTemplatesNumber_Unlabeled_splitClauses_0":["228"],
"generatedPredicateNumber_Octagon_splitClauses_1":["31"],
"labeledSingleVariableTemplatesNumber_RelationalEqs_splitClauses_0":["1"],
"predicateGeneratorTime_PredictedCG_splitClauses_1":["10800000"],
"relationSymbolNumberAfterSimplification_Octagon_splitClauses_0":["132"],
"labeledTemplateNumber_Labeled_splitClauses_1":["28"],
"labeledSingleVariableTemplatesNumber_Empty_splitClauses_0":["1"],
"minedTemplateRelationSymbolNumber_RelationalIneqs_splitClauses_1":["25"],
"unlabeledSingleVariableTemplatesNumber_All_splitClauses_1":["672"],
"labeledBinaryVariableTemplatesNumber_PredictedCDHG_splitClauses_1":["27"],
"unlabeledSingleVariableTemplatesNumber_RelationalEqs_splitClauses_1":["672"],
"cegarIterationNumber_Term_splitClauses_0":["10800000"],
"unlabeledBinaryVariableTemplatesNumber_Labeled_splitClauses_1":["1182"],
"unlabeledSingleVariableTemplatesNumber_Term_splitClauses_1":["672"],
"clauseNumberAfterSimplification_All_splitClauses_1":["87"],
"minedSingleVariableTemplatesNumber_Random_splitClauses_0":["228"],
"solvability_RelationalIneqs_splitClauses_1":["1"],
"minedTemplateNumber_Labeled_splitClauses_0":["255"],
"minedSingleVariableTemplatesNumber_Octagon_splitClauses_0":["228"],
"minedSingleVariableTemplatesNumber_Term_splitClauses_1":["228"],
"minedBinaryVariableTemplatesNumber_PredictedCDHG_splitClauses_1":["27"],
"generatedPredicateNumber_Mined_splitClauses_1":["31"],
"labeledSingleVariableTemplatesNumber_RelationalIneqs_splitClauses_0":["1"],
"averagePredicateSize_Mined_splitClauses_0":["10800000"],
"cegarIterationNumber_Unlabeled_splitClauses_0":["10800000"],
"minedBinaryVariableTemplatesNumber_Random_splitClauses_0":["27"],
"labeledTemplateNumber_Mined_splitClauses_1":["28"],
"labeledBinaryVariableTemplatesNumber_Random_splitClauses_0":["27"],
"unlabeledTemplateRelationSymbolNumber_Unlabeled_splitClauses_1":["25"],
"cegarIterationNumber_Mined_splitClauses_0":["10800000"],
"minedTemplateRelationSymbolNumber_Labeled_splitClauses_0":["25"],
"unlabeledBinaryVariableTemplatesNumber_RelationalIneqs_splitClauses_1":["1182"],
"unlabeledBinaryVariableTemplatesNumber_Octagon_splitClauses_0":["1182"],
"solvability_Mined_splitClauses_0":["10800000"],
"averagePredicateSize_RelationalEqs_splitClauses_0":["10800000"],
"clauseNumberAfterSimplification_Term_splitClauses_0":["87"],
"unlabeledTemplateNumber_Mined_splitClauses_0":["1854"],
"relationSymbolNumberAfterSimplification_Random_splitClauses_1":["132"],
"unlabeledTemplateNumber_PredictedCDHG_splitClauses_0":["1854"],
"cegarIterationNumber_RelationalIneqs_splitClauses_1":["10"],
"minedBinaryVariableTemplatesNumber_Unlabeled_splitClauses_1":["27"],
"labeledTemplateNumber_PredictedCG_splitClauses_1":["28"],
"labeledTemplateRelationSymbolNumber_Mined_splitClauses_0":["10"],
"labeledBinaryVariableTemplatesNumber_Mined_splitClauses_1":["27"],
"relationSymbolNumberBeforeSimplification_Mined_splitClauses_0":["271"],
"relationSymbolNumberBeforeSimplification_RelationalIneqs_splitClauses_0":["271"],
"clauseNumberAfterSimplification_RelationalIneqs_splitClauses_1":["87"],
"minedSingleVariableTemplatesNumber_PredictedCDHG_splitClauses_0":["228"],
"solvability_Labeled_splitClauses_1":["1"],
"labeledSingleVariableTemplatesNumber_Octagon_splitClauses_1":["1"],
"averagePredicateSize_Random_splitClauses_0":["10800000"],
"smt2FileSizeByte_RelationalIneqs_splitClauses_0":["66541"],
"generatedPredicateNumber_Unlabeled_splitClauses_0":["10800000"],
"solvability_RelationalEqs_splitClauses_0":["10800000"],
"predicateGeneratorTime_Empty_splitClauses_1":["552"],
"minedSingleVariableTemplatesNumber_Mined_splitClauses_0":["228"],
"relationSymbolNumberAfterSimplification_Unlabeled_splitClauses_0":["132"],
"minedTemplateRelationSymbolNumber_PredictedCDHG_splitClauses_1":["25"],
"minedTemplateNumber_PredictedCG_splitClauses_0":["255"],
"averagePredicateSize_RelationalIneqs_splitClauses_1":["1"],
"labeledTemplateRelationSymbolNumber_Random_splitClauses_1":["10"],
"minedTemplateNumber_RelationalIneqs_splitClauses_0":["255"],
"predicateGeneratorTime_RelationalIneqs_splitClauses_0":["10800000"],
"labeledTemplateRelationSymbolNumber_Empty_splitClauses_0":["10"],
"minedBinaryVariableTemplatesNumber_Octagon_splitClauses_0":["27"],
"labeledSingleVariableTemplatesNumber_Term_splitClauses_1":["1"],
"labeledBinaryVariableTemplatesNumber_Empty_splitClauses_0":["27"],
"minedTemplateNumber_Octagon_splitClauses_0":["255"],
"labeledBinaryVariableTemplatesNumber_Unlabeled_splitClauses_0":["27"],
"relationSymbolNumberBeforeSimplification_Empty_splitClauses_0":["271"],
"clauseNumberAfterSimplification_PredictedCDHG_splitClauses_0":["87"],
"smt2FileSizeByte_PredictedCG_splitClauses_0":["66541"],
"minedBinaryVariableTemplatesNumber_RelationalEqs_splitClauses_0":["27"],
"relationSymbolNumberBeforeSimplification_Unlabeled_splitClauses_0":["271"],
"labeledTemplateRelationSymbolNumber_RelationalEqs_splitClauses_1":["10"],
"minedBinaryVariableTemplatesNumber_Random_splitClauses_1":["27"],
"clauseNumberAfterSimplification_Unlabeled_splitClauses_1":["87"],
"minedSingleVariableTemplatesNumber_PredictedCDHG_splitClauses_1":["228"],
"labeledBinaryVariableTemplatesNumber_Term_splitClauses_1":["27"],
"clauseNumberBeforeSimplification_Empty_splitClauses_1":["126"],
"relationSymbolNumberAfterSimplification_Octagon_splitClauses_1":["132"],
"relationSymbolNumberAfterSimplification_Term_splitClauses_0":["132"],
"minedBinaryVariableTemplatesNumber_Mined_splitClauses_1":["27"],
"unlabeledBinaryVariableTemplatesNumber_Unlabeled_splitClauses_1":["1182"],
"relationSymbolNumberBeforeSimplification_Random_splitClauses_0":["271"],
"relationSymbolNumberAfterSimplification_PredictedCDHG_splitClauses_1":["132"],
"unlabeledTemplateNumber_PredictedCG_splitClauses_1":["1854"],
"generatedPredicateNumber_Empty_splitClauses_0":["10800000"],
"predicateGeneratorTime_RelationalIneqs_splitClauses_1":["458"],
"unlabeledSingleVariableTemplatesNumber_Empty_splitClauses_0":["672"],
"cegarIterationNumber_Octagon_splitClauses_0":["10800000"],
"clauseNumberAfterSimplification_Octagon_splitClauses_1":["87"],
"unlabeledSingleVariableTemplatesNumber_Labeled_splitClauses_1":["672"],
"clauseNumberBeforeSimplification_Random_splitClauses_1":["126"],
"minedTemplateRelationSymbolNumber_All_splitClauses_0":["25"],
"unlabeledTemplateRelationSymbolNumber_RelationalEqs_splitClauses_0":["25"],
"minedSingleVariableTemplatesNumber_Unlabeled_splitClauses_1":["228"],
"clauseNumberBeforeSimplification_RelationalEqs_splitClauses_0":["126"],
"minedTemplateNumber_Unlabeled_splitClauses_0":["255"],
"generatedPredicateNumber_Octagon_splitClauses_0":["10800000"],
"predicateGeneratorTime_PredictedCDHG_splitClauses_0":["10800000"],
"clauseNumberAfterSimplification_PredictedCG_splitClauses_1":["87"],
"labeledSingleVariableTemplatesNumber_RelationalEqs_splitClauses_1":["1"],
"smt2FileSizeByte_Random_splitClauses_1":["66541"],
"averagePredicateSize_PredictedCG_splitClauses_1":["10800000"],
"cegarIterationNumber_PredictedCDHG_splitClauses_1":["10800000"],
"clauseNumberAfterSimplification_RelationalEqs_splitClauses_1":["87"],
"minedBinaryVariableTemplatesNumber_Empty_splitClauses_1":["27"],
"relationSymbolNumberAfterSimplification_RelationalEqs_splitClauses_1":["132"],
"minedTemplateNumber_PredictedCDHG_splitClauses_0":["255"],
"labeledBinaryVariableTemplatesNumber_All_splitClauses_1":["27"],
"solvingTime_RelationalIneqs_splitClauses_1":["680"],
"unlabeledTemplateRelationSymbolNumber_RelationalEqs_splitClauses_1":["25"],
"smt2FileSizeByte_Unlabeled_splitClauses_0":["66541"],
"relationSymbolNumberBeforeSimplification_Mined_splitClauses_1":["271"],
"relationSymbolNumberAfterSimplification_Mined_splitClauses_1":["132"],
"generatedPredicateNumber_All_splitClauses_0":["10800000"],
"relationSymbolNumberBeforeSimplification_Octagon_splitClauses_1":["271"],
"predicateGeneratorTime_Octagon_splitClauses_1":["328"],
"solvability_Mined_splitClauses_1":["1"],
"minedTemplateRelationSymbolNumber_Term_splitClauses_1":["25"],
"clauseNumberAfterSimplification_Mined_splitClauses_0":["87"],
"solvability_PredictedCDHG_splitClauses_0":["10800000"],
"solvingTime_Empty_splitClauses_0":["10800000"],
"unlabeledSingleVariableTemplatesNumber_Unlabeled_splitClauses_1":["672"],
"minedTemplateNumber_Term_splitClauses_1":["255"],
"averagePredicateSize_Octagon_splitClauses_1":["1"],
"unlabeledSingleVariableTemplatesNumber_Octagon_splitClauses_1":["672"],
"minedTemplateRelationSymbolNumber_RelationalEqs_splitClauses_1":["25"],
"relationSymbolNumberBeforeSimplification_All_splitClauses_1":["271"],
"minedBinaryVariableTemplatesNumber_RelationalIneqs_splitClauses_0":["27"],
"predicateGeneratorTime_Term_splitClauses_1":["481"],
"solvingTime_Labeled_splitClauses_0":["10800000"],
"unlabeledBinaryVariableTemplatesNumber_PredictedCG_splitClauses_0":["1182"],
"minedTemplateNumber_All_splitClauses_0":["255"],
"predicateGeneratorTime_Labeled_splitClauses_1":["420"],
"unlabeledTemplateRelationSymbolNumber_Empty_splitClauses_0":["25"],
"unlabeledTemplateNumber_Mined_splitClauses_1":["1854"],
"solvability_PredictedCG_splitClauses_1":["10800000"],
"unlabeledTemplateNumber_Term_splitClauses_0":["1854"],
"minedBinaryVariableTemplatesNumber_PredictedCG_splitClauses_1":["27"],
"labeledSingleVariableTemplatesNumber_PredictedCDHG_splitClauses_0":["1"],
"minedBinaryVariableTemplatesNumber_All_splitClauses_0":["27"],
"averagePredicateSize_PredictedCDHG_splitClauses_1":["10800000"],
"predicateGeneratorTime_PredictedCG_splitClauses_0":["10800000"],
"generatedPredicateNumber_RelationalIneqs_splitClauses_0":["10800000"],
"labeledTemplateNumber_Empty_splitClauses_0":["28"],
"relationSymbolNumberAfterSimplification_RelationalIneqs_splitClauses_1":["132"],
"unlabeledTemplateRelationSymbolNumber_Term_splitClauses_0":["25"],
"minedTemplateNumber_All_splitClauses_1":["255"],
"labeledSingleVariableTemplatesNumber_Empty_splitClauses_1":["1"],
"minedBinaryVariableTemplatesNumber_Unlabeled_splitClauses_0":["27"],
"labeledTemplateNumber_Random_splitClauses_0":["28"],
"minedBinaryVariableTemplatesNumber_All_splitClauses_1":["27"],
"unlabeledSingleVariableTemplatesNumber_All_splitClauses_0":["672"],
"relationSymbolNumberBeforeSimplification_Labeled_splitClauses_1":["271"],
"smt2FileSizeByte_PredictedCDHG_splitClauses_1":["66541"],
"labeledBinaryVariableTemplatesNumber_PredictedCDHG_splitClauses_0":["27"],
"averagePredicateSize_RelationalEqs_splitClauses_1":["1"],
"minedSingleVariableTemplatesNumber_Term_splitClauses_0":["228"],
"labeledTemplateRelationSymbolNumber_Term_splitClauses_1":["10"],
"generatedPredicateNumber_Random_splitClauses_0":["10800000"],
"labeledBinaryVariableTemplatesNumber_Empty_splitClauses_1":["27"],
"relationSymbolNumberAfterSimplification_Term_splitClauses_1":["132"],
"clauseNumberAfterSimplification_Labeled_splitClauses_0":["87"],
"labeledSingleVariableTemplatesNumber_Labeled_splitClauses_0":["1"],
"minedTemplateNumber_Mined_splitClauses_1":["255"],
"labeledTemplateRelationSymbolNumber_Labeled_splitClauses_0":["10"],
"unlabeledTemplateRelationSymbolNumber_Mined_splitClauses_1":["25"],
"solvability_Labeled_splitClauses_0":["10800000"],
"minedTemplateNumber_RelationalEqs_splitClauses_1":["255"],
"solvingTime_Random_splitClauses_1":["617"],
"minedTemplateNumber_Random_splitClauses_0":["255"],
"cegarIterationNumber_Unlabeled_splitClauses_1":["10"],
"minedTemplateNumber_RelationalIneqs_splitClauses_1":["255"],
"unlabeledBinaryVariableTemplatesNumber_Octagon_splitClauses_1":["1182"],
"minedSingleVariableTemplatesNumber_Octagon_splitClauses_1":["228"],
"minedSingleVariableTemplatesNumber_Random_splitClauses_1":["228"],
"averagePredicateSize_All_splitClauses_1":["10800000"],
"minedTemplateNumber_Empty_splitClauses_0":["255"],
"labeledTemplateNumber_Mined_splitClauses_0":["28"],
"unlabeledBinaryVariableTemplatesNumber_All_splitClauses_0":["1182"],
"relationSymbolNumberAfterSimplification_Labeled_splitClauses_1":["132"],
"labeledSingleVariableTemplatesNumber_PredictedCDHG_splitClauses_1":["1"],
"minedSingleVariableTemplatesNumber_Mined_splitClauses_1":["228"],
"labeledTemplateRelationSymbolNumber_Term_splitClauses_0":["10"],
"unlabeledTemplateRelationSymbolNumber_Term_splitClauses_1":["25"],
"predicateGeneratorTime_All_splitClauses_1":["10800000"],
"unlabeledSingleVariableTemplatesNumber_Random_splitClauses_0":["672"],
"predicateGeneratorTime_Unlabeled_splitClauses_1":["462"],
"cegarIterationNumber_PredictedCDHG_splitClauses_0":["10800000"],
"labeledTemplateNumber_RelationalEqs_splitClauses_0":["28"],
"labeledTemplateRelationSymbolNumber_Mined_splitClauses_1":["10"],
"labeledTemplateRelationSymbolNumber_Random_splitClauses_0":["10"],
"labeledBinaryVariableTemplatesNumber_RelationalEqs_splitClauses_1":["27"],
"generatedPredicateNumber_RelationalIneqs_splitClauses_1":["31"],
"unlabeledTemplateRelationSymbolNumber_PredictedCG_splitClauses_1":["25"],
"unlabeledSingleVariableTemplatesNumber_RelationalEqs_splitClauses_0":["672"],
"labeledBinaryVariableTemplatesNumber_Labeled_splitClauses_0":["27"],
"minedBinaryVariableTemplatesNumber_PredictedCDHG_splitClauses_0":["27"],
"unlabeledTemplateRelationSymbolNumber_Unlabeled_splitClauses_0":["25"],
"clauseNumberAfterSimplification_Term_splitClauses_1":["87"],
"unlabeledTemplateNumber_Octagon_splitClauses_0":["1854"],
"unlabeledBinaryVariableTemplatesNumber_RelationalEqs_splitClauses_1":["1182"],
"unlabeledTemplateNumber_PredictedCG_splitClauses_0":["1854"],
"unlabeledTemplateNumber_All_splitClauses_0":["1854"],
"labeledTemplateRelationSymbolNumber_RelationalIneqs_splitClauses_1":["10"],
"unlabeledSingleVariableTemplatesNumber_Mined_splitClauses_1":["672"],
"labeledTemplateRelationSymbolNumber_Unlabeled_splitClauses_1":["10"],
"labeledBinaryVariableTemplatesNumber_Random_splitClauses_1":["27"],
"solvability_Random_splitClauses_1":["1"],
"solvingTime_Term_splitClauses_0":["10800000"],
"minedSingleVariableTemplatesNumber_Labeled_splitClauses_1":["228"],
"clauseNumberBeforeSimplification_Term_splitClauses_0":["126"],
"relationSymbolNumberBeforeSimplification_RelationalIneqs_splitClauses_1":["271"],
"minedTemplateRelationSymbolNumber_Mined_splitClauses_0":["25"],
"solvability_Octagon_splitClauses_1":["1"],
"minedSingleVariableTemplatesNumber_RelationalIneqs_splitClauses_1":["228"],
"smt2FileSizeByte_Labeled_splitClauses_0":["66541"],
"solvability_RelationalEqs_splitClauses_1":["1"],
"unlabeledSingleVariableTemplatesNumber_Empty_splitClauses_1":["672"],
"labeledTemplateNumber_PredictedCDHG_splitClauses_1":["28"],
"minedTemplateRelationSymbolNumber_Octagon_splitClauses_0":["25"],
"clauseNumberAfterSimplification_Unlabeled_splitClauses_0":["87"],
"clauseNumberBeforeSimplification_Unlabeled_splitClauses_0":["126"],
"clauseNumberBeforeSimplification_PredictedCDHG_splitClauses_0":["126"],
"cegarIterationNumber_RelationalIneqs_splitClauses_0":["10800000"],
"labeledTemplateRelationSymbolNumber_RelationalEqs_splitClauses_0":["10"],
"averagePredicateSize_Labeled_splitClauses_0":["10800000"],
"smt2FileSizeByte_RelationalIneqs_splitClauses_1":["66541"],
"clauseNumberBeforeSimplification_RelationalEqs_splitClauses_1":["126"],
"unlabeledTemplateRelationSymbolNumber_RelationalIneqs_splitClauses_1":["25"],
"clauseNumberBeforeSimplification_PredictedCG_splitClauses_0":["126"],
"solvingTime_PredictedCDHG_splitClauses_0":["10800000"],
"labeledTemplateRelationSymbolNumber_Octagon_splitClauses_1":["10"],
"minedTemplateRelationSymbolNumber_PredictedCG_splitClauses_1":["25"],
"relationSymbolNumberBeforeSimplification_RelationalEqs_splitClauses_1":["271"],
"labeledTemplateNumber_Random_splitClauses_1":["28"],
"solvingTime_RelationalIneqs_splitClauses_0":["10800000"],
"labeledTemplateNumber_All_splitClauses_1":["28"],
"unlabeledTemplateNumber_Random_splitClauses_1":["1854"],
"relationSymbolNumberBeforeSimplification_All_splitClauses_0":["271"],
"smt2FileSizeByte_Unlabeled_splitClauses_1":["66541"],
"cegarIterationNumber_PredictedCG_splitClauses_0":["10800000"],
"predicateGeneratorTime_Octagon_splitClauses_0":["10800000"],
"unlabeledTemplateNumber_RelationalEqs_splitClauses_1":["1854"],
"clauseNumberAfterSimplification_Octagon_splitClauses_0":["87"],
"cegarIterationNumber_Random_splitClauses_0":["10800000"],
"solvability_PredictedCDHG_splitClauses_1":["10800000"],
"solvability_PredictedCG_splitClauses_0":["10800000"],
"solvingTime_PredictedCG_splitClauses_1":["10800000"],
"unlabeledSingleVariableTemplatesNumber_Unlabeled_splitClauses_0":["672"],
"unlabeledTemplateNumber_Unlabeled_splitClauses_0":["1854"],
"labeledTemplateRelationSymbolNumber_RelationalIneqs_splitClauses_0":["10"],
"minedTemplateNumber_Random_splitClauses_1":["255"],
"generatedPredicateNumber_RelationalEqs_splitClauses_0":["10800000"],
"minedTemplateNumber_Term_splitClauses_0":["255"],
"solvingTime_All_splitClauses_1":["10800000"],
"minedSingleVariableTemplatesNumber_PredictedCG_splitClauses_0":["228"],
"smt2FileSizeByte_Term_splitClauses_1":["66541"],
"labeledBinaryVariableTemplatesNumber_All_splitClauses_0":["27"],
"minedTemplateNumber_PredictedCDHG_splitClauses_1":["255"],
"minedTemplateRelationSymbolNumber_PredictedCDHG_splitClauses_0":["25"],
"averagePredicateSize_Unlabeled_splitClauses_0":["10800000"],
"minedBinaryVariableTemplatesNumber_Octagon_splitClauses_1":["27"],
"unlabeledSingleVariableTemplatesNumber_Random_splitClauses_1":["672"],
"clauseNumberBeforeSimplification_Random_splitClauses_0":["126"],
"solvingTime_Unlabeled_splitClauses_1":["677"],
"predicateGeneratorTime_PredictedCDHG_splitClauses_1":["10800000"],
"averagePredicateSize_PredictedCDHG_splitClauses_0":["10800000"],
"relationSymbolNumberAfterSimplification_RelationalEqs_splitClauses_0":["132"],
"minedBinaryVariableTemplatesNumber_Term_splitClauses_0":["27"],
"labeledTemplateNumber_RelationalIneqs_splitClauses_0":["28"],
"clauseNumberAfterSimplification_Random_splitClauses_0":["87"],
"clauseNumberAfterSimplification_PredictedCG_splitClauses_0":["87"],
"generatedPredicateNumber_Empty_splitClauses_1":["31"],
"clauseNumberBeforeSimplification_Octagon_splitClauses_0":["126"],
"unlabeledTemplateNumber_Empty_splitClauses_0":["1854"],
"minedSingleVariableTemplatesNumber_All_splitClauses_0":["228"],
"labeledTemplateRelationSymbolNumber_Octagon_splitClauses_0":["10"],
"generatedPredicateNumber_Random_splitClauses_1":["31"],
"clauseNumberAfterSimplification_RelationalEqs_splitClauses_0":["87"],
"labeledBinaryVariableTemplatesNumber_Term_splitClauses_0":["27"],
"minedSingleVariableTemplatesNumber_RelationalEqs_splitClauses_0":["228"],
"minedTemplateNumber_Mined_splitClauses_0":["255"],
"relationSymbolNumberBeforeSimplification_PredictedCG_splitClauses_0":["271"],
"averagePredicateSize_Octagon_splitClauses_0":["10800000"],
"unlabeledBinaryVariableTemplatesNumber_Empty_splitClauses_1":["1182"],
"unlabeledSingleVariableTemplatesNumber_PredictedCDHG_splitClauses_0":["672"],
"unlabeledSingleVariableTemplatesNumber_PredictedCG_splitClauses_1":["672"],
"labeledTemplateRelationSymbolNumber_Labeled_splitClauses_1":["10"],
"minedTemplateRelationSymbolNumber_Random_splitClauses_0":["25"],
"unlabeledTemplateRelationSymbolNumber_PredictedCG_splitClauses_0":["25"],
"unlabeledTemplateNumber_RelationalIneqs_splitClauses_0":["1854"],
"unlabeledSingleVariableTemplatesNumber_Labeled_splitClauses_0":["672"],
"relationSymbolNumberAfterSimplification_PredictedCG_splitClauses_0":["132"],
"minedTemplateNumber_Unlabeled_splitClauses_1":["255"],
"generatedPredicateNumber_PredictedCG_splitClauses_0":["10800000"],
"labeledTemplateNumber_Unlabeled_splitClauses_1":["28"],
"unlabeledTemplateRelationSymbolNumber_Empty_splitClauses_1":["25"],
"clauseNumberBeforeSimplification_Empty_splitClauses_0":["126"],
"solvingTime_Octagon_splitClauses_1":["476"],
"cegarIterationNumber_Mined_splitClauses_1":["10"],
"clauseNumberBeforeSimplification_Mined_splitClauses_1":["126"],
"smt2FileSizeByte_PredictedCDHG_splitClauses_0":["66541"],
"averagePredicateSize_PredictedCG_splitClauses_0":["10800000"],
"solvingTime_Random_splitClauses_0":["10800000"],
"minedTemplateNumber_RelationalEqs_splitClauses_0":["255"],
"unlabeledSingleVariableTemplatesNumber_RelationalIneqs_splitClauses_0":["672"],
"unlabeledTemplateNumber_Unlabeled_splitClauses_1":["1854"],
"labeledBinaryVariableTemplatesNumber_RelationalEqs_splitClauses_0":["27"],
"generatedPredicateNumber_PredictedCDHG_splitClauses_0":["10800000"],
"relationSymbolNumberAfterSimplification_RelationalIneqs_splitClauses_0":["132"],
"minedTemplateRelationSymbolNumber_Empty_splitClauses_1":["25"],
"predicateGeneratorTime_Random_splitClauses_1":["403"],
"labeledTemplateNumber_Term_splitClauses_1":["28"],
"relationSymbolNumberBeforeSimplification_RelationalEqs_splitClauses_0":["271"],
"minedSingleVariableTemplatesNumber_Empty_splitClauses_1":["228"],
"minedSingleVariableTemplatesNumber_RelationalIneqs_splitClauses_0":["228"],
"clauseNumberAfterSimplification_All_splitClauses_0":["87"],
"unlabeledBinaryVariableTemplatesNumber_RelationalEqs_splitClauses_0":["1182"],
"cegarIterationNumber_RelationalEqs_splitClauses_0":["10800000"],
"labeledTemplateRelationSymbolNumber_PredictedCDHG_splitClauses_0":["10"],
"labeledSingleVariableTemplatesNumber_Labeled_splitClauses_1":["1"],
"unlabeledBinaryVariableTemplatesNumber_All_splitClauses_1":["1182"],
"minedTemplateRelationSymbolNumber_Unlabeled_splitClauses_1":["25"],
"solvingTime_RelationalEqs_splitClauses_0":["10800000"],
"solvingTime_RelationalEqs_splitClauses_1":["637"],
"minedBinaryVariableTemplatesNumber_Mined_splitClauses_0":["27"],
"clauseNumberBeforeSimplification_All_splitClauses_0":["126"],
"clauseNumberBeforeSimplification_RelationalIneqs_splitClauses_1":["126"],
"labeledTemplateNumber_RelationalEqs_splitClauses_1":["28"],
"labeledBinaryVariableTemplatesNumber_RelationalIneqs_splitClauses_0":["27"],
"relationSymbolNumberBeforeSimplification_Labeled_splitClauses_0":["271"],
"clauseNumberAfterSimplification_Empty_splitClauses_0":["87"],
"averagePredicateSize_Empty_splitClauses_0":["10800000"],
"unlabeledTemplateNumber_Term_splitClauses_1":["1854"],
"predicateGeneratorTime_Mined_splitClauses_1":["501"],
"labeledBinaryVariableTemplatesNumber_RelationalIneqs_splitClauses_1":["27"],
"predicateGeneratorTime_Unlabeled_splitClauses_0":["10800000"],
"relationSymbolNumberAfterSimplification_Empty_splitClauses_0":["132"],
"generatedPredicateNumber_Mined_splitClauses_0":["10800000"],
"generatedPredicateNumber_RelationalEqs_splitClauses_1":["31"],
"labeledTemplateRelationSymbolNumber_PredictedCG_splitClauses_0":["10"],
"minedSingleVariableTemplatesNumber_PredictedCG_splitClauses_1":["228"],
"minedTemplateRelationSymbolNumber_PredictedCG_splitClauses_0":["25"],
"unlabeledTemplateRelationSymbolNumber_Labeled_splitClauses_0":["25"],
"solvability_Empty_splitClauses_1":["1"],
"averagePredicateSize_Term_splitClauses_0":["10800000"],
"cegarIterationNumber_Random_splitClauses_1":["10"],
"averagePredicateSize_Labeled_splitClauses_1":["1"],
"unlabeledBinaryVariableTemplatesNumber_Unlabeled_splitClauses_0":["1182"],
"generatedPredicateNumber_Unlabeled_splitClauses_1":["31"],
"predicateGeneratorTime_All_splitClauses_0":["10800000"],
"unlabeledBinaryVariableTemplatesNumber_PredictedCDHG_splitClauses_1":["1182"],
"clauseNumberBeforeSimplification_Labeled_splitClauses_1":["126"],
"minedBinaryVariableTemplatesNumber_Labeled_splitClauses_1":["27"],
"labeledSingleVariableTemplatesNumber_All_splitClauses_0":["1"],
"unlabeledTemplateRelationSymbolNumber_Mined_splitClauses_0":["25"],
"cegarIterationNumber_Octagon_splitClauses_1":["10"],
"labeledTemplateNumber_Octagon_splitClauses_0":["28"],
"labeledTemplateRelationSymbolNumber_All_splitClauses_1":["10"],
"smt2FileSizeByte_Empty_splitClauses_0":["66541"],
"unlabeledTemplateNumber_Octagon_splitClauses_1":["1854"],
"predicateGeneratorTime_RelationalEqs_splitClauses_0":["10800000"],
"unlabeledTemplateRelationSymbolNumber_RelationalIneqs_splitClauses_0":["25"],
"smt2FileSizeByte_RelationalEqs_splitClauses_1":["66541"],
"unlabeledTemplateNumber_Labeled_splitClauses_0":["1854"],
"minedSingleVariableTemplatesNumber_Labeled_splitClauses_0":["228"],
"solvingTime_PredictedCDHG_splitClauses_1":["10800000"],
"relationSymbolNumberBeforeSimplification_Term_splitClauses_1":["271"],
"minedTemplateNumber_Octagon_splitClauses_1":["255"],
"clauseNumberBeforeSimplification_Mined_splitClauses_0":["126"],
"smt2FileSizeByte_All_splitClauses_0":["66541"],
"solvingTime_All_splitClauses_0":["10800000"],
"minedBinaryVariableTemplatesNumber_Term_splitClauses_1":["27"],
"unlabeledTemplateRelationSymbolNumber_Random_splitClauses_0":["25"],
"cegarIterationNumber_All_splitClauses_0":["10800000"],
"smt2FileSizeByte_RelationalEqs_splitClauses_0":["66541"],
"unlabeledSingleVariableTemplatesNumber_PredictedCDHG_splitClauses_1":["672"],
"clauseNumberBeforeSimplification_Labeled_splitClauses_0":["126"],
"cegarIterationNumber_PredictedCG_splitClauses_1":["10800000"],
"labeledTemplateRelationSymbolNumber_Unlabeled_splitClauses_0":["10"],
"unlabeledTemplateRelationSymbolNumber_Octagon_splitClauses_1":["25"],
"unlabeledTemplateNumber_Empty_splitClauses_1":["1854"],
"clauseNumberBeforeSimplification_Octagon_splitClauses_1":["126"],
"labeledTemplateNumber_Unlabeled_splitClauses_0":["28"],
"labeledBinaryVariableTemplatesNumber_PredictedCG_splitClauses_0":["27"],
"solvability_Term_splitClauses_1":["1"],
"solvability_Octagon_splitClauses_0":["10800000"],
"minedTemplateRelationSymbolNumber_RelationalIneqs_splitClauses_0":["25"],
"clauseNumberBeforeSimplification_RelationalIneqs_splitClauses_0":["126"],
"labeledTemplateNumber_PredictedCG_splitClauses_0":["28"],
"cegarIterationNumber_Labeled_splitClauses_0":["10800000"],
"smt2FileSizeByte_Labeled_splitClauses_1":["66541"],
"clauseNumberBeforeSimplification_Unlabeled_splitClauses_1":["126"],
"generatedPredicateNumber_Term_splitClauses_1":["31"],
"solvingTime_Term_splitClauses_1":["672"],
"unlabeledBinaryVariableTemplatesNumber_Random_splitClauses_1":["1182"],
"unlabeledSingleVariableTemplatesNumber_Octagon_splitClauses_0":["672"],
"solvingTime_Octagon_splitClauses_0":["10800000"],
"labeledSingleVariableTemplatesNumber_Mined_splitClauses_1":["1"],
"averagePredicateSize_Term_splitClauses_1":["1"],
"labeledTemplateNumber_Labeled_splitClauses_0":["28"],
"unlabeledSingleVariableTemplatesNumber_PredictedCG_splitClauses_0":["672"],
"smt2FileSizeByte_Mined_splitClauses_1":["66541"],
"labeledBinaryVariableTemplatesNumber_Unlabeled_splitClauses_1":["27"],
"labeledTemplateNumber_All_splitClauses_0":["28"],
"unlabeledTemplateNumber_Random_splitClauses_0":["1854"],
"labeledTemplateNumber_Octagon_splitClauses_1":["28"],
"unlabeledTemplateNumber_PredictedCDHG_splitClauses_1":["1854"],
"unlabeledBinaryVariableTemplatesNumber_Mined_splitClauses_0":["1182"],
"minedTemplateRelationSymbolNumber_Mined_splitClauses_1":["25"],
"labeledTemplateNumber_RelationalIneqs_splitClauses_1":["28"],
"relationSymbolNumberAfterSimplification_All_splitClauses_0":["132"],
"relationSymbolNumberBeforeSimplification_PredictedCDHG_splitClauses_0":["271"],
"solvability_Term_splitClauses_0":["10800000"],
"clauseNumberBeforeSimplification_PredictedCG_splitClauses_1":["126"],
"generatedPredicateNumber_Labeled_splitClauses_1":["31"],
"labeledSingleVariableTemplatesNumber_Unlabeled_splitClauses_0":["1"],
"unlabeledBinaryVariableTemplatesNumber_Empty_splitClauses_0":["1182"],
"solvingTime_Mined_splitClauses_0":["10800000"],
"unlabeledTemplateNumber_All_splitClauses_1":["1854"],
"clauseNumberAfterSimplification_Random_splitClauses_1":["87"],
"labeledBinaryVariableTemplatesNumber_Octagon_splitClauses_1":["27"],
"unlabeledBinaryVariableTemplatesNumber_Labeled_splitClauses_0":["1182"],
"smt2FileSizeByte_Octagon_splitClauses_0":["66541"],
"labeledSingleVariableTemplatesNumber_Random_splitClauses_1":["1"],
"solvability_Unlabeled_splitClauses_0":["10800000"],
"solvingTime_Unlabeled_splitClauses_0":["10800000"],
"unlabeledTemplateRelationSymbolNumber_All_splitClauses_1":["25"],
"minedTemplateNumber_Empty_splitClauses_1":["255"],
"solvability_RelationalIneqs_splitClauses_0":["10800000"],
"unlabeledTemplateRelationSymbolNumber_Labeled_splitClauses_1":["25"],
"cegarIterationNumber_RelationalEqs_splitClauses_1":["10"],
"minedSingleVariableTemplatesNumber_RelationalEqs_splitClauses_1":["228"],
"clauseNumberAfterSimplification_PredictedCDHG_splitClauses_1":["87"],
"minedBinaryVariableTemplatesNumber_RelationalIneqs_splitClauses_1":["27"],
"unlabeledBinaryVariableTemplatesNumber_Mined_splitClauses_1":["1182"],
"unlabeledBinaryVariableTemplatesNumber_PredictedCDHG_splitClauses_0":["1182"],
"solvingTime_Empty_splitClauses_1":["796"],
"labeledTemplateRelationSymbolNumber_Empty_splitClauses_1":["10"],
"generatedPredicateNumber_Term_splitClauses_0":["10800000"],
"averagePredicateSize_Empty_splitClauses_1":["1"],
"generatedPredicateNumber_PredictedCG_splitClauses_1":["10800000"],
"labeledTemplateRelationSymbolNumber_PredictedCDHG_splitClauses_1":["10"],
"predicateGeneratorTime_Mined_splitClauses_0":["10800000"],
"relationSymbolNumberBeforeSimplification_Term_splitClauses_0":["271"],
"predicateGeneratorTime_Labeled_splitClauses_0":["10800000"],
"labeledSingleVariableTemplatesNumber_Random_splitClauses_0":["1"],
"unlabeledTemplateRelationSymbolNumber_All_splitClauses_0":["25"],
"minedBinaryVariableTemplatesNumber_Labeled_splitClauses_0":["27"],
"generatedPredicateNumber_Labeled_splitClauses_0":["10800000"],
"relationSymbolNumberAfterSimplification_Empty_splitClauses_1":["132"],
"solvingTime_Mined_splitClauses_1":["730"],
"minedSingleVariableTemplatesNumber_All_splitClauses_1":["228"],
"predicateGeneratorTime_Random_splitClauses_0":["10800000"],
"cegarIterationNumber_Term_splitClauses_1":["10"],
"labeledTemplateNumber_Empty_splitClauses_1":["28"],
"clauseNumberAfterSimplification_Empty_splitClauses_1":["87"],
"minedTemplateRelationSymbolNumber_Empty_splitClauses_0":["25"],
"unlabeledSingleVariableTemplatesNumber_Term_splitClauses_0":["672"],
"minedSingleVariableTemplatesNumber_Empty_splitClauses_0":["228"],
"relationSymbolNumberAfterSimplification_Random_splitClauses_0":["132"],
"minedTemplateRelationSymbolNumber_RelationalEqs_splitClauses_0":["25"],
"cegarIterationNumber_Empty_splitClauses_0":["10800000"],
"minedBinaryVariableTemplatesNumber_RelationalEqs_splitClauses_1":["27"],
"relationSymbolNumberBeforeSimplification_PredictedCG_splitClauses_1":["271"],
"labeledSingleVariableTemplatesNumber_All_splitClauses_1":["1"],
"unlabeledTemplateRelationSymbolNumber_Octagon_splitClauses_0":["25"],
"minedTemplateRelationSymbolNumber_Unlabeled_splitClauses_0":["25"],
"labeledBinaryVariableTemplatesNumber_Mined_splitClauses_0":["27"],
"relationSymbolNumberAfterSimplification_Unlabeled_splitClauses_1":["132"],
"minedTemplateNumber_PredictedCG_splitClauses_1":["255"],
"cegarIterationNumber_Empty_splitClauses_1":["10"],
"averagePredicateSize_RelationalIneqs_splitClauses_0":["10800000"],
"solvability_All_splitClauses_1":["10800000"],
"unlabeledBinaryVariableTemplatesNumber_Term_splitClauses_1":["1182"],
"minedTemplateRelationSymbolNumber_Labeled_splitClauses_1":["25"],
"averagePredicateSize_Unlabeled_splitClauses_1":["1"],
"labeledTemplateNumber_Term_splitClauses_0":["28"],
"smt2FileSizeByte_Empty_splitClauses_1":["66541"],
"solvingTime_PredictedCG_splitClauses_0":["10800000"],
"cegarIterationNumber_All_splitClauses_1":["10800000"],
"clauseNumberBeforeSimplification_Term_splitClauses_1":["126"],
"predicateGeneratorTime_Empty_splitClauses_0":["10800000"],
"relationSymbolNumberBeforeSimplification_Empty_splitClauses_1":["271"],
"averagePredicateSize_All_splitClauses_0":["10800000"],
"unlabeledBinaryVariableTemplatesNumber_Random_splitClauses_0":["1182"],
"smt2FileSizeByte_Term_splitClauses_0":["66541"],
"averagePredicateSize_Mined_splitClauses_1":["1"],
"minedBinaryVariableTemplatesNumber_Empty_splitClauses_0":["27"],
"minedTemplateRelationSymbolNumber_All_splitClauses_1":["25"],
"labeledSingleVariableTemplatesNumber_PredictedCG_splitClauses_0":["1"],
"unlabeledBinaryVariableTemplatesNumber_RelationalIneqs_splitClauses_0":["1182"],
"unlabeledSingleVariableTemplatesNumber_RelationalIneqs_splitClauses_1":["672"],
"clauseNumberAfterSimplification_RelationalIneqs_splitClauses_0":["87"],
"unlabeledTemplateNumber_RelationalEqs_splitClauses_0":["1854"],
"unlabeledTemplateNumber_RelationalIneqs_splitClauses_1":["1854"],
"labeledTemplateRelationSymbolNumber_PredictedCG_splitClauses_1":["10"],
"labeledTemplateRelationSymbolNumber_All_splitClauses_0":["10"],
"labeledSingleVariableTemplatesNumber_Octagon_splitClauses_0":["1"],
"dummyFiled":[]
}