{
"cegarIterationNumber_Term_splitClauses_0":[0],
"cegarIterationNumber_RelationalIneqs_splitClauses_1":[0],
"cegarIterationNumber_Octagon_splitClauses_0":[0],
"solvingTime_RelationalIneqs_splitClauses_1":[12],
"solvingTime_Term_splitClauses_0":[23],
"cegarIterationNumber_RelationalIneqs_splitClauses_0":[0],
"solvingTime_RelationalIneqs_splitClauses_0":[9],
"solvingTime_Octagon_splitClauses_1":[13],
"cegarIterationNumber_RelationalEqs_splitClauses_0":[0],
"solvingTime_RelationalEqs_splitClauses_0":[10],
"solvingTime_RelationalEqs_splitClauses_1":[12],
"cegarIterationNumber_Octagon_splitClauses_1":[0],
"solvingTime_Term_splitClauses_1":[15],
"solvingTime_Octagon_splitClauses_0":[8],
"cegarIterationNumber_RelationalEqs_splitClauses_1":[0],
"cegarIterationNumber_Term_splitClauses_1":[0],
"dummyFiled":[]
}