{
"cegarIterationNumber_Term_splitClauses_0":[2],
"cegarIterationNumber_RelationalIneqs_splitClauses_1":[2],
"cegarIterationNumber_Octagon_splitClauses_0":[2],
"solvingTime_RelationalIneqs_splitClauses_1":[160],
"solvingTime_Term_splitClauses_0":[162],
"cegarIterationNumber_RelationalIneqs_splitClauses_0":[2],
"solvingTime_RelationalIneqs_splitClauses_0":[225],
"solvingTime_Octagon_splitClauses_1":[163],
"cegarIterationNumber_RelationalEqs_splitClauses_0":[2],
"solvingTime_RelationalEqs_splitClauses_0":[163],
"solvingTime_RelationalEqs_splitClauses_1":[160],
"cegarIterationNumber_Octagon_splitClauses_1":[2],
"solvingTime_Term_splitClauses_1":[170],
"solvingTime_Octagon_splitClauses_0":[167],
"cegarIterationNumber_RelationalEqs_splitClauses_1":[2],
"cegarIterationNumber_Term_splitClauses_1":[2],
"dummyFiled":[]
}