{
"smt2FileSizeByte_All_splitClauses_1":["5291"],
"generatedPredicateNumber_All_splitClauses_1":["10800000"],
"unlabeledTemplateRelationSymbolNumber_PredictedCDHG_splitClauses_0":["7"],
"relationSymbolNumberBeforeSimplification_Unlabeled_splitClauses_1":["70"],
"predicateGeneratorTime_Term_splitClauses_0":["10800000"],
"averagePredicateSize_Random_splitClauses_1":["1"],
"labeledBinaryVariableTemplatesNumber_Labeled_splitClauses_1":["4"],
"clauseNumberBeforeSimplification_All_splitClauses_1":["25"],
"minedTemplateRelationSymbolNumber_Term_splitClauses_0":["7"],
"solvingTime_Labeled_splitClauses_1":["2727"],
"unlabeledTemplateNumber_Labeled_splitClauses_1":["54"],
"relationSymbolNumberAfterSimplification_All_splitClauses_1":["286"],
"minedTemplateRelationSymbolNumber_Octagon_splitClauses_1":["7"],
"clauseNumberAfterSimplification_Mined_splitClauses_1":["90"],
"relationSymbolNumberBeforeSimplification_Octagon_splitClauses_0":["70"],
"unlabeledBinaryVariableTemplatesNumber_Term_splitClauses_0":["24"],
"labeledTemplateNumber_PredictedCDHG_splitClauses_0":["4"],
"solvability_Empty_splitClauses_0":["10800000"],
"unlabeledTemplateRelationSymbolNumber_Random_splitClauses_1":["7"],
"labeledBinaryVariableTemplatesNumber_Octagon_splitClauses_0":["4"],
"relationSymbolNumberBeforeSimplification_Random_splitClauses_1":["70"],
"minedTemplateRelationSymbolNumber_Random_splitClauses_1":["7"],
"unlabeledSingleVariableTemplatesNumber_Mined_splitClauses_0":["30"],
"unlabeledBinaryVariableTemplatesNumber_PredictedCG_splitClauses_1":["24"],
"solvability_All_splitClauses_0":["10800000"],
"predicateGeneratorTime_RelationalEqs_splitClauses_1":["565"],
"relationSymbolNumberBeforeSimplification_PredictedCDHG_splitClauses_1":["70"],
"smt2FileSizeByte_PredictedCG_splitClauses_1":["5291"],
"labeledSingleVariableTemplatesNumber_Unlabeled_splitClauses_1":["0"],
"labeledBinaryVariableTemplatesNumber_PredictedCG_splitClauses_1":["4"],
"minedBinaryVariableTemplatesNumber_PredictedCG_splitClauses_0":["4"],
"solvability_Random_splitClauses_0":["10800000"],
"relationSymbolNumberAfterSimplification_PredictedCG_splitClauses_1":["286"],
"clauseNumberBeforeSimplification_PredictedCDHG_splitClauses_1":["25"],
"labeledSingleVariableTemplatesNumber_Mined_splitClauses_0":["0"],
"solvability_Unlabeled_splitClauses_1":["1"],
"cegarIterationNumber_Labeled_splitClauses_1":["34"],
"smt2FileSizeByte_Mined_splitClauses_0":["5291"],
"relationSymbolNumberAfterSimplification_Mined_splitClauses_0":["286"],
"labeledSingleVariableTemplatesNumber_PredictedCG_splitClauses_1":["0"],
"smt2FileSizeByte_Octagon_splitClauses_1":["5291"],
"minedTemplateNumber_Labeled_splitClauses_1":["18"],
"labeledSingleVariableTemplatesNumber_RelationalIneqs_splitClauses_1":["0"],
"clauseNumberAfterSimplification_Labeled_splitClauses_1":["90"],
"relationSymbolNumberAfterSimplification_Labeled_splitClauses_0":["286"],
"smt2FileSizeByte_Random_splitClauses_0":["5291"],
"relationSymbolNumberAfterSimplification_PredictedCDHG_splitClauses_0":["286"],
"unlabeledTemplateRelationSymbolNumber_PredictedCDHG_splitClauses_1":["7"],
"labeledSingleVariableTemplatesNumber_Term_splitClauses_0":["0"],
"generatedPredicateNumber_PredictedCDHG_splitClauses_1":["10800000"],
"minedSingleVariableTemplatesNumber_Unlabeled_splitClauses_0":["14"],
"generatedPredicateNumber_Octagon_splitClauses_1":["54"],
"labeledSingleVariableTemplatesNumber_RelationalEqs_splitClauses_0":["0"],
"predicateGeneratorTime_PredictedCG_splitClauses_1":["10800000"],
"relationSymbolNumberAfterSimplification_Octagon_splitClauses_0":["286"],
"labeledTemplateNumber_Labeled_splitClauses_1":["4"],
"labeledSingleVariableTemplatesNumber_Empty_splitClauses_0":["0"],
"minedTemplateRelationSymbolNumber_RelationalIneqs_splitClauses_1":["7"],
"unlabeledSingleVariableTemplatesNumber_All_splitClauses_1":["30"],
"labeledBinaryVariableTemplatesNumber_PredictedCDHG_splitClauses_1":["4"],
"unlabeledSingleVariableTemplatesNumber_RelationalEqs_splitClauses_1":["30"],
"cegarIterationNumber_Term_splitClauses_0":["10800000"],
"unlabeledBinaryVariableTemplatesNumber_Labeled_splitClauses_1":["24"],
"unlabeledSingleVariableTemplatesNumber_Term_splitClauses_1":["30"],
"clauseNumberAfterSimplification_All_splitClauses_1":["90"],
"minedSingleVariableTemplatesNumber_Random_splitClauses_0":["14"],
"solvability_RelationalIneqs_splitClauses_1":["1"],
"minedTemplateNumber_Labeled_splitClauses_0":["18"],
"minedSingleVariableTemplatesNumber_Octagon_splitClauses_0":["14"],
"minedSingleVariableTemplatesNumber_Term_splitClauses_1":["14"],
"minedBinaryVariableTemplatesNumber_PredictedCDHG_splitClauses_1":["4"],
"generatedPredicateNumber_Mined_splitClauses_1":["54"],
"labeledSingleVariableTemplatesNumber_RelationalIneqs_splitClauses_0":["0"],
"averagePredicateSize_Mined_splitClauses_0":["10800000"],
"cegarIterationNumber_Unlabeled_splitClauses_0":["10800000"],
"minedBinaryVariableTemplatesNumber_Random_splitClauses_0":["4"],
"labeledTemplateNumber_Mined_splitClauses_1":["4"],
"labeledBinaryVariableTemplatesNumber_Random_splitClauses_0":["4"],
"unlabeledTemplateRelationSymbolNumber_Unlabeled_splitClauses_1":["7"],
"cegarIterationNumber_Mined_splitClauses_0":["10800000"],
"minedTemplateRelationSymbolNumber_Labeled_splitClauses_0":["7"],
"unlabeledBinaryVariableTemplatesNumber_RelationalIneqs_splitClauses_1":["24"],
"unlabeledBinaryVariableTemplatesNumber_Octagon_splitClauses_0":["24"],
"solvability_Mined_splitClauses_0":["10800000"],
"averagePredicateSize_RelationalEqs_splitClauses_0":["10800000"],
"clauseNumberAfterSimplification_Term_splitClauses_0":["90"],
"unlabeledTemplateNumber_Mined_splitClauses_0":["54"],
"relationSymbolNumberAfterSimplification_Random_splitClauses_1":["286"],
"unlabeledTemplateNumber_PredictedCDHG_splitClauses_0":["54"],
"cegarIterationNumber_RelationalIneqs_splitClauses_1":["34"],
"minedBinaryVariableTemplatesNumber_Unlabeled_splitClauses_1":["4"],
"labeledTemplateNumber_PredictedCG_splitClauses_1":["4"],
"labeledTemplateRelationSymbolNumber_Mined_splitClauses_0":["4"],
"labeledBinaryVariableTemplatesNumber_Mined_splitClauses_1":["4"],
"relationSymbolNumberBeforeSimplification_Mined_splitClauses_0":["70"],
"relationSymbolNumberBeforeSimplification_RelationalIneqs_splitClauses_0":["70"],
"clauseNumberAfterSimplification_RelationalIneqs_splitClauses_1":["90"],
"minedSingleVariableTemplatesNumber_PredictedCDHG_splitClauses_0":["14"],
"solvability_Labeled_splitClauses_1":["1"],
"labeledSingleVariableTemplatesNumber_Octagon_splitClauses_1":["0"],
"averagePredicateSize_Random_splitClauses_0":["10800000"],
"smt2FileSizeByte_RelationalIneqs_splitClauses_0":["5291"],
"generatedPredicateNumber_Unlabeled_splitClauses_0":["10800000"],
"solvability_RelationalEqs_splitClauses_0":["10800000"],
"predicateGeneratorTime_Empty_splitClauses_1":["508"],
"minedSingleVariableTemplatesNumber_Mined_splitClauses_0":["14"],
"relationSymbolNumberAfterSimplification_Unlabeled_splitClauses_0":["286"],
"minedTemplateRelationSymbolNumber_PredictedCDHG_splitClauses_1":["7"],
"minedTemplateNumber_PredictedCG_splitClauses_0":["18"],
"averagePredicateSize_RelationalIneqs_splitClauses_1":["1"],
"labeledTemplateRelationSymbolNumber_Random_splitClauses_1":["4"],
"minedTemplateNumber_RelationalIneqs_splitClauses_0":["18"],
"predicateGeneratorTime_RelationalIneqs_splitClauses_0":["10800000"],
"labeledTemplateRelationSymbolNumber_Empty_splitClauses_0":["4"],
"minedBinaryVariableTemplatesNumber_Octagon_splitClauses_0":["4"],
"labeledSingleVariableTemplatesNumber_Term_splitClauses_1":["0"],
"labeledBinaryVariableTemplatesNumber_Empty_splitClauses_0":["4"],
"minedTemplateNumber_Octagon_splitClauses_0":["18"],
"labeledBinaryVariableTemplatesNumber_Unlabeled_splitClauses_0":["4"],
"relationSymbolNumberBeforeSimplification_Empty_splitClauses_0":["70"],
"clauseNumberAfterSimplification_PredictedCDHG_splitClauses_0":["90"],
"smt2FileSizeByte_PredictedCG_splitClauses_0":["5291"],
"minedBinaryVariableTemplatesNumber_RelationalEqs_splitClauses_0":["4"],
"relationSymbolNumberBeforeSimplification_Unlabeled_splitClauses_0":["70"],
"labeledTemplateRelationSymbolNumber_RelationalEqs_splitClauses_1":["4"],
"minedBinaryVariableTemplatesNumber_Random_splitClauses_1":["4"],
"clauseNumberAfterSimplification_Unlabeled_splitClauses_1":["90"],
"minedSingleVariableTemplatesNumber_PredictedCDHG_splitClauses_1":["14"],
"labeledBinaryVariableTemplatesNumber_Term_splitClauses_1":["4"],
"clauseNumberBeforeSimplification_Empty_splitClauses_1":["25"],
"relationSymbolNumberAfterSimplification_Octagon_splitClauses_1":["286"],
"relationSymbolNumberAfterSimplification_Term_splitClauses_0":["286"],
"minedBinaryVariableTemplatesNumber_Mined_splitClauses_1":["4"],
"unlabeledBinaryVariableTemplatesNumber_Unlabeled_splitClauses_1":["24"],
"relationSymbolNumberBeforeSimplification_Random_splitClauses_0":["70"],
"relationSymbolNumberAfterSimplification_PredictedCDHG_splitClauses_1":["286"],
"unlabeledTemplateNumber_PredictedCG_splitClauses_1":["54"],
"generatedPredicateNumber_Empty_splitClauses_0":["10800000"],
"predicateGeneratorTime_RelationalIneqs_splitClauses_1":["538"],
"unlabeledSingleVariableTemplatesNumber_Empty_splitClauses_0":["30"],
"cegarIterationNumber_Octagon_splitClauses_0":["10800000"],
"clauseNumberAfterSimplification_Octagon_splitClauses_1":["90"],
"unlabeledSingleVariableTemplatesNumber_Labeled_splitClauses_1":["30"],
"clauseNumberBeforeSimplification_Random_splitClauses_1":["25"],
"minedTemplateRelationSymbolNumber_All_splitClauses_0":["7"],
"unlabeledTemplateRelationSymbolNumber_RelationalEqs_splitClauses_0":["7"],
"minedSingleVariableTemplatesNumber_Unlabeled_splitClauses_1":["14"],
"clauseNumberBeforeSimplification_RelationalEqs_splitClauses_0":["25"],
"minedTemplateNumber_Unlabeled_splitClauses_0":["18"],
"generatedPredicateNumber_Octagon_splitClauses_0":["10800000"],
"predicateGeneratorTime_PredictedCDHG_splitClauses_0":["10800000"],
"clauseNumberAfterSimplification_PredictedCG_splitClauses_1":["90"],
"labeledSingleVariableTemplatesNumber_RelationalEqs_splitClauses_1":["0"],
"smt2FileSizeByte_Random_splitClauses_1":["5291"],
"averagePredicateSize_PredictedCG_splitClauses_1":["10800000"],
"cegarIterationNumber_PredictedCDHG_splitClauses_1":["10800000"],
"clauseNumberAfterSimplification_RelationalEqs_splitClauses_1":["90"],
"minedBinaryVariableTemplatesNumber_Empty_splitClauses_1":["4"],
"relationSymbolNumberAfterSimplification_RelationalEqs_splitClauses_1":["286"],
"minedTemplateNumber_PredictedCDHG_splitClauses_0":["18"],
"labeledBinaryVariableTemplatesNumber_All_splitClauses_1":["4"],
"solvingTime_RelationalIneqs_splitClauses_1":["2120"],
"unlabeledTemplateRelationSymbolNumber_RelationalEqs_splitClauses_1":["7"],
"smt2FileSizeByte_Unlabeled_splitClauses_0":["5291"],
"relationSymbolNumberBeforeSimplification_Mined_splitClauses_1":["70"],
"relationSymbolNumberAfterSimplification_Mined_splitClauses_1":["286"],
"generatedPredicateNumber_All_splitClauses_0":["10800000"],
"relationSymbolNumberBeforeSimplification_Octagon_splitClauses_1":["70"],
"predicateGeneratorTime_Octagon_splitClauses_1":["918"],
"solvability_Mined_splitClauses_1":["1"],
"minedTemplateRelationSymbolNumber_Term_splitClauses_1":["7"],
"clauseNumberAfterSimplification_Mined_splitClauses_0":["90"],
"solvability_PredictedCDHG_splitClauses_0":["10800000"],
"solvingTime_Empty_splitClauses_0":["10800000"],
"unlabeledSingleVariableTemplatesNumber_Unlabeled_splitClauses_1":["30"],
"minedTemplateNumber_Term_splitClauses_1":["18"],
"averagePredicateSize_Octagon_splitClauses_1":["1"],
"unlabeledSingleVariableTemplatesNumber_Octagon_splitClauses_1":["30"],
"minedTemplateRelationSymbolNumber_RelationalEqs_splitClauses_1":["7"],
"relationSymbolNumberBeforeSimplification_All_splitClauses_1":["70"],
"minedBinaryVariableTemplatesNumber_RelationalIneqs_splitClauses_0":["4"],
"predicateGeneratorTime_Term_splitClauses_1":["460"],
"solvingTime_Labeled_splitClauses_0":["10800000"],
"unlabeledBinaryVariableTemplatesNumber_PredictedCG_splitClauses_0":["24"],
"minedTemplateNumber_All_splitClauses_0":["18"],
"predicateGeneratorTime_Labeled_splitClauses_1":["623"],
"unlabeledTemplateRelationSymbolNumber_Empty_splitClauses_0":["7"],
"unlabeledTemplateNumber_Mined_splitClauses_1":["54"],
"solvability_PredictedCG_splitClauses_1":["10800000"],
"unlabeledTemplateNumber_Term_splitClauses_0":["54"],
"minedBinaryVariableTemplatesNumber_PredictedCG_splitClauses_1":["4"],
"labeledSingleVariableTemplatesNumber_PredictedCDHG_splitClauses_0":["0"],
"minedBinaryVariableTemplatesNumber_All_splitClauses_0":["4"],
"averagePredicateSize_PredictedCDHG_splitClauses_1":["10800000"],
"predicateGeneratorTime_PredictedCG_splitClauses_0":["10800000"],
"generatedPredicateNumber_RelationalIneqs_splitClauses_0":["10800000"],
"labeledTemplateNumber_Empty_splitClauses_0":["4"],
"relationSymbolNumberAfterSimplification_RelationalIneqs_splitClauses_1":["286"],
"unlabeledTemplateRelationSymbolNumber_Term_splitClauses_0":["7"],
"minedTemplateNumber_All_splitClauses_1":["18"],
"labeledSingleVariableTemplatesNumber_Empty_splitClauses_1":["0"],
"minedBinaryVariableTemplatesNumber_Unlabeled_splitClauses_0":["4"],
"labeledTemplateNumber_Random_splitClauses_0":["4"],
"minedBinaryVariableTemplatesNumber_All_splitClauses_1":["4"],
"unlabeledSingleVariableTemplatesNumber_All_splitClauses_0":["30"],
"relationSymbolNumberBeforeSimplification_Labeled_splitClauses_1":["70"],
"smt2FileSizeByte_PredictedCDHG_splitClauses_1":["5291"],
"labeledBinaryVariableTemplatesNumber_PredictedCDHG_splitClauses_0":["4"],
"averagePredicateSize_RelationalEqs_splitClauses_1":["1"],
"minedSingleVariableTemplatesNumber_Term_splitClauses_0":["14"],
"labeledTemplateRelationSymbolNumber_Term_splitClauses_1":["4"],
"generatedPredicateNumber_Random_splitClauses_0":["10800000"],
"labeledBinaryVariableTemplatesNumber_Empty_splitClauses_1":["4"],
"relationSymbolNumberAfterSimplification_Term_splitClauses_1":["286"],
"clauseNumberAfterSimplification_Labeled_splitClauses_0":["90"],
"labeledSingleVariableTemplatesNumber_Labeled_splitClauses_0":["0"],
"minedTemplateNumber_Mined_splitClauses_1":["18"],
"labeledTemplateRelationSymbolNumber_Labeled_splitClauses_0":["4"],
"unlabeledTemplateRelationSymbolNumber_Mined_splitClauses_1":["7"],
"solvability_Labeled_splitClauses_0":["10800000"],
"minedTemplateNumber_RelationalEqs_splitClauses_1":["18"],
"solvingTime_Random_splitClauses_1":["2755"],
"minedTemplateNumber_Random_splitClauses_0":["18"],
"cegarIterationNumber_Unlabeled_splitClauses_1":["34"],
"minedTemplateNumber_RelationalIneqs_splitClauses_1":["18"],
"unlabeledBinaryVariableTemplatesNumber_Octagon_splitClauses_1":["24"],
"minedSingleVariableTemplatesNumber_Octagon_splitClauses_1":["14"],
"minedSingleVariableTemplatesNumber_Random_splitClauses_1":["14"],
"averagePredicateSize_All_splitClauses_1":["10800000"],
"minedTemplateNumber_Empty_splitClauses_0":["18"],
"labeledTemplateNumber_Mined_splitClauses_0":["4"],
"unlabeledBinaryVariableTemplatesNumber_All_splitClauses_0":["24"],
"relationSymbolNumberAfterSimplification_Labeled_splitClauses_1":["286"],
"labeledSingleVariableTemplatesNumber_PredictedCDHG_splitClauses_1":["0"],
"minedSingleVariableTemplatesNumber_Mined_splitClauses_1":["14"],
"labeledTemplateRelationSymbolNumber_Term_splitClauses_0":["4"],
"unlabeledTemplateRelationSymbolNumber_Term_splitClauses_1":["7"],
"predicateGeneratorTime_All_splitClauses_1":["10800000"],
"unlabeledSingleVariableTemplatesNumber_Random_splitClauses_0":["30"],
"predicateGeneratorTime_Unlabeled_splitClauses_1":["547"],
"cegarIterationNumber_PredictedCDHG_splitClauses_0":["10800000"],
"labeledTemplateNumber_RelationalEqs_splitClauses_0":["4"],
"labeledTemplateRelationSymbolNumber_Mined_splitClauses_1":["4"],
"labeledTemplateRelationSymbolNumber_Random_splitClauses_0":["4"],
"labeledBinaryVariableTemplatesNumber_RelationalEqs_splitClauses_1":["4"],
"generatedPredicateNumber_RelationalIneqs_splitClauses_1":["54"],
"unlabeledTemplateRelationSymbolNumber_PredictedCG_splitClauses_1":["7"],
"unlabeledSingleVariableTemplatesNumber_RelationalEqs_splitClauses_0":["30"],
"labeledBinaryVariableTemplatesNumber_Labeled_splitClauses_0":["4"],
"minedBinaryVariableTemplatesNumber_PredictedCDHG_splitClauses_0":["4"],
"unlabeledTemplateRelationSymbolNumber_Unlabeled_splitClauses_0":["7"],
"clauseNumberAfterSimplification_Term_splitClauses_1":["90"],
"unlabeledTemplateNumber_Octagon_splitClauses_0":["54"],
"unlabeledBinaryVariableTemplatesNumber_RelationalEqs_splitClauses_1":["24"],
"unlabeledTemplateNumber_PredictedCG_splitClauses_0":["54"],
"unlabeledTemplateNumber_All_splitClauses_0":["54"],
"labeledTemplateRelationSymbolNumber_RelationalIneqs_splitClauses_1":["4"],
"unlabeledSingleVariableTemplatesNumber_Mined_splitClauses_1":["30"],
"labeledTemplateRelationSymbolNumber_Unlabeled_splitClauses_1":["4"],
"labeledBinaryVariableTemplatesNumber_Random_splitClauses_1":["4"],
"solvability_Random_splitClauses_1":["1"],
"solvingTime_Term_splitClauses_0":["10800000"],
"minedSingleVariableTemplatesNumber_Labeled_splitClauses_1":["14"],
"clauseNumberBeforeSimplification_Term_splitClauses_0":["25"],
"relationSymbolNumberBeforeSimplification_RelationalIneqs_splitClauses_1":["70"],
"minedTemplateRelationSymbolNumber_Mined_splitClauses_0":["7"],
"solvability_Octagon_splitClauses_1":["1"],
"minedSingleVariableTemplatesNumber_RelationalIneqs_splitClauses_1":["14"],
"smt2FileSizeByte_Labeled_splitClauses_0":["5291"],
"solvability_RelationalEqs_splitClauses_1":["1"],
"unlabeledSingleVariableTemplatesNumber_Empty_splitClauses_1":["30"],
"labeledTemplateNumber_PredictedCDHG_splitClauses_1":["4"],
"minedTemplateRelationSymbolNumber_Octagon_splitClauses_0":["7"],
"clauseNumberAfterSimplification_Unlabeled_splitClauses_0":["90"],
"clauseNumberBeforeSimplification_Unlabeled_splitClauses_0":["25"],
"clauseNumberBeforeSimplification_PredictedCDHG_splitClauses_0":["25"],
"cegarIterationNumber_RelationalIneqs_splitClauses_0":["10800000"],
"labeledTemplateRelationSymbolNumber_RelationalEqs_splitClauses_0":["4"],
"averagePredicateSize_Labeled_splitClauses_0":["10800000"],
"smt2FileSizeByte_RelationalIneqs_splitClauses_1":["5291"],
"clauseNumberBeforeSimplification_RelationalEqs_splitClauses_1":["25"],
"unlabeledTemplateRelationSymbolNumber_RelationalIneqs_splitClauses_1":["7"],
"clauseNumberBeforeSimplification_PredictedCG_splitClauses_0":["25"],
"solvingTime_PredictedCDHG_splitClauses_0":["10800000"],
"labeledTemplateRelationSymbolNumber_Octagon_splitClauses_1":["4"],
"minedTemplateRelationSymbolNumber_PredictedCG_splitClauses_1":["7"],
"relationSymbolNumberBeforeSimplification_RelationalEqs_splitClauses_1":["70"],
"labeledTemplateNumber_Random_splitClauses_1":["4"],
"solvingTime_RelationalIneqs_splitClauses_0":["10800000"],
"labeledTemplateNumber_All_splitClauses_1":["4"],
"unlabeledTemplateNumber_Random_splitClauses_1":["54"],
"relationSymbolNumberBeforeSimplification_All_splitClauses_0":["70"],
"smt2FileSizeByte_Unlabeled_splitClauses_1":["5291"],
"cegarIterationNumber_PredictedCG_splitClauses_0":["10800000"],
"predicateGeneratorTime_Octagon_splitClauses_0":["10800000"],
"unlabeledTemplateNumber_RelationalEqs_splitClauses_1":["54"],
"clauseNumberAfterSimplification_Octagon_splitClauses_0":["90"],
"cegarIterationNumber_Random_splitClauses_0":["10800000"],
"solvability_PredictedCDHG_splitClauses_1":["10800000"],
"solvability_PredictedCG_splitClauses_0":["10800000"],
"solvingTime_PredictedCG_splitClauses_1":["10800000"],
"unlabeledSingleVariableTemplatesNumber_Unlabeled_splitClauses_0":["30"],
"unlabeledTemplateNumber_Unlabeled_splitClauses_0":["54"],
"labeledTemplateRelationSymbolNumber_RelationalIneqs_splitClauses_0":["4"],
"minedTemplateNumber_Random_splitClauses_1":["18"],
"generatedPredicateNumber_RelationalEqs_splitClauses_0":["10800000"],
"minedTemplateNumber_Term_splitClauses_0":["18"],
"solvingTime_All_splitClauses_1":["10800000"],
"minedSingleVariableTemplatesNumber_PredictedCG_splitClauses_0":["14"],
"smt2FileSizeByte_Term_splitClauses_1":["5291"],
"labeledBinaryVariableTemplatesNumber_All_splitClauses_0":["4"],
"minedTemplateNumber_PredictedCDHG_splitClauses_1":["18"],
"minedTemplateRelationSymbolNumber_PredictedCDHG_splitClauses_0":["7"],
"averagePredicateSize_Unlabeled_splitClauses_0":["10800000"],
"minedBinaryVariableTemplatesNumber_Octagon_splitClauses_1":["4"],
"unlabeledSingleVariableTemplatesNumber_Random_splitClauses_1":["30"],
"clauseNumberBeforeSimplification_Random_splitClauses_0":["25"],
"solvingTime_Unlabeled_splitClauses_1":["2610"],
"predicateGeneratorTime_PredictedCDHG_splitClauses_1":["10800000"],
"averagePredicateSize_PredictedCDHG_splitClauses_0":["10800000"],
"relationSymbolNumberAfterSimplification_RelationalEqs_splitClauses_0":["286"],
"minedBinaryVariableTemplatesNumber_Term_splitClauses_0":["4"],
"labeledTemplateNumber_RelationalIneqs_splitClauses_0":["4"],
"clauseNumberAfterSimplification_Random_splitClauses_0":["90"],
"clauseNumberAfterSimplification_PredictedCG_splitClauses_0":["90"],
"generatedPredicateNumber_Empty_splitClauses_1":["54"],
"clauseNumberBeforeSimplification_Octagon_splitClauses_0":["25"],
"unlabeledTemplateNumber_Empty_splitClauses_0":["54"],
"minedSingleVariableTemplatesNumber_All_splitClauses_0":["14"],
"labeledTemplateRelationSymbolNumber_Octagon_splitClauses_0":["4"],
"generatedPredicateNumber_Random_splitClauses_1":["54"],
"clauseNumberAfterSimplification_RelationalEqs_splitClauses_0":["90"],
"labeledBinaryVariableTemplatesNumber_Term_splitClauses_0":["4"],
"minedSingleVariableTemplatesNumber_RelationalEqs_splitClauses_0":["14"],
"minedTemplateNumber_Mined_splitClauses_0":["18"],
"relationSymbolNumberBeforeSimplification_PredictedCG_splitClauses_0":["70"],
"averagePredicateSize_Octagon_splitClauses_0":["10800000"],
"unlabeledBinaryVariableTemplatesNumber_Empty_splitClauses_1":["24"],
"unlabeledSingleVariableTemplatesNumber_PredictedCDHG_splitClauses_0":["30"],
"unlabeledSingleVariableTemplatesNumber_PredictedCG_splitClauses_1":["30"],
"labeledTemplateRelationSymbolNumber_Labeled_splitClauses_1":["4"],
"minedTemplateRelationSymbolNumber_Random_splitClauses_0":["7"],
"unlabeledTemplateRelationSymbolNumber_PredictedCG_splitClauses_0":["7"],
"unlabeledTemplateNumber_RelationalIneqs_splitClauses_0":["54"],
"unlabeledSingleVariableTemplatesNumber_Labeled_splitClauses_0":["30"],
"relationSymbolNumberAfterSimplification_PredictedCG_splitClauses_0":["286"],
"minedTemplateNumber_Unlabeled_splitClauses_1":["18"],
"generatedPredicateNumber_PredictedCG_splitClauses_0":["10800000"],
"labeledTemplateNumber_Unlabeled_splitClauses_1":["4"],
"unlabeledTemplateRelationSymbolNumber_Empty_splitClauses_1":["7"],
"clauseNumberBeforeSimplification_Empty_splitClauses_0":["25"],
"solvingTime_Octagon_splitClauses_1":["3236"],
"cegarIterationNumber_Mined_splitClauses_1":["34"],
"clauseNumberBeforeSimplification_Mined_splitClauses_1":["25"],
"smt2FileSizeByte_PredictedCDHG_splitClauses_0":["5291"],
"averagePredicateSize_PredictedCG_splitClauses_0":["10800000"],
"solvingTime_Random_splitClauses_0":["10800000"],
"minedTemplateNumber_RelationalEqs_splitClauses_0":["18"],
"unlabeledSingleVariableTemplatesNumber_RelationalIneqs_splitClauses_0":["30"],
"unlabeledTemplateNumber_Unlabeled_splitClauses_1":["54"],
"labeledBinaryVariableTemplatesNumber_RelationalEqs_splitClauses_0":["4"],
"generatedPredicateNumber_PredictedCDHG_splitClauses_0":["10800000"],
"relationSymbolNumberAfterSimplification_RelationalIneqs_splitClauses_0":["286"],
"minedTemplateRelationSymbolNumber_Empty_splitClauses_1":["7"],
"predicateGeneratorTime_Random_splitClauses_1":["776"],
"labeledTemplateNumber_Term_splitClauses_1":["4"],
"relationSymbolNumberBeforeSimplification_RelationalEqs_splitClauses_0":["70"],
"minedSingleVariableTemplatesNumber_Empty_splitClauses_1":["14"],
"minedSingleVariableTemplatesNumber_RelationalIneqs_splitClauses_0":["14"],
"clauseNumberAfterSimplification_All_splitClauses_0":["90"],
"unlabeledBinaryVariableTemplatesNumber_RelationalEqs_splitClauses_0":["24"],
"cegarIterationNumber_RelationalEqs_splitClauses_0":["10800000"],
"labeledTemplateRelationSymbolNumber_PredictedCDHG_splitClauses_0":["4"],
"labeledSingleVariableTemplatesNumber_Labeled_splitClauses_1":["0"],
"unlabeledBinaryVariableTemplatesNumber_All_splitClauses_1":["24"],
"minedTemplateRelationSymbolNumber_Unlabeled_splitClauses_1":["7"],
"solvingTime_RelationalEqs_splitClauses_0":["10800000"],
"solvingTime_RelationalEqs_splitClauses_1":["2802"],
"minedBinaryVariableTemplatesNumber_Mined_splitClauses_0":["4"],
"clauseNumberBeforeSimplification_All_splitClauses_0":["25"],
"clauseNumberBeforeSimplification_RelationalIneqs_splitClauses_1":["25"],
"labeledTemplateNumber_RelationalEqs_splitClauses_1":["4"],
"labeledBinaryVariableTemplatesNumber_RelationalIneqs_splitClauses_0":["4"],
"relationSymbolNumberBeforeSimplification_Labeled_splitClauses_0":["70"],
"clauseNumberAfterSimplification_Empty_splitClauses_0":["90"],
"averagePredicateSize_Empty_splitClauses_0":["10800000"],
"unlabeledTemplateNumber_Term_splitClauses_1":["54"],
"predicateGeneratorTime_Mined_splitClauses_1":["533"],
"labeledBinaryVariableTemplatesNumber_RelationalIneqs_splitClauses_1":["4"],
"predicateGeneratorTime_Unlabeled_splitClauses_0":["10800000"],
"relationSymbolNumberAfterSimplification_Empty_splitClauses_0":["286"],
"generatedPredicateNumber_Mined_splitClauses_0":["10800000"],
"generatedPredicateNumber_RelationalEqs_splitClauses_1":["54"],
"labeledTemplateRelationSymbolNumber_PredictedCG_splitClauses_0":["4"],
"minedSingleVariableTemplatesNumber_PredictedCG_splitClauses_1":["14"],
"minedTemplateRelationSymbolNumber_PredictedCG_splitClauses_0":["7"],
"unlabeledTemplateRelationSymbolNumber_Labeled_splitClauses_0":["7"],
"solvability_Empty_splitClauses_1":["1"],
"averagePredicateSize_Term_splitClauses_0":["10800000"],
"cegarIterationNumber_Random_splitClauses_1":["34"],
"averagePredicateSize_Labeled_splitClauses_1":["1"],
"unlabeledBinaryVariableTemplatesNumber_Unlabeled_splitClauses_0":["24"],
"generatedPredicateNumber_Unlabeled_splitClauses_1":["54"],
"predicateGeneratorTime_All_splitClauses_0":["10800000"],
"unlabeledBinaryVariableTemplatesNumber_PredictedCDHG_splitClauses_1":["24"],
"clauseNumberBeforeSimplification_Labeled_splitClauses_1":["25"],
"minedBinaryVariableTemplatesNumber_Labeled_splitClauses_1":["4"],
"labeledSingleVariableTemplatesNumber_All_splitClauses_0":["0"],
"unlabeledTemplateRelationSymbolNumber_Mined_splitClauses_0":["7"],
"cegarIterationNumber_Octagon_splitClauses_1":["34"],
"labeledTemplateNumber_Octagon_splitClauses_0":["4"],
"labeledTemplateRelationSymbolNumber_All_splitClauses_1":["4"],
"smt2FileSizeByte_Empty_splitClauses_0":["5291"],
"unlabeledTemplateNumber_Octagon_splitClauses_1":["54"],
"predicateGeneratorTime_RelationalEqs_splitClauses_0":["10800000"],
"unlabeledTemplateRelationSymbolNumber_RelationalIneqs_splitClauses_0":["7"],
"smt2FileSizeByte_RelationalEqs_splitClauses_1":["5291"],
"unlabeledTemplateNumber_Labeled_splitClauses_0":["54"],
"minedSingleVariableTemplatesNumber_Labeled_splitClauses_0":["14"],
"solvingTime_PredictedCDHG_splitClauses_1":["10800000"],
"relationSymbolNumberBeforeSimplification_Term_splitClauses_1":["70"],
"minedTemplateNumber_Octagon_splitClauses_1":["18"],
"clauseNumberBeforeSimplification_Mined_splitClauses_0":["25"],
"smt2FileSizeByte_All_splitClauses_0":["5291"],
"solvingTime_All_splitClauses_0":["10800000"],
"minedBinaryVariableTemplatesNumber_Term_splitClauses_1":["4"],
"unlabeledTemplateRelationSymbolNumber_Random_splitClauses_0":["7"],
"cegarIterationNumber_All_splitClauses_0":["10800000"],
"smt2FileSizeByte_RelationalEqs_splitClauses_0":["5291"],
"unlabeledSingleVariableTemplatesNumber_PredictedCDHG_splitClauses_1":["30"],
"clauseNumberBeforeSimplification_Labeled_splitClauses_0":["25"],
"cegarIterationNumber_PredictedCG_splitClauses_1":["10800000"],
"labeledTemplateRelationSymbolNumber_Unlabeled_splitClauses_0":["4"],
"unlabeledTemplateRelationSymbolNumber_Octagon_splitClauses_1":["7"],
"unlabeledTemplateNumber_Empty_splitClauses_1":["54"],
"clauseNumberBeforeSimplification_Octagon_splitClauses_1":["25"],
"labeledTemplateNumber_Unlabeled_splitClauses_0":["4"],
"labeledBinaryVariableTemplatesNumber_PredictedCG_splitClauses_0":["4"],
"solvability_Term_splitClauses_1":["1"],
"solvability_Octagon_splitClauses_0":["10800000"],
"minedTemplateRelationSymbolNumber_RelationalIneqs_splitClauses_0":["7"],
"clauseNumberBeforeSimplification_RelationalIneqs_splitClauses_0":["25"],
"labeledTemplateNumber_PredictedCG_splitClauses_0":["4"],
"cegarIterationNumber_Labeled_splitClauses_0":["10800000"],
"smt2FileSizeByte_Labeled_splitClauses_1":["5291"],
"clauseNumberBeforeSimplification_Unlabeled_splitClauses_1":["25"],
"generatedPredicateNumber_Term_splitClauses_1":["54"],
"solvingTime_Term_splitClauses_1":["2189"],
"unlabeledBinaryVariableTemplatesNumber_Random_splitClauses_1":["24"],
"unlabeledSingleVariableTemplatesNumber_Octagon_splitClauses_0":["30"],
"solvingTime_Octagon_splitClauses_0":["10800000"],
"labeledSingleVariableTemplatesNumber_Mined_splitClauses_1":["0"],
"averagePredicateSize_Term_splitClauses_1":["1"],
"labeledTemplateNumber_Labeled_splitClauses_0":["4"],
"unlabeledSingleVariableTemplatesNumber_PredictedCG_splitClauses_0":["30"],
"smt2FileSizeByte_Mined_splitClauses_1":["5291"],
"labeledBinaryVariableTemplatesNumber_Unlabeled_splitClauses_1":["4"],
"labeledTemplateNumber_All_splitClauses_0":["4"],
"unlabeledTemplateNumber_Random_splitClauses_0":["54"],
"labeledTemplateNumber_Octagon_splitClauses_1":["4"],
"unlabeledTemplateNumber_PredictedCDHG_splitClauses_1":["54"],
"unlabeledBinaryVariableTemplatesNumber_Mined_splitClauses_0":["24"],
"minedTemplateRelationSymbolNumber_Mined_splitClauses_1":["7"],
"labeledTemplateNumber_RelationalIneqs_splitClauses_1":["4"],
"relationSymbolNumberAfterSimplification_All_splitClauses_0":["286"],
"relationSymbolNumberBeforeSimplification_PredictedCDHG_splitClauses_0":["70"],
"solvability_Term_splitClauses_0":["10800000"],
"clauseNumberBeforeSimplification_PredictedCG_splitClauses_1":["25"],
"generatedPredicateNumber_Labeled_splitClauses_1":["54"],
"labeledSingleVariableTemplatesNumber_Unlabeled_splitClauses_0":["0"],
"unlabeledBinaryVariableTemplatesNumber_Empty_splitClauses_0":["24"],
"solvingTime_Mined_splitClauses_0":["10800000"],
"unlabeledTemplateNumber_All_splitClauses_1":["54"],
"clauseNumberAfterSimplification_Random_splitClauses_1":["90"],
"labeledBinaryVariableTemplatesNumber_Octagon_splitClauses_1":["4"],
"unlabeledBinaryVariableTemplatesNumber_Labeled_splitClauses_0":["24"],
"smt2FileSizeByte_Octagon_splitClauses_0":["5291"],
"labeledSingleVariableTemplatesNumber_Random_splitClauses_1":["0"],
"solvability_Unlabeled_splitClauses_0":["10800000"],
"solvingTime_Unlabeled_splitClauses_0":["10800000"],
"unlabeledTemplateRelationSymbolNumber_All_splitClauses_1":["7"],
"minedTemplateNumber_Empty_splitClauses_1":["18"],
"solvability_RelationalIneqs_splitClauses_0":["10800000"],
"unlabeledTemplateRelationSymbolNumber_Labeled_splitClauses_1":["7"],
"cegarIterationNumber_RelationalEqs_splitClauses_1":["34"],
"minedSingleVariableTemplatesNumber_RelationalEqs_splitClauses_1":["14"],
"clauseNumberAfterSimplification_PredictedCDHG_splitClauses_1":["90"],
"minedBinaryVariableTemplatesNumber_RelationalIneqs_splitClauses_1":["4"],
"unlabeledBinaryVariableTemplatesNumber_Mined_splitClauses_1":["24"],
"unlabeledBinaryVariableTemplatesNumber_PredictedCDHG_splitClauses_0":["24"],
"solvingTime_Empty_splitClauses_1":["2320"],
"labeledTemplateRelationSymbolNumber_Empty_splitClauses_1":["4"],
"generatedPredicateNumber_Term_splitClauses_0":["10800000"],
"averagePredicateSize_Empty_splitClauses_1":["1"],
"generatedPredicateNumber_PredictedCG_splitClauses_1":["10800000"],
"labeledTemplateRelationSymbolNumber_PredictedCDHG_splitClauses_1":["4"],
"predicateGeneratorTime_Mined_splitClauses_0":["10800000"],
"relationSymbolNumberBeforeSimplification_Term_splitClauses_0":["70"],
"predicateGeneratorTime_Labeled_splitClauses_0":["10800000"],
"labeledSingleVariableTemplatesNumber_Random_splitClauses_0":["0"],
"unlabeledTemplateRelationSymbolNumber_All_splitClauses_0":["7"],
"minedBinaryVariableTemplatesNumber_Labeled_splitClauses_0":["4"],
"generatedPredicateNumber_Labeled_splitClauses_0":["10800000"],
"relationSymbolNumberAfterSimplification_Empty_splitClauses_1":["286"],
"solvingTime_Mined_splitClauses_1":["2468"],
"minedSingleVariableTemplatesNumber_All_splitClauses_1":["14"],
"predicateGeneratorTime_Random_splitClauses_0":["10800000"],
"cegarIterationNumber_Term_splitClauses_1":["34"],
"labeledTemplateNumber_Empty_splitClauses_1":["4"],
"clauseNumberAfterSimplification_Empty_splitClauses_1":["90"],
"minedTemplateRelationSymbolNumber_Empty_splitClauses_0":["7"],
"unlabeledSingleVariableTemplatesNumber_Term_splitClauses_0":["30"],
"minedSingleVariableTemplatesNumber_Empty_splitClauses_0":["14"],
"relationSymbolNumberAfterSimplification_Random_splitClauses_0":["286"],
"minedTemplateRelationSymbolNumber_RelationalEqs_splitClauses_0":["7"],
"cegarIterationNumber_Empty_splitClauses_0":["10800000"],
"minedBinaryVariableTemplatesNumber_RelationalEqs_splitClauses_1":["4"],
"relationSymbolNumberBeforeSimplification_PredictedCG_splitClauses_1":["70"],
"labeledSingleVariableTemplatesNumber_All_splitClauses_1":["0"],
"unlabeledTemplateRelationSymbolNumber_Octagon_splitClauses_0":["7"],
"minedTemplateRelationSymbolNumber_Unlabeled_splitClauses_0":["7"],
"labeledBinaryVariableTemplatesNumber_Mined_splitClauses_0":["4"],
"relationSymbolNumberAfterSimplification_Unlabeled_splitClauses_1":["286"],
"minedTemplateNumber_PredictedCG_splitClauses_1":["18"],
"cegarIterationNumber_Empty_splitClauses_1":["34"],
"averagePredicateSize_RelationalIneqs_splitClauses_0":["10800000"],
"solvability_All_splitClauses_1":["10800000"],
"unlabeledBinaryVariableTemplatesNumber_Term_splitClauses_1":["24"],
"minedTemplateRelationSymbolNumber_Labeled_splitClauses_1":["7"],
"averagePredicateSize_Unlabeled_splitClauses_1":["1"],
"labeledTemplateNumber_Term_splitClauses_0":["4"],
"smt2FileSizeByte_Empty_splitClauses_1":["5291"],
"solvingTime_PredictedCG_splitClauses_0":["10800000"],
"cegarIterationNumber_All_splitClauses_1":["10800000"],
"clauseNumberBeforeSimplification_Term_splitClauses_1":["25"],
"predicateGeneratorTime_Empty_splitClauses_0":["10800000"],
"relationSymbolNumberBeforeSimplification_Empty_splitClauses_1":["70"],
"averagePredicateSize_All_splitClauses_0":["10800000"],
"unlabeledBinaryVariableTemplatesNumber_Random_splitClauses_0":["24"],
"smt2FileSizeByte_Term_splitClauses_0":["5291"],
"averagePredicateSize_Mined_splitClauses_1":["1"],
"minedBinaryVariableTemplatesNumber_Empty_splitClauses_0":["4"],
"minedTemplateRelationSymbolNumber_All_splitClauses_1":["7"],
"labeledSingleVariableTemplatesNumber_PredictedCG_splitClauses_0":["0"],
"unlabeledBinaryVariableTemplatesNumber_RelationalIneqs_splitClauses_0":["24"],
"unlabeledSingleVariableTemplatesNumber_RelationalIneqs_splitClauses_1":["30"],
"clauseNumberAfterSimplification_RelationalIneqs_splitClauses_0":["90"],
"unlabeledTemplateNumber_RelationalEqs_splitClauses_0":["54"],
"unlabeledTemplateNumber_RelationalIneqs_splitClauses_1":["54"],
"labeledTemplateRelationSymbolNumber_PredictedCG_splitClauses_1":["4"],
"labeledTemplateRelationSymbolNumber_All_splitClauses_0":["4"],
"labeledSingleVariableTemplatesNumber_Octagon_splitClauses_0":["0"],
"dummyFiled":[]
}