{
"cegarIterationNumber_Term_splitClauses_0":[3],
"cegarIterationNumber_RelationalIneqs_splitClauses_1":[47],
"cegarIterationNumber_Octagon_splitClauses_0":[3],
"solvingTime_RelationalIneqs_splitClauses_1":[1558],
"solvingTime_Term_splitClauses_0":[627],
"cegarIterationNumber_RelationalIneqs_splitClauses_0":[3],
"solvingTime_RelationalIneqs_splitClauses_0":[462],
"solvingTime_Octagon_splitClauses_1":[1474],
"cegarIterationNumber_RelationalEqs_splitClauses_0":[3],
"solvingTime_RelationalEqs_splitClauses_0":[569],
"solvingTime_RelationalEqs_splitClauses_1":[1600],
"cegarIterationNumber_Octagon_splitClauses_1":[47],
"solvingTime_Term_splitClauses_1":[1840],
"solvingTime_Octagon_splitClauses_0":[497],
"cegarIterationNumber_RelationalEqs_splitClauses_1":[47],
"cegarIterationNumber_Term_splitClauses_1":[47],
"dummyFiled":[]
}