{
"smt2FileSizeByte_All_splitClauses_1":["261448"],
"generatedPredicateNumber_All_splitClauses_1":["10800000"],
"unlabeledTemplateRelationSymbolNumber_PredictedCDHG_splitClauses_0":["14"],
"relationSymbolNumberBeforeSimplification_Unlabeled_splitClauses_1":["177"],
"predicateGeneratorTime_Term_splitClauses_0":["10800000"],
"averagePredicateSize_Random_splitClauses_1":["10800000"],
"labeledBinaryVariableTemplatesNumber_Labeled_splitClauses_1":["24"],
"clauseNumberBeforeSimplification_All_splitClauses_1":["89"],
"minedTemplateRelationSymbolNumber_Term_splitClauses_0":["14"],
"solvingTime_Labeled_splitClauses_1":["10800000"],
"unlabeledTemplateNumber_Labeled_splitClauses_1":["2859"],
"relationSymbolNumberAfterSimplification_All_splitClauses_1":["157"],
"minedTemplateRelationSymbolNumber_Octagon_splitClauses_1":["14"],
"clauseNumberAfterSimplification_Mined_splitClauses_1":["80"],
"relationSymbolNumberBeforeSimplification_Octagon_splitClauses_0":["177"],
"unlabeledBinaryVariableTemplatesNumber_Term_splitClauses_0":["1878"],
"labeledTemplateNumber_PredictedCDHG_splitClauses_0":["29"],
"solvability_Empty_splitClauses_0":["10800000"],
"unlabeledTemplateRelationSymbolNumber_Random_splitClauses_1":["14"],
"labeledBinaryVariableTemplatesNumber_Octagon_splitClauses_0":["24"],
"relationSymbolNumberBeforeSimplification_Random_splitClauses_1":["177"],
"minedTemplateRelationSymbolNumber_Random_splitClauses_1":["14"],
"unlabeledSingleVariableTemplatesNumber_Mined_splitClauses_0":["981"],
"unlabeledBinaryVariableTemplatesNumber_PredictedCG_splitClauses_1":["1878"],
"solvability_All_splitClauses_0":["10800000"],
"predicateGeneratorTime_RelationalEqs_splitClauses_1":["10800000"],
"relationSymbolNumberBeforeSimplification_PredictedCDHG_splitClauses_1":["177"],
"smt2FileSizeByte_PredictedCG_splitClauses_1":["261448"],
"labeledSingleVariableTemplatesNumber_Unlabeled_splitClauses_1":["5"],
"labeledBinaryVariableTemplatesNumber_PredictedCG_splitClauses_1":["24"],
"minedBinaryVariableTemplatesNumber_PredictedCG_splitClauses_0":["24"],
"solvability_Random_splitClauses_0":["10800000"],
"relationSymbolNumberAfterSimplification_PredictedCG_splitClauses_1":["157"],
"clauseNumberBeforeSimplification_PredictedCDHG_splitClauses_1":["89"],
"labeledSingleVariableTemplatesNumber_Mined_splitClauses_0":["5"],
"solvability_Unlabeled_splitClauses_1":["10800000"],
"cegarIterationNumber_Labeled_splitClauses_1":["10800000"],
"smt2FileSizeByte_Mined_splitClauses_0":["261448"],
"relationSymbolNumberAfterSimplification_Mined_splitClauses_0":["157"],
"labeledSingleVariableTemplatesNumber_PredictedCG_splitClauses_1":["5"],
"smt2FileSizeByte_Octagon_splitClauses_1":["261448"],
"minedTemplateNumber_Labeled_splitClauses_1":["351"],
"labeledSingleVariableTemplatesNumber_RelationalIneqs_splitClauses_1":["5"],
"clauseNumberAfterSimplification_Labeled_splitClauses_1":["80"],
"relationSymbolNumberAfterSimplification_Labeled_splitClauses_0":["157"],
"smt2FileSizeByte_Random_splitClauses_0":["261448"],
"relationSymbolNumberAfterSimplification_PredictedCDHG_splitClauses_0":["157"],
"unlabeledTemplateRelationSymbolNumber_PredictedCDHG_splitClauses_1":["14"],
"labeledSingleVariableTemplatesNumber_Term_splitClauses_0":["5"],
"generatedPredicateNumber_PredictedCDHG_splitClauses_1":["10800000"],
"minedSingleVariableTemplatesNumber_Unlabeled_splitClauses_0":["327"],
"generatedPredicateNumber_Octagon_splitClauses_1":["10800000"],
"labeledSingleVariableTemplatesNumber_RelationalEqs_splitClauses_0":["5"],
"predicateGeneratorTime_PredictedCG_splitClauses_1":["10800000"],
"relationSymbolNumberAfterSimplification_Octagon_splitClauses_0":["157"],
"labeledTemplateNumber_Labeled_splitClauses_1":["29"],
"labeledSingleVariableTemplatesNumber_Empty_splitClauses_0":["5"],
"minedTemplateRelationSymbolNumber_RelationalIneqs_splitClauses_1":["14"],
"unlabeledSingleVariableTemplatesNumber_All_splitClauses_1":["981"],
"labeledBinaryVariableTemplatesNumber_PredictedCDHG_splitClauses_1":["24"],
"unlabeledSingleVariableTemplatesNumber_RelationalEqs_splitClauses_1":["981"],
"cegarIterationNumber_Term_splitClauses_0":["10800000"],
"unlabeledBinaryVariableTemplatesNumber_Labeled_splitClauses_1":["1878"],
"unlabeledSingleVariableTemplatesNumber_Term_splitClauses_1":["981"],
"clauseNumberAfterSimplification_All_splitClauses_1":["80"],
"minedSingleVariableTemplatesNumber_Random_splitClauses_0":["327"],
"solvability_RelationalIneqs_splitClauses_1":["10800000"],
"minedTemplateNumber_Labeled_splitClauses_0":["351"],
"minedSingleVariableTemplatesNumber_Octagon_splitClauses_0":["327"],
"minedSingleVariableTemplatesNumber_Term_splitClauses_1":["327"],
"minedBinaryVariableTemplatesNumber_PredictedCDHG_splitClauses_1":["24"],
"generatedPredicateNumber_Mined_splitClauses_1":["209"],
"labeledSingleVariableTemplatesNumber_RelationalIneqs_splitClauses_0":["5"],
"averagePredicateSize_Mined_splitClauses_0":["10800000"],
"cegarIterationNumber_Unlabeled_splitClauses_0":["10800000"],
"minedBinaryVariableTemplatesNumber_Random_splitClauses_0":["24"],
"labeledTemplateNumber_Mined_splitClauses_1":["29"],
"labeledBinaryVariableTemplatesNumber_Random_splitClauses_0":["24"],
"unlabeledTemplateRelationSymbolNumber_Unlabeled_splitClauses_1":["14"],
"cegarIterationNumber_Mined_splitClauses_0":["10800000"],
"minedTemplateRelationSymbolNumber_Labeled_splitClauses_0":["14"],
"unlabeledBinaryVariableTemplatesNumber_RelationalIneqs_splitClauses_1":["1878"],
"unlabeledBinaryVariableTemplatesNumber_Octagon_splitClauses_0":["1878"],
"solvability_Mined_splitClauses_0":["10800000"],
"averagePredicateSize_RelationalEqs_splitClauses_0":["10800000"],
"clauseNumberAfterSimplification_Term_splitClauses_0":["80"],
"unlabeledTemplateNumber_Mined_splitClauses_0":["2859"],
"relationSymbolNumberAfterSimplification_Random_splitClauses_1":["157"],
"unlabeledTemplateNumber_PredictedCDHG_splitClauses_0":["2859"],
"cegarIterationNumber_RelationalIneqs_splitClauses_1":["10800000"],
"minedBinaryVariableTemplatesNumber_Unlabeled_splitClauses_1":["24"],
"labeledTemplateNumber_PredictedCG_splitClauses_1":["29"],
"labeledTemplateRelationSymbolNumber_Mined_splitClauses_0":["13"],
"labeledBinaryVariableTemplatesNumber_Mined_splitClauses_1":["24"],
"relationSymbolNumberBeforeSimplification_Mined_splitClauses_0":["177"],
"relationSymbolNumberBeforeSimplification_RelationalIneqs_splitClauses_0":["177"],
"clauseNumberAfterSimplification_RelationalIneqs_splitClauses_1":["80"],
"minedSingleVariableTemplatesNumber_PredictedCDHG_splitClauses_0":["327"],
"solvability_Labeled_splitClauses_1":["10800000"],
"labeledSingleVariableTemplatesNumber_Octagon_splitClauses_1":["5"],
"averagePredicateSize_Random_splitClauses_0":["10800000"],
"smt2FileSizeByte_RelationalIneqs_splitClauses_0":["261448"],
"generatedPredicateNumber_Unlabeled_splitClauses_0":["10800000"],
"solvability_RelationalEqs_splitClauses_0":["10800000"],
"predicateGeneratorTime_Empty_splitClauses_1":["10800000"],
"minedSingleVariableTemplatesNumber_Mined_splitClauses_0":["327"],
"relationSymbolNumberAfterSimplification_Unlabeled_splitClauses_0":["157"],
"minedTemplateRelationSymbolNumber_PredictedCDHG_splitClauses_1":["14"],
"minedTemplateNumber_PredictedCG_splitClauses_0":["351"],
"averagePredicateSize_RelationalIneqs_splitClauses_1":["10800000"],
"labeledTemplateRelationSymbolNumber_Random_splitClauses_1":["13"],
"minedTemplateNumber_RelationalIneqs_splitClauses_0":["351"],
"predicateGeneratorTime_RelationalIneqs_splitClauses_0":["10800000"],
"labeledTemplateRelationSymbolNumber_Empty_splitClauses_0":["13"],
"minedBinaryVariableTemplatesNumber_Octagon_splitClauses_0":["24"],
"labeledSingleVariableTemplatesNumber_Term_splitClauses_1":["5"],
"labeledBinaryVariableTemplatesNumber_Empty_splitClauses_0":["24"],
"minedTemplateNumber_Octagon_splitClauses_0":["351"],
"labeledBinaryVariableTemplatesNumber_Unlabeled_splitClauses_0":["24"],
"relationSymbolNumberBeforeSimplification_Empty_splitClauses_0":["177"],
"clauseNumberAfterSimplification_PredictedCDHG_splitClauses_0":["80"],
"smt2FileSizeByte_PredictedCG_splitClauses_0":["261448"],
"minedBinaryVariableTemplatesNumber_RelationalEqs_splitClauses_0":["24"],
"relationSymbolNumberBeforeSimplification_Unlabeled_splitClauses_0":["177"],
"labeledTemplateRelationSymbolNumber_RelationalEqs_splitClauses_1":["13"],
"minedBinaryVariableTemplatesNumber_Random_splitClauses_1":["24"],
"clauseNumberAfterSimplification_Unlabeled_splitClauses_1":["80"],
"minedSingleVariableTemplatesNumber_PredictedCDHG_splitClauses_1":["327"],
"labeledBinaryVariableTemplatesNumber_Term_splitClauses_1":["24"],
"clauseNumberBeforeSimplification_Empty_splitClauses_1":["89"],
"relationSymbolNumberAfterSimplification_Octagon_splitClauses_1":["157"],
"relationSymbolNumberAfterSimplification_Term_splitClauses_0":["157"],
"minedBinaryVariableTemplatesNumber_Mined_splitClauses_1":["24"],
"unlabeledBinaryVariableTemplatesNumber_Unlabeled_splitClauses_1":["1878"],
"relationSymbolNumberBeforeSimplification_Random_splitClauses_0":["177"],
"relationSymbolNumberAfterSimplification_PredictedCDHG_splitClauses_1":["157"],
"unlabeledTemplateNumber_PredictedCG_splitClauses_1":["2859"],
"generatedPredicateNumber_Empty_splitClauses_0":["10800000"],
"predicateGeneratorTime_RelationalIneqs_splitClauses_1":["10800000"],
"unlabeledSingleVariableTemplatesNumber_Empty_splitClauses_0":["981"],
"cegarIterationNumber_Octagon_splitClauses_0":["10800000"],
"clauseNumberAfterSimplification_Octagon_splitClauses_1":["80"],
"unlabeledSingleVariableTemplatesNumber_Labeled_splitClauses_1":["981"],
"clauseNumberBeforeSimplification_Random_splitClauses_1":["89"],
"minedTemplateRelationSymbolNumber_All_splitClauses_0":["14"],
"unlabeledTemplateRelationSymbolNumber_RelationalEqs_splitClauses_0":["14"],
"minedSingleVariableTemplatesNumber_Unlabeled_splitClauses_1":["327"],
"clauseNumberBeforeSimplification_RelationalEqs_splitClauses_0":["89"],
"minedTemplateNumber_Unlabeled_splitClauses_0":["351"],
"generatedPredicateNumber_Octagon_splitClauses_0":["10800000"],
"predicateGeneratorTime_PredictedCDHG_splitClauses_0":["10800000"],
"clauseNumberAfterSimplification_PredictedCG_splitClauses_1":["80"],
"labeledSingleVariableTemplatesNumber_RelationalEqs_splitClauses_1":["5"],
"smt2FileSizeByte_Random_splitClauses_1":["261448"],
"averagePredicateSize_PredictedCG_splitClauses_1":["10800000"],
"cegarIterationNumber_PredictedCDHG_splitClauses_1":["10800000"],
"clauseNumberAfterSimplification_RelationalEqs_splitClauses_1":["80"],
"minedBinaryVariableTemplatesNumber_Empty_splitClauses_1":["24"],
"relationSymbolNumberAfterSimplification_RelationalEqs_splitClauses_1":["157"],
"minedTemplateNumber_PredictedCDHG_splitClauses_0":["351"],
"labeledBinaryVariableTemplatesNumber_All_splitClauses_1":["24"],
"solvingTime_RelationalIneqs_splitClauses_1":["10800000"],
"unlabeledTemplateRelationSymbolNumber_RelationalEqs_splitClauses_1":["14"],
"smt2FileSizeByte_Unlabeled_splitClauses_0":["261448"],
"relationSymbolNumberBeforeSimplification_Mined_splitClauses_1":["177"],
"relationSymbolNumberAfterSimplification_Mined_splitClauses_1":["157"],
"generatedPredicateNumber_All_splitClauses_0":["10800000"],
"relationSymbolNumberBeforeSimplification_Octagon_splitClauses_1":["177"],
"predicateGeneratorTime_Octagon_splitClauses_1":["10800000"],
"solvability_Mined_splitClauses_1":["1"],
"minedTemplateRelationSymbolNumber_Term_splitClauses_1":["14"],
"clauseNumberAfterSimplification_Mined_splitClauses_0":["80"],
"solvability_PredictedCDHG_splitClauses_0":["10800000"],
"solvingTime_Empty_splitClauses_0":["10800000"],
"unlabeledSingleVariableTemplatesNumber_Unlabeled_splitClauses_1":["981"],
"minedTemplateNumber_Term_splitClauses_1":["351"],
"averagePredicateSize_Octagon_splitClauses_1":["10800000"],
"unlabeledSingleVariableTemplatesNumber_Octagon_splitClauses_1":["981"],
"minedTemplateRelationSymbolNumber_RelationalEqs_splitClauses_1":["14"],
"relationSymbolNumberBeforeSimplification_All_splitClauses_1":["177"],
"minedBinaryVariableTemplatesNumber_RelationalIneqs_splitClauses_0":["24"],
"predicateGeneratorTime_Term_splitClauses_1":["10800000"],
"solvingTime_Labeled_splitClauses_0":["10800000"],
"unlabeledBinaryVariableTemplatesNumber_PredictedCG_splitClauses_0":["1878"],
"minedTemplateNumber_All_splitClauses_0":["351"],
"predicateGeneratorTime_Labeled_splitClauses_1":["10800000"],
"unlabeledTemplateRelationSymbolNumber_Empty_splitClauses_0":["14"],
"unlabeledTemplateNumber_Mined_splitClauses_1":["2859"],
"solvability_PredictedCG_splitClauses_1":["10800000"],
"unlabeledTemplateNumber_Term_splitClauses_0":["2859"],
"minedBinaryVariableTemplatesNumber_PredictedCG_splitClauses_1":["24"],
"labeledSingleVariableTemplatesNumber_PredictedCDHG_splitClauses_0":["5"],
"minedBinaryVariableTemplatesNumber_All_splitClauses_0":["24"],
"averagePredicateSize_PredictedCDHG_splitClauses_1":["10800000"],
"predicateGeneratorTime_PredictedCG_splitClauses_0":["10800000"],
"generatedPredicateNumber_RelationalIneqs_splitClauses_0":["10800000"],
"labeledTemplateNumber_Empty_splitClauses_0":["29"],
"relationSymbolNumberAfterSimplification_RelationalIneqs_splitClauses_1":["157"],
"unlabeledTemplateRelationSymbolNumber_Term_splitClauses_0":["14"],
"minedTemplateNumber_All_splitClauses_1":["351"],
"labeledSingleVariableTemplatesNumber_Empty_splitClauses_1":["5"],
"minedBinaryVariableTemplatesNumber_Unlabeled_splitClauses_0":["24"],
"labeledTemplateNumber_Random_splitClauses_0":["29"],
"minedBinaryVariableTemplatesNumber_All_splitClauses_1":["24"],
"unlabeledSingleVariableTemplatesNumber_All_splitClauses_0":["981"],
"relationSymbolNumberBeforeSimplification_Labeled_splitClauses_1":["177"],
"smt2FileSizeByte_PredictedCDHG_splitClauses_1":["261448"],
"labeledBinaryVariableTemplatesNumber_PredictedCDHG_splitClauses_0":["24"],
"averagePredicateSize_RelationalEqs_splitClauses_1":["10800000"],
"minedSingleVariableTemplatesNumber_Term_splitClauses_0":["327"],
"labeledTemplateRelationSymbolNumber_Term_splitClauses_1":["13"],
"generatedPredicateNumber_Random_splitClauses_0":["10800000"],
"labeledBinaryVariableTemplatesNumber_Empty_splitClauses_1":["24"],
"relationSymbolNumberAfterSimplification_Term_splitClauses_1":["157"],
"clauseNumberAfterSimplification_Labeled_splitClauses_0":["80"],
"labeledSingleVariableTemplatesNumber_Labeled_splitClauses_0":["5"],
"minedTemplateNumber_Mined_splitClauses_1":["351"],
"labeledTemplateRelationSymbolNumber_Labeled_splitClauses_0":["13"],
"unlabeledTemplateRelationSymbolNumber_Mined_splitClauses_1":["14"],
"solvability_Labeled_splitClauses_0":["10800000"],
"minedTemplateNumber_RelationalEqs_splitClauses_1":["351"],
"solvingTime_Random_splitClauses_1":["10800000"],
"minedTemplateNumber_Random_splitClauses_0":["351"],
"cegarIterationNumber_Unlabeled_splitClauses_1":["10800000"],
"minedTemplateNumber_RelationalIneqs_splitClauses_1":["351"],
"unlabeledBinaryVariableTemplatesNumber_Octagon_splitClauses_1":["1878"],
"minedSingleVariableTemplatesNumber_Octagon_splitClauses_1":["327"],
"minedSingleVariableTemplatesNumber_Random_splitClauses_1":["327"],
"averagePredicateSize_All_splitClauses_1":["10800000"],
"minedTemplateNumber_Empty_splitClauses_0":["351"],
"labeledTemplateNumber_Mined_splitClauses_0":["29"],
"unlabeledBinaryVariableTemplatesNumber_All_splitClauses_0":["1878"],
"relationSymbolNumberAfterSimplification_Labeled_splitClauses_1":["157"],
"labeledSingleVariableTemplatesNumber_PredictedCDHG_splitClauses_1":["5"],
"minedSingleVariableTemplatesNumber_Mined_splitClauses_1":["327"],
"labeledTemplateRelationSymbolNumber_Term_splitClauses_0":["13"],
"unlabeledTemplateRelationSymbolNumber_Term_splitClauses_1":["14"],
"predicateGeneratorTime_All_splitClauses_1":["10800000"],
"unlabeledSingleVariableTemplatesNumber_Random_splitClauses_0":["981"],
"predicateGeneratorTime_Unlabeled_splitClauses_1":["10800000"],
"cegarIterationNumber_PredictedCDHG_splitClauses_0":["10800000"],
"labeledTemplateNumber_RelationalEqs_splitClauses_0":["29"],
"labeledTemplateRelationSymbolNumber_Mined_splitClauses_1":["13"],
"labeledTemplateRelationSymbolNumber_Random_splitClauses_0":["13"],
"labeledBinaryVariableTemplatesNumber_RelationalEqs_splitClauses_1":["24"],
"generatedPredicateNumber_RelationalIneqs_splitClauses_1":["10800000"],
"unlabeledTemplateRelationSymbolNumber_PredictedCG_splitClauses_1":["14"],
"unlabeledSingleVariableTemplatesNumber_RelationalEqs_splitClauses_0":["981"],
"labeledBinaryVariableTemplatesNumber_Labeled_splitClauses_0":["24"],
"minedBinaryVariableTemplatesNumber_PredictedCDHG_splitClauses_0":["24"],
"unlabeledTemplateRelationSymbolNumber_Unlabeled_splitClauses_0":["14"],
"clauseNumberAfterSimplification_Term_splitClauses_1":["80"],
"unlabeledTemplateNumber_Octagon_splitClauses_0":["2859"],
"unlabeledBinaryVariableTemplatesNumber_RelationalEqs_splitClauses_1":["1878"],
"unlabeledTemplateNumber_PredictedCG_splitClauses_0":["2859"],
"unlabeledTemplateNumber_All_splitClauses_0":["2859"],
"labeledTemplateRelationSymbolNumber_RelationalIneqs_splitClauses_1":["13"],
"unlabeledSingleVariableTemplatesNumber_Mined_splitClauses_1":["981"],
"labeledTemplateRelationSymbolNumber_Unlabeled_splitClauses_1":["13"],
"labeledBinaryVariableTemplatesNumber_Random_splitClauses_1":["24"],
"solvability_Random_splitClauses_1":["10800000"],
"solvingTime_Term_splitClauses_0":["10800000"],
"minedSingleVariableTemplatesNumber_Labeled_splitClauses_1":["327"],
"clauseNumberBeforeSimplification_Term_splitClauses_0":["89"],
"relationSymbolNumberBeforeSimplification_RelationalIneqs_splitClauses_1":["177"],
"minedTemplateRelationSymbolNumber_Mined_splitClauses_0":["14"],
"solvability_Octagon_splitClauses_1":["10800000"],
"minedSingleVariableTemplatesNumber_RelationalIneqs_splitClauses_1":["327"],
"smt2FileSizeByte_Labeled_splitClauses_0":["261448"],
"solvability_RelationalEqs_splitClauses_1":["10800000"],
"unlabeledSingleVariableTemplatesNumber_Empty_splitClauses_1":["981"],
"labeledTemplateNumber_PredictedCDHG_splitClauses_1":["29"],
"minedTemplateRelationSymbolNumber_Octagon_splitClauses_0":["14"],
"clauseNumberAfterSimplification_Unlabeled_splitClauses_0":["80"],
"clauseNumberBeforeSimplification_Unlabeled_splitClauses_0":["89"],
"clauseNumberBeforeSimplification_PredictedCDHG_splitClauses_0":["89"],
"cegarIterationNumber_RelationalIneqs_splitClauses_0":["10800000"],
"labeledTemplateRelationSymbolNumber_RelationalEqs_splitClauses_0":["13"],
"averagePredicateSize_Labeled_splitClauses_0":["10800000"],
"smt2FileSizeByte_RelationalIneqs_splitClauses_1":["261448"],
"clauseNumberBeforeSimplification_RelationalEqs_splitClauses_1":["89"],
"unlabeledTemplateRelationSymbolNumber_RelationalIneqs_splitClauses_1":["14"],
"clauseNumberBeforeSimplification_PredictedCG_splitClauses_0":["89"],
"solvingTime_PredictedCDHG_splitClauses_0":["10800000"],
"labeledTemplateRelationSymbolNumber_Octagon_splitClauses_1":["13"],
"minedTemplateRelationSymbolNumber_PredictedCG_splitClauses_1":["14"],
"relationSymbolNumberBeforeSimplification_RelationalEqs_splitClauses_1":["177"],
"labeledTemplateNumber_Random_splitClauses_1":["29"],
"solvingTime_RelationalIneqs_splitClauses_0":["10800000"],
"labeledTemplateNumber_All_splitClauses_1":["29"],
"unlabeledTemplateNumber_Random_splitClauses_1":["2859"],
"relationSymbolNumberBeforeSimplification_All_splitClauses_0":["177"],
"smt2FileSizeByte_Unlabeled_splitClauses_1":["261448"],
"cegarIterationNumber_PredictedCG_splitClauses_0":["10800000"],
"predicateGeneratorTime_Octagon_splitClauses_0":["10800000"],
"unlabeledTemplateNumber_RelationalEqs_splitClauses_1":["2859"],
"clauseNumberAfterSimplification_Octagon_splitClauses_0":["80"],
"cegarIterationNumber_Random_splitClauses_0":["10800000"],
"solvability_PredictedCDHG_splitClauses_1":["10800000"],
"solvability_PredictedCG_splitClauses_0":["10800000"],
"solvingTime_PredictedCG_splitClauses_1":["10800000"],
"unlabeledSingleVariableTemplatesNumber_Unlabeled_splitClauses_0":["981"],
"unlabeledTemplateNumber_Unlabeled_splitClauses_0":["2859"],
"labeledTemplateRelationSymbolNumber_RelationalIneqs_splitClauses_0":["13"],
"minedTemplateNumber_Random_splitClauses_1":["351"],
"generatedPredicateNumber_RelationalEqs_splitClauses_0":["10800000"],
"minedTemplateNumber_Term_splitClauses_0":["351"],
"solvingTime_All_splitClauses_1":["10800000"],
"minedSingleVariableTemplatesNumber_PredictedCG_splitClauses_0":["327"],
"smt2FileSizeByte_Term_splitClauses_1":["261448"],
"labeledBinaryVariableTemplatesNumber_All_splitClauses_0":["24"],
"minedTemplateNumber_PredictedCDHG_splitClauses_1":["351"],
"minedTemplateRelationSymbolNumber_PredictedCDHG_splitClauses_0":["14"],
"averagePredicateSize_Unlabeled_splitClauses_0":["10800000"],
"minedBinaryVariableTemplatesNumber_Octagon_splitClauses_1":["24"],
"unlabeledSingleVariableTemplatesNumber_Random_splitClauses_1":["981"],
"clauseNumberBeforeSimplification_Random_splitClauses_0":["89"],
"solvingTime_Unlabeled_splitClauses_1":["10800000"],
"predicateGeneratorTime_PredictedCDHG_splitClauses_1":["10800000"],
"averagePredicateSize_PredictedCDHG_splitClauses_0":["10800000"],
"relationSymbolNumberAfterSimplification_RelationalEqs_splitClauses_0":["157"],
"minedBinaryVariableTemplatesNumber_Term_splitClauses_0":["24"],
"labeledTemplateNumber_RelationalIneqs_splitClauses_0":["29"],
"clauseNumberAfterSimplification_Random_splitClauses_0":["80"],
"clauseNumberAfterSimplification_PredictedCG_splitClauses_0":["80"],
"generatedPredicateNumber_Empty_splitClauses_1":["10800000"],
"clauseNumberBeforeSimplification_Octagon_splitClauses_0":["89"],
"unlabeledTemplateNumber_Empty_splitClauses_0":["2859"],
"minedSingleVariableTemplatesNumber_All_splitClauses_0":["327"],
"labeledTemplateRelationSymbolNumber_Octagon_splitClauses_0":["13"],
"generatedPredicateNumber_Random_splitClauses_1":["10800000"],
"clauseNumberAfterSimplification_RelationalEqs_splitClauses_0":["80"],
"labeledBinaryVariableTemplatesNumber_Term_splitClauses_0":["24"],
"minedSingleVariableTemplatesNumber_RelationalEqs_splitClauses_0":["327"],
"minedTemplateNumber_Mined_splitClauses_0":["351"],
"relationSymbolNumberBeforeSimplification_PredictedCG_splitClauses_0":["177"],
"averagePredicateSize_Octagon_splitClauses_0":["10800000"],
"unlabeledBinaryVariableTemplatesNumber_Empty_splitClauses_1":["1878"],
"unlabeledSingleVariableTemplatesNumber_PredictedCDHG_splitClauses_0":["981"],
"unlabeledSingleVariableTemplatesNumber_PredictedCG_splitClauses_1":["981"],
"labeledTemplateRelationSymbolNumber_Labeled_splitClauses_1":["13"],
"minedTemplateRelationSymbolNumber_Random_splitClauses_0":["14"],
"unlabeledTemplateRelationSymbolNumber_PredictedCG_splitClauses_0":["14"],
"unlabeledTemplateNumber_RelationalIneqs_splitClauses_0":["2859"],
"unlabeledSingleVariableTemplatesNumber_Labeled_splitClauses_0":["981"],
"relationSymbolNumberAfterSimplification_PredictedCG_splitClauses_0":["157"],
"minedTemplateNumber_Unlabeled_splitClauses_1":["351"],
"generatedPredicateNumber_PredictedCG_splitClauses_0":["10800000"],
"labeledTemplateNumber_Unlabeled_splitClauses_1":["29"],
"unlabeledTemplateRelationSymbolNumber_Empty_splitClauses_1":["14"],
"clauseNumberBeforeSimplification_Empty_splitClauses_0":["89"],
"solvingTime_Octagon_splitClauses_1":["10800000"],
"cegarIterationNumber_Mined_splitClauses_1":["40"],
"clauseNumberBeforeSimplification_Mined_splitClauses_1":["89"],
"smt2FileSizeByte_PredictedCDHG_splitClauses_0":["261448"],
"averagePredicateSize_PredictedCG_splitClauses_0":["10800000"],
"solvingTime_Random_splitClauses_0":["10800000"],
"minedTemplateNumber_RelationalEqs_splitClauses_0":["351"],
"unlabeledSingleVariableTemplatesNumber_RelationalIneqs_splitClauses_0":["981"],
"unlabeledTemplateNumber_Unlabeled_splitClauses_1":["2859"],
"labeledBinaryVariableTemplatesNumber_RelationalEqs_splitClauses_0":["24"],
"generatedPredicateNumber_PredictedCDHG_splitClauses_0":["10800000"],
"relationSymbolNumberAfterSimplification_RelationalIneqs_splitClauses_0":["157"],
"minedTemplateRelationSymbolNumber_Empty_splitClauses_1":["14"],
"predicateGeneratorTime_Random_splitClauses_1":["10800000"],
"labeledTemplateNumber_Term_splitClauses_1":["29"],
"relationSymbolNumberBeforeSimplification_RelationalEqs_splitClauses_0":["177"],
"minedSingleVariableTemplatesNumber_Empty_splitClauses_1":["327"],
"minedSingleVariableTemplatesNumber_RelationalIneqs_splitClauses_0":["327"],
"clauseNumberAfterSimplification_All_splitClauses_0":["80"],
"unlabeledBinaryVariableTemplatesNumber_RelationalEqs_splitClauses_0":["1878"],
"cegarIterationNumber_RelationalEqs_splitClauses_0":["10800000"],
"labeledTemplateRelationSymbolNumber_PredictedCDHG_splitClauses_0":["13"],
"labeledSingleVariableTemplatesNumber_Labeled_splitClauses_1":["5"],
"unlabeledBinaryVariableTemplatesNumber_All_splitClauses_1":["1878"],
"minedTemplateRelationSymbolNumber_Unlabeled_splitClauses_1":["14"],
"solvingTime_RelationalEqs_splitClauses_0":["10800000"],
"solvingTime_RelationalEqs_splitClauses_1":["10800000"],
"minedBinaryVariableTemplatesNumber_Mined_splitClauses_0":["24"],
"clauseNumberBeforeSimplification_All_splitClauses_0":["89"],
"clauseNumberBeforeSimplification_RelationalIneqs_splitClauses_1":["89"],
"labeledTemplateNumber_RelationalEqs_splitClauses_1":["29"],
"labeledBinaryVariableTemplatesNumber_RelationalIneqs_splitClauses_0":["24"],
"relationSymbolNumberBeforeSimplification_Labeled_splitClauses_0":["177"],
"clauseNumberAfterSimplification_Empty_splitClauses_0":["80"],
"averagePredicateSize_Empty_splitClauses_0":["10800000"],
"unlabeledTemplateNumber_Term_splitClauses_1":["2859"],
"predicateGeneratorTime_Mined_splitClauses_1":["16460"],
"labeledBinaryVariableTemplatesNumber_RelationalIneqs_splitClauses_1":["24"],
"predicateGeneratorTime_Unlabeled_splitClauses_0":["10800000"],
"relationSymbolNumberAfterSimplification_Empty_splitClauses_0":["157"],
"generatedPredicateNumber_Mined_splitClauses_0":["10800000"],
"generatedPredicateNumber_RelationalEqs_splitClauses_1":["10800000"],
"labeledTemplateRelationSymbolNumber_PredictedCG_splitClauses_0":["13"],
"minedSingleVariableTemplatesNumber_PredictedCG_splitClauses_1":["327"],
"minedTemplateRelationSymbolNumber_PredictedCG_splitClauses_0":["14"],
"unlabeledTemplateRelationSymbolNumber_Labeled_splitClauses_0":["14"],
"solvability_Empty_splitClauses_1":["10800000"],
"averagePredicateSize_Term_splitClauses_0":["10800000"],
"cegarIterationNumber_Random_splitClauses_1":["10800000"],
"averagePredicateSize_Labeled_splitClauses_1":["10800000"],
"unlabeledBinaryVariableTemplatesNumber_Unlabeled_splitClauses_0":["1878"],
"generatedPredicateNumber_Unlabeled_splitClauses_1":["10800000"],
"predicateGeneratorTime_All_splitClauses_0":["10800000"],
"unlabeledBinaryVariableTemplatesNumber_PredictedCDHG_splitClauses_1":["1878"],
"clauseNumberBeforeSimplification_Labeled_splitClauses_1":["89"],
"minedBinaryVariableTemplatesNumber_Labeled_splitClauses_1":["24"],
"labeledSingleVariableTemplatesNumber_All_splitClauses_0":["5"],
"unlabeledTemplateRelationSymbolNumber_Mined_splitClauses_0":["14"],
"cegarIterationNumber_Octagon_splitClauses_1":["10800000"],
"labeledTemplateNumber_Octagon_splitClauses_0":["29"],
"labeledTemplateRelationSymbolNumber_All_splitClauses_1":["13"],
"smt2FileSizeByte_Empty_splitClauses_0":["261448"],
"unlabeledTemplateNumber_Octagon_splitClauses_1":["2859"],
"predicateGeneratorTime_RelationalEqs_splitClauses_0":["10800000"],
"unlabeledTemplateRelationSymbolNumber_RelationalIneqs_splitClauses_0":["14"],
"smt2FileSizeByte_RelationalEqs_splitClauses_1":["261448"],
"unlabeledTemplateNumber_Labeled_splitClauses_0":["2859"],
"minedSingleVariableTemplatesNumber_Labeled_splitClauses_0":["327"],
"solvingTime_PredictedCDHG_splitClauses_1":["10800000"],
"relationSymbolNumberBeforeSimplification_Term_splitClauses_1":["177"],
"minedTemplateNumber_Octagon_splitClauses_1":["351"],
"clauseNumberBeforeSimplification_Mined_splitClauses_0":["89"],
"smt2FileSizeByte_All_splitClauses_0":["261448"],
"solvingTime_All_splitClauses_0":["10800000"],
"minedBinaryVariableTemplatesNumber_Term_splitClauses_1":["24"],
"unlabeledTemplateRelationSymbolNumber_Random_splitClauses_0":["14"],
"cegarIterationNumber_All_splitClauses_0":["10800000"],
"smt2FileSizeByte_RelationalEqs_splitClauses_0":["261448"],
"unlabeledSingleVariableTemplatesNumber_PredictedCDHG_splitClauses_1":["981"],
"clauseNumberBeforeSimplification_Labeled_splitClauses_0":["89"],
"cegarIterationNumber_PredictedCG_splitClauses_1":["10800000"],
"labeledTemplateRelationSymbolNumber_Unlabeled_splitClauses_0":["13"],
"unlabeledTemplateRelationSymbolNumber_Octagon_splitClauses_1":["14"],
"unlabeledTemplateNumber_Empty_splitClauses_1":["2859"],
"clauseNumberBeforeSimplification_Octagon_splitClauses_1":["89"],
"labeledTemplateNumber_Unlabeled_splitClauses_0":["29"],
"labeledBinaryVariableTemplatesNumber_PredictedCG_splitClauses_0":["24"],
"solvability_Term_splitClauses_1":["10800000"],
"solvability_Octagon_splitClauses_0":["10800000"],
"minedTemplateRelationSymbolNumber_RelationalIneqs_splitClauses_0":["14"],
"clauseNumberBeforeSimplification_RelationalIneqs_splitClauses_0":["89"],
"labeledTemplateNumber_PredictedCG_splitClauses_0":["29"],
"cegarIterationNumber_Labeled_splitClauses_0":["10800000"],
"smt2FileSizeByte_Labeled_splitClauses_1":["261448"],
"clauseNumberBeforeSimplification_Unlabeled_splitClauses_1":["89"],
"generatedPredicateNumber_Term_splitClauses_1":["10800000"],
"solvingTime_Term_splitClauses_1":["10800000"],
"unlabeledBinaryVariableTemplatesNumber_Random_splitClauses_1":["1878"],
"unlabeledSingleVariableTemplatesNumber_Octagon_splitClauses_0":["981"],
"solvingTime_Octagon_splitClauses_0":["10800000"],
"labeledSingleVariableTemplatesNumber_Mined_splitClauses_1":["5"],
"averagePredicateSize_Term_splitClauses_1":["10800000"],
"labeledTemplateNumber_Labeled_splitClauses_0":["29"],
"unlabeledSingleVariableTemplatesNumber_PredictedCG_splitClauses_0":["981"],
"smt2FileSizeByte_Mined_splitClauses_1":["261448"],
"labeledBinaryVariableTemplatesNumber_Unlabeled_splitClauses_1":["24"],
"labeledTemplateNumber_All_splitClauses_0":["29"],
"unlabeledTemplateNumber_Random_splitClauses_0":["2859"],
"labeledTemplateNumber_Octagon_splitClauses_1":["29"],
"unlabeledTemplateNumber_PredictedCDHG_splitClauses_1":["2859"],
"unlabeledBinaryVariableTemplatesNumber_Mined_splitClauses_0":["1878"],
"minedTemplateRelationSymbolNumber_Mined_splitClauses_1":["14"],
"labeledTemplateNumber_RelationalIneqs_splitClauses_1":["29"],
"relationSymbolNumberAfterSimplification_All_splitClauses_0":["157"],
"relationSymbolNumberBeforeSimplification_PredictedCDHG_splitClauses_0":["177"],
"solvability_Term_splitClauses_0":["10800000"],
"clauseNumberBeforeSimplification_PredictedCG_splitClauses_1":["89"],
"generatedPredicateNumber_Labeled_splitClauses_1":["10800000"],
"labeledSingleVariableTemplatesNumber_Unlabeled_splitClauses_0":["5"],
"unlabeledBinaryVariableTemplatesNumber_Empty_splitClauses_0":["1878"],
"solvingTime_Mined_splitClauses_0":["10800000"],
"unlabeledTemplateNumber_All_splitClauses_1":["2859"],
"clauseNumberAfterSimplification_Random_splitClauses_1":["80"],
"labeledBinaryVariableTemplatesNumber_Octagon_splitClauses_1":["24"],
"unlabeledBinaryVariableTemplatesNumber_Labeled_splitClauses_0":["1878"],
"smt2FileSizeByte_Octagon_splitClauses_0":["261448"],
"labeledSingleVariableTemplatesNumber_Random_splitClauses_1":["5"],
"solvability_Unlabeled_splitClauses_0":["10800000"],
"solvingTime_Unlabeled_splitClauses_0":["10800000"],
"unlabeledTemplateRelationSymbolNumber_All_splitClauses_1":["14"],
"minedTemplateNumber_Empty_splitClauses_1":["351"],
"solvability_RelationalIneqs_splitClauses_0":["10800000"],
"unlabeledTemplateRelationSymbolNumber_Labeled_splitClauses_1":["14"],
"cegarIterationNumber_RelationalEqs_splitClauses_1":["10800000"],
"minedSingleVariableTemplatesNumber_RelationalEqs_splitClauses_1":["327"],
"clauseNumberAfterSimplification_PredictedCDHG_splitClauses_1":["80"],
"minedBinaryVariableTemplatesNumber_RelationalIneqs_splitClauses_1":["24"],
"unlabeledBinaryVariableTemplatesNumber_Mined_splitClauses_1":["1878"],
"unlabeledBinaryVariableTemplatesNumber_PredictedCDHG_splitClauses_0":["1878"],
"solvingTime_Empty_splitClauses_1":["10800000"],
"labeledTemplateRelationSymbolNumber_Empty_splitClauses_1":["13"],
"generatedPredicateNumber_Term_splitClauses_0":["10800000"],
"averagePredicateSize_Empty_splitClauses_1":["10800000"],
"generatedPredicateNumber_PredictedCG_splitClauses_1":["10800000"],
"labeledTemplateRelationSymbolNumber_PredictedCDHG_splitClauses_1":["13"],
"predicateGeneratorTime_Mined_splitClauses_0":["10800000"],
"relationSymbolNumberBeforeSimplification_Term_splitClauses_0":["177"],
"predicateGeneratorTime_Labeled_splitClauses_0":["10800000"],
"labeledSingleVariableTemplatesNumber_Random_splitClauses_0":["5"],
"unlabeledTemplateRelationSymbolNumber_All_splitClauses_0":["14"],
"minedBinaryVariableTemplatesNumber_Labeled_splitClauses_0":["24"],
"generatedPredicateNumber_Labeled_splitClauses_0":["10800000"],
"relationSymbolNumberAfterSimplification_Empty_splitClauses_1":["157"],
"solvingTime_Mined_splitClauses_1":["23494"],
"minedSingleVariableTemplatesNumber_All_splitClauses_1":["327"],
"predicateGeneratorTime_Random_splitClauses_0":["10800000"],
"cegarIterationNumber_Term_splitClauses_1":["10800000"],
"labeledTemplateNumber_Empty_splitClauses_1":["29"],
"clauseNumberAfterSimplification_Empty_splitClauses_1":["80"],
"minedTemplateRelationSymbolNumber_Empty_splitClauses_0":["14"],
"unlabeledSingleVariableTemplatesNumber_Term_splitClauses_0":["981"],
"minedSingleVariableTemplatesNumber_Empty_splitClauses_0":["327"],
"relationSymbolNumberAfterSimplification_Random_splitClauses_0":["157"],
"minedTemplateRelationSymbolNumber_RelationalEqs_splitClauses_0":["14"],
"cegarIterationNumber_Empty_splitClauses_0":["10800000"],
"minedBinaryVariableTemplatesNumber_RelationalEqs_splitClauses_1":["24"],
"relationSymbolNumberBeforeSimplification_PredictedCG_splitClauses_1":["177"],
"labeledSingleVariableTemplatesNumber_All_splitClauses_1":["5"],
"unlabeledTemplateRelationSymbolNumber_Octagon_splitClauses_0":["14"],
"minedTemplateRelationSymbolNumber_Unlabeled_splitClauses_0":["14"],
"labeledBinaryVariableTemplatesNumber_Mined_splitClauses_0":["24"],
"relationSymbolNumberAfterSimplification_Unlabeled_splitClauses_1":["157"],
"minedTemplateNumber_PredictedCG_splitClauses_1":["351"],
"cegarIterationNumber_Empty_splitClauses_1":["10800000"],
"averagePredicateSize_RelationalIneqs_splitClauses_0":["10800000"],
"solvability_All_splitClauses_1":["10800000"],
"unlabeledBinaryVariableTemplatesNumber_Term_splitClauses_1":["1878"],
"minedTemplateRelationSymbolNumber_Labeled_splitClauses_1":["14"],
"averagePredicateSize_Unlabeled_splitClauses_1":["10800000"],
"labeledTemplateNumber_Term_splitClauses_0":["29"],
"smt2FileSizeByte_Empty_splitClauses_1":["261448"],
"solvingTime_PredictedCG_splitClauses_0":["10800000"],
"cegarIterationNumber_All_splitClauses_1":["10800000"],
"clauseNumberBeforeSimplification_Term_splitClauses_1":["89"],
"predicateGeneratorTime_Empty_splitClauses_0":["10800000"],
"relationSymbolNumberBeforeSimplification_Empty_splitClauses_1":["177"],
"averagePredicateSize_All_splitClauses_0":["10800000"],
"unlabeledBinaryVariableTemplatesNumber_Random_splitClauses_0":["1878"],
"smt2FileSizeByte_Term_splitClauses_0":["261448"],
"averagePredicateSize_Mined_splitClauses_1":["1"],
"minedBinaryVariableTemplatesNumber_Empty_splitClauses_0":["24"],
"minedTemplateRelationSymbolNumber_All_splitClauses_1":["14"],
"labeledSingleVariableTemplatesNumber_PredictedCG_splitClauses_0":["5"],
"unlabeledBinaryVariableTemplatesNumber_RelationalIneqs_splitClauses_0":["1878"],
"unlabeledSingleVariableTemplatesNumber_RelationalIneqs_splitClauses_1":["981"],
"clauseNumberAfterSimplification_RelationalIneqs_splitClauses_0":["80"],
"unlabeledTemplateNumber_RelationalEqs_splitClauses_0":["2859"],
"unlabeledTemplateNumber_RelationalIneqs_splitClauses_1":["2859"],
"labeledTemplateRelationSymbolNumber_PredictedCG_splitClauses_1":["13"],
"labeledTemplateRelationSymbolNumber_All_splitClauses_0":["13"],
"labeledSingleVariableTemplatesNumber_Octagon_splitClauses_0":["5"],
"dummyFiled":[]
}