{
"cegarIterationNumber_Term_splitClauses_0":[12],
"cegarIterationNumber_RelationalIneqs_splitClauses_1":[14],
"cegarIterationNumber_Octagon_splitClauses_0":[12],
"solvingTime_RelationalIneqs_splitClauses_1":[731],
"solvingTime_Term_splitClauses_0":[679],
"cegarIterationNumber_RelationalIneqs_splitClauses_0":[12],
"solvingTime_RelationalIneqs_splitClauses_0":[662],
"solvingTime_Octagon_splitClauses_1":[626],
"cegarIterationNumber_RelationalEqs_splitClauses_0":[12],
"solvingTime_RelationalEqs_splitClauses_0":[655],
"solvingTime_RelationalEqs_splitClauses_1":[678],
"cegarIterationNumber_Octagon_splitClauses_1":[14],
"solvingTime_Term_splitClauses_1":[577],
"solvingTime_Octagon_splitClauses_0":[743],
"cegarIterationNumber_RelationalEqs_splitClauses_1":[14],
"cegarIterationNumber_Term_splitClauses_1":[14],
"dummyFiled":[]
}