{
"smt2FileSizeByte_All_splitClauses_1":["308584"],
"generatedPredicateNumber_All_splitClauses_1":["10800000"],
"unlabeledTemplateRelationSymbolNumber_PredictedCDHG_splitClauses_0":["17"],
"relationSymbolNumberBeforeSimplification_Unlabeled_splitClauses_1":["209"],
"predicateGeneratorTime_Term_splitClauses_0":["10800000"],
"averagePredicateSize_Random_splitClauses_1":["1"],
"labeledBinaryVariableTemplatesNumber_Labeled_splitClauses_1":["17"],
"clauseNumberBeforeSimplification_All_splitClauses_1":["105"],
"minedTemplateRelationSymbolNumber_Term_splitClauses_0":["17"],
"solvingTime_Labeled_splitClauses_1":["7421"],
"unlabeledTemplateNumber_Labeled_splitClauses_1":["3462"],
"relationSymbolNumberAfterSimplification_All_splitClauses_1":["189"],
"minedTemplateRelationSymbolNumber_Octagon_splitClauses_1":["17"],
"clauseNumberAfterSimplification_Mined_splitClauses_1":["96"],
"relationSymbolNumberBeforeSimplification_Octagon_splitClauses_0":["209"],
"unlabeledBinaryVariableTemplatesNumber_Term_splitClauses_0":["2274"],
"labeledTemplateNumber_PredictedCDHG_splitClauses_0":["20"],
"solvability_Empty_splitClauses_0":["10800000"],
"unlabeledTemplateRelationSymbolNumber_Random_splitClauses_1":["17"],
"labeledBinaryVariableTemplatesNumber_Octagon_splitClauses_0":["17"],
"relationSymbolNumberBeforeSimplification_Random_splitClauses_1":["209"],
"minedTemplateRelationSymbolNumber_Random_splitClauses_1":["17"],
"unlabeledSingleVariableTemplatesNumber_Mined_splitClauses_0":["1188"],
"unlabeledBinaryVariableTemplatesNumber_PredictedCG_splitClauses_1":["2274"],
"solvability_All_splitClauses_0":["10800000"],
"predicateGeneratorTime_RelationalEqs_splitClauses_1":["39053"],
"relationSymbolNumberBeforeSimplification_PredictedCDHG_splitClauses_1":["209"],
"smt2FileSizeByte_PredictedCG_splitClauses_1":["308584"],
"labeledSingleVariableTemplatesNumber_Unlabeled_splitClauses_1":["3"],
"labeledBinaryVariableTemplatesNumber_PredictedCG_splitClauses_1":["17"],
"minedBinaryVariableTemplatesNumber_PredictedCG_splitClauses_0":["17"],
"solvability_Random_splitClauses_0":["10800000"],
"relationSymbolNumberAfterSimplification_PredictedCG_splitClauses_1":["189"],
"clauseNumberBeforeSimplification_PredictedCDHG_splitClauses_1":["105"],
"labeledSingleVariableTemplatesNumber_Mined_splitClauses_0":["3"],
"solvability_Unlabeled_splitClauses_1":["1"],
"cegarIterationNumber_Labeled_splitClauses_1":["35"],
"smt2FileSizeByte_Mined_splitClauses_0":["308584"],
"relationSymbolNumberAfterSimplification_Mined_splitClauses_0":["189"],
"labeledSingleVariableTemplatesNumber_PredictedCG_splitClauses_1":["3"],
"smt2FileSizeByte_Octagon_splitClauses_1":["308584"],
"minedTemplateNumber_Labeled_splitClauses_1":["413"],
"labeledSingleVariableTemplatesNumber_RelationalIneqs_splitClauses_1":["3"],
"clauseNumberAfterSimplification_Labeled_splitClauses_1":["96"],
"relationSymbolNumberAfterSimplification_Labeled_splitClauses_0":["189"],
"smt2FileSizeByte_Random_splitClauses_0":["308584"],
"relationSymbolNumberAfterSimplification_PredictedCDHG_splitClauses_0":["189"],
"unlabeledTemplateRelationSymbolNumber_PredictedCDHG_splitClauses_1":["17"],
"labeledSingleVariableTemplatesNumber_Term_splitClauses_0":["3"],
"generatedPredicateNumber_PredictedCDHG_splitClauses_1":["10800000"],
"minedSingleVariableTemplatesNumber_Unlabeled_splitClauses_0":["396"],
"generatedPredicateNumber_Octagon_splitClauses_1":["190"],
"labeledSingleVariableTemplatesNumber_RelationalEqs_splitClauses_0":["3"],
"predicateGeneratorTime_PredictedCG_splitClauses_1":["10800000"],
"relationSymbolNumberAfterSimplification_Octagon_splitClauses_0":["189"],
"labeledTemplateNumber_Labeled_splitClauses_1":["20"],
"labeledSingleVariableTemplatesNumber_Empty_splitClauses_0":["3"],
"minedTemplateRelationSymbolNumber_RelationalIneqs_splitClauses_1":["17"],
"unlabeledSingleVariableTemplatesNumber_All_splitClauses_1":["1188"],
"labeledBinaryVariableTemplatesNumber_PredictedCDHG_splitClauses_1":["17"],
"unlabeledSingleVariableTemplatesNumber_RelationalEqs_splitClauses_1":["1188"],
"cegarIterationNumber_Term_splitClauses_0":["10800000"],
"unlabeledBinaryVariableTemplatesNumber_Labeled_splitClauses_1":["2274"],
"unlabeledSingleVariableTemplatesNumber_Term_splitClauses_1":["1188"],
"clauseNumberAfterSimplification_All_splitClauses_1":["96"],
"minedSingleVariableTemplatesNumber_Random_splitClauses_0":["396"],
"solvability_RelationalIneqs_splitClauses_1":["1"],
"minedTemplateNumber_Labeled_splitClauses_0":["413"],
"minedSingleVariableTemplatesNumber_Octagon_splitClauses_0":["396"],
"minedSingleVariableTemplatesNumber_Term_splitClauses_1":["396"],
"minedBinaryVariableTemplatesNumber_PredictedCDHG_splitClauses_1":["17"],
"generatedPredicateNumber_Mined_splitClauses_1":["146"],
"labeledSingleVariableTemplatesNumber_RelationalIneqs_splitClauses_0":["3"],
"averagePredicateSize_Mined_splitClauses_0":["10800000"],
"cegarIterationNumber_Unlabeled_splitClauses_0":["10800000"],
"minedBinaryVariableTemplatesNumber_Random_splitClauses_0":["17"],
"labeledTemplateNumber_Mined_splitClauses_1":["20"],
"labeledBinaryVariableTemplatesNumber_Random_splitClauses_0":["17"],
"unlabeledTemplateRelationSymbolNumber_Unlabeled_splitClauses_1":["17"],
"cegarIterationNumber_Mined_splitClauses_0":["10800000"],
"minedTemplateRelationSymbolNumber_Labeled_splitClauses_0":["17"],
"unlabeledBinaryVariableTemplatesNumber_RelationalIneqs_splitClauses_1":["2274"],
"unlabeledBinaryVariableTemplatesNumber_Octagon_splitClauses_0":["2274"],
"solvability_Mined_splitClauses_0":["10800000"],
"averagePredicateSize_RelationalEqs_splitClauses_0":["10800000"],
"clauseNumberAfterSimplification_Term_splitClauses_0":["96"],
"unlabeledTemplateNumber_Mined_splitClauses_0":["3462"],
"relationSymbolNumberAfterSimplification_Random_splitClauses_1":["189"],
"unlabeledTemplateNumber_PredictedCDHG_splitClauses_0":["3462"],
"cegarIterationNumber_RelationalIneqs_splitClauses_1":["33"],
"minedBinaryVariableTemplatesNumber_Unlabeled_splitClauses_1":["17"],
"labeledTemplateNumber_PredictedCG_splitClauses_1":["20"],
"labeledTemplateRelationSymbolNumber_Mined_splitClauses_0":["16"],
"labeledBinaryVariableTemplatesNumber_Mined_splitClauses_1":["17"],
"relationSymbolNumberBeforeSimplification_Mined_splitClauses_0":["209"],
"relationSymbolNumberBeforeSimplification_RelationalIneqs_splitClauses_0":["209"],
"clauseNumberAfterSimplification_RelationalIneqs_splitClauses_1":["96"],
"minedSingleVariableTemplatesNumber_PredictedCDHG_splitClauses_0":["396"],
"solvability_Labeled_splitClauses_1":["1"],
"labeledSingleVariableTemplatesNumber_Octagon_splitClauses_1":["3"],
"averagePredicateSize_Random_splitClauses_0":["10800000"],
"smt2FileSizeByte_RelationalIneqs_splitClauses_0":["308584"],
"generatedPredicateNumber_Unlabeled_splitClauses_0":["10800000"],
"solvability_RelationalEqs_splitClauses_0":["10800000"],
"predicateGeneratorTime_Empty_splitClauses_1":["5787"],
"minedSingleVariableTemplatesNumber_Mined_splitClauses_0":["396"],
"relationSymbolNumberAfterSimplification_Unlabeled_splitClauses_0":["189"],
"minedTemplateRelationSymbolNumber_PredictedCDHG_splitClauses_1":["17"],
"minedTemplateNumber_PredictedCG_splitClauses_0":["413"],
"averagePredicateSize_RelationalIneqs_splitClauses_1":["1"],
"labeledTemplateRelationSymbolNumber_Random_splitClauses_1":["16"],
"minedTemplateNumber_RelationalIneqs_splitClauses_0":["413"],
"predicateGeneratorTime_RelationalIneqs_splitClauses_0":["10800000"],
"labeledTemplateRelationSymbolNumber_Empty_splitClauses_0":["16"],
"minedBinaryVariableTemplatesNumber_Octagon_splitClauses_0":["17"],
"labeledSingleVariableTemplatesNumber_Term_splitClauses_1":["3"],
"labeledBinaryVariableTemplatesNumber_Empty_splitClauses_0":["17"],
"minedTemplateNumber_Octagon_splitClauses_0":["413"],
"labeledBinaryVariableTemplatesNumber_Unlabeled_splitClauses_0":["17"],
"relationSymbolNumberBeforeSimplification_Empty_splitClauses_0":["209"],
"clauseNumberAfterSimplification_PredictedCDHG_splitClauses_0":["96"],
"smt2FileSizeByte_PredictedCG_splitClauses_0":["308584"],
"minedBinaryVariableTemplatesNumber_RelationalEqs_splitClauses_0":["17"],
"relationSymbolNumberBeforeSimplification_Unlabeled_splitClauses_0":["209"],
"labeledTemplateRelationSymbolNumber_RelationalEqs_splitClauses_1":["16"],
"minedBinaryVariableTemplatesNumber_Random_splitClauses_1":["17"],
"clauseNumberAfterSimplification_Unlabeled_splitClauses_1":["96"],
"minedSingleVariableTemplatesNumber_PredictedCDHG_splitClauses_1":["396"],
"labeledBinaryVariableTemplatesNumber_Term_splitClauses_1":["17"],
"clauseNumberBeforeSimplification_Empty_splitClauses_1":["105"],
"relationSymbolNumberAfterSimplification_Octagon_splitClauses_1":["189"],
"relationSymbolNumberAfterSimplification_Term_splitClauses_0":["189"],
"minedBinaryVariableTemplatesNumber_Mined_splitClauses_1":["17"],
"unlabeledBinaryVariableTemplatesNumber_Unlabeled_splitClauses_1":["2274"],
"relationSymbolNumberBeforeSimplification_Random_splitClauses_0":["209"],
"relationSymbolNumberAfterSimplification_PredictedCDHG_splitClauses_1":["189"],
"unlabeledTemplateNumber_PredictedCG_splitClauses_1":["3462"],
"generatedPredicateNumber_Empty_splitClauses_0":["10800000"],
"predicateGeneratorTime_RelationalIneqs_splitClauses_1":["39138"],
"unlabeledSingleVariableTemplatesNumber_Empty_splitClauses_0":["1188"],
"cegarIterationNumber_Octagon_splitClauses_0":["10800000"],
"clauseNumberAfterSimplification_Octagon_splitClauses_1":["96"],
"unlabeledSingleVariableTemplatesNumber_Labeled_splitClauses_1":["1188"],
"clauseNumberBeforeSimplification_Random_splitClauses_1":["105"],
"minedTemplateRelationSymbolNumber_All_splitClauses_0":["17"],
"unlabeledTemplateRelationSymbolNumber_RelationalEqs_splitClauses_0":["17"],
"minedSingleVariableTemplatesNumber_Unlabeled_splitClauses_1":["396"],
"clauseNumberBeforeSimplification_RelationalEqs_splitClauses_0":["105"],
"minedTemplateNumber_Unlabeled_splitClauses_0":["413"],
"generatedPredicateNumber_Octagon_splitClauses_0":["10800000"],
"predicateGeneratorTime_PredictedCDHG_splitClauses_0":["10800000"],
"clauseNumberAfterSimplification_PredictedCG_splitClauses_1":["96"],
"labeledSingleVariableTemplatesNumber_RelationalEqs_splitClauses_1":["3"],
"smt2FileSizeByte_Random_splitClauses_1":["308584"],
"averagePredicateSize_PredictedCG_splitClauses_1":["10800000"],
"cegarIterationNumber_PredictedCDHG_splitClauses_1":["10800000"],
"clauseNumberAfterSimplification_RelationalEqs_splitClauses_1":["96"],
"minedBinaryVariableTemplatesNumber_Empty_splitClauses_1":["17"],
"relationSymbolNumberAfterSimplification_RelationalEqs_splitClauses_1":["189"],
"minedTemplateNumber_PredictedCDHG_splitClauses_0":["413"],
"labeledBinaryVariableTemplatesNumber_All_splitClauses_1":["17"],
"solvingTime_RelationalIneqs_splitClauses_1":["48511"],
"unlabeledTemplateRelationSymbolNumber_RelationalEqs_splitClauses_1":["17"],
"smt2FileSizeByte_Unlabeled_splitClauses_0":["308584"],
"relationSymbolNumberBeforeSimplification_Mined_splitClauses_1":["209"],
"relationSymbolNumberAfterSimplification_Mined_splitClauses_1":["189"],
"generatedPredicateNumber_All_splitClauses_0":["10800000"],
"relationSymbolNumberBeforeSimplification_Octagon_splitClauses_1":["209"],
"predicateGeneratorTime_Octagon_splitClauses_1":["40503"],
"solvability_Mined_splitClauses_1":["1"],
"minedTemplateRelationSymbolNumber_Term_splitClauses_1":["17"],
"clauseNumberAfterSimplification_Mined_splitClauses_0":["96"],
"solvability_PredictedCDHG_splitClauses_0":["10800000"],
"solvingTime_Empty_splitClauses_0":["10800000"],
"unlabeledSingleVariableTemplatesNumber_Unlabeled_splitClauses_1":["1188"],
"minedTemplateNumber_Term_splitClauses_1":["413"],
"averagePredicateSize_Octagon_splitClauses_1":["1"],
"unlabeledSingleVariableTemplatesNumber_Octagon_splitClauses_1":["1188"],
"minedTemplateRelationSymbolNumber_RelationalEqs_splitClauses_1":["17"],
"relationSymbolNumberBeforeSimplification_All_splitClauses_1":["209"],
"minedBinaryVariableTemplatesNumber_RelationalIneqs_splitClauses_0":["17"],
"predicateGeneratorTime_Term_splitClauses_1":["8161"],
"solvingTime_Labeled_splitClauses_0":["10800000"],
"unlabeledBinaryVariableTemplatesNumber_PredictedCG_splitClauses_0":["2274"],
"minedTemplateNumber_All_splitClauses_0":["413"],
"predicateGeneratorTime_Labeled_splitClauses_1":["3147"],
"unlabeledTemplateRelationSymbolNumber_Empty_splitClauses_0":["17"],
"unlabeledTemplateNumber_Mined_splitClauses_1":["3462"],
"solvability_PredictedCG_splitClauses_1":["10800000"],
"unlabeledTemplateNumber_Term_splitClauses_0":["3462"],
"minedBinaryVariableTemplatesNumber_PredictedCG_splitClauses_1":["17"],
"labeledSingleVariableTemplatesNumber_PredictedCDHG_splitClauses_0":["3"],
"minedBinaryVariableTemplatesNumber_All_splitClauses_0":["17"],
"averagePredicateSize_PredictedCDHG_splitClauses_1":["10800000"],
"predicateGeneratorTime_PredictedCG_splitClauses_0":["10800000"],
"generatedPredicateNumber_RelationalIneqs_splitClauses_0":["10800000"],
"labeledTemplateNumber_Empty_splitClauses_0":["20"],
"relationSymbolNumberAfterSimplification_RelationalIneqs_splitClauses_1":["189"],
"unlabeledTemplateRelationSymbolNumber_Term_splitClauses_0":["17"],
"minedTemplateNumber_All_splitClauses_1":["413"],
"labeledSingleVariableTemplatesNumber_Empty_splitClauses_1":["3"],
"minedBinaryVariableTemplatesNumber_Unlabeled_splitClauses_0":["17"],
"labeledTemplateNumber_Random_splitClauses_0":["20"],
"minedBinaryVariableTemplatesNumber_All_splitClauses_1":["17"],
"unlabeledSingleVariableTemplatesNumber_All_splitClauses_0":["1188"],
"relationSymbolNumberBeforeSimplification_Labeled_splitClauses_1":["209"],
"smt2FileSizeByte_PredictedCDHG_splitClauses_1":["308584"],
"labeledBinaryVariableTemplatesNumber_PredictedCDHG_splitClauses_0":["17"],
"averagePredicateSize_RelationalEqs_splitClauses_1":["1"],
"minedSingleVariableTemplatesNumber_Term_splitClauses_0":["396"],
"labeledTemplateRelationSymbolNumber_Term_splitClauses_1":["16"],
"generatedPredicateNumber_Random_splitClauses_0":["10800000"],
"labeledBinaryVariableTemplatesNumber_Empty_splitClauses_1":["17"],
"relationSymbolNumberAfterSimplification_Term_splitClauses_1":["189"],
"clauseNumberAfterSimplification_Labeled_splitClauses_0":["96"],
"labeledSingleVariableTemplatesNumber_Labeled_splitClauses_0":["3"],
"minedTemplateNumber_Mined_splitClauses_1":["413"],
"labeledTemplateRelationSymbolNumber_Labeled_splitClauses_0":["16"],
"unlabeledTemplateRelationSymbolNumber_Mined_splitClauses_1":["17"],
"solvability_Labeled_splitClauses_0":["10800000"],
"minedTemplateNumber_RelationalEqs_splitClauses_1":["413"],
"solvingTime_Random_splitClauses_1":["49505"],
"minedTemplateNumber_Random_splitClauses_0":["413"],
"cegarIterationNumber_Unlabeled_splitClauses_1":["43"],
"minedTemplateNumber_RelationalIneqs_splitClauses_1":["413"],
"unlabeledBinaryVariableTemplatesNumber_Octagon_splitClauses_1":["2274"],
"minedSingleVariableTemplatesNumber_Octagon_splitClauses_1":["396"],
"minedSingleVariableTemplatesNumber_Random_splitClauses_1":["396"],
"averagePredicateSize_All_splitClauses_1":["10800000"],
"minedTemplateNumber_Empty_splitClauses_0":["413"],
"labeledTemplateNumber_Mined_splitClauses_0":["20"],
"unlabeledBinaryVariableTemplatesNumber_All_splitClauses_0":["2274"],
"relationSymbolNumberAfterSimplification_Labeled_splitClauses_1":["189"],
"labeledSingleVariableTemplatesNumber_PredictedCDHG_splitClauses_1":["3"],
"minedSingleVariableTemplatesNumber_Mined_splitClauses_1":["396"],
"labeledTemplateRelationSymbolNumber_Term_splitClauses_0":["16"],
"unlabeledTemplateRelationSymbolNumber_Term_splitClauses_1":["17"],
"predicateGeneratorTime_All_splitClauses_1":["10800000"],
"unlabeledSingleVariableTemplatesNumber_Random_splitClauses_0":["1188"],
"predicateGeneratorTime_Unlabeled_splitClauses_1":["35405"],
"cegarIterationNumber_PredictedCDHG_splitClauses_0":["10800000"],
"labeledTemplateNumber_RelationalEqs_splitClauses_0":["20"],
"labeledTemplateRelationSymbolNumber_Mined_splitClauses_1":["16"],
"labeledTemplateRelationSymbolNumber_Random_splitClauses_0":["16"],
"labeledBinaryVariableTemplatesNumber_RelationalEqs_splitClauses_1":["17"],
"generatedPredicateNumber_RelationalIneqs_splitClauses_1":["242"],
"unlabeledTemplateRelationSymbolNumber_PredictedCG_splitClauses_1":["17"],
"unlabeledSingleVariableTemplatesNumber_RelationalEqs_splitClauses_0":["1188"],
"labeledBinaryVariableTemplatesNumber_Labeled_splitClauses_0":["17"],
"minedBinaryVariableTemplatesNumber_PredictedCDHG_splitClauses_0":["17"],
"unlabeledTemplateRelationSymbolNumber_Unlabeled_splitClauses_0":["17"],
"clauseNumberAfterSimplification_Term_splitClauses_1":["96"],
"unlabeledTemplateNumber_Octagon_splitClauses_0":["3462"],
"unlabeledBinaryVariableTemplatesNumber_RelationalEqs_splitClauses_1":["2274"],
"unlabeledTemplateNumber_PredictedCG_splitClauses_0":["3462"],
"unlabeledTemplateNumber_All_splitClauses_0":["3462"],
"labeledTemplateRelationSymbolNumber_RelationalIneqs_splitClauses_1":["16"],
"unlabeledSingleVariableTemplatesNumber_Mined_splitClauses_1":["1188"],
"labeledTemplateRelationSymbolNumber_Unlabeled_splitClauses_1":["16"],
"labeledBinaryVariableTemplatesNumber_Random_splitClauses_1":["17"],
"solvability_Random_splitClauses_1":["1"],
"solvingTime_Term_splitClauses_0":["10800000"],
"minedSingleVariableTemplatesNumber_Labeled_splitClauses_1":["396"],
"clauseNumberBeforeSimplification_Term_splitClauses_0":["105"],
"relationSymbolNumberBeforeSimplification_RelationalIneqs_splitClauses_1":["209"],
"minedTemplateRelationSymbolNumber_Mined_splitClauses_0":["17"],
"solvability_Octagon_splitClauses_1":["1"],
"minedSingleVariableTemplatesNumber_RelationalIneqs_splitClauses_1":["396"],
"smt2FileSizeByte_Labeled_splitClauses_0":["308584"],
"solvability_RelationalEqs_splitClauses_1":["1"],
"unlabeledSingleVariableTemplatesNumber_Empty_splitClauses_1":["1188"],
"labeledTemplateNumber_PredictedCDHG_splitClauses_1":["20"],
"minedTemplateRelationSymbolNumber_Octagon_splitClauses_0":["17"],
"clauseNumberAfterSimplification_Unlabeled_splitClauses_0":["96"],
"clauseNumberBeforeSimplification_Unlabeled_splitClauses_0":["105"],
"clauseNumberBeforeSimplification_PredictedCDHG_splitClauses_0":["105"],
"cegarIterationNumber_RelationalIneqs_splitClauses_0":["10800000"],
"labeledTemplateRelationSymbolNumber_RelationalEqs_splitClauses_0":["16"],
"averagePredicateSize_Labeled_splitClauses_0":["10800000"],
"smt2FileSizeByte_RelationalIneqs_splitClauses_1":["308584"],
"clauseNumberBeforeSimplification_RelationalEqs_splitClauses_1":["105"],
"unlabeledTemplateRelationSymbolNumber_RelationalIneqs_splitClauses_1":["17"],
"clauseNumberBeforeSimplification_PredictedCG_splitClauses_0":["105"],
"solvingTime_PredictedCDHG_splitClauses_0":["10800000"],
"labeledTemplateRelationSymbolNumber_Octagon_splitClauses_1":["16"],
"minedTemplateRelationSymbolNumber_PredictedCG_splitClauses_1":["17"],
"relationSymbolNumberBeforeSimplification_RelationalEqs_splitClauses_1":["209"],
"labeledTemplateNumber_Random_splitClauses_1":["20"],
"solvingTime_RelationalIneqs_splitClauses_0":["10800000"],
"labeledTemplateNumber_All_splitClauses_1":["20"],
"unlabeledTemplateNumber_Random_splitClauses_1":["3462"],
"relationSymbolNumberBeforeSimplification_All_splitClauses_0":["209"],
"smt2FileSizeByte_Unlabeled_splitClauses_1":["308584"],
"cegarIterationNumber_PredictedCG_splitClauses_0":["10800000"],
"predicateGeneratorTime_Octagon_splitClauses_0":["10800000"],
"unlabeledTemplateNumber_RelationalEqs_splitClauses_1":["3462"],
"clauseNumberAfterSimplification_Octagon_splitClauses_0":["96"],
"cegarIterationNumber_Random_splitClauses_0":["10800000"],
"solvability_PredictedCDHG_splitClauses_1":["10800000"],
"solvability_PredictedCG_splitClauses_0":["10800000"],
"solvingTime_PredictedCG_splitClauses_1":["10800000"],
"unlabeledSingleVariableTemplatesNumber_Unlabeled_splitClauses_0":["1188"],
"unlabeledTemplateNumber_Unlabeled_splitClauses_0":["3462"],
"labeledTemplateRelationSymbolNumber_RelationalIneqs_splitClauses_0":["16"],
"minedTemplateNumber_Random_splitClauses_1":["413"],
"generatedPredicateNumber_RelationalEqs_splitClauses_0":["10800000"],
"minedTemplateNumber_Term_splitClauses_0":["413"],
"solvingTime_All_splitClauses_1":["10800000"],
"minedSingleVariableTemplatesNumber_PredictedCG_splitClauses_0":["396"],
"smt2FileSizeByte_Term_splitClauses_1":["308584"],
"labeledBinaryVariableTemplatesNumber_All_splitClauses_0":["17"],
"minedTemplateNumber_PredictedCDHG_splitClauses_1":["413"],
"minedTemplateRelationSymbolNumber_PredictedCDHG_splitClauses_0":["17"],
"averagePredicateSize_Unlabeled_splitClauses_0":["10800000"],
"minedBinaryVariableTemplatesNumber_Octagon_splitClauses_1":["17"],
"unlabeledSingleVariableTemplatesNumber_Random_splitClauses_1":["1188"],
"clauseNumberBeforeSimplification_Random_splitClauses_0":["105"],
"solvingTime_Unlabeled_splitClauses_1":["41826"],
"predicateGeneratorTime_PredictedCDHG_splitClauses_1":["10800000"],
"averagePredicateSize_PredictedCDHG_splitClauses_0":["10800000"],
"relationSymbolNumberAfterSimplification_RelationalEqs_splitClauses_0":["189"],
"minedBinaryVariableTemplatesNumber_Term_splitClauses_0":["17"],
"labeledTemplateNumber_RelationalIneqs_splitClauses_0":["20"],
"clauseNumberAfterSimplification_Random_splitClauses_0":["96"],
"clauseNumberAfterSimplification_PredictedCG_splitClauses_0":["96"],
"generatedPredicateNumber_Empty_splitClauses_1":["221"],
"clauseNumberBeforeSimplification_Octagon_splitClauses_0":["105"],
"unlabeledTemplateNumber_Empty_splitClauses_0":["3462"],
"minedSingleVariableTemplatesNumber_All_splitClauses_0":["396"],
"labeledTemplateRelationSymbolNumber_Octagon_splitClauses_0":["16"],
"generatedPredicateNumber_Random_splitClauses_1":["279"],
"clauseNumberAfterSimplification_RelationalEqs_splitClauses_0":["96"],
"labeledBinaryVariableTemplatesNumber_Term_splitClauses_0":["17"],
"minedSingleVariableTemplatesNumber_RelationalEqs_splitClauses_0":["396"],
"minedTemplateNumber_Mined_splitClauses_0":["413"],
"relationSymbolNumberBeforeSimplification_PredictedCG_splitClauses_0":["209"],
"averagePredicateSize_Octagon_splitClauses_0":["10800000"],
"unlabeledBinaryVariableTemplatesNumber_Empty_splitClauses_1":["2274"],
"unlabeledSingleVariableTemplatesNumber_PredictedCDHG_splitClauses_0":["1188"],
"unlabeledSingleVariableTemplatesNumber_PredictedCG_splitClauses_1":["1188"],
"labeledTemplateRelationSymbolNumber_Labeled_splitClauses_1":["16"],
"minedTemplateRelationSymbolNumber_Random_splitClauses_0":["17"],
"unlabeledTemplateRelationSymbolNumber_PredictedCG_splitClauses_0":["17"],
"unlabeledTemplateNumber_RelationalIneqs_splitClauses_0":["3462"],
"unlabeledSingleVariableTemplatesNumber_Labeled_splitClauses_0":["1188"],
"relationSymbolNumberAfterSimplification_PredictedCG_splitClauses_0":["189"],
"minedTemplateNumber_Unlabeled_splitClauses_1":["413"],
"generatedPredicateNumber_PredictedCG_splitClauses_0":["10800000"],
"labeledTemplateNumber_Unlabeled_splitClauses_1":["20"],
"unlabeledTemplateRelationSymbolNumber_Empty_splitClauses_1":["17"],
"clauseNumberBeforeSimplification_Empty_splitClauses_0":["105"],
"solvingTime_Octagon_splitClauses_1":["45344"],
"cegarIterationNumber_Mined_splitClauses_1":["37"],
"clauseNumberBeforeSimplification_Mined_splitClauses_1":["105"],
"smt2FileSizeByte_PredictedCDHG_splitClauses_0":["308584"],
"averagePredicateSize_PredictedCG_splitClauses_0":["10800000"],
"solvingTime_Random_splitClauses_0":["10800000"],
"minedTemplateNumber_RelationalEqs_splitClauses_0":["413"],
"unlabeledSingleVariableTemplatesNumber_RelationalIneqs_splitClauses_0":["1188"],
"unlabeledTemplateNumber_Unlabeled_splitClauses_1":["3462"],
"labeledBinaryVariableTemplatesNumber_RelationalEqs_splitClauses_0":["17"],
"generatedPredicateNumber_PredictedCDHG_splitClauses_0":["10800000"],
"relationSymbolNumberAfterSimplification_RelationalIneqs_splitClauses_0":["189"],
"minedTemplateRelationSymbolNumber_Empty_splitClauses_1":["17"],
"predicateGeneratorTime_Random_splitClauses_1":["36548"],
"labeledTemplateNumber_Term_splitClauses_1":["20"],
"relationSymbolNumberBeforeSimplification_RelationalEqs_splitClauses_0":["209"],
"minedSingleVariableTemplatesNumber_Empty_splitClauses_1":["396"],
"minedSingleVariableTemplatesNumber_RelationalIneqs_splitClauses_0":["396"],
"clauseNumberAfterSimplification_All_splitClauses_0":["96"],
"unlabeledBinaryVariableTemplatesNumber_RelationalEqs_splitClauses_0":["2274"],
"cegarIterationNumber_RelationalEqs_splitClauses_0":["10800000"],
"labeledTemplateRelationSymbolNumber_PredictedCDHG_splitClauses_0":["16"],
"labeledSingleVariableTemplatesNumber_Labeled_splitClauses_1":["3"],
"unlabeledBinaryVariableTemplatesNumber_All_splitClauses_1":["2274"],
"minedTemplateRelationSymbolNumber_Unlabeled_splitClauses_1":["17"],
"solvingTime_RelationalEqs_splitClauses_0":["10800000"],
"solvingTime_RelationalEqs_splitClauses_1":["45636"],
"minedBinaryVariableTemplatesNumber_Mined_splitClauses_0":["17"],
"clauseNumberBeforeSimplification_All_splitClauses_0":["105"],
"clauseNumberBeforeSimplification_RelationalIneqs_splitClauses_1":["105"],
"labeledTemplateNumber_RelationalEqs_splitClauses_1":["20"],
"labeledBinaryVariableTemplatesNumber_RelationalIneqs_splitClauses_0":["17"],
"relationSymbolNumberBeforeSimplification_Labeled_splitClauses_0":["209"],
"clauseNumberAfterSimplification_Empty_splitClauses_0":["96"],
"averagePredicateSize_Empty_splitClauses_0":["10800000"],
"unlabeledTemplateNumber_Term_splitClauses_1":["3462"],
"predicateGeneratorTime_Mined_splitClauses_1":["13645"],
"labeledBinaryVariableTemplatesNumber_RelationalIneqs_splitClauses_1":["17"],
"predicateGeneratorTime_Unlabeled_splitClauses_0":["10800000"],
"relationSymbolNumberAfterSimplification_Empty_splitClauses_0":["189"],
"generatedPredicateNumber_Mined_splitClauses_0":["10800000"],
"generatedPredicateNumber_RelationalEqs_splitClauses_1":["252"],
"labeledTemplateRelationSymbolNumber_PredictedCG_splitClauses_0":["16"],
"minedSingleVariableTemplatesNumber_PredictedCG_splitClauses_1":["396"],
"minedTemplateRelationSymbolNumber_PredictedCG_splitClauses_0":["17"],
"unlabeledTemplateRelationSymbolNumber_Labeled_splitClauses_0":["17"],
"solvability_Empty_splitClauses_1":["1"],
"averagePredicateSize_Term_splitClauses_0":["10800000"],
"cegarIterationNumber_Random_splitClauses_1":["42"],
"averagePredicateSize_Labeled_splitClauses_1":["1"],
"unlabeledBinaryVariableTemplatesNumber_Unlabeled_splitClauses_0":["2274"],
"generatedPredicateNumber_Unlabeled_splitClauses_1":["256"],
"predicateGeneratorTime_All_splitClauses_0":["10800000"],
"unlabeledBinaryVariableTemplatesNumber_PredictedCDHG_splitClauses_1":["2274"],
"clauseNumberBeforeSimplification_Labeled_splitClauses_1":["105"],
"minedBinaryVariableTemplatesNumber_Labeled_splitClauses_1":["17"],
"labeledSingleVariableTemplatesNumber_All_splitClauses_0":["3"],
"unlabeledTemplateRelationSymbolNumber_Mined_splitClauses_0":["17"],
"cegarIterationNumber_Octagon_splitClauses_1":["40"],
"labeledTemplateNumber_Octagon_splitClauses_0":["20"],
"labeledTemplateRelationSymbolNumber_All_splitClauses_1":["16"],
"smt2FileSizeByte_Empty_splitClauses_0":["308584"],
"unlabeledTemplateNumber_Octagon_splitClauses_1":["3462"],
"predicateGeneratorTime_RelationalEqs_splitClauses_0":["10800000"],
"unlabeledTemplateRelationSymbolNumber_RelationalIneqs_splitClauses_0":["17"],
"smt2FileSizeByte_RelationalEqs_splitClauses_1":["308584"],
"unlabeledTemplateNumber_Labeled_splitClauses_0":["3462"],
"minedSingleVariableTemplatesNumber_Labeled_splitClauses_0":["396"],
"solvingTime_PredictedCDHG_splitClauses_1":["10800000"],
"relationSymbolNumberBeforeSimplification_Term_splitClauses_1":["209"],
"minedTemplateNumber_Octagon_splitClauses_1":["413"],
"clauseNumberBeforeSimplification_Mined_splitClauses_0":["105"],
"smt2FileSizeByte_All_splitClauses_0":["308584"],
"solvingTime_All_splitClauses_0":["10800000"],
"minedBinaryVariableTemplatesNumber_Term_splitClauses_1":["17"],
"unlabeledTemplateRelationSymbolNumber_Random_splitClauses_0":["17"],
"cegarIterationNumber_All_splitClauses_0":["10800000"],
"smt2FileSizeByte_RelationalEqs_splitClauses_0":["308584"],
"unlabeledSingleVariableTemplatesNumber_PredictedCDHG_splitClauses_1":["1188"],
"clauseNumberBeforeSimplification_Labeled_splitClauses_0":["105"],
"cegarIterationNumber_PredictedCG_splitClauses_1":["10800000"],
"labeledTemplateRelationSymbolNumber_Unlabeled_splitClauses_0":["16"],
"unlabeledTemplateRelationSymbolNumber_Octagon_splitClauses_1":["17"],
"unlabeledTemplateNumber_Empty_splitClauses_1":["3462"],
"clauseNumberBeforeSimplification_Octagon_splitClauses_1":["105"],
"labeledTemplateNumber_Unlabeled_splitClauses_0":["20"],
"labeledBinaryVariableTemplatesNumber_PredictedCG_splitClauses_0":["17"],
"solvability_Term_splitClauses_1":["1"],
"solvability_Octagon_splitClauses_0":["10800000"],
"minedTemplateRelationSymbolNumber_RelationalIneqs_splitClauses_0":["17"],
"clauseNumberBeforeSimplification_RelationalIneqs_splitClauses_0":["105"],
"labeledTemplateNumber_PredictedCG_splitClauses_0":["20"],
"cegarIterationNumber_Labeled_splitClauses_0":["10800000"],
"smt2FileSizeByte_Labeled_splitClauses_1":["308584"],
"clauseNumberBeforeSimplification_Unlabeled_splitClauses_1":["105"],
"generatedPredicateNumber_Term_splitClauses_1":["134"],
"solvingTime_Term_splitClauses_1":["11422"],
"unlabeledBinaryVariableTemplatesNumber_Random_splitClauses_1":["2274"],
"unlabeledSingleVariableTemplatesNumber_Octagon_splitClauses_0":["1188"],
"solvingTime_Octagon_splitClauses_0":["10800000"],
"labeledSingleVariableTemplatesNumber_Mined_splitClauses_1":["3"],
"averagePredicateSize_Term_splitClauses_1":["1"],
"labeledTemplateNumber_Labeled_splitClauses_0":["20"],
"unlabeledSingleVariableTemplatesNumber_PredictedCG_splitClauses_0":["1188"],
"smt2FileSizeByte_Mined_splitClauses_1":["308584"],
"labeledBinaryVariableTemplatesNumber_Unlabeled_splitClauses_1":["17"],
"labeledTemplateNumber_All_splitClauses_0":["20"],
"unlabeledTemplateNumber_Random_splitClauses_0":["3462"],
"labeledTemplateNumber_Octagon_splitClauses_1":["20"],
"unlabeledTemplateNumber_PredictedCDHG_splitClauses_1":["3462"],
"unlabeledBinaryVariableTemplatesNumber_Mined_splitClauses_0":["2274"],
"minedTemplateRelationSymbolNumber_Mined_splitClauses_1":["17"],
"labeledTemplateNumber_RelationalIneqs_splitClauses_1":["20"],
"relationSymbolNumberAfterSimplification_All_splitClauses_0":["189"],
"relationSymbolNumberBeforeSimplification_PredictedCDHG_splitClauses_0":["209"],
"solvability_Term_splitClauses_0":["10800000"],
"clauseNumberBeforeSimplification_PredictedCG_splitClauses_1":["105"],
"generatedPredicateNumber_Labeled_splitClauses_1":["141"],
"labeledSingleVariableTemplatesNumber_Unlabeled_splitClauses_0":["3"],
"unlabeledBinaryVariableTemplatesNumber_Empty_splitClauses_0":["2274"],
"solvingTime_Mined_splitClauses_0":["10800000"],
"unlabeledTemplateNumber_All_splitClauses_1":["3462"],
"clauseNumberAfterSimplification_Random_splitClauses_1":["96"],
"labeledBinaryVariableTemplatesNumber_Octagon_splitClauses_1":["17"],
"unlabeledBinaryVariableTemplatesNumber_Labeled_splitClauses_0":["2274"],
"smt2FileSizeByte_Octagon_splitClauses_0":["308584"],
"labeledSingleVariableTemplatesNumber_Random_splitClauses_1":["3"],
"solvability_Unlabeled_splitClauses_0":["10800000"],
"solvingTime_Unlabeled_splitClauses_0":["10800000"],
"unlabeledTemplateRelationSymbolNumber_All_splitClauses_1":["17"],
"minedTemplateNumber_Empty_splitClauses_1":["413"],
"solvability_RelationalIneqs_splitClauses_0":["10800000"],
"unlabeledTemplateRelationSymbolNumber_Labeled_splitClauses_1":["17"],
"cegarIterationNumber_RelationalEqs_splitClauses_1":["34"],
"minedSingleVariableTemplatesNumber_RelationalEqs_splitClauses_1":["396"],
"clauseNumberAfterSimplification_PredictedCDHG_splitClauses_1":["96"],
"minedBinaryVariableTemplatesNumber_RelationalIneqs_splitClauses_1":["17"],
"unlabeledBinaryVariableTemplatesNumber_Mined_splitClauses_1":["2274"],
"unlabeledBinaryVariableTemplatesNumber_PredictedCDHG_splitClauses_0":["2274"],
"solvingTime_Empty_splitClauses_1":["14134"],
"labeledTemplateRelationSymbolNumber_Empty_splitClauses_1":["16"],
"generatedPredicateNumber_Term_splitClauses_0":["10800000"],
"averagePredicateSize_Empty_splitClauses_1":["1"],
"generatedPredicateNumber_PredictedCG_splitClauses_1":["10800000"],
"labeledTemplateRelationSymbolNumber_PredictedCDHG_splitClauses_1":["16"],
"predicateGeneratorTime_Mined_splitClauses_0":["10800000"],
"relationSymbolNumberBeforeSimplification_Term_splitClauses_0":["209"],
"predicateGeneratorTime_Labeled_splitClauses_0":["10800000"],
"labeledSingleVariableTemplatesNumber_Random_splitClauses_0":["3"],
"unlabeledTemplateRelationSymbolNumber_All_splitClauses_0":["17"],
"minedBinaryVariableTemplatesNumber_Labeled_splitClauses_0":["17"],
"generatedPredicateNumber_Labeled_splitClauses_0":["10800000"],
"relationSymbolNumberAfterSimplification_Empty_splitClauses_1":["189"],
"solvingTime_Mined_splitClauses_1":["18785"],
"minedSingleVariableTemplatesNumber_All_splitClauses_1":["396"],
"predicateGeneratorTime_Random_splitClauses_0":["10800000"],
"cegarIterationNumber_Term_splitClauses_1":["31"],
"labeledTemplateNumber_Empty_splitClauses_1":["20"],
"clauseNumberAfterSimplification_Empty_splitClauses_1":["96"],
"minedTemplateRelationSymbolNumber_Empty_splitClauses_0":["17"],
"unlabeledSingleVariableTemplatesNumber_Term_splitClauses_0":["1188"],
"minedSingleVariableTemplatesNumber_Empty_splitClauses_0":["396"],
"relationSymbolNumberAfterSimplification_Random_splitClauses_0":["189"],
"minedTemplateRelationSymbolNumber_RelationalEqs_splitClauses_0":["17"],
"cegarIterationNumber_Empty_splitClauses_0":["10800000"],
"minedBinaryVariableTemplatesNumber_RelationalEqs_splitClauses_1":["17"],
"relationSymbolNumberBeforeSimplification_PredictedCG_splitClauses_1":["209"],
"labeledSingleVariableTemplatesNumber_All_splitClauses_1":["3"],
"unlabeledTemplateRelationSymbolNumber_Octagon_splitClauses_0":["17"],
"minedTemplateRelationSymbolNumber_Unlabeled_splitClauses_0":["17"],
"labeledBinaryVariableTemplatesNumber_Mined_splitClauses_0":["17"],
"relationSymbolNumberAfterSimplification_Unlabeled_splitClauses_1":["189"],
"minedTemplateNumber_PredictedCG_splitClauses_1":["413"],
"cegarIterationNumber_Empty_splitClauses_1":["98"],
"averagePredicateSize_RelationalIneqs_splitClauses_0":["10800000"],
"solvability_All_splitClauses_1":["10800000"],
"unlabeledBinaryVariableTemplatesNumber_Term_splitClauses_1":["2274"],
"minedTemplateRelationSymbolNumber_Labeled_splitClauses_1":["17"],
"averagePredicateSize_Unlabeled_splitClauses_1":["1"],
"labeledTemplateNumber_Term_splitClauses_0":["20"],
"smt2FileSizeByte_Empty_splitClauses_1":["308584"],
"solvingTime_PredictedCG_splitClauses_0":["10800000"],
"cegarIterationNumber_All_splitClauses_1":["10800000"],
"clauseNumberBeforeSimplification_Term_splitClauses_1":["105"],
"predicateGeneratorTime_Empty_splitClauses_0":["10800000"],
"relationSymbolNumberBeforeSimplification_Empty_splitClauses_1":["209"],
"averagePredicateSize_All_splitClauses_0":["10800000"],
"unlabeledBinaryVariableTemplatesNumber_Random_splitClauses_0":["2274"],
"smt2FileSizeByte_Term_splitClauses_0":["308584"],
"averagePredicateSize_Mined_splitClauses_1":["1"],
"minedBinaryVariableTemplatesNumber_Empty_splitClauses_0":["17"],
"minedTemplateRelationSymbolNumber_All_splitClauses_1":["17"],
"labeledSingleVariableTemplatesNumber_PredictedCG_splitClauses_0":["3"],
"unlabeledBinaryVariableTemplatesNumber_RelationalIneqs_splitClauses_0":["2274"],
"unlabeledSingleVariableTemplatesNumber_RelationalIneqs_splitClauses_1":["1188"],
"clauseNumberAfterSimplification_RelationalIneqs_splitClauses_0":["96"],
"unlabeledTemplateNumber_RelationalEqs_splitClauses_0":["3462"],
"unlabeledTemplateNumber_RelationalIneqs_splitClauses_1":["3462"],
"labeledTemplateRelationSymbolNumber_PredictedCG_splitClauses_1":["16"],
"labeledTemplateRelationSymbolNumber_All_splitClauses_0":["16"],
"labeledSingleVariableTemplatesNumber_Octagon_splitClauses_0":["3"],
"dummyFiled":[]
}