{
"cegarIterationNumber_Term_splitClauses_0":[9],
"cegarIterationNumber_RelationalIneqs_splitClauses_1":[9],
"cegarIterationNumber_Octagon_splitClauses_0":[9],
"solvingTime_RelationalIneqs_splitClauses_1":[370],
"solvingTime_Term_splitClauses_0":[349],
"cegarIterationNumber_RelationalIneqs_splitClauses_0":[9],
"solvingTime_RelationalIneqs_splitClauses_0":[301],
"solvingTime_Octagon_splitClauses_1":[389],
"cegarIterationNumber_RelationalEqs_splitClauses_0":[9],
"solvingTime_RelationalEqs_splitClauses_0":[313],
"solvingTime_RelationalEqs_splitClauses_1":[339],
"cegarIterationNumber_Octagon_splitClauses_1":[9],
"solvingTime_Term_splitClauses_1":[310],
"solvingTime_Octagon_splitClauses_0":[309],
"cegarIterationNumber_RelationalEqs_splitClauses_1":[9],
"cegarIterationNumber_Term_splitClauses_1":[9],
"dummyFiled":[]
}