{
"cegarIterationNumber_Term_splitClauses_0":[15],
"cegarIterationNumber_RelationalIneqs_splitClauses_1":[12],
"cegarIterationNumber_Octagon_splitClauses_0":[13],
"solvingTime_RelationalIneqs_splitClauses_1":[8419],
"solvingTime_Term_splitClauses_0":[4183],
"cegarIterationNumber_RelationalIneqs_splitClauses_0":[14],
"solvingTime_RelationalIneqs_splitClauses_0":[16792],
"solvingTime_Octagon_splitClauses_1":[3777],
"cegarIterationNumber_RelationalEqs_splitClauses_0":[14],
"solvingTime_RelationalEqs_splitClauses_0":[20031],
"solvingTime_RelationalEqs_splitClauses_1":[9726],
"cegarIterationNumber_Octagon_splitClauses_1":[12],
"solvingTime_Term_splitClauses_1":[1833],
"solvingTime_Octagon_splitClauses_0":[11602],
"cegarIterationNumber_RelationalEqs_splitClauses_1":[14],
"cegarIterationNumber_Term_splitClauses_1":[13],
"dummyFiled":[]
}