{
"smt2FileSizeByte_All_splitClauses_1":["73248"],
"generatedPredicateNumber_All_splitClauses_1":["10800000"],
"unlabeledTemplateRelationSymbolNumber_PredictedCDHG_splitClauses_0":["28"],
"relationSymbolNumberBeforeSimplification_Unlabeled_splitClauses_1":["302"],
"predicateGeneratorTime_Term_splitClauses_0":["10800000"],
"averagePredicateSize_Random_splitClauses_1":["1"],
"labeledBinaryVariableTemplatesNumber_Labeled_splitClauses_1":["74"],
"clauseNumberBeforeSimplification_All_splitClauses_1":["136"],
"minedTemplateRelationSymbolNumber_Term_splitClauses_0":["28"],
"solvingTime_Labeled_splitClauses_1":["1530"],
"unlabeledTemplateNumber_Labeled_splitClauses_1":["2298"],
"relationSymbolNumberAfterSimplification_All_splitClauses_1":["161"],
"minedTemplateRelationSymbolNumber_Octagon_splitClauses_1":["28"],
"clauseNumberAfterSimplification_Mined_splitClauses_1":["93"],
"relationSymbolNumberBeforeSimplification_Octagon_splitClauses_0":["302"],
"unlabeledBinaryVariableTemplatesNumber_Term_splitClauses_0":["1470"],
"labeledTemplateNumber_PredictedCDHG_splitClauses_0":["76"],
"solvability_Empty_splitClauses_0":["10800000"],
"unlabeledTemplateRelationSymbolNumber_Random_splitClauses_1":["28"],
"labeledBinaryVariableTemplatesNumber_Octagon_splitClauses_0":["74"],
"relationSymbolNumberBeforeSimplification_Random_splitClauses_1":["302"],
"minedTemplateRelationSymbolNumber_Random_splitClauses_1":["28"],
"unlabeledSingleVariableTemplatesNumber_Mined_splitClauses_0":["828"],
"unlabeledBinaryVariableTemplatesNumber_PredictedCG_splitClauses_1":["1470"],
"solvability_All_splitClauses_0":["10800000"],
"predicateGeneratorTime_RelationalEqs_splitClauses_1":["1212"],
"relationSymbolNumberBeforeSimplification_PredictedCDHG_splitClauses_1":["302"],
"smt2FileSizeByte_PredictedCG_splitClauses_1":["73248"],
"labeledSingleVariableTemplatesNumber_Unlabeled_splitClauses_1":["2"],
"labeledBinaryVariableTemplatesNumber_PredictedCG_splitClauses_1":["74"],
"minedBinaryVariableTemplatesNumber_PredictedCG_splitClauses_0":["74"],
"solvability_Random_splitClauses_0":["10800000"],
"relationSymbolNumberAfterSimplification_PredictedCG_splitClauses_1":["161"],
"clauseNumberBeforeSimplification_PredictedCDHG_splitClauses_1":["136"],
"labeledSingleVariableTemplatesNumber_Mined_splitClauses_0":["2"],
"solvability_Unlabeled_splitClauses_1":["1"],
"cegarIterationNumber_Labeled_splitClauses_1":["30"],
"smt2FileSizeByte_Mined_splitClauses_0":["73248"],
"relationSymbolNumberAfterSimplification_Mined_splitClauses_0":["161"],
"labeledSingleVariableTemplatesNumber_PredictedCG_splitClauses_1":["2"],
"smt2FileSizeByte_Octagon_splitClauses_1":["73248"],
"minedTemplateNumber_Labeled_splitClauses_1":["356"],
"labeledSingleVariableTemplatesNumber_RelationalIneqs_splitClauses_1":["2"],
"clauseNumberAfterSimplification_Labeled_splitClauses_1":["93"],
"relationSymbolNumberAfterSimplification_Labeled_splitClauses_0":["161"],
"smt2FileSizeByte_Random_splitClauses_0":["73248"],
"relationSymbolNumberAfterSimplification_PredictedCDHG_splitClauses_0":["161"],
"unlabeledTemplateRelationSymbolNumber_PredictedCDHG_splitClauses_1":["28"],
"labeledSingleVariableTemplatesNumber_Term_splitClauses_0":["2"],
"generatedPredicateNumber_PredictedCDHG_splitClauses_1":["10800000"],
"minedSingleVariableTemplatesNumber_Unlabeled_splitClauses_0":["282"],
"generatedPredicateNumber_Octagon_splitClauses_1":["75"],
"labeledSingleVariableTemplatesNumber_RelationalEqs_splitClauses_0":["2"],
"predicateGeneratorTime_PredictedCG_splitClauses_1":["10800000"],
"relationSymbolNumberAfterSimplification_Octagon_splitClauses_0":["161"],
"labeledTemplateNumber_Labeled_splitClauses_1":["76"],
"labeledSingleVariableTemplatesNumber_Empty_splitClauses_0":["2"],
"minedTemplateRelationSymbolNumber_RelationalIneqs_splitClauses_1":["28"],
"unlabeledSingleVariableTemplatesNumber_All_splitClauses_1":["828"],
"labeledBinaryVariableTemplatesNumber_PredictedCDHG_splitClauses_1":["74"],
"unlabeledSingleVariableTemplatesNumber_RelationalEqs_splitClauses_1":["828"],
"cegarIterationNumber_Term_splitClauses_0":["10800000"],
"unlabeledBinaryVariableTemplatesNumber_Labeled_splitClauses_1":["1470"],
"unlabeledSingleVariableTemplatesNumber_Term_splitClauses_1":["828"],
"clauseNumberAfterSimplification_All_splitClauses_1":["93"],
"minedSingleVariableTemplatesNumber_Random_splitClauses_0":["282"],
"solvability_RelationalIneqs_splitClauses_1":["1"],
"minedTemplateNumber_Labeled_splitClauses_0":["356"],
"minedSingleVariableTemplatesNumber_Octagon_splitClauses_0":["282"],
"minedSingleVariableTemplatesNumber_Term_splitClauses_1":["282"],
"minedBinaryVariableTemplatesNumber_PredictedCDHG_splitClauses_1":["74"],
"generatedPredicateNumber_Mined_splitClauses_1":["75"],
"labeledSingleVariableTemplatesNumber_RelationalIneqs_splitClauses_0":["2"],
"averagePredicateSize_Mined_splitClauses_0":["10800000"],
"cegarIterationNumber_Unlabeled_splitClauses_0":["10800000"],
"minedBinaryVariableTemplatesNumber_Random_splitClauses_0":["74"],
"labeledTemplateNumber_Mined_splitClauses_1":["76"],
"labeledBinaryVariableTemplatesNumber_Random_splitClauses_0":["74"],
"unlabeledTemplateRelationSymbolNumber_Unlabeled_splitClauses_1":["28"],
"cegarIterationNumber_Mined_splitClauses_0":["10800000"],
"minedTemplateRelationSymbolNumber_Labeled_splitClauses_0":["28"],
"unlabeledBinaryVariableTemplatesNumber_RelationalIneqs_splitClauses_1":["1470"],
"unlabeledBinaryVariableTemplatesNumber_Octagon_splitClauses_0":["1470"],
"solvability_Mined_splitClauses_0":["10800000"],
"averagePredicateSize_RelationalEqs_splitClauses_0":["10800000"],
"clauseNumberAfterSimplification_Term_splitClauses_0":["93"],
"unlabeledTemplateNumber_Mined_splitClauses_0":["2298"],
"relationSymbolNumberAfterSimplification_Random_splitClauses_1":["161"],
"unlabeledTemplateNumber_PredictedCDHG_splitClauses_0":["2298"],
"cegarIterationNumber_RelationalIneqs_splitClauses_1":["30"],
"minedBinaryVariableTemplatesNumber_Unlabeled_splitClauses_1":["74"],
"labeledTemplateNumber_PredictedCG_splitClauses_1":["76"],
"labeledTemplateRelationSymbolNumber_Mined_splitClauses_0":["26"],
"labeledBinaryVariableTemplatesNumber_Mined_splitClauses_1":["74"],
"relationSymbolNumberBeforeSimplification_Mined_splitClauses_0":["302"],
"relationSymbolNumberBeforeSimplification_RelationalIneqs_splitClauses_0":["302"],
"clauseNumberAfterSimplification_RelationalIneqs_splitClauses_1":["93"],
"minedSingleVariableTemplatesNumber_PredictedCDHG_splitClauses_0":["282"],
"solvability_Labeled_splitClauses_1":["1"],
"labeledSingleVariableTemplatesNumber_Octagon_splitClauses_1":["2"],
"averagePredicateSize_Random_splitClauses_0":["10800000"],
"smt2FileSizeByte_RelationalIneqs_splitClauses_0":["73248"],
"generatedPredicateNumber_Unlabeled_splitClauses_0":["10800000"],
"solvability_RelationalEqs_splitClauses_0":["10800000"],
"predicateGeneratorTime_Empty_splitClauses_1":["953"],
"minedSingleVariableTemplatesNumber_Mined_splitClauses_0":["282"],
"relationSymbolNumberAfterSimplification_Unlabeled_splitClauses_0":["161"],
"minedTemplateRelationSymbolNumber_PredictedCDHG_splitClauses_1":["28"],
"minedTemplateNumber_PredictedCG_splitClauses_0":["356"],
"averagePredicateSize_RelationalIneqs_splitClauses_1":["1"],
"labeledTemplateRelationSymbolNumber_Random_splitClauses_1":["26"],
"minedTemplateNumber_RelationalIneqs_splitClauses_0":["356"],
"predicateGeneratorTime_RelationalIneqs_splitClauses_0":["10800000"],
"labeledTemplateRelationSymbolNumber_Empty_splitClauses_0":["26"],
"minedBinaryVariableTemplatesNumber_Octagon_splitClauses_0":["74"],
"labeledSingleVariableTemplatesNumber_Term_splitClauses_1":["2"],
"labeledBinaryVariableTemplatesNumber_Empty_splitClauses_0":["74"],
"minedTemplateNumber_Octagon_splitClauses_0":["356"],
"labeledBinaryVariableTemplatesNumber_Unlabeled_splitClauses_0":["74"],
"relationSymbolNumberBeforeSimplification_Empty_splitClauses_0":["302"],
"clauseNumberAfterSimplification_PredictedCDHG_splitClauses_0":["93"],
"smt2FileSizeByte_PredictedCG_splitClauses_0":["73248"],
"minedBinaryVariableTemplatesNumber_RelationalEqs_splitClauses_0":["74"],
"relationSymbolNumberBeforeSimplification_Unlabeled_splitClauses_0":["302"],
"labeledTemplateRelationSymbolNumber_RelationalEqs_splitClauses_1":["26"],
"minedBinaryVariableTemplatesNumber_Random_splitClauses_1":["74"],
"clauseNumberAfterSimplification_Unlabeled_splitClauses_1":["93"],
"minedSingleVariableTemplatesNumber_PredictedCDHG_splitClauses_1":["282"],
"labeledBinaryVariableTemplatesNumber_Term_splitClauses_1":["74"],
"clauseNumberBeforeSimplification_Empty_splitClauses_1":["136"],
"relationSymbolNumberAfterSimplification_Octagon_splitClauses_1":["161"],
"relationSymbolNumberAfterSimplification_Term_splitClauses_0":["161"],
"minedBinaryVariableTemplatesNumber_Mined_splitClauses_1":["74"],
"unlabeledBinaryVariableTemplatesNumber_Unlabeled_splitClauses_1":["1470"],
"relationSymbolNumberBeforeSimplification_Random_splitClauses_0":["302"],
"relationSymbolNumberAfterSimplification_PredictedCDHG_splitClauses_1":["161"],
"unlabeledTemplateNumber_PredictedCG_splitClauses_1":["2298"],
"generatedPredicateNumber_Empty_splitClauses_0":["10800000"],
"predicateGeneratorTime_RelationalIneqs_splitClauses_1":["953"],
"unlabeledSingleVariableTemplatesNumber_Empty_splitClauses_0":["828"],
"cegarIterationNumber_Octagon_splitClauses_0":["10800000"],
"clauseNumberAfterSimplification_Octagon_splitClauses_1":["93"],
"unlabeledSingleVariableTemplatesNumber_Labeled_splitClauses_1":["828"],
"clauseNumberBeforeSimplification_Random_splitClauses_1":["136"],
"minedTemplateRelationSymbolNumber_All_splitClauses_0":["28"],
"unlabeledTemplateRelationSymbolNumber_RelationalEqs_splitClauses_0":["28"],
"minedSingleVariableTemplatesNumber_Unlabeled_splitClauses_1":["282"],
"clauseNumberBeforeSimplification_RelationalEqs_splitClauses_0":["136"],
"minedTemplateNumber_Unlabeled_splitClauses_0":["356"],
"generatedPredicateNumber_Octagon_splitClauses_0":["10800000"],
"predicateGeneratorTime_PredictedCDHG_splitClauses_0":["10800000"],
"clauseNumberAfterSimplification_PredictedCG_splitClauses_1":["93"],
"labeledSingleVariableTemplatesNumber_RelationalEqs_splitClauses_1":["2"],
"smt2FileSizeByte_Random_splitClauses_1":["73248"],
"averagePredicateSize_PredictedCG_splitClauses_1":["10800000"],
"cegarIterationNumber_PredictedCDHG_splitClauses_1":["10800000"],
"clauseNumberAfterSimplification_RelationalEqs_splitClauses_1":["93"],
"minedBinaryVariableTemplatesNumber_Empty_splitClauses_1":["74"],
"relationSymbolNumberAfterSimplification_RelationalEqs_splitClauses_1":["161"],
"minedTemplateNumber_PredictedCDHG_splitClauses_0":["356"],
"labeledBinaryVariableTemplatesNumber_All_splitClauses_1":["74"],
"solvingTime_RelationalIneqs_splitClauses_1":["1299"],
"unlabeledTemplateRelationSymbolNumber_RelationalEqs_splitClauses_1":["28"],
"smt2FileSizeByte_Unlabeled_splitClauses_0":["73248"],
"relationSymbolNumberBeforeSimplification_Mined_splitClauses_1":["302"],
"relationSymbolNumberAfterSimplification_Mined_splitClauses_1":["161"],
"generatedPredicateNumber_All_splitClauses_0":["10800000"],
"relationSymbolNumberBeforeSimplification_Octagon_splitClauses_1":["302"],
"predicateGeneratorTime_Octagon_splitClauses_1":["1129"],
"solvability_Mined_splitClauses_1":["1"],
"minedTemplateRelationSymbolNumber_Term_splitClauses_1":["28"],
"clauseNumberAfterSimplification_Mined_splitClauses_0":["93"],
"solvability_PredictedCDHG_splitClauses_0":["10800000"],
"solvingTime_Empty_splitClauses_0":["10800000"],
"unlabeledSingleVariableTemplatesNumber_Unlabeled_splitClauses_1":["828"],
"minedTemplateNumber_Term_splitClauses_1":["356"],
"averagePredicateSize_Octagon_splitClauses_1":["1"],
"unlabeledSingleVariableTemplatesNumber_Octagon_splitClauses_1":["828"],
"minedTemplateRelationSymbolNumber_RelationalEqs_splitClauses_1":["28"],
"relationSymbolNumberBeforeSimplification_All_splitClauses_1":["302"],
"minedBinaryVariableTemplatesNumber_RelationalIneqs_splitClauses_0":["74"],
"predicateGeneratorTime_Term_splitClauses_1":["775"],
"solvingTime_Labeled_splitClauses_0":["10800000"],
"unlabeledBinaryVariableTemplatesNumber_PredictedCG_splitClauses_0":["1470"],
"minedTemplateNumber_All_splitClauses_0":["356"],
"predicateGeneratorTime_Labeled_splitClauses_1":["1115"],
"unlabeledTemplateRelationSymbolNumber_Empty_splitClauses_0":["28"],
"unlabeledTemplateNumber_Mined_splitClauses_1":["2298"],
"solvability_PredictedCG_splitClauses_1":["10800000"],
"unlabeledTemplateNumber_Term_splitClauses_0":["2298"],
"minedBinaryVariableTemplatesNumber_PredictedCG_splitClauses_1":["74"],
"labeledSingleVariableTemplatesNumber_PredictedCDHG_splitClauses_0":["2"],
"minedBinaryVariableTemplatesNumber_All_splitClauses_0":["74"],
"averagePredicateSize_PredictedCDHG_splitClauses_1":["10800000"],
"predicateGeneratorTime_PredictedCG_splitClauses_0":["10800000"],
"generatedPredicateNumber_RelationalIneqs_splitClauses_0":["10800000"],
"labeledTemplateNumber_Empty_splitClauses_0":["76"],
"relationSymbolNumberAfterSimplification_RelationalIneqs_splitClauses_1":["161"],
"unlabeledTemplateRelationSymbolNumber_Term_splitClauses_0":["28"],
"minedTemplateNumber_All_splitClauses_1":["356"],
"labeledSingleVariableTemplatesNumber_Empty_splitClauses_1":["2"],
"minedBinaryVariableTemplatesNumber_Unlabeled_splitClauses_0":["74"],
"labeledTemplateNumber_Random_splitClauses_0":["76"],
"minedBinaryVariableTemplatesNumber_All_splitClauses_1":["74"],
"unlabeledSingleVariableTemplatesNumber_All_splitClauses_0":["828"],
"relationSymbolNumberBeforeSimplification_Labeled_splitClauses_1":["302"],
"smt2FileSizeByte_PredictedCDHG_splitClauses_1":["73248"],
"labeledBinaryVariableTemplatesNumber_PredictedCDHG_splitClauses_0":["74"],
"averagePredicateSize_RelationalEqs_splitClauses_1":["1"],
"minedSingleVariableTemplatesNumber_Term_splitClauses_0":["282"],
"labeledTemplateRelationSymbolNumber_Term_splitClauses_1":["26"],
"generatedPredicateNumber_Random_splitClauses_0":["10800000"],
"labeledBinaryVariableTemplatesNumber_Empty_splitClauses_1":["74"],
"relationSymbolNumberAfterSimplification_Term_splitClauses_1":["161"],
"clauseNumberAfterSimplification_Labeled_splitClauses_0":["93"],
"labeledSingleVariableTemplatesNumber_Labeled_splitClauses_0":["2"],
"minedTemplateNumber_Mined_splitClauses_1":["356"],
"labeledTemplateRelationSymbolNumber_Labeled_splitClauses_0":["26"],
"unlabeledTemplateRelationSymbolNumber_Mined_splitClauses_1":["28"],
"solvability_Labeled_splitClauses_0":["10800000"],
"minedTemplateNumber_RelationalEqs_splitClauses_1":["356"],
"solvingTime_Random_splitClauses_1":["1359"],
"minedTemplateNumber_Random_splitClauses_0":["356"],
"cegarIterationNumber_Unlabeled_splitClauses_1":["30"],
"minedTemplateNumber_RelationalIneqs_splitClauses_1":["356"],
"unlabeledBinaryVariableTemplatesNumber_Octagon_splitClauses_1":["1470"],
"minedSingleVariableTemplatesNumber_Octagon_splitClauses_1":["282"],
"minedSingleVariableTemplatesNumber_Random_splitClauses_1":["282"],
"averagePredicateSize_All_splitClauses_1":["10800000"],
"minedTemplateNumber_Empty_splitClauses_0":["356"],
"labeledTemplateNumber_Mined_splitClauses_0":["76"],
"unlabeledBinaryVariableTemplatesNumber_All_splitClauses_0":["1470"],
"relationSymbolNumberAfterSimplification_Labeled_splitClauses_1":["161"],
"labeledSingleVariableTemplatesNumber_PredictedCDHG_splitClauses_1":["2"],
"minedSingleVariableTemplatesNumber_Mined_splitClauses_1":["282"],
"labeledTemplateRelationSymbolNumber_Term_splitClauses_0":["26"],
"unlabeledTemplateRelationSymbolNumber_Term_splitClauses_1":["28"],
"predicateGeneratorTime_All_splitClauses_1":["10800000"],
"unlabeledSingleVariableTemplatesNumber_Random_splitClauses_0":["828"],
"predicateGeneratorTime_Unlabeled_splitClauses_1":["1074"],
"cegarIterationNumber_PredictedCDHG_splitClauses_0":["10800000"],
"labeledTemplateNumber_RelationalEqs_splitClauses_0":["76"],
"labeledTemplateRelationSymbolNumber_Mined_splitClauses_1":["26"],
"labeledTemplateRelationSymbolNumber_Random_splitClauses_0":["26"],
"labeledBinaryVariableTemplatesNumber_RelationalEqs_splitClauses_1":["74"],
"generatedPredicateNumber_RelationalIneqs_splitClauses_1":["75"],
"unlabeledTemplateRelationSymbolNumber_PredictedCG_splitClauses_1":["28"],
"unlabeledSingleVariableTemplatesNumber_RelationalEqs_splitClauses_0":["828"],
"labeledBinaryVariableTemplatesNumber_Labeled_splitClauses_0":["74"],
"minedBinaryVariableTemplatesNumber_PredictedCDHG_splitClauses_0":["74"],
"unlabeledTemplateRelationSymbolNumber_Unlabeled_splitClauses_0":["28"],
"clauseNumberAfterSimplification_Term_splitClauses_1":["93"],
"unlabeledTemplateNumber_Octagon_splitClauses_0":["2298"],
"unlabeledBinaryVariableTemplatesNumber_RelationalEqs_splitClauses_1":["1470"],
"unlabeledTemplateNumber_PredictedCG_splitClauses_0":["2298"],
"unlabeledTemplateNumber_All_splitClauses_0":["2298"],
"labeledTemplateRelationSymbolNumber_RelationalIneqs_splitClauses_1":["26"],
"unlabeledSingleVariableTemplatesNumber_Mined_splitClauses_1":["828"],
"labeledTemplateRelationSymbolNumber_Unlabeled_splitClauses_1":["26"],
"labeledBinaryVariableTemplatesNumber_Random_splitClauses_1":["74"],
"solvability_Random_splitClauses_1":["1"],
"solvingTime_Term_splitClauses_0":["10800000"],
"minedSingleVariableTemplatesNumber_Labeled_splitClauses_1":["282"],
"clauseNumberBeforeSimplification_Term_splitClauses_0":["136"],
"relationSymbolNumberBeforeSimplification_RelationalIneqs_splitClauses_1":["302"],
"minedTemplateRelationSymbolNumber_Mined_splitClauses_0":["28"],
"solvability_Octagon_splitClauses_1":["1"],
"minedSingleVariableTemplatesNumber_RelationalIneqs_splitClauses_1":["282"],
"smt2FileSizeByte_Labeled_splitClauses_0":["73248"],
"solvability_RelationalEqs_splitClauses_1":["1"],
"unlabeledSingleVariableTemplatesNumber_Empty_splitClauses_1":["828"],
"labeledTemplateNumber_PredictedCDHG_splitClauses_1":["76"],
"minedTemplateRelationSymbolNumber_Octagon_splitClauses_0":["28"],
"clauseNumberAfterSimplification_Unlabeled_splitClauses_0":["93"],
"clauseNumberBeforeSimplification_Unlabeled_splitClauses_0":["136"],
"clauseNumberBeforeSimplification_PredictedCDHG_splitClauses_0":["136"],
"cegarIterationNumber_RelationalIneqs_splitClauses_0":["10800000"],
"labeledTemplateRelationSymbolNumber_RelationalEqs_splitClauses_0":["26"],
"averagePredicateSize_Labeled_splitClauses_0":["10800000"],
"smt2FileSizeByte_RelationalIneqs_splitClauses_1":["73248"],
"clauseNumberBeforeSimplification_RelationalEqs_splitClauses_1":["136"],
"unlabeledTemplateRelationSymbolNumber_RelationalIneqs_splitClauses_1":["28"],
"clauseNumberBeforeSimplification_PredictedCG_splitClauses_0":["136"],
"solvingTime_PredictedCDHG_splitClauses_0":["10800000"],
"labeledTemplateRelationSymbolNumber_Octagon_splitClauses_1":["26"],
"minedTemplateRelationSymbolNumber_PredictedCG_splitClauses_1":["28"],
"relationSymbolNumberBeforeSimplification_RelationalEqs_splitClauses_1":["302"],
"labeledTemplateNumber_Random_splitClauses_1":["76"],
"solvingTime_RelationalIneqs_splitClauses_0":["10800000"],
"labeledTemplateNumber_All_splitClauses_1":["76"],
"unlabeledTemplateNumber_Random_splitClauses_1":["2298"],
"relationSymbolNumberBeforeSimplification_All_splitClauses_0":["302"],
"smt2FileSizeByte_Unlabeled_splitClauses_1":["73248"],
"cegarIterationNumber_PredictedCG_splitClauses_0":["10800000"],
"predicateGeneratorTime_Octagon_splitClauses_0":["10800000"],
"unlabeledTemplateNumber_RelationalEqs_splitClauses_1":["2298"],
"clauseNumberAfterSimplification_Octagon_splitClauses_0":["93"],
"cegarIterationNumber_Random_splitClauses_0":["10800000"],
"solvability_PredictedCDHG_splitClauses_1":["10800000"],
"solvability_PredictedCG_splitClauses_0":["10800000"],
"solvingTime_PredictedCG_splitClauses_1":["10800000"],
"unlabeledSingleVariableTemplatesNumber_Unlabeled_splitClauses_0":["828"],
"unlabeledTemplateNumber_Unlabeled_splitClauses_0":["2298"],
"labeledTemplateRelationSymbolNumber_RelationalIneqs_splitClauses_0":["26"],
"minedTemplateNumber_Random_splitClauses_1":["356"],
"generatedPredicateNumber_RelationalEqs_splitClauses_0":["10800000"],
"minedTemplateNumber_Term_splitClauses_0":["356"],
"solvingTime_All_splitClauses_1":["10800000"],
"minedSingleVariableTemplatesNumber_PredictedCG_splitClauses_0":["282"],
"smt2FileSizeByte_Term_splitClauses_1":["73248"],
"labeledBinaryVariableTemplatesNumber_All_splitClauses_0":["74"],
"minedTemplateNumber_PredictedCDHG_splitClauses_1":["356"],
"minedTemplateRelationSymbolNumber_PredictedCDHG_splitClauses_0":["28"],
"averagePredicateSize_Unlabeled_splitClauses_0":["10800000"],
"minedBinaryVariableTemplatesNumber_Octagon_splitClauses_1":["74"],
"unlabeledSingleVariableTemplatesNumber_Random_splitClauses_1":["828"],
"clauseNumberBeforeSimplification_Random_splitClauses_0":["136"],
"solvingTime_Unlabeled_splitClauses_1":["1469"],
"predicateGeneratorTime_PredictedCDHG_splitClauses_1":["10800000"],
"averagePredicateSize_PredictedCDHG_splitClauses_0":["10800000"],
"relationSymbolNumberAfterSimplification_RelationalEqs_splitClauses_0":["161"],
"minedBinaryVariableTemplatesNumber_Term_splitClauses_0":["74"],
"labeledTemplateNumber_RelationalIneqs_splitClauses_0":["76"],
"clauseNumberAfterSimplification_Random_splitClauses_0":["93"],
"clauseNumberAfterSimplification_PredictedCG_splitClauses_0":["93"],
"generatedPredicateNumber_Empty_splitClauses_1":["75"],
"clauseNumberBeforeSimplification_Octagon_splitClauses_0":["136"],
"unlabeledTemplateNumber_Empty_splitClauses_0":["2298"],
"minedSingleVariableTemplatesNumber_All_splitClauses_0":["282"],
"labeledTemplateRelationSymbolNumber_Octagon_splitClauses_0":["26"],
"generatedPredicateNumber_Random_splitClauses_1":["75"],
"clauseNumberAfterSimplification_RelationalEqs_splitClauses_0":["93"],
"labeledBinaryVariableTemplatesNumber_Term_splitClauses_0":["74"],
"minedSingleVariableTemplatesNumber_RelationalEqs_splitClauses_0":["282"],
"minedTemplateNumber_Mined_splitClauses_0":["356"],
"relationSymbolNumberBeforeSimplification_PredictedCG_splitClauses_0":["302"],
"averagePredicateSize_Octagon_splitClauses_0":["10800000"],
"unlabeledBinaryVariableTemplatesNumber_Empty_splitClauses_1":["1470"],
"unlabeledSingleVariableTemplatesNumber_PredictedCDHG_splitClauses_0":["828"],
"unlabeledSingleVariableTemplatesNumber_PredictedCG_splitClauses_1":["828"],
"labeledTemplateRelationSymbolNumber_Labeled_splitClauses_1":["26"],
"minedTemplateRelationSymbolNumber_Random_splitClauses_0":["28"],
"unlabeledTemplateRelationSymbolNumber_PredictedCG_splitClauses_0":["28"],
"unlabeledTemplateNumber_RelationalIneqs_splitClauses_0":["2298"],
"unlabeledSingleVariableTemplatesNumber_Labeled_splitClauses_0":["828"],
"relationSymbolNumberAfterSimplification_PredictedCG_splitClauses_0":["161"],
"minedTemplateNumber_Unlabeled_splitClauses_1":["356"],
"generatedPredicateNumber_PredictedCG_splitClauses_0":["10800000"],
"labeledTemplateNumber_Unlabeled_splitClauses_1":["76"],
"unlabeledTemplateRelationSymbolNumber_Empty_splitClauses_1":["28"],
"clauseNumberBeforeSimplification_Empty_splitClauses_0":["136"],
"solvingTime_Octagon_splitClauses_1":["1532"],
"cegarIterationNumber_Mined_splitClauses_1":["30"],
"clauseNumberBeforeSimplification_Mined_splitClauses_1":["136"],
"smt2FileSizeByte_PredictedCDHG_splitClauses_0":["73248"],
"averagePredicateSize_PredictedCG_splitClauses_0":["10800000"],
"solvingTime_Random_splitClauses_0":["10800000"],
"minedTemplateNumber_RelationalEqs_splitClauses_0":["356"],
"unlabeledSingleVariableTemplatesNumber_RelationalIneqs_splitClauses_0":["828"],
"unlabeledTemplateNumber_Unlabeled_splitClauses_1":["2298"],
"labeledBinaryVariableTemplatesNumber_RelationalEqs_splitClauses_0":["74"],
"generatedPredicateNumber_PredictedCDHG_splitClauses_0":["10800000"],
"relationSymbolNumberAfterSimplification_RelationalIneqs_splitClauses_0":["161"],
"minedTemplateRelationSymbolNumber_Empty_splitClauses_1":["28"],
"predicateGeneratorTime_Random_splitClauses_1":["986"],
"labeledTemplateNumber_Term_splitClauses_1":["76"],
"relationSymbolNumberBeforeSimplification_RelationalEqs_splitClauses_0":["302"],
"minedSingleVariableTemplatesNumber_Empty_splitClauses_1":["282"],
"minedSingleVariableTemplatesNumber_RelationalIneqs_splitClauses_0":["282"],
"clauseNumberAfterSimplification_All_splitClauses_0":["93"],
"unlabeledBinaryVariableTemplatesNumber_RelationalEqs_splitClauses_0":["1470"],
"cegarIterationNumber_RelationalEqs_splitClauses_0":["10800000"],
"labeledTemplateRelationSymbolNumber_PredictedCDHG_splitClauses_0":["26"],
"labeledSingleVariableTemplatesNumber_Labeled_splitClauses_1":["2"],
"unlabeledBinaryVariableTemplatesNumber_All_splitClauses_1":["1470"],
"minedTemplateRelationSymbolNumber_Unlabeled_splitClauses_1":["28"],
"solvingTime_RelationalEqs_splitClauses_0":["10800000"],
"solvingTime_RelationalEqs_splitClauses_1":["1562"],
"minedBinaryVariableTemplatesNumber_Mined_splitClauses_0":["74"],
"clauseNumberBeforeSimplification_All_splitClauses_0":["136"],
"clauseNumberBeforeSimplification_RelationalIneqs_splitClauses_1":["136"],
"labeledTemplateNumber_RelationalEqs_splitClauses_1":["76"],
"labeledBinaryVariableTemplatesNumber_RelationalIneqs_splitClauses_0":["74"],
"relationSymbolNumberBeforeSimplification_Labeled_splitClauses_0":["302"],
"clauseNumberAfterSimplification_Empty_splitClauses_0":["93"],
"averagePredicateSize_Empty_splitClauses_0":["10800000"],
"unlabeledTemplateNumber_Term_splitClauses_1":["2298"],
"predicateGeneratorTime_Mined_splitClauses_1":["983"],
"labeledBinaryVariableTemplatesNumber_RelationalIneqs_splitClauses_1":["74"],
"predicateGeneratorTime_Unlabeled_splitClauses_0":["10800000"],
"relationSymbolNumberAfterSimplification_Empty_splitClauses_0":["161"],
"generatedPredicateNumber_Mined_splitClauses_0":["10800000"],
"generatedPredicateNumber_RelationalEqs_splitClauses_1":["75"],
"labeledTemplateRelationSymbolNumber_PredictedCG_splitClauses_0":["26"],
"minedSingleVariableTemplatesNumber_PredictedCG_splitClauses_1":["282"],
"minedTemplateRelationSymbolNumber_PredictedCG_splitClauses_0":["28"],
"unlabeledTemplateRelationSymbolNumber_Labeled_splitClauses_0":["28"],
"solvability_Empty_splitClauses_1":["1"],
"averagePredicateSize_Term_splitClauses_0":["10800000"],
"cegarIterationNumber_Random_splitClauses_1":["30"],
"averagePredicateSize_Labeled_splitClauses_1":["1"],
"unlabeledBinaryVariableTemplatesNumber_Unlabeled_splitClauses_0":["1470"],
"generatedPredicateNumber_Unlabeled_splitClauses_1":["75"],
"predicateGeneratorTime_All_splitClauses_0":["10800000"],
"unlabeledBinaryVariableTemplatesNumber_PredictedCDHG_splitClauses_1":["1470"],
"clauseNumberBeforeSimplification_Labeled_splitClauses_1":["136"],
"minedBinaryVariableTemplatesNumber_Labeled_splitClauses_1":["74"],
"labeledSingleVariableTemplatesNumber_All_splitClauses_0":["2"],
"unlabeledTemplateRelationSymbolNumber_Mined_splitClauses_0":["28"],
"cegarIterationNumber_Octagon_splitClauses_1":["30"],
"labeledTemplateNumber_Octagon_splitClauses_0":["76"],
"labeledTemplateRelationSymbolNumber_All_splitClauses_1":["26"],
"smt2FileSizeByte_Empty_splitClauses_0":["73248"],
"unlabeledTemplateNumber_Octagon_splitClauses_1":["2298"],
"predicateGeneratorTime_RelationalEqs_splitClauses_0":["10800000"],
"unlabeledTemplateRelationSymbolNumber_RelationalIneqs_splitClauses_0":["28"],
"smt2FileSizeByte_RelationalEqs_splitClauses_1":["73248"],
"unlabeledTemplateNumber_Labeled_splitClauses_0":["2298"],
"minedSingleVariableTemplatesNumber_Labeled_splitClauses_0":["282"],
"solvingTime_PredictedCDHG_splitClauses_1":["10800000"],
"relationSymbolNumberBeforeSimplification_Term_splitClauses_1":["302"],
"minedTemplateNumber_Octagon_splitClauses_1":["356"],
"clauseNumberBeforeSimplification_Mined_splitClauses_0":["136"],
"smt2FileSizeByte_All_splitClauses_0":["73248"],
"solvingTime_All_splitClauses_0":["10800000"],
"minedBinaryVariableTemplatesNumber_Term_splitClauses_1":["74"],
"unlabeledTemplateRelationSymbolNumber_Random_splitClauses_0":["28"],
"cegarIterationNumber_All_splitClauses_0":["10800000"],
"smt2FileSizeByte_RelationalEqs_splitClauses_0":["73248"],
"unlabeledSingleVariableTemplatesNumber_PredictedCDHG_splitClauses_1":["828"],
"clauseNumberBeforeSimplification_Labeled_splitClauses_0":["136"],
"cegarIterationNumber_PredictedCG_splitClauses_1":["10800000"],
"labeledTemplateRelationSymbolNumber_Unlabeled_splitClauses_0":["26"],
"unlabeledTemplateRelationSymbolNumber_Octagon_splitClauses_1":["28"],
"unlabeledTemplateNumber_Empty_splitClauses_1":["2298"],
"clauseNumberBeforeSimplification_Octagon_splitClauses_1":["136"],
"labeledTemplateNumber_Unlabeled_splitClauses_0":["76"],
"labeledBinaryVariableTemplatesNumber_PredictedCG_splitClauses_0":["74"],
"solvability_Term_splitClauses_1":["1"],
"solvability_Octagon_splitClauses_0":["10800000"],
"minedTemplateRelationSymbolNumber_RelationalIneqs_splitClauses_0":["28"],
"clauseNumberBeforeSimplification_RelationalIneqs_splitClauses_0":["136"],
"labeledTemplateNumber_PredictedCG_splitClauses_0":["76"],
"cegarIterationNumber_Labeled_splitClauses_0":["10800000"],
"smt2FileSizeByte_Labeled_splitClauses_1":["73248"],
"clauseNumberBeforeSimplification_Unlabeled_splitClauses_1":["136"],
"generatedPredicateNumber_Term_splitClauses_1":["75"],
"solvingTime_Term_splitClauses_1":["1052"],
"unlabeledBinaryVariableTemplatesNumber_Random_splitClauses_1":["1470"],
"unlabeledSingleVariableTemplatesNumber_Octagon_splitClauses_0":["828"],
"solvingTime_Octagon_splitClauses_0":["10800000"],
"labeledSingleVariableTemplatesNumber_Mined_splitClauses_1":["2"],
"averagePredicateSize_Term_splitClauses_1":["1"],
"labeledTemplateNumber_Labeled_splitClauses_0":["76"],
"unlabeledSingleVariableTemplatesNumber_PredictedCG_splitClauses_0":["828"],
"smt2FileSizeByte_Mined_splitClauses_1":["73248"],
"labeledBinaryVariableTemplatesNumber_Unlabeled_splitClauses_1":["74"],
"labeledTemplateNumber_All_splitClauses_0":["76"],
"unlabeledTemplateNumber_Random_splitClauses_0":["2298"],
"labeledTemplateNumber_Octagon_splitClauses_1":["76"],
"unlabeledTemplateNumber_PredictedCDHG_splitClauses_1":["2298"],
"unlabeledBinaryVariableTemplatesNumber_Mined_splitClauses_0":["1470"],
"minedTemplateRelationSymbolNumber_Mined_splitClauses_1":["28"],
"labeledTemplateNumber_RelationalIneqs_splitClauses_1":["76"],
"relationSymbolNumberAfterSimplification_All_splitClauses_0":["161"],
"relationSymbolNumberBeforeSimplification_PredictedCDHG_splitClauses_0":["302"],
"solvability_Term_splitClauses_0":["10800000"],
"clauseNumberBeforeSimplification_PredictedCG_splitClauses_1":["136"],
"generatedPredicateNumber_Labeled_splitClauses_1":["75"],
"labeledSingleVariableTemplatesNumber_Unlabeled_splitClauses_0":["2"],
"unlabeledBinaryVariableTemplatesNumber_Empty_splitClauses_0":["1470"],
"solvingTime_Mined_splitClauses_0":["10800000"],
"unlabeledTemplateNumber_All_splitClauses_1":["2298"],
"clauseNumberAfterSimplification_Random_splitClauses_1":["93"],
"labeledBinaryVariableTemplatesNumber_Octagon_splitClauses_1":["74"],
"unlabeledBinaryVariableTemplatesNumber_Labeled_splitClauses_0":["1470"],
"smt2FileSizeByte_Octagon_splitClauses_0":["73248"],
"labeledSingleVariableTemplatesNumber_Random_splitClauses_1":["2"],
"solvability_Unlabeled_splitClauses_0":["10800000"],
"solvingTime_Unlabeled_splitClauses_0":["10800000"],
"unlabeledTemplateRelationSymbolNumber_All_splitClauses_1":["28"],
"minedTemplateNumber_Empty_splitClauses_1":["356"],
"solvability_RelationalIneqs_splitClauses_0":["10800000"],
"unlabeledTemplateRelationSymbolNumber_Labeled_splitClauses_1":["28"],
"cegarIterationNumber_RelationalEqs_splitClauses_1":["30"],
"minedSingleVariableTemplatesNumber_RelationalEqs_splitClauses_1":["282"],
"clauseNumberAfterSimplification_PredictedCDHG_splitClauses_1":["93"],
"minedBinaryVariableTemplatesNumber_RelationalIneqs_splitClauses_1":["74"],
"unlabeledBinaryVariableTemplatesNumber_Mined_splitClauses_1":["1470"],
"unlabeledBinaryVariableTemplatesNumber_PredictedCDHG_splitClauses_0":["1470"],
"solvingTime_Empty_splitClauses_1":["1459"],
"labeledTemplateRelationSymbolNumber_Empty_splitClauses_1":["26"],
"generatedPredicateNumber_Term_splitClauses_0":["10800000"],
"averagePredicateSize_Empty_splitClauses_1":["1"],
"generatedPredicateNumber_PredictedCG_splitClauses_1":["10800000"],
"labeledTemplateRelationSymbolNumber_PredictedCDHG_splitClauses_1":["26"],
"predicateGeneratorTime_Mined_splitClauses_0":["10800000"],
"relationSymbolNumberBeforeSimplification_Term_splitClauses_0":["302"],
"predicateGeneratorTime_Labeled_splitClauses_0":["10800000"],
"labeledSingleVariableTemplatesNumber_Random_splitClauses_0":["2"],
"unlabeledTemplateRelationSymbolNumber_All_splitClauses_0":["28"],
"minedBinaryVariableTemplatesNumber_Labeled_splitClauses_0":["74"],
"generatedPredicateNumber_Labeled_splitClauses_0":["10800000"],
"relationSymbolNumberAfterSimplification_Empty_splitClauses_1":["161"],
"solvingTime_Mined_splitClauses_1":["1361"],
"minedSingleVariableTemplatesNumber_All_splitClauses_1":["282"],
"predicateGeneratorTime_Random_splitClauses_0":["10800000"],
"cegarIterationNumber_Term_splitClauses_1":["30"],
"labeledTemplateNumber_Empty_splitClauses_1":["76"],
"clauseNumberAfterSimplification_Empty_splitClauses_1":["93"],
"minedTemplateRelationSymbolNumber_Empty_splitClauses_0":["28"],
"unlabeledSingleVariableTemplatesNumber_Term_splitClauses_0":["828"],
"minedSingleVariableTemplatesNumber_Empty_splitClauses_0":["282"],
"relationSymbolNumberAfterSimplification_Random_splitClauses_0":["161"],
"minedTemplateRelationSymbolNumber_RelationalEqs_splitClauses_0":["28"],
"cegarIterationNumber_Empty_splitClauses_0":["10800000"],
"minedBinaryVariableTemplatesNumber_RelationalEqs_splitClauses_1":["74"],
"relationSymbolNumberBeforeSimplification_PredictedCG_splitClauses_1":["302"],
"labeledSingleVariableTemplatesNumber_All_splitClauses_1":["2"],
"unlabeledTemplateRelationSymbolNumber_Octagon_splitClauses_0":["28"],
"minedTemplateRelationSymbolNumber_Unlabeled_splitClauses_0":["28"],
"labeledBinaryVariableTemplatesNumber_Mined_splitClauses_0":["74"],
"relationSymbolNumberAfterSimplification_Unlabeled_splitClauses_1":["161"],
"minedTemplateNumber_PredictedCG_splitClauses_1":["356"],
"cegarIterationNumber_Empty_splitClauses_1":["30"],
"averagePredicateSize_RelationalIneqs_splitClauses_0":["10800000"],
"solvability_All_splitClauses_1":["10800000"],
"unlabeledBinaryVariableTemplatesNumber_Term_splitClauses_1":["1470"],
"minedTemplateRelationSymbolNumber_Labeled_splitClauses_1":["28"],
"averagePredicateSize_Unlabeled_splitClauses_1":["1"],
"labeledTemplateNumber_Term_splitClauses_0":["76"],
"smt2FileSizeByte_Empty_splitClauses_1":["73248"],
"solvingTime_PredictedCG_splitClauses_0":["10800000"],
"cegarIterationNumber_All_splitClauses_1":["10800000"],
"clauseNumberBeforeSimplification_Term_splitClauses_1":["136"],
"predicateGeneratorTime_Empty_splitClauses_0":["10800000"],
"relationSymbolNumberBeforeSimplification_Empty_splitClauses_1":["302"],
"averagePredicateSize_All_splitClauses_0":["10800000"],
"unlabeledBinaryVariableTemplatesNumber_Random_splitClauses_0":["1470"],
"smt2FileSizeByte_Term_splitClauses_0":["73248"],
"averagePredicateSize_Mined_splitClauses_1":["1"],
"minedBinaryVariableTemplatesNumber_Empty_splitClauses_0":["74"],
"minedTemplateRelationSymbolNumber_All_splitClauses_1":["28"],
"labeledSingleVariableTemplatesNumber_PredictedCG_splitClauses_0":["2"],
"unlabeledBinaryVariableTemplatesNumber_RelationalIneqs_splitClauses_0":["1470"],
"unlabeledSingleVariableTemplatesNumber_RelationalIneqs_splitClauses_1":["828"],
"clauseNumberAfterSimplification_RelationalIneqs_splitClauses_0":["93"],
"unlabeledTemplateNumber_RelationalEqs_splitClauses_0":["2298"],
"unlabeledTemplateNumber_RelationalIneqs_splitClauses_1":["2298"],
"labeledTemplateRelationSymbolNumber_PredictedCG_splitClauses_1":["26"],
"labeledTemplateRelationSymbolNumber_All_splitClauses_0":["26"],
"labeledSingleVariableTemplatesNumber_Octagon_splitClauses_0":["2"],
"dummyFiled":[]
}