{
"smt2FileSizeByte_All_splitClauses_1":["2766939"],
"generatedPredicateNumber_All_splitClauses_1":["10800000"],
"unlabeledTemplateRelationSymbolNumber_PredictedCDHG_splitClauses_0":["54"],
"predicateGeneratorTime_Term_splitClauses_0":["10800000"],
"averagePredicateSize_Random_splitClauses_1":["10800000"],
"labeledBinaryVariableTemplatesNumber_Labeled_splitClauses_1":["15"],
"clauseNumberBeforeSimplification_All_splitClauses_1":["537"],
"minedTemplateRelationSymbolNumber_Term_splitClauses_0":["54"],
"solvingTime_Labeled_splitClauses_1":["10800000"],
"unlabeledTemplateNumber_Labeled_splitClauses_1":["46503"],
"relationSymbolNumber_Term_splitClauses_1":["521"],
"minedTemplateRelationSymbolNumber_Octagon_splitClauses_1":["54"],
"clauseNumberAfterSimplification_Mined_splitClauses_1":["242"],
"unlabeledBinaryVariableTemplatesNumber_Term_splitClauses_0":["30894"],
"labeledTemplateNumber_PredictedCDHG_splitClauses_0":["15"],
"relationSymbolNumber_RelationalEqs_splitClauses_1":["521"],
"solvability_Empty_splitClauses_0":["10800000"],
"unlabeledTemplateRelationSymbolNumber_Random_splitClauses_1":["54"],
"labeledBinaryVariableTemplatesNumber_Octagon_splitClauses_0":["15"],
"minedTemplateRelationSymbolNumber_Random_splitClauses_1":["54"],
"unlabeledSingleVariableTemplatesNumber_Mined_splitClauses_0":["15609"],
"unlabeledBinaryVariableTemplatesNumber_PredictedCG_splitClauses_1":["30894"],
"solvability_All_splitClauses_0":["10800000"],
"predicateGeneratorTime_RelationalEqs_splitClauses_1":["10800000"],
"smt2FileSizeByte_PredictedCG_splitClauses_1":["2766939"],
"labeledSingleVariableTemplatesNumber_Unlabeled_splitClauses_1":["0"],
"labeledBinaryVariableTemplatesNumber_PredictedCG_splitClauses_1":["15"],
"minedBinaryVariableTemplatesNumber_PredictedCG_splitClauses_0":["15"],
"solvability_Random_splitClauses_0":["10800000"],
"clauseNumberBeforeSimplification_PredictedCDHG_splitClauses_1":["537"],
"labeledSingleVariableTemplatesNumber_Mined_splitClauses_0":["0"],
"solvability_Unlabeled_splitClauses_1":["10800000"],
"cegarIterationNumber_Labeled_splitClauses_1":["10800000"],
"smt2FileSizeByte_Mined_splitClauses_0":["2766939"],
"labeledSingleVariableTemplatesNumber_PredictedCG_splitClauses_1":["0"],
"smt2FileSizeByte_Octagon_splitClauses_1":["2766939"],
"minedTemplateNumber_Labeled_splitClauses_1":["5218"],
"labeledSingleVariableTemplatesNumber_RelationalIneqs_splitClauses_1":["0"],
"clauseNumberAfterSimplification_Labeled_splitClauses_1":["242"],
"smt2FileSizeByte_Random_splitClauses_0":["2766939"],
"unlabeledTemplateRelationSymbolNumber_PredictedCDHG_splitClauses_1":["54"],
"labeledSingleVariableTemplatesNumber_Term_splitClauses_0":["0"],
"generatedPredicateNumber_PredictedCDHG_splitClauses_1":["10800000"],
"minedSingleVariableTemplatesNumber_Unlabeled_splitClauses_0":["5203"],
"generatedPredicateNumber_Octagon_splitClauses_1":["10800000"],
"labeledSingleVariableTemplatesNumber_RelationalEqs_splitClauses_0":["0"],
"predicateGeneratorTime_PredictedCG_splitClauses_1":["10800000"],
"labeledTemplateNumber_Labeled_splitClauses_1":["15"],
"labeledSingleVariableTemplatesNumber_Empty_splitClauses_0":["0"],
"minedTemplateRelationSymbolNumber_RelationalIneqs_splitClauses_1":["54"],
"unlabeledSingleVariableTemplatesNumber_All_splitClauses_1":["15609"],
"labeledBinaryVariableTemplatesNumber_PredictedCDHG_splitClauses_1":["15"],
"unlabeledSingleVariableTemplatesNumber_RelationalEqs_splitClauses_1":["15609"],
"cegarIterationNumber_Term_splitClauses_0":["10800000"],
"unlabeledBinaryVariableTemplatesNumber_Labeled_splitClauses_1":["30894"],
"unlabeledSingleVariableTemplatesNumber_Term_splitClauses_1":["15609"],
"clauseNumberAfterSimplification_All_splitClauses_1":["242"],
"minedSingleVariableTemplatesNumber_Random_splitClauses_0":["5203"],
"solvability_RelationalIneqs_splitClauses_1":["10800000"],
"minedTemplateNumber_Labeled_splitClauses_0":["5218"],
"minedSingleVariableTemplatesNumber_Octagon_splitClauses_0":["5203"],
"minedSingleVariableTemplatesNumber_Term_splitClauses_1":["5203"],
"minedBinaryVariableTemplatesNumber_PredictedCDHG_splitClauses_1":["15"],
"generatedPredicateNumber_Mined_splitClauses_1":["25"],
"relationSymbolNumber_Octagon_splitClauses_1":["521"],
"relationSymbolNumber_Unlabeled_splitClauses_1":["521"],
"labeledSingleVariableTemplatesNumber_RelationalIneqs_splitClauses_0":["0"],
"averagePredicateSize_Mined_splitClauses_0":["10800000"],
"cegarIterationNumber_Unlabeled_splitClauses_0":["10800000"],
"minedBinaryVariableTemplatesNumber_Random_splitClauses_0":["15"],
"labeledTemplateNumber_Mined_splitClauses_1":["15"],
"labeledBinaryVariableTemplatesNumber_Random_splitClauses_0":["15"],
"unlabeledTemplateRelationSymbolNumber_Unlabeled_splitClauses_1":["54"],
"cegarIterationNumber_Mined_splitClauses_0":["10800000"],
"minedTemplateRelationSymbolNumber_Labeled_splitClauses_0":["54"],
"unlabeledBinaryVariableTemplatesNumber_RelationalIneqs_splitClauses_1":["30894"],
"unlabeledBinaryVariableTemplatesNumber_Octagon_splitClauses_0":["30894"],
"solvability_Mined_splitClauses_0":["10800000"],
"averagePredicateSize_RelationalEqs_splitClauses_0":["10800000"],
"clauseNumberAfterSimplification_Term_splitClauses_0":["242"],
"unlabeledTemplateNumber_Mined_splitClauses_0":["46503"],
"unlabeledTemplateNumber_PredictedCDHG_splitClauses_0":["46503"],
"cegarIterationNumber_RelationalIneqs_splitClauses_1":["10800000"],
"minedBinaryVariableTemplatesNumber_Unlabeled_splitClauses_1":["15"],
"labeledTemplateNumber_PredictedCG_splitClauses_1":["15"],
"labeledTemplateRelationSymbolNumber_Mined_splitClauses_0":["6"],
"labeledBinaryVariableTemplatesNumber_Mined_splitClauses_1":["15"],
"clauseNumberAfterSimplification_RelationalIneqs_splitClauses_1":["242"],
"minedSingleVariableTemplatesNumber_PredictedCDHG_splitClauses_0":["5203"],
"solvability_Labeled_splitClauses_1":["10800000"],
"labeledSingleVariableTemplatesNumber_Octagon_splitClauses_1":["0"],
"averagePredicateSize_Random_splitClauses_0":["10800000"],
"smt2FileSizeByte_RelationalIneqs_splitClauses_0":["2766939"],
"generatedPredicateNumber_Unlabeled_splitClauses_0":["10800000"],
"solvability_RelationalEqs_splitClauses_0":["10800000"],
"predicateGeneratorTime_Empty_splitClauses_1":["10800000"],
"minedSingleVariableTemplatesNumber_Mined_splitClauses_0":["5203"],
"minedTemplateRelationSymbolNumber_PredictedCDHG_splitClauses_1":["54"],
"minedTemplateNumber_PredictedCG_splitClauses_0":["5218"],
"averagePredicateSize_RelationalIneqs_splitClauses_1":["10800000"],
"labeledTemplateRelationSymbolNumber_Random_splitClauses_1":["6"],
"minedTemplateNumber_RelationalIneqs_splitClauses_0":["5218"],
"predicateGeneratorTime_RelationalIneqs_splitClauses_0":["10800000"],
"labeledTemplateRelationSymbolNumber_Empty_splitClauses_0":["6"],
"minedBinaryVariableTemplatesNumber_Octagon_splitClauses_0":["15"],
"relationSymbolNumber_Labeled_splitClauses_0":["521"],
"labeledSingleVariableTemplatesNumber_Term_splitClauses_1":["0"],
"labeledBinaryVariableTemplatesNumber_Empty_splitClauses_0":["15"],
"minedTemplateNumber_Octagon_splitClauses_0":["5218"],
"labeledBinaryVariableTemplatesNumber_Unlabeled_splitClauses_0":["15"],
"clauseNumberAfterSimplification_PredictedCDHG_splitClauses_0":["242"],
"smt2FileSizeByte_PredictedCG_splitClauses_0":["2766939"],
"minedBinaryVariableTemplatesNumber_RelationalEqs_splitClauses_0":["15"],
"labeledTemplateRelationSymbolNumber_RelationalEqs_splitClauses_1":["6"],
"minedBinaryVariableTemplatesNumber_Random_splitClauses_1":["15"],
"clauseNumberAfterSimplification_Unlabeled_splitClauses_1":["242"],
"minedSingleVariableTemplatesNumber_PredictedCDHG_splitClauses_1":["5203"],
"labeledBinaryVariableTemplatesNumber_Term_splitClauses_1":["15"],
"clauseNumberBeforeSimplification_Empty_splitClauses_1":["537"],
"minedBinaryVariableTemplatesNumber_Mined_splitClauses_1":["15"],
"unlabeledBinaryVariableTemplatesNumber_Unlabeled_splitClauses_1":["30894"],
"unlabeledTemplateNumber_PredictedCG_splitClauses_1":["46503"],
"generatedPredicateNumber_Empty_splitClauses_0":["10800000"],
"predicateGeneratorTime_RelationalIneqs_splitClauses_1":["10800000"],
"unlabeledSingleVariableTemplatesNumber_Empty_splitClauses_0":["15609"],
"cegarIterationNumber_Octagon_splitClauses_0":["10800000"],
"clauseNumberAfterSimplification_Octagon_splitClauses_1":["242"],
"unlabeledSingleVariableTemplatesNumber_Labeled_splitClauses_1":["15609"],
"clauseNumberBeforeSimplification_Random_splitClauses_1":["537"],
"minedTemplateRelationSymbolNumber_All_splitClauses_0":["54"],
"unlabeledTemplateRelationSymbolNumber_RelationalEqs_splitClauses_0":["54"],
"minedSingleVariableTemplatesNumber_Unlabeled_splitClauses_1":["5203"],
"clauseNumberBeforeSimplification_RelationalEqs_splitClauses_0":["537"],
"minedTemplateNumber_Unlabeled_splitClauses_0":["5218"],
"generatedPredicateNumber_Octagon_splitClauses_0":["10800000"],
"predicateGeneratorTime_PredictedCDHG_splitClauses_0":["10800000"],
"clauseNumberAfterSimplification_PredictedCG_splitClauses_1":["242"],
"labeledSingleVariableTemplatesNumber_RelationalEqs_splitClauses_1":["0"],
"smt2FileSizeByte_Random_splitClauses_1":["2766939"],
"averagePredicateSize_PredictedCG_splitClauses_1":["10800000"],
"cegarIterationNumber_PredictedCDHG_splitClauses_1":["10800000"],
"clauseNumberAfterSimplification_RelationalEqs_splitClauses_1":["242"],
"minedBinaryVariableTemplatesNumber_Empty_splitClauses_1":["15"],
"minedTemplateNumber_PredictedCDHG_splitClauses_0":["5218"],
"labeledBinaryVariableTemplatesNumber_All_splitClauses_1":["15"],
"solvingTime_RelationalIneqs_splitClauses_1":["10800000"],
"unlabeledTemplateRelationSymbolNumber_RelationalEqs_splitClauses_1":["54"],
"smt2FileSizeByte_Unlabeled_splitClauses_0":["2766939"],
"generatedPredicateNumber_All_splitClauses_0":["10800000"],
"predicateGeneratorTime_Octagon_splitClauses_1":["10800000"],
"solvability_Mined_splitClauses_1":["1"],
"minedTemplateRelationSymbolNumber_Term_splitClauses_1":["54"],
"clauseNumberAfterSimplification_Mined_splitClauses_0":["242"],
"solvability_PredictedCDHG_splitClauses_0":["10800000"],
"solvingTime_Empty_splitClauses_0":["10800000"],
"unlabeledSingleVariableTemplatesNumber_Unlabeled_splitClauses_1":["15609"],
"minedTemplateNumber_Term_splitClauses_1":["5218"],
"averagePredicateSize_Octagon_splitClauses_1":["10800000"],
"relationSymbolNumber_Empty_splitClauses_1":["521"],
"unlabeledSingleVariableTemplatesNumber_Octagon_splitClauses_1":["15609"],
"minedTemplateRelationSymbolNumber_RelationalEqs_splitClauses_1":["54"],
"minedBinaryVariableTemplatesNumber_RelationalIneqs_splitClauses_0":["15"],
"predicateGeneratorTime_Term_splitClauses_1":["10800000"],
"solvingTime_Labeled_splitClauses_0":["10800000"],
"unlabeledBinaryVariableTemplatesNumber_PredictedCG_splitClauses_0":["30894"],
"minedTemplateNumber_All_splitClauses_0":["5218"],
"predicateGeneratorTime_Labeled_splitClauses_1":["10800000"],
"unlabeledTemplateRelationSymbolNumber_Empty_splitClauses_0":["54"],
"unlabeledTemplateNumber_Mined_splitClauses_1":["46503"],
"solvability_PredictedCG_splitClauses_1":["10800000"],
"unlabeledTemplateNumber_Term_splitClauses_0":["46503"],
"minedBinaryVariableTemplatesNumber_PredictedCG_splitClauses_1":["15"],
"labeledSingleVariableTemplatesNumber_PredictedCDHG_splitClauses_0":["0"],
"minedBinaryVariableTemplatesNumber_All_splitClauses_0":["15"],
"averagePredicateSize_PredictedCDHG_splitClauses_1":["10800000"],
"predicateGeneratorTime_PredictedCG_splitClauses_0":["10800000"],
"generatedPredicateNumber_RelationalIneqs_splitClauses_0":["10800000"],
"labeledTemplateNumber_Empty_splitClauses_0":["15"],
"unlabeledTemplateRelationSymbolNumber_Term_splitClauses_0":["54"],
"minedTemplateNumber_All_splitClauses_1":["5218"],
"labeledSingleVariableTemplatesNumber_Empty_splitClauses_1":["0"],
"minedBinaryVariableTemplatesNumber_Unlabeled_splitClauses_0":["15"],
"labeledTemplateNumber_Random_splitClauses_0":["15"],
"minedBinaryVariableTemplatesNumber_All_splitClauses_1":["15"],
"unlabeledSingleVariableTemplatesNumber_All_splitClauses_0":["15609"],
"smt2FileSizeByte_PredictedCDHG_splitClauses_1":["2766939"],
"labeledBinaryVariableTemplatesNumber_PredictedCDHG_splitClauses_0":["15"],
"averagePredicateSize_RelationalEqs_splitClauses_1":["10800000"],
"minedSingleVariableTemplatesNumber_Term_splitClauses_0":["5203"],
"labeledTemplateRelationSymbolNumber_Term_splitClauses_1":["6"],
"generatedPredicateNumber_Random_splitClauses_0":["10800000"],
"labeledBinaryVariableTemplatesNumber_Empty_splitClauses_1":["15"],
"clauseNumberAfterSimplification_Labeled_splitClauses_0":["242"],
"labeledSingleVariableTemplatesNumber_Labeled_splitClauses_0":["0"],
"minedTemplateNumber_Mined_splitClauses_1":["5218"],
"labeledTemplateRelationSymbolNumber_Labeled_splitClauses_0":["6"],
"unlabeledTemplateRelationSymbolNumber_Mined_splitClauses_1":["54"],
"solvability_Labeled_splitClauses_0":["10800000"],
"minedTemplateNumber_RelationalEqs_splitClauses_1":["5218"],
"solvingTime_Random_splitClauses_1":["10800000"],
"minedTemplateNumber_Random_splitClauses_0":["5218"],
"cegarIterationNumber_Unlabeled_splitClauses_1":["10800000"],
"minedTemplateNumber_RelationalIneqs_splitClauses_1":["5218"],
"unlabeledBinaryVariableTemplatesNumber_Octagon_splitClauses_1":["30894"],
"minedSingleVariableTemplatesNumber_Octagon_splitClauses_1":["5203"],
"minedSingleVariableTemplatesNumber_Random_splitClauses_1":["5203"],
"averagePredicateSize_All_splitClauses_1":["10800000"],
"minedTemplateNumber_Empty_splitClauses_0":["5218"],
"labeledTemplateNumber_Mined_splitClauses_0":["15"],
"unlabeledBinaryVariableTemplatesNumber_All_splitClauses_0":["30894"],
"labeledSingleVariableTemplatesNumber_PredictedCDHG_splitClauses_1":["0"],
"minedSingleVariableTemplatesNumber_Mined_splitClauses_1":["5203"],
"labeledTemplateRelationSymbolNumber_Term_splitClauses_0":["6"],
"unlabeledTemplateRelationSymbolNumber_Term_splitClauses_1":["54"],
"predicateGeneratorTime_All_splitClauses_1":["10800000"],
"unlabeledSingleVariableTemplatesNumber_Random_splitClauses_0":["15609"],
"predicateGeneratorTime_Unlabeled_splitClauses_1":["10800000"],
"cegarIterationNumber_PredictedCDHG_splitClauses_0":["10800000"],
"labeledTemplateNumber_RelationalEqs_splitClauses_0":["15"],
"labeledTemplateRelationSymbolNumber_Mined_splitClauses_1":["6"],
"labeledTemplateRelationSymbolNumber_Random_splitClauses_0":["6"],
"labeledBinaryVariableTemplatesNumber_RelationalEqs_splitClauses_1":["15"],
"generatedPredicateNumber_RelationalIneqs_splitClauses_1":["10800000"],
"unlabeledTemplateRelationSymbolNumber_PredictedCG_splitClauses_1":["54"],
"unlabeledSingleVariableTemplatesNumber_RelationalEqs_splitClauses_0":["15609"],
"labeledBinaryVariableTemplatesNumber_Labeled_splitClauses_0":["15"],
"minedBinaryVariableTemplatesNumber_PredictedCDHG_splitClauses_0":["15"],
"unlabeledTemplateRelationSymbolNumber_Unlabeled_splitClauses_0":["54"],
"clauseNumberAfterSimplification_Term_splitClauses_1":["242"],
"relationSymbolNumber_RelationalIneqs_splitClauses_0":["521"],
"unlabeledTemplateNumber_Octagon_splitClauses_0":["46503"],
"unlabeledBinaryVariableTemplatesNumber_RelationalEqs_splitClauses_1":["30894"],
"unlabeledTemplateNumber_PredictedCG_splitClauses_0":["46503"],
"unlabeledTemplateNumber_All_splitClauses_0":["46503"],
"labeledTemplateRelationSymbolNumber_RelationalIneqs_splitClauses_1":["6"],
"unlabeledSingleVariableTemplatesNumber_Mined_splitClauses_1":["15609"],
"labeledTemplateRelationSymbolNumber_Unlabeled_splitClauses_1":["6"],
"labeledBinaryVariableTemplatesNumber_Random_splitClauses_1":["15"],
"relationSymbolNumber_RelationalEqs_splitClauses_0":["521"],
"solvability_Random_splitClauses_1":["10800000"],
"solvingTime_Term_splitClauses_0":["10800000"],
"minedSingleVariableTemplatesNumber_Labeled_splitClauses_1":["5203"],
"relationSymbolNumber_Random_splitClauses_0":["521"],
"clauseNumberBeforeSimplification_Term_splitClauses_0":["537"],
"minedTemplateRelationSymbolNumber_Mined_splitClauses_0":["54"],
"solvability_Octagon_splitClauses_1":["10800000"],
"relationSymbolNumber_Labeled_splitClauses_1":["521"],
"minedSingleVariableTemplatesNumber_RelationalIneqs_splitClauses_1":["5203"],
"smt2FileSizeByte_Labeled_splitClauses_0":["2766939"],
"solvability_RelationalEqs_splitClauses_1":["10800000"],
"unlabeledSingleVariableTemplatesNumber_Empty_splitClauses_1":["15609"],
"labeledTemplateNumber_PredictedCDHG_splitClauses_1":["15"],
"minedTemplateRelationSymbolNumber_Octagon_splitClauses_0":["54"],
"clauseNumberAfterSimplification_Unlabeled_splitClauses_0":["242"],
"clauseNumberBeforeSimplification_Unlabeled_splitClauses_0":["537"],
"clauseNumberBeforeSimplification_PredictedCDHG_splitClauses_0":["537"],
"cegarIterationNumber_RelationalIneqs_splitClauses_0":["10800000"],
"relationSymbolNumber_All_splitClauses_0":["521"],
"labeledTemplateRelationSymbolNumber_RelationalEqs_splitClauses_0":["6"],
"averagePredicateSize_Labeled_splitClauses_0":["10800000"],
"smt2FileSizeByte_RelationalIneqs_splitClauses_1":["2766939"],
"clauseNumberBeforeSimplification_RelationalEqs_splitClauses_1":["537"],
"unlabeledTemplateRelationSymbolNumber_RelationalIneqs_splitClauses_1":["54"],
"clauseNumberBeforeSimplification_PredictedCG_splitClauses_0":["537"],
"solvingTime_PredictedCDHG_splitClauses_0":["10800000"],
"labeledTemplateRelationSymbolNumber_Octagon_splitClauses_1":["6"],
"minedTemplateRelationSymbolNumber_PredictedCG_splitClauses_1":["54"],
"labeledTemplateNumber_Random_splitClauses_1":["15"],
"solvingTime_RelationalIneqs_splitClauses_0":["10800000"],
"labeledTemplateNumber_All_splitClauses_1":["15"],
"unlabeledTemplateNumber_Random_splitClauses_1":["46503"],
"relationSymbolNumber_PredictedCDHG_splitClauses_1":["521"],
"smt2FileSizeByte_Unlabeled_splitClauses_1":["2766939"],
"cegarIterationNumber_PredictedCG_splitClauses_0":["10800000"],
"predicateGeneratorTime_Octagon_splitClauses_0":["10800000"],
"unlabeledTemplateNumber_RelationalEqs_splitClauses_1":["46503"],
"clauseNumberAfterSimplification_Octagon_splitClauses_0":["242"],
"cegarIterationNumber_Random_splitClauses_0":["10800000"],
"solvability_PredictedCDHG_splitClauses_1":["10800000"],
"solvability_PredictedCG_splitClauses_0":["10800000"],
"solvingTime_PredictedCG_splitClauses_1":["10800000"],
"unlabeledSingleVariableTemplatesNumber_Unlabeled_splitClauses_0":["15609"],
"unlabeledTemplateNumber_Unlabeled_splitClauses_0":["46503"],
"labeledTemplateRelationSymbolNumber_RelationalIneqs_splitClauses_0":["6"],
"minedTemplateNumber_Random_splitClauses_1":["5218"],
"relationSymbolNumber_PredictedCG_splitClauses_0":["521"],
"generatedPredicateNumber_RelationalEqs_splitClauses_0":["10800000"],
"minedTemplateNumber_Term_splitClauses_0":["5218"],
"solvingTime_All_splitClauses_1":["10800000"],
"minedSingleVariableTemplatesNumber_PredictedCG_splitClauses_0":["5203"],
"smt2FileSizeByte_Term_splitClauses_1":["2766939"],
"labeledBinaryVariableTemplatesNumber_All_splitClauses_0":["15"],
"minedTemplateNumber_PredictedCDHG_splitClauses_1":["5218"],
"minedTemplateRelationSymbolNumber_PredictedCDHG_splitClauses_0":["54"],
"averagePredicateSize_Unlabeled_splitClauses_0":["10800000"],
"minedBinaryVariableTemplatesNumber_Octagon_splitClauses_1":["15"],
"unlabeledSingleVariableTemplatesNumber_Random_splitClauses_1":["15609"],
"clauseNumberBeforeSimplification_Random_splitClauses_0":["537"],
"solvingTime_Unlabeled_splitClauses_1":["10800000"],
"predicateGeneratorTime_PredictedCDHG_splitClauses_1":["10800000"],
"averagePredicateSize_PredictedCDHG_splitClauses_0":["10800000"],
"minedBinaryVariableTemplatesNumber_Term_splitClauses_0":["15"],
"labeledTemplateNumber_RelationalIneqs_splitClauses_0":["15"],
"clauseNumberAfterSimplification_Random_splitClauses_0":["242"],
"clauseNumberAfterSimplification_PredictedCG_splitClauses_0":["242"],
"generatedPredicateNumber_Empty_splitClauses_1":["10800000"],
"clauseNumberBeforeSimplification_Octagon_splitClauses_0":["537"],
"unlabeledTemplateNumber_Empty_splitClauses_0":["46503"],
"minedSingleVariableTemplatesNumber_All_splitClauses_0":["5203"],
"labeledTemplateRelationSymbolNumber_Octagon_splitClauses_0":["6"],
"generatedPredicateNumber_Random_splitClauses_1":["10800000"],
"clauseNumberAfterSimplification_RelationalEqs_splitClauses_0":["242"],
"labeledBinaryVariableTemplatesNumber_Term_splitClauses_0":["15"],
"minedSingleVariableTemplatesNumber_RelationalEqs_splitClauses_0":["5203"],
"minedTemplateNumber_Mined_splitClauses_0":["5218"],
"averagePredicateSize_Octagon_splitClauses_0":["10800000"],
"unlabeledBinaryVariableTemplatesNumber_Empty_splitClauses_1":["30894"],
"relationSymbolNumber_Unlabeled_splitClauses_0":["521"],
"unlabeledSingleVariableTemplatesNumber_PredictedCDHG_splitClauses_0":["15609"],
"unlabeledSingleVariableTemplatesNumber_PredictedCG_splitClauses_1":["15609"],
"labeledTemplateRelationSymbolNumber_Labeled_splitClauses_1":["6"],
"minedTemplateRelationSymbolNumber_Random_splitClauses_0":["54"],
"unlabeledTemplateRelationSymbolNumber_PredictedCG_splitClauses_0":["54"],
"unlabeledTemplateNumber_RelationalIneqs_splitClauses_0":["46503"],
"unlabeledSingleVariableTemplatesNumber_Labeled_splitClauses_0":["15609"],
"minedTemplateNumber_Unlabeled_splitClauses_1":["5218"],
"generatedPredicateNumber_PredictedCG_splitClauses_0":["10800000"],
"labeledTemplateNumber_Unlabeled_splitClauses_1":["15"],
"unlabeledTemplateRelationSymbolNumber_Empty_splitClauses_1":["54"],
"clauseNumberBeforeSimplification_Empty_splitClauses_0":["537"],
"solvingTime_Octagon_splitClauses_1":["10800000"],
"cegarIterationNumber_Mined_splitClauses_1":["11"],
"clauseNumberBeforeSimplification_Mined_splitClauses_1":["537"],
"smt2FileSizeByte_PredictedCDHG_splitClauses_0":["2766939"],
"averagePredicateSize_PredictedCG_splitClauses_0":["10800000"],
"solvingTime_Random_splitClauses_0":["10800000"],
"minedTemplateNumber_RelationalEqs_splitClauses_0":["5218"],
"unlabeledSingleVariableTemplatesNumber_RelationalIneqs_splitClauses_0":["15609"],
"unlabeledTemplateNumber_Unlabeled_splitClauses_1":["46503"],
"labeledBinaryVariableTemplatesNumber_RelationalEqs_splitClauses_0":["15"],
"generatedPredicateNumber_PredictedCDHG_splitClauses_0":["10800000"],
"minedTemplateRelationSymbolNumber_Empty_splitClauses_1":["54"],
"predicateGeneratorTime_Random_splitClauses_1":["10800000"],
"labeledTemplateNumber_Term_splitClauses_1":["15"],
"minedSingleVariableTemplatesNumber_Empty_splitClauses_1":["5203"],
"minedSingleVariableTemplatesNumber_RelationalIneqs_splitClauses_0":["5203"],
"clauseNumberAfterSimplification_All_splitClauses_0":["242"],
"unlabeledBinaryVariableTemplatesNumber_RelationalEqs_splitClauses_0":["30894"],
"cegarIterationNumber_RelationalEqs_splitClauses_0":["10800000"],
"labeledTemplateRelationSymbolNumber_PredictedCDHG_splitClauses_0":["6"],
"labeledSingleVariableTemplatesNumber_Labeled_splitClauses_1":["0"],
"unlabeledBinaryVariableTemplatesNumber_All_splitClauses_1":["30894"],
"minedTemplateRelationSymbolNumber_Unlabeled_splitClauses_1":["54"],
"solvingTime_RelationalEqs_splitClauses_0":["10800000"],
"solvingTime_RelationalEqs_splitClauses_1":["10800000"],
"minedBinaryVariableTemplatesNumber_Mined_splitClauses_0":["15"],
"clauseNumberBeforeSimplification_All_splitClauses_0":["537"],
"clauseNumberBeforeSimplification_RelationalIneqs_splitClauses_1":["537"],
"labeledTemplateNumber_RelationalEqs_splitClauses_1":["15"],
"labeledBinaryVariableTemplatesNumber_RelationalIneqs_splitClauses_0":["15"],
"clauseNumberAfterSimplification_Empty_splitClauses_0":["242"],
"averagePredicateSize_Empty_splitClauses_0":["10800000"],
"relationSymbolNumber_PredictedCG_splitClauses_1":["521"],
"unlabeledTemplateNumber_Term_splitClauses_1":["46503"],
"predicateGeneratorTime_Mined_splitClauses_1":["1981"],
"relationSymbolNumber_Mined_splitClauses_0":["521"],
"labeledBinaryVariableTemplatesNumber_RelationalIneqs_splitClauses_1":["15"],
"predicateGeneratorTime_Unlabeled_splitClauses_0":["10800000"],
"generatedPredicateNumber_Mined_splitClauses_0":["10800000"],
"generatedPredicateNumber_RelationalEqs_splitClauses_1":["10800000"],
"labeledTemplateRelationSymbolNumber_PredictedCG_splitClauses_0":["6"],
"minedSingleVariableTemplatesNumber_PredictedCG_splitClauses_1":["5203"],
"minedTemplateRelationSymbolNumber_PredictedCG_splitClauses_0":["54"],
"unlabeledTemplateRelationSymbolNumber_Labeled_splitClauses_0":["54"],
"solvability_Empty_splitClauses_1":["10800000"],
"averagePredicateSize_Term_splitClauses_0":["10800000"],
"cegarIterationNumber_Random_splitClauses_1":["10800000"],
"relationSymbolNumber_All_splitClauses_1":["521"],
"averagePredicateSize_Labeled_splitClauses_1":["10800000"],
"unlabeledBinaryVariableTemplatesNumber_Unlabeled_splitClauses_0":["30894"],
"generatedPredicateNumber_Unlabeled_splitClauses_1":["10800000"],
"predicateGeneratorTime_All_splitClauses_0":["10800000"],
"unlabeledBinaryVariableTemplatesNumber_PredictedCDHG_splitClauses_1":["30894"],
"clauseNumberBeforeSimplification_Labeled_splitClauses_1":["537"],
"minedBinaryVariableTemplatesNumber_Labeled_splitClauses_1":["15"],
"labeledSingleVariableTemplatesNumber_All_splitClauses_0":["0"],
"unlabeledTemplateRelationSymbolNumber_Mined_splitClauses_0":["54"],
"cegarIterationNumber_Octagon_splitClauses_1":["10800000"],
"labeledTemplateNumber_Octagon_splitClauses_0":["15"],
"labeledTemplateRelationSymbolNumber_All_splitClauses_1":["6"],
"smt2FileSizeByte_Empty_splitClauses_0":["2766939"],
"relationSymbolNumber_RelationalIneqs_splitClauses_1":["521"],
"unlabeledTemplateNumber_Octagon_splitClauses_1":["46503"],
"predicateGeneratorTime_RelationalEqs_splitClauses_0":["10800000"],
"unlabeledTemplateRelationSymbolNumber_RelationalIneqs_splitClauses_0":["54"],
"smt2FileSizeByte_RelationalEqs_splitClauses_1":["2766939"],
"unlabeledTemplateNumber_Labeled_splitClauses_0":["46503"],
"relationSymbolNumber_Random_splitClauses_1":["521"],
"minedSingleVariableTemplatesNumber_Labeled_splitClauses_0":["5203"],
"solvingTime_PredictedCDHG_splitClauses_1":["10800000"],
"minedTemplateNumber_Octagon_splitClauses_1":["5218"],
"clauseNumberBeforeSimplification_Mined_splitClauses_0":["537"],
"smt2FileSizeByte_All_splitClauses_0":["2766939"],
"solvingTime_All_splitClauses_0":["10800000"],
"minedBinaryVariableTemplatesNumber_Term_splitClauses_1":["15"],
"unlabeledTemplateRelationSymbolNumber_Random_splitClauses_0":["54"],
"cegarIterationNumber_All_splitClauses_0":["10800000"],
"smt2FileSizeByte_RelationalEqs_splitClauses_0":["2766939"],
"unlabeledSingleVariableTemplatesNumber_PredictedCDHG_splitClauses_1":["15609"],
"clauseNumberBeforeSimplification_Labeled_splitClauses_0":["537"],
"cegarIterationNumber_PredictedCG_splitClauses_1":["10800000"],
"labeledTemplateRelationSymbolNumber_Unlabeled_splitClauses_0":["6"],
"unlabeledTemplateRelationSymbolNumber_Octagon_splitClauses_1":["54"],
"unlabeledTemplateNumber_Empty_splitClauses_1":["46503"],
"clauseNumberBeforeSimplification_Octagon_splitClauses_1":["537"],
"labeledTemplateNumber_Unlabeled_splitClauses_0":["15"],
"labeledBinaryVariableTemplatesNumber_PredictedCG_splitClauses_0":["15"],
"solvability_Term_splitClauses_1":["10800000"],
"solvability_Octagon_splitClauses_0":["10800000"],
"minedTemplateRelationSymbolNumber_RelationalIneqs_splitClauses_0":["54"],
"clauseNumberBeforeSimplification_RelationalIneqs_splitClauses_0":["537"],
"labeledTemplateNumber_PredictedCG_splitClauses_0":["15"],
"cegarIterationNumber_Labeled_splitClauses_0":["10800000"],
"smt2FileSizeByte_Labeled_splitClauses_1":["2766939"],
"clauseNumberBeforeSimplification_Unlabeled_splitClauses_1":["537"],
"generatedPredicateNumber_Term_splitClauses_1":["10800000"],
"solvingTime_Term_splitClauses_1":["10800000"],
"unlabeledBinaryVariableTemplatesNumber_Random_splitClauses_1":["30894"],
"unlabeledSingleVariableTemplatesNumber_Octagon_splitClauses_0":["15609"],
"solvingTime_Octagon_splitClauses_0":["10800000"],
"labeledSingleVariableTemplatesNumber_Mined_splitClauses_1":["0"],
"averagePredicateSize_Term_splitClauses_1":["10800000"],
"labeledTemplateNumber_Labeled_splitClauses_0":["15"],
"unlabeledSingleVariableTemplatesNumber_PredictedCG_splitClauses_0":["15609"],
"smt2FileSizeByte_Mined_splitClauses_1":["2766939"],
"labeledBinaryVariableTemplatesNumber_Unlabeled_splitClauses_1":["15"],
"labeledTemplateNumber_All_splitClauses_0":["15"],
"unlabeledTemplateNumber_Random_splitClauses_0":["46503"],
"labeledTemplateNumber_Octagon_splitClauses_1":["15"],
"unlabeledTemplateNumber_PredictedCDHG_splitClauses_1":["46503"],
"unlabeledBinaryVariableTemplatesNumber_Mined_splitClauses_0":["30894"],
"minedTemplateRelationSymbolNumber_Mined_splitClauses_1":["54"],
"labeledTemplateNumber_RelationalIneqs_splitClauses_1":["15"],
"solvability_Term_splitClauses_0":["10800000"],
"relationSymbolNumber_Octagon_splitClauses_0":["521"],
"clauseNumberBeforeSimplification_PredictedCG_splitClauses_1":["537"],
"generatedPredicateNumber_Labeled_splitClauses_1":["10800000"],
"labeledSingleVariableTemplatesNumber_Unlabeled_splitClauses_0":["0"],
"unlabeledBinaryVariableTemplatesNumber_Empty_splitClauses_0":["30894"],
"solvingTime_Mined_splitClauses_0":["10800000"],
"unlabeledTemplateNumber_All_splitClauses_1":["46503"],
"clauseNumberAfterSimplification_Random_splitClauses_1":["242"],
"labeledBinaryVariableTemplatesNumber_Octagon_splitClauses_1":["15"],
"unlabeledBinaryVariableTemplatesNumber_Labeled_splitClauses_0":["30894"],
"smt2FileSizeByte_Octagon_splitClauses_0":["2766939"],
"labeledSingleVariableTemplatesNumber_Random_splitClauses_1":["0"],
"solvability_Unlabeled_splitClauses_0":["10800000"],
"solvingTime_Unlabeled_splitClauses_0":["10800000"],
"unlabeledTemplateRelationSymbolNumber_All_splitClauses_1":["54"],
"minedTemplateNumber_Empty_splitClauses_1":["5218"],
"solvability_RelationalIneqs_splitClauses_0":["10800000"],
"unlabeledTemplateRelationSymbolNumber_Labeled_splitClauses_1":["54"],
"cegarIterationNumber_RelationalEqs_splitClauses_1":["10800000"],
"minedSingleVariableTemplatesNumber_RelationalEqs_splitClauses_1":["5203"],
"clauseNumberAfterSimplification_PredictedCDHG_splitClauses_1":["242"],
"minedBinaryVariableTemplatesNumber_RelationalIneqs_splitClauses_1":["15"],
"unlabeledBinaryVariableTemplatesNumber_Mined_splitClauses_1":["30894"],
"unlabeledBinaryVariableTemplatesNumber_PredictedCDHG_splitClauses_0":["30894"],
"solvingTime_Empty_splitClauses_1":["10800000"],
"labeledTemplateRelationSymbolNumber_Empty_splitClauses_1":["6"],
"generatedPredicateNumber_Term_splitClauses_0":["10800000"],
"averagePredicateSize_Empty_splitClauses_1":["10800000"],
"generatedPredicateNumber_PredictedCG_splitClauses_1":["10800000"],
"labeledTemplateRelationSymbolNumber_PredictedCDHG_splitClauses_1":["6"],
"relationSymbolNumber_Mined_splitClauses_1":["521"],
"predicateGeneratorTime_Mined_splitClauses_0":["10800000"],
"predicateGeneratorTime_Labeled_splitClauses_0":["10800000"],
"labeledSingleVariableTemplatesNumber_Random_splitClauses_0":["0"],
"unlabeledTemplateRelationSymbolNumber_All_splitClauses_0":["54"],
"minedBinaryVariableTemplatesNumber_Labeled_splitClauses_0":["15"],
"generatedPredicateNumber_Labeled_splitClauses_0":["10800000"],
"relationSymbolNumber_Empty_splitClauses_0":["521"],
"solvingTime_Mined_splitClauses_1":["2548"],
"minedSingleVariableTemplatesNumber_All_splitClauses_1":["5203"],
"predicateGeneratorTime_Random_splitClauses_0":["10800000"],
"cegarIterationNumber_Term_splitClauses_1":["10800000"],
"labeledTemplateNumber_Empty_splitClauses_1":["15"],
"clauseNumberAfterSimplification_Empty_splitClauses_1":["242"],
"minedTemplateRelationSymbolNumber_Empty_splitClauses_0":["54"],
"unlabeledSingleVariableTemplatesNumber_Term_splitClauses_0":["15609"],
"minedSingleVariableTemplatesNumber_Empty_splitClauses_0":["5203"],
"minedTemplateRelationSymbolNumber_RelationalEqs_splitClauses_0":["54"],
"cegarIterationNumber_Empty_splitClauses_0":["10800000"],
"minedBinaryVariableTemplatesNumber_RelationalEqs_splitClauses_1":["15"],
"labeledSingleVariableTemplatesNumber_All_splitClauses_1":["0"],
"unlabeledTemplateRelationSymbolNumber_Octagon_splitClauses_0":["54"],
"minedTemplateRelationSymbolNumber_Unlabeled_splitClauses_0":["54"],
"labeledBinaryVariableTemplatesNumber_Mined_splitClauses_0":["15"],
"minedTemplateNumber_PredictedCG_splitClauses_1":["5218"],
"cegarIterationNumber_Empty_splitClauses_1":["10800000"],
"averagePredicateSize_RelationalIneqs_splitClauses_0":["10800000"],
"solvability_All_splitClauses_1":["10800000"],
"unlabeledBinaryVariableTemplatesNumber_Term_splitClauses_1":["30894"],
"relationSymbolNumber_PredictedCDHG_splitClauses_0":["521"],
"minedTemplateRelationSymbolNumber_Labeled_splitClauses_1":["54"],
"averagePredicateSize_Unlabeled_splitClauses_1":["10800000"],
"labeledTemplateNumber_Term_splitClauses_0":["15"],
"smt2FileSizeByte_Empty_splitClauses_1":["2766939"],
"solvingTime_PredictedCG_splitClauses_0":["10800000"],
"relationSymbolNumber_Term_splitClauses_0":["521"],
"cegarIterationNumber_All_splitClauses_1":["10800000"],
"clauseNumberBeforeSimplification_Term_splitClauses_1":["537"],
"predicateGeneratorTime_Empty_splitClauses_0":["10800000"],
"averagePredicateSize_All_splitClauses_0":["10800000"],
"unlabeledBinaryVariableTemplatesNumber_Random_splitClauses_0":["30894"],
"smt2FileSizeByte_Term_splitClauses_0":["2766939"],
"averagePredicateSize_Mined_splitClauses_1":["1"],
"minedBinaryVariableTemplatesNumber_Empty_splitClauses_0":["15"],
"minedTemplateRelationSymbolNumber_All_splitClauses_1":["54"],
"labeledSingleVariableTemplatesNumber_PredictedCG_splitClauses_0":["0"],
"unlabeledBinaryVariableTemplatesNumber_RelationalIneqs_splitClauses_0":["30894"],
"unlabeledSingleVariableTemplatesNumber_RelationalIneqs_splitClauses_1":["15609"],
"clauseNumberAfterSimplification_RelationalIneqs_splitClauses_0":["242"],
"unlabeledTemplateNumber_RelationalEqs_splitClauses_0":["46503"],
"unlabeledTemplateNumber_RelationalIneqs_splitClauses_1":["46503"],
"labeledTemplateRelationSymbolNumber_PredictedCG_splitClauses_1":["6"],
"labeledTemplateRelationSymbolNumber_All_splitClauses_0":["6"],
"labeledSingleVariableTemplatesNumber_Octagon_splitClauses_0":["0"],
"dummyFiled":[]
}