{
"smt2FileSizeByte_All_splitClauses_1":["660178"],
"generatedPredicateNumber_All_splitClauses_1":["10800000"],
"unlabeledTemplateRelationSymbolNumber_PredictedCDHG_splitClauses_0":["169"],
"relationSymbolNumberBeforeSimplification_Unlabeled_splitClauses_1":["1114"],
"predicateGeneratorTime_Term_splitClauses_0":["10800000"],
"averagePredicateSize_Random_splitClauses_1":["1"],
"labeledBinaryVariableTemplatesNumber_Labeled_splitClauses_1":["4"],
"clauseNumberBeforeSimplification_All_splitClauses_1":["407"],
"minedTemplateRelationSymbolNumber_Term_splitClauses_0":["169"],
"solvingTime_Labeled_splitClauses_1":["686"],
"unlabeledTemplateNumber_Labeled_splitClauses_1":["12105"],
"relationSymbolNumberAfterSimplification_All_splitClauses_1":["4398"],
"minedTemplateRelationSymbolNumber_Octagon_splitClauses_1":["169"],
"clauseNumberAfterSimplification_Mined_splitClauses_1":["3017"],
"relationSymbolNumberBeforeSimplification_Octagon_splitClauses_0":["1114"],
"unlabeledBinaryVariableTemplatesNumber_Term_splitClauses_0":["7686"],
"labeledTemplateNumber_PredictedCDHG_splitClauses_0":["4"],
"solvability_Empty_splitClauses_0":["10800000"],
"unlabeledTemplateRelationSymbolNumber_Random_splitClauses_1":["169"],
"labeledBinaryVariableTemplatesNumber_Octagon_splitClauses_0":["4"],
"relationSymbolNumberBeforeSimplification_Random_splitClauses_1":["1114"],
"minedTemplateRelationSymbolNumber_Random_splitClauses_1":["169"],
"unlabeledSingleVariableTemplatesNumber_Mined_splitClauses_0":["4419"],
"unlabeledBinaryVariableTemplatesNumber_PredictedCG_splitClauses_1":["7686"],
"solvability_All_splitClauses_0":["10800000"],
"predicateGeneratorTime_RelationalEqs_splitClauses_1":["126"],
"relationSymbolNumberBeforeSimplification_PredictedCDHG_splitClauses_1":["1114"],
"smt2FileSizeByte_PredictedCG_splitClauses_1":["660178"],
"labeledSingleVariableTemplatesNumber_Unlabeled_splitClauses_1":["0"],
"labeledBinaryVariableTemplatesNumber_PredictedCG_splitClauses_1":["4"],
"minedBinaryVariableTemplatesNumber_PredictedCG_splitClauses_0":["4"],
"solvability_Random_splitClauses_0":["10800000"],
"relationSymbolNumberAfterSimplification_PredictedCG_splitClauses_1":["4398"],
"clauseNumberBeforeSimplification_PredictedCDHG_splitClauses_1":["407"],
"labeledSingleVariableTemplatesNumber_Mined_splitClauses_0":["0"],
"solvability_Unlabeled_splitClauses_1":["1"],
"cegarIterationNumber_Labeled_splitClauses_1":["2"],
"smt2FileSizeByte_Mined_splitClauses_0":["660178"],
"relationSymbolNumberAfterSimplification_Mined_splitClauses_0":["4398"],
"labeledSingleVariableTemplatesNumber_PredictedCG_splitClauses_1":["0"],
"smt2FileSizeByte_Octagon_splitClauses_1":["660178"],
"minedTemplateNumber_Labeled_splitClauses_1":["1523"],
"labeledSingleVariableTemplatesNumber_RelationalIneqs_splitClauses_1":["0"],
"clauseNumberAfterSimplification_Labeled_splitClauses_1":["3017"],
"relationSymbolNumberAfterSimplification_Labeled_splitClauses_0":["4398"],
"smt2FileSizeByte_Random_splitClauses_0":["660178"],
"relationSymbolNumberAfterSimplification_PredictedCDHG_splitClauses_0":["4398"],
"unlabeledTemplateRelationSymbolNumber_PredictedCDHG_splitClauses_1":["169"],
"labeledSingleVariableTemplatesNumber_Term_splitClauses_0":["0"],
"generatedPredicateNumber_PredictedCDHG_splitClauses_1":["10800000"],
"minedSingleVariableTemplatesNumber_Unlabeled_splitClauses_0":["1519"],
"generatedPredicateNumber_Octagon_splitClauses_1":["3"],
"labeledSingleVariableTemplatesNumber_RelationalEqs_splitClauses_0":["0"],
"predicateGeneratorTime_PredictedCG_splitClauses_1":["10800000"],
"relationSymbolNumberAfterSimplification_Octagon_splitClauses_0":["4398"],
"labeledTemplateNumber_Labeled_splitClauses_1":["4"],
"labeledSingleVariableTemplatesNumber_Empty_splitClauses_0":["0"],
"minedTemplateRelationSymbolNumber_RelationalIneqs_splitClauses_1":["169"],
"unlabeledSingleVariableTemplatesNumber_All_splitClauses_1":["4419"],
"labeledBinaryVariableTemplatesNumber_PredictedCDHG_splitClauses_1":["4"],
"unlabeledSingleVariableTemplatesNumber_RelationalEqs_splitClauses_1":["4419"],
"cegarIterationNumber_Term_splitClauses_0":["10800000"],
"unlabeledBinaryVariableTemplatesNumber_Labeled_splitClauses_1":["7686"],
"unlabeledSingleVariableTemplatesNumber_Term_splitClauses_1":["4419"],
"clauseNumberAfterSimplification_All_splitClauses_1":["3017"],
"minedSingleVariableTemplatesNumber_Random_splitClauses_0":["1519"],
"solvability_RelationalIneqs_splitClauses_1":["1"],
"minedTemplateNumber_Labeled_splitClauses_0":["1523"],
"minedSingleVariableTemplatesNumber_Octagon_splitClauses_0":["1519"],
"minedSingleVariableTemplatesNumber_Term_splitClauses_1":["1519"],
"minedBinaryVariableTemplatesNumber_PredictedCDHG_splitClauses_1":["4"],
"generatedPredicateNumber_Mined_splitClauses_1":["3"],
"labeledSingleVariableTemplatesNumber_RelationalIneqs_splitClauses_0":["0"],
"averagePredicateSize_Mined_splitClauses_0":["10800000"],
"cegarIterationNumber_Unlabeled_splitClauses_0":["10800000"],
"minedBinaryVariableTemplatesNumber_Random_splitClauses_0":["4"],
"labeledTemplateNumber_Mined_splitClauses_1":["4"],
"labeledBinaryVariableTemplatesNumber_Random_splitClauses_0":["4"],
"unlabeledTemplateRelationSymbolNumber_Unlabeled_splitClauses_1":["169"],
"cegarIterationNumber_Mined_splitClauses_0":["10800000"],
"minedTemplateRelationSymbolNumber_Labeled_splitClauses_0":["169"],
"unlabeledBinaryVariableTemplatesNumber_RelationalIneqs_splitClauses_1":["7686"],
"unlabeledBinaryVariableTemplatesNumber_Octagon_splitClauses_0":["7686"],
"solvability_Mined_splitClauses_0":["10800000"],
"averagePredicateSize_RelationalEqs_splitClauses_0":["10800000"],
"clauseNumberAfterSimplification_Term_splitClauses_0":["3017"],
"unlabeledTemplateNumber_Mined_splitClauses_0":["12105"],
"relationSymbolNumberAfterSimplification_Random_splitClauses_1":["4398"],
"unlabeledTemplateNumber_PredictedCDHG_splitClauses_0":["12105"],
"cegarIterationNumber_RelationalIneqs_splitClauses_1":["2"],
"minedBinaryVariableTemplatesNumber_Unlabeled_splitClauses_1":["4"],
"labeledTemplateNumber_PredictedCG_splitClauses_1":["4"],
"labeledTemplateRelationSymbolNumber_Mined_splitClauses_0":["2"],
"labeledBinaryVariableTemplatesNumber_Mined_splitClauses_1":["4"],
"relationSymbolNumberBeforeSimplification_Mined_splitClauses_0":["1114"],
"relationSymbolNumberBeforeSimplification_RelationalIneqs_splitClauses_0":["1114"],
"clauseNumberAfterSimplification_RelationalIneqs_splitClauses_1":["3017"],
"minedSingleVariableTemplatesNumber_PredictedCDHG_splitClauses_0":["1519"],
"solvability_Labeled_splitClauses_1":["1"],
"labeledSingleVariableTemplatesNumber_Octagon_splitClauses_1":["0"],
"averagePredicateSize_Random_splitClauses_0":["10800000"],
"smt2FileSizeByte_RelationalIneqs_splitClauses_0":["660178"],
"generatedPredicateNumber_Unlabeled_splitClauses_0":["10800000"],
"solvability_RelationalEqs_splitClauses_0":["10800000"],
"predicateGeneratorTime_Empty_splitClauses_1":["125"],
"minedSingleVariableTemplatesNumber_Mined_splitClauses_0":["1519"],
"relationSymbolNumberAfterSimplification_Unlabeled_splitClauses_0":["4398"],
"minedTemplateRelationSymbolNumber_PredictedCDHG_splitClauses_1":["169"],
"minedTemplateNumber_PredictedCG_splitClauses_0":["1523"],
"averagePredicateSize_RelationalIneqs_splitClauses_1":["1"],
"labeledTemplateRelationSymbolNumber_Random_splitClauses_1":["2"],
"minedTemplateNumber_RelationalIneqs_splitClauses_0":["1523"],
"predicateGeneratorTime_RelationalIneqs_splitClauses_0":["10800000"],
"labeledTemplateRelationSymbolNumber_Empty_splitClauses_0":["2"],
"minedBinaryVariableTemplatesNumber_Octagon_splitClauses_0":["4"],
"labeledSingleVariableTemplatesNumber_Term_splitClauses_1":["0"],
"labeledBinaryVariableTemplatesNumber_Empty_splitClauses_0":["4"],
"minedTemplateNumber_Octagon_splitClauses_0":["1523"],
"labeledBinaryVariableTemplatesNumber_Unlabeled_splitClauses_0":["4"],
"relationSymbolNumberBeforeSimplification_Empty_splitClauses_0":["1114"],
"clauseNumberAfterSimplification_PredictedCDHG_splitClauses_0":["3017"],
"smt2FileSizeByte_PredictedCG_splitClauses_0":["660178"],
"minedBinaryVariableTemplatesNumber_RelationalEqs_splitClauses_0":["4"],
"relationSymbolNumberBeforeSimplification_Unlabeled_splitClauses_0":["1114"],
"labeledTemplateRelationSymbolNumber_RelationalEqs_splitClauses_1":["2"],
"minedBinaryVariableTemplatesNumber_Random_splitClauses_1":["4"],
"clauseNumberAfterSimplification_Unlabeled_splitClauses_1":["3017"],
"minedSingleVariableTemplatesNumber_PredictedCDHG_splitClauses_1":["1519"],
"labeledBinaryVariableTemplatesNumber_Term_splitClauses_1":["4"],
"clauseNumberBeforeSimplification_Empty_splitClauses_1":["407"],
"relationSymbolNumberAfterSimplification_Octagon_splitClauses_1":["4398"],
"relationSymbolNumberAfterSimplification_Term_splitClauses_0":["4398"],
"minedBinaryVariableTemplatesNumber_Mined_splitClauses_1":["4"],
"unlabeledBinaryVariableTemplatesNumber_Unlabeled_splitClauses_1":["7686"],
"relationSymbolNumberBeforeSimplification_Random_splitClauses_0":["1114"],
"relationSymbolNumberAfterSimplification_PredictedCDHG_splitClauses_1":["4398"],
"unlabeledTemplateNumber_PredictedCG_splitClauses_1":["12105"],
"generatedPredicateNumber_Empty_splitClauses_0":["10800000"],
"predicateGeneratorTime_RelationalIneqs_splitClauses_1":["111"],
"unlabeledSingleVariableTemplatesNumber_Empty_splitClauses_0":["4419"],
"cegarIterationNumber_Octagon_splitClauses_0":["10800000"],
"clauseNumberAfterSimplification_Octagon_splitClauses_1":["3017"],
"unlabeledSingleVariableTemplatesNumber_Labeled_splitClauses_1":["4419"],
"clauseNumberBeforeSimplification_Random_splitClauses_1":["407"],
"minedTemplateRelationSymbolNumber_All_splitClauses_0":["169"],
"unlabeledTemplateRelationSymbolNumber_RelationalEqs_splitClauses_0":["169"],
"minedSingleVariableTemplatesNumber_Unlabeled_splitClauses_1":["1519"],
"clauseNumberBeforeSimplification_RelationalEqs_splitClauses_0":["407"],
"minedTemplateNumber_Unlabeled_splitClauses_0":["1523"],
"generatedPredicateNumber_Octagon_splitClauses_0":["10800000"],
"predicateGeneratorTime_PredictedCDHG_splitClauses_0":["10800000"],
"clauseNumberAfterSimplification_PredictedCG_splitClauses_1":["3017"],
"labeledSingleVariableTemplatesNumber_RelationalEqs_splitClauses_1":["0"],
"smt2FileSizeByte_Random_splitClauses_1":["660178"],
"averagePredicateSize_PredictedCG_splitClauses_1":["10800000"],
"cegarIterationNumber_PredictedCDHG_splitClauses_1":["10800000"],
"clauseNumberAfterSimplification_RelationalEqs_splitClauses_1":["3017"],
"minedBinaryVariableTemplatesNumber_Empty_splitClauses_1":["4"],
"relationSymbolNumberAfterSimplification_RelationalEqs_splitClauses_1":["4398"],
"minedTemplateNumber_PredictedCDHG_splitClauses_0":["1523"],
"labeledBinaryVariableTemplatesNumber_All_splitClauses_1":["4"],
"solvingTime_RelationalIneqs_splitClauses_1":["740"],
"unlabeledTemplateRelationSymbolNumber_RelationalEqs_splitClauses_1":["169"],
"smt2FileSizeByte_Unlabeled_splitClauses_0":["660178"],
"relationSymbolNumberBeforeSimplification_Mined_splitClauses_1":["1114"],
"relationSymbolNumberAfterSimplification_Mined_splitClauses_1":["4398"],
"generatedPredicateNumber_All_splitClauses_0":["10800000"],
"relationSymbolNumberBeforeSimplification_Octagon_splitClauses_1":["1114"],
"predicateGeneratorTime_Octagon_splitClauses_1":["129"],
"solvability_Mined_splitClauses_1":["1"],
"minedTemplateRelationSymbolNumber_Term_splitClauses_1":["169"],
"clauseNumberAfterSimplification_Mined_splitClauses_0":["3017"],
"solvability_PredictedCDHG_splitClauses_0":["10800000"],
"solvingTime_Empty_splitClauses_0":["10800000"],
"unlabeledSingleVariableTemplatesNumber_Unlabeled_splitClauses_1":["4419"],
"minedTemplateNumber_Term_splitClauses_1":["1523"],
"averagePredicateSize_Octagon_splitClauses_1":["1"],
"unlabeledSingleVariableTemplatesNumber_Octagon_splitClauses_1":["4419"],
"minedTemplateRelationSymbolNumber_RelationalEqs_splitClauses_1":["169"],
"relationSymbolNumberBeforeSimplification_All_splitClauses_1":["1114"],
"minedBinaryVariableTemplatesNumber_RelationalIneqs_splitClauses_0":["4"],
"predicateGeneratorTime_Term_splitClauses_1":["111"],
"solvingTime_Labeled_splitClauses_0":["10800000"],
"unlabeledBinaryVariableTemplatesNumber_PredictedCG_splitClauses_0":["7686"],
"minedTemplateNumber_All_splitClauses_0":["1523"],
"predicateGeneratorTime_Labeled_splitClauses_1":["134"],
"unlabeledTemplateRelationSymbolNumber_Empty_splitClauses_0":["169"],
"unlabeledTemplateNumber_Mined_splitClauses_1":["12105"],
"solvability_PredictedCG_splitClauses_1":["10800000"],
"unlabeledTemplateNumber_Term_splitClauses_0":["12105"],
"minedBinaryVariableTemplatesNumber_PredictedCG_splitClauses_1":["4"],
"labeledSingleVariableTemplatesNumber_PredictedCDHG_splitClauses_0":["0"],
"minedBinaryVariableTemplatesNumber_All_splitClauses_0":["4"],
"averagePredicateSize_PredictedCDHG_splitClauses_1":["10800000"],
"predicateGeneratorTime_PredictedCG_splitClauses_0":["10800000"],
"generatedPredicateNumber_RelationalIneqs_splitClauses_0":["10800000"],
"labeledTemplateNumber_Empty_splitClauses_0":["4"],
"relationSymbolNumberAfterSimplification_RelationalIneqs_splitClauses_1":["4398"],
"unlabeledTemplateRelationSymbolNumber_Term_splitClauses_0":["169"],
"minedTemplateNumber_All_splitClauses_1":["1523"],
"labeledSingleVariableTemplatesNumber_Empty_splitClauses_1":["0"],
"minedBinaryVariableTemplatesNumber_Unlabeled_splitClauses_0":["4"],
"labeledTemplateNumber_Random_splitClauses_0":["4"],
"minedBinaryVariableTemplatesNumber_All_splitClauses_1":["4"],
"unlabeledSingleVariableTemplatesNumber_All_splitClauses_0":["4419"],
"relationSymbolNumberBeforeSimplification_Labeled_splitClauses_1":["1114"],
"smt2FileSizeByte_PredictedCDHG_splitClauses_1":["660178"],
"labeledBinaryVariableTemplatesNumber_PredictedCDHG_splitClauses_0":["4"],
"averagePredicateSize_RelationalEqs_splitClauses_1":["1"],
"minedSingleVariableTemplatesNumber_Term_splitClauses_0":["1519"],
"labeledTemplateRelationSymbolNumber_Term_splitClauses_1":["2"],
"generatedPredicateNumber_Random_splitClauses_0":["10800000"],
"labeledBinaryVariableTemplatesNumber_Empty_splitClauses_1":["4"],
"relationSymbolNumberAfterSimplification_Term_splitClauses_1":["4398"],
"clauseNumberAfterSimplification_Labeled_splitClauses_0":["3017"],
"labeledSingleVariableTemplatesNumber_Labeled_splitClauses_0":["0"],
"minedTemplateNumber_Mined_splitClauses_1":["1523"],
"labeledTemplateRelationSymbolNumber_Labeled_splitClauses_0":["2"],
"unlabeledTemplateRelationSymbolNumber_Mined_splitClauses_1":["169"],
"solvability_Labeled_splitClauses_0":["10800000"],
"minedTemplateNumber_RelationalEqs_splitClauses_1":["1523"],
"solvingTime_Random_splitClauses_1":["703"],
"minedTemplateNumber_Random_splitClauses_0":["1523"],
"cegarIterationNumber_Unlabeled_splitClauses_1":["2"],
"minedTemplateNumber_RelationalIneqs_splitClauses_1":["1523"],
"unlabeledBinaryVariableTemplatesNumber_Octagon_splitClauses_1":["7686"],
"minedSingleVariableTemplatesNumber_Octagon_splitClauses_1":["1519"],
"minedSingleVariableTemplatesNumber_Random_splitClauses_1":["1519"],
"averagePredicateSize_All_splitClauses_1":["10800000"],
"minedTemplateNumber_Empty_splitClauses_0":["1523"],
"labeledTemplateNumber_Mined_splitClauses_0":["4"],
"unlabeledBinaryVariableTemplatesNumber_All_splitClauses_0":["7686"],
"relationSymbolNumberAfterSimplification_Labeled_splitClauses_1":["4398"],
"labeledSingleVariableTemplatesNumber_PredictedCDHG_splitClauses_1":["0"],
"minedSingleVariableTemplatesNumber_Mined_splitClauses_1":["1519"],
"labeledTemplateRelationSymbolNumber_Term_splitClauses_0":["2"],
"unlabeledTemplateRelationSymbolNumber_Term_splitClauses_1":["169"],
"predicateGeneratorTime_All_splitClauses_1":["10800000"],
"unlabeledSingleVariableTemplatesNumber_Random_splitClauses_0":["4419"],
"predicateGeneratorTime_Unlabeled_splitClauses_1":["152"],
"cegarIterationNumber_PredictedCDHG_splitClauses_0":["10800000"],
"labeledTemplateNumber_RelationalEqs_splitClauses_0":["4"],
"labeledTemplateRelationSymbolNumber_Mined_splitClauses_1":["2"],
"labeledTemplateRelationSymbolNumber_Random_splitClauses_0":["2"],
"labeledBinaryVariableTemplatesNumber_RelationalEqs_splitClauses_1":["4"],
"generatedPredicateNumber_RelationalIneqs_splitClauses_1":["3"],
"unlabeledTemplateRelationSymbolNumber_PredictedCG_splitClauses_1":["169"],
"unlabeledSingleVariableTemplatesNumber_RelationalEqs_splitClauses_0":["4419"],
"labeledBinaryVariableTemplatesNumber_Labeled_splitClauses_0":["4"],
"minedBinaryVariableTemplatesNumber_PredictedCDHG_splitClauses_0":["4"],
"unlabeledTemplateRelationSymbolNumber_Unlabeled_splitClauses_0":["169"],
"clauseNumberAfterSimplification_Term_splitClauses_1":["3017"],
"unlabeledTemplateNumber_Octagon_splitClauses_0":["12105"],
"unlabeledBinaryVariableTemplatesNumber_RelationalEqs_splitClauses_1":["7686"],
"unlabeledTemplateNumber_PredictedCG_splitClauses_0":["12105"],
"unlabeledTemplateNumber_All_splitClauses_0":["12105"],
"labeledTemplateRelationSymbolNumber_RelationalIneqs_splitClauses_1":["2"],
"unlabeledSingleVariableTemplatesNumber_Mined_splitClauses_1":["4419"],
"labeledTemplateRelationSymbolNumber_Unlabeled_splitClauses_1":["2"],
"labeledBinaryVariableTemplatesNumber_Random_splitClauses_1":["4"],
"solvability_Random_splitClauses_1":["1"],
"solvingTime_Term_splitClauses_0":["10800000"],
"minedSingleVariableTemplatesNumber_Labeled_splitClauses_1":["1519"],
"clauseNumberBeforeSimplification_Term_splitClauses_0":["407"],
"relationSymbolNumberBeforeSimplification_RelationalIneqs_splitClauses_1":["1114"],
"minedTemplateRelationSymbolNumber_Mined_splitClauses_0":["169"],
"solvability_Octagon_splitClauses_1":["1"],
"minedSingleVariableTemplatesNumber_RelationalIneqs_splitClauses_1":["1519"],
"smt2FileSizeByte_Labeled_splitClauses_0":["660178"],
"solvability_RelationalEqs_splitClauses_1":["1"],
"unlabeledSingleVariableTemplatesNumber_Empty_splitClauses_1":["4419"],
"labeledTemplateNumber_PredictedCDHG_splitClauses_1":["4"],
"minedTemplateRelationSymbolNumber_Octagon_splitClauses_0":["169"],
"clauseNumberAfterSimplification_Unlabeled_splitClauses_0":["3017"],
"clauseNumberBeforeSimplification_Unlabeled_splitClauses_0":["407"],
"clauseNumberBeforeSimplification_PredictedCDHG_splitClauses_0":["407"],
"cegarIterationNumber_RelationalIneqs_splitClauses_0":["10800000"],
"labeledTemplateRelationSymbolNumber_RelationalEqs_splitClauses_0":["2"],
"averagePredicateSize_Labeled_splitClauses_0":["10800000"],
"smt2FileSizeByte_RelationalIneqs_splitClauses_1":["660178"],
"clauseNumberBeforeSimplification_RelationalEqs_splitClauses_1":["407"],
"unlabeledTemplateRelationSymbolNumber_RelationalIneqs_splitClauses_1":["169"],
"clauseNumberBeforeSimplification_PredictedCG_splitClauses_0":["407"],
"solvingTime_PredictedCDHG_splitClauses_0":["10800000"],
"labeledTemplateRelationSymbolNumber_Octagon_splitClauses_1":["2"],
"minedTemplateRelationSymbolNumber_PredictedCG_splitClauses_1":["169"],
"relationSymbolNumberBeforeSimplification_RelationalEqs_splitClauses_1":["1114"],
"labeledTemplateNumber_Random_splitClauses_1":["4"],
"solvingTime_RelationalIneqs_splitClauses_0":["10800000"],
"labeledTemplateNumber_All_splitClauses_1":["4"],
"unlabeledTemplateNumber_Random_splitClauses_1":["12105"],
"relationSymbolNumberBeforeSimplification_All_splitClauses_0":["1114"],
"smt2FileSizeByte_Unlabeled_splitClauses_1":["660178"],
"cegarIterationNumber_PredictedCG_splitClauses_0":["10800000"],
"predicateGeneratorTime_Octagon_splitClauses_0":["10800000"],
"unlabeledTemplateNumber_RelationalEqs_splitClauses_1":["12105"],
"clauseNumberAfterSimplification_Octagon_splitClauses_0":["3017"],
"cegarIterationNumber_Random_splitClauses_0":["10800000"],
"solvability_PredictedCDHG_splitClauses_1":["10800000"],
"solvability_PredictedCG_splitClauses_0":["10800000"],
"solvingTime_PredictedCG_splitClauses_1":["10800000"],
"unlabeledSingleVariableTemplatesNumber_Unlabeled_splitClauses_0":["4419"],
"unlabeledTemplateNumber_Unlabeled_splitClauses_0":["12105"],
"labeledTemplateRelationSymbolNumber_RelationalIneqs_splitClauses_0":["2"],
"minedTemplateNumber_Random_splitClauses_1":["1523"],
"generatedPredicateNumber_RelationalEqs_splitClauses_0":["10800000"],
"minedTemplateNumber_Term_splitClauses_0":["1523"],
"solvingTime_All_splitClauses_1":["10800000"],
"minedSingleVariableTemplatesNumber_PredictedCG_splitClauses_0":["1519"],
"smt2FileSizeByte_Term_splitClauses_1":["660178"],
"labeledBinaryVariableTemplatesNumber_All_splitClauses_0":["4"],
"minedTemplateNumber_PredictedCDHG_splitClauses_1":["1523"],
"minedTemplateRelationSymbolNumber_PredictedCDHG_splitClauses_0":["169"],
"averagePredicateSize_Unlabeled_splitClauses_0":["10800000"],
"minedBinaryVariableTemplatesNumber_Octagon_splitClauses_1":["4"],
"unlabeledSingleVariableTemplatesNumber_Random_splitClauses_1":["4419"],
"clauseNumberBeforeSimplification_Random_splitClauses_0":["407"],
"solvingTime_Unlabeled_splitClauses_1":["801"],
"predicateGeneratorTime_PredictedCDHG_splitClauses_1":["10800000"],
"averagePredicateSize_PredictedCDHG_splitClauses_0":["10800000"],
"relationSymbolNumberAfterSimplification_RelationalEqs_splitClauses_0":["4398"],
"minedBinaryVariableTemplatesNumber_Term_splitClauses_0":["4"],
"labeledTemplateNumber_RelationalIneqs_splitClauses_0":["4"],
"clauseNumberAfterSimplification_Random_splitClauses_0":["3017"],
"clauseNumberAfterSimplification_PredictedCG_splitClauses_0":["3017"],
"generatedPredicateNumber_Empty_splitClauses_1":["3"],
"clauseNumberBeforeSimplification_Octagon_splitClauses_0":["407"],
"unlabeledTemplateNumber_Empty_splitClauses_0":["12105"],
"minedSingleVariableTemplatesNumber_All_splitClauses_0":["1519"],
"labeledTemplateRelationSymbolNumber_Octagon_splitClauses_0":["2"],
"generatedPredicateNumber_Random_splitClauses_1":["3"],
"clauseNumberAfterSimplification_RelationalEqs_splitClauses_0":["3017"],
"labeledBinaryVariableTemplatesNumber_Term_splitClauses_0":["4"],
"minedSingleVariableTemplatesNumber_RelationalEqs_splitClauses_0":["1519"],
"minedTemplateNumber_Mined_splitClauses_0":["1523"],
"relationSymbolNumberBeforeSimplification_PredictedCG_splitClauses_0":["1114"],
"averagePredicateSize_Octagon_splitClauses_0":["10800000"],
"unlabeledBinaryVariableTemplatesNumber_Empty_splitClauses_1":["7686"],
"unlabeledSingleVariableTemplatesNumber_PredictedCDHG_splitClauses_0":["4419"],
"unlabeledSingleVariableTemplatesNumber_PredictedCG_splitClauses_1":["4419"],
"labeledTemplateRelationSymbolNumber_Labeled_splitClauses_1":["2"],
"minedTemplateRelationSymbolNumber_Random_splitClauses_0":["169"],
"unlabeledTemplateRelationSymbolNumber_PredictedCG_splitClauses_0":["169"],
"unlabeledTemplateNumber_RelationalIneqs_splitClauses_0":["12105"],
"unlabeledSingleVariableTemplatesNumber_Labeled_splitClauses_0":["4419"],
"relationSymbolNumberAfterSimplification_PredictedCG_splitClauses_0":["4398"],
"minedTemplateNumber_Unlabeled_splitClauses_1":["1523"],
"generatedPredicateNumber_PredictedCG_splitClauses_0":["10800000"],
"labeledTemplateNumber_Unlabeled_splitClauses_1":["4"],
"unlabeledTemplateRelationSymbolNumber_Empty_splitClauses_1":["169"],
"clauseNumberBeforeSimplification_Empty_splitClauses_0":["407"],
"solvingTime_Octagon_splitClauses_1":["874"],
"cegarIterationNumber_Mined_splitClauses_1":["2"],
"clauseNumberBeforeSimplification_Mined_splitClauses_1":["407"],
"smt2FileSizeByte_PredictedCDHG_splitClauses_0":["660178"],
"averagePredicateSize_PredictedCG_splitClauses_0":["10800000"],
"solvingTime_Random_splitClauses_0":["10800000"],
"minedTemplateNumber_RelationalEqs_splitClauses_0":["1523"],
"unlabeledSingleVariableTemplatesNumber_RelationalIneqs_splitClauses_0":["4419"],
"unlabeledTemplateNumber_Unlabeled_splitClauses_1":["12105"],
"labeledBinaryVariableTemplatesNumber_RelationalEqs_splitClauses_0":["4"],
"generatedPredicateNumber_PredictedCDHG_splitClauses_0":["10800000"],
"relationSymbolNumberAfterSimplification_RelationalIneqs_splitClauses_0":["4398"],
"minedTemplateRelationSymbolNumber_Empty_splitClauses_1":["169"],
"predicateGeneratorTime_Random_splitClauses_1":["114"],
"labeledTemplateNumber_Term_splitClauses_1":["4"],
"relationSymbolNumberBeforeSimplification_RelationalEqs_splitClauses_0":["1114"],
"minedSingleVariableTemplatesNumber_Empty_splitClauses_1":["1519"],
"minedSingleVariableTemplatesNumber_RelationalIneqs_splitClauses_0":["1519"],
"clauseNumberAfterSimplification_All_splitClauses_0":["3017"],
"unlabeledBinaryVariableTemplatesNumber_RelationalEqs_splitClauses_0":["7686"],
"cegarIterationNumber_RelationalEqs_splitClauses_0":["10800000"],
"labeledTemplateRelationSymbolNumber_PredictedCDHG_splitClauses_0":["2"],
"labeledSingleVariableTemplatesNumber_Labeled_splitClauses_1":["0"],
"unlabeledBinaryVariableTemplatesNumber_All_splitClauses_1":["7686"],
"minedTemplateRelationSymbolNumber_Unlabeled_splitClauses_1":["169"],
"solvingTime_RelationalEqs_splitClauses_0":["10800000"],
"solvingTime_RelationalEqs_splitClauses_1":["718"],
"minedBinaryVariableTemplatesNumber_Mined_splitClauses_0":["4"],
"clauseNumberBeforeSimplification_All_splitClauses_0":["407"],
"clauseNumberBeforeSimplification_RelationalIneqs_splitClauses_1":["407"],
"labeledTemplateNumber_RelationalEqs_splitClauses_1":["4"],
"labeledBinaryVariableTemplatesNumber_RelationalIneqs_splitClauses_0":["4"],
"relationSymbolNumberBeforeSimplification_Labeled_splitClauses_0":["1114"],
"clauseNumberAfterSimplification_Empty_splitClauses_0":["3017"],
"averagePredicateSize_Empty_splitClauses_0":["10800000"],
"unlabeledTemplateNumber_Term_splitClauses_1":["12105"],
"predicateGeneratorTime_Mined_splitClauses_1":["110"],
"labeledBinaryVariableTemplatesNumber_RelationalIneqs_splitClauses_1":["4"],
"predicateGeneratorTime_Unlabeled_splitClauses_0":["10800000"],
"relationSymbolNumberAfterSimplification_Empty_splitClauses_0":["4398"],
"generatedPredicateNumber_Mined_splitClauses_0":["10800000"],
"generatedPredicateNumber_RelationalEqs_splitClauses_1":["3"],
"labeledTemplateRelationSymbolNumber_PredictedCG_splitClauses_0":["2"],
"minedSingleVariableTemplatesNumber_PredictedCG_splitClauses_1":["1519"],
"minedTemplateRelationSymbolNumber_PredictedCG_splitClauses_0":["169"],
"unlabeledTemplateRelationSymbolNumber_Labeled_splitClauses_0":["169"],
"solvability_Empty_splitClauses_1":["1"],
"averagePredicateSize_Term_splitClauses_0":["10800000"],
"cegarIterationNumber_Random_splitClauses_1":["2"],
"averagePredicateSize_Labeled_splitClauses_1":["1"],
"unlabeledBinaryVariableTemplatesNumber_Unlabeled_splitClauses_0":["7686"],
"generatedPredicateNumber_Unlabeled_splitClauses_1":["3"],
"predicateGeneratorTime_All_splitClauses_0":["10800000"],
"unlabeledBinaryVariableTemplatesNumber_PredictedCDHG_splitClauses_1":["7686"],
"clauseNumberBeforeSimplification_Labeled_splitClauses_1":["407"],
"minedBinaryVariableTemplatesNumber_Labeled_splitClauses_1":["4"],
"labeledSingleVariableTemplatesNumber_All_splitClauses_0":["0"],
"unlabeledTemplateRelationSymbolNumber_Mined_splitClauses_0":["169"],
"cegarIterationNumber_Octagon_splitClauses_1":["2"],
"labeledTemplateNumber_Octagon_splitClauses_0":["4"],
"labeledTemplateRelationSymbolNumber_All_splitClauses_1":["2"],
"smt2FileSizeByte_Empty_splitClauses_0":["660178"],
"unlabeledTemplateNumber_Octagon_splitClauses_1":["12105"],
"predicateGeneratorTime_RelationalEqs_splitClauses_0":["10800000"],
"unlabeledTemplateRelationSymbolNumber_RelationalIneqs_splitClauses_0":["169"],
"smt2FileSizeByte_RelationalEqs_splitClauses_1":["660178"],
"unlabeledTemplateNumber_Labeled_splitClauses_0":["12105"],
"minedSingleVariableTemplatesNumber_Labeled_splitClauses_0":["1519"],
"solvingTime_PredictedCDHG_splitClauses_1":["10800000"],
"relationSymbolNumberBeforeSimplification_Term_splitClauses_1":["1114"],
"minedTemplateNumber_Octagon_splitClauses_1":["1523"],
"clauseNumberBeforeSimplification_Mined_splitClauses_0":["407"],
"smt2FileSizeByte_All_splitClauses_0":["660178"],
"solvingTime_All_splitClauses_0":["10800000"],
"minedBinaryVariableTemplatesNumber_Term_splitClauses_1":["4"],
"unlabeledTemplateRelationSymbolNumber_Random_splitClauses_0":["169"],
"cegarIterationNumber_All_splitClauses_0":["10800000"],
"smt2FileSizeByte_RelationalEqs_splitClauses_0":["660178"],
"unlabeledSingleVariableTemplatesNumber_PredictedCDHG_splitClauses_1":["4419"],
"clauseNumberBeforeSimplification_Labeled_splitClauses_0":["407"],
"cegarIterationNumber_PredictedCG_splitClauses_1":["10800000"],
"labeledTemplateRelationSymbolNumber_Unlabeled_splitClauses_0":["2"],
"unlabeledTemplateRelationSymbolNumber_Octagon_splitClauses_1":["169"],
"unlabeledTemplateNumber_Empty_splitClauses_1":["12105"],
"clauseNumberBeforeSimplification_Octagon_splitClauses_1":["407"],
"labeledTemplateNumber_Unlabeled_splitClauses_0":["4"],
"labeledBinaryVariableTemplatesNumber_PredictedCG_splitClauses_0":["4"],
"solvability_Term_splitClauses_1":["1"],
"solvability_Octagon_splitClauses_0":["10800000"],
"minedTemplateRelationSymbolNumber_RelationalIneqs_splitClauses_0":["169"],
"clauseNumberBeforeSimplification_RelationalIneqs_splitClauses_0":["407"],
"labeledTemplateNumber_PredictedCG_splitClauses_0":["4"],
"cegarIterationNumber_Labeled_splitClauses_0":["10800000"],
"smt2FileSizeByte_Labeled_splitClauses_1":["660178"],
"clauseNumberBeforeSimplification_Unlabeled_splitClauses_1":["407"],
"generatedPredicateNumber_Term_splitClauses_1":["3"],
"solvingTime_Term_splitClauses_1":["775"],
"unlabeledBinaryVariableTemplatesNumber_Random_splitClauses_1":["7686"],
"unlabeledSingleVariableTemplatesNumber_Octagon_splitClauses_0":["4419"],
"solvingTime_Octagon_splitClauses_0":["10800000"],
"labeledSingleVariableTemplatesNumber_Mined_splitClauses_1":["0"],
"averagePredicateSize_Term_splitClauses_1":["1"],
"labeledTemplateNumber_Labeled_splitClauses_0":["4"],
"unlabeledSingleVariableTemplatesNumber_PredictedCG_splitClauses_0":["4419"],
"smt2FileSizeByte_Mined_splitClauses_1":["660178"],
"labeledBinaryVariableTemplatesNumber_Unlabeled_splitClauses_1":["4"],
"labeledTemplateNumber_All_splitClauses_0":["4"],
"unlabeledTemplateNumber_Random_splitClauses_0":["12105"],
"labeledTemplateNumber_Octagon_splitClauses_1":["4"],
"unlabeledTemplateNumber_PredictedCDHG_splitClauses_1":["12105"],
"unlabeledBinaryVariableTemplatesNumber_Mined_splitClauses_0":["7686"],
"minedTemplateRelationSymbolNumber_Mined_splitClauses_1":["169"],
"labeledTemplateNumber_RelationalIneqs_splitClauses_1":["4"],
"relationSymbolNumberAfterSimplification_All_splitClauses_0":["4398"],
"relationSymbolNumberBeforeSimplification_PredictedCDHG_splitClauses_0":["1114"],
"solvability_Term_splitClauses_0":["10800000"],
"clauseNumberBeforeSimplification_PredictedCG_splitClauses_1":["407"],
"generatedPredicateNumber_Labeled_splitClauses_1":["3"],
"labeledSingleVariableTemplatesNumber_Unlabeled_splitClauses_0":["0"],
"unlabeledBinaryVariableTemplatesNumber_Empty_splitClauses_0":["7686"],
"solvingTime_Mined_splitClauses_0":["10800000"],
"unlabeledTemplateNumber_All_splitClauses_1":["12105"],
"clauseNumberAfterSimplification_Random_splitClauses_1":["3017"],
"labeledBinaryVariableTemplatesNumber_Octagon_splitClauses_1":["4"],
"unlabeledBinaryVariableTemplatesNumber_Labeled_splitClauses_0":["7686"],
"smt2FileSizeByte_Octagon_splitClauses_0":["660178"],
"labeledSingleVariableTemplatesNumber_Random_splitClauses_1":["0"],
"solvability_Unlabeled_splitClauses_0":["10800000"],
"solvingTime_Unlabeled_splitClauses_0":["10800000"],
"unlabeledTemplateRelationSymbolNumber_All_splitClauses_1":["169"],
"minedTemplateNumber_Empty_splitClauses_1":["1523"],
"solvability_RelationalIneqs_splitClauses_0":["10800000"],
"unlabeledTemplateRelationSymbolNumber_Labeled_splitClauses_1":["169"],
"cegarIterationNumber_RelationalEqs_splitClauses_1":["2"],
"minedSingleVariableTemplatesNumber_RelationalEqs_splitClauses_1":["1519"],
"clauseNumberAfterSimplification_PredictedCDHG_splitClauses_1":["3017"],
"minedBinaryVariableTemplatesNumber_RelationalIneqs_splitClauses_1":["4"],
"unlabeledBinaryVariableTemplatesNumber_Mined_splitClauses_1":["7686"],
"unlabeledBinaryVariableTemplatesNumber_PredictedCDHG_splitClauses_0":["7686"],
"solvingTime_Empty_splitClauses_1":["702"],
"labeledTemplateRelationSymbolNumber_Empty_splitClauses_1":["2"],
"generatedPredicateNumber_Term_splitClauses_0":["10800000"],
"averagePredicateSize_Empty_splitClauses_1":["1"],
"generatedPredicateNumber_PredictedCG_splitClauses_1":["10800000"],
"labeledTemplateRelationSymbolNumber_PredictedCDHG_splitClauses_1":["2"],
"predicateGeneratorTime_Mined_splitClauses_0":["10800000"],
"relationSymbolNumberBeforeSimplification_Term_splitClauses_0":["1114"],
"predicateGeneratorTime_Labeled_splitClauses_0":["10800000"],
"labeledSingleVariableTemplatesNumber_Random_splitClauses_0":["0"],
"unlabeledTemplateRelationSymbolNumber_All_splitClauses_0":["169"],
"minedBinaryVariableTemplatesNumber_Labeled_splitClauses_0":["4"],
"generatedPredicateNumber_Labeled_splitClauses_0":["10800000"],
"relationSymbolNumberAfterSimplification_Empty_splitClauses_1":["4398"],
"solvingTime_Mined_splitClauses_1":["830"],
"minedSingleVariableTemplatesNumber_All_splitClauses_1":["1519"],
"predicateGeneratorTime_Random_splitClauses_0":["10800000"],
"cegarIterationNumber_Term_splitClauses_1":["2"],
"labeledTemplateNumber_Empty_splitClauses_1":["4"],
"clauseNumberAfterSimplification_Empty_splitClauses_1":["3017"],
"minedTemplateRelationSymbolNumber_Empty_splitClauses_0":["169"],
"unlabeledSingleVariableTemplatesNumber_Term_splitClauses_0":["4419"],
"minedSingleVariableTemplatesNumber_Empty_splitClauses_0":["1519"],
"relationSymbolNumberAfterSimplification_Random_splitClauses_0":["4398"],
"minedTemplateRelationSymbolNumber_RelationalEqs_splitClauses_0":["169"],
"cegarIterationNumber_Empty_splitClauses_0":["10800000"],
"minedBinaryVariableTemplatesNumber_RelationalEqs_splitClauses_1":["4"],
"relationSymbolNumberBeforeSimplification_PredictedCG_splitClauses_1":["1114"],
"labeledSingleVariableTemplatesNumber_All_splitClauses_1":["0"],
"unlabeledTemplateRelationSymbolNumber_Octagon_splitClauses_0":["169"],
"minedTemplateRelationSymbolNumber_Unlabeled_splitClauses_0":["169"],
"labeledBinaryVariableTemplatesNumber_Mined_splitClauses_0":["4"],
"relationSymbolNumberAfterSimplification_Unlabeled_splitClauses_1":["4398"],
"minedTemplateNumber_PredictedCG_splitClauses_1":["1523"],
"cegarIterationNumber_Empty_splitClauses_1":["2"],
"averagePredicateSize_RelationalIneqs_splitClauses_0":["10800000"],
"solvability_All_splitClauses_1":["10800000"],
"unlabeledBinaryVariableTemplatesNumber_Term_splitClauses_1":["7686"],
"minedTemplateRelationSymbolNumber_Labeled_splitClauses_1":["169"],
"averagePredicateSize_Unlabeled_splitClauses_1":["1"],
"labeledTemplateNumber_Term_splitClauses_0":["4"],
"smt2FileSizeByte_Empty_splitClauses_1":["660178"],
"solvingTime_PredictedCG_splitClauses_0":["10800000"],
"cegarIterationNumber_All_splitClauses_1":["10800000"],
"clauseNumberBeforeSimplification_Term_splitClauses_1":["407"],
"predicateGeneratorTime_Empty_splitClauses_0":["10800000"],
"relationSymbolNumberBeforeSimplification_Empty_splitClauses_1":["1114"],
"averagePredicateSize_All_splitClauses_0":["10800000"],
"unlabeledBinaryVariableTemplatesNumber_Random_splitClauses_0":["7686"],
"smt2FileSizeByte_Term_splitClauses_0":["660178"],
"averagePredicateSize_Mined_splitClauses_1":["1"],
"minedBinaryVariableTemplatesNumber_Empty_splitClauses_0":["4"],
"minedTemplateRelationSymbolNumber_All_splitClauses_1":["169"],
"labeledSingleVariableTemplatesNumber_PredictedCG_splitClauses_0":["0"],
"unlabeledBinaryVariableTemplatesNumber_RelationalIneqs_splitClauses_0":["7686"],
"unlabeledSingleVariableTemplatesNumber_RelationalIneqs_splitClauses_1":["4419"],
"clauseNumberAfterSimplification_RelationalIneqs_splitClauses_0":["3017"],
"unlabeledTemplateNumber_RelationalEqs_splitClauses_0":["12105"],
"unlabeledTemplateNumber_RelationalIneqs_splitClauses_1":["12105"],
"labeledTemplateRelationSymbolNumber_PredictedCG_splitClauses_1":["2"],
"labeledTemplateRelationSymbolNumber_All_splitClauses_0":["2"],
"labeledSingleVariableTemplatesNumber_Octagon_splitClauses_0":["0"],
"dummyFiled":[]
}