{
"cegarIterationNumber_Term_splitClauses_0":[10800000],
"cegarIterationNumber_RelationalIneqs_splitClauses_1":[10800000],
"cegarIterationNumber_Octagon_splitClauses_0":[6],
"solvingTime_RelationalIneqs_splitClauses_1":[10800000],
"solvingTime_Term_splitClauses_0":[10800000],
"cegarIterationNumber_RelationalIneqs_splitClauses_0":[6],
"solvingTime_RelationalIneqs_splitClauses_0":[738256],
"solvingTime_Octagon_splitClauses_1":[10800000],
"cegarIterationNumber_RelationalEqs_splitClauses_0":[6],
"solvingTime_RelationalEqs_splitClauses_0":[925467],
"solvingTime_RelationalEqs_splitClauses_1":[10800000],
"cegarIterationNumber_Octagon_splitClauses_1":[10800000],
"solvingTime_Term_splitClauses_1":[10800000],
"solvingTime_Octagon_splitClauses_0":[1535518],
"cegarIterationNumber_RelationalEqs_splitClauses_1":[10800000],
"cegarIterationNumber_Term_splitClauses_1":[10800000],
"dummyFiled":[]
}