{
"cegarIterationNumber_Term_splitClauses_0":[30],
"cegarIterationNumber_RelationalIneqs_splitClauses_1":[46],
"cegarIterationNumber_Octagon_splitClauses_0":[30],
"solvingTime_RelationalIneqs_splitClauses_1":[1808],
"solvingTime_Term_splitClauses_0":[1533],
"cegarIterationNumber_RelationalIneqs_splitClauses_0":[30],
"solvingTime_RelationalIneqs_splitClauses_0":[2064],
"solvingTime_Octagon_splitClauses_1":[2157],
"cegarIterationNumber_RelationalEqs_splitClauses_0":[30],
"solvingTime_RelationalEqs_splitClauses_0":[2042],
"solvingTime_RelationalEqs_splitClauses_1":[2035],
"cegarIterationNumber_Octagon_splitClauses_1":[46],
"solvingTime_Term_splitClauses_1":[1805],
"solvingTime_Octagon_splitClauses_0":[1874],
"cegarIterationNumber_RelationalEqs_splitClauses_1":[46],
"cegarIterationNumber_Term_splitClauses_1":[46],
"dummyFiled":[]
}