{
"cegarIterationNumber_Term_splitClauses_0":[16],
"cegarIterationNumber_RelationalIneqs_splitClauses_1":[23],
"cegarIterationNumber_Octagon_splitClauses_0":[16],
"solvingTime_RelationalIneqs_splitClauses_1":[2378],
"solvingTime_Term_splitClauses_0":[932],
"cegarIterationNumber_RelationalIneqs_splitClauses_0":[16],
"solvingTime_RelationalIneqs_splitClauses_0":[878],
"solvingTime_Octagon_splitClauses_1":[1172],
"cegarIterationNumber_RelationalEqs_splitClauses_0":[16],
"solvingTime_RelationalEqs_splitClauses_0":[1259],
"solvingTime_RelationalEqs_splitClauses_1":[1664],
"cegarIterationNumber_Octagon_splitClauses_1":[23],
"solvingTime_Term_splitClauses_1":[1273],
"solvingTime_Octagon_splitClauses_0":[937],
"cegarIterationNumber_RelationalEqs_splitClauses_1":[23],
"cegarIterationNumber_Term_splitClauses_1":[23],
"dummyFiled":[]
}