{
"cegarIterationNumber_Term_splitClauses_0":[10800000],
"cegarIterationNumber_RelationalIneqs_splitClauses_1":[0],
"cegarIterationNumber_Octagon_splitClauses_0":[10800000],
"solvingTime_RelationalIneqs_splitClauses_1":[52],
"solvingTime_Term_splitClauses_0":[10800000],
"cegarIterationNumber_RelationalIneqs_splitClauses_0":[10800000],
"solvingTime_RelationalIneqs_splitClauses_0":[10800000],
"solvingTime_Octagon_splitClauses_1":[64],
"cegarIterationNumber_RelationalEqs_splitClauses_0":[10800000],
"solvingTime_RelationalEqs_splitClauses_0":[10800000],
"solvingTime_RelationalEqs_splitClauses_1":[39],
"cegarIterationNumber_Octagon_splitClauses_1":[0],
"solvingTime_Term_splitClauses_1":[61],
"solvingTime_Octagon_splitClauses_0":[10800000],
"cegarIterationNumber_RelationalEqs_splitClauses_1":[0],
"cegarIterationNumber_Term_splitClauses_1":[0],
"dummyFiled":[]
}