{
"smt2FileSizeByte_All_splitClauses_1":["2021"],
"generatedPredicateNumber_All_splitClauses_1":["10800000"],
"unlabeledTemplateRelationSymbolNumber_PredictedCDHG_splitClauses_0":["2"],
"relationSymbolNumberBeforeSimplification_Unlabeled_splitClauses_1":["22"],
"predicateGeneratorTime_Term_splitClauses_0":["10800000"],
"averagePredicateSize_Random_splitClauses_1":["1"],
"labeledBinaryVariableTemplatesNumber_Labeled_splitClauses_1":["2"],
"clauseNumberBeforeSimplification_All_splitClauses_1":["10"],
"minedTemplateRelationSymbolNumber_Term_splitClauses_0":["2"],
"solvingTime_Labeled_splitClauses_1":["11113"],
"unlabeledTemplateNumber_Labeled_splitClauses_1":["14"],
"relationSymbolNumberAfterSimplification_All_splitClauses_1":["79"],
"minedTemplateRelationSymbolNumber_Octagon_splitClauses_1":["2"],
"clauseNumberAfterSimplification_Mined_splitClauses_1":["30"],
"relationSymbolNumberBeforeSimplification_Octagon_splitClauses_0":["22"],
"unlabeledBinaryVariableTemplatesNumber_Term_splitClauses_0":["6"],
"labeledTemplateNumber_PredictedCDHG_splitClauses_0":["2"],
"solvability_Empty_splitClauses_0":["10800000"],
"unlabeledTemplateRelationSymbolNumber_Random_splitClauses_1":["2"],
"labeledBinaryVariableTemplatesNumber_Octagon_splitClauses_0":["2"],
"relationSymbolNumberBeforeSimplification_Random_splitClauses_1":["22"],
"minedTemplateRelationSymbolNumber_Random_splitClauses_1":["2"],
"unlabeledSingleVariableTemplatesNumber_Mined_splitClauses_0":["8"],
"unlabeledBinaryVariableTemplatesNumber_PredictedCG_splitClauses_1":["6"],
"solvability_All_splitClauses_0":["10800000"],
"predicateGeneratorTime_RelationalEqs_splitClauses_1":["8452"],
"relationSymbolNumberBeforeSimplification_PredictedCDHG_splitClauses_1":["22"],
"smt2FileSizeByte_PredictedCG_splitClauses_1":["2021"],
"labeledSingleVariableTemplatesNumber_Unlabeled_splitClauses_1":["0"],
"labeledBinaryVariableTemplatesNumber_PredictedCG_splitClauses_1":["2"],
"minedBinaryVariableTemplatesNumber_PredictedCG_splitClauses_0":["2"],
"solvability_Random_splitClauses_0":["10800000"],
"relationSymbolNumberAfterSimplification_PredictedCG_splitClauses_1":["79"],
"clauseNumberBeforeSimplification_PredictedCDHG_splitClauses_1":["10"],
"labeledSingleVariableTemplatesNumber_Mined_splitClauses_0":["0"],
"solvability_Unlabeled_splitClauses_1":["1"],
"cegarIterationNumber_Labeled_splitClauses_1":["21"],
"smt2FileSizeByte_Mined_splitClauses_0":["2021"],
"relationSymbolNumberAfterSimplification_Mined_splitClauses_0":["79"],
"labeledSingleVariableTemplatesNumber_PredictedCG_splitClauses_1":["0"],
"smt2FileSizeByte_Octagon_splitClauses_1":["2021"],
"minedTemplateNumber_Labeled_splitClauses_1":["6"],
"labeledSingleVariableTemplatesNumber_RelationalIneqs_splitClauses_1":["0"],
"clauseNumberAfterSimplification_Labeled_splitClauses_1":["30"],
"relationSymbolNumberAfterSimplification_Labeled_splitClauses_0":["79"],
"smt2FileSizeByte_Random_splitClauses_0":["2021"],
"relationSymbolNumberAfterSimplification_PredictedCDHG_splitClauses_0":["79"],
"unlabeledTemplateRelationSymbolNumber_PredictedCDHG_splitClauses_1":["2"],
"labeledSingleVariableTemplatesNumber_Term_splitClauses_0":["0"],
"generatedPredicateNumber_PredictedCDHG_splitClauses_1":["10800000"],
"minedSingleVariableTemplatesNumber_Unlabeled_splitClauses_0":["4"],
"generatedPredicateNumber_Octagon_splitClauses_1":["32"],
"labeledSingleVariableTemplatesNumber_RelationalEqs_splitClauses_0":["0"],
"predicateGeneratorTime_PredictedCG_splitClauses_1":["10800000"],
"relationSymbolNumberAfterSimplification_Octagon_splitClauses_0":["79"],
"labeledTemplateNumber_Labeled_splitClauses_1":["2"],
"labeledSingleVariableTemplatesNumber_Empty_splitClauses_0":["0"],
"minedTemplateRelationSymbolNumber_RelationalIneqs_splitClauses_1":["2"],
"unlabeledSingleVariableTemplatesNumber_All_splitClauses_1":["8"],
"labeledBinaryVariableTemplatesNumber_PredictedCDHG_splitClauses_1":["2"],
"unlabeledSingleVariableTemplatesNumber_RelationalEqs_splitClauses_1":["8"],
"cegarIterationNumber_Term_splitClauses_0":["10800000"],
"unlabeledBinaryVariableTemplatesNumber_Labeled_splitClauses_1":["6"],
"unlabeledSingleVariableTemplatesNumber_Term_splitClauses_1":["8"],
"clauseNumberAfterSimplification_All_splitClauses_1":["30"],
"minedSingleVariableTemplatesNumber_Random_splitClauses_0":["4"],
"solvability_RelationalIneqs_splitClauses_1":["1"],
"minedTemplateNumber_Labeled_splitClauses_0":["6"],
"minedSingleVariableTemplatesNumber_Octagon_splitClauses_0":["4"],
"minedSingleVariableTemplatesNumber_Term_splitClauses_1":["4"],
"minedBinaryVariableTemplatesNumber_PredictedCDHG_splitClauses_1":["2"],
"generatedPredicateNumber_Mined_splitClauses_1":["42"],
"labeledSingleVariableTemplatesNumber_RelationalIneqs_splitClauses_0":["0"],
"averagePredicateSize_Mined_splitClauses_0":["10800000"],
"cegarIterationNumber_Unlabeled_splitClauses_0":["10800000"],
"minedBinaryVariableTemplatesNumber_Random_splitClauses_0":["2"],
"labeledTemplateNumber_Mined_splitClauses_1":["2"],
"labeledBinaryVariableTemplatesNumber_Random_splitClauses_0":["2"],
"unlabeledTemplateRelationSymbolNumber_Unlabeled_splitClauses_1":["2"],
"cegarIterationNumber_Mined_splitClauses_0":["10800000"],
"minedTemplateRelationSymbolNumber_Labeled_splitClauses_0":["2"],
"unlabeledBinaryVariableTemplatesNumber_RelationalIneqs_splitClauses_1":["6"],
"unlabeledBinaryVariableTemplatesNumber_Octagon_splitClauses_0":["6"],
"solvability_Mined_splitClauses_0":["10800000"],
"averagePredicateSize_RelationalEqs_splitClauses_0":["10800000"],
"clauseNumberAfterSimplification_Term_splitClauses_0":["30"],
"unlabeledTemplateNumber_Mined_splitClauses_0":["14"],
"relationSymbolNumberAfterSimplification_Random_splitClauses_1":["79"],
"unlabeledTemplateNumber_PredictedCDHG_splitClauses_0":["14"],
"cegarIterationNumber_RelationalIneqs_splitClauses_1":["19"],
"minedBinaryVariableTemplatesNumber_Unlabeled_splitClauses_1":["2"],
"labeledTemplateNumber_PredictedCG_splitClauses_1":["2"],
"labeledTemplateRelationSymbolNumber_Mined_splitClauses_0":["1"],
"labeledBinaryVariableTemplatesNumber_Mined_splitClauses_1":["2"],
"relationSymbolNumberBeforeSimplification_Mined_splitClauses_0":["22"],
"relationSymbolNumberBeforeSimplification_RelationalIneqs_splitClauses_0":["22"],
"clauseNumberAfterSimplification_RelationalIneqs_splitClauses_1":["30"],
"minedSingleVariableTemplatesNumber_PredictedCDHG_splitClauses_0":["4"],
"solvability_Labeled_splitClauses_1":["1"],
"labeledSingleVariableTemplatesNumber_Octagon_splitClauses_1":["0"],
"averagePredicateSize_Random_splitClauses_0":["10800000"],
"smt2FileSizeByte_RelationalIneqs_splitClauses_0":["2021"],
"generatedPredicateNumber_Unlabeled_splitClauses_0":["10800000"],
"solvability_RelationalEqs_splitClauses_0":["10800000"],
"predicateGeneratorTime_Empty_splitClauses_1":["564"],
"minedSingleVariableTemplatesNumber_Mined_splitClauses_0":["4"],
"relationSymbolNumberAfterSimplification_Unlabeled_splitClauses_0":["79"],
"minedTemplateRelationSymbolNumber_PredictedCDHG_splitClauses_1":["2"],
"minedTemplateNumber_PredictedCG_splitClauses_0":["6"],
"averagePredicateSize_RelationalIneqs_splitClauses_1":["1"],
"labeledTemplateRelationSymbolNumber_Random_splitClauses_1":["1"],
"minedTemplateNumber_RelationalIneqs_splitClauses_0":["6"],
"predicateGeneratorTime_RelationalIneqs_splitClauses_0":["10800000"],
"labeledTemplateRelationSymbolNumber_Empty_splitClauses_0":["1"],
"minedBinaryVariableTemplatesNumber_Octagon_splitClauses_0":["2"],
"labeledSingleVariableTemplatesNumber_Term_splitClauses_1":["0"],
"labeledBinaryVariableTemplatesNumber_Empty_splitClauses_0":["2"],
"minedTemplateNumber_Octagon_splitClauses_0":["6"],
"labeledBinaryVariableTemplatesNumber_Unlabeled_splitClauses_0":["2"],
"relationSymbolNumberBeforeSimplification_Empty_splitClauses_0":["22"],
"clauseNumberAfterSimplification_PredictedCDHG_splitClauses_0":["30"],
"smt2FileSizeByte_PredictedCG_splitClauses_0":["2021"],
"minedBinaryVariableTemplatesNumber_RelationalEqs_splitClauses_0":["2"],
"relationSymbolNumberBeforeSimplification_Unlabeled_splitClauses_0":["22"],
"labeledTemplateRelationSymbolNumber_RelationalEqs_splitClauses_1":["1"],
"minedBinaryVariableTemplatesNumber_Random_splitClauses_1":["2"],
"clauseNumberAfterSimplification_Unlabeled_splitClauses_1":["30"],
"minedSingleVariableTemplatesNumber_PredictedCDHG_splitClauses_1":["4"],
"labeledBinaryVariableTemplatesNumber_Term_splitClauses_1":["2"],
"clauseNumberBeforeSimplification_Empty_splitClauses_1":["10"],
"relationSymbolNumberAfterSimplification_Octagon_splitClauses_1":["79"],
"relationSymbolNumberAfterSimplification_Term_splitClauses_0":["79"],
"minedBinaryVariableTemplatesNumber_Mined_splitClauses_1":["2"],
"unlabeledBinaryVariableTemplatesNumber_Unlabeled_splitClauses_1":["6"],
"relationSymbolNumberBeforeSimplification_Random_splitClauses_0":["22"],
"relationSymbolNumberAfterSimplification_PredictedCDHG_splitClauses_1":["79"],
"unlabeledTemplateNumber_PredictedCG_splitClauses_1":["14"],
"generatedPredicateNumber_Empty_splitClauses_0":["10800000"],
"predicateGeneratorTime_RelationalIneqs_splitClauses_1":["10269"],
"unlabeledSingleVariableTemplatesNumber_Empty_splitClauses_0":["8"],
"cegarIterationNumber_Octagon_splitClauses_0":["10800000"],
"clauseNumberAfterSimplification_Octagon_splitClauses_1":["30"],
"unlabeledSingleVariableTemplatesNumber_Labeled_splitClauses_1":["8"],
"clauseNumberBeforeSimplification_Random_splitClauses_1":["10"],
"minedTemplateRelationSymbolNumber_All_splitClauses_0":["2"],
"unlabeledTemplateRelationSymbolNumber_RelationalEqs_splitClauses_0":["2"],
"minedSingleVariableTemplatesNumber_Unlabeled_splitClauses_1":["4"],
"clauseNumberBeforeSimplification_RelationalEqs_splitClauses_0":["10"],
"minedTemplateNumber_Unlabeled_splitClauses_0":["6"],
"generatedPredicateNumber_Octagon_splitClauses_0":["10800000"],
"predicateGeneratorTime_PredictedCDHG_splitClauses_0":["10800000"],
"clauseNumberAfterSimplification_PredictedCG_splitClauses_1":["30"],
"labeledSingleVariableTemplatesNumber_RelationalEqs_splitClauses_1":["0"],
"smt2FileSizeByte_Random_splitClauses_1":["2021"],
"averagePredicateSize_PredictedCG_splitClauses_1":["10800000"],
"cegarIterationNumber_PredictedCDHG_splitClauses_1":["10800000"],
"clauseNumberAfterSimplification_RelationalEqs_splitClauses_1":["30"],
"minedBinaryVariableTemplatesNumber_Empty_splitClauses_1":["2"],
"relationSymbolNumberAfterSimplification_RelationalEqs_splitClauses_1":["79"],
"minedTemplateNumber_PredictedCDHG_splitClauses_0":["6"],
"labeledBinaryVariableTemplatesNumber_All_splitClauses_1":["2"],
"solvingTime_RelationalIneqs_splitClauses_1":["47126"],
"unlabeledTemplateRelationSymbolNumber_RelationalEqs_splitClauses_1":["2"],
"smt2FileSizeByte_Unlabeled_splitClauses_0":["2021"],
"relationSymbolNumberBeforeSimplification_Mined_splitClauses_1":["22"],
"relationSymbolNumberAfterSimplification_Mined_splitClauses_1":["79"],
"generatedPredicateNumber_All_splitClauses_0":["10800000"],
"relationSymbolNumberBeforeSimplification_Octagon_splitClauses_1":["22"],
"predicateGeneratorTime_Octagon_splitClauses_1":["4378"],
"solvability_Mined_splitClauses_1":["1"],
"minedTemplateRelationSymbolNumber_Term_splitClauses_1":["2"],
"clauseNumberAfterSimplification_Mined_splitClauses_0":["30"],
"solvability_PredictedCDHG_splitClauses_0":["10800000"],
"solvingTime_Empty_splitClauses_0":["10800000"],
"unlabeledSingleVariableTemplatesNumber_Unlabeled_splitClauses_1":["8"],
"minedTemplateNumber_Term_splitClauses_1":["6"],
"averagePredicateSize_Octagon_splitClauses_1":["1"],
"unlabeledSingleVariableTemplatesNumber_Octagon_splitClauses_1":["8"],
"minedTemplateRelationSymbolNumber_RelationalEqs_splitClauses_1":["2"],
"relationSymbolNumberBeforeSimplification_All_splitClauses_1":["22"],
"minedBinaryVariableTemplatesNumber_RelationalIneqs_splitClauses_0":["2"],
"predicateGeneratorTime_Term_splitClauses_1":["994"],
"solvingTime_Labeled_splitClauses_0":["10800000"],
"unlabeledBinaryVariableTemplatesNumber_PredictedCG_splitClauses_0":["6"],
"minedTemplateNumber_All_splitClauses_0":["6"],
"predicateGeneratorTime_Labeled_splitClauses_1":["1231"],
"unlabeledTemplateRelationSymbolNumber_Empty_splitClauses_0":["2"],
"unlabeledTemplateNumber_Mined_splitClauses_1":["14"],
"solvability_PredictedCG_splitClauses_1":["10800000"],
"unlabeledTemplateNumber_Term_splitClauses_0":["14"],
"minedBinaryVariableTemplatesNumber_PredictedCG_splitClauses_1":["2"],
"labeledSingleVariableTemplatesNumber_PredictedCDHG_splitClauses_0":["0"],
"minedBinaryVariableTemplatesNumber_All_splitClauses_0":["2"],
"averagePredicateSize_PredictedCDHG_splitClauses_1":["10800000"],
"predicateGeneratorTime_PredictedCG_splitClauses_0":["10800000"],
"generatedPredicateNumber_RelationalIneqs_splitClauses_0":["10800000"],
"labeledTemplateNumber_Empty_splitClauses_0":["2"],
"relationSymbolNumberAfterSimplification_RelationalIneqs_splitClauses_1":["79"],
"unlabeledTemplateRelationSymbolNumber_Term_splitClauses_0":["2"],
"minedTemplateNumber_All_splitClauses_1":["6"],
"labeledSingleVariableTemplatesNumber_Empty_splitClauses_1":["0"],
"minedBinaryVariableTemplatesNumber_Unlabeled_splitClauses_0":["2"],
"labeledTemplateNumber_Random_splitClauses_0":["2"],
"minedBinaryVariableTemplatesNumber_All_splitClauses_1":["2"],
"unlabeledSingleVariableTemplatesNumber_All_splitClauses_0":["8"],
"relationSymbolNumberBeforeSimplification_Labeled_splitClauses_1":["22"],
"smt2FileSizeByte_PredictedCDHG_splitClauses_1":["2021"],
"labeledBinaryVariableTemplatesNumber_PredictedCDHG_splitClauses_0":["2"],
"averagePredicateSize_RelationalEqs_splitClauses_1":["1"],
"minedSingleVariableTemplatesNumber_Term_splitClauses_0":["4"],
"labeledTemplateRelationSymbolNumber_Term_splitClauses_1":["1"],
"generatedPredicateNumber_Random_splitClauses_0":["10800000"],
"labeledBinaryVariableTemplatesNumber_Empty_splitClauses_1":["2"],
"relationSymbolNumberAfterSimplification_Term_splitClauses_1":["79"],
"clauseNumberAfterSimplification_Labeled_splitClauses_0":["30"],
"labeledSingleVariableTemplatesNumber_Labeled_splitClauses_0":["0"],
"minedTemplateNumber_Mined_splitClauses_1":["6"],
"labeledTemplateRelationSymbolNumber_Labeled_splitClauses_0":["1"],
"unlabeledTemplateRelationSymbolNumber_Mined_splitClauses_1":["2"],
"solvability_Labeled_splitClauses_0":["10800000"],
"minedTemplateNumber_RelationalEqs_splitClauses_1":["6"],
"solvingTime_Random_splitClauses_1":["5894"],
"minedTemplateNumber_Random_splitClauses_0":["6"],
"cegarIterationNumber_Unlabeled_splitClauses_1":["18"],
"minedTemplateNumber_RelationalIneqs_splitClauses_1":["6"],
"unlabeledBinaryVariableTemplatesNumber_Octagon_splitClauses_1":["6"],
"minedSingleVariableTemplatesNumber_Octagon_splitClauses_1":["4"],
"minedSingleVariableTemplatesNumber_Random_splitClauses_1":["4"],
"averagePredicateSize_All_splitClauses_1":["10800000"],
"minedTemplateNumber_Empty_splitClauses_0":["6"],
"labeledTemplateNumber_Mined_splitClauses_0":["2"],
"unlabeledBinaryVariableTemplatesNumber_All_splitClauses_0":["6"],
"relationSymbolNumberAfterSimplification_Labeled_splitClauses_1":["79"],
"labeledSingleVariableTemplatesNumber_PredictedCDHG_splitClauses_1":["0"],
"minedSingleVariableTemplatesNumber_Mined_splitClauses_1":["4"],
"labeledTemplateRelationSymbolNumber_Term_splitClauses_0":["1"],
"unlabeledTemplateRelationSymbolNumber_Term_splitClauses_1":["2"],
"predicateGeneratorTime_All_splitClauses_1":["10800000"],
"unlabeledSingleVariableTemplatesNumber_Random_splitClauses_0":["8"],
"predicateGeneratorTime_Unlabeled_splitClauses_1":["11062"],
"cegarIterationNumber_PredictedCDHG_splitClauses_0":["10800000"],
"labeledTemplateNumber_RelationalEqs_splitClauses_0":["2"],
"labeledTemplateRelationSymbolNumber_Mined_splitClauses_1":["1"],
"labeledTemplateRelationSymbolNumber_Random_splitClauses_0":["1"],
"labeledBinaryVariableTemplatesNumber_RelationalEqs_splitClauses_1":["2"],
"generatedPredicateNumber_RelationalIneqs_splitClauses_1":["63"],
"unlabeledTemplateRelationSymbolNumber_PredictedCG_splitClauses_1":["2"],
"unlabeledSingleVariableTemplatesNumber_RelationalEqs_splitClauses_0":["8"],
"labeledBinaryVariableTemplatesNumber_Labeled_splitClauses_0":["2"],
"minedBinaryVariableTemplatesNumber_PredictedCDHG_splitClauses_0":["2"],
"unlabeledTemplateRelationSymbolNumber_Unlabeled_splitClauses_0":["2"],
"clauseNumberAfterSimplification_Term_splitClauses_1":["30"],
"unlabeledTemplateNumber_Octagon_splitClauses_0":["14"],
"unlabeledBinaryVariableTemplatesNumber_RelationalEqs_splitClauses_1":["6"],
"unlabeledTemplateNumber_PredictedCG_splitClauses_0":["14"],
"unlabeledTemplateNumber_All_splitClauses_0":["14"],
"labeledTemplateRelationSymbolNumber_RelationalIneqs_splitClauses_1":["1"],
"unlabeledSingleVariableTemplatesNumber_Mined_splitClauses_1":["8"],
"labeledTemplateRelationSymbolNumber_Unlabeled_splitClauses_1":["1"],
"labeledBinaryVariableTemplatesNumber_Random_splitClauses_1":["2"],
"solvability_Random_splitClauses_1":["1"],
"solvingTime_Term_splitClauses_0":["10800000"],
"minedSingleVariableTemplatesNumber_Labeled_splitClauses_1":["4"],
"clauseNumberBeforeSimplification_Term_splitClauses_0":["10"],
"relationSymbolNumberBeforeSimplification_RelationalIneqs_splitClauses_1":["22"],
"minedTemplateRelationSymbolNumber_Mined_splitClauses_0":["2"],
"solvability_Octagon_splitClauses_1":["1"],
"minedSingleVariableTemplatesNumber_RelationalIneqs_splitClauses_1":["4"],
"smt2FileSizeByte_Labeled_splitClauses_0":["2021"],
"solvability_RelationalEqs_splitClauses_1":["1"],
"unlabeledSingleVariableTemplatesNumber_Empty_splitClauses_1":["8"],
"labeledTemplateNumber_PredictedCDHG_splitClauses_1":["2"],
"minedTemplateRelationSymbolNumber_Octagon_splitClauses_0":["2"],
"clauseNumberAfterSimplification_Unlabeled_splitClauses_0":["30"],
"clauseNumberBeforeSimplification_Unlabeled_splitClauses_0":["10"],
"clauseNumberBeforeSimplification_PredictedCDHG_splitClauses_0":["10"],
"cegarIterationNumber_RelationalIneqs_splitClauses_0":["10800000"],
"labeledTemplateRelationSymbolNumber_RelationalEqs_splitClauses_0":["1"],
"averagePredicateSize_Labeled_splitClauses_0":["10800000"],
"smt2FileSizeByte_RelationalIneqs_splitClauses_1":["2021"],
"clauseNumberBeforeSimplification_RelationalEqs_splitClauses_1":["10"],
"unlabeledTemplateRelationSymbolNumber_RelationalIneqs_splitClauses_1":["2"],
"clauseNumberBeforeSimplification_PredictedCG_splitClauses_0":["10"],
"solvingTime_PredictedCDHG_splitClauses_0":["10800000"],
"labeledTemplateRelationSymbolNumber_Octagon_splitClauses_1":["1"],
"minedTemplateRelationSymbolNumber_PredictedCG_splitClauses_1":["2"],
"relationSymbolNumberBeforeSimplification_RelationalEqs_splitClauses_1":["22"],
"labeledTemplateNumber_Random_splitClauses_1":["2"],
"solvingTime_RelationalIneqs_splitClauses_0":["10800000"],
"labeledTemplateNumber_All_splitClauses_1":["2"],
"unlabeledTemplateNumber_Random_splitClauses_1":["14"],
"relationSymbolNumberBeforeSimplification_All_splitClauses_0":["22"],
"smt2FileSizeByte_Unlabeled_splitClauses_1":["2021"],
"cegarIterationNumber_PredictedCG_splitClauses_0":["10800000"],
"predicateGeneratorTime_Octagon_splitClauses_0":["10800000"],
"unlabeledTemplateNumber_RelationalEqs_splitClauses_1":["14"],
"clauseNumberAfterSimplification_Octagon_splitClauses_0":["30"],
"cegarIterationNumber_Random_splitClauses_0":["10800000"],
"solvability_PredictedCDHG_splitClauses_1":["10800000"],
"solvability_PredictedCG_splitClauses_0":["10800000"],
"solvingTime_PredictedCG_splitClauses_1":["10800000"],
"unlabeledSingleVariableTemplatesNumber_Unlabeled_splitClauses_0":["8"],
"unlabeledTemplateNumber_Unlabeled_splitClauses_0":["14"],
"labeledTemplateRelationSymbolNumber_RelationalIneqs_splitClauses_0":["1"],
"minedTemplateNumber_Random_splitClauses_1":["6"],
"generatedPredicateNumber_RelationalEqs_splitClauses_0":["10800000"],
"minedTemplateNumber_Term_splitClauses_0":["6"],
"solvingTime_All_splitClauses_1":["10800000"],
"minedSingleVariableTemplatesNumber_PredictedCG_splitClauses_0":["4"],
"smt2FileSizeByte_Term_splitClauses_1":["2021"],
"labeledBinaryVariableTemplatesNumber_All_splitClauses_0":["2"],
"minedTemplateNumber_PredictedCDHG_splitClauses_1":["6"],
"minedTemplateRelationSymbolNumber_PredictedCDHG_splitClauses_0":["2"],
"averagePredicateSize_Unlabeled_splitClauses_0":["10800000"],
"minedBinaryVariableTemplatesNumber_Octagon_splitClauses_1":["2"],
"unlabeledSingleVariableTemplatesNumber_Random_splitClauses_1":["8"],
"clauseNumberBeforeSimplification_Random_splitClauses_0":["10"],
"solvingTime_Unlabeled_splitClauses_1":["35801"],
"predicateGeneratorTime_PredictedCDHG_splitClauses_1":["10800000"],
"averagePredicateSize_PredictedCDHG_splitClauses_0":["10800000"],
"relationSymbolNumberAfterSimplification_RelationalEqs_splitClauses_0":["79"],
"minedBinaryVariableTemplatesNumber_Term_splitClauses_0":["2"],
"labeledTemplateNumber_RelationalIneqs_splitClauses_0":["2"],
"clauseNumberAfterSimplification_Random_splitClauses_0":["30"],
"clauseNumberAfterSimplification_PredictedCG_splitClauses_0":["30"],
"generatedPredicateNumber_Empty_splitClauses_1":["28"],
"clauseNumberBeforeSimplification_Octagon_splitClauses_0":["10"],
"unlabeledTemplateNumber_Empty_splitClauses_0":["14"],
"minedSingleVariableTemplatesNumber_All_splitClauses_0":["4"],
"labeledTemplateRelationSymbolNumber_Octagon_splitClauses_0":["1"],
"generatedPredicateNumber_Random_splitClauses_1":["24"],
"clauseNumberAfterSimplification_RelationalEqs_splitClauses_0":["30"],
"labeledBinaryVariableTemplatesNumber_Term_splitClauses_0":["2"],
"minedSingleVariableTemplatesNumber_RelationalEqs_splitClauses_0":["4"],
"minedTemplateNumber_Mined_splitClauses_0":["6"],
"relationSymbolNumberBeforeSimplification_PredictedCG_splitClauses_0":["22"],
"averagePredicateSize_Octagon_splitClauses_0":["10800000"],
"unlabeledBinaryVariableTemplatesNumber_Empty_splitClauses_1":["6"],
"unlabeledSingleVariableTemplatesNumber_PredictedCDHG_splitClauses_0":["8"],
"unlabeledSingleVariableTemplatesNumber_PredictedCG_splitClauses_1":["8"],
"labeledTemplateRelationSymbolNumber_Labeled_splitClauses_1":["1"],
"minedTemplateRelationSymbolNumber_Random_splitClauses_0":["2"],
"unlabeledTemplateRelationSymbolNumber_PredictedCG_splitClauses_0":["2"],
"unlabeledTemplateNumber_RelationalIneqs_splitClauses_0":["14"],
"unlabeledSingleVariableTemplatesNumber_Labeled_splitClauses_0":["8"],
"relationSymbolNumberAfterSimplification_PredictedCG_splitClauses_0":["79"],
"minedTemplateNumber_Unlabeled_splitClauses_1":["6"],
"generatedPredicateNumber_PredictedCG_splitClauses_0":["10800000"],
"labeledTemplateNumber_Unlabeled_splitClauses_1":["2"],
"unlabeledTemplateRelationSymbolNumber_Empty_splitClauses_1":["2"],
"clauseNumberBeforeSimplification_Empty_splitClauses_0":["10"],
"solvingTime_Octagon_splitClauses_1":["11748"],
"cegarIterationNumber_Mined_splitClauses_1":["19"],
"clauseNumberBeforeSimplification_Mined_splitClauses_1":["10"],
"smt2FileSizeByte_PredictedCDHG_splitClauses_0":["2021"],
"averagePredicateSize_PredictedCG_splitClauses_0":["10800000"],
"solvingTime_Random_splitClauses_0":["10800000"],
"minedTemplateNumber_RelationalEqs_splitClauses_0":["6"],
"unlabeledSingleVariableTemplatesNumber_RelationalIneqs_splitClauses_0":["8"],
"unlabeledTemplateNumber_Unlabeled_splitClauses_1":["14"],
"labeledBinaryVariableTemplatesNumber_RelationalEqs_splitClauses_0":["2"],
"generatedPredicateNumber_PredictedCDHG_splitClauses_0":["10800000"],
"relationSymbolNumberAfterSimplification_RelationalIneqs_splitClauses_0":["79"],
"minedTemplateRelationSymbolNumber_Empty_splitClauses_1":["2"],
"predicateGeneratorTime_Random_splitClauses_1":["1107"],
"labeledTemplateNumber_Term_splitClauses_1":["2"],
"relationSymbolNumberBeforeSimplification_RelationalEqs_splitClauses_0":["22"],
"minedSingleVariableTemplatesNumber_Empty_splitClauses_1":["4"],
"minedSingleVariableTemplatesNumber_RelationalIneqs_splitClauses_0":["4"],
"clauseNumberAfterSimplification_All_splitClauses_0":["30"],
"unlabeledBinaryVariableTemplatesNumber_RelationalEqs_splitClauses_0":["6"],
"cegarIterationNumber_RelationalEqs_splitClauses_0":["10800000"],
"labeledTemplateRelationSymbolNumber_PredictedCDHG_splitClauses_0":["1"],
"labeledSingleVariableTemplatesNumber_Labeled_splitClauses_1":["0"],
"unlabeledBinaryVariableTemplatesNumber_All_splitClauses_1":["6"],
"minedTemplateRelationSymbolNumber_Unlabeled_splitClauses_1":["2"],
"solvingTime_RelationalEqs_splitClauses_0":["10800000"],
"solvingTime_RelationalEqs_splitClauses_1":["61195"],
"minedBinaryVariableTemplatesNumber_Mined_splitClauses_0":["2"],
"clauseNumberBeforeSimplification_All_splitClauses_0":["10"],
"clauseNumberBeforeSimplification_RelationalIneqs_splitClauses_1":["10"],
"labeledTemplateNumber_RelationalEqs_splitClauses_1":["2"],
"labeledBinaryVariableTemplatesNumber_RelationalIneqs_splitClauses_0":["2"],
"relationSymbolNumberBeforeSimplification_Labeled_splitClauses_0":["22"],
"clauseNumberAfterSimplification_Empty_splitClauses_0":["30"],
"averagePredicateSize_Empty_splitClauses_0":["10800000"],
"unlabeledTemplateNumber_Term_splitClauses_1":["14"],
"predicateGeneratorTime_Mined_splitClauses_1":["5754"],
"labeledBinaryVariableTemplatesNumber_RelationalIneqs_splitClauses_1":["2"],
"predicateGeneratorTime_Unlabeled_splitClauses_0":["10800000"],
"relationSymbolNumberAfterSimplification_Empty_splitClauses_0":["79"],
"generatedPredicateNumber_Mined_splitClauses_0":["10800000"],
"generatedPredicateNumber_RelationalEqs_splitClauses_1":["55"],
"labeledTemplateRelationSymbolNumber_PredictedCG_splitClauses_0":["1"],
"minedSingleVariableTemplatesNumber_PredictedCG_splitClauses_1":["4"],
"minedTemplateRelationSymbolNumber_PredictedCG_splitClauses_0":["2"],
"unlabeledTemplateRelationSymbolNumber_Labeled_splitClauses_0":["2"],
"solvability_Empty_splitClauses_1":["1"],
"averagePredicateSize_Term_splitClauses_0":["10800000"],
"cegarIterationNumber_Random_splitClauses_1":["19"],
"averagePredicateSize_Labeled_splitClauses_1":["1"],
"unlabeledBinaryVariableTemplatesNumber_Unlabeled_splitClauses_0":["6"],
"generatedPredicateNumber_Unlabeled_splitClauses_1":["55"],
"predicateGeneratorTime_All_splitClauses_0":["10800000"],
"unlabeledBinaryVariableTemplatesNumber_PredictedCDHG_splitClauses_1":["6"],
"clauseNumberBeforeSimplification_Labeled_splitClauses_1":["10"],
"minedBinaryVariableTemplatesNumber_Labeled_splitClauses_1":["2"],
"labeledSingleVariableTemplatesNumber_All_splitClauses_0":["0"],
"unlabeledTemplateRelationSymbolNumber_Mined_splitClauses_0":["2"],
"cegarIterationNumber_Octagon_splitClauses_1":["15"],
"labeledTemplateNumber_Octagon_splitClauses_0":["2"],
"labeledTemplateRelationSymbolNumber_All_splitClauses_1":["1"],
"smt2FileSizeByte_Empty_splitClauses_0":["2021"],
"unlabeledTemplateNumber_Octagon_splitClauses_1":["14"],
"predicateGeneratorTime_RelationalEqs_splitClauses_0":["10800000"],
"unlabeledTemplateRelationSymbolNumber_RelationalIneqs_splitClauses_0":["2"],
"smt2FileSizeByte_RelationalEqs_splitClauses_1":["2021"],
"unlabeledTemplateNumber_Labeled_splitClauses_0":["14"],
"minedSingleVariableTemplatesNumber_Labeled_splitClauses_0":["4"],
"solvingTime_PredictedCDHG_splitClauses_1":["10800000"],
"relationSymbolNumberBeforeSimplification_Term_splitClauses_1":["22"],
"minedTemplateNumber_Octagon_splitClauses_1":["6"],
"clauseNumberBeforeSimplification_Mined_splitClauses_0":["10"],
"smt2FileSizeByte_All_splitClauses_0":["2021"],
"solvingTime_All_splitClauses_0":["10800000"],
"minedBinaryVariableTemplatesNumber_Term_splitClauses_1":["2"],
"unlabeledTemplateRelationSymbolNumber_Random_splitClauses_0":["2"],
"cegarIterationNumber_All_splitClauses_0":["10800000"],
"smt2FileSizeByte_RelationalEqs_splitClauses_0":["2021"],
"unlabeledSingleVariableTemplatesNumber_PredictedCDHG_splitClauses_1":["8"],
"clauseNumberBeforeSimplification_Labeled_splitClauses_0":["10"],
"cegarIterationNumber_PredictedCG_splitClauses_1":["10800000"],
"labeledTemplateRelationSymbolNumber_Unlabeled_splitClauses_0":["1"],
"unlabeledTemplateRelationSymbolNumber_Octagon_splitClauses_1":["2"],
"unlabeledTemplateNumber_Empty_splitClauses_1":["14"],
"clauseNumberBeforeSimplification_Octagon_splitClauses_1":["10"],
"labeledTemplateNumber_Unlabeled_splitClauses_0":["2"],
"labeledBinaryVariableTemplatesNumber_PredictedCG_splitClauses_0":["2"],
"solvability_Term_splitClauses_1":["1"],
"solvability_Octagon_splitClauses_0":["10800000"],
"minedTemplateRelationSymbolNumber_RelationalIneqs_splitClauses_0":["2"],
"clauseNumberBeforeSimplification_RelationalIneqs_splitClauses_0":["10"],
"labeledTemplateNumber_PredictedCG_splitClauses_0":["2"],
"cegarIterationNumber_Labeled_splitClauses_0":["10800000"],
"smt2FileSizeByte_Labeled_splitClauses_1":["2021"],
"clauseNumberBeforeSimplification_Unlabeled_splitClauses_1":["10"],
"generatedPredicateNumber_Term_splitClauses_1":["26"],
"solvingTime_Term_splitClauses_1":["10056"],
"unlabeledBinaryVariableTemplatesNumber_Random_splitClauses_1":["6"],
"unlabeledSingleVariableTemplatesNumber_Octagon_splitClauses_0":["8"],
"solvingTime_Octagon_splitClauses_0":["10800000"],
"labeledSingleVariableTemplatesNumber_Mined_splitClauses_1":["0"],
"averagePredicateSize_Term_splitClauses_1":["1"],
"labeledTemplateNumber_Labeled_splitClauses_0":["2"],
"unlabeledSingleVariableTemplatesNumber_PredictedCG_splitClauses_0":["8"],
"smt2FileSizeByte_Mined_splitClauses_1":["2021"],
"labeledBinaryVariableTemplatesNumber_Unlabeled_splitClauses_1":["2"],
"labeledTemplateNumber_All_splitClauses_0":["2"],
"unlabeledTemplateNumber_Random_splitClauses_0":["14"],
"labeledTemplateNumber_Octagon_splitClauses_1":["2"],
"unlabeledTemplateNumber_PredictedCDHG_splitClauses_1":["14"],
"unlabeledBinaryVariableTemplatesNumber_Mined_splitClauses_0":["6"],
"minedTemplateRelationSymbolNumber_Mined_splitClauses_1":["2"],
"labeledTemplateNumber_RelationalIneqs_splitClauses_1":["2"],
"relationSymbolNumberAfterSimplification_All_splitClauses_0":["79"],
"relationSymbolNumberBeforeSimplification_PredictedCDHG_splitClauses_0":["22"],
"solvability_Term_splitClauses_0":["10800000"],
"clauseNumberBeforeSimplification_PredictedCG_splitClauses_1":["10"],
"generatedPredicateNumber_Labeled_splitClauses_1":["36"],
"labeledSingleVariableTemplatesNumber_Unlabeled_splitClauses_0":["0"],
"unlabeledBinaryVariableTemplatesNumber_Empty_splitClauses_0":["6"],
"solvingTime_Mined_splitClauses_0":["10800000"],
"unlabeledTemplateNumber_All_splitClauses_1":["14"],
"clauseNumberAfterSimplification_Random_splitClauses_1":["30"],
"labeledBinaryVariableTemplatesNumber_Octagon_splitClauses_1":["2"],
"unlabeledBinaryVariableTemplatesNumber_Labeled_splitClauses_0":["6"],
"smt2FileSizeByte_Octagon_splitClauses_0":["2021"],
"labeledSingleVariableTemplatesNumber_Random_splitClauses_1":["0"],
"solvability_Unlabeled_splitClauses_0":["10800000"],
"solvingTime_Unlabeled_splitClauses_0":["10800000"],
"unlabeledTemplateRelationSymbolNumber_All_splitClauses_1":["2"],
"minedTemplateNumber_Empty_splitClauses_1":["6"],
"solvability_RelationalIneqs_splitClauses_0":["10800000"],
"unlabeledTemplateRelationSymbolNumber_Labeled_splitClauses_1":["2"],
"cegarIterationNumber_RelationalEqs_splitClauses_1":["18"],
"minedSingleVariableTemplatesNumber_RelationalEqs_splitClauses_1":["4"],
"clauseNumberAfterSimplification_PredictedCDHG_splitClauses_1":["30"],
"minedBinaryVariableTemplatesNumber_RelationalIneqs_splitClauses_1":["2"],
"unlabeledBinaryVariableTemplatesNumber_Mined_splitClauses_1":["6"],
"unlabeledBinaryVariableTemplatesNumber_PredictedCDHG_splitClauses_0":["6"],
"solvingTime_Empty_splitClauses_1":["9311"],
"labeledTemplateRelationSymbolNumber_Empty_splitClauses_1":["1"],
"generatedPredicateNumber_Term_splitClauses_0":["10800000"],
"averagePredicateSize_Empty_splitClauses_1":["1"],
"generatedPredicateNumber_PredictedCG_splitClauses_1":["10800000"],
"labeledTemplateRelationSymbolNumber_PredictedCDHG_splitClauses_1":["1"],
"predicateGeneratorTime_Mined_splitClauses_0":["10800000"],
"relationSymbolNumberBeforeSimplification_Term_splitClauses_0":["22"],
"predicateGeneratorTime_Labeled_splitClauses_0":["10800000"],
"labeledSingleVariableTemplatesNumber_Random_splitClauses_0":["0"],
"unlabeledTemplateRelationSymbolNumber_All_splitClauses_0":["2"],
"minedBinaryVariableTemplatesNumber_Labeled_splitClauses_0":["2"],
"generatedPredicateNumber_Labeled_splitClauses_0":["10800000"],
"relationSymbolNumberAfterSimplification_Empty_splitClauses_1":["79"],
"solvingTime_Mined_splitClauses_1":["17290"],
"minedSingleVariableTemplatesNumber_All_splitClauses_1":["4"],
"predicateGeneratorTime_Random_splitClauses_0":["10800000"],
"cegarIterationNumber_Term_splitClauses_1":["19"],
"labeledTemplateNumber_Empty_splitClauses_1":["2"],
"clauseNumberAfterSimplification_Empty_splitClauses_1":["30"],
"minedTemplateRelationSymbolNumber_Empty_splitClauses_0":["2"],
"unlabeledSingleVariableTemplatesNumber_Term_splitClauses_0":["8"],
"minedSingleVariableTemplatesNumber_Empty_splitClauses_0":["4"],
"relationSymbolNumberAfterSimplification_Random_splitClauses_0":["79"],
"minedTemplateRelationSymbolNumber_RelationalEqs_splitClauses_0":["2"],
"cegarIterationNumber_Empty_splitClauses_0":["10800000"],
"minedBinaryVariableTemplatesNumber_RelationalEqs_splitClauses_1":["2"],
"relationSymbolNumberBeforeSimplification_PredictedCG_splitClauses_1":["22"],
"labeledSingleVariableTemplatesNumber_All_splitClauses_1":["0"],
"unlabeledTemplateRelationSymbolNumber_Octagon_splitClauses_0":["2"],
"minedTemplateRelationSymbolNumber_Unlabeled_splitClauses_0":["2"],
"labeledBinaryVariableTemplatesNumber_Mined_splitClauses_0":["2"],
"relationSymbolNumberAfterSimplification_Unlabeled_splitClauses_1":["79"],
"minedTemplateNumber_PredictedCG_splitClauses_1":["6"],
"cegarIterationNumber_Empty_splitClauses_1":["23"],
"averagePredicateSize_RelationalIneqs_splitClauses_0":["10800000"],
"solvability_All_splitClauses_1":["10800000"],
"unlabeledBinaryVariableTemplatesNumber_Term_splitClauses_1":["6"],
"minedTemplateRelationSymbolNumber_Labeled_splitClauses_1":["2"],
"averagePredicateSize_Unlabeled_splitClauses_1":["1"],
"labeledTemplateNumber_Term_splitClauses_0":["2"],
"smt2FileSizeByte_Empty_splitClauses_1":["2021"],
"solvingTime_PredictedCG_splitClauses_0":["10800000"],
"cegarIterationNumber_All_splitClauses_1":["10800000"],
"clauseNumberBeforeSimplification_Term_splitClauses_1":["10"],
"predicateGeneratorTime_Empty_splitClauses_0":["10800000"],
"relationSymbolNumberBeforeSimplification_Empty_splitClauses_1":["22"],
"averagePredicateSize_All_splitClauses_0":["10800000"],
"unlabeledBinaryVariableTemplatesNumber_Random_splitClauses_0":["6"],
"smt2FileSizeByte_Term_splitClauses_0":["2021"],
"averagePredicateSize_Mined_splitClauses_1":["1"],
"minedBinaryVariableTemplatesNumber_Empty_splitClauses_0":["2"],
"minedTemplateRelationSymbolNumber_All_splitClauses_1":["2"],
"labeledSingleVariableTemplatesNumber_PredictedCG_splitClauses_0":["0"],
"unlabeledBinaryVariableTemplatesNumber_RelationalIneqs_splitClauses_0":["6"],
"unlabeledSingleVariableTemplatesNumber_RelationalIneqs_splitClauses_1":["8"],
"clauseNumberAfterSimplification_RelationalIneqs_splitClauses_0":["30"],
"unlabeledTemplateNumber_RelationalEqs_splitClauses_0":["14"],
"unlabeledTemplateNumber_RelationalIneqs_splitClauses_1":["14"],
"labeledTemplateRelationSymbolNumber_PredictedCG_splitClauses_1":["1"],
"labeledTemplateRelationSymbolNumber_All_splitClauses_0":["1"],
"labeledSingleVariableTemplatesNumber_Octagon_splitClauses_0":["0"],
"dummyFiled":[]
}