{
"smt2FileSizeByte_All_splitClauses_1":["8274"],
"generatedPredicateNumber_All_splitClauses_1":["10800000"],
"unlabeledTemplateRelationSymbolNumber_PredictedCDHG_splitClauses_0":["3"],
"relationSymbolNumberBeforeSimplification_Unlabeled_splitClauses_1":["36"],
"predicateGeneratorTime_Term_splitClauses_0":["10800000"],
"averagePredicateSize_Random_splitClauses_1":["1"],
"labeledBinaryVariableTemplatesNumber_Labeled_splitClauses_1":["3"],
"clauseNumberBeforeSimplification_All_splitClauses_1":["17"],
"minedTemplateRelationSymbolNumber_Term_splitClauses_0":["3"],
"solvingTime_Labeled_splitClauses_1":["21062"],
"unlabeledTemplateNumber_Labeled_splitClauses_1":["225"],
"relationSymbolNumberAfterSimplification_All_splitClauses_1":["7701"],
"minedTemplateRelationSymbolNumber_Octagon_splitClauses_1":["3"],
"clauseNumberAfterSimplification_Mined_splitClauses_1":["2572"],
"relationSymbolNumberBeforeSimplification_Octagon_splitClauses_0":["36"],
"unlabeledBinaryVariableTemplatesNumber_Term_splitClauses_0":["144"],
"labeledTemplateNumber_PredictedCDHG_splitClauses_0":["3"],
"solvability_Empty_splitClauses_0":["10800000"],
"unlabeledTemplateRelationSymbolNumber_Random_splitClauses_1":["3"],
"labeledBinaryVariableTemplatesNumber_Octagon_splitClauses_0":["3"],
"relationSymbolNumberBeforeSimplification_Random_splitClauses_1":["36"],
"minedTemplateRelationSymbolNumber_Random_splitClauses_1":["3"],
"unlabeledSingleVariableTemplatesNumber_Mined_splitClauses_0":["81"],
"unlabeledBinaryVariableTemplatesNumber_PredictedCG_splitClauses_1":["144"],
"solvability_All_splitClauses_0":["10800000"],
"predicateGeneratorTime_RelationalEqs_splitClauses_1":["571"],
"relationSymbolNumberBeforeSimplification_PredictedCDHG_splitClauses_1":["36"],
"smt2FileSizeByte_PredictedCG_splitClauses_1":["8274"],
"labeledSingleVariableTemplatesNumber_Unlabeled_splitClauses_1":["0"],
"labeledBinaryVariableTemplatesNumber_PredictedCG_splitClauses_1":["3"],
"minedBinaryVariableTemplatesNumber_PredictedCG_splitClauses_0":["3"],
"solvability_Random_splitClauses_0":["10800000"],
"relationSymbolNumberAfterSimplification_PredictedCG_splitClauses_1":["7701"],
"clauseNumberBeforeSimplification_PredictedCDHG_splitClauses_1":["17"],
"labeledSingleVariableTemplatesNumber_Mined_splitClauses_0":["0"],
"solvability_Unlabeled_splitClauses_1":["1"],
"cegarIterationNumber_Labeled_splitClauses_1":["17"],
"smt2FileSizeByte_Mined_splitClauses_0":["8274"],
"relationSymbolNumberAfterSimplification_Mined_splitClauses_0":["7701"],
"labeledSingleVariableTemplatesNumber_PredictedCG_splitClauses_1":["0"],
"smt2FileSizeByte_Octagon_splitClauses_1":["8274"],
"minedTemplateNumber_Labeled_splitClauses_1":["30"],
"labeledSingleVariableTemplatesNumber_RelationalIneqs_splitClauses_1":["0"],
"clauseNumberAfterSimplification_Labeled_splitClauses_1":["2572"],
"relationSymbolNumberAfterSimplification_Labeled_splitClauses_0":["7701"],
"smt2FileSizeByte_Random_splitClauses_0":["8274"],
"relationSymbolNumberAfterSimplification_PredictedCDHG_splitClauses_0":["7701"],
"unlabeledTemplateRelationSymbolNumber_PredictedCDHG_splitClauses_1":["3"],
"labeledSingleVariableTemplatesNumber_Term_splitClauses_0":["0"],
"generatedPredicateNumber_PredictedCDHG_splitClauses_1":["10800000"],
"minedSingleVariableTemplatesNumber_Unlabeled_splitClauses_0":["27"],
"generatedPredicateNumber_Octagon_splitClauses_1":["24"],
"labeledSingleVariableTemplatesNumber_RelationalEqs_splitClauses_0":["0"],
"predicateGeneratorTime_PredictedCG_splitClauses_1":["10800000"],
"relationSymbolNumberAfterSimplification_Octagon_splitClauses_0":["7701"],
"labeledTemplateNumber_Labeled_splitClauses_1":["3"],
"labeledSingleVariableTemplatesNumber_Empty_splitClauses_0":["0"],
"minedTemplateRelationSymbolNumber_RelationalIneqs_splitClauses_1":["3"],
"unlabeledSingleVariableTemplatesNumber_All_splitClauses_1":["81"],
"labeledBinaryVariableTemplatesNumber_PredictedCDHG_splitClauses_1":["3"],
"unlabeledSingleVariableTemplatesNumber_RelationalEqs_splitClauses_1":["81"],
"cegarIterationNumber_Term_splitClauses_0":["10800000"],
"unlabeledBinaryVariableTemplatesNumber_Labeled_splitClauses_1":["144"],
"unlabeledSingleVariableTemplatesNumber_Term_splitClauses_1":["81"],
"clauseNumberAfterSimplification_All_splitClauses_1":["2572"],
"minedSingleVariableTemplatesNumber_Random_splitClauses_0":["27"],
"solvability_RelationalIneqs_splitClauses_1":["1"],
"minedTemplateNumber_Labeled_splitClauses_0":["30"],
"minedSingleVariableTemplatesNumber_Octagon_splitClauses_0":["27"],
"minedSingleVariableTemplatesNumber_Term_splitClauses_1":["27"],
"minedBinaryVariableTemplatesNumber_PredictedCDHG_splitClauses_1":["3"],
"generatedPredicateNumber_Mined_splitClauses_1":["24"],
"labeledSingleVariableTemplatesNumber_RelationalIneqs_splitClauses_0":["0"],
"averagePredicateSize_Mined_splitClauses_0":["10800000"],
"cegarIterationNumber_Unlabeled_splitClauses_0":["10800000"],
"minedBinaryVariableTemplatesNumber_Random_splitClauses_0":["3"],
"labeledTemplateNumber_Mined_splitClauses_1":["3"],
"labeledBinaryVariableTemplatesNumber_Random_splitClauses_0":["3"],
"unlabeledTemplateRelationSymbolNumber_Unlabeled_splitClauses_1":["3"],
"cegarIterationNumber_Mined_splitClauses_0":["10800000"],
"minedTemplateRelationSymbolNumber_Labeled_splitClauses_0":["3"],
"unlabeledBinaryVariableTemplatesNumber_RelationalIneqs_splitClauses_1":["144"],
"unlabeledBinaryVariableTemplatesNumber_Octagon_splitClauses_0":["144"],
"solvability_Mined_splitClauses_0":["10800000"],
"averagePredicateSize_RelationalEqs_splitClauses_0":["10800000"],
"clauseNumberAfterSimplification_Term_splitClauses_0":["2572"],
"unlabeledTemplateNumber_Mined_splitClauses_0":["225"],
"relationSymbolNumberAfterSimplification_Random_splitClauses_1":["7701"],
"unlabeledTemplateNumber_PredictedCDHG_splitClauses_0":["225"],
"cegarIterationNumber_RelationalIneqs_splitClauses_1":["17"],
"minedBinaryVariableTemplatesNumber_Unlabeled_splitClauses_1":["3"],
"labeledTemplateNumber_PredictedCG_splitClauses_1":["3"],
"labeledTemplateRelationSymbolNumber_Mined_splitClauses_0":["1"],
"labeledBinaryVariableTemplatesNumber_Mined_splitClauses_1":["3"],
"relationSymbolNumberBeforeSimplification_Mined_splitClauses_0":["36"],
"relationSymbolNumberBeforeSimplification_RelationalIneqs_splitClauses_0":["36"],
"clauseNumberAfterSimplification_RelationalIneqs_splitClauses_1":["2572"],
"minedSingleVariableTemplatesNumber_PredictedCDHG_splitClauses_0":["27"],
"solvability_Labeled_splitClauses_1":["1"],
"labeledSingleVariableTemplatesNumber_Octagon_splitClauses_1":["0"],
"averagePredicateSize_Random_splitClauses_0":["10800000"],
"smt2FileSizeByte_RelationalIneqs_splitClauses_0":["8274"],
"generatedPredicateNumber_Unlabeled_splitClauses_0":["10800000"],
"solvability_RelationalEqs_splitClauses_0":["10800000"],
"predicateGeneratorTime_Empty_splitClauses_1":["313"],
"minedSingleVariableTemplatesNumber_Mined_splitClauses_0":["27"],
"relationSymbolNumberAfterSimplification_Unlabeled_splitClauses_0":["7701"],
"minedTemplateRelationSymbolNumber_PredictedCDHG_splitClauses_1":["3"],
"minedTemplateNumber_PredictedCG_splitClauses_0":["30"],
"averagePredicateSize_RelationalIneqs_splitClauses_1":["1"],
"labeledTemplateRelationSymbolNumber_Random_splitClauses_1":["1"],
"minedTemplateNumber_RelationalIneqs_splitClauses_0":["30"],
"predicateGeneratorTime_RelationalIneqs_splitClauses_0":["10800000"],
"labeledTemplateRelationSymbolNumber_Empty_splitClauses_0":["1"],
"minedBinaryVariableTemplatesNumber_Octagon_splitClauses_0":["3"],
"labeledSingleVariableTemplatesNumber_Term_splitClauses_1":["0"],
"labeledBinaryVariableTemplatesNumber_Empty_splitClauses_0":["3"],
"minedTemplateNumber_Octagon_splitClauses_0":["30"],
"labeledBinaryVariableTemplatesNumber_Unlabeled_splitClauses_0":["3"],
"relationSymbolNumberBeforeSimplification_Empty_splitClauses_0":["36"],
"clauseNumberAfterSimplification_PredictedCDHG_splitClauses_0":["2572"],
"smt2FileSizeByte_PredictedCG_splitClauses_0":["8274"],
"minedBinaryVariableTemplatesNumber_RelationalEqs_splitClauses_0":["3"],
"relationSymbolNumberBeforeSimplification_Unlabeled_splitClauses_0":["36"],
"labeledTemplateRelationSymbolNumber_RelationalEqs_splitClauses_1":["1"],
"minedBinaryVariableTemplatesNumber_Random_splitClauses_1":["3"],
"clauseNumberAfterSimplification_Unlabeled_splitClauses_1":["2572"],
"minedSingleVariableTemplatesNumber_PredictedCDHG_splitClauses_1":["27"],
"labeledBinaryVariableTemplatesNumber_Term_splitClauses_1":["3"],
"clauseNumberBeforeSimplification_Empty_splitClauses_1":["17"],
"relationSymbolNumberAfterSimplification_Octagon_splitClauses_1":["7701"],
"relationSymbolNumberAfterSimplification_Term_splitClauses_0":["7701"],
"minedBinaryVariableTemplatesNumber_Mined_splitClauses_1":["3"],
"unlabeledBinaryVariableTemplatesNumber_Unlabeled_splitClauses_1":["144"],
"relationSymbolNumberBeforeSimplification_Random_splitClauses_0":["36"],
"relationSymbolNumberAfterSimplification_PredictedCDHG_splitClauses_1":["7701"],
"unlabeledTemplateNumber_PredictedCG_splitClauses_1":["225"],
"generatedPredicateNumber_Empty_splitClauses_0":["10800000"],
"predicateGeneratorTime_RelationalIneqs_splitClauses_1":["432"],
"unlabeledSingleVariableTemplatesNumber_Empty_splitClauses_0":["81"],
"cegarIterationNumber_Octagon_splitClauses_0":["10800000"],
"clauseNumberAfterSimplification_Octagon_splitClauses_1":["2572"],
"unlabeledSingleVariableTemplatesNumber_Labeled_splitClauses_1":["81"],
"clauseNumberBeforeSimplification_Random_splitClauses_1":["17"],
"minedTemplateRelationSymbolNumber_All_splitClauses_0":["3"],
"unlabeledTemplateRelationSymbolNumber_RelationalEqs_splitClauses_0":["3"],
"minedSingleVariableTemplatesNumber_Unlabeled_splitClauses_1":["27"],
"clauseNumberBeforeSimplification_RelationalEqs_splitClauses_0":["17"],
"minedTemplateNumber_Unlabeled_splitClauses_0":["30"],
"generatedPredicateNumber_Octagon_splitClauses_0":["10800000"],
"predicateGeneratorTime_PredictedCDHG_splitClauses_0":["10800000"],
"clauseNumberAfterSimplification_PredictedCG_splitClauses_1":["2572"],
"labeledSingleVariableTemplatesNumber_RelationalEqs_splitClauses_1":["0"],
"smt2FileSizeByte_Random_splitClauses_1":["8274"],
"averagePredicateSize_PredictedCG_splitClauses_1":["10800000"],
"cegarIterationNumber_PredictedCDHG_splitClauses_1":["10800000"],
"clauseNumberAfterSimplification_RelationalEqs_splitClauses_1":["2572"],
"minedBinaryVariableTemplatesNumber_Empty_splitClauses_1":["3"],
"relationSymbolNumberAfterSimplification_RelationalEqs_splitClauses_1":["7701"],
"minedTemplateNumber_PredictedCDHG_splitClauses_0":["30"],
"labeledBinaryVariableTemplatesNumber_All_splitClauses_1":["3"],
"solvingTime_RelationalIneqs_splitClauses_1":["19896"],
"unlabeledTemplateRelationSymbolNumber_RelationalEqs_splitClauses_1":["3"],
"smt2FileSizeByte_Unlabeled_splitClauses_0":["8274"],
"relationSymbolNumberBeforeSimplification_Mined_splitClauses_1":["36"],
"relationSymbolNumberAfterSimplification_Mined_splitClauses_1":["7701"],
"generatedPredicateNumber_All_splitClauses_0":["10800000"],
"relationSymbolNumberBeforeSimplification_Octagon_splitClauses_1":["36"],
"predicateGeneratorTime_Octagon_splitClauses_1":["475"],
"solvability_Mined_splitClauses_1":["1"],
"minedTemplateRelationSymbolNumber_Term_splitClauses_1":["3"],
"clauseNumberAfterSimplification_Mined_splitClauses_0":["2572"],
"solvability_PredictedCDHG_splitClauses_0":["10800000"],
"solvingTime_Empty_splitClauses_0":["10800000"],
"unlabeledSingleVariableTemplatesNumber_Unlabeled_splitClauses_1":["81"],
"minedTemplateNumber_Term_splitClauses_1":["30"],
"averagePredicateSize_Octagon_splitClauses_1":["1"],
"unlabeledSingleVariableTemplatesNumber_Octagon_splitClauses_1":["81"],
"minedTemplateRelationSymbolNumber_RelationalEqs_splitClauses_1":["3"],
"relationSymbolNumberBeforeSimplification_All_splitClauses_1":["36"],
"minedBinaryVariableTemplatesNumber_RelationalIneqs_splitClauses_0":["3"],
"predicateGeneratorTime_Term_splitClauses_1":["355"],
"solvingTime_Labeled_splitClauses_0":["10800000"],
"unlabeledBinaryVariableTemplatesNumber_PredictedCG_splitClauses_0":["144"],
"minedTemplateNumber_All_splitClauses_0":["30"],
"predicateGeneratorTime_Labeled_splitClauses_1":["392"],
"unlabeledTemplateRelationSymbolNumber_Empty_splitClauses_0":["3"],
"unlabeledTemplateNumber_Mined_splitClauses_1":["225"],
"solvability_PredictedCG_splitClauses_1":["10800000"],
"unlabeledTemplateNumber_Term_splitClauses_0":["225"],
"minedBinaryVariableTemplatesNumber_PredictedCG_splitClauses_1":["3"],
"labeledSingleVariableTemplatesNumber_PredictedCDHG_splitClauses_0":["0"],
"minedBinaryVariableTemplatesNumber_All_splitClauses_0":["3"],
"averagePredicateSize_PredictedCDHG_splitClauses_1":["10800000"],
"predicateGeneratorTime_PredictedCG_splitClauses_0":["10800000"],
"generatedPredicateNumber_RelationalIneqs_splitClauses_0":["10800000"],
"labeledTemplateNumber_Empty_splitClauses_0":["3"],
"relationSymbolNumberAfterSimplification_RelationalIneqs_splitClauses_1":["7701"],
"unlabeledTemplateRelationSymbolNumber_Term_splitClauses_0":["3"],
"minedTemplateNumber_All_splitClauses_1":["30"],
"labeledSingleVariableTemplatesNumber_Empty_splitClauses_1":["0"],
"minedBinaryVariableTemplatesNumber_Unlabeled_splitClauses_0":["3"],
"labeledTemplateNumber_Random_splitClauses_0":["3"],
"minedBinaryVariableTemplatesNumber_All_splitClauses_1":["3"],
"unlabeledSingleVariableTemplatesNumber_All_splitClauses_0":["81"],
"relationSymbolNumberBeforeSimplification_Labeled_splitClauses_1":["36"],
"smt2FileSizeByte_PredictedCDHG_splitClauses_1":["8274"],
"labeledBinaryVariableTemplatesNumber_PredictedCDHG_splitClauses_0":["3"],
"averagePredicateSize_RelationalEqs_splitClauses_1":["1"],
"minedSingleVariableTemplatesNumber_Term_splitClauses_0":["27"],
"labeledTemplateRelationSymbolNumber_Term_splitClauses_1":["1"],
"generatedPredicateNumber_Random_splitClauses_0":["10800000"],
"labeledBinaryVariableTemplatesNumber_Empty_splitClauses_1":["3"],
"relationSymbolNumberAfterSimplification_Term_splitClauses_1":["7701"],
"clauseNumberAfterSimplification_Labeled_splitClauses_0":["2572"],
"labeledSingleVariableTemplatesNumber_Labeled_splitClauses_0":["0"],
"minedTemplateNumber_Mined_splitClauses_1":["30"],
"labeledTemplateRelationSymbolNumber_Labeled_splitClauses_0":["1"],
"unlabeledTemplateRelationSymbolNumber_Mined_splitClauses_1":["3"],
"solvability_Labeled_splitClauses_0":["10800000"],
"minedTemplateNumber_RelationalEqs_splitClauses_1":["30"],
"solvingTime_Random_splitClauses_1":["21449"],
"minedTemplateNumber_Random_splitClauses_0":["30"],
"cegarIterationNumber_Unlabeled_splitClauses_1":["17"],
"minedTemplateNumber_RelationalIneqs_splitClauses_1":["30"],
"unlabeledBinaryVariableTemplatesNumber_Octagon_splitClauses_1":["144"],
"minedSingleVariableTemplatesNumber_Octagon_splitClauses_1":["27"],
"minedSingleVariableTemplatesNumber_Random_splitClauses_1":["27"],
"averagePredicateSize_All_splitClauses_1":["10800000"],
"minedTemplateNumber_Empty_splitClauses_0":["30"],
"labeledTemplateNumber_Mined_splitClauses_0":["3"],
"unlabeledBinaryVariableTemplatesNumber_All_splitClauses_0":["144"],
"relationSymbolNumberAfterSimplification_Labeled_splitClauses_1":["7701"],
"labeledSingleVariableTemplatesNumber_PredictedCDHG_splitClauses_1":["0"],
"minedSingleVariableTemplatesNumber_Mined_splitClauses_1":["27"],
"labeledTemplateRelationSymbolNumber_Term_splitClauses_0":["1"],
"unlabeledTemplateRelationSymbolNumber_Term_splitClauses_1":["3"],
"predicateGeneratorTime_All_splitClauses_1":["10800000"],
"unlabeledSingleVariableTemplatesNumber_Random_splitClauses_0":["81"],
"predicateGeneratorTime_Unlabeled_splitClauses_1":["505"],
"cegarIterationNumber_PredictedCDHG_splitClauses_0":["10800000"],
"labeledTemplateNumber_RelationalEqs_splitClauses_0":["3"],
"labeledTemplateRelationSymbolNumber_Mined_splitClauses_1":["1"],
"labeledTemplateRelationSymbolNumber_Random_splitClauses_0":["1"],
"labeledBinaryVariableTemplatesNumber_RelationalEqs_splitClauses_1":["3"],
"generatedPredicateNumber_RelationalIneqs_splitClauses_1":["24"],
"unlabeledTemplateRelationSymbolNumber_PredictedCG_splitClauses_1":["3"],
"unlabeledSingleVariableTemplatesNumber_RelationalEqs_splitClauses_0":["81"],
"labeledBinaryVariableTemplatesNumber_Labeled_splitClauses_0":["3"],
"minedBinaryVariableTemplatesNumber_PredictedCDHG_splitClauses_0":["3"],
"unlabeledTemplateRelationSymbolNumber_Unlabeled_splitClauses_0":["3"],
"clauseNumberAfterSimplification_Term_splitClauses_1":["2572"],
"unlabeledTemplateNumber_Octagon_splitClauses_0":["225"],
"unlabeledBinaryVariableTemplatesNumber_RelationalEqs_splitClauses_1":["144"],
"unlabeledTemplateNumber_PredictedCG_splitClauses_0":["225"],
"unlabeledTemplateNumber_All_splitClauses_0":["225"],
"labeledTemplateRelationSymbolNumber_RelationalIneqs_splitClauses_1":["1"],
"unlabeledSingleVariableTemplatesNumber_Mined_splitClauses_1":["81"],
"labeledTemplateRelationSymbolNumber_Unlabeled_splitClauses_1":["1"],
"labeledBinaryVariableTemplatesNumber_Random_splitClauses_1":["3"],
"solvability_Random_splitClauses_1":["1"],
"solvingTime_Term_splitClauses_0":["10800000"],
"minedSingleVariableTemplatesNumber_Labeled_splitClauses_1":["27"],
"clauseNumberBeforeSimplification_Term_splitClauses_0":["17"],
"relationSymbolNumberBeforeSimplification_RelationalIneqs_splitClauses_1":["36"],
"minedTemplateRelationSymbolNumber_Mined_splitClauses_0":["3"],
"solvability_Octagon_splitClauses_1":["1"],
"minedSingleVariableTemplatesNumber_RelationalIneqs_splitClauses_1":["27"],
"smt2FileSizeByte_Labeled_splitClauses_0":["8274"],
"solvability_RelationalEqs_splitClauses_1":["1"],
"unlabeledSingleVariableTemplatesNumber_Empty_splitClauses_1":["81"],
"labeledTemplateNumber_PredictedCDHG_splitClauses_1":["3"],
"minedTemplateRelationSymbolNumber_Octagon_splitClauses_0":["3"],
"clauseNumberAfterSimplification_Unlabeled_splitClauses_0":["2572"],
"clauseNumberBeforeSimplification_Unlabeled_splitClauses_0":["17"],
"clauseNumberBeforeSimplification_PredictedCDHG_splitClauses_0":["17"],
"cegarIterationNumber_RelationalIneqs_splitClauses_0":["10800000"],
"labeledTemplateRelationSymbolNumber_RelationalEqs_splitClauses_0":["1"],
"averagePredicateSize_Labeled_splitClauses_0":["10800000"],
"smt2FileSizeByte_RelationalIneqs_splitClauses_1":["8274"],
"clauseNumberBeforeSimplification_RelationalEqs_splitClauses_1":["17"],
"unlabeledTemplateRelationSymbolNumber_RelationalIneqs_splitClauses_1":["3"],
"clauseNumberBeforeSimplification_PredictedCG_splitClauses_0":["17"],
"solvingTime_PredictedCDHG_splitClauses_0":["10800000"],
"labeledTemplateRelationSymbolNumber_Octagon_splitClauses_1":["1"],
"minedTemplateRelationSymbolNumber_PredictedCG_splitClauses_1":["3"],
"relationSymbolNumberBeforeSimplification_RelationalEqs_splitClauses_1":["36"],
"labeledTemplateNumber_Random_splitClauses_1":["3"],
"solvingTime_RelationalIneqs_splitClauses_0":["10800000"],
"labeledTemplateNumber_All_splitClauses_1":["3"],
"unlabeledTemplateNumber_Random_splitClauses_1":["225"],
"relationSymbolNumberBeforeSimplification_All_splitClauses_0":["36"],
"smt2FileSizeByte_Unlabeled_splitClauses_1":["8274"],
"cegarIterationNumber_PredictedCG_splitClauses_0":["10800000"],
"predicateGeneratorTime_Octagon_splitClauses_0":["10800000"],
"unlabeledTemplateNumber_RelationalEqs_splitClauses_1":["225"],
"clauseNumberAfterSimplification_Octagon_splitClauses_0":["2572"],
"cegarIterationNumber_Random_splitClauses_0":["10800000"],
"solvability_PredictedCDHG_splitClauses_1":["10800000"],
"solvability_PredictedCG_splitClauses_0":["10800000"],
"solvingTime_PredictedCG_splitClauses_1":["10800000"],
"unlabeledSingleVariableTemplatesNumber_Unlabeled_splitClauses_0":["81"],
"unlabeledTemplateNumber_Unlabeled_splitClauses_0":["225"],
"labeledTemplateRelationSymbolNumber_RelationalIneqs_splitClauses_0":["1"],
"minedTemplateNumber_Random_splitClauses_1":["30"],
"generatedPredicateNumber_RelationalEqs_splitClauses_0":["10800000"],
"minedTemplateNumber_Term_splitClauses_0":["30"],
"solvingTime_All_splitClauses_1":["10800000"],
"minedSingleVariableTemplatesNumber_PredictedCG_splitClauses_0":["27"],
"smt2FileSizeByte_Term_splitClauses_1":["8274"],
"labeledBinaryVariableTemplatesNumber_All_splitClauses_0":["3"],
"minedTemplateNumber_PredictedCDHG_splitClauses_1":["30"],
"minedTemplateRelationSymbolNumber_PredictedCDHG_splitClauses_0":["3"],
"averagePredicateSize_Unlabeled_splitClauses_0":["10800000"],
"minedBinaryVariableTemplatesNumber_Octagon_splitClauses_1":["3"],
"unlabeledSingleVariableTemplatesNumber_Random_splitClauses_1":["81"],
"clauseNumberBeforeSimplification_Random_splitClauses_0":["17"],
"solvingTime_Unlabeled_splitClauses_1":["20504"],
"predicateGeneratorTime_PredictedCDHG_splitClauses_1":["10800000"],
"averagePredicateSize_PredictedCDHG_splitClauses_0":["10800000"],
"relationSymbolNumberAfterSimplification_RelationalEqs_splitClauses_0":["7701"],
"minedBinaryVariableTemplatesNumber_Term_splitClauses_0":["3"],
"labeledTemplateNumber_RelationalIneqs_splitClauses_0":["3"],
"clauseNumberAfterSimplification_Random_splitClauses_0":["2572"],
"clauseNumberAfterSimplification_PredictedCG_splitClauses_0":["2572"],
"generatedPredicateNumber_Empty_splitClauses_1":["24"],
"clauseNumberBeforeSimplification_Octagon_splitClauses_0":["17"],
"unlabeledTemplateNumber_Empty_splitClauses_0":["225"],
"minedSingleVariableTemplatesNumber_All_splitClauses_0":["27"],
"labeledTemplateRelationSymbolNumber_Octagon_splitClauses_0":["1"],
"generatedPredicateNumber_Random_splitClauses_1":["24"],
"clauseNumberAfterSimplification_RelationalEqs_splitClauses_0":["2572"],
"labeledBinaryVariableTemplatesNumber_Term_splitClauses_0":["3"],
"minedSingleVariableTemplatesNumber_RelationalEqs_splitClauses_0":["27"],
"minedTemplateNumber_Mined_splitClauses_0":["30"],
"relationSymbolNumberBeforeSimplification_PredictedCG_splitClauses_0":["36"],
"averagePredicateSize_Octagon_splitClauses_0":["10800000"],
"unlabeledBinaryVariableTemplatesNumber_Empty_splitClauses_1":["144"],
"unlabeledSingleVariableTemplatesNumber_PredictedCDHG_splitClauses_0":["81"],
"unlabeledSingleVariableTemplatesNumber_PredictedCG_splitClauses_1":["81"],
"labeledTemplateRelationSymbolNumber_Labeled_splitClauses_1":["1"],
"minedTemplateRelationSymbolNumber_Random_splitClauses_0":["3"],
"unlabeledTemplateRelationSymbolNumber_PredictedCG_splitClauses_0":["3"],
"unlabeledTemplateNumber_RelationalIneqs_splitClauses_0":["225"],
"unlabeledSingleVariableTemplatesNumber_Labeled_splitClauses_0":["81"],
"relationSymbolNumberAfterSimplification_PredictedCG_splitClauses_0":["7701"],
"minedTemplateNumber_Unlabeled_splitClauses_1":["30"],
"generatedPredicateNumber_PredictedCG_splitClauses_0":["10800000"],
"labeledTemplateNumber_Unlabeled_splitClauses_1":["3"],
"unlabeledTemplateRelationSymbolNumber_Empty_splitClauses_1":["3"],
"clauseNumberBeforeSimplification_Empty_splitClauses_0":["17"],
"solvingTime_Octagon_splitClauses_1":["20384"],
"cegarIterationNumber_Mined_splitClauses_1":["17"],
"clauseNumberBeforeSimplification_Mined_splitClauses_1":["17"],
"smt2FileSizeByte_PredictedCDHG_splitClauses_0":["8274"],
"averagePredicateSize_PredictedCG_splitClauses_0":["10800000"],
"solvingTime_Random_splitClauses_0":["10800000"],
"minedTemplateNumber_RelationalEqs_splitClauses_0":["30"],
"unlabeledSingleVariableTemplatesNumber_RelationalIneqs_splitClauses_0":["81"],
"unlabeledTemplateNumber_Unlabeled_splitClauses_1":["225"],
"labeledBinaryVariableTemplatesNumber_RelationalEqs_splitClauses_0":["3"],
"generatedPredicateNumber_PredictedCDHG_splitClauses_0":["10800000"],
"relationSymbolNumberAfterSimplification_RelationalIneqs_splitClauses_0":["7701"],
"minedTemplateRelationSymbolNumber_Empty_splitClauses_1":["3"],
"predicateGeneratorTime_Random_splitClauses_1":["379"],
"labeledTemplateNumber_Term_splitClauses_1":["3"],
"relationSymbolNumberBeforeSimplification_RelationalEqs_splitClauses_0":["36"],
"minedSingleVariableTemplatesNumber_Empty_splitClauses_1":["27"],
"minedSingleVariableTemplatesNumber_RelationalIneqs_splitClauses_0":["27"],
"clauseNumberAfterSimplification_All_splitClauses_0":["2572"],
"unlabeledBinaryVariableTemplatesNumber_RelationalEqs_splitClauses_0":["144"],
"cegarIterationNumber_RelationalEqs_splitClauses_0":["10800000"],
"labeledTemplateRelationSymbolNumber_PredictedCDHG_splitClauses_0":["1"],
"labeledSingleVariableTemplatesNumber_Labeled_splitClauses_1":["0"],
"unlabeledBinaryVariableTemplatesNumber_All_splitClauses_1":["144"],
"minedTemplateRelationSymbolNumber_Unlabeled_splitClauses_1":["3"],
"solvingTime_RelationalEqs_splitClauses_0":["10800000"],
"solvingTime_RelationalEqs_splitClauses_1":["22532"],
"minedBinaryVariableTemplatesNumber_Mined_splitClauses_0":["3"],
"clauseNumberBeforeSimplification_All_splitClauses_0":["17"],
"clauseNumberBeforeSimplification_RelationalIneqs_splitClauses_1":["17"],
"labeledTemplateNumber_RelationalEqs_splitClauses_1":["3"],
"labeledBinaryVariableTemplatesNumber_RelationalIneqs_splitClauses_0":["3"],
"relationSymbolNumberBeforeSimplification_Labeled_splitClauses_0":["36"],
"clauseNumberAfterSimplification_Empty_splitClauses_0":["2572"],
"averagePredicateSize_Empty_splitClauses_0":["10800000"],
"unlabeledTemplateNumber_Term_splitClauses_1":["225"],
"predicateGeneratorTime_Mined_splitClauses_1":["597"],
"labeledBinaryVariableTemplatesNumber_RelationalIneqs_splitClauses_1":["3"],
"predicateGeneratorTime_Unlabeled_splitClauses_0":["10800000"],
"relationSymbolNumberAfterSimplification_Empty_splitClauses_0":["7701"],
"generatedPredicateNumber_Mined_splitClauses_0":["10800000"],
"generatedPredicateNumber_RelationalEqs_splitClauses_1":["24"],
"labeledTemplateRelationSymbolNumber_PredictedCG_splitClauses_0":["1"],
"minedSingleVariableTemplatesNumber_PredictedCG_splitClauses_1":["27"],
"minedTemplateRelationSymbolNumber_PredictedCG_splitClauses_0":["3"],
"unlabeledTemplateRelationSymbolNumber_Labeled_splitClauses_0":["3"],
"solvability_Empty_splitClauses_1":["1"],
"averagePredicateSize_Term_splitClauses_0":["10800000"],
"cegarIterationNumber_Random_splitClauses_1":["17"],
"averagePredicateSize_Labeled_splitClauses_1":["1"],
"unlabeledBinaryVariableTemplatesNumber_Unlabeled_splitClauses_0":["144"],
"generatedPredicateNumber_Unlabeled_splitClauses_1":["24"],
"predicateGeneratorTime_All_splitClauses_0":["10800000"],
"unlabeledBinaryVariableTemplatesNumber_PredictedCDHG_splitClauses_1":["144"],
"clauseNumberBeforeSimplification_Labeled_splitClauses_1":["17"],
"minedBinaryVariableTemplatesNumber_Labeled_splitClauses_1":["3"],
"labeledSingleVariableTemplatesNumber_All_splitClauses_0":["0"],
"unlabeledTemplateRelationSymbolNumber_Mined_splitClauses_0":["3"],
"cegarIterationNumber_Octagon_splitClauses_1":["17"],
"labeledTemplateNumber_Octagon_splitClauses_0":["3"],
"labeledTemplateRelationSymbolNumber_All_splitClauses_1":["1"],
"smt2FileSizeByte_Empty_splitClauses_0":["8274"],
"unlabeledTemplateNumber_Octagon_splitClauses_1":["225"],
"predicateGeneratorTime_RelationalEqs_splitClauses_0":["10800000"],
"unlabeledTemplateRelationSymbolNumber_RelationalIneqs_splitClauses_0":["3"],
"smt2FileSizeByte_RelationalEqs_splitClauses_1":["8274"],
"unlabeledTemplateNumber_Labeled_splitClauses_0":["225"],
"minedSingleVariableTemplatesNumber_Labeled_splitClauses_0":["27"],
"solvingTime_PredictedCDHG_splitClauses_1":["10800000"],
"relationSymbolNumberBeforeSimplification_Term_splitClauses_1":["36"],
"minedTemplateNumber_Octagon_splitClauses_1":["30"],
"clauseNumberBeforeSimplification_Mined_splitClauses_0":["17"],
"smt2FileSizeByte_All_splitClauses_0":["8274"],
"solvingTime_All_splitClauses_0":["10800000"],
"minedBinaryVariableTemplatesNumber_Term_splitClauses_1":["3"],
"unlabeledTemplateRelationSymbolNumber_Random_splitClauses_0":["3"],
"cegarIterationNumber_All_splitClauses_0":["10800000"],
"smt2FileSizeByte_RelationalEqs_splitClauses_0":["8274"],
"unlabeledSingleVariableTemplatesNumber_PredictedCDHG_splitClauses_1":["81"],
"clauseNumberBeforeSimplification_Labeled_splitClauses_0":["17"],
"cegarIterationNumber_PredictedCG_splitClauses_1":["10800000"],
"labeledTemplateRelationSymbolNumber_Unlabeled_splitClauses_0":["1"],
"unlabeledTemplateRelationSymbolNumber_Octagon_splitClauses_1":["3"],
"unlabeledTemplateNumber_Empty_splitClauses_1":["225"],
"clauseNumberBeforeSimplification_Octagon_splitClauses_1":["17"],
"labeledTemplateNumber_Unlabeled_splitClauses_0":["3"],
"labeledBinaryVariableTemplatesNumber_PredictedCG_splitClauses_0":["3"],
"solvability_Term_splitClauses_1":["1"],
"solvability_Octagon_splitClauses_0":["10800000"],
"minedTemplateRelationSymbolNumber_RelationalIneqs_splitClauses_0":["3"],
"clauseNumberBeforeSimplification_RelationalIneqs_splitClauses_0":["17"],
"labeledTemplateNumber_PredictedCG_splitClauses_0":["3"],
"cegarIterationNumber_Labeled_splitClauses_0":["10800000"],
"smt2FileSizeByte_Labeled_splitClauses_1":["8274"],
"clauseNumberBeforeSimplification_Unlabeled_splitClauses_1":["17"],
"generatedPredicateNumber_Term_splitClauses_1":["24"],
"solvingTime_Term_splitClauses_1":["20738"],
"unlabeledBinaryVariableTemplatesNumber_Random_splitClauses_1":["144"],
"unlabeledSingleVariableTemplatesNumber_Octagon_splitClauses_0":["81"],
"solvingTime_Octagon_splitClauses_0":["10800000"],
"labeledSingleVariableTemplatesNumber_Mined_splitClauses_1":["0"],
"averagePredicateSize_Term_splitClauses_1":["1"],
"labeledTemplateNumber_Labeled_splitClauses_0":["3"],
"unlabeledSingleVariableTemplatesNumber_PredictedCG_splitClauses_0":["81"],
"smt2FileSizeByte_Mined_splitClauses_1":["8274"],
"labeledBinaryVariableTemplatesNumber_Unlabeled_splitClauses_1":["3"],
"labeledTemplateNumber_All_splitClauses_0":["3"],
"unlabeledTemplateNumber_Random_splitClauses_0":["225"],
"labeledTemplateNumber_Octagon_splitClauses_1":["3"],
"unlabeledTemplateNumber_PredictedCDHG_splitClauses_1":["225"],
"unlabeledBinaryVariableTemplatesNumber_Mined_splitClauses_0":["144"],
"minedTemplateRelationSymbolNumber_Mined_splitClauses_1":["3"],
"labeledTemplateNumber_RelationalIneqs_splitClauses_1":["3"],
"relationSymbolNumberAfterSimplification_All_splitClauses_0":["7701"],
"relationSymbolNumberBeforeSimplification_PredictedCDHG_splitClauses_0":["36"],
"solvability_Term_splitClauses_0":["10800000"],
"clauseNumberBeforeSimplification_PredictedCG_splitClauses_1":["17"],
"generatedPredicateNumber_Labeled_splitClauses_1":["24"],
"labeledSingleVariableTemplatesNumber_Unlabeled_splitClauses_0":["0"],
"unlabeledBinaryVariableTemplatesNumber_Empty_splitClauses_0":["144"],
"solvingTime_Mined_splitClauses_0":["10800000"],
"unlabeledTemplateNumber_All_splitClauses_1":["225"],
"clauseNumberAfterSimplification_Random_splitClauses_1":["2572"],
"labeledBinaryVariableTemplatesNumber_Octagon_splitClauses_1":["3"],
"unlabeledBinaryVariableTemplatesNumber_Labeled_splitClauses_0":["144"],
"smt2FileSizeByte_Octagon_splitClauses_0":["8274"],
"labeledSingleVariableTemplatesNumber_Random_splitClauses_1":["0"],
"solvability_Unlabeled_splitClauses_0":["10800000"],
"solvingTime_Unlabeled_splitClauses_0":["10800000"],
"unlabeledTemplateRelationSymbolNumber_All_splitClauses_1":["3"],
"minedTemplateNumber_Empty_splitClauses_1":["30"],
"solvability_RelationalIneqs_splitClauses_0":["10800000"],
"unlabeledTemplateRelationSymbolNumber_Labeled_splitClauses_1":["3"],
"cegarIterationNumber_RelationalEqs_splitClauses_1":["17"],
"minedSingleVariableTemplatesNumber_RelationalEqs_splitClauses_1":["27"],
"clauseNumberAfterSimplification_PredictedCDHG_splitClauses_1":["2572"],
"minedBinaryVariableTemplatesNumber_RelationalIneqs_splitClauses_1":["3"],
"unlabeledBinaryVariableTemplatesNumber_Mined_splitClauses_1":["144"],
"unlabeledBinaryVariableTemplatesNumber_PredictedCDHG_splitClauses_0":["144"],
"solvingTime_Empty_splitClauses_1":["21075"],
"labeledTemplateRelationSymbolNumber_Empty_splitClauses_1":["1"],
"generatedPredicateNumber_Term_splitClauses_0":["10800000"],
"averagePredicateSize_Empty_splitClauses_1":["1"],
"generatedPredicateNumber_PredictedCG_splitClauses_1":["10800000"],
"labeledTemplateRelationSymbolNumber_PredictedCDHG_splitClauses_1":["1"],
"predicateGeneratorTime_Mined_splitClauses_0":["10800000"],
"relationSymbolNumberBeforeSimplification_Term_splitClauses_0":["36"],
"predicateGeneratorTime_Labeled_splitClauses_0":["10800000"],
"labeledSingleVariableTemplatesNumber_Random_splitClauses_0":["0"],
"unlabeledTemplateRelationSymbolNumber_All_splitClauses_0":["3"],
"minedBinaryVariableTemplatesNumber_Labeled_splitClauses_0":["3"],
"generatedPredicateNumber_Labeled_splitClauses_0":["10800000"],
"relationSymbolNumberAfterSimplification_Empty_splitClauses_1":["7701"],
"solvingTime_Mined_splitClauses_1":["21375"],
"minedSingleVariableTemplatesNumber_All_splitClauses_1":["27"],
"predicateGeneratorTime_Random_splitClauses_0":["10800000"],
"cegarIterationNumber_Term_splitClauses_1":["17"],
"labeledTemplateNumber_Empty_splitClauses_1":["3"],
"clauseNumberAfterSimplification_Empty_splitClauses_1":["2572"],
"minedTemplateRelationSymbolNumber_Empty_splitClauses_0":["3"],
"unlabeledSingleVariableTemplatesNumber_Term_splitClauses_0":["81"],
"minedSingleVariableTemplatesNumber_Empty_splitClauses_0":["27"],
"relationSymbolNumberAfterSimplification_Random_splitClauses_0":["7701"],
"minedTemplateRelationSymbolNumber_RelationalEqs_splitClauses_0":["3"],
"cegarIterationNumber_Empty_splitClauses_0":["10800000"],
"minedBinaryVariableTemplatesNumber_RelationalEqs_splitClauses_1":["3"],
"relationSymbolNumberBeforeSimplification_PredictedCG_splitClauses_1":["36"],
"labeledSingleVariableTemplatesNumber_All_splitClauses_1":["0"],
"unlabeledTemplateRelationSymbolNumber_Octagon_splitClauses_0":["3"],
"minedTemplateRelationSymbolNumber_Unlabeled_splitClauses_0":["3"],
"labeledBinaryVariableTemplatesNumber_Mined_splitClauses_0":["3"],
"relationSymbolNumberAfterSimplification_Unlabeled_splitClauses_1":["7701"],
"minedTemplateNumber_PredictedCG_splitClauses_1":["30"],
"cegarIterationNumber_Empty_splitClauses_1":["17"],
"averagePredicateSize_RelationalIneqs_splitClauses_0":["10800000"],
"solvability_All_splitClauses_1":["10800000"],
"unlabeledBinaryVariableTemplatesNumber_Term_splitClauses_1":["144"],
"minedTemplateRelationSymbolNumber_Labeled_splitClauses_1":["3"],
"averagePredicateSize_Unlabeled_splitClauses_1":["1"],
"labeledTemplateNumber_Term_splitClauses_0":["3"],
"smt2FileSizeByte_Empty_splitClauses_1":["8274"],
"solvingTime_PredictedCG_splitClauses_0":["10800000"],
"cegarIterationNumber_All_splitClauses_1":["10800000"],
"clauseNumberBeforeSimplification_Term_splitClauses_1":["17"],
"predicateGeneratorTime_Empty_splitClauses_0":["10800000"],
"relationSymbolNumberBeforeSimplification_Empty_splitClauses_1":["36"],
"averagePredicateSize_All_splitClauses_0":["10800000"],
"unlabeledBinaryVariableTemplatesNumber_Random_splitClauses_0":["144"],
"smt2FileSizeByte_Term_splitClauses_0":["8274"],
"averagePredicateSize_Mined_splitClauses_1":["1"],
"minedBinaryVariableTemplatesNumber_Empty_splitClauses_0":["3"],
"minedTemplateRelationSymbolNumber_All_splitClauses_1":["3"],
"labeledSingleVariableTemplatesNumber_PredictedCG_splitClauses_0":["0"],
"unlabeledBinaryVariableTemplatesNumber_RelationalIneqs_splitClauses_0":["144"],
"unlabeledSingleVariableTemplatesNumber_RelationalIneqs_splitClauses_1":["81"],
"clauseNumberAfterSimplification_RelationalIneqs_splitClauses_0":["2572"],
"unlabeledTemplateNumber_RelationalEqs_splitClauses_0":["225"],
"unlabeledTemplateNumber_RelationalIneqs_splitClauses_1":["225"],
"labeledTemplateRelationSymbolNumber_PredictedCG_splitClauses_1":["1"],
"labeledTemplateRelationSymbolNumber_All_splitClauses_0":["1"],
"labeledSingleVariableTemplatesNumber_Octagon_splitClauses_0":["0"],
"dummyFiled":[]
}