{
"smt2FileSizeByte_All_splitClauses_1":["64943"],
"generatedPredicateNumber_All_splitClauses_1":["10800000"],
"unlabeledTemplateRelationSymbolNumber_PredictedCDHG_splitClauses_0":["20"],
"relationSymbolNumberBeforeSimplification_Unlabeled_splitClauses_1":["258"],
"predicateGeneratorTime_Term_splitClauses_0":["10800000"],
"averagePredicateSize_Random_splitClauses_1":["1"],
"labeledBinaryVariableTemplatesNumber_Labeled_splitClauses_1":["21"],
"clauseNumberBeforeSimplification_All_splitClauses_1":["129"],
"minedTemplateRelationSymbolNumber_Term_splitClauses_0":["20"],
"solvingTime_Labeled_splitClauses_1":["717"],
"unlabeledTemplateNumber_Labeled_splitClauses_1":["884"],
"relationSymbolNumberAfterSimplification_All_splitClauses_1":["107"],
"minedTemplateRelationSymbolNumber_Octagon_splitClauses_1":["20"],
"clauseNumberAfterSimplification_Mined_splitClauses_1":["74"],
"relationSymbolNumberBeforeSimplification_Octagon_splitClauses_0":["258"],
"unlabeledBinaryVariableTemplatesNumber_Term_splitClauses_0":["540"],
"labeledTemplateNumber_PredictedCDHG_splitClauses_0":["22"],
"solvability_Empty_splitClauses_0":["10800000"],
"unlabeledTemplateRelationSymbolNumber_Random_splitClauses_1":["20"],
"labeledBinaryVariableTemplatesNumber_Octagon_splitClauses_0":["21"],
"relationSymbolNumberBeforeSimplification_Random_splitClauses_1":["258"],
"minedTemplateRelationSymbolNumber_Random_splitClauses_1":["20"],
"unlabeledSingleVariableTemplatesNumber_Mined_splitClauses_0":["344"],
"unlabeledBinaryVariableTemplatesNumber_PredictedCG_splitClauses_1":["540"],
"solvability_All_splitClauses_0":["10800000"],
"predicateGeneratorTime_RelationalEqs_splitClauses_1":["295"],
"relationSymbolNumberBeforeSimplification_PredictedCDHG_splitClauses_1":["258"],
"smt2FileSizeByte_PredictedCG_splitClauses_1":["64943"],
"labeledSingleVariableTemplatesNumber_Unlabeled_splitClauses_1":["1"],
"labeledBinaryVariableTemplatesNumber_PredictedCG_splitClauses_1":["21"],
"minedBinaryVariableTemplatesNumber_PredictedCG_splitClauses_0":["21"],
"solvability_Random_splitClauses_0":["10800000"],
"relationSymbolNumberAfterSimplification_PredictedCG_splitClauses_1":["107"],
"clauseNumberBeforeSimplification_PredictedCDHG_splitClauses_1":["129"],
"labeledSingleVariableTemplatesNumber_Mined_splitClauses_0":["1"],
"solvability_Unlabeled_splitClauses_1":["1"],
"cegarIterationNumber_Labeled_splitClauses_1":["12"],
"smt2FileSizeByte_Mined_splitClauses_0":["64943"],
"relationSymbolNumberAfterSimplification_Mined_splitClauses_0":["107"],
"labeledSingleVariableTemplatesNumber_PredictedCG_splitClauses_1":["1"],
"smt2FileSizeByte_Octagon_splitClauses_1":["64943"],
"minedTemplateNumber_Labeled_splitClauses_1":["145"],
"labeledSingleVariableTemplatesNumber_RelationalIneqs_splitClauses_1":["1"],
"clauseNumberAfterSimplification_Labeled_splitClauses_1":["74"],
"relationSymbolNumberAfterSimplification_Labeled_splitClauses_0":["107"],
"smt2FileSizeByte_Random_splitClauses_0":["64943"],
"relationSymbolNumberAfterSimplification_PredictedCDHG_splitClauses_0":["107"],
"unlabeledTemplateRelationSymbolNumber_PredictedCDHG_splitClauses_1":["20"],
"labeledSingleVariableTemplatesNumber_Term_splitClauses_0":["1"],
"generatedPredicateNumber_PredictedCDHG_splitClauses_1":["10800000"],
"minedSingleVariableTemplatesNumber_Unlabeled_splitClauses_0":["124"],
"generatedPredicateNumber_Octagon_splitClauses_1":["23"],
"labeledSingleVariableTemplatesNumber_RelationalEqs_splitClauses_0":["1"],
"predicateGeneratorTime_PredictedCG_splitClauses_1":["10800000"],
"relationSymbolNumberAfterSimplification_Octagon_splitClauses_0":["107"],
"labeledTemplateNumber_Labeled_splitClauses_1":["22"],
"labeledSingleVariableTemplatesNumber_Empty_splitClauses_0":["1"],
"minedTemplateRelationSymbolNumber_RelationalIneqs_splitClauses_1":["20"],
"unlabeledSingleVariableTemplatesNumber_All_splitClauses_1":["344"],
"labeledBinaryVariableTemplatesNumber_PredictedCDHG_splitClauses_1":["21"],
"unlabeledSingleVariableTemplatesNumber_RelationalEqs_splitClauses_1":["344"],
"cegarIterationNumber_Term_splitClauses_0":["10800000"],
"unlabeledBinaryVariableTemplatesNumber_Labeled_splitClauses_1":["540"],
"unlabeledSingleVariableTemplatesNumber_Term_splitClauses_1":["344"],
"clauseNumberAfterSimplification_All_splitClauses_1":["74"],
"minedSingleVariableTemplatesNumber_Random_splitClauses_0":["124"],
"solvability_RelationalIneqs_splitClauses_1":["1"],
"minedTemplateNumber_Labeled_splitClauses_0":["145"],
"minedSingleVariableTemplatesNumber_Octagon_splitClauses_0":["124"],
"minedSingleVariableTemplatesNumber_Term_splitClauses_1":["124"],
"minedBinaryVariableTemplatesNumber_PredictedCDHG_splitClauses_1":["21"],
"generatedPredicateNumber_Mined_splitClauses_1":["23"],
"labeledSingleVariableTemplatesNumber_RelationalIneqs_splitClauses_0":["1"],
"averagePredicateSize_Mined_splitClauses_0":["10800000"],
"cegarIterationNumber_Unlabeled_splitClauses_0":["10800000"],
"minedBinaryVariableTemplatesNumber_Random_splitClauses_0":["21"],
"labeledTemplateNumber_Mined_splitClauses_1":["22"],
"labeledBinaryVariableTemplatesNumber_Random_splitClauses_0":["21"],
"unlabeledTemplateRelationSymbolNumber_Unlabeled_splitClauses_1":["20"],
"cegarIterationNumber_Mined_splitClauses_0":["10800000"],
"minedTemplateRelationSymbolNumber_Labeled_splitClauses_0":["20"],
"unlabeledBinaryVariableTemplatesNumber_RelationalIneqs_splitClauses_1":["540"],
"unlabeledBinaryVariableTemplatesNumber_Octagon_splitClauses_0":["540"],
"solvability_Mined_splitClauses_0":["10800000"],
"averagePredicateSize_RelationalEqs_splitClauses_0":["10800000"],
"clauseNumberAfterSimplification_Term_splitClauses_0":["74"],
"unlabeledTemplateNumber_Mined_splitClauses_0":["884"],
"relationSymbolNumberAfterSimplification_Random_splitClauses_1":["107"],
"unlabeledTemplateNumber_PredictedCDHG_splitClauses_0":["884"],
"cegarIterationNumber_RelationalIneqs_splitClauses_1":["12"],
"minedBinaryVariableTemplatesNumber_Unlabeled_splitClauses_1":["21"],
"labeledTemplateNumber_PredictedCG_splitClauses_1":["22"],
"labeledTemplateRelationSymbolNumber_Mined_splitClauses_0":["8"],
"labeledBinaryVariableTemplatesNumber_Mined_splitClauses_1":["21"],
"relationSymbolNumberBeforeSimplification_Mined_splitClauses_0":["258"],
"relationSymbolNumberBeforeSimplification_RelationalIneqs_splitClauses_0":["258"],
"clauseNumberAfterSimplification_RelationalIneqs_splitClauses_1":["74"],
"minedSingleVariableTemplatesNumber_PredictedCDHG_splitClauses_0":["124"],
"solvability_Labeled_splitClauses_1":["1"],
"labeledSingleVariableTemplatesNumber_Octagon_splitClauses_1":["1"],
"averagePredicateSize_Random_splitClauses_0":["10800000"],
"smt2FileSizeByte_RelationalIneqs_splitClauses_0":["64943"],
"generatedPredicateNumber_Unlabeled_splitClauses_0":["10800000"],
"solvability_RelationalEqs_splitClauses_0":["10800000"],
"predicateGeneratorTime_Empty_splitClauses_1":["357"],
"minedSingleVariableTemplatesNumber_Mined_splitClauses_0":["124"],
"relationSymbolNumberAfterSimplification_Unlabeled_splitClauses_0":["107"],
"minedTemplateRelationSymbolNumber_PredictedCDHG_splitClauses_1":["20"],
"minedTemplateNumber_PredictedCG_splitClauses_0":["145"],
"averagePredicateSize_RelationalIneqs_splitClauses_1":["1"],
"labeledTemplateRelationSymbolNumber_Random_splitClauses_1":["8"],
"minedTemplateNumber_RelationalIneqs_splitClauses_0":["145"],
"predicateGeneratorTime_RelationalIneqs_splitClauses_0":["10800000"],
"labeledTemplateRelationSymbolNumber_Empty_splitClauses_0":["8"],
"minedBinaryVariableTemplatesNumber_Octagon_splitClauses_0":["21"],
"labeledSingleVariableTemplatesNumber_Term_splitClauses_1":["1"],
"labeledBinaryVariableTemplatesNumber_Empty_splitClauses_0":["21"],
"minedTemplateNumber_Octagon_splitClauses_0":["145"],
"labeledBinaryVariableTemplatesNumber_Unlabeled_splitClauses_0":["21"],
"relationSymbolNumberBeforeSimplification_Empty_splitClauses_0":["258"],
"clauseNumberAfterSimplification_PredictedCDHG_splitClauses_0":["74"],
"smt2FileSizeByte_PredictedCG_splitClauses_0":["64943"],
"minedBinaryVariableTemplatesNumber_RelationalEqs_splitClauses_0":["21"],
"relationSymbolNumberBeforeSimplification_Unlabeled_splitClauses_0":["258"],
"labeledTemplateRelationSymbolNumber_RelationalEqs_splitClauses_1":["8"],
"minedBinaryVariableTemplatesNumber_Random_splitClauses_1":["21"],
"clauseNumberAfterSimplification_Unlabeled_splitClauses_1":["74"],
"minedSingleVariableTemplatesNumber_PredictedCDHG_splitClauses_1":["124"],
"labeledBinaryVariableTemplatesNumber_Term_splitClauses_1":["21"],
"clauseNumberBeforeSimplification_Empty_splitClauses_1":["129"],
"relationSymbolNumberAfterSimplification_Octagon_splitClauses_1":["107"],
"relationSymbolNumberAfterSimplification_Term_splitClauses_0":["107"],
"minedBinaryVariableTemplatesNumber_Mined_splitClauses_1":["21"],
"unlabeledBinaryVariableTemplatesNumber_Unlabeled_splitClauses_1":["540"],
"relationSymbolNumberBeforeSimplification_Random_splitClauses_0":["258"],
"relationSymbolNumberAfterSimplification_PredictedCDHG_splitClauses_1":["107"],
"unlabeledTemplateNumber_PredictedCG_splitClauses_1":["884"],
"generatedPredicateNumber_Empty_splitClauses_0":["10800000"],
"predicateGeneratorTime_RelationalIneqs_splitClauses_1":["408"],
"unlabeledSingleVariableTemplatesNumber_Empty_splitClauses_0":["344"],
"cegarIterationNumber_Octagon_splitClauses_0":["10800000"],
"clauseNumberAfterSimplification_Octagon_splitClauses_1":["74"],
"unlabeledSingleVariableTemplatesNumber_Labeled_splitClauses_1":["344"],
"clauseNumberBeforeSimplification_Random_splitClauses_1":["129"],
"minedTemplateRelationSymbolNumber_All_splitClauses_0":["20"],
"unlabeledTemplateRelationSymbolNumber_RelationalEqs_splitClauses_0":["20"],
"minedSingleVariableTemplatesNumber_Unlabeled_splitClauses_1":["124"],
"clauseNumberBeforeSimplification_RelationalEqs_splitClauses_0":["129"],
"minedTemplateNumber_Unlabeled_splitClauses_0":["145"],
"generatedPredicateNumber_Octagon_splitClauses_0":["10800000"],
"predicateGeneratorTime_PredictedCDHG_splitClauses_0":["10800000"],
"clauseNumberAfterSimplification_PredictedCG_splitClauses_1":["74"],
"labeledSingleVariableTemplatesNumber_RelationalEqs_splitClauses_1":["1"],
"smt2FileSizeByte_Random_splitClauses_1":["64943"],
"averagePredicateSize_PredictedCG_splitClauses_1":["10800000"],
"cegarIterationNumber_PredictedCDHG_splitClauses_1":["10800000"],
"clauseNumberAfterSimplification_RelationalEqs_splitClauses_1":["74"],
"minedBinaryVariableTemplatesNumber_Empty_splitClauses_1":["21"],
"relationSymbolNumberAfterSimplification_RelationalEqs_splitClauses_1":["107"],
"minedTemplateNumber_PredictedCDHG_splitClauses_0":["145"],
"labeledBinaryVariableTemplatesNumber_All_splitClauses_1":["21"],
"solvingTime_RelationalIneqs_splitClauses_1":["632"],
"unlabeledTemplateRelationSymbolNumber_RelationalEqs_splitClauses_1":["20"],
"smt2FileSizeByte_Unlabeled_splitClauses_0":["64943"],
"relationSymbolNumberBeforeSimplification_Mined_splitClauses_1":["258"],
"relationSymbolNumberAfterSimplification_Mined_splitClauses_1":["107"],
"generatedPredicateNumber_All_splitClauses_0":["10800000"],
"relationSymbolNumberBeforeSimplification_Octagon_splitClauses_1":["258"],
"predicateGeneratorTime_Octagon_splitClauses_1":["348"],
"solvability_Mined_splitClauses_1":["1"],
"minedTemplateRelationSymbolNumber_Term_splitClauses_1":["20"],
"clauseNumberAfterSimplification_Mined_splitClauses_0":["74"],
"solvability_PredictedCDHG_splitClauses_0":["10800000"],
"solvingTime_Empty_splitClauses_0":["10800000"],
"unlabeledSingleVariableTemplatesNumber_Unlabeled_splitClauses_1":["344"],
"minedTemplateNumber_Term_splitClauses_1":["145"],
"averagePredicateSize_Octagon_splitClauses_1":["1"],
"unlabeledSingleVariableTemplatesNumber_Octagon_splitClauses_1":["344"],
"minedTemplateRelationSymbolNumber_RelationalEqs_splitClauses_1":["20"],
"relationSymbolNumberBeforeSimplification_All_splitClauses_1":["258"],
"minedBinaryVariableTemplatesNumber_RelationalIneqs_splitClauses_0":["21"],
"predicateGeneratorTime_Term_splitClauses_1":["370"],
"solvingTime_Labeled_splitClauses_0":["10800000"],
"unlabeledBinaryVariableTemplatesNumber_PredictedCG_splitClauses_0":["540"],
"minedTemplateNumber_All_splitClauses_0":["145"],
"predicateGeneratorTime_Labeled_splitClauses_1":["474"],
"unlabeledTemplateRelationSymbolNumber_Empty_splitClauses_0":["20"],
"unlabeledTemplateNumber_Mined_splitClauses_1":["884"],
"solvability_PredictedCG_splitClauses_1":["10800000"],
"unlabeledTemplateNumber_Term_splitClauses_0":["884"],
"minedBinaryVariableTemplatesNumber_PredictedCG_splitClauses_1":["21"],
"labeledSingleVariableTemplatesNumber_PredictedCDHG_splitClauses_0":["1"],
"minedBinaryVariableTemplatesNumber_All_splitClauses_0":["21"],
"averagePredicateSize_PredictedCDHG_splitClauses_1":["10800000"],
"predicateGeneratorTime_PredictedCG_splitClauses_0":["10800000"],
"generatedPredicateNumber_RelationalIneqs_splitClauses_0":["10800000"],
"labeledTemplateNumber_Empty_splitClauses_0":["22"],
"relationSymbolNumberAfterSimplification_RelationalIneqs_splitClauses_1":["107"],
"unlabeledTemplateRelationSymbolNumber_Term_splitClauses_0":["20"],
"minedTemplateNumber_All_splitClauses_1":["145"],
"labeledSingleVariableTemplatesNumber_Empty_splitClauses_1":["1"],
"minedBinaryVariableTemplatesNumber_Unlabeled_splitClauses_0":["21"],
"labeledTemplateNumber_Random_splitClauses_0":["22"],
"minedBinaryVariableTemplatesNumber_All_splitClauses_1":["21"],
"unlabeledSingleVariableTemplatesNumber_All_splitClauses_0":["344"],
"relationSymbolNumberBeforeSimplification_Labeled_splitClauses_1":["258"],
"smt2FileSizeByte_PredictedCDHG_splitClauses_1":["64943"],
"labeledBinaryVariableTemplatesNumber_PredictedCDHG_splitClauses_0":["21"],
"averagePredicateSize_RelationalEqs_splitClauses_1":["1"],
"minedSingleVariableTemplatesNumber_Term_splitClauses_0":["124"],
"labeledTemplateRelationSymbolNumber_Term_splitClauses_1":["8"],
"generatedPredicateNumber_Random_splitClauses_0":["10800000"],
"labeledBinaryVariableTemplatesNumber_Empty_splitClauses_1":["21"],
"relationSymbolNumberAfterSimplification_Term_splitClauses_1":["107"],
"clauseNumberAfterSimplification_Labeled_splitClauses_0":["74"],
"labeledSingleVariableTemplatesNumber_Labeled_splitClauses_0":["1"],
"minedTemplateNumber_Mined_splitClauses_1":["145"],
"labeledTemplateRelationSymbolNumber_Labeled_splitClauses_0":["8"],
"unlabeledTemplateRelationSymbolNumber_Mined_splitClauses_1":["20"],
"solvability_Labeled_splitClauses_0":["10800000"],
"minedTemplateNumber_RelationalEqs_splitClauses_1":["145"],
"solvingTime_Random_splitClauses_1":["412"],
"minedTemplateNumber_Random_splitClauses_0":["145"],
"cegarIterationNumber_Unlabeled_splitClauses_1":["12"],
"minedTemplateNumber_RelationalIneqs_splitClauses_1":["145"],
"unlabeledBinaryVariableTemplatesNumber_Octagon_splitClauses_1":["540"],
"minedSingleVariableTemplatesNumber_Octagon_splitClauses_1":["124"],
"minedSingleVariableTemplatesNumber_Random_splitClauses_1":["124"],
"averagePredicateSize_All_splitClauses_1":["10800000"],
"minedTemplateNumber_Empty_splitClauses_0":["145"],
"labeledTemplateNumber_Mined_splitClauses_0":["22"],
"unlabeledBinaryVariableTemplatesNumber_All_splitClauses_0":["540"],
"relationSymbolNumberAfterSimplification_Labeled_splitClauses_1":["107"],
"labeledSingleVariableTemplatesNumber_PredictedCDHG_splitClauses_1":["1"],
"minedSingleVariableTemplatesNumber_Mined_splitClauses_1":["124"],
"labeledTemplateRelationSymbolNumber_Term_splitClauses_0":["8"],
"unlabeledTemplateRelationSymbolNumber_Term_splitClauses_1":["20"],
"predicateGeneratorTime_All_splitClauses_1":["10800000"],
"unlabeledSingleVariableTemplatesNumber_Random_splitClauses_0":["344"],
"predicateGeneratorTime_Unlabeled_splitClauses_1":["346"],
"cegarIterationNumber_PredictedCDHG_splitClauses_0":["10800000"],
"labeledTemplateNumber_RelationalEqs_splitClauses_0":["22"],
"labeledTemplateRelationSymbolNumber_Mined_splitClauses_1":["8"],
"labeledTemplateRelationSymbolNumber_Random_splitClauses_0":["8"],
"labeledBinaryVariableTemplatesNumber_RelationalEqs_splitClauses_1":["21"],
"generatedPredicateNumber_RelationalIneqs_splitClauses_1":["23"],
"unlabeledTemplateRelationSymbolNumber_PredictedCG_splitClauses_1":["20"],
"unlabeledSingleVariableTemplatesNumber_RelationalEqs_splitClauses_0":["344"],
"labeledBinaryVariableTemplatesNumber_Labeled_splitClauses_0":["21"],
"minedBinaryVariableTemplatesNumber_PredictedCDHG_splitClauses_0":["21"],
"unlabeledTemplateRelationSymbolNumber_Unlabeled_splitClauses_0":["20"],
"clauseNumberAfterSimplification_Term_splitClauses_1":["74"],
"unlabeledTemplateNumber_Octagon_splitClauses_0":["884"],
"unlabeledBinaryVariableTemplatesNumber_RelationalEqs_splitClauses_1":["540"],
"unlabeledTemplateNumber_PredictedCG_splitClauses_0":["884"],
"unlabeledTemplateNumber_All_splitClauses_0":["884"],
"labeledTemplateRelationSymbolNumber_RelationalIneqs_splitClauses_1":["8"],
"unlabeledSingleVariableTemplatesNumber_Mined_splitClauses_1":["344"],
"labeledTemplateRelationSymbolNumber_Unlabeled_splitClauses_1":["8"],
"labeledBinaryVariableTemplatesNumber_Random_splitClauses_1":["21"],
"solvability_Random_splitClauses_1":["1"],
"solvingTime_Term_splitClauses_0":["10800000"],
"minedSingleVariableTemplatesNumber_Labeled_splitClauses_1":["124"],
"clauseNumberBeforeSimplification_Term_splitClauses_0":["129"],
"relationSymbolNumberBeforeSimplification_RelationalIneqs_splitClauses_1":["258"],
"minedTemplateRelationSymbolNumber_Mined_splitClauses_0":["20"],
"solvability_Octagon_splitClauses_1":["1"],
"minedSingleVariableTemplatesNumber_RelationalIneqs_splitClauses_1":["124"],
"smt2FileSizeByte_Labeled_splitClauses_0":["64943"],
"solvability_RelationalEqs_splitClauses_1":["1"],
"unlabeledSingleVariableTemplatesNumber_Empty_splitClauses_1":["344"],
"labeledTemplateNumber_PredictedCDHG_splitClauses_1":["22"],
"minedTemplateRelationSymbolNumber_Octagon_splitClauses_0":["20"],
"clauseNumberAfterSimplification_Unlabeled_splitClauses_0":["74"],
"clauseNumberBeforeSimplification_Unlabeled_splitClauses_0":["129"],
"clauseNumberBeforeSimplification_PredictedCDHG_splitClauses_0":["129"],
"cegarIterationNumber_RelationalIneqs_splitClauses_0":["10800000"],
"labeledTemplateRelationSymbolNumber_RelationalEqs_splitClauses_0":["8"],
"averagePredicateSize_Labeled_splitClauses_0":["10800000"],
"smt2FileSizeByte_RelationalIneqs_splitClauses_1":["64943"],
"clauseNumberBeforeSimplification_RelationalEqs_splitClauses_1":["129"],
"unlabeledTemplateRelationSymbolNumber_RelationalIneqs_splitClauses_1":["20"],
"clauseNumberBeforeSimplification_PredictedCG_splitClauses_0":["129"],
"solvingTime_PredictedCDHG_splitClauses_0":["10800000"],
"labeledTemplateRelationSymbolNumber_Octagon_splitClauses_1":["8"],
"minedTemplateRelationSymbolNumber_PredictedCG_splitClauses_1":["20"],
"relationSymbolNumberBeforeSimplification_RelationalEqs_splitClauses_1":["258"],
"labeledTemplateNumber_Random_splitClauses_1":["22"],
"solvingTime_RelationalIneqs_splitClauses_0":["10800000"],
"labeledTemplateNumber_All_splitClauses_1":["22"],
"unlabeledTemplateNumber_Random_splitClauses_1":["884"],
"relationSymbolNumberBeforeSimplification_All_splitClauses_0":["258"],
"smt2FileSizeByte_Unlabeled_splitClauses_1":["64943"],
"cegarIterationNumber_PredictedCG_splitClauses_0":["10800000"],
"predicateGeneratorTime_Octagon_splitClauses_0":["10800000"],
"unlabeledTemplateNumber_RelationalEqs_splitClauses_1":["884"],
"clauseNumberAfterSimplification_Octagon_splitClauses_0":["74"],
"cegarIterationNumber_Random_splitClauses_0":["10800000"],
"solvability_PredictedCDHG_splitClauses_1":["10800000"],
"solvability_PredictedCG_splitClauses_0":["10800000"],
"solvingTime_PredictedCG_splitClauses_1":["10800000"],
"unlabeledSingleVariableTemplatesNumber_Unlabeled_splitClauses_0":["344"],
"unlabeledTemplateNumber_Unlabeled_splitClauses_0":["884"],
"labeledTemplateRelationSymbolNumber_RelationalIneqs_splitClauses_0":["8"],
"minedTemplateNumber_Random_splitClauses_1":["145"],
"generatedPredicateNumber_RelationalEqs_splitClauses_0":["10800000"],
"minedTemplateNumber_Term_splitClauses_0":["145"],
"solvingTime_All_splitClauses_1":["10800000"],
"minedSingleVariableTemplatesNumber_PredictedCG_splitClauses_0":["124"],
"smt2FileSizeByte_Term_splitClauses_1":["64943"],
"labeledBinaryVariableTemplatesNumber_All_splitClauses_0":["21"],
"minedTemplateNumber_PredictedCDHG_splitClauses_1":["145"],
"minedTemplateRelationSymbolNumber_PredictedCDHG_splitClauses_0":["20"],
"averagePredicateSize_Unlabeled_splitClauses_0":["10800000"],
"minedBinaryVariableTemplatesNumber_Octagon_splitClauses_1":["21"],
"unlabeledSingleVariableTemplatesNumber_Random_splitClauses_1":["344"],
"clauseNumberBeforeSimplification_Random_splitClauses_0":["129"],
"solvingTime_Unlabeled_splitClauses_1":["564"],
"predicateGeneratorTime_PredictedCDHG_splitClauses_1":["10800000"],
"averagePredicateSize_PredictedCDHG_splitClauses_0":["10800000"],
"relationSymbolNumberAfterSimplification_RelationalEqs_splitClauses_0":["107"],
"minedBinaryVariableTemplatesNumber_Term_splitClauses_0":["21"],
"labeledTemplateNumber_RelationalIneqs_splitClauses_0":["22"],
"clauseNumberAfterSimplification_Random_splitClauses_0":["74"],
"clauseNumberAfterSimplification_PredictedCG_splitClauses_0":["74"],
"generatedPredicateNumber_Empty_splitClauses_1":["23"],
"clauseNumberBeforeSimplification_Octagon_splitClauses_0":["129"],
"unlabeledTemplateNumber_Empty_splitClauses_0":["884"],
"minedSingleVariableTemplatesNumber_All_splitClauses_0":["124"],
"labeledTemplateRelationSymbolNumber_Octagon_splitClauses_0":["8"],
"generatedPredicateNumber_Random_splitClauses_1":["23"],
"clauseNumberAfterSimplification_RelationalEqs_splitClauses_0":["74"],
"labeledBinaryVariableTemplatesNumber_Term_splitClauses_0":["21"],
"minedSingleVariableTemplatesNumber_RelationalEqs_splitClauses_0":["124"],
"minedTemplateNumber_Mined_splitClauses_0":["145"],
"relationSymbolNumberBeforeSimplification_PredictedCG_splitClauses_0":["258"],
"averagePredicateSize_Octagon_splitClauses_0":["10800000"],
"unlabeledBinaryVariableTemplatesNumber_Empty_splitClauses_1":["540"],
"unlabeledSingleVariableTemplatesNumber_PredictedCDHG_splitClauses_0":["344"],
"unlabeledSingleVariableTemplatesNumber_PredictedCG_splitClauses_1":["344"],
"labeledTemplateRelationSymbolNumber_Labeled_splitClauses_1":["8"],
"minedTemplateRelationSymbolNumber_Random_splitClauses_0":["20"],
"unlabeledTemplateRelationSymbolNumber_PredictedCG_splitClauses_0":["20"],
"unlabeledTemplateNumber_RelationalIneqs_splitClauses_0":["884"],
"unlabeledSingleVariableTemplatesNumber_Labeled_splitClauses_0":["344"],
"relationSymbolNumberAfterSimplification_PredictedCG_splitClauses_0":["107"],
"minedTemplateNumber_Unlabeled_splitClauses_1":["145"],
"generatedPredicateNumber_PredictedCG_splitClauses_0":["10800000"],
"labeledTemplateNumber_Unlabeled_splitClauses_1":["22"],
"unlabeledTemplateRelationSymbolNumber_Empty_splitClauses_1":["20"],
"clauseNumberBeforeSimplification_Empty_splitClauses_0":["129"],
"solvingTime_Octagon_splitClauses_1":["521"],
"cegarIterationNumber_Mined_splitClauses_1":["12"],
"clauseNumberBeforeSimplification_Mined_splitClauses_1":["129"],
"smt2FileSizeByte_PredictedCDHG_splitClauses_0":["64943"],
"averagePredicateSize_PredictedCG_splitClauses_0":["10800000"],
"solvingTime_Random_splitClauses_0":["10800000"],
"minedTemplateNumber_RelationalEqs_splitClauses_0":["145"],
"unlabeledSingleVariableTemplatesNumber_RelationalIneqs_splitClauses_0":["344"],
"unlabeledTemplateNumber_Unlabeled_splitClauses_1":["884"],
"labeledBinaryVariableTemplatesNumber_RelationalEqs_splitClauses_0":["21"],
"generatedPredicateNumber_PredictedCDHG_splitClauses_0":["10800000"],
"relationSymbolNumberAfterSimplification_RelationalIneqs_splitClauses_0":["107"],
"minedTemplateRelationSymbolNumber_Empty_splitClauses_1":["20"],
"predicateGeneratorTime_Random_splitClauses_1":["255"],
"labeledTemplateNumber_Term_splitClauses_1":["22"],
"relationSymbolNumberBeforeSimplification_RelationalEqs_splitClauses_0":["258"],
"minedSingleVariableTemplatesNumber_Empty_splitClauses_1":["124"],
"minedSingleVariableTemplatesNumber_RelationalIneqs_splitClauses_0":["124"],
"clauseNumberAfterSimplification_All_splitClauses_0":["74"],
"unlabeledBinaryVariableTemplatesNumber_RelationalEqs_splitClauses_0":["540"],
"cegarIterationNumber_RelationalEqs_splitClauses_0":["10800000"],
"labeledTemplateRelationSymbolNumber_PredictedCDHG_splitClauses_0":["8"],
"labeledSingleVariableTemplatesNumber_Labeled_splitClauses_1":["1"],
"unlabeledBinaryVariableTemplatesNumber_All_splitClauses_1":["540"],
"minedTemplateRelationSymbolNumber_Unlabeled_splitClauses_1":["20"],
"solvingTime_RelationalEqs_splitClauses_0":["10800000"],
"solvingTime_RelationalEqs_splitClauses_1":["520"],
"minedBinaryVariableTemplatesNumber_Mined_splitClauses_0":["21"],
"clauseNumberBeforeSimplification_All_splitClauses_0":["129"],
"clauseNumberBeforeSimplification_RelationalIneqs_splitClauses_1":["129"],
"labeledTemplateNumber_RelationalEqs_splitClauses_1":["22"],
"labeledBinaryVariableTemplatesNumber_RelationalIneqs_splitClauses_0":["21"],
"relationSymbolNumberBeforeSimplification_Labeled_splitClauses_0":["258"],
"clauseNumberAfterSimplification_Empty_splitClauses_0":["74"],
"averagePredicateSize_Empty_splitClauses_0":["10800000"],
"unlabeledTemplateNumber_Term_splitClauses_1":["884"],
"predicateGeneratorTime_Mined_splitClauses_1":["309"],
"labeledBinaryVariableTemplatesNumber_RelationalIneqs_splitClauses_1":["21"],
"predicateGeneratorTime_Unlabeled_splitClauses_0":["10800000"],
"relationSymbolNumberAfterSimplification_Empty_splitClauses_0":["107"],
"generatedPredicateNumber_Mined_splitClauses_0":["10800000"],
"generatedPredicateNumber_RelationalEqs_splitClauses_1":["23"],
"labeledTemplateRelationSymbolNumber_PredictedCG_splitClauses_0":["8"],
"minedSingleVariableTemplatesNumber_PredictedCG_splitClauses_1":["124"],
"minedTemplateRelationSymbolNumber_PredictedCG_splitClauses_0":["20"],
"unlabeledTemplateRelationSymbolNumber_Labeled_splitClauses_0":["20"],
"solvability_Empty_splitClauses_1":["1"],
"averagePredicateSize_Term_splitClauses_0":["10800000"],
"cegarIterationNumber_Random_splitClauses_1":["12"],
"averagePredicateSize_Labeled_splitClauses_1":["1"],
"unlabeledBinaryVariableTemplatesNumber_Unlabeled_splitClauses_0":["540"],
"generatedPredicateNumber_Unlabeled_splitClauses_1":["23"],
"predicateGeneratorTime_All_splitClauses_0":["10800000"],
"unlabeledBinaryVariableTemplatesNumber_PredictedCDHG_splitClauses_1":["540"],
"clauseNumberBeforeSimplification_Labeled_splitClauses_1":["129"],
"minedBinaryVariableTemplatesNumber_Labeled_splitClauses_1":["21"],
"labeledSingleVariableTemplatesNumber_All_splitClauses_0":["1"],
"unlabeledTemplateRelationSymbolNumber_Mined_splitClauses_0":["20"],
"cegarIterationNumber_Octagon_splitClauses_1":["12"],
"labeledTemplateNumber_Octagon_splitClauses_0":["22"],
"labeledTemplateRelationSymbolNumber_All_splitClauses_1":["8"],
"smt2FileSizeByte_Empty_splitClauses_0":["64943"],
"unlabeledTemplateNumber_Octagon_splitClauses_1":["884"],
"predicateGeneratorTime_RelationalEqs_splitClauses_0":["10800000"],
"unlabeledTemplateRelationSymbolNumber_RelationalIneqs_splitClauses_0":["20"],
"smt2FileSizeByte_RelationalEqs_splitClauses_1":["64943"],
"unlabeledTemplateNumber_Labeled_splitClauses_0":["884"],
"minedSingleVariableTemplatesNumber_Labeled_splitClauses_0":["124"],
"solvingTime_PredictedCDHG_splitClauses_1":["10800000"],
"relationSymbolNumberBeforeSimplification_Term_splitClauses_1":["258"],
"minedTemplateNumber_Octagon_splitClauses_1":["145"],
"clauseNumberBeforeSimplification_Mined_splitClauses_0":["129"],
"smt2FileSizeByte_All_splitClauses_0":["64943"],
"solvingTime_All_splitClauses_0":["10800000"],
"minedBinaryVariableTemplatesNumber_Term_splitClauses_1":["21"],
"unlabeledTemplateRelationSymbolNumber_Random_splitClauses_0":["20"],
"cegarIterationNumber_All_splitClauses_0":["10800000"],
"smt2FileSizeByte_RelationalEqs_splitClauses_0":["64943"],
"unlabeledSingleVariableTemplatesNumber_PredictedCDHG_splitClauses_1":["344"],
"clauseNumberBeforeSimplification_Labeled_splitClauses_0":["129"],
"cegarIterationNumber_PredictedCG_splitClauses_1":["10800000"],
"labeledTemplateRelationSymbolNumber_Unlabeled_splitClauses_0":["8"],
"unlabeledTemplateRelationSymbolNumber_Octagon_splitClauses_1":["20"],
"unlabeledTemplateNumber_Empty_splitClauses_1":["884"],
"clauseNumberBeforeSimplification_Octagon_splitClauses_1":["129"],
"labeledTemplateNumber_Unlabeled_splitClauses_0":["22"],
"labeledBinaryVariableTemplatesNumber_PredictedCG_splitClauses_0":["21"],
"solvability_Term_splitClauses_1":["1"],
"solvability_Octagon_splitClauses_0":["10800000"],
"minedTemplateRelationSymbolNumber_RelationalIneqs_splitClauses_0":["20"],
"clauseNumberBeforeSimplification_RelationalIneqs_splitClauses_0":["129"],
"labeledTemplateNumber_PredictedCG_splitClauses_0":["22"],
"cegarIterationNumber_Labeled_splitClauses_0":["10800000"],
"smt2FileSizeByte_Labeled_splitClauses_1":["64943"],
"clauseNumberBeforeSimplification_Unlabeled_splitClauses_1":["129"],
"generatedPredicateNumber_Term_splitClauses_1":["23"],
"solvingTime_Term_splitClauses_1":["550"],
"unlabeledBinaryVariableTemplatesNumber_Random_splitClauses_1":["540"],
"unlabeledSingleVariableTemplatesNumber_Octagon_splitClauses_0":["344"],
"solvingTime_Octagon_splitClauses_0":["10800000"],
"labeledSingleVariableTemplatesNumber_Mined_splitClauses_1":["1"],
"averagePredicateSize_Term_splitClauses_1":["1"],
"labeledTemplateNumber_Labeled_splitClauses_0":["22"],
"unlabeledSingleVariableTemplatesNumber_PredictedCG_splitClauses_0":["344"],
"smt2FileSizeByte_Mined_splitClauses_1":["64943"],
"labeledBinaryVariableTemplatesNumber_Unlabeled_splitClauses_1":["21"],
"labeledTemplateNumber_All_splitClauses_0":["22"],
"unlabeledTemplateNumber_Random_splitClauses_0":["884"],
"labeledTemplateNumber_Octagon_splitClauses_1":["22"],
"unlabeledTemplateNumber_PredictedCDHG_splitClauses_1":["884"],
"unlabeledBinaryVariableTemplatesNumber_Mined_splitClauses_0":["540"],
"minedTemplateRelationSymbolNumber_Mined_splitClauses_1":["20"],
"labeledTemplateNumber_RelationalIneqs_splitClauses_1":["22"],
"relationSymbolNumberAfterSimplification_All_splitClauses_0":["107"],
"relationSymbolNumberBeforeSimplification_PredictedCDHG_splitClauses_0":["258"],
"solvability_Term_splitClauses_0":["10800000"],
"clauseNumberBeforeSimplification_PredictedCG_splitClauses_1":["129"],
"generatedPredicateNumber_Labeled_splitClauses_1":["23"],
"labeledSingleVariableTemplatesNumber_Unlabeled_splitClauses_0":["1"],
"unlabeledBinaryVariableTemplatesNumber_Empty_splitClauses_0":["540"],
"solvingTime_Mined_splitClauses_0":["10800000"],
"unlabeledTemplateNumber_All_splitClauses_1":["884"],
"clauseNumberAfterSimplification_Random_splitClauses_1":["74"],
"labeledBinaryVariableTemplatesNumber_Octagon_splitClauses_1":["21"],
"unlabeledBinaryVariableTemplatesNumber_Labeled_splitClauses_0":["540"],
"smt2FileSizeByte_Octagon_splitClauses_0":["64943"],
"labeledSingleVariableTemplatesNumber_Random_splitClauses_1":["1"],
"solvability_Unlabeled_splitClauses_0":["10800000"],
"solvingTime_Unlabeled_splitClauses_0":["10800000"],
"unlabeledTemplateRelationSymbolNumber_All_splitClauses_1":["20"],
"minedTemplateNumber_Empty_splitClauses_1":["145"],
"solvability_RelationalIneqs_splitClauses_0":["10800000"],
"unlabeledTemplateRelationSymbolNumber_Labeled_splitClauses_1":["20"],
"cegarIterationNumber_RelationalEqs_splitClauses_1":["12"],
"minedSingleVariableTemplatesNumber_RelationalEqs_splitClauses_1":["124"],
"clauseNumberAfterSimplification_PredictedCDHG_splitClauses_1":["74"],
"minedBinaryVariableTemplatesNumber_RelationalIneqs_splitClauses_1":["21"],
"unlabeledBinaryVariableTemplatesNumber_Mined_splitClauses_1":["540"],
"unlabeledBinaryVariableTemplatesNumber_PredictedCDHG_splitClauses_0":["540"],
"solvingTime_Empty_splitClauses_1":["537"],
"labeledTemplateRelationSymbolNumber_Empty_splitClauses_1":["8"],
"generatedPredicateNumber_Term_splitClauses_0":["10800000"],
"averagePredicateSize_Empty_splitClauses_1":["1"],
"generatedPredicateNumber_PredictedCG_splitClauses_1":["10800000"],
"labeledTemplateRelationSymbolNumber_PredictedCDHG_splitClauses_1":["8"],
"predicateGeneratorTime_Mined_splitClauses_0":["10800000"],
"relationSymbolNumberBeforeSimplification_Term_splitClauses_0":["258"],
"predicateGeneratorTime_Labeled_splitClauses_0":["10800000"],
"labeledSingleVariableTemplatesNumber_Random_splitClauses_0":["1"],
"unlabeledTemplateRelationSymbolNumber_All_splitClauses_0":["20"],
"minedBinaryVariableTemplatesNumber_Labeled_splitClauses_0":["21"],
"generatedPredicateNumber_Labeled_splitClauses_0":["10800000"],
"relationSymbolNumberAfterSimplification_Empty_splitClauses_1":["107"],
"solvingTime_Mined_splitClauses_1":["475"],
"minedSingleVariableTemplatesNumber_All_splitClauses_1":["124"],
"predicateGeneratorTime_Random_splitClauses_0":["10800000"],
"cegarIterationNumber_Term_splitClauses_1":["12"],
"labeledTemplateNumber_Empty_splitClauses_1":["22"],
"clauseNumberAfterSimplification_Empty_splitClauses_1":["74"],
"minedTemplateRelationSymbolNumber_Empty_splitClauses_0":["20"],
"unlabeledSingleVariableTemplatesNumber_Term_splitClauses_0":["344"],
"minedSingleVariableTemplatesNumber_Empty_splitClauses_0":["124"],
"relationSymbolNumberAfterSimplification_Random_splitClauses_0":["107"],
"minedTemplateRelationSymbolNumber_RelationalEqs_splitClauses_0":["20"],
"cegarIterationNumber_Empty_splitClauses_0":["10800000"],
"minedBinaryVariableTemplatesNumber_RelationalEqs_splitClauses_1":["21"],
"relationSymbolNumberBeforeSimplification_PredictedCG_splitClauses_1":["258"],
"labeledSingleVariableTemplatesNumber_All_splitClauses_1":["1"],
"unlabeledTemplateRelationSymbolNumber_Octagon_splitClauses_0":["20"],
"minedTemplateRelationSymbolNumber_Unlabeled_splitClauses_0":["20"],
"labeledBinaryVariableTemplatesNumber_Mined_splitClauses_0":["21"],
"relationSymbolNumberAfterSimplification_Unlabeled_splitClauses_1":["107"],
"minedTemplateNumber_PredictedCG_splitClauses_1":["145"],
"cegarIterationNumber_Empty_splitClauses_1":["12"],
"averagePredicateSize_RelationalIneqs_splitClauses_0":["10800000"],
"solvability_All_splitClauses_1":["10800000"],
"unlabeledBinaryVariableTemplatesNumber_Term_splitClauses_1":["540"],
"minedTemplateRelationSymbolNumber_Labeled_splitClauses_1":["20"],
"averagePredicateSize_Unlabeled_splitClauses_1":["1"],
"labeledTemplateNumber_Term_splitClauses_0":["22"],
"smt2FileSizeByte_Empty_splitClauses_1":["64943"],
"solvingTime_PredictedCG_splitClauses_0":["10800000"],
"cegarIterationNumber_All_splitClauses_1":["10800000"],
"clauseNumberBeforeSimplification_Term_splitClauses_1":["129"],
"predicateGeneratorTime_Empty_splitClauses_0":["10800000"],
"relationSymbolNumberBeforeSimplification_Empty_splitClauses_1":["258"],
"averagePredicateSize_All_splitClauses_0":["10800000"],
"unlabeledBinaryVariableTemplatesNumber_Random_splitClauses_0":["540"],
"smt2FileSizeByte_Term_splitClauses_0":["64943"],
"averagePredicateSize_Mined_splitClauses_1":["1"],
"minedBinaryVariableTemplatesNumber_Empty_splitClauses_0":["21"],
"minedTemplateRelationSymbolNumber_All_splitClauses_1":["20"],
"labeledSingleVariableTemplatesNumber_PredictedCG_splitClauses_0":["1"],
"unlabeledBinaryVariableTemplatesNumber_RelationalIneqs_splitClauses_0":["540"],
"unlabeledSingleVariableTemplatesNumber_RelationalIneqs_splitClauses_1":["344"],
"clauseNumberAfterSimplification_RelationalIneqs_splitClauses_0":["74"],
"unlabeledTemplateNumber_RelationalEqs_splitClauses_0":["884"],
"unlabeledTemplateNumber_RelationalIneqs_splitClauses_1":["884"],
"labeledTemplateRelationSymbolNumber_PredictedCG_splitClauses_1":["8"],
"labeledTemplateRelationSymbolNumber_All_splitClauses_0":["8"],
"labeledSingleVariableTemplatesNumber_Octagon_splitClauses_0":["1"],
"dummyFiled":[]
}