{
"smt2FileSizeByte_All_splitClauses_1":["62753"],
"generatedPredicateNumber_All_splitClauses_1":["10800000"],
"unlabeledTemplateRelationSymbolNumber_PredictedCDHG_splitClauses_0":["34"],
"relationSymbolNumberBeforeSimplification_Unlabeled_splitClauses_1":["356"],
"predicateGeneratorTime_Term_splitClauses_0":["10800000"],
"averagePredicateSize_Random_splitClauses_1":["1"],
"labeledBinaryVariableTemplatesNumber_Labeled_splitClauses_1":["5"],
"clauseNumberBeforeSimplification_All_splitClauses_1":["154"],
"minedTemplateRelationSymbolNumber_Term_splitClauses_0":["34"],
"solvingTime_Labeled_splitClauses_1":["262"],
"unlabeledTemplateNumber_Labeled_splitClauses_1":["1725"],
"relationSymbolNumberAfterSimplification_All_splitClauses_1":["253"],
"minedTemplateRelationSymbolNumber_Octagon_splitClauses_1":["34"],
"clauseNumberAfterSimplification_Mined_splitClauses_1":["151"],
"relationSymbolNumberBeforeSimplification_Octagon_splitClauses_0":["356"],
"unlabeledBinaryVariableTemplatesNumber_Term_splitClauses_0":["1080"],
"labeledTemplateNumber_PredictedCDHG_splitClauses_0":["6"],
"solvability_Empty_splitClauses_0":["10800000"],
"unlabeledTemplateRelationSymbolNumber_Random_splitClauses_1":["34"],
"labeledBinaryVariableTemplatesNumber_Octagon_splitClauses_0":["5"],
"relationSymbolNumberBeforeSimplification_Random_splitClauses_1":["356"],
"minedTemplateRelationSymbolNumber_Random_splitClauses_1":["34"],
"unlabeledSingleVariableTemplatesNumber_Mined_splitClauses_0":["645"],
"unlabeledBinaryVariableTemplatesNumber_PredictedCG_splitClauses_1":["1080"],
"solvability_All_splitClauses_0":["10800000"],
"predicateGeneratorTime_RelationalEqs_splitClauses_1":["94"],
"relationSymbolNumberBeforeSimplification_PredictedCDHG_splitClauses_1":["356"],
"smt2FileSizeByte_PredictedCG_splitClauses_1":["62753"],
"labeledSingleVariableTemplatesNumber_Unlabeled_splitClauses_1":["1"],
"labeledBinaryVariableTemplatesNumber_PredictedCG_splitClauses_1":["5"],
"minedBinaryVariableTemplatesNumber_PredictedCG_splitClauses_0":["5"],
"solvability_Random_splitClauses_0":["10800000"],
"relationSymbolNumberAfterSimplification_PredictedCG_splitClauses_1":["253"],
"clauseNumberBeforeSimplification_PredictedCDHG_splitClauses_1":["154"],
"labeledSingleVariableTemplatesNumber_Mined_splitClauses_0":["1"],
"solvability_Unlabeled_splitClauses_1":["1"],
"cegarIterationNumber_Labeled_splitClauses_1":["2"],
"smt2FileSizeByte_Mined_splitClauses_0":["62753"],
"relationSymbolNumberAfterSimplification_Mined_splitClauses_0":["253"],
"labeledSingleVariableTemplatesNumber_PredictedCG_splitClauses_1":["1"],
"smt2FileSizeByte_Octagon_splitClauses_1":["62753"],
"minedTemplateNumber_Labeled_splitClauses_1":["222"],
"labeledSingleVariableTemplatesNumber_RelationalIneqs_splitClauses_1":["1"],
"clauseNumberAfterSimplification_Labeled_splitClauses_1":["151"],
"relationSymbolNumberAfterSimplification_Labeled_splitClauses_0":["253"],
"smt2FileSizeByte_Random_splitClauses_0":["62753"],
"relationSymbolNumberAfterSimplification_PredictedCDHG_splitClauses_0":["253"],
"unlabeledTemplateRelationSymbolNumber_PredictedCDHG_splitClauses_1":["34"],
"labeledSingleVariableTemplatesNumber_Term_splitClauses_0":["1"],
"generatedPredicateNumber_PredictedCDHG_splitClauses_1":["10800000"],
"minedSingleVariableTemplatesNumber_Unlabeled_splitClauses_0":["217"],
"generatedPredicateNumber_Octagon_splitClauses_1":["4"],
"labeledSingleVariableTemplatesNumber_RelationalEqs_splitClauses_0":["1"],
"predicateGeneratorTime_PredictedCG_splitClauses_1":["10800000"],
"relationSymbolNumberAfterSimplification_Octagon_splitClauses_0":["253"],
"labeledTemplateNumber_Labeled_splitClauses_1":["6"],
"labeledSingleVariableTemplatesNumber_Empty_splitClauses_0":["1"],
"minedTemplateRelationSymbolNumber_RelationalIneqs_splitClauses_1":["34"],
"unlabeledSingleVariableTemplatesNumber_All_splitClauses_1":["645"],
"labeledBinaryVariableTemplatesNumber_PredictedCDHG_splitClauses_1":["5"],
"unlabeledSingleVariableTemplatesNumber_RelationalEqs_splitClauses_1":["645"],
"cegarIterationNumber_Term_splitClauses_0":["10800000"],
"unlabeledBinaryVariableTemplatesNumber_Labeled_splitClauses_1":["1080"],
"unlabeledSingleVariableTemplatesNumber_Term_splitClauses_1":["645"],
"clauseNumberAfterSimplification_All_splitClauses_1":["151"],
"minedSingleVariableTemplatesNumber_Random_splitClauses_0":["217"],
"solvability_RelationalIneqs_splitClauses_1":["1"],
"minedTemplateNumber_Labeled_splitClauses_0":["222"],
"minedSingleVariableTemplatesNumber_Octagon_splitClauses_0":["217"],
"minedSingleVariableTemplatesNumber_Term_splitClauses_1":["217"],
"minedBinaryVariableTemplatesNumber_PredictedCDHG_splitClauses_1":["5"],
"generatedPredicateNumber_Mined_splitClauses_1":["4"],
"labeledSingleVariableTemplatesNumber_RelationalIneqs_splitClauses_0":["1"],
"averagePredicateSize_Mined_splitClauses_0":["10800000"],
"cegarIterationNumber_Unlabeled_splitClauses_0":["10800000"],
"minedBinaryVariableTemplatesNumber_Random_splitClauses_0":["5"],
"labeledTemplateNumber_Mined_splitClauses_1":["6"],
"labeledBinaryVariableTemplatesNumber_Random_splitClauses_0":["5"],
"unlabeledTemplateRelationSymbolNumber_Unlabeled_splitClauses_1":["34"],
"cegarIterationNumber_Mined_splitClauses_0":["10800000"],
"minedTemplateRelationSymbolNumber_Labeled_splitClauses_0":["34"],
"unlabeledBinaryVariableTemplatesNumber_RelationalIneqs_splitClauses_1":["1080"],
"unlabeledBinaryVariableTemplatesNumber_Octagon_splitClauses_0":["1080"],
"solvability_Mined_splitClauses_0":["10800000"],
"averagePredicateSize_RelationalEqs_splitClauses_0":["10800000"],
"clauseNumberAfterSimplification_Term_splitClauses_0":["151"],
"unlabeledTemplateNumber_Mined_splitClauses_0":["1725"],
"relationSymbolNumberAfterSimplification_Random_splitClauses_1":["253"],
"unlabeledTemplateNumber_PredictedCDHG_splitClauses_0":["1725"],
"cegarIterationNumber_RelationalIneqs_splitClauses_1":["2"],
"minedBinaryVariableTemplatesNumber_Unlabeled_splitClauses_1":["5"],
"labeledTemplateNumber_PredictedCG_splitClauses_1":["6"],
"labeledTemplateRelationSymbolNumber_Mined_splitClauses_0":["2"],
"labeledBinaryVariableTemplatesNumber_Mined_splitClauses_1":["5"],
"relationSymbolNumberBeforeSimplification_Mined_splitClauses_0":["356"],
"relationSymbolNumberBeforeSimplification_RelationalIneqs_splitClauses_0":["356"],
"clauseNumberAfterSimplification_RelationalIneqs_splitClauses_1":["151"],
"minedSingleVariableTemplatesNumber_PredictedCDHG_splitClauses_0":["217"],
"solvability_Labeled_splitClauses_1":["1"],
"labeledSingleVariableTemplatesNumber_Octagon_splitClauses_1":["1"],
"averagePredicateSize_Random_splitClauses_0":["10800000"],
"smt2FileSizeByte_RelationalIneqs_splitClauses_0":["62753"],
"generatedPredicateNumber_Unlabeled_splitClauses_0":["10800000"],
"solvability_RelationalEqs_splitClauses_0":["10800000"],
"predicateGeneratorTime_Empty_splitClauses_1":["112"],
"minedSingleVariableTemplatesNumber_Mined_splitClauses_0":["217"],
"relationSymbolNumberAfterSimplification_Unlabeled_splitClauses_0":["253"],
"minedTemplateRelationSymbolNumber_PredictedCDHG_splitClauses_1":["34"],
"minedTemplateNumber_PredictedCG_splitClauses_0":["222"],
"averagePredicateSize_RelationalIneqs_splitClauses_1":["1"],
"labeledTemplateRelationSymbolNumber_Random_splitClauses_1":["2"],
"minedTemplateNumber_RelationalIneqs_splitClauses_0":["222"],
"predicateGeneratorTime_RelationalIneqs_splitClauses_0":["10800000"],
"labeledTemplateRelationSymbolNumber_Empty_splitClauses_0":["2"],
"minedBinaryVariableTemplatesNumber_Octagon_splitClauses_0":["5"],
"labeledSingleVariableTemplatesNumber_Term_splitClauses_1":["1"],
"labeledBinaryVariableTemplatesNumber_Empty_splitClauses_0":["5"],
"minedTemplateNumber_Octagon_splitClauses_0":["222"],
"labeledBinaryVariableTemplatesNumber_Unlabeled_splitClauses_0":["5"],
"relationSymbolNumberBeforeSimplification_Empty_splitClauses_0":["356"],
"clauseNumberAfterSimplification_PredictedCDHG_splitClauses_0":["151"],
"smt2FileSizeByte_PredictedCG_splitClauses_0":["62753"],
"minedBinaryVariableTemplatesNumber_RelationalEqs_splitClauses_0":["5"],
"relationSymbolNumberBeforeSimplification_Unlabeled_splitClauses_0":["356"],
"labeledTemplateRelationSymbolNumber_RelationalEqs_splitClauses_1":["2"],
"minedBinaryVariableTemplatesNumber_Random_splitClauses_1":["5"],
"clauseNumberAfterSimplification_Unlabeled_splitClauses_1":["151"],
"minedSingleVariableTemplatesNumber_PredictedCDHG_splitClauses_1":["217"],
"labeledBinaryVariableTemplatesNumber_Term_splitClauses_1":["5"],
"clauseNumberBeforeSimplification_Empty_splitClauses_1":["154"],
"relationSymbolNumberAfterSimplification_Octagon_splitClauses_1":["253"],
"relationSymbolNumberAfterSimplification_Term_splitClauses_0":["253"],
"minedBinaryVariableTemplatesNumber_Mined_splitClauses_1":["5"],
"unlabeledBinaryVariableTemplatesNumber_Unlabeled_splitClauses_1":["1080"],
"relationSymbolNumberBeforeSimplification_Random_splitClauses_0":["356"],
"relationSymbolNumberAfterSimplification_PredictedCDHG_splitClauses_1":["253"],
"unlabeledTemplateNumber_PredictedCG_splitClauses_1":["1725"],
"generatedPredicateNumber_Empty_splitClauses_0":["10800000"],
"predicateGeneratorTime_RelationalIneqs_splitClauses_1":["132"],
"unlabeledSingleVariableTemplatesNumber_Empty_splitClauses_0":["645"],
"cegarIterationNumber_Octagon_splitClauses_0":["10800000"],
"clauseNumberAfterSimplification_Octagon_splitClauses_1":["151"],
"unlabeledSingleVariableTemplatesNumber_Labeled_splitClauses_1":["645"],
"clauseNumberBeforeSimplification_Random_splitClauses_1":["154"],
"minedTemplateRelationSymbolNumber_All_splitClauses_0":["34"],
"unlabeledTemplateRelationSymbolNumber_RelationalEqs_splitClauses_0":["34"],
"minedSingleVariableTemplatesNumber_Unlabeled_splitClauses_1":["217"],
"clauseNumberBeforeSimplification_RelationalEqs_splitClauses_0":["154"],
"minedTemplateNumber_Unlabeled_splitClauses_0":["222"],
"generatedPredicateNumber_Octagon_splitClauses_0":["10800000"],
"predicateGeneratorTime_PredictedCDHG_splitClauses_0":["10800000"],
"clauseNumberAfterSimplification_PredictedCG_splitClauses_1":["151"],
"labeledSingleVariableTemplatesNumber_RelationalEqs_splitClauses_1":["1"],
"smt2FileSizeByte_Random_splitClauses_1":["62753"],
"averagePredicateSize_PredictedCG_splitClauses_1":["10800000"],
"cegarIterationNumber_PredictedCDHG_splitClauses_1":["10800000"],
"clauseNumberAfterSimplification_RelationalEqs_splitClauses_1":["151"],
"minedBinaryVariableTemplatesNumber_Empty_splitClauses_1":["5"],
"relationSymbolNumberAfterSimplification_RelationalEqs_splitClauses_1":["253"],
"minedTemplateNumber_PredictedCDHG_splitClauses_0":["222"],
"labeledBinaryVariableTemplatesNumber_All_splitClauses_1":["5"],
"solvingTime_RelationalIneqs_splitClauses_1":["286"],
"unlabeledTemplateRelationSymbolNumber_RelationalEqs_splitClauses_1":["34"],
"smt2FileSizeByte_Unlabeled_splitClauses_0":["62753"],
"relationSymbolNumberBeforeSimplification_Mined_splitClauses_1":["356"],
"relationSymbolNumberAfterSimplification_Mined_splitClauses_1":["253"],
"generatedPredicateNumber_All_splitClauses_0":["10800000"],
"relationSymbolNumberBeforeSimplification_Octagon_splitClauses_1":["356"],
"predicateGeneratorTime_Octagon_splitClauses_1":["109"],
"solvability_Mined_splitClauses_1":["1"],
"minedTemplateRelationSymbolNumber_Term_splitClauses_1":["34"],
"clauseNumberAfterSimplification_Mined_splitClauses_0":["151"],
"solvability_PredictedCDHG_splitClauses_0":["10800000"],
"solvingTime_Empty_splitClauses_0":["10800000"],
"unlabeledSingleVariableTemplatesNumber_Unlabeled_splitClauses_1":["645"],
"minedTemplateNumber_Term_splitClauses_1":["222"],
"averagePredicateSize_Octagon_splitClauses_1":["1"],
"unlabeledSingleVariableTemplatesNumber_Octagon_splitClauses_1":["645"],
"minedTemplateRelationSymbolNumber_RelationalEqs_splitClauses_1":["34"],
"relationSymbolNumberBeforeSimplification_All_splitClauses_1":["356"],
"minedBinaryVariableTemplatesNumber_RelationalIneqs_splitClauses_0":["5"],
"predicateGeneratorTime_Term_splitClauses_1":["90"],
"solvingTime_Labeled_splitClauses_0":["10800000"],
"unlabeledBinaryVariableTemplatesNumber_PredictedCG_splitClauses_0":["1080"],
"minedTemplateNumber_All_splitClauses_0":["222"],
"predicateGeneratorTime_Labeled_splitClauses_1":["120"],
"unlabeledTemplateRelationSymbolNumber_Empty_splitClauses_0":["34"],
"unlabeledTemplateNumber_Mined_splitClauses_1":["1725"],
"solvability_PredictedCG_splitClauses_1":["10800000"],
"unlabeledTemplateNumber_Term_splitClauses_0":["1725"],
"minedBinaryVariableTemplatesNumber_PredictedCG_splitClauses_1":["5"],
"labeledSingleVariableTemplatesNumber_PredictedCDHG_splitClauses_0":["1"],
"minedBinaryVariableTemplatesNumber_All_splitClauses_0":["5"],
"averagePredicateSize_PredictedCDHG_splitClauses_1":["10800000"],
"predicateGeneratorTime_PredictedCG_splitClauses_0":["10800000"],
"generatedPredicateNumber_RelationalIneqs_splitClauses_0":["10800000"],
"labeledTemplateNumber_Empty_splitClauses_0":["6"],
"relationSymbolNumberAfterSimplification_RelationalIneqs_splitClauses_1":["253"],
"unlabeledTemplateRelationSymbolNumber_Term_splitClauses_0":["34"],
"minedTemplateNumber_All_splitClauses_1":["222"],
"labeledSingleVariableTemplatesNumber_Empty_splitClauses_1":["1"],
"minedBinaryVariableTemplatesNumber_Unlabeled_splitClauses_0":["5"],
"labeledTemplateNumber_Random_splitClauses_0":["6"],
"minedBinaryVariableTemplatesNumber_All_splitClauses_1":["5"],
"unlabeledSingleVariableTemplatesNumber_All_splitClauses_0":["645"],
"relationSymbolNumberBeforeSimplification_Labeled_splitClauses_1":["356"],
"smt2FileSizeByte_PredictedCDHG_splitClauses_1":["62753"],
"labeledBinaryVariableTemplatesNumber_PredictedCDHG_splitClauses_0":["5"],
"averagePredicateSize_RelationalEqs_splitClauses_1":["1"],
"minedSingleVariableTemplatesNumber_Term_splitClauses_0":["217"],
"labeledTemplateRelationSymbolNumber_Term_splitClauses_1":["2"],
"generatedPredicateNumber_Random_splitClauses_0":["10800000"],
"labeledBinaryVariableTemplatesNumber_Empty_splitClauses_1":["5"],
"relationSymbolNumberAfterSimplification_Term_splitClauses_1":["253"],
"clauseNumberAfterSimplification_Labeled_splitClauses_0":["151"],
"labeledSingleVariableTemplatesNumber_Labeled_splitClauses_0":["1"],
"minedTemplateNumber_Mined_splitClauses_1":["222"],
"labeledTemplateRelationSymbolNumber_Labeled_splitClauses_0":["2"],
"unlabeledTemplateRelationSymbolNumber_Mined_splitClauses_1":["34"],
"solvability_Labeled_splitClauses_0":["10800000"],
"minedTemplateNumber_RelationalEqs_splitClauses_1":["222"],
"solvingTime_Random_splitClauses_1":["270"],
"minedTemplateNumber_Random_splitClauses_0":["222"],
"cegarIterationNumber_Unlabeled_splitClauses_1":["2"],
"minedTemplateNumber_RelationalIneqs_splitClauses_1":["222"],
"unlabeledBinaryVariableTemplatesNumber_Octagon_splitClauses_1":["1080"],
"minedSingleVariableTemplatesNumber_Octagon_splitClauses_1":["217"],
"minedSingleVariableTemplatesNumber_Random_splitClauses_1":["217"],
"averagePredicateSize_All_splitClauses_1":["10800000"],
"minedTemplateNumber_Empty_splitClauses_0":["222"],
"labeledTemplateNumber_Mined_splitClauses_0":["6"],
"unlabeledBinaryVariableTemplatesNumber_All_splitClauses_0":["1080"],
"relationSymbolNumberAfterSimplification_Labeled_splitClauses_1":["253"],
"labeledSingleVariableTemplatesNumber_PredictedCDHG_splitClauses_1":["1"],
"minedSingleVariableTemplatesNumber_Mined_splitClauses_1":["217"],
"labeledTemplateRelationSymbolNumber_Term_splitClauses_0":["2"],
"unlabeledTemplateRelationSymbolNumber_Term_splitClauses_1":["34"],
"predicateGeneratorTime_All_splitClauses_1":["10800000"],
"unlabeledSingleVariableTemplatesNumber_Random_splitClauses_0":["645"],
"predicateGeneratorTime_Unlabeled_splitClauses_1":["93"],
"cegarIterationNumber_PredictedCDHG_splitClauses_0":["10800000"],
"labeledTemplateNumber_RelationalEqs_splitClauses_0":["6"],
"labeledTemplateRelationSymbolNumber_Mined_splitClauses_1":["2"],
"labeledTemplateRelationSymbolNumber_Random_splitClauses_0":["2"],
"labeledBinaryVariableTemplatesNumber_RelationalEqs_splitClauses_1":["5"],
"generatedPredicateNumber_RelationalIneqs_splitClauses_1":["4"],
"unlabeledTemplateRelationSymbolNumber_PredictedCG_splitClauses_1":["34"],
"unlabeledSingleVariableTemplatesNumber_RelationalEqs_splitClauses_0":["645"],
"labeledBinaryVariableTemplatesNumber_Labeled_splitClauses_0":["5"],
"minedBinaryVariableTemplatesNumber_PredictedCDHG_splitClauses_0":["5"],
"unlabeledTemplateRelationSymbolNumber_Unlabeled_splitClauses_0":["34"],
"clauseNumberAfterSimplification_Term_splitClauses_1":["151"],
"unlabeledTemplateNumber_Octagon_splitClauses_0":["1725"],
"unlabeledBinaryVariableTemplatesNumber_RelationalEqs_splitClauses_1":["1080"],
"unlabeledTemplateNumber_PredictedCG_splitClauses_0":["1725"],
"unlabeledTemplateNumber_All_splitClauses_0":["1725"],
"labeledTemplateRelationSymbolNumber_RelationalIneqs_splitClauses_1":["2"],
"unlabeledSingleVariableTemplatesNumber_Mined_splitClauses_1":["645"],
"labeledTemplateRelationSymbolNumber_Unlabeled_splitClauses_1":["2"],
"labeledBinaryVariableTemplatesNumber_Random_splitClauses_1":["5"],
"solvability_Random_splitClauses_1":["1"],
"solvingTime_Term_splitClauses_0":["10800000"],
"minedSingleVariableTemplatesNumber_Labeled_splitClauses_1":["217"],
"clauseNumberBeforeSimplification_Term_splitClauses_0":["154"],
"relationSymbolNumberBeforeSimplification_RelationalIneqs_splitClauses_1":["356"],
"minedTemplateRelationSymbolNumber_Mined_splitClauses_0":["34"],
"solvability_Octagon_splitClauses_1":["1"],
"minedSingleVariableTemplatesNumber_RelationalIneqs_splitClauses_1":["217"],
"smt2FileSizeByte_Labeled_splitClauses_0":["62753"],
"solvability_RelationalEqs_splitClauses_1":["1"],
"unlabeledSingleVariableTemplatesNumber_Empty_splitClauses_1":["645"],
"labeledTemplateNumber_PredictedCDHG_splitClauses_1":["6"],
"minedTemplateRelationSymbolNumber_Octagon_splitClauses_0":["34"],
"clauseNumberAfterSimplification_Unlabeled_splitClauses_0":["151"],
"clauseNumberBeforeSimplification_Unlabeled_splitClauses_0":["154"],
"clauseNumberBeforeSimplification_PredictedCDHG_splitClauses_0":["154"],
"cegarIterationNumber_RelationalIneqs_splitClauses_0":["10800000"],
"labeledTemplateRelationSymbolNumber_RelationalEqs_splitClauses_0":["2"],
"averagePredicateSize_Labeled_splitClauses_0":["10800000"],
"smt2FileSizeByte_RelationalIneqs_splitClauses_1":["62753"],
"clauseNumberBeforeSimplification_RelationalEqs_splitClauses_1":["154"],
"unlabeledTemplateRelationSymbolNumber_RelationalIneqs_splitClauses_1":["34"],
"clauseNumberBeforeSimplification_PredictedCG_splitClauses_0":["154"],
"solvingTime_PredictedCDHG_splitClauses_0":["10800000"],
"labeledTemplateRelationSymbolNumber_Octagon_splitClauses_1":["2"],
"minedTemplateRelationSymbolNumber_PredictedCG_splitClauses_1":["34"],
"relationSymbolNumberBeforeSimplification_RelationalEqs_splitClauses_1":["356"],
"labeledTemplateNumber_Random_splitClauses_1":["6"],
"solvingTime_RelationalIneqs_splitClauses_0":["10800000"],
"labeledTemplateNumber_All_splitClauses_1":["6"],
"unlabeledTemplateNumber_Random_splitClauses_1":["1725"],
"relationSymbolNumberBeforeSimplification_All_splitClauses_0":["356"],
"smt2FileSizeByte_Unlabeled_splitClauses_1":["62753"],
"cegarIterationNumber_PredictedCG_splitClauses_0":["10800000"],
"predicateGeneratorTime_Octagon_splitClauses_0":["10800000"],
"unlabeledTemplateNumber_RelationalEqs_splitClauses_1":["1725"],
"clauseNumberAfterSimplification_Octagon_splitClauses_0":["151"],
"cegarIterationNumber_Random_splitClauses_0":["10800000"],
"solvability_PredictedCDHG_splitClauses_1":["10800000"],
"solvability_PredictedCG_splitClauses_0":["10800000"],
"solvingTime_PredictedCG_splitClauses_1":["10800000"],
"unlabeledSingleVariableTemplatesNumber_Unlabeled_splitClauses_0":["645"],
"unlabeledTemplateNumber_Unlabeled_splitClauses_0":["1725"],
"labeledTemplateRelationSymbolNumber_RelationalIneqs_splitClauses_0":["2"],
"minedTemplateNumber_Random_splitClauses_1":["222"],
"generatedPredicateNumber_RelationalEqs_splitClauses_0":["10800000"],
"minedTemplateNumber_Term_splitClauses_0":["222"],
"solvingTime_All_splitClauses_1":["10800000"],
"minedSingleVariableTemplatesNumber_PredictedCG_splitClauses_0":["217"],
"smt2FileSizeByte_Term_splitClauses_1":["62753"],
"labeledBinaryVariableTemplatesNumber_All_splitClauses_0":["5"],
"minedTemplateNumber_PredictedCDHG_splitClauses_1":["222"],
"minedTemplateRelationSymbolNumber_PredictedCDHG_splitClauses_0":["34"],
"averagePredicateSize_Unlabeled_splitClauses_0":["10800000"],
"minedBinaryVariableTemplatesNumber_Octagon_splitClauses_1":["5"],
"unlabeledSingleVariableTemplatesNumber_Random_splitClauses_1":["645"],
"clauseNumberBeforeSimplification_Random_splitClauses_0":["154"],
"solvingTime_Unlabeled_splitClauses_1":["247"],
"predicateGeneratorTime_PredictedCDHG_splitClauses_1":["10800000"],
"averagePredicateSize_PredictedCDHG_splitClauses_0":["10800000"],
"relationSymbolNumberAfterSimplification_RelationalEqs_splitClauses_0":["253"],
"minedBinaryVariableTemplatesNumber_Term_splitClauses_0":["5"],
"labeledTemplateNumber_RelationalIneqs_splitClauses_0":["6"],
"clauseNumberAfterSimplification_Random_splitClauses_0":["151"],
"clauseNumberAfterSimplification_PredictedCG_splitClauses_0":["151"],
"generatedPredicateNumber_Empty_splitClauses_1":["4"],
"clauseNumberBeforeSimplification_Octagon_splitClauses_0":["154"],
"unlabeledTemplateNumber_Empty_splitClauses_0":["1725"],
"minedSingleVariableTemplatesNumber_All_splitClauses_0":["217"],
"labeledTemplateRelationSymbolNumber_Octagon_splitClauses_0":["2"],
"generatedPredicateNumber_Random_splitClauses_1":["4"],
"clauseNumberAfterSimplification_RelationalEqs_splitClauses_0":["151"],
"labeledBinaryVariableTemplatesNumber_Term_splitClauses_0":["5"],
"minedSingleVariableTemplatesNumber_RelationalEqs_splitClauses_0":["217"],
"minedTemplateNumber_Mined_splitClauses_0":["222"],
"relationSymbolNumberBeforeSimplification_PredictedCG_splitClauses_0":["356"],
"averagePredicateSize_Octagon_splitClauses_0":["10800000"],
"unlabeledBinaryVariableTemplatesNumber_Empty_splitClauses_1":["1080"],
"unlabeledSingleVariableTemplatesNumber_PredictedCDHG_splitClauses_0":["645"],
"unlabeledSingleVariableTemplatesNumber_PredictedCG_splitClauses_1":["645"],
"labeledTemplateRelationSymbolNumber_Labeled_splitClauses_1":["2"],
"minedTemplateRelationSymbolNumber_Random_splitClauses_0":["34"],
"unlabeledTemplateRelationSymbolNumber_PredictedCG_splitClauses_0":["34"],
"unlabeledTemplateNumber_RelationalIneqs_splitClauses_0":["1725"],
"unlabeledSingleVariableTemplatesNumber_Labeled_splitClauses_0":["645"],
"relationSymbolNumberAfterSimplification_PredictedCG_splitClauses_0":["253"],
"minedTemplateNumber_Unlabeled_splitClauses_1":["222"],
"generatedPredicateNumber_PredictedCG_splitClauses_0":["10800000"],
"labeledTemplateNumber_Unlabeled_splitClauses_1":["6"],
"unlabeledTemplateRelationSymbolNumber_Empty_splitClauses_1":["34"],
"clauseNumberBeforeSimplification_Empty_splitClauses_0":["154"],
"solvingTime_Octagon_splitClauses_1":["254"],
"cegarIterationNumber_Mined_splitClauses_1":["2"],
"clauseNumberBeforeSimplification_Mined_splitClauses_1":["154"],
"smt2FileSizeByte_PredictedCDHG_splitClauses_0":["62753"],
"averagePredicateSize_PredictedCG_splitClauses_0":["10800000"],
"solvingTime_Random_splitClauses_0":["10800000"],
"minedTemplateNumber_RelationalEqs_splitClauses_0":["222"],
"unlabeledSingleVariableTemplatesNumber_RelationalIneqs_splitClauses_0":["645"],
"unlabeledTemplateNumber_Unlabeled_splitClauses_1":["1725"],
"labeledBinaryVariableTemplatesNumber_RelationalEqs_splitClauses_0":["5"],
"generatedPredicateNumber_PredictedCDHG_splitClauses_0":["10800000"],
"relationSymbolNumberAfterSimplification_RelationalIneqs_splitClauses_0":["253"],
"minedTemplateRelationSymbolNumber_Empty_splitClauses_1":["34"],
"predicateGeneratorTime_Random_splitClauses_1":["143"],
"labeledTemplateNumber_Term_splitClauses_1":["6"],
"relationSymbolNumberBeforeSimplification_RelationalEqs_splitClauses_0":["356"],
"minedSingleVariableTemplatesNumber_Empty_splitClauses_1":["217"],
"minedSingleVariableTemplatesNumber_RelationalIneqs_splitClauses_0":["217"],
"clauseNumberAfterSimplification_All_splitClauses_0":["151"],
"unlabeledBinaryVariableTemplatesNumber_RelationalEqs_splitClauses_0":["1080"],
"cegarIterationNumber_RelationalEqs_splitClauses_0":["10800000"],
"labeledTemplateRelationSymbolNumber_PredictedCDHG_splitClauses_0":["2"],
"labeledSingleVariableTemplatesNumber_Labeled_splitClauses_1":["1"],
"unlabeledBinaryVariableTemplatesNumber_All_splitClauses_1":["1080"],
"minedTemplateRelationSymbolNumber_Unlabeled_splitClauses_1":["34"],
"solvingTime_RelationalEqs_splitClauses_0":["10800000"],
"solvingTime_RelationalEqs_splitClauses_1":["242"],
"minedBinaryVariableTemplatesNumber_Mined_splitClauses_0":["5"],
"clauseNumberBeforeSimplification_All_splitClauses_0":["154"],
"clauseNumberBeforeSimplification_RelationalIneqs_splitClauses_1":["154"],
"labeledTemplateNumber_RelationalEqs_splitClauses_1":["6"],
"labeledBinaryVariableTemplatesNumber_RelationalIneqs_splitClauses_0":["5"],
"relationSymbolNumberBeforeSimplification_Labeled_splitClauses_0":["356"],
"clauseNumberAfterSimplification_Empty_splitClauses_0":["151"],
"averagePredicateSize_Empty_splitClauses_0":["10800000"],
"unlabeledTemplateNumber_Term_splitClauses_1":["1725"],
"predicateGeneratorTime_Mined_splitClauses_1":["87"],
"labeledBinaryVariableTemplatesNumber_RelationalIneqs_splitClauses_1":["5"],
"predicateGeneratorTime_Unlabeled_splitClauses_0":["10800000"],
"relationSymbolNumberAfterSimplification_Empty_splitClauses_0":["253"],
"generatedPredicateNumber_Mined_splitClauses_0":["10800000"],
"generatedPredicateNumber_RelationalEqs_splitClauses_1":["4"],
"labeledTemplateRelationSymbolNumber_PredictedCG_splitClauses_0":["2"],
"minedSingleVariableTemplatesNumber_PredictedCG_splitClauses_1":["217"],
"minedTemplateRelationSymbolNumber_PredictedCG_splitClauses_0":["34"],
"unlabeledTemplateRelationSymbolNumber_Labeled_splitClauses_0":["34"],
"solvability_Empty_splitClauses_1":["1"],
"averagePredicateSize_Term_splitClauses_0":["10800000"],
"cegarIterationNumber_Random_splitClauses_1":["2"],
"averagePredicateSize_Labeled_splitClauses_1":["1"],
"unlabeledBinaryVariableTemplatesNumber_Unlabeled_splitClauses_0":["1080"],
"generatedPredicateNumber_Unlabeled_splitClauses_1":["4"],
"predicateGeneratorTime_All_splitClauses_0":["10800000"],
"unlabeledBinaryVariableTemplatesNumber_PredictedCDHG_splitClauses_1":["1080"],
"clauseNumberBeforeSimplification_Labeled_splitClauses_1":["154"],
"minedBinaryVariableTemplatesNumber_Labeled_splitClauses_1":["5"],
"labeledSingleVariableTemplatesNumber_All_splitClauses_0":["1"],
"unlabeledTemplateRelationSymbolNumber_Mined_splitClauses_0":["34"],
"cegarIterationNumber_Octagon_splitClauses_1":["2"],
"labeledTemplateNumber_Octagon_splitClauses_0":["6"],
"labeledTemplateRelationSymbolNumber_All_splitClauses_1":["2"],
"smt2FileSizeByte_Empty_splitClauses_0":["62753"],
"unlabeledTemplateNumber_Octagon_splitClauses_1":["1725"],
"predicateGeneratorTime_RelationalEqs_splitClauses_0":["10800000"],
"unlabeledTemplateRelationSymbolNumber_RelationalIneqs_splitClauses_0":["34"],
"smt2FileSizeByte_RelationalEqs_splitClauses_1":["62753"],
"unlabeledTemplateNumber_Labeled_splitClauses_0":["1725"],
"minedSingleVariableTemplatesNumber_Labeled_splitClauses_0":["217"],
"solvingTime_PredictedCDHG_splitClauses_1":["10800000"],
"relationSymbolNumberBeforeSimplification_Term_splitClauses_1":["356"],
"minedTemplateNumber_Octagon_splitClauses_1":["222"],
"clauseNumberBeforeSimplification_Mined_splitClauses_0":["154"],
"smt2FileSizeByte_All_splitClauses_0":["62753"],
"solvingTime_All_splitClauses_0":["10800000"],
"minedBinaryVariableTemplatesNumber_Term_splitClauses_1":["5"],
"unlabeledTemplateRelationSymbolNumber_Random_splitClauses_0":["34"],
"cegarIterationNumber_All_splitClauses_0":["10800000"],
"smt2FileSizeByte_RelationalEqs_splitClauses_0":["62753"],
"unlabeledSingleVariableTemplatesNumber_PredictedCDHG_splitClauses_1":["645"],
"clauseNumberBeforeSimplification_Labeled_splitClauses_0":["154"],
"cegarIterationNumber_PredictedCG_splitClauses_1":["10800000"],
"labeledTemplateRelationSymbolNumber_Unlabeled_splitClauses_0":["2"],
"unlabeledTemplateRelationSymbolNumber_Octagon_splitClauses_1":["34"],
"unlabeledTemplateNumber_Empty_splitClauses_1":["1725"],
"clauseNumberBeforeSimplification_Octagon_splitClauses_1":["154"],
"labeledTemplateNumber_Unlabeled_splitClauses_0":["6"],
"labeledBinaryVariableTemplatesNumber_PredictedCG_splitClauses_0":["5"],
"solvability_Term_splitClauses_1":["1"],
"solvability_Octagon_splitClauses_0":["10800000"],
"minedTemplateRelationSymbolNumber_RelationalIneqs_splitClauses_0":["34"],
"clauseNumberBeforeSimplification_RelationalIneqs_splitClauses_0":["154"],
"labeledTemplateNumber_PredictedCG_splitClauses_0":["6"],
"cegarIterationNumber_Labeled_splitClauses_0":["10800000"],
"smt2FileSizeByte_Labeled_splitClauses_1":["62753"],
"clauseNumberBeforeSimplification_Unlabeled_splitClauses_1":["154"],
"generatedPredicateNumber_Term_splitClauses_1":["4"],
"solvingTime_Term_splitClauses_1":["211"],
"unlabeledBinaryVariableTemplatesNumber_Random_splitClauses_1":["1080"],
"unlabeledSingleVariableTemplatesNumber_Octagon_splitClauses_0":["645"],
"solvingTime_Octagon_splitClauses_0":["10800000"],
"labeledSingleVariableTemplatesNumber_Mined_splitClauses_1":["1"],
"averagePredicateSize_Term_splitClauses_1":["1"],
"labeledTemplateNumber_Labeled_splitClauses_0":["6"],
"unlabeledSingleVariableTemplatesNumber_PredictedCG_splitClauses_0":["645"],
"smt2FileSizeByte_Mined_splitClauses_1":["62753"],
"labeledBinaryVariableTemplatesNumber_Unlabeled_splitClauses_1":["5"],
"labeledTemplateNumber_All_splitClauses_0":["6"],
"unlabeledTemplateNumber_Random_splitClauses_0":["1725"],
"labeledTemplateNumber_Octagon_splitClauses_1":["6"],
"unlabeledTemplateNumber_PredictedCDHG_splitClauses_1":["1725"],
"unlabeledBinaryVariableTemplatesNumber_Mined_splitClauses_0":["1080"],
"minedTemplateRelationSymbolNumber_Mined_splitClauses_1":["34"],
"labeledTemplateNumber_RelationalIneqs_splitClauses_1":["6"],
"relationSymbolNumberAfterSimplification_All_splitClauses_0":["253"],
"relationSymbolNumberBeforeSimplification_PredictedCDHG_splitClauses_0":["356"],
"solvability_Term_splitClauses_0":["10800000"],
"clauseNumberBeforeSimplification_PredictedCG_splitClauses_1":["154"],
"generatedPredicateNumber_Labeled_splitClauses_1":["4"],
"labeledSingleVariableTemplatesNumber_Unlabeled_splitClauses_0":["1"],
"unlabeledBinaryVariableTemplatesNumber_Empty_splitClauses_0":["1080"],
"solvingTime_Mined_splitClauses_0":["10800000"],
"unlabeledTemplateNumber_All_splitClauses_1":["1725"],
"clauseNumberAfterSimplification_Random_splitClauses_1":["151"],
"labeledBinaryVariableTemplatesNumber_Octagon_splitClauses_1":["5"],
"unlabeledBinaryVariableTemplatesNumber_Labeled_splitClauses_0":["1080"],
"smt2FileSizeByte_Octagon_splitClauses_0":["62753"],
"labeledSingleVariableTemplatesNumber_Random_splitClauses_1":["1"],
"solvability_Unlabeled_splitClauses_0":["10800000"],
"solvingTime_Unlabeled_splitClauses_0":["10800000"],
"unlabeledTemplateRelationSymbolNumber_All_splitClauses_1":["34"],
"minedTemplateNumber_Empty_splitClauses_1":["222"],
"solvability_RelationalIneqs_splitClauses_0":["10800000"],
"unlabeledTemplateRelationSymbolNumber_Labeled_splitClauses_1":["34"],
"cegarIterationNumber_RelationalEqs_splitClauses_1":["2"],
"minedSingleVariableTemplatesNumber_RelationalEqs_splitClauses_1":["217"],
"clauseNumberAfterSimplification_PredictedCDHG_splitClauses_1":["151"],
"minedBinaryVariableTemplatesNumber_RelationalIneqs_splitClauses_1":["5"],
"unlabeledBinaryVariableTemplatesNumber_Mined_splitClauses_1":["1080"],
"unlabeledBinaryVariableTemplatesNumber_PredictedCDHG_splitClauses_0":["1080"],
"solvingTime_Empty_splitClauses_1":["274"],
"labeledTemplateRelationSymbolNumber_Empty_splitClauses_1":["2"],
"generatedPredicateNumber_Term_splitClauses_0":["10800000"],
"averagePredicateSize_Empty_splitClauses_1":["1"],
"generatedPredicateNumber_PredictedCG_splitClauses_1":["10800000"],
"labeledTemplateRelationSymbolNumber_PredictedCDHG_splitClauses_1":["2"],
"predicateGeneratorTime_Mined_splitClauses_0":["10800000"],
"relationSymbolNumberBeforeSimplification_Term_splitClauses_0":["356"],
"predicateGeneratorTime_Labeled_splitClauses_0":["10800000"],
"labeledSingleVariableTemplatesNumber_Random_splitClauses_0":["1"],
"unlabeledTemplateRelationSymbolNumber_All_splitClauses_0":["34"],
"minedBinaryVariableTemplatesNumber_Labeled_splitClauses_0":["5"],
"generatedPredicateNumber_Labeled_splitClauses_0":["10800000"],
"relationSymbolNumberAfterSimplification_Empty_splitClauses_1":["253"],
"solvingTime_Mined_splitClauses_1":["194"],
"minedSingleVariableTemplatesNumber_All_splitClauses_1":["217"],
"predicateGeneratorTime_Random_splitClauses_0":["10800000"],
"cegarIterationNumber_Term_splitClauses_1":["2"],
"labeledTemplateNumber_Empty_splitClauses_1":["6"],
"clauseNumberAfterSimplification_Empty_splitClauses_1":["151"],
"minedTemplateRelationSymbolNumber_Empty_splitClauses_0":["34"],
"unlabeledSingleVariableTemplatesNumber_Term_splitClauses_0":["645"],
"minedSingleVariableTemplatesNumber_Empty_splitClauses_0":["217"],
"relationSymbolNumberAfterSimplification_Random_splitClauses_0":["253"],
"minedTemplateRelationSymbolNumber_RelationalEqs_splitClauses_0":["34"],
"cegarIterationNumber_Empty_splitClauses_0":["10800000"],
"minedBinaryVariableTemplatesNumber_RelationalEqs_splitClauses_1":["5"],
"relationSymbolNumberBeforeSimplification_PredictedCG_splitClauses_1":["356"],
"labeledSingleVariableTemplatesNumber_All_splitClauses_1":["1"],
"unlabeledTemplateRelationSymbolNumber_Octagon_splitClauses_0":["34"],
"minedTemplateRelationSymbolNumber_Unlabeled_splitClauses_0":["34"],
"labeledBinaryVariableTemplatesNumber_Mined_splitClauses_0":["5"],
"relationSymbolNumberAfterSimplification_Unlabeled_splitClauses_1":["253"],
"minedTemplateNumber_PredictedCG_splitClauses_1":["222"],
"cegarIterationNumber_Empty_splitClauses_1":["2"],
"averagePredicateSize_RelationalIneqs_splitClauses_0":["10800000"],
"solvability_All_splitClauses_1":["10800000"],
"unlabeledBinaryVariableTemplatesNumber_Term_splitClauses_1":["1080"],
"minedTemplateRelationSymbolNumber_Labeled_splitClauses_1":["34"],
"averagePredicateSize_Unlabeled_splitClauses_1":["1"],
"labeledTemplateNumber_Term_splitClauses_0":["6"],
"smt2FileSizeByte_Empty_splitClauses_1":["62753"],
"solvingTime_PredictedCG_splitClauses_0":["10800000"],
"cegarIterationNumber_All_splitClauses_1":["10800000"],
"clauseNumberBeforeSimplification_Term_splitClauses_1":["154"],
"predicateGeneratorTime_Empty_splitClauses_0":["10800000"],
"relationSymbolNumberBeforeSimplification_Empty_splitClauses_1":["356"],
"averagePredicateSize_All_splitClauses_0":["10800000"],
"unlabeledBinaryVariableTemplatesNumber_Random_splitClauses_0":["1080"],
"smt2FileSizeByte_Term_splitClauses_0":["62753"],
"averagePredicateSize_Mined_splitClauses_1":["1"],
"minedBinaryVariableTemplatesNumber_Empty_splitClauses_0":["5"],
"minedTemplateRelationSymbolNumber_All_splitClauses_1":["34"],
"labeledSingleVariableTemplatesNumber_PredictedCG_splitClauses_0":["1"],
"unlabeledBinaryVariableTemplatesNumber_RelationalIneqs_splitClauses_0":["1080"],
"unlabeledSingleVariableTemplatesNumber_RelationalIneqs_splitClauses_1":["645"],
"clauseNumberAfterSimplification_RelationalIneqs_splitClauses_0":["151"],
"unlabeledTemplateNumber_RelationalEqs_splitClauses_0":["1725"],
"unlabeledTemplateNumber_RelationalIneqs_splitClauses_1":["1725"],
"labeledTemplateRelationSymbolNumber_PredictedCG_splitClauses_1":["2"],
"labeledTemplateRelationSymbolNumber_All_splitClauses_0":["2"],
"labeledSingleVariableTemplatesNumber_Octagon_splitClauses_0":["1"],
"dummyFiled":[]
}