{
"cegarIterationNumber_Term_splitClauses_0":[1],
"cegarIterationNumber_RelationalIneqs_splitClauses_1":[1],
"cegarIterationNumber_Octagon_splitClauses_0":[1],
"solvingTime_RelationalIneqs_splitClauses_1":[108],
"solvingTime_Term_splitClauses_0":[110],
"cegarIterationNumber_RelationalIneqs_splitClauses_0":[1],
"solvingTime_RelationalIneqs_splitClauses_0":[137],
"solvingTime_Octagon_splitClauses_1":[116],
"cegarIterationNumber_RelationalEqs_splitClauses_0":[1],
"solvingTime_RelationalEqs_splitClauses_0":[109],
"solvingTime_RelationalEqs_splitClauses_1":[131],
"cegarIterationNumber_Octagon_splitClauses_1":[1],
"solvingTime_Term_splitClauses_1":[122],
"solvingTime_Octagon_splitClauses_0":[129],
"cegarIterationNumber_RelationalEqs_splitClauses_1":[1],
"cegarIterationNumber_Term_splitClauses_1":[1],
"dummyFiled":[]
}