{
"smt2FileSizeByte_All_splitClauses_1":["65627"],
"generatedPredicateNumber_All_splitClauses_1":["10800000"],
"unlabeledTemplateRelationSymbolNumber_PredictedCDHG_splitClauses_0":["23"],
"predicateGeneratorTime_Term_splitClauses_0":["10800000"],
"averagePredicateSize_Random_splitClauses_1":["10800000"],
"labeledBinaryVariableTemplatesNumber_Labeled_splitClauses_1":["18"],
"clauseNumberBeforeSimplification_All_splitClauses_1":["123"],
"minedTemplateRelationSymbolNumber_Term_splitClauses_0":["23"],
"solvingTime_Labeled_splitClauses_1":["10800000"],
"unlabeledTemplateNumber_Labeled_splitClauses_1":["1405"],
"relationSymbolNumber_Term_splitClauses_1":["142"],
"minedTemplateRelationSymbolNumber_Octagon_splitClauses_1":["23"],
"clauseNumberAfterSimplification_Mined_splitClauses_1":["82"],
"unlabeledBinaryVariableTemplatesNumber_Term_splitClauses_0":["888"],
"labeledTemplateNumber_PredictedCDHG_splitClauses_0":["18"],
"relationSymbolNumber_RelationalEqs_splitClauses_1":["142"],
"solvability_Empty_splitClauses_0":["10800000"],
"unlabeledTemplateRelationSymbolNumber_Random_splitClauses_1":["23"],
"labeledBinaryVariableTemplatesNumber_Octagon_splitClauses_0":["18"],
"minedTemplateRelationSymbolNumber_Random_splitClauses_1":["23"],
"unlabeledSingleVariableTemplatesNumber_Mined_splitClauses_0":["517"],
"unlabeledBinaryVariableTemplatesNumber_PredictedCG_splitClauses_1":["888"],
"solvability_All_splitClauses_0":["10800000"],
"predicateGeneratorTime_RelationalEqs_splitClauses_1":["10800000"],
"smt2FileSizeByte_PredictedCG_splitClauses_1":["65627"],
"labeledSingleVariableTemplatesNumber_Unlabeled_splitClauses_1":["0"],
"labeledBinaryVariableTemplatesNumber_PredictedCG_splitClauses_1":["18"],
"minedBinaryVariableTemplatesNumber_PredictedCG_splitClauses_0":["18"],
"solvability_Random_splitClauses_0":["10800000"],
"clauseNumberBeforeSimplification_PredictedCDHG_splitClauses_1":["123"],
"labeledSingleVariableTemplatesNumber_Mined_splitClauses_0":["0"],
"solvability_Unlabeled_splitClauses_1":["10800000"],
"cegarIterationNumber_Labeled_splitClauses_1":["10800000"],
"smt2FileSizeByte_Mined_splitClauses_0":["65627"],
"labeledSingleVariableTemplatesNumber_PredictedCG_splitClauses_1":["0"],
"smt2FileSizeByte_Octagon_splitClauses_1":["65627"],
"minedTemplateNumber_Labeled_splitClauses_1":["193"],
"labeledSingleVariableTemplatesNumber_RelationalIneqs_splitClauses_1":["0"],
"clauseNumberAfterSimplification_Labeled_splitClauses_1":["82"],
"smt2FileSizeByte_Random_splitClauses_0":["65627"],
"unlabeledTemplateRelationSymbolNumber_PredictedCDHG_splitClauses_1":["23"],
"labeledSingleVariableTemplatesNumber_Term_splitClauses_0":["0"],
"generatedPredicateNumber_PredictedCDHG_splitClauses_1":["10800000"],
"minedSingleVariableTemplatesNumber_Unlabeled_splitClauses_0":["175"],
"generatedPredicateNumber_Octagon_splitClauses_1":["10800000"],
"labeledSingleVariableTemplatesNumber_RelationalEqs_splitClauses_0":["0"],
"predicateGeneratorTime_PredictedCG_splitClauses_1":["10800000"],
"labeledTemplateNumber_Labeled_splitClauses_1":["18"],
"labeledSingleVariableTemplatesNumber_Empty_splitClauses_0":["0"],
"minedTemplateRelationSymbolNumber_RelationalIneqs_splitClauses_1":["23"],
"unlabeledSingleVariableTemplatesNumber_All_splitClauses_1":["517"],
"labeledBinaryVariableTemplatesNumber_PredictedCDHG_splitClauses_1":["18"],
"unlabeledSingleVariableTemplatesNumber_RelationalEqs_splitClauses_1":["517"],
"cegarIterationNumber_Term_splitClauses_0":["10800000"],
"unlabeledBinaryVariableTemplatesNumber_Labeled_splitClauses_1":["888"],
"unlabeledSingleVariableTemplatesNumber_Term_splitClauses_1":["517"],
"clauseNumberAfterSimplification_All_splitClauses_1":["82"],
"minedSingleVariableTemplatesNumber_Random_splitClauses_0":["175"],
"solvability_RelationalIneqs_splitClauses_1":["10800000"],
"minedTemplateNumber_Labeled_splitClauses_0":["193"],
"minedSingleVariableTemplatesNumber_Octagon_splitClauses_0":["175"],
"minedSingleVariableTemplatesNumber_Term_splitClauses_1":["175"],
"minedBinaryVariableTemplatesNumber_PredictedCDHG_splitClauses_1":["18"],
"generatedPredicateNumber_Mined_splitClauses_1":["13"],
"relationSymbolNumber_Octagon_splitClauses_1":["142"],
"relationSymbolNumber_Unlabeled_splitClauses_1":["142"],
"labeledSingleVariableTemplatesNumber_RelationalIneqs_splitClauses_0":["0"],
"averagePredicateSize_Mined_splitClauses_0":["10800000"],
"cegarIterationNumber_Unlabeled_splitClauses_0":["10800000"],
"minedBinaryVariableTemplatesNumber_Random_splitClauses_0":["18"],
"labeledTemplateNumber_Mined_splitClauses_1":["18"],
"labeledBinaryVariableTemplatesNumber_Random_splitClauses_0":["18"],
"unlabeledTemplateRelationSymbolNumber_Unlabeled_splitClauses_1":["23"],
"cegarIterationNumber_Mined_splitClauses_0":["10800000"],
"minedTemplateRelationSymbolNumber_Labeled_splitClauses_0":["23"],
"unlabeledBinaryVariableTemplatesNumber_RelationalIneqs_splitClauses_1":["888"],
"unlabeledBinaryVariableTemplatesNumber_Octagon_splitClauses_0":["888"],
"solvability_Mined_splitClauses_0":["10800000"],
"averagePredicateSize_RelationalEqs_splitClauses_0":["10800000"],
"clauseNumberAfterSimplification_Term_splitClauses_0":["82"],
"unlabeledTemplateNumber_Mined_splitClauses_0":["1405"],
"unlabeledTemplateNumber_PredictedCDHG_splitClauses_0":["1405"],
"cegarIterationNumber_RelationalIneqs_splitClauses_1":["10800000"],
"minedBinaryVariableTemplatesNumber_Unlabeled_splitClauses_1":["18"],
"labeledTemplateNumber_PredictedCG_splitClauses_1":["18"],
"labeledTemplateRelationSymbolNumber_Mined_splitClauses_0":["5"],
"labeledBinaryVariableTemplatesNumber_Mined_splitClauses_1":["18"],
"clauseNumberAfterSimplification_RelationalIneqs_splitClauses_1":["82"],
"minedSingleVariableTemplatesNumber_PredictedCDHG_splitClauses_0":["175"],
"solvability_Labeled_splitClauses_1":["10800000"],
"labeledSingleVariableTemplatesNumber_Octagon_splitClauses_1":["0"],
"averagePredicateSize_Random_splitClauses_0":["10800000"],
"smt2FileSizeByte_RelationalIneqs_splitClauses_0":["65627"],
"generatedPredicateNumber_Unlabeled_splitClauses_0":["10800000"],
"solvability_RelationalEqs_splitClauses_0":["10800000"],
"predicateGeneratorTime_Empty_splitClauses_1":["10800000"],
"minedSingleVariableTemplatesNumber_Mined_splitClauses_0":["175"],
"minedTemplateRelationSymbolNumber_PredictedCDHG_splitClauses_1":["23"],
"minedTemplateNumber_PredictedCG_splitClauses_0":["193"],
"averagePredicateSize_RelationalIneqs_splitClauses_1":["10800000"],
"labeledTemplateRelationSymbolNumber_Random_splitClauses_1":["5"],
"minedTemplateNumber_RelationalIneqs_splitClauses_0":["193"],
"predicateGeneratorTime_RelationalIneqs_splitClauses_0":["10800000"],
"labeledTemplateRelationSymbolNumber_Empty_splitClauses_0":["5"],
"minedBinaryVariableTemplatesNumber_Octagon_splitClauses_0":["18"],
"relationSymbolNumber_Labeled_splitClauses_0":["142"],
"labeledSingleVariableTemplatesNumber_Term_splitClauses_1":["0"],
"labeledBinaryVariableTemplatesNumber_Empty_splitClauses_0":["18"],
"minedTemplateNumber_Octagon_splitClauses_0":["193"],
"labeledBinaryVariableTemplatesNumber_Unlabeled_splitClauses_0":["18"],
"clauseNumberAfterSimplification_PredictedCDHG_splitClauses_0":["82"],
"smt2FileSizeByte_PredictedCG_splitClauses_0":["65627"],
"minedBinaryVariableTemplatesNumber_RelationalEqs_splitClauses_0":["18"],
"labeledTemplateRelationSymbolNumber_RelationalEqs_splitClauses_1":["5"],
"minedBinaryVariableTemplatesNumber_Random_splitClauses_1":["18"],
"clauseNumberAfterSimplification_Unlabeled_splitClauses_1":["82"],
"minedSingleVariableTemplatesNumber_PredictedCDHG_splitClauses_1":["175"],
"labeledBinaryVariableTemplatesNumber_Term_splitClauses_1":["18"],
"clauseNumberBeforeSimplification_Empty_splitClauses_1":["123"],
"minedBinaryVariableTemplatesNumber_Mined_splitClauses_1":["18"],
"unlabeledBinaryVariableTemplatesNumber_Unlabeled_splitClauses_1":["888"],
"unlabeledTemplateNumber_PredictedCG_splitClauses_1":["1405"],
"generatedPredicateNumber_Empty_splitClauses_0":["10800000"],
"predicateGeneratorTime_RelationalIneqs_splitClauses_1":["10800000"],
"unlabeledSingleVariableTemplatesNumber_Empty_splitClauses_0":["517"],
"cegarIterationNumber_Octagon_splitClauses_0":["10800000"],
"clauseNumberAfterSimplification_Octagon_splitClauses_1":["82"],
"unlabeledSingleVariableTemplatesNumber_Labeled_splitClauses_1":["517"],
"clauseNumberBeforeSimplification_Random_splitClauses_1":["123"],
"minedTemplateRelationSymbolNumber_All_splitClauses_0":["23"],
"unlabeledTemplateRelationSymbolNumber_RelationalEqs_splitClauses_0":["23"],
"minedSingleVariableTemplatesNumber_Unlabeled_splitClauses_1":["175"],
"clauseNumberBeforeSimplification_RelationalEqs_splitClauses_0":["123"],
"minedTemplateNumber_Unlabeled_splitClauses_0":["193"],
"generatedPredicateNumber_Octagon_splitClauses_0":["10800000"],
"predicateGeneratorTime_PredictedCDHG_splitClauses_0":["10800000"],
"clauseNumberAfterSimplification_PredictedCG_splitClauses_1":["82"],
"labeledSingleVariableTemplatesNumber_RelationalEqs_splitClauses_1":["0"],
"smt2FileSizeByte_Random_splitClauses_1":["65627"],
"averagePredicateSize_PredictedCG_splitClauses_1":["10800000"],
"cegarIterationNumber_PredictedCDHG_splitClauses_1":["10800000"],
"clauseNumberAfterSimplification_RelationalEqs_splitClauses_1":["82"],
"minedBinaryVariableTemplatesNumber_Empty_splitClauses_1":["18"],
"minedTemplateNumber_PredictedCDHG_splitClauses_0":["193"],
"labeledBinaryVariableTemplatesNumber_All_splitClauses_1":["18"],
"solvingTime_RelationalIneqs_splitClauses_1":["10800000"],
"unlabeledTemplateRelationSymbolNumber_RelationalEqs_splitClauses_1":["23"],
"smt2FileSizeByte_Unlabeled_splitClauses_0":["65627"],
"generatedPredicateNumber_All_splitClauses_0":["10800000"],
"predicateGeneratorTime_Octagon_splitClauses_1":["10800000"],
"solvability_Mined_splitClauses_1":["1"],
"minedTemplateRelationSymbolNumber_Term_splitClauses_1":["23"],
"clauseNumberAfterSimplification_Mined_splitClauses_0":["82"],
"solvability_PredictedCDHG_splitClauses_0":["10800000"],
"solvingTime_Empty_splitClauses_0":["10800000"],
"unlabeledSingleVariableTemplatesNumber_Unlabeled_splitClauses_1":["517"],
"minedTemplateNumber_Term_splitClauses_1":["193"],
"averagePredicateSize_Octagon_splitClauses_1":["10800000"],
"relationSymbolNumber_Empty_splitClauses_1":["142"],
"unlabeledSingleVariableTemplatesNumber_Octagon_splitClauses_1":["517"],
"minedTemplateRelationSymbolNumber_RelationalEqs_splitClauses_1":["23"],
"minedBinaryVariableTemplatesNumber_RelationalIneqs_splitClauses_0":["18"],
"predicateGeneratorTime_Term_splitClauses_1":["10800000"],
"solvingTime_Labeled_splitClauses_0":["10800000"],
"unlabeledBinaryVariableTemplatesNumber_PredictedCG_splitClauses_0":["888"],
"minedTemplateNumber_All_splitClauses_0":["193"],
"predicateGeneratorTime_Labeled_splitClauses_1":["10800000"],
"unlabeledTemplateRelationSymbolNumber_Empty_splitClauses_0":["23"],
"unlabeledTemplateNumber_Mined_splitClauses_1":["1405"],
"solvability_PredictedCG_splitClauses_1":["10800000"],
"unlabeledTemplateNumber_Term_splitClauses_0":["1405"],
"minedBinaryVariableTemplatesNumber_PredictedCG_splitClauses_1":["18"],
"labeledSingleVariableTemplatesNumber_PredictedCDHG_splitClauses_0":["0"],
"minedBinaryVariableTemplatesNumber_All_splitClauses_0":["18"],
"averagePredicateSize_PredictedCDHG_splitClauses_1":["10800000"],
"predicateGeneratorTime_PredictedCG_splitClauses_0":["10800000"],
"generatedPredicateNumber_RelationalIneqs_splitClauses_0":["10800000"],
"labeledTemplateNumber_Empty_splitClauses_0":["18"],
"unlabeledTemplateRelationSymbolNumber_Term_splitClauses_0":["23"],
"minedTemplateNumber_All_splitClauses_1":["193"],
"labeledSingleVariableTemplatesNumber_Empty_splitClauses_1":["0"],
"minedBinaryVariableTemplatesNumber_Unlabeled_splitClauses_0":["18"],
"labeledTemplateNumber_Random_splitClauses_0":["18"],
"minedBinaryVariableTemplatesNumber_All_splitClauses_1":["18"],
"unlabeledSingleVariableTemplatesNumber_All_splitClauses_0":["517"],
"smt2FileSizeByte_PredictedCDHG_splitClauses_1":["65627"],
"labeledBinaryVariableTemplatesNumber_PredictedCDHG_splitClauses_0":["18"],
"averagePredicateSize_RelationalEqs_splitClauses_1":["10800000"],
"minedSingleVariableTemplatesNumber_Term_splitClauses_0":["175"],
"labeledTemplateRelationSymbolNumber_Term_splitClauses_1":["5"],
"generatedPredicateNumber_Random_splitClauses_0":["10800000"],
"labeledBinaryVariableTemplatesNumber_Empty_splitClauses_1":["18"],
"clauseNumberAfterSimplification_Labeled_splitClauses_0":["82"],
"labeledSingleVariableTemplatesNumber_Labeled_splitClauses_0":["0"],
"minedTemplateNumber_Mined_splitClauses_1":["193"],
"labeledTemplateRelationSymbolNumber_Labeled_splitClauses_0":["5"],
"unlabeledTemplateRelationSymbolNumber_Mined_splitClauses_1":["23"],
"solvability_Labeled_splitClauses_0":["10800000"],
"minedTemplateNumber_RelationalEqs_splitClauses_1":["193"],
"solvingTime_Random_splitClauses_1":["10800000"],
"minedTemplateNumber_Random_splitClauses_0":["193"],
"cegarIterationNumber_Unlabeled_splitClauses_1":["10800000"],
"minedTemplateNumber_RelationalIneqs_splitClauses_1":["193"],
"unlabeledBinaryVariableTemplatesNumber_Octagon_splitClauses_1":["888"],
"minedSingleVariableTemplatesNumber_Octagon_splitClauses_1":["175"],
"minedSingleVariableTemplatesNumber_Random_splitClauses_1":["175"],
"averagePredicateSize_All_splitClauses_1":["10800000"],
"minedTemplateNumber_Empty_splitClauses_0":["193"],
"labeledTemplateNumber_Mined_splitClauses_0":["18"],
"unlabeledBinaryVariableTemplatesNumber_All_splitClauses_0":["888"],
"labeledSingleVariableTemplatesNumber_PredictedCDHG_splitClauses_1":["0"],
"minedSingleVariableTemplatesNumber_Mined_splitClauses_1":["175"],
"labeledTemplateRelationSymbolNumber_Term_splitClauses_0":["5"],
"unlabeledTemplateRelationSymbolNumber_Term_splitClauses_1":["23"],
"predicateGeneratorTime_All_splitClauses_1":["10800000"],
"unlabeledSingleVariableTemplatesNumber_Random_splitClauses_0":["517"],
"predicateGeneratorTime_Unlabeled_splitClauses_1":["10800000"],
"cegarIterationNumber_PredictedCDHG_splitClauses_0":["10800000"],
"labeledTemplateNumber_RelationalEqs_splitClauses_0":["18"],
"labeledTemplateRelationSymbolNumber_Mined_splitClauses_1":["5"],
"labeledTemplateRelationSymbolNumber_Random_splitClauses_0":["5"],
"labeledBinaryVariableTemplatesNumber_RelationalEqs_splitClauses_1":["18"],
"generatedPredicateNumber_RelationalIneqs_splitClauses_1":["10800000"],
"unlabeledTemplateRelationSymbolNumber_PredictedCG_splitClauses_1":["23"],
"unlabeledSingleVariableTemplatesNumber_RelationalEqs_splitClauses_0":["517"],
"labeledBinaryVariableTemplatesNumber_Labeled_splitClauses_0":["18"],
"minedBinaryVariableTemplatesNumber_PredictedCDHG_splitClauses_0":["18"],
"unlabeledTemplateRelationSymbolNumber_Unlabeled_splitClauses_0":["23"],
"clauseNumberAfterSimplification_Term_splitClauses_1":["82"],
"relationSymbolNumber_RelationalIneqs_splitClauses_0":["142"],
"unlabeledTemplateNumber_Octagon_splitClauses_0":["1405"],
"unlabeledBinaryVariableTemplatesNumber_RelationalEqs_splitClauses_1":["888"],
"unlabeledTemplateNumber_PredictedCG_splitClauses_0":["1405"],
"unlabeledTemplateNumber_All_splitClauses_0":["1405"],
"labeledTemplateRelationSymbolNumber_RelationalIneqs_splitClauses_1":["5"],
"unlabeledSingleVariableTemplatesNumber_Mined_splitClauses_1":["517"],
"labeledTemplateRelationSymbolNumber_Unlabeled_splitClauses_1":["5"],
"labeledBinaryVariableTemplatesNumber_Random_splitClauses_1":["18"],
"relationSymbolNumber_RelationalEqs_splitClauses_0":["142"],
"solvability_Random_splitClauses_1":["10800000"],
"solvingTime_Term_splitClauses_0":["10800000"],
"minedSingleVariableTemplatesNumber_Labeled_splitClauses_1":["175"],
"relationSymbolNumber_Random_splitClauses_0":["142"],
"clauseNumberBeforeSimplification_Term_splitClauses_0":["123"],
"minedTemplateRelationSymbolNumber_Mined_splitClauses_0":["23"],
"solvability_Octagon_splitClauses_1":["10800000"],
"relationSymbolNumber_Labeled_splitClauses_1":["142"],
"minedSingleVariableTemplatesNumber_RelationalIneqs_splitClauses_1":["175"],
"smt2FileSizeByte_Labeled_splitClauses_0":["65627"],
"solvability_RelationalEqs_splitClauses_1":["10800000"],
"unlabeledSingleVariableTemplatesNumber_Empty_splitClauses_1":["517"],
"labeledTemplateNumber_PredictedCDHG_splitClauses_1":["18"],
"minedTemplateRelationSymbolNumber_Octagon_splitClauses_0":["23"],
"clauseNumberAfterSimplification_Unlabeled_splitClauses_0":["82"],
"clauseNumberBeforeSimplification_Unlabeled_splitClauses_0":["123"],
"clauseNumberBeforeSimplification_PredictedCDHG_splitClauses_0":["123"],
"cegarIterationNumber_RelationalIneqs_splitClauses_0":["10800000"],
"relationSymbolNumber_All_splitClauses_0":["142"],
"labeledTemplateRelationSymbolNumber_RelationalEqs_splitClauses_0":["5"],
"averagePredicateSize_Labeled_splitClauses_0":["10800000"],
"smt2FileSizeByte_RelationalIneqs_splitClauses_1":["65627"],
"clauseNumberBeforeSimplification_RelationalEqs_splitClauses_1":["123"],
"unlabeledTemplateRelationSymbolNumber_RelationalIneqs_splitClauses_1":["23"],
"clauseNumberBeforeSimplification_PredictedCG_splitClauses_0":["123"],
"solvingTime_PredictedCDHG_splitClauses_0":["10800000"],
"labeledTemplateRelationSymbolNumber_Octagon_splitClauses_1":["5"],
"minedTemplateRelationSymbolNumber_PredictedCG_splitClauses_1":["23"],
"labeledTemplateNumber_Random_splitClauses_1":["18"],
"solvingTime_RelationalIneqs_splitClauses_0":["10800000"],
"labeledTemplateNumber_All_splitClauses_1":["18"],
"unlabeledTemplateNumber_Random_splitClauses_1":["1405"],
"relationSymbolNumber_PredictedCDHG_splitClauses_1":["142"],
"smt2FileSizeByte_Unlabeled_splitClauses_1":["65627"],
"cegarIterationNumber_PredictedCG_splitClauses_0":["10800000"],
"predicateGeneratorTime_Octagon_splitClauses_0":["10800000"],
"unlabeledTemplateNumber_RelationalEqs_splitClauses_1":["1405"],
"clauseNumberAfterSimplification_Octagon_splitClauses_0":["82"],
"cegarIterationNumber_Random_splitClauses_0":["10800000"],
"solvability_PredictedCDHG_splitClauses_1":["10800000"],
"solvability_PredictedCG_splitClauses_0":["10800000"],
"solvingTime_PredictedCG_splitClauses_1":["10800000"],
"unlabeledSingleVariableTemplatesNumber_Unlabeled_splitClauses_0":["517"],
"unlabeledTemplateNumber_Unlabeled_splitClauses_0":["1405"],
"labeledTemplateRelationSymbolNumber_RelationalIneqs_splitClauses_0":["5"],
"minedTemplateNumber_Random_splitClauses_1":["193"],
"relationSymbolNumber_PredictedCG_splitClauses_0":["142"],
"generatedPredicateNumber_RelationalEqs_splitClauses_0":["10800000"],
"minedTemplateNumber_Term_splitClauses_0":["193"],
"solvingTime_All_splitClauses_1":["10800000"],
"minedSingleVariableTemplatesNumber_PredictedCG_splitClauses_0":["175"],
"smt2FileSizeByte_Term_splitClauses_1":["65627"],
"labeledBinaryVariableTemplatesNumber_All_splitClauses_0":["18"],
"minedTemplateNumber_PredictedCDHG_splitClauses_1":["193"],
"minedTemplateRelationSymbolNumber_PredictedCDHG_splitClauses_0":["23"],
"averagePredicateSize_Unlabeled_splitClauses_0":["10800000"],
"minedBinaryVariableTemplatesNumber_Octagon_splitClauses_1":["18"],
"unlabeledSingleVariableTemplatesNumber_Random_splitClauses_1":["517"],
"clauseNumberBeforeSimplification_Random_splitClauses_0":["123"],
"solvingTime_Unlabeled_splitClauses_1":["10800000"],
"predicateGeneratorTime_PredictedCDHG_splitClauses_1":["10800000"],
"averagePredicateSize_PredictedCDHG_splitClauses_0":["10800000"],
"minedBinaryVariableTemplatesNumber_Term_splitClauses_0":["18"],
"labeledTemplateNumber_RelationalIneqs_splitClauses_0":["18"],
"clauseNumberAfterSimplification_Random_splitClauses_0":["82"],
"clauseNumberAfterSimplification_PredictedCG_splitClauses_0":["82"],
"generatedPredicateNumber_Empty_splitClauses_1":["10800000"],
"clauseNumberBeforeSimplification_Octagon_splitClauses_0":["123"],
"unlabeledTemplateNumber_Empty_splitClauses_0":["1405"],
"minedSingleVariableTemplatesNumber_All_splitClauses_0":["175"],
"labeledTemplateRelationSymbolNumber_Octagon_splitClauses_0":["5"],
"generatedPredicateNumber_Random_splitClauses_1":["10800000"],
"clauseNumberAfterSimplification_RelationalEqs_splitClauses_0":["82"],
"labeledBinaryVariableTemplatesNumber_Term_splitClauses_0":["18"],
"minedSingleVariableTemplatesNumber_RelationalEqs_splitClauses_0":["175"],
"minedTemplateNumber_Mined_splitClauses_0":["193"],
"averagePredicateSize_Octagon_splitClauses_0":["10800000"],
"unlabeledBinaryVariableTemplatesNumber_Empty_splitClauses_1":["888"],
"relationSymbolNumber_Unlabeled_splitClauses_0":["142"],
"unlabeledSingleVariableTemplatesNumber_PredictedCDHG_splitClauses_0":["517"],
"unlabeledSingleVariableTemplatesNumber_PredictedCG_splitClauses_1":["517"],
"labeledTemplateRelationSymbolNumber_Labeled_splitClauses_1":["5"],
"minedTemplateRelationSymbolNumber_Random_splitClauses_0":["23"],
"unlabeledTemplateRelationSymbolNumber_PredictedCG_splitClauses_0":["23"],
"unlabeledTemplateNumber_RelationalIneqs_splitClauses_0":["1405"],
"unlabeledSingleVariableTemplatesNumber_Labeled_splitClauses_0":["517"],
"minedTemplateNumber_Unlabeled_splitClauses_1":["193"],
"generatedPredicateNumber_PredictedCG_splitClauses_0":["10800000"],
"labeledTemplateNumber_Unlabeled_splitClauses_1":["18"],
"unlabeledTemplateRelationSymbolNumber_Empty_splitClauses_1":["23"],
"clauseNumberBeforeSimplification_Empty_splitClauses_0":["123"],
"solvingTime_Octagon_splitClauses_1":["10800000"],
"cegarIterationNumber_Mined_splitClauses_1":["8"],
"clauseNumberBeforeSimplification_Mined_splitClauses_1":["123"],
"smt2FileSizeByte_PredictedCDHG_splitClauses_0":["65627"],
"averagePredicateSize_PredictedCG_splitClauses_0":["10800000"],
"solvingTime_Random_splitClauses_0":["10800000"],
"minedTemplateNumber_RelationalEqs_splitClauses_0":["193"],
"unlabeledSingleVariableTemplatesNumber_RelationalIneqs_splitClauses_0":["517"],
"unlabeledTemplateNumber_Unlabeled_splitClauses_1":["1405"],
"labeledBinaryVariableTemplatesNumber_RelationalEqs_splitClauses_0":["18"],
"generatedPredicateNumber_PredictedCDHG_splitClauses_0":["10800000"],
"minedTemplateRelationSymbolNumber_Empty_splitClauses_1":["23"],
"predicateGeneratorTime_Random_splitClauses_1":["10800000"],
"labeledTemplateNumber_Term_splitClauses_1":["18"],
"minedSingleVariableTemplatesNumber_Empty_splitClauses_1":["175"],
"minedSingleVariableTemplatesNumber_RelationalIneqs_splitClauses_0":["175"],
"clauseNumberAfterSimplification_All_splitClauses_0":["82"],
"unlabeledBinaryVariableTemplatesNumber_RelationalEqs_splitClauses_0":["888"],
"cegarIterationNumber_RelationalEqs_splitClauses_0":["10800000"],
"labeledTemplateRelationSymbolNumber_PredictedCDHG_splitClauses_0":["5"],
"labeledSingleVariableTemplatesNumber_Labeled_splitClauses_1":["0"],
"unlabeledBinaryVariableTemplatesNumber_All_splitClauses_1":["888"],
"minedTemplateRelationSymbolNumber_Unlabeled_splitClauses_1":["23"],
"solvingTime_RelationalEqs_splitClauses_0":["10800000"],
"solvingTime_RelationalEqs_splitClauses_1":["10800000"],
"minedBinaryVariableTemplatesNumber_Mined_splitClauses_0":["18"],
"clauseNumberBeforeSimplification_All_splitClauses_0":["123"],
"clauseNumberBeforeSimplification_RelationalIneqs_splitClauses_1":["123"],
"labeledTemplateNumber_RelationalEqs_splitClauses_1":["18"],
"labeledBinaryVariableTemplatesNumber_RelationalIneqs_splitClauses_0":["18"],
"clauseNumberAfterSimplification_Empty_splitClauses_0":["82"],
"averagePredicateSize_Empty_splitClauses_0":["10800000"],
"relationSymbolNumber_PredictedCG_splitClauses_1":["142"],
"unlabeledTemplateNumber_Term_splitClauses_1":["1405"],
"predicateGeneratorTime_Mined_splitClauses_1":["456"],
"relationSymbolNumber_Mined_splitClauses_0":["142"],
"labeledBinaryVariableTemplatesNumber_RelationalIneqs_splitClauses_1":["18"],
"predicateGeneratorTime_Unlabeled_splitClauses_0":["10800000"],
"generatedPredicateNumber_Mined_splitClauses_0":["10800000"],
"generatedPredicateNumber_RelationalEqs_splitClauses_1":["10800000"],
"labeledTemplateRelationSymbolNumber_PredictedCG_splitClauses_0":["5"],
"minedSingleVariableTemplatesNumber_PredictedCG_splitClauses_1":["175"],
"minedTemplateRelationSymbolNumber_PredictedCG_splitClauses_0":["23"],
"unlabeledTemplateRelationSymbolNumber_Labeled_splitClauses_0":["23"],
"solvability_Empty_splitClauses_1":["10800000"],
"averagePredicateSize_Term_splitClauses_0":["10800000"],
"cegarIterationNumber_Random_splitClauses_1":["10800000"],
"relationSymbolNumber_All_splitClauses_1":["142"],
"averagePredicateSize_Labeled_splitClauses_1":["10800000"],
"unlabeledBinaryVariableTemplatesNumber_Unlabeled_splitClauses_0":["888"],
"generatedPredicateNumber_Unlabeled_splitClauses_1":["10800000"],
"predicateGeneratorTime_All_splitClauses_0":["10800000"],
"unlabeledBinaryVariableTemplatesNumber_PredictedCDHG_splitClauses_1":["888"],
"clauseNumberBeforeSimplification_Labeled_splitClauses_1":["123"],
"minedBinaryVariableTemplatesNumber_Labeled_splitClauses_1":["18"],
"labeledSingleVariableTemplatesNumber_All_splitClauses_0":["0"],
"unlabeledTemplateRelationSymbolNumber_Mined_splitClauses_0":["23"],
"cegarIterationNumber_Octagon_splitClauses_1":["10800000"],
"labeledTemplateNumber_Octagon_splitClauses_0":["18"],
"labeledTemplateRelationSymbolNumber_All_splitClauses_1":["5"],
"smt2FileSizeByte_Empty_splitClauses_0":["65627"],
"relationSymbolNumber_RelationalIneqs_splitClauses_1":["142"],
"unlabeledTemplateNumber_Octagon_splitClauses_1":["1405"],
"predicateGeneratorTime_RelationalEqs_splitClauses_0":["10800000"],
"unlabeledTemplateRelationSymbolNumber_RelationalIneqs_splitClauses_0":["23"],
"smt2FileSizeByte_RelationalEqs_splitClauses_1":["65627"],
"unlabeledTemplateNumber_Labeled_splitClauses_0":["1405"],
"relationSymbolNumber_Random_splitClauses_1":["142"],
"minedSingleVariableTemplatesNumber_Labeled_splitClauses_0":["175"],
"solvingTime_PredictedCDHG_splitClauses_1":["10800000"],
"minedTemplateNumber_Octagon_splitClauses_1":["193"],
"clauseNumberBeforeSimplification_Mined_splitClauses_0":["123"],
"smt2FileSizeByte_All_splitClauses_0":["65627"],
"solvingTime_All_splitClauses_0":["10800000"],
"minedBinaryVariableTemplatesNumber_Term_splitClauses_1":["18"],
"unlabeledTemplateRelationSymbolNumber_Random_splitClauses_0":["23"],
"cegarIterationNumber_All_splitClauses_0":["10800000"],
"smt2FileSizeByte_RelationalEqs_splitClauses_0":["65627"],
"unlabeledSingleVariableTemplatesNumber_PredictedCDHG_splitClauses_1":["517"],
"clauseNumberBeforeSimplification_Labeled_splitClauses_0":["123"],
"cegarIterationNumber_PredictedCG_splitClauses_1":["10800000"],
"labeledTemplateRelationSymbolNumber_Unlabeled_splitClauses_0":["5"],
"unlabeledTemplateRelationSymbolNumber_Octagon_splitClauses_1":["23"],
"unlabeledTemplateNumber_Empty_splitClauses_1":["1405"],
"clauseNumberBeforeSimplification_Octagon_splitClauses_1":["123"],
"labeledTemplateNumber_Unlabeled_splitClauses_0":["18"],
"labeledBinaryVariableTemplatesNumber_PredictedCG_splitClauses_0":["18"],
"solvability_Term_splitClauses_1":["10800000"],
"solvability_Octagon_splitClauses_0":["10800000"],
"minedTemplateRelationSymbolNumber_RelationalIneqs_splitClauses_0":["23"],
"clauseNumberBeforeSimplification_RelationalIneqs_splitClauses_0":["123"],
"labeledTemplateNumber_PredictedCG_splitClauses_0":["18"],
"cegarIterationNumber_Labeled_splitClauses_0":["10800000"],
"smt2FileSizeByte_Labeled_splitClauses_1":["65627"],
"clauseNumberBeforeSimplification_Unlabeled_splitClauses_1":["123"],
"generatedPredicateNumber_Term_splitClauses_1":["10800000"],
"solvingTime_Term_splitClauses_1":["10800000"],
"unlabeledBinaryVariableTemplatesNumber_Random_splitClauses_1":["888"],
"unlabeledSingleVariableTemplatesNumber_Octagon_splitClauses_0":["517"],
"solvingTime_Octagon_splitClauses_0":["10800000"],
"labeledSingleVariableTemplatesNumber_Mined_splitClauses_1":["0"],
"averagePredicateSize_Term_splitClauses_1":["10800000"],
"labeledTemplateNumber_Labeled_splitClauses_0":["18"],
"unlabeledSingleVariableTemplatesNumber_PredictedCG_splitClauses_0":["517"],
"smt2FileSizeByte_Mined_splitClauses_1":["65627"],
"labeledBinaryVariableTemplatesNumber_Unlabeled_splitClauses_1":["18"],
"labeledTemplateNumber_All_splitClauses_0":["18"],
"unlabeledTemplateNumber_Random_splitClauses_0":["1405"],
"labeledTemplateNumber_Octagon_splitClauses_1":["18"],
"unlabeledTemplateNumber_PredictedCDHG_splitClauses_1":["1405"],
"unlabeledBinaryVariableTemplatesNumber_Mined_splitClauses_0":["888"],
"minedTemplateRelationSymbolNumber_Mined_splitClauses_1":["23"],
"labeledTemplateNumber_RelationalIneqs_splitClauses_1":["18"],
"solvability_Term_splitClauses_0":["10800000"],
"relationSymbolNumber_Octagon_splitClauses_0":["142"],
"clauseNumberBeforeSimplification_PredictedCG_splitClauses_1":["123"],
"generatedPredicateNumber_Labeled_splitClauses_1":["10800000"],
"labeledSingleVariableTemplatesNumber_Unlabeled_splitClauses_0":["0"],
"unlabeledBinaryVariableTemplatesNumber_Empty_splitClauses_0":["888"],
"solvingTime_Mined_splitClauses_0":["10800000"],
"unlabeledTemplateNumber_All_splitClauses_1":["1405"],
"clauseNumberAfterSimplification_Random_splitClauses_1":["82"],
"labeledBinaryVariableTemplatesNumber_Octagon_splitClauses_1":["18"],
"unlabeledBinaryVariableTemplatesNumber_Labeled_splitClauses_0":["888"],
"smt2FileSizeByte_Octagon_splitClauses_0":["65627"],
"labeledSingleVariableTemplatesNumber_Random_splitClauses_1":["0"],
"solvability_Unlabeled_splitClauses_0":["10800000"],
"solvingTime_Unlabeled_splitClauses_0":["10800000"],
"unlabeledTemplateRelationSymbolNumber_All_splitClauses_1":["23"],
"minedTemplateNumber_Empty_splitClauses_1":["193"],
"solvability_RelationalIneqs_splitClauses_0":["10800000"],
"unlabeledTemplateRelationSymbolNumber_Labeled_splitClauses_1":["23"],
"cegarIterationNumber_RelationalEqs_splitClauses_1":["10800000"],
"minedSingleVariableTemplatesNumber_RelationalEqs_splitClauses_1":["175"],
"clauseNumberAfterSimplification_PredictedCDHG_splitClauses_1":["82"],
"minedBinaryVariableTemplatesNumber_RelationalIneqs_splitClauses_1":["18"],
"unlabeledBinaryVariableTemplatesNumber_Mined_splitClauses_1":["888"],
"unlabeledBinaryVariableTemplatesNumber_PredictedCDHG_splitClauses_0":["888"],
"solvingTime_Empty_splitClauses_1":["10800000"],
"labeledTemplateRelationSymbolNumber_Empty_splitClauses_1":["5"],
"generatedPredicateNumber_Term_splitClauses_0":["10800000"],
"averagePredicateSize_Empty_splitClauses_1":["10800000"],
"generatedPredicateNumber_PredictedCG_splitClauses_1":["10800000"],
"labeledTemplateRelationSymbolNumber_PredictedCDHG_splitClauses_1":["5"],
"relationSymbolNumber_Mined_splitClauses_1":["142"],
"predicateGeneratorTime_Mined_splitClauses_0":["10800000"],
"predicateGeneratorTime_Labeled_splitClauses_0":["10800000"],
"labeledSingleVariableTemplatesNumber_Random_splitClauses_0":["0"],
"unlabeledTemplateRelationSymbolNumber_All_splitClauses_0":["23"],
"minedBinaryVariableTemplatesNumber_Labeled_splitClauses_0":["18"],
"generatedPredicateNumber_Labeled_splitClauses_0":["10800000"],
"relationSymbolNumber_Empty_splitClauses_0":["142"],
"solvingTime_Mined_splitClauses_1":["661"],
"minedSingleVariableTemplatesNumber_All_splitClauses_1":["175"],
"predicateGeneratorTime_Random_splitClauses_0":["10800000"],
"cegarIterationNumber_Term_splitClauses_1":["10800000"],
"labeledTemplateNumber_Empty_splitClauses_1":["18"],
"clauseNumberAfterSimplification_Empty_splitClauses_1":["82"],
"minedTemplateRelationSymbolNumber_Empty_splitClauses_0":["23"],
"unlabeledSingleVariableTemplatesNumber_Term_splitClauses_0":["517"],
"minedSingleVariableTemplatesNumber_Empty_splitClauses_0":["175"],
"minedTemplateRelationSymbolNumber_RelationalEqs_splitClauses_0":["23"],
"cegarIterationNumber_Empty_splitClauses_0":["10800000"],
"minedBinaryVariableTemplatesNumber_RelationalEqs_splitClauses_1":["18"],
"labeledSingleVariableTemplatesNumber_All_splitClauses_1":["0"],
"unlabeledTemplateRelationSymbolNumber_Octagon_splitClauses_0":["23"],
"minedTemplateRelationSymbolNumber_Unlabeled_splitClauses_0":["23"],
"labeledBinaryVariableTemplatesNumber_Mined_splitClauses_0":["18"],
"minedTemplateNumber_PredictedCG_splitClauses_1":["193"],
"cegarIterationNumber_Empty_splitClauses_1":["10800000"],
"averagePredicateSize_RelationalIneqs_splitClauses_0":["10800000"],
"solvability_All_splitClauses_1":["10800000"],
"unlabeledBinaryVariableTemplatesNumber_Term_splitClauses_1":["888"],
"relationSymbolNumber_PredictedCDHG_splitClauses_0":["142"],
"minedTemplateRelationSymbolNumber_Labeled_splitClauses_1":["23"],
"averagePredicateSize_Unlabeled_splitClauses_1":["10800000"],
"labeledTemplateNumber_Term_splitClauses_0":["18"],
"smt2FileSizeByte_Empty_splitClauses_1":["65627"],
"solvingTime_PredictedCG_splitClauses_0":["10800000"],
"relationSymbolNumber_Term_splitClauses_0":["142"],
"cegarIterationNumber_All_splitClauses_1":["10800000"],
"clauseNumberBeforeSimplification_Term_splitClauses_1":["123"],
"predicateGeneratorTime_Empty_splitClauses_0":["10800000"],
"averagePredicateSize_All_splitClauses_0":["10800000"],
"unlabeledBinaryVariableTemplatesNumber_Random_splitClauses_0":["888"],
"smt2FileSizeByte_Term_splitClauses_0":["65627"],
"averagePredicateSize_Mined_splitClauses_1":["1"],
"minedBinaryVariableTemplatesNumber_Empty_splitClauses_0":["18"],
"minedTemplateRelationSymbolNumber_All_splitClauses_1":["23"],
"labeledSingleVariableTemplatesNumber_PredictedCG_splitClauses_0":["0"],
"unlabeledBinaryVariableTemplatesNumber_RelationalIneqs_splitClauses_0":["888"],
"unlabeledSingleVariableTemplatesNumber_RelationalIneqs_splitClauses_1":["517"],
"clauseNumberAfterSimplification_RelationalIneqs_splitClauses_0":["82"],
"unlabeledTemplateNumber_RelationalEqs_splitClauses_0":["1405"],
"unlabeledTemplateNumber_RelationalIneqs_splitClauses_1":["1405"],
"labeledTemplateRelationSymbolNumber_PredictedCG_splitClauses_1":["5"],
"labeledTemplateRelationSymbolNumber_All_splitClauses_0":["5"],
"labeledSingleVariableTemplatesNumber_Octagon_splitClauses_0":["0"],
"dummyFiled":[]
}