{
"cegarIterationNumber_Term_splitClauses_0":[3],
"cegarIterationNumber_RelationalIneqs_splitClauses_1":[3],
"cegarIterationNumber_Octagon_splitClauses_0":[3],
"solvingTime_RelationalIneqs_splitClauses_1":[310],
"solvingTime_Term_splitClauses_0":[362],
"cegarIterationNumber_RelationalIneqs_splitClauses_0":[3],
"solvingTime_RelationalIneqs_splitClauses_0":[385],
"solvingTime_Octagon_splitClauses_1":[313],
"cegarIterationNumber_RelationalEqs_splitClauses_0":[3],
"solvingTime_RelationalEqs_splitClauses_0":[329],
"solvingTime_RelationalEqs_splitClauses_1":[347],
"cegarIterationNumber_Octagon_splitClauses_1":[3],
"solvingTime_Term_splitClauses_1":[256],
"solvingTime_Octagon_splitClauses_0":[309],
"cegarIterationNumber_RelationalEqs_splitClauses_1":[3],
"cegarIterationNumber_Term_splitClauses_1":[3],
"dummyFiled":[]
}