{
"smt2FileSizeByte_All_splitClauses_1":["4940"],
"generatedPredicateNumber_All_splitClauses_1":["10800000"],
"unlabeledTemplateRelationSymbolNumber_PredictedCDHG_splitClauses_0":["1"],
"relationSymbolNumberBeforeSimplification_Unlabeled_splitClauses_1":["24"],
"predicateGeneratorTime_Term_splitClauses_0":["10800000"],
"averagePredicateSize_Random_splitClauses_1":["1"],
"labeledBinaryVariableTemplatesNumber_Labeled_splitClauses_1":["1"],
"clauseNumberBeforeSimplification_All_splitClauses_1":["12"],
"minedTemplateRelationSymbolNumber_Term_splitClauses_0":["1"],
"solvingTime_Labeled_splitClauses_1":["6608"],
"unlabeledTemplateNumber_Labeled_splitClauses_1":["24"],
"relationSymbolNumberAfterSimplification_All_splitClauses_1":["230"],
"minedTemplateRelationSymbolNumber_Octagon_splitClauses_1":["1"],
"clauseNumberAfterSimplification_Mined_splitClauses_1":["121"],
"relationSymbolNumberBeforeSimplification_Octagon_splitClauses_0":["24"],
"unlabeledBinaryVariableTemplatesNumber_Term_splitClauses_0":["12"],
"labeledTemplateNumber_PredictedCDHG_splitClauses_0":["3"],
"solvability_Empty_splitClauses_0":["10800000"],
"unlabeledTemplateRelationSymbolNumber_Random_splitClauses_1":["1"],
"labeledBinaryVariableTemplatesNumber_Octagon_splitClauses_0":["1"],
"relationSymbolNumberBeforeSimplification_Random_splitClauses_1":["24"],
"minedTemplateRelationSymbolNumber_Random_splitClauses_1":["1"],
"unlabeledSingleVariableTemplatesNumber_Mined_splitClauses_0":["12"],
"unlabeledBinaryVariableTemplatesNumber_PredictedCG_splitClauses_1":["12"],
"solvability_All_splitClauses_0":["10800000"],
"predicateGeneratorTime_RelationalEqs_splitClauses_1":["8560"],
"relationSymbolNumberBeforeSimplification_PredictedCDHG_splitClauses_1":["24"],
"smt2FileSizeByte_PredictedCG_splitClauses_1":["4940"],
"labeledSingleVariableTemplatesNumber_Unlabeled_splitClauses_1":["2"],
"labeledBinaryVariableTemplatesNumber_PredictedCG_splitClauses_1":["1"],
"minedBinaryVariableTemplatesNumber_PredictedCG_splitClauses_0":["1"],
"solvability_Random_splitClauses_0":["10800000"],
"relationSymbolNumberAfterSimplification_PredictedCG_splitClauses_1":["230"],
"clauseNumberBeforeSimplification_PredictedCDHG_splitClauses_1":["12"],
"labeledSingleVariableTemplatesNumber_Mined_splitClauses_0":["2"],
"solvability_Unlabeled_splitClauses_1":["1"],
"cegarIterationNumber_Labeled_splitClauses_1":["12"],
"smt2FileSizeByte_Mined_splitClauses_0":["4940"],
"relationSymbolNumberAfterSimplification_Mined_splitClauses_0":["230"],
"labeledSingleVariableTemplatesNumber_PredictedCG_splitClauses_1":["2"],
"smt2FileSizeByte_Octagon_splitClauses_1":["4940"],
"minedTemplateNumber_Labeled_splitClauses_1":["7"],
"labeledSingleVariableTemplatesNumber_RelationalIneqs_splitClauses_1":["2"],
"clauseNumberAfterSimplification_Labeled_splitClauses_1":["121"],
"relationSymbolNumberAfterSimplification_Labeled_splitClauses_0":["230"],
"smt2FileSizeByte_Random_splitClauses_0":["4940"],
"relationSymbolNumberAfterSimplification_PredictedCDHG_splitClauses_0":["230"],
"unlabeledTemplateRelationSymbolNumber_PredictedCDHG_splitClauses_1":["1"],
"labeledSingleVariableTemplatesNumber_Term_splitClauses_0":["2"],
"generatedPredicateNumber_PredictedCDHG_splitClauses_1":["10800000"],
"minedSingleVariableTemplatesNumber_Unlabeled_splitClauses_0":["6"],
"generatedPredicateNumber_Octagon_splitClauses_1":["24"],
"labeledSingleVariableTemplatesNumber_RelationalEqs_splitClauses_0":["2"],
"predicateGeneratorTime_PredictedCG_splitClauses_1":["10800000"],
"relationSymbolNumberAfterSimplification_Octagon_splitClauses_0":["230"],
"labeledTemplateNumber_Labeled_splitClauses_1":["3"],
"labeledSingleVariableTemplatesNumber_Empty_splitClauses_0":["2"],
"minedTemplateRelationSymbolNumber_RelationalIneqs_splitClauses_1":["1"],
"unlabeledSingleVariableTemplatesNumber_All_splitClauses_1":["12"],
"labeledBinaryVariableTemplatesNumber_PredictedCDHG_splitClauses_1":["1"],
"unlabeledSingleVariableTemplatesNumber_RelationalEqs_splitClauses_1":["12"],
"cegarIterationNumber_Term_splitClauses_0":["10800000"],
"unlabeledBinaryVariableTemplatesNumber_Labeled_splitClauses_1":["12"],
"unlabeledSingleVariableTemplatesNumber_Term_splitClauses_1":["12"],
"clauseNumberAfterSimplification_All_splitClauses_1":["121"],
"minedSingleVariableTemplatesNumber_Random_splitClauses_0":["6"],
"solvability_RelationalIneqs_splitClauses_1":["1"],
"minedTemplateNumber_Labeled_splitClauses_0":["7"],
"minedSingleVariableTemplatesNumber_Octagon_splitClauses_0":["6"],
"minedSingleVariableTemplatesNumber_Term_splitClauses_1":["6"],
"minedBinaryVariableTemplatesNumber_PredictedCDHG_splitClauses_1":["1"],
"generatedPredicateNumber_Mined_splitClauses_1":["30"],
"labeledSingleVariableTemplatesNumber_RelationalIneqs_splitClauses_0":["2"],
"averagePredicateSize_Mined_splitClauses_0":["10800000"],
"cegarIterationNumber_Unlabeled_splitClauses_0":["10800000"],
"minedBinaryVariableTemplatesNumber_Random_splitClauses_0":["1"],
"labeledTemplateNumber_Mined_splitClauses_1":["3"],
"labeledBinaryVariableTemplatesNumber_Random_splitClauses_0":["1"],
"unlabeledTemplateRelationSymbolNumber_Unlabeled_splitClauses_1":["1"],
"cegarIterationNumber_Mined_splitClauses_0":["10800000"],
"minedTemplateRelationSymbolNumber_Labeled_splitClauses_0":["1"],
"unlabeledBinaryVariableTemplatesNumber_RelationalIneqs_splitClauses_1":["12"],
"unlabeledBinaryVariableTemplatesNumber_Octagon_splitClauses_0":["12"],
"solvability_Mined_splitClauses_0":["10800000"],
"averagePredicateSize_RelationalEqs_splitClauses_0":["10800000"],
"clauseNumberAfterSimplification_Term_splitClauses_0":["121"],
"unlabeledTemplateNumber_Mined_splitClauses_0":["24"],
"relationSymbolNumberAfterSimplification_Random_splitClauses_1":["230"],
"unlabeledTemplateNumber_PredictedCDHG_splitClauses_0":["24"],
"cegarIterationNumber_RelationalIneqs_splitClauses_1":["14"],
"minedBinaryVariableTemplatesNumber_Unlabeled_splitClauses_1":["1"],
"labeledTemplateNumber_PredictedCG_splitClauses_1":["3"],
"labeledTemplateRelationSymbolNumber_Mined_splitClauses_0":["1"],
"labeledBinaryVariableTemplatesNumber_Mined_splitClauses_1":["1"],
"relationSymbolNumberBeforeSimplification_Mined_splitClauses_0":["24"],
"relationSymbolNumberBeforeSimplification_RelationalIneqs_splitClauses_0":["24"],
"clauseNumberAfterSimplification_RelationalIneqs_splitClauses_1":["121"],
"minedSingleVariableTemplatesNumber_PredictedCDHG_splitClauses_0":["6"],
"solvability_Labeled_splitClauses_1":["1"],
"labeledSingleVariableTemplatesNumber_Octagon_splitClauses_1":["2"],
"averagePredicateSize_Random_splitClauses_0":["10800000"],
"smt2FileSizeByte_RelationalIneqs_splitClauses_0":["4940"],
"generatedPredicateNumber_Unlabeled_splitClauses_0":["10800000"],
"solvability_RelationalEqs_splitClauses_0":["10800000"],
"predicateGeneratorTime_Empty_splitClauses_1":["770"],
"minedSingleVariableTemplatesNumber_Mined_splitClauses_0":["6"],
"relationSymbolNumberAfterSimplification_Unlabeled_splitClauses_0":["230"],
"minedTemplateRelationSymbolNumber_PredictedCDHG_splitClauses_1":["1"],
"minedTemplateNumber_PredictedCG_splitClauses_0":["7"],
"averagePredicateSize_RelationalIneqs_splitClauses_1":["1"],
"labeledTemplateRelationSymbolNumber_Random_splitClauses_1":["1"],
"minedTemplateNumber_RelationalIneqs_splitClauses_0":["7"],
"predicateGeneratorTime_RelationalIneqs_splitClauses_0":["10800000"],
"labeledTemplateRelationSymbolNumber_Empty_splitClauses_0":["1"],
"minedBinaryVariableTemplatesNumber_Octagon_splitClauses_0":["1"],
"labeledSingleVariableTemplatesNumber_Term_splitClauses_1":["2"],
"labeledBinaryVariableTemplatesNumber_Empty_splitClauses_0":["1"],
"minedTemplateNumber_Octagon_splitClauses_0":["7"],
"labeledBinaryVariableTemplatesNumber_Unlabeled_splitClauses_0":["1"],
"relationSymbolNumberBeforeSimplification_Empty_splitClauses_0":["24"],
"clauseNumberAfterSimplification_PredictedCDHG_splitClauses_0":["121"],
"smt2FileSizeByte_PredictedCG_splitClauses_0":["4940"],
"minedBinaryVariableTemplatesNumber_RelationalEqs_splitClauses_0":["1"],
"relationSymbolNumberBeforeSimplification_Unlabeled_splitClauses_0":["24"],
"labeledTemplateRelationSymbolNumber_RelationalEqs_splitClauses_1":["1"],
"minedBinaryVariableTemplatesNumber_Random_splitClauses_1":["1"],
"clauseNumberAfterSimplification_Unlabeled_splitClauses_1":["121"],
"minedSingleVariableTemplatesNumber_PredictedCDHG_splitClauses_1":["6"],
"labeledBinaryVariableTemplatesNumber_Term_splitClauses_1":["1"],
"clauseNumberBeforeSimplification_Empty_splitClauses_1":["12"],
"relationSymbolNumberAfterSimplification_Octagon_splitClauses_1":["230"],
"relationSymbolNumberAfterSimplification_Term_splitClauses_0":["230"],
"minedBinaryVariableTemplatesNumber_Mined_splitClauses_1":["1"],
"unlabeledBinaryVariableTemplatesNumber_Unlabeled_splitClauses_1":["12"],
"relationSymbolNumberBeforeSimplification_Random_splitClauses_0":["24"],
"relationSymbolNumberAfterSimplification_PredictedCDHG_splitClauses_1":["230"],
"unlabeledTemplateNumber_PredictedCG_splitClauses_1":["24"],
"generatedPredicateNumber_Empty_splitClauses_0":["10800000"],
"predicateGeneratorTime_RelationalIneqs_splitClauses_1":["8777"],
"unlabeledSingleVariableTemplatesNumber_Empty_splitClauses_0":["12"],
"cegarIterationNumber_Octagon_splitClauses_0":["10800000"],
"clauseNumberAfterSimplification_Octagon_splitClauses_1":["121"],
"unlabeledSingleVariableTemplatesNumber_Labeled_splitClauses_1":["12"],
"clauseNumberBeforeSimplification_Random_splitClauses_1":["12"],
"minedTemplateRelationSymbolNumber_All_splitClauses_0":["1"],
"unlabeledTemplateRelationSymbolNumber_RelationalEqs_splitClauses_0":["1"],
"minedSingleVariableTemplatesNumber_Unlabeled_splitClauses_1":["6"],
"clauseNumberBeforeSimplification_RelationalEqs_splitClauses_0":["12"],
"minedTemplateNumber_Unlabeled_splitClauses_0":["7"],
"generatedPredicateNumber_Octagon_splitClauses_0":["10800000"],
"predicateGeneratorTime_PredictedCDHG_splitClauses_0":["10800000"],
"clauseNumberAfterSimplification_PredictedCG_splitClauses_1":["121"],
"labeledSingleVariableTemplatesNumber_RelationalEqs_splitClauses_1":["2"],
"smt2FileSizeByte_Random_splitClauses_1":["4940"],
"averagePredicateSize_PredictedCG_splitClauses_1":["10800000"],
"cegarIterationNumber_PredictedCDHG_splitClauses_1":["10800000"],
"clauseNumberAfterSimplification_RelationalEqs_splitClauses_1":["121"],
"minedBinaryVariableTemplatesNumber_Empty_splitClauses_1":["1"],
"relationSymbolNumberAfterSimplification_RelationalEqs_splitClauses_1":["230"],
"minedTemplateNumber_PredictedCDHG_splitClauses_0":["7"],
"labeledBinaryVariableTemplatesNumber_All_splitClauses_1":["1"],
"solvingTime_RelationalIneqs_splitClauses_1":["19125"],
"unlabeledTemplateRelationSymbolNumber_RelationalEqs_splitClauses_1":["1"],
"smt2FileSizeByte_Unlabeled_splitClauses_0":["4940"],
"relationSymbolNumberBeforeSimplification_Mined_splitClauses_1":["24"],
"relationSymbolNumberAfterSimplification_Mined_splitClauses_1":["230"],
"generatedPredicateNumber_All_splitClauses_0":["10800000"],
"relationSymbolNumberBeforeSimplification_Octagon_splitClauses_1":["24"],
"predicateGeneratorTime_Octagon_splitClauses_1":["6575"],
"solvability_Mined_splitClauses_1":["1"],
"minedTemplateRelationSymbolNumber_Term_splitClauses_1":["1"],
"clauseNumberAfterSimplification_Mined_splitClauses_0":["121"],
"solvability_PredictedCDHG_splitClauses_0":["10800000"],
"solvingTime_Empty_splitClauses_0":["10800000"],
"unlabeledSingleVariableTemplatesNumber_Unlabeled_splitClauses_1":["12"],
"minedTemplateNumber_Term_splitClauses_1":["7"],
"averagePredicateSize_Octagon_splitClauses_1":["1"],
"unlabeledSingleVariableTemplatesNumber_Octagon_splitClauses_1":["12"],
"minedTemplateRelationSymbolNumber_RelationalEqs_splitClauses_1":["1"],
"relationSymbolNumberBeforeSimplification_All_splitClauses_1":["24"],
"minedBinaryVariableTemplatesNumber_RelationalIneqs_splitClauses_0":["1"],
"predicateGeneratorTime_Term_splitClauses_1":["1248"],
"solvingTime_Labeled_splitClauses_0":["10800000"],
"unlabeledBinaryVariableTemplatesNumber_PredictedCG_splitClauses_0":["12"],
"minedTemplateNumber_All_splitClauses_0":["7"],
"predicateGeneratorTime_Labeled_splitClauses_1":["1136"],
"unlabeledTemplateRelationSymbolNumber_Empty_splitClauses_0":["1"],
"unlabeledTemplateNumber_Mined_splitClauses_1":["24"],
"solvability_PredictedCG_splitClauses_1":["10800000"],
"unlabeledTemplateNumber_Term_splitClauses_0":["24"],
"minedBinaryVariableTemplatesNumber_PredictedCG_splitClauses_1":["1"],
"labeledSingleVariableTemplatesNumber_PredictedCDHG_splitClauses_0":["2"],
"minedBinaryVariableTemplatesNumber_All_splitClauses_0":["1"],
"averagePredicateSize_PredictedCDHG_splitClauses_1":["10800000"],
"predicateGeneratorTime_PredictedCG_splitClauses_0":["10800000"],
"generatedPredicateNumber_RelationalIneqs_splitClauses_0":["10800000"],
"labeledTemplateNumber_Empty_splitClauses_0":["3"],
"relationSymbolNumberAfterSimplification_RelationalIneqs_splitClauses_1":["230"],
"unlabeledTemplateRelationSymbolNumber_Term_splitClauses_0":["1"],
"minedTemplateNumber_All_splitClauses_1":["7"],
"labeledSingleVariableTemplatesNumber_Empty_splitClauses_1":["2"],
"minedBinaryVariableTemplatesNumber_Unlabeled_splitClauses_0":["1"],
"labeledTemplateNumber_Random_splitClauses_0":["3"],
"minedBinaryVariableTemplatesNumber_All_splitClauses_1":["1"],
"unlabeledSingleVariableTemplatesNumber_All_splitClauses_0":["12"],
"relationSymbolNumberBeforeSimplification_Labeled_splitClauses_1":["24"],
"smt2FileSizeByte_PredictedCDHG_splitClauses_1":["4940"],
"labeledBinaryVariableTemplatesNumber_PredictedCDHG_splitClauses_0":["1"],
"averagePredicateSize_RelationalEqs_splitClauses_1":["1"],
"minedSingleVariableTemplatesNumber_Term_splitClauses_0":["6"],
"labeledTemplateRelationSymbolNumber_Term_splitClauses_1":["1"],
"generatedPredicateNumber_Random_splitClauses_0":["10800000"],
"labeledBinaryVariableTemplatesNumber_Empty_splitClauses_1":["1"],
"relationSymbolNumberAfterSimplification_Term_splitClauses_1":["230"],
"clauseNumberAfterSimplification_Labeled_splitClauses_0":["121"],
"labeledSingleVariableTemplatesNumber_Labeled_splitClauses_0":["2"],
"minedTemplateNumber_Mined_splitClauses_1":["7"],
"labeledTemplateRelationSymbolNumber_Labeled_splitClauses_0":["1"],
"unlabeledTemplateRelationSymbolNumber_Mined_splitClauses_1":["1"],
"solvability_Labeled_splitClauses_0":["10800000"],
"minedTemplateNumber_RelationalEqs_splitClauses_1":["7"],
"solvingTime_Random_splitClauses_1":["5233"],
"minedTemplateNumber_Random_splitClauses_0":["7"],
"cegarIterationNumber_Unlabeled_splitClauses_1":["9"],
"minedTemplateNumber_RelationalIneqs_splitClauses_1":["7"],
"unlabeledBinaryVariableTemplatesNumber_Octagon_splitClauses_1":["12"],
"minedSingleVariableTemplatesNumber_Octagon_splitClauses_1":["6"],
"minedSingleVariableTemplatesNumber_Random_splitClauses_1":["6"],
"averagePredicateSize_All_splitClauses_1":["10800000"],
"minedTemplateNumber_Empty_splitClauses_0":["7"],
"labeledTemplateNumber_Mined_splitClauses_0":["3"],
"unlabeledBinaryVariableTemplatesNumber_All_splitClauses_0":["12"],
"relationSymbolNumberAfterSimplification_Labeled_splitClauses_1":["230"],
"labeledSingleVariableTemplatesNumber_PredictedCDHG_splitClauses_1":["2"],
"minedSingleVariableTemplatesNumber_Mined_splitClauses_1":["6"],
"labeledTemplateRelationSymbolNumber_Term_splitClauses_0":["1"],
"unlabeledTemplateRelationSymbolNumber_Term_splitClauses_1":["1"],
"predicateGeneratorTime_All_splitClauses_1":["10800000"],
"unlabeledSingleVariableTemplatesNumber_Random_splitClauses_0":["12"],
"predicateGeneratorTime_Unlabeled_splitClauses_1":["6694"],
"cegarIterationNumber_PredictedCDHG_splitClauses_0":["10800000"],
"labeledTemplateNumber_RelationalEqs_splitClauses_0":["3"],
"labeledTemplateRelationSymbolNumber_Mined_splitClauses_1":["1"],
"labeledTemplateRelationSymbolNumber_Random_splitClauses_0":["1"],
"labeledBinaryVariableTemplatesNumber_RelationalEqs_splitClauses_1":["1"],
"generatedPredicateNumber_RelationalIneqs_splitClauses_1":["37"],
"unlabeledTemplateRelationSymbolNumber_PredictedCG_splitClauses_1":["1"],
"unlabeledSingleVariableTemplatesNumber_RelationalEqs_splitClauses_0":["12"],
"labeledBinaryVariableTemplatesNumber_Labeled_splitClauses_0":["1"],
"minedBinaryVariableTemplatesNumber_PredictedCDHG_splitClauses_0":["1"],
"unlabeledTemplateRelationSymbolNumber_Unlabeled_splitClauses_0":["1"],
"clauseNumberAfterSimplification_Term_splitClauses_1":["121"],
"unlabeledTemplateNumber_Octagon_splitClauses_0":["24"],
"unlabeledBinaryVariableTemplatesNumber_RelationalEqs_splitClauses_1":["12"],
"unlabeledTemplateNumber_PredictedCG_splitClauses_0":["24"],
"unlabeledTemplateNumber_All_splitClauses_0":["24"],
"labeledTemplateRelationSymbolNumber_RelationalIneqs_splitClauses_1":["1"],
"unlabeledSingleVariableTemplatesNumber_Mined_splitClauses_1":["12"],
"labeledTemplateRelationSymbolNumber_Unlabeled_splitClauses_1":["1"],
"labeledBinaryVariableTemplatesNumber_Random_splitClauses_1":["1"],
"solvability_Random_splitClauses_1":["1"],
"solvingTime_Term_splitClauses_0":["10800000"],
"minedSingleVariableTemplatesNumber_Labeled_splitClauses_1":["6"],
"clauseNumberBeforeSimplification_Term_splitClauses_0":["12"],
"relationSymbolNumberBeforeSimplification_RelationalIneqs_splitClauses_1":["24"],
"minedTemplateRelationSymbolNumber_Mined_splitClauses_0":["1"],
"solvability_Octagon_splitClauses_1":["1"],
"minedSingleVariableTemplatesNumber_RelationalIneqs_splitClauses_1":["6"],
"smt2FileSizeByte_Labeled_splitClauses_0":["4940"],
"solvability_RelationalEqs_splitClauses_1":["1"],
"unlabeledSingleVariableTemplatesNumber_Empty_splitClauses_1":["12"],
"labeledTemplateNumber_PredictedCDHG_splitClauses_1":["3"],
"minedTemplateRelationSymbolNumber_Octagon_splitClauses_0":["1"],
"clauseNumberAfterSimplification_Unlabeled_splitClauses_0":["121"],
"clauseNumberBeforeSimplification_Unlabeled_splitClauses_0":["12"],
"clauseNumberBeforeSimplification_PredictedCDHG_splitClauses_0":["12"],
"cegarIterationNumber_RelationalIneqs_splitClauses_0":["10800000"],
"labeledTemplateRelationSymbolNumber_RelationalEqs_splitClauses_0":["1"],
"averagePredicateSize_Labeled_splitClauses_0":["10800000"],
"smt2FileSizeByte_RelationalIneqs_splitClauses_1":["4940"],
"clauseNumberBeforeSimplification_RelationalEqs_splitClauses_1":["12"],
"unlabeledTemplateRelationSymbolNumber_RelationalIneqs_splitClauses_1":["1"],
"clauseNumberBeforeSimplification_PredictedCG_splitClauses_0":["12"],
"solvingTime_PredictedCDHG_splitClauses_0":["10800000"],
"labeledTemplateRelationSymbolNumber_Octagon_splitClauses_1":["1"],
"minedTemplateRelationSymbolNumber_PredictedCG_splitClauses_1":["1"],
"relationSymbolNumberBeforeSimplification_RelationalEqs_splitClauses_1":["24"],
"labeledTemplateNumber_Random_splitClauses_1":["3"],
"solvingTime_RelationalIneqs_splitClauses_0":["10800000"],
"labeledTemplateNumber_All_splitClauses_1":["3"],
"unlabeledTemplateNumber_Random_splitClauses_1":["24"],
"relationSymbolNumberBeforeSimplification_All_splitClauses_0":["24"],
"smt2FileSizeByte_Unlabeled_splitClauses_1":["4940"],
"cegarIterationNumber_PredictedCG_splitClauses_0":["10800000"],
"predicateGeneratorTime_Octagon_splitClauses_0":["10800000"],
"unlabeledTemplateNumber_RelationalEqs_splitClauses_1":["24"],
"clauseNumberAfterSimplification_Octagon_splitClauses_0":["121"],
"cegarIterationNumber_Random_splitClauses_0":["10800000"],
"solvability_PredictedCDHG_splitClauses_1":["10800000"],
"solvability_PredictedCG_splitClauses_0":["10800000"],
"solvingTime_PredictedCG_splitClauses_1":["10800000"],
"unlabeledSingleVariableTemplatesNumber_Unlabeled_splitClauses_0":["12"],
"unlabeledTemplateNumber_Unlabeled_splitClauses_0":["24"],
"labeledTemplateRelationSymbolNumber_RelationalIneqs_splitClauses_0":["1"],
"minedTemplateNumber_Random_splitClauses_1":["7"],
"generatedPredicateNumber_RelationalEqs_splitClauses_0":["10800000"],
"minedTemplateNumber_Term_splitClauses_0":["7"],
"solvingTime_All_splitClauses_1":["10800000"],
"minedSingleVariableTemplatesNumber_PredictedCG_splitClauses_0":["6"],
"smt2FileSizeByte_Term_splitClauses_1":["4940"],
"labeledBinaryVariableTemplatesNumber_All_splitClauses_0":["1"],
"minedTemplateNumber_PredictedCDHG_splitClauses_1":["7"],
"minedTemplateRelationSymbolNumber_PredictedCDHG_splitClauses_0":["1"],
"averagePredicateSize_Unlabeled_splitClauses_0":["10800000"],
"minedBinaryVariableTemplatesNumber_Octagon_splitClauses_1":["1"],
"unlabeledSingleVariableTemplatesNumber_Random_splitClauses_1":["12"],
"clauseNumberBeforeSimplification_Random_splitClauses_0":["12"],
"solvingTime_Unlabeled_splitClauses_1":["10327"],
"predicateGeneratorTime_PredictedCDHG_splitClauses_1":["10800000"],
"averagePredicateSize_PredictedCDHG_splitClauses_0":["10800000"],
"relationSymbolNumberAfterSimplification_RelationalEqs_splitClauses_0":["230"],
"minedBinaryVariableTemplatesNumber_Term_splitClauses_0":["1"],
"labeledTemplateNumber_RelationalIneqs_splitClauses_0":["3"],
"clauseNumberAfterSimplification_Random_splitClauses_0":["121"],
"clauseNumberAfterSimplification_PredictedCG_splitClauses_0":["121"],
"generatedPredicateNumber_Empty_splitClauses_1":["33"],
"clauseNumberBeforeSimplification_Octagon_splitClauses_0":["12"],
"unlabeledTemplateNumber_Empty_splitClauses_0":["24"],
"minedSingleVariableTemplatesNumber_All_splitClauses_0":["6"],
"labeledTemplateRelationSymbolNumber_Octagon_splitClauses_0":["1"],
"generatedPredicateNumber_Random_splitClauses_1":["24"],
"clauseNumberAfterSimplification_RelationalEqs_splitClauses_0":["121"],
"labeledBinaryVariableTemplatesNumber_Term_splitClauses_0":["1"],
"minedSingleVariableTemplatesNumber_RelationalEqs_splitClauses_0":["6"],
"minedTemplateNumber_Mined_splitClauses_0":["7"],
"relationSymbolNumberBeforeSimplification_PredictedCG_splitClauses_0":["24"],
"averagePredicateSize_Octagon_splitClauses_0":["10800000"],
"unlabeledBinaryVariableTemplatesNumber_Empty_splitClauses_1":["12"],
"unlabeledSingleVariableTemplatesNumber_PredictedCDHG_splitClauses_0":["12"],
"unlabeledSingleVariableTemplatesNumber_PredictedCG_splitClauses_1":["12"],
"labeledTemplateRelationSymbolNumber_Labeled_splitClauses_1":["1"],
"minedTemplateRelationSymbolNumber_Random_splitClauses_0":["1"],
"unlabeledTemplateRelationSymbolNumber_PredictedCG_splitClauses_0":["1"],
"unlabeledTemplateNumber_RelationalIneqs_splitClauses_0":["24"],
"unlabeledSingleVariableTemplatesNumber_Labeled_splitClauses_0":["12"],
"relationSymbolNumberAfterSimplification_PredictedCG_splitClauses_0":["230"],
"minedTemplateNumber_Unlabeled_splitClauses_1":["7"],
"generatedPredicateNumber_PredictedCG_splitClauses_0":["10800000"],
"labeledTemplateNumber_Unlabeled_splitClauses_1":["3"],
"unlabeledTemplateRelationSymbolNumber_Empty_splitClauses_1":["1"],
"clauseNumberBeforeSimplification_Empty_splitClauses_0":["12"],
"solvingTime_Octagon_splitClauses_1":["10839"],
"cegarIterationNumber_Mined_splitClauses_1":["10"],
"clauseNumberBeforeSimplification_Mined_splitClauses_1":["12"],
"smt2FileSizeByte_PredictedCDHG_splitClauses_0":["4940"],
"averagePredicateSize_PredictedCG_splitClauses_0":["10800000"],
"solvingTime_Random_splitClauses_0":["10800000"],
"minedTemplateNumber_RelationalEqs_splitClauses_0":["7"],
"unlabeledSingleVariableTemplatesNumber_RelationalIneqs_splitClauses_0":["12"],
"unlabeledTemplateNumber_Unlabeled_splitClauses_1":["24"],
"labeledBinaryVariableTemplatesNumber_RelationalEqs_splitClauses_0":["1"],
"generatedPredicateNumber_PredictedCDHG_splitClauses_0":["10800000"],
"relationSymbolNumberAfterSimplification_RelationalIneqs_splitClauses_0":["230"],
"minedTemplateRelationSymbolNumber_Empty_splitClauses_1":["1"],
"predicateGeneratorTime_Random_splitClauses_1":["2036"],
"labeledTemplateNumber_Term_splitClauses_1":["3"],
"relationSymbolNumberBeforeSimplification_RelationalEqs_splitClauses_0":["24"],
"minedSingleVariableTemplatesNumber_Empty_splitClauses_1":["6"],
"minedSingleVariableTemplatesNumber_RelationalIneqs_splitClauses_0":["6"],
"clauseNumberAfterSimplification_All_splitClauses_0":["121"],
"unlabeledBinaryVariableTemplatesNumber_RelationalEqs_splitClauses_0":["12"],
"cegarIterationNumber_RelationalEqs_splitClauses_0":["10800000"],
"labeledTemplateRelationSymbolNumber_PredictedCDHG_splitClauses_0":["1"],
"labeledSingleVariableTemplatesNumber_Labeled_splitClauses_1":["2"],
"unlabeledBinaryVariableTemplatesNumber_All_splitClauses_1":["12"],
"minedTemplateRelationSymbolNumber_Unlabeled_splitClauses_1":["1"],
"solvingTime_RelationalEqs_splitClauses_0":["10800000"],
"solvingTime_RelationalEqs_splitClauses_1":["19183"],
"minedBinaryVariableTemplatesNumber_Mined_splitClauses_0":["1"],
"clauseNumberBeforeSimplification_All_splitClauses_0":["12"],
"clauseNumberBeforeSimplification_RelationalIneqs_splitClauses_1":["12"],
"labeledTemplateNumber_RelationalEqs_splitClauses_1":["3"],
"labeledBinaryVariableTemplatesNumber_RelationalIneqs_splitClauses_0":["1"],
"relationSymbolNumberBeforeSimplification_Labeled_splitClauses_0":["24"],
"clauseNumberAfterSimplification_Empty_splitClauses_0":["121"],
"averagePredicateSize_Empty_splitClauses_0":["10800000"],
"unlabeledTemplateNumber_Term_splitClauses_1":["24"],
"predicateGeneratorTime_Mined_splitClauses_1":["2694"],
"labeledBinaryVariableTemplatesNumber_RelationalIneqs_splitClauses_1":["1"],
"predicateGeneratorTime_Unlabeled_splitClauses_0":["10800000"],
"relationSymbolNumberAfterSimplification_Empty_splitClauses_0":["230"],
"generatedPredicateNumber_Mined_splitClauses_0":["10800000"],
"generatedPredicateNumber_RelationalEqs_splitClauses_1":["37"],
"labeledTemplateRelationSymbolNumber_PredictedCG_splitClauses_0":["1"],
"minedSingleVariableTemplatesNumber_PredictedCG_splitClauses_1":["6"],
"minedTemplateRelationSymbolNumber_PredictedCG_splitClauses_0":["1"],
"unlabeledTemplateRelationSymbolNumber_Labeled_splitClauses_0":["1"],
"solvability_Empty_splitClauses_1":["1"],
"averagePredicateSize_Term_splitClauses_0":["10800000"],
"cegarIterationNumber_Random_splitClauses_1":["10"],
"averagePredicateSize_Labeled_splitClauses_1":["1"],
"unlabeledBinaryVariableTemplatesNumber_Unlabeled_splitClauses_0":["12"],
"generatedPredicateNumber_Unlabeled_splitClauses_1":["29"],
"predicateGeneratorTime_All_splitClauses_0":["10800000"],
"unlabeledBinaryVariableTemplatesNumber_PredictedCDHG_splitClauses_1":["12"],
"clauseNumberBeforeSimplification_Labeled_splitClauses_1":["12"],
"minedBinaryVariableTemplatesNumber_Labeled_splitClauses_1":["1"],
"labeledSingleVariableTemplatesNumber_All_splitClauses_0":["2"],
"unlabeledTemplateRelationSymbolNumber_Mined_splitClauses_0":["1"],
"cegarIterationNumber_Octagon_splitClauses_1":["9"],
"labeledTemplateNumber_Octagon_splitClauses_0":["3"],
"labeledTemplateRelationSymbolNumber_All_splitClauses_1":["1"],
"smt2FileSizeByte_Empty_splitClauses_0":["4940"],
"unlabeledTemplateNumber_Octagon_splitClauses_1":["24"],
"predicateGeneratorTime_RelationalEqs_splitClauses_0":["10800000"],
"unlabeledTemplateRelationSymbolNumber_RelationalIneqs_splitClauses_0":["1"],
"smt2FileSizeByte_RelationalEqs_splitClauses_1":["4940"],
"unlabeledTemplateNumber_Labeled_splitClauses_0":["24"],
"minedSingleVariableTemplatesNumber_Labeled_splitClauses_0":["6"],
"solvingTime_PredictedCDHG_splitClauses_1":["10800000"],
"relationSymbolNumberBeforeSimplification_Term_splitClauses_1":["24"],
"minedTemplateNumber_Octagon_splitClauses_1":["7"],
"clauseNumberBeforeSimplification_Mined_splitClauses_0":["12"],
"smt2FileSizeByte_All_splitClauses_0":["4940"],
"solvingTime_All_splitClauses_0":["10800000"],
"minedBinaryVariableTemplatesNumber_Term_splitClauses_1":["1"],
"unlabeledTemplateRelationSymbolNumber_Random_splitClauses_0":["1"],
"cegarIterationNumber_All_splitClauses_0":["10800000"],
"smt2FileSizeByte_RelationalEqs_splitClauses_0":["4940"],
"unlabeledSingleVariableTemplatesNumber_PredictedCDHG_splitClauses_1":["12"],
"clauseNumberBeforeSimplification_Labeled_splitClauses_0":["12"],
"cegarIterationNumber_PredictedCG_splitClauses_1":["10800000"],
"labeledTemplateRelationSymbolNumber_Unlabeled_splitClauses_0":["1"],
"unlabeledTemplateRelationSymbolNumber_Octagon_splitClauses_1":["1"],
"unlabeledTemplateNumber_Empty_splitClauses_1":["24"],
"clauseNumberBeforeSimplification_Octagon_splitClauses_1":["12"],
"labeledTemplateNumber_Unlabeled_splitClauses_0":["3"],
"labeledBinaryVariableTemplatesNumber_PredictedCG_splitClauses_0":["1"],
"solvability_Term_splitClauses_1":["1"],
"solvability_Octagon_splitClauses_0":["10800000"],
"minedTemplateRelationSymbolNumber_RelationalIneqs_splitClauses_0":["1"],
"clauseNumberBeforeSimplification_RelationalIneqs_splitClauses_0":["12"],
"labeledTemplateNumber_PredictedCG_splitClauses_0":["3"],
"cegarIterationNumber_Labeled_splitClauses_0":["10800000"],
"smt2FileSizeByte_Labeled_splitClauses_1":["4940"],
"clauseNumberBeforeSimplification_Unlabeled_splitClauses_1":["12"],
"generatedPredicateNumber_Term_splitClauses_1":["26"],
"solvingTime_Term_splitClauses_1":["5011"],
"unlabeledBinaryVariableTemplatesNumber_Random_splitClauses_1":["12"],
"unlabeledSingleVariableTemplatesNumber_Octagon_splitClauses_0":["12"],
"solvingTime_Octagon_splitClauses_0":["10800000"],
"labeledSingleVariableTemplatesNumber_Mined_splitClauses_1":["2"],
"averagePredicateSize_Term_splitClauses_1":["1"],
"labeledTemplateNumber_Labeled_splitClauses_0":["3"],
"unlabeledSingleVariableTemplatesNumber_PredictedCG_splitClauses_0":["12"],
"smt2FileSizeByte_Mined_splitClauses_1":["4940"],
"labeledBinaryVariableTemplatesNumber_Unlabeled_splitClauses_1":["1"],
"labeledTemplateNumber_All_splitClauses_0":["3"],
"unlabeledTemplateNumber_Random_splitClauses_0":["24"],
"labeledTemplateNumber_Octagon_splitClauses_1":["3"],
"unlabeledTemplateNumber_PredictedCDHG_splitClauses_1":["24"],
"unlabeledBinaryVariableTemplatesNumber_Mined_splitClauses_0":["12"],
"minedTemplateRelationSymbolNumber_Mined_splitClauses_1":["1"],
"labeledTemplateNumber_RelationalIneqs_splitClauses_1":["3"],
"relationSymbolNumberAfterSimplification_All_splitClauses_0":["230"],
"relationSymbolNumberBeforeSimplification_PredictedCDHG_splitClauses_0":["24"],
"solvability_Term_splitClauses_0":["10800000"],
"clauseNumberBeforeSimplification_PredictedCG_splitClauses_1":["12"],
"generatedPredicateNumber_Labeled_splitClauses_1":["17"],
"labeledSingleVariableTemplatesNumber_Unlabeled_splitClauses_0":["2"],
"unlabeledBinaryVariableTemplatesNumber_Empty_splitClauses_0":["12"],
"solvingTime_Mined_splitClauses_0":["10800000"],
"unlabeledTemplateNumber_All_splitClauses_1":["24"],
"clauseNumberAfterSimplification_Random_splitClauses_1":["121"],
"labeledBinaryVariableTemplatesNumber_Octagon_splitClauses_1":["1"],
"unlabeledBinaryVariableTemplatesNumber_Labeled_splitClauses_0":["12"],
"smt2FileSizeByte_Octagon_splitClauses_0":["4940"],
"labeledSingleVariableTemplatesNumber_Random_splitClauses_1":["2"],
"solvability_Unlabeled_splitClauses_0":["10800000"],
"solvingTime_Unlabeled_splitClauses_0":["10800000"],
"unlabeledTemplateRelationSymbolNumber_All_splitClauses_1":["1"],
"minedTemplateNumber_Empty_splitClauses_1":["7"],
"solvability_RelationalIneqs_splitClauses_0":["10800000"],
"unlabeledTemplateRelationSymbolNumber_Labeled_splitClauses_1":["1"],
"cegarIterationNumber_RelationalEqs_splitClauses_1":["11"],
"minedSingleVariableTemplatesNumber_RelationalEqs_splitClauses_1":["6"],
"clauseNumberAfterSimplification_PredictedCDHG_splitClauses_1":["121"],
"minedBinaryVariableTemplatesNumber_RelationalIneqs_splitClauses_1":["1"],
"unlabeledBinaryVariableTemplatesNumber_Mined_splitClauses_1":["12"],
"unlabeledBinaryVariableTemplatesNumber_PredictedCDHG_splitClauses_0":["12"],
"solvingTime_Empty_splitClauses_1":["12413"],
"labeledTemplateRelationSymbolNumber_Empty_splitClauses_1":["1"],
"generatedPredicateNumber_Term_splitClauses_0":["10800000"],
"averagePredicateSize_Empty_splitClauses_1":["1"],
"generatedPredicateNumber_PredictedCG_splitClauses_1":["10800000"],
"labeledTemplateRelationSymbolNumber_PredictedCDHG_splitClauses_1":["1"],
"predicateGeneratorTime_Mined_splitClauses_0":["10800000"],
"relationSymbolNumberBeforeSimplification_Term_splitClauses_0":["24"],
"predicateGeneratorTime_Labeled_splitClauses_0":["10800000"],
"labeledSingleVariableTemplatesNumber_Random_splitClauses_0":["2"],
"unlabeledTemplateRelationSymbolNumber_All_splitClauses_0":["1"],
"minedBinaryVariableTemplatesNumber_Labeled_splitClauses_0":["1"],
"generatedPredicateNumber_Labeled_splitClauses_0":["10800000"],
"relationSymbolNumberAfterSimplification_Empty_splitClauses_1":["230"],
"solvingTime_Mined_splitClauses_1":["8642"],
"minedSingleVariableTemplatesNumber_All_splitClauses_1":["6"],
"predicateGeneratorTime_Random_splitClauses_0":["10800000"],
"cegarIterationNumber_Term_splitClauses_1":["9"],
"labeledTemplateNumber_Empty_splitClauses_1":["3"],
"clauseNumberAfterSimplification_Empty_splitClauses_1":["121"],
"minedTemplateRelationSymbolNumber_Empty_splitClauses_0":["1"],
"unlabeledSingleVariableTemplatesNumber_Term_splitClauses_0":["12"],
"minedSingleVariableTemplatesNumber_Empty_splitClauses_0":["6"],
"relationSymbolNumberAfterSimplification_Random_splitClauses_0":["230"],
"minedTemplateRelationSymbolNumber_RelationalEqs_splitClauses_0":["1"],
"cegarIterationNumber_Empty_splitClauses_0":["10800000"],
"minedBinaryVariableTemplatesNumber_RelationalEqs_splitClauses_1":["1"],
"relationSymbolNumberBeforeSimplification_PredictedCG_splitClauses_1":["24"],
"labeledSingleVariableTemplatesNumber_All_splitClauses_1":["2"],
"unlabeledTemplateRelationSymbolNumber_Octagon_splitClauses_0":["1"],
"minedTemplateRelationSymbolNumber_Unlabeled_splitClauses_0":["1"],
"labeledBinaryVariableTemplatesNumber_Mined_splitClauses_0":["1"],
"relationSymbolNumberAfterSimplification_Unlabeled_splitClauses_1":["230"],
"minedTemplateNumber_PredictedCG_splitClauses_1":["7"],
"cegarIterationNumber_Empty_splitClauses_1":["21"],
"averagePredicateSize_RelationalIneqs_splitClauses_0":["10800000"],
"solvability_All_splitClauses_1":["10800000"],
"unlabeledBinaryVariableTemplatesNumber_Term_splitClauses_1":["12"],
"minedTemplateRelationSymbolNumber_Labeled_splitClauses_1":["1"],
"averagePredicateSize_Unlabeled_splitClauses_1":["1"],
"labeledTemplateNumber_Term_splitClauses_0":["3"],
"smt2FileSizeByte_Empty_splitClauses_1":["4940"],
"solvingTime_PredictedCG_splitClauses_0":["10800000"],
"cegarIterationNumber_All_splitClauses_1":["10800000"],
"clauseNumberBeforeSimplification_Term_splitClauses_1":["12"],
"predicateGeneratorTime_Empty_splitClauses_0":["10800000"],
"relationSymbolNumberBeforeSimplification_Empty_splitClauses_1":["24"],
"averagePredicateSize_All_splitClauses_0":["10800000"],
"unlabeledBinaryVariableTemplatesNumber_Random_splitClauses_0":["12"],
"smt2FileSizeByte_Term_splitClauses_0":["4940"],
"averagePredicateSize_Mined_splitClauses_1":["1"],
"minedBinaryVariableTemplatesNumber_Empty_splitClauses_0":["1"],
"minedTemplateRelationSymbolNumber_All_splitClauses_1":["1"],
"labeledSingleVariableTemplatesNumber_PredictedCG_splitClauses_0":["2"],
"unlabeledBinaryVariableTemplatesNumber_RelationalIneqs_splitClauses_0":["12"],
"unlabeledSingleVariableTemplatesNumber_RelationalIneqs_splitClauses_1":["12"],
"clauseNumberAfterSimplification_RelationalIneqs_splitClauses_0":["121"],
"unlabeledTemplateNumber_RelationalEqs_splitClauses_0":["24"],
"unlabeledTemplateNumber_RelationalIneqs_splitClauses_1":["24"],
"labeledTemplateRelationSymbolNumber_PredictedCG_splitClauses_1":["1"],
"labeledTemplateRelationSymbolNumber_All_splitClauses_0":["1"],
"labeledSingleVariableTemplatesNumber_Octagon_splitClauses_0":["2"],
"dummyFiled":[]
}