{
"smt2FileSizeByte_All_splitClauses_1":["96537"],
"generatedPredicateNumber_All_splitClauses_1":["10800000"],
"unlabeledTemplateRelationSymbolNumber_PredictedCDHG_splitClauses_0":["41"],
"relationSymbolNumberBeforeSimplification_Unlabeled_splitClauses_1":["319"],
"predicateGeneratorTime_Term_splitClauses_0":["10800000"],
"averagePredicateSize_Random_splitClauses_1":["1"],
"labeledBinaryVariableTemplatesNumber_Labeled_splitClauses_1":["68"],
"clauseNumberBeforeSimplification_All_splitClauses_1":["154"],
"minedTemplateRelationSymbolNumber_Term_splitClauses_0":["41"],
"solvingTime_Labeled_splitClauses_1":["1328"],
"unlabeledTemplateNumber_Labeled_splitClauses_1":["3633"],
"relationSymbolNumberAfterSimplification_All_splitClauses_1":["215"],
"minedTemplateRelationSymbolNumber_Octagon_splitClauses_1":["41"],
"clauseNumberAfterSimplification_Mined_splitClauses_1":["121"],
"relationSymbolNumberBeforeSimplification_Octagon_splitClauses_0":["319"],
"unlabeledBinaryVariableTemplatesNumber_Term_splitClauses_0":["2328"],
"labeledTemplateNumber_PredictedCDHG_splitClauses_0":["68"],
"solvability_Empty_splitClauses_0":["10800000"],
"unlabeledTemplateRelationSymbolNumber_Random_splitClauses_1":["41"],
"labeledBinaryVariableTemplatesNumber_Octagon_splitClauses_0":["68"],
"relationSymbolNumberBeforeSimplification_Random_splitClauses_1":["319"],
"minedTemplateRelationSymbolNumber_Random_splitClauses_1":["41"],
"unlabeledSingleVariableTemplatesNumber_Mined_splitClauses_0":["1305"],
"unlabeledBinaryVariableTemplatesNumber_PredictedCG_splitClauses_1":["2328"],
"solvability_All_splitClauses_0":["10800000"],
"predicateGeneratorTime_RelationalEqs_splitClauses_1":["715"],
"relationSymbolNumberBeforeSimplification_PredictedCDHG_splitClauses_1":["319"],
"smt2FileSizeByte_PredictedCG_splitClauses_1":["96537"],
"labeledSingleVariableTemplatesNumber_Unlabeled_splitClauses_1":["0"],
"labeledBinaryVariableTemplatesNumber_PredictedCG_splitClauses_1":["68"],
"minedBinaryVariableTemplatesNumber_PredictedCG_splitClauses_0":["68"],
"solvability_Random_splitClauses_0":["10800000"],
"relationSymbolNumberAfterSimplification_PredictedCG_splitClauses_1":["215"],
"clauseNumberBeforeSimplification_PredictedCDHG_splitClauses_1":["154"],
"labeledSingleVariableTemplatesNumber_Mined_splitClauses_0":["0"],
"solvability_Unlabeled_splitClauses_1":["1"],
"cegarIterationNumber_Labeled_splitClauses_1":["20"],
"smt2FileSizeByte_Mined_splitClauses_0":["96537"],
"relationSymbolNumberAfterSimplification_Mined_splitClauses_0":["215"],
"labeledSingleVariableTemplatesNumber_PredictedCG_splitClauses_1":["0"],
"smt2FileSizeByte_Octagon_splitClauses_1":["96537"],
"minedTemplateNumber_Labeled_splitClauses_1":["515"],
"labeledSingleVariableTemplatesNumber_RelationalIneqs_splitClauses_1":["0"],
"clauseNumberAfterSimplification_Labeled_splitClauses_1":["121"],
"relationSymbolNumberAfterSimplification_Labeled_splitClauses_0":["215"],
"smt2FileSizeByte_Random_splitClauses_0":["96537"],
"relationSymbolNumberAfterSimplification_PredictedCDHG_splitClauses_0":["215"],
"unlabeledTemplateRelationSymbolNumber_PredictedCDHG_splitClauses_1":["41"],
"labeledSingleVariableTemplatesNumber_Term_splitClauses_0":["0"],
"generatedPredicateNumber_PredictedCDHG_splitClauses_1":["10800000"],
"minedSingleVariableTemplatesNumber_Unlabeled_splitClauses_0":["447"],
"generatedPredicateNumber_Octagon_splitClauses_1":["58"],
"labeledSingleVariableTemplatesNumber_RelationalEqs_splitClauses_0":["0"],
"predicateGeneratorTime_PredictedCG_splitClauses_1":["10800000"],
"relationSymbolNumberAfterSimplification_Octagon_splitClauses_0":["215"],
"labeledTemplateNumber_Labeled_splitClauses_1":["68"],
"labeledSingleVariableTemplatesNumber_Empty_splitClauses_0":["0"],
"minedTemplateRelationSymbolNumber_RelationalIneqs_splitClauses_1":["41"],
"unlabeledSingleVariableTemplatesNumber_All_splitClauses_1":["1305"],
"labeledBinaryVariableTemplatesNumber_PredictedCDHG_splitClauses_1":["68"],
"unlabeledSingleVariableTemplatesNumber_RelationalEqs_splitClauses_1":["1305"],
"cegarIterationNumber_Term_splitClauses_0":["10800000"],
"unlabeledBinaryVariableTemplatesNumber_Labeled_splitClauses_1":["2328"],
"unlabeledSingleVariableTemplatesNumber_Term_splitClauses_1":["1305"],
"clauseNumberAfterSimplification_All_splitClauses_1":["121"],
"minedSingleVariableTemplatesNumber_Random_splitClauses_0":["447"],
"solvability_RelationalIneqs_splitClauses_1":["1"],
"minedTemplateNumber_Labeled_splitClauses_0":["515"],
"minedSingleVariableTemplatesNumber_Octagon_splitClauses_0":["447"],
"minedSingleVariableTemplatesNumber_Term_splitClauses_1":["447"],
"minedBinaryVariableTemplatesNumber_PredictedCDHG_splitClauses_1":["68"],
"generatedPredicateNumber_Mined_splitClauses_1":["58"],
"labeledSingleVariableTemplatesNumber_RelationalIneqs_splitClauses_0":["0"],
"averagePredicateSize_Mined_splitClauses_0":["10800000"],
"cegarIterationNumber_Unlabeled_splitClauses_0":["10800000"],
"minedBinaryVariableTemplatesNumber_Random_splitClauses_0":["68"],
"labeledTemplateNumber_Mined_splitClauses_1":["68"],
"labeledBinaryVariableTemplatesNumber_Random_splitClauses_0":["68"],
"unlabeledTemplateRelationSymbolNumber_Unlabeled_splitClauses_1":["41"],
"cegarIterationNumber_Mined_splitClauses_0":["10800000"],
"minedTemplateRelationSymbolNumber_Labeled_splitClauses_0":["41"],
"unlabeledBinaryVariableTemplatesNumber_RelationalIneqs_splitClauses_1":["2328"],
"unlabeledBinaryVariableTemplatesNumber_Octagon_splitClauses_0":["2328"],
"solvability_Mined_splitClauses_0":["10800000"],
"averagePredicateSize_RelationalEqs_splitClauses_0":["10800000"],
"clauseNumberAfterSimplification_Term_splitClauses_0":["121"],
"unlabeledTemplateNumber_Mined_splitClauses_0":["3633"],
"relationSymbolNumberAfterSimplification_Random_splitClauses_1":["215"],
"unlabeledTemplateNumber_PredictedCDHG_splitClauses_0":["3633"],
"cegarIterationNumber_RelationalIneqs_splitClauses_1":["20"],
"minedBinaryVariableTemplatesNumber_Unlabeled_splitClauses_1":["68"],
"labeledTemplateNumber_PredictedCG_splitClauses_1":["68"],
"labeledTemplateRelationSymbolNumber_Mined_splitClauses_0":["24"],
"labeledBinaryVariableTemplatesNumber_Mined_splitClauses_1":["68"],
"relationSymbolNumberBeforeSimplification_Mined_splitClauses_0":["319"],
"relationSymbolNumberBeforeSimplification_RelationalIneqs_splitClauses_0":["319"],
"clauseNumberAfterSimplification_RelationalIneqs_splitClauses_1":["121"],
"minedSingleVariableTemplatesNumber_PredictedCDHG_splitClauses_0":["447"],
"solvability_Labeled_splitClauses_1":["1"],
"labeledSingleVariableTemplatesNumber_Octagon_splitClauses_1":["0"],
"averagePredicateSize_Random_splitClauses_0":["10800000"],
"smt2FileSizeByte_RelationalIneqs_splitClauses_0":["96537"],
"generatedPredicateNumber_Unlabeled_splitClauses_0":["10800000"],
"solvability_RelationalEqs_splitClauses_0":["10800000"],
"predicateGeneratorTime_Empty_splitClauses_1":["706"],
"minedSingleVariableTemplatesNumber_Mined_splitClauses_0":["447"],
"relationSymbolNumberAfterSimplification_Unlabeled_splitClauses_0":["215"],
"minedTemplateRelationSymbolNumber_PredictedCDHG_splitClauses_1":["41"],
"minedTemplateNumber_PredictedCG_splitClauses_0":["515"],
"averagePredicateSize_RelationalIneqs_splitClauses_1":["1"],
"labeledTemplateRelationSymbolNumber_Random_splitClauses_1":["24"],
"minedTemplateNumber_RelationalIneqs_splitClauses_0":["515"],
"predicateGeneratorTime_RelationalIneqs_splitClauses_0":["10800000"],
"labeledTemplateRelationSymbolNumber_Empty_splitClauses_0":["24"],
"minedBinaryVariableTemplatesNumber_Octagon_splitClauses_0":["68"],
"labeledSingleVariableTemplatesNumber_Term_splitClauses_1":["0"],
"labeledBinaryVariableTemplatesNumber_Empty_splitClauses_0":["68"],
"minedTemplateNumber_Octagon_splitClauses_0":["515"],
"labeledBinaryVariableTemplatesNumber_Unlabeled_splitClauses_0":["68"],
"relationSymbolNumberBeforeSimplification_Empty_splitClauses_0":["319"],
"clauseNumberAfterSimplification_PredictedCDHG_splitClauses_0":["121"],
"smt2FileSizeByte_PredictedCG_splitClauses_0":["96537"],
"minedBinaryVariableTemplatesNumber_RelationalEqs_splitClauses_0":["68"],
"relationSymbolNumberBeforeSimplification_Unlabeled_splitClauses_0":["319"],
"labeledTemplateRelationSymbolNumber_RelationalEqs_splitClauses_1":["24"],
"minedBinaryVariableTemplatesNumber_Random_splitClauses_1":["68"],
"clauseNumberAfterSimplification_Unlabeled_splitClauses_1":["121"],
"minedSingleVariableTemplatesNumber_PredictedCDHG_splitClauses_1":["447"],
"labeledBinaryVariableTemplatesNumber_Term_splitClauses_1":["68"],
"clauseNumberBeforeSimplification_Empty_splitClauses_1":["154"],
"relationSymbolNumberAfterSimplification_Octagon_splitClauses_1":["215"],
"relationSymbolNumberAfterSimplification_Term_splitClauses_0":["215"],
"minedBinaryVariableTemplatesNumber_Mined_splitClauses_1":["68"],
"unlabeledBinaryVariableTemplatesNumber_Unlabeled_splitClauses_1":["2328"],
"relationSymbolNumberBeforeSimplification_Random_splitClauses_0":["319"],
"relationSymbolNumberAfterSimplification_PredictedCDHG_splitClauses_1":["215"],
"unlabeledTemplateNumber_PredictedCG_splitClauses_1":["3633"],
"generatedPredicateNumber_Empty_splitClauses_0":["10800000"],
"predicateGeneratorTime_RelationalIneqs_splitClauses_1":["602"],
"unlabeledSingleVariableTemplatesNumber_Empty_splitClauses_0":["1305"],
"cegarIterationNumber_Octagon_splitClauses_0":["10800000"],
"clauseNumberAfterSimplification_Octagon_splitClauses_1":["121"],
"unlabeledSingleVariableTemplatesNumber_Labeled_splitClauses_1":["1305"],
"clauseNumberBeforeSimplification_Random_splitClauses_1":["154"],
"minedTemplateRelationSymbolNumber_All_splitClauses_0":["41"],
"unlabeledTemplateRelationSymbolNumber_RelationalEqs_splitClauses_0":["41"],
"minedSingleVariableTemplatesNumber_Unlabeled_splitClauses_1":["447"],
"clauseNumberBeforeSimplification_RelationalEqs_splitClauses_0":["154"],
"minedTemplateNumber_Unlabeled_splitClauses_0":["515"],
"generatedPredicateNumber_Octagon_splitClauses_0":["10800000"],
"predicateGeneratorTime_PredictedCDHG_splitClauses_0":["10800000"],
"clauseNumberAfterSimplification_PredictedCG_splitClauses_1":["121"],
"labeledSingleVariableTemplatesNumber_RelationalEqs_splitClauses_1":["0"],
"smt2FileSizeByte_Random_splitClauses_1":["96537"],
"averagePredicateSize_PredictedCG_splitClauses_1":["10800000"],
"cegarIterationNumber_PredictedCDHG_splitClauses_1":["10800000"],
"clauseNumberAfterSimplification_RelationalEqs_splitClauses_1":["121"],
"minedBinaryVariableTemplatesNumber_Empty_splitClauses_1":["68"],
"relationSymbolNumberAfterSimplification_RelationalEqs_splitClauses_1":["215"],
"minedTemplateNumber_PredictedCDHG_splitClauses_0":["515"],
"labeledBinaryVariableTemplatesNumber_All_splitClauses_1":["68"],
"solvingTime_RelationalIneqs_splitClauses_1":["891"],
"unlabeledTemplateRelationSymbolNumber_RelationalEqs_splitClauses_1":["41"],
"smt2FileSizeByte_Unlabeled_splitClauses_0":["96537"],
"relationSymbolNumberBeforeSimplification_Mined_splitClauses_1":["319"],
"relationSymbolNumberAfterSimplification_Mined_splitClauses_1":["215"],
"generatedPredicateNumber_All_splitClauses_0":["10800000"],
"relationSymbolNumberBeforeSimplification_Octagon_splitClauses_1":["319"],
"predicateGeneratorTime_Octagon_splitClauses_1":["686"],
"solvability_Mined_splitClauses_1":["1"],
"minedTemplateRelationSymbolNumber_Term_splitClauses_1":["41"],
"clauseNumberAfterSimplification_Mined_splitClauses_0":["121"],
"solvability_PredictedCDHG_splitClauses_0":["10800000"],
"solvingTime_Empty_splitClauses_0":["10800000"],
"unlabeledSingleVariableTemplatesNumber_Unlabeled_splitClauses_1":["1305"],
"minedTemplateNumber_Term_splitClauses_1":["515"],
"averagePredicateSize_Octagon_splitClauses_1":["1"],
"unlabeledSingleVariableTemplatesNumber_Octagon_splitClauses_1":["1305"],
"minedTemplateRelationSymbolNumber_RelationalEqs_splitClauses_1":["41"],
"relationSymbolNumberBeforeSimplification_All_splitClauses_1":["319"],
"minedBinaryVariableTemplatesNumber_RelationalIneqs_splitClauses_0":["68"],
"predicateGeneratorTime_Term_splitClauses_1":["715"],
"solvingTime_Labeled_splitClauses_0":["10800000"],
"unlabeledBinaryVariableTemplatesNumber_PredictedCG_splitClauses_0":["2328"],
"minedTemplateNumber_All_splitClauses_0":["515"],
"predicateGeneratorTime_Labeled_splitClauses_1":["925"],
"unlabeledTemplateRelationSymbolNumber_Empty_splitClauses_0":["41"],
"unlabeledTemplateNumber_Mined_splitClauses_1":["3633"],
"solvability_PredictedCG_splitClauses_1":["10800000"],
"unlabeledTemplateNumber_Term_splitClauses_0":["3633"],
"minedBinaryVariableTemplatesNumber_PredictedCG_splitClauses_1":["68"],
"labeledSingleVariableTemplatesNumber_PredictedCDHG_splitClauses_0":["0"],
"minedBinaryVariableTemplatesNumber_All_splitClauses_0":["68"],
"averagePredicateSize_PredictedCDHG_splitClauses_1":["10800000"],
"predicateGeneratorTime_PredictedCG_splitClauses_0":["10800000"],
"generatedPredicateNumber_RelationalIneqs_splitClauses_0":["10800000"],
"labeledTemplateNumber_Empty_splitClauses_0":["68"],
"relationSymbolNumberAfterSimplification_RelationalIneqs_splitClauses_1":["215"],
"unlabeledTemplateRelationSymbolNumber_Term_splitClauses_0":["41"],
"minedTemplateNumber_All_splitClauses_1":["515"],
"labeledSingleVariableTemplatesNumber_Empty_splitClauses_1":["0"],
"minedBinaryVariableTemplatesNumber_Unlabeled_splitClauses_0":["68"],
"labeledTemplateNumber_Random_splitClauses_0":["68"],
"minedBinaryVariableTemplatesNumber_All_splitClauses_1":["68"],
"unlabeledSingleVariableTemplatesNumber_All_splitClauses_0":["1305"],
"relationSymbolNumberBeforeSimplification_Labeled_splitClauses_1":["319"],
"smt2FileSizeByte_PredictedCDHG_splitClauses_1":["96537"],
"labeledBinaryVariableTemplatesNumber_PredictedCDHG_splitClauses_0":["68"],
"averagePredicateSize_RelationalEqs_splitClauses_1":["1"],
"minedSingleVariableTemplatesNumber_Term_splitClauses_0":["447"],
"labeledTemplateRelationSymbolNumber_Term_splitClauses_1":["24"],
"generatedPredicateNumber_Random_splitClauses_0":["10800000"],
"labeledBinaryVariableTemplatesNumber_Empty_splitClauses_1":["68"],
"relationSymbolNumberAfterSimplification_Term_splitClauses_1":["215"],
"clauseNumberAfterSimplification_Labeled_splitClauses_0":["121"],
"labeledSingleVariableTemplatesNumber_Labeled_splitClauses_0":["0"],
"minedTemplateNumber_Mined_splitClauses_1":["515"],
"labeledTemplateRelationSymbolNumber_Labeled_splitClauses_0":["24"],
"unlabeledTemplateRelationSymbolNumber_Mined_splitClauses_1":["41"],
"solvability_Labeled_splitClauses_0":["10800000"],
"minedTemplateNumber_RelationalEqs_splitClauses_1":["515"],
"solvingTime_Random_splitClauses_1":["942"],
"minedTemplateNumber_Random_splitClauses_0":["515"],
"cegarIterationNumber_Unlabeled_splitClauses_1":["20"],
"minedTemplateNumber_RelationalIneqs_splitClauses_1":["515"],
"unlabeledBinaryVariableTemplatesNumber_Octagon_splitClauses_1":["2328"],
"minedSingleVariableTemplatesNumber_Octagon_splitClauses_1":["447"],
"minedSingleVariableTemplatesNumber_Random_splitClauses_1":["447"],
"averagePredicateSize_All_splitClauses_1":["10800000"],
"minedTemplateNumber_Empty_splitClauses_0":["515"],
"labeledTemplateNumber_Mined_splitClauses_0":["68"],
"unlabeledBinaryVariableTemplatesNumber_All_splitClauses_0":["2328"],
"relationSymbolNumberAfterSimplification_Labeled_splitClauses_1":["215"],
"labeledSingleVariableTemplatesNumber_PredictedCDHG_splitClauses_1":["0"],
"minedSingleVariableTemplatesNumber_Mined_splitClauses_1":["447"],
"labeledTemplateRelationSymbolNumber_Term_splitClauses_0":["24"],
"unlabeledTemplateRelationSymbolNumber_Term_splitClauses_1":["41"],
"predicateGeneratorTime_All_splitClauses_1":["10800000"],
"unlabeledSingleVariableTemplatesNumber_Random_splitClauses_0":["1305"],
"predicateGeneratorTime_Unlabeled_splitClauses_1":["899"],
"cegarIterationNumber_PredictedCDHG_splitClauses_0":["10800000"],
"labeledTemplateNumber_RelationalEqs_splitClauses_0":["68"],
"labeledTemplateRelationSymbolNumber_Mined_splitClauses_1":["24"],
"labeledTemplateRelationSymbolNumber_Random_splitClauses_0":["24"],
"labeledBinaryVariableTemplatesNumber_RelationalEqs_splitClauses_1":["68"],
"generatedPredicateNumber_RelationalIneqs_splitClauses_1":["58"],
"unlabeledTemplateRelationSymbolNumber_PredictedCG_splitClauses_1":["41"],
"unlabeledSingleVariableTemplatesNumber_RelationalEqs_splitClauses_0":["1305"],
"labeledBinaryVariableTemplatesNumber_Labeled_splitClauses_0":["68"],
"minedBinaryVariableTemplatesNumber_PredictedCDHG_splitClauses_0":["68"],
"unlabeledTemplateRelationSymbolNumber_Unlabeled_splitClauses_0":["41"],
"clauseNumberAfterSimplification_Term_splitClauses_1":["121"],
"unlabeledTemplateNumber_Octagon_splitClauses_0":["3633"],
"unlabeledBinaryVariableTemplatesNumber_RelationalEqs_splitClauses_1":["2328"],
"unlabeledTemplateNumber_PredictedCG_splitClauses_0":["3633"],
"unlabeledTemplateNumber_All_splitClauses_0":["3633"],
"labeledTemplateRelationSymbolNumber_RelationalIneqs_splitClauses_1":["24"],
"unlabeledSingleVariableTemplatesNumber_Mined_splitClauses_1":["1305"],
"labeledTemplateRelationSymbolNumber_Unlabeled_splitClauses_1":["24"],
"labeledBinaryVariableTemplatesNumber_Random_splitClauses_1":["68"],
"solvability_Random_splitClauses_1":["1"],
"solvingTime_Term_splitClauses_0":["10800000"],
"minedSingleVariableTemplatesNumber_Labeled_splitClauses_1":["447"],
"clauseNumberBeforeSimplification_Term_splitClauses_0":["154"],
"relationSymbolNumberBeforeSimplification_RelationalIneqs_splitClauses_1":["319"],
"minedTemplateRelationSymbolNumber_Mined_splitClauses_0":["41"],
"solvability_Octagon_splitClauses_1":["1"],
"minedSingleVariableTemplatesNumber_RelationalIneqs_splitClauses_1":["447"],
"smt2FileSizeByte_Labeled_splitClauses_0":["96537"],
"solvability_RelationalEqs_splitClauses_1":["1"],
"unlabeledSingleVariableTemplatesNumber_Empty_splitClauses_1":["1305"],
"labeledTemplateNumber_PredictedCDHG_splitClauses_1":["68"],
"minedTemplateRelationSymbolNumber_Octagon_splitClauses_0":["41"],
"clauseNumberAfterSimplification_Unlabeled_splitClauses_0":["121"],
"clauseNumberBeforeSimplification_Unlabeled_splitClauses_0":["154"],
"clauseNumberBeforeSimplification_PredictedCDHG_splitClauses_0":["154"],
"cegarIterationNumber_RelationalIneqs_splitClauses_0":["10800000"],
"labeledTemplateRelationSymbolNumber_RelationalEqs_splitClauses_0":["24"],
"averagePredicateSize_Labeled_splitClauses_0":["10800000"],
"smt2FileSizeByte_RelationalIneqs_splitClauses_1":["96537"],
"clauseNumberBeforeSimplification_RelationalEqs_splitClauses_1":["154"],
"unlabeledTemplateRelationSymbolNumber_RelationalIneqs_splitClauses_1":["41"],
"clauseNumberBeforeSimplification_PredictedCG_splitClauses_0":["154"],
"solvingTime_PredictedCDHG_splitClauses_0":["10800000"],
"labeledTemplateRelationSymbolNumber_Octagon_splitClauses_1":["24"],
"minedTemplateRelationSymbolNumber_PredictedCG_splitClauses_1":["41"],
"relationSymbolNumberBeforeSimplification_RelationalEqs_splitClauses_1":["319"],
"labeledTemplateNumber_Random_splitClauses_1":["68"],
"solvingTime_RelationalIneqs_splitClauses_0":["10800000"],
"labeledTemplateNumber_All_splitClauses_1":["68"],
"unlabeledTemplateNumber_Random_splitClauses_1":["3633"],
"relationSymbolNumberBeforeSimplification_All_splitClauses_0":["319"],
"smt2FileSizeByte_Unlabeled_splitClauses_1":["96537"],
"cegarIterationNumber_PredictedCG_splitClauses_0":["10800000"],
"predicateGeneratorTime_Octagon_splitClauses_0":["10800000"],
"unlabeledTemplateNumber_RelationalEqs_splitClauses_1":["3633"],
"clauseNumberAfterSimplification_Octagon_splitClauses_0":["121"],
"cegarIterationNumber_Random_splitClauses_0":["10800000"],
"solvability_PredictedCDHG_splitClauses_1":["10800000"],
"solvability_PredictedCG_splitClauses_0":["10800000"],
"solvingTime_PredictedCG_splitClauses_1":["10800000"],
"unlabeledSingleVariableTemplatesNumber_Unlabeled_splitClauses_0":["1305"],
"unlabeledTemplateNumber_Unlabeled_splitClauses_0":["3633"],
"labeledTemplateRelationSymbolNumber_RelationalIneqs_splitClauses_0":["24"],
"minedTemplateNumber_Random_splitClauses_1":["515"],
"generatedPredicateNumber_RelationalEqs_splitClauses_0":["10800000"],
"minedTemplateNumber_Term_splitClauses_0":["515"],
"solvingTime_All_splitClauses_1":["10800000"],
"minedSingleVariableTemplatesNumber_PredictedCG_splitClauses_0":["447"],
"smt2FileSizeByte_Term_splitClauses_1":["96537"],
"labeledBinaryVariableTemplatesNumber_All_splitClauses_0":["68"],
"minedTemplateNumber_PredictedCDHG_splitClauses_1":["515"],
"minedTemplateRelationSymbolNumber_PredictedCDHG_splitClauses_0":["41"],
"averagePredicateSize_Unlabeled_splitClauses_0":["10800000"],
"minedBinaryVariableTemplatesNumber_Octagon_splitClauses_1":["68"],
"unlabeledSingleVariableTemplatesNumber_Random_splitClauses_1":["1305"],
"clauseNumberBeforeSimplification_Random_splitClauses_0":["154"],
"solvingTime_Unlabeled_splitClauses_1":["1327"],
"predicateGeneratorTime_PredictedCDHG_splitClauses_1":["10800000"],
"averagePredicateSize_PredictedCDHG_splitClauses_0":["10800000"],
"relationSymbolNumberAfterSimplification_RelationalEqs_splitClauses_0":["215"],
"minedBinaryVariableTemplatesNumber_Term_splitClauses_0":["68"],
"labeledTemplateNumber_RelationalIneqs_splitClauses_0":["68"],
"clauseNumberAfterSimplification_Random_splitClauses_0":["121"],
"clauseNumberAfterSimplification_PredictedCG_splitClauses_0":["121"],
"generatedPredicateNumber_Empty_splitClauses_1":["58"],
"clauseNumberBeforeSimplification_Octagon_splitClauses_0":["154"],
"unlabeledTemplateNumber_Empty_splitClauses_0":["3633"],
"minedSingleVariableTemplatesNumber_All_splitClauses_0":["447"],
"labeledTemplateRelationSymbolNumber_Octagon_splitClauses_0":["24"],
"generatedPredicateNumber_Random_splitClauses_1":["58"],
"clauseNumberAfterSimplification_RelationalEqs_splitClauses_0":["121"],
"labeledBinaryVariableTemplatesNumber_Term_splitClauses_0":["68"],
"minedSingleVariableTemplatesNumber_RelationalEqs_splitClauses_0":["447"],
"minedTemplateNumber_Mined_splitClauses_0":["515"],
"relationSymbolNumberBeforeSimplification_PredictedCG_splitClauses_0":["319"],
"averagePredicateSize_Octagon_splitClauses_0":["10800000"],
"unlabeledBinaryVariableTemplatesNumber_Empty_splitClauses_1":["2328"],
"unlabeledSingleVariableTemplatesNumber_PredictedCDHG_splitClauses_0":["1305"],
"unlabeledSingleVariableTemplatesNumber_PredictedCG_splitClauses_1":["1305"],
"labeledTemplateRelationSymbolNumber_Labeled_splitClauses_1":["24"],
"minedTemplateRelationSymbolNumber_Random_splitClauses_0":["41"],
"unlabeledTemplateRelationSymbolNumber_PredictedCG_splitClauses_0":["41"],
"unlabeledTemplateNumber_RelationalIneqs_splitClauses_0":["3633"],
"unlabeledSingleVariableTemplatesNumber_Labeled_splitClauses_0":["1305"],
"relationSymbolNumberAfterSimplification_PredictedCG_splitClauses_0":["215"],
"minedTemplateNumber_Unlabeled_splitClauses_1":["515"],
"generatedPredicateNumber_PredictedCG_splitClauses_0":["10800000"],
"labeledTemplateNumber_Unlabeled_splitClauses_1":["68"],
"unlabeledTemplateRelationSymbolNumber_Empty_splitClauses_1":["41"],
"clauseNumberBeforeSimplification_Empty_splitClauses_0":["154"],
"solvingTime_Octagon_splitClauses_1":["1017"],
"cegarIterationNumber_Mined_splitClauses_1":["20"],
"clauseNumberBeforeSimplification_Mined_splitClauses_1":["154"],
"smt2FileSizeByte_PredictedCDHG_splitClauses_0":["96537"],
"averagePredicateSize_PredictedCG_splitClauses_0":["10800000"],
"solvingTime_Random_splitClauses_0":["10800000"],
"minedTemplateNumber_RelationalEqs_splitClauses_0":["515"],
"unlabeledSingleVariableTemplatesNumber_RelationalIneqs_splitClauses_0":["1305"],
"unlabeledTemplateNumber_Unlabeled_splitClauses_1":["3633"],
"labeledBinaryVariableTemplatesNumber_RelationalEqs_splitClauses_0":["68"],
"generatedPredicateNumber_PredictedCDHG_splitClauses_0":["10800000"],
"relationSymbolNumberAfterSimplification_RelationalIneqs_splitClauses_0":["215"],
"minedTemplateRelationSymbolNumber_Empty_splitClauses_1":["41"],
"predicateGeneratorTime_Random_splitClauses_1":["691"],
"labeledTemplateNumber_Term_splitClauses_1":["68"],
"relationSymbolNumberBeforeSimplification_RelationalEqs_splitClauses_0":["319"],
"minedSingleVariableTemplatesNumber_Empty_splitClauses_1":["447"],
"minedSingleVariableTemplatesNumber_RelationalIneqs_splitClauses_0":["447"],
"clauseNumberAfterSimplification_All_splitClauses_0":["121"],
"unlabeledBinaryVariableTemplatesNumber_RelationalEqs_splitClauses_0":["2328"],
"cegarIterationNumber_RelationalEqs_splitClauses_0":["10800000"],
"labeledTemplateRelationSymbolNumber_PredictedCDHG_splitClauses_0":["24"],
"labeledSingleVariableTemplatesNumber_Labeled_splitClauses_1":["0"],
"unlabeledBinaryVariableTemplatesNumber_All_splitClauses_1":["2328"],
"minedTemplateRelationSymbolNumber_Unlabeled_splitClauses_1":["41"],
"solvingTime_RelationalEqs_splitClauses_0":["10800000"],
"solvingTime_RelationalEqs_splitClauses_1":["1038"],
"minedBinaryVariableTemplatesNumber_Mined_splitClauses_0":["68"],
"clauseNumberBeforeSimplification_All_splitClauses_0":["154"],
"clauseNumberBeforeSimplification_RelationalIneqs_splitClauses_1":["154"],
"labeledTemplateNumber_RelationalEqs_splitClauses_1":["68"],
"labeledBinaryVariableTemplatesNumber_RelationalIneqs_splitClauses_0":["68"],
"relationSymbolNumberBeforeSimplification_Labeled_splitClauses_0":["319"],
"clauseNumberAfterSimplification_Empty_splitClauses_0":["121"],
"averagePredicateSize_Empty_splitClauses_0":["10800000"],
"unlabeledTemplateNumber_Term_splitClauses_1":["3633"],
"predicateGeneratorTime_Mined_splitClauses_1":["712"],
"labeledBinaryVariableTemplatesNumber_RelationalIneqs_splitClauses_1":["68"],
"predicateGeneratorTime_Unlabeled_splitClauses_0":["10800000"],
"relationSymbolNumberAfterSimplification_Empty_splitClauses_0":["215"],
"generatedPredicateNumber_Mined_splitClauses_0":["10800000"],
"generatedPredicateNumber_RelationalEqs_splitClauses_1":["58"],
"labeledTemplateRelationSymbolNumber_PredictedCG_splitClauses_0":["24"],
"minedSingleVariableTemplatesNumber_PredictedCG_splitClauses_1":["447"],
"minedTemplateRelationSymbolNumber_PredictedCG_splitClauses_0":["41"],
"unlabeledTemplateRelationSymbolNumber_Labeled_splitClauses_0":["41"],
"solvability_Empty_splitClauses_1":["1"],
"averagePredicateSize_Term_splitClauses_0":["10800000"],
"cegarIterationNumber_Random_splitClauses_1":["20"],
"averagePredicateSize_Labeled_splitClauses_1":["1"],
"unlabeledBinaryVariableTemplatesNumber_Unlabeled_splitClauses_0":["2328"],
"generatedPredicateNumber_Unlabeled_splitClauses_1":["58"],
"predicateGeneratorTime_All_splitClauses_0":["10800000"],
"unlabeledBinaryVariableTemplatesNumber_PredictedCDHG_splitClauses_1":["2328"],
"clauseNumberBeforeSimplification_Labeled_splitClauses_1":["154"],
"minedBinaryVariableTemplatesNumber_Labeled_splitClauses_1":["68"],
"labeledSingleVariableTemplatesNumber_All_splitClauses_0":["0"],
"unlabeledTemplateRelationSymbolNumber_Mined_splitClauses_0":["41"],
"cegarIterationNumber_Octagon_splitClauses_1":["20"],
"labeledTemplateNumber_Octagon_splitClauses_0":["68"],
"labeledTemplateRelationSymbolNumber_All_splitClauses_1":["24"],
"smt2FileSizeByte_Empty_splitClauses_0":["96537"],
"unlabeledTemplateNumber_Octagon_splitClauses_1":["3633"],
"predicateGeneratorTime_RelationalEqs_splitClauses_0":["10800000"],
"unlabeledTemplateRelationSymbolNumber_RelationalIneqs_splitClauses_0":["41"],
"smt2FileSizeByte_RelationalEqs_splitClauses_1":["96537"],
"unlabeledTemplateNumber_Labeled_splitClauses_0":["3633"],
"minedSingleVariableTemplatesNumber_Labeled_splitClauses_0":["447"],
"solvingTime_PredictedCDHG_splitClauses_1":["10800000"],
"relationSymbolNumberBeforeSimplification_Term_splitClauses_1":["319"],
"minedTemplateNumber_Octagon_splitClauses_1":["515"],
"clauseNumberBeforeSimplification_Mined_splitClauses_0":["154"],
"smt2FileSizeByte_All_splitClauses_0":["96537"],
"solvingTime_All_splitClauses_0":["10800000"],
"minedBinaryVariableTemplatesNumber_Term_splitClauses_1":["68"],
"unlabeledTemplateRelationSymbolNumber_Random_splitClauses_0":["41"],
"cegarIterationNumber_All_splitClauses_0":["10800000"],
"smt2FileSizeByte_RelationalEqs_splitClauses_0":["96537"],
"unlabeledSingleVariableTemplatesNumber_PredictedCDHG_splitClauses_1":["1305"],
"clauseNumberBeforeSimplification_Labeled_splitClauses_0":["154"],
"cegarIterationNumber_PredictedCG_splitClauses_1":["10800000"],
"labeledTemplateRelationSymbolNumber_Unlabeled_splitClauses_0":["24"],
"unlabeledTemplateRelationSymbolNumber_Octagon_splitClauses_1":["41"],
"unlabeledTemplateNumber_Empty_splitClauses_1":["3633"],
"clauseNumberBeforeSimplification_Octagon_splitClauses_1":["154"],
"labeledTemplateNumber_Unlabeled_splitClauses_0":["68"],
"labeledBinaryVariableTemplatesNumber_PredictedCG_splitClauses_0":["68"],
"solvability_Term_splitClauses_1":["1"],
"solvability_Octagon_splitClauses_0":["10800000"],
"minedTemplateRelationSymbolNumber_RelationalIneqs_splitClauses_0":["41"],
"clauseNumberBeforeSimplification_RelationalIneqs_splitClauses_0":["154"],
"labeledTemplateNumber_PredictedCG_splitClauses_0":["68"],
"cegarIterationNumber_Labeled_splitClauses_0":["10800000"],
"smt2FileSizeByte_Labeled_splitClauses_1":["96537"],
"clauseNumberBeforeSimplification_Unlabeled_splitClauses_1":["154"],
"generatedPredicateNumber_Term_splitClauses_1":["58"],
"solvingTime_Term_splitClauses_1":["1020"],
"unlabeledBinaryVariableTemplatesNumber_Random_splitClauses_1":["2328"],
"unlabeledSingleVariableTemplatesNumber_Octagon_splitClauses_0":["1305"],
"solvingTime_Octagon_splitClauses_0":["10800000"],
"labeledSingleVariableTemplatesNumber_Mined_splitClauses_1":["0"],
"averagePredicateSize_Term_splitClauses_1":["1"],
"labeledTemplateNumber_Labeled_splitClauses_0":["68"],
"unlabeledSingleVariableTemplatesNumber_PredictedCG_splitClauses_0":["1305"],
"smt2FileSizeByte_Mined_splitClauses_1":["96537"],
"labeledBinaryVariableTemplatesNumber_Unlabeled_splitClauses_1":["68"],
"labeledTemplateNumber_All_splitClauses_0":["68"],
"unlabeledTemplateNumber_Random_splitClauses_0":["3633"],
"labeledTemplateNumber_Octagon_splitClauses_1":["68"],
"unlabeledTemplateNumber_PredictedCDHG_splitClauses_1":["3633"],
"unlabeledBinaryVariableTemplatesNumber_Mined_splitClauses_0":["2328"],
"minedTemplateRelationSymbolNumber_Mined_splitClauses_1":["41"],
"labeledTemplateNumber_RelationalIneqs_splitClauses_1":["68"],
"relationSymbolNumberAfterSimplification_All_splitClauses_0":["215"],
"relationSymbolNumberBeforeSimplification_PredictedCDHG_splitClauses_0":["319"],
"solvability_Term_splitClauses_0":["10800000"],
"clauseNumberBeforeSimplification_PredictedCG_splitClauses_1":["154"],
"generatedPredicateNumber_Labeled_splitClauses_1":["58"],
"labeledSingleVariableTemplatesNumber_Unlabeled_splitClauses_0":["0"],
"unlabeledBinaryVariableTemplatesNumber_Empty_splitClauses_0":["2328"],
"solvingTime_Mined_splitClauses_0":["10800000"],
"unlabeledTemplateNumber_All_splitClauses_1":["3633"],
"clauseNumberAfterSimplification_Random_splitClauses_1":["121"],
"labeledBinaryVariableTemplatesNumber_Octagon_splitClauses_1":["68"],
"unlabeledBinaryVariableTemplatesNumber_Labeled_splitClauses_0":["2328"],
"smt2FileSizeByte_Octagon_splitClauses_0":["96537"],
"labeledSingleVariableTemplatesNumber_Random_splitClauses_1":["0"],
"solvability_Unlabeled_splitClauses_0":["10800000"],
"solvingTime_Unlabeled_splitClauses_0":["10800000"],
"unlabeledTemplateRelationSymbolNumber_All_splitClauses_1":["41"],
"minedTemplateNumber_Empty_splitClauses_1":["515"],
"solvability_RelationalIneqs_splitClauses_0":["10800000"],
"unlabeledTemplateRelationSymbolNumber_Labeled_splitClauses_1":["41"],
"cegarIterationNumber_RelationalEqs_splitClauses_1":["20"],
"minedSingleVariableTemplatesNumber_RelationalEqs_splitClauses_1":["447"],
"clauseNumberAfterSimplification_PredictedCDHG_splitClauses_1":["121"],
"minedBinaryVariableTemplatesNumber_RelationalIneqs_splitClauses_1":["68"],
"unlabeledBinaryVariableTemplatesNumber_Mined_splitClauses_1":["2328"],
"unlabeledBinaryVariableTemplatesNumber_PredictedCDHG_splitClauses_0":["2328"],
"solvingTime_Empty_splitClauses_1":["978"],
"labeledTemplateRelationSymbolNumber_Empty_splitClauses_1":["24"],
"generatedPredicateNumber_Term_splitClauses_0":["10800000"],
"averagePredicateSize_Empty_splitClauses_1":["1"],
"generatedPredicateNumber_PredictedCG_splitClauses_1":["10800000"],
"labeledTemplateRelationSymbolNumber_PredictedCDHG_splitClauses_1":["24"],
"predicateGeneratorTime_Mined_splitClauses_0":["10800000"],
"relationSymbolNumberBeforeSimplification_Term_splitClauses_0":["319"],
"predicateGeneratorTime_Labeled_splitClauses_0":["10800000"],
"labeledSingleVariableTemplatesNumber_Random_splitClauses_0":["0"],
"unlabeledTemplateRelationSymbolNumber_All_splitClauses_0":["41"],
"minedBinaryVariableTemplatesNumber_Labeled_splitClauses_0":["68"],
"generatedPredicateNumber_Labeled_splitClauses_0":["10800000"],
"relationSymbolNumberAfterSimplification_Empty_splitClauses_1":["215"],
"solvingTime_Mined_splitClauses_1":["986"],
"minedSingleVariableTemplatesNumber_All_splitClauses_1":["447"],
"predicateGeneratorTime_Random_splitClauses_0":["10800000"],
"cegarIterationNumber_Term_splitClauses_1":["20"],
"labeledTemplateNumber_Empty_splitClauses_1":["68"],
"clauseNumberAfterSimplification_Empty_splitClauses_1":["121"],
"minedTemplateRelationSymbolNumber_Empty_splitClauses_0":["41"],
"unlabeledSingleVariableTemplatesNumber_Term_splitClauses_0":["1305"],
"minedSingleVariableTemplatesNumber_Empty_splitClauses_0":["447"],
"relationSymbolNumberAfterSimplification_Random_splitClauses_0":["215"],
"minedTemplateRelationSymbolNumber_RelationalEqs_splitClauses_0":["41"],
"cegarIterationNumber_Empty_splitClauses_0":["10800000"],
"minedBinaryVariableTemplatesNumber_RelationalEqs_splitClauses_1":["68"],
"relationSymbolNumberBeforeSimplification_PredictedCG_splitClauses_1":["319"],
"labeledSingleVariableTemplatesNumber_All_splitClauses_1":["0"],
"unlabeledTemplateRelationSymbolNumber_Octagon_splitClauses_0":["41"],
"minedTemplateRelationSymbolNumber_Unlabeled_splitClauses_0":["41"],
"labeledBinaryVariableTemplatesNumber_Mined_splitClauses_0":["68"],
"relationSymbolNumberAfterSimplification_Unlabeled_splitClauses_1":["215"],
"minedTemplateNumber_PredictedCG_splitClauses_1":["515"],
"cegarIterationNumber_Empty_splitClauses_1":["20"],
"averagePredicateSize_RelationalIneqs_splitClauses_0":["10800000"],
"solvability_All_splitClauses_1":["10800000"],
"unlabeledBinaryVariableTemplatesNumber_Term_splitClauses_1":["2328"],
"minedTemplateRelationSymbolNumber_Labeled_splitClauses_1":["41"],
"averagePredicateSize_Unlabeled_splitClauses_1":["1"],
"labeledTemplateNumber_Term_splitClauses_0":["68"],
"smt2FileSizeByte_Empty_splitClauses_1":["96537"],
"solvingTime_PredictedCG_splitClauses_0":["10800000"],
"cegarIterationNumber_All_splitClauses_1":["10800000"],
"clauseNumberBeforeSimplification_Term_splitClauses_1":["154"],
"predicateGeneratorTime_Empty_splitClauses_0":["10800000"],
"relationSymbolNumberBeforeSimplification_Empty_splitClauses_1":["319"],
"averagePredicateSize_All_splitClauses_0":["10800000"],
"unlabeledBinaryVariableTemplatesNumber_Random_splitClauses_0":["2328"],
"smt2FileSizeByte_Term_splitClauses_0":["96537"],
"averagePredicateSize_Mined_splitClauses_1":["1"],
"minedBinaryVariableTemplatesNumber_Empty_splitClauses_0":["68"],
"minedTemplateRelationSymbolNumber_All_splitClauses_1":["41"],
"labeledSingleVariableTemplatesNumber_PredictedCG_splitClauses_0":["0"],
"unlabeledBinaryVariableTemplatesNumber_RelationalIneqs_splitClauses_0":["2328"],
"unlabeledSingleVariableTemplatesNumber_RelationalIneqs_splitClauses_1":["1305"],
"clauseNumberAfterSimplification_RelationalIneqs_splitClauses_0":["121"],
"unlabeledTemplateNumber_RelationalEqs_splitClauses_0":["3633"],
"unlabeledTemplateNumber_RelationalIneqs_splitClauses_1":["3633"],
"labeledTemplateRelationSymbolNumber_PredictedCG_splitClauses_1":["24"],
"labeledTemplateRelationSymbolNumber_All_splitClauses_0":["24"],
"labeledSingleVariableTemplatesNumber_Octagon_splitClauses_0":["0"],
"dummyFiled":[]
}