{
"smt2FileSizeByte_All_splitClauses_1":["21216"],
"generatedPredicateNumber_All_splitClauses_1":["10800000"],
"unlabeledTemplateRelationSymbolNumber_PredictedCDHG_splitClauses_0":["6"],
"relationSymbolNumberBeforeSimplification_Unlabeled_splitClauses_1":["59"],
"predicateGeneratorTime_Term_splitClauses_0":["10800000"],
"averagePredicateSize_Random_splitClauses_1":["1"],
"labeledBinaryVariableTemplatesNumber_Labeled_splitClauses_1":["12"],
"clauseNumberBeforeSimplification_All_splitClauses_1":["32"],
"minedTemplateRelationSymbolNumber_Term_splitClauses_0":["6"],
"solvingTime_Labeled_splitClauses_1":["307"],
"unlabeledTemplateNumber_Labeled_splitClauses_1":["328"],
"relationSymbolNumberAfterSimplification_All_splitClauses_1":["17"],
"minedTemplateRelationSymbolNumber_Octagon_splitClauses_1":["6"],
"clauseNumberAfterSimplification_Mined_splitClauses_1":["11"],
"relationSymbolNumberBeforeSimplification_Octagon_splitClauses_0":["59"],
"unlabeledBinaryVariableTemplatesNumber_Term_splitClauses_0":["204"],
"labeledTemplateNumber_PredictedCDHG_splitClauses_0":["12"],
"solvability_Empty_splitClauses_0":["10800000"],
"unlabeledTemplateRelationSymbolNumber_Random_splitClauses_1":["6"],
"labeledBinaryVariableTemplatesNumber_Octagon_splitClauses_0":["12"],
"relationSymbolNumberBeforeSimplification_Random_splitClauses_1":["59"],
"minedTemplateRelationSymbolNumber_Random_splitClauses_1":["6"],
"unlabeledSingleVariableTemplatesNumber_Mined_splitClauses_0":["124"],
"unlabeledBinaryVariableTemplatesNumber_PredictedCG_splitClauses_1":["204"],
"solvability_All_splitClauses_0":["10800000"],
"predicateGeneratorTime_RelationalEqs_splitClauses_1":["189"],
"relationSymbolNumberBeforeSimplification_PredictedCDHG_splitClauses_1":["59"],
"smt2FileSizeByte_PredictedCG_splitClauses_1":["21216"],
"labeledSingleVariableTemplatesNumber_Unlabeled_splitClauses_1":["0"],
"labeledBinaryVariableTemplatesNumber_PredictedCG_splitClauses_1":["12"],
"minedBinaryVariableTemplatesNumber_PredictedCG_splitClauses_0":["12"],
"solvability_Random_splitClauses_0":["10800000"],
"relationSymbolNumberAfterSimplification_PredictedCG_splitClauses_1":["17"],
"clauseNumberBeforeSimplification_PredictedCDHG_splitClauses_1":["32"],
"labeledSingleVariableTemplatesNumber_Mined_splitClauses_0":["0"],
"solvability_Unlabeled_splitClauses_1":["1"],
"cegarIterationNumber_Labeled_splitClauses_1":["3"],
"smt2FileSizeByte_Mined_splitClauses_0":["21216"],
"relationSymbolNumberAfterSimplification_Mined_splitClauses_0":["17"],
"labeledSingleVariableTemplatesNumber_PredictedCG_splitClauses_1":["0"],
"smt2FileSizeByte_Octagon_splitClauses_1":["21216"],
"minedTemplateNumber_Labeled_splitClauses_1":["56"],
"labeledSingleVariableTemplatesNumber_RelationalIneqs_splitClauses_1":["0"],
"clauseNumberAfterSimplification_Labeled_splitClauses_1":["11"],
"relationSymbolNumberAfterSimplification_Labeled_splitClauses_0":["17"],
"smt2FileSizeByte_Random_splitClauses_0":["21216"],
"relationSymbolNumberAfterSimplification_PredictedCDHG_splitClauses_0":["17"],
"unlabeledTemplateRelationSymbolNumber_PredictedCDHG_splitClauses_1":["6"],
"labeledSingleVariableTemplatesNumber_Term_splitClauses_0":["0"],
"generatedPredicateNumber_PredictedCDHG_splitClauses_1":["10800000"],
"minedSingleVariableTemplatesNumber_Unlabeled_splitClauses_0":["44"],
"generatedPredicateNumber_Octagon_splitClauses_1":["7"],
"labeledSingleVariableTemplatesNumber_RelationalEqs_splitClauses_0":["0"],
"predicateGeneratorTime_PredictedCG_splitClauses_1":["10800000"],
"relationSymbolNumberAfterSimplification_Octagon_splitClauses_0":["17"],
"labeledTemplateNumber_Labeled_splitClauses_1":["12"],
"labeledSingleVariableTemplatesNumber_Empty_splitClauses_0":["0"],
"minedTemplateRelationSymbolNumber_RelationalIneqs_splitClauses_1":["6"],
"unlabeledSingleVariableTemplatesNumber_All_splitClauses_1":["124"],
"labeledBinaryVariableTemplatesNumber_PredictedCDHG_splitClauses_1":["12"],
"unlabeledSingleVariableTemplatesNumber_RelationalEqs_splitClauses_1":["124"],
"cegarIterationNumber_Term_splitClauses_0":["10800000"],
"unlabeledBinaryVariableTemplatesNumber_Labeled_splitClauses_1":["204"],
"unlabeledSingleVariableTemplatesNumber_Term_splitClauses_1":["124"],
"clauseNumberAfterSimplification_All_splitClauses_1":["11"],
"minedSingleVariableTemplatesNumber_Random_splitClauses_0":["44"],
"solvability_RelationalIneqs_splitClauses_1":["1"],
"minedTemplateNumber_Labeled_splitClauses_0":["56"],
"minedSingleVariableTemplatesNumber_Octagon_splitClauses_0":["44"],
"minedSingleVariableTemplatesNumber_Term_splitClauses_1":["44"],
"minedBinaryVariableTemplatesNumber_PredictedCDHG_splitClauses_1":["12"],
"generatedPredicateNumber_Mined_splitClauses_1":["7"],
"labeledSingleVariableTemplatesNumber_RelationalIneqs_splitClauses_0":["0"],
"averagePredicateSize_Mined_splitClauses_0":["10800000"],
"cegarIterationNumber_Unlabeled_splitClauses_0":["10800000"],
"minedBinaryVariableTemplatesNumber_Random_splitClauses_0":["12"],
"labeledTemplateNumber_Mined_splitClauses_1":["12"],
"labeledBinaryVariableTemplatesNumber_Random_splitClauses_0":["12"],
"unlabeledTemplateRelationSymbolNumber_Unlabeled_splitClauses_1":["6"],
"cegarIterationNumber_Mined_splitClauses_0":["10800000"],
"minedTemplateRelationSymbolNumber_Labeled_splitClauses_0":["6"],
"unlabeledBinaryVariableTemplatesNumber_RelationalIneqs_splitClauses_1":["204"],
"unlabeledBinaryVariableTemplatesNumber_Octagon_splitClauses_0":["204"],
"solvability_Mined_splitClauses_0":["10800000"],
"averagePredicateSize_RelationalEqs_splitClauses_0":["10800000"],
"clauseNumberAfterSimplification_Term_splitClauses_0":["11"],
"unlabeledTemplateNumber_Mined_splitClauses_0":["328"],
"relationSymbolNumberAfterSimplification_Random_splitClauses_1":["17"],
"unlabeledTemplateNumber_PredictedCDHG_splitClauses_0":["328"],
"cegarIterationNumber_RelationalIneqs_splitClauses_1":["3"],
"minedBinaryVariableTemplatesNumber_Unlabeled_splitClauses_1":["12"],
"labeledTemplateNumber_PredictedCG_splitClauses_1":["12"],
"labeledTemplateRelationSymbolNumber_Mined_splitClauses_0":["4"],
"labeledBinaryVariableTemplatesNumber_Mined_splitClauses_1":["12"],
"relationSymbolNumberBeforeSimplification_Mined_splitClauses_0":["59"],
"relationSymbolNumberBeforeSimplification_RelationalIneqs_splitClauses_0":["59"],
"clauseNumberAfterSimplification_RelationalIneqs_splitClauses_1":["11"],
"minedSingleVariableTemplatesNumber_PredictedCDHG_splitClauses_0":["44"],
"solvability_Labeled_splitClauses_1":["1"],
"labeledSingleVariableTemplatesNumber_Octagon_splitClauses_1":["0"],
"averagePredicateSize_Random_splitClauses_0":["10800000"],
"smt2FileSizeByte_RelationalIneqs_splitClauses_0":["21216"],
"generatedPredicateNumber_Unlabeled_splitClauses_0":["10800000"],
"solvability_RelationalEqs_splitClauses_0":["10800000"],
"predicateGeneratorTime_Empty_splitClauses_1":["326"],
"minedSingleVariableTemplatesNumber_Mined_splitClauses_0":["44"],
"relationSymbolNumberAfterSimplification_Unlabeled_splitClauses_0":["17"],
"minedTemplateRelationSymbolNumber_PredictedCDHG_splitClauses_1":["6"],
"minedTemplateNumber_PredictedCG_splitClauses_0":["56"],
"averagePredicateSize_RelationalIneqs_splitClauses_1":["1"],
"labeledTemplateRelationSymbolNumber_Random_splitClauses_1":["4"],
"minedTemplateNumber_RelationalIneqs_splitClauses_0":["56"],
"predicateGeneratorTime_RelationalIneqs_splitClauses_0":["10800000"],
"labeledTemplateRelationSymbolNumber_Empty_splitClauses_0":["4"],
"minedBinaryVariableTemplatesNumber_Octagon_splitClauses_0":["12"],
"labeledSingleVariableTemplatesNumber_Term_splitClauses_1":["0"],
"labeledBinaryVariableTemplatesNumber_Empty_splitClauses_0":["12"],
"minedTemplateNumber_Octagon_splitClauses_0":["56"],
"labeledBinaryVariableTemplatesNumber_Unlabeled_splitClauses_0":["12"],
"relationSymbolNumberBeforeSimplification_Empty_splitClauses_0":["59"],
"clauseNumberAfterSimplification_PredictedCDHG_splitClauses_0":["11"],
"smt2FileSizeByte_PredictedCG_splitClauses_0":["21216"],
"minedBinaryVariableTemplatesNumber_RelationalEqs_splitClauses_0":["12"],
"relationSymbolNumberBeforeSimplification_Unlabeled_splitClauses_0":["59"],
"labeledTemplateRelationSymbolNumber_RelationalEqs_splitClauses_1":["4"],
"minedBinaryVariableTemplatesNumber_Random_splitClauses_1":["12"],
"clauseNumberAfterSimplification_Unlabeled_splitClauses_1":["11"],
"minedSingleVariableTemplatesNumber_PredictedCDHG_splitClauses_1":["44"],
"labeledBinaryVariableTemplatesNumber_Term_splitClauses_1":["12"],
"clauseNumberBeforeSimplification_Empty_splitClauses_1":["32"],
"relationSymbolNumberAfterSimplification_Octagon_splitClauses_1":["17"],
"relationSymbolNumberAfterSimplification_Term_splitClauses_0":["17"],
"minedBinaryVariableTemplatesNumber_Mined_splitClauses_1":["12"],
"unlabeledBinaryVariableTemplatesNumber_Unlabeled_splitClauses_1":["204"],
"relationSymbolNumberBeforeSimplification_Random_splitClauses_0":["59"],
"relationSymbolNumberAfterSimplification_PredictedCDHG_splitClauses_1":["17"],
"unlabeledTemplateNumber_PredictedCG_splitClauses_1":["328"],
"generatedPredicateNumber_Empty_splitClauses_0":["10800000"],
"predicateGeneratorTime_RelationalIneqs_splitClauses_1":["225"],
"unlabeledSingleVariableTemplatesNumber_Empty_splitClauses_0":["124"],
"cegarIterationNumber_Octagon_splitClauses_0":["10800000"],
"clauseNumberAfterSimplification_Octagon_splitClauses_1":["11"],
"unlabeledSingleVariableTemplatesNumber_Labeled_splitClauses_1":["124"],
"clauseNumberBeforeSimplification_Random_splitClauses_1":["32"],
"minedTemplateRelationSymbolNumber_All_splitClauses_0":["6"],
"unlabeledTemplateRelationSymbolNumber_RelationalEqs_splitClauses_0":["6"],
"minedSingleVariableTemplatesNumber_Unlabeled_splitClauses_1":["44"],
"clauseNumberBeforeSimplification_RelationalEqs_splitClauses_0":["32"],
"minedTemplateNumber_Unlabeled_splitClauses_0":["56"],
"generatedPredicateNumber_Octagon_splitClauses_0":["10800000"],
"predicateGeneratorTime_PredictedCDHG_splitClauses_0":["10800000"],
"clauseNumberAfterSimplification_PredictedCG_splitClauses_1":["11"],
"labeledSingleVariableTemplatesNumber_RelationalEqs_splitClauses_1":["0"],
"smt2FileSizeByte_Random_splitClauses_1":["21216"],
"averagePredicateSize_PredictedCG_splitClauses_1":["10800000"],
"cegarIterationNumber_PredictedCDHG_splitClauses_1":["10800000"],
"clauseNumberAfterSimplification_RelationalEqs_splitClauses_1":["11"],
"minedBinaryVariableTemplatesNumber_Empty_splitClauses_1":["12"],
"relationSymbolNumberAfterSimplification_RelationalEqs_splitClauses_1":["17"],
"minedTemplateNumber_PredictedCDHG_splitClauses_0":["56"],
"labeledBinaryVariableTemplatesNumber_All_splitClauses_1":["12"],
"solvingTime_RelationalIneqs_splitClauses_1":["313"],
"unlabeledTemplateRelationSymbolNumber_RelationalEqs_splitClauses_1":["6"],
"smt2FileSizeByte_Unlabeled_splitClauses_0":["21216"],
"relationSymbolNumberBeforeSimplification_Mined_splitClauses_1":["59"],
"relationSymbolNumberAfterSimplification_Mined_splitClauses_1":["17"],
"generatedPredicateNumber_All_splitClauses_0":["10800000"],
"relationSymbolNumberBeforeSimplification_Octagon_splitClauses_1":["59"],
"predicateGeneratorTime_Octagon_splitClauses_1":["233"],
"solvability_Mined_splitClauses_1":["1"],
"minedTemplateRelationSymbolNumber_Term_splitClauses_1":["6"],
"clauseNumberAfterSimplification_Mined_splitClauses_0":["11"],
"solvability_PredictedCDHG_splitClauses_0":["10800000"],
"solvingTime_Empty_splitClauses_0":["10800000"],
"unlabeledSingleVariableTemplatesNumber_Unlabeled_splitClauses_1":["124"],
"minedTemplateNumber_Term_splitClauses_1":["56"],
"averagePredicateSize_Octagon_splitClauses_1":["1"],
"unlabeledSingleVariableTemplatesNumber_Octagon_splitClauses_1":["124"],
"minedTemplateRelationSymbolNumber_RelationalEqs_splitClauses_1":["6"],
"relationSymbolNumberBeforeSimplification_All_splitClauses_1":["59"],
"minedBinaryVariableTemplatesNumber_RelationalIneqs_splitClauses_0":["12"],
"predicateGeneratorTime_Term_splitClauses_1":["350"],
"solvingTime_Labeled_splitClauses_0":["10800000"],
"unlabeledBinaryVariableTemplatesNumber_PredictedCG_splitClauses_0":["204"],
"minedTemplateNumber_All_splitClauses_0":["56"],
"predicateGeneratorTime_Labeled_splitClauses_1":["209"],
"unlabeledTemplateRelationSymbolNumber_Empty_splitClauses_0":["6"],
"unlabeledTemplateNumber_Mined_splitClauses_1":["328"],
"solvability_PredictedCG_splitClauses_1":["10800000"],
"unlabeledTemplateNumber_Term_splitClauses_0":["328"],
"minedBinaryVariableTemplatesNumber_PredictedCG_splitClauses_1":["12"],
"labeledSingleVariableTemplatesNumber_PredictedCDHG_splitClauses_0":["0"],
"minedBinaryVariableTemplatesNumber_All_splitClauses_0":["12"],
"averagePredicateSize_PredictedCDHG_splitClauses_1":["10800000"],
"predicateGeneratorTime_PredictedCG_splitClauses_0":["10800000"],
"generatedPredicateNumber_RelationalIneqs_splitClauses_0":["10800000"],
"labeledTemplateNumber_Empty_splitClauses_0":["12"],
"relationSymbolNumberAfterSimplification_RelationalIneqs_splitClauses_1":["17"],
"unlabeledTemplateRelationSymbolNumber_Term_splitClauses_0":["6"],
"minedTemplateNumber_All_splitClauses_1":["56"],
"labeledSingleVariableTemplatesNumber_Empty_splitClauses_1":["0"],
"minedBinaryVariableTemplatesNumber_Unlabeled_splitClauses_0":["12"],
"labeledTemplateNumber_Random_splitClauses_0":["12"],
"minedBinaryVariableTemplatesNumber_All_splitClauses_1":["12"],
"unlabeledSingleVariableTemplatesNumber_All_splitClauses_0":["124"],
"relationSymbolNumberBeforeSimplification_Labeled_splitClauses_1":["59"],
"smt2FileSizeByte_PredictedCDHG_splitClauses_1":["21216"],
"labeledBinaryVariableTemplatesNumber_PredictedCDHG_splitClauses_0":["12"],
"averagePredicateSize_RelationalEqs_splitClauses_1":["1"],
"minedSingleVariableTemplatesNumber_Term_splitClauses_0":["44"],
"labeledTemplateRelationSymbolNumber_Term_splitClauses_1":["4"],
"generatedPredicateNumber_Random_splitClauses_0":["10800000"],
"labeledBinaryVariableTemplatesNumber_Empty_splitClauses_1":["12"],
"relationSymbolNumberAfterSimplification_Term_splitClauses_1":["17"],
"clauseNumberAfterSimplification_Labeled_splitClauses_0":["11"],
"labeledSingleVariableTemplatesNumber_Labeled_splitClauses_0":["0"],
"minedTemplateNumber_Mined_splitClauses_1":["56"],
"labeledTemplateRelationSymbolNumber_Labeled_splitClauses_0":["4"],
"unlabeledTemplateRelationSymbolNumber_Mined_splitClauses_1":["6"],
"solvability_Labeled_splitClauses_0":["10800000"],
"minedTemplateNumber_RelationalEqs_splitClauses_1":["56"],
"solvingTime_Random_splitClauses_1":["315"],
"minedTemplateNumber_Random_splitClauses_0":["56"],
"cegarIterationNumber_Unlabeled_splitClauses_1":["3"],
"minedTemplateNumber_RelationalIneqs_splitClauses_1":["56"],
"unlabeledBinaryVariableTemplatesNumber_Octagon_splitClauses_1":["204"],
"minedSingleVariableTemplatesNumber_Octagon_splitClauses_1":["44"],
"minedSingleVariableTemplatesNumber_Random_splitClauses_1":["44"],
"averagePredicateSize_All_splitClauses_1":["10800000"],
"minedTemplateNumber_Empty_splitClauses_0":["56"],
"labeledTemplateNumber_Mined_splitClauses_0":["12"],
"unlabeledBinaryVariableTemplatesNumber_All_splitClauses_0":["204"],
"relationSymbolNumberAfterSimplification_Labeled_splitClauses_1":["17"],
"labeledSingleVariableTemplatesNumber_PredictedCDHG_splitClauses_1":["0"],
"minedSingleVariableTemplatesNumber_Mined_splitClauses_1":["44"],
"labeledTemplateRelationSymbolNumber_Term_splitClauses_0":["4"],
"unlabeledTemplateRelationSymbolNumber_Term_splitClauses_1":["6"],
"predicateGeneratorTime_All_splitClauses_1":["10800000"],
"unlabeledSingleVariableTemplatesNumber_Random_splitClauses_0":["124"],
"predicateGeneratorTime_Unlabeled_splitClauses_1":["213"],
"cegarIterationNumber_PredictedCDHG_splitClauses_0":["10800000"],
"labeledTemplateNumber_RelationalEqs_splitClauses_0":["12"],
"labeledTemplateRelationSymbolNumber_Mined_splitClauses_1":["4"],
"labeledTemplateRelationSymbolNumber_Random_splitClauses_0":["4"],
"labeledBinaryVariableTemplatesNumber_RelationalEqs_splitClauses_1":["12"],
"generatedPredicateNumber_RelationalIneqs_splitClauses_1":["7"],
"unlabeledTemplateRelationSymbolNumber_PredictedCG_splitClauses_1":["6"],
"unlabeledSingleVariableTemplatesNumber_RelationalEqs_splitClauses_0":["124"],
"labeledBinaryVariableTemplatesNumber_Labeled_splitClauses_0":["12"],
"minedBinaryVariableTemplatesNumber_PredictedCDHG_splitClauses_0":["12"],
"unlabeledTemplateRelationSymbolNumber_Unlabeled_splitClauses_0":["6"],
"clauseNumberAfterSimplification_Term_splitClauses_1":["11"],
"unlabeledTemplateNumber_Octagon_splitClauses_0":["328"],
"unlabeledBinaryVariableTemplatesNumber_RelationalEqs_splitClauses_1":["204"],
"unlabeledTemplateNumber_PredictedCG_splitClauses_0":["328"],
"unlabeledTemplateNumber_All_splitClauses_0":["328"],
"labeledTemplateRelationSymbolNumber_RelationalIneqs_splitClauses_1":["4"],
"unlabeledSingleVariableTemplatesNumber_Mined_splitClauses_1":["124"],
"labeledTemplateRelationSymbolNumber_Unlabeled_splitClauses_1":["4"],
"labeledBinaryVariableTemplatesNumber_Random_splitClauses_1":["12"],
"solvability_Random_splitClauses_1":["1"],
"solvingTime_Term_splitClauses_0":["10800000"],
"minedSingleVariableTemplatesNumber_Labeled_splitClauses_1":["44"],
"clauseNumberBeforeSimplification_Term_splitClauses_0":["32"],
"relationSymbolNumberBeforeSimplification_RelationalIneqs_splitClauses_1":["59"],
"minedTemplateRelationSymbolNumber_Mined_splitClauses_0":["6"],
"solvability_Octagon_splitClauses_1":["1"],
"minedSingleVariableTemplatesNumber_RelationalIneqs_splitClauses_1":["44"],
"smt2FileSizeByte_Labeled_splitClauses_0":["21216"],
"solvability_RelationalEqs_splitClauses_1":["1"],
"unlabeledSingleVariableTemplatesNumber_Empty_splitClauses_1":["124"],
"labeledTemplateNumber_PredictedCDHG_splitClauses_1":["12"],
"minedTemplateRelationSymbolNumber_Octagon_splitClauses_0":["6"],
"clauseNumberAfterSimplification_Unlabeled_splitClauses_0":["11"],
"clauseNumberBeforeSimplification_Unlabeled_splitClauses_0":["32"],
"clauseNumberBeforeSimplification_PredictedCDHG_splitClauses_0":["32"],
"cegarIterationNumber_RelationalIneqs_splitClauses_0":["10800000"],
"labeledTemplateRelationSymbolNumber_RelationalEqs_splitClauses_0":["4"],
"averagePredicateSize_Labeled_splitClauses_0":["10800000"],
"smt2FileSizeByte_RelationalIneqs_splitClauses_1":["21216"],
"clauseNumberBeforeSimplification_RelationalEqs_splitClauses_1":["32"],
"unlabeledTemplateRelationSymbolNumber_RelationalIneqs_splitClauses_1":["6"],
"clauseNumberBeforeSimplification_PredictedCG_splitClauses_0":["32"],
"solvingTime_PredictedCDHG_splitClauses_0":["10800000"],
"labeledTemplateRelationSymbolNumber_Octagon_splitClauses_1":["4"],
"minedTemplateRelationSymbolNumber_PredictedCG_splitClauses_1":["6"],
"relationSymbolNumberBeforeSimplification_RelationalEqs_splitClauses_1":["59"],
"labeledTemplateNumber_Random_splitClauses_1":["12"],
"solvingTime_RelationalIneqs_splitClauses_0":["10800000"],
"labeledTemplateNumber_All_splitClauses_1":["12"],
"unlabeledTemplateNumber_Random_splitClauses_1":["328"],
"relationSymbolNumberBeforeSimplification_All_splitClauses_0":["59"],
"smt2FileSizeByte_Unlabeled_splitClauses_1":["21216"],
"cegarIterationNumber_PredictedCG_splitClauses_0":["10800000"],
"predicateGeneratorTime_Octagon_splitClauses_0":["10800000"],
"unlabeledTemplateNumber_RelationalEqs_splitClauses_1":["328"],
"clauseNumberAfterSimplification_Octagon_splitClauses_0":["11"],
"cegarIterationNumber_Random_splitClauses_0":["10800000"],
"solvability_PredictedCDHG_splitClauses_1":["10800000"],
"solvability_PredictedCG_splitClauses_0":["10800000"],
"solvingTime_PredictedCG_splitClauses_1":["10800000"],
"unlabeledSingleVariableTemplatesNumber_Unlabeled_splitClauses_0":["124"],
"unlabeledTemplateNumber_Unlabeled_splitClauses_0":["328"],
"labeledTemplateRelationSymbolNumber_RelationalIneqs_splitClauses_0":["4"],
"minedTemplateNumber_Random_splitClauses_1":["56"],
"generatedPredicateNumber_RelationalEqs_splitClauses_0":["10800000"],
"minedTemplateNumber_Term_splitClauses_0":["56"],
"solvingTime_All_splitClauses_1":["10800000"],
"minedSingleVariableTemplatesNumber_PredictedCG_splitClauses_0":["44"],
"smt2FileSizeByte_Term_splitClauses_1":["21216"],
"labeledBinaryVariableTemplatesNumber_All_splitClauses_0":["12"],
"minedTemplateNumber_PredictedCDHG_splitClauses_1":["56"],
"minedTemplateRelationSymbolNumber_PredictedCDHG_splitClauses_0":["6"],
"averagePredicateSize_Unlabeled_splitClauses_0":["10800000"],
"minedBinaryVariableTemplatesNumber_Octagon_splitClauses_1":["12"],
"unlabeledSingleVariableTemplatesNumber_Random_splitClauses_1":["124"],
"clauseNumberBeforeSimplification_Random_splitClauses_0":["32"],
"solvingTime_Unlabeled_splitClauses_1":["314"],
"predicateGeneratorTime_PredictedCDHG_splitClauses_1":["10800000"],
"averagePredicateSize_PredictedCDHG_splitClauses_0":["10800000"],
"relationSymbolNumberAfterSimplification_RelationalEqs_splitClauses_0":["17"],
"minedBinaryVariableTemplatesNumber_Term_splitClauses_0":["12"],
"labeledTemplateNumber_RelationalIneqs_splitClauses_0":["12"],
"clauseNumberAfterSimplification_Random_splitClauses_0":["11"],
"clauseNumberAfterSimplification_PredictedCG_splitClauses_0":["11"],
"generatedPredicateNumber_Empty_splitClauses_1":["7"],
"clauseNumberBeforeSimplification_Octagon_splitClauses_0":["32"],
"unlabeledTemplateNumber_Empty_splitClauses_0":["328"],
"minedSingleVariableTemplatesNumber_All_splitClauses_0":["44"],
"labeledTemplateRelationSymbolNumber_Octagon_splitClauses_0":["4"],
"generatedPredicateNumber_Random_splitClauses_1":["7"],
"clauseNumberAfterSimplification_RelationalEqs_splitClauses_0":["11"],
"labeledBinaryVariableTemplatesNumber_Term_splitClauses_0":["12"],
"minedSingleVariableTemplatesNumber_RelationalEqs_splitClauses_0":["44"],
"minedTemplateNumber_Mined_splitClauses_0":["56"],
"relationSymbolNumberBeforeSimplification_PredictedCG_splitClauses_0":["59"],
"averagePredicateSize_Octagon_splitClauses_0":["10800000"],
"unlabeledBinaryVariableTemplatesNumber_Empty_splitClauses_1":["204"],
"unlabeledSingleVariableTemplatesNumber_PredictedCDHG_splitClauses_0":["124"],
"unlabeledSingleVariableTemplatesNumber_PredictedCG_splitClauses_1":["124"],
"labeledTemplateRelationSymbolNumber_Labeled_splitClauses_1":["4"],
"minedTemplateRelationSymbolNumber_Random_splitClauses_0":["6"],
"unlabeledTemplateRelationSymbolNumber_PredictedCG_splitClauses_0":["6"],
"unlabeledTemplateNumber_RelationalIneqs_splitClauses_0":["328"],
"unlabeledSingleVariableTemplatesNumber_Labeled_splitClauses_0":["124"],
"relationSymbolNumberAfterSimplification_PredictedCG_splitClauses_0":["17"],
"minedTemplateNumber_Unlabeled_splitClauses_1":["56"],
"generatedPredicateNumber_PredictedCG_splitClauses_0":["10800000"],
"labeledTemplateNumber_Unlabeled_splitClauses_1":["12"],
"unlabeledTemplateRelationSymbolNumber_Empty_splitClauses_1":["6"],
"clauseNumberBeforeSimplification_Empty_splitClauses_0":["32"],
"solvingTime_Octagon_splitClauses_1":["387"],
"cegarIterationNumber_Mined_splitClauses_1":["3"],
"clauseNumberBeforeSimplification_Mined_splitClauses_1":["32"],
"smt2FileSizeByte_PredictedCDHG_splitClauses_0":["21216"],
"averagePredicateSize_PredictedCG_splitClauses_0":["10800000"],
"solvingTime_Random_splitClauses_0":["10800000"],
"minedTemplateNumber_RelationalEqs_splitClauses_0":["56"],
"unlabeledSingleVariableTemplatesNumber_RelationalIneqs_splitClauses_0":["124"],
"unlabeledTemplateNumber_Unlabeled_splitClauses_1":["328"],
"labeledBinaryVariableTemplatesNumber_RelationalEqs_splitClauses_0":["12"],
"generatedPredicateNumber_PredictedCDHG_splitClauses_0":["10800000"],
"relationSymbolNumberAfterSimplification_RelationalIneqs_splitClauses_0":["17"],
"minedTemplateRelationSymbolNumber_Empty_splitClauses_1":["6"],
"predicateGeneratorTime_Random_splitClauses_1":["217"],
"labeledTemplateNumber_Term_splitClauses_1":["12"],
"relationSymbolNumberBeforeSimplification_RelationalEqs_splitClauses_0":["59"],
"minedSingleVariableTemplatesNumber_Empty_splitClauses_1":["44"],
"minedSingleVariableTemplatesNumber_RelationalIneqs_splitClauses_0":["44"],
"clauseNumberAfterSimplification_All_splitClauses_0":["11"],
"unlabeledBinaryVariableTemplatesNumber_RelationalEqs_splitClauses_0":["204"],
"cegarIterationNumber_RelationalEqs_splitClauses_0":["10800000"],
"labeledTemplateRelationSymbolNumber_PredictedCDHG_splitClauses_0":["4"],
"labeledSingleVariableTemplatesNumber_Labeled_splitClauses_1":["0"],
"unlabeledBinaryVariableTemplatesNumber_All_splitClauses_1":["204"],
"minedTemplateRelationSymbolNumber_Unlabeled_splitClauses_1":["6"],
"solvingTime_RelationalEqs_splitClauses_0":["10800000"],
"solvingTime_RelationalEqs_splitClauses_1":["273"],
"minedBinaryVariableTemplatesNumber_Mined_splitClauses_0":["12"],
"clauseNumberBeforeSimplification_All_splitClauses_0":["32"],
"clauseNumberBeforeSimplification_RelationalIneqs_splitClauses_1":["32"],
"labeledTemplateNumber_RelationalEqs_splitClauses_1":["12"],
"labeledBinaryVariableTemplatesNumber_RelationalIneqs_splitClauses_0":["12"],
"relationSymbolNumberBeforeSimplification_Labeled_splitClauses_0":["59"],
"clauseNumberAfterSimplification_Empty_splitClauses_0":["11"],
"averagePredicateSize_Empty_splitClauses_0":["10800000"],
"unlabeledTemplateNumber_Term_splitClauses_1":["328"],
"predicateGeneratorTime_Mined_splitClauses_1":["183"],
"labeledBinaryVariableTemplatesNumber_RelationalIneqs_splitClauses_1":["12"],
"predicateGeneratorTime_Unlabeled_splitClauses_0":["10800000"],
"relationSymbolNumberAfterSimplification_Empty_splitClauses_0":["17"],
"generatedPredicateNumber_Mined_splitClauses_0":["10800000"],
"generatedPredicateNumber_RelationalEqs_splitClauses_1":["7"],
"labeledTemplateRelationSymbolNumber_PredictedCG_splitClauses_0":["4"],
"minedSingleVariableTemplatesNumber_PredictedCG_splitClauses_1":["44"],
"minedTemplateRelationSymbolNumber_PredictedCG_splitClauses_0":["6"],
"unlabeledTemplateRelationSymbolNumber_Labeled_splitClauses_0":["6"],
"solvability_Empty_splitClauses_1":["1"],
"averagePredicateSize_Term_splitClauses_0":["10800000"],
"cegarIterationNumber_Random_splitClauses_1":["3"],
"averagePredicateSize_Labeled_splitClauses_1":["1"],
"unlabeledBinaryVariableTemplatesNumber_Unlabeled_splitClauses_0":["204"],
"generatedPredicateNumber_Unlabeled_splitClauses_1":["7"],
"predicateGeneratorTime_All_splitClauses_0":["10800000"],
"unlabeledBinaryVariableTemplatesNumber_PredictedCDHG_splitClauses_1":["204"],
"clauseNumberBeforeSimplification_Labeled_splitClauses_1":["32"],
"minedBinaryVariableTemplatesNumber_Labeled_splitClauses_1":["12"],
"labeledSingleVariableTemplatesNumber_All_splitClauses_0":["0"],
"unlabeledTemplateRelationSymbolNumber_Mined_splitClauses_0":["6"],
"cegarIterationNumber_Octagon_splitClauses_1":["3"],
"labeledTemplateNumber_Octagon_splitClauses_0":["12"],
"labeledTemplateRelationSymbolNumber_All_splitClauses_1":["4"],
"smt2FileSizeByte_Empty_splitClauses_0":["21216"],
"unlabeledTemplateNumber_Octagon_splitClauses_1":["328"],
"predicateGeneratorTime_RelationalEqs_splitClauses_0":["10800000"],
"unlabeledTemplateRelationSymbolNumber_RelationalIneqs_splitClauses_0":["6"],
"smt2FileSizeByte_RelationalEqs_splitClauses_1":["21216"],
"unlabeledTemplateNumber_Labeled_splitClauses_0":["328"],
"minedSingleVariableTemplatesNumber_Labeled_splitClauses_0":["44"],
"solvingTime_PredictedCDHG_splitClauses_1":["10800000"],
"relationSymbolNumberBeforeSimplification_Term_splitClauses_1":["59"],
"minedTemplateNumber_Octagon_splitClauses_1":["56"],
"clauseNumberBeforeSimplification_Mined_splitClauses_0":["32"],
"smt2FileSizeByte_All_splitClauses_0":["21216"],
"solvingTime_All_splitClauses_0":["10800000"],
"minedBinaryVariableTemplatesNumber_Term_splitClauses_1":["12"],
"unlabeledTemplateRelationSymbolNumber_Random_splitClauses_0":["6"],
"cegarIterationNumber_All_splitClauses_0":["10800000"],
"smt2FileSizeByte_RelationalEqs_splitClauses_0":["21216"],
"unlabeledSingleVariableTemplatesNumber_PredictedCDHG_splitClauses_1":["124"],
"clauseNumberBeforeSimplification_Labeled_splitClauses_0":["32"],
"cegarIterationNumber_PredictedCG_splitClauses_1":["10800000"],
"labeledTemplateRelationSymbolNumber_Unlabeled_splitClauses_0":["4"],
"unlabeledTemplateRelationSymbolNumber_Octagon_splitClauses_1":["6"],
"unlabeledTemplateNumber_Empty_splitClauses_1":["328"],
"clauseNumberBeforeSimplification_Octagon_splitClauses_1":["32"],
"labeledTemplateNumber_Unlabeled_splitClauses_0":["12"],
"labeledBinaryVariableTemplatesNumber_PredictedCG_splitClauses_0":["12"],
"solvability_Term_splitClauses_1":["1"],
"solvability_Octagon_splitClauses_0":["10800000"],
"minedTemplateRelationSymbolNumber_RelationalIneqs_splitClauses_0":["6"],
"clauseNumberBeforeSimplification_RelationalIneqs_splitClauses_0":["32"],
"labeledTemplateNumber_PredictedCG_splitClauses_0":["12"],
"cegarIterationNumber_Labeled_splitClauses_0":["10800000"],
"smt2FileSizeByte_Labeled_splitClauses_1":["21216"],
"clauseNumberBeforeSimplification_Unlabeled_splitClauses_1":["32"],
"generatedPredicateNumber_Term_splitClauses_1":["7"],
"solvingTime_Term_splitClauses_1":["495"],
"unlabeledBinaryVariableTemplatesNumber_Random_splitClauses_1":["204"],
"unlabeledSingleVariableTemplatesNumber_Octagon_splitClauses_0":["124"],
"solvingTime_Octagon_splitClauses_0":["10800000"],
"labeledSingleVariableTemplatesNumber_Mined_splitClauses_1":["0"],
"averagePredicateSize_Term_splitClauses_1":["1"],
"labeledTemplateNumber_Labeled_splitClauses_0":["12"],
"unlabeledSingleVariableTemplatesNumber_PredictedCG_splitClauses_0":["124"],
"smt2FileSizeByte_Mined_splitClauses_1":["21216"],
"labeledBinaryVariableTemplatesNumber_Unlabeled_splitClauses_1":["12"],
"labeledTemplateNumber_All_splitClauses_0":["12"],
"unlabeledTemplateNumber_Random_splitClauses_0":["328"],
"labeledTemplateNumber_Octagon_splitClauses_1":["12"],
"unlabeledTemplateNumber_PredictedCDHG_splitClauses_1":["328"],
"unlabeledBinaryVariableTemplatesNumber_Mined_splitClauses_0":["204"],
"minedTemplateRelationSymbolNumber_Mined_splitClauses_1":["6"],
"labeledTemplateNumber_RelationalIneqs_splitClauses_1":["12"],
"relationSymbolNumberAfterSimplification_All_splitClauses_0":["17"],
"relationSymbolNumberBeforeSimplification_PredictedCDHG_splitClauses_0":["59"],
"solvability_Term_splitClauses_0":["10800000"],
"clauseNumberBeforeSimplification_PredictedCG_splitClauses_1":["32"],
"generatedPredicateNumber_Labeled_splitClauses_1":["7"],
"labeledSingleVariableTemplatesNumber_Unlabeled_splitClauses_0":["0"],
"unlabeledBinaryVariableTemplatesNumber_Empty_splitClauses_0":["204"],
"solvingTime_Mined_splitClauses_0":["10800000"],
"unlabeledTemplateNumber_All_splitClauses_1":["328"],
"clauseNumberAfterSimplification_Random_splitClauses_1":["11"],
"labeledBinaryVariableTemplatesNumber_Octagon_splitClauses_1":["12"],
"unlabeledBinaryVariableTemplatesNumber_Labeled_splitClauses_0":["204"],
"smt2FileSizeByte_Octagon_splitClauses_0":["21216"],
"labeledSingleVariableTemplatesNumber_Random_splitClauses_1":["0"],
"solvability_Unlabeled_splitClauses_0":["10800000"],
"solvingTime_Unlabeled_splitClauses_0":["10800000"],
"unlabeledTemplateRelationSymbolNumber_All_splitClauses_1":["6"],
"minedTemplateNumber_Empty_splitClauses_1":["56"],
"solvability_RelationalIneqs_splitClauses_0":["10800000"],
"unlabeledTemplateRelationSymbolNumber_Labeled_splitClauses_1":["6"],
"cegarIterationNumber_RelationalEqs_splitClauses_1":["3"],
"minedSingleVariableTemplatesNumber_RelationalEqs_splitClauses_1":["44"],
"clauseNumberAfterSimplification_PredictedCDHG_splitClauses_1":["11"],
"minedBinaryVariableTemplatesNumber_RelationalIneqs_splitClauses_1":["12"],
"unlabeledBinaryVariableTemplatesNumber_Mined_splitClauses_1":["204"],
"unlabeledBinaryVariableTemplatesNumber_PredictedCDHG_splitClauses_0":["204"],
"solvingTime_Empty_splitClauses_1":["445"],
"labeledTemplateRelationSymbolNumber_Empty_splitClauses_1":["4"],
"generatedPredicateNumber_Term_splitClauses_0":["10800000"],
"averagePredicateSize_Empty_splitClauses_1":["1"],
"generatedPredicateNumber_PredictedCG_splitClauses_1":["10800000"],
"labeledTemplateRelationSymbolNumber_PredictedCDHG_splitClauses_1":["4"],
"predicateGeneratorTime_Mined_splitClauses_0":["10800000"],
"relationSymbolNumberBeforeSimplification_Term_splitClauses_0":["59"],
"predicateGeneratorTime_Labeled_splitClauses_0":["10800000"],
"labeledSingleVariableTemplatesNumber_Random_splitClauses_0":["0"],
"unlabeledTemplateRelationSymbolNumber_All_splitClauses_0":["6"],
"minedBinaryVariableTemplatesNumber_Labeled_splitClauses_0":["12"],
"generatedPredicateNumber_Labeled_splitClauses_0":["10800000"],
"relationSymbolNumberAfterSimplification_Empty_splitClauses_1":["17"],
"solvingTime_Mined_splitClauses_1":["272"],
"minedSingleVariableTemplatesNumber_All_splitClauses_1":["44"],
"predicateGeneratorTime_Random_splitClauses_0":["10800000"],
"cegarIterationNumber_Term_splitClauses_1":["3"],
"labeledTemplateNumber_Empty_splitClauses_1":["12"],
"clauseNumberAfterSimplification_Empty_splitClauses_1":["11"],
"minedTemplateRelationSymbolNumber_Empty_splitClauses_0":["6"],
"unlabeledSingleVariableTemplatesNumber_Term_splitClauses_0":["124"],
"minedSingleVariableTemplatesNumber_Empty_splitClauses_0":["44"],
"relationSymbolNumberAfterSimplification_Random_splitClauses_0":["17"],
"minedTemplateRelationSymbolNumber_RelationalEqs_splitClauses_0":["6"],
"cegarIterationNumber_Empty_splitClauses_0":["10800000"],
"minedBinaryVariableTemplatesNumber_RelationalEqs_splitClauses_1":["12"],
"relationSymbolNumberBeforeSimplification_PredictedCG_splitClauses_1":["59"],
"labeledSingleVariableTemplatesNumber_All_splitClauses_1":["0"],
"unlabeledTemplateRelationSymbolNumber_Octagon_splitClauses_0":["6"],
"minedTemplateRelationSymbolNumber_Unlabeled_splitClauses_0":["6"],
"labeledBinaryVariableTemplatesNumber_Mined_splitClauses_0":["12"],
"relationSymbolNumberAfterSimplification_Unlabeled_splitClauses_1":["17"],
"minedTemplateNumber_PredictedCG_splitClauses_1":["56"],
"cegarIterationNumber_Empty_splitClauses_1":["3"],
"averagePredicateSize_RelationalIneqs_splitClauses_0":["10800000"],
"solvability_All_splitClauses_1":["10800000"],
"unlabeledBinaryVariableTemplatesNumber_Term_splitClauses_1":["204"],
"minedTemplateRelationSymbolNumber_Labeled_splitClauses_1":["6"],
"averagePredicateSize_Unlabeled_splitClauses_1":["1"],
"labeledTemplateNumber_Term_splitClauses_0":["12"],
"smt2FileSizeByte_Empty_splitClauses_1":["21216"],
"solvingTime_PredictedCG_splitClauses_0":["10800000"],
"cegarIterationNumber_All_splitClauses_1":["10800000"],
"clauseNumberBeforeSimplification_Term_splitClauses_1":["32"],
"predicateGeneratorTime_Empty_splitClauses_0":["10800000"],
"relationSymbolNumberBeforeSimplification_Empty_splitClauses_1":["59"],
"averagePredicateSize_All_splitClauses_0":["10800000"],
"unlabeledBinaryVariableTemplatesNumber_Random_splitClauses_0":["204"],
"smt2FileSizeByte_Term_splitClauses_0":["21216"],
"averagePredicateSize_Mined_splitClauses_1":["1"],
"minedBinaryVariableTemplatesNumber_Empty_splitClauses_0":["12"],
"minedTemplateRelationSymbolNumber_All_splitClauses_1":["6"],
"labeledSingleVariableTemplatesNumber_PredictedCG_splitClauses_0":["0"],
"unlabeledBinaryVariableTemplatesNumber_RelationalIneqs_splitClauses_0":["204"],
"unlabeledSingleVariableTemplatesNumber_RelationalIneqs_splitClauses_1":["124"],
"clauseNumberAfterSimplification_RelationalIneqs_splitClauses_0":["11"],
"unlabeledTemplateNumber_RelationalEqs_splitClauses_0":["328"],
"unlabeledTemplateNumber_RelationalIneqs_splitClauses_1":["328"],
"labeledTemplateRelationSymbolNumber_PredictedCG_splitClauses_1":["4"],
"labeledTemplateRelationSymbolNumber_All_splitClauses_0":["4"],
"labeledSingleVariableTemplatesNumber_Octagon_splitClauses_0":["0"],
"dummyFiled":[]
}