{
"smt2FileSizeByte_All_splitClauses_1":["52266"],
"generatedPredicateNumber_All_splitClauses_1":["10800000"],
"unlabeledTemplateRelationSymbolNumber_PredictedCDHG_splitClauses_0":["14"],
"predicateGeneratorTime_Term_splitClauses_0":["10800000"],
"averagePredicateSize_Random_splitClauses_1":["10800000"],
"labeledBinaryVariableTemplatesNumber_Labeled_splitClauses_1":["27"],
"clauseNumberBeforeSimplification_All_splitClauses_1":["92"],
"minedTemplateRelationSymbolNumber_Term_splitClauses_0":["14"],
"solvingTime_Labeled_splitClauses_1":["10800000"],
"unlabeledTemplateNumber_Labeled_splitClauses_1":["796"],
"relationSymbolNumber_Term_splitClauses_1":["73"],
"minedTemplateRelationSymbolNumber_Octagon_splitClauses_1":["14"],
"clauseNumberAfterSimplification_Mined_splitClauses_1":["50"],
"unlabeledBinaryVariableTemplatesNumber_Term_splitClauses_0":["498"],
"labeledTemplateNumber_PredictedCDHG_splitClauses_0":["29"],
"relationSymbolNumber_RelationalEqs_splitClauses_1":["73"],
"solvability_Empty_splitClauses_0":["10800000"],
"unlabeledTemplateRelationSymbolNumber_Random_splitClauses_1":["14"],
"labeledBinaryVariableTemplatesNumber_Octagon_splitClauses_0":["27"],
"minedTemplateRelationSymbolNumber_Random_splitClauses_1":["14"],
"unlabeledSingleVariableTemplatesNumber_Mined_splitClauses_0":["298"],
"unlabeledBinaryVariableTemplatesNumber_PredictedCG_splitClauses_1":["498"],
"solvability_All_splitClauses_0":["10800000"],
"predicateGeneratorTime_RelationalEqs_splitClauses_1":["10800000"],
"smt2FileSizeByte_PredictedCG_splitClauses_1":["52266"],
"labeledSingleVariableTemplatesNumber_Unlabeled_splitClauses_1":["2"],
"labeledBinaryVariableTemplatesNumber_PredictedCG_splitClauses_1":["27"],
"minedBinaryVariableTemplatesNumber_PredictedCG_splitClauses_0":["27"],
"solvability_Random_splitClauses_0":["10800000"],
"clauseNumberBeforeSimplification_PredictedCDHG_splitClauses_1":["92"],
"labeledSingleVariableTemplatesNumber_Mined_splitClauses_0":["2"],
"solvability_Unlabeled_splitClauses_1":["10800000"],
"cegarIterationNumber_Labeled_splitClauses_1":["10800000"],
"smt2FileSizeByte_Mined_splitClauses_0":["52266"],
"labeledSingleVariableTemplatesNumber_PredictedCG_splitClauses_1":["2"],
"smt2FileSizeByte_Octagon_splitClauses_1":["52266"],
"minedTemplateNumber_Labeled_splitClauses_1":["131"],
"labeledSingleVariableTemplatesNumber_RelationalIneqs_splitClauses_1":["2"],
"clauseNumberAfterSimplification_Labeled_splitClauses_1":["50"],
"smt2FileSizeByte_Random_splitClauses_0":["52266"],
"unlabeledTemplateRelationSymbolNumber_PredictedCDHG_splitClauses_1":["14"],
"labeledSingleVariableTemplatesNumber_Term_splitClauses_0":["2"],
"generatedPredicateNumber_PredictedCDHG_splitClauses_1":["10800000"],
"minedSingleVariableTemplatesNumber_Unlabeled_splitClauses_0":["104"],
"generatedPredicateNumber_Octagon_splitClauses_1":["10800000"],
"labeledSingleVariableTemplatesNumber_RelationalEqs_splitClauses_0":["2"],
"predicateGeneratorTime_PredictedCG_splitClauses_1":["10800000"],
"labeledTemplateNumber_Labeled_splitClauses_1":["29"],
"labeledSingleVariableTemplatesNumber_Empty_splitClauses_0":["2"],
"minedTemplateRelationSymbolNumber_RelationalIneqs_splitClauses_1":["14"],
"unlabeledSingleVariableTemplatesNumber_All_splitClauses_1":["298"],
"labeledBinaryVariableTemplatesNumber_PredictedCDHG_splitClauses_1":["27"],
"unlabeledSingleVariableTemplatesNumber_RelationalEqs_splitClauses_1":["298"],
"cegarIterationNumber_Term_splitClauses_0":["10800000"],
"unlabeledBinaryVariableTemplatesNumber_Labeled_splitClauses_1":["498"],
"unlabeledSingleVariableTemplatesNumber_Term_splitClauses_1":["298"],
"clauseNumberAfterSimplification_All_splitClauses_1":["50"],
"minedSingleVariableTemplatesNumber_Random_splitClauses_0":["104"],
"solvability_RelationalIneqs_splitClauses_1":["10800000"],
"minedTemplateNumber_Labeled_splitClauses_0":["131"],
"minedSingleVariableTemplatesNumber_Octagon_splitClauses_0":["104"],
"minedSingleVariableTemplatesNumber_Term_splitClauses_1":["104"],
"minedBinaryVariableTemplatesNumber_PredictedCDHG_splitClauses_1":["27"],
"generatedPredicateNumber_Mined_splitClauses_1":["28"],
"relationSymbolNumber_Octagon_splitClauses_1":["73"],
"relationSymbolNumber_Unlabeled_splitClauses_1":["73"],
"labeledSingleVariableTemplatesNumber_RelationalIneqs_splitClauses_0":["2"],
"averagePredicateSize_Mined_splitClauses_0":["10800000"],
"cegarIterationNumber_Unlabeled_splitClauses_0":["10800000"],
"minedBinaryVariableTemplatesNumber_Random_splitClauses_0":["27"],
"labeledTemplateNumber_Mined_splitClauses_1":["29"],
"labeledBinaryVariableTemplatesNumber_Random_splitClauses_0":["27"],
"unlabeledTemplateRelationSymbolNumber_Unlabeled_splitClauses_1":["14"],
"cegarIterationNumber_Mined_splitClauses_0":["10800000"],
"minedTemplateRelationSymbolNumber_Labeled_splitClauses_0":["14"],
"unlabeledBinaryVariableTemplatesNumber_RelationalIneqs_splitClauses_1":["498"],
"unlabeledBinaryVariableTemplatesNumber_Octagon_splitClauses_0":["498"],
"solvability_Mined_splitClauses_0":["10800000"],
"averagePredicateSize_RelationalEqs_splitClauses_0":["10800000"],
"clauseNumberAfterSimplification_Term_splitClauses_0":["50"],
"unlabeledTemplateNumber_Mined_splitClauses_0":["796"],
"unlabeledTemplateNumber_PredictedCDHG_splitClauses_0":["796"],
"cegarIterationNumber_RelationalIneqs_splitClauses_1":["10800000"],
"minedBinaryVariableTemplatesNumber_Unlabeled_splitClauses_1":["27"],
"labeledTemplateNumber_PredictedCG_splitClauses_1":["29"],
"labeledTemplateRelationSymbolNumber_Mined_splitClauses_0":["11"],
"labeledBinaryVariableTemplatesNumber_Mined_splitClauses_1":["27"],
"clauseNumberAfterSimplification_RelationalIneqs_splitClauses_1":["50"],
"minedSingleVariableTemplatesNumber_PredictedCDHG_splitClauses_0":["104"],
"solvability_Labeled_splitClauses_1":["10800000"],
"labeledSingleVariableTemplatesNumber_Octagon_splitClauses_1":["2"],
"averagePredicateSize_Random_splitClauses_0":["10800000"],
"smt2FileSizeByte_RelationalIneqs_splitClauses_0":["52266"],
"generatedPredicateNumber_Unlabeled_splitClauses_0":["10800000"],
"solvability_RelationalEqs_splitClauses_0":["10800000"],
"predicateGeneratorTime_Empty_splitClauses_1":["10800000"],
"minedSingleVariableTemplatesNumber_Mined_splitClauses_0":["104"],
"minedTemplateRelationSymbolNumber_PredictedCDHG_splitClauses_1":["14"],
"minedTemplateNumber_PredictedCG_splitClauses_0":["131"],
"averagePredicateSize_RelationalIneqs_splitClauses_1":["10800000"],
"labeledTemplateRelationSymbolNumber_Random_splitClauses_1":["11"],
"minedTemplateNumber_RelationalIneqs_splitClauses_0":["131"],
"predicateGeneratorTime_RelationalIneqs_splitClauses_0":["10800000"],
"labeledTemplateRelationSymbolNumber_Empty_splitClauses_0":["11"],
"minedBinaryVariableTemplatesNumber_Octagon_splitClauses_0":["27"],
"relationSymbolNumber_Labeled_splitClauses_0":["73"],
"labeledSingleVariableTemplatesNumber_Term_splitClauses_1":["2"],
"labeledBinaryVariableTemplatesNumber_Empty_splitClauses_0":["27"],
"minedTemplateNumber_Octagon_splitClauses_0":["131"],
"labeledBinaryVariableTemplatesNumber_Unlabeled_splitClauses_0":["27"],
"clauseNumberAfterSimplification_PredictedCDHG_splitClauses_0":["50"],
"smt2FileSizeByte_PredictedCG_splitClauses_0":["52266"],
"minedBinaryVariableTemplatesNumber_RelationalEqs_splitClauses_0":["27"],
"labeledTemplateRelationSymbolNumber_RelationalEqs_splitClauses_1":["11"],
"minedBinaryVariableTemplatesNumber_Random_splitClauses_1":["27"],
"clauseNumberAfterSimplification_Unlabeled_splitClauses_1":["50"],
"minedSingleVariableTemplatesNumber_PredictedCDHG_splitClauses_1":["104"],
"labeledBinaryVariableTemplatesNumber_Term_splitClauses_1":["27"],
"clauseNumberBeforeSimplification_Empty_splitClauses_1":["92"],
"minedBinaryVariableTemplatesNumber_Mined_splitClauses_1":["27"],
"unlabeledBinaryVariableTemplatesNumber_Unlabeled_splitClauses_1":["498"],
"unlabeledTemplateNumber_PredictedCG_splitClauses_1":["796"],
"generatedPredicateNumber_Empty_splitClauses_0":["10800000"],
"predicateGeneratorTime_RelationalIneqs_splitClauses_1":["10800000"],
"unlabeledSingleVariableTemplatesNumber_Empty_splitClauses_0":["298"],
"cegarIterationNumber_Octagon_splitClauses_0":["10800000"],
"clauseNumberAfterSimplification_Octagon_splitClauses_1":["50"],
"unlabeledSingleVariableTemplatesNumber_Labeled_splitClauses_1":["298"],
"clauseNumberBeforeSimplification_Random_splitClauses_1":["92"],
"minedTemplateRelationSymbolNumber_All_splitClauses_0":["14"],
"unlabeledTemplateRelationSymbolNumber_RelationalEqs_splitClauses_0":["14"],
"minedSingleVariableTemplatesNumber_Unlabeled_splitClauses_1":["104"],
"clauseNumberBeforeSimplification_RelationalEqs_splitClauses_0":["92"],
"minedTemplateNumber_Unlabeled_splitClauses_0":["131"],
"generatedPredicateNumber_Octagon_splitClauses_0":["10800000"],
"predicateGeneratorTime_PredictedCDHG_splitClauses_0":["10800000"],
"clauseNumberAfterSimplification_PredictedCG_splitClauses_1":["50"],
"labeledSingleVariableTemplatesNumber_RelationalEqs_splitClauses_1":["2"],
"smt2FileSizeByte_Random_splitClauses_1":["52266"],
"averagePredicateSize_PredictedCG_splitClauses_1":["10800000"],
"cegarIterationNumber_PredictedCDHG_splitClauses_1":["10800000"],
"clauseNumberAfterSimplification_RelationalEqs_splitClauses_1":["50"],
"minedBinaryVariableTemplatesNumber_Empty_splitClauses_1":["27"],
"minedTemplateNumber_PredictedCDHG_splitClauses_0":["131"],
"labeledBinaryVariableTemplatesNumber_All_splitClauses_1":["27"],
"solvingTime_RelationalIneqs_splitClauses_1":["10800000"],
"unlabeledTemplateRelationSymbolNumber_RelationalEqs_splitClauses_1":["14"],
"smt2FileSizeByte_Unlabeled_splitClauses_0":["52266"],
"generatedPredicateNumber_All_splitClauses_0":["10800000"],
"predicateGeneratorTime_Octagon_splitClauses_1":["10800000"],
"solvability_Mined_splitClauses_1":["1"],
"minedTemplateRelationSymbolNumber_Term_splitClauses_1":["14"],
"clauseNumberAfterSimplification_Mined_splitClauses_0":["50"],
"solvability_PredictedCDHG_splitClauses_0":["10800000"],
"solvingTime_Empty_splitClauses_0":["10800000"],
"unlabeledSingleVariableTemplatesNumber_Unlabeled_splitClauses_1":["298"],
"minedTemplateNumber_Term_splitClauses_1":["131"],
"averagePredicateSize_Octagon_splitClauses_1":["10800000"],
"relationSymbolNumber_Empty_splitClauses_1":["73"],
"unlabeledSingleVariableTemplatesNumber_Octagon_splitClauses_1":["298"],
"minedTemplateRelationSymbolNumber_RelationalEqs_splitClauses_1":["14"],
"minedBinaryVariableTemplatesNumber_RelationalIneqs_splitClauses_0":["27"],
"predicateGeneratorTime_Term_splitClauses_1":["10800000"],
"solvingTime_Labeled_splitClauses_0":["10800000"],
"unlabeledBinaryVariableTemplatesNumber_PredictedCG_splitClauses_0":["498"],
"minedTemplateNumber_All_splitClauses_0":["131"],
"predicateGeneratorTime_Labeled_splitClauses_1":["10800000"],
"unlabeledTemplateRelationSymbolNumber_Empty_splitClauses_0":["14"],
"unlabeledTemplateNumber_Mined_splitClauses_1":["796"],
"solvability_PredictedCG_splitClauses_1":["10800000"],
"unlabeledTemplateNumber_Term_splitClauses_0":["796"],
"minedBinaryVariableTemplatesNumber_PredictedCG_splitClauses_1":["27"],
"labeledSingleVariableTemplatesNumber_PredictedCDHG_splitClauses_0":["2"],
"minedBinaryVariableTemplatesNumber_All_splitClauses_0":["27"],
"averagePredicateSize_PredictedCDHG_splitClauses_1":["10800000"],
"predicateGeneratorTime_PredictedCG_splitClauses_0":["10800000"],
"generatedPredicateNumber_RelationalIneqs_splitClauses_0":["10800000"],
"labeledTemplateNumber_Empty_splitClauses_0":["29"],
"unlabeledTemplateRelationSymbolNumber_Term_splitClauses_0":["14"],
"minedTemplateNumber_All_splitClauses_1":["131"],
"labeledSingleVariableTemplatesNumber_Empty_splitClauses_1":["2"],
"minedBinaryVariableTemplatesNumber_Unlabeled_splitClauses_0":["27"],
"labeledTemplateNumber_Random_splitClauses_0":["29"],
"minedBinaryVariableTemplatesNumber_All_splitClauses_1":["27"],
"unlabeledSingleVariableTemplatesNumber_All_splitClauses_0":["298"],
"smt2FileSizeByte_PredictedCDHG_splitClauses_1":["52266"],
"labeledBinaryVariableTemplatesNumber_PredictedCDHG_splitClauses_0":["27"],
"averagePredicateSize_RelationalEqs_splitClauses_1":["10800000"],
"minedSingleVariableTemplatesNumber_Term_splitClauses_0":["104"],
"labeledTemplateRelationSymbolNumber_Term_splitClauses_1":["11"],
"generatedPredicateNumber_Random_splitClauses_0":["10800000"],
"labeledBinaryVariableTemplatesNumber_Empty_splitClauses_1":["27"],
"clauseNumberAfterSimplification_Labeled_splitClauses_0":["50"],
"labeledSingleVariableTemplatesNumber_Labeled_splitClauses_0":["2"],
"minedTemplateNumber_Mined_splitClauses_1":["131"],
"labeledTemplateRelationSymbolNumber_Labeled_splitClauses_0":["11"],
"unlabeledTemplateRelationSymbolNumber_Mined_splitClauses_1":["14"],
"solvability_Labeled_splitClauses_0":["10800000"],
"minedTemplateNumber_RelationalEqs_splitClauses_1":["131"],
"solvingTime_Random_splitClauses_1":["10800000"],
"minedTemplateNumber_Random_splitClauses_0":["131"],
"cegarIterationNumber_Unlabeled_splitClauses_1":["10800000"],
"minedTemplateNumber_RelationalIneqs_splitClauses_1":["131"],
"unlabeledBinaryVariableTemplatesNumber_Octagon_splitClauses_1":["498"],
"minedSingleVariableTemplatesNumber_Octagon_splitClauses_1":["104"],
"minedSingleVariableTemplatesNumber_Random_splitClauses_1":["104"],
"averagePredicateSize_All_splitClauses_1":["10800000"],
"minedTemplateNumber_Empty_splitClauses_0":["131"],
"labeledTemplateNumber_Mined_splitClauses_0":["29"],
"unlabeledBinaryVariableTemplatesNumber_All_splitClauses_0":["498"],
"labeledSingleVariableTemplatesNumber_PredictedCDHG_splitClauses_1":["2"],
"minedSingleVariableTemplatesNumber_Mined_splitClauses_1":["104"],
"labeledTemplateRelationSymbolNumber_Term_splitClauses_0":["11"],
"unlabeledTemplateRelationSymbolNumber_Term_splitClauses_1":["14"],
"predicateGeneratorTime_All_splitClauses_1":["10800000"],
"unlabeledSingleVariableTemplatesNumber_Random_splitClauses_0":["298"],
"predicateGeneratorTime_Unlabeled_splitClauses_1":["10800000"],
"cegarIterationNumber_PredictedCDHG_splitClauses_0":["10800000"],
"labeledTemplateNumber_RelationalEqs_splitClauses_0":["29"],
"labeledTemplateRelationSymbolNumber_Mined_splitClauses_1":["11"],
"labeledTemplateRelationSymbolNumber_Random_splitClauses_0":["11"],
"labeledBinaryVariableTemplatesNumber_RelationalEqs_splitClauses_1":["27"],
"generatedPredicateNumber_RelationalIneqs_splitClauses_1":["10800000"],
"unlabeledTemplateRelationSymbolNumber_PredictedCG_splitClauses_1":["14"],
"unlabeledSingleVariableTemplatesNumber_RelationalEqs_splitClauses_0":["298"],
"labeledBinaryVariableTemplatesNumber_Labeled_splitClauses_0":["27"],
"minedBinaryVariableTemplatesNumber_PredictedCDHG_splitClauses_0":["27"],
"unlabeledTemplateRelationSymbolNumber_Unlabeled_splitClauses_0":["14"],
"clauseNumberAfterSimplification_Term_splitClauses_1":["50"],
"relationSymbolNumber_RelationalIneqs_splitClauses_0":["73"],
"unlabeledTemplateNumber_Octagon_splitClauses_0":["796"],
"unlabeledBinaryVariableTemplatesNumber_RelationalEqs_splitClauses_1":["498"],
"unlabeledTemplateNumber_PredictedCG_splitClauses_0":["796"],
"unlabeledTemplateNumber_All_splitClauses_0":["796"],
"labeledTemplateRelationSymbolNumber_RelationalIneqs_splitClauses_1":["11"],
"unlabeledSingleVariableTemplatesNumber_Mined_splitClauses_1":["298"],
"labeledTemplateRelationSymbolNumber_Unlabeled_splitClauses_1":["11"],
"labeledBinaryVariableTemplatesNumber_Random_splitClauses_1":["27"],
"relationSymbolNumber_RelationalEqs_splitClauses_0":["73"],
"solvability_Random_splitClauses_1":["10800000"],
"solvingTime_Term_splitClauses_0":["10800000"],
"minedSingleVariableTemplatesNumber_Labeled_splitClauses_1":["104"],
"relationSymbolNumber_Random_splitClauses_0":["73"],
"clauseNumberBeforeSimplification_Term_splitClauses_0":["92"],
"minedTemplateRelationSymbolNumber_Mined_splitClauses_0":["14"],
"solvability_Octagon_splitClauses_1":["10800000"],
"relationSymbolNumber_Labeled_splitClauses_1":["73"],
"minedSingleVariableTemplatesNumber_RelationalIneqs_splitClauses_1":["104"],
"smt2FileSizeByte_Labeled_splitClauses_0":["52266"],
"solvability_RelationalEqs_splitClauses_1":["10800000"],
"unlabeledSingleVariableTemplatesNumber_Empty_splitClauses_1":["298"],
"labeledTemplateNumber_PredictedCDHG_splitClauses_1":["29"],
"minedTemplateRelationSymbolNumber_Octagon_splitClauses_0":["14"],
"clauseNumberAfterSimplification_Unlabeled_splitClauses_0":["50"],
"clauseNumberBeforeSimplification_Unlabeled_splitClauses_0":["92"],
"clauseNumberBeforeSimplification_PredictedCDHG_splitClauses_0":["92"],
"cegarIterationNumber_RelationalIneqs_splitClauses_0":["10800000"],
"relationSymbolNumber_All_splitClauses_0":["73"],
"labeledTemplateRelationSymbolNumber_RelationalEqs_splitClauses_0":["11"],
"averagePredicateSize_Labeled_splitClauses_0":["10800000"],
"smt2FileSizeByte_RelationalIneqs_splitClauses_1":["52266"],
"clauseNumberBeforeSimplification_RelationalEqs_splitClauses_1":["92"],
"unlabeledTemplateRelationSymbolNumber_RelationalIneqs_splitClauses_1":["14"],
"clauseNumberBeforeSimplification_PredictedCG_splitClauses_0":["92"],
"solvingTime_PredictedCDHG_splitClauses_0":["10800000"],
"labeledTemplateRelationSymbolNumber_Octagon_splitClauses_1":["11"],
"minedTemplateRelationSymbolNumber_PredictedCG_splitClauses_1":["14"],
"labeledTemplateNumber_Random_splitClauses_1":["29"],
"solvingTime_RelationalIneqs_splitClauses_0":["10800000"],
"labeledTemplateNumber_All_splitClauses_1":["29"],
"unlabeledTemplateNumber_Random_splitClauses_1":["796"],
"relationSymbolNumber_PredictedCDHG_splitClauses_1":["73"],
"smt2FileSizeByte_Unlabeled_splitClauses_1":["52266"],
"cegarIterationNumber_PredictedCG_splitClauses_0":["10800000"],
"predicateGeneratorTime_Octagon_splitClauses_0":["10800000"],
"unlabeledTemplateNumber_RelationalEqs_splitClauses_1":["796"],
"clauseNumberAfterSimplification_Octagon_splitClauses_0":["50"],
"cegarIterationNumber_Random_splitClauses_0":["10800000"],
"solvability_PredictedCDHG_splitClauses_1":["10800000"],
"solvability_PredictedCG_splitClauses_0":["10800000"],
"solvingTime_PredictedCG_splitClauses_1":["10800000"],
"unlabeledSingleVariableTemplatesNumber_Unlabeled_splitClauses_0":["298"],
"unlabeledTemplateNumber_Unlabeled_splitClauses_0":["796"],
"labeledTemplateRelationSymbolNumber_RelationalIneqs_splitClauses_0":["11"],
"minedTemplateNumber_Random_splitClauses_1":["131"],
"relationSymbolNumber_PredictedCG_splitClauses_0":["73"],
"generatedPredicateNumber_RelationalEqs_splitClauses_0":["10800000"],
"minedTemplateNumber_Term_splitClauses_0":["131"],
"solvingTime_All_splitClauses_1":["10800000"],
"minedSingleVariableTemplatesNumber_PredictedCG_splitClauses_0":["104"],
"smt2FileSizeByte_Term_splitClauses_1":["52266"],
"labeledBinaryVariableTemplatesNumber_All_splitClauses_0":["27"],
"minedTemplateNumber_PredictedCDHG_splitClauses_1":["131"],
"minedTemplateRelationSymbolNumber_PredictedCDHG_splitClauses_0":["14"],
"averagePredicateSize_Unlabeled_splitClauses_0":["10800000"],
"minedBinaryVariableTemplatesNumber_Octagon_splitClauses_1":["27"],
"unlabeledSingleVariableTemplatesNumber_Random_splitClauses_1":["298"],
"clauseNumberBeforeSimplification_Random_splitClauses_0":["92"],
"solvingTime_Unlabeled_splitClauses_1":["10800000"],
"predicateGeneratorTime_PredictedCDHG_splitClauses_1":["10800000"],
"averagePredicateSize_PredictedCDHG_splitClauses_0":["10800000"],
"minedBinaryVariableTemplatesNumber_Term_splitClauses_0":["27"],
"labeledTemplateNumber_RelationalIneqs_splitClauses_0":["29"],
"clauseNumberAfterSimplification_Random_splitClauses_0":["50"],
"clauseNumberAfterSimplification_PredictedCG_splitClauses_0":["50"],
"generatedPredicateNumber_Empty_splitClauses_1":["10800000"],
"clauseNumberBeforeSimplification_Octagon_splitClauses_0":["92"],
"unlabeledTemplateNumber_Empty_splitClauses_0":["796"],
"minedSingleVariableTemplatesNumber_All_splitClauses_0":["104"],
"labeledTemplateRelationSymbolNumber_Octagon_splitClauses_0":["11"],
"generatedPredicateNumber_Random_splitClauses_1":["10800000"],
"clauseNumberAfterSimplification_RelationalEqs_splitClauses_0":["50"],
"labeledBinaryVariableTemplatesNumber_Term_splitClauses_0":["27"],
"minedSingleVariableTemplatesNumber_RelationalEqs_splitClauses_0":["104"],
"minedTemplateNumber_Mined_splitClauses_0":["131"],
"averagePredicateSize_Octagon_splitClauses_0":["10800000"],
"unlabeledBinaryVariableTemplatesNumber_Empty_splitClauses_1":["498"],
"relationSymbolNumber_Unlabeled_splitClauses_0":["73"],
"unlabeledSingleVariableTemplatesNumber_PredictedCDHG_splitClauses_0":["298"],
"unlabeledSingleVariableTemplatesNumber_PredictedCG_splitClauses_1":["298"],
"labeledTemplateRelationSymbolNumber_Labeled_splitClauses_1":["11"],
"minedTemplateRelationSymbolNumber_Random_splitClauses_0":["14"],
"unlabeledTemplateRelationSymbolNumber_PredictedCG_splitClauses_0":["14"],
"unlabeledTemplateNumber_RelationalIneqs_splitClauses_0":["796"],
"unlabeledSingleVariableTemplatesNumber_Labeled_splitClauses_0":["298"],
"minedTemplateNumber_Unlabeled_splitClauses_1":["131"],
"generatedPredicateNumber_PredictedCG_splitClauses_0":["10800000"],
"labeledTemplateNumber_Unlabeled_splitClauses_1":["29"],
"unlabeledTemplateRelationSymbolNumber_Empty_splitClauses_1":["14"],
"clauseNumberBeforeSimplification_Empty_splitClauses_0":["92"],
"solvingTime_Octagon_splitClauses_1":["10800000"],
"cegarIterationNumber_Mined_splitClauses_1":["12"],
"clauseNumberBeforeSimplification_Mined_splitClauses_1":["92"],
"smt2FileSizeByte_PredictedCDHG_splitClauses_0":["52266"],
"averagePredicateSize_PredictedCG_splitClauses_0":["10800000"],
"solvingTime_Random_splitClauses_0":["10800000"],
"minedTemplateNumber_RelationalEqs_splitClauses_0":["131"],
"unlabeledSingleVariableTemplatesNumber_RelationalIneqs_splitClauses_0":["298"],
"unlabeledTemplateNumber_Unlabeled_splitClauses_1":["796"],
"labeledBinaryVariableTemplatesNumber_RelationalEqs_splitClauses_0":["27"],
"generatedPredicateNumber_PredictedCDHG_splitClauses_0":["10800000"],
"minedTemplateRelationSymbolNumber_Empty_splitClauses_1":["14"],
"predicateGeneratorTime_Random_splitClauses_1":["10800000"],
"labeledTemplateNumber_Term_splitClauses_1":["29"],
"minedSingleVariableTemplatesNumber_Empty_splitClauses_1":["104"],
"minedSingleVariableTemplatesNumber_RelationalIneqs_splitClauses_0":["104"],
"clauseNumberAfterSimplification_All_splitClauses_0":["50"],
"unlabeledBinaryVariableTemplatesNumber_RelationalEqs_splitClauses_0":["498"],
"cegarIterationNumber_RelationalEqs_splitClauses_0":["10800000"],
"labeledTemplateRelationSymbolNumber_PredictedCDHG_splitClauses_0":["11"],
"labeledSingleVariableTemplatesNumber_Labeled_splitClauses_1":["2"],
"unlabeledBinaryVariableTemplatesNumber_All_splitClauses_1":["498"],
"minedTemplateRelationSymbolNumber_Unlabeled_splitClauses_1":["14"],
"solvingTime_RelationalEqs_splitClauses_0":["10800000"],
"solvingTime_RelationalEqs_splitClauses_1":["10800000"],
"minedBinaryVariableTemplatesNumber_Mined_splitClauses_0":["27"],
"clauseNumberBeforeSimplification_All_splitClauses_0":["92"],
"clauseNumberBeforeSimplification_RelationalIneqs_splitClauses_1":["92"],
"labeledTemplateNumber_RelationalEqs_splitClauses_1":["29"],
"labeledBinaryVariableTemplatesNumber_RelationalIneqs_splitClauses_0":["27"],
"clauseNumberAfterSimplification_Empty_splitClauses_0":["50"],
"averagePredicateSize_Empty_splitClauses_0":["10800000"],
"relationSymbolNumber_PredictedCG_splitClauses_1":["73"],
"unlabeledTemplateNumber_Term_splitClauses_1":["796"],
"predicateGeneratorTime_Mined_splitClauses_1":["360"],
"relationSymbolNumber_Mined_splitClauses_0":["73"],
"labeledBinaryVariableTemplatesNumber_RelationalIneqs_splitClauses_1":["27"],
"predicateGeneratorTime_Unlabeled_splitClauses_0":["10800000"],
"generatedPredicateNumber_Mined_splitClauses_0":["10800000"],
"generatedPredicateNumber_RelationalEqs_splitClauses_1":["10800000"],
"labeledTemplateRelationSymbolNumber_PredictedCG_splitClauses_0":["11"],
"minedSingleVariableTemplatesNumber_PredictedCG_splitClauses_1":["104"],
"minedTemplateRelationSymbolNumber_PredictedCG_splitClauses_0":["14"],
"unlabeledTemplateRelationSymbolNumber_Labeled_splitClauses_0":["14"],
"solvability_Empty_splitClauses_1":["10800000"],
"averagePredicateSize_Term_splitClauses_0":["10800000"],
"cegarIterationNumber_Random_splitClauses_1":["10800000"],
"relationSymbolNumber_All_splitClauses_1":["73"],
"averagePredicateSize_Labeled_splitClauses_1":["10800000"],
"unlabeledBinaryVariableTemplatesNumber_Unlabeled_splitClauses_0":["498"],
"generatedPredicateNumber_Unlabeled_splitClauses_1":["10800000"],
"predicateGeneratorTime_All_splitClauses_0":["10800000"],
"unlabeledBinaryVariableTemplatesNumber_PredictedCDHG_splitClauses_1":["498"],
"clauseNumberBeforeSimplification_Labeled_splitClauses_1":["92"],
"minedBinaryVariableTemplatesNumber_Labeled_splitClauses_1":["27"],
"labeledSingleVariableTemplatesNumber_All_splitClauses_0":["2"],
"unlabeledTemplateRelationSymbolNumber_Mined_splitClauses_0":["14"],
"cegarIterationNumber_Octagon_splitClauses_1":["10800000"],
"labeledTemplateNumber_Octagon_splitClauses_0":["29"],
"labeledTemplateRelationSymbolNumber_All_splitClauses_1":["11"],
"smt2FileSizeByte_Empty_splitClauses_0":["52266"],
"relationSymbolNumber_RelationalIneqs_splitClauses_1":["73"],
"unlabeledTemplateNumber_Octagon_splitClauses_1":["796"],
"predicateGeneratorTime_RelationalEqs_splitClauses_0":["10800000"],
"unlabeledTemplateRelationSymbolNumber_RelationalIneqs_splitClauses_0":["14"],
"smt2FileSizeByte_RelationalEqs_splitClauses_1":["52266"],
"unlabeledTemplateNumber_Labeled_splitClauses_0":["796"],
"relationSymbolNumber_Random_splitClauses_1":["73"],
"minedSingleVariableTemplatesNumber_Labeled_splitClauses_0":["104"],
"solvingTime_PredictedCDHG_splitClauses_1":["10800000"],
"minedTemplateNumber_Octagon_splitClauses_1":["131"],
"clauseNumberBeforeSimplification_Mined_splitClauses_0":["92"],
"smt2FileSizeByte_All_splitClauses_0":["52266"],
"solvingTime_All_splitClauses_0":["10800000"],
"minedBinaryVariableTemplatesNumber_Term_splitClauses_1":["27"],
"unlabeledTemplateRelationSymbolNumber_Random_splitClauses_0":["14"],
"cegarIterationNumber_All_splitClauses_0":["10800000"],
"smt2FileSizeByte_RelationalEqs_splitClauses_0":["52266"],
"unlabeledSingleVariableTemplatesNumber_PredictedCDHG_splitClauses_1":["298"],
"clauseNumberBeforeSimplification_Labeled_splitClauses_0":["92"],
"cegarIterationNumber_PredictedCG_splitClauses_1":["10800000"],
"labeledTemplateRelationSymbolNumber_Unlabeled_splitClauses_0":["11"],
"unlabeledTemplateRelationSymbolNumber_Octagon_splitClauses_1":["14"],
"unlabeledTemplateNumber_Empty_splitClauses_1":["796"],
"clauseNumberBeforeSimplification_Octagon_splitClauses_1":["92"],
"labeledTemplateNumber_Unlabeled_splitClauses_0":["29"],
"labeledBinaryVariableTemplatesNumber_PredictedCG_splitClauses_0":["27"],
"solvability_Term_splitClauses_1":["10800000"],
"solvability_Octagon_splitClauses_0":["10800000"],
"minedTemplateRelationSymbolNumber_RelationalIneqs_splitClauses_0":["14"],
"clauseNumberBeforeSimplification_RelationalIneqs_splitClauses_0":["92"],
"labeledTemplateNumber_PredictedCG_splitClauses_0":["29"],
"cegarIterationNumber_Labeled_splitClauses_0":["10800000"],
"smt2FileSizeByte_Labeled_splitClauses_1":["52266"],
"clauseNumberBeforeSimplification_Unlabeled_splitClauses_1":["92"],
"generatedPredicateNumber_Term_splitClauses_1":["10800000"],
"solvingTime_Term_splitClauses_1":["10800000"],
"unlabeledBinaryVariableTemplatesNumber_Random_splitClauses_1":["498"],
"unlabeledSingleVariableTemplatesNumber_Octagon_splitClauses_0":["298"],
"solvingTime_Octagon_splitClauses_0":["10800000"],
"labeledSingleVariableTemplatesNumber_Mined_splitClauses_1":["2"],
"averagePredicateSize_Term_splitClauses_1":["10800000"],
"labeledTemplateNumber_Labeled_splitClauses_0":["29"],
"unlabeledSingleVariableTemplatesNumber_PredictedCG_splitClauses_0":["298"],
"smt2FileSizeByte_Mined_splitClauses_1":["52266"],
"labeledBinaryVariableTemplatesNumber_Unlabeled_splitClauses_1":["27"],
"labeledTemplateNumber_All_splitClauses_0":["29"],
"unlabeledTemplateNumber_Random_splitClauses_0":["796"],
"labeledTemplateNumber_Octagon_splitClauses_1":["29"],
"unlabeledTemplateNumber_PredictedCDHG_splitClauses_1":["796"],
"unlabeledBinaryVariableTemplatesNumber_Mined_splitClauses_0":["498"],
"minedTemplateRelationSymbolNumber_Mined_splitClauses_1":["14"],
"labeledTemplateNumber_RelationalIneqs_splitClauses_1":["29"],
"solvability_Term_splitClauses_0":["10800000"],
"relationSymbolNumber_Octagon_splitClauses_0":["73"],
"clauseNumberBeforeSimplification_PredictedCG_splitClauses_1":["92"],
"generatedPredicateNumber_Labeled_splitClauses_1":["10800000"],
"labeledSingleVariableTemplatesNumber_Unlabeled_splitClauses_0":["2"],
"unlabeledBinaryVariableTemplatesNumber_Empty_splitClauses_0":["498"],
"solvingTime_Mined_splitClauses_0":["10800000"],
"unlabeledTemplateNumber_All_splitClauses_1":["796"],
"clauseNumberAfterSimplification_Random_splitClauses_1":["50"],
"labeledBinaryVariableTemplatesNumber_Octagon_splitClauses_1":["27"],
"unlabeledBinaryVariableTemplatesNumber_Labeled_splitClauses_0":["498"],
"smt2FileSizeByte_Octagon_splitClauses_0":["52266"],
"labeledSingleVariableTemplatesNumber_Random_splitClauses_1":["2"],
"solvability_Unlabeled_splitClauses_0":["10800000"],
"solvingTime_Unlabeled_splitClauses_0":["10800000"],
"unlabeledTemplateRelationSymbolNumber_All_splitClauses_1":["14"],
"minedTemplateNumber_Empty_splitClauses_1":["131"],
"solvability_RelationalIneqs_splitClauses_0":["10800000"],
"unlabeledTemplateRelationSymbolNumber_Labeled_splitClauses_1":["14"],
"cegarIterationNumber_RelationalEqs_splitClauses_1":["10800000"],
"minedSingleVariableTemplatesNumber_RelationalEqs_splitClauses_1":["104"],
"clauseNumberAfterSimplification_PredictedCDHG_splitClauses_1":["50"],
"minedBinaryVariableTemplatesNumber_RelationalIneqs_splitClauses_1":["27"],
"unlabeledBinaryVariableTemplatesNumber_Mined_splitClauses_1":["498"],
"unlabeledBinaryVariableTemplatesNumber_PredictedCDHG_splitClauses_0":["498"],
"solvingTime_Empty_splitClauses_1":["10800000"],
"labeledTemplateRelationSymbolNumber_Empty_splitClauses_1":["11"],
"generatedPredicateNumber_Term_splitClauses_0":["10800000"],
"averagePredicateSize_Empty_splitClauses_1":["10800000"],
"generatedPredicateNumber_PredictedCG_splitClauses_1":["10800000"],
"labeledTemplateRelationSymbolNumber_PredictedCDHG_splitClauses_1":["11"],
"relationSymbolNumber_Mined_splitClauses_1":["73"],
"predicateGeneratorTime_Mined_splitClauses_0":["10800000"],
"predicateGeneratorTime_Labeled_splitClauses_0":["10800000"],
"labeledSingleVariableTemplatesNumber_Random_splitClauses_0":["2"],
"unlabeledTemplateRelationSymbolNumber_All_splitClauses_0":["14"],
"minedBinaryVariableTemplatesNumber_Labeled_splitClauses_0":["27"],
"generatedPredicateNumber_Labeled_splitClauses_0":["10800000"],
"relationSymbolNumber_Empty_splitClauses_0":["73"],
"solvingTime_Mined_splitClauses_1":["522"],
"minedSingleVariableTemplatesNumber_All_splitClauses_1":["104"],
"predicateGeneratorTime_Random_splitClauses_0":["10800000"],
"cegarIterationNumber_Term_splitClauses_1":["10800000"],
"labeledTemplateNumber_Empty_splitClauses_1":["29"],
"clauseNumberAfterSimplification_Empty_splitClauses_1":["50"],
"minedTemplateRelationSymbolNumber_Empty_splitClauses_0":["14"],
"unlabeledSingleVariableTemplatesNumber_Term_splitClauses_0":["298"],
"minedSingleVariableTemplatesNumber_Empty_splitClauses_0":["104"],
"minedTemplateRelationSymbolNumber_RelationalEqs_splitClauses_0":["14"],
"cegarIterationNumber_Empty_splitClauses_0":["10800000"],
"minedBinaryVariableTemplatesNumber_RelationalEqs_splitClauses_1":["27"],
"labeledSingleVariableTemplatesNumber_All_splitClauses_1":["2"],
"unlabeledTemplateRelationSymbolNumber_Octagon_splitClauses_0":["14"],
"minedTemplateRelationSymbolNumber_Unlabeled_splitClauses_0":["14"],
"labeledBinaryVariableTemplatesNumber_Mined_splitClauses_0":["27"],
"minedTemplateNumber_PredictedCG_splitClauses_1":["131"],
"cegarIterationNumber_Empty_splitClauses_1":["10800000"],
"averagePredicateSize_RelationalIneqs_splitClauses_0":["10800000"],
"solvability_All_splitClauses_1":["10800000"],
"unlabeledBinaryVariableTemplatesNumber_Term_splitClauses_1":["498"],
"relationSymbolNumber_PredictedCDHG_splitClauses_0":["73"],
"minedTemplateRelationSymbolNumber_Labeled_splitClauses_1":["14"],
"averagePredicateSize_Unlabeled_splitClauses_1":["10800000"],
"labeledTemplateNumber_Term_splitClauses_0":["29"],
"smt2FileSizeByte_Empty_splitClauses_1":["52266"],
"solvingTime_PredictedCG_splitClauses_0":["10800000"],
"relationSymbolNumber_Term_splitClauses_0":["73"],
"cegarIterationNumber_All_splitClauses_1":["10800000"],
"clauseNumberBeforeSimplification_Term_splitClauses_1":["92"],
"predicateGeneratorTime_Empty_splitClauses_0":["10800000"],
"averagePredicateSize_All_splitClauses_0":["10800000"],
"unlabeledBinaryVariableTemplatesNumber_Random_splitClauses_0":["498"],
"smt2FileSizeByte_Term_splitClauses_0":["52266"],
"averagePredicateSize_Mined_splitClauses_1":["1"],
"minedBinaryVariableTemplatesNumber_Empty_splitClauses_0":["27"],
"minedTemplateRelationSymbolNumber_All_splitClauses_1":["14"],
"labeledSingleVariableTemplatesNumber_PredictedCG_splitClauses_0":["2"],
"unlabeledBinaryVariableTemplatesNumber_RelationalIneqs_splitClauses_0":["498"],
"unlabeledSingleVariableTemplatesNumber_RelationalIneqs_splitClauses_1":["298"],
"clauseNumberAfterSimplification_RelationalIneqs_splitClauses_0":["50"],
"unlabeledTemplateNumber_RelationalEqs_splitClauses_0":["796"],
"unlabeledTemplateNumber_RelationalIneqs_splitClauses_1":["796"],
"labeledTemplateRelationSymbolNumber_PredictedCG_splitClauses_1":["11"],
"labeledTemplateRelationSymbolNumber_All_splitClauses_0":["11"],
"labeledSingleVariableTemplatesNumber_Octagon_splitClauses_0":["2"],
"dummyFiled":[]
}