{
"cegarIterationNumber_Term_splitClauses_0":[6],
"cegarIterationNumber_RelationalIneqs_splitClauses_1":[6],
"cegarIterationNumber_Octagon_splitClauses_0":[6],
"solvingTime_RelationalIneqs_splitClauses_1":[1280],
"solvingTime_Term_splitClauses_0":[1203],
"cegarIterationNumber_RelationalIneqs_splitClauses_0":[6],
"solvingTime_RelationalIneqs_splitClauses_0":[1371],
"solvingTime_Octagon_splitClauses_1":[1401],
"cegarIterationNumber_RelationalEqs_splitClauses_0":[6],
"solvingTime_RelationalEqs_splitClauses_0":[1434],
"solvingTime_RelationalEqs_splitClauses_1":[1294],
"cegarIterationNumber_Octagon_splitClauses_1":[6],
"solvingTime_Term_splitClauses_1":[1051],
"solvingTime_Octagon_splitClauses_0":[1175],
"cegarIterationNumber_RelationalEqs_splitClauses_1":[6],
"cegarIterationNumber_Term_splitClauses_1":[6],
"dummyFiled":[]
}