{
"cegarIterationNumber_Term_splitClauses_0":[4],
"cegarIterationNumber_RelationalIneqs_splitClauses_1":[4],
"cegarIterationNumber_Octagon_splitClauses_0":[4],
"solvingTime_RelationalIneqs_splitClauses_1":[239],
"solvingTime_Term_splitClauses_0":[269],
"cegarIterationNumber_RelationalIneqs_splitClauses_0":[4],
"solvingTime_RelationalIneqs_splitClauses_0":[275],
"solvingTime_Octagon_splitClauses_1":[258],
"cegarIterationNumber_RelationalEqs_splitClauses_0":[4],
"solvingTime_RelationalEqs_splitClauses_0":[291],
"solvingTime_RelationalEqs_splitClauses_1":[217],
"cegarIterationNumber_Octagon_splitClauses_1":[4],
"solvingTime_Term_splitClauses_1":[296],
"solvingTime_Octagon_splitClauses_0":[314],
"cegarIterationNumber_RelationalEqs_splitClauses_1":[4],
"cegarIterationNumber_Term_splitClauses_1":[4],
"dummyFiled":[]
}