{
"cegarIterationNumber_Term_splitClauses_0":[4],
"cegarIterationNumber_RelationalIneqs_splitClauses_1":[10800000],
"cegarIterationNumber_Octagon_splitClauses_0":[4],
"solvingTime_RelationalIneqs_splitClauses_1":[10800000],
"solvingTime_Term_splitClauses_0":[5409],
"cegarIterationNumber_RelationalIneqs_splitClauses_0":[4],
"solvingTime_RelationalIneqs_splitClauses_0":[5555],
"solvingTime_Octagon_splitClauses_1":[10800000],
"cegarIterationNumber_RelationalEqs_splitClauses_0":[4],
"solvingTime_RelationalEqs_splitClauses_0":[5823],
"solvingTime_RelationalEqs_splitClauses_1":[10800000],
"cegarIterationNumber_Octagon_splitClauses_1":[10800000],
"solvingTime_Term_splitClauses_1":[10800000],
"solvingTime_Octagon_splitClauses_0":[6348],
"cegarIterationNumber_RelationalEqs_splitClauses_1":[10800000],
"cegarIterationNumber_Term_splitClauses_1":[10800000],
"dummyFiled":[]
}