{
"smt2FileSizeByte_All_splitClauses_1":["220343"],
"generatedPredicateNumber_All_splitClauses_1":["10800000"],
"unlabeledTemplateRelationSymbolNumber_PredictedCDHG_splitClauses_0":["124"],
"predicateGeneratorTime_Term_splitClauses_0":["10800000"],
"averagePredicateSize_Random_splitClauses_1":["10800000"],
"labeledBinaryVariableTemplatesNumber_Labeled_splitClauses_1":["43"],
"clauseNumberBeforeSimplification_All_splitClauses_1":["399"],
"minedTemplateRelationSymbolNumber_Term_splitClauses_0":["124"],
"solvingTime_Labeled_splitClauses_1":["10800000"],
"unlabeledTemplateNumber_Labeled_splitClauses_1":["5687"],
"relationSymbolNumber_Term_splitClauses_1":["1024"],
"minedTemplateRelationSymbolNumber_Octagon_splitClauses_1":["124"],
"clauseNumberAfterSimplification_Mined_splitClauses_1":["470"],
"unlabeledBinaryVariableTemplatesNumber_Term_splitClauses_0":["3516"],
"labeledTemplateNumber_PredictedCDHG_splitClauses_0":["44"],
"relationSymbolNumber_RelationalEqs_splitClauses_1":["1024"],
"solvability_Empty_splitClauses_0":["10800000"],
"unlabeledTemplateRelationSymbolNumber_Random_splitClauses_1":["124"],
"labeledBinaryVariableTemplatesNumber_Octagon_splitClauses_0":["43"],
"minedTemplateRelationSymbolNumber_Random_splitClauses_1":["124"],
"unlabeledSingleVariableTemplatesNumber_Mined_splitClauses_0":["2171"],
"unlabeledBinaryVariableTemplatesNumber_PredictedCG_splitClauses_1":["3516"],
"solvability_All_splitClauses_0":["10800000"],
"predicateGeneratorTime_RelationalEqs_splitClauses_1":["10800000"],
"smt2FileSizeByte_PredictedCG_splitClauses_1":["220343"],
"labeledSingleVariableTemplatesNumber_Unlabeled_splitClauses_1":["1"],
"labeledBinaryVariableTemplatesNumber_PredictedCG_splitClauses_1":["43"],
"minedBinaryVariableTemplatesNumber_PredictedCG_splitClauses_0":["43"],
"solvability_Random_splitClauses_0":["10800000"],
"clauseNumberBeforeSimplification_PredictedCDHG_splitClauses_1":["399"],
"labeledSingleVariableTemplatesNumber_Mined_splitClauses_0":["1"],
"solvability_Unlabeled_splitClauses_1":["10800000"],
"cegarIterationNumber_Labeled_splitClauses_1":["10800000"],
"smt2FileSizeByte_Mined_splitClauses_0":["220343"],
"labeledSingleVariableTemplatesNumber_PredictedCG_splitClauses_1":["1"],
"smt2FileSizeByte_Octagon_splitClauses_1":["220343"],
"minedTemplateNumber_Labeled_splitClauses_1":["794"],
"labeledSingleVariableTemplatesNumber_RelationalIneqs_splitClauses_1":["1"],
"clauseNumberAfterSimplification_Labeled_splitClauses_1":["470"],
"smt2FileSizeByte_Random_splitClauses_0":["220343"],
"unlabeledTemplateRelationSymbolNumber_PredictedCDHG_splitClauses_1":["124"],
"labeledSingleVariableTemplatesNumber_Term_splitClauses_0":["1"],
"generatedPredicateNumber_PredictedCDHG_splitClauses_1":["10800000"],
"minedSingleVariableTemplatesNumber_Unlabeled_splitClauses_0":["751"],
"generatedPredicateNumber_Octagon_splitClauses_1":["10800000"],
"labeledSingleVariableTemplatesNumber_RelationalEqs_splitClauses_0":["1"],
"predicateGeneratorTime_PredictedCG_splitClauses_1":["10800000"],
"labeledTemplateNumber_Labeled_splitClauses_1":["44"],
"labeledSingleVariableTemplatesNumber_Empty_splitClauses_0":["1"],
"minedTemplateRelationSymbolNumber_RelationalIneqs_splitClauses_1":["124"],
"unlabeledSingleVariableTemplatesNumber_All_splitClauses_1":["2171"],
"labeledBinaryVariableTemplatesNumber_PredictedCDHG_splitClauses_1":["43"],
"unlabeledSingleVariableTemplatesNumber_RelationalEqs_splitClauses_1":["2171"],
"cegarIterationNumber_Term_splitClauses_0":["10800000"],
"unlabeledBinaryVariableTemplatesNumber_Labeled_splitClauses_1":["3516"],
"unlabeledSingleVariableTemplatesNumber_Term_splitClauses_1":["2171"],
"clauseNumberAfterSimplification_All_splitClauses_1":["470"],
"minedSingleVariableTemplatesNumber_Random_splitClauses_0":["751"],
"solvability_RelationalIneqs_splitClauses_1":["10800000"],
"minedTemplateNumber_Labeled_splitClauses_0":["794"],
"minedSingleVariableTemplatesNumber_Octagon_splitClauses_0":["751"],
"minedSingleVariableTemplatesNumber_Term_splitClauses_1":["751"],
"minedBinaryVariableTemplatesNumber_PredictedCDHG_splitClauses_1":["43"],
"generatedPredicateNumber_Mined_splitClauses_1":["59"],
"relationSymbolNumber_Octagon_splitClauses_1":["1024"],
"relationSymbolNumber_Unlabeled_splitClauses_1":["1024"],
"labeledSingleVariableTemplatesNumber_RelationalIneqs_splitClauses_0":["1"],
"averagePredicateSize_Mined_splitClauses_0":["10800000"],
"cegarIterationNumber_Unlabeled_splitClauses_0":["10800000"],
"minedBinaryVariableTemplatesNumber_Random_splitClauses_0":["43"],
"labeledTemplateNumber_Mined_splitClauses_1":["44"],
"labeledBinaryVariableTemplatesNumber_Random_splitClauses_0":["43"],
"unlabeledTemplateRelationSymbolNumber_Unlabeled_splitClauses_1":["124"],
"cegarIterationNumber_Mined_splitClauses_0":["10800000"],
"minedTemplateRelationSymbolNumber_Labeled_splitClauses_0":["124"],
"unlabeledBinaryVariableTemplatesNumber_RelationalIneqs_splitClauses_1":["3516"],
"unlabeledBinaryVariableTemplatesNumber_Octagon_splitClauses_0":["3516"],
"solvability_Mined_splitClauses_0":["10800000"],
"averagePredicateSize_RelationalEqs_splitClauses_0":["10800000"],
"clauseNumberAfterSimplification_Term_splitClauses_0":["470"],
"unlabeledTemplateNumber_Mined_splitClauses_0":["5687"],
"unlabeledTemplateNumber_PredictedCDHG_splitClauses_0":["5687"],
"cegarIterationNumber_RelationalIneqs_splitClauses_1":["10800000"],
"minedBinaryVariableTemplatesNumber_Unlabeled_splitClauses_1":["43"],
"labeledTemplateNumber_PredictedCG_splitClauses_1":["44"],
"labeledTemplateRelationSymbolNumber_Mined_splitClauses_0":["28"],
"labeledBinaryVariableTemplatesNumber_Mined_splitClauses_1":["43"],
"clauseNumberAfterSimplification_RelationalIneqs_splitClauses_1":["470"],
"minedSingleVariableTemplatesNumber_PredictedCDHG_splitClauses_0":["751"],
"solvability_Labeled_splitClauses_1":["10800000"],
"labeledSingleVariableTemplatesNumber_Octagon_splitClauses_1":["1"],
"averagePredicateSize_Random_splitClauses_0":["10800000"],
"smt2FileSizeByte_RelationalIneqs_splitClauses_0":["220343"],
"generatedPredicateNumber_Unlabeled_splitClauses_0":["10800000"],
"solvability_RelationalEqs_splitClauses_0":["10800000"],
"predicateGeneratorTime_Empty_splitClauses_1":["10800000"],
"minedSingleVariableTemplatesNumber_Mined_splitClauses_0":["751"],
"minedTemplateRelationSymbolNumber_PredictedCDHG_splitClauses_1":["124"],
"minedTemplateNumber_PredictedCG_splitClauses_0":["794"],
"averagePredicateSize_RelationalIneqs_splitClauses_1":["10800000"],
"labeledTemplateRelationSymbolNumber_Random_splitClauses_1":["28"],
"minedTemplateNumber_RelationalIneqs_splitClauses_0":["794"],
"predicateGeneratorTime_RelationalIneqs_splitClauses_0":["10800000"],
"labeledTemplateRelationSymbolNumber_Empty_splitClauses_0":["28"],
"minedBinaryVariableTemplatesNumber_Octagon_splitClauses_0":["43"],
"relationSymbolNumber_Labeled_splitClauses_0":["1024"],
"labeledSingleVariableTemplatesNumber_Term_splitClauses_1":["1"],
"labeledBinaryVariableTemplatesNumber_Empty_splitClauses_0":["43"],
"minedTemplateNumber_Octagon_splitClauses_0":["794"],
"labeledBinaryVariableTemplatesNumber_Unlabeled_splitClauses_0":["43"],
"clauseNumberAfterSimplification_PredictedCDHG_splitClauses_0":["470"],
"smt2FileSizeByte_PredictedCG_splitClauses_0":["220343"],
"minedBinaryVariableTemplatesNumber_RelationalEqs_splitClauses_0":["43"],
"labeledTemplateRelationSymbolNumber_RelationalEqs_splitClauses_1":["28"],
"minedBinaryVariableTemplatesNumber_Random_splitClauses_1":["43"],
"clauseNumberAfterSimplification_Unlabeled_splitClauses_1":["470"],
"minedSingleVariableTemplatesNumber_PredictedCDHG_splitClauses_1":["751"],
"labeledBinaryVariableTemplatesNumber_Term_splitClauses_1":["43"],
"clauseNumberBeforeSimplification_Empty_splitClauses_1":["399"],
"minedBinaryVariableTemplatesNumber_Mined_splitClauses_1":["43"],
"unlabeledBinaryVariableTemplatesNumber_Unlabeled_splitClauses_1":["3516"],
"unlabeledTemplateNumber_PredictedCG_splitClauses_1":["5687"],
"generatedPredicateNumber_Empty_splitClauses_0":["10800000"],
"predicateGeneratorTime_RelationalIneqs_splitClauses_1":["10800000"],
"unlabeledSingleVariableTemplatesNumber_Empty_splitClauses_0":["2171"],
"cegarIterationNumber_Octagon_splitClauses_0":["10800000"],
"clauseNumberAfterSimplification_Octagon_splitClauses_1":["470"],
"unlabeledSingleVariableTemplatesNumber_Labeled_splitClauses_1":["2171"],
"clauseNumberBeforeSimplification_Random_splitClauses_1":["399"],
"minedTemplateRelationSymbolNumber_All_splitClauses_0":["124"],
"unlabeledTemplateRelationSymbolNumber_RelationalEqs_splitClauses_0":["124"],
"minedSingleVariableTemplatesNumber_Unlabeled_splitClauses_1":["751"],
"clauseNumberBeforeSimplification_RelationalEqs_splitClauses_0":["399"],
"minedTemplateNumber_Unlabeled_splitClauses_0":["794"],
"generatedPredicateNumber_Octagon_splitClauses_0":["10800000"],
"predicateGeneratorTime_PredictedCDHG_splitClauses_0":["10800000"],
"clauseNumberAfterSimplification_PredictedCG_splitClauses_1":["470"],
"labeledSingleVariableTemplatesNumber_RelationalEqs_splitClauses_1":["1"],
"smt2FileSizeByte_Random_splitClauses_1":["220343"],
"averagePredicateSize_PredictedCG_splitClauses_1":["10800000"],
"cegarIterationNumber_PredictedCDHG_splitClauses_1":["10800000"],
"clauseNumberAfterSimplification_RelationalEqs_splitClauses_1":["470"],
"minedBinaryVariableTemplatesNumber_Empty_splitClauses_1":["43"],
"minedTemplateNumber_PredictedCDHG_splitClauses_0":["794"],
"labeledBinaryVariableTemplatesNumber_All_splitClauses_1":["43"],
"solvingTime_RelationalIneqs_splitClauses_1":["10800000"],
"unlabeledTemplateRelationSymbolNumber_RelationalEqs_splitClauses_1":["124"],
"smt2FileSizeByte_Unlabeled_splitClauses_0":["220343"],
"generatedPredicateNumber_All_splitClauses_0":["10800000"],
"predicateGeneratorTime_Octagon_splitClauses_1":["10800000"],
"solvability_Mined_splitClauses_1":["1"],
"minedTemplateRelationSymbolNumber_Term_splitClauses_1":["124"],
"clauseNumberAfterSimplification_Mined_splitClauses_0":["470"],
"solvability_PredictedCDHG_splitClauses_0":["10800000"],
"solvingTime_Empty_splitClauses_0":["10800000"],
"unlabeledSingleVariableTemplatesNumber_Unlabeled_splitClauses_1":["2171"],
"minedTemplateNumber_Term_splitClauses_1":["794"],
"averagePredicateSize_Octagon_splitClauses_1":["10800000"],
"relationSymbolNumber_Empty_splitClauses_1":["1024"],
"unlabeledSingleVariableTemplatesNumber_Octagon_splitClauses_1":["2171"],
"minedTemplateRelationSymbolNumber_RelationalEqs_splitClauses_1":["124"],
"minedBinaryVariableTemplatesNumber_RelationalIneqs_splitClauses_0":["43"],
"predicateGeneratorTime_Term_splitClauses_1":["10800000"],
"solvingTime_Labeled_splitClauses_0":["10800000"],
"unlabeledBinaryVariableTemplatesNumber_PredictedCG_splitClauses_0":["3516"],
"minedTemplateNumber_All_splitClauses_0":["794"],
"predicateGeneratorTime_Labeled_splitClauses_1":["10800000"],
"unlabeledTemplateRelationSymbolNumber_Empty_splitClauses_0":["124"],
"unlabeledTemplateNumber_Mined_splitClauses_1":["5687"],
"solvability_PredictedCG_splitClauses_1":["10800000"],
"unlabeledTemplateNumber_Term_splitClauses_0":["5687"],
"minedBinaryVariableTemplatesNumber_PredictedCG_splitClauses_1":["43"],
"labeledSingleVariableTemplatesNumber_PredictedCDHG_splitClauses_0":["1"],
"minedBinaryVariableTemplatesNumber_All_splitClauses_0":["43"],
"averagePredicateSize_PredictedCDHG_splitClauses_1":["10800000"],
"predicateGeneratorTime_PredictedCG_splitClauses_0":["10800000"],
"generatedPredicateNumber_RelationalIneqs_splitClauses_0":["10800000"],
"labeledTemplateNumber_Empty_splitClauses_0":["44"],
"unlabeledTemplateRelationSymbolNumber_Term_splitClauses_0":["124"],
"minedTemplateNumber_All_splitClauses_1":["794"],
"labeledSingleVariableTemplatesNumber_Empty_splitClauses_1":["1"],
"minedBinaryVariableTemplatesNumber_Unlabeled_splitClauses_0":["43"],
"labeledTemplateNumber_Random_splitClauses_0":["44"],
"minedBinaryVariableTemplatesNumber_All_splitClauses_1":["43"],
"unlabeledSingleVariableTemplatesNumber_All_splitClauses_0":["2171"],
"smt2FileSizeByte_PredictedCDHG_splitClauses_1":["220343"],
"labeledBinaryVariableTemplatesNumber_PredictedCDHG_splitClauses_0":["43"],
"averagePredicateSize_RelationalEqs_splitClauses_1":["10800000"],
"minedSingleVariableTemplatesNumber_Term_splitClauses_0":["751"],
"labeledTemplateRelationSymbolNumber_Term_splitClauses_1":["28"],
"generatedPredicateNumber_Random_splitClauses_0":["10800000"],
"labeledBinaryVariableTemplatesNumber_Empty_splitClauses_1":["43"],
"clauseNumberAfterSimplification_Labeled_splitClauses_0":["470"],
"labeledSingleVariableTemplatesNumber_Labeled_splitClauses_0":["1"],
"minedTemplateNumber_Mined_splitClauses_1":["794"],
"labeledTemplateRelationSymbolNumber_Labeled_splitClauses_0":["28"],
"unlabeledTemplateRelationSymbolNumber_Mined_splitClauses_1":["124"],
"solvability_Labeled_splitClauses_0":["10800000"],
"minedTemplateNumber_RelationalEqs_splitClauses_1":["794"],
"solvingTime_Random_splitClauses_1":["10800000"],
"minedTemplateNumber_Random_splitClauses_0":["794"],
"cegarIterationNumber_Unlabeled_splitClauses_1":["10800000"],
"minedTemplateNumber_RelationalIneqs_splitClauses_1":["794"],
"unlabeledBinaryVariableTemplatesNumber_Octagon_splitClauses_1":["3516"],
"minedSingleVariableTemplatesNumber_Octagon_splitClauses_1":["751"],
"minedSingleVariableTemplatesNumber_Random_splitClauses_1":["751"],
"averagePredicateSize_All_splitClauses_1":["10800000"],
"minedTemplateNumber_Empty_splitClauses_0":["794"],
"labeledTemplateNumber_Mined_splitClauses_0":["44"],
"unlabeledBinaryVariableTemplatesNumber_All_splitClauses_0":["3516"],
"labeledSingleVariableTemplatesNumber_PredictedCDHG_splitClauses_1":["1"],
"minedSingleVariableTemplatesNumber_Mined_splitClauses_1":["751"],
"labeledTemplateRelationSymbolNumber_Term_splitClauses_0":["28"],
"unlabeledTemplateRelationSymbolNumber_Term_splitClauses_1":["124"],
"predicateGeneratorTime_All_splitClauses_1":["10800000"],
"unlabeledSingleVariableTemplatesNumber_Random_splitClauses_0":["2171"],
"predicateGeneratorTime_Unlabeled_splitClauses_1":["10800000"],
"cegarIterationNumber_PredictedCDHG_splitClauses_0":["10800000"],
"labeledTemplateNumber_RelationalEqs_splitClauses_0":["44"],
"labeledTemplateRelationSymbolNumber_Mined_splitClauses_1":["28"],
"labeledTemplateRelationSymbolNumber_Random_splitClauses_0":["28"],
"labeledBinaryVariableTemplatesNumber_RelationalEqs_splitClauses_1":["43"],
"generatedPredicateNumber_RelationalIneqs_splitClauses_1":["10800000"],
"unlabeledTemplateRelationSymbolNumber_PredictedCG_splitClauses_1":["124"],
"unlabeledSingleVariableTemplatesNumber_RelationalEqs_splitClauses_0":["2171"],
"labeledBinaryVariableTemplatesNumber_Labeled_splitClauses_0":["43"],
"minedBinaryVariableTemplatesNumber_PredictedCDHG_splitClauses_0":["43"],
"unlabeledTemplateRelationSymbolNumber_Unlabeled_splitClauses_0":["124"],
"clauseNumberAfterSimplification_Term_splitClauses_1":["470"],
"relationSymbolNumber_RelationalIneqs_splitClauses_0":["1024"],
"unlabeledTemplateNumber_Octagon_splitClauses_0":["5687"],
"unlabeledBinaryVariableTemplatesNumber_RelationalEqs_splitClauses_1":["3516"],
"unlabeledTemplateNumber_PredictedCG_splitClauses_0":["5687"],
"unlabeledTemplateNumber_All_splitClauses_0":["5687"],
"labeledTemplateRelationSymbolNumber_RelationalIneqs_splitClauses_1":["28"],
"unlabeledSingleVariableTemplatesNumber_Mined_splitClauses_1":["2171"],
"labeledTemplateRelationSymbolNumber_Unlabeled_splitClauses_1":["28"],
"labeledBinaryVariableTemplatesNumber_Random_splitClauses_1":["43"],
"relationSymbolNumber_RelationalEqs_splitClauses_0":["1024"],
"solvability_Random_splitClauses_1":["10800000"],
"solvingTime_Term_splitClauses_0":["10800000"],
"minedSingleVariableTemplatesNumber_Labeled_splitClauses_1":["751"],
"relationSymbolNumber_Random_splitClauses_0":["1024"],
"clauseNumberBeforeSimplification_Term_splitClauses_0":["399"],
"minedTemplateRelationSymbolNumber_Mined_splitClauses_0":["124"],
"solvability_Octagon_splitClauses_1":["10800000"],
"relationSymbolNumber_Labeled_splitClauses_1":["1024"],
"minedSingleVariableTemplatesNumber_RelationalIneqs_splitClauses_1":["751"],
"smt2FileSizeByte_Labeled_splitClauses_0":["220343"],
"solvability_RelationalEqs_splitClauses_1":["10800000"],
"unlabeledSingleVariableTemplatesNumber_Empty_splitClauses_1":["2171"],
"labeledTemplateNumber_PredictedCDHG_splitClauses_1":["44"],
"minedTemplateRelationSymbolNumber_Octagon_splitClauses_0":["124"],
"clauseNumberAfterSimplification_Unlabeled_splitClauses_0":["470"],
"clauseNumberBeforeSimplification_Unlabeled_splitClauses_0":["399"],
"clauseNumberBeforeSimplification_PredictedCDHG_splitClauses_0":["399"],
"cegarIterationNumber_RelationalIneqs_splitClauses_0":["10800000"],
"relationSymbolNumber_All_splitClauses_0":["1024"],
"labeledTemplateRelationSymbolNumber_RelationalEqs_splitClauses_0":["28"],
"averagePredicateSize_Labeled_splitClauses_0":["10800000"],
"smt2FileSizeByte_RelationalIneqs_splitClauses_1":["220343"],
"clauseNumberBeforeSimplification_RelationalEqs_splitClauses_1":["399"],
"unlabeledTemplateRelationSymbolNumber_RelationalIneqs_splitClauses_1":["124"],
"clauseNumberBeforeSimplification_PredictedCG_splitClauses_0":["399"],
"solvingTime_PredictedCDHG_splitClauses_0":["10800000"],
"labeledTemplateRelationSymbolNumber_Octagon_splitClauses_1":["28"],
"minedTemplateRelationSymbolNumber_PredictedCG_splitClauses_1":["124"],
"labeledTemplateNumber_Random_splitClauses_1":["44"],
"solvingTime_RelationalIneqs_splitClauses_0":["10800000"],
"labeledTemplateNumber_All_splitClauses_1":["44"],
"unlabeledTemplateNumber_Random_splitClauses_1":["5687"],
"relationSymbolNumber_PredictedCDHG_splitClauses_1":["1024"],
"smt2FileSizeByte_Unlabeled_splitClauses_1":["220343"],
"cegarIterationNumber_PredictedCG_splitClauses_0":["10800000"],
"predicateGeneratorTime_Octagon_splitClauses_0":["10800000"],
"unlabeledTemplateNumber_RelationalEqs_splitClauses_1":["5687"],
"clauseNumberAfterSimplification_Octagon_splitClauses_0":["470"],
"cegarIterationNumber_Random_splitClauses_0":["10800000"],
"solvability_PredictedCDHG_splitClauses_1":["10800000"],
"solvability_PredictedCG_splitClauses_0":["10800000"],
"solvingTime_PredictedCG_splitClauses_1":["10800000"],
"unlabeledSingleVariableTemplatesNumber_Unlabeled_splitClauses_0":["2171"],
"unlabeledTemplateNumber_Unlabeled_splitClauses_0":["5687"],
"labeledTemplateRelationSymbolNumber_RelationalIneqs_splitClauses_0":["28"],
"minedTemplateNumber_Random_splitClauses_1":["794"],
"relationSymbolNumber_PredictedCG_splitClauses_0":["1024"],
"generatedPredicateNumber_RelationalEqs_splitClauses_0":["10800000"],
"minedTemplateNumber_Term_splitClauses_0":["794"],
"solvingTime_All_splitClauses_1":["10800000"],
"minedSingleVariableTemplatesNumber_PredictedCG_splitClauses_0":["751"],
"smt2FileSizeByte_Term_splitClauses_1":["220343"],
"labeledBinaryVariableTemplatesNumber_All_splitClauses_0":["43"],
"minedTemplateNumber_PredictedCDHG_splitClauses_1":["794"],
"minedTemplateRelationSymbolNumber_PredictedCDHG_splitClauses_0":["124"],
"averagePredicateSize_Unlabeled_splitClauses_0":["10800000"],
"minedBinaryVariableTemplatesNumber_Octagon_splitClauses_1":["43"],
"unlabeledSingleVariableTemplatesNumber_Random_splitClauses_1":["2171"],
"clauseNumberBeforeSimplification_Random_splitClauses_0":["399"],
"solvingTime_Unlabeled_splitClauses_1":["10800000"],
"predicateGeneratorTime_PredictedCDHG_splitClauses_1":["10800000"],
"averagePredicateSize_PredictedCDHG_splitClauses_0":["10800000"],
"minedBinaryVariableTemplatesNumber_Term_splitClauses_0":["43"],
"labeledTemplateNumber_RelationalIneqs_splitClauses_0":["44"],
"clauseNumberAfterSimplification_Random_splitClauses_0":["470"],
"clauseNumberAfterSimplification_PredictedCG_splitClauses_0":["470"],
"generatedPredicateNumber_Empty_splitClauses_1":["10800000"],
"clauseNumberBeforeSimplification_Octagon_splitClauses_0":["399"],
"unlabeledTemplateNumber_Empty_splitClauses_0":["5687"],
"minedSingleVariableTemplatesNumber_All_splitClauses_0":["751"],
"labeledTemplateRelationSymbolNumber_Octagon_splitClauses_0":["28"],
"generatedPredicateNumber_Random_splitClauses_1":["10800000"],
"clauseNumberAfterSimplification_RelationalEqs_splitClauses_0":["470"],
"labeledBinaryVariableTemplatesNumber_Term_splitClauses_0":["43"],
"minedSingleVariableTemplatesNumber_RelationalEqs_splitClauses_0":["751"],
"minedTemplateNumber_Mined_splitClauses_0":["794"],
"averagePredicateSize_Octagon_splitClauses_0":["10800000"],
"unlabeledBinaryVariableTemplatesNumber_Empty_splitClauses_1":["3516"],
"relationSymbolNumber_Unlabeled_splitClauses_0":["1024"],
"unlabeledSingleVariableTemplatesNumber_PredictedCDHG_splitClauses_0":["2171"],
"unlabeledSingleVariableTemplatesNumber_PredictedCG_splitClauses_1":["2171"],
"labeledTemplateRelationSymbolNumber_Labeled_splitClauses_1":["28"],
"minedTemplateRelationSymbolNumber_Random_splitClauses_0":["124"],
"unlabeledTemplateRelationSymbolNumber_PredictedCG_splitClauses_0":["124"],
"unlabeledTemplateNumber_RelationalIneqs_splitClauses_0":["5687"],
"unlabeledSingleVariableTemplatesNumber_Labeled_splitClauses_0":["2171"],
"minedTemplateNumber_Unlabeled_splitClauses_1":["794"],
"generatedPredicateNumber_PredictedCG_splitClauses_0":["10800000"],
"labeledTemplateNumber_Unlabeled_splitClauses_1":["44"],
"unlabeledTemplateRelationSymbolNumber_Empty_splitClauses_1":["124"],
"clauseNumberBeforeSimplification_Empty_splitClauses_0":["399"],
"solvingTime_Octagon_splitClauses_1":["10800000"],
"cegarIterationNumber_Mined_splitClauses_1":["28"],
"clauseNumberBeforeSimplification_Mined_splitClauses_1":["399"],
"smt2FileSizeByte_PredictedCDHG_splitClauses_0":["220343"],
"averagePredicateSize_PredictedCG_splitClauses_0":["10800000"],
"solvingTime_Random_splitClauses_0":["10800000"],
"minedTemplateNumber_RelationalEqs_splitClauses_0":["794"],
"unlabeledSingleVariableTemplatesNumber_RelationalIneqs_splitClauses_0":["2171"],
"unlabeledTemplateNumber_Unlabeled_splitClauses_1":["5687"],
"labeledBinaryVariableTemplatesNumber_RelationalEqs_splitClauses_0":["43"],
"generatedPredicateNumber_PredictedCDHG_splitClauses_0":["10800000"],
"minedTemplateRelationSymbolNumber_Empty_splitClauses_1":["124"],
"predicateGeneratorTime_Random_splitClauses_1":["10800000"],
"labeledTemplateNumber_Term_splitClauses_1":["44"],
"minedSingleVariableTemplatesNumber_Empty_splitClauses_1":["751"],
"minedSingleVariableTemplatesNumber_RelationalIneqs_splitClauses_0":["751"],
"clauseNumberAfterSimplification_All_splitClauses_0":["470"],
"unlabeledBinaryVariableTemplatesNumber_RelationalEqs_splitClauses_0":["3516"],
"cegarIterationNumber_RelationalEqs_splitClauses_0":["10800000"],
"labeledTemplateRelationSymbolNumber_PredictedCDHG_splitClauses_0":["28"],
"labeledSingleVariableTemplatesNumber_Labeled_splitClauses_1":["1"],
"unlabeledBinaryVariableTemplatesNumber_All_splitClauses_1":["3516"],
"minedTemplateRelationSymbolNumber_Unlabeled_splitClauses_1":["124"],
"solvingTime_RelationalEqs_splitClauses_0":["10800000"],
"solvingTime_RelationalEqs_splitClauses_1":["10800000"],
"minedBinaryVariableTemplatesNumber_Mined_splitClauses_0":["43"],
"clauseNumberBeforeSimplification_All_splitClauses_0":["399"],
"clauseNumberBeforeSimplification_RelationalIneqs_splitClauses_1":["399"],
"labeledTemplateNumber_RelationalEqs_splitClauses_1":["44"],
"labeledBinaryVariableTemplatesNumber_RelationalIneqs_splitClauses_0":["43"],
"clauseNumberAfterSimplification_Empty_splitClauses_0":["470"],
"averagePredicateSize_Empty_splitClauses_0":["10800000"],
"relationSymbolNumber_PredictedCG_splitClauses_1":["1024"],
"unlabeledTemplateNumber_Term_splitClauses_1":["5687"],
"predicateGeneratorTime_Mined_splitClauses_1":["1131"],
"relationSymbolNumber_Mined_splitClauses_0":["1024"],
"labeledBinaryVariableTemplatesNumber_RelationalIneqs_splitClauses_1":["43"],
"predicateGeneratorTime_Unlabeled_splitClauses_0":["10800000"],
"generatedPredicateNumber_Mined_splitClauses_0":["10800000"],
"generatedPredicateNumber_RelationalEqs_splitClauses_1":["10800000"],
"labeledTemplateRelationSymbolNumber_PredictedCG_splitClauses_0":["28"],
"minedSingleVariableTemplatesNumber_PredictedCG_splitClauses_1":["751"],
"minedTemplateRelationSymbolNumber_PredictedCG_splitClauses_0":["124"],
"unlabeledTemplateRelationSymbolNumber_Labeled_splitClauses_0":["124"],
"solvability_Empty_splitClauses_1":["10800000"],
"averagePredicateSize_Term_splitClauses_0":["10800000"],
"cegarIterationNumber_Random_splitClauses_1":["10800000"],
"relationSymbolNumber_All_splitClauses_1":["1024"],
"averagePredicateSize_Labeled_splitClauses_1":["10800000"],
"unlabeledBinaryVariableTemplatesNumber_Unlabeled_splitClauses_0":["3516"],
"generatedPredicateNumber_Unlabeled_splitClauses_1":["10800000"],
"predicateGeneratorTime_All_splitClauses_0":["10800000"],
"unlabeledBinaryVariableTemplatesNumber_PredictedCDHG_splitClauses_1":["3516"],
"clauseNumberBeforeSimplification_Labeled_splitClauses_1":["399"],
"minedBinaryVariableTemplatesNumber_Labeled_splitClauses_1":["43"],
"labeledSingleVariableTemplatesNumber_All_splitClauses_0":["1"],
"unlabeledTemplateRelationSymbolNumber_Mined_splitClauses_0":["124"],
"cegarIterationNumber_Octagon_splitClauses_1":["10800000"],
"labeledTemplateNumber_Octagon_splitClauses_0":["44"],
"labeledTemplateRelationSymbolNumber_All_splitClauses_1":["28"],
"smt2FileSizeByte_Empty_splitClauses_0":["220343"],
"relationSymbolNumber_RelationalIneqs_splitClauses_1":["1024"],
"unlabeledTemplateNumber_Octagon_splitClauses_1":["5687"],
"predicateGeneratorTime_RelationalEqs_splitClauses_0":["10800000"],
"unlabeledTemplateRelationSymbolNumber_RelationalIneqs_splitClauses_0":["124"],
"smt2FileSizeByte_RelationalEqs_splitClauses_1":["220343"],
"unlabeledTemplateNumber_Labeled_splitClauses_0":["5687"],
"relationSymbolNumber_Random_splitClauses_1":["1024"],
"minedSingleVariableTemplatesNumber_Labeled_splitClauses_0":["751"],
"solvingTime_PredictedCDHG_splitClauses_1":["10800000"],
"minedTemplateNumber_Octagon_splitClauses_1":["794"],
"clauseNumberBeforeSimplification_Mined_splitClauses_0":["399"],
"smt2FileSizeByte_All_splitClauses_0":["220343"],
"solvingTime_All_splitClauses_0":["10800000"],
"minedBinaryVariableTemplatesNumber_Term_splitClauses_1":["43"],
"unlabeledTemplateRelationSymbolNumber_Random_splitClauses_0":["124"],
"cegarIterationNumber_All_splitClauses_0":["10800000"],
"smt2FileSizeByte_RelationalEqs_splitClauses_0":["220343"],
"unlabeledSingleVariableTemplatesNumber_PredictedCDHG_splitClauses_1":["2171"],
"clauseNumberBeforeSimplification_Labeled_splitClauses_0":["399"],
"cegarIterationNumber_PredictedCG_splitClauses_1":["10800000"],
"labeledTemplateRelationSymbolNumber_Unlabeled_splitClauses_0":["28"],
"unlabeledTemplateRelationSymbolNumber_Octagon_splitClauses_1":["124"],
"unlabeledTemplateNumber_Empty_splitClauses_1":["5687"],
"clauseNumberBeforeSimplification_Octagon_splitClauses_1":["399"],
"labeledTemplateNumber_Unlabeled_splitClauses_0":["44"],
"labeledBinaryVariableTemplatesNumber_PredictedCG_splitClauses_0":["43"],
"solvability_Term_splitClauses_1":["10800000"],
"solvability_Octagon_splitClauses_0":["10800000"],
"minedTemplateRelationSymbolNumber_RelationalIneqs_splitClauses_0":["124"],
"clauseNumberBeforeSimplification_RelationalIneqs_splitClauses_0":["399"],
"labeledTemplateNumber_PredictedCG_splitClauses_0":["44"],
"cegarIterationNumber_Labeled_splitClauses_0":["10800000"],
"smt2FileSizeByte_Labeled_splitClauses_1":["220343"],
"clauseNumberBeforeSimplification_Unlabeled_splitClauses_1":["399"],
"generatedPredicateNumber_Term_splitClauses_1":["10800000"],
"solvingTime_Term_splitClauses_1":["10800000"],
"unlabeledBinaryVariableTemplatesNumber_Random_splitClauses_1":["3516"],
"unlabeledSingleVariableTemplatesNumber_Octagon_splitClauses_0":["2171"],
"solvingTime_Octagon_splitClauses_0":["10800000"],
"labeledSingleVariableTemplatesNumber_Mined_splitClauses_1":["1"],
"averagePredicateSize_Term_splitClauses_1":["10800000"],
"labeledTemplateNumber_Labeled_splitClauses_0":["44"],
"unlabeledSingleVariableTemplatesNumber_PredictedCG_splitClauses_0":["2171"],
"smt2FileSizeByte_Mined_splitClauses_1":["220343"],
"labeledBinaryVariableTemplatesNumber_Unlabeled_splitClauses_1":["43"],
"labeledTemplateNumber_All_splitClauses_0":["44"],
"unlabeledTemplateNumber_Random_splitClauses_0":["5687"],
"labeledTemplateNumber_Octagon_splitClauses_1":["44"],
"unlabeledTemplateNumber_PredictedCDHG_splitClauses_1":["5687"],
"unlabeledBinaryVariableTemplatesNumber_Mined_splitClauses_0":["3516"],
"minedTemplateRelationSymbolNumber_Mined_splitClauses_1":["124"],
"labeledTemplateNumber_RelationalIneqs_splitClauses_1":["44"],
"solvability_Term_splitClauses_0":["10800000"],
"relationSymbolNumber_Octagon_splitClauses_0":["1024"],
"clauseNumberBeforeSimplification_PredictedCG_splitClauses_1":["399"],
"generatedPredicateNumber_Labeled_splitClauses_1":["10800000"],
"labeledSingleVariableTemplatesNumber_Unlabeled_splitClauses_0":["1"],
"unlabeledBinaryVariableTemplatesNumber_Empty_splitClauses_0":["3516"],
"solvingTime_Mined_splitClauses_0":["10800000"],
"unlabeledTemplateNumber_All_splitClauses_1":["5687"],
"clauseNumberAfterSimplification_Random_splitClauses_1":["470"],
"labeledBinaryVariableTemplatesNumber_Octagon_splitClauses_1":["43"],
"unlabeledBinaryVariableTemplatesNumber_Labeled_splitClauses_0":["3516"],
"smt2FileSizeByte_Octagon_splitClauses_0":["220343"],
"labeledSingleVariableTemplatesNumber_Random_splitClauses_1":["1"],
"solvability_Unlabeled_splitClauses_0":["10800000"],
"solvingTime_Unlabeled_splitClauses_0":["10800000"],
"unlabeledTemplateRelationSymbolNumber_All_splitClauses_1":["124"],
"minedTemplateNumber_Empty_splitClauses_1":["794"],
"solvability_RelationalIneqs_splitClauses_0":["10800000"],
"unlabeledTemplateRelationSymbolNumber_Labeled_splitClauses_1":["124"],
"cegarIterationNumber_RelationalEqs_splitClauses_1":["10800000"],
"minedSingleVariableTemplatesNumber_RelationalEqs_splitClauses_1":["751"],
"clauseNumberAfterSimplification_PredictedCDHG_splitClauses_1":["470"],
"minedBinaryVariableTemplatesNumber_RelationalIneqs_splitClauses_1":["43"],
"unlabeledBinaryVariableTemplatesNumber_Mined_splitClauses_1":["3516"],
"unlabeledBinaryVariableTemplatesNumber_PredictedCDHG_splitClauses_0":["3516"],
"solvingTime_Empty_splitClauses_1":["10800000"],
"labeledTemplateRelationSymbolNumber_Empty_splitClauses_1":["28"],
"generatedPredicateNumber_Term_splitClauses_0":["10800000"],
"averagePredicateSize_Empty_splitClauses_1":["10800000"],
"generatedPredicateNumber_PredictedCG_splitClauses_1":["10800000"],
"labeledTemplateRelationSymbolNumber_PredictedCDHG_splitClauses_1":["28"],
"relationSymbolNumber_Mined_splitClauses_1":["1024"],
"predicateGeneratorTime_Mined_splitClauses_0":["10800000"],
"predicateGeneratorTime_Labeled_splitClauses_0":["10800000"],
"labeledSingleVariableTemplatesNumber_Random_splitClauses_0":["1"],
"unlabeledTemplateRelationSymbolNumber_All_splitClauses_0":["124"],
"minedBinaryVariableTemplatesNumber_Labeled_splitClauses_0":["43"],
"generatedPredicateNumber_Labeled_splitClauses_0":["10800000"],
"relationSymbolNumber_Empty_splitClauses_0":["1024"],
"solvingTime_Mined_splitClauses_1":["1503"],
"minedSingleVariableTemplatesNumber_All_splitClauses_1":["751"],
"predicateGeneratorTime_Random_splitClauses_0":["10800000"],
"cegarIterationNumber_Term_splitClauses_1":["10800000"],
"labeledTemplateNumber_Empty_splitClauses_1":["44"],
"clauseNumberAfterSimplification_Empty_splitClauses_1":["470"],
"minedTemplateRelationSymbolNumber_Empty_splitClauses_0":["124"],
"unlabeledSingleVariableTemplatesNumber_Term_splitClauses_0":["2171"],
"minedSingleVariableTemplatesNumber_Empty_splitClauses_0":["751"],
"minedTemplateRelationSymbolNumber_RelationalEqs_splitClauses_0":["124"],
"cegarIterationNumber_Empty_splitClauses_0":["10800000"],
"minedBinaryVariableTemplatesNumber_RelationalEqs_splitClauses_1":["43"],
"labeledSingleVariableTemplatesNumber_All_splitClauses_1":["1"],
"unlabeledTemplateRelationSymbolNumber_Octagon_splitClauses_0":["124"],
"minedTemplateRelationSymbolNumber_Unlabeled_splitClauses_0":["124"],
"labeledBinaryVariableTemplatesNumber_Mined_splitClauses_0":["43"],
"minedTemplateNumber_PredictedCG_splitClauses_1":["794"],
"cegarIterationNumber_Empty_splitClauses_1":["10800000"],
"averagePredicateSize_RelationalIneqs_splitClauses_0":["10800000"],
"solvability_All_splitClauses_1":["10800000"],
"unlabeledBinaryVariableTemplatesNumber_Term_splitClauses_1":["3516"],
"relationSymbolNumber_PredictedCDHG_splitClauses_0":["1024"],
"minedTemplateRelationSymbolNumber_Labeled_splitClauses_1":["124"],
"averagePredicateSize_Unlabeled_splitClauses_1":["10800000"],
"labeledTemplateNumber_Term_splitClauses_0":["44"],
"smt2FileSizeByte_Empty_splitClauses_1":["220343"],
"solvingTime_PredictedCG_splitClauses_0":["10800000"],
"relationSymbolNumber_Term_splitClauses_0":["1024"],
"cegarIterationNumber_All_splitClauses_1":["10800000"],
"clauseNumberBeforeSimplification_Term_splitClauses_1":["399"],
"predicateGeneratorTime_Empty_splitClauses_0":["10800000"],
"averagePredicateSize_All_splitClauses_0":["10800000"],
"unlabeledBinaryVariableTemplatesNumber_Random_splitClauses_0":["3516"],
"smt2FileSizeByte_Term_splitClauses_0":["220343"],
"averagePredicateSize_Mined_splitClauses_1":["1"],
"minedBinaryVariableTemplatesNumber_Empty_splitClauses_0":["43"],
"minedTemplateRelationSymbolNumber_All_splitClauses_1":["124"],
"labeledSingleVariableTemplatesNumber_PredictedCG_splitClauses_0":["1"],
"unlabeledBinaryVariableTemplatesNumber_RelationalIneqs_splitClauses_0":["3516"],
"unlabeledSingleVariableTemplatesNumber_RelationalIneqs_splitClauses_1":["2171"],
"clauseNumberAfterSimplification_RelationalIneqs_splitClauses_0":["470"],
"unlabeledTemplateNumber_RelationalEqs_splitClauses_0":["5687"],
"unlabeledTemplateNumber_RelationalIneqs_splitClauses_1":["5687"],
"labeledTemplateRelationSymbolNumber_PredictedCG_splitClauses_1":["28"],
"labeledTemplateRelationSymbolNumber_All_splitClauses_0":["28"],
"labeledSingleVariableTemplatesNumber_Octagon_splitClauses_0":["1"],
"dummyFiled":[]
}