{
"smt2FileSizeByte_All_splitClauses_1":["23163"],
"generatedPredicateNumber_All_splitClauses_1":["10800000"],
"unlabeledTemplateRelationSymbolNumber_PredictedCDHG_splitClauses_0":["9"],
"relationSymbolNumberBeforeSimplification_Unlabeled_splitClauses_1":["133"],
"predicateGeneratorTime_Term_splitClauses_0":["10800000"],
"averagePredicateSize_Random_splitClauses_1":["1"],
"labeledBinaryVariableTemplatesNumber_Labeled_splitClauses_1":["4"],
"clauseNumberBeforeSimplification_All_splitClauses_1":["66"],
"minedTemplateRelationSymbolNumber_Term_splitClauses_0":["9"],
"solvingTime_Labeled_splitClauses_1":["233"],
"unlabeledTemplateNumber_Labeled_splitClauses_1":["346"],
"relationSymbolNumberAfterSimplification_All_splitClauses_1":["35"],
"minedTemplateRelationSymbolNumber_Octagon_splitClauses_1":["9"],
"clauseNumberAfterSimplification_Mined_splitClauses_1":["23"],
"relationSymbolNumberBeforeSimplification_Octagon_splitClauses_0":["133"],
"unlabeledBinaryVariableTemplatesNumber_Term_splitClauses_0":["210"],
"labeledTemplateNumber_PredictedCDHG_splitClauses_0":["4"],
"solvability_Empty_splitClauses_0":["10800000"],
"unlabeledTemplateRelationSymbolNumber_Random_splitClauses_1":["9"],
"labeledBinaryVariableTemplatesNumber_Octagon_splitClauses_0":["4"],
"relationSymbolNumberBeforeSimplification_Random_splitClauses_1":["133"],
"minedTemplateRelationSymbolNumber_Random_splitClauses_1":["9"],
"unlabeledSingleVariableTemplatesNumber_Mined_splitClauses_0":["136"],
"unlabeledBinaryVariableTemplatesNumber_PredictedCG_splitClauses_1":["210"],
"solvability_All_splitClauses_0":["10800000"],
"predicateGeneratorTime_RelationalEqs_splitClauses_1":["106"],
"relationSymbolNumberBeforeSimplification_PredictedCDHG_splitClauses_1":["133"],
"smt2FileSizeByte_PredictedCG_splitClauses_1":["23163"],
"labeledSingleVariableTemplatesNumber_Unlabeled_splitClauses_1":["0"],
"labeledBinaryVariableTemplatesNumber_PredictedCG_splitClauses_1":["4"],
"minedBinaryVariableTemplatesNumber_PredictedCG_splitClauses_0":["4"],
"solvability_Random_splitClauses_0":["10800000"],
"relationSymbolNumberAfterSimplification_PredictedCG_splitClauses_1":["35"],
"clauseNumberBeforeSimplification_PredictedCDHG_splitClauses_1":["66"],
"labeledSingleVariableTemplatesNumber_Mined_splitClauses_0":["0"],
"solvability_Unlabeled_splitClauses_1":["1"],
"cegarIterationNumber_Labeled_splitClauses_1":["2"],
"smt2FileSizeByte_Mined_splitClauses_0":["23163"],
"relationSymbolNumberAfterSimplification_Mined_splitClauses_0":["35"],
"labeledSingleVariableTemplatesNumber_PredictedCG_splitClauses_1":["0"],
"smt2FileSizeByte_Octagon_splitClauses_1":["23163"],
"minedTemplateNumber_Labeled_splitClauses_1":["52"],
"labeledSingleVariableTemplatesNumber_RelationalIneqs_splitClauses_1":["0"],
"clauseNumberAfterSimplification_Labeled_splitClauses_1":["23"],
"relationSymbolNumberAfterSimplification_Labeled_splitClauses_0":["35"],
"smt2FileSizeByte_Random_splitClauses_0":["23163"],
"relationSymbolNumberAfterSimplification_PredictedCDHG_splitClauses_0":["35"],
"unlabeledTemplateRelationSymbolNumber_PredictedCDHG_splitClauses_1":["9"],
"labeledSingleVariableTemplatesNumber_Term_splitClauses_0":["0"],
"generatedPredicateNumber_PredictedCDHG_splitClauses_1":["10800000"],
"minedSingleVariableTemplatesNumber_Unlabeled_splitClauses_0":["48"],
"generatedPredicateNumber_Octagon_splitClauses_1":["3"],
"labeledSingleVariableTemplatesNumber_RelationalEqs_splitClauses_0":["0"],
"predicateGeneratorTime_PredictedCG_splitClauses_1":["10800000"],
"relationSymbolNumberAfterSimplification_Octagon_splitClauses_0":["35"],
"labeledTemplateNumber_Labeled_splitClauses_1":["4"],
"labeledSingleVariableTemplatesNumber_Empty_splitClauses_0":["0"],
"minedTemplateRelationSymbolNumber_RelationalIneqs_splitClauses_1":["9"],
"unlabeledSingleVariableTemplatesNumber_All_splitClauses_1":["136"],
"labeledBinaryVariableTemplatesNumber_PredictedCDHG_splitClauses_1":["4"],
"unlabeledSingleVariableTemplatesNumber_RelationalEqs_splitClauses_1":["136"],
"cegarIterationNumber_Term_splitClauses_0":["10800000"],
"unlabeledBinaryVariableTemplatesNumber_Labeled_splitClauses_1":["210"],
"unlabeledSingleVariableTemplatesNumber_Term_splitClauses_1":["136"],
"clauseNumberAfterSimplification_All_splitClauses_1":["23"],
"minedSingleVariableTemplatesNumber_Random_splitClauses_0":["48"],
"solvability_RelationalIneqs_splitClauses_1":["1"],
"minedTemplateNumber_Labeled_splitClauses_0":["52"],
"minedSingleVariableTemplatesNumber_Octagon_splitClauses_0":["48"],
"minedSingleVariableTemplatesNumber_Term_splitClauses_1":["48"],
"minedBinaryVariableTemplatesNumber_PredictedCDHG_splitClauses_1":["4"],
"generatedPredicateNumber_Mined_splitClauses_1":["3"],
"labeledSingleVariableTemplatesNumber_RelationalIneqs_splitClauses_0":["0"],
"averagePredicateSize_Mined_splitClauses_0":["10800000"],
"cegarIterationNumber_Unlabeled_splitClauses_0":["10800000"],
"minedBinaryVariableTemplatesNumber_Random_splitClauses_0":["4"],
"labeledTemplateNumber_Mined_splitClauses_1":["4"],
"labeledBinaryVariableTemplatesNumber_Random_splitClauses_0":["4"],
"unlabeledTemplateRelationSymbolNumber_Unlabeled_splitClauses_1":["9"],
"cegarIterationNumber_Mined_splitClauses_0":["10800000"],
"minedTemplateRelationSymbolNumber_Labeled_splitClauses_0":["9"],
"unlabeledBinaryVariableTemplatesNumber_RelationalIneqs_splitClauses_1":["210"],
"unlabeledBinaryVariableTemplatesNumber_Octagon_splitClauses_0":["210"],
"solvability_Mined_splitClauses_0":["10800000"],
"averagePredicateSize_RelationalEqs_splitClauses_0":["10800000"],
"clauseNumberAfterSimplification_Term_splitClauses_0":["23"],
"unlabeledTemplateNumber_Mined_splitClauses_0":["346"],
"relationSymbolNumberAfterSimplification_Random_splitClauses_1":["35"],
"unlabeledTemplateNumber_PredictedCDHG_splitClauses_0":["346"],
"cegarIterationNumber_RelationalIneqs_splitClauses_1":["2"],
"minedBinaryVariableTemplatesNumber_Unlabeled_splitClauses_1":["4"],
"labeledTemplateNumber_PredictedCG_splitClauses_1":["4"],
"labeledTemplateRelationSymbolNumber_Mined_splitClauses_0":["2"],
"labeledBinaryVariableTemplatesNumber_Mined_splitClauses_1":["4"],
"relationSymbolNumberBeforeSimplification_Mined_splitClauses_0":["133"],
"relationSymbolNumberBeforeSimplification_RelationalIneqs_splitClauses_0":["133"],
"clauseNumberAfterSimplification_RelationalIneqs_splitClauses_1":["23"],
"minedSingleVariableTemplatesNumber_PredictedCDHG_splitClauses_0":["48"],
"solvability_Labeled_splitClauses_1":["1"],
"labeledSingleVariableTemplatesNumber_Octagon_splitClauses_1":["0"],
"averagePredicateSize_Random_splitClauses_0":["10800000"],
"smt2FileSizeByte_RelationalIneqs_splitClauses_0":["23163"],
"generatedPredicateNumber_Unlabeled_splitClauses_0":["10800000"],
"solvability_RelationalEqs_splitClauses_0":["10800000"],
"predicateGeneratorTime_Empty_splitClauses_1":["149"],
"minedSingleVariableTemplatesNumber_Mined_splitClauses_0":["48"],
"relationSymbolNumberAfterSimplification_Unlabeled_splitClauses_0":["35"],
"minedTemplateRelationSymbolNumber_PredictedCDHG_splitClauses_1":["9"],
"minedTemplateNumber_PredictedCG_splitClauses_0":["52"],
"averagePredicateSize_RelationalIneqs_splitClauses_1":["1"],
"labeledTemplateRelationSymbolNumber_Random_splitClauses_1":["2"],
"minedTemplateNumber_RelationalIneqs_splitClauses_0":["52"],
"predicateGeneratorTime_RelationalIneqs_splitClauses_0":["10800000"],
"labeledTemplateRelationSymbolNumber_Empty_splitClauses_0":["2"],
"minedBinaryVariableTemplatesNumber_Octagon_splitClauses_0":["4"],
"labeledSingleVariableTemplatesNumber_Term_splitClauses_1":["0"],
"labeledBinaryVariableTemplatesNumber_Empty_splitClauses_0":["4"],
"minedTemplateNumber_Octagon_splitClauses_0":["52"],
"labeledBinaryVariableTemplatesNumber_Unlabeled_splitClauses_0":["4"],
"relationSymbolNumberBeforeSimplification_Empty_splitClauses_0":["133"],
"clauseNumberAfterSimplification_PredictedCDHG_splitClauses_0":["23"],
"smt2FileSizeByte_PredictedCG_splitClauses_0":["23163"],
"minedBinaryVariableTemplatesNumber_RelationalEqs_splitClauses_0":["4"],
"relationSymbolNumberBeforeSimplification_Unlabeled_splitClauses_0":["133"],
"labeledTemplateRelationSymbolNumber_RelationalEqs_splitClauses_1":["2"],
"minedBinaryVariableTemplatesNumber_Random_splitClauses_1":["4"],
"clauseNumberAfterSimplification_Unlabeled_splitClauses_1":["23"],
"minedSingleVariableTemplatesNumber_PredictedCDHG_splitClauses_1":["48"],
"labeledBinaryVariableTemplatesNumber_Term_splitClauses_1":["4"],
"clauseNumberBeforeSimplification_Empty_splitClauses_1":["66"],
"relationSymbolNumberAfterSimplification_Octagon_splitClauses_1":["35"],
"relationSymbolNumberAfterSimplification_Term_splitClauses_0":["35"],
"minedBinaryVariableTemplatesNumber_Mined_splitClauses_1":["4"],
"unlabeledBinaryVariableTemplatesNumber_Unlabeled_splitClauses_1":["210"],
"relationSymbolNumberBeforeSimplification_Random_splitClauses_0":["133"],
"relationSymbolNumberAfterSimplification_PredictedCDHG_splitClauses_1":["35"],
"unlabeledTemplateNumber_PredictedCG_splitClauses_1":["346"],
"generatedPredicateNumber_Empty_splitClauses_0":["10800000"],
"predicateGeneratorTime_RelationalIneqs_splitClauses_1":["103"],
"unlabeledSingleVariableTemplatesNumber_Empty_splitClauses_0":["136"],
"cegarIterationNumber_Octagon_splitClauses_0":["10800000"],
"clauseNumberAfterSimplification_Octagon_splitClauses_1":["23"],
"unlabeledSingleVariableTemplatesNumber_Labeled_splitClauses_1":["136"],
"clauseNumberBeforeSimplification_Random_splitClauses_1":["66"],
"minedTemplateRelationSymbolNumber_All_splitClauses_0":["9"],
"unlabeledTemplateRelationSymbolNumber_RelationalEqs_splitClauses_0":["9"],
"minedSingleVariableTemplatesNumber_Unlabeled_splitClauses_1":["48"],
"clauseNumberBeforeSimplification_RelationalEqs_splitClauses_0":["66"],
"minedTemplateNumber_Unlabeled_splitClauses_0":["52"],
"generatedPredicateNumber_Octagon_splitClauses_0":["10800000"],
"predicateGeneratorTime_PredictedCDHG_splitClauses_0":["10800000"],
"clauseNumberAfterSimplification_PredictedCG_splitClauses_1":["23"],
"labeledSingleVariableTemplatesNumber_RelationalEqs_splitClauses_1":["0"],
"smt2FileSizeByte_Random_splitClauses_1":["23163"],
"averagePredicateSize_PredictedCG_splitClauses_1":["10800000"],
"cegarIterationNumber_PredictedCDHG_splitClauses_1":["10800000"],
"clauseNumberAfterSimplification_RelationalEqs_splitClauses_1":["23"],
"minedBinaryVariableTemplatesNumber_Empty_splitClauses_1":["4"],
"relationSymbolNumberAfterSimplification_RelationalEqs_splitClauses_1":["35"],
"minedTemplateNumber_PredictedCDHG_splitClauses_0":["52"],
"labeledBinaryVariableTemplatesNumber_All_splitClauses_1":["4"],
"solvingTime_RelationalIneqs_splitClauses_1":["141"],
"unlabeledTemplateRelationSymbolNumber_RelationalEqs_splitClauses_1":["9"],
"smt2FileSizeByte_Unlabeled_splitClauses_0":["23163"],
"relationSymbolNumberBeforeSimplification_Mined_splitClauses_1":["133"],
"relationSymbolNumberAfterSimplification_Mined_splitClauses_1":["35"],
"generatedPredicateNumber_All_splitClauses_0":["10800000"],
"relationSymbolNumberBeforeSimplification_Octagon_splitClauses_1":["133"],
"predicateGeneratorTime_Octagon_splitClauses_1":["89"],
"solvability_Mined_splitClauses_1":["1"],
"minedTemplateRelationSymbolNumber_Term_splitClauses_1":["9"],
"clauseNumberAfterSimplification_Mined_splitClauses_0":["23"],
"solvability_PredictedCDHG_splitClauses_0":["10800000"],
"solvingTime_Empty_splitClauses_0":["10800000"],
"unlabeledSingleVariableTemplatesNumber_Unlabeled_splitClauses_1":["136"],
"minedTemplateNumber_Term_splitClauses_1":["52"],
"averagePredicateSize_Octagon_splitClauses_1":["1"],
"unlabeledSingleVariableTemplatesNumber_Octagon_splitClauses_1":["136"],
"minedTemplateRelationSymbolNumber_RelationalEqs_splitClauses_1":["9"],
"relationSymbolNumberBeforeSimplification_All_splitClauses_1":["133"],
"minedBinaryVariableTemplatesNumber_RelationalIneqs_splitClauses_0":["4"],
"predicateGeneratorTime_Term_splitClauses_1":["146"],
"solvingTime_Labeled_splitClauses_0":["10800000"],
"unlabeledBinaryVariableTemplatesNumber_PredictedCG_splitClauses_0":["210"],
"minedTemplateNumber_All_splitClauses_0":["52"],
"predicateGeneratorTime_Labeled_splitClauses_1":["185"],
"unlabeledTemplateRelationSymbolNumber_Empty_splitClauses_0":["9"],
"unlabeledTemplateNumber_Mined_splitClauses_1":["346"],
"solvability_PredictedCG_splitClauses_1":["10800000"],
"unlabeledTemplateNumber_Term_splitClauses_0":["346"],
"minedBinaryVariableTemplatesNumber_PredictedCG_splitClauses_1":["4"],
"labeledSingleVariableTemplatesNumber_PredictedCDHG_splitClauses_0":["0"],
"minedBinaryVariableTemplatesNumber_All_splitClauses_0":["4"],
"averagePredicateSize_PredictedCDHG_splitClauses_1":["10800000"],
"predicateGeneratorTime_PredictedCG_splitClauses_0":["10800000"],
"generatedPredicateNumber_RelationalIneqs_splitClauses_0":["10800000"],
"labeledTemplateNumber_Empty_splitClauses_0":["4"],
"relationSymbolNumberAfterSimplification_RelationalIneqs_splitClauses_1":["35"],
"unlabeledTemplateRelationSymbolNumber_Term_splitClauses_0":["9"],
"minedTemplateNumber_All_splitClauses_1":["52"],
"labeledSingleVariableTemplatesNumber_Empty_splitClauses_1":["0"],
"minedBinaryVariableTemplatesNumber_Unlabeled_splitClauses_0":["4"],
"labeledTemplateNumber_Random_splitClauses_0":["4"],
"minedBinaryVariableTemplatesNumber_All_splitClauses_1":["4"],
"unlabeledSingleVariableTemplatesNumber_All_splitClauses_0":["136"],
"relationSymbolNumberBeforeSimplification_Labeled_splitClauses_1":["133"],
"smt2FileSizeByte_PredictedCDHG_splitClauses_1":["23163"],
"labeledBinaryVariableTemplatesNumber_PredictedCDHG_splitClauses_0":["4"],
"averagePredicateSize_RelationalEqs_splitClauses_1":["1"],
"minedSingleVariableTemplatesNumber_Term_splitClauses_0":["48"],
"labeledTemplateRelationSymbolNumber_Term_splitClauses_1":["2"],
"generatedPredicateNumber_Random_splitClauses_0":["10800000"],
"labeledBinaryVariableTemplatesNumber_Empty_splitClauses_1":["4"],
"relationSymbolNumberAfterSimplification_Term_splitClauses_1":["35"],
"clauseNumberAfterSimplification_Labeled_splitClauses_0":["23"],
"labeledSingleVariableTemplatesNumber_Labeled_splitClauses_0":["0"],
"minedTemplateNumber_Mined_splitClauses_1":["52"],
"labeledTemplateRelationSymbolNumber_Labeled_splitClauses_0":["2"],
"unlabeledTemplateRelationSymbolNumber_Mined_splitClauses_1":["9"],
"solvability_Labeled_splitClauses_0":["10800000"],
"minedTemplateNumber_RelationalEqs_splitClauses_1":["52"],
"solvingTime_Random_splitClauses_1":["125"],
"minedTemplateNumber_Random_splitClauses_0":["52"],
"cegarIterationNumber_Unlabeled_splitClauses_1":["2"],
"minedTemplateNumber_RelationalIneqs_splitClauses_1":["52"],
"unlabeledBinaryVariableTemplatesNumber_Octagon_splitClauses_1":["210"],
"minedSingleVariableTemplatesNumber_Octagon_splitClauses_1":["48"],
"minedSingleVariableTemplatesNumber_Random_splitClauses_1":["48"],
"averagePredicateSize_All_splitClauses_1":["10800000"],
"minedTemplateNumber_Empty_splitClauses_0":["52"],
"labeledTemplateNumber_Mined_splitClauses_0":["4"],
"unlabeledBinaryVariableTemplatesNumber_All_splitClauses_0":["210"],
"relationSymbolNumberAfterSimplification_Labeled_splitClauses_1":["35"],
"labeledSingleVariableTemplatesNumber_PredictedCDHG_splitClauses_1":["0"],
"minedSingleVariableTemplatesNumber_Mined_splitClauses_1":["48"],
"labeledTemplateRelationSymbolNumber_Term_splitClauses_0":["2"],
"unlabeledTemplateRelationSymbolNumber_Term_splitClauses_1":["9"],
"predicateGeneratorTime_All_splitClauses_1":["10800000"],
"unlabeledSingleVariableTemplatesNumber_Random_splitClauses_0":["136"],
"predicateGeneratorTime_Unlabeled_splitClauses_1":["143"],
"cegarIterationNumber_PredictedCDHG_splitClauses_0":["10800000"],
"labeledTemplateNumber_RelationalEqs_splitClauses_0":["4"],
"labeledTemplateRelationSymbolNumber_Mined_splitClauses_1":["2"],
"labeledTemplateRelationSymbolNumber_Random_splitClauses_0":["2"],
"labeledBinaryVariableTemplatesNumber_RelationalEqs_splitClauses_1":["4"],
"generatedPredicateNumber_RelationalIneqs_splitClauses_1":["3"],
"unlabeledTemplateRelationSymbolNumber_PredictedCG_splitClauses_1":["9"],
"unlabeledSingleVariableTemplatesNumber_RelationalEqs_splitClauses_0":["136"],
"labeledBinaryVariableTemplatesNumber_Labeled_splitClauses_0":["4"],
"minedBinaryVariableTemplatesNumber_PredictedCDHG_splitClauses_0":["4"],
"unlabeledTemplateRelationSymbolNumber_Unlabeled_splitClauses_0":["9"],
"clauseNumberAfterSimplification_Term_splitClauses_1":["23"],
"unlabeledTemplateNumber_Octagon_splitClauses_0":["346"],
"unlabeledBinaryVariableTemplatesNumber_RelationalEqs_splitClauses_1":["210"],
"unlabeledTemplateNumber_PredictedCG_splitClauses_0":["346"],
"unlabeledTemplateNumber_All_splitClauses_0":["346"],
"labeledTemplateRelationSymbolNumber_RelationalIneqs_splitClauses_1":["2"],
"unlabeledSingleVariableTemplatesNumber_Mined_splitClauses_1":["136"],
"labeledTemplateRelationSymbolNumber_Unlabeled_splitClauses_1":["2"],
"labeledBinaryVariableTemplatesNumber_Random_splitClauses_1":["4"],
"solvability_Random_splitClauses_1":["1"],
"solvingTime_Term_splitClauses_0":["10800000"],
"minedSingleVariableTemplatesNumber_Labeled_splitClauses_1":["48"],
"clauseNumberBeforeSimplification_Term_splitClauses_0":["66"],
"relationSymbolNumberBeforeSimplification_RelationalIneqs_splitClauses_1":["133"],
"minedTemplateRelationSymbolNumber_Mined_splitClauses_0":["9"],
"solvability_Octagon_splitClauses_1":["1"],
"minedSingleVariableTemplatesNumber_RelationalIneqs_splitClauses_1":["48"],
"smt2FileSizeByte_Labeled_splitClauses_0":["23163"],
"solvability_RelationalEqs_splitClauses_1":["1"],
"unlabeledSingleVariableTemplatesNumber_Empty_splitClauses_1":["136"],
"labeledTemplateNumber_PredictedCDHG_splitClauses_1":["4"],
"minedTemplateRelationSymbolNumber_Octagon_splitClauses_0":["9"],
"clauseNumberAfterSimplification_Unlabeled_splitClauses_0":["23"],
"clauseNumberBeforeSimplification_Unlabeled_splitClauses_0":["66"],
"clauseNumberBeforeSimplification_PredictedCDHG_splitClauses_0":["66"],
"cegarIterationNumber_RelationalIneqs_splitClauses_0":["10800000"],
"labeledTemplateRelationSymbolNumber_RelationalEqs_splitClauses_0":["2"],
"averagePredicateSize_Labeled_splitClauses_0":["10800000"],
"smt2FileSizeByte_RelationalIneqs_splitClauses_1":["23163"],
"clauseNumberBeforeSimplification_RelationalEqs_splitClauses_1":["66"],
"unlabeledTemplateRelationSymbolNumber_RelationalIneqs_splitClauses_1":["9"],
"clauseNumberBeforeSimplification_PredictedCG_splitClauses_0":["66"],
"solvingTime_PredictedCDHG_splitClauses_0":["10800000"],
"labeledTemplateRelationSymbolNumber_Octagon_splitClauses_1":["2"],
"minedTemplateRelationSymbolNumber_PredictedCG_splitClauses_1":["9"],
"relationSymbolNumberBeforeSimplification_RelationalEqs_splitClauses_1":["133"],
"labeledTemplateNumber_Random_splitClauses_1":["4"],
"solvingTime_RelationalIneqs_splitClauses_0":["10800000"],
"labeledTemplateNumber_All_splitClauses_1":["4"],
"unlabeledTemplateNumber_Random_splitClauses_1":["346"],
"relationSymbolNumberBeforeSimplification_All_splitClauses_0":["133"],
"smt2FileSizeByte_Unlabeled_splitClauses_1":["23163"],
"cegarIterationNumber_PredictedCG_splitClauses_0":["10800000"],
"predicateGeneratorTime_Octagon_splitClauses_0":["10800000"],
"unlabeledTemplateNumber_RelationalEqs_splitClauses_1":["346"],
"clauseNumberAfterSimplification_Octagon_splitClauses_0":["23"],
"cegarIterationNumber_Random_splitClauses_0":["10800000"],
"solvability_PredictedCDHG_splitClauses_1":["10800000"],
"solvability_PredictedCG_splitClauses_0":["10800000"],
"solvingTime_PredictedCG_splitClauses_1":["10800000"],
"unlabeledSingleVariableTemplatesNumber_Unlabeled_splitClauses_0":["136"],
"unlabeledTemplateNumber_Unlabeled_splitClauses_0":["346"],
"labeledTemplateRelationSymbolNumber_RelationalIneqs_splitClauses_0":["2"],
"minedTemplateNumber_Random_splitClauses_1":["52"],
"generatedPredicateNumber_RelationalEqs_splitClauses_0":["10800000"],
"minedTemplateNumber_Term_splitClauses_0":["52"],
"solvingTime_All_splitClauses_1":["10800000"],
"minedSingleVariableTemplatesNumber_PredictedCG_splitClauses_0":["48"],
"smt2FileSizeByte_Term_splitClauses_1":["23163"],
"labeledBinaryVariableTemplatesNumber_All_splitClauses_0":["4"],
"minedTemplateNumber_PredictedCDHG_splitClauses_1":["52"],
"minedTemplateRelationSymbolNumber_PredictedCDHG_splitClauses_0":["9"],
"averagePredicateSize_Unlabeled_splitClauses_0":["10800000"],
"minedBinaryVariableTemplatesNumber_Octagon_splitClauses_1":["4"],
"unlabeledSingleVariableTemplatesNumber_Random_splitClauses_1":["136"],
"clauseNumberBeforeSimplification_Random_splitClauses_0":["66"],
"solvingTime_Unlabeled_splitClauses_1":["200"],
"predicateGeneratorTime_PredictedCDHG_splitClauses_1":["10800000"],
"averagePredicateSize_PredictedCDHG_splitClauses_0":["10800000"],
"relationSymbolNumberAfterSimplification_RelationalEqs_splitClauses_0":["35"],
"minedBinaryVariableTemplatesNumber_Term_splitClauses_0":["4"],
"labeledTemplateNumber_RelationalIneqs_splitClauses_0":["4"],
"clauseNumberAfterSimplification_Random_splitClauses_0":["23"],
"clauseNumberAfterSimplification_PredictedCG_splitClauses_0":["23"],
"generatedPredicateNumber_Empty_splitClauses_1":["3"],
"clauseNumberBeforeSimplification_Octagon_splitClauses_0":["66"],
"unlabeledTemplateNumber_Empty_splitClauses_0":["346"],
"minedSingleVariableTemplatesNumber_All_splitClauses_0":["48"],
"labeledTemplateRelationSymbolNumber_Octagon_splitClauses_0":["2"],
"generatedPredicateNumber_Random_splitClauses_1":["3"],
"clauseNumberAfterSimplification_RelationalEqs_splitClauses_0":["23"],
"labeledBinaryVariableTemplatesNumber_Term_splitClauses_0":["4"],
"minedSingleVariableTemplatesNumber_RelationalEqs_splitClauses_0":["48"],
"minedTemplateNumber_Mined_splitClauses_0":["52"],
"relationSymbolNumberBeforeSimplification_PredictedCG_splitClauses_0":["133"],
"averagePredicateSize_Octagon_splitClauses_0":["10800000"],
"unlabeledBinaryVariableTemplatesNumber_Empty_splitClauses_1":["210"],
"unlabeledSingleVariableTemplatesNumber_PredictedCDHG_splitClauses_0":["136"],
"unlabeledSingleVariableTemplatesNumber_PredictedCG_splitClauses_1":["136"],
"labeledTemplateRelationSymbolNumber_Labeled_splitClauses_1":["2"],
"minedTemplateRelationSymbolNumber_Random_splitClauses_0":["9"],
"unlabeledTemplateRelationSymbolNumber_PredictedCG_splitClauses_0":["9"],
"unlabeledTemplateNumber_RelationalIneqs_splitClauses_0":["346"],
"unlabeledSingleVariableTemplatesNumber_Labeled_splitClauses_0":["136"],
"relationSymbolNumberAfterSimplification_PredictedCG_splitClauses_0":["35"],
"minedTemplateNumber_Unlabeled_splitClauses_1":["52"],
"generatedPredicateNumber_PredictedCG_splitClauses_0":["10800000"],
"labeledTemplateNumber_Unlabeled_splitClauses_1":["4"],
"unlabeledTemplateRelationSymbolNumber_Empty_splitClauses_1":["9"],
"clauseNumberBeforeSimplification_Empty_splitClauses_0":["66"],
"solvingTime_Octagon_splitClauses_1":["129"],
"cegarIterationNumber_Mined_splitClauses_1":["2"],
"clauseNumberBeforeSimplification_Mined_splitClauses_1":["66"],
"smt2FileSizeByte_PredictedCDHG_splitClauses_0":["23163"],
"averagePredicateSize_PredictedCG_splitClauses_0":["10800000"],
"solvingTime_Random_splitClauses_0":["10800000"],
"minedTemplateNumber_RelationalEqs_splitClauses_0":["52"],
"unlabeledSingleVariableTemplatesNumber_RelationalIneqs_splitClauses_0":["136"],
"unlabeledTemplateNumber_Unlabeled_splitClauses_1":["346"],
"labeledBinaryVariableTemplatesNumber_RelationalEqs_splitClauses_0":["4"],
"generatedPredicateNumber_PredictedCDHG_splitClauses_0":["10800000"],
"relationSymbolNumberAfterSimplification_RelationalIneqs_splitClauses_0":["35"],
"minedTemplateRelationSymbolNumber_Empty_splitClauses_1":["9"],
"predicateGeneratorTime_Random_splitClauses_1":["90"],
"labeledTemplateNumber_Term_splitClauses_1":["4"],
"relationSymbolNumberBeforeSimplification_RelationalEqs_splitClauses_0":["133"],
"minedSingleVariableTemplatesNumber_Empty_splitClauses_1":["48"],
"minedSingleVariableTemplatesNumber_RelationalIneqs_splitClauses_0":["48"],
"clauseNumberAfterSimplification_All_splitClauses_0":["23"],
"unlabeledBinaryVariableTemplatesNumber_RelationalEqs_splitClauses_0":["210"],
"cegarIterationNumber_RelationalEqs_splitClauses_0":["10800000"],
"labeledTemplateRelationSymbolNumber_PredictedCDHG_splitClauses_0":["2"],
"labeledSingleVariableTemplatesNumber_Labeled_splitClauses_1":["0"],
"unlabeledBinaryVariableTemplatesNumber_All_splitClauses_1":["210"],
"minedTemplateRelationSymbolNumber_Unlabeled_splitClauses_1":["9"],
"solvingTime_RelationalEqs_splitClauses_0":["10800000"],
"solvingTime_RelationalEqs_splitClauses_1":["151"],
"minedBinaryVariableTemplatesNumber_Mined_splitClauses_0":["4"],
"clauseNumberBeforeSimplification_All_splitClauses_0":["66"],
"clauseNumberBeforeSimplification_RelationalIneqs_splitClauses_1":["66"],
"labeledTemplateNumber_RelationalEqs_splitClauses_1":["4"],
"labeledBinaryVariableTemplatesNumber_RelationalIneqs_splitClauses_0":["4"],
"relationSymbolNumberBeforeSimplification_Labeled_splitClauses_0":["133"],
"clauseNumberAfterSimplification_Empty_splitClauses_0":["23"],
"averagePredicateSize_Empty_splitClauses_0":["10800000"],
"unlabeledTemplateNumber_Term_splitClauses_1":["346"],
"predicateGeneratorTime_Mined_splitClauses_1":["164"],
"labeledBinaryVariableTemplatesNumber_RelationalIneqs_splitClauses_1":["4"],
"predicateGeneratorTime_Unlabeled_splitClauses_0":["10800000"],
"relationSymbolNumberAfterSimplification_Empty_splitClauses_0":["35"],
"generatedPredicateNumber_Mined_splitClauses_0":["10800000"],
"generatedPredicateNumber_RelationalEqs_splitClauses_1":["3"],
"labeledTemplateRelationSymbolNumber_PredictedCG_splitClauses_0":["2"],
"minedSingleVariableTemplatesNumber_PredictedCG_splitClauses_1":["48"],
"minedTemplateRelationSymbolNumber_PredictedCG_splitClauses_0":["9"],
"unlabeledTemplateRelationSymbolNumber_Labeled_splitClauses_0":["9"],
"solvability_Empty_splitClauses_1":["1"],
"averagePredicateSize_Term_splitClauses_0":["10800000"],
"cegarIterationNumber_Random_splitClauses_1":["2"],
"averagePredicateSize_Labeled_splitClauses_1":["1"],
"unlabeledBinaryVariableTemplatesNumber_Unlabeled_splitClauses_0":["210"],
"generatedPredicateNumber_Unlabeled_splitClauses_1":["3"],
"predicateGeneratorTime_All_splitClauses_0":["10800000"],
"unlabeledBinaryVariableTemplatesNumber_PredictedCDHG_splitClauses_1":["210"],
"clauseNumberBeforeSimplification_Labeled_splitClauses_1":["66"],
"minedBinaryVariableTemplatesNumber_Labeled_splitClauses_1":["4"],
"labeledSingleVariableTemplatesNumber_All_splitClauses_0":["0"],
"unlabeledTemplateRelationSymbolNumber_Mined_splitClauses_0":["9"],
"cegarIterationNumber_Octagon_splitClauses_1":["2"],
"labeledTemplateNumber_Octagon_splitClauses_0":["4"],
"labeledTemplateRelationSymbolNumber_All_splitClauses_1":["2"],
"smt2FileSizeByte_Empty_splitClauses_0":["23163"],
"unlabeledTemplateNumber_Octagon_splitClauses_1":["346"],
"predicateGeneratorTime_RelationalEqs_splitClauses_0":["10800000"],
"unlabeledTemplateRelationSymbolNumber_RelationalIneqs_splitClauses_0":["9"],
"smt2FileSizeByte_RelationalEqs_splitClauses_1":["23163"],
"unlabeledTemplateNumber_Labeled_splitClauses_0":["346"],
"minedSingleVariableTemplatesNumber_Labeled_splitClauses_0":["48"],
"solvingTime_PredictedCDHG_splitClauses_1":["10800000"],
"relationSymbolNumberBeforeSimplification_Term_splitClauses_1":["133"],
"minedTemplateNumber_Octagon_splitClauses_1":["52"],
"clauseNumberBeforeSimplification_Mined_splitClauses_0":["66"],
"smt2FileSizeByte_All_splitClauses_0":["23163"],
"solvingTime_All_splitClauses_0":["10800000"],
"minedBinaryVariableTemplatesNumber_Term_splitClauses_1":["4"],
"unlabeledTemplateRelationSymbolNumber_Random_splitClauses_0":["9"],
"cegarIterationNumber_All_splitClauses_0":["10800000"],
"smt2FileSizeByte_RelationalEqs_splitClauses_0":["23163"],
"unlabeledSingleVariableTemplatesNumber_PredictedCDHG_splitClauses_1":["136"],
"clauseNumberBeforeSimplification_Labeled_splitClauses_0":["66"],
"cegarIterationNumber_PredictedCG_splitClauses_1":["10800000"],
"labeledTemplateRelationSymbolNumber_Unlabeled_splitClauses_0":["2"],
"unlabeledTemplateRelationSymbolNumber_Octagon_splitClauses_1":["9"],
"unlabeledTemplateNumber_Empty_splitClauses_1":["346"],
"clauseNumberBeforeSimplification_Octagon_splitClauses_1":["66"],
"labeledTemplateNumber_Unlabeled_splitClauses_0":["4"],
"labeledBinaryVariableTemplatesNumber_PredictedCG_splitClauses_0":["4"],
"solvability_Term_splitClauses_1":["1"],
"solvability_Octagon_splitClauses_0":["10800000"],
"minedTemplateRelationSymbolNumber_RelationalIneqs_splitClauses_0":["9"],
"clauseNumberBeforeSimplification_RelationalIneqs_splitClauses_0":["66"],
"labeledTemplateNumber_PredictedCG_splitClauses_0":["4"],
"cegarIterationNumber_Labeled_splitClauses_0":["10800000"],
"smt2FileSizeByte_Labeled_splitClauses_1":["23163"],
"clauseNumberBeforeSimplification_Unlabeled_splitClauses_1":["66"],
"generatedPredicateNumber_Term_splitClauses_1":["3"],
"solvingTime_Term_splitClauses_1":["217"],
"unlabeledBinaryVariableTemplatesNumber_Random_splitClauses_1":["210"],
"unlabeledSingleVariableTemplatesNumber_Octagon_splitClauses_0":["136"],
"solvingTime_Octagon_splitClauses_0":["10800000"],
"labeledSingleVariableTemplatesNumber_Mined_splitClauses_1":["0"],
"averagePredicateSize_Term_splitClauses_1":["1"],
"labeledTemplateNumber_Labeled_splitClauses_0":["4"],
"unlabeledSingleVariableTemplatesNumber_PredictedCG_splitClauses_0":["136"],
"smt2FileSizeByte_Mined_splitClauses_1":["23163"],
"labeledBinaryVariableTemplatesNumber_Unlabeled_splitClauses_1":["4"],
"labeledTemplateNumber_All_splitClauses_0":["4"],
"unlabeledTemplateNumber_Random_splitClauses_0":["346"],
"labeledTemplateNumber_Octagon_splitClauses_1":["4"],
"unlabeledTemplateNumber_PredictedCDHG_splitClauses_1":["346"],
"unlabeledBinaryVariableTemplatesNumber_Mined_splitClauses_0":["210"],
"minedTemplateRelationSymbolNumber_Mined_splitClauses_1":["9"],
"labeledTemplateNumber_RelationalIneqs_splitClauses_1":["4"],
"relationSymbolNumberAfterSimplification_All_splitClauses_0":["35"],
"relationSymbolNumberBeforeSimplification_PredictedCDHG_splitClauses_0":["133"],
"solvability_Term_splitClauses_0":["10800000"],
"clauseNumberBeforeSimplification_PredictedCG_splitClauses_1":["66"],
"generatedPredicateNumber_Labeled_splitClauses_1":["3"],
"labeledSingleVariableTemplatesNumber_Unlabeled_splitClauses_0":["0"],
"unlabeledBinaryVariableTemplatesNumber_Empty_splitClauses_0":["210"],
"solvingTime_Mined_splitClauses_0":["10800000"],
"unlabeledTemplateNumber_All_splitClauses_1":["346"],
"clauseNumberAfterSimplification_Random_splitClauses_1":["23"],
"labeledBinaryVariableTemplatesNumber_Octagon_splitClauses_1":["4"],
"unlabeledBinaryVariableTemplatesNumber_Labeled_splitClauses_0":["210"],
"smt2FileSizeByte_Octagon_splitClauses_0":["23163"],
"labeledSingleVariableTemplatesNumber_Random_splitClauses_1":["0"],
"solvability_Unlabeled_splitClauses_0":["10800000"],
"solvingTime_Unlabeled_splitClauses_0":["10800000"],
"unlabeledTemplateRelationSymbolNumber_All_splitClauses_1":["9"],
"minedTemplateNumber_Empty_splitClauses_1":["52"],
"solvability_RelationalIneqs_splitClauses_0":["10800000"],
"unlabeledTemplateRelationSymbolNumber_Labeled_splitClauses_1":["9"],
"cegarIterationNumber_RelationalEqs_splitClauses_1":["2"],
"minedSingleVariableTemplatesNumber_RelationalEqs_splitClauses_1":["48"],
"clauseNumberAfterSimplification_PredictedCDHG_splitClauses_1":["23"],
"minedBinaryVariableTemplatesNumber_RelationalIneqs_splitClauses_1":["4"],
"unlabeledBinaryVariableTemplatesNumber_Mined_splitClauses_1":["210"],
"unlabeledBinaryVariableTemplatesNumber_PredictedCDHG_splitClauses_0":["210"],
"solvingTime_Empty_splitClauses_1":["211"],
"labeledTemplateRelationSymbolNumber_Empty_splitClauses_1":["2"],
"generatedPredicateNumber_Term_splitClauses_0":["10800000"],
"averagePredicateSize_Empty_splitClauses_1":["1"],
"generatedPredicateNumber_PredictedCG_splitClauses_1":["10800000"],
"labeledTemplateRelationSymbolNumber_PredictedCDHG_splitClauses_1":["2"],
"predicateGeneratorTime_Mined_splitClauses_0":["10800000"],
"relationSymbolNumberBeforeSimplification_Term_splitClauses_0":["133"],
"predicateGeneratorTime_Labeled_splitClauses_0":["10800000"],
"labeledSingleVariableTemplatesNumber_Random_splitClauses_0":["0"],
"unlabeledTemplateRelationSymbolNumber_All_splitClauses_0":["9"],
"minedBinaryVariableTemplatesNumber_Labeled_splitClauses_0":["4"],
"generatedPredicateNumber_Labeled_splitClauses_0":["10800000"],
"relationSymbolNumberAfterSimplification_Empty_splitClauses_1":["35"],
"solvingTime_Mined_splitClauses_1":["226"],
"minedSingleVariableTemplatesNumber_All_splitClauses_1":["48"],
"predicateGeneratorTime_Random_splitClauses_0":["10800000"],
"cegarIterationNumber_Term_splitClauses_1":["2"],
"labeledTemplateNumber_Empty_splitClauses_1":["4"],
"clauseNumberAfterSimplification_Empty_splitClauses_1":["23"],
"minedTemplateRelationSymbolNumber_Empty_splitClauses_0":["9"],
"unlabeledSingleVariableTemplatesNumber_Term_splitClauses_0":["136"],
"minedSingleVariableTemplatesNumber_Empty_splitClauses_0":["48"],
"relationSymbolNumberAfterSimplification_Random_splitClauses_0":["35"],
"minedTemplateRelationSymbolNumber_RelationalEqs_splitClauses_0":["9"],
"cegarIterationNumber_Empty_splitClauses_0":["10800000"],
"minedBinaryVariableTemplatesNumber_RelationalEqs_splitClauses_1":["4"],
"relationSymbolNumberBeforeSimplification_PredictedCG_splitClauses_1":["133"],
"labeledSingleVariableTemplatesNumber_All_splitClauses_1":["0"],
"unlabeledTemplateRelationSymbolNumber_Octagon_splitClauses_0":["9"],
"minedTemplateRelationSymbolNumber_Unlabeled_splitClauses_0":["9"],
"labeledBinaryVariableTemplatesNumber_Mined_splitClauses_0":["4"],
"relationSymbolNumberAfterSimplification_Unlabeled_splitClauses_1":["35"],
"minedTemplateNumber_PredictedCG_splitClauses_1":["52"],
"cegarIterationNumber_Empty_splitClauses_1":["2"],
"averagePredicateSize_RelationalIneqs_splitClauses_0":["10800000"],
"solvability_All_splitClauses_1":["10800000"],
"unlabeledBinaryVariableTemplatesNumber_Term_splitClauses_1":["210"],
"minedTemplateRelationSymbolNumber_Labeled_splitClauses_1":["9"],
"averagePredicateSize_Unlabeled_splitClauses_1":["1"],
"labeledTemplateNumber_Term_splitClauses_0":["4"],
"smt2FileSizeByte_Empty_splitClauses_1":["23163"],
"solvingTime_PredictedCG_splitClauses_0":["10800000"],
"cegarIterationNumber_All_splitClauses_1":["10800000"],
"clauseNumberBeforeSimplification_Term_splitClauses_1":["66"],
"predicateGeneratorTime_Empty_splitClauses_0":["10800000"],
"relationSymbolNumberBeforeSimplification_Empty_splitClauses_1":["133"],
"averagePredicateSize_All_splitClauses_0":["10800000"],
"unlabeledBinaryVariableTemplatesNumber_Random_splitClauses_0":["210"],
"smt2FileSizeByte_Term_splitClauses_0":["23163"],
"averagePredicateSize_Mined_splitClauses_1":["1"],
"minedBinaryVariableTemplatesNumber_Empty_splitClauses_0":["4"],
"minedTemplateRelationSymbolNumber_All_splitClauses_1":["9"],
"labeledSingleVariableTemplatesNumber_PredictedCG_splitClauses_0":["0"],
"unlabeledBinaryVariableTemplatesNumber_RelationalIneqs_splitClauses_0":["210"],
"unlabeledSingleVariableTemplatesNumber_RelationalIneqs_splitClauses_1":["136"],
"clauseNumberAfterSimplification_RelationalIneqs_splitClauses_0":["23"],
"unlabeledTemplateNumber_RelationalEqs_splitClauses_0":["346"],
"unlabeledTemplateNumber_RelationalIneqs_splitClauses_1":["346"],
"labeledTemplateRelationSymbolNumber_PredictedCG_splitClauses_1":["2"],
"labeledTemplateRelationSymbolNumber_All_splitClauses_0":["2"],
"labeledSingleVariableTemplatesNumber_Octagon_splitClauses_0":["0"],
"dummyFiled":[]
}