{
"smt2FileSizeByte_All_splitClauses_1":["87447"],
"generatedPredicateNumber_All_splitClauses_1":["10800000"],
"unlabeledTemplateRelationSymbolNumber_PredictedCDHG_splitClauses_0":["34"],
"relationSymbolNumberBeforeSimplification_Unlabeled_splitClauses_1":["304"],
"predicateGeneratorTime_Term_splitClauses_0":["10800000"],
"averagePredicateSize_Random_splitClauses_1":["1"],
"labeledBinaryVariableTemplatesNumber_Labeled_splitClauses_1":["50"],
"clauseNumberBeforeSimplification_All_splitClauses_1":["137"],
"minedTemplateRelationSymbolNumber_Term_splitClauses_0":["34"],
"solvingTime_Labeled_splitClauses_1":["1016"],
"unlabeledTemplateNumber_Labeled_splitClauses_1":["2577"],
"relationSymbolNumberAfterSimplification_All_splitClauses_1":["178"],
"minedTemplateRelationSymbolNumber_Octagon_splitClauses_1":["34"],
"clauseNumberAfterSimplification_Mined_splitClauses_1":["106"],
"relationSymbolNumberBeforeSimplification_Octagon_splitClauses_0":["304"],
"unlabeledBinaryVariableTemplatesNumber_Term_splitClauses_0":["1644"],
"labeledTemplateNumber_PredictedCDHG_splitClauses_0":["50"],
"solvability_Empty_splitClauses_0":["10800000"],
"unlabeledTemplateRelationSymbolNumber_Random_splitClauses_1":["34"],
"labeledBinaryVariableTemplatesNumber_Octagon_splitClauses_0":["50"],
"relationSymbolNumberBeforeSimplification_Random_splitClauses_1":["304"],
"minedTemplateRelationSymbolNumber_Random_splitClauses_1":["34"],
"unlabeledSingleVariableTemplatesNumber_Mined_splitClauses_0":["933"],
"unlabeledBinaryVariableTemplatesNumber_PredictedCG_splitClauses_1":["1644"],
"solvability_All_splitClauses_0":["10800000"],
"predicateGeneratorTime_RelationalEqs_splitClauses_1":["650"],
"relationSymbolNumberBeforeSimplification_PredictedCDHG_splitClauses_1":["304"],
"smt2FileSizeByte_PredictedCG_splitClauses_1":["87447"],
"labeledSingleVariableTemplatesNumber_Unlabeled_splitClauses_1":["0"],
"labeledBinaryVariableTemplatesNumber_PredictedCG_splitClauses_1":["50"],
"minedBinaryVariableTemplatesNumber_PredictedCG_splitClauses_0":["50"],
"solvability_Random_splitClauses_0":["10800000"],
"relationSymbolNumberAfterSimplification_PredictedCG_splitClauses_1":["178"],
"clauseNumberBeforeSimplification_PredictedCDHG_splitClauses_1":["137"],
"labeledSingleVariableTemplatesNumber_Mined_splitClauses_0":["0"],
"solvability_Unlabeled_splitClauses_1":["1"],
"cegarIterationNumber_Labeled_splitClauses_1":["14"],
"smt2FileSizeByte_Mined_splitClauses_0":["87447"],
"relationSymbolNumberAfterSimplification_Mined_splitClauses_0":["178"],
"labeledSingleVariableTemplatesNumber_PredictedCG_splitClauses_1":["0"],
"smt2FileSizeByte_Octagon_splitClauses_1":["87447"],
"minedTemplateNumber_Labeled_splitClauses_1":["367"],
"labeledSingleVariableTemplatesNumber_RelationalIneqs_splitClauses_1":["0"],
"clauseNumberAfterSimplification_Labeled_splitClauses_1":["106"],
"relationSymbolNumberAfterSimplification_Labeled_splitClauses_0":["178"],
"smt2FileSizeByte_Random_splitClauses_0":["87447"],
"relationSymbolNumberAfterSimplification_PredictedCDHG_splitClauses_0":["178"],
"unlabeledTemplateRelationSymbolNumber_PredictedCDHG_splitClauses_1":["34"],
"labeledSingleVariableTemplatesNumber_Term_splitClauses_0":["0"],
"generatedPredicateNumber_PredictedCDHG_splitClauses_1":["10800000"],
"minedSingleVariableTemplatesNumber_Unlabeled_splitClauses_0":["317"],
"generatedPredicateNumber_Octagon_splitClauses_1":["40"],
"labeledSingleVariableTemplatesNumber_RelationalEqs_splitClauses_0":["0"],
"predicateGeneratorTime_PredictedCG_splitClauses_1":["10800000"],
"relationSymbolNumberAfterSimplification_Octagon_splitClauses_0":["178"],
"labeledTemplateNumber_Labeled_splitClauses_1":["50"],
"labeledSingleVariableTemplatesNumber_Empty_splitClauses_0":["0"],
"minedTemplateRelationSymbolNumber_RelationalIneqs_splitClauses_1":["34"],
"unlabeledSingleVariableTemplatesNumber_All_splitClauses_1":["933"],
"labeledBinaryVariableTemplatesNumber_PredictedCDHG_splitClauses_1":["50"],
"unlabeledSingleVariableTemplatesNumber_RelationalEqs_splitClauses_1":["933"],
"cegarIterationNumber_Term_splitClauses_0":["10800000"],
"unlabeledBinaryVariableTemplatesNumber_Labeled_splitClauses_1":["1644"],
"unlabeledSingleVariableTemplatesNumber_Term_splitClauses_1":["933"],
"clauseNumberAfterSimplification_All_splitClauses_1":["106"],
"minedSingleVariableTemplatesNumber_Random_splitClauses_0":["317"],
"solvability_RelationalIneqs_splitClauses_1":["1"],
"minedTemplateNumber_Labeled_splitClauses_0":["367"],
"minedSingleVariableTemplatesNumber_Octagon_splitClauses_0":["317"],
"minedSingleVariableTemplatesNumber_Term_splitClauses_1":["317"],
"minedBinaryVariableTemplatesNumber_PredictedCDHG_splitClauses_1":["50"],
"generatedPredicateNumber_Mined_splitClauses_1":["40"],
"labeledSingleVariableTemplatesNumber_RelationalIneqs_splitClauses_0":["0"],
"averagePredicateSize_Mined_splitClauses_0":["10800000"],
"cegarIterationNumber_Unlabeled_splitClauses_0":["10800000"],
"minedBinaryVariableTemplatesNumber_Random_splitClauses_0":["50"],
"labeledTemplateNumber_Mined_splitClauses_1":["50"],
"labeledBinaryVariableTemplatesNumber_Random_splitClauses_0":["50"],
"unlabeledTemplateRelationSymbolNumber_Unlabeled_splitClauses_1":["34"],
"cegarIterationNumber_Mined_splitClauses_0":["10800000"],
"minedTemplateRelationSymbolNumber_Labeled_splitClauses_0":["34"],
"unlabeledBinaryVariableTemplatesNumber_RelationalIneqs_splitClauses_1":["1644"],
"unlabeledBinaryVariableTemplatesNumber_Octagon_splitClauses_0":["1644"],
"solvability_Mined_splitClauses_0":["10800000"],
"averagePredicateSize_RelationalEqs_splitClauses_0":["10800000"],
"clauseNumberAfterSimplification_Term_splitClauses_0":["106"],
"unlabeledTemplateNumber_Mined_splitClauses_0":["2577"],
"relationSymbolNumberAfterSimplification_Random_splitClauses_1":["178"],
"unlabeledTemplateNumber_PredictedCDHG_splitClauses_0":["2577"],
"cegarIterationNumber_RelationalIneqs_splitClauses_1":["14"],
"minedBinaryVariableTemplatesNumber_Unlabeled_splitClauses_1":["50"],
"labeledTemplateNumber_PredictedCG_splitClauses_1":["50"],
"labeledTemplateRelationSymbolNumber_Mined_splitClauses_0":["17"],
"labeledBinaryVariableTemplatesNumber_Mined_splitClauses_1":["50"],
"relationSymbolNumberBeforeSimplification_Mined_splitClauses_0":["304"],
"relationSymbolNumberBeforeSimplification_RelationalIneqs_splitClauses_0":["304"],
"clauseNumberAfterSimplification_RelationalIneqs_splitClauses_1":["106"],
"minedSingleVariableTemplatesNumber_PredictedCDHG_splitClauses_0":["317"],
"solvability_Labeled_splitClauses_1":["1"],
"labeledSingleVariableTemplatesNumber_Octagon_splitClauses_1":["0"],
"averagePredicateSize_Random_splitClauses_0":["10800000"],
"smt2FileSizeByte_RelationalIneqs_splitClauses_0":["87447"],
"generatedPredicateNumber_Unlabeled_splitClauses_0":["10800000"],
"solvability_RelationalEqs_splitClauses_0":["10800000"],
"predicateGeneratorTime_Empty_splitClauses_1":["603"],
"minedSingleVariableTemplatesNumber_Mined_splitClauses_0":["317"],
"relationSymbolNumberAfterSimplification_Unlabeled_splitClauses_0":["178"],
"minedTemplateRelationSymbolNumber_PredictedCDHG_splitClauses_1":["34"],
"minedTemplateNumber_PredictedCG_splitClauses_0":["367"],
"averagePredicateSize_RelationalIneqs_splitClauses_1":["1"],
"labeledTemplateRelationSymbolNumber_Random_splitClauses_1":["17"],
"minedTemplateNumber_RelationalIneqs_splitClauses_0":["367"],
"predicateGeneratorTime_RelationalIneqs_splitClauses_0":["10800000"],
"labeledTemplateRelationSymbolNumber_Empty_splitClauses_0":["17"],
"minedBinaryVariableTemplatesNumber_Octagon_splitClauses_0":["50"],
"labeledSingleVariableTemplatesNumber_Term_splitClauses_1":["0"],
"labeledBinaryVariableTemplatesNumber_Empty_splitClauses_0":["50"],
"minedTemplateNumber_Octagon_splitClauses_0":["367"],
"labeledBinaryVariableTemplatesNumber_Unlabeled_splitClauses_0":["50"],
"relationSymbolNumberBeforeSimplification_Empty_splitClauses_0":["304"],
"clauseNumberAfterSimplification_PredictedCDHG_splitClauses_0":["106"],
"smt2FileSizeByte_PredictedCG_splitClauses_0":["87447"],
"minedBinaryVariableTemplatesNumber_RelationalEqs_splitClauses_0":["50"],
"relationSymbolNumberBeforeSimplification_Unlabeled_splitClauses_0":["304"],
"labeledTemplateRelationSymbolNumber_RelationalEqs_splitClauses_1":["17"],
"minedBinaryVariableTemplatesNumber_Random_splitClauses_1":["50"],
"clauseNumberAfterSimplification_Unlabeled_splitClauses_1":["106"],
"minedSingleVariableTemplatesNumber_PredictedCDHG_splitClauses_1":["317"],
"labeledBinaryVariableTemplatesNumber_Term_splitClauses_1":["50"],
"clauseNumberBeforeSimplification_Empty_splitClauses_1":["137"],
"relationSymbolNumberAfterSimplification_Octagon_splitClauses_1":["178"],
"relationSymbolNumberAfterSimplification_Term_splitClauses_0":["178"],
"minedBinaryVariableTemplatesNumber_Mined_splitClauses_1":["50"],
"unlabeledBinaryVariableTemplatesNumber_Unlabeled_splitClauses_1":["1644"],
"relationSymbolNumberBeforeSimplification_Random_splitClauses_0":["304"],
"relationSymbolNumberAfterSimplification_PredictedCDHG_splitClauses_1":["178"],
"unlabeledTemplateNumber_PredictedCG_splitClauses_1":["2577"],
"generatedPredicateNumber_Empty_splitClauses_0":["10800000"],
"predicateGeneratorTime_RelationalIneqs_splitClauses_1":["491"],
"unlabeledSingleVariableTemplatesNumber_Empty_splitClauses_0":["933"],
"cegarIterationNumber_Octagon_splitClauses_0":["10800000"],
"clauseNumberAfterSimplification_Octagon_splitClauses_1":["106"],
"unlabeledSingleVariableTemplatesNumber_Labeled_splitClauses_1":["933"],
"clauseNumberBeforeSimplification_Random_splitClauses_1":["137"],
"minedTemplateRelationSymbolNumber_All_splitClauses_0":["34"],
"unlabeledTemplateRelationSymbolNumber_RelationalEqs_splitClauses_0":["34"],
"minedSingleVariableTemplatesNumber_Unlabeled_splitClauses_1":["317"],
"clauseNumberBeforeSimplification_RelationalEqs_splitClauses_0":["137"],
"minedTemplateNumber_Unlabeled_splitClauses_0":["367"],
"generatedPredicateNumber_Octagon_splitClauses_0":["10800000"],
"predicateGeneratorTime_PredictedCDHG_splitClauses_0":["10800000"],
"clauseNumberAfterSimplification_PredictedCG_splitClauses_1":["106"],
"labeledSingleVariableTemplatesNumber_RelationalEqs_splitClauses_1":["0"],
"smt2FileSizeByte_Random_splitClauses_1":["87447"],
"averagePredicateSize_PredictedCG_splitClauses_1":["10800000"],
"cegarIterationNumber_PredictedCDHG_splitClauses_1":["10800000"],
"clauseNumberAfterSimplification_RelationalEqs_splitClauses_1":["106"],
"minedBinaryVariableTemplatesNumber_Empty_splitClauses_1":["50"],
"relationSymbolNumberAfterSimplification_RelationalEqs_splitClauses_1":["178"],
"minedTemplateNumber_PredictedCDHG_splitClauses_0":["367"],
"labeledBinaryVariableTemplatesNumber_All_splitClauses_1":["50"],
"solvingTime_RelationalIneqs_splitClauses_1":["746"],
"unlabeledTemplateRelationSymbolNumber_RelationalEqs_splitClauses_1":["34"],
"smt2FileSizeByte_Unlabeled_splitClauses_0":["87447"],
"relationSymbolNumberBeforeSimplification_Mined_splitClauses_1":["304"],
"relationSymbolNumberAfterSimplification_Mined_splitClauses_1":["178"],
"generatedPredicateNumber_All_splitClauses_0":["10800000"],
"relationSymbolNumberBeforeSimplification_Octagon_splitClauses_1":["304"],
"predicateGeneratorTime_Octagon_splitClauses_1":["769"],
"solvability_Mined_splitClauses_1":["1"],
"minedTemplateRelationSymbolNumber_Term_splitClauses_1":["34"],
"clauseNumberAfterSimplification_Mined_splitClauses_0":["106"],
"solvability_PredictedCDHG_splitClauses_0":["10800000"],
"solvingTime_Empty_splitClauses_0":["10800000"],
"unlabeledSingleVariableTemplatesNumber_Unlabeled_splitClauses_1":["933"],
"minedTemplateNumber_Term_splitClauses_1":["367"],
"averagePredicateSize_Octagon_splitClauses_1":["1"],
"unlabeledSingleVariableTemplatesNumber_Octagon_splitClauses_1":["933"],
"minedTemplateRelationSymbolNumber_RelationalEqs_splitClauses_1":["34"],
"relationSymbolNumberBeforeSimplification_All_splitClauses_1":["304"],
"minedBinaryVariableTemplatesNumber_RelationalIneqs_splitClauses_0":["50"],
"predicateGeneratorTime_Term_splitClauses_1":["477"],
"solvingTime_Labeled_splitClauses_0":["10800000"],
"unlabeledBinaryVariableTemplatesNumber_PredictedCG_splitClauses_0":["1644"],
"minedTemplateNumber_All_splitClauses_0":["367"],
"predicateGeneratorTime_Labeled_splitClauses_1":["660"],
"unlabeledTemplateRelationSymbolNumber_Empty_splitClauses_0":["34"],
"unlabeledTemplateNumber_Mined_splitClauses_1":["2577"],
"solvability_PredictedCG_splitClauses_1":["10800000"],
"unlabeledTemplateNumber_Term_splitClauses_0":["2577"],
"minedBinaryVariableTemplatesNumber_PredictedCG_splitClauses_1":["50"],
"labeledSingleVariableTemplatesNumber_PredictedCDHG_splitClauses_0":["0"],
"minedBinaryVariableTemplatesNumber_All_splitClauses_0":["50"],
"averagePredicateSize_PredictedCDHG_splitClauses_1":["10800000"],
"predicateGeneratorTime_PredictedCG_splitClauses_0":["10800000"],
"generatedPredicateNumber_RelationalIneqs_splitClauses_0":["10800000"],
"labeledTemplateNumber_Empty_splitClauses_0":["50"],
"relationSymbolNumberAfterSimplification_RelationalIneqs_splitClauses_1":["178"],
"unlabeledTemplateRelationSymbolNumber_Term_splitClauses_0":["34"],
"minedTemplateNumber_All_splitClauses_1":["367"],
"labeledSingleVariableTemplatesNumber_Empty_splitClauses_1":["0"],
"minedBinaryVariableTemplatesNumber_Unlabeled_splitClauses_0":["50"],
"labeledTemplateNumber_Random_splitClauses_0":["50"],
"minedBinaryVariableTemplatesNumber_All_splitClauses_1":["50"],
"unlabeledSingleVariableTemplatesNumber_All_splitClauses_0":["933"],
"relationSymbolNumberBeforeSimplification_Labeled_splitClauses_1":["304"],
"smt2FileSizeByte_PredictedCDHG_splitClauses_1":["87447"],
"labeledBinaryVariableTemplatesNumber_PredictedCDHG_splitClauses_0":["50"],
"averagePredicateSize_RelationalEqs_splitClauses_1":["1"],
"minedSingleVariableTemplatesNumber_Term_splitClauses_0":["317"],
"labeledTemplateRelationSymbolNumber_Term_splitClauses_1":["17"],
"generatedPredicateNumber_Random_splitClauses_0":["10800000"],
"labeledBinaryVariableTemplatesNumber_Empty_splitClauses_1":["50"],
"relationSymbolNumberAfterSimplification_Term_splitClauses_1":["178"],
"clauseNumberAfterSimplification_Labeled_splitClauses_0":["106"],
"labeledSingleVariableTemplatesNumber_Labeled_splitClauses_0":["0"],
"minedTemplateNumber_Mined_splitClauses_1":["367"],
"labeledTemplateRelationSymbolNumber_Labeled_splitClauses_0":["17"],
"unlabeledTemplateRelationSymbolNumber_Mined_splitClauses_1":["34"],
"solvability_Labeled_splitClauses_0":["10800000"],
"minedTemplateNumber_RelationalEqs_splitClauses_1":["367"],
"solvingTime_Random_splitClauses_1":["949"],
"minedTemplateNumber_Random_splitClauses_0":["367"],
"cegarIterationNumber_Unlabeled_splitClauses_1":["14"],
"minedTemplateNumber_RelationalIneqs_splitClauses_1":["367"],
"unlabeledBinaryVariableTemplatesNumber_Octagon_splitClauses_1":["1644"],
"minedSingleVariableTemplatesNumber_Octagon_splitClauses_1":["317"],
"minedSingleVariableTemplatesNumber_Random_splitClauses_1":["317"],
"averagePredicateSize_All_splitClauses_1":["10800000"],
"minedTemplateNumber_Empty_splitClauses_0":["367"],
"labeledTemplateNumber_Mined_splitClauses_0":["50"],
"unlabeledBinaryVariableTemplatesNumber_All_splitClauses_0":["1644"],
"relationSymbolNumberAfterSimplification_Labeled_splitClauses_1":["178"],
"labeledSingleVariableTemplatesNumber_PredictedCDHG_splitClauses_1":["0"],
"minedSingleVariableTemplatesNumber_Mined_splitClauses_1":["317"],
"labeledTemplateRelationSymbolNumber_Term_splitClauses_0":["17"],
"unlabeledTemplateRelationSymbolNumber_Term_splitClauses_1":["34"],
"predicateGeneratorTime_All_splitClauses_1":["10800000"],
"unlabeledSingleVariableTemplatesNumber_Random_splitClauses_0":["933"],
"predicateGeneratorTime_Unlabeled_splitClauses_1":["781"],
"cegarIterationNumber_PredictedCDHG_splitClauses_0":["10800000"],
"labeledTemplateNumber_RelationalEqs_splitClauses_0":["50"],
"labeledTemplateRelationSymbolNumber_Mined_splitClauses_1":["17"],
"labeledTemplateRelationSymbolNumber_Random_splitClauses_0":["17"],
"labeledBinaryVariableTemplatesNumber_RelationalEqs_splitClauses_1":["50"],
"generatedPredicateNumber_RelationalIneqs_splitClauses_1":["40"],
"unlabeledTemplateRelationSymbolNumber_PredictedCG_splitClauses_1":["34"],
"unlabeledSingleVariableTemplatesNumber_RelationalEqs_splitClauses_0":["933"],
"labeledBinaryVariableTemplatesNumber_Labeled_splitClauses_0":["50"],
"minedBinaryVariableTemplatesNumber_PredictedCDHG_splitClauses_0":["50"],
"unlabeledTemplateRelationSymbolNumber_Unlabeled_splitClauses_0":["34"],
"clauseNumberAfterSimplification_Term_splitClauses_1":["106"],
"unlabeledTemplateNumber_Octagon_splitClauses_0":["2577"],
"unlabeledBinaryVariableTemplatesNumber_RelationalEqs_splitClauses_1":["1644"],
"unlabeledTemplateNumber_PredictedCG_splitClauses_0":["2577"],
"unlabeledTemplateNumber_All_splitClauses_0":["2577"],
"labeledTemplateRelationSymbolNumber_RelationalIneqs_splitClauses_1":["17"],
"unlabeledSingleVariableTemplatesNumber_Mined_splitClauses_1":["933"],
"labeledTemplateRelationSymbolNumber_Unlabeled_splitClauses_1":["17"],
"labeledBinaryVariableTemplatesNumber_Random_splitClauses_1":["50"],
"solvability_Random_splitClauses_1":["1"],
"solvingTime_Term_splitClauses_0":["10800000"],
"minedSingleVariableTemplatesNumber_Labeled_splitClauses_1":["317"],
"clauseNumberBeforeSimplification_Term_splitClauses_0":["137"],
"relationSymbolNumberBeforeSimplification_RelationalIneqs_splitClauses_1":["304"],
"minedTemplateRelationSymbolNumber_Mined_splitClauses_0":["34"],
"solvability_Octagon_splitClauses_1":["1"],
"minedSingleVariableTemplatesNumber_RelationalIneqs_splitClauses_1":["317"],
"smt2FileSizeByte_Labeled_splitClauses_0":["87447"],
"solvability_RelationalEqs_splitClauses_1":["1"],
"unlabeledSingleVariableTemplatesNumber_Empty_splitClauses_1":["933"],
"labeledTemplateNumber_PredictedCDHG_splitClauses_1":["50"],
"minedTemplateRelationSymbolNumber_Octagon_splitClauses_0":["34"],
"clauseNumberAfterSimplification_Unlabeled_splitClauses_0":["106"],
"clauseNumberBeforeSimplification_Unlabeled_splitClauses_0":["137"],
"clauseNumberBeforeSimplification_PredictedCDHG_splitClauses_0":["137"],
"cegarIterationNumber_RelationalIneqs_splitClauses_0":["10800000"],
"labeledTemplateRelationSymbolNumber_RelationalEqs_splitClauses_0":["17"],
"averagePredicateSize_Labeled_splitClauses_0":["10800000"],
"smt2FileSizeByte_RelationalIneqs_splitClauses_1":["87447"],
"clauseNumberBeforeSimplification_RelationalEqs_splitClauses_1":["137"],
"unlabeledTemplateRelationSymbolNumber_RelationalIneqs_splitClauses_1":["34"],
"clauseNumberBeforeSimplification_PredictedCG_splitClauses_0":["137"],
"solvingTime_PredictedCDHG_splitClauses_0":["10800000"],
"labeledTemplateRelationSymbolNumber_Octagon_splitClauses_1":["17"],
"minedTemplateRelationSymbolNumber_PredictedCG_splitClauses_1":["34"],
"relationSymbolNumberBeforeSimplification_RelationalEqs_splitClauses_1":["304"],
"labeledTemplateNumber_Random_splitClauses_1":["50"],
"solvingTime_RelationalIneqs_splitClauses_0":["10800000"],
"labeledTemplateNumber_All_splitClauses_1":["50"],
"unlabeledTemplateNumber_Random_splitClauses_1":["2577"],
"relationSymbolNumberBeforeSimplification_All_splitClauses_0":["304"],
"smt2FileSizeByte_Unlabeled_splitClauses_1":["87447"],
"cegarIterationNumber_PredictedCG_splitClauses_0":["10800000"],
"predicateGeneratorTime_Octagon_splitClauses_0":["10800000"],
"unlabeledTemplateNumber_RelationalEqs_splitClauses_1":["2577"],
"clauseNumberAfterSimplification_Octagon_splitClauses_0":["106"],
"cegarIterationNumber_Random_splitClauses_0":["10800000"],
"solvability_PredictedCDHG_splitClauses_1":["10800000"],
"solvability_PredictedCG_splitClauses_0":["10800000"],
"solvingTime_PredictedCG_splitClauses_1":["10800000"],
"unlabeledSingleVariableTemplatesNumber_Unlabeled_splitClauses_0":["933"],
"unlabeledTemplateNumber_Unlabeled_splitClauses_0":["2577"],
"labeledTemplateRelationSymbolNumber_RelationalIneqs_splitClauses_0":["17"],
"minedTemplateNumber_Random_splitClauses_1":["367"],
"generatedPredicateNumber_RelationalEqs_splitClauses_0":["10800000"],
"minedTemplateNumber_Term_splitClauses_0":["367"],
"solvingTime_All_splitClauses_1":["10800000"],
"minedSingleVariableTemplatesNumber_PredictedCG_splitClauses_0":["317"],
"smt2FileSizeByte_Term_splitClauses_1":["87447"],
"labeledBinaryVariableTemplatesNumber_All_splitClauses_0":["50"],
"minedTemplateNumber_PredictedCDHG_splitClauses_1":["367"],
"minedTemplateRelationSymbolNumber_PredictedCDHG_splitClauses_0":["34"],
"averagePredicateSize_Unlabeled_splitClauses_0":["10800000"],
"minedBinaryVariableTemplatesNumber_Octagon_splitClauses_1":["50"],
"unlabeledSingleVariableTemplatesNumber_Random_splitClauses_1":["933"],
"clauseNumberBeforeSimplification_Random_splitClauses_0":["137"],
"solvingTime_Unlabeled_splitClauses_1":["1097"],
"predicateGeneratorTime_PredictedCDHG_splitClauses_1":["10800000"],
"averagePredicateSize_PredictedCDHG_splitClauses_0":["10800000"],
"relationSymbolNumberAfterSimplification_RelationalEqs_splitClauses_0":["178"],
"minedBinaryVariableTemplatesNumber_Term_splitClauses_0":["50"],
"labeledTemplateNumber_RelationalIneqs_splitClauses_0":["50"],
"clauseNumberAfterSimplification_Random_splitClauses_0":["106"],
"clauseNumberAfterSimplification_PredictedCG_splitClauses_0":["106"],
"generatedPredicateNumber_Empty_splitClauses_1":["40"],
"clauseNumberBeforeSimplification_Octagon_splitClauses_0":["137"],
"unlabeledTemplateNumber_Empty_splitClauses_0":["2577"],
"minedSingleVariableTemplatesNumber_All_splitClauses_0":["317"],
"labeledTemplateRelationSymbolNumber_Octagon_splitClauses_0":["17"],
"generatedPredicateNumber_Random_splitClauses_1":["40"],
"clauseNumberAfterSimplification_RelationalEqs_splitClauses_0":["106"],
"labeledBinaryVariableTemplatesNumber_Term_splitClauses_0":["50"],
"minedSingleVariableTemplatesNumber_RelationalEqs_splitClauses_0":["317"],
"minedTemplateNumber_Mined_splitClauses_0":["367"],
"relationSymbolNumberBeforeSimplification_PredictedCG_splitClauses_0":["304"],
"averagePredicateSize_Octagon_splitClauses_0":["10800000"],
"unlabeledBinaryVariableTemplatesNumber_Empty_splitClauses_1":["1644"],
"unlabeledSingleVariableTemplatesNumber_PredictedCDHG_splitClauses_0":["933"],
"unlabeledSingleVariableTemplatesNumber_PredictedCG_splitClauses_1":["933"],
"labeledTemplateRelationSymbolNumber_Labeled_splitClauses_1":["17"],
"minedTemplateRelationSymbolNumber_Random_splitClauses_0":["34"],
"unlabeledTemplateRelationSymbolNumber_PredictedCG_splitClauses_0":["34"],
"unlabeledTemplateNumber_RelationalIneqs_splitClauses_0":["2577"],
"unlabeledSingleVariableTemplatesNumber_Labeled_splitClauses_0":["933"],
"relationSymbolNumberAfterSimplification_PredictedCG_splitClauses_0":["178"],
"minedTemplateNumber_Unlabeled_splitClauses_1":["367"],
"generatedPredicateNumber_PredictedCG_splitClauses_0":["10800000"],
"labeledTemplateNumber_Unlabeled_splitClauses_1":["50"],
"unlabeledTemplateRelationSymbolNumber_Empty_splitClauses_1":["34"],
"clauseNumberBeforeSimplification_Empty_splitClauses_0":["137"],
"solvingTime_Octagon_splitClauses_1":["1176"],
"cegarIterationNumber_Mined_splitClauses_1":["14"],
"clauseNumberBeforeSimplification_Mined_splitClauses_1":["137"],
"smt2FileSizeByte_PredictedCDHG_splitClauses_0":["87447"],
"averagePredicateSize_PredictedCG_splitClauses_0":["10800000"],
"solvingTime_Random_splitClauses_0":["10800000"],
"minedTemplateNumber_RelationalEqs_splitClauses_0":["367"],
"unlabeledSingleVariableTemplatesNumber_RelationalIneqs_splitClauses_0":["933"],
"unlabeledTemplateNumber_Unlabeled_splitClauses_1":["2577"],
"labeledBinaryVariableTemplatesNumber_RelationalEqs_splitClauses_0":["50"],
"generatedPredicateNumber_PredictedCDHG_splitClauses_0":["10800000"],
"relationSymbolNumberAfterSimplification_RelationalIneqs_splitClauses_0":["178"],
"minedTemplateRelationSymbolNumber_Empty_splitClauses_1":["34"],
"predicateGeneratorTime_Random_splitClauses_1":["624"],
"labeledTemplateNumber_Term_splitClauses_1":["50"],
"relationSymbolNumberBeforeSimplification_RelationalEqs_splitClauses_0":["304"],
"minedSingleVariableTemplatesNumber_Empty_splitClauses_1":["317"],
"minedSingleVariableTemplatesNumber_RelationalIneqs_splitClauses_0":["317"],
"clauseNumberAfterSimplification_All_splitClauses_0":["106"],
"unlabeledBinaryVariableTemplatesNumber_RelationalEqs_splitClauses_0":["1644"],
"cegarIterationNumber_RelationalEqs_splitClauses_0":["10800000"],
"labeledTemplateRelationSymbolNumber_PredictedCDHG_splitClauses_0":["17"],
"labeledSingleVariableTemplatesNumber_Labeled_splitClauses_1":["0"],
"unlabeledBinaryVariableTemplatesNumber_All_splitClauses_1":["1644"],
"minedTemplateRelationSymbolNumber_Unlabeled_splitClauses_1":["34"],
"solvingTime_RelationalEqs_splitClauses_0":["10800000"],
"solvingTime_RelationalEqs_splitClauses_1":["964"],
"minedBinaryVariableTemplatesNumber_Mined_splitClauses_0":["50"],
"clauseNumberBeforeSimplification_All_splitClauses_0":["137"],
"clauseNumberBeforeSimplification_RelationalIneqs_splitClauses_1":["137"],
"labeledTemplateNumber_RelationalEqs_splitClauses_1":["50"],
"labeledBinaryVariableTemplatesNumber_RelationalIneqs_splitClauses_0":["50"],
"relationSymbolNumberBeforeSimplification_Labeled_splitClauses_0":["304"],
"clauseNumberAfterSimplification_Empty_splitClauses_0":["106"],
"averagePredicateSize_Empty_splitClauses_0":["10800000"],
"unlabeledTemplateNumber_Term_splitClauses_1":["2577"],
"predicateGeneratorTime_Mined_splitClauses_1":["836"],
"labeledBinaryVariableTemplatesNumber_RelationalIneqs_splitClauses_1":["50"],
"predicateGeneratorTime_Unlabeled_splitClauses_0":["10800000"],
"relationSymbolNumberAfterSimplification_Empty_splitClauses_0":["178"],
"generatedPredicateNumber_Mined_splitClauses_0":["10800000"],
"generatedPredicateNumber_RelationalEqs_splitClauses_1":["40"],
"labeledTemplateRelationSymbolNumber_PredictedCG_splitClauses_0":["17"],
"minedSingleVariableTemplatesNumber_PredictedCG_splitClauses_1":["317"],
"minedTemplateRelationSymbolNumber_PredictedCG_splitClauses_0":["34"],
"unlabeledTemplateRelationSymbolNumber_Labeled_splitClauses_0":["34"],
"solvability_Empty_splitClauses_1":["1"],
"averagePredicateSize_Term_splitClauses_0":["10800000"],
"cegarIterationNumber_Random_splitClauses_1":["14"],
"averagePredicateSize_Labeled_splitClauses_1":["1"],
"unlabeledBinaryVariableTemplatesNumber_Unlabeled_splitClauses_0":["1644"],
"generatedPredicateNumber_Unlabeled_splitClauses_1":["40"],
"predicateGeneratorTime_All_splitClauses_0":["10800000"],
"unlabeledBinaryVariableTemplatesNumber_PredictedCDHG_splitClauses_1":["1644"],
"clauseNumberBeforeSimplification_Labeled_splitClauses_1":["137"],
"minedBinaryVariableTemplatesNumber_Labeled_splitClauses_1":["50"],
"labeledSingleVariableTemplatesNumber_All_splitClauses_0":["0"],
"unlabeledTemplateRelationSymbolNumber_Mined_splitClauses_0":["34"],
"cegarIterationNumber_Octagon_splitClauses_1":["14"],
"labeledTemplateNumber_Octagon_splitClauses_0":["50"],
"labeledTemplateRelationSymbolNumber_All_splitClauses_1":["17"],
"smt2FileSizeByte_Empty_splitClauses_0":["87447"],
"unlabeledTemplateNumber_Octagon_splitClauses_1":["2577"],
"predicateGeneratorTime_RelationalEqs_splitClauses_0":["10800000"],
"unlabeledTemplateRelationSymbolNumber_RelationalIneqs_splitClauses_0":["34"],
"smt2FileSizeByte_RelationalEqs_splitClauses_1":["87447"],
"unlabeledTemplateNumber_Labeled_splitClauses_0":["2577"],
"minedSingleVariableTemplatesNumber_Labeled_splitClauses_0":["317"],
"solvingTime_PredictedCDHG_splitClauses_1":["10800000"],
"relationSymbolNumberBeforeSimplification_Term_splitClauses_1":["304"],
"minedTemplateNumber_Octagon_splitClauses_1":["367"],
"clauseNumberBeforeSimplification_Mined_splitClauses_0":["137"],
"smt2FileSizeByte_All_splitClauses_0":["87447"],
"solvingTime_All_splitClauses_0":["10800000"],
"minedBinaryVariableTemplatesNumber_Term_splitClauses_1":["50"],
"unlabeledTemplateRelationSymbolNumber_Random_splitClauses_0":["34"],
"cegarIterationNumber_All_splitClauses_0":["10800000"],
"smt2FileSizeByte_RelationalEqs_splitClauses_0":["87447"],
"unlabeledSingleVariableTemplatesNumber_PredictedCDHG_splitClauses_1":["933"],
"clauseNumberBeforeSimplification_Labeled_splitClauses_0":["137"],
"cegarIterationNumber_PredictedCG_splitClauses_1":["10800000"],
"labeledTemplateRelationSymbolNumber_Unlabeled_splitClauses_0":["17"],
"unlabeledTemplateRelationSymbolNumber_Octagon_splitClauses_1":["34"],
"unlabeledTemplateNumber_Empty_splitClauses_1":["2577"],
"clauseNumberBeforeSimplification_Octagon_splitClauses_1":["137"],
"labeledTemplateNumber_Unlabeled_splitClauses_0":["50"],
"labeledBinaryVariableTemplatesNumber_PredictedCG_splitClauses_0":["50"],
"solvability_Term_splitClauses_1":["1"],
"solvability_Octagon_splitClauses_0":["10800000"],
"minedTemplateRelationSymbolNumber_RelationalIneqs_splitClauses_0":["34"],
"clauseNumberBeforeSimplification_RelationalIneqs_splitClauses_0":["137"],
"labeledTemplateNumber_PredictedCG_splitClauses_0":["50"],
"cegarIterationNumber_Labeled_splitClauses_0":["10800000"],
"smt2FileSizeByte_Labeled_splitClauses_1":["87447"],
"clauseNumberBeforeSimplification_Unlabeled_splitClauses_1":["137"],
"generatedPredicateNumber_Term_splitClauses_1":["40"],
"solvingTime_Term_splitClauses_1":["705"],
"unlabeledBinaryVariableTemplatesNumber_Random_splitClauses_1":["1644"],
"unlabeledSingleVariableTemplatesNumber_Octagon_splitClauses_0":["933"],
"solvingTime_Octagon_splitClauses_0":["10800000"],
"labeledSingleVariableTemplatesNumber_Mined_splitClauses_1":["0"],
"averagePredicateSize_Term_splitClauses_1":["1"],
"labeledTemplateNumber_Labeled_splitClauses_0":["50"],
"unlabeledSingleVariableTemplatesNumber_PredictedCG_splitClauses_0":["933"],
"smt2FileSizeByte_Mined_splitClauses_1":["87447"],
"labeledBinaryVariableTemplatesNumber_Unlabeled_splitClauses_1":["50"],
"labeledTemplateNumber_All_splitClauses_0":["50"],
"unlabeledTemplateNumber_Random_splitClauses_0":["2577"],
"labeledTemplateNumber_Octagon_splitClauses_1":["50"],
"unlabeledTemplateNumber_PredictedCDHG_splitClauses_1":["2577"],
"unlabeledBinaryVariableTemplatesNumber_Mined_splitClauses_0":["1644"],
"minedTemplateRelationSymbolNumber_Mined_splitClauses_1":["34"],
"labeledTemplateNumber_RelationalIneqs_splitClauses_1":["50"],
"relationSymbolNumberAfterSimplification_All_splitClauses_0":["178"],
"relationSymbolNumberBeforeSimplification_PredictedCDHG_splitClauses_0":["304"],
"solvability_Term_splitClauses_0":["10800000"],
"clauseNumberBeforeSimplification_PredictedCG_splitClauses_1":["137"],
"generatedPredicateNumber_Labeled_splitClauses_1":["40"],
"labeledSingleVariableTemplatesNumber_Unlabeled_splitClauses_0":["0"],
"unlabeledBinaryVariableTemplatesNumber_Empty_splitClauses_0":["1644"],
"solvingTime_Mined_splitClauses_0":["10800000"],
"unlabeledTemplateNumber_All_splitClauses_1":["2577"],
"clauseNumberAfterSimplification_Random_splitClauses_1":["106"],
"labeledBinaryVariableTemplatesNumber_Octagon_splitClauses_1":["50"],
"unlabeledBinaryVariableTemplatesNumber_Labeled_splitClauses_0":["1644"],
"smt2FileSizeByte_Octagon_splitClauses_0":["87447"],
"labeledSingleVariableTemplatesNumber_Random_splitClauses_1":["0"],
"solvability_Unlabeled_splitClauses_0":["10800000"],
"solvingTime_Unlabeled_splitClauses_0":["10800000"],
"unlabeledTemplateRelationSymbolNumber_All_splitClauses_1":["34"],
"minedTemplateNumber_Empty_splitClauses_1":["367"],
"solvability_RelationalIneqs_splitClauses_0":["10800000"],
"unlabeledTemplateRelationSymbolNumber_Labeled_splitClauses_1":["34"],
"cegarIterationNumber_RelationalEqs_splitClauses_1":["14"],
"minedSingleVariableTemplatesNumber_RelationalEqs_splitClauses_1":["317"],
"clauseNumberAfterSimplification_PredictedCDHG_splitClauses_1":["106"],
"minedBinaryVariableTemplatesNumber_RelationalIneqs_splitClauses_1":["50"],
"unlabeledBinaryVariableTemplatesNumber_Mined_splitClauses_1":["1644"],
"unlabeledBinaryVariableTemplatesNumber_PredictedCDHG_splitClauses_0":["1644"],
"solvingTime_Empty_splitClauses_1":["913"],
"labeledTemplateRelationSymbolNumber_Empty_splitClauses_1":["17"],
"generatedPredicateNumber_Term_splitClauses_0":["10800000"],
"averagePredicateSize_Empty_splitClauses_1":["1"],
"generatedPredicateNumber_PredictedCG_splitClauses_1":["10800000"],
"labeledTemplateRelationSymbolNumber_PredictedCDHG_splitClauses_1":["17"],
"predicateGeneratorTime_Mined_splitClauses_0":["10800000"],
"relationSymbolNumberBeforeSimplification_Term_splitClauses_0":["304"],
"predicateGeneratorTime_Labeled_splitClauses_0":["10800000"],
"labeledSingleVariableTemplatesNumber_Random_splitClauses_0":["0"],
"unlabeledTemplateRelationSymbolNumber_All_splitClauses_0":["34"],
"minedBinaryVariableTemplatesNumber_Labeled_splitClauses_0":["50"],
"generatedPredicateNumber_Labeled_splitClauses_0":["10800000"],
"relationSymbolNumberAfterSimplification_Empty_splitClauses_1":["178"],
"solvingTime_Mined_splitClauses_1":["1220"],
"minedSingleVariableTemplatesNumber_All_splitClauses_1":["317"],
"predicateGeneratorTime_Random_splitClauses_0":["10800000"],
"cegarIterationNumber_Term_splitClauses_1":["14"],
"labeledTemplateNumber_Empty_splitClauses_1":["50"],
"clauseNumberAfterSimplification_Empty_splitClauses_1":["106"],
"minedTemplateRelationSymbolNumber_Empty_splitClauses_0":["34"],
"unlabeledSingleVariableTemplatesNumber_Term_splitClauses_0":["933"],
"minedSingleVariableTemplatesNumber_Empty_splitClauses_0":["317"],
"relationSymbolNumberAfterSimplification_Random_splitClauses_0":["178"],
"minedTemplateRelationSymbolNumber_RelationalEqs_splitClauses_0":["34"],
"cegarIterationNumber_Empty_splitClauses_0":["10800000"],
"minedBinaryVariableTemplatesNumber_RelationalEqs_splitClauses_1":["50"],
"relationSymbolNumberBeforeSimplification_PredictedCG_splitClauses_1":["304"],
"labeledSingleVariableTemplatesNumber_All_splitClauses_1":["0"],
"unlabeledTemplateRelationSymbolNumber_Octagon_splitClauses_0":["34"],
"minedTemplateRelationSymbolNumber_Unlabeled_splitClauses_0":["34"],
"labeledBinaryVariableTemplatesNumber_Mined_splitClauses_0":["50"],
"relationSymbolNumberAfterSimplification_Unlabeled_splitClauses_1":["178"],
"minedTemplateNumber_PredictedCG_splitClauses_1":["367"],
"cegarIterationNumber_Empty_splitClauses_1":["14"],
"averagePredicateSize_RelationalIneqs_splitClauses_0":["10800000"],
"solvability_All_splitClauses_1":["10800000"],
"unlabeledBinaryVariableTemplatesNumber_Term_splitClauses_1":["1644"],
"minedTemplateRelationSymbolNumber_Labeled_splitClauses_1":["34"],
"averagePredicateSize_Unlabeled_splitClauses_1":["1"],
"labeledTemplateNumber_Term_splitClauses_0":["50"],
"smt2FileSizeByte_Empty_splitClauses_1":["87447"],
"solvingTime_PredictedCG_splitClauses_0":["10800000"],
"cegarIterationNumber_All_splitClauses_1":["10800000"],
"clauseNumberBeforeSimplification_Term_splitClauses_1":["137"],
"predicateGeneratorTime_Empty_splitClauses_0":["10800000"],
"relationSymbolNumberBeforeSimplification_Empty_splitClauses_1":["304"],
"averagePredicateSize_All_splitClauses_0":["10800000"],
"unlabeledBinaryVariableTemplatesNumber_Random_splitClauses_0":["1644"],
"smt2FileSizeByte_Term_splitClauses_0":["87447"],
"averagePredicateSize_Mined_splitClauses_1":["1"],
"minedBinaryVariableTemplatesNumber_Empty_splitClauses_0":["50"],
"minedTemplateRelationSymbolNumber_All_splitClauses_1":["34"],
"labeledSingleVariableTemplatesNumber_PredictedCG_splitClauses_0":["0"],
"unlabeledBinaryVariableTemplatesNumber_RelationalIneqs_splitClauses_0":["1644"],
"unlabeledSingleVariableTemplatesNumber_RelationalIneqs_splitClauses_1":["933"],
"clauseNumberAfterSimplification_RelationalIneqs_splitClauses_0":["106"],
"unlabeledTemplateNumber_RelationalEqs_splitClauses_0":["2577"],
"unlabeledTemplateNumber_RelationalIneqs_splitClauses_1":["2577"],
"labeledTemplateRelationSymbolNumber_PredictedCG_splitClauses_1":["17"],
"labeledTemplateRelationSymbolNumber_All_splitClauses_0":["17"],
"labeledSingleVariableTemplatesNumber_Octagon_splitClauses_0":["0"],
"dummyFiled":[]
}