{
"smt2FileSizeByte_All_splitClauses_1":["774420"],
"generatedPredicateNumber_All_splitClauses_1":["10800000"],
"unlabeledTemplateRelationSymbolNumber_PredictedCDHG_splitClauses_0":["344"],
"predicateGeneratorTime_Term_splitClauses_0":["10800000"],
"averagePredicateSize_Random_splitClauses_1":["10800000"],
"labeledBinaryVariableTemplatesNumber_Labeled_splitClauses_1":["251"],
"clauseNumberBeforeSimplification_All_splitClauses_1":["935"],
"minedTemplateRelationSymbolNumber_Term_splitClauses_0":["344"],
"solvingTime_Labeled_splitClauses_1":["10800000"],
"unlabeledTemplateNumber_Labeled_splitClauses_1":["23513"],
"relationSymbolNumber_Term_splitClauses_1":["1760"],
"minedTemplateRelationSymbolNumber_Octagon_splitClauses_1":["344"],
"clauseNumberAfterSimplification_Mined_splitClauses_1":["952"],
"unlabeledBinaryVariableTemplatesNumber_Term_splitClauses_0":["14892"],
"labeledTemplateNumber_PredictedCDHG_splitClauses_0":["277"],
"relationSymbolNumber_RelationalEqs_splitClauses_1":["1760"],
"solvability_Empty_splitClauses_0":["10800000"],
"unlabeledTemplateRelationSymbolNumber_Random_splitClauses_1":["344"],
"labeledBinaryVariableTemplatesNumber_Octagon_splitClauses_0":["251"],
"minedTemplateRelationSymbolNumber_Random_splitClauses_1":["344"],
"unlabeledSingleVariableTemplatesNumber_Mined_splitClauses_0":["8621"],
"unlabeledBinaryVariableTemplatesNumber_PredictedCG_splitClauses_1":["14892"],
"solvability_All_splitClauses_0":["10800000"],
"predicateGeneratorTime_RelationalEqs_splitClauses_1":["10800000"],
"smt2FileSizeByte_PredictedCG_splitClauses_1":["774420"],
"labeledSingleVariableTemplatesNumber_Unlabeled_splitClauses_1":["26"],
"labeledBinaryVariableTemplatesNumber_PredictedCG_splitClauses_1":["251"],
"minedBinaryVariableTemplatesNumber_PredictedCG_splitClauses_0":["251"],
"solvability_Random_splitClauses_0":["10800000"],
"clauseNumberBeforeSimplification_PredictedCDHG_splitClauses_1":["935"],
"labeledSingleVariableTemplatesNumber_Mined_splitClauses_0":["26"],
"solvability_Unlabeled_splitClauses_1":["10800000"],
"cegarIterationNumber_Labeled_splitClauses_1":["10800000"],
"smt2FileSizeByte_Mined_splitClauses_0":["774420"],
"labeledSingleVariableTemplatesNumber_PredictedCG_splitClauses_1":["26"],
"smt2FileSizeByte_Octagon_splitClauses_1":["774420"],
"minedTemplateNumber_Labeled_splitClauses_1":["3220"],
"labeledSingleVariableTemplatesNumber_RelationalIneqs_splitClauses_1":["26"],
"clauseNumberAfterSimplification_Labeled_splitClauses_1":["952"],
"smt2FileSizeByte_Random_splitClauses_0":["774420"],
"unlabeledTemplateRelationSymbolNumber_PredictedCDHG_splitClauses_1":["344"],
"labeledSingleVariableTemplatesNumber_Term_splitClauses_0":["26"],
"generatedPredicateNumber_PredictedCDHG_splitClauses_1":["10800000"],
"minedSingleVariableTemplatesNumber_Unlabeled_splitClauses_0":["2969"],
"generatedPredicateNumber_Octagon_splitClauses_1":["10800000"],
"labeledSingleVariableTemplatesNumber_RelationalEqs_splitClauses_0":["26"],
"predicateGeneratorTime_PredictedCG_splitClauses_1":["10800000"],
"labeledTemplateNumber_Labeled_splitClauses_1":["277"],
"labeledSingleVariableTemplatesNumber_Empty_splitClauses_0":["26"],
"minedTemplateRelationSymbolNumber_RelationalIneqs_splitClauses_1":["344"],
"unlabeledSingleVariableTemplatesNumber_All_splitClauses_1":["8621"],
"labeledBinaryVariableTemplatesNumber_PredictedCDHG_splitClauses_1":["251"],
"unlabeledSingleVariableTemplatesNumber_RelationalEqs_splitClauses_1":["8621"],
"cegarIterationNumber_Term_splitClauses_0":["10800000"],
"unlabeledBinaryVariableTemplatesNumber_Labeled_splitClauses_1":["14892"],
"unlabeledSingleVariableTemplatesNumber_Term_splitClauses_1":["8621"],
"clauseNumberAfterSimplification_All_splitClauses_1":["952"],
"minedSingleVariableTemplatesNumber_Random_splitClauses_0":["2969"],
"solvability_RelationalIneqs_splitClauses_1":["10800000"],
"minedTemplateNumber_Labeled_splitClauses_0":["3220"],
"minedSingleVariableTemplatesNumber_Octagon_splitClauses_0":["2969"],
"minedSingleVariableTemplatesNumber_Term_splitClauses_1":["2969"],
"minedBinaryVariableTemplatesNumber_PredictedCDHG_splitClauses_1":["251"],
"generatedPredicateNumber_Mined_splitClauses_1":["249"],
"relationSymbolNumber_Octagon_splitClauses_1":["1760"],
"relationSymbolNumber_Unlabeled_splitClauses_1":["1760"],
"labeledSingleVariableTemplatesNumber_RelationalIneqs_splitClauses_0":["26"],
"averagePredicateSize_Mined_splitClauses_0":["10800000"],
"cegarIterationNumber_Unlabeled_splitClauses_0":["10800000"],
"minedBinaryVariableTemplatesNumber_Random_splitClauses_0":["251"],
"labeledTemplateNumber_Mined_splitClauses_1":["277"],
"labeledBinaryVariableTemplatesNumber_Random_splitClauses_0":["251"],
"unlabeledTemplateRelationSymbolNumber_Unlabeled_splitClauses_1":["344"],
"cegarIterationNumber_Mined_splitClauses_0":["10800000"],
"minedTemplateRelationSymbolNumber_Labeled_splitClauses_0":["344"],
"unlabeledBinaryVariableTemplatesNumber_RelationalIneqs_splitClauses_1":["14892"],
"unlabeledBinaryVariableTemplatesNumber_Octagon_splitClauses_0":["14892"],
"solvability_Mined_splitClauses_0":["10800000"],
"averagePredicateSize_RelationalEqs_splitClauses_0":["10800000"],
"clauseNumberAfterSimplification_Term_splitClauses_0":["952"],
"unlabeledTemplateNumber_Mined_splitClauses_0":["23513"],
"unlabeledTemplateNumber_PredictedCDHG_splitClauses_0":["23513"],
"cegarIterationNumber_RelationalIneqs_splitClauses_1":["10800000"],
"minedBinaryVariableTemplatesNumber_Unlabeled_splitClauses_1":["251"],
"labeledTemplateNumber_PredictedCG_splitClauses_1":["277"],
"labeledTemplateRelationSymbolNumber_Mined_splitClauses_0":["96"],
"labeledBinaryVariableTemplatesNumber_Mined_splitClauses_1":["251"],
"clauseNumberAfterSimplification_RelationalIneqs_splitClauses_1":["952"],
"minedSingleVariableTemplatesNumber_PredictedCDHG_splitClauses_0":["2969"],
"solvability_Labeled_splitClauses_1":["10800000"],
"labeledSingleVariableTemplatesNumber_Octagon_splitClauses_1":["26"],
"averagePredicateSize_Random_splitClauses_0":["10800000"],
"smt2FileSizeByte_RelationalIneqs_splitClauses_0":["774420"],
"generatedPredicateNumber_Unlabeled_splitClauses_0":["10800000"],
"solvability_RelationalEqs_splitClauses_0":["10800000"],
"predicateGeneratorTime_Empty_splitClauses_1":["10800000"],
"minedSingleVariableTemplatesNumber_Mined_splitClauses_0":["2969"],
"minedTemplateRelationSymbolNumber_PredictedCDHG_splitClauses_1":["344"],
"minedTemplateNumber_PredictedCG_splitClauses_0":["3220"],
"averagePredicateSize_RelationalIneqs_splitClauses_1":["10800000"],
"labeledTemplateRelationSymbolNumber_Random_splitClauses_1":["96"],
"minedTemplateNumber_RelationalIneqs_splitClauses_0":["3220"],
"predicateGeneratorTime_RelationalIneqs_splitClauses_0":["10800000"],
"labeledTemplateRelationSymbolNumber_Empty_splitClauses_0":["96"],
"minedBinaryVariableTemplatesNumber_Octagon_splitClauses_0":["251"],
"relationSymbolNumber_Labeled_splitClauses_0":["1760"],
"labeledSingleVariableTemplatesNumber_Term_splitClauses_1":["26"],
"labeledBinaryVariableTemplatesNumber_Empty_splitClauses_0":["251"],
"minedTemplateNumber_Octagon_splitClauses_0":["3220"],
"labeledBinaryVariableTemplatesNumber_Unlabeled_splitClauses_0":["251"],
"clauseNumberAfterSimplification_PredictedCDHG_splitClauses_0":["952"],
"smt2FileSizeByte_PredictedCG_splitClauses_0":["774420"],
"minedBinaryVariableTemplatesNumber_RelationalEqs_splitClauses_0":["251"],
"labeledTemplateRelationSymbolNumber_RelationalEqs_splitClauses_1":["96"],
"minedBinaryVariableTemplatesNumber_Random_splitClauses_1":["251"],
"clauseNumberAfterSimplification_Unlabeled_splitClauses_1":["952"],
"minedSingleVariableTemplatesNumber_PredictedCDHG_splitClauses_1":["2969"],
"labeledBinaryVariableTemplatesNumber_Term_splitClauses_1":["251"],
"clauseNumberBeforeSimplification_Empty_splitClauses_1":["935"],
"minedBinaryVariableTemplatesNumber_Mined_splitClauses_1":["251"],
"unlabeledBinaryVariableTemplatesNumber_Unlabeled_splitClauses_1":["14892"],
"unlabeledTemplateNumber_PredictedCG_splitClauses_1":["23513"],
"generatedPredicateNumber_Empty_splitClauses_0":["10800000"],
"predicateGeneratorTime_RelationalIneqs_splitClauses_1":["10800000"],
"unlabeledSingleVariableTemplatesNumber_Empty_splitClauses_0":["8621"],
"cegarIterationNumber_Octagon_splitClauses_0":["10800000"],
"clauseNumberAfterSimplification_Octagon_splitClauses_1":["952"],
"unlabeledSingleVariableTemplatesNumber_Labeled_splitClauses_1":["8621"],
"clauseNumberBeforeSimplification_Random_splitClauses_1":["935"],
"minedTemplateRelationSymbolNumber_All_splitClauses_0":["344"],
"unlabeledTemplateRelationSymbolNumber_RelationalEqs_splitClauses_0":["344"],
"minedSingleVariableTemplatesNumber_Unlabeled_splitClauses_1":["2969"],
"clauseNumberBeforeSimplification_RelationalEqs_splitClauses_0":["935"],
"minedTemplateNumber_Unlabeled_splitClauses_0":["3220"],
"generatedPredicateNumber_Octagon_splitClauses_0":["10800000"],
"predicateGeneratorTime_PredictedCDHG_splitClauses_0":["10800000"],
"clauseNumberAfterSimplification_PredictedCG_splitClauses_1":["952"],
"labeledSingleVariableTemplatesNumber_RelationalEqs_splitClauses_1":["26"],
"smt2FileSizeByte_Random_splitClauses_1":["774420"],
"averagePredicateSize_PredictedCG_splitClauses_1":["10800000"],
"cegarIterationNumber_PredictedCDHG_splitClauses_1":["10800000"],
"clauseNumberAfterSimplification_RelationalEqs_splitClauses_1":["952"],
"minedBinaryVariableTemplatesNumber_Empty_splitClauses_1":["251"],
"minedTemplateNumber_PredictedCDHG_splitClauses_0":["3220"],
"labeledBinaryVariableTemplatesNumber_All_splitClauses_1":["251"],
"solvingTime_RelationalIneqs_splitClauses_1":["10800000"],
"unlabeledTemplateRelationSymbolNumber_RelationalEqs_splitClauses_1":["344"],
"smt2FileSizeByte_Unlabeled_splitClauses_0":["774420"],
"generatedPredicateNumber_All_splitClauses_0":["10800000"],
"predicateGeneratorTime_Octagon_splitClauses_1":["10800000"],
"solvability_Mined_splitClauses_1":["1"],
"minedTemplateRelationSymbolNumber_Term_splitClauses_1":["344"],
"clauseNumberAfterSimplification_Mined_splitClauses_0":["952"],
"solvability_PredictedCDHG_splitClauses_0":["10800000"],
"solvingTime_Empty_splitClauses_0":["10800000"],
"unlabeledSingleVariableTemplatesNumber_Unlabeled_splitClauses_1":["8621"],
"minedTemplateNumber_Term_splitClauses_1":["3220"],
"averagePredicateSize_Octagon_splitClauses_1":["10800000"],
"relationSymbolNumber_Empty_splitClauses_1":["1760"],
"unlabeledSingleVariableTemplatesNumber_Octagon_splitClauses_1":["8621"],
"minedTemplateRelationSymbolNumber_RelationalEqs_splitClauses_1":["344"],
"minedBinaryVariableTemplatesNumber_RelationalIneqs_splitClauses_0":["251"],
"predicateGeneratorTime_Term_splitClauses_1":["10800000"],
"solvingTime_Labeled_splitClauses_0":["10800000"],
"unlabeledBinaryVariableTemplatesNumber_PredictedCG_splitClauses_0":["14892"],
"minedTemplateNumber_All_splitClauses_0":["3220"],
"predicateGeneratorTime_Labeled_splitClauses_1":["10800000"],
"unlabeledTemplateRelationSymbolNumber_Empty_splitClauses_0":["344"],
"unlabeledTemplateNumber_Mined_splitClauses_1":["23513"],
"solvability_PredictedCG_splitClauses_1":["10800000"],
"unlabeledTemplateNumber_Term_splitClauses_0":["23513"],
"minedBinaryVariableTemplatesNumber_PredictedCG_splitClauses_1":["251"],
"labeledSingleVariableTemplatesNumber_PredictedCDHG_splitClauses_0":["26"],
"minedBinaryVariableTemplatesNumber_All_splitClauses_0":["251"],
"averagePredicateSize_PredictedCDHG_splitClauses_1":["10800000"],
"predicateGeneratorTime_PredictedCG_splitClauses_0":["10800000"],
"generatedPredicateNumber_RelationalIneqs_splitClauses_0":["10800000"],
"labeledTemplateNumber_Empty_splitClauses_0":["277"],
"unlabeledTemplateRelationSymbolNumber_Term_splitClauses_0":["344"],
"minedTemplateNumber_All_splitClauses_1":["3220"],
"labeledSingleVariableTemplatesNumber_Empty_splitClauses_1":["26"],
"minedBinaryVariableTemplatesNumber_Unlabeled_splitClauses_0":["251"],
"labeledTemplateNumber_Random_splitClauses_0":["277"],
"minedBinaryVariableTemplatesNumber_All_splitClauses_1":["251"],
"unlabeledSingleVariableTemplatesNumber_All_splitClauses_0":["8621"],
"smt2FileSizeByte_PredictedCDHG_splitClauses_1":["774420"],
"labeledBinaryVariableTemplatesNumber_PredictedCDHG_splitClauses_0":["251"],
"averagePredicateSize_RelationalEqs_splitClauses_1":["10800000"],
"minedSingleVariableTemplatesNumber_Term_splitClauses_0":["2969"],
"labeledTemplateRelationSymbolNumber_Term_splitClauses_1":["96"],
"generatedPredicateNumber_Random_splitClauses_0":["10800000"],
"labeledBinaryVariableTemplatesNumber_Empty_splitClauses_1":["251"],
"clauseNumberAfterSimplification_Labeled_splitClauses_0":["952"],
"labeledSingleVariableTemplatesNumber_Labeled_splitClauses_0":["26"],
"minedTemplateNumber_Mined_splitClauses_1":["3220"],
"labeledTemplateRelationSymbolNumber_Labeled_splitClauses_0":["96"],
"unlabeledTemplateRelationSymbolNumber_Mined_splitClauses_1":["344"],
"solvability_Labeled_splitClauses_0":["10800000"],
"minedTemplateNumber_RelationalEqs_splitClauses_1":["3220"],
"solvingTime_Random_splitClauses_1":["10800000"],
"minedTemplateNumber_Random_splitClauses_0":["3220"],
"cegarIterationNumber_Unlabeled_splitClauses_1":["10800000"],
"minedTemplateNumber_RelationalIneqs_splitClauses_1":["3220"],
"unlabeledBinaryVariableTemplatesNumber_Octagon_splitClauses_1":["14892"],
"minedSingleVariableTemplatesNumber_Octagon_splitClauses_1":["2969"],
"minedSingleVariableTemplatesNumber_Random_splitClauses_1":["2969"],
"averagePredicateSize_All_splitClauses_1":["10800000"],
"minedTemplateNumber_Empty_splitClauses_0":["3220"],
"labeledTemplateNumber_Mined_splitClauses_0":["277"],
"unlabeledBinaryVariableTemplatesNumber_All_splitClauses_0":["14892"],
"labeledSingleVariableTemplatesNumber_PredictedCDHG_splitClauses_1":["26"],
"minedSingleVariableTemplatesNumber_Mined_splitClauses_1":["2969"],
"labeledTemplateRelationSymbolNumber_Term_splitClauses_0":["96"],
"unlabeledTemplateRelationSymbolNumber_Term_splitClauses_1":["344"],
"predicateGeneratorTime_All_splitClauses_1":["10800000"],
"unlabeledSingleVariableTemplatesNumber_Random_splitClauses_0":["8621"],
"predicateGeneratorTime_Unlabeled_splitClauses_1":["10800000"],
"cegarIterationNumber_PredictedCDHG_splitClauses_0":["10800000"],
"labeledTemplateNumber_RelationalEqs_splitClauses_0":["277"],
"labeledTemplateRelationSymbolNumber_Mined_splitClauses_1":["96"],
"labeledTemplateRelationSymbolNumber_Random_splitClauses_0":["96"],
"labeledBinaryVariableTemplatesNumber_RelationalEqs_splitClauses_1":["251"],
"generatedPredicateNumber_RelationalIneqs_splitClauses_1":["10800000"],
"unlabeledTemplateRelationSymbolNumber_PredictedCG_splitClauses_1":["344"],
"unlabeledSingleVariableTemplatesNumber_RelationalEqs_splitClauses_0":["8621"],
"labeledBinaryVariableTemplatesNumber_Labeled_splitClauses_0":["251"],
"minedBinaryVariableTemplatesNumber_PredictedCDHG_splitClauses_0":["251"],
"unlabeledTemplateRelationSymbolNumber_Unlabeled_splitClauses_0":["344"],
"clauseNumberAfterSimplification_Term_splitClauses_1":["952"],
"relationSymbolNumber_RelationalIneqs_splitClauses_0":["1760"],
"unlabeledTemplateNumber_Octagon_splitClauses_0":["23513"],
"unlabeledBinaryVariableTemplatesNumber_RelationalEqs_splitClauses_1":["14892"],
"unlabeledTemplateNumber_PredictedCG_splitClauses_0":["23513"],
"unlabeledTemplateNumber_All_splitClauses_0":["23513"],
"labeledTemplateRelationSymbolNumber_RelationalIneqs_splitClauses_1":["96"],
"unlabeledSingleVariableTemplatesNumber_Mined_splitClauses_1":["8621"],
"labeledTemplateRelationSymbolNumber_Unlabeled_splitClauses_1":["96"],
"labeledBinaryVariableTemplatesNumber_Random_splitClauses_1":["251"],
"relationSymbolNumber_RelationalEqs_splitClauses_0":["1760"],
"solvability_Random_splitClauses_1":["10800000"],
"solvingTime_Term_splitClauses_0":["10800000"],
"minedSingleVariableTemplatesNumber_Labeled_splitClauses_1":["2969"],
"relationSymbolNumber_Random_splitClauses_0":["1760"],
"clauseNumberBeforeSimplification_Term_splitClauses_0":["935"],
"minedTemplateRelationSymbolNumber_Mined_splitClauses_0":["344"],
"solvability_Octagon_splitClauses_1":["10800000"],
"relationSymbolNumber_Labeled_splitClauses_1":["1760"],
"minedSingleVariableTemplatesNumber_RelationalIneqs_splitClauses_1":["2969"],
"smt2FileSizeByte_Labeled_splitClauses_0":["774420"],
"solvability_RelationalEqs_splitClauses_1":["10800000"],
"unlabeledSingleVariableTemplatesNumber_Empty_splitClauses_1":["8621"],
"labeledTemplateNumber_PredictedCDHG_splitClauses_1":["277"],
"minedTemplateRelationSymbolNumber_Octagon_splitClauses_0":["344"],
"clauseNumberAfterSimplification_Unlabeled_splitClauses_0":["952"],
"clauseNumberBeforeSimplification_Unlabeled_splitClauses_0":["935"],
"clauseNumberBeforeSimplification_PredictedCDHG_splitClauses_0":["935"],
"cegarIterationNumber_RelationalIneqs_splitClauses_0":["10800000"],
"relationSymbolNumber_All_splitClauses_0":["1760"],
"labeledTemplateRelationSymbolNumber_RelationalEqs_splitClauses_0":["96"],
"averagePredicateSize_Labeled_splitClauses_0":["10800000"],
"smt2FileSizeByte_RelationalIneqs_splitClauses_1":["774420"],
"clauseNumberBeforeSimplification_RelationalEqs_splitClauses_1":["935"],
"unlabeledTemplateRelationSymbolNumber_RelationalIneqs_splitClauses_1":["344"],
"clauseNumberBeforeSimplification_PredictedCG_splitClauses_0":["935"],
"solvingTime_PredictedCDHG_splitClauses_0":["10800000"],
"labeledTemplateRelationSymbolNumber_Octagon_splitClauses_1":["96"],
"minedTemplateRelationSymbolNumber_PredictedCG_splitClauses_1":["344"],
"labeledTemplateNumber_Random_splitClauses_1":["277"],
"solvingTime_RelationalIneqs_splitClauses_0":["10800000"],
"labeledTemplateNumber_All_splitClauses_1":["277"],
"unlabeledTemplateNumber_Random_splitClauses_1":["23513"],
"relationSymbolNumber_PredictedCDHG_splitClauses_1":["1760"],
"smt2FileSizeByte_Unlabeled_splitClauses_1":["774420"],
"cegarIterationNumber_PredictedCG_splitClauses_0":["10800000"],
"predicateGeneratorTime_Octagon_splitClauses_0":["10800000"],
"unlabeledTemplateNumber_RelationalEqs_splitClauses_1":["23513"],
"clauseNumberAfterSimplification_Octagon_splitClauses_0":["952"],
"cegarIterationNumber_Random_splitClauses_0":["10800000"],
"solvability_PredictedCDHG_splitClauses_1":["10800000"],
"solvability_PredictedCG_splitClauses_0":["10800000"],
"solvingTime_PredictedCG_splitClauses_1":["10800000"],
"unlabeledSingleVariableTemplatesNumber_Unlabeled_splitClauses_0":["8621"],
"unlabeledTemplateNumber_Unlabeled_splitClauses_0":["23513"],
"labeledTemplateRelationSymbolNumber_RelationalIneqs_splitClauses_0":["96"],
"minedTemplateNumber_Random_splitClauses_1":["3220"],
"relationSymbolNumber_PredictedCG_splitClauses_0":["1760"],
"generatedPredicateNumber_RelationalEqs_splitClauses_0":["10800000"],
"minedTemplateNumber_Term_splitClauses_0":["3220"],
"solvingTime_All_splitClauses_1":["10800000"],
"minedSingleVariableTemplatesNumber_PredictedCG_splitClauses_0":["2969"],
"smt2FileSizeByte_Term_splitClauses_1":["774420"],
"labeledBinaryVariableTemplatesNumber_All_splitClauses_0":["251"],
"minedTemplateNumber_PredictedCDHG_splitClauses_1":["3220"],
"minedTemplateRelationSymbolNumber_PredictedCDHG_splitClauses_0":["344"],
"averagePredicateSize_Unlabeled_splitClauses_0":["10800000"],
"minedBinaryVariableTemplatesNumber_Octagon_splitClauses_1":["251"],
"unlabeledSingleVariableTemplatesNumber_Random_splitClauses_1":["8621"],
"clauseNumberBeforeSimplification_Random_splitClauses_0":["935"],
"solvingTime_Unlabeled_splitClauses_1":["10800000"],
"predicateGeneratorTime_PredictedCDHG_splitClauses_1":["10800000"],
"averagePredicateSize_PredictedCDHG_splitClauses_0":["10800000"],
"minedBinaryVariableTemplatesNumber_Term_splitClauses_0":["251"],
"labeledTemplateNumber_RelationalIneqs_splitClauses_0":["277"],
"clauseNumberAfterSimplification_Random_splitClauses_0":["952"],
"clauseNumberAfterSimplification_PredictedCG_splitClauses_0":["952"],
"generatedPredicateNumber_Empty_splitClauses_1":["10800000"],
"clauseNumberBeforeSimplification_Octagon_splitClauses_0":["935"],
"unlabeledTemplateNumber_Empty_splitClauses_0":["23513"],
"minedSingleVariableTemplatesNumber_All_splitClauses_0":["2969"],
"labeledTemplateRelationSymbolNumber_Octagon_splitClauses_0":["96"],
"generatedPredicateNumber_Random_splitClauses_1":["10800000"],
"clauseNumberAfterSimplification_RelationalEqs_splitClauses_0":["952"],
"labeledBinaryVariableTemplatesNumber_Term_splitClauses_0":["251"],
"minedSingleVariableTemplatesNumber_RelationalEqs_splitClauses_0":["2969"],
"minedTemplateNumber_Mined_splitClauses_0":["3220"],
"averagePredicateSize_Octagon_splitClauses_0":["10800000"],
"unlabeledBinaryVariableTemplatesNumber_Empty_splitClauses_1":["14892"],
"relationSymbolNumber_Unlabeled_splitClauses_0":["1760"],
"unlabeledSingleVariableTemplatesNumber_PredictedCDHG_splitClauses_0":["8621"],
"unlabeledSingleVariableTemplatesNumber_PredictedCG_splitClauses_1":["8621"],
"labeledTemplateRelationSymbolNumber_Labeled_splitClauses_1":["96"],
"minedTemplateRelationSymbolNumber_Random_splitClauses_0":["344"],
"unlabeledTemplateRelationSymbolNumber_PredictedCG_splitClauses_0":["344"],
"unlabeledTemplateNumber_RelationalIneqs_splitClauses_0":["23513"],
"unlabeledSingleVariableTemplatesNumber_Labeled_splitClauses_0":["8621"],
"minedTemplateNumber_Unlabeled_splitClauses_1":["3220"],
"generatedPredicateNumber_PredictedCG_splitClauses_0":["10800000"],
"labeledTemplateNumber_Unlabeled_splitClauses_1":["277"],
"unlabeledTemplateRelationSymbolNumber_Empty_splitClauses_1":["344"],
"clauseNumberBeforeSimplification_Empty_splitClauses_0":["935"],
"solvingTime_Octagon_splitClauses_1":["10800000"],
"cegarIterationNumber_Mined_splitClauses_1":["128"],
"clauseNumberBeforeSimplification_Mined_splitClauses_1":["935"],
"smt2FileSizeByte_PredictedCDHG_splitClauses_0":["774420"],
"averagePredicateSize_PredictedCG_splitClauses_0":["10800000"],
"solvingTime_Random_splitClauses_0":["10800000"],
"minedTemplateNumber_RelationalEqs_splitClauses_0":["3220"],
"unlabeledSingleVariableTemplatesNumber_RelationalIneqs_splitClauses_0":["8621"],
"unlabeledTemplateNumber_Unlabeled_splitClauses_1":["23513"],
"labeledBinaryVariableTemplatesNumber_RelationalEqs_splitClauses_0":["251"],
"generatedPredicateNumber_PredictedCDHG_splitClauses_0":["10800000"],
"minedTemplateRelationSymbolNumber_Empty_splitClauses_1":["344"],
"predicateGeneratorTime_Random_splitClauses_1":["10800000"],
"labeledTemplateNumber_Term_splitClauses_1":["277"],
"minedSingleVariableTemplatesNumber_Empty_splitClauses_1":["2969"],
"minedSingleVariableTemplatesNumber_RelationalIneqs_splitClauses_0":["2969"],
"clauseNumberAfterSimplification_All_splitClauses_0":["952"],
"unlabeledBinaryVariableTemplatesNumber_RelationalEqs_splitClauses_0":["14892"],
"cegarIterationNumber_RelationalEqs_splitClauses_0":["10800000"],
"labeledTemplateRelationSymbolNumber_PredictedCDHG_splitClauses_0":["96"],
"labeledSingleVariableTemplatesNumber_Labeled_splitClauses_1":["26"],
"unlabeledBinaryVariableTemplatesNumber_All_splitClauses_1":["14892"],
"minedTemplateRelationSymbolNumber_Unlabeled_splitClauses_1":["344"],
"solvingTime_RelationalEqs_splitClauses_0":["10800000"],
"solvingTime_RelationalEqs_splitClauses_1":["10800000"],
"minedBinaryVariableTemplatesNumber_Mined_splitClauses_0":["251"],
"clauseNumberBeforeSimplification_All_splitClauses_0":["935"],
"clauseNumberBeforeSimplification_RelationalIneqs_splitClauses_1":["935"],
"labeledTemplateNumber_RelationalEqs_splitClauses_1":["277"],
"labeledBinaryVariableTemplatesNumber_RelationalIneqs_splitClauses_0":["251"],
"clauseNumberAfterSimplification_Empty_splitClauses_0":["952"],
"averagePredicateSize_Empty_splitClauses_0":["10800000"],
"relationSymbolNumber_PredictedCG_splitClauses_1":["1760"],
"unlabeledTemplateNumber_Term_splitClauses_1":["23513"],
"predicateGeneratorTime_Mined_splitClauses_1":["2590"],
"relationSymbolNumber_Mined_splitClauses_0":["1760"],
"labeledBinaryVariableTemplatesNumber_RelationalIneqs_splitClauses_1":["251"],
"predicateGeneratorTime_Unlabeled_splitClauses_0":["10800000"],
"generatedPredicateNumber_Mined_splitClauses_0":["10800000"],
"generatedPredicateNumber_RelationalEqs_splitClauses_1":["10800000"],
"labeledTemplateRelationSymbolNumber_PredictedCG_splitClauses_0":["96"],
"minedSingleVariableTemplatesNumber_PredictedCG_splitClauses_1":["2969"],
"minedTemplateRelationSymbolNumber_PredictedCG_splitClauses_0":["344"],
"unlabeledTemplateRelationSymbolNumber_Labeled_splitClauses_0":["344"],
"solvability_Empty_splitClauses_1":["10800000"],
"averagePredicateSize_Term_splitClauses_0":["10800000"],
"cegarIterationNumber_Random_splitClauses_1":["10800000"],
"relationSymbolNumber_All_splitClauses_1":["1760"],
"averagePredicateSize_Labeled_splitClauses_1":["10800000"],
"unlabeledBinaryVariableTemplatesNumber_Unlabeled_splitClauses_0":["14892"],
"generatedPredicateNumber_Unlabeled_splitClauses_1":["10800000"],
"predicateGeneratorTime_All_splitClauses_0":["10800000"],
"unlabeledBinaryVariableTemplatesNumber_PredictedCDHG_splitClauses_1":["14892"],
"clauseNumberBeforeSimplification_Labeled_splitClauses_1":["935"],
"minedBinaryVariableTemplatesNumber_Labeled_splitClauses_1":["251"],
"labeledSingleVariableTemplatesNumber_All_splitClauses_0":["26"],
"unlabeledTemplateRelationSymbolNumber_Mined_splitClauses_0":["344"],
"cegarIterationNumber_Octagon_splitClauses_1":["10800000"],
"labeledTemplateNumber_Octagon_splitClauses_0":["277"],
"labeledTemplateRelationSymbolNumber_All_splitClauses_1":["96"],
"smt2FileSizeByte_Empty_splitClauses_0":["774420"],
"relationSymbolNumber_RelationalIneqs_splitClauses_1":["1760"],
"unlabeledTemplateNumber_Octagon_splitClauses_1":["23513"],
"predicateGeneratorTime_RelationalEqs_splitClauses_0":["10800000"],
"unlabeledTemplateRelationSymbolNumber_RelationalIneqs_splitClauses_0":["344"],
"smt2FileSizeByte_RelationalEqs_splitClauses_1":["774420"],
"unlabeledTemplateNumber_Labeled_splitClauses_0":["23513"],
"relationSymbolNumber_Random_splitClauses_1":["1760"],
"minedSingleVariableTemplatesNumber_Labeled_splitClauses_0":["2969"],
"solvingTime_PredictedCDHG_splitClauses_1":["10800000"],
"minedTemplateNumber_Octagon_splitClauses_1":["3220"],
"clauseNumberBeforeSimplification_Mined_splitClauses_0":["935"],
"smt2FileSizeByte_All_splitClauses_0":["774420"],
"solvingTime_All_splitClauses_0":["10800000"],
"minedBinaryVariableTemplatesNumber_Term_splitClauses_1":["251"],
"unlabeledTemplateRelationSymbolNumber_Random_splitClauses_0":["344"],
"cegarIterationNumber_All_splitClauses_0":["10800000"],
"smt2FileSizeByte_RelationalEqs_splitClauses_0":["774420"],
"unlabeledSingleVariableTemplatesNumber_PredictedCDHG_splitClauses_1":["8621"],
"clauseNumberBeforeSimplification_Labeled_splitClauses_0":["935"],
"cegarIterationNumber_PredictedCG_splitClauses_1":["10800000"],
"labeledTemplateRelationSymbolNumber_Unlabeled_splitClauses_0":["96"],
"unlabeledTemplateRelationSymbolNumber_Octagon_splitClauses_1":["344"],
"unlabeledTemplateNumber_Empty_splitClauses_1":["23513"],
"clauseNumberBeforeSimplification_Octagon_splitClauses_1":["935"],
"labeledTemplateNumber_Unlabeled_splitClauses_0":["277"],
"labeledBinaryVariableTemplatesNumber_PredictedCG_splitClauses_0":["251"],
"solvability_Term_splitClauses_1":["10800000"],
"solvability_Octagon_splitClauses_0":["10800000"],
"minedTemplateRelationSymbolNumber_RelationalIneqs_splitClauses_0":["344"],
"clauseNumberBeforeSimplification_RelationalIneqs_splitClauses_0":["935"],
"labeledTemplateNumber_PredictedCG_splitClauses_0":["277"],
"cegarIterationNumber_Labeled_splitClauses_0":["10800000"],
"smt2FileSizeByte_Labeled_splitClauses_1":["774420"],
"clauseNumberBeforeSimplification_Unlabeled_splitClauses_1":["935"],
"generatedPredicateNumber_Term_splitClauses_1":["10800000"],
"solvingTime_Term_splitClauses_1":["10800000"],
"unlabeledBinaryVariableTemplatesNumber_Random_splitClauses_1":["14892"],
"unlabeledSingleVariableTemplatesNumber_Octagon_splitClauses_0":["8621"],
"solvingTime_Octagon_splitClauses_0":["10800000"],
"labeledSingleVariableTemplatesNumber_Mined_splitClauses_1":["26"],
"averagePredicateSize_Term_splitClauses_1":["10800000"],
"labeledTemplateNumber_Labeled_splitClauses_0":["277"],
"unlabeledSingleVariableTemplatesNumber_PredictedCG_splitClauses_0":["8621"],
"smt2FileSizeByte_Mined_splitClauses_1":["774420"],
"labeledBinaryVariableTemplatesNumber_Unlabeled_splitClauses_1":["251"],
"labeledTemplateNumber_All_splitClauses_0":["277"],
"unlabeledTemplateNumber_Random_splitClauses_0":["23513"],
"labeledTemplateNumber_Octagon_splitClauses_1":["277"],
"unlabeledTemplateNumber_PredictedCDHG_splitClauses_1":["23513"],
"unlabeledBinaryVariableTemplatesNumber_Mined_splitClauses_0":["14892"],
"minedTemplateRelationSymbolNumber_Mined_splitClauses_1":["344"],
"labeledTemplateNumber_RelationalIneqs_splitClauses_1":["277"],
"solvability_Term_splitClauses_0":["10800000"],
"relationSymbolNumber_Octagon_splitClauses_0":["1760"],
"clauseNumberBeforeSimplification_PredictedCG_splitClauses_1":["935"],
"generatedPredicateNumber_Labeled_splitClauses_1":["10800000"],
"labeledSingleVariableTemplatesNumber_Unlabeled_splitClauses_0":["26"],
"unlabeledBinaryVariableTemplatesNumber_Empty_splitClauses_0":["14892"],
"solvingTime_Mined_splitClauses_0":["10800000"],
"unlabeledTemplateNumber_All_splitClauses_1":["23513"],
"clauseNumberAfterSimplification_Random_splitClauses_1":["952"],
"labeledBinaryVariableTemplatesNumber_Octagon_splitClauses_1":["251"],
"unlabeledBinaryVariableTemplatesNumber_Labeled_splitClauses_0":["14892"],
"smt2FileSizeByte_Octagon_splitClauses_0":["774420"],
"labeledSingleVariableTemplatesNumber_Random_splitClauses_1":["26"],
"solvability_Unlabeled_splitClauses_0":["10800000"],
"solvingTime_Unlabeled_splitClauses_0":["10800000"],
"unlabeledTemplateRelationSymbolNumber_All_splitClauses_1":["344"],
"minedTemplateNumber_Empty_splitClauses_1":["3220"],
"solvability_RelationalIneqs_splitClauses_0":["10800000"],
"unlabeledTemplateRelationSymbolNumber_Labeled_splitClauses_1":["344"],
"cegarIterationNumber_RelationalEqs_splitClauses_1":["10800000"],
"minedSingleVariableTemplatesNumber_RelationalEqs_splitClauses_1":["2969"],
"clauseNumberAfterSimplification_PredictedCDHG_splitClauses_1":["952"],
"minedBinaryVariableTemplatesNumber_RelationalIneqs_splitClauses_1":["251"],
"unlabeledBinaryVariableTemplatesNumber_Mined_splitClauses_1":["14892"],
"unlabeledBinaryVariableTemplatesNumber_PredictedCDHG_splitClauses_0":["14892"],
"solvingTime_Empty_splitClauses_1":["10800000"],
"labeledTemplateRelationSymbolNumber_Empty_splitClauses_1":["96"],
"generatedPredicateNumber_Term_splitClauses_0":["10800000"],
"averagePredicateSize_Empty_splitClauses_1":["10800000"],
"generatedPredicateNumber_PredictedCG_splitClauses_1":["10800000"],
"labeledTemplateRelationSymbolNumber_PredictedCDHG_splitClauses_1":["96"],
"relationSymbolNumber_Mined_splitClauses_1":["1760"],
"predicateGeneratorTime_Mined_splitClauses_0":["10800000"],
"predicateGeneratorTime_Labeled_splitClauses_0":["10800000"],
"labeledSingleVariableTemplatesNumber_Random_splitClauses_0":["26"],
"unlabeledTemplateRelationSymbolNumber_All_splitClauses_0":["344"],
"minedBinaryVariableTemplatesNumber_Labeled_splitClauses_0":["251"],
"generatedPredicateNumber_Labeled_splitClauses_0":["10800000"],
"relationSymbolNumber_Empty_splitClauses_0":["1760"],
"solvingTime_Mined_splitClauses_1":["4264"],
"minedSingleVariableTemplatesNumber_All_splitClauses_1":["2969"],
"predicateGeneratorTime_Random_splitClauses_0":["10800000"],
"cegarIterationNumber_Term_splitClauses_1":["10800000"],
"labeledTemplateNumber_Empty_splitClauses_1":["277"],
"clauseNumberAfterSimplification_Empty_splitClauses_1":["952"],
"minedTemplateRelationSymbolNumber_Empty_splitClauses_0":["344"],
"unlabeledSingleVariableTemplatesNumber_Term_splitClauses_0":["8621"],
"minedSingleVariableTemplatesNumber_Empty_splitClauses_0":["2969"],
"minedTemplateRelationSymbolNumber_RelationalEqs_splitClauses_0":["344"],
"cegarIterationNumber_Empty_splitClauses_0":["10800000"],
"minedBinaryVariableTemplatesNumber_RelationalEqs_splitClauses_1":["251"],
"labeledSingleVariableTemplatesNumber_All_splitClauses_1":["26"],
"unlabeledTemplateRelationSymbolNumber_Octagon_splitClauses_0":["344"],
"minedTemplateRelationSymbolNumber_Unlabeled_splitClauses_0":["344"],
"labeledBinaryVariableTemplatesNumber_Mined_splitClauses_0":["251"],
"minedTemplateNumber_PredictedCG_splitClauses_1":["3220"],
"cegarIterationNumber_Empty_splitClauses_1":["10800000"],
"averagePredicateSize_RelationalIneqs_splitClauses_0":["10800000"],
"solvability_All_splitClauses_1":["10800000"],
"unlabeledBinaryVariableTemplatesNumber_Term_splitClauses_1":["14892"],
"relationSymbolNumber_PredictedCDHG_splitClauses_0":["1760"],
"minedTemplateRelationSymbolNumber_Labeled_splitClauses_1":["344"],
"averagePredicateSize_Unlabeled_splitClauses_1":["10800000"],
"labeledTemplateNumber_Term_splitClauses_0":["277"],
"smt2FileSizeByte_Empty_splitClauses_1":["774420"],
"solvingTime_PredictedCG_splitClauses_0":["10800000"],
"relationSymbolNumber_Term_splitClauses_0":["1760"],
"cegarIterationNumber_All_splitClauses_1":["10800000"],
"clauseNumberBeforeSimplification_Term_splitClauses_1":["935"],
"predicateGeneratorTime_Empty_splitClauses_0":["10800000"],
"averagePredicateSize_All_splitClauses_0":["10800000"],
"unlabeledBinaryVariableTemplatesNumber_Random_splitClauses_0":["14892"],
"smt2FileSizeByte_Term_splitClauses_0":["774420"],
"averagePredicateSize_Mined_splitClauses_1":["1"],
"minedBinaryVariableTemplatesNumber_Empty_splitClauses_0":["251"],
"minedTemplateRelationSymbolNumber_All_splitClauses_1":["344"],
"labeledSingleVariableTemplatesNumber_PredictedCG_splitClauses_0":["26"],
"unlabeledBinaryVariableTemplatesNumber_RelationalIneqs_splitClauses_0":["14892"],
"unlabeledSingleVariableTemplatesNumber_RelationalIneqs_splitClauses_1":["8621"],
"clauseNumberAfterSimplification_RelationalIneqs_splitClauses_0":["952"],
"unlabeledTemplateNumber_RelationalEqs_splitClauses_0":["23513"],
"unlabeledTemplateNumber_RelationalIneqs_splitClauses_1":["23513"],
"labeledTemplateRelationSymbolNumber_PredictedCG_splitClauses_1":["96"],
"labeledTemplateRelationSymbolNumber_All_splitClauses_0":["96"],
"labeledSingleVariableTemplatesNumber_Octagon_splitClauses_0":["26"],
"dummyFiled":[]
}