{
"smt2FileSizeByte_All_splitClauses_1":["161484"],
"generatedPredicateNumber_All_splitClauses_1":["10800000"],
"unlabeledTemplateRelationSymbolNumber_PredictedCDHG_splitClauses_0":["75"],
"relationSymbolNumberBeforeSimplification_Unlabeled_splitClauses_1":["604"],
"predicateGeneratorTime_Term_splitClauses_0":["10800000"],
"averagePredicateSize_Random_splitClauses_1":["1"],
"labeledBinaryVariableTemplatesNumber_Labeled_splitClauses_1":["123"],
"clauseNumberBeforeSimplification_All_splitClauses_1":["270"],
"minedTemplateRelationSymbolNumber_Term_splitClauses_0":["75"],
"solvingTime_Labeled_splitClauses_1":["2229"],
"unlabeledTemplateNumber_Labeled_splitClauses_1":["5346"],
"relationSymbolNumberAfterSimplification_All_splitClauses_1":["380"],
"minedTemplateRelationSymbolNumber_Octagon_splitClauses_1":["75"],
"clauseNumberAfterSimplification_Mined_splitClauses_1":["201"],
"relationSymbolNumberBeforeSimplification_Octagon_splitClauses_0":["604"],
"unlabeledBinaryVariableTemplatesNumber_Term_splitClauses_0":["3396"],
"labeledTemplateNumber_PredictedCDHG_splitClauses_0":["134"],
"solvability_Empty_splitClauses_0":["10800000"],
"unlabeledTemplateRelationSymbolNumber_Random_splitClauses_1":["75"],
"labeledBinaryVariableTemplatesNumber_Octagon_splitClauses_0":["123"],
"relationSymbolNumberBeforeSimplification_Random_splitClauses_1":["604"],
"minedTemplateRelationSymbolNumber_Random_splitClauses_1":["75"],
"unlabeledSingleVariableTemplatesNumber_Mined_splitClauses_0":["1950"],
"unlabeledBinaryVariableTemplatesNumber_PredictedCG_splitClauses_1":["3396"],
"solvability_All_splitClauses_0":["10800000"],
"predicateGeneratorTime_RelationalEqs_splitClauses_1":["1444"],
"relationSymbolNumberBeforeSimplification_PredictedCDHG_splitClauses_1":["604"],
"smt2FileSizeByte_PredictedCG_splitClauses_1":["161484"],
"labeledSingleVariableTemplatesNumber_Unlabeled_splitClauses_1":["11"],
"labeledBinaryVariableTemplatesNumber_PredictedCG_splitClauses_1":["123"],
"minedBinaryVariableTemplatesNumber_PredictedCG_splitClauses_0":["123"],
"solvability_Random_splitClauses_0":["10800000"],
"relationSymbolNumberAfterSimplification_PredictedCG_splitClauses_1":["380"],
"clauseNumberBeforeSimplification_PredictedCDHG_splitClauses_1":["270"],
"labeledSingleVariableTemplatesNumber_Mined_splitClauses_0":["11"],
"solvability_Unlabeled_splitClauses_1":["1"],
"cegarIterationNumber_Labeled_splitClauses_1":["59"],
"smt2FileSizeByte_Mined_splitClauses_0":["161484"],
"relationSymbolNumberAfterSimplification_Mined_splitClauses_0":["380"],
"labeledSingleVariableTemplatesNumber_PredictedCG_splitClauses_1":["11"],
"smt2FileSizeByte_Octagon_splitClauses_1":["161484"],
"minedTemplateNumber_Labeled_splitClauses_1":["791"],
"labeledSingleVariableTemplatesNumber_RelationalIneqs_splitClauses_1":["11"],
"clauseNumberAfterSimplification_Labeled_splitClauses_1":["201"],
"relationSymbolNumberAfterSimplification_Labeled_splitClauses_0":["380"],
"smt2FileSizeByte_Random_splitClauses_0":["161484"],
"relationSymbolNumberAfterSimplification_PredictedCDHG_splitClauses_0":["380"],
"unlabeledTemplateRelationSymbolNumber_PredictedCDHG_splitClauses_1":["75"],
"labeledSingleVariableTemplatesNumber_Term_splitClauses_0":["11"],
"generatedPredicateNumber_PredictedCDHG_splitClauses_1":["10800000"],
"minedSingleVariableTemplatesNumber_Unlabeled_splitClauses_0":["668"],
"generatedPredicateNumber_Octagon_splitClauses_1":["112"],
"labeledSingleVariableTemplatesNumber_RelationalEqs_splitClauses_0":["11"],
"predicateGeneratorTime_PredictedCG_splitClauses_1":["10800000"],
"relationSymbolNumberAfterSimplification_Octagon_splitClauses_0":["380"],
"labeledTemplateNumber_Labeled_splitClauses_1":["134"],
"labeledSingleVariableTemplatesNumber_Empty_splitClauses_0":["11"],
"minedTemplateRelationSymbolNumber_RelationalIneqs_splitClauses_1":["75"],
"unlabeledSingleVariableTemplatesNumber_All_splitClauses_1":["1950"],
"labeledBinaryVariableTemplatesNumber_PredictedCDHG_splitClauses_1":["123"],
"unlabeledSingleVariableTemplatesNumber_RelationalEqs_splitClauses_1":["1950"],
"cegarIterationNumber_Term_splitClauses_0":["10800000"],
"unlabeledBinaryVariableTemplatesNumber_Labeled_splitClauses_1":["3396"],
"unlabeledSingleVariableTemplatesNumber_Term_splitClauses_1":["1950"],
"clauseNumberAfterSimplification_All_splitClauses_1":["201"],
"minedSingleVariableTemplatesNumber_Random_splitClauses_0":["668"],
"solvability_RelationalIneqs_splitClauses_1":["1"],
"minedTemplateNumber_Labeled_splitClauses_0":["791"],
"minedSingleVariableTemplatesNumber_Octagon_splitClauses_0":["668"],
"minedSingleVariableTemplatesNumber_Term_splitClauses_1":["668"],
"minedBinaryVariableTemplatesNumber_PredictedCDHG_splitClauses_1":["123"],
"generatedPredicateNumber_Mined_splitClauses_1":["112"],
"labeledSingleVariableTemplatesNumber_RelationalIneqs_splitClauses_0":["11"],
"averagePredicateSize_Mined_splitClauses_0":["10800000"],
"cegarIterationNumber_Unlabeled_splitClauses_0":["10800000"],
"minedBinaryVariableTemplatesNumber_Random_splitClauses_0":["123"],
"labeledTemplateNumber_Mined_splitClauses_1":["134"],
"labeledBinaryVariableTemplatesNumber_Random_splitClauses_0":["123"],
"unlabeledTemplateRelationSymbolNumber_Unlabeled_splitClauses_1":["75"],
"cegarIterationNumber_Mined_splitClauses_0":["10800000"],
"minedTemplateRelationSymbolNumber_Labeled_splitClauses_0":["75"],
"unlabeledBinaryVariableTemplatesNumber_RelationalIneqs_splitClauses_1":["3396"],
"unlabeledBinaryVariableTemplatesNumber_Octagon_splitClauses_0":["3396"],
"solvability_Mined_splitClauses_0":["10800000"],
"averagePredicateSize_RelationalEqs_splitClauses_0":["10800000"],
"clauseNumberAfterSimplification_Term_splitClauses_0":["201"],
"unlabeledTemplateNumber_Mined_splitClauses_0":["5346"],
"relationSymbolNumberAfterSimplification_Random_splitClauses_1":["380"],
"unlabeledTemplateNumber_PredictedCDHG_splitClauses_0":["5346"],
"cegarIterationNumber_RelationalIneqs_splitClauses_1":["59"],
"minedBinaryVariableTemplatesNumber_Unlabeled_splitClauses_1":["123"],
"labeledTemplateNumber_PredictedCG_splitClauses_1":["134"],
"labeledTemplateRelationSymbolNumber_Mined_splitClauses_0":["47"],
"labeledBinaryVariableTemplatesNumber_Mined_splitClauses_1":["123"],
"relationSymbolNumberBeforeSimplification_Mined_splitClauses_0":["604"],
"relationSymbolNumberBeforeSimplification_RelationalIneqs_splitClauses_0":["604"],
"clauseNumberAfterSimplification_RelationalIneqs_splitClauses_1":["201"],
"minedSingleVariableTemplatesNumber_PredictedCDHG_splitClauses_0":["668"],
"solvability_Labeled_splitClauses_1":["1"],
"labeledSingleVariableTemplatesNumber_Octagon_splitClauses_1":["11"],
"averagePredicateSize_Random_splitClauses_0":["10800000"],
"smt2FileSizeByte_RelationalIneqs_splitClauses_0":["161484"],
"generatedPredicateNumber_Unlabeled_splitClauses_0":["10800000"],
"solvability_RelationalEqs_splitClauses_0":["10800000"],
"predicateGeneratorTime_Empty_splitClauses_1":["1651"],
"minedSingleVariableTemplatesNumber_Mined_splitClauses_0":["668"],
"relationSymbolNumberAfterSimplification_Unlabeled_splitClauses_0":["380"],
"minedTemplateRelationSymbolNumber_PredictedCDHG_splitClauses_1":["75"],
"minedTemplateNumber_PredictedCG_splitClauses_0":["791"],
"averagePredicateSize_RelationalIneqs_splitClauses_1":["1"],
"labeledTemplateRelationSymbolNumber_Random_splitClauses_1":["47"],
"minedTemplateNumber_RelationalIneqs_splitClauses_0":["791"],
"predicateGeneratorTime_RelationalIneqs_splitClauses_0":["10800000"],
"labeledTemplateRelationSymbolNumber_Empty_splitClauses_0":["47"],
"minedBinaryVariableTemplatesNumber_Octagon_splitClauses_0":["123"],
"labeledSingleVariableTemplatesNumber_Term_splitClauses_1":["11"],
"labeledBinaryVariableTemplatesNumber_Empty_splitClauses_0":["123"],
"minedTemplateNumber_Octagon_splitClauses_0":["791"],
"labeledBinaryVariableTemplatesNumber_Unlabeled_splitClauses_0":["123"],
"relationSymbolNumberBeforeSimplification_Empty_splitClauses_0":["604"],
"clauseNumberAfterSimplification_PredictedCDHG_splitClauses_0":["201"],
"smt2FileSizeByte_PredictedCG_splitClauses_0":["161484"],
"minedBinaryVariableTemplatesNumber_RelationalEqs_splitClauses_0":["123"],
"relationSymbolNumberBeforeSimplification_Unlabeled_splitClauses_0":["604"],
"labeledTemplateRelationSymbolNumber_RelationalEqs_splitClauses_1":["47"],
"minedBinaryVariableTemplatesNumber_Random_splitClauses_1":["123"],
"clauseNumberAfterSimplification_Unlabeled_splitClauses_1":["201"],
"minedSingleVariableTemplatesNumber_PredictedCDHG_splitClauses_1":["668"],
"labeledBinaryVariableTemplatesNumber_Term_splitClauses_1":["123"],
"clauseNumberBeforeSimplification_Empty_splitClauses_1":["270"],
"relationSymbolNumberAfterSimplification_Octagon_splitClauses_1":["380"],
"relationSymbolNumberAfterSimplification_Term_splitClauses_0":["380"],
"minedBinaryVariableTemplatesNumber_Mined_splitClauses_1":["123"],
"unlabeledBinaryVariableTemplatesNumber_Unlabeled_splitClauses_1":["3396"],
"relationSymbolNumberBeforeSimplification_Random_splitClauses_0":["604"],
"relationSymbolNumberAfterSimplification_PredictedCDHG_splitClauses_1":["380"],
"unlabeledTemplateNumber_PredictedCG_splitClauses_1":["5346"],
"generatedPredicateNumber_Empty_splitClauses_0":["10800000"],
"predicateGeneratorTime_RelationalIneqs_splitClauses_1":["1551"],
"unlabeledSingleVariableTemplatesNumber_Empty_splitClauses_0":["1950"],
"cegarIterationNumber_Octagon_splitClauses_0":["10800000"],
"clauseNumberAfterSimplification_Octagon_splitClauses_1":["201"],
"unlabeledSingleVariableTemplatesNumber_Labeled_splitClauses_1":["1950"],
"clauseNumberBeforeSimplification_Random_splitClauses_1":["270"],
"minedTemplateRelationSymbolNumber_All_splitClauses_0":["75"],
"unlabeledTemplateRelationSymbolNumber_RelationalEqs_splitClauses_0":["75"],
"minedSingleVariableTemplatesNumber_Unlabeled_splitClauses_1":["668"],
"clauseNumberBeforeSimplification_RelationalEqs_splitClauses_0":["270"],
"minedTemplateNumber_Unlabeled_splitClauses_0":["791"],
"generatedPredicateNumber_Octagon_splitClauses_0":["10800000"],
"predicateGeneratorTime_PredictedCDHG_splitClauses_0":["10800000"],
"clauseNumberAfterSimplification_PredictedCG_splitClauses_1":["201"],
"labeledSingleVariableTemplatesNumber_RelationalEqs_splitClauses_1":["11"],
"smt2FileSizeByte_Random_splitClauses_1":["161484"],
"averagePredicateSize_PredictedCG_splitClauses_1":["10800000"],
"cegarIterationNumber_PredictedCDHG_splitClauses_1":["10800000"],
"clauseNumberAfterSimplification_RelationalEqs_splitClauses_1":["201"],
"minedBinaryVariableTemplatesNumber_Empty_splitClauses_1":["123"],
"relationSymbolNumberAfterSimplification_RelationalEqs_splitClauses_1":["380"],
"minedTemplateNumber_PredictedCDHG_splitClauses_0":["791"],
"labeledBinaryVariableTemplatesNumber_All_splitClauses_1":["123"],
"solvingTime_RelationalIneqs_splitClauses_1":["2253"],
"unlabeledTemplateRelationSymbolNumber_RelationalEqs_splitClauses_1":["75"],
"smt2FileSizeByte_Unlabeled_splitClauses_0":["161484"],
"relationSymbolNumberBeforeSimplification_Mined_splitClauses_1":["604"],
"relationSymbolNumberAfterSimplification_Mined_splitClauses_1":["380"],
"generatedPredicateNumber_All_splitClauses_0":["10800000"],
"relationSymbolNumberBeforeSimplification_Octagon_splitClauses_1":["604"],
"predicateGeneratorTime_Octagon_splitClauses_1":["1531"],
"solvability_Mined_splitClauses_1":["1"],
"minedTemplateRelationSymbolNumber_Term_splitClauses_1":["75"],
"clauseNumberAfterSimplification_Mined_splitClauses_0":["201"],
"solvability_PredictedCDHG_splitClauses_0":["10800000"],
"solvingTime_Empty_splitClauses_0":["10800000"],
"unlabeledSingleVariableTemplatesNumber_Unlabeled_splitClauses_1":["1950"],
"minedTemplateNumber_Term_splitClauses_1":["791"],
"averagePredicateSize_Octagon_splitClauses_1":["1"],
"unlabeledSingleVariableTemplatesNumber_Octagon_splitClauses_1":["1950"],
"minedTemplateRelationSymbolNumber_RelationalEqs_splitClauses_1":["75"],
"relationSymbolNumberBeforeSimplification_All_splitClauses_1":["604"],
"minedBinaryVariableTemplatesNumber_RelationalIneqs_splitClauses_0":["123"],
"predicateGeneratorTime_Term_splitClauses_1":["1458"],
"solvingTime_Labeled_splitClauses_0":["10800000"],
"unlabeledBinaryVariableTemplatesNumber_PredictedCG_splitClauses_0":["3396"],
"minedTemplateNumber_All_splitClauses_0":["791"],
"predicateGeneratorTime_Labeled_splitClauses_1":["1506"],
"unlabeledTemplateRelationSymbolNumber_Empty_splitClauses_0":["75"],
"unlabeledTemplateNumber_Mined_splitClauses_1":["5346"],
"solvability_PredictedCG_splitClauses_1":["10800000"],
"unlabeledTemplateNumber_Term_splitClauses_0":["5346"],
"minedBinaryVariableTemplatesNumber_PredictedCG_splitClauses_1":["123"],
"labeledSingleVariableTemplatesNumber_PredictedCDHG_splitClauses_0":["11"],
"minedBinaryVariableTemplatesNumber_All_splitClauses_0":["123"],
"averagePredicateSize_PredictedCDHG_splitClauses_1":["10800000"],
"predicateGeneratorTime_PredictedCG_splitClauses_0":["10800000"],
"generatedPredicateNumber_RelationalIneqs_splitClauses_0":["10800000"],
"labeledTemplateNumber_Empty_splitClauses_0":["134"],
"relationSymbolNumberAfterSimplification_RelationalIneqs_splitClauses_1":["380"],
"unlabeledTemplateRelationSymbolNumber_Term_splitClauses_0":["75"],
"minedTemplateNumber_All_splitClauses_1":["791"],
"labeledSingleVariableTemplatesNumber_Empty_splitClauses_1":["11"],
"minedBinaryVariableTemplatesNumber_Unlabeled_splitClauses_0":["123"],
"labeledTemplateNumber_Random_splitClauses_0":["134"],
"minedBinaryVariableTemplatesNumber_All_splitClauses_1":["123"],
"unlabeledSingleVariableTemplatesNumber_All_splitClauses_0":["1950"],
"relationSymbolNumberBeforeSimplification_Labeled_splitClauses_1":["604"],
"smt2FileSizeByte_PredictedCDHG_splitClauses_1":["161484"],
"labeledBinaryVariableTemplatesNumber_PredictedCDHG_splitClauses_0":["123"],
"averagePredicateSize_RelationalEqs_splitClauses_1":["1"],
"minedSingleVariableTemplatesNumber_Term_splitClauses_0":["668"],
"labeledTemplateRelationSymbolNumber_Term_splitClauses_1":["47"],
"generatedPredicateNumber_Random_splitClauses_0":["10800000"],
"labeledBinaryVariableTemplatesNumber_Empty_splitClauses_1":["123"],
"relationSymbolNumberAfterSimplification_Term_splitClauses_1":["380"],
"clauseNumberAfterSimplification_Labeled_splitClauses_0":["201"],
"labeledSingleVariableTemplatesNumber_Labeled_splitClauses_0":["11"],
"minedTemplateNumber_Mined_splitClauses_1":["791"],
"labeledTemplateRelationSymbolNumber_Labeled_splitClauses_0":["47"],
"unlabeledTemplateRelationSymbolNumber_Mined_splitClauses_1":["75"],
"solvability_Labeled_splitClauses_0":["10800000"],
"minedTemplateNumber_RelationalEqs_splitClauses_1":["791"],
"solvingTime_Random_splitClauses_1":["2011"],
"minedTemplateNumber_Random_splitClauses_0":["791"],
"cegarIterationNumber_Unlabeled_splitClauses_1":["59"],
"minedTemplateNumber_RelationalIneqs_splitClauses_1":["791"],
"unlabeledBinaryVariableTemplatesNumber_Octagon_splitClauses_1":["3396"],
"minedSingleVariableTemplatesNumber_Octagon_splitClauses_1":["668"],
"minedSingleVariableTemplatesNumber_Random_splitClauses_1":["668"],
"averagePredicateSize_All_splitClauses_1":["10800000"],
"minedTemplateNumber_Empty_splitClauses_0":["791"],
"labeledTemplateNumber_Mined_splitClauses_0":["134"],
"unlabeledBinaryVariableTemplatesNumber_All_splitClauses_0":["3396"],
"relationSymbolNumberAfterSimplification_Labeled_splitClauses_1":["380"],
"labeledSingleVariableTemplatesNumber_PredictedCDHG_splitClauses_1":["11"],
"minedSingleVariableTemplatesNumber_Mined_splitClauses_1":["668"],
"labeledTemplateRelationSymbolNumber_Term_splitClauses_0":["47"],
"unlabeledTemplateRelationSymbolNumber_Term_splitClauses_1":["75"],
"predicateGeneratorTime_All_splitClauses_1":["10800000"],
"unlabeledSingleVariableTemplatesNumber_Random_splitClauses_0":["1950"],
"predicateGeneratorTime_Unlabeled_splitClauses_1":["1375"],
"cegarIterationNumber_PredictedCDHG_splitClauses_0":["10800000"],
"labeledTemplateNumber_RelationalEqs_splitClauses_0":["134"],
"labeledTemplateRelationSymbolNumber_Mined_splitClauses_1":["47"],
"labeledTemplateRelationSymbolNumber_Random_splitClauses_0":["47"],
"labeledBinaryVariableTemplatesNumber_RelationalEqs_splitClauses_1":["123"],
"generatedPredicateNumber_RelationalIneqs_splitClauses_1":["112"],
"unlabeledTemplateRelationSymbolNumber_PredictedCG_splitClauses_1":["75"],
"unlabeledSingleVariableTemplatesNumber_RelationalEqs_splitClauses_0":["1950"],
"labeledBinaryVariableTemplatesNumber_Labeled_splitClauses_0":["123"],
"minedBinaryVariableTemplatesNumber_PredictedCDHG_splitClauses_0":["123"],
"unlabeledTemplateRelationSymbolNumber_Unlabeled_splitClauses_0":["75"],
"clauseNumberAfterSimplification_Term_splitClauses_1":["201"],
"unlabeledTemplateNumber_Octagon_splitClauses_0":["5346"],
"unlabeledBinaryVariableTemplatesNumber_RelationalEqs_splitClauses_1":["3396"],
"unlabeledTemplateNumber_PredictedCG_splitClauses_0":["5346"],
"unlabeledTemplateNumber_All_splitClauses_0":["5346"],
"labeledTemplateRelationSymbolNumber_RelationalIneqs_splitClauses_1":["47"],
"unlabeledSingleVariableTemplatesNumber_Mined_splitClauses_1":["1950"],
"labeledTemplateRelationSymbolNumber_Unlabeled_splitClauses_1":["47"],
"labeledBinaryVariableTemplatesNumber_Random_splitClauses_1":["123"],
"solvability_Random_splitClauses_1":["1"],
"solvingTime_Term_splitClauses_0":["10800000"],
"minedSingleVariableTemplatesNumber_Labeled_splitClauses_1":["668"],
"clauseNumberBeforeSimplification_Term_splitClauses_0":["270"],
"relationSymbolNumberBeforeSimplification_RelationalIneqs_splitClauses_1":["604"],
"minedTemplateRelationSymbolNumber_Mined_splitClauses_0":["75"],
"solvability_Octagon_splitClauses_1":["1"],
"minedSingleVariableTemplatesNumber_RelationalIneqs_splitClauses_1":["668"],
"smt2FileSizeByte_Labeled_splitClauses_0":["161484"],
"solvability_RelationalEqs_splitClauses_1":["1"],
"unlabeledSingleVariableTemplatesNumber_Empty_splitClauses_1":["1950"],
"labeledTemplateNumber_PredictedCDHG_splitClauses_1":["134"],
"minedTemplateRelationSymbolNumber_Octagon_splitClauses_0":["75"],
"clauseNumberAfterSimplification_Unlabeled_splitClauses_0":["201"],
"clauseNumberBeforeSimplification_Unlabeled_splitClauses_0":["270"],
"clauseNumberBeforeSimplification_PredictedCDHG_splitClauses_0":["270"],
"cegarIterationNumber_RelationalIneqs_splitClauses_0":["10800000"],
"labeledTemplateRelationSymbolNumber_RelationalEqs_splitClauses_0":["47"],
"averagePredicateSize_Labeled_splitClauses_0":["10800000"],
"smt2FileSizeByte_RelationalIneqs_splitClauses_1":["161484"],
"clauseNumberBeforeSimplification_RelationalEqs_splitClauses_1":["270"],
"unlabeledTemplateRelationSymbolNumber_RelationalIneqs_splitClauses_1":["75"],
"clauseNumberBeforeSimplification_PredictedCG_splitClauses_0":["270"],
"solvingTime_PredictedCDHG_splitClauses_0":["10800000"],
"labeledTemplateRelationSymbolNumber_Octagon_splitClauses_1":["47"],
"minedTemplateRelationSymbolNumber_PredictedCG_splitClauses_1":["75"],
"relationSymbolNumberBeforeSimplification_RelationalEqs_splitClauses_1":["604"],
"labeledTemplateNumber_Random_splitClauses_1":["134"],
"solvingTime_RelationalIneqs_splitClauses_0":["10800000"],
"labeledTemplateNumber_All_splitClauses_1":["134"],
"unlabeledTemplateNumber_Random_splitClauses_1":["5346"],
"relationSymbolNumberBeforeSimplification_All_splitClauses_0":["604"],
"smt2FileSizeByte_Unlabeled_splitClauses_1":["161484"],
"cegarIterationNumber_PredictedCG_splitClauses_0":["10800000"],
"predicateGeneratorTime_Octagon_splitClauses_0":["10800000"],
"unlabeledTemplateNumber_RelationalEqs_splitClauses_1":["5346"],
"clauseNumberAfterSimplification_Octagon_splitClauses_0":["201"],
"cegarIterationNumber_Random_splitClauses_0":["10800000"],
"solvability_PredictedCDHG_splitClauses_1":["10800000"],
"solvability_PredictedCG_splitClauses_0":["10800000"],
"solvingTime_PredictedCG_splitClauses_1":["10800000"],
"unlabeledSingleVariableTemplatesNumber_Unlabeled_splitClauses_0":["1950"],
"unlabeledTemplateNumber_Unlabeled_splitClauses_0":["5346"],
"labeledTemplateRelationSymbolNumber_RelationalIneqs_splitClauses_0":["47"],
"minedTemplateNumber_Random_splitClauses_1":["791"],
"generatedPredicateNumber_RelationalEqs_splitClauses_0":["10800000"],
"minedTemplateNumber_Term_splitClauses_0":["791"],
"solvingTime_All_splitClauses_1":["10800000"],
"minedSingleVariableTemplatesNumber_PredictedCG_splitClauses_0":["668"],
"smt2FileSizeByte_Term_splitClauses_1":["161484"],
"labeledBinaryVariableTemplatesNumber_All_splitClauses_0":["123"],
"minedTemplateNumber_PredictedCDHG_splitClauses_1":["791"],
"minedTemplateRelationSymbolNumber_PredictedCDHG_splitClauses_0":["75"],
"averagePredicateSize_Unlabeled_splitClauses_0":["10800000"],
"minedBinaryVariableTemplatesNumber_Octagon_splitClauses_1":["123"],
"unlabeledSingleVariableTemplatesNumber_Random_splitClauses_1":["1950"],
"clauseNumberBeforeSimplification_Random_splitClauses_0":["270"],
"solvingTime_Unlabeled_splitClauses_1":["2019"],
"predicateGeneratorTime_PredictedCDHG_splitClauses_1":["10800000"],
"averagePredicateSize_PredictedCDHG_splitClauses_0":["10800000"],
"relationSymbolNumberAfterSimplification_RelationalEqs_splitClauses_0":["380"],
"minedBinaryVariableTemplatesNumber_Term_splitClauses_0":["123"],
"labeledTemplateNumber_RelationalIneqs_splitClauses_0":["134"],
"clauseNumberAfterSimplification_Random_splitClauses_0":["201"],
"clauseNumberAfterSimplification_PredictedCG_splitClauses_0":["201"],
"generatedPredicateNumber_Empty_splitClauses_1":["112"],
"clauseNumberBeforeSimplification_Octagon_splitClauses_0":["270"],
"unlabeledTemplateNumber_Empty_splitClauses_0":["5346"],
"minedSingleVariableTemplatesNumber_All_splitClauses_0":["668"],
"labeledTemplateRelationSymbolNumber_Octagon_splitClauses_0":["47"],
"generatedPredicateNumber_Random_splitClauses_1":["112"],
"clauseNumberAfterSimplification_RelationalEqs_splitClauses_0":["201"],
"labeledBinaryVariableTemplatesNumber_Term_splitClauses_0":["123"],
"minedSingleVariableTemplatesNumber_RelationalEqs_splitClauses_0":["668"],
"minedTemplateNumber_Mined_splitClauses_0":["791"],
"relationSymbolNumberBeforeSimplification_PredictedCG_splitClauses_0":["604"],
"averagePredicateSize_Octagon_splitClauses_0":["10800000"],
"unlabeledBinaryVariableTemplatesNumber_Empty_splitClauses_1":["3396"],
"unlabeledSingleVariableTemplatesNumber_PredictedCDHG_splitClauses_0":["1950"],
"unlabeledSingleVariableTemplatesNumber_PredictedCG_splitClauses_1":["1950"],
"labeledTemplateRelationSymbolNumber_Labeled_splitClauses_1":["47"],
"minedTemplateRelationSymbolNumber_Random_splitClauses_0":["75"],
"unlabeledTemplateRelationSymbolNumber_PredictedCG_splitClauses_0":["75"],
"unlabeledTemplateNumber_RelationalIneqs_splitClauses_0":["5346"],
"unlabeledSingleVariableTemplatesNumber_Labeled_splitClauses_0":["1950"],
"relationSymbolNumberAfterSimplification_PredictedCG_splitClauses_0":["380"],
"minedTemplateNumber_Unlabeled_splitClauses_1":["791"],
"generatedPredicateNumber_PredictedCG_splitClauses_0":["10800000"],
"labeledTemplateNumber_Unlabeled_splitClauses_1":["134"],
"unlabeledTemplateRelationSymbolNumber_Empty_splitClauses_1":["75"],
"clauseNumberBeforeSimplification_Empty_splitClauses_0":["270"],
"solvingTime_Octagon_splitClauses_1":["2313"],
"cegarIterationNumber_Mined_splitClauses_1":["59"],
"clauseNumberBeforeSimplification_Mined_splitClauses_1":["270"],
"smt2FileSizeByte_PredictedCDHG_splitClauses_0":["161484"],
"averagePredicateSize_PredictedCG_splitClauses_0":["10800000"],
"solvingTime_Random_splitClauses_0":["10800000"],
"minedTemplateNumber_RelationalEqs_splitClauses_0":["791"],
"unlabeledSingleVariableTemplatesNumber_RelationalIneqs_splitClauses_0":["1950"],
"unlabeledTemplateNumber_Unlabeled_splitClauses_1":["5346"],
"labeledBinaryVariableTemplatesNumber_RelationalEqs_splitClauses_0":["123"],
"generatedPredicateNumber_PredictedCDHG_splitClauses_0":["10800000"],
"relationSymbolNumberAfterSimplification_RelationalIneqs_splitClauses_0":["380"],
"minedTemplateRelationSymbolNumber_Empty_splitClauses_1":["75"],
"predicateGeneratorTime_Random_splitClauses_1":["1393"],
"labeledTemplateNumber_Term_splitClauses_1":["134"],
"relationSymbolNumberBeforeSimplification_RelationalEqs_splitClauses_0":["604"],
"minedSingleVariableTemplatesNumber_Empty_splitClauses_1":["668"],
"minedSingleVariableTemplatesNumber_RelationalIneqs_splitClauses_0":["668"],
"clauseNumberAfterSimplification_All_splitClauses_0":["201"],
"unlabeledBinaryVariableTemplatesNumber_RelationalEqs_splitClauses_0":["3396"],
"cegarIterationNumber_RelationalEqs_splitClauses_0":["10800000"],
"labeledTemplateRelationSymbolNumber_PredictedCDHG_splitClauses_0":["47"],
"labeledSingleVariableTemplatesNumber_Labeled_splitClauses_1":["11"],
"unlabeledBinaryVariableTemplatesNumber_All_splitClauses_1":["3396"],
"minedTemplateRelationSymbolNumber_Unlabeled_splitClauses_1":["75"],
"solvingTime_RelationalEqs_splitClauses_0":["10800000"],
"solvingTime_RelationalEqs_splitClauses_1":["2102"],
"minedBinaryVariableTemplatesNumber_Mined_splitClauses_0":["123"],
"clauseNumberBeforeSimplification_All_splitClauses_0":["270"],
"clauseNumberBeforeSimplification_RelationalIneqs_splitClauses_1":["270"],
"labeledTemplateNumber_RelationalEqs_splitClauses_1":["134"],
"labeledBinaryVariableTemplatesNumber_RelationalIneqs_splitClauses_0":["123"],
"relationSymbolNumberBeforeSimplification_Labeled_splitClauses_0":["604"],
"clauseNumberAfterSimplification_Empty_splitClauses_0":["201"],
"averagePredicateSize_Empty_splitClauses_0":["10800000"],
"unlabeledTemplateNumber_Term_splitClauses_1":["5346"],
"predicateGeneratorTime_Mined_splitClauses_1":["1536"],
"labeledBinaryVariableTemplatesNumber_RelationalIneqs_splitClauses_1":["123"],
"predicateGeneratorTime_Unlabeled_splitClauses_0":["10800000"],
"relationSymbolNumberAfterSimplification_Empty_splitClauses_0":["380"],
"generatedPredicateNumber_Mined_splitClauses_0":["10800000"],
"generatedPredicateNumber_RelationalEqs_splitClauses_1":["112"],
"labeledTemplateRelationSymbolNumber_PredictedCG_splitClauses_0":["47"],
"minedSingleVariableTemplatesNumber_PredictedCG_splitClauses_1":["668"],
"minedTemplateRelationSymbolNumber_PredictedCG_splitClauses_0":["75"],
"unlabeledTemplateRelationSymbolNumber_Labeled_splitClauses_0":["75"],
"solvability_Empty_splitClauses_1":["1"],
"averagePredicateSize_Term_splitClauses_0":["10800000"],
"cegarIterationNumber_Random_splitClauses_1":["59"],
"averagePredicateSize_Labeled_splitClauses_1":["1"],
"unlabeledBinaryVariableTemplatesNumber_Unlabeled_splitClauses_0":["3396"],
"generatedPredicateNumber_Unlabeled_splitClauses_1":["112"],
"predicateGeneratorTime_All_splitClauses_0":["10800000"],
"unlabeledBinaryVariableTemplatesNumber_PredictedCDHG_splitClauses_1":["3396"],
"clauseNumberBeforeSimplification_Labeled_splitClauses_1":["270"],
"minedBinaryVariableTemplatesNumber_Labeled_splitClauses_1":["123"],
"labeledSingleVariableTemplatesNumber_All_splitClauses_0":["11"],
"unlabeledTemplateRelationSymbolNumber_Mined_splitClauses_0":["75"],
"cegarIterationNumber_Octagon_splitClauses_1":["59"],
"labeledTemplateNumber_Octagon_splitClauses_0":["134"],
"labeledTemplateRelationSymbolNumber_All_splitClauses_1":["47"],
"smt2FileSizeByte_Empty_splitClauses_0":["161484"],
"unlabeledTemplateNumber_Octagon_splitClauses_1":["5346"],
"predicateGeneratorTime_RelationalEqs_splitClauses_0":["10800000"],
"unlabeledTemplateRelationSymbolNumber_RelationalIneqs_splitClauses_0":["75"],
"smt2FileSizeByte_RelationalEqs_splitClauses_1":["161484"],
"unlabeledTemplateNumber_Labeled_splitClauses_0":["5346"],
"minedSingleVariableTemplatesNumber_Labeled_splitClauses_0":["668"],
"solvingTime_PredictedCDHG_splitClauses_1":["10800000"],
"relationSymbolNumberBeforeSimplification_Term_splitClauses_1":["604"],
"minedTemplateNumber_Octagon_splitClauses_1":["791"],
"clauseNumberBeforeSimplification_Mined_splitClauses_0":["270"],
"smt2FileSizeByte_All_splitClauses_0":["161484"],
"solvingTime_All_splitClauses_0":["10800000"],
"minedBinaryVariableTemplatesNumber_Term_splitClauses_1":["123"],
"unlabeledTemplateRelationSymbolNumber_Random_splitClauses_0":["75"],
"cegarIterationNumber_All_splitClauses_0":["10800000"],
"smt2FileSizeByte_RelationalEqs_splitClauses_0":["161484"],
"unlabeledSingleVariableTemplatesNumber_PredictedCDHG_splitClauses_1":["1950"],
"clauseNumberBeforeSimplification_Labeled_splitClauses_0":["270"],
"cegarIterationNumber_PredictedCG_splitClauses_1":["10800000"],
"labeledTemplateRelationSymbolNumber_Unlabeled_splitClauses_0":["47"],
"unlabeledTemplateRelationSymbolNumber_Octagon_splitClauses_1":["75"],
"unlabeledTemplateNumber_Empty_splitClauses_1":["5346"],
"clauseNumberBeforeSimplification_Octagon_splitClauses_1":["270"],
"labeledTemplateNumber_Unlabeled_splitClauses_0":["134"],
"labeledBinaryVariableTemplatesNumber_PredictedCG_splitClauses_0":["123"],
"solvability_Term_splitClauses_1":["1"],
"solvability_Octagon_splitClauses_0":["10800000"],
"minedTemplateRelationSymbolNumber_RelationalIneqs_splitClauses_0":["75"],
"clauseNumberBeforeSimplification_RelationalIneqs_splitClauses_0":["270"],
"labeledTemplateNumber_PredictedCG_splitClauses_0":["134"],
"cegarIterationNumber_Labeled_splitClauses_0":["10800000"],
"smt2FileSizeByte_Labeled_splitClauses_1":["161484"],
"clauseNumberBeforeSimplification_Unlabeled_splitClauses_1":["270"],
"generatedPredicateNumber_Term_splitClauses_1":["112"],
"solvingTime_Term_splitClauses_1":["2076"],
"unlabeledBinaryVariableTemplatesNumber_Random_splitClauses_1":["3396"],
"unlabeledSingleVariableTemplatesNumber_Octagon_splitClauses_0":["1950"],
"solvingTime_Octagon_splitClauses_0":["10800000"],
"labeledSingleVariableTemplatesNumber_Mined_splitClauses_1":["11"],
"averagePredicateSize_Term_splitClauses_1":["1"],
"labeledTemplateNumber_Labeled_splitClauses_0":["134"],
"unlabeledSingleVariableTemplatesNumber_PredictedCG_splitClauses_0":["1950"],
"smt2FileSizeByte_Mined_splitClauses_1":["161484"],
"labeledBinaryVariableTemplatesNumber_Unlabeled_splitClauses_1":["123"],
"labeledTemplateNumber_All_splitClauses_0":["134"],
"unlabeledTemplateNumber_Random_splitClauses_0":["5346"],
"labeledTemplateNumber_Octagon_splitClauses_1":["134"],
"unlabeledTemplateNumber_PredictedCDHG_splitClauses_1":["5346"],
"unlabeledBinaryVariableTemplatesNumber_Mined_splitClauses_0":["3396"],
"minedTemplateRelationSymbolNumber_Mined_splitClauses_1":["75"],
"labeledTemplateNumber_RelationalIneqs_splitClauses_1":["134"],
"relationSymbolNumberAfterSimplification_All_splitClauses_0":["380"],
"relationSymbolNumberBeforeSimplification_PredictedCDHG_splitClauses_0":["604"],
"solvability_Term_splitClauses_0":["10800000"],
"clauseNumberBeforeSimplification_PredictedCG_splitClauses_1":["270"],
"generatedPredicateNumber_Labeled_splitClauses_1":["112"],
"labeledSingleVariableTemplatesNumber_Unlabeled_splitClauses_0":["11"],
"unlabeledBinaryVariableTemplatesNumber_Empty_splitClauses_0":["3396"],
"solvingTime_Mined_splitClauses_0":["10800000"],
"unlabeledTemplateNumber_All_splitClauses_1":["5346"],
"clauseNumberAfterSimplification_Random_splitClauses_1":["201"],
"labeledBinaryVariableTemplatesNumber_Octagon_splitClauses_1":["123"],
"unlabeledBinaryVariableTemplatesNumber_Labeled_splitClauses_0":["3396"],
"smt2FileSizeByte_Octagon_splitClauses_0":["161484"],
"labeledSingleVariableTemplatesNumber_Random_splitClauses_1":["11"],
"solvability_Unlabeled_splitClauses_0":["10800000"],
"solvingTime_Unlabeled_splitClauses_0":["10800000"],
"unlabeledTemplateRelationSymbolNumber_All_splitClauses_1":["75"],
"minedTemplateNumber_Empty_splitClauses_1":["791"],
"solvability_RelationalIneqs_splitClauses_0":["10800000"],
"unlabeledTemplateRelationSymbolNumber_Labeled_splitClauses_1":["75"],
"cegarIterationNumber_RelationalEqs_splitClauses_1":["59"],
"minedSingleVariableTemplatesNumber_RelationalEqs_splitClauses_1":["668"],
"clauseNumberAfterSimplification_PredictedCDHG_splitClauses_1":["201"],
"minedBinaryVariableTemplatesNumber_RelationalIneqs_splitClauses_1":["123"],
"unlabeledBinaryVariableTemplatesNumber_Mined_splitClauses_1":["3396"],
"unlabeledBinaryVariableTemplatesNumber_PredictedCDHG_splitClauses_0":["3396"],
"solvingTime_Empty_splitClauses_1":["2389"],
"labeledTemplateRelationSymbolNumber_Empty_splitClauses_1":["47"],
"generatedPredicateNumber_Term_splitClauses_0":["10800000"],
"averagePredicateSize_Empty_splitClauses_1":["1"],
"generatedPredicateNumber_PredictedCG_splitClauses_1":["10800000"],
"labeledTemplateRelationSymbolNumber_PredictedCDHG_splitClauses_1":["47"],
"predicateGeneratorTime_Mined_splitClauses_0":["10800000"],
"relationSymbolNumberBeforeSimplification_Term_splitClauses_0":["604"],
"predicateGeneratorTime_Labeled_splitClauses_0":["10800000"],
"labeledSingleVariableTemplatesNumber_Random_splitClauses_0":["11"],
"unlabeledTemplateRelationSymbolNumber_All_splitClauses_0":["75"],
"minedBinaryVariableTemplatesNumber_Labeled_splitClauses_0":["123"],
"generatedPredicateNumber_Labeled_splitClauses_0":["10800000"],
"relationSymbolNumberAfterSimplification_Empty_splitClauses_1":["380"],
"solvingTime_Mined_splitClauses_1":["2205"],
"minedSingleVariableTemplatesNumber_All_splitClauses_1":["668"],
"predicateGeneratorTime_Random_splitClauses_0":["10800000"],
"cegarIterationNumber_Term_splitClauses_1":["59"],
"labeledTemplateNumber_Empty_splitClauses_1":["134"],
"clauseNumberAfterSimplification_Empty_splitClauses_1":["201"],
"minedTemplateRelationSymbolNumber_Empty_splitClauses_0":["75"],
"unlabeledSingleVariableTemplatesNumber_Term_splitClauses_0":["1950"],
"minedSingleVariableTemplatesNumber_Empty_splitClauses_0":["668"],
"relationSymbolNumberAfterSimplification_Random_splitClauses_0":["380"],
"minedTemplateRelationSymbolNumber_RelationalEqs_splitClauses_0":["75"],
"cegarIterationNumber_Empty_splitClauses_0":["10800000"],
"minedBinaryVariableTemplatesNumber_RelationalEqs_splitClauses_1":["123"],
"relationSymbolNumberBeforeSimplification_PredictedCG_splitClauses_1":["604"],
"labeledSingleVariableTemplatesNumber_All_splitClauses_1":["11"],
"unlabeledTemplateRelationSymbolNumber_Octagon_splitClauses_0":["75"],
"minedTemplateRelationSymbolNumber_Unlabeled_splitClauses_0":["75"],
"labeledBinaryVariableTemplatesNumber_Mined_splitClauses_0":["123"],
"relationSymbolNumberAfterSimplification_Unlabeled_splitClauses_1":["380"],
"minedTemplateNumber_PredictedCG_splitClauses_1":["791"],
"cegarIterationNumber_Empty_splitClauses_1":["59"],
"averagePredicateSize_RelationalIneqs_splitClauses_0":["10800000"],
"solvability_All_splitClauses_1":["10800000"],
"unlabeledBinaryVariableTemplatesNumber_Term_splitClauses_1":["3396"],
"minedTemplateRelationSymbolNumber_Labeled_splitClauses_1":["75"],
"averagePredicateSize_Unlabeled_splitClauses_1":["1"],
"labeledTemplateNumber_Term_splitClauses_0":["134"],
"smt2FileSizeByte_Empty_splitClauses_1":["161484"],
"solvingTime_PredictedCG_splitClauses_0":["10800000"],
"cegarIterationNumber_All_splitClauses_1":["10800000"],
"clauseNumberBeforeSimplification_Term_splitClauses_1":["270"],
"predicateGeneratorTime_Empty_splitClauses_0":["10800000"],
"relationSymbolNumberBeforeSimplification_Empty_splitClauses_1":["604"],
"averagePredicateSize_All_splitClauses_0":["10800000"],
"unlabeledBinaryVariableTemplatesNumber_Random_splitClauses_0":["3396"],
"smt2FileSizeByte_Term_splitClauses_0":["161484"],
"averagePredicateSize_Mined_splitClauses_1":["1"],
"minedBinaryVariableTemplatesNumber_Empty_splitClauses_0":["123"],
"minedTemplateRelationSymbolNumber_All_splitClauses_1":["75"],
"labeledSingleVariableTemplatesNumber_PredictedCG_splitClauses_0":["11"],
"unlabeledBinaryVariableTemplatesNumber_RelationalIneqs_splitClauses_0":["3396"],
"unlabeledSingleVariableTemplatesNumber_RelationalIneqs_splitClauses_1":["1950"],
"clauseNumberAfterSimplification_RelationalIneqs_splitClauses_0":["201"],
"unlabeledTemplateNumber_RelationalEqs_splitClauses_0":["5346"],
"unlabeledTemplateNumber_RelationalIneqs_splitClauses_1":["5346"],
"labeledTemplateRelationSymbolNumber_PredictedCG_splitClauses_1":["47"],
"labeledTemplateRelationSymbolNumber_All_splitClauses_0":["47"],
"labeledSingleVariableTemplatesNumber_Octagon_splitClauses_0":["11"],
"dummyFiled":[]
}