{
"cegarIterationNumber_Term_splitClauses_0":[0],
"cegarIterationNumber_RelationalIneqs_splitClauses_1":[0],
"cegarIterationNumber_Octagon_splitClauses_0":[0],
"solvingTime_RelationalIneqs_splitClauses_1":[8],
"solvingTime_Term_splitClauses_0":[8],
"cegarIterationNumber_RelationalIneqs_splitClauses_0":[0],
"solvingTime_RelationalIneqs_splitClauses_0":[11],
"solvingTime_Octagon_splitClauses_1":[8],
"cegarIterationNumber_RelationalEqs_splitClauses_0":[0],
"solvingTime_RelationalEqs_splitClauses_0":[7],
"solvingTime_RelationalEqs_splitClauses_1":[8],
"cegarIterationNumber_Octagon_splitClauses_1":[0],
"solvingTime_Term_splitClauses_1":[7],
"solvingTime_Octagon_splitClauses_0":[9],
"cegarIterationNumber_RelationalEqs_splitClauses_1":[0],
"cegarIterationNumber_Term_splitClauses_1":[0],
"dummyFiled":[]
}