{
"smt2FileSizeByte_All_splitClauses_1":["4413670"],
"generatedPredicateNumber_All_splitClauses_1":["10800000"],
"unlabeledTemplateRelationSymbolNumber_PredictedCDHG_splitClauses_0":["29"],
"relationSymbolNumberBeforeSimplification_Unlabeled_splitClauses_1":["681"],
"predicateGeneratorTime_Term_splitClauses_0":["10800000"],
"averagePredicateSize_Random_splitClauses_1":["1"],
"labeledBinaryVariableTemplatesNumber_Labeled_splitClauses_1":["22"],
"clauseNumberBeforeSimplification_All_splitClauses_1":["334"],
"minedTemplateRelationSymbolNumber_Term_splitClauses_0":["29"],
"solvingTime_Labeled_splitClauses_1":["8060"],
"unlabeledTemplateNumber_Labeled_splitClauses_1":["59784"],
"relationSymbolNumberAfterSimplification_All_splitClauses_1":["168"],
"minedTemplateRelationSymbolNumber_Octagon_splitClauses_1":["29"],
"clauseNumberAfterSimplification_Mined_splitClauses_1":["80"],
"relationSymbolNumberBeforeSimplification_Octagon_splitClauses_0":["681"],
"unlabeledBinaryVariableTemplatesNumber_Term_splitClauses_0":["39798"],
"labeledTemplateNumber_PredictedCDHG_splitClauses_0":["25"],
"solvability_Empty_splitClauses_0":["10800000"],
"unlabeledTemplateRelationSymbolNumber_Random_splitClauses_1":["29"],
"labeledBinaryVariableTemplatesNumber_Octagon_splitClauses_0":["22"],
"relationSymbolNumberBeforeSimplification_Random_splitClauses_1":["681"],
"minedTemplateRelationSymbolNumber_Random_splitClauses_1":["29"],
"unlabeledSingleVariableTemplatesNumber_Mined_splitClauses_0":["19986"],
"unlabeledBinaryVariableTemplatesNumber_PredictedCG_splitClauses_1":["39798"],
"solvability_All_splitClauses_0":["10800000"],
"predicateGeneratorTime_RelationalEqs_splitClauses_1":["5673"],
"relationSymbolNumberBeforeSimplification_PredictedCDHG_splitClauses_1":["681"],
"smt2FileSizeByte_PredictedCG_splitClauses_1":["4413670"],
"labeledSingleVariableTemplatesNumber_Unlabeled_splitClauses_1":["3"],
"labeledBinaryVariableTemplatesNumber_PredictedCG_splitClauses_1":["22"],
"minedBinaryVariableTemplatesNumber_PredictedCG_splitClauses_0":["22"],
"solvability_Random_splitClauses_0":["10800000"],
"relationSymbolNumberAfterSimplification_PredictedCG_splitClauses_1":["168"],
"clauseNumberBeforeSimplification_PredictedCDHG_splitClauses_1":["334"],
"labeledSingleVariableTemplatesNumber_Mined_splitClauses_0":["3"],
"solvability_Unlabeled_splitClauses_1":["1"],
"cegarIterationNumber_Labeled_splitClauses_1":["26"],
"smt2FileSizeByte_Mined_splitClauses_0":["4413670"],
"relationSymbolNumberAfterSimplification_Mined_splitClauses_0":["168"],
"labeledSingleVariableTemplatesNumber_PredictedCG_splitClauses_1":["3"],
"smt2FileSizeByte_Octagon_splitClauses_1":["4413670"],
"minedTemplateNumber_Labeled_splitClauses_1":["6684"],
"labeledSingleVariableTemplatesNumber_RelationalIneqs_splitClauses_1":["3"],
"clauseNumberAfterSimplification_Labeled_splitClauses_1":["80"],
"relationSymbolNumberAfterSimplification_Labeled_splitClauses_0":["168"],
"smt2FileSizeByte_Random_splitClauses_0":["4413670"],
"relationSymbolNumberAfterSimplification_PredictedCDHG_splitClauses_0":["168"],
"unlabeledTemplateRelationSymbolNumber_PredictedCDHG_splitClauses_1":["29"],
"labeledSingleVariableTemplatesNumber_Term_splitClauses_0":["3"],
"generatedPredicateNumber_PredictedCDHG_splitClauses_1":["10800000"],
"minedSingleVariableTemplatesNumber_Unlabeled_splitClauses_0":["6662"],
"generatedPredicateNumber_Octagon_splitClauses_1":["71"],
"labeledSingleVariableTemplatesNumber_RelationalEqs_splitClauses_0":["3"],
"predicateGeneratorTime_PredictedCG_splitClauses_1":["10800000"],
"relationSymbolNumberAfterSimplification_Octagon_splitClauses_0":["168"],
"labeledTemplateNumber_Labeled_splitClauses_1":["25"],
"labeledSingleVariableTemplatesNumber_Empty_splitClauses_0":["3"],
"minedTemplateRelationSymbolNumber_RelationalIneqs_splitClauses_1":["29"],
"unlabeledSingleVariableTemplatesNumber_All_splitClauses_1":["19986"],
"labeledBinaryVariableTemplatesNumber_PredictedCDHG_splitClauses_1":["22"],
"unlabeledSingleVariableTemplatesNumber_RelationalEqs_splitClauses_1":["19986"],
"cegarIterationNumber_Term_splitClauses_0":["10800000"],
"unlabeledBinaryVariableTemplatesNumber_Labeled_splitClauses_1":["39798"],
"unlabeledSingleVariableTemplatesNumber_Term_splitClauses_1":["19986"],
"clauseNumberAfterSimplification_All_splitClauses_1":["80"],
"minedSingleVariableTemplatesNumber_Random_splitClauses_0":["6662"],
"solvability_RelationalIneqs_splitClauses_1":["1"],
"minedTemplateNumber_Labeled_splitClauses_0":["6684"],
"minedSingleVariableTemplatesNumber_Octagon_splitClauses_0":["6662"],
"minedSingleVariableTemplatesNumber_Term_splitClauses_1":["6662"],
"minedBinaryVariableTemplatesNumber_PredictedCDHG_splitClauses_1":["22"],
"generatedPredicateNumber_Mined_splitClauses_1":["71"],
"labeledSingleVariableTemplatesNumber_RelationalIneqs_splitClauses_0":["3"],
"averagePredicateSize_Mined_splitClauses_0":["10800000"],
"cegarIterationNumber_Unlabeled_splitClauses_0":["10800000"],
"minedBinaryVariableTemplatesNumber_Random_splitClauses_0":["22"],
"labeledTemplateNumber_Mined_splitClauses_1":["25"],
"labeledBinaryVariableTemplatesNumber_Random_splitClauses_0":["22"],
"unlabeledTemplateRelationSymbolNumber_Unlabeled_splitClauses_1":["29"],
"cegarIterationNumber_Mined_splitClauses_0":["10800000"],
"minedTemplateRelationSymbolNumber_Labeled_splitClauses_0":["29"],
"unlabeledBinaryVariableTemplatesNumber_RelationalIneqs_splitClauses_1":["39798"],
"unlabeledBinaryVariableTemplatesNumber_Octagon_splitClauses_0":["39798"],
"solvability_Mined_splitClauses_0":["10800000"],
"averagePredicateSize_RelationalEqs_splitClauses_0":["10800000"],
"clauseNumberAfterSimplification_Term_splitClauses_0":["80"],
"unlabeledTemplateNumber_Mined_splitClauses_0":["59784"],
"relationSymbolNumberAfterSimplification_Random_splitClauses_1":["168"],
"unlabeledTemplateNumber_PredictedCDHG_splitClauses_0":["59784"],
"cegarIterationNumber_RelationalIneqs_splitClauses_1":["26"],
"minedBinaryVariableTemplatesNumber_Unlabeled_splitClauses_1":["22"],
"labeledTemplateNumber_PredictedCG_splitClauses_1":["25"],
"labeledTemplateRelationSymbolNumber_Mined_splitClauses_0":["18"],
"labeledBinaryVariableTemplatesNumber_Mined_splitClauses_1":["22"],
"relationSymbolNumberBeforeSimplification_Mined_splitClauses_0":["681"],
"relationSymbolNumberBeforeSimplification_RelationalIneqs_splitClauses_0":["681"],
"clauseNumberAfterSimplification_RelationalIneqs_splitClauses_1":["80"],
"minedSingleVariableTemplatesNumber_PredictedCDHG_splitClauses_0":["6662"],
"solvability_Labeled_splitClauses_1":["1"],
"labeledSingleVariableTemplatesNumber_Octagon_splitClauses_1":["3"],
"averagePredicateSize_Random_splitClauses_0":["10800000"],
"smt2FileSizeByte_RelationalIneqs_splitClauses_0":["4413670"],
"generatedPredicateNumber_Unlabeled_splitClauses_0":["10800000"],
"solvability_RelationalEqs_splitClauses_0":["10800000"],
"predicateGeneratorTime_Empty_splitClauses_1":["5825"],
"minedSingleVariableTemplatesNumber_Mined_splitClauses_0":["6662"],
"relationSymbolNumberAfterSimplification_Unlabeled_splitClauses_0":["168"],
"minedTemplateRelationSymbolNumber_PredictedCDHG_splitClauses_1":["29"],
"minedTemplateNumber_PredictedCG_splitClauses_0":["6684"],
"averagePredicateSize_RelationalIneqs_splitClauses_1":["1"],
"labeledTemplateRelationSymbolNumber_Random_splitClauses_1":["18"],
"minedTemplateNumber_RelationalIneqs_splitClauses_0":["6684"],
"predicateGeneratorTime_RelationalIneqs_splitClauses_0":["10800000"],
"labeledTemplateRelationSymbolNumber_Empty_splitClauses_0":["18"],
"minedBinaryVariableTemplatesNumber_Octagon_splitClauses_0":["22"],
"labeledSingleVariableTemplatesNumber_Term_splitClauses_1":["3"],
"labeledBinaryVariableTemplatesNumber_Empty_splitClauses_0":["22"],
"minedTemplateNumber_Octagon_splitClauses_0":["6684"],
"labeledBinaryVariableTemplatesNumber_Unlabeled_splitClauses_0":["22"],
"relationSymbolNumberBeforeSimplification_Empty_splitClauses_0":["681"],
"clauseNumberAfterSimplification_PredictedCDHG_splitClauses_0":["80"],
"smt2FileSizeByte_PredictedCG_splitClauses_0":["4413670"],
"minedBinaryVariableTemplatesNumber_RelationalEqs_splitClauses_0":["22"],
"relationSymbolNumberBeforeSimplification_Unlabeled_splitClauses_0":["681"],
"labeledTemplateRelationSymbolNumber_RelationalEqs_splitClauses_1":["18"],
"minedBinaryVariableTemplatesNumber_Random_splitClauses_1":["22"],
"clauseNumberAfterSimplification_Unlabeled_splitClauses_1":["80"],
"minedSingleVariableTemplatesNumber_PredictedCDHG_splitClauses_1":["6662"],
"labeledBinaryVariableTemplatesNumber_Term_splitClauses_1":["22"],
"clauseNumberBeforeSimplification_Empty_splitClauses_1":["334"],
"relationSymbolNumberAfterSimplification_Octagon_splitClauses_1":["168"],
"relationSymbolNumberAfterSimplification_Term_splitClauses_0":["168"],
"minedBinaryVariableTemplatesNumber_Mined_splitClauses_1":["22"],
"unlabeledBinaryVariableTemplatesNumber_Unlabeled_splitClauses_1":["39798"],
"relationSymbolNumberBeforeSimplification_Random_splitClauses_0":["681"],
"relationSymbolNumberAfterSimplification_PredictedCDHG_splitClauses_1":["168"],
"unlabeledTemplateNumber_PredictedCG_splitClauses_1":["59784"],
"generatedPredicateNumber_Empty_splitClauses_0":["10800000"],
"predicateGeneratorTime_RelationalIneqs_splitClauses_1":["6043"],
"unlabeledSingleVariableTemplatesNumber_Empty_splitClauses_0":["19986"],
"cegarIterationNumber_Octagon_splitClauses_0":["10800000"],
"clauseNumberAfterSimplification_Octagon_splitClauses_1":["80"],
"unlabeledSingleVariableTemplatesNumber_Labeled_splitClauses_1":["19986"],
"clauseNumberBeforeSimplification_Random_splitClauses_1":["334"],
"minedTemplateRelationSymbolNumber_All_splitClauses_0":["29"],
"unlabeledTemplateRelationSymbolNumber_RelationalEqs_splitClauses_0":["29"],
"minedSingleVariableTemplatesNumber_Unlabeled_splitClauses_1":["6662"],
"clauseNumberBeforeSimplification_RelationalEqs_splitClauses_0":["334"],
"minedTemplateNumber_Unlabeled_splitClauses_0":["6684"],
"generatedPredicateNumber_Octagon_splitClauses_0":["10800000"],
"predicateGeneratorTime_PredictedCDHG_splitClauses_0":["10800000"],
"clauseNumberAfterSimplification_PredictedCG_splitClauses_1":["80"],
"labeledSingleVariableTemplatesNumber_RelationalEqs_splitClauses_1":["3"],
"smt2FileSizeByte_Random_splitClauses_1":["4413670"],
"averagePredicateSize_PredictedCG_splitClauses_1":["10800000"],
"cegarIterationNumber_PredictedCDHG_splitClauses_1":["10800000"],
"clauseNumberAfterSimplification_RelationalEqs_splitClauses_1":["80"],
"minedBinaryVariableTemplatesNumber_Empty_splitClauses_1":["22"],
"relationSymbolNumberAfterSimplification_RelationalEqs_splitClauses_1":["168"],
"minedTemplateNumber_PredictedCDHG_splitClauses_0":["6684"],
"labeledBinaryVariableTemplatesNumber_All_splitClauses_1":["22"],
"solvingTime_RelationalIneqs_splitClauses_1":["7583"],
"unlabeledTemplateRelationSymbolNumber_RelationalEqs_splitClauses_1":["29"],
"smt2FileSizeByte_Unlabeled_splitClauses_0":["4413670"],
"relationSymbolNumberBeforeSimplification_Mined_splitClauses_1":["681"],
"relationSymbolNumberAfterSimplification_Mined_splitClauses_1":["168"],
"generatedPredicateNumber_All_splitClauses_0":["10800000"],
"relationSymbolNumberBeforeSimplification_Octagon_splitClauses_1":["681"],
"predicateGeneratorTime_Octagon_splitClauses_1":["5550"],
"solvability_Mined_splitClauses_1":["1"],
"minedTemplateRelationSymbolNumber_Term_splitClauses_1":["29"],
"clauseNumberAfterSimplification_Mined_splitClauses_0":["80"],
"solvability_PredictedCDHG_splitClauses_0":["10800000"],
"solvingTime_Empty_splitClauses_0":["10800000"],
"unlabeledSingleVariableTemplatesNumber_Unlabeled_splitClauses_1":["19986"],
"minedTemplateNumber_Term_splitClauses_1":["6684"],
"averagePredicateSize_Octagon_splitClauses_1":["1"],
"unlabeledSingleVariableTemplatesNumber_Octagon_splitClauses_1":["19986"],
"minedTemplateRelationSymbolNumber_RelationalEqs_splitClauses_1":["29"],
"relationSymbolNumberBeforeSimplification_All_splitClauses_1":["681"],
"minedBinaryVariableTemplatesNumber_RelationalIneqs_splitClauses_0":["22"],
"predicateGeneratorTime_Term_splitClauses_1":["6292"],
"solvingTime_Labeled_splitClauses_0":["10800000"],
"unlabeledBinaryVariableTemplatesNumber_PredictedCG_splitClauses_0":["39798"],
"minedTemplateNumber_All_splitClauses_0":["6684"],
"predicateGeneratorTime_Labeled_splitClauses_1":["6492"],
"unlabeledTemplateRelationSymbolNumber_Empty_splitClauses_0":["29"],
"unlabeledTemplateNumber_Mined_splitClauses_1":["59784"],
"solvability_PredictedCG_splitClauses_1":["10800000"],
"unlabeledTemplateNumber_Term_splitClauses_0":["59784"],
"minedBinaryVariableTemplatesNumber_PredictedCG_splitClauses_1":["22"],
"labeledSingleVariableTemplatesNumber_PredictedCDHG_splitClauses_0":["3"],
"minedBinaryVariableTemplatesNumber_All_splitClauses_0":["22"],
"averagePredicateSize_PredictedCDHG_splitClauses_1":["10800000"],
"predicateGeneratorTime_PredictedCG_splitClauses_0":["10800000"],
"generatedPredicateNumber_RelationalIneqs_splitClauses_0":["10800000"],
"labeledTemplateNumber_Empty_splitClauses_0":["25"],
"relationSymbolNumberAfterSimplification_RelationalIneqs_splitClauses_1":["168"],
"unlabeledTemplateRelationSymbolNumber_Term_splitClauses_0":["29"],
"minedTemplateNumber_All_splitClauses_1":["6684"],
"labeledSingleVariableTemplatesNumber_Empty_splitClauses_1":["3"],
"minedBinaryVariableTemplatesNumber_Unlabeled_splitClauses_0":["22"],
"labeledTemplateNumber_Random_splitClauses_0":["25"],
"minedBinaryVariableTemplatesNumber_All_splitClauses_1":["22"],
"unlabeledSingleVariableTemplatesNumber_All_splitClauses_0":["19986"],
"relationSymbolNumberBeforeSimplification_Labeled_splitClauses_1":["681"],
"smt2FileSizeByte_PredictedCDHG_splitClauses_1":["4413670"],
"labeledBinaryVariableTemplatesNumber_PredictedCDHG_splitClauses_0":["22"],
"averagePredicateSize_RelationalEqs_splitClauses_1":["1"],
"minedSingleVariableTemplatesNumber_Term_splitClauses_0":["6662"],
"labeledTemplateRelationSymbolNumber_Term_splitClauses_1":["18"],
"generatedPredicateNumber_Random_splitClauses_0":["10800000"],
"labeledBinaryVariableTemplatesNumber_Empty_splitClauses_1":["22"],
"relationSymbolNumberAfterSimplification_Term_splitClauses_1":["168"],
"clauseNumberAfterSimplification_Labeled_splitClauses_0":["80"],
"labeledSingleVariableTemplatesNumber_Labeled_splitClauses_0":["3"],
"minedTemplateNumber_Mined_splitClauses_1":["6684"],
"labeledTemplateRelationSymbolNumber_Labeled_splitClauses_0":["18"],
"unlabeledTemplateRelationSymbolNumber_Mined_splitClauses_1":["29"],
"solvability_Labeled_splitClauses_0":["10800000"],
"minedTemplateNumber_RelationalEqs_splitClauses_1":["6684"],
"solvingTime_Random_splitClauses_1":["8253"],
"minedTemplateNumber_Random_splitClauses_0":["6684"],
"cegarIterationNumber_Unlabeled_splitClauses_1":["26"],
"minedTemplateNumber_RelationalIneqs_splitClauses_1":["6684"],
"unlabeledBinaryVariableTemplatesNumber_Octagon_splitClauses_1":["39798"],
"minedSingleVariableTemplatesNumber_Octagon_splitClauses_1":["6662"],
"minedSingleVariableTemplatesNumber_Random_splitClauses_1":["6662"],
"averagePredicateSize_All_splitClauses_1":["10800000"],
"minedTemplateNumber_Empty_splitClauses_0":["6684"],
"labeledTemplateNumber_Mined_splitClauses_0":["25"],
"unlabeledBinaryVariableTemplatesNumber_All_splitClauses_0":["39798"],
"relationSymbolNumberAfterSimplification_Labeled_splitClauses_1":["168"],
"labeledSingleVariableTemplatesNumber_PredictedCDHG_splitClauses_1":["3"],
"minedSingleVariableTemplatesNumber_Mined_splitClauses_1":["6662"],
"labeledTemplateRelationSymbolNumber_Term_splitClauses_0":["18"],
"unlabeledTemplateRelationSymbolNumber_Term_splitClauses_1":["29"],
"predicateGeneratorTime_All_splitClauses_1":["10800000"],
"unlabeledSingleVariableTemplatesNumber_Random_splitClauses_0":["19986"],
"predicateGeneratorTime_Unlabeled_splitClauses_1":["6702"],
"cegarIterationNumber_PredictedCDHG_splitClauses_0":["10800000"],
"labeledTemplateNumber_RelationalEqs_splitClauses_0":["25"],
"labeledTemplateRelationSymbolNumber_Mined_splitClauses_1":["18"],
"labeledTemplateRelationSymbolNumber_Random_splitClauses_0":["18"],
"labeledBinaryVariableTemplatesNumber_RelationalEqs_splitClauses_1":["22"],
"generatedPredicateNumber_RelationalIneqs_splitClauses_1":["71"],
"unlabeledTemplateRelationSymbolNumber_PredictedCG_splitClauses_1":["29"],
"unlabeledSingleVariableTemplatesNumber_RelationalEqs_splitClauses_0":["19986"],
"labeledBinaryVariableTemplatesNumber_Labeled_splitClauses_0":["22"],
"minedBinaryVariableTemplatesNumber_PredictedCDHG_splitClauses_0":["22"],
"unlabeledTemplateRelationSymbolNumber_Unlabeled_splitClauses_0":["29"],
"clauseNumberAfterSimplification_Term_splitClauses_1":["80"],
"unlabeledTemplateNumber_Octagon_splitClauses_0":["59784"],
"unlabeledBinaryVariableTemplatesNumber_RelationalEqs_splitClauses_1":["39798"],
"unlabeledTemplateNumber_PredictedCG_splitClauses_0":["59784"],
"unlabeledTemplateNumber_All_splitClauses_0":["59784"],
"labeledTemplateRelationSymbolNumber_RelationalIneqs_splitClauses_1":["18"],
"unlabeledSingleVariableTemplatesNumber_Mined_splitClauses_1":["19986"],
"labeledTemplateRelationSymbolNumber_Unlabeled_splitClauses_1":["18"],
"labeledBinaryVariableTemplatesNumber_Random_splitClauses_1":["22"],
"solvability_Random_splitClauses_1":["1"],
"solvingTime_Term_splitClauses_0":["10800000"],
"minedSingleVariableTemplatesNumber_Labeled_splitClauses_1":["6662"],
"clauseNumberBeforeSimplification_Term_splitClauses_0":["334"],
"relationSymbolNumberBeforeSimplification_RelationalIneqs_splitClauses_1":["681"],
"minedTemplateRelationSymbolNumber_Mined_splitClauses_0":["29"],
"solvability_Octagon_splitClauses_1":["1"],
"minedSingleVariableTemplatesNumber_RelationalIneqs_splitClauses_1":["6662"],
"smt2FileSizeByte_Labeled_splitClauses_0":["4413670"],
"solvability_RelationalEqs_splitClauses_1":["1"],
"unlabeledSingleVariableTemplatesNumber_Empty_splitClauses_1":["19986"],
"labeledTemplateNumber_PredictedCDHG_splitClauses_1":["25"],
"minedTemplateRelationSymbolNumber_Octagon_splitClauses_0":["29"],
"clauseNumberAfterSimplification_Unlabeled_splitClauses_0":["80"],
"clauseNumberBeforeSimplification_Unlabeled_splitClauses_0":["334"],
"clauseNumberBeforeSimplification_PredictedCDHG_splitClauses_0":["334"],
"cegarIterationNumber_RelationalIneqs_splitClauses_0":["10800000"],
"labeledTemplateRelationSymbolNumber_RelationalEqs_splitClauses_0":["18"],
"averagePredicateSize_Labeled_splitClauses_0":["10800000"],
"smt2FileSizeByte_RelationalIneqs_splitClauses_1":["4413670"],
"clauseNumberBeforeSimplification_RelationalEqs_splitClauses_1":["334"],
"unlabeledTemplateRelationSymbolNumber_RelationalIneqs_splitClauses_1":["29"],
"clauseNumberBeforeSimplification_PredictedCG_splitClauses_0":["334"],
"solvingTime_PredictedCDHG_splitClauses_0":["10800000"],
"labeledTemplateRelationSymbolNumber_Octagon_splitClauses_1":["18"],
"minedTemplateRelationSymbolNumber_PredictedCG_splitClauses_1":["29"],
"relationSymbolNumberBeforeSimplification_RelationalEqs_splitClauses_1":["681"],
"labeledTemplateNumber_Random_splitClauses_1":["25"],
"solvingTime_RelationalIneqs_splitClauses_0":["10800000"],
"labeledTemplateNumber_All_splitClauses_1":["25"],
"unlabeledTemplateNumber_Random_splitClauses_1":["59784"],
"relationSymbolNumberBeforeSimplification_All_splitClauses_0":["681"],
"smt2FileSizeByte_Unlabeled_splitClauses_1":["4413670"],
"cegarIterationNumber_PredictedCG_splitClauses_0":["10800000"],
"predicateGeneratorTime_Octagon_splitClauses_0":["10800000"],
"unlabeledTemplateNumber_RelationalEqs_splitClauses_1":["59784"],
"clauseNumberAfterSimplification_Octagon_splitClauses_0":["80"],
"cegarIterationNumber_Random_splitClauses_0":["10800000"],
"solvability_PredictedCDHG_splitClauses_1":["10800000"],
"solvability_PredictedCG_splitClauses_0":["10800000"],
"solvingTime_PredictedCG_splitClauses_1":["10800000"],
"unlabeledSingleVariableTemplatesNumber_Unlabeled_splitClauses_0":["19986"],
"unlabeledTemplateNumber_Unlabeled_splitClauses_0":["59784"],
"labeledTemplateRelationSymbolNumber_RelationalIneqs_splitClauses_0":["18"],
"minedTemplateNumber_Random_splitClauses_1":["6684"],
"generatedPredicateNumber_RelationalEqs_splitClauses_0":["10800000"],
"minedTemplateNumber_Term_splitClauses_0":["6684"],
"solvingTime_All_splitClauses_1":["10800000"],
"minedSingleVariableTemplatesNumber_PredictedCG_splitClauses_0":["6662"],
"smt2FileSizeByte_Term_splitClauses_1":["4413670"],
"labeledBinaryVariableTemplatesNumber_All_splitClauses_0":["22"],
"minedTemplateNumber_PredictedCDHG_splitClauses_1":["6684"],
"minedTemplateRelationSymbolNumber_PredictedCDHG_splitClauses_0":["29"],
"averagePredicateSize_Unlabeled_splitClauses_0":["10800000"],
"minedBinaryVariableTemplatesNumber_Octagon_splitClauses_1":["22"],
"unlabeledSingleVariableTemplatesNumber_Random_splitClauses_1":["19986"],
"clauseNumberBeforeSimplification_Random_splitClauses_0":["334"],
"solvingTime_Unlabeled_splitClauses_1":["8308"],
"predicateGeneratorTime_PredictedCDHG_splitClauses_1":["10800000"],
"averagePredicateSize_PredictedCDHG_splitClauses_0":["10800000"],
"relationSymbolNumberAfterSimplification_RelationalEqs_splitClauses_0":["168"],
"minedBinaryVariableTemplatesNumber_Term_splitClauses_0":["22"],
"labeledTemplateNumber_RelationalIneqs_splitClauses_0":["25"],
"clauseNumberAfterSimplification_Random_splitClauses_0":["80"],
"clauseNumberAfterSimplification_PredictedCG_splitClauses_0":["80"],
"generatedPredicateNumber_Empty_splitClauses_1":["71"],
"clauseNumberBeforeSimplification_Octagon_splitClauses_0":["334"],
"unlabeledTemplateNumber_Empty_splitClauses_0":["59784"],
"minedSingleVariableTemplatesNumber_All_splitClauses_0":["6662"],
"labeledTemplateRelationSymbolNumber_Octagon_splitClauses_0":["18"],
"generatedPredicateNumber_Random_splitClauses_1":["71"],
"clauseNumberAfterSimplification_RelationalEqs_splitClauses_0":["80"],
"labeledBinaryVariableTemplatesNumber_Term_splitClauses_0":["22"],
"minedSingleVariableTemplatesNumber_RelationalEqs_splitClauses_0":["6662"],
"minedTemplateNumber_Mined_splitClauses_0":["6684"],
"relationSymbolNumberBeforeSimplification_PredictedCG_splitClauses_0":["681"],
"averagePredicateSize_Octagon_splitClauses_0":["10800000"],
"unlabeledBinaryVariableTemplatesNumber_Empty_splitClauses_1":["39798"],
"unlabeledSingleVariableTemplatesNumber_PredictedCDHG_splitClauses_0":["19986"],
"unlabeledSingleVariableTemplatesNumber_PredictedCG_splitClauses_1":["19986"],
"labeledTemplateRelationSymbolNumber_Labeled_splitClauses_1":["18"],
"minedTemplateRelationSymbolNumber_Random_splitClauses_0":["29"],
"unlabeledTemplateRelationSymbolNumber_PredictedCG_splitClauses_0":["29"],
"unlabeledTemplateNumber_RelationalIneqs_splitClauses_0":["59784"],
"unlabeledSingleVariableTemplatesNumber_Labeled_splitClauses_0":["19986"],
"relationSymbolNumberAfterSimplification_PredictedCG_splitClauses_0":["168"],
"minedTemplateNumber_Unlabeled_splitClauses_1":["6684"],
"generatedPredicateNumber_PredictedCG_splitClauses_0":["10800000"],
"labeledTemplateNumber_Unlabeled_splitClauses_1":["25"],
"unlabeledTemplateRelationSymbolNumber_Empty_splitClauses_1":["29"],
"clauseNumberBeforeSimplification_Empty_splitClauses_0":["334"],
"solvingTime_Octagon_splitClauses_1":["6965"],
"cegarIterationNumber_Mined_splitClauses_1":["26"],
"clauseNumberBeforeSimplification_Mined_splitClauses_1":["334"],
"smt2FileSizeByte_PredictedCDHG_splitClauses_0":["4413670"],
"averagePredicateSize_PredictedCG_splitClauses_0":["10800000"],
"solvingTime_Random_splitClauses_0":["10800000"],
"minedTemplateNumber_RelationalEqs_splitClauses_0":["6684"],
"unlabeledSingleVariableTemplatesNumber_RelationalIneqs_splitClauses_0":["19986"],
"unlabeledTemplateNumber_Unlabeled_splitClauses_1":["59784"],
"labeledBinaryVariableTemplatesNumber_RelationalEqs_splitClauses_0":["22"],
"generatedPredicateNumber_PredictedCDHG_splitClauses_0":["10800000"],
"relationSymbolNumberAfterSimplification_RelationalIneqs_splitClauses_0":["168"],
"minedTemplateRelationSymbolNumber_Empty_splitClauses_1":["29"],
"predicateGeneratorTime_Random_splitClauses_1":["6641"],
"labeledTemplateNumber_Term_splitClauses_1":["25"],
"relationSymbolNumberBeforeSimplification_RelationalEqs_splitClauses_0":["681"],
"minedSingleVariableTemplatesNumber_Empty_splitClauses_1":["6662"],
"minedSingleVariableTemplatesNumber_RelationalIneqs_splitClauses_0":["6662"],
"clauseNumberAfterSimplification_All_splitClauses_0":["80"],
"unlabeledBinaryVariableTemplatesNumber_RelationalEqs_splitClauses_0":["39798"],
"cegarIterationNumber_RelationalEqs_splitClauses_0":["10800000"],
"labeledTemplateRelationSymbolNumber_PredictedCDHG_splitClauses_0":["18"],
"labeledSingleVariableTemplatesNumber_Labeled_splitClauses_1":["3"],
"unlabeledBinaryVariableTemplatesNumber_All_splitClauses_1":["39798"],
"minedTemplateRelationSymbolNumber_Unlabeled_splitClauses_1":["29"],
"solvingTime_RelationalEqs_splitClauses_0":["10800000"],
"solvingTime_RelationalEqs_splitClauses_1":["6920"],
"minedBinaryVariableTemplatesNumber_Mined_splitClauses_0":["22"],
"clauseNumberBeforeSimplification_All_splitClauses_0":["334"],
"clauseNumberBeforeSimplification_RelationalIneqs_splitClauses_1":["334"],
"labeledTemplateNumber_RelationalEqs_splitClauses_1":["25"],
"labeledBinaryVariableTemplatesNumber_RelationalIneqs_splitClauses_0":["22"],
"relationSymbolNumberBeforeSimplification_Labeled_splitClauses_0":["681"],
"clauseNumberAfterSimplification_Empty_splitClauses_0":["80"],
"averagePredicateSize_Empty_splitClauses_0":["10800000"],
"unlabeledTemplateNumber_Term_splitClauses_1":["59784"],
"predicateGeneratorTime_Mined_splitClauses_1":["6069"],
"labeledBinaryVariableTemplatesNumber_RelationalIneqs_splitClauses_1":["22"],
"predicateGeneratorTime_Unlabeled_splitClauses_0":["10800000"],
"relationSymbolNumberAfterSimplification_Empty_splitClauses_0":["168"],
"generatedPredicateNumber_Mined_splitClauses_0":["10800000"],
"generatedPredicateNumber_RelationalEqs_splitClauses_1":["71"],
"labeledTemplateRelationSymbolNumber_PredictedCG_splitClauses_0":["18"],
"minedSingleVariableTemplatesNumber_PredictedCG_splitClauses_1":["6662"],
"minedTemplateRelationSymbolNumber_PredictedCG_splitClauses_0":["29"],
"unlabeledTemplateRelationSymbolNumber_Labeled_splitClauses_0":["29"],
"solvability_Empty_splitClauses_1":["1"],
"averagePredicateSize_Term_splitClauses_0":["10800000"],
"cegarIterationNumber_Random_splitClauses_1":["26"],
"averagePredicateSize_Labeled_splitClauses_1":["1"],
"unlabeledBinaryVariableTemplatesNumber_Unlabeled_splitClauses_0":["39798"],
"generatedPredicateNumber_Unlabeled_splitClauses_1":["71"],
"predicateGeneratorTime_All_splitClauses_0":["10800000"],
"unlabeledBinaryVariableTemplatesNumber_PredictedCDHG_splitClauses_1":["39798"],
"clauseNumberBeforeSimplification_Labeled_splitClauses_1":["334"],
"minedBinaryVariableTemplatesNumber_Labeled_splitClauses_1":["22"],
"labeledSingleVariableTemplatesNumber_All_splitClauses_0":["3"],
"unlabeledTemplateRelationSymbolNumber_Mined_splitClauses_0":["29"],
"cegarIterationNumber_Octagon_splitClauses_1":["26"],
"labeledTemplateNumber_Octagon_splitClauses_0":["25"],
"labeledTemplateRelationSymbolNumber_All_splitClauses_1":["18"],
"smt2FileSizeByte_Empty_splitClauses_0":["4413670"],
"unlabeledTemplateNumber_Octagon_splitClauses_1":["59784"],
"predicateGeneratorTime_RelationalEqs_splitClauses_0":["10800000"],
"unlabeledTemplateRelationSymbolNumber_RelationalIneqs_splitClauses_0":["29"],
"smt2FileSizeByte_RelationalEqs_splitClauses_1":["4413670"],
"unlabeledTemplateNumber_Labeled_splitClauses_0":["59784"],
"minedSingleVariableTemplatesNumber_Labeled_splitClauses_0":["6662"],
"solvingTime_PredictedCDHG_splitClauses_1":["10800000"],
"relationSymbolNumberBeforeSimplification_Term_splitClauses_1":["681"],
"minedTemplateNumber_Octagon_splitClauses_1":["6684"],
"clauseNumberBeforeSimplification_Mined_splitClauses_0":["334"],
"smt2FileSizeByte_All_splitClauses_0":["4413670"],
"solvingTime_All_splitClauses_0":["10800000"],
"minedBinaryVariableTemplatesNumber_Term_splitClauses_1":["22"],
"unlabeledTemplateRelationSymbolNumber_Random_splitClauses_0":["29"],
"cegarIterationNumber_All_splitClauses_0":["10800000"],
"smt2FileSizeByte_RelationalEqs_splitClauses_0":["4413670"],
"unlabeledSingleVariableTemplatesNumber_PredictedCDHG_splitClauses_1":["19986"],
"clauseNumberBeforeSimplification_Labeled_splitClauses_0":["334"],
"cegarIterationNumber_PredictedCG_splitClauses_1":["10800000"],
"labeledTemplateRelationSymbolNumber_Unlabeled_splitClauses_0":["18"],
"unlabeledTemplateRelationSymbolNumber_Octagon_splitClauses_1":["29"],
"unlabeledTemplateNumber_Empty_splitClauses_1":["59784"],
"clauseNumberBeforeSimplification_Octagon_splitClauses_1":["334"],
"labeledTemplateNumber_Unlabeled_splitClauses_0":["25"],
"labeledBinaryVariableTemplatesNumber_PredictedCG_splitClauses_0":["22"],
"solvability_Term_splitClauses_1":["1"],
"solvability_Octagon_splitClauses_0":["10800000"],
"minedTemplateRelationSymbolNumber_RelationalIneqs_splitClauses_0":["29"],
"clauseNumberBeforeSimplification_RelationalIneqs_splitClauses_0":["334"],
"labeledTemplateNumber_PredictedCG_splitClauses_0":["25"],
"cegarIterationNumber_Labeled_splitClauses_0":["10800000"],
"smt2FileSizeByte_Labeled_splitClauses_1":["4413670"],
"clauseNumberBeforeSimplification_Unlabeled_splitClauses_1":["334"],
"generatedPredicateNumber_Term_splitClauses_1":["71"],
"solvingTime_Term_splitClauses_1":["7867"],
"unlabeledBinaryVariableTemplatesNumber_Random_splitClauses_1":["39798"],
"unlabeledSingleVariableTemplatesNumber_Octagon_splitClauses_0":["19986"],
"solvingTime_Octagon_splitClauses_0":["10800000"],
"labeledSingleVariableTemplatesNumber_Mined_splitClauses_1":["3"],
"averagePredicateSize_Term_splitClauses_1":["1"],
"labeledTemplateNumber_Labeled_splitClauses_0":["25"],
"unlabeledSingleVariableTemplatesNumber_PredictedCG_splitClauses_0":["19986"],
"smt2FileSizeByte_Mined_splitClauses_1":["4413670"],
"labeledBinaryVariableTemplatesNumber_Unlabeled_splitClauses_1":["22"],
"labeledTemplateNumber_All_splitClauses_0":["25"],
"unlabeledTemplateNumber_Random_splitClauses_0":["59784"],
"labeledTemplateNumber_Octagon_splitClauses_1":["25"],
"unlabeledTemplateNumber_PredictedCDHG_splitClauses_1":["59784"],
"unlabeledBinaryVariableTemplatesNumber_Mined_splitClauses_0":["39798"],
"minedTemplateRelationSymbolNumber_Mined_splitClauses_1":["29"],
"labeledTemplateNumber_RelationalIneqs_splitClauses_1":["25"],
"relationSymbolNumberAfterSimplification_All_splitClauses_0":["168"],
"relationSymbolNumberBeforeSimplification_PredictedCDHG_splitClauses_0":["681"],
"solvability_Term_splitClauses_0":["10800000"],
"clauseNumberBeforeSimplification_PredictedCG_splitClauses_1":["334"],
"generatedPredicateNumber_Labeled_splitClauses_1":["71"],
"labeledSingleVariableTemplatesNumber_Unlabeled_splitClauses_0":["3"],
"unlabeledBinaryVariableTemplatesNumber_Empty_splitClauses_0":["39798"],
"solvingTime_Mined_splitClauses_0":["10800000"],
"unlabeledTemplateNumber_All_splitClauses_1":["59784"],
"clauseNumberAfterSimplification_Random_splitClauses_1":["80"],
"labeledBinaryVariableTemplatesNumber_Octagon_splitClauses_1":["22"],
"unlabeledBinaryVariableTemplatesNumber_Labeled_splitClauses_0":["39798"],
"smt2FileSizeByte_Octagon_splitClauses_0":["4413670"],
"labeledSingleVariableTemplatesNumber_Random_splitClauses_1":["3"],
"solvability_Unlabeled_splitClauses_0":["10800000"],
"solvingTime_Unlabeled_splitClauses_0":["10800000"],
"unlabeledTemplateRelationSymbolNumber_All_splitClauses_1":["29"],
"minedTemplateNumber_Empty_splitClauses_1":["6684"],
"solvability_RelationalIneqs_splitClauses_0":["10800000"],
"unlabeledTemplateRelationSymbolNumber_Labeled_splitClauses_1":["29"],
"cegarIterationNumber_RelationalEqs_splitClauses_1":["26"],
"minedSingleVariableTemplatesNumber_RelationalEqs_splitClauses_1":["6662"],
"clauseNumberAfterSimplification_PredictedCDHG_splitClauses_1":["80"],
"minedBinaryVariableTemplatesNumber_RelationalIneqs_splitClauses_1":["22"],
"unlabeledBinaryVariableTemplatesNumber_Mined_splitClauses_1":["39798"],
"unlabeledBinaryVariableTemplatesNumber_PredictedCDHG_splitClauses_0":["39798"],
"solvingTime_Empty_splitClauses_1":["7286"],
"labeledTemplateRelationSymbolNumber_Empty_splitClauses_1":["18"],
"generatedPredicateNumber_Term_splitClauses_0":["10800000"],
"averagePredicateSize_Empty_splitClauses_1":["1"],
"generatedPredicateNumber_PredictedCG_splitClauses_1":["10800000"],
"labeledTemplateRelationSymbolNumber_PredictedCDHG_splitClauses_1":["18"],
"predicateGeneratorTime_Mined_splitClauses_0":["10800000"],
"relationSymbolNumberBeforeSimplification_Term_splitClauses_0":["681"],
"predicateGeneratorTime_Labeled_splitClauses_0":["10800000"],
"labeledSingleVariableTemplatesNumber_Random_splitClauses_0":["3"],
"unlabeledTemplateRelationSymbolNumber_All_splitClauses_0":["29"],
"minedBinaryVariableTemplatesNumber_Labeled_splitClauses_0":["22"],
"generatedPredicateNumber_Labeled_splitClauses_0":["10800000"],
"relationSymbolNumberAfterSimplification_Empty_splitClauses_1":["168"],
"solvingTime_Mined_splitClauses_1":["7603"],
"minedSingleVariableTemplatesNumber_All_splitClauses_1":["6662"],
"predicateGeneratorTime_Random_splitClauses_0":["10800000"],
"cegarIterationNumber_Term_splitClauses_1":["26"],
"labeledTemplateNumber_Empty_splitClauses_1":["25"],
"clauseNumberAfterSimplification_Empty_splitClauses_1":["80"],
"minedTemplateRelationSymbolNumber_Empty_splitClauses_0":["29"],
"unlabeledSingleVariableTemplatesNumber_Term_splitClauses_0":["19986"],
"minedSingleVariableTemplatesNumber_Empty_splitClauses_0":["6662"],
"relationSymbolNumberAfterSimplification_Random_splitClauses_0":["168"],
"minedTemplateRelationSymbolNumber_RelationalEqs_splitClauses_0":["29"],
"cegarIterationNumber_Empty_splitClauses_0":["10800000"],
"minedBinaryVariableTemplatesNumber_RelationalEqs_splitClauses_1":["22"],
"relationSymbolNumberBeforeSimplification_PredictedCG_splitClauses_1":["681"],
"labeledSingleVariableTemplatesNumber_All_splitClauses_1":["3"],
"unlabeledTemplateRelationSymbolNumber_Octagon_splitClauses_0":["29"],
"minedTemplateRelationSymbolNumber_Unlabeled_splitClauses_0":["29"],
"labeledBinaryVariableTemplatesNumber_Mined_splitClauses_0":["22"],
"relationSymbolNumberAfterSimplification_Unlabeled_splitClauses_1":["168"],
"minedTemplateNumber_PredictedCG_splitClauses_1":["6684"],
"cegarIterationNumber_Empty_splitClauses_1":["26"],
"averagePredicateSize_RelationalIneqs_splitClauses_0":["10800000"],
"solvability_All_splitClauses_1":["10800000"],
"unlabeledBinaryVariableTemplatesNumber_Term_splitClauses_1":["39798"],
"minedTemplateRelationSymbolNumber_Labeled_splitClauses_1":["29"],
"averagePredicateSize_Unlabeled_splitClauses_1":["1"],
"labeledTemplateNumber_Term_splitClauses_0":["25"],
"smt2FileSizeByte_Empty_splitClauses_1":["4413670"],
"solvingTime_PredictedCG_splitClauses_0":["10800000"],
"cegarIterationNumber_All_splitClauses_1":["10800000"],
"clauseNumberBeforeSimplification_Term_splitClauses_1":["334"],
"predicateGeneratorTime_Empty_splitClauses_0":["10800000"],
"relationSymbolNumberBeforeSimplification_Empty_splitClauses_1":["681"],
"averagePredicateSize_All_splitClauses_0":["10800000"],
"unlabeledBinaryVariableTemplatesNumber_Random_splitClauses_0":["39798"],
"smt2FileSizeByte_Term_splitClauses_0":["4413670"],
"averagePredicateSize_Mined_splitClauses_1":["1"],
"minedBinaryVariableTemplatesNumber_Empty_splitClauses_0":["22"],
"minedTemplateRelationSymbolNumber_All_splitClauses_1":["29"],
"labeledSingleVariableTemplatesNumber_PredictedCG_splitClauses_0":["3"],
"unlabeledBinaryVariableTemplatesNumber_RelationalIneqs_splitClauses_0":["39798"],
"unlabeledSingleVariableTemplatesNumber_RelationalIneqs_splitClauses_1":["19986"],
"clauseNumberAfterSimplification_RelationalIneqs_splitClauses_0":["80"],
"unlabeledTemplateNumber_RelationalEqs_splitClauses_0":["59784"],
"unlabeledTemplateNumber_RelationalIneqs_splitClauses_1":["59784"],
"labeledTemplateRelationSymbolNumber_PredictedCG_splitClauses_1":["18"],
"labeledTemplateRelationSymbolNumber_All_splitClauses_0":["18"],
"labeledSingleVariableTemplatesNumber_Octagon_splitClauses_0":["3"],
"dummyFiled":[]
}